ISO-10303-21;
HEADER;
FILE_DESCRIPTION(('SolidDesigner STEP Export'),'1');
FILE_NAME('mkdsn_1.5-7.stp','2000-06-15T13:34:55',(''),(''),
   'SolidDesigner STEP processor Version: 7.0(Mar 1999)for AP214(CD)
(Solid Model)',
   'CoCreate SolidDesigner: 07.50  21-Dec-99(C) CoCreate Software GmbH',
'');
FILE_SCHEMA(('AUTOMOTIVE_DESIGN_CC2 {1 2 10303 214 -1 1 5 1}'));
ENDSEC;
/* ISO 10303-21 file written by PSstep_Caselib, ProSTEP GmbH, Germany */
DATA;
#10=CARTESIAN_POINT('',(-3.5829003587298203E+01,2.3082795793605840E+01,
   -5.0000000000000000E+00));
#20=DIRECTION('',(0.0000000000000000E+00,1.0000000000000000E+00,
   0.0000000000000000E+00));
#30=DIRECTION('',(-1.0000000000000000E+00,0.0000000000000000E+00,
   0.0000000000000000E+00));
#40=AXIS2_PLACEMENT_3D('',#10,#20,#30);
#50=CYLINDRICAL_SURFACE('',#40,1.8999999999999999E+00);
#60=CARTESIAN_POINT('',(-3.4755979696089057E+01,2.3082795793605840E+01,
   -3.4320013619602912E+00));
#70=DIRECTION('',(0.0000000000000000E+00,1.0000000000000000E+00,
   0.0000000000000000E+00));
#80=VECTOR('',#70,1.0000000000000000E+00);
#90=LINE('',#60,#80);
#100=CARTESIAN_POINT('',(-3.4755979696089057E+01,2.3538852824316109E+01,
   -3.4320013619602912E+00));
#110=VERTEX_POINT('',#100);
#120=CARTESIAN_POINT('',(-3.4755979696089121E+01,2.4538852824316116E+01,
   -3.4320013619602472E+00));
#130=VERTEX_POINT('',#120);
#140=EDGE_CURVE('',#110,#130,#90,.T.);
#150=ORIENTED_EDGE('',*,*,#140,.T.);
#160=CARTESIAN_POINT('',(-3.5829003587298203E+01,2.3538852824316109E+01,
   -5.0000000000000000E+00));
#170=DIRECTION('',(0.0000000000000000E+00,1.0000000000000000E+00,
   0.0000000000000000E+00));
#180=DIRECTION('',(-1.0000000000000000E+00,0.0000000000000000E+00,
   0.0000000000000000E+00));
#190=AXIS2_PLACEMENT_3D('',#160,#170,#180);
#200=CIRCLE('',#190,1.8999999999999999E+00);
#210=CARTESIAN_POINT('',(-3.4261004949258449E+01,2.3538852824316109E+01,
   -3.9269761087909223E+00));
#220=VERTEX_POINT('',#210);
#230=EDGE_CURVE('',#110,#220,#200,.T.);
#240=ORIENTED_EDGE('',*,*,#230,.F.);
#250=CARTESIAN_POINT('',(-3.4261004949258471E+01,2.3082795793605840E+01,
   -3.9269761087908917E+00));
#260=DIRECTION('',(0.0000000000000000E+00,1.0000000000000000E+00,
   0.0000000000000000E+00));
#270=VECTOR('',#260,1.0000000000000000E+00);
#280=LINE('',#250,#270);
#290=CARTESIAN_POINT('',(-3.4261004949258471E+01,2.4538852824316116E+01,
   -3.9269761087908917E+00));
#300=VERTEX_POINT('',#290);
#310=EDGE_CURVE('',#220,#300,#280,.T.);
#320=ORIENTED_EDGE('',*,*,#310,.F.);
#330=CARTESIAN_POINT('',(-3.5829003587298203E+01,2.4538852824316116E+01,
   -5.0000000000000000E+00));
#340=DIRECTION('',(0.0000000000000000E+00,1.0000000000000000E+00,
   0.0000000000000000E+00));
#350=DIRECTION('',(-1.0000000000000000E+00,0.0000000000000000E+00,
   0.0000000000000000E+00));
#360=AXIS2_PLACEMENT_3D('',#330,#340,#350);
#370=CIRCLE('',#360,1.8999999999999999E+00);
#380=CARTESIAN_POINT('',(-3.3929003587298205E+01,2.4538852824316116E+01,
   -5.0000000000000000E+00));
#390=VERTEX_POINT('',#380);
#400=EDGE_CURVE('',#300,#390,#370,.T.);
#410=ORIENTED_EDGE('',*,*,#400,.F.);
#420=CARTESIAN_POINT('',(-3.3929003587298205E+01,2.3082795793605840E+01,
   -5.0000000000000000E+00));
#430=DIRECTION('',(0.0000000000000000E+00,1.0000000000000000E+00,
   0.0000000000000000E+00));
#440=VECTOR('',#430,1.0000000000000000E+00);
#450=LINE('',#420,#440);
#460=CARTESIAN_POINT('',(-3.3929003587298205E+01,2.3238852824316119E+01,
   -5.0000000000000000E+00));
#470=VERTEX_POINT('',#460);
#480=EDGE_CURVE('',#470,#390,#450,.T.);
#490=ORIENTED_EDGE('',*,*,#480,.T.);
#500=CARTESIAN_POINT('',(-3.5829003587298203E+01,2.3238852824316119E+01,
   -5.0000000000000000E+00));
#510=DIRECTION('',(0.0000000000000000E+00,1.0000000000000000E+00,
   0.0000000000000000E+00));
#520=DIRECTION('',(-1.0000000000000000E+00,0.0000000000000000E+00,
   0.0000000000000000E+00));
#530=AXIS2_PLACEMENT_3D('',#500,#510,#520);
#540=CIRCLE('',#530,1.8999999999999999E+00);
#550=CARTESIAN_POINT('',(-3.7729003587298202E+01,2.3238852824316119E+01,
   -5.0000000000000000E+00));
#560=VERTEX_POINT('',#550);
#570=EDGE_CURVE('',#560,#470,#540,.T.);
#580=ORIENTED_EDGE('',*,*,#570,.T.);
#590=CARTESIAN_POINT('',(-3.7729003587298202E+01,2.3082795793605840E+01,
   -5.0000000000000000E+00));
#600=DIRECTION('',(0.0000000000000000E+00,1.0000000000000000E+00,
   0.0000000000000000E+00));
#610=VECTOR('',#600,1.0000000000000000E+00);
#620=LINE('',#590,#610);
#630=CARTESIAN_POINT('',(-3.7729003587298202E+01,2.4538852824316116E+01,
   -5.0000000000000000E+00));
#640=VERTEX_POINT('',#630);
#650=EDGE_CURVE('',#560,#640,#620,.T.);
#660=ORIENTED_EDGE('',*,*,#650,.F.);
#670=CARTESIAN_POINT('',(-3.5829003587298203E+01,2.4538852824316116E+01,
   -5.0000000000000000E+00));
#680=DIRECTION('',(0.0000000000000000E+00,1.0000000000000000E+00,
   0.0000000000000000E+00));
#690=DIRECTION('',(-1.0000000000000000E+00,0.0000000000000000E+00,
   0.0000000000000000E+00));
#700=AXIS2_PLACEMENT_3D('',#670,#680,#690);
#710=CIRCLE('',#700,1.8999999999999999E+00);
#720=EDGE_CURVE('',#640,#130,#710,.T.);
#730=ORIENTED_EDGE('',*,*,#720,.F.);
#740=EDGE_LOOP('',(#730,#660,#580,#490,#410,#320,#240,#150));
#750=FACE_OUTER_BOUND('',#740,.T.);
#760=ADVANCED_FACE('',(#750),#50,.T.);
#770=COLOUR_RGB('',9.4901967048645020E-01,9.4901967048645020E-01,
   1.0000000000000000E+00);
#780=FILL_AREA_STYLE_COLOUR('',#770);
#790=FILL_AREA_STYLE('',(#780));
#800=SURFACE_STYLE_FILL_AREA(#790);
#810=SURFACE_SIDE_STYLE('',(#800));
#820=SURFACE_STYLE_USAGE(.BOTH.,#810);
#830=PRESENTATION_STYLE_ASSIGNMENT((#820));
#840=CARTESIAN_POINT('',(-3.6076490960713485E+01,2.4538852824316109E+01,
   -4.7525126265847177E+00));
#850=DIRECTION('',(7.0710678118654746E-01,0.0000000000000000E+00,
   -7.0710678118654757E-01));
#860=DIRECTION('',(0.0000000000000000E+00,-1.0000000000000000E+00,
   0.0000000000000000E+00));
#870=AXIS2_PLACEMENT_3D('',#840,#850,#860);
#880=PLANE('',#870);
#890=CARTESIAN_POINT('',(-8.8925674828030196E+01,2.4538852824316116E+01,
   -5.7601696493901422E+01));
#900=DIRECTION('',(-7.0710678118654757E-01,0.0000000000000000E+00,
   -7.0710678118654746E-01));
#910=VECTOR('',#900,1.0000000000000000E+00);
#920=LINE('',#890,#910);
#930=CARTESIAN_POINT('',(-3.6483998472459021E+01,2.4538852824316116E+01,
   -5.1600201383302364E+00));
#940=VERTEX_POINT('',#930);
#950=CARTESIAN_POINT('',(-3.7397002225337957E+01,2.4538852824316116E+01,
   -6.0730238912090808E+00));
#960=VERTEX_POINT('',#950);
#970=EDGE_CURVE('',#940,#960,#920,.T.);
#980=ORIENTED_EDGE('',*,*,#970,.F.);
#990=CARTESIAN_POINT('',(-3.7397002225337914E+01,2.3082795793605840E+01,
   -6.0730238912091448E+00));
#1000=DIRECTION('',(0.0000000000000000E+00,1.0000000000000000E+00,
   0.0000000000000000E+00));
#1010=VECTOR('',#1000,1.0000000000000000E+00);
#1020=LINE('',#990,#1010);
#1030=CARTESIAN_POINT('',(-3.7397002225337914E+01,2.3538852824316109E+01
   ,-6.0730238912091448E+00));
#1040=VERTEX_POINT('',#1030);
#1050=EDGE_CURVE('',#1040,#960,#1020,.T.);
#1060=ORIENTED_EDGE('',*,*,#1050,.T.);
#1070=CARTESIAN_POINT('',(-8.8925674828030196E+01,2.3538852824316109E+01
   ,-5.7601696493901422E+01));
#1080=DIRECTION('',(-7.0710678118654757E-01,0.0000000000000000E+00,
   -7.0710678118654746E-01));
#1090=VECTOR('',#1080,1.0000000000000000E+00);
#1100=LINE('',#1070,#1090);
#1110=CARTESIAN_POINT('',(-3.6483998472459021E+01,2.3538852824316109E+01
   ,-5.1600201383302364E+00));
#1120=VERTEX_POINT('',#1110);
#1130=EDGE_CURVE('',#1120,#1040,#1100,.T.);
#1140=ORIENTED_EDGE('',*,*,#1130,.T.);
#1150=CARTESIAN_POINT('',(-3.6483998472459014E+01,3.5508852824316115E+01
   ,-5.1600201383302471E+00));
#1160=DIRECTION('',(0.0000000000000000E+00,-1.0000000000000000E+00,
   0.0000000000000000E+00));
#1170=VECTOR('',#1160,1.0000000000000000E+00);
#1180=LINE('',#1150,#1170);
#1190=EDGE_CURVE('',#940,#1120,#1180,.T.);
#1200=ORIENTED_EDGE('',*,*,#1190,.T.);
#1210=EDGE_LOOP('',(#1200,#1140,#1060,#980));
#1220=FACE_OUTER_BOUND('',#1210,.T.);
#1230=ADVANCED_FACE('',(#1220),#880,.T.);
#1240=COLOUR_RGB('',9.4901967048645020E-01,9.4901967048645020E-01,
   1.0000000000000000E+00);
#1250=FILL_AREA_STYLE_COLOUR('',#1240);
#1260=FILL_AREA_STYLE('',(#1250));
#1270=SURFACE_STYLE_FILL_AREA(#1260);
#1280=SURFACE_SIDE_STYLE('',(#1270));
#1290=SURFACE_STYLE_USAGE(.BOTH.,#1280);
#1300=PRESENTATION_STYLE_ASSIGNMENT((#1290));
#1310=CARTESIAN_POINT('',(-3.6497744671345409E+01,2.4538852824316116E+01
   ,1.0668741084047209E+01));
#1320=DIRECTION('',(0.0000000000000000E+00,1.0000000000000000E+00,
   0.0000000000000000E+00));
#1330=DIRECTION('',(7.0710678118654746E-01,0.0000000000000000E+00,
   -7.0710678118654757E-01));
#1340=AXIS2_PLACEMENT_3D('',#1310,#1320,#1330);
#1350=PLANE('',#1340);
#1360=CARTESIAN_POINT('',(-3.5854003587298216E+01,2.4538852824316116E+01
   ,1.0000000000000004E+01));
#1370=DIRECTION('',(0.0000000000000000E+00,-1.0000000000000000E+00,
   0.0000000000000000E+00));
#1380=DIRECTION('',(1.0000000000000000E+00,0.0000000000000000E+00,
   0.0000000000000000E+00));
#1390=AXIS2_PLACEMENT_3D('',#1360,#1370,#1380);
#1400=CIRCLE('',#1390,6.5000000000000002E-01);
#1410=CARTESIAN_POINT('',(-3.5973036748504178E+01,2.4538852824316116E+01
   ,9.3609920919634000E+00));
#1420=VERTEX_POINT('',#1410);
#1430=CARTESIAN_POINT('',(-3.5204003587298217E+01,2.4538852824316116E+01
   ,1.0000000000000004E+01));
#1440=VERTEX_POINT('',#1430);
#1450=EDGE_CURVE('',#1420,#1440,#1400,.T.);
#1460=ORIENTED_EDGE('',*,*,#1450,.T.);
#1470=CARTESIAN_POINT('',(-8.8925674828030196E+01,2.4538852824316116E+01
   ,-4.3591645987562615E+01));
#1480=DIRECTION('',(7.0710678118654757E-01,0.0000000000000000E+00,
   7.0710678118654746E-01));
#1490=VECTOR('',#1480,1.0000000000000000E+00);
#1500=LINE('',#1470,#1490);
#1510=CARTESIAN_POINT('',(-3.6902027478507307E+01,2.4538852824316116E+01
   ,8.4320013619602658E+00));
#1520=VERTEX_POINT('',#1510);
#1530=EDGE_CURVE('',#1520,#1420,#1500,.T.);
#1540=ORIENTED_EDGE('',*,*,#1530,.T.);
#1550=CARTESIAN_POINT('',(-3.5829003587298203E+01,2.4538852824316116E+01
   ,1.0000000000000004E+01));
#1560=DIRECTION('',(0.0000000000000000E+00,1.0000000000000000E+00,
   0.0000000000000000E+00));
#1570=DIRECTION('',(-1.0000000000000000E+00,0.0000000000000000E+00,
   0.0000000000000000E+00));
#1580=AXIS2_PLACEMENT_3D('',#1550,#1560,#1570);
#1590=CIRCLE('',#1580,1.8999999999999999E+00);
#1600=CARTESIAN_POINT('',(-3.3929003587298205E+01,2.4538852824316116E+01
   ,1.0000000000000004E+01));
#1610=VERTEX_POINT('',#1600);
#1620=EDGE_CURVE('',#1610,#1520,#1590,.T.);
#1630=ORIENTED_EDGE('',*,*,#1620,.T.);
#1640=CARTESIAN_POINT('',(-3.4261004949258471E+01,2.4538852824316116E+01
   ,1.1073023891209111E+01));
#1650=VERTEX_POINT('',#1640);
#1660=EDGE_CURVE('',#1650,#1610,#1590,.T.);
#1670=ORIENTED_EDGE('',*,*,#1660,.T.);
#1680=CARTESIAN_POINT('',(-8.8925674828030196E+01,2.4538852824316116E+01
   ,-4.3591645987562615E+01));
#1690=DIRECTION('',(7.0710678118654757E-01,0.0000000000000000E+00,
   7.0710678118654746E-01));
#1700=VECTOR('',#1690,1.0000000000000000E+00);
#1710=LINE('',#1680,#1700);
#1720=CARTESIAN_POINT('',(-3.5214995679261612E+01,2.4538852824316116E+01
   ,1.0119033161205966E+01));
#1730=VERTEX_POINT('',#1720);
#1740=EDGE_CURVE('',#1730,#1650,#1710,.T.);
#1750=ORIENTED_EDGE('',*,*,#1740,.T.);
#1760=CARTESIAN_POINT('',(-3.5854003587298216E+01,2.4538852824316116E+01
   ,1.0000000000000004E+01));
#1770=DIRECTION('',(0.0000000000000000E+00,-1.0000000000000000E+00,
   0.0000000000000000E+00));
#1780=DIRECTION('',(1.0000000000000000E+00,0.0000000000000000E+00,
   0.0000000000000000E+00));
#1790=AXIS2_PLACEMENT_3D('',#1760,#1770,#1780);
#1800=CIRCLE('',#1790,6.5000000000000002E-01);
#1810=EDGE_CURVE('',#1440,#1730,#1800,.T.);
#1820=ORIENTED_EDGE('',*,*,#1810,.T.);
#1830=EDGE_LOOP('',(#1820,#1750,#1670,#1630,#1540,#1460));
#1840=FACE_OUTER_BOUND('',#1830,.T.);
#1850=ADVANCED_FACE('',(#1840),#1350,.T.);
#1860=COLOUR_RGB('',9.4901967048645020E-01,9.4901967048645020E-01,
   1.0000000000000000E+00);
#1870=FILL_AREA_STYLE_COLOUR('',#1860);
#1880=FILL_AREA_STYLE('',(#1870));
#1890=SURFACE_STYLE_FILL_AREA(#1880);
#1900=SURFACE_SIDE_STYLE('',(#1890));
#1910=SURFACE_STYLE_USAGE(.BOTH.,#1900);
#1920=PRESENTATION_STYLE_ASSIGNMENT((#1910));
#1930=CARTESIAN_POINT('',(-3.5581516213882892E+01,2.3538852824316109E+01
   ,-5.2474873734153178E+00));
#1940=DIRECTION('',(-7.0710678118654746E-01,0.0000000000000000E+00,
   7.0710678118654757E-01));
#1950=DIRECTION('',(0.0000000000000000E+00,1.0000000000000000E+00,
   0.0000000000000000E+00));
#1960=AXIS2_PLACEMENT_3D('',#1930,#1940,#1950);
#1970=PLANE('',#1960);
#1980=CARTESIAN_POINT('',(-8.8925674828030196E+01,2.4538852824316116E+01
   ,-5.8591645987562615E+01));
#1990=DIRECTION('',(7.0710678118654757E-01,0.0000000000000000E+00,
   7.0710678118654746E-01));
#2000=VECTOR('',#1990,1.0000000000000000E+00);
#2010=LINE('',#1980,#2000);
#2020=CARTESIAN_POINT('',(-3.6902027478507307E+01,2.4538852824316116E+01
   ,-6.5679986380397377E+00));
#2030=VERTEX_POINT('',#2020);
#2040=CARTESIAN_POINT('',(-3.5973036748504086E+01,2.4538852824316116E+01
   ,-5.6390079080366204E+00));
#2050=VERTEX_POINT('',#2040);
#2060=EDGE_CURVE('',#2030,#2050,#2010,.T.);
#2070=ORIENTED_EDGE('',*,*,#2060,.F.);
#2080=CARTESIAN_POINT('',(-3.5973036748504178E+01,3.5508852824316115E+01
   ,-5.6390079080366027E+00));
#2090=DIRECTION('',(0.0000000000000000E+00,-1.0000000000000000E+00,
   0.0000000000000000E+00));
#2100=VECTOR('',#2090,1.0000000000000000E+00);
#2110=LINE('',#2080,#2100);
#2120=CARTESIAN_POINT('',(-3.5973036748504178E+01,2.3538852824316109E+01
   ,-5.6390079080366027E+00));
#2130=VERTEX_POINT('',#2120);
#2140=EDGE_CURVE('',#2050,#2130,#2110,.T.);
#2150=ORIENTED_EDGE('',*,*,#2140,.F.);
#2160=CARTESIAN_POINT('',(-8.8925674828030196E+01,2.3538852824316109E+01
   ,-5.8591645987562615E+01));
#2170=DIRECTION('',(-7.0710678118654757E-01,0.0000000000000000E+00,
   -7.0710678118654746E-01));
#2180=VECTOR('',#2170,1.0000000000000000E+00);
#2190=LINE('',#2160,#2180);
#2200=CARTESIAN_POINT('',(-3.6902027478507286E+01,2.3538852824316109E+01
   ,-6.5679986380397537E+00));
#2210=VERTEX_POINT('',#2200);
#2220=EDGE_CURVE('',#2130,#2210,#2190,.T.);
#2230=ORIENTED_EDGE('',*,*,#2220,.F.);
#2240=CARTESIAN_POINT('',(-3.6902027478507307E+01,2.3082795793605840E+01
   ,-6.5679986380397377E+00));
#2250=DIRECTION('',(0.0000000000000000E+00,1.0000000000000000E+00,
   0.0000000000000000E+00));
#2260=VECTOR('',#2250,1.0000000000000000E+00);
#2270=LINE('',#2240,#2260);
#2280=EDGE_CURVE('',#2210,#2030,#2270,.T.);
#2290=ORIENTED_EDGE('',*,*,#2280,.F.);
#2300=EDGE_LOOP('',(#2290,#2230,#2150,#2070));
#2310=FACE_OUTER_BOUND('',#2300,.T.);
#2320=ADVANCED_FACE('',(#2310),#1970,.T.);
#2330=COLOUR_RGB('',9.4901967048645020E-01,9.4901967048645020E-01,
   1.0000000000000000E+00);
#2340=FILL_AREA_STYLE_COLOUR('',#2330);
#2350=FILL_AREA_STYLE('',(#2340));
#2360=SURFACE_STYLE_FILL_AREA(#2350);
#2370=SURFACE_SIDE_STYLE('',(#2360));
#2380=SURFACE_STYLE_USAGE(.BOTH.,#2370);
#2390=PRESENTATION_STYLE_ASSIGNMENT((#2380));
#2400=CARTESIAN_POINT('',(-3.5581516213882892E+01,2.3538852824316109E+01
   ,-5.2474873734153178E+00));
#2410=DIRECTION('',(0.0000000000000000E+00,1.0000000000000000E+00,
   0.0000000000000000E+00));
#2420=DIRECTION('',(7.0710678118654746E-01,0.0000000000000000E+00,
   -7.0710678118654757E-01));
#2430=AXIS2_PLACEMENT_3D('',#2400,#2410,#2420);
#2440=PLANE('',#2430);
#2450=ORIENTED_EDGE('',*,*,#2220,.T.);
#2460=CARTESIAN_POINT('',(-3.5854003587298216E+01,2.3538852824316109E+01
   ,-5.0000000000000000E+00));
#2470=DIRECTION('',(0.0000000000000000E+00,-1.0000000000000000E+00,
   0.0000000000000000E+00));
#2480=DIRECTION('',(1.0000000000000000E+00,0.0000000000000000E+00,
   0.0000000000000000E+00));
#2490=AXIS2_PLACEMENT_3D('',#2460,#2470,#2480);
#2500=CIRCLE('',#2490,6.5000000000000002E-01);
#2510=EDGE_CURVE('',#1120,#2130,#2500,.T.);
#2520=ORIENTED_EDGE('',*,*,#2510,.T.);
#2530=ORIENTED_EDGE('',*,*,#1130,.F.);
#2540=CARTESIAN_POINT('',(-3.5829003587298203E+01,2.3538852824316109E+01
   ,-5.0000000000000000E+00));
#2550=DIRECTION('',(0.0000000000000000E+00,1.0000000000000000E+00,
   0.0000000000000000E+00));
#2560=DIRECTION('',(-1.0000000000000000E+00,0.0000000000000000E+00,
   0.0000000000000000E+00));
#2570=AXIS2_PLACEMENT_3D('',#2540,#2550,#2560);
#2580=CIRCLE('',#2570,1.8999999999999999E+00);
#2590=EDGE_CURVE('',#2210,#1040,#2580,.T.);
#2600=ORIENTED_EDGE('',*,*,#2590,.T.);
#2610=EDGE_LOOP('',(#2600,#2530,#2520,#2450));
#2620=FACE_OUTER_BOUND('',#2610,.T.);
#2630=ADVANCED_FACE('',(#2620),#2440,.T.);
#2640=COLOUR_RGB('',9.4901967048645020E-01,9.4901967048645020E-01,
   1.0000000000000000E+00);
#2650=FILL_AREA_STYLE_COLOUR('',#2640);
#2660=FILL_AREA_STYLE('',(#2650));
#2670=SURFACE_STYLE_FILL_AREA(#2660);
#2680=SURFACE_SIDE_STYLE('',(#2670));
#2690=SURFACE_STYLE_USAGE(.BOTH.,#2680);
#2700=PRESENTATION_STYLE_ASSIGNMENT((#2690));
#2710=CARTESIAN_POINT('',(-3.4871503587298207E+01,2.3238852824316119E+01
   ,-5.0000000000000000E+00));
#2720=DIRECTION('',(-0.0000000000000000E+00,-1.0000000000000000E+00,
   -0.0000000000000000E+00));
#2730=DIRECTION('',(-1.0000000000000000E+00,0.0000000000000000E+00,
   0.0000000000000000E+00));
#2740=AXIS2_PLACEMENT_3D('',#2710,#2720,#2730);
#2750=PLANE('',#2740);
#2760=ORIENTED_EDGE('',*,*,#570,.F.);
#2770=EDGE_CURVE('',#470,#560,#540,.T.);
#2780=ORIENTED_EDGE('',*,*,#2770,.F.);
#2790=EDGE_LOOP('',(#2780,#2760));
#2800=FACE_BOUND('',#2790,.T.);
#2810=CARTESIAN_POINT('',(-3.5829003587298210E+01,2.3238852824316119E+01
   ,-5.0000000000000000E+00));
#2820=DIRECTION('',(0.0000000000000000E+00,1.0000000000000000E+00,
   0.0000000000000000E+00));
#2830=DIRECTION('',(1.0000000000000000E+00,0.0000000000000000E+00,
   0.0000000000000000E+00));
#2840=AXIS2_PLACEMENT_3D('',#2810,#2820,#2830);
#2850=CIRCLE('',#2840,1.9150000000000134E+00);
#2860=CARTESIAN_POINT('',(-3.7744003587298224E+01,2.3238852824316119E+01
   ,-5.0000000000000000E+00));
#2870=VERTEX_POINT('',#2860);
#2880=CARTESIAN_POINT('',(-3.3914003587298197E+01,2.3238852824316119E+01
   ,-5.0000000000000000E+00));
#2890=VERTEX_POINT('',#2880);
#2900=EDGE_CURVE('',#2870,#2890,#2850,.T.);
#2910=ORIENTED_EDGE('',*,*,#2900,.T.);
#2920=EDGE_CURVE('',#2890,#2870,#2850,.T.);
#2930=ORIENTED_EDGE('',*,*,#2920,.T.);
#2940=EDGE_LOOP('',(#2930,#2910));
#2950=FACE_OUTER_BOUND('',#2940,.T.);
#2960=ADVANCED_FACE('',(#2800,#2950),#2750,.F.);
#2970=COLOUR_RGB('',5.0196081399917603E-01,1.0000000000000000E+00,
   5.0196081399917603E-01);
#2980=FILL_AREA_STYLE_COLOUR('',#2970);
#2990=FILL_AREA_STYLE('',(#2980));
#3000=SURFACE_STYLE_FILL_AREA(#2990);
#3010=SURFACE_SIDE_STYLE('',(#3000));
#3020=SURFACE_STYLE_USAGE(.BOTH.,#3010);
#3030=PRESENTATION_STYLE_ASSIGNMENT((#3020));
#3040=CARTESIAN_POINT('',(-3.9904003587298213E+01,1.6351077836188246E+01
   ,-5.0000000000000000E+00));
#3050=DIRECTION('',(5.7357643635104816E-01,-8.1915204428899036E-01,
   0.0000000000000000E+00));
#3060=DIRECTION('',(-8.1915204428899036E-01,-5.7357643635104816E-01,
   0.0000000000000000E+00));
#3070=AXIS2_PLACEMENT_3D('',#3040,#3050,#3060);
#3080=PLANE('',#3070);
#3090=CARTESIAN_POINT('',(0.0000000000000000E+00,4.4292161952761923E+01,
   -1.8183114561244658E+01));
#3100=DIRECTION('',(7.8261493238007862E-01,5.4799287516801631E-01,
   -2.9532638957738910E-01));
#3110=VECTOR('',#3100,1.0000000000000000E+00);
#3120=LINE('',#3090,#3110);
#3130=CARTESIAN_POINT('',(-3.9904003587298213E+01,1.6351077836188253E+01
   ,-3.1250000000000027E+00));
#3140=VERTEX_POINT('',#3130);
#3150=CARTESIAN_POINT('',(-3.8579003587298210E+01,1.7278852824316125E+01
   ,-3.6250000000000000E+00));
#3160=VERTEX_POINT('',#3150);
#3170=EDGE_CURVE('',#3140,#3160,#3120,.T.);
#3180=ORIENTED_EDGE('',*,*,#3170,.T.);
#3190=CARTESIAN_POINT('',(-3.9904003587298213E+01,1.6351077836188253E+01
   ,0.0000000000000000E+00));
#3200=DIRECTION('',(0.0000000000000000E+00,0.0000000000000000E+00,
   1.0000000000000000E+00));
#3210=VECTOR('',#3200,1.0000000000000000E+00);
#3220=LINE('',#3190,#3210);
#3230=CARTESIAN_POINT('',(-3.9904003587298213E+01,1.6351077836188253E+01
   ,-6.8749999999999973E+00));
#3240=VERTEX_POINT('',#3230);
#3250=EDGE_CURVE('',#3240,#3140,#3220,.T.);
#3260=ORIENTED_EDGE('',*,*,#3250,.T.);
#3270=CARTESIAN_POINT('',(0.0000000000000000E+00,4.4292161952761923E+01,
   8.1831145612446576E+00));
#3280=DIRECTION('',(-7.8261493238007862E-01,-5.4799287516801631E-01,
   -2.9532638957738910E-01));
#3290=VECTOR('',#3280,1.0000000000000000E+00);
#3300=LINE('',#3270,#3290);
#3310=CARTESIAN_POINT('',(-3.8579003587298210E+01,1.7278852824316125E+01
   ,-6.3749999999999982E+00));
#3320=VERTEX_POINT('',#3310);
#3330=EDGE_CURVE('',#3320,#3240,#3300,.T.);
#3340=ORIENTED_EDGE('',*,*,#3330,.T.);
#3350=CARTESIAN_POINT('',(-3.8579003587298210E+01,1.7278852824316125E+01
   ,-5.0000000000000000E+00));
#3360=DIRECTION('',(0.0000000000000000E+00,0.0000000000000000E+00,
   1.0000000000000000E+00));
#3370=VECTOR('',#3360,1.0000000000000000E+00);
#3380=LINE('',#3350,#3370);
#3390=EDGE_CURVE('',#3320,#3160,#3380,.T.);
#3400=ORIENTED_EDGE('',*,*,#3390,.F.);
#3410=EDGE_LOOP('',(#3400,#3340,#3260,#3180));
#3420=FACE_OUTER_BOUND('',#3410,.T.);
#3430=ADVANCED_FACE('',(#3420),#3080,.F.);
#3440=COLOUR_RGB('',5.0196081399917603E-01,1.0000000000000000E+00,
   5.0196081399917603E-01);
#3450=FILL_AREA_STYLE_COLOUR('',#3440);
#3460=FILL_AREA_STYLE('',(#3450));
#3470=SURFACE_STYLE_FILL_AREA(#3460);
#3480=SURFACE_SIDE_STYLE('',(#3470));
#3490=SURFACE_STYLE_USAGE(.BOTH.,#3480);
#3500=PRESENTATION_STYLE_ASSIGNMENT((#3490));
#3510=CARTESIAN_POINT('',(-3.6497744671345409E+01,2.4538852824316116E+01
   ,5.6687410840472054E+00));
#3520=DIRECTION('',(0.0000000000000000E+00,1.0000000000000000E+00,
   0.0000000000000000E+00));
#3530=DIRECTION('',(7.0710678118654746E-01,0.0000000000000000E+00,
   -7.0710678118654757E-01));
#3540=AXIS2_PLACEMENT_3D('',#3510,#3520,#3530);
#3550=PLANE('',#3540);
#3560=CARTESIAN_POINT('',(-8.8925674828030196E+01,2.4538852824316116E+01
   ,5.0000000000000000E+00));
#3570=DIRECTION('',(-1.0000000000000000E+00,0.0000000000000000E+00,
   0.0000000000000000E+00));
#3580=VECTOR('',#3570,1.0000000000000000E+00);
#3590=LINE('',#3560,#3580);
#3600=CARTESIAN_POINT('',(-3.5204003587298217E+01,2.4538852824316116E+01
   ,5.0000000000000000E+00));
#3610=VERTEX_POINT('',#3600);
#3620=CARTESIAN_POINT('',(-3.5334028840467575E+01,2.4538852824316116E+01
   ,4.9999999999999929E+00));
#3630=VERTEX_POINT('',#3620);
#3640=EDGE_CURVE('',#3610,#3630,#3590,.T.);
#3650=ORIENTED_EDGE('',*,*,#3640,.F.);
#3660=CARTESIAN_POINT('',(-8.8925674828030196E+01,2.4538852824316116E+01
   ,-4.8591645987562615E+01));
#3670=DIRECTION('',(7.0710678118654757E-01,0.0000000000000000E+00,
   7.0710678118654746E-01));
#3680=VECTOR('',#3670,1.0000000000000000E+00);
#3690=LINE('',#3660,#3680);
#3700=CARTESIAN_POINT('',(-3.5973036748504178E+01,2.4538852824316116E+01
   ,4.3609920919633973E+00));
#3710=VERTEX_POINT('',#3700);
#3720=EDGE_CURVE('',#3710,#3630,#3690,.T.);
#3730=ORIENTED_EDGE('',*,*,#3720,.T.);
#3740=CARTESIAN_POINT('',(-3.5854003587298216E+01,2.4538852824316116E+01
   ,5.0000000000000000E+00));
#3750=DIRECTION('',(0.0000000000000000E+00,-1.0000000000000000E+00,
   0.0000000000000000E+00));
#3760=DIRECTION('',(1.0000000000000000E+00,0.0000000000000000E+00,
   0.0000000000000000E+00));
#3770=AXIS2_PLACEMENT_3D('',#3740,#3750,#3760);
#3780=CIRCLE('',#3770,6.5000000000000002E-01);
#3790=EDGE_CURVE('',#3710,#3610,#3780,.T.);
#3800=ORIENTED_EDGE('',*,*,#3790,.F.);
#3810=EDGE_LOOP('',(#3800,#3730,#3650));
#3820=FACE_OUTER_BOUND('',#3810,.T.);
#3830=ADVANCED_FACE('',(#3820),#3550,.T.);
#3840=COLOUR_RGB('',9.4901967048645020E-01,9.4901967048645020E-01,
   1.0000000000000000E+00);
#3850=FILL_AREA_STYLE_COLOUR('',#3840);
#3860=FILL_AREA_STYLE('',(#3850));
#3870=SURFACE_STYLE_FILL_AREA(#3860);
#3880=SURFACE_SIDE_STYLE('',(#3870));
#3890=SURFACE_STYLE_USAGE(.BOTH.,#3880);
#3900=PRESENTATION_STYLE_ASSIGNMENT((#3890));
#3910=CARTESIAN_POINT('',(-3.6076490960713485E+01,2.4538852824316109E+01
   ,2.4748737341528226E-01));
#3920=DIRECTION('',(7.0710678118654746E-01,0.0000000000000000E+00,
   -7.0710678118654757E-01));
#3930=DIRECTION('',(0.0000000000000000E+00,-1.0000000000000000E+00,
   0.0000000000000000E+00));
#3940=AXIS2_PLACEMENT_3D('',#3910,#3920,#3930);
#3950=PLANE('',#3940);
#3960=CARTESIAN_POINT('',(-8.8925674828030196E+01,2.4538852824316116E+01
   ,-5.2601696493901422E+01));
#3970=DIRECTION('',(-7.0710678118654757E-01,0.0000000000000000E+00,
   -7.0710678118654746E-01));
#3980=VECTOR('',#3970,1.0000000000000000E+00);
#3990=LINE('',#3960,#3980);
#4000=CARTESIAN_POINT('',(-3.6323978334128768E+01,2.4538852824316116E+01
   ,0.0000000000000000E+00));
#4010=VERTEX_POINT('',#4000);
#4020=CARTESIAN_POINT('',(-3.6483998472459014E+01,2.4538852824316116E+01
   ,-1.6002013833024731E-01));
#4030=VERTEX_POINT('',#4020);
#4040=EDGE_CURVE('',#4010,#4030,#3990,.T.);
#4050=ORIENTED_EDGE('',*,*,#4040,.F.);
#4060=CARTESIAN_POINT('',(-3.6483998472459014E+01,3.5508852824316115E+01
   ,-1.6002013833024731E-01));
#4070=DIRECTION('',(0.0000000000000000E+00,-1.0000000000000000E+00,
   0.0000000000000000E+00));
#4080=VECTOR('',#4070,1.0000000000000000E+00);
#4090=LINE('',#4060,#4080);
#4100=CARTESIAN_POINT('',(-3.6483998472459021E+01,2.3538852824316109E+01
   ,-1.6002013833023640E-01));
#4110=VERTEX_POINT('',#4100);
#4120=EDGE_CURVE('',#4030,#4110,#4090,.T.);
#4130=ORIENTED_EDGE('',*,*,#4120,.F.);
#4140=CARTESIAN_POINT('',(-8.8925674828030196E+01,2.3538852824316109E+01
   ,-5.2601696493901422E+01));
#4150=DIRECTION('',(-7.0710678118654757E-01,0.0000000000000000E+00,
   -7.0710678118654746E-01));
#4160=VECTOR('',#4150,1.0000000000000000E+00);
#4170=LINE('',#4140,#4160);
#4180=CARTESIAN_POINT('',(-3.6323978334128768E+01,2.3538852824316109E+01
   ,0.0000000000000000E+00));
#4190=VERTEX_POINT('',#4180);
#4200=EDGE_CURVE('',#4190,#4110,#4170,.T.);
#4210=ORIENTED_EDGE('',*,*,#4200,.T.);
#4220=CARTESIAN_POINT('',(-3.6323978334128768E+01,
   -2.6716239164827719E+01,0.0000000000000000E+00));
#4230=DIRECTION('',(-0.0000000000000000E+00,1.0000000000000000E+00,
   0.0000000000000000E+00));
#4240=VECTOR('',#4230,1.0000000000000000E+00);
#4250=LINE('',#4220,#4240);
#4260=EDGE_CURVE('',#4190,#4010,#4250,.T.);
#4270=ORIENTED_EDGE('',*,*,#4260,.F.);
#4280=EDGE_LOOP('',(#4270,#4210,#4130,#4050));
#4290=FACE_OUTER_BOUND('',#4280,.T.);
#4300=ADVANCED_FACE('',(#4290),#3950,.T.);
#4310=COLOUR_RGB('',9.4901967048645020E-01,9.4901967048645020E-01,
   1.0000000000000000E+00);
#4320=FILL_AREA_STYLE_COLOUR('',#4310);
#4330=FILL_AREA_STYLE('',(#4320));
#4340=SURFACE_STYLE_FILL_AREA(#4330);
#4350=SURFACE_SIDE_STYLE('',(#4340));
#4360=SURFACE_STYLE_USAGE(.BOTH.,#4350);
#4370=PRESENTATION_STYLE_ASSIGNMENT((#4360));
#4380=CARTESIAN_POINT('',(-3.6497744671345409E+01,2.4538852824316116E+01
   ,1.5668741084047209E+01));
#4390=DIRECTION('',(0.0000000000000000E+00,1.0000000000000000E+00,
   0.0000000000000000E+00));
#4400=DIRECTION('',(7.0710678118654746E-01,0.0000000000000000E+00,
   -7.0710678118654757E-01));
#4410=AXIS2_PLACEMENT_3D('',#4380,#4390,#4400);
#4420=PLANE('',#4410);
#4430=CARTESIAN_POINT('',(-8.8925674828030196E+01,2.4538852824316116E+01
   ,1.5000000000000004E+01));
#4440=DIRECTION('',(-1.0000000000000000E+00,0.0000000000000000E+00,
   0.0000000000000000E+00));
#4450=VECTOR('',#4440,1.0000000000000000E+00);
#4460=LINE('',#4430,#4450);
#4470=CARTESIAN_POINT('',(-3.5204003587298217E+01,2.4538852824316116E+01
   ,1.5000000000000004E+01));
#4480=VERTEX_POINT('',#4470);
#4490=CARTESIAN_POINT('',(-3.5334028840467575E+01,2.4538852824316116E+01
   ,1.5000000000000000E+01));
#4500=VERTEX_POINT('',#4490);
#4510=EDGE_CURVE('',#4480,#4500,#4460,.T.);
#4520=ORIENTED_EDGE('',*,*,#4510,.F.);
#4530=CARTESIAN_POINT('',(-8.8925674828030196E+01,2.4538852824316116E+01
   ,-3.8591645987562615E+01));
#4540=DIRECTION('',(7.0710678118654757E-01,0.0000000000000000E+00,
   7.0710678118654746E-01));
#4550=VECTOR('',#4540,1.0000000000000000E+00);
#4560=LINE('',#4530,#4550);
#4570=CARTESIAN_POINT('',(-3.5973036748504178E+01,2.4538852824316116E+01
   ,1.4360992091963400E+01));
#4580=VERTEX_POINT('',#4570);
#4590=EDGE_CURVE('',#4580,#4500,#4560,.T.);
#4600=ORIENTED_EDGE('',*,*,#4590,.T.);
#4610=CARTESIAN_POINT('',(-3.5854003587298216E+01,2.4538852824316116E+01
   ,1.5000000000000004E+01));
#4620=DIRECTION('',(0.0000000000000000E+00,-1.0000000000000000E+00,
   0.0000000000000000E+00));
#4630=DIRECTION('',(1.0000000000000000E+00,0.0000000000000000E+00,
   0.0000000000000000E+00));
#4640=AXIS2_PLACEMENT_3D('',#4610,#4620,#4630);
#4650=CIRCLE('',#4640,6.5000000000000002E-01);
#4660=EDGE_CURVE('',#4580,#4480,#4650,.T.);
#4670=ORIENTED_EDGE('',*,*,#4660,.F.);
#4680=EDGE_LOOP('',(#4670,#4600,#4520));
#4690=FACE_OUTER_BOUND('',#4680,.T.);
#4700=ADVANCED_FACE('',(#4690),#4420,.T.);
#4710=COLOUR_RGB('',9.4901967048645020E-01,9.4901967048645020E-01,
   1.0000000000000000E+00);
#4720=FILL_AREA_STYLE_COLOUR('',#4710);
#4730=FILL_AREA_STYLE('',(#4720));
#4740=SURFACE_STYLE_FILL_AREA(#4730);
#4750=SURFACE_SIDE_STYLE('',(#4740));
#4760=SURFACE_STYLE_USAGE(.BOTH.,#4750);
#4770=PRESENTATION_STYLE_ASSIGNMENT((#4760));
#4780=CARTESIAN_POINT('',(-3.9359231886085752E+01,2.0208852824316118E+01
   ,-5.0000000000000000E+00));
#4790=DIRECTION('',(0.0000000000000000E+00,0.0000000000000000E+00,
   1.0000000000000000E+00));
#4800=DIRECTION('',(1.0000000000000000E+00,0.0000000000000000E+00,
   0.0000000000000000E+00));
#4810=AXIS2_PLACEMENT_3D('',#4780,#4790,#4800);
#4820=CYLINDRICAL_SURFACE('',#4810,4.9999999999999878E-01);
#4830=CARTESIAN_POINT('',(-3.9359231886085752E+01,2.0208852824316125E+01
   ,-3.3305742268726295E+00));
#4840=DIRECTION('',(3.5305725243424335E-01,0.0000000000000000E+00,
   9.3560171895074196E-01));
#4850=DIRECTION('',(9.3560171895074185E-01,0.0000000000000000E+00,
   -3.5305725243424330E-01));
#4860=AXIS2_PLACEMENT_3D('',#4830,#4840,#4850);
#4870=ELLIPSE('',#4860,5.3441543540635905E-01,4.9999999999999867E-01);
#4880=CARTESIAN_POINT('',(-3.8876268972941219E+01,2.0338262346867381E+01
   ,-3.5128243827762278E+00));
#4890=VERTEX_POINT('',#4880);
#4900=CARTESIAN_POINT('',(-3.9359231886085752E+01,2.0708852824316118E+01
   ,-3.3305742268726295E+00));
#4910=VERTEX_POINT('',#4900);
#4920=EDGE_CURVE('',#4890,#4910,#4870,.T.);
#4930=ORIENTED_EDGE('',*,*,#4920,.T.);
#4940=CARTESIAN_POINT('',(-3.8876268972941219E+01,2.0338262346867381E+01
   ,-5.0000000000000000E+00));
#4950=DIRECTION('',(0.0000000000000000E+00,0.0000000000000000E+00,
   1.0000000000000000E+00));
#4960=VECTOR('',#4950,1.0000000000000000E+00);
#4970=LINE('',#4940,#4960);
#4980=CARTESIAN_POINT('',(-3.8876268972941219E+01,2.0338262346867381E+01
   ,-6.4871756172237722E+00));
#4990=VERTEX_POINT('',#4980);
#5000=EDGE_CURVE('',#4990,#4890,#4970,.T.);
#5010=ORIENTED_EDGE('',*,*,#5000,.T.);
#5020=CARTESIAN_POINT('',(-3.9359231886085752E+01,2.0208852824316125E+01
   ,-6.6694257731273705E+00));
#5030=DIRECTION('',(3.5305725243424335E-01,0.0000000000000000E+00,
   -9.3560171895074196E-01));
#5040=DIRECTION('',(-9.3560171895074185E-01,0.0000000000000000E+00,
   -3.5305725243424330E-01));
#5050=AXIS2_PLACEMENT_3D('',#5020,#5030,#5040);
#5060=ELLIPSE('',#5050,5.3441543540635905E-01,4.9999999999999867E-01);
#5070=CARTESIAN_POINT('',(-3.9359231886085752E+01,2.0708852824316118E+01
   ,-6.6694257731273705E+00));
#5080=VERTEX_POINT('',#5070);
#5090=EDGE_CURVE('',#5080,#4990,#5060,.T.);
#5100=ORIENTED_EDGE('',*,*,#5090,.T.);
#5110=CARTESIAN_POINT('',(-3.9359231886085752E+01,2.0708852824316118E+01
   ,-5.0000000000000000E+00));
#5120=DIRECTION('',(0.0000000000000000E+00,0.0000000000000000E+00,
   -1.0000000000000000E+00));
#5130=VECTOR('',#5120,1.0000000000000000E+00);
#5140=LINE('',#5110,#5130);
#5150=EDGE_CURVE('',#4910,#5080,#5140,.T.);
#5160=ORIENTED_EDGE('',*,*,#5150,.T.);
#5170=EDGE_LOOP('',(#5160,#5100,#5010,#4930));
#5180=FACE_OUTER_BOUND('',#5170,.T.);
#5190=ADVANCED_FACE('',(#5180),#4820,.F.);
#5200=COLOUR_RGB('',5.0196081399917603E-01,1.0000000000000000E+00,
   5.0196081399917603E-01);
#5210=FILL_AREA_STYLE_COLOUR('',#5200);
#5220=FILL_AREA_STYLE('',(#5210));
#5230=SURFACE_STYLE_FILL_AREA(#5220);
#5240=SURFACE_SIDE_STYLE('',(#5230));
#5250=SURFACE_STYLE_USAGE(.BOTH.,#5240);
#5260=PRESENTATION_STYLE_ASSIGNMENT((#5250));
#5270=CARTESIAN_POINT('',(-3.8194003587298212E+01,1.9228852824316121E+01
   ,0.0000000000000000E+00));
#5280=DIRECTION('',(1.0000000000000000E+00,0.0000000000000000E+00,
   0.0000000000000000E+00));
#5290=DIRECTION('',(0.0000000000000000E+00,-1.0000000000000000E+00,
   0.0000000000000000E+00));
#5300=AXIS2_PLACEMENT_3D('',#5270,#5280,#5290);
#5310=PLANE('',#5300);
#5320=CARTESIAN_POINT('',(-3.8194003587298212E+01,0.0000000000000000E+00
   ,1.3749999999999982E+00));
#5330=DIRECTION('',(0.0000000000000000E+00,-1.0000000000000000E+00,
   0.0000000000000000E+00));
#5340=VECTOR('',#5330,1.0000000000000000E+00);
#5350=LINE('',#5320,#5340);
#5360=CARTESIAN_POINT('',(-3.8194003587298212E+01,1.9228852824316121E+01
   ,1.3749999999999982E+00));
#5370=VERTEX_POINT('',#5360);
#5380=CARTESIAN_POINT('',(-3.8194003587298212E+01,1.7278852824316125E+01
   ,1.3749999999999982E+00));
#5390=VERTEX_POINT('',#5380);
#5400=EDGE_CURVE('',#5370,#5390,#5350,.T.);
#5410=ORIENTED_EDGE('',*,*,#5400,.F.);
#5420=CARTESIAN_POINT('',(-3.8194003587298226E+01,1.7278852824316125E+01
   ,0.0000000000000000E+00));
#5430=DIRECTION('',(0.0000000000000000E+00,0.0000000000000000E+00,
   1.0000000000000000E+00));
#5440=VECTOR('',#5430,1.0000000000000000E+00);
#5450=LINE('',#5420,#5440);
#5460=CARTESIAN_POINT('',(-3.8194003587298212E+01,1.7278852824316125E+01
   ,-1.3749999999999982E+00));
#5470=VERTEX_POINT('',#5460);
#5480=EDGE_CURVE('',#5470,#5390,#5450,.T.);
#5490=ORIENTED_EDGE('',*,*,#5480,.T.);
#5500=CARTESIAN_POINT('',(-3.8194003587298212E+01,0.0000000000000000E+00
   ,-1.3749999999999982E+00));
#5510=DIRECTION('',(0.0000000000000000E+00,1.0000000000000000E+00,
   0.0000000000000000E+00));
#5520=VECTOR('',#5510,1.0000000000000000E+00);
#5530=LINE('',#5500,#5520);
#5540=CARTESIAN_POINT('',(-3.8194003587298212E+01,1.9228852824316121E+01
   ,-1.3749999999999982E+00));
#5550=VERTEX_POINT('',#5540);
#5560=EDGE_CURVE('',#5470,#5550,#5530,.T.);
#5570=ORIENTED_EDGE('',*,*,#5560,.F.);
#5580=CARTESIAN_POINT('',(-3.8194003587298226E+01,1.9228852824316121E+01
   ,0.0000000000000000E+00));
#5590=DIRECTION('',(0.0000000000000000E+00,0.0000000000000000E+00,
   -1.0000000000000000E+00));
#5600=VECTOR('',#5590,1.0000000000000000E+00);
#5610=LINE('',#5580,#5600);
#5620=EDGE_CURVE('',#5370,#5550,#5610,.T.);
#5630=ORIENTED_EDGE('',*,*,#5620,.T.);
#5640=EDGE_LOOP('',(#5630,#5570,#5490,#5410));
#5650=FACE_OUTER_BOUND('',#5640,.T.);
#5660=ADVANCED_FACE('',(#5650),#5310,.F.);
#5670=COLOUR_RGB('',5.0196081399917603E-01,1.0000000000000000E+00,
   5.0196081399917603E-01);
#5680=FILL_AREA_STYLE_COLOUR('',#5670);
#5690=FILL_AREA_STYLE('',(#5680));
#5700=SURFACE_STYLE_FILL_AREA(#5690);
#5710=SURFACE_SIDE_STYLE('',(#5700));
#5720=SURFACE_STYLE_USAGE(.BOTH.,#5710);
#5730=PRESENTATION_STYLE_ASSIGNMENT((#5720));
#5740=CARTESIAN_POINT('',(-3.5581516213882892E+01,2.3538852824316109E+01
   ,-2.4748737341531779E-01));
#5750=DIRECTION('',(-7.0710678118654746E-01,0.0000000000000000E+00,
   7.0710678118654757E-01));
#5760=DIRECTION('',(0.0000000000000000E+00,1.0000000000000000E+00,
   0.0000000000000000E+00));
#5770=AXIS2_PLACEMENT_3D('',#5740,#5750,#5760);
#5780=PLANE('',#5770);
#5790=CARTESIAN_POINT('',(-8.8925674828030196E+01,2.4538852824316116E+01
   ,-5.3591645987562615E+01));
#5800=DIRECTION('',(7.0710678118654757E-01,0.0000000000000000E+00,
   7.0710678118654746E-01));
#5810=VECTOR('',#5800,1.0000000000000000E+00);
#5820=LINE('',#5790,#5810);
#5830=CARTESIAN_POINT('',(-3.6902027478507307E+01,2.4538852824316116E+01
   ,-1.5679986380397377E+00));
#5840=VERTEX_POINT('',#5830);
#5850=CARTESIAN_POINT('',(-3.5973036748504178E+01,2.4538852824316116E+01
   ,-6.3900790803660279E-01));
#5860=VERTEX_POINT('',#5850);
#5870=EDGE_CURVE('',#5840,#5860,#5820,.T.);
#5880=ORIENTED_EDGE('',*,*,#5870,.F.);
#5890=CARTESIAN_POINT('',(-3.5973036748504178E+01,3.5508852824316115E+01
   ,-6.3900790803660279E-01));
#5900=DIRECTION('',(0.0000000000000000E+00,-1.0000000000000000E+00,
   0.0000000000000000E+00));
#5910=VECTOR('',#5900,1.0000000000000000E+00);
#5920=LINE('',#5890,#5910);
#5930=CARTESIAN_POINT('',(-3.5973036748504086E+01,2.3538852824316109E+01
   ,-6.3900790803662055E-01));
#5940=VERTEX_POINT('',#5930);
#5950=EDGE_CURVE('',#5860,#5940,#5920,.T.);
#5960=ORIENTED_EDGE('',*,*,#5950,.F.);
#5970=CARTESIAN_POINT('',(-8.8925674828030196E+01,2.3538852824316109E+01
   ,-5.3591645987562615E+01));
#5980=DIRECTION('',(-7.0710678118654757E-01,0.0000000000000000E+00,
   -7.0710678118654746E-01));
#5990=VECTOR('',#5980,1.0000000000000000E+00);
#6000=LINE('',#5970,#5990);
#6010=CARTESIAN_POINT('',(-3.6902027478507286E+01,2.3538852824316109E+01
   ,-1.5679986380397537E+00));
#6020=VERTEX_POINT('',#6010);
#6030=EDGE_CURVE('',#5940,#6020,#6000,.T.);
#6040=ORIENTED_EDGE('',*,*,#6030,.F.);
#6050=CARTESIAN_POINT('',(-3.6902027478507307E+01,2.3082795793605840E+01
   ,-1.5679986380397377E+00));
#6060=DIRECTION('',(0.0000000000000000E+00,1.0000000000000000E+00,
   0.0000000000000000E+00));
#6070=VECTOR('',#6060,1.0000000000000000E+00);
#6080=LINE('',#6050,#6070);
#6090=EDGE_CURVE('',#6020,#5840,#6080,.T.);
#6100=ORIENTED_EDGE('',*,*,#6090,.F.);
#6110=EDGE_LOOP('',(#6100,#6040,#5960,#5880));
#6120=FACE_OUTER_BOUND('',#6110,.T.);
#6130=ADVANCED_FACE('',(#6120),#5780,.T.);
#6140=COLOUR_RGB('',9.4901967048645020E-01,9.4901967048645020E-01,
   1.0000000000000000E+00);
#6150=FILL_AREA_STYLE_COLOUR('',#6140);
#6160=FILL_AREA_STYLE('',(#6150));
#6170=SURFACE_STYLE_FILL_AREA(#6160);
#6180=SURFACE_SIDE_STYLE('',(#6170));
#6190=SURFACE_STYLE_USAGE(.BOTH.,#6180);
#6200=PRESENTATION_STYLE_ASSIGNMENT((#6190));
#6210=CARTESIAN_POINT('',(-3.5334028840467575E+01,2.4538852824316116E+01
   ,0.0000000000000000E+00));
#6220=VERTEX_POINT('',#6210);
#6230=EDGE_CURVE('',#5860,#6220,#5820,.T.);
#6240=ORIENTED_EDGE('',*,*,#6230,.F.);
#6250=CARTESIAN_POINT('',(-3.5334028840467575E+01,
   -2.6716239164827719E+01,0.0000000000000000E+00));
#6260=DIRECTION('',(-0.0000000000000000E+00,-1.0000000000000000E+00,
   0.0000000000000000E+00));
#6270=VECTOR('',#6260,1.0000000000000000E+00);
#6280=LINE('',#6250,#6270);
#6290=CARTESIAN_POINT('',(-3.5334028840467575E+01,2.3538852824316109E+01
   ,-7.1054273576010019E-15));
#6300=VERTEX_POINT('',#6290);
#6310=EDGE_CURVE('',#6220,#6300,#6280,.T.);
#6320=ORIENTED_EDGE('',*,*,#6310,.F.);
#6330=EDGE_CURVE('',#6300,#5940,#6000,.T.);
#6340=ORIENTED_EDGE('',*,*,#6330,.F.);
#6350=ORIENTED_EDGE('',*,*,#5950,.T.);
#6360=EDGE_LOOP('',(#6350,#6340,#6320,#6240));
#6370=FACE_OUTER_BOUND('',#6360,.T.);
#6380=ADVANCED_FACE('',(#6370),#5780,.T.);
#6390=COLOUR_RGB('',9.4901967048645020E-01,9.4901967048645020E-01,
   1.0000000000000000E+00);
#6400=FILL_AREA_STYLE_COLOUR('',#6390);
#6410=FILL_AREA_STYLE('',(#6400));
#6420=SURFACE_STYLE_FILL_AREA(#6410);
#6430=SURFACE_SIDE_STYLE('',(#6420));
#6440=SURFACE_STYLE_USAGE(.BOTH.,#6430);
#6450=PRESENTATION_STYLE_ASSIGNMENT((#6440));
#6460=CARTESIAN_POINT('',(-3.5581516213882892E+01,2.3538852824316109E+01
   ,-2.4748737341531779E-01));
#6470=DIRECTION('',(0.0000000000000000E+00,1.0000000000000000E+00,
   0.0000000000000000E+00));
#6480=DIRECTION('',(7.0710678118654746E-01,0.0000000000000000E+00,
   -7.0710678118654757E-01));
#6490=AXIS2_PLACEMENT_3D('',#6460,#6470,#6480);
#6500=PLANE('',#6490);
#6510=ORIENTED_EDGE('',*,*,#6330,.T.);
#6520=CARTESIAN_POINT('',(-8.8925674828030196E+01,2.3538852824316109E+01
   ,0.0000000000000000E+00));
#6530=DIRECTION('',(-1.0000000000000000E+00,0.0000000000000000E+00,
   0.0000000000000000E+00));
#6540=VECTOR('',#6530,1.0000000000000000E+00);
#6550=LINE('',#6520,#6540);
#6560=EDGE_CURVE('',#6300,#4190,#6550,.T.);
#6570=ORIENTED_EDGE('',*,*,#6560,.F.);
#6580=ORIENTED_EDGE('',*,*,#4200,.F.);
#6590=CARTESIAN_POINT('',(-3.5854003587298216E+01,2.3538852824316109E+01
   ,0.0000000000000000E+00));
#6600=DIRECTION('',(0.0000000000000000E+00,-1.0000000000000000E+00,
   0.0000000000000000E+00));
#6610=DIRECTION('',(1.0000000000000000E+00,0.0000000000000000E+00,
   0.0000000000000000E+00));
#6620=AXIS2_PLACEMENT_3D('',#6590,#6600,#6610);
#6630=CIRCLE('',#6620,6.5000000000000002E-01);
#6640=EDGE_CURVE('',#4110,#5940,#6630,.T.);
#6650=ORIENTED_EDGE('',*,*,#6640,.F.);
#6660=EDGE_LOOP('',(#6650,#6580,#6570,#6510));
#6670=FACE_OUTER_BOUND('',#6660,.T.);
#6680=ADVANCED_FACE('',(#6670),#6500,.T.);
#6690=COLOUR_RGB('',9.4901967048645020E-01,9.4901967048645020E-01,
   1.0000000000000000E+00);
#6700=FILL_AREA_STYLE_COLOUR('',#6690);
#6710=FILL_AREA_STYLE('',(#6700));
#6720=SURFACE_STYLE_FILL_AREA(#6710);
#6730=SURFACE_SIDE_STYLE('',(#6720));
#6740=SURFACE_STYLE_USAGE(.BOTH.,#6730);
#6750=PRESENTATION_STYLE_ASSIGNMENT((#6740));
#6760=CARTESIAN_POINT('',(-3.9904003587298213E+01,1.7278852824316125E+01
   ,-6.8749999999999982E+00));
#6770=DIRECTION('',(3.5305725243424335E-01,0.0000000000000000E+00,
   -9.3560171895074196E-01));
#6780=DIRECTION('',(-9.3560171895074196E-01,0.0000000000000000E+00,
   -3.5305725243424335E-01));
#6790=AXIS2_PLACEMENT_3D('',#6760,#6770,#6780);
#6800=PLANE('',#6790);
#6810=CARTESIAN_POINT('',(0.0000000000000000E+00,2.0708852824316118E+01,
   8.1831145612446576E+00));
#6820=DIRECTION('',(9.3560171895074196E-01,0.0000000000000000E+00,
   3.5305725243424335E-01));
#6830=VECTOR('',#6820,1.0000000000000000E+00);
#6840=LINE('',#6810,#6830);
#6850=CARTESIAN_POINT('',(-3.9904003587298213E+01,2.0708852824316118E+01
   ,-6.8749999999999982E+00));
#6860=VERTEX_POINT('',#6850);
#6870=EDGE_CURVE('',#6860,#5080,#6840,.T.);
#6880=ORIENTED_EDGE('',*,*,#6870,.F.);
#6890=ORIENTED_EDGE('',*,*,#5090,.F.);
#6900=CARTESIAN_POINT('',(-3.3426648001645773E+01,0.0000000000000000E+00
   ,-4.4307148733386947E+00));
#6910=DIRECTION('',(-2.5759337550319977E-01,9.6135156507110675E-01,
   -9.7205047359698329E-02));
#6920=VECTOR('',#6910,1.0000000000000000E+00);
#6930=LINE('',#6900,#6920);
#6940=CARTESIAN_POINT('',(-3.8579003587298210E+01,1.9228852824316121E+01
   ,-6.3749999999999964E+00));
#6950=VERTEX_POINT('',#6940);
#6960=EDGE_CURVE('',#6950,#4990,#6930,.T.);
#6970=ORIENTED_EDGE('',*,*,#6960,.T.);
#6980=CARTESIAN_POINT('',(-3.8579003587298217E+01,0.0000000000000000E+00
   ,-6.3750000000000000E+00));
#6990=DIRECTION('',(0.0000000000000000E+00,1.0000000000000000E+00,
   0.0000000000000000E+00));
#7000=VECTOR('',#6990,1.0000000000000000E+00);
#7010=LINE('',#6980,#7000);
#7020=EDGE_CURVE('',#3320,#6950,#7010,.T.);
#7030=ORIENTED_EDGE('',*,*,#7020,.T.);
#7040=ORIENTED_EDGE('',*,*,#3330,.F.);
#7050=CARTESIAN_POINT('',(-3.9904003587298213E+01,0.0000000000000000E+00
   ,-6.8749999999999973E+00));
#7060=DIRECTION('',(0.0000000000000000E+00,-1.0000000000000000E+00,
   0.0000000000000000E+00));
#7070=VECTOR('',#7060,1.0000000000000000E+00);
#7080=LINE('',#7050,#7070);
#7090=EDGE_CURVE('',#6860,#3240,#7080,.T.);
#7100=ORIENTED_EDGE('',*,*,#7090,.T.);
#7110=EDGE_LOOP('',(#7100,#7040,#7030,#6970,#6890,#6880));
#7120=FACE_OUTER_BOUND('',#7110,.T.);
#7130=ADVANCED_FACE('',(#7120),#6800,.F.);
#7140=COLOUR_RGB('',5.0196081399917603E-01,1.0000000000000000E+00,
   5.0196081399917603E-01);
#7150=FILL_AREA_STYLE_COLOUR('',#7140);
#7160=FILL_AREA_STYLE('',(#7150));
#7170=SURFACE_STYLE_FILL_AREA(#7160);
#7180=SURFACE_SIDE_STYLE('',(#7170));
#7190=SURFACE_STYLE_USAGE(.BOTH.,#7180);
#7200=PRESENTATION_STYLE_ASSIGNMENT((#7190));
#7210=CARTESIAN_POINT('',(-3.9904003587298213E+01,1.7278852824316125E+01
   ,-1.8749999999999982E+00));
#7220=DIRECTION('',(3.5305725243424335E-01,0.0000000000000000E+00,
   -9.3560171895074196E-01));
#7230=DIRECTION('',(-9.3560171895074196E-01,0.0000000000000000E+00,
   -3.5305725243424335E-01));
#7240=AXIS2_PLACEMENT_3D('',#7210,#7220,#7230);
#7250=PLANE('',#7240);
#7260=CARTESIAN_POINT('',(0.0000000000000000E+00,2.0708852824316118E+01,
   1.3183114561244658E+01));
#7270=DIRECTION('',(9.3560171895074196E-01,0.0000000000000000E+00,
   3.5305725243424335E-01));
#7280=VECTOR('',#7270,1.0000000000000000E+00);
#7290=LINE('',#7260,#7280);
#7300=CARTESIAN_POINT('',(-3.9904003587298213E+01,2.0708852824316118E+01
   ,-1.8749999999999982E+00));
#7310=VERTEX_POINT('',#7300);
#7320=CARTESIAN_POINT('',(-3.9359231886085752E+01,2.0708852824316118E+01
   ,-1.6694257731273707E+00));
#7330=VERTEX_POINT('',#7320);
#7340=EDGE_CURVE('',#7310,#7330,#7290,.T.);
#7350=ORIENTED_EDGE('',*,*,#7340,.F.);
#7360=CARTESIAN_POINT('',(-3.9359231886085752E+01,2.0208852824316125E+01
   ,-1.6694257731273707E+00));
#7370=DIRECTION('',(3.5305725243424335E-01,0.0000000000000000E+00,
   -9.3560171895074196E-01));
#7380=DIRECTION('',(-9.3560171895074185E-01,0.0000000000000000E+00,
   -3.5305725243424330E-01));
#7390=AXIS2_PLACEMENT_3D('',#7360,#7370,#7380);
#7400=ELLIPSE('',#7390,5.3441543540635905E-01,4.9999999999999867E-01);
#7410=CARTESIAN_POINT('',(-3.8876268972941219E+01,2.0338262346867381E+01
   ,-1.4871756172237725E+00));
#7420=VERTEX_POINT('',#7410);
#7430=EDGE_CURVE('',#7330,#7420,#7400,.T.);
#7440=ORIENTED_EDGE('',*,*,#7430,.F.);
#7450=CARTESIAN_POINT('',(-3.3426648001645773E+01,0.0000000000000000E+00
   ,5.6928512666130549E-01));
#7460=DIRECTION('',(-2.5759337550319977E-01,9.6135156507110675E-01,
   -9.7205047359698329E-02));
#7470=VECTOR('',#7460,1.0000000000000000E+00);
#7480=LINE('',#7450,#7470);
#7490=CARTESIAN_POINT('',(-3.8579003587298210E+01,1.9228852824316121E+01
   ,-1.3749999999999964E+00));
#7500=VERTEX_POINT('',#7490);
#7510=EDGE_CURVE('',#7500,#7420,#7480,.T.);
#7520=ORIENTED_EDGE('',*,*,#7510,.T.);
#7530=CARTESIAN_POINT('',(-3.8579003587298217E+01,0.0000000000000000E+00
   ,-1.3750000000000000E+00));
#7540=DIRECTION('',(0.0000000000000000E+00,1.0000000000000000E+00,
   0.0000000000000000E+00));
#7550=VECTOR('',#7540,1.0000000000000000E+00);
#7560=LINE('',#7530,#7550);
#7570=CARTESIAN_POINT('',(-3.8579003587298210E+01,1.7278852824316125E+01
   ,-1.3749999999999982E+00));
#7580=VERTEX_POINT('',#7570);
#7590=EDGE_CURVE('',#7580,#7500,#7560,.T.);
#7600=ORIENTED_EDGE('',*,*,#7590,.T.);
#7610=CARTESIAN_POINT('',(0.0000000000000000E+00,4.4292161952761923E+01,
   1.3183114561244658E+01));
#7620=DIRECTION('',(-7.8261493238007862E-01,-5.4799287516801631E-01,
   -2.9532638957738910E-01));
#7630=VECTOR('',#7620,1.0000000000000000E+00);
#7640=LINE('',#7610,#7630);
#7650=CARTESIAN_POINT('',(-3.9904003587298213E+01,1.6351077836188253E+01
   ,-1.8749999999999982E+00));
#7660=VERTEX_POINT('',#7650);
#7670=EDGE_CURVE('',#7580,#7660,#7640,.T.);
#7680=ORIENTED_EDGE('',*,*,#7670,.F.);
#7690=CARTESIAN_POINT('',(-3.9904003587298213E+01,0.0000000000000000E+00
   ,-1.8749999999999982E+00));
#7700=DIRECTION('',(0.0000000000000000E+00,1.0000000000000000E+00,
   0.0000000000000000E+00));
#7710=VECTOR('',#7700,1.0000000000000000E+00);
#7720=LINE('',#7690,#7710);
#7730=EDGE_CURVE('',#7660,#7310,#7720,.T.);
#7740=ORIENTED_EDGE('',*,*,#7730,.F.);
#7750=EDGE_LOOP('',(#7740,#7680,#7600,#7520,#7440,#7350));
#7760=FACE_OUTER_BOUND('',#7750,.T.);
#7770=ADVANCED_FACE('',(#7760),#7250,.F.);
#7780=COLOUR_RGB('',5.0196081399917603E-01,1.0000000000000000E+00,
   5.0196081399917603E-01);
#7790=FILL_AREA_STYLE_COLOUR('',#7780);
#7800=FILL_AREA_STYLE('',(#7790));
#7810=SURFACE_STYLE_FILL_AREA(#7800);
#7820=SURFACE_SIDE_STYLE('',(#7810));
#7830=SURFACE_STYLE_USAGE(.BOTH.,#7820);
#7840=PRESENTATION_STYLE_ASSIGNMENT((#7830));
#7850=CARTESIAN_POINT('',(0.0000000000000000E+00,0.0000000000000000E+00,
   -6.3750000000000000E+00));
#7860=DIRECTION('',(0.0000000000000000E+00,0.0000000000000000E+00,
   1.0000000000000000E+00));
#7870=DIRECTION('',(1.0000000000000000E+00,0.0000000000000000E+00,
   0.0000000000000000E+00));
#7880=AXIS2_PLACEMENT_3D('',#7850,#7860,#7870);
#7890=PLANE('',#7880);
#7900=CARTESIAN_POINT('',(0.0000000000000000E+00,1.9228852824316121E+01,
   -6.3749999999999982E+00));
#7910=DIRECTION('',(-1.0000000000000000E+00,0.0000000000000000E+00,
   0.0000000000000000E+00));
#7920=VECTOR('',#7910,1.0000000000000000E+00);
#7930=LINE('',#7900,#7920);
#7940=CARTESIAN_POINT('',(-3.8194003587298212E+01,1.9228852824316121E+01
   ,-6.3749999999999982E+00));
#7950=VERTEX_POINT('',#7940);
#7960=EDGE_CURVE('',#7950,#6950,#7930,.T.);
#7970=ORIENTED_EDGE('',*,*,#7960,.T.);
#7980=CARTESIAN_POINT('',(-3.8194003587298212E+01,0.0000000000000000E+00
   ,-6.3749999999999982E+00));
#7990=DIRECTION('',(0.0000000000000000E+00,1.0000000000000000E+00,
   0.0000000000000000E+00));
#8000=VECTOR('',#7990,1.0000000000000000E+00);
#8010=LINE('',#7980,#8000);
#8020=CARTESIAN_POINT('',(-3.8194003587298212E+01,1.7278852824316125E+01
   ,-6.3749999999999982E+00));
#8030=VERTEX_POINT('',#8020);
#8040=EDGE_CURVE('',#8030,#7950,#8010,.T.);
#8050=ORIENTED_EDGE('',*,*,#8040,.T.);
#8060=CARTESIAN_POINT('',(0.0000000000000000E+00,1.7278852824316125E+01,
   -6.3749999999999982E+00));
#8070=DIRECTION('',(1.0000000000000000E+00,0.0000000000000000E+00,
   0.0000000000000000E+00));
#8080=VECTOR('',#8070,1.0000000000000000E+00);
#8090=LINE('',#8060,#8080);
#8100=EDGE_CURVE('',#3320,#8030,#8090,.T.);
#8110=ORIENTED_EDGE('',*,*,#8100,.T.);
#8120=ORIENTED_EDGE('',*,*,#7020,.F.);
#8130=EDGE_LOOP('',(#8120,#8110,#8050,#7970));
#8140=FACE_OUTER_BOUND('',#8130,.T.);
#8150=ADVANCED_FACE('',(#8140),#7890,.T.);
#8160=COLOUR_RGB('',5.0196081399917603E-01,1.0000000000000000E+00,
   5.0196081399917603E-01);
#8170=FILL_AREA_STYLE_COLOUR('',#8160);
#8180=FILL_AREA_STYLE('',(#8170));
#8190=SURFACE_STYLE_FILL_AREA(#8180);
#8200=SURFACE_SIDE_STYLE('',(#8190));
#8210=SURFACE_STYLE_USAGE(.BOTH.,#8200);
#8220=PRESENTATION_STYLE_ASSIGNMENT((#8210));
#8230=CARTESIAN_POINT('',(-3.5829003587298210E+01,2.4373852824316117E+01
   ,-5.0000000000000000E+00));
#8240=DIRECTION('',(0.0000000000000000E+00,1.0000000000000000E+00,
   0.0000000000000000E+00));
#8250=DIRECTION('',(1.0000000000000000E+00,0.0000000000000000E+00,
   0.0000000000000000E+00));
#8260=AXIS2_PLACEMENT_3D('',#8230,#8240,#8250);
#8270=CYLINDRICAL_SURFACE('',#8260,1.9150000000000134E+00);
#8280=CARTESIAN_POINT('',(-3.7744003587298224E+01,2.4373852824316117E+01
   ,-5.0000000000000000E+00));
#8290=DIRECTION('',(0.0000000000000000E+00,1.0000000000000000E+00,
   0.0000000000000000E+00));
#8300=VECTOR('',#8290,1.0000000000000000E+00);
#8310=LINE('',#8280,#8300);
#8320=CARTESIAN_POINT('',(-3.7744003587298224E+01,2.5508852824316115E+01
   ,-5.0000000000000000E+00));
#8330=VERTEX_POINT('',#8320);
#8340=EDGE_CURVE('',#2870,#8330,#8310,.T.);
#8350=ORIENTED_EDGE('',*,*,#8340,.F.);
#8360=CARTESIAN_POINT('',(-3.5829003587298210E+01,2.5508852824316115E+01
   ,-5.0000000000000000E+00));
#8370=DIRECTION('',(0.0000000000000000E+00,1.0000000000000000E+00,
   0.0000000000000000E+00));
#8380=DIRECTION('',(1.0000000000000000E+00,0.0000000000000000E+00,
   0.0000000000000000E+00));
#8390=AXIS2_PLACEMENT_3D('',#8360,#8370,#8380);
#8400=CIRCLE('',#8390,1.9150000000000134E+00);
#8410=CARTESIAN_POINT('',(-3.3914003587298197E+01,2.5508852824316115E+01
   ,-5.0000000000000000E+00));
#8420=VERTEX_POINT('',#8410);
#8430=EDGE_CURVE('',#8420,#8330,#8400,.T.);
#8440=ORIENTED_EDGE('',*,*,#8430,.T.);
#8450=CARTESIAN_POINT('',(-3.3914003587298197E+01,2.4373852824316117E+01
   ,-5.0000000000000000E+00));
#8460=DIRECTION('',(0.0000000000000000E+00,1.0000000000000000E+00,
   0.0000000000000000E+00));
#8470=VECTOR('',#8460,1.0000000000000000E+00);
#8480=LINE('',#8450,#8470);
#8490=EDGE_CURVE('',#2890,#8420,#8480,.T.);
#8500=ORIENTED_EDGE('',*,*,#8490,.T.);
#8510=ORIENTED_EDGE('',*,*,#2920,.F.);
#8520=EDGE_LOOP('',(#8510,#8500,#8440,#8350));
#8530=FACE_OUTER_BOUND('',#8520,.T.);
#8540=ADVANCED_FACE('',(#8530),#8270,.F.);
#8550=COLOUR_RGB('',5.0196081399917603E-01,1.0000000000000000E+00,
   5.0196081399917603E-01);
#8560=FILL_AREA_STYLE_COLOUR('',#8550);
#8570=FILL_AREA_STYLE('',(#8560));
#8580=SURFACE_STYLE_FILL_AREA(#8570);
#8590=SURFACE_SIDE_STYLE('',(#8580));
#8600=SURFACE_STYLE_USAGE(.BOTH.,#8590);
#8610=PRESENTATION_STYLE_ASSIGNMENT((#8600));
#8620=CARTESIAN_POINT('',(-3.6076490960713485E+01,2.4538852824316109E+01
   ,5.2474873734152823E+00));
#8630=DIRECTION('',(7.0710678118654746E-01,0.0000000000000000E+00,
   -7.0710678118654757E-01));
#8640=DIRECTION('',(0.0000000000000000E+00,-1.0000000000000000E+00,
   0.0000000000000000E+00));
#8650=AXIS2_PLACEMENT_3D('',#8620,#8630,#8640);
#8660=PLANE('',#8650);
#8670=CARTESIAN_POINT('',(-8.8925674828030196E+01,2.4538852824316116E+01
   ,-4.7601696493901422E+01));
#8680=DIRECTION('',(-7.0710678118654757E-01,0.0000000000000000E+00,
   -7.0710678118654746E-01));
#8690=VECTOR('',#8680,1.0000000000000000E+00);
#8700=LINE('',#8670,#8690);
#8710=CARTESIAN_POINT('',(-3.6483998472459014E+01,2.4538852824316116E+01
   ,4.8399798616697529E+00));
#8720=VERTEX_POINT('',#8710);
#8730=CARTESIAN_POINT('',(-3.7397002225337957E+01,2.4538852824316116E+01
   ,3.9269761087909192E+00));
#8740=VERTEX_POINT('',#8730);
#8750=EDGE_CURVE('',#8720,#8740,#8700,.T.);
#8760=ORIENTED_EDGE('',*,*,#8750,.F.);
#8770=CARTESIAN_POINT('',(-3.7397002225337914E+01,2.3082795793605840E+01
   ,3.9269761087908552E+00));
#8780=DIRECTION('',(0.0000000000000000E+00,1.0000000000000000E+00,
   0.0000000000000000E+00));
#8790=VECTOR('',#8780,1.0000000000000000E+00);
#8800=LINE('',#8770,#8790);
#8810=CARTESIAN_POINT('',(-3.7397002225337914E+01,2.3538852824316109E+01
   ,3.9269761087908552E+00));
#8820=VERTEX_POINT('',#8810);
#8830=EDGE_CURVE('',#8820,#8740,#8800,.T.);
#8840=ORIENTED_EDGE('',*,*,#8830,.T.);
#8850=CARTESIAN_POINT('',(-8.8925674828030196E+01,2.3538852824316109E+01
   ,-4.7601696493901422E+01));
#8860=DIRECTION('',(-7.0710678118654757E-01,0.0000000000000000E+00,
   -7.0710678118654746E-01));
#8870=VECTOR('',#8860,1.0000000000000000E+00);
#8880=LINE('',#8850,#8870);
#8890=CARTESIAN_POINT('',(-3.6483998472459021E+01,2.3538852824316109E+01
   ,4.8399798616697636E+00));
#8900=VERTEX_POINT('',#8890);
#8910=EDGE_CURVE('',#8900,#8820,#8880,.T.);
#8920=ORIENTED_EDGE('',*,*,#8910,.T.);
#8930=CARTESIAN_POINT('',(-3.6483998472459014E+01,3.5508852824316115E+01
   ,4.8399798616697529E+00));
#8940=DIRECTION('',(0.0000000000000000E+00,-1.0000000000000000E+00,
   0.0000000000000000E+00));
#8950=VECTOR('',#8940,1.0000000000000000E+00);
#8960=LINE('',#8930,#8950);
#8970=EDGE_CURVE('',#8720,#8900,#8960,.T.);
#8980=ORIENTED_EDGE('',*,*,#8970,.T.);
#8990=EDGE_LOOP('',(#8980,#8920,#8840,#8760));
#9000=FACE_OUTER_BOUND('',#8990,.T.);
#9010=ADVANCED_FACE('',(#9000),#8660,.T.);
#9020=COLOUR_RGB('',9.4901967048645020E-01,9.4901967048645020E-01,
   1.0000000000000000E+00);
#9030=FILL_AREA_STYLE_COLOUR('',#9020);
#9040=FILL_AREA_STYLE('',(#9030));
#9050=SURFACE_STYLE_FILL_AREA(#9040);
#9060=SURFACE_SIDE_STYLE('',(#9050));
#9070=SURFACE_STYLE_USAGE(.BOTH.,#9060);
#9080=PRESENTATION_STYLE_ASSIGNMENT((#9070));
#9090=CARTESIAN_POINT('',(0.0000000000000000E+00,0.0000000000000000E+00,
   -7.5000000000000000E+00));
#9100=DIRECTION('',(0.0000000000000000E+00,0.0000000000000000E+00,
   1.0000000000000000E+00));
#9110=DIRECTION('',(1.0000000000000000E+00,0.0000000000000000E+00,
   0.0000000000000000E+00));
#9120=AXIS2_PLACEMENT_3D('',#9090,#9100,#9110);
#9130=PLANE('',#9120);
#9140=CARTESIAN_POINT('',(-3.3812667081287692E+01,2.5008852824316115E+01
   ,-7.5000000000000000E+00));
#9150=DIRECTION('',(0.0000000000000000E+00,0.0000000000000000E+00,
   1.0000000000000000E+00));
#9160=DIRECTION('',(1.0000000000000000E+00,0.0000000000000000E+00,
   0.0000000000000000E+00));
#9170=AXIS2_PLACEMENT_3D('',#9140,#9150,#9160);
#9180=CIRCLE('',#9170,5.0000000000000555E-01);
#9190=CARTESIAN_POINT('',(-3.3329704168143152E+01,2.5138262346867378E+01
   ,-7.5000000000000000E+00));
#9200=VERTEX_POINT('',#9190);
#9210=CARTESIAN_POINT('',(-3.3812667081287692E+01,2.5508852824316115E+01
   ,-7.5000000000000000E+00));
#9220=VERTEX_POINT('',#9210);
#9230=EDGE_CURVE('',#9200,#9220,#9180,.T.);
#9240=ORIENTED_EDGE('',*,*,#9230,.F.);
#9250=CARTESIAN_POINT('',(0.0000000000000000E+00,2.5508852824316115E+01,
   -7.5000000000000000E+00));
#9260=DIRECTION('',(1.0000000000000000E+00,0.0000000000000000E+00,
   0.0000000000000000E+00));
#9270=VECTOR('',#9260,1.0000000000000000E+00);
#9280=LINE('',#9250,#9270);
#9290=CARTESIAN_POINT('',(-3.7809453771709563E+01,2.5508852824316115E+01
   ,-7.5000000000000000E+00));
#9300=VERTEX_POINT('',#9290);
#9310=EDGE_CURVE('',#9300,#9220,#9280,.T.);
#9320=ORIENTED_EDGE('',*,*,#9310,.T.);
#9330=CARTESIAN_POINT('',(-3.7809453771709563E+01,2.5008852824316115E+01
   ,-7.5000000000000000E+00));
#9340=DIRECTION('',(0.0000000000000000E+00,0.0000000000000000E+00,
   1.0000000000000000E+00));
#9350=DIRECTION('',(1.0000000000000000E+00,0.0000000000000000E+00,
   0.0000000000000000E+00));
#9360=AXIS2_PLACEMENT_3D('',#9330,#9340,#9350);
#9370=CIRCLE('',#9360,5.0000000000000000E-01);
#9380=CARTESIAN_POINT('',(-3.8301857648215666E+01,2.5095676913149589E+01
   ,-7.5000000000000000E+00));
#9390=VERTEX_POINT('',#9380);
#9400=EDGE_CURVE('',#9300,#9390,#9370,.T.);
#9410=ORIENTED_EDGE('',*,*,#9400,.F.);
#9420=CARTESIAN_POINT('',(-4.2726902587146483E+01,0.0000000000000000E+00
   ,-7.5000000000000000E+00));
#9430=DIRECTION('',(1.7364817766693072E-01,9.8480775301220802E-01,
   0.0000000000000000E+00));
#9440=VECTOR('',#9430,1.0000000000000000E+00);
#9450=LINE('',#9420,#9440);
#9460=CARTESIAN_POINT('',(-3.8981919794923357E+01,2.1238852824316119E+01
   ,-7.5000000000000000E+00));
#9470=VERTEX_POINT('',#9460);
#9480=EDGE_CURVE('',#9470,#9390,#9450,.T.);
#9490=ORIENTED_EDGE('',*,*,#9480,.T.);
#9500=CARTESIAN_POINT('',(0.0000000000000000E+00,2.1238852824316119E+01,
   -7.5000000000000000E+00));
#9510=DIRECTION('',(1.0000000000000000E+00,0.0000000000000000E+00,
   0.0000000000000000E+00));
#9520=VECTOR('',#9510,1.0000000000000000E+00);
#9530=LINE('',#9500,#9520);
#9540=CARTESIAN_POINT('',(-3.9604003587298209E+01,2.1238852824316119E+01
   ,-7.5000000000000000E+00));
#9550=VERTEX_POINT('',#9540);
#9560=EDGE_CURVE('',#9550,#9470,#9530,.T.);
#9570=ORIENTED_EDGE('',*,*,#9560,.T.);
#9580=CARTESIAN_POINT('',(-3.9604003587298209E+01,2.0938852824316122E+01
   ,-7.5000000000000000E+00));
#9590=DIRECTION('',(0.0000000000000000E+00,0.0000000000000000E+00,
   1.0000000000000000E+00));
#9600=DIRECTION('',(1.0000000000000000E+00,0.0000000000000000E+00,
   0.0000000000000000E+00));
#9610=AXIS2_PLACEMENT_3D('',#9580,#9590,#9600);
#9620=CIRCLE('',#9610,3.0000000000000071E-01);
#9630=CARTESIAN_POINT('',(-3.9904003587298206E+01,2.0938852824316122E+01
   ,-7.5000000000000000E+00));
#9640=VERTEX_POINT('',#9630);
#9650=EDGE_CURVE('',#9550,#9640,#9620,.T.);
#9660=ORIENTED_EDGE('',*,*,#9650,.F.);
#9670=CARTESIAN_POINT('',(-3.9904003587298213E+01,0.0000000000000000E+00
   ,-7.5000000000000000E+00));
#9680=DIRECTION('',(0.0000000000000000E+00,1.0000000000000000E+00,
   0.0000000000000000E+00));
#9690=VECTOR('',#9680,1.0000000000000000E+00);
#9700=LINE('',#9670,#9690);
#9710=CARTESIAN_POINT('',(-3.9904003587298213E+01,1.5508852824316122E+01
   ,-7.5000000000000000E+00));
#9720=VERTEX_POINT('',#9710);
#9730=EDGE_CURVE('',#9720,#9640,#9700,.T.);
#9740=ORIENTED_EDGE('',*,*,#9730,.T.);
#9750=CARTESIAN_POINT('',(0.0000000000000000E+00,1.5508852824316122E+01,
   -7.5000000000000000E+00));
#9760=DIRECTION('',(-1.0000000000000000E+00,0.0000000000000000E+00,
   0.0000000000000000E+00));
#9770=VECTOR('',#9760,1.0000000000000000E+00);
#9780=LINE('',#9750,#9770);
#9790=CARTESIAN_POINT('',(-3.9181003587298207E+01,1.5508852824316122E+01
   ,-7.5000000000000000E+00));
#9800=VERTEX_POINT('',#9790);
#9810=EDGE_CURVE('',#9800,#9720,#9780,.T.);
#9820=ORIENTED_EDGE('',*,*,#9810,.T.);
#9830=CARTESIAN_POINT('',(-3.9181003587298207E+01,0.0000000000000000E+00
   ,-7.5000000000000000E+00));
#9840=DIRECTION('',(0.0000000000000000E+00,1.0000000000000000E+00,
   0.0000000000000000E+00));
#9850=VECTOR('',#9840,1.0000000000000000E+00);
#9860=LINE('',#9830,#9850);
#9870=CARTESIAN_POINT('',(-3.9181003587298207E+01,2.0008852824316122E+01
   ,-7.5000000000000000E+00));
#9880=VERTEX_POINT('',#9870);
#9890=EDGE_CURVE('',#9800,#9880,#9860,.T.);
#9900=ORIENTED_EDGE('',*,*,#9890,.F.);
#9910=CARTESIAN_POINT('',(0.0000000000000000E+00,2.0008852824316122E+01,
   -7.5000000000000000E+00));
#9920=DIRECTION('',(-1.0000000000000000E+00,0.0000000000000000E+00,
   0.0000000000000000E+00));
#9930=VECTOR('',#9920,1.0000000000000000E+00);
#9940=LINE('',#9910,#9930);
#9950=CARTESIAN_POINT('',(-3.8767003587298177E+01,2.0008852824316122E+01
   ,-7.5000000000000000E+00));
#9960=VERTEX_POINT('',#9950);
#9970=EDGE_CURVE('',#9960,#9880,#9940,.T.);
#9980=ORIENTED_EDGE('',*,*,#9970,.T.);
#9990=CARTESIAN_POINT('',(-3.8767003587298177E+01,0.0000000000000000E+00
   ,-7.5000000000000000E+00));
#10000=DIRECTION('',(0.0000000000000000E+00,-1.0000000000000000E+00,
   0.0000000000000000E+00));
#10010=VECTOR('',#10000,1.0000000000000000E+00);
#10020=LINE('',#9990,#10010);
#10030=CARTESIAN_POINT('',(-3.8767003587298184E+01,
   1.5508852824316122E+01,-7.5000000000000000E+00));
#10040=VERTEX_POINT('',#10030);
#10050=EDGE_CURVE('',#9960,#10040,#10020,.T.);
#10060=ORIENTED_EDGE('',*,*,#10050,.F.);
#10070=CARTESIAN_POINT('',(-3.1754003587298200E+01,
   1.5508852824316122E+01,-7.5000000000000000E+00));
#10080=VERTEX_POINT('',#10070);
#10090=EDGE_CURVE('',#10080,#10040,#9780,.T.);
#10100=ORIENTED_EDGE('',*,*,#10090,.T.);
#10110=CARTESIAN_POINT('',(-3.1754003587298158E+01,
   0.0000000000000000E+00,-7.5000000000000000E+00));
#10120=DIRECTION('',(2.8660047167381970E-15,-1.0000000000000000E+00,
   0.0000000000000000E+00));
#10130=VECTOR('',#10120,1.0000000000000000E+00);
#10140=LINE('',#10110,#10130);
#10150=CARTESIAN_POINT('',(-3.1754003587298207E+01,
   1.9257667721638242E+01,-7.4999999999999991E+00));
#10160=VERTEX_POINT('',#10150);
#10170=EDGE_CURVE('',#10160,#10080,#10140,.T.);
#10180=ORIENTED_EDGE('',*,*,#10170,.T.);
#10190=CARTESIAN_POINT('',(-2.6593927073178364E+01,
   0.0000000000000000E+00,-7.4999999999999991E+00));
#10200=DIRECTION('',(-2.5881904510251968E-01,9.6592582628906865E-01,
   0.0000000000000000E+00));
#10210=VECTOR('',#10200,1.0000000000000000E+00);
#10220=LINE('',#10190,#10210);
#10230=EDGE_CURVE('',#10160,#9200,#10220,.T.);
#10240=ORIENTED_EDGE('',*,*,#10230,.F.);
#10250=EDGE_LOOP('',(#10240,#10180,#10100,#10060,#9980,#9900,#9820,#9740
   ,#9660,#9570,#9490,#9410,#9320,#9240));
#10260=FACE_OUTER_BOUND('',#10250,.T.);
#10270=ADVANCED_FACE('',(#10260),#9130,.F.);
#10280=COLOUR_RGB('',5.0196081399917603E-01,1.0000000000000000E+00,
   5.0196081399917603E-01);
#10290=FILL_AREA_STYLE_COLOUR('',#10280);
#10300=FILL_AREA_STYLE('',(#10290));
#10310=SURFACE_STYLE_FILL_AREA(#10300);
#10320=SURFACE_SIDE_STYLE('',(#10310));
#10330=SURFACE_STYLE_USAGE(.BOTH.,#10320);
#10340=PRESENTATION_STYLE_ASSIGNMENT((#10330));
#10350=ORIENTED_EDGE('',*,*,#6030,.T.);
#10360=ORIENTED_EDGE('',*,*,#6640,.T.);
#10370=CARTESIAN_POINT('',(-3.7397002225337914E+01,
   2.3538852824316109E+01,-1.0730238912091448E+00));
#10380=VERTEX_POINT('',#10370);
#10390=EDGE_CURVE('',#4110,#10380,#4170,.T.);
#10400=ORIENTED_EDGE('',*,*,#10390,.F.);
#10410=CARTESIAN_POINT('',(-3.5829003587298203E+01,
   2.3538852824316109E+01,0.0000000000000000E+00));
#10420=DIRECTION('',(0.0000000000000000E+00,1.0000000000000000E+00,
   0.0000000000000000E+00));
#10430=DIRECTION('',(-1.0000000000000000E+00,0.0000000000000000E+00,
   0.0000000000000000E+00));
#10440=AXIS2_PLACEMENT_3D('',#10410,#10420,#10430);
#10450=CIRCLE('',#10440,1.8999999999999999E+00);
#10460=EDGE_CURVE('',#6020,#10380,#10450,.T.);
#10470=ORIENTED_EDGE('',*,*,#10460,.T.);
#10480=EDGE_LOOP('',(#10470,#10400,#10360,#10350));
#10490=FACE_OUTER_BOUND('',#10480,.T.);
#10500=ADVANCED_FACE('',(#10490),#6500,.T.);
#10510=COLOUR_RGB('',9.4901967048645020E-01,9.4901967048645020E-01,
   1.0000000000000000E+00);
#10520=FILL_AREA_STYLE_COLOUR('',#10510);
#10530=FILL_AREA_STYLE('',(#10520));
#10540=SURFACE_STYLE_FILL_AREA(#10530);
#10550=SURFACE_SIDE_STYLE('',(#10540));
#10560=SURFACE_STYLE_USAGE(.BOTH.,#10550);
#10570=PRESENTATION_STYLE_ASSIGNMENT((#10560));
#10580=CARTESIAN_POINT('',(-3.8194003587298212E+01,
   1.7278852824316125E+01,-5.0000000000000000E+00));
#10590=DIRECTION('',(-0.0000000000000000E+00,-1.0000000000000000E+00,
   -0.0000000000000000E+00));
#10600=DIRECTION('',(-1.0000000000000000E+00,0.0000000000000000E+00,
   0.0000000000000000E+00));
#10610=AXIS2_PLACEMENT_3D('',#10580,#10590,#10600);
#10620=PLANE('',#10610);
#10630=CARTESIAN_POINT('',(0.0000000000000000E+00,1.7278852824316125E+01
   ,-3.6250000000000018E+00));
#10640=DIRECTION('',(-1.0000000000000000E+00,0.0000000000000000E+00,
   0.0000000000000000E+00));
#10650=VECTOR('',#10640,1.0000000000000000E+00);
#10660=LINE('',#10630,#10650);
#10670=CARTESIAN_POINT('',(-3.8194003587298212E+01,
   1.7278852824316125E+01,-3.6250000000000018E+00));
#10680=VERTEX_POINT('',#10670);
#10690=EDGE_CURVE('',#10680,#3160,#10660,.T.);
#10700=ORIENTED_EDGE('',*,*,#10690,.F.);
#10710=ORIENTED_EDGE('',*,*,#3390,.T.);
#10720=ORIENTED_EDGE('',*,*,#8100,.F.);
#10730=CARTESIAN_POINT('',(-3.8194003587298226E+01,
   1.7278852824316125E+01,-5.0000000000000000E+00));
#10740=DIRECTION('',(0.0000000000000000E+00,0.0000000000000000E+00,
   1.0000000000000000E+00));
#10750=VECTOR('',#10740,1.0000000000000000E+00);
#10760=LINE('',#10730,#10750);
#10770=EDGE_CURVE('',#8030,#10680,#10760,.T.);
#10780=ORIENTED_EDGE('',*,*,#10770,.F.);
#10790=EDGE_LOOP('',(#10780,#10720,#10710,#10700));
#10800=FACE_OUTER_BOUND('',#10790,.T.);
#10810=ADVANCED_FACE('',(#10800),#10620,.F.);
#10820=COLOUR_RGB('',5.0196081399917603E-01,1.0000000000000000E+00,
   5.0196081399917603E-01);
#10830=FILL_AREA_STYLE_COLOUR('',#10820);
#10840=FILL_AREA_STYLE('',(#10830));
#10850=SURFACE_STYLE_FILL_AREA(#10840);
#10860=SURFACE_SIDE_STYLE('',(#10850));
#10870=SURFACE_STYLE_USAGE(.BOTH.,#10860);
#10880=PRESENTATION_STYLE_ASSIGNMENT((#10870));
#10890=CARTESIAN_POINT('',(-3.6122820727760129E+01,
   1.5008852824316122E+01,-6.7075988473102832E-01));
#10900=DIRECTION('',(0.0000000000000000E+00,-1.0000000000000000E+00,
   0.0000000000000000E+00));
#10910=DIRECTION('',(1.0000000000000000E+00,0.0000000000000000E+00,
   0.0000000000000000E+00));
#10920=AXIS2_PLACEMENT_3D('',#10890,#10900,#10910);
#10930=PLANE('',#10920);
#10940=CARTESIAN_POINT('',(-8.8925674828030196E+01,
   1.5008852824316122E+01,5.0000000000000000E+00));
#10950=DIRECTION('',(1.0000000000000000E+00,0.0000000000000000E+00,
   0.0000000000000000E+00));
#10960=VECTOR('',#10950,1.0000000000000000E+00);
#10970=LINE('',#10940,#10960);
#10980=CARTESIAN_POINT('',(-3.6504003587298214E+01,
   1.5008852824316122E+01,5.0000000000000000E+00));
#10990=VERTEX_POINT('',#10980);
#11000=CARTESIAN_POINT('',(-3.6104003587298216E+01,
   1.5008852824316122E+01,5.0000000000000000E+00));
#11010=VERTEX_POINT('',#11000);
#11020=EDGE_CURVE('',#10990,#11010,#10970,.T.);
#11030=ORIENTED_EDGE('',*,*,#11020,.F.);
#11040=CARTESIAN_POINT('',(-3.6104003587298216E+01,
   1.5008852824316122E+01,5.0000000000000000E+00));
#11050=DIRECTION('',(0.0000000000000000E+00,0.0000000000000000E+00,
   -1.0000000000000000E+00));
#11060=VECTOR('',#11050,1.0000000000000000E+00);
#11070=LINE('',#11040,#11060);
#11080=CARTESIAN_POINT('',(-3.6104003587298216E+01,
   1.5008852824316122E+01,4.5000000000000000E+00));
#11090=VERTEX_POINT('',#11080);
#11100=EDGE_CURVE('',#11010,#11090,#11070,.T.);
#11110=ORIENTED_EDGE('',*,*,#11100,.F.);
#11120=CARTESIAN_POINT('',(-8.8925674828030196E+01,
   1.5008852824316122E+01,4.5000000000000000E+00));
#11130=DIRECTION('',(1.0000000000000000E+00,0.0000000000000000E+00,
   0.0000000000000000E+00));
#11140=VECTOR('',#11130,1.0000000000000000E+00);
#11150=LINE('',#11120,#11140);
#11160=CARTESIAN_POINT('',(-3.5604003587298216E+01,
   1.5008852824316122E+01,4.5000000000000000E+00));
#11170=VERTEX_POINT('',#11160);
#11180=EDGE_CURVE('',#11090,#11170,#11150,.T.);
#11190=ORIENTED_EDGE('',*,*,#11180,.F.);
#11200=CARTESIAN_POINT('',(-3.5604003587298216E+01,
   1.5008852824316122E+01,5.0000000000000000E+00));
#11210=DIRECTION('',(0.0000000000000000E+00,0.0000000000000000E+00,
   1.0000000000000000E+00));
#11220=VECTOR('',#11210,1.0000000000000000E+00);
#11230=LINE('',#11200,#11220);
#11240=CARTESIAN_POINT('',(-3.5604003587298216E+01,
   1.5008852824316122E+01,5.0000000000000036E+00));
#11250=VERTEX_POINT('',#11240);
#11260=EDGE_CURVE('',#11170,#11250,#11230,.T.);
#11270=ORIENTED_EDGE('',*,*,#11260,.F.);
#11280=CARTESIAN_POINT('',(-3.5204003587298217E+01,
   1.5008852824316122E+01,5.0000000000000000E+00));
#11290=VERTEX_POINT('',#11280);
#11300=EDGE_CURVE('',#11250,#11290,#10970,.T.);
#11310=ORIENTED_EDGE('',*,*,#11300,.F.);
#11320=CARTESIAN_POINT('',(-3.5854003587298216E+01,
   1.5008852824316122E+01,5.0000000000000000E+00));
#11330=DIRECTION('',(0.0000000000000000E+00,-1.0000000000000000E+00,
   0.0000000000000000E+00));
#11340=DIRECTION('',(1.0000000000000000E+00,0.0000000000000000E+00,
   0.0000000000000000E+00));
#11350=AXIS2_PLACEMENT_3D('',#11320,#11330,#11340);
#11360=CIRCLE('',#11350,6.5000000000000002E-01);
#11370=EDGE_CURVE('',#10990,#11290,#11360,.T.);
#11380=ORIENTED_EDGE('',*,*,#11370,.T.);
#11390=EDGE_LOOP('',(#11380,#11310,#11270,#11190,#11110,#11030));
#11400=FACE_OUTER_BOUND('',#11390,.T.);
#11410=ADVANCED_FACE('',(#11400),#10930,.T.);
#11420=COLOUR_RGB('',9.4901967048645020E-01,9.4901967048645020E-01,
   1.0000000000000000E+00);
#11430=FILL_AREA_STYLE_COLOUR('',#11420);
#11440=FILL_AREA_STYLE('',(#11430));
#11450=SURFACE_STYLE_FILL_AREA(#11440);
#11460=SURFACE_SIDE_STYLE('',(#11450));
#11470=SURFACE_STYLE_USAGE(.BOTH.,#11460);
#11480=PRESENTATION_STYLE_ASSIGNMENT((#11470));
#11490=CARTESIAN_POINT('',(-3.5854003587298216E+01,
   1.5508852824316122E+01,-5.0000000000000000E+00));
#11500=DIRECTION('',(0.0000000000000000E+00,-1.0000000000000000E+00,
   0.0000000000000000E+00));
#11510=DIRECTION('',(1.0000000000000000E+00,0.0000000000000000E+00,
   0.0000000000000000E+00));
#11520=AXIS2_PLACEMENT_3D('',#11490,#11500,#11510);
#11530=CYLINDRICAL_SURFACE('',#11520,6.5000000000000002E-01);
#11540=CARTESIAN_POINT('',(-3.5204003587298217E+01,
   1.5508852824316122E+01,-5.0000000000000000E+00));
#11550=DIRECTION('',(0.0000000000000000E+00,-1.0000000000000000E+00,
   0.0000000000000000E+00));
#11560=VECTOR('',#11550,1.0000000000000000E+00);
#11570=LINE('',#11540,#11560);
#11580=CARTESIAN_POINT('',(-3.5204003587298217E+01,
   1.5508852824316122E+01,-5.0000000000000000E+00));
#11590=VERTEX_POINT('',#11580);
#11600=CARTESIAN_POINT('',(-3.5204003587298217E+01,
   1.5008852824316122E+01,-5.0000000000000000E+00));
#11610=VERTEX_POINT('',#11600);
#11620=EDGE_CURVE('',#11590,#11610,#11570,.T.);
#11630=ORIENTED_EDGE('',*,*,#11620,.T.);
#11640=CARTESIAN_POINT('',(-3.5854003587298216E+01,
   1.5508852824316122E+01,-5.0000000000000000E+00));
#11650=DIRECTION('',(0.0000000000000000E+00,-1.0000000000000000E+00,
   0.0000000000000000E+00));
#11660=DIRECTION('',(1.0000000000000000E+00,0.0000000000000000E+00,
   0.0000000000000000E+00));
#11670=AXIS2_PLACEMENT_3D('',#11640,#11650,#11660);
#11680=CIRCLE('',#11670,6.5000000000000002E-01);
#11690=CARTESIAN_POINT('',(-3.6504003587298214E+01,
   1.5508852824316122E+01,-5.0000000000000000E+00));
#11700=VERTEX_POINT('',#11690);
#11710=EDGE_CURVE('',#11700,#11590,#11680,.T.);
#11720=ORIENTED_EDGE('',*,*,#11710,.T.);
#11730=CARTESIAN_POINT('',(-3.6504003587298214E+01,
   1.5508852824316122E+01,-5.0000000000000000E+00));
#11740=DIRECTION('',(0.0000000000000000E+00,-1.0000000000000000E+00,
   0.0000000000000000E+00));
#11750=VECTOR('',#11740,1.0000000000000000E+00);
#11760=LINE('',#11730,#11750);
#11770=CARTESIAN_POINT('',(-3.6504003587298214E+01,
   1.5008852824316122E+01,-5.0000000000000000E+00));
#11780=VERTEX_POINT('',#11770);
#11790=EDGE_CURVE('',#11700,#11780,#11760,.T.);
#11800=ORIENTED_EDGE('',*,*,#11790,.F.);
#11810=CARTESIAN_POINT('',(-3.5854003587298216E+01,
   1.5008852824316122E+01,-5.0000000000000000E+00));
#11820=DIRECTION('',(0.0000000000000000E+00,-1.0000000000000000E+00,
   0.0000000000000000E+00));
#11830=DIRECTION('',(1.0000000000000000E+00,0.0000000000000000E+00,
   0.0000000000000000E+00));
#11840=AXIS2_PLACEMENT_3D('',#11810,#11820,#11830);
#11850=CIRCLE('',#11840,6.5000000000000002E-01);
#11860=EDGE_CURVE('',#11780,#11610,#11850,.T.);
#11870=ORIENTED_EDGE('',*,*,#11860,.F.);
#11880=EDGE_LOOP('',(#11870,#11800,#11720,#11630));
#11890=FACE_OUTER_BOUND('',#11880,.T.);
#11900=ADVANCED_FACE('',(#11890),#11530,.T.);
#11910=COLOUR_RGB('',9.4901967048645020E-01,9.4901967048645020E-01,
   1.0000000000000000E+00);
#11920=FILL_AREA_STYLE_COLOUR('',#11910);
#11930=FILL_AREA_STYLE('',(#11920));
#11940=SURFACE_STYLE_FILL_AREA(#11930);
#11950=SURFACE_SIDE_STYLE('',(#11940));
#11960=SURFACE_STYLE_USAGE(.BOTH.,#11950);
#11970=PRESENTATION_STYLE_ASSIGNMENT((#11960));
#11980=CARTESIAN_POINT('',(-3.6122820727760129E+01,
   1.5008852824316122E+01,-5.6707598847310283E+00));
#11990=DIRECTION('',(0.0000000000000000E+00,-1.0000000000000000E+00,
   0.0000000000000000E+00));
#12000=DIRECTION('',(1.0000000000000000E+00,0.0000000000000000E+00,
   0.0000000000000000E+00));
#12010=AXIS2_PLACEMENT_3D('',#11980,#11990,#12000);
#12020=PLANE('',#12010);
#12030=CARTESIAN_POINT('',(-8.8925674828030196E+01,
   1.5008852824316122E+01,-5.0000000000000000E+00));
#12040=DIRECTION('',(-1.0000000000000000E+00,-0.0000000000000000E+00,
   0.0000000000000000E+00));
#12050=VECTOR('',#12040,1.0000000000000000E+00);
#12060=LINE('',#12030,#12050);
#12070=CARTESIAN_POINT('',(-3.6104003587298216E+01,
   1.5008852824316122E+01,-5.0000000000000000E+00));
#12080=VERTEX_POINT('',#12070);
#12090=EDGE_CURVE('',#12080,#11780,#12060,.T.);
#12100=ORIENTED_EDGE('',*,*,#12090,.T.);
#12110=CARTESIAN_POINT('',(-3.6104003587298216E+01,
   1.5008852824316122E+01,0.0000000000000000E+00));
#12120=DIRECTION('',(0.0000000000000000E+00,0.0000000000000000E+00,
   -1.0000000000000000E+00));
#12130=VECTOR('',#12120,1.0000000000000000E+00);
#12140=LINE('',#12110,#12130);
#12150=CARTESIAN_POINT('',(-3.6104003587298216E+01,
   1.5008852824316122E+01,-5.5000000000000000E+00));
#12160=VERTEX_POINT('',#12150);
#12170=EDGE_CURVE('',#12080,#12160,#12140,.T.);
#12180=ORIENTED_EDGE('',*,*,#12170,.F.);
#12190=CARTESIAN_POINT('',(-8.8925674828030196E+01,
   1.5008852824316122E+01,-5.5000000000000000E+00));
#12200=DIRECTION('',(1.0000000000000000E+00,0.0000000000000000E+00,
   0.0000000000000000E+00));
#12210=VECTOR('',#12200,1.0000000000000000E+00);
#12220=LINE('',#12190,#12210);
#12230=CARTESIAN_POINT('',(-3.5604003587298216E+01,
   1.5008852824316122E+01,-5.5000000000000000E+00));
#12240=VERTEX_POINT('',#12230);
#12250=EDGE_CURVE('',#12160,#12240,#12220,.T.);
#12260=ORIENTED_EDGE('',*,*,#12250,.F.);
#12270=CARTESIAN_POINT('',(-3.5604003587298216E+01,
   1.5008852824316122E+01,0.0000000000000000E+00));
#12280=DIRECTION('',(0.0000000000000000E+00,0.0000000000000000E+00,
   1.0000000000000000E+00));
#12290=VECTOR('',#12280,1.0000000000000000E+00);
#12300=LINE('',#12270,#12290);
#12310=CARTESIAN_POINT('',(-3.5604003587298216E+01,
   1.5008852824316122E+01,-5.0000000000000000E+00));
#12320=VERTEX_POINT('',#12310);
#12330=EDGE_CURVE('',#12240,#12320,#12300,.T.);
#12340=ORIENTED_EDGE('',*,*,#12330,.F.);
#12350=EDGE_CURVE('',#11610,#12320,#12060,.T.);
#12360=ORIENTED_EDGE('',*,*,#12350,.T.);
#12370=ORIENTED_EDGE('',*,*,#11860,.T.);
#12380=EDGE_LOOP('',(#12370,#12360,#12340,#12260,#12180,#12100));
#12390=FACE_OUTER_BOUND('',#12380,.T.);
#12400=ADVANCED_FACE('',(#12390),#12020,.T.);
#12410=COLOUR_RGB('',9.4901967048645020E-01,9.4901967048645020E-01,
   1.0000000000000000E+00);
#12420=FILL_AREA_STYLE_COLOUR('',#12410);
#12430=FILL_AREA_STYLE('',(#12420));
#12440=SURFACE_STYLE_FILL_AREA(#12430);
#12450=SURFACE_SIDE_STYLE('',(#12440));
#12460=SURFACE_STYLE_USAGE(.BOTH.,#12450);
#12470=PRESENTATION_STYLE_ASSIGNMENT((#12460));
#12480=CARTESIAN_POINT('',(-3.4871503587298207E+01,
   2.3238852824316119E+01,0.0000000000000000E+00));
#12490=DIRECTION('',(-0.0000000000000000E+00,-1.0000000000000000E+00,
   -0.0000000000000000E+00));
#12500=DIRECTION('',(-1.0000000000000000E+00,0.0000000000000000E+00,
   0.0000000000000000E+00));
#12510=AXIS2_PLACEMENT_3D('',#12480,#12490,#12500);
#12520=PLANE('',#12510);
#12530=CARTESIAN_POINT('',(-3.5829003587298210E+01,
   2.3238852824316119E+01,0.0000000000000000E+00));
#12540=DIRECTION('',(0.0000000000000000E+00,1.0000000000000000E+00,
   0.0000000000000000E+00));
#12550=DIRECTION('',(1.0000000000000000E+00,0.0000000000000000E+00,
   0.0000000000000000E+00));
#12560=AXIS2_PLACEMENT_3D('',#12530,#12540,#12550);
#12570=CIRCLE('',#12560,1.9150000000000134E+00);
#12580=CARTESIAN_POINT('',(-3.3914003587298197E+01,
   2.3238852824316119E+01,0.0000000000000000E+00));
#12590=VERTEX_POINT('',#12580);
#12600=CARTESIAN_POINT('',(-3.7744003587298224E+01,
   2.3238852824316119E+01,-2.3451986203671978E-16));
#12610=VERTEX_POINT('',#12600);
#12620=EDGE_CURVE('',#12590,#12610,#12570,.T.);
#12630=ORIENTED_EDGE('',*,*,#12620,.T.);
#12640=EDGE_CURVE('',#12610,#12590,#12570,.T.);
#12650=ORIENTED_EDGE('',*,*,#12640,.T.);
#12660=EDGE_LOOP('',(#12650,#12630));
#12670=FACE_OUTER_BOUND('',#12660,.T.);
#12680=CARTESIAN_POINT('',(-3.5829003587298203E+01,
   2.3238852824316119E+01,0.0000000000000000E+00));
#12690=DIRECTION('',(0.0000000000000000E+00,1.0000000000000000E+00,
   0.0000000000000000E+00));
#12700=DIRECTION('',(-1.0000000000000000E+00,0.0000000000000000E+00,
   0.0000000000000000E+00));
#12710=AXIS2_PLACEMENT_3D('',#12680,#12690,#12700);
#12720=CIRCLE('',#12710,1.8999999999999999E+00);
#12730=CARTESIAN_POINT('',(-3.3929003587298205E+01,
   2.3238852824316119E+01,2.3268289183799709E-16));
#12740=VERTEX_POINT('',#12730);
#12750=CARTESIAN_POINT('',(-3.7729003587298202E+01,
   2.3238852824316119E+01,0.0000000000000000E+00));
#12760=VERTEX_POINT('',#12750);
#12770=EDGE_CURVE('',#12740,#12760,#12720,.T.);
#12780=ORIENTED_EDGE('',*,*,#12770,.F.);
#12790=EDGE_CURVE('',#12760,#12740,#12720,.T.);
#12800=ORIENTED_EDGE('',*,*,#12790,.F.);
#12810=EDGE_LOOP('',(#12800,#12780));
#12820=FACE_BOUND('',#12810,.T.);
#12830=ADVANCED_FACE('',(#12670,#12820),#12520,.F.);
#12840=COLOUR_RGB('',5.0196081399917603E-01,1.0000000000000000E+00,
   5.0196081399917603E-01);
#12850=FILL_AREA_STYLE_COLOUR('',#12840);
#12860=FILL_AREA_STYLE('',(#12850));
#12870=SURFACE_STYLE_FILL_AREA(#12860);
#12880=SURFACE_SIDE_STYLE('',(#12870));
#12890=SURFACE_STYLE_USAGE(.BOTH.,#12880);
#12900=PRESENTATION_STYLE_ASSIGNMENT((#12890));
#12910=CARTESIAN_POINT('',(0.0000000000000000E+00,0.0000000000000000E+00
   ,-1.3750000000000000E+00));
#12920=DIRECTION('',(0.0000000000000000E+00,0.0000000000000000E+00,
   1.0000000000000000E+00));
#12930=DIRECTION('',(1.0000000000000000E+00,0.0000000000000000E+00,
   0.0000000000000000E+00));
#12940=AXIS2_PLACEMENT_3D('',#12910,#12920,#12930);
#12950=PLANE('',#12940);
#12960=CARTESIAN_POINT('',(0.0000000000000000E+00,1.9228852824316121E+01
   ,-1.3749999999999982E+00));
#12970=DIRECTION('',(-1.0000000000000000E+00,0.0000000000000000E+00,
   0.0000000000000000E+00));
#12980=VECTOR('',#12970,1.0000000000000000E+00);
#12990=LINE('',#12960,#12980);
#13000=EDGE_CURVE('',#5550,#7500,#12990,.T.);
#13010=ORIENTED_EDGE('',*,*,#13000,.T.);
#13020=ORIENTED_EDGE('',*,*,#5560,.T.);
#13030=CARTESIAN_POINT('',(0.0000000000000000E+00,1.7278852824316125E+01
   ,-1.3749999999999982E+00));
#13040=DIRECTION('',(1.0000000000000000E+00,0.0000000000000000E+00,
   0.0000000000000000E+00));
#13050=VECTOR('',#13040,1.0000000000000000E+00);
#13060=LINE('',#13030,#13050);
#13070=EDGE_CURVE('',#7580,#5470,#13060,.T.);
#13080=ORIENTED_EDGE('',*,*,#13070,.T.);
#13090=ORIENTED_EDGE('',*,*,#7590,.F.);
#13100=EDGE_LOOP('',(#13090,#13080,#13020,#13010));
#13110=FACE_OUTER_BOUND('',#13100,.T.);
#13120=ADVANCED_FACE('',(#13110),#12950,.T.);
#13130=COLOUR_RGB('',5.0196081399917603E-01,1.0000000000000000E+00,
   5.0196081399917603E-01);
#13140=FILL_AREA_STYLE_COLOUR('',#13130);
#13150=FILL_AREA_STYLE('',(#13140));
#13160=SURFACE_STYLE_FILL_AREA(#13150);
#13170=SURFACE_SIDE_STYLE('',(#13160));
#13180=SURFACE_STYLE_USAGE(.BOTH.,#13170);
#13190=PRESENTATION_STYLE_ASSIGNMENT((#13180));
#13200=CARTESIAN_POINT('',(-3.6323978334128768E+01,
   2.4538852824316116E+01,-5.0000000000000000E+00));
#13210=VERTEX_POINT('',#13200);
#13220=EDGE_CURVE('',#13210,#940,#920,.T.);
#13230=ORIENTED_EDGE('',*,*,#13220,.F.);
#13240=ORIENTED_EDGE('',*,*,#1190,.F.);
#13250=CARTESIAN_POINT('',(-3.6323978334128768E+01,
   2.3538852824316109E+01,-5.0000000000000000E+00));
#13260=VERTEX_POINT('',#13250);
#13270=EDGE_CURVE('',#13260,#1120,#1100,.T.);
#13280=ORIENTED_EDGE('',*,*,#13270,.T.);
#13290=CARTESIAN_POINT('',(-3.6323978334128768E+01,
   -2.6716239164827719E+01,-5.0000000000000000E+00));
#13300=DIRECTION('',(0.0000000000000000E+00,-1.0000000000000000E+00,
   0.0000000000000000E+00));
#13310=VECTOR('',#13300,1.0000000000000000E+00);
#13320=LINE('',#13290,#13310);
#13330=EDGE_CURVE('',#13210,#13260,#13320,.T.);
#13340=ORIENTED_EDGE('',*,*,#13330,.T.);
#13350=EDGE_LOOP('',(#13340,#13280,#13240,#13230));
#13360=FACE_OUTER_BOUND('',#13350,.T.);
#13370=ADVANCED_FACE('',(#13360),#880,.T.);
#13380=COLOUR_RGB('',9.4901967048645020E-01,9.4901967048645020E-01,
   1.0000000000000000E+00);
#13390=FILL_AREA_STYLE_COLOUR('',#13380);
#13400=FILL_AREA_STYLE('',(#13390));
#13410=SURFACE_STYLE_FILL_AREA(#13400);
#13420=SURFACE_SIDE_STYLE('',(#13410));
#13430=SURFACE_STYLE_USAGE(.BOTH.,#13420);
#13440=PRESENTATION_STYLE_ASSIGNMENT((#13430));
#13450=CARTESIAN_POINT('',(-3.5854003587298216E+01,
   1.2508852824316122E+01,4.6339745962155607E+00));
#13460=DIRECTION('',(0.0000000000000000E+00,2.5881904510252046E-01,
   9.6592582628906842E-01));
#13470=DIRECTION('',(0.0000000000000000E+00,9.6592582628906842E-01,
   -2.5881904510252046E-01));
#13480=AXIS2_PLACEMENT_3D('',#13450,#13460,#13470);
#13490=PLANE('',#13480);
#13500=CARTESIAN_POINT('',(-3.5604003587298216E+01,
   -2.6716239164827719E+01,1.5144306317743141E+01));
#13510=DIRECTION('',(0.0000000000000000E+00,9.6592582628906842E-01,
   -2.5881904510252046E-01));
#13520=VECTOR('',#13510,1.0000000000000000E+00);
#13530=LINE('',#13500,#13520);
#13540=CARTESIAN_POINT('',(-3.5604003587298216E+01,
   1.2008852824316129E+01,4.7679491924311215E+00));
#13550=VERTEX_POINT('',#13540);
#13560=CARTESIAN_POINT('',(-3.5604003587298216E+01,
   1.3008852824316122E+01,4.5000000000000000E+00));
#13570=VERTEX_POINT('',#13560);
#13580=EDGE_CURVE('',#13550,#13570,#13530,.T.);
#13590=ORIENTED_EDGE('',*,*,#13580,.F.);
#13600=CARTESIAN_POINT('',(-8.8925674828030196E+01,
   1.3008852824316122E+01,4.5000000000000000E+00));
#13610=DIRECTION('',(-1.0000000000000000E+00,0.0000000000000000E+00,
   0.0000000000000000E+00));
#13620=VECTOR('',#13610,1.0000000000000000E+00);
#13630=LINE('',#13600,#13620);
#13640=CARTESIAN_POINT('',(-3.6104003587298216E+01,
   1.3008852824316122E+01,4.5000000000000000E+00));
#13650=VERTEX_POINT('',#13640);
#13660=EDGE_CURVE('',#13570,#13650,#13630,.T.);
#13670=ORIENTED_EDGE('',*,*,#13660,.F.);
#13680=CARTESIAN_POINT('',(-3.6104003587298216E+01,
   -2.6716239164827719E+01,1.5144306317743141E+01));
#13690=DIRECTION('',(0.0000000000000000E+00,-9.6592582628906842E-01,
   2.5881904510252046E-01));
#13700=VECTOR('',#13690,1.0000000000000000E+00);
#13710=LINE('',#13680,#13700);
#13720=CARTESIAN_POINT('',(-3.6104003587298216E+01,
   1.2008852824316129E+01,4.7679491924311215E+00));
#13730=VERTEX_POINT('',#13720);
#13740=EDGE_CURVE('',#13650,#13730,#13710,.T.);
#13750=ORIENTED_EDGE('',*,*,#13740,.F.);
#13760=CARTESIAN_POINT('',(-8.8925674828030196E+01,
   1.2008852824316122E+01,4.7679491924311215E+00));
#13770=DIRECTION('',(1.0000000000000000E+00,0.0000000000000000E+00,
   0.0000000000000000E+00));
#13780=VECTOR('',#13770,1.0000000000000000E+00);
#13790=LINE('',#13760,#13780);
#13800=EDGE_CURVE('',#13730,#13550,#13790,.T.);
#13810=ORIENTED_EDGE('',*,*,#13800,.F.);
#13820=EDGE_LOOP('',(#13810,#13750,#13670,#13590));
#13830=FACE_OUTER_BOUND('',#13820,.T.);
#13840=ADVANCED_FACE('',(#13830),#13490,.F.);
#13850=COLOUR_RGB('',9.4901967048645020E-01,9.4901967048645020E-01,
   1.0000000000000000E+00);
#13860=FILL_AREA_STYLE_COLOUR('',#13850);
#13870=FILL_AREA_STYLE('',(#13860));
#13880=SURFACE_STYLE_FILL_AREA(#13870);
#13890=SURFACE_SIDE_STYLE('',(#13880));
#13900=SURFACE_STYLE_USAGE(.BOTH.,#13890);
#13910=PRESENTATION_STYLE_ASSIGNMENT((#13900));
#13920=CARTESIAN_POINT('',(-3.8194003587298212E+01,
   1.9228852824316121E+01,0.0000000000000000E+00));
#13930=DIRECTION('',(-0.0000000000000000E+00,1.0000000000000000E+00,
   0.0000000000000000E+00));
#13940=DIRECTION('',(1.0000000000000000E+00,0.0000000000000000E+00,
   0.0000000000000000E+00));
#13950=AXIS2_PLACEMENT_3D('',#13920,#13930,#13940);
#13960=PLANE('',#13950);
#13970=CARTESIAN_POINT('',(0.0000000000000000E+00,1.9228852824316121E+01
   ,1.3749999999999982E+00));
#13980=DIRECTION('',(1.0000000000000000E+00,0.0000000000000000E+00,
   0.0000000000000000E+00));
#13990=VECTOR('',#13980,1.0000000000000000E+00);
#14000=LINE('',#13970,#13990);
#14010=CARTESIAN_POINT('',(-3.8579003587298203E+01,
   1.9228852824316114E+01,1.3750000000000000E+00));
#14020=VERTEX_POINT('',#14010);
#14030=EDGE_CURVE('',#14020,#5370,#14000,.T.);
#14040=ORIENTED_EDGE('',*,*,#14030,.F.);
#14050=ORIENTED_EDGE('',*,*,#5620,.F.);
#14060=ORIENTED_EDGE('',*,*,#13000,.F.);
#14070=CARTESIAN_POINT('',(-3.8579003587298203E+01,
   1.9228852824316114E+01,0.0000000000000000E+00));
#14080=DIRECTION('',(0.0000000000000000E+00,0.0000000000000000E+00,
   -1.0000000000000000E+00));
#14090=VECTOR('',#14080,1.0000000000000000E+00);
#14100=LINE('',#14070,#14090);
#14110=EDGE_CURVE('',#14020,#7500,#14100,.T.);
#14120=ORIENTED_EDGE('',*,*,#14110,.T.);
#14130=EDGE_LOOP('',(#14120,#14060,#14050,#14040));
#14140=FACE_OUTER_BOUND('',#14130,.T.);
#14150=ADVANCED_FACE('',(#14140),#13960,.F.);
#14160=COLOUR_RGB('',5.0196081399917603E-01,1.0000000000000000E+00,
   5.0196081399917603E-01);
#14170=FILL_AREA_STYLE_COLOUR('',#14160);
#14180=FILL_AREA_STYLE('',(#14170));
#14190=SURFACE_STYLE_FILL_AREA(#14180);
#14200=SURFACE_SIDE_STYLE('',(#14190));
#14210=SURFACE_STYLE_USAGE(.BOTH.,#14200);
#14220=PRESENTATION_STYLE_ASSIGNMENT((#14210));
#14230=CARTESIAN_POINT('',(-3.5854003587298216E+01,
   2.4538852824316116E+01,5.0000000000000000E+00));
#14240=DIRECTION('',(0.0000000000000000E+00,-1.0000000000000000E+00,
   0.0000000000000000E+00));
#14250=DIRECTION('',(1.0000000000000000E+00,0.0000000000000000E+00,
   0.0000000000000000E+00));
#14260=AXIS2_PLACEMENT_3D('',#14230,#14240,#14250);
#14270=CIRCLE('',#14260,6.5000000000000002E-01);
#14280=CARTESIAN_POINT('',(-3.6504003587298214E+01,
   2.4538852824316116E+01,5.0000000000000000E+00));
#14290=VERTEX_POINT('',#14280);
#14300=EDGE_CURVE('',#14290,#8720,#14270,.T.);
#14310=ORIENTED_EDGE('',*,*,#14300,.F.);
#14320=CARTESIAN_POINT('',(-3.6323978334128768E+01,
   2.4538852824316116E+01,5.0000000000000071E+00));
#14330=VERTEX_POINT('',#14320);
#14340=EDGE_CURVE('',#14330,#8720,#8700,.T.);
#14350=ORIENTED_EDGE('',*,*,#14340,.T.);
#14360=CARTESIAN_POINT('',(-8.8925674828030196E+01,
   2.4538852824316116E+01,5.0000000000000000E+00));
#14370=DIRECTION('',(-1.0000000000000000E+00,0.0000000000000000E+00,
   0.0000000000000000E+00));
#14380=VECTOR('',#14370,1.0000000000000000E+00);
#14390=LINE('',#14360,#14380);
#14400=EDGE_CURVE('',#14330,#14290,#14390,.T.);
#14410=ORIENTED_EDGE('',*,*,#14400,.F.);
#14420=EDGE_LOOP('',(#14410,#14350,#14310));
#14430=FACE_OUTER_BOUND('',#14420,.T.);
#14440=ADVANCED_FACE('',(#14430),#3550,.T.);
#14450=COLOUR_RGB('',9.4901967048645020E-01,9.4901967048645020E-01,
   1.0000000000000000E+00);
#14460=FILL_AREA_STYLE_COLOUR('',#14450);
#14470=FILL_AREA_STYLE('',(#14460));
#14480=SURFACE_STYLE_FILL_AREA(#14470);
#14490=SURFACE_SIDE_STYLE('',(#14480));
#14500=SURFACE_STYLE_USAGE(.BOTH.,#14490);
#14510=PRESENTATION_STYLE_ASSIGNMENT((#14500));
#14520=CARTESIAN_POINT('',(-3.5604003587298216E+01,
   1.5008852824316122E+01,4.5000000000000000E+00));
#14530=DIRECTION('',(0.0000000000000000E+00,0.0000000000000000E+00,
   -1.0000000000000000E+00));
#14540=DIRECTION('',(-1.0000000000000000E+00,0.0000000000000000E+00,
   0.0000000000000000E+00));
#14550=AXIS2_PLACEMENT_3D('',#14520,#14530,#14540);
#14560=PLANE('',#14550);
#14570=CARTESIAN_POINT('',(-3.6104003587298216E+01,
   1.5008852824316122E+01,4.5000000000000000E+00));
#14580=DIRECTION('',(0.0000000000000000E+00,-1.0000000000000000E+00,
   0.0000000000000000E+00));
#14590=VECTOR('',#14580,1.0000000000000000E+00);
#14600=LINE('',#14570,#14590);
#14610=EDGE_CURVE('',#11090,#13650,#14600,.T.);
#14620=ORIENTED_EDGE('',*,*,#14610,.F.);
#14630=ORIENTED_EDGE('',*,*,#13660,.T.);
#14640=CARTESIAN_POINT('',(-3.5604003587298216E+01,
   1.5008852824316122E+01,4.5000000000000000E+00));
#14650=DIRECTION('',(0.0000000000000000E+00,-1.0000000000000000E+00,
   0.0000000000000000E+00));
#14660=VECTOR('',#14650,1.0000000000000000E+00);
#14670=LINE('',#14640,#14660);
#14680=EDGE_CURVE('',#11170,#13570,#14670,.T.);
#14690=ORIENTED_EDGE('',*,*,#14680,.T.);
#14700=ORIENTED_EDGE('',*,*,#11180,.T.);
#14710=EDGE_LOOP('',(#14700,#14690,#14630,#14620));
#14720=FACE_OUTER_BOUND('',#14710,.T.);
#14730=ADVANCED_FACE('',(#14720),#14560,.T.);
#14740=COLOUR_RGB('',9.4901967048645020E-01,9.4901967048645020E-01,
   1.0000000000000000E+00);
#14750=FILL_AREA_STYLE_COLOUR('',#14740);
#14760=FILL_AREA_STYLE('',(#14750));
#14770=SURFACE_STYLE_FILL_AREA(#14760);
#14780=SURFACE_SIDE_STYLE('',(#14770));
#14790=SURFACE_STYLE_USAGE(.BOTH.,#14780);
#14800=PRESENTATION_STYLE_ASSIGNMENT((#14790));
#14810=CARTESIAN_POINT('',(-3.5854003587298216E+01,
   1.2508852824316122E+01,-5.3660254037844393E+00));
#14820=DIRECTION('',(0.0000000000000000E+00,-2.5881904510252046E-01,
   -9.6592582628906842E-01));
#14830=DIRECTION('',(0.0000000000000000E+00,9.6592582628906842E-01,
   -2.5881904510252046E-01));
#14840=AXIS2_PLACEMENT_3D('',#14810,#14820,#14830);
#14850=PLANE('',#14840);
#14860=CARTESIAN_POINT('',(-3.5604003587298216E+01,
   -2.6716239164827719E+01,5.1443063177431405E+00));
#14870=DIRECTION('',(0.0000000000000000E+00,-9.6592582628906842E-01,
   2.5881904510252046E-01));
#14880=VECTOR('',#14870,1.0000000000000000E+00);
#14890=LINE('',#14860,#14880);
#14900=CARTESIAN_POINT('',(-3.5604003587298216E+01,
   1.3008852824316122E+01,-5.5000000000000000E+00));
#14910=VERTEX_POINT('',#14900);
#14920=CARTESIAN_POINT('',(-3.5604003587298216E+01,
   1.2008852824316129E+01,-5.2320508075688785E+00));
#14930=VERTEX_POINT('',#14920);
#14940=EDGE_CURVE('',#14910,#14930,#14890,.T.);
#14950=ORIENTED_EDGE('',*,*,#14940,.T.);
#14960=CARTESIAN_POINT('',(-8.8925674828030196E+01,
   1.3008852824316122E+01,-5.5000000000000000E+00));
#14970=DIRECTION('',(1.0000000000000000E+00,0.0000000000000000E+00,
   0.0000000000000000E+00));
#14980=VECTOR('',#14970,1.0000000000000000E+00);
#14990=LINE('',#14960,#14980);
#15000=CARTESIAN_POINT('',(-3.6104003587298216E+01,
   1.3008852824316122E+01,-5.5000000000000000E+00));
#15010=VERTEX_POINT('',#15000);
#15020=EDGE_CURVE('',#15010,#14910,#14990,.T.);
#15030=ORIENTED_EDGE('',*,*,#15020,.T.);
#15040=CARTESIAN_POINT('',(-3.6104003587298216E+01,
   -2.6716239164827719E+01,5.1443063177431405E+00));
#15050=DIRECTION('',(0.0000000000000000E+00,9.6592582628906842E-01,
   -2.5881904510252046E-01));
#15060=VECTOR('',#15050,1.0000000000000000E+00);
#15070=LINE('',#15040,#15060);
#15080=CARTESIAN_POINT('',(-3.6104003587298216E+01,
   1.2008852824316129E+01,-5.2320508075688785E+00));
#15090=VERTEX_POINT('',#15080);
#15100=EDGE_CURVE('',#15090,#15010,#15070,.T.);
#15110=ORIENTED_EDGE('',*,*,#15100,.T.);
#15120=CARTESIAN_POINT('',(-8.8925674828030196E+01,
   1.2008852824316122E+01,-5.2320508075688785E+00));
#15130=DIRECTION('',(-1.0000000000000000E+00,0.0000000000000000E+00,
   0.0000000000000000E+00));
#15140=VECTOR('',#15130,1.0000000000000000E+00);
#15150=LINE('',#15120,#15140);
#15160=EDGE_CURVE('',#14930,#15090,#15150,.T.);
#15170=ORIENTED_EDGE('',*,*,#15160,.T.);
#15180=EDGE_LOOP('',(#15170,#15110,#15030,#14950));
#15190=FACE_OUTER_BOUND('',#15180,.T.);
#15200=ADVANCED_FACE('',(#15190),#14850,.T.);
#15210=COLOUR_RGB('',9.4901967048645020E-01,9.4901967048645020E-01,
   1.0000000000000000E+00);
#15220=FILL_AREA_STYLE_COLOUR('',#15210);
#15230=FILL_AREA_STYLE('',(#15220));
#15240=SURFACE_STYLE_FILL_AREA(#15230);
#15250=SURFACE_SIDE_STYLE('',(#15240));
#15260=SURFACE_STYLE_USAGE(.BOTH.,#15250);
#15270=PRESENTATION_STYLE_ASSIGNMENT((#15260));
#15280=CARTESIAN_POINT('',(-3.8767003587298184E+01,
   1.5508852824316122E+01,-7.6286906999066870E+00));
#15290=DIRECTION('',(1.0000000000000000E+00,0.0000000000000000E+00,
   -3.7959085713985267E-14));
#15300=DIRECTION('',(-3.7959085713985267E-14,0.0000000000000000E+00,
   -1.0000000000000000E+00));
#15310=AXIS2_PLACEMENT_3D('',#15280,#15290,#15300);
#15320=PLANE('',#15310);
#15330=ORIENTED_EDGE('',*,*,#10050,.T.);
#15340=CARTESIAN_POINT('',(-3.8767003587298184E+01,
   2.0008852824316122E+01,-7.5000000000000000E+00));
#15350=DIRECTION('',(-3.7959085713985267E-14,0.0000000000000000E+00,
   -1.0000000000000000E+00));
#15360=VECTOR('',#15350,1.0000000000000000E+00);
#15370=LINE('',#15340,#15360);
#15380=CARTESIAN_POINT('',(-3.8767003587298184E+01,
   2.0008852824316122E+01,-7.6286906999066870E+00));
#15390=VERTEX_POINT('',#15380);
#15400=EDGE_CURVE('',#9960,#15390,#15370,.T.);
#15410=ORIENTED_EDGE('',*,*,#15400,.F.);
#15420=CARTESIAN_POINT('',(-3.8767003587298184E+01,
   1.5508852824316122E+01,-7.6286906999066870E+00));
#15430=DIRECTION('',(0.0000000000000000E+00,1.0000000000000000E+00,
   0.0000000000000000E+00));
#15440=VECTOR('',#15430,1.0000000000000000E+00);
#15450=LINE('',#15420,#15440);
#15460=CARTESIAN_POINT('',(-3.8767003587298184E+01,
   1.5508852824316122E+01,-7.6286906999066870E+00));
#15470=VERTEX_POINT('',#15460);
#15480=EDGE_CURVE('',#15470,#15390,#15450,.T.);
#15490=ORIENTED_EDGE('',*,*,#15480,.T.);
#15500=CARTESIAN_POINT('',(-3.8767003587298184E+01,
   1.5508852824316122E+01,-7.5000000000000000E+00));
#15510=DIRECTION('',(-3.7959085713985267E-14,0.0000000000000000E+00,
   -1.0000000000000000E+00));
#15520=VECTOR('',#15510,1.0000000000000000E+00);
#15530=LINE('',#15500,#15520);
#15540=EDGE_CURVE('',#10040,#15470,#15530,.T.);
#15550=ORIENTED_EDGE('',*,*,#15540,.T.);
#15560=EDGE_LOOP('',(#15550,#15490,#15410,#15330));
#15570=FACE_OUTER_BOUND('',#15560,.T.);
#15580=ADVANCED_FACE('',(#15570),#15320,.T.);
#15590=COLOUR_RGB('',5.0196081399917603E-01,1.0000000000000000E+00,
   5.0196081399917603E-01);
#15600=FILL_AREA_STYLE_COLOUR('',#15590);
#15610=FILL_AREA_STYLE('',(#15600));
#15620=SURFACE_STYLE_FILL_AREA(#15610);
#15630=SURFACE_SIDE_STYLE('',(#15620));
#15640=SURFACE_STYLE_USAGE(.BOTH.,#15630);
#15650=PRESENTATION_STYLE_ASSIGNMENT((#15640));
#15660=CARTESIAN_POINT('',(-3.9181003587298207E+01,
   1.5508852824316122E+01,-7.5000000000000000E+00));
#15670=DIRECTION('',(-1.0000000000000000E+00,0.0000000000000000E+00,
   0.0000000000000000E+00));
#15680=DIRECTION('',(0.0000000000000000E+00,0.0000000000000000E+00,
   1.0000000000000000E+00));
#15690=AXIS2_PLACEMENT_3D('',#15660,#15670,#15680);
#15700=PLANE('',#15690);
#15710=CARTESIAN_POINT('',(-3.9181003587298207E+01,
   1.5508852824316122E+01,-7.6286906999066906E+00));
#15720=DIRECTION('',(0.0000000000000000E+00,1.0000000000000000E+00,
   0.0000000000000000E+00));
#15730=VECTOR('',#15720,1.0000000000000000E+00);
#15740=LINE('',#15710,#15730);
#15750=CARTESIAN_POINT('',(-3.9181003587298207E+01,
   1.5508852824316122E+01,-7.6286906999066906E+00));
#15760=VERTEX_POINT('',#15750);
#15770=CARTESIAN_POINT('',(-3.9181003587298207E+01,
   2.0008852824316122E+01,-7.6286906999066906E+00));
#15780=VERTEX_POINT('',#15770);
#15790=EDGE_CURVE('',#15760,#15780,#15740,.T.);
#15800=ORIENTED_EDGE('',*,*,#15790,.F.);
#15810=CARTESIAN_POINT('',(-3.9181003587298207E+01,
   2.0008852824316122E+01,-7.6286906999066906E+00));
#15820=DIRECTION('',(0.0000000000000000E+00,0.0000000000000000E+00,
   1.0000000000000000E+00));
#15830=VECTOR('',#15820,1.0000000000000000E+00);
#15840=LINE('',#15810,#15830);
#15850=EDGE_CURVE('',#15780,#9880,#15840,.T.);
#15860=ORIENTED_EDGE('',*,*,#15850,.F.);
#15870=ORIENTED_EDGE('',*,*,#9890,.T.);
#15880=CARTESIAN_POINT('',(-3.9181003587298207E+01,
   1.5508852824316122E+01,-7.6286906999066906E+00));
#15890=DIRECTION('',(0.0000000000000000E+00,0.0000000000000000E+00,
   1.0000000000000000E+00));
#15900=VECTOR('',#15890,1.0000000000000000E+00);
#15910=LINE('',#15880,#15900);
#15920=EDGE_CURVE('',#15760,#9800,#15910,.T.);
#15930=ORIENTED_EDGE('',*,*,#15920,.T.);
#15940=EDGE_LOOP('',(#15930,#15870,#15860,#15800));
#15950=FACE_OUTER_BOUND('',#15940,.T.);
#15960=ADVANCED_FACE('',(#15950),#15700,.T.);
#15970=COLOUR_RGB('',5.0196081399917603E-01,1.0000000000000000E+00,
   5.0196081399917603E-01);
#15980=FILL_AREA_STYLE_COLOUR('',#15970);
#15990=FILL_AREA_STYLE('',(#15980));
#16000=SURFACE_STYLE_FILL_AREA(#15990);
#16010=SURFACE_SIDE_STYLE('',(#16000));
#16020=SURFACE_STYLE_USAGE(.BOTH.,#16010);
#16030=PRESENTATION_STYLE_ASSIGNMENT((#16020));
#16040=CARTESIAN_POINT('',(-3.9181003587298207E+01,
   1.5508852824316122E+01,-7.6286906999066906E+00));
#16050=DIRECTION('',(-7.6537089760045707E-01,0.0000000000000000E+00,
   6.4358945695705005E-01));
#16060=DIRECTION('',(6.4358945695705005E-01,0.0000000000000000E+00,
   7.6537089760045707E-01));
#16070=AXIS2_PLACEMENT_3D('',#16040,#16050,#16060);
#16080=PLANE('',#16070);
#16090=CARTESIAN_POINT('',(-3.9330962930914275E+01,
   1.5508852824316122E+01,-7.8070256868868526E+00));
#16100=DIRECTION('',(0.0000000000000000E+00,1.0000000000000000E+00,
   0.0000000000000000E+00));
#16110=VECTOR('',#16100,1.0000000000000000E+00);
#16120=LINE('',#16090,#16110);
#16130=CARTESIAN_POINT('',(-3.9330962930914275E+01,
   1.5508852824316122E+01,-7.8070256868868526E+00));
#16140=VERTEX_POINT('',#16130);
#16150=CARTESIAN_POINT('',(-3.9330962930914275E+01,
   2.0008852824316122E+01,-7.8070256868868526E+00));
#16160=VERTEX_POINT('',#16150);
#16170=EDGE_CURVE('',#16140,#16160,#16120,.T.);
#16180=ORIENTED_EDGE('',*,*,#16170,.F.);
#16190=CARTESIAN_POINT('',(-3.9330962930914275E+01,
   2.0008852824316122E+01,-7.8070256868868526E+00));
#16200=DIRECTION('',(6.4358945695705005E-01,0.0000000000000000E+00,
   7.6537089760045707E-01));
#16210=VECTOR('',#16200,1.0000000000000000E+00);
#16220=LINE('',#16190,#16210);
#16230=EDGE_CURVE('',#16160,#15780,#16220,.T.);
#16240=ORIENTED_EDGE('',*,*,#16230,.F.);
#16250=ORIENTED_EDGE('',*,*,#15790,.T.);
#16260=CARTESIAN_POINT('',(-3.9330962930914275E+01,
   1.5508852824316122E+01,-7.8070256868868526E+00));
#16270=DIRECTION('',(6.4358945695705005E-01,0.0000000000000000E+00,
   7.6537089760045707E-01));
#16280=VECTOR('',#16270,1.0000000000000000E+00);
#16290=LINE('',#16260,#16280);
#16300=EDGE_CURVE('',#16140,#15760,#16290,.T.);
#16310=ORIENTED_EDGE('',*,*,#16300,.T.);
#16320=EDGE_LOOP('',(#16310,#16250,#16240,#16180));
#16330=FACE_OUTER_BOUND('',#16320,.T.);
#16340=ADVANCED_FACE('',(#16330),#16080,.T.);
#16350=COLOUR_RGB('',5.0196081399917603E-01,1.0000000000000000E+00,
   5.0196081399917603E-01);
#16360=FILL_AREA_STYLE_COLOUR('',#16350);
#16370=FILL_AREA_STYLE('',(#16360));
#16380=SURFACE_STYLE_FILL_AREA(#16370);
#16390=SURFACE_SIDE_STYLE('',(#16380));
#16400=SURFACE_STYLE_USAGE(.BOTH.,#16390);
#16410=PRESENTATION_STYLE_ASSIGNMENT((#16400));
#16420=CARTESIAN_POINT('',(-3.9330962930914275E+01,
   1.5508852824316122E+01,-7.8070256868868526E+00));
#16430=DIRECTION('',(-1.0000000000000000E+00,0.0000000000000000E+00,
   5.9105097227002377E-15));
#16440=DIRECTION('',(5.9105097227002377E-15,0.0000000000000000E+00,
   1.0000000000000000E+00));
#16450=AXIS2_PLACEMENT_3D('',#16420,#16430,#16440);
#16460=PLANE('',#16450);
#16470=CARTESIAN_POINT('',(-3.9330962930914275E+01,
   1.5508852824316122E+01,-8.0699999999999221E+00));
#16480=DIRECTION('',(0.0000000000000000E+00,1.0000000000000000E+00,
   0.0000000000000000E+00));
#16490=VECTOR('',#16480,1.0000000000000000E+00);
#16500=LINE('',#16470,#16490);
#16510=CARTESIAN_POINT('',(-3.9330962930914275E+01,
   1.5508852824316122E+01,-8.0699999999999221E+00));
#16520=VERTEX_POINT('',#16510);
#16530=CARTESIAN_POINT('',(-3.9330962930914275E+01,
   2.0008852824316122E+01,-8.0699999999999221E+00));
#16540=VERTEX_POINT('',#16530);
#16550=EDGE_CURVE('',#16520,#16540,#16500,.T.);
#16560=ORIENTED_EDGE('',*,*,#16550,.F.);
#16570=CARTESIAN_POINT('',(-3.9330962930914275E+01,
   2.0008852824316122E+01,-8.0699999999999221E+00));
#16580=DIRECTION('',(5.9105097227002377E-15,0.0000000000000000E+00,
   1.0000000000000000E+00));
#16590=VECTOR('',#16580,1.0000000000000000E+00);
#16600=LINE('',#16570,#16590);
#16610=EDGE_CURVE('',#16540,#16160,#16600,.T.);
#16620=ORIENTED_EDGE('',*,*,#16610,.F.);
#16630=ORIENTED_EDGE('',*,*,#16170,.T.);
#16640=CARTESIAN_POINT('',(-3.9330962930914275E+01,
   1.5508852824316122E+01,-8.0699999999999221E+00));
#16650=DIRECTION('',(5.9105097227002377E-15,0.0000000000000000E+00,
   1.0000000000000000E+00));
#16660=VECTOR('',#16650,1.0000000000000000E+00);
#16670=LINE('',#16640,#16660);
#16680=EDGE_CURVE('',#16520,#16140,#16670,.T.);
#16690=ORIENTED_EDGE('',*,*,#16680,.T.);
#16700=EDGE_LOOP('',(#16690,#16630,#16620,#16560));
#16710=FACE_OUTER_BOUND('',#16700,.T.);
#16720=ADVANCED_FACE('',(#16710),#16460,.T.);
#16730=COLOUR_RGB('',5.0196081399917603E-01,1.0000000000000000E+00,
   5.0196081399917603E-01);
#16740=FILL_AREA_STYLE_COLOUR('',#16730);
#16750=FILL_AREA_STYLE('',(#16740));
#16760=SURFACE_STYLE_FILL_AREA(#16750);
#16770=SURFACE_SIDE_STYLE('',(#16760));
#16780=SURFACE_STYLE_USAGE(.BOTH.,#16770);
#16790=PRESENTATION_STYLE_ASSIGNMENT((#16780));
#16800=CARTESIAN_POINT('',(-3.8617044243682152E+01,
   1.5508852824316122E+01,-8.0699999999999221E+00));
#16810=DIRECTION('',(1.0000000000000000E+00,-0.0000000000000000E+00,
   0.0000000000000000E+00));
#16820=DIRECTION('',(0.0000000000000000E+00,0.0000000000000000E+00,
   -1.0000000000000000E+00));
#16830=AXIS2_PLACEMENT_3D('',#16800,#16810,#16820);
#16840=PLANE('',#16830);
#16850=CARTESIAN_POINT('',(-3.8617044243682152E+01,
   1.5508852824316122E+01,-7.8070256868868491E+00));
#16860=DIRECTION('',(0.0000000000000000E+00,1.0000000000000000E+00,
   0.0000000000000000E+00));
#16870=VECTOR('',#16860,1.0000000000000000E+00);
#16880=LINE('',#16850,#16870);
#16890=CARTESIAN_POINT('',(-3.8617044243682152E+01,
   1.5508852824316122E+01,-7.8070256868868491E+00));
#16900=VERTEX_POINT('',#16890);
#16910=CARTESIAN_POINT('',(-3.8617044243682152E+01,
   2.0008852824316122E+01,-7.8070256868868491E+00));
#16920=VERTEX_POINT('',#16910);
#16930=EDGE_CURVE('',#16900,#16920,#16880,.T.);
#16940=ORIENTED_EDGE('',*,*,#16930,.F.);
#16950=CARTESIAN_POINT('',(-3.8617044243682152E+01,
   2.0008852824316122E+01,-7.8070256868868491E+00));
#16960=DIRECTION('',(0.0000000000000000E+00,0.0000000000000000E+00,
   -1.0000000000000000E+00));
#16970=VECTOR('',#16960,1.0000000000000000E+00);
#16980=LINE('',#16950,#16970);
#16990=CARTESIAN_POINT('',(-3.8617044243682152E+01,
   2.0008852824316122E+01,-8.0699999999999221E+00));
#17000=VERTEX_POINT('',#16990);
#17010=EDGE_CURVE('',#16920,#17000,#16980,.T.);
#17020=ORIENTED_EDGE('',*,*,#17010,.F.);
#17030=CARTESIAN_POINT('',(-3.8617044243682152E+01,
   1.5508852824316122E+01,-8.0699999999999221E+00));
#17040=DIRECTION('',(0.0000000000000000E+00,1.0000000000000000E+00,
   0.0000000000000000E+00));
#17050=VECTOR('',#17040,1.0000000000000000E+00);
#17060=LINE('',#17030,#17050);
#17070=CARTESIAN_POINT('',(-3.8617044243682152E+01,
   1.5508852824316122E+01,-8.0699999999999221E+00));
#17080=VERTEX_POINT('',#17070);
#17090=EDGE_CURVE('',#17080,#17000,#17060,.T.);
#17100=ORIENTED_EDGE('',*,*,#17090,.T.);
#17110=CARTESIAN_POINT('',(-3.8617044243682152E+01,
   1.5508852824316122E+01,-7.8070256868868491E+00));
#17120=DIRECTION('',(0.0000000000000000E+00,0.0000000000000000E+00,
   -1.0000000000000000E+00));
#17130=VECTOR('',#17120,1.0000000000000000E+00);
#17140=LINE('',#17110,#17130);
#17150=EDGE_CURVE('',#16900,#17080,#17140,.T.);
#17160=ORIENTED_EDGE('',*,*,#17150,.T.);
#17170=EDGE_LOOP('',(#17160,#17100,#17020,#16940));
#17180=FACE_OUTER_BOUND('',#17170,.T.);
#17190=ADVANCED_FACE('',(#17180),#16840,.T.);
#17200=COLOUR_RGB('',5.0196081399917603E-01,1.0000000000000000E+00,
   5.0196081399917603E-01);
#17210=FILL_AREA_STYLE_COLOUR('',#17200);
#17220=FILL_AREA_STYLE('',(#17210));
#17230=SURFACE_STYLE_FILL_AREA(#17220);
#17240=SURFACE_SIDE_STYLE('',(#17230));
#17250=SURFACE_STYLE_USAGE(.BOTH.,#17240);
#17260=PRESENTATION_STYLE_ASSIGNMENT((#17250));
#17270=CARTESIAN_POINT('',(-3.9330962930914275E+01,
   1.5508852824316122E+01,-8.0699999999999221E+00));
#17280=DIRECTION('',(0.0000000000000000E+00,0.0000000000000000E+00,
   -1.0000000000000000E+00));
#17290=DIRECTION('',(-1.0000000000000000E+00,0.0000000000000000E+00,
   0.0000000000000000E+00));
#17300=AXIS2_PLACEMENT_3D('',#17270,#17280,#17290);
#17310=PLANE('',#17300);
#17320=ORIENTED_EDGE('',*,*,#17090,.F.);
#17330=CARTESIAN_POINT('',(-3.8617044243682152E+01,
   2.0008852824316122E+01,-8.0699999999999221E+00));
#17340=DIRECTION('',(-1.0000000000000000E+00,0.0000000000000000E+00,
   0.0000000000000000E+00));
#17350=VECTOR('',#17340,1.0000000000000000E+00);
#17360=LINE('',#17330,#17350);
#17370=EDGE_CURVE('',#17000,#16540,#17360,.T.);
#17380=ORIENTED_EDGE('',*,*,#17370,.F.);
#17390=ORIENTED_EDGE('',*,*,#16550,.T.);
#17400=CARTESIAN_POINT('',(-3.8617044243682152E+01,
   1.5508852824316122E+01,-8.0699999999999221E+00));
#17410=DIRECTION('',(-1.0000000000000000E+00,0.0000000000000000E+00,
   0.0000000000000000E+00));
#17420=VECTOR('',#17410,1.0000000000000000E+00);
#17430=LINE('',#17400,#17420);
#17440=EDGE_CURVE('',#17080,#16520,#17430,.T.);
#17450=ORIENTED_EDGE('',*,*,#17440,.T.);
#17460=EDGE_LOOP('',(#17450,#17390,#17380,#17320));
#17470=FACE_OUTER_BOUND('',#17460,.T.);
#17480=ADVANCED_FACE('',(#17470),#17310,.T.);
#17490=COLOUR_RGB('',5.0196081399917603E-01,1.0000000000000000E+00,
   5.0196081399917603E-01);
#17500=FILL_AREA_STYLE_COLOUR('',#17490);
#17510=FILL_AREA_STYLE('',(#17500));
#17520=SURFACE_STYLE_FILL_AREA(#17510);
#17530=SURFACE_SIDE_STYLE('',(#17520));
#17540=SURFACE_STYLE_USAGE(.BOTH.,#17530);
#17550=PRESENTATION_STYLE_ASSIGNMENT((#17540));
#17560=CARTESIAN_POINT('',(-3.8617044243682152E+01,
   1.5508852824316122E+01,-7.8070256868868491E+00));
#17570=DIRECTION('',(7.6537089760052390E-01,-0.0000000000000000E+00,
   6.4358945695697078E-01));
#17580=DIRECTION('',(6.4358945695697078E-01,0.0000000000000000E+00,
   -7.6537089760052390E-01));
#17590=AXIS2_PLACEMENT_3D('',#17560,#17570,#17580);
#17600=PLANE('',#17590);
#17610=ORIENTED_EDGE('',*,*,#15480,.F.);
#17620=CARTESIAN_POINT('',(-3.8767003587298184E+01,
   2.0008852824316122E+01,-7.6286906999066870E+00));
#17630=DIRECTION('',(6.4358945695697078E-01,0.0000000000000000E+00,
   -7.6537089760052390E-01));
#17640=VECTOR('',#17630,1.0000000000000000E+00);
#17650=LINE('',#17620,#17640);
#17660=EDGE_CURVE('',#15390,#16920,#17650,.T.);
#17670=ORIENTED_EDGE('',*,*,#17660,.F.);
#17680=ORIENTED_EDGE('',*,*,#16930,.T.);
#17690=CARTESIAN_POINT('',(-3.8767003587298184E+01,
   1.5508852824316122E+01,-7.6286906999066870E+00));
#17700=DIRECTION('',(6.4358945695697078E-01,0.0000000000000000E+00,
   -7.6537089760052390E-01));
#17710=VECTOR('',#17700,1.0000000000000000E+00);
#17720=LINE('',#17690,#17710);
#17730=EDGE_CURVE('',#15470,#16900,#17720,.T.);
#17740=ORIENTED_EDGE('',*,*,#17730,.T.);
#17750=EDGE_LOOP('',(#17740,#17680,#17670,#17610));
#17760=FACE_OUTER_BOUND('',#17750,.T.);
#17770=ADVANCED_FACE('',(#17760),#17600,.T.);
#17780=COLOUR_RGB('',5.0196081399917603E-01,1.0000000000000000E+00,
   5.0196081399917603E-01);
#17790=FILL_AREA_STYLE_COLOUR('',#17780);
#17800=FILL_AREA_STYLE('',(#17790));
#17810=SURFACE_STYLE_FILL_AREA(#17800);
#17820=SURFACE_SIDE_STYLE('',(#17810));
#17830=SURFACE_STYLE_USAGE(.BOTH.,#17820);
#17840=PRESENTATION_STYLE_ASSIGNMENT((#17830));
#17850=CARTESIAN_POINT('',(-3.4429932243550240E+01,
   2.0008852824316122E+01,-1.5223247375819184E+00));
#17860=DIRECTION('',(0.0000000000000000E+00,-1.0000000000000000E+00,
   0.0000000000000000E+00));
#17870=DIRECTION('',(1.0000000000000000E+00,0.0000000000000000E+00,
   0.0000000000000000E+00));
#17880=AXIS2_PLACEMENT_3D('',#17850,#17860,#17870);
#17890=PLANE('',#17880);
#17900=ORIENTED_EDGE('',*,*,#15400,.T.);
#17910=ORIENTED_EDGE('',*,*,#9970,.F.);
#17920=ORIENTED_EDGE('',*,*,#15850,.T.);
#17930=ORIENTED_EDGE('',*,*,#16230,.T.);
#17940=ORIENTED_EDGE('',*,*,#16610,.T.);
#17950=ORIENTED_EDGE('',*,*,#17370,.T.);
#17960=ORIENTED_EDGE('',*,*,#17010,.T.);
#17970=ORIENTED_EDGE('',*,*,#17660,.T.);
#17980=EDGE_LOOP('',(#17970,#17960,#17950,#17940,#17930,#17920,#17910,
   #17900));
#17990=FACE_OUTER_BOUND('',#17980,.T.);
#18000=ADVANCED_FACE('',(#17990),#17890,.F.);
#18010=COLOUR_RGB('',5.0196081399917603E-01,1.0000000000000000E+00,
   5.0196081399917603E-01);
#18020=FILL_AREA_STYLE_COLOUR('',#18010);
#18030=FILL_AREA_STYLE('',(#18020));
#18040=SURFACE_STYLE_FILL_AREA(#18030);
#18050=SURFACE_SIDE_STYLE('',(#18040));
#18060=SURFACE_STYLE_USAGE(.BOTH.,#18050);
#18070=PRESENTATION_STYLE_ASSIGNMENT((#18060));
#18080=CARTESIAN_POINT('',(-3.5604003587298216E+01,
   1.5008852824316122E+01,-5.5000000000000000E+00));
#18090=DIRECTION('',(0.0000000000000000E+00,0.0000000000000000E+00,
   -1.0000000000000000E+00));
#18100=DIRECTION('',(-1.0000000000000000E+00,0.0000000000000000E+00,
   0.0000000000000000E+00));
#18110=AXIS2_PLACEMENT_3D('',#18080,#18090,#18100);
#18120=PLANE('',#18110);
#18130=CARTESIAN_POINT('',(-3.6104003587298216E+01,
   1.5008852824316122E+01,-5.5000000000000000E+00));
#18140=DIRECTION('',(0.0000000000000000E+00,-1.0000000000000000E+00,
   0.0000000000000000E+00));
#18150=VECTOR('',#18140,1.0000000000000000E+00);
#18160=LINE('',#18130,#18150);
#18170=EDGE_CURVE('',#12160,#15010,#18160,.T.);
#18180=ORIENTED_EDGE('',*,*,#18170,.F.);
#18190=ORIENTED_EDGE('',*,*,#15020,.F.);
#18200=CARTESIAN_POINT('',(-3.5604003587298216E+01,
   1.5008852824316122E+01,-5.5000000000000000E+00));
#18210=DIRECTION('',(0.0000000000000000E+00,-1.0000000000000000E+00,
   0.0000000000000000E+00));
#18220=VECTOR('',#18210,1.0000000000000000E+00);
#18230=LINE('',#18200,#18220);
#18240=EDGE_CURVE('',#12240,#14910,#18230,.T.);
#18250=ORIENTED_EDGE('',*,*,#18240,.T.);
#18260=ORIENTED_EDGE('',*,*,#12250,.T.);
#18270=EDGE_LOOP('',(#18260,#18250,#18190,#18180));
#18280=FACE_OUTER_BOUND('',#18270,.T.);
#18290=ADVANCED_FACE('',(#18280),#18120,.T.);
#18300=COLOUR_RGB('',9.4901967048645020E-01,9.4901967048645020E-01,
   1.0000000000000000E+00);
#18310=FILL_AREA_STYLE_COLOUR('',#18300);
#18320=FILL_AREA_STYLE('',(#18310));
#18330=SURFACE_STYLE_FILL_AREA(#18320);
#18340=SURFACE_SIDE_STYLE('',(#18330));
#18350=SURFACE_STYLE_USAGE(.BOTH.,#18340);
#18360=PRESENTATION_STYLE_ASSIGNMENT((#18350));
#18370=CARTESIAN_POINT('',(-3.6497744671345409E+01,
   2.4538852824316116E+01,6.6874108404720545E-01));
#18380=DIRECTION('',(0.0000000000000000E+00,1.0000000000000000E+00,
   0.0000000000000000E+00));
#18390=DIRECTION('',(7.0710678118654746E-01,0.0000000000000000E+00,
   -7.0710678118654757E-01));
#18400=AXIS2_PLACEMENT_3D('',#18370,#18380,#18390);
#18410=PLANE('',#18400);
#18420=CARTESIAN_POINT('',(-3.5829003587298203E+01,
   2.4538852824316116E+01,0.0000000000000000E+00));
#18430=DIRECTION('',(0.0000000000000000E+00,1.0000000000000000E+00,
   0.0000000000000000E+00));
#18440=DIRECTION('',(-1.0000000000000000E+00,0.0000000000000000E+00,
   0.0000000000000000E+00));
#18450=AXIS2_PLACEMENT_3D('',#18420,#18430,#18440);
#18460=CIRCLE('',#18450,1.8999999999999999E+00);
#18470=CARTESIAN_POINT('',(-3.4261004949258471E+01,
   2.4538852824316116E+01,1.0730238912091083E+00));
#18480=VERTEX_POINT('',#18470);
#18490=CARTESIAN_POINT('',(-3.3929003587298205E+01,
   2.4538852824316116E+01,2.3268289183799709E-16));
#18500=VERTEX_POINT('',#18490);
#18510=EDGE_CURVE('',#18480,#18500,#18460,.T.);
#18520=ORIENTED_EDGE('',*,*,#18510,.T.);
#18530=CARTESIAN_POINT('',(-8.8925674828030196E+01,
   2.4538852824316116E+01,-5.3591645987562615E+01));
#18540=DIRECTION('',(7.0710678118654757E-01,0.0000000000000000E+00,
   7.0710678118654746E-01));
#18550=VECTOR('',#18540,1.0000000000000000E+00);
#18560=LINE('',#18530,#18550);
#18570=CARTESIAN_POINT('',(-3.5214995679261612E+01,
   2.4538852824316116E+01,1.1903316120596141E-01));
#18580=VERTEX_POINT('',#18570);
#18590=EDGE_CURVE('',#18580,#18480,#18560,.T.);
#18600=ORIENTED_EDGE('',*,*,#18590,.T.);
#18610=CARTESIAN_POINT('',(-3.5854003587298216E+01,
   2.4538852824316116E+01,0.0000000000000000E+00));
#18620=DIRECTION('',(0.0000000000000000E+00,-1.0000000000000000E+00,
   0.0000000000000000E+00));
#18630=DIRECTION('',(1.0000000000000000E+00,0.0000000000000000E+00,
   0.0000000000000000E+00));
#18640=AXIS2_PLACEMENT_3D('',#18610,#18620,#18630);
#18650=CIRCLE('',#18640,6.5000000000000002E-01);
#18660=CARTESIAN_POINT('',(-3.5204003587298217E+01,
   2.4538852824316116E+01,0.0000000000000000E+00));
#18670=VERTEX_POINT('',#18660);
#18680=EDGE_CURVE('',#18670,#18580,#18650,.T.);
#18690=ORIENTED_EDGE('',*,*,#18680,.T.);
#18700=CARTESIAN_POINT('',(-3.5854003587298216E+01,
   2.4538852824316116E+01,0.0000000000000000E+00));
#18710=DIRECTION('',(0.0000000000000000E+00,-1.0000000000000000E+00,
   0.0000000000000000E+00));
#18720=DIRECTION('',(1.0000000000000000E+00,0.0000000000000000E+00,
   0.0000000000000000E+00));
#18730=AXIS2_PLACEMENT_3D('',#18700,#18710,#18720);
#18740=CIRCLE('',#18730,6.5000000000000002E-01);
#18750=EDGE_CURVE('',#5860,#18670,#18740,.T.);
#18760=ORIENTED_EDGE('',*,*,#18750,.T.);
#18770=ORIENTED_EDGE('',*,*,#5870,.T.);
#18780=EDGE_CURVE('',#18500,#5840,#18460,.T.);
#18790=ORIENTED_EDGE('',*,*,#18780,.T.);
#18800=EDGE_LOOP('',(#18790,#18770,#18760,#18690,#18600,#18520));
#18810=FACE_OUTER_BOUND('',#18800,.T.);
#18820=ADVANCED_FACE('',(#18810),#18410,.T.);
#18830=COLOUR_RGB('',9.4901967048645020E-01,9.4901967048645020E-01,
   1.0000000000000000E+00);
#18840=FILL_AREA_STYLE_COLOUR('',#18830);
#18850=FILL_AREA_STYLE('',(#18840));
#18860=SURFACE_STYLE_FILL_AREA(#18850);
#18870=SURFACE_SIDE_STYLE('',(#18860));
#18880=SURFACE_STYLE_USAGE(.BOTH.,#18870);
#18890=PRESENTATION_STYLE_ASSIGNMENT((#18880));
#18900=CARTESIAN_POINT('',(-3.5334028840467575E+01,
   2.3538852824316109E+01,-5.0000000000000071E+00));
#18910=VERTEX_POINT('',#18900);
#18920=EDGE_CURVE('',#18910,#2130,#2190,.T.);
#18930=ORIENTED_EDGE('',*,*,#18920,.T.);
#18940=CARTESIAN_POINT('',(-8.8925674828030196E+01,
   2.3538852824316109E+01,-5.0000000000000000E+00));
#18950=DIRECTION('',(1.0000000000000000E+00,-0.0000000000000000E+00,
   0.0000000000000000E+00));
#18960=VECTOR('',#18950,1.0000000000000000E+00);
#18970=LINE('',#18940,#18960);
#18980=EDGE_CURVE('',#13260,#18910,#18970,.T.);
#18990=ORIENTED_EDGE('',*,*,#18980,.T.);
#19000=ORIENTED_EDGE('',*,*,#13270,.F.);
#19010=ORIENTED_EDGE('',*,*,#2510,.F.);
#19020=EDGE_LOOP('',(#19010,#19000,#18990,#18930));
#19030=FACE_OUTER_BOUND('',#19020,.T.);
#19040=ADVANCED_FACE('',(#19030),#2440,.T.);
#19050=COLOUR_RGB('',9.4901967048645020E-01,9.4901967048645020E-01,
   1.0000000000000000E+00);
#19060=FILL_AREA_STYLE_COLOUR('',#19050);
#19070=FILL_AREA_STYLE('',(#19060));
#19080=SURFACE_STYLE_FILL_AREA(#19070);
#19090=SURFACE_SIDE_STYLE('',(#19080));
#19100=SURFACE_STYLE_USAGE(.BOTH.,#19090);
#19110=PRESENTATION_STYLE_ASSIGNMENT((#19100));
#19120=CARTESIAN_POINT('',(-3.5334028840467575E+01,
   2.4538852824316116E+01,-5.0000000000000071E+00));
#19130=VERTEX_POINT('',#19120);
#19140=EDGE_CURVE('',#2050,#19130,#2010,.T.);
#19150=ORIENTED_EDGE('',*,*,#19140,.F.);
#19160=CARTESIAN_POINT('',(-3.5334028840467575E+01,
   -2.6716239164827719E+01,-5.0000000000000000E+00));
#19170=DIRECTION('',(0.0000000000000000E+00,1.0000000000000000E+00,
   0.0000000000000000E+00));
#19180=VECTOR('',#19170,1.0000000000000000E+00);
#19190=LINE('',#19160,#19180);
#19200=EDGE_CURVE('',#18910,#19130,#19190,.T.);
#19210=ORIENTED_EDGE('',*,*,#19200,.T.);
#19220=ORIENTED_EDGE('',*,*,#18920,.F.);
#19230=ORIENTED_EDGE('',*,*,#2140,.T.);
#19240=EDGE_LOOP('',(#19230,#19220,#19210,#19150));
#19250=FACE_OUTER_BOUND('',#19240,.T.);
#19260=ADVANCED_FACE('',(#19250),#1970,.T.);
#19270=COLOUR_RGB('',9.4901967048645020E-01,9.4901967048645020E-01,
   1.0000000000000000E+00);
#19280=FILL_AREA_STYLE_COLOUR('',#19270);
#19290=FILL_AREA_STYLE('',(#19280));
#19300=SURFACE_STYLE_FILL_AREA(#19290);
#19310=SURFACE_SIDE_STYLE('',(#19300));
#19320=SURFACE_STYLE_USAGE(.BOTH.,#19310);
#19330=PRESENTATION_STYLE_ASSIGNMENT((#19320));
#19340=CARTESIAN_POINT('',(-3.6497744671345409E+01,
   2.4538852824316116E+01,-4.3312589159527946E+00));
#19350=DIRECTION('',(0.0000000000000000E+00,1.0000000000000000E+00,
   0.0000000000000000E+00));
#19360=DIRECTION('',(7.0710678118654746E-01,0.0000000000000000E+00,
   -7.0710678118654757E-01));
#19370=AXIS2_PLACEMENT_3D('',#19340,#19350,#19360);
#19380=PLANE('',#19370);
#19390=ORIENTED_EDGE('',*,*,#13220,.T.);
#19400=CARTESIAN_POINT('',(-8.8925674828030196E+01,
   2.4538852824316116E+01,-5.0000000000000000E+00));
#19410=DIRECTION('',(1.0000000000000000E+00,-0.0000000000000000E+00,
   0.0000000000000000E+00));
#19420=VECTOR('',#19410,1.0000000000000000E+00);
#19430=LINE('',#19400,#19420);
#19440=CARTESIAN_POINT('',(-3.6504003587298214E+01,
   2.4538852824316116E+01,-5.0000000000000000E+00));
#19450=VERTEX_POINT('',#19440);
#19460=EDGE_CURVE('',#19450,#13210,#19430,.T.);
#19470=ORIENTED_EDGE('',*,*,#19460,.T.);
#19480=CARTESIAN_POINT('',(-3.5854003587298216E+01,
   2.4538852824316116E+01,-5.0000000000000000E+00));
#19490=DIRECTION('',(0.0000000000000000E+00,-1.0000000000000000E+00,
   0.0000000000000000E+00));
#19500=DIRECTION('',(1.0000000000000000E+00,0.0000000000000000E+00,
   0.0000000000000000E+00));
#19510=AXIS2_PLACEMENT_3D('',#19480,#19490,#19500);
#19520=CIRCLE('',#19510,6.5000000000000002E-01);
#19530=EDGE_CURVE('',#19450,#940,#19520,.T.);
#19540=ORIENTED_EDGE('',*,*,#19530,.F.);
#19550=EDGE_LOOP('',(#19540,#19470,#19390));
#19560=FACE_OUTER_BOUND('',#19550,.T.);
#19570=ADVANCED_FACE('',(#19560),#19380,.T.);
#19580=COLOUR_RGB('',9.4901967048645020E-01,9.4901967048645020E-01,
   1.0000000000000000E+00);
#19590=FILL_AREA_STYLE_COLOUR('',#19580);
#19600=FILL_AREA_STYLE('',(#19590));
#19610=SURFACE_STYLE_FILL_AREA(#19600);
#19620=SURFACE_SIDE_STYLE('',(#19610));
#19630=SURFACE_STYLE_USAGE(.BOTH.,#19620);
#19640=PRESENTATION_STYLE_ASSIGNMENT((#19630));
#19650=CARTESIAN_POINT('',(-8.8925674828030196E+01,
   2.4538852824316116E+01,-5.0000000000000000E+00));
#19660=DIRECTION('',(1.0000000000000000E+00,-0.0000000000000000E+00,
   0.0000000000000000E+00));
#19670=VECTOR('',#19660,1.0000000000000000E+00);
#19680=LINE('',#19650,#19670);
#19690=CARTESIAN_POINT('',(-3.5204003587298217E+01,
   2.4538852824316116E+01,-5.0000000000000000E+00));
#19700=VERTEX_POINT('',#19690);
#19710=EDGE_CURVE('',#19130,#19700,#19680,.T.);
#19720=ORIENTED_EDGE('',*,*,#19710,.T.);
#19730=ORIENTED_EDGE('',*,*,#19140,.T.);
#19740=CARTESIAN_POINT('',(-3.5854003587298216E+01,
   2.4538852824316116E+01,-5.0000000000000000E+00));
#19750=DIRECTION('',(0.0000000000000000E+00,-1.0000000000000000E+00,
   0.0000000000000000E+00));
#19760=DIRECTION('',(1.0000000000000000E+00,0.0000000000000000E+00,
   0.0000000000000000E+00));
#19770=AXIS2_PLACEMENT_3D('',#19740,#19750,#19760);
#19780=CIRCLE('',#19770,6.5000000000000002E-01);
#19790=EDGE_CURVE('',#2050,#19700,#19780,.T.);
#19800=ORIENTED_EDGE('',*,*,#19790,.F.);
#19810=EDGE_LOOP('',(#19800,#19730,#19720));
#19820=FACE_OUTER_BOUND('',#19810,.T.);
#19830=ADVANCED_FACE('',(#19820),#19380,.T.);
#19840=COLOUR_RGB('',9.4901967048645020E-01,9.4901967048645020E-01,
   1.0000000000000000E+00);
#19850=FILL_AREA_STYLE_COLOUR('',#19840);
#19860=FILL_AREA_STYLE('',(#19850));
#19870=SURFACE_STYLE_FILL_AREA(#19860);
#19880=SURFACE_SIDE_STYLE('',(#19870));
#19890=SURFACE_STYLE_USAGE(.BOTH.,#19880);
#19900=PRESENTATION_STYLE_ASSIGNMENT((#19890));
#19910=CARTESIAN_POINT('',(-3.5581516213882892E+01,
   2.3538852824316109E+01,-5.2474873734153178E+00));
#19920=DIRECTION('',(0.0000000000000000E+00,1.0000000000000000E+00,
   0.0000000000000000E+00));
#19930=DIRECTION('',(7.0710678118654746E-01,0.0000000000000000E+00,
   -7.0710678118654757E-01));
#19940=AXIS2_PLACEMENT_3D('',#19910,#19920,#19930);
#19950=PLANE('',#19940);
#19960=CARTESIAN_POINT('',(-8.8925674828030196E+01,
   2.3538852824316109E+01,-5.8591645987562615E+01));
#19970=DIRECTION('',(-7.0710678118654757E-01,0.0000000000000000E+00,
   -7.0710678118654746E-01));
#19980=VECTOR('',#19970,1.0000000000000000E+00);
#19990=LINE('',#19960,#19980);
#20000=CARTESIAN_POINT('',(-3.5214995679261598E+01,
   2.3538852824316109E+01,-4.8809668387941327E+00));
#20010=VERTEX_POINT('',#20000);
#20020=EDGE_CURVE('',#20010,#18910,#19990,.T.);
#20030=ORIENTED_EDGE('',*,*,#20020,.T.);
#20040=CARTESIAN_POINT('',(-3.5854003587298216E+01,
   2.3538852824316109E+01,-5.0000000000000000E+00));
#20050=DIRECTION('',(0.0000000000000000E+00,-1.0000000000000000E+00,
   0.0000000000000000E+00));
#20060=DIRECTION('',(1.0000000000000000E+00,0.0000000000000000E+00,
   0.0000000000000000E+00));
#20070=AXIS2_PLACEMENT_3D('',#20040,#20050,#20060);
#20080=CIRCLE('',#20070,6.5000000000000002E-01);
#20090=CARTESIAN_POINT('',(-3.5693983448967970E+01,
   2.3538852824316109E+01,-4.3700051148392003E+00));
#20100=VERTEX_POINT('',#20090);
#20110=EDGE_CURVE('',#20010,#20100,#20080,.T.);
#20120=ORIENTED_EDGE('',*,*,#20110,.F.);
#20130=CARTESIAN_POINT('',(-8.8925674828030196E+01,
   2.3538852824316109E+01,-5.7601696493901422E+01));
#20140=DIRECTION('',(-7.0710678118654757E-01,0.0000000000000000E+00,
   -7.0710678118654746E-01));
#20150=VECTOR('',#20140,1.0000000000000000E+00);
#20160=LINE('',#20130,#20150);
#20170=EDGE_CURVE('',#20100,#13260,#20160,.T.);
#20180=ORIENTED_EDGE('',*,*,#20170,.F.);
#20190=ORIENTED_EDGE('',*,*,#18980,.F.);
#20200=EDGE_LOOP('',(#20190,#20180,#20120,#20030));
#20210=FACE_OUTER_BOUND('',#20200,.T.);
#20220=ADVANCED_FACE('',(#20210),#19950,.T.);
#20230=COLOUR_RGB('',9.4901967048645020E-01,9.4901967048645020E-01,
   1.0000000000000000E+00);
#20240=FILL_AREA_STYLE_COLOUR('',#20230);
#20250=FILL_AREA_STYLE('',(#20240));
#20260=SURFACE_STYLE_FILL_AREA(#20250);
#20270=SURFACE_SIDE_STYLE('',(#20260));
#20280=SURFACE_STYLE_USAGE(.BOTH.,#20270);
#20290=PRESENTATION_STYLE_ASSIGNMENT((#20280));
#20300=CARTESIAN_POINT('',(-3.5581516213882892E+01,
   2.3538852824316109E+01,-5.2474873734153178E+00));
#20310=DIRECTION('',(-7.0710678118654746E-01,0.0000000000000000E+00,
   7.0710678118654757E-01));
#20320=DIRECTION('',(0.0000000000000000E+00,1.0000000000000000E+00,
   0.0000000000000000E+00));
#20330=AXIS2_PLACEMENT_3D('',#20300,#20310,#20320);
#20340=PLANE('',#20330);
#20350=CARTESIAN_POINT('',(-8.8925674828030196E+01,
   2.4538852824316116E+01,-5.8591645987562615E+01));
#20360=DIRECTION('',(7.0710678118654757E-01,0.0000000000000000E+00,
   7.0710678118654746E-01));
#20370=VECTOR('',#20360,1.0000000000000000E+00);
#20380=LINE('',#20350,#20370);
#20390=CARTESIAN_POINT('',(-3.5214995679261612E+01,
   2.4538852824316116E+01,-4.8809668387940386E+00));
#20400=VERTEX_POINT('',#20390);
#20410=EDGE_CURVE('',#19130,#20400,#20380,.T.);
#20420=ORIENTED_EDGE('',*,*,#20410,.F.);
#20430=CARTESIAN_POINT('',(-3.5214995679261612E+01,
   3.5508852824316115E+01,-4.8809668387940386E+00));
#20440=DIRECTION('',(0.0000000000000000E+00,-1.0000000000000000E+00,
   0.0000000000000000E+00));
#20450=VECTOR('',#20440,1.0000000000000000E+00);
#20460=LINE('',#20430,#20450);
#20470=EDGE_CURVE('',#20400,#20010,#20460,.T.);
#20480=ORIENTED_EDGE('',*,*,#20470,.F.);
#20490=ORIENTED_EDGE('',*,*,#20020,.F.);
#20500=ORIENTED_EDGE('',*,*,#19200,.F.);
#20510=EDGE_LOOP('',(#20500,#20490,#20480,#20420));
#20520=FACE_OUTER_BOUND('',#20510,.T.);
#20530=ADVANCED_FACE('',(#20520),#20340,.T.);
#20540=COLOUR_RGB('',9.4901967048645020E-01,9.4901967048645020E-01,
   1.0000000000000000E+00);
#20550=FILL_AREA_STYLE_COLOUR('',#20540);
#20560=FILL_AREA_STYLE('',(#20550));
#20570=SURFACE_STYLE_FILL_AREA(#20560);
#20580=SURFACE_SIDE_STYLE('',(#20570));
#20590=SURFACE_STYLE_USAGE(.BOTH.,#20580);
#20600=PRESENTATION_STYLE_ASSIGNMENT((#20590));
#20610=CARTESIAN_POINT('',(-3.6497744671345409E+01,
   2.4538852824316116E+01,-4.3312589159527946E+00));
#20620=DIRECTION('',(0.0000000000000000E+00,1.0000000000000000E+00,
   0.0000000000000000E+00));
#20630=DIRECTION('',(7.0710678118654746E-01,0.0000000000000000E+00,
   -7.0710678118654757E-01));
#20640=AXIS2_PLACEMENT_3D('',#20610,#20620,#20630);
#20650=PLANE('',#20640);
#20660=CARTESIAN_POINT('',(-3.5854003587298216E+01,
   2.4538852824316116E+01,-5.0000000000000000E+00));
#20670=DIRECTION('',(0.0000000000000000E+00,-1.0000000000000000E+00,
   0.0000000000000000E+00));
#20680=DIRECTION('',(1.0000000000000000E+00,0.0000000000000000E+00,
   0.0000000000000000E+00));
#20690=AXIS2_PLACEMENT_3D('',#20660,#20670,#20680);
#20700=CIRCLE('',#20690,6.5000000000000002E-01);
#20710=EDGE_CURVE('',#19700,#20400,#20700,.T.);
#20720=ORIENTED_EDGE('',*,*,#20710,.F.);
#20730=ORIENTED_EDGE('',*,*,#20410,.T.);
#20740=ORIENTED_EDGE('',*,*,#19710,.F.);
#20750=EDGE_LOOP('',(#20740,#20730,#20720));
#20760=FACE_OUTER_BOUND('',#20750,.T.);
#20770=ADVANCED_FACE('',(#20760),#20650,.T.);
#20780=COLOUR_RGB('',9.4901967048645020E-01,9.4901967048645020E-01,
   1.0000000000000000E+00);
#20790=FILL_AREA_STYLE_COLOUR('',#20780);
#20800=FILL_AREA_STYLE('',(#20790));
#20810=SURFACE_STYLE_FILL_AREA(#20800);
#20820=SURFACE_SIDE_STYLE('',(#20810));
#20830=SURFACE_STYLE_USAGE(.BOTH.,#20820);
#20840=PRESENTATION_STYLE_ASSIGNMENT((#20830));
#20850=CARTESIAN_POINT('',(-3.6076490960713485E+01,
   2.4538852824316109E+01,-4.7525126265847177E+00));
#20860=DIRECTION('',(7.0710678118654746E-01,0.0000000000000000E+00,
   -7.0710678118654757E-01));
#20870=DIRECTION('',(0.0000000000000000E+00,-1.0000000000000000E+00,
   0.0000000000000000E+00));
#20880=AXIS2_PLACEMENT_3D('',#20850,#20860,#20870);
#20890=PLANE('',#20880);
#20900=CARTESIAN_POINT('',(-8.8925674828030196E+01,
   2.4538852824316116E+01,-5.7601696493901422E+01));
#20910=DIRECTION('',(-7.0710678118654757E-01,0.0000000000000000E+00,
   -7.0710678118654746E-01));
#20920=VECTOR('',#20910,1.0000000000000000E+00);
#20930=LINE('',#20900,#20920);
#20940=CARTESIAN_POINT('',(-3.5693983448967970E+01,
   2.4538852824316116E+01,-4.3700051148392003E+00));
#20950=VERTEX_POINT('',#20940);
#20960=EDGE_CURVE('',#130,#20950,#20930,.T.);
#20970=ORIENTED_EDGE('',*,*,#20960,.F.);
#20980=CARTESIAN_POINT('',(-3.5693983448967970E+01,
   3.5508852824316115E+01,-4.3700051148392003E+00));
#20990=DIRECTION('',(0.0000000000000000E+00,-1.0000000000000000E+00,
   0.0000000000000000E+00));
#21000=VECTOR('',#20990,1.0000000000000000E+00);
#21010=LINE('',#20980,#21000);
#21020=EDGE_CURVE('',#20950,#20100,#21010,.T.);
#21030=ORIENTED_EDGE('',*,*,#21020,.F.);
#21040=EDGE_CURVE('',#110,#20100,#20160,.T.);
#21050=ORIENTED_EDGE('',*,*,#21040,.T.);
#21060=ORIENTED_EDGE('',*,*,#140,.F.);
#21070=EDGE_LOOP('',(#21060,#21050,#21030,#20970));
#21080=FACE_OUTER_BOUND('',#21070,.T.);
#21090=ADVANCED_FACE('',(#21080),#20890,.T.);
#21100=COLOUR_RGB('',9.4901967048645020E-01,9.4901967048645020E-01,
   1.0000000000000000E+00);
#21110=FILL_AREA_STYLE_COLOUR('',#21100);
#21120=FILL_AREA_STYLE('',(#21110));
#21130=SURFACE_STYLE_FILL_AREA(#21120);
#21140=SURFACE_SIDE_STYLE('',(#21130));
#21150=SURFACE_STYLE_USAGE(.BOTH.,#21140);
#21160=PRESENTATION_STYLE_ASSIGNMENT((#21150));
#21170=EDGE_CURVE('',#960,#640,#710,.T.);
#21180=ORIENTED_EDGE('',*,*,#21170,.T.);
#21190=ORIENTED_EDGE('',*,*,#970,.T.);
#21200=ORIENTED_EDGE('',*,*,#19530,.T.);
#21210=CARTESIAN_POINT('',(-3.5854003587298216E+01,
   2.4538852824316116E+01,-5.0000000000000000E+00));
#21220=DIRECTION('',(0.0000000000000000E+00,-1.0000000000000000E+00,
   0.0000000000000000E+00));
#21230=DIRECTION('',(1.0000000000000000E+00,0.0000000000000000E+00,
   0.0000000000000000E+00));
#21240=AXIS2_PLACEMENT_3D('',#21210,#21220,#21230);
#21250=CIRCLE('',#21240,6.5000000000000002E-01);
#21260=EDGE_CURVE('',#20950,#19450,#21250,.T.);
#21270=ORIENTED_EDGE('',*,*,#21260,.T.);
#21280=ORIENTED_EDGE('',*,*,#20960,.T.);
#21290=ORIENTED_EDGE('',*,*,#720,.T.);
#21300=EDGE_LOOP('',(#21290,#21280,#21270,#21200,#21190,#21180));
#21310=FACE_OUTER_BOUND('',#21300,.T.);
#21320=ADVANCED_FACE('',(#21310),#20650,.T.);
#21330=COLOUR_RGB('',9.4901967048645020E-01,9.4901967048645020E-01,
   1.0000000000000000E+00);
#21340=FILL_AREA_STYLE_COLOUR('',#21330);
#21350=FILL_AREA_STYLE('',(#21340));
#21360=SURFACE_STYLE_FILL_AREA(#21350);
#21370=SURFACE_SIDE_STYLE('',(#21360));
#21380=SURFACE_STYLE_USAGE(.BOTH.,#21370);
#21390=PRESENTATION_STYLE_ASSIGNMENT((#21380));
#21400=EDGE_CURVE('',#220,#20010,#19990,.T.);
#21410=ORIENTED_EDGE('',*,*,#21400,.T.);
#21420=ORIENTED_EDGE('',*,*,#230,.T.);
#21430=ORIENTED_EDGE('',*,*,#21040,.F.);
#21440=ORIENTED_EDGE('',*,*,#20110,.T.);
#21450=EDGE_LOOP('',(#21440,#21430,#21420,#21410));
#21460=FACE_OUTER_BOUND('',#21450,.T.);
#21470=ADVANCED_FACE('',(#21460),#19950,.T.);
#21480=COLOUR_RGB('',9.4901967048645020E-01,9.4901967048645020E-01,
   1.0000000000000000E+00);
#21490=FILL_AREA_STYLE_COLOUR('',#21480);
#21500=FILL_AREA_STYLE('',(#21490));
#21510=SURFACE_STYLE_FILL_AREA(#21500);
#21520=SURFACE_SIDE_STYLE('',(#21510));
#21530=SURFACE_STYLE_USAGE(.BOTH.,#21520);
#21540=PRESENTATION_STYLE_ASSIGNMENT((#21530));
#21550=ORIENTED_EDGE('',*,*,#19790,.T.);
#21560=ORIENTED_EDGE('',*,*,#2060,.T.);
#21570=EDGE_CURVE('',#390,#2030,#370,.T.);
#21580=ORIENTED_EDGE('',*,*,#21570,.T.);
#21590=ORIENTED_EDGE('',*,*,#400,.T.);
#21600=EDGE_CURVE('',#20400,#300,#20380,.T.);
#21610=ORIENTED_EDGE('',*,*,#21600,.T.);
#21620=ORIENTED_EDGE('',*,*,#20710,.T.);
#21630=EDGE_LOOP('',(#21620,#21610,#21590,#21580,#21560,#21550));
#21640=FACE_OUTER_BOUND('',#21630,.T.);
#21650=ADVANCED_FACE('',(#21640),#20650,.T.);
#21660=COLOUR_RGB('',9.4901967048645020E-01,9.4901967048645020E-01,
   1.0000000000000000E+00);
#21670=FILL_AREA_STYLE_COLOUR('',#21660);
#21680=FILL_AREA_STYLE('',(#21670));
#21690=SURFACE_STYLE_FILL_AREA(#21680);
#21700=SURFACE_SIDE_STYLE('',(#21690));
#21710=SURFACE_STYLE_USAGE(.BOTH.,#21700);
#21720=PRESENTATION_STYLE_ASSIGNMENT((#21710));
#21730=ORIENTED_EDGE('',*,*,#21600,.F.);
#21740=ORIENTED_EDGE('',*,*,#310,.T.);
#21750=ORIENTED_EDGE('',*,*,#21400,.F.);
#21760=ORIENTED_EDGE('',*,*,#20470,.T.);
#21770=EDGE_LOOP('',(#21760,#21750,#21740,#21730));
#21780=FACE_OUTER_BOUND('',#21770,.T.);
#21790=ADVANCED_FACE('',(#21780),#20340,.T.);
#21800=COLOUR_RGB('',9.4901967048645020E-01,9.4901967048645020E-01,
   1.0000000000000000E+00);
#21810=FILL_AREA_STYLE_COLOUR('',#21800);
#21820=FILL_AREA_STYLE('',(#21810));
#21830=SURFACE_STYLE_FILL_AREA(#21820);
#21840=SURFACE_SIDE_STYLE('',(#21830));
#21850=SURFACE_STYLE_USAGE(.BOTH.,#21840);
#21860=PRESENTATION_STYLE_ASSIGNMENT((#21850));
#21870=EDGE_CURVE('',#20950,#13210,#20930,.T.);
#21880=ORIENTED_EDGE('',*,*,#21870,.F.);
#21890=ORIENTED_EDGE('',*,*,#13330,.F.);
#21900=ORIENTED_EDGE('',*,*,#20170,.T.);
#21910=ORIENTED_EDGE('',*,*,#21020,.T.);
#21920=EDGE_LOOP('',(#21910,#21900,#21890,#21880));
#21930=FACE_OUTER_BOUND('',#21920,.T.);
#21940=ADVANCED_FACE('',(#21930),#20890,.T.);
#21950=COLOUR_RGB('',9.4901967048645020E-01,9.4901967048645020E-01,
   1.0000000000000000E+00);
#21960=FILL_AREA_STYLE_COLOUR('',#21950);
#21970=FILL_AREA_STYLE('',(#21960));
#21980=SURFACE_STYLE_FILL_AREA(#21970);
#21990=SURFACE_SIDE_STYLE('',(#21980));
#22000=SURFACE_STYLE_USAGE(.BOTH.,#21990);
#22010=PRESENTATION_STYLE_ASSIGNMENT((#22000));
#22020=ORIENTED_EDGE('',*,*,#19460,.F.);
#22030=ORIENTED_EDGE('',*,*,#21870,.T.);
#22040=ORIENTED_EDGE('',*,*,#21260,.F.);
#22050=EDGE_LOOP('',(#22040,#22030,#22020));
#22060=FACE_OUTER_BOUND('',#22050,.T.);
#22070=ADVANCED_FACE('',(#22060),#20650,.T.);
#22080=COLOUR_RGB('',9.4901967048645020E-01,9.4901967048645020E-01,
   1.0000000000000000E+00);
#22090=FILL_AREA_STYLE_COLOUR('',#22080);
#22100=FILL_AREA_STYLE('',(#22090));
#22110=SURFACE_STYLE_FILL_AREA(#22100);
#22120=SURFACE_SIDE_STYLE('',(#22110));
#22130=SURFACE_STYLE_USAGE(.BOTH.,#22120);
#22140=PRESENTATION_STYLE_ASSIGNMENT((#22130));
#22150=CARTESIAN_POINT('',(-3.4871503587298207E+01,
   2.3238852824316119E+01,5.0000000000000000E+00));
#22160=DIRECTION('',(-0.0000000000000000E+00,-1.0000000000000000E+00,
   -0.0000000000000000E+00));
#22170=DIRECTION('',(-1.0000000000000000E+00,0.0000000000000000E+00,
   0.0000000000000000E+00));
#22180=AXIS2_PLACEMENT_3D('',#22150,#22160,#22170);
#22190=PLANE('',#22180);
#22200=CARTESIAN_POINT('',(-3.5829003587298210E+01,
   2.3238852824316119E+01,5.0000000000000000E+00));
#22210=DIRECTION('',(0.0000000000000000E+00,1.0000000000000000E+00,
   0.0000000000000000E+00));
#22220=DIRECTION('',(1.0000000000000000E+00,0.0000000000000000E+00,
   0.0000000000000000E+00));
#22230=AXIS2_PLACEMENT_3D('',#22200,#22210,#22220);
#22240=CIRCLE('',#22230,1.9150000000000134E+00);
#22250=CARTESIAN_POINT('',(-3.3914003587298197E+01,
   2.3238852824316119E+01,5.0000000000000036E+00));
#22260=VERTEX_POINT('',#22250);
#22270=CARTESIAN_POINT('',(-3.7744003587298224E+01,
   2.3238852824316119E+01,5.0000000000000036E+00));
#22280=VERTEX_POINT('',#22270);
#22290=EDGE_CURVE('',#22260,#22280,#22240,.T.);
#22300=ORIENTED_EDGE('',*,*,#22290,.T.);
#22310=EDGE_CURVE('',#22280,#22260,#22240,.T.);
#22320=ORIENTED_EDGE('',*,*,#22310,.T.);
#22330=EDGE_LOOP('',(#22320,#22300));
#22340=FACE_OUTER_BOUND('',#22330,.T.);
#22350=CARTESIAN_POINT('',(-3.5829003587298203E+01,
   2.3238852824316119E+01,5.0000000000000036E+00));
#22360=DIRECTION('',(0.0000000000000000E+00,1.0000000000000000E+00,
   0.0000000000000000E+00));
#22370=DIRECTION('',(-1.0000000000000000E+00,0.0000000000000000E+00,
   0.0000000000000000E+00));
#22380=AXIS2_PLACEMENT_3D('',#22350,#22360,#22370);
#22390=CIRCLE('',#22380,1.8999999999999999E+00);
#22400=CARTESIAN_POINT('',(-3.3929003587298205E+01,
   2.3238852824316119E+01,5.0000000000000000E+00));
#22410=VERTEX_POINT('',#22400);
#22420=CARTESIAN_POINT('',(-3.7729003587298202E+01,
   2.3238852824316119E+01,5.0000000000000000E+00));
#22430=VERTEX_POINT('',#22420);
#22440=EDGE_CURVE('',#22410,#22430,#22390,.T.);
#22450=ORIENTED_EDGE('',*,*,#22440,.F.);
#22460=EDGE_CURVE('',#22430,#22410,#22390,.T.);
#22470=ORIENTED_EDGE('',*,*,#22460,.F.);
#22480=EDGE_LOOP('',(#22470,#22450));
#22490=FACE_BOUND('',#22480,.T.);
#22500=ADVANCED_FACE('',(#22340,#22490),#22190,.F.);
#22510=COLOUR_RGB('',5.0196081399917603E-01,1.0000000000000000E+00,
   5.0196081399917603E-01);
#22520=FILL_AREA_STYLE_COLOUR('',#22510);
#22530=FILL_AREA_STYLE('',(#22520));
#22540=SURFACE_STYLE_FILL_AREA(#22530);
#22550=SURFACE_SIDE_STYLE('',(#22540));
#22560=SURFACE_STYLE_USAGE(.BOTH.,#22550);
#22570=PRESENTATION_STYLE_ASSIGNMENT((#22560));
#22580=CARTESIAN_POINT('',(-3.5854003587298216E+01,
   1.5508852824316122E+01,0.0000000000000000E+00));
#22590=DIRECTION('',(0.0000000000000000E+00,-1.0000000000000000E+00,
   0.0000000000000000E+00));
#22600=DIRECTION('',(1.0000000000000000E+00,0.0000000000000000E+00,
   0.0000000000000000E+00));
#22610=AXIS2_PLACEMENT_3D('',#22580,#22590,#22600);
#22620=CYLINDRICAL_SURFACE('',#22610,6.5000000000000002E-01);
#22630=CARTESIAN_POINT('',(-3.5204003587298217E+01,
   1.5508852824316122E+01,0.0000000000000000E+00));
#22640=DIRECTION('',(0.0000000000000000E+00,-1.0000000000000000E+00,
   0.0000000000000000E+00));
#22650=VECTOR('',#22640,1.0000000000000000E+00);
#22660=LINE('',#22630,#22650);
#22670=CARTESIAN_POINT('',(-3.5204003587298217E+01,
   1.5508852824316122E+01,0.0000000000000000E+00));
#22680=VERTEX_POINT('',#22670);
#22690=CARTESIAN_POINT('',(-3.5204003587298217E+01,
   1.5008852824316122E+01,0.0000000000000000E+00));
#22700=VERTEX_POINT('',#22690);
#22710=EDGE_CURVE('',#22680,#22700,#22660,.T.);
#22720=ORIENTED_EDGE('',*,*,#22710,.T.);
#22730=CARTESIAN_POINT('',(-3.5854003587298216E+01,
   1.5508852824316122E+01,0.0000000000000000E+00));
#22740=DIRECTION('',(0.0000000000000000E+00,-1.0000000000000000E+00,
   0.0000000000000000E+00));
#22750=DIRECTION('',(1.0000000000000000E+00,0.0000000000000000E+00,
   0.0000000000000000E+00));
#22760=AXIS2_PLACEMENT_3D('',#22730,#22740,#22750);
#22770=CIRCLE('',#22760,6.5000000000000002E-01);
#22780=CARTESIAN_POINT('',(-3.6504003587298214E+01,
   1.5508852824316122E+01,7.9602041944577967E-17));
#22790=VERTEX_POINT('',#22780);
#22800=EDGE_CURVE('',#22790,#22680,#22770,.T.);
#22810=ORIENTED_EDGE('',*,*,#22800,.T.);
#22820=CARTESIAN_POINT('',(-3.6504003587298214E+01,
   1.5508852824316122E+01,7.9602041944577967E-17));
#22830=DIRECTION('',(0.0000000000000000E+00,-1.0000000000000000E+00,
   0.0000000000000000E+00));
#22840=VECTOR('',#22830,1.0000000000000000E+00);
#22850=LINE('',#22820,#22840);
#22860=CARTESIAN_POINT('',(-3.6504003587298214E+01,
   1.5008852824316122E+01,7.9602041944577967E-17));
#22870=VERTEX_POINT('',#22860);
#22880=EDGE_CURVE('',#22790,#22870,#22850,.T.);
#22890=ORIENTED_EDGE('',*,*,#22880,.F.);
#22900=CARTESIAN_POINT('',(-3.5854003587298216E+01,
   1.5008852824316122E+01,0.0000000000000000E+00));
#22910=DIRECTION('',(0.0000000000000000E+00,-1.0000000000000000E+00,
   0.0000000000000000E+00));
#22920=DIRECTION('',(1.0000000000000000E+00,0.0000000000000000E+00,
   0.0000000000000000E+00));
#22930=AXIS2_PLACEMENT_3D('',#22900,#22910,#22920);
#22940=CIRCLE('',#22930,6.5000000000000002E-01);
#22950=EDGE_CURVE('',#22870,#22700,#22940,.T.);
#22960=ORIENTED_EDGE('',*,*,#22950,.F.);
#22970=EDGE_LOOP('',(#22960,#22890,#22810,#22720));
#22980=FACE_OUTER_BOUND('',#22970,.T.);
#22990=ADVANCED_FACE('',(#22980),#22620,.T.);
#23000=COLOUR_RGB('',9.4901967048645020E-01,9.4901967048645020E-01,
   1.0000000000000000E+00);
#23010=FILL_AREA_STYLE_COLOUR('',#23000);
#23020=FILL_AREA_STYLE('',(#23010));
#23030=SURFACE_STYLE_FILL_AREA(#23020);
#23040=SURFACE_SIDE_STYLE('',(#23030));
#23050=SURFACE_STYLE_USAGE(.BOTH.,#23040);
#23060=PRESENTATION_STYLE_ASSIGNMENT((#23050));
#23070=CARTESIAN_POINT('',(-3.6122820727760129E+01,
   1.5008852824316122E+01,-5.6707598847310283E+00));
#23080=DIRECTION('',(0.0000000000000000E+00,-1.0000000000000000E+00,
   0.0000000000000000E+00));
#23090=DIRECTION('',(1.0000000000000000E+00,0.0000000000000000E+00,
   0.0000000000000000E+00));
#23100=AXIS2_PLACEMENT_3D('',#23070,#23080,#23090);
#23110=PLANE('',#23100);
#23120=CARTESIAN_POINT('',(-8.8925674828030196E+01,
   1.5008852824316122E+01,0.0000000000000000E+00));
#23130=DIRECTION('',(1.0000000000000000E+00,0.0000000000000000E+00,
   0.0000000000000000E+00));
#23140=VECTOR('',#23130,1.0000000000000000E+00);
#23150=LINE('',#23120,#23140);
#23160=CARTESIAN_POINT('',(-3.6104003587298216E+01,
   1.5008852824316122E+01,0.0000000000000000E+00));
#23170=VERTEX_POINT('',#23160);
#23180=EDGE_CURVE('',#22870,#23170,#23150,.T.);
#23190=ORIENTED_EDGE('',*,*,#23180,.F.);
#23200=CARTESIAN_POINT('',(-3.6104003587298216E+01,
   1.5008852824316122E+01,0.0000000000000000E+00));
#23210=DIRECTION('',(0.0000000000000000E+00,0.0000000000000000E+00,
   -1.0000000000000000E+00));
#23220=VECTOR('',#23210,1.0000000000000000E+00);
#23230=LINE('',#23200,#23220);
#23240=CARTESIAN_POINT('',(-3.6104003587298216E+01,
   1.5008852824316122E+01,-5.0000000000000000E-01));
#23250=VERTEX_POINT('',#23240);
#23260=EDGE_CURVE('',#23170,#23250,#23230,.T.);
#23270=ORIENTED_EDGE('',*,*,#23260,.F.);
#23280=CARTESIAN_POINT('',(-8.8925674828030196E+01,
   1.5008852824316122E+01,-5.0000000000000000E-01));
#23290=DIRECTION('',(1.0000000000000000E+00,0.0000000000000000E+00,
   0.0000000000000000E+00));
#23300=VECTOR('',#23290,1.0000000000000000E+00);
#23310=LINE('',#23280,#23300);
#23320=CARTESIAN_POINT('',(-3.5604003587298216E+01,
   1.5008852824316122E+01,-5.0000000000000000E-01));
#23330=VERTEX_POINT('',#23320);
#23340=EDGE_CURVE('',#23250,#23330,#23310,.T.);
#23350=ORIENTED_EDGE('',*,*,#23340,.F.);
#23360=CARTESIAN_POINT('',(-3.5604003587298216E+01,
   1.5008852824316122E+01,0.0000000000000000E+00));
#23370=DIRECTION('',(0.0000000000000000E+00,0.0000000000000000E+00,
   1.0000000000000000E+00));
#23380=VECTOR('',#23370,1.0000000000000000E+00);
#23390=LINE('',#23360,#23380);
#23400=CARTESIAN_POINT('',(-3.5604003587298216E+01,
   1.5008852824316122E+01,0.0000000000000000E+00));
#23410=VERTEX_POINT('',#23400);
#23420=EDGE_CURVE('',#23330,#23410,#23390,.T.);
#23430=ORIENTED_EDGE('',*,*,#23420,.F.);
#23440=EDGE_CURVE('',#23410,#22700,#23150,.T.);
#23450=ORIENTED_EDGE('',*,*,#23440,.F.);
#23460=ORIENTED_EDGE('',*,*,#22950,.T.);
#23470=EDGE_LOOP('',(#23460,#23450,#23430,#23350,#23270,#23190));
#23480=FACE_OUTER_BOUND('',#23470,.T.);
#23490=ADVANCED_FACE('',(#23480),#23110,.T.);
#23500=COLOUR_RGB('',9.4901967048645020E-01,9.4901967048645020E-01,
   1.0000000000000000E+00);
#23510=FILL_AREA_STYLE_COLOUR('',#23500);
#23520=FILL_AREA_STYLE('',(#23510));
#23530=SURFACE_STYLE_FILL_AREA(#23520);
#23540=SURFACE_SIDE_STYLE('',(#23530));
#23550=SURFACE_STYLE_USAGE(.BOTH.,#23540);
#23560=PRESENTATION_STYLE_ASSIGNMENT((#23550));
#23570=CARTESIAN_POINT('',(-3.5604003587298216E+01,
   1.5008852824316122E+01,5.5000000000000036E+00));
#23580=DIRECTION('',(1.0000000000000000E+00,-0.0000000000000000E+00,
   0.0000000000000000E+00));
#23590=DIRECTION('',(0.0000000000000000E+00,0.0000000000000000E+00,
   -1.0000000000000000E+00));
#23600=AXIS2_PLACEMENT_3D('',#23570,#23580,#23590);
#23610=PLANE('',#23600);
#23620=ORIENTED_EDGE('',*,*,#11260,.T.);
#23630=ORIENTED_EDGE('',*,*,#14680,.F.);
#23640=ORIENTED_EDGE('',*,*,#13580,.T.);
#23650=CARTESIAN_POINT('',(-3.5604003587298216E+01,
   1.2008852824316122E+01,4.5000000000000036E+00));
#23660=DIRECTION('',(0.0000000000000000E+00,0.0000000000000000E+00,
   1.0000000000000000E+00));
#23670=VECTOR('',#23660,1.0000000000000000E+00);
#23680=LINE('',#23650,#23670);
#23690=CARTESIAN_POINT('',(-3.5604003587298216E+01,
   1.2008852824316129E+01,5.2320508075688821E+00));
#23700=VERTEX_POINT('',#23690);
#23710=EDGE_CURVE('',#13550,#23700,#23680,.T.);
#23720=ORIENTED_EDGE('',*,*,#23710,.F.);
#23730=CARTESIAN_POINT('',(-3.5604003587298216E+01,
   -2.6716239164827719E+01,-5.1443063177431370E+00));
#23740=DIRECTION('',(0.0000000000000000E+00,9.6592582628906842E-01,
   2.5881904510252046E-01));
#23750=VECTOR('',#23740,1.0000000000000000E+00);
#23760=LINE('',#23730,#23750);
#23770=CARTESIAN_POINT('',(-3.5604003587298216E+01,
   1.3008852824316122E+01,5.5000000000000036E+00));
#23780=VERTEX_POINT('',#23770);
#23790=EDGE_CURVE('',#23700,#23780,#23760,.T.);
#23800=ORIENTED_EDGE('',*,*,#23790,.F.);
#23810=CARTESIAN_POINT('',(-3.5604003587298216E+01,
   1.5008852824316122E+01,5.5000000000000036E+00));
#23820=DIRECTION('',(0.0000000000000000E+00,-1.0000000000000000E+00,
   0.0000000000000000E+00));
#23830=VECTOR('',#23820,1.0000000000000000E+00);
#23840=LINE('',#23810,#23830);
#23850=CARTESIAN_POINT('',(-3.5604003587298216E+01,
   1.5008852824316122E+01,5.5000000000000036E+00));
#23860=VERTEX_POINT('',#23850);
#23870=EDGE_CURVE('',#23860,#23780,#23840,.T.);
#23880=ORIENTED_EDGE('',*,*,#23870,.T.);
#23890=CARTESIAN_POINT('',(-3.5604003587298216E+01,
   1.5008852824316122E+01,1.0000000000000004E+01));
#23900=DIRECTION('',(0.0000000000000000E+00,0.0000000000000000E+00,
   1.0000000000000000E+00));
#23910=VECTOR('',#23900,1.0000000000000000E+00);
#23920=LINE('',#23890,#23910);
#23930=EDGE_CURVE('',#11250,#23860,#23920,.T.);
#23940=ORIENTED_EDGE('',*,*,#23930,.T.);
#23950=EDGE_LOOP('',(#23940,#23880,#23800,#23720,#23640,#23630,#23620));
#23960=FACE_OUTER_BOUND('',#23950,.T.);
#23970=ADVANCED_FACE('',(#23960),#23610,.T.);
#23980=COLOUR_RGB('',9.4901967048645020E-01,9.4901967048645020E-01,
   1.0000000000000000E+00);
#23990=FILL_AREA_STYLE_COLOUR('',#23980);
#24000=FILL_AREA_STYLE('',(#23990));
#24010=SURFACE_STYLE_FILL_AREA(#24000);
#24020=SURFACE_SIDE_STYLE('',(#24010));
#24030=SURFACE_STYLE_USAGE(.BOTH.,#24020);
#24040=PRESENTATION_STYLE_ASSIGNMENT((#24030));
#24050=CARTESIAN_POINT('',(-3.5604003587298216E+01,
   1.5008852824316122E+01,-5.0000000000000000E-01));
#24060=DIRECTION('',(0.0000000000000000E+00,0.0000000000000000E+00,
   -1.0000000000000000E+00));
#24070=DIRECTION('',(-1.0000000000000000E+00,0.0000000000000000E+00,
   0.0000000000000000E+00));
#24080=AXIS2_PLACEMENT_3D('',#24050,#24060,#24070);
#24090=PLANE('',#24080);
#24100=CARTESIAN_POINT('',(-3.6104003587298216E+01,
   1.5008852824316122E+01,-5.0000000000000000E-01));
#24110=DIRECTION('',(0.0000000000000000E+00,-1.0000000000000000E+00,
   0.0000000000000000E+00));
#24120=VECTOR('',#24110,1.0000000000000000E+00);
#24130=LINE('',#24100,#24120);
#24140=CARTESIAN_POINT('',(-3.6104003587298216E+01,
   1.3008852824316122E+01,-5.0000000000000000E-01));
#24150=VERTEX_POINT('',#24140);
#24160=EDGE_CURVE('',#23250,#24150,#24130,.T.);
#24170=ORIENTED_EDGE('',*,*,#24160,.F.);
#24180=CARTESIAN_POINT('',(-8.8925674828030196E+01,
   1.3008852824316122E+01,-5.0000000000000000E-01));
#24190=DIRECTION('',(-1.0000000000000000E+00,0.0000000000000000E+00,
   0.0000000000000000E+00));
#24200=VECTOR('',#24190,1.0000000000000000E+00);
#24210=LINE('',#24180,#24200);
#24220=CARTESIAN_POINT('',(-3.5604003587298216E+01,
   1.3008852824316122E+01,-5.0000000000000000E-01));
#24230=VERTEX_POINT('',#24220);
#24240=EDGE_CURVE('',#24230,#24150,#24210,.T.);
#24250=ORIENTED_EDGE('',*,*,#24240,.T.);
#24260=CARTESIAN_POINT('',(-3.5604003587298216E+01,
   1.5008852824316122E+01,-5.0000000000000000E-01));
#24270=DIRECTION('',(0.0000000000000000E+00,-1.0000000000000000E+00,
   0.0000000000000000E+00));
#24280=VECTOR('',#24270,1.0000000000000000E+00);
#24290=LINE('',#24260,#24280);
#24300=EDGE_CURVE('',#23330,#24230,#24290,.T.);
#24310=ORIENTED_EDGE('',*,*,#24300,.T.);
#24320=ORIENTED_EDGE('',*,*,#23340,.T.);
#24330=EDGE_LOOP('',(#24320,#24310,#24250,#24170));
#24340=FACE_OUTER_BOUND('',#24330,.T.);
#24350=ADVANCED_FACE('',(#24340),#24090,.T.);
#24360=COLOUR_RGB('',9.4901967048645020E-01,9.4901967048645020E-01,
   1.0000000000000000E+00);
#24370=FILL_AREA_STYLE_COLOUR('',#24360);
#24380=FILL_AREA_STYLE('',(#24370));
#24390=SURFACE_STYLE_FILL_AREA(#24380);
#24400=SURFACE_SIDE_STYLE('',(#24390));
#24410=SURFACE_STYLE_USAGE(.BOTH.,#24400);
#24420=PRESENTATION_STYLE_ASSIGNMENT((#24410));
#24430=CARTESIAN_POINT('',(-3.5581516213882892E+01,
   2.3538852824316109E+01,-2.4748737341531779E-01));
#24440=DIRECTION('',(-7.0710678118654746E-01,0.0000000000000000E+00,
   7.0710678118654757E-01));
#24450=DIRECTION('',(0.0000000000000000E+00,1.0000000000000000E+00,
   0.0000000000000000E+00));
#24460=AXIS2_PLACEMENT_3D('',#24430,#24440,#24450);
#24470=PLANE('',#24460);
#24480=ORIENTED_EDGE('',*,*,#18590,.F.);
#24490=CARTESIAN_POINT('',(-3.4261004949258471E+01,
   2.3082795793605840E+01,1.0730238912091083E+00));
#24500=DIRECTION('',(0.0000000000000000E+00,1.0000000000000000E+00,
   0.0000000000000000E+00));
#24510=VECTOR('',#24500,1.0000000000000000E+00);
#24520=LINE('',#24490,#24510);
#24530=CARTESIAN_POINT('',(-3.4261004949258449E+01,
   2.3538852824316109E+01,1.0730238912090777E+00));
#24540=VERTEX_POINT('',#24530);
#24550=EDGE_CURVE('',#24540,#18480,#24520,.T.);
#24560=ORIENTED_EDGE('',*,*,#24550,.T.);
#24570=CARTESIAN_POINT('',(-8.8925674828030196E+01,
   2.3538852824316109E+01,-5.3591645987562615E+01));
#24580=DIRECTION('',(-7.0710678118654757E-01,0.0000000000000000E+00,
   -7.0710678118654746E-01));
#24590=VECTOR('',#24580,1.0000000000000000E+00);
#24600=LINE('',#24570,#24590);
#24610=CARTESIAN_POINT('',(-3.5214995679261598E+01,
   2.3538852824316109E+01,1.1903316120586727E-01));
#24620=VERTEX_POINT('',#24610);
#24630=EDGE_CURVE('',#24540,#24620,#24600,.T.);
#24640=ORIENTED_EDGE('',*,*,#24630,.F.);
#24650=CARTESIAN_POINT('',(-3.5214995679261612E+01,
   3.5508852824316115E+01,1.1903316120596141E-01));
#24660=DIRECTION('',(0.0000000000000000E+00,-1.0000000000000000E+00,
   0.0000000000000000E+00));
#24670=VECTOR('',#24660,1.0000000000000000E+00);
#24680=LINE('',#24650,#24670);
#24690=EDGE_CURVE('',#18580,#24620,#24680,.T.);
#24700=ORIENTED_EDGE('',*,*,#24690,.T.);
#24710=EDGE_LOOP('',(#24700,#24640,#24560,#24480));
#24720=FACE_OUTER_BOUND('',#24710,.T.);
#24730=ADVANCED_FACE('',(#24720),#24470,.T.);
#24740=COLOUR_RGB('',9.4901967048645020E-01,9.4901967048645020E-01,
   1.0000000000000000E+00);
#24750=FILL_AREA_STYLE_COLOUR('',#24740);
#24760=FILL_AREA_STYLE('',(#24750));
#24770=SURFACE_STYLE_FILL_AREA(#24760);
#24780=SURFACE_SIDE_STYLE('',(#24770));
#24790=SURFACE_STYLE_USAGE(.BOTH.,#24780);
#24800=PRESENTATION_STYLE_ASSIGNMENT((#24790));
#24810=CARTESIAN_POINT('',(-3.6122820727760129E+01,
   1.2008852824316122E+01,-5.6707598847310283E+00));
#24820=DIRECTION('',(0.0000000000000000E+00,-1.0000000000000000E+00,
   0.0000000000000000E+00));
#24830=DIRECTION('',(1.0000000000000000E+00,0.0000000000000000E+00,
   0.0000000000000000E+00));
#24840=AXIS2_PLACEMENT_3D('',#24810,#24820,#24830);
#24850=PLANE('',#24840);
#24860=CARTESIAN_POINT('',(-8.8925674828030196E+01,
   1.2008852824316122E+01,2.3205080756887853E-01));
#24870=DIRECTION('',(1.0000000000000000E+00,0.0000000000000000E+00,
   0.0000000000000000E+00));
#24880=VECTOR('',#24870,1.0000000000000000E+00);
#24890=LINE('',#24860,#24880);
#24900=CARTESIAN_POINT('',(-3.6104003587298216E+01,
   1.2008852824316129E+01,2.3205080756887853E-01));
#24910=VERTEX_POINT('',#24900);
#24920=CARTESIAN_POINT('',(-3.5604003587298216E+01,
   1.2008852824316129E+01,2.3205080756887853E-01));
#24930=VERTEX_POINT('',#24920);
#24940=EDGE_CURVE('',#24910,#24930,#24890,.T.);
#24950=ORIENTED_EDGE('',*,*,#24940,.F.);
#24960=CARTESIAN_POINT('',(-3.5604003587298216E+01,
   1.2008852824316122E+01,-5.0000000000000000E-01));
#24970=DIRECTION('',(0.0000000000000000E+00,0.0000000000000000E+00,
   1.0000000000000000E+00));
#24980=VECTOR('',#24970,1.0000000000000000E+00);
#24990=LINE('',#24960,#24980);
#25000=CARTESIAN_POINT('',(-3.5604003587298216E+01,
   1.2008852824316129E+01,-2.3205080756887853E-01));
#25010=VERTEX_POINT('',#25000);
#25020=EDGE_CURVE('',#25010,#24930,#24990,.T.);
#25030=ORIENTED_EDGE('',*,*,#25020,.T.);
#25040=CARTESIAN_POINT('',(-8.8925674828030196E+01,
   1.2008852824316122E+01,-2.3205080756887886E-01));
#25050=DIRECTION('',(1.0000000000000000E+00,0.0000000000000000E+00,
   0.0000000000000000E+00));
#25060=VECTOR('',#25050,1.0000000000000000E+00);
#25070=LINE('',#25040,#25060);
#25080=CARTESIAN_POINT('',(-3.6104003587298216E+01,
   1.2008852824316129E+01,-2.3205080756887853E-01));
#25090=VERTEX_POINT('',#25080);
#25100=EDGE_CURVE('',#25090,#25010,#25070,.T.);
#25110=ORIENTED_EDGE('',*,*,#25100,.T.);
#25120=CARTESIAN_POINT('',(-3.6104003587298216E+01,
   1.2008852824316122E+01,5.0000000000000000E-01));
#25130=DIRECTION('',(0.0000000000000000E+00,0.0000000000000000E+00,
   -1.0000000000000000E+00));
#25140=VECTOR('',#25130,1.0000000000000000E+00);
#25150=LINE('',#25120,#25140);
#25160=EDGE_CURVE('',#24910,#25090,#25150,.T.);
#25170=ORIENTED_EDGE('',*,*,#25160,.T.);
#25180=EDGE_LOOP('',(#25170,#25110,#25030,#24950));
#25190=FACE_OUTER_BOUND('',#25180,.T.);
#25200=ADVANCED_FACE('',(#25190),#24850,.T.);
#25210=COLOUR_RGB('',9.4901967048645020E-01,9.4901967048645020E-01,
   1.0000000000000000E+00);
#25220=FILL_AREA_STYLE_COLOUR('',#25210);
#25230=FILL_AREA_STYLE('',(#25220));
#25240=SURFACE_STYLE_FILL_AREA(#25230);
#25250=SURFACE_SIDE_STYLE('',(#25240));
#25260=SURFACE_STYLE_USAGE(.BOTH.,#25250);
#25270=PRESENTATION_STYLE_ASSIGNMENT((#25260));
#25280=CARTESIAN_POINT('',(-3.6104003587298216E+01,
   1.5008852824316122E+01,-5.0000000000000000E-01));
#25290=DIRECTION('',(-1.0000000000000000E+00,0.0000000000000000E+00,
   0.0000000000000000E+00));
#25300=DIRECTION('',(0.0000000000000000E+00,0.0000000000000000E+00,
   1.0000000000000000E+00));
#25310=AXIS2_PLACEMENT_3D('',#25280,#25290,#25300);
#25320=PLANE('',#25310);
#25330=CARTESIAN_POINT('',(-3.6104003587298216E+01,
   1.5008852824316122E+01,5.0000000000000000E+00));
#25340=DIRECTION('',(0.0000000000000000E+00,0.0000000000000000E+00,
   -1.0000000000000000E+00));
#25350=VECTOR('',#25340,1.0000000000000000E+00);
#25360=LINE('',#25330,#25350);
#25370=CARTESIAN_POINT('',(-3.6104003587298216E+01,
   1.5008852824316122E+01,5.0000000000000000E-01));
#25380=VERTEX_POINT('',#25370);
#25390=EDGE_CURVE('',#25380,#23170,#25360,.T.);
#25400=ORIENTED_EDGE('',*,*,#25390,.T.);
#25410=CARTESIAN_POINT('',(-3.6104003587298216E+01,
   1.5008852824316122E+01,5.0000000000000000E-01));
#25420=DIRECTION('',(0.0000000000000000E+00,-1.0000000000000000E+00,
   0.0000000000000000E+00));
#25430=VECTOR('',#25420,1.0000000000000000E+00);
#25440=LINE('',#25410,#25430);
#25450=CARTESIAN_POINT('',(-3.6104003587298216E+01,
   1.3008852824316122E+01,5.0000000000000000E-01));
#25460=VERTEX_POINT('',#25450);
#25470=EDGE_CURVE('',#25380,#25460,#25440,.T.);
#25480=ORIENTED_EDGE('',*,*,#25470,.F.);
#25490=CARTESIAN_POINT('',(-3.6104003587298216E+01,
   -2.6716239164827719E+01,-1.0144306317743141E+01));
#25500=DIRECTION('',(0.0000000000000000E+00,-9.6592582628906842E-01,
   -2.5881904510252046E-01));
#25510=VECTOR('',#25500,1.0000000000000000E+00);
#25520=LINE('',#25490,#25510);
#25530=EDGE_CURVE('',#25460,#24910,#25520,.T.);
#25540=ORIENTED_EDGE('',*,*,#25530,.F.);
#25550=ORIENTED_EDGE('',*,*,#25160,.F.);
#25560=CARTESIAN_POINT('',(-3.6104003587298216E+01,
   -2.6716239164827719E+01,1.0144306317743141E+01));
#25570=DIRECTION('',(0.0000000000000000E+00,-9.6592582628906842E-01,
   2.5881904510252046E-01));
#25580=VECTOR('',#25570,1.0000000000000000E+00);
#25590=LINE('',#25560,#25580);
#25600=EDGE_CURVE('',#24150,#25090,#25590,.T.);
#25610=ORIENTED_EDGE('',*,*,#25600,.T.);
#25620=ORIENTED_EDGE('',*,*,#24160,.T.);
#25630=ORIENTED_EDGE('',*,*,#23260,.T.);
#25640=EDGE_LOOP('',(#25630,#25620,#25610,#25550,#25540,#25480,#25400));
#25650=FACE_OUTER_BOUND('',#25640,.T.);
#25660=ADVANCED_FACE('',(#25650),#25320,.T.);
#25670=COLOUR_RGB('',9.4901967048645020E-01,9.4901967048645020E-01,
   1.0000000000000000E+00);
#25680=FILL_AREA_STYLE_COLOUR('',#25670);
#25690=FILL_AREA_STYLE('',(#25680));
#25700=SURFACE_STYLE_FILL_AREA(#25690);
#25710=SURFACE_SIDE_STYLE('',(#25700));
#25720=SURFACE_STYLE_USAGE(.BOTH.,#25710);
#25730=PRESENTATION_STYLE_ASSIGNMENT((#25720));
#25740=CARTESIAN_POINT('',(-3.5854003587298216E+01,
   1.2508852824316122E+01,-3.6602540378443882E-01));
#25750=DIRECTION('',(0.0000000000000000E+00,2.5881904510252046E-01,
   9.6592582628906842E-01));
#25760=DIRECTION('',(0.0000000000000000E+00,9.6592582628906842E-01,
   -2.5881904510252046E-01));
#25770=AXIS2_PLACEMENT_3D('',#25740,#25750,#25760);
#25780=PLANE('',#25770);
#25790=CARTESIAN_POINT('',(-3.5604003587298216E+01,
   -2.6716239164827719E+01,1.0144306317743141E+01));
#25800=DIRECTION('',(0.0000000000000000E+00,9.6592582628906842E-01,
   -2.5881904510252046E-01));
#25810=VECTOR('',#25800,1.0000000000000000E+00);
#25820=LINE('',#25790,#25810);
#25830=EDGE_CURVE('',#25010,#24230,#25820,.T.);
#25840=ORIENTED_EDGE('',*,*,#25830,.F.);
#25850=ORIENTED_EDGE('',*,*,#24240,.F.);
#25860=ORIENTED_EDGE('',*,*,#25600,.F.);
#25870=ORIENTED_EDGE('',*,*,#25100,.F.);
#25880=EDGE_LOOP('',(#25870,#25860,#25850,#25840));
#25890=FACE_OUTER_BOUND('',#25880,.T.);
#25900=ADVANCED_FACE('',(#25890),#25780,.F.);
#25910=COLOUR_RGB('',9.4901967048645020E-01,9.4901967048645020E-01,
   1.0000000000000000E+00);
#25920=FILL_AREA_STYLE_COLOUR('',#25910);
#25930=FILL_AREA_STYLE('',(#25920));
#25940=SURFACE_STYLE_FILL_AREA(#25930);
#25950=SURFACE_SIDE_STYLE('',(#25940));
#25960=SURFACE_STYLE_USAGE(.BOTH.,#25950);
#25970=PRESENTATION_STYLE_ASSIGNMENT((#25960));
#25980=CARTESIAN_POINT('',(-3.6104003587298216E+01,
   1.5008852824316122E+01,5.5000000000000036E+00));
#25990=DIRECTION('',(0.0000000000000000E+00,0.0000000000000000E+00,
   1.0000000000000000E+00));
#26000=DIRECTION('',(1.0000000000000000E+00,0.0000000000000000E+00,
   0.0000000000000000E+00));
#26010=AXIS2_PLACEMENT_3D('',#25980,#25990,#26000);
#26020=PLANE('',#26010);
#26030=ORIENTED_EDGE('',*,*,#23870,.F.);
#26040=CARTESIAN_POINT('',(-8.8925674828030196E+01,
   1.3008852824316122E+01,5.5000000000000036E+00));
#26050=DIRECTION('',(-1.0000000000000000E+00,0.0000000000000000E+00,
   0.0000000000000000E+00));
#26060=VECTOR('',#26050,1.0000000000000000E+00);
#26070=LINE('',#26040,#26060);
#26080=CARTESIAN_POINT('',(-3.6104003587298216E+01,
   1.3008852824316122E+01,5.5000000000000036E+00));
#26090=VERTEX_POINT('',#26080);
#26100=EDGE_CURVE('',#23780,#26090,#26070,.T.);
#26110=ORIENTED_EDGE('',*,*,#26100,.F.);
#26120=CARTESIAN_POINT('',(-3.6104003587298216E+01,
   1.5008852824316122E+01,5.5000000000000036E+00));
#26130=DIRECTION('',(0.0000000000000000E+00,-1.0000000000000000E+00,
   0.0000000000000000E+00));
#26140=VECTOR('',#26130,1.0000000000000000E+00);
#26150=LINE('',#26120,#26140);
#26160=CARTESIAN_POINT('',(-3.6104003587298216E+01,
   1.5008852824316122E+01,5.5000000000000036E+00));
#26170=VERTEX_POINT('',#26160);
#26180=EDGE_CURVE('',#26170,#26090,#26150,.T.);
#26190=ORIENTED_EDGE('',*,*,#26180,.T.);
#26200=CARTESIAN_POINT('',(-8.8925674828030196E+01,
   1.5008852824316122E+01,5.5000000000000036E+00));
#26210=DIRECTION('',(-1.0000000000000000E+00,0.0000000000000000E+00,
   0.0000000000000000E+00));
#26220=VECTOR('',#26210,1.0000000000000000E+00);
#26230=LINE('',#26200,#26220);
#26240=EDGE_CURVE('',#23860,#26170,#26230,.T.);
#26250=ORIENTED_EDGE('',*,*,#26240,.T.);
#26260=EDGE_LOOP('',(#26250,#26190,#26110,#26030));
#26270=FACE_OUTER_BOUND('',#26260,.T.);
#26280=ADVANCED_FACE('',(#26270),#26020,.T.);
#26290=COLOUR_RGB('',9.4901967048645020E-01,9.4901967048645020E-01,
   1.0000000000000000E+00);
#26300=FILL_AREA_STYLE_COLOUR('',#26290);
#26310=FILL_AREA_STYLE('',(#26300));
#26320=SURFACE_STYLE_FILL_AREA(#26310);
#26330=SURFACE_SIDE_STYLE('',(#26320));
#26340=SURFACE_STYLE_USAGE(.BOTH.,#26330);
#26350=PRESENTATION_STYLE_ASSIGNMENT((#26340));
#26360=CARTESIAN_POINT('',(-3.6497744671345409E+01,
   2.4538852824316116E+01,6.6874108404720545E-01));
#26370=DIRECTION('',(0.0000000000000000E+00,1.0000000000000000E+00,
   0.0000000000000000E+00));
#26380=DIRECTION('',(7.0710678118654746E-01,0.0000000000000000E+00,
   -7.0710678118654757E-01));
#26390=AXIS2_PLACEMENT_3D('',#26360,#26370,#26380);
#26400=PLANE('',#26390);
#26410=CARTESIAN_POINT('',(-8.8925674828030196E+01,
   2.4538852824316116E+01,0.0000000000000000E+00));
#26420=DIRECTION('',(-1.0000000000000000E+00,0.0000000000000000E+00,
   0.0000000000000000E+00));
#26430=VECTOR('',#26420,1.0000000000000000E+00);
#26440=LINE('',#26410,#26430);
#26450=CARTESIAN_POINT('',(-3.6504003587298214E+01,
   2.4538852824316116E+01,0.0000000000000000E+00));
#26460=VERTEX_POINT('',#26450);
#26470=EDGE_CURVE('',#4010,#26460,#26440,.T.);
#26480=ORIENTED_EDGE('',*,*,#26470,.T.);
#26490=CARTESIAN_POINT('',(-8.8925674828030196E+01,
   2.4538852824316116E+01,-5.2601696493901422E+01));
#26500=DIRECTION('',(-7.0710678118654757E-01,0.0000000000000000E+00,
   -7.0710678118654746E-01));
#26510=VECTOR('',#26500,1.0000000000000000E+00);
#26520=LINE('',#26490,#26510);
#26530=CARTESIAN_POINT('',(-3.5693983448967970E+01,
   2.4538852824316116E+01,6.2999488516079971E-01));
#26540=VERTEX_POINT('',#26530);
#26550=EDGE_CURVE('',#26540,#4010,#26520,.T.);
#26560=ORIENTED_EDGE('',*,*,#26550,.T.);
#26570=CARTESIAN_POINT('',(-3.5854003587298216E+01,
   2.4538852824316116E+01,0.0000000000000000E+00));
#26580=DIRECTION('',(0.0000000000000000E+00,-1.0000000000000000E+00,
   0.0000000000000000E+00));
#26590=DIRECTION('',(1.0000000000000000E+00,0.0000000000000000E+00,
   0.0000000000000000E+00));
#26600=AXIS2_PLACEMENT_3D('',#26570,#26580,#26590);
#26610=CIRCLE('',#26600,6.5000000000000002E-01);
#26620=EDGE_CURVE('',#26540,#26460,#26610,.T.);
#26630=ORIENTED_EDGE('',*,*,#26620,.F.);
#26640=EDGE_LOOP('',(#26630,#26560,#26480));
#26650=FACE_OUTER_BOUND('',#26640,.T.);
#26660=ADVANCED_FACE('',(#26650),#26400,.T.);
#26670=COLOUR_RGB('',9.4901967048645020E-01,9.4901967048645020E-01,
   1.0000000000000000E+00);
#26680=FILL_AREA_STYLE_COLOUR('',#26670);
#26690=FILL_AREA_STYLE('',(#26680));
#26700=SURFACE_STYLE_FILL_AREA(#26690);
#26710=SURFACE_SIDE_STYLE('',(#26700));
#26720=SURFACE_STYLE_USAGE(.BOTH.,#26710);
#26730=PRESENTATION_STYLE_ASSIGNMENT((#26720));
#26740=CARTESIAN_POINT('',(-3.5829003587298203E+01,
   2.4538852824316116E+01,5.0000000000000036E+00));
#26750=DIRECTION('',(0.0000000000000000E+00,1.0000000000000000E+00,
   0.0000000000000000E+00));
#26760=DIRECTION('',(-1.0000000000000000E+00,0.0000000000000000E+00,
   0.0000000000000000E+00));
#26770=AXIS2_PLACEMENT_3D('',#26740,#26750,#26760);
#26780=CIRCLE('',#26770,1.8999999999999999E+00);
#26790=CARTESIAN_POINT('',(-3.4261004949258471E+01,
   2.4538852824316116E+01,6.0730238912091119E+00));
#26800=VERTEX_POINT('',#26790);
#26810=CARTESIAN_POINT('',(-3.3929003587298205E+01,
   2.4538852824316116E+01,5.0000000000000000E+00));
#26820=VERTEX_POINT('',#26810);
#26830=EDGE_CURVE('',#26800,#26820,#26780,.T.);
#26840=ORIENTED_EDGE('',*,*,#26830,.T.);
#26850=CARTESIAN_POINT('',(-8.8925674828030196E+01,
   2.4538852824316116E+01,-4.8591645987562615E+01));
#26860=DIRECTION('',(7.0710678118654757E-01,0.0000000000000000E+00,
   7.0710678118654746E-01));
#26870=VECTOR('',#26860,1.0000000000000000E+00);
#26880=LINE('',#26850,#26870);
#26890=CARTESIAN_POINT('',(-3.5214995679261612E+01,
   2.4538852824316116E+01,5.1190331612059650E+00));
#26900=VERTEX_POINT('',#26890);
#26910=EDGE_CURVE('',#26900,#26800,#26880,.T.);
#26920=ORIENTED_EDGE('',*,*,#26910,.T.);
#26930=CARTESIAN_POINT('',(-3.5854003587298216E+01,
   2.4538852824316116E+01,5.0000000000000036E+00));
#26940=DIRECTION('',(0.0000000000000000E+00,-1.0000000000000000E+00,
   0.0000000000000000E+00));
#26950=DIRECTION('',(1.0000000000000000E+00,0.0000000000000000E+00,
   0.0000000000000000E+00));
#26960=AXIS2_PLACEMENT_3D('',#26930,#26940,#26950);
#26970=CIRCLE('',#26960,6.5000000000000002E-01);
#26980=EDGE_CURVE('',#3610,#26900,#26970,.T.);
#26990=ORIENTED_EDGE('',*,*,#26980,.T.);
#27000=ORIENTED_EDGE('',*,*,#3790,.T.);
#27010=CARTESIAN_POINT('',(-3.6902027478507307E+01,
   2.4538852824316116E+01,3.4320013619602623E+00));
#27020=VERTEX_POINT('',#27010);
#27030=EDGE_CURVE('',#27020,#3710,#3690,.T.);
#27040=ORIENTED_EDGE('',*,*,#27030,.T.);
#27050=EDGE_CURVE('',#26820,#27020,#26780,.T.);
#27060=ORIENTED_EDGE('',*,*,#27050,.T.);
#27070=EDGE_LOOP('',(#27060,#27040,#27000,#26990,#26920,#26840));
#27080=FACE_OUTER_BOUND('',#27070,.T.);
#27090=ADVANCED_FACE('',(#27080),#3550,.T.);
#27100=COLOUR_RGB('',9.4901967048645020E-01,9.4901967048645020E-01,
   1.0000000000000000E+00);
#27110=FILL_AREA_STYLE_COLOUR('',#27100);
#27120=FILL_AREA_STYLE('',(#27110));
#27130=SURFACE_STYLE_FILL_AREA(#27120);
#27140=SURFACE_SIDE_STYLE('',(#27130));
#27150=SURFACE_STYLE_USAGE(.BOTH.,#27140);
#27160=PRESENTATION_STYLE_ASSIGNMENT((#27150));
#27170=CARTESIAN_POINT('',(-3.3329704168143152E+01,
   2.5138262346867378E+01,0.0000000000000000E+00));
#27180=DIRECTION('',(9.6592582628906865E-01,2.5881904510251968E-01,
   0.0000000000000000E+00));
#27190=DIRECTION('',(2.5881904510251968E-01,-9.6592582628906865E-01,
   0.0000000000000000E+00));
#27200=AXIS2_PLACEMENT_3D('',#27170,#27180,#27190);
#27210=PLANE('',#27200);
#27220=ORIENTED_EDGE('',*,*,#10230,.T.);
#27230=CARTESIAN_POINT('',(-3.1754003587298214E+01,
   1.9257667721638249E+01,2.5000000000000000E+01));
#27240=DIRECTION('',(0.0000000000000000E+00,0.0000000000000000E+00,
   1.0000000000000000E+00));
#27250=VECTOR('',#27240,1.0000000000000000E+00);
#27260=LINE('',#27230,#27250);
#27270=CARTESIAN_POINT('',(-3.1754003587298207E+01,
   1.9257667721638242E+01,2.7500000000000000E+01));
#27280=VERTEX_POINT('',#27270);
#27290=EDGE_CURVE('',#10160,#27280,#27260,.T.);
#27300=ORIENTED_EDGE('',*,*,#27290,.F.);
#27310=CARTESIAN_POINT('',(-2.6593927073178364E+01,
   0.0000000000000000E+00,2.7500000000000000E+01));
#27320=DIRECTION('',(-2.5881904510251968E-01,9.6592582628906865E-01,
   0.0000000000000000E+00));
#27330=VECTOR('',#27320,1.0000000000000000E+00);
#27340=LINE('',#27310,#27330);
#27350=CARTESIAN_POINT('',(-3.3329704168143152E+01,
   2.5138262346867378E+01,2.7500000000000000E+01));
#27360=VERTEX_POINT('',#27350);
#27370=EDGE_CURVE('',#27280,#27360,#27340,.T.);
#27380=ORIENTED_EDGE('',*,*,#27370,.F.);
#27390=CARTESIAN_POINT('',(-3.3329704168143152E+01,
   2.5138262346867378E+01,1.0000000000000004E+01));
#27400=DIRECTION('',(0.0000000000000000E+00,0.0000000000000000E+00,
   1.0000000000000000E+00));
#27410=VECTOR('',#27400,1.0000000000000000E+00);
#27420=LINE('',#27390,#27410);
#27430=EDGE_CURVE('',#9200,#27360,#27420,.T.);
#27440=ORIENTED_EDGE('',*,*,#27430,.T.);
#27450=EDGE_LOOP('',(#27440,#27380,#27300,#27220));
#27460=FACE_OUTER_BOUND('',#27450,.T.);
#27470=ADVANCED_FACE('',(#27460),#27210,.T.);
#27480=COLOUR_RGB('',5.0196081399917603E-01,1.0000000000000000E+00,
   5.0196081399917603E-01);
#27490=FILL_AREA_STYLE_COLOUR('',#27480);
#27500=FILL_AREA_STYLE('',(#27490));
#27510=SURFACE_STYLE_FILL_AREA(#27500);
#27520=SURFACE_SIDE_STYLE('',(#27510));
#27530=SURFACE_STYLE_USAGE(.BOTH.,#27520);
#27540=PRESENTATION_STYLE_ASSIGNMENT((#27530));
#27550=CARTESIAN_POINT('',(-3.8579003587298210E+01,
   1.9228852824316121E+01,-5.0000000000000000E+00));
#27560=DIRECTION('',(9.6592582628906809E-01,2.5881904510252152E-01,
   0.0000000000000000E+00));
#27570=DIRECTION('',(2.5881904510252152E-01,-9.6592582628906809E-01,
   0.0000000000000000E+00));
#27580=AXIS2_PLACEMENT_3D('',#27550,#27560,#27570);
#27590=PLANE('',#27580);
#27600=CARTESIAN_POINT('',(-3.3426648001645773E+01,
   0.0000000000000000E+00,-5.5692851266613053E+00));
#27610=DIRECTION('',(-2.5759337550319977E-01,9.6135156507110675E-01,
   9.7205047359698329E-02));
#27620=VECTOR('',#27610,1.0000000000000000E+00);
#27630=LINE('',#27600,#27620);
#27640=CARTESIAN_POINT('',(-3.8579003587298203E+01,
   1.9228852824316114E+01,-3.6250000000000000E+00));
#27650=VERTEX_POINT('',#27640);
#27660=EDGE_CURVE('',#27650,#4890,#27630,.T.);
#27670=ORIENTED_EDGE('',*,*,#27660,.T.);
#27680=CARTESIAN_POINT('',(-3.8579003587298203E+01,
   1.9228852824316114E+01,-5.0000000000000000E+00));
#27690=DIRECTION('',(0.0000000000000000E+00,0.0000000000000000E+00,
   -1.0000000000000000E+00));
#27700=VECTOR('',#27690,1.0000000000000000E+00);
#27710=LINE('',#27680,#27700);
#27720=EDGE_CURVE('',#27650,#6950,#27710,.T.);
#27730=ORIENTED_EDGE('',*,*,#27720,.F.);
#27740=ORIENTED_EDGE('',*,*,#6960,.F.);
#27750=ORIENTED_EDGE('',*,*,#5000,.F.);
#27760=EDGE_LOOP('',(#27750,#27740,#27730,#27670));
#27770=FACE_OUTER_BOUND('',#27760,.T.);
#27780=ADVANCED_FACE('',(#27770),#27590,.F.);
#27790=COLOUR_RGB('',5.0196081399917603E-01,1.0000000000000000E+00,
   5.0196081399917603E-01);
#27800=FILL_AREA_STYLE_COLOUR('',#27790);
#27810=FILL_AREA_STYLE('',(#27800));
#27820=SURFACE_STYLE_FILL_AREA(#27810);
#27830=SURFACE_SIDE_STYLE('',(#27820));
#27840=SURFACE_STYLE_USAGE(.BOTH.,#27830);
#27850=PRESENTATION_STYLE_ASSIGNMENT((#27840));
#27860=CARTESIAN_POINT('',(-3.5829003587298203E+01,
   2.3082795793605840E+01,0.0000000000000000E+00));
#27870=DIRECTION('',(0.0000000000000000E+00,1.0000000000000000E+00,
   0.0000000000000000E+00));
#27880=DIRECTION('',(-1.0000000000000000E+00,0.0000000000000000E+00,
   0.0000000000000000E+00));
#27890=AXIS2_PLACEMENT_3D('',#27860,#27870,#27880);
#27900=CYLINDRICAL_SURFACE('',#27890,1.8999999999999999E+00);
#27910=CARTESIAN_POINT('',(-3.7729003587298202E+01,
   2.3082795793605840E+01,0.0000000000000000E+00));
#27920=DIRECTION('',(0.0000000000000000E+00,1.0000000000000000E+00,
   0.0000000000000000E+00));
#27930=VECTOR('',#27920,1.0000000000000000E+00);
#27940=LINE('',#27910,#27930);
#27950=CARTESIAN_POINT('',(-3.7729003587298202E+01,
   2.4538852824316116E+01,0.0000000000000000E+00));
#27960=VERTEX_POINT('',#27950);
#27970=EDGE_CURVE('',#12760,#27960,#27940,.T.);
#27980=ORIENTED_EDGE('',*,*,#27970,.F.);
#27990=CARTESIAN_POINT('',(-3.5829003587298203E+01,
   2.4538852824316116E+01,0.0000000000000000E+00));
#28000=DIRECTION('',(0.0000000000000000E+00,1.0000000000000000E+00,
   0.0000000000000000E+00));
#28010=DIRECTION('',(-1.0000000000000000E+00,0.0000000000000000E+00,
   0.0000000000000000E+00));
#28020=AXIS2_PLACEMENT_3D('',#27990,#28000,#28010);
#28030=CIRCLE('',#28020,1.8999999999999999E+00);
#28040=CARTESIAN_POINT('',(-3.4755979696089121E+01,
   2.4538852824316116E+01,1.5679986380397528E+00));
#28050=VERTEX_POINT('',#28040);
#28060=EDGE_CURVE('',#27960,#28050,#28030,.T.);
#28070=ORIENTED_EDGE('',*,*,#28060,.F.);
#28080=CARTESIAN_POINT('',(-3.4755979696089057E+01,
   2.3082795793605840E+01,1.5679986380397088E+00));
#28090=DIRECTION('',(0.0000000000000000E+00,1.0000000000000000E+00,
   0.0000000000000000E+00));
#28100=VECTOR('',#28090,1.0000000000000000E+00);
#28110=LINE('',#28080,#28100);
#28120=CARTESIAN_POINT('',(-3.4755979696089057E+01,
   2.3538852824316109E+01,1.5679986380397088E+00));
#28130=VERTEX_POINT('',#28120);
#28140=EDGE_CURVE('',#28130,#28050,#28110,.T.);
#28150=ORIENTED_EDGE('',*,*,#28140,.T.);
#28160=CARTESIAN_POINT('',(-3.5829003587298203E+01,
   2.3538852824316109E+01,0.0000000000000000E+00));
#28170=DIRECTION('',(0.0000000000000000E+00,1.0000000000000000E+00,
   0.0000000000000000E+00));
#28180=DIRECTION('',(-1.0000000000000000E+00,0.0000000000000000E+00,
   0.0000000000000000E+00));
#28190=AXIS2_PLACEMENT_3D('',#28160,#28170,#28180);
#28200=CIRCLE('',#28190,1.8999999999999999E+00);
#28210=EDGE_CURVE('',#28130,#24540,#28200,.T.);
#28220=ORIENTED_EDGE('',*,*,#28210,.F.);
#28230=ORIENTED_EDGE('',*,*,#24550,.F.);
#28240=ORIENTED_EDGE('',*,*,#18510,.F.);
#28250=CARTESIAN_POINT('',(-3.3929003587298205E+01,
   2.3082795793605840E+01,2.3268289183799709E-16));
#28260=DIRECTION('',(0.0000000000000000E+00,1.0000000000000000E+00,
   0.0000000000000000E+00));
#28270=VECTOR('',#28260,1.0000000000000000E+00);
#28280=LINE('',#28250,#28270);
#28290=EDGE_CURVE('',#12740,#18500,#28280,.T.);
#28300=ORIENTED_EDGE('',*,*,#28290,.T.);
#28310=ORIENTED_EDGE('',*,*,#12790,.T.);
#28320=EDGE_LOOP('',(#28310,#28300,#28240,#28230,#28220,#28150,#28070,
   #27980));
#28330=FACE_OUTER_BOUND('',#28320,.T.);
#28340=ADVANCED_FACE('',(#28330),#27900,.T.);
#28350=COLOUR_RGB('',9.4901967048645020E-01,9.4901967048645020E-01,
   1.0000000000000000E+00);
#28360=FILL_AREA_STYLE_COLOUR('',#28350);
#28370=FILL_AREA_STYLE('',(#28360));
#28380=SURFACE_STYLE_FILL_AREA(#28370);
#28390=SURFACE_SIDE_STYLE('',(#28380));
#28400=SURFACE_STYLE_USAGE(.BOTH.,#28390);
#28410=PRESENTATION_STYLE_ASSIGNMENT((#28400));
#28420=CARTESIAN_POINT('',(-3.7397002225337957E+01,
   2.4538852824316116E+01,-1.0730238912090808E+00));
#28430=VERTEX_POINT('',#28420);
#28440=EDGE_CURVE('',#4030,#28430,#3990,.T.);
#28450=ORIENTED_EDGE('',*,*,#28440,.F.);
#28460=CARTESIAN_POINT('',(-3.7397002225337914E+01,
   2.3082795793605840E+01,-1.0730238912091448E+00));
#28470=DIRECTION('',(0.0000000000000000E+00,1.0000000000000000E+00,
   0.0000000000000000E+00));
#28480=VECTOR('',#28470,1.0000000000000000E+00);
#28490=LINE('',#28460,#28480);
#28500=EDGE_CURVE('',#10380,#28430,#28490,.T.);
#28510=ORIENTED_EDGE('',*,*,#28500,.T.);
#28520=ORIENTED_EDGE('',*,*,#10390,.T.);
#28530=ORIENTED_EDGE('',*,*,#4120,.T.);
#28540=EDGE_LOOP('',(#28530,#28520,#28510,#28450));
#28550=FACE_OUTER_BOUND('',#28540,.T.);
#28560=ADVANCED_FACE('',(#28550),#3950,.T.);
#28570=COLOUR_RGB('',9.4901967048645020E-01,9.4901967048645020E-01,
   1.0000000000000000E+00);
#28580=FILL_AREA_STYLE_COLOUR('',#28570);
#28590=FILL_AREA_STYLE('',(#28580));
#28600=SURFACE_STYLE_FILL_AREA(#28590);
#28610=SURFACE_SIDE_STYLE('',(#28600));
#28620=SURFACE_STYLE_USAGE(.BOTH.,#28610);
#28630=PRESENTATION_STYLE_ASSIGNMENT((#28620));
#28640=CARTESIAN_POINT('',(-3.5854003587298216E+01,
   2.4538852824316116E+01,0.0000000000000000E+00));
#28650=DIRECTION('',(0.0000000000000000E+00,-1.0000000000000000E+00,
   0.0000000000000000E+00));
#28660=DIRECTION('',(1.0000000000000000E+00,0.0000000000000000E+00,
   0.0000000000000000E+00));
#28670=AXIS2_PLACEMENT_3D('',#28640,#28650,#28660);
#28680=CIRCLE('',#28670,6.5000000000000002E-01);
#28690=EDGE_CURVE('',#26460,#4030,#28680,.T.);
#28700=ORIENTED_EDGE('',*,*,#28690,.F.);
#28710=ORIENTED_EDGE('',*,*,#4040,.T.);
#28720=ORIENTED_EDGE('',*,*,#26470,.F.);
#28730=EDGE_LOOP('',(#28720,#28710,#28700));
#28740=FACE_OUTER_BOUND('',#28730,.T.);
#28750=ADVANCED_FACE('',(#28740),#18410,.T.);
#28760=COLOUR_RGB('',9.4901967048645020E-01,9.4901967048645020E-01,
   1.0000000000000000E+00);
#28770=FILL_AREA_STYLE_COLOUR('',#28760);
#28780=FILL_AREA_STYLE('',(#28770));
#28790=SURFACE_STYLE_FILL_AREA(#28780);
#28800=SURFACE_SIDE_STYLE('',(#28790));
#28810=SURFACE_STYLE_USAGE(.BOTH.,#28800);
#28820=PRESENTATION_STYLE_ASSIGNMENT((#28810));
#28830=ORIENTED_EDGE('',*,*,#26620,.T.);
#28840=EDGE_CURVE('',#28050,#26540,#26520,.T.);
#28850=ORIENTED_EDGE('',*,*,#28840,.T.);
#28860=ORIENTED_EDGE('',*,*,#28060,.T.);
#28870=EDGE_CURVE('',#28430,#27960,#28030,.T.);
#28880=ORIENTED_EDGE('',*,*,#28870,.T.);
#28890=ORIENTED_EDGE('',*,*,#28440,.T.);
#28900=ORIENTED_EDGE('',*,*,#28690,.T.);
#28910=EDGE_LOOP('',(#28900,#28890,#28880,#28860,#28850,#28830));
#28920=FACE_OUTER_BOUND('',#28910,.T.);
#28930=ADVANCED_FACE('',(#28920),#18410,.T.);
#28940=COLOUR_RGB('',9.4901967048645020E-01,9.4901967048645020E-01,
   1.0000000000000000E+00);
#28950=FILL_AREA_STYLE_COLOUR('',#28940);
#28960=FILL_AREA_STYLE('',(#28950));
#28970=SURFACE_STYLE_FILL_AREA(#28960);
#28980=SURFACE_SIDE_STYLE('',(#28970));
#28990=SURFACE_STYLE_USAGE(.BOTH.,#28980);
#29000=PRESENTATION_STYLE_ASSIGNMENT((#28990));
#29010=CARTESIAN_POINT('',(-3.8194003587298212E+01,
   1.9228852824316121E+01,-5.0000000000000000E+00));
#29020=DIRECTION('',(-0.0000000000000000E+00,1.0000000000000000E+00,
   0.0000000000000000E+00));
#29030=DIRECTION('',(1.0000000000000000E+00,0.0000000000000000E+00,
   0.0000000000000000E+00));
#29040=AXIS2_PLACEMENT_3D('',#29010,#29020,#29030);
#29050=PLANE('',#29040);
#29060=ORIENTED_EDGE('',*,*,#7960,.F.);
#29070=ORIENTED_EDGE('',*,*,#27720,.T.);
#29080=CARTESIAN_POINT('',(0.0000000000000000E+00,1.9228852824316121E+01
   ,-3.6250000000000018E+00));
#29090=DIRECTION('',(1.0000000000000000E+00,0.0000000000000000E+00,
   0.0000000000000000E+00));
#29100=VECTOR('',#29090,1.0000000000000000E+00);
#29110=LINE('',#29080,#29100);
#29120=CARTESIAN_POINT('',(-3.8194003587298212E+01,
   1.9228852824316121E+01,-3.6250000000000018E+00));
#29130=VERTEX_POINT('',#29120);
#29140=EDGE_CURVE('',#27650,#29130,#29110,.T.);
#29150=ORIENTED_EDGE('',*,*,#29140,.F.);
#29160=CARTESIAN_POINT('',(-3.8194003587298226E+01,
   1.9228852824316121E+01,-5.0000000000000000E+00));
#29170=DIRECTION('',(0.0000000000000000E+00,0.0000000000000000E+00,
   -1.0000000000000000E+00));
#29180=VECTOR('',#29170,1.0000000000000000E+00);
#29190=LINE('',#29160,#29180);
#29200=EDGE_CURVE('',#29130,#7950,#29190,.T.);
#29210=ORIENTED_EDGE('',*,*,#29200,.F.);
#29220=EDGE_LOOP('',(#29210,#29150,#29070,#29060));
#29230=FACE_OUTER_BOUND('',#29220,.T.);
#29240=ADVANCED_FACE('',(#29230),#29050,.F.);
#29250=COLOUR_RGB('',5.0196081399917603E-01,1.0000000000000000E+00,
   5.0196081399917603E-01);
#29260=FILL_AREA_STYLE_COLOUR('',#29250);
#29270=FILL_AREA_STYLE('',(#29260));
#29280=SURFACE_STYLE_FILL_AREA(#29270);
#29290=SURFACE_SIDE_STYLE('',(#29280));
#29300=SURFACE_STYLE_USAGE(.BOTH.,#29290);
#29310=PRESENTATION_STYLE_ASSIGNMENT((#29300));
#29320=CARTESIAN_POINT('',(-3.5854003587298216E+01,
   1.2508852824316122E+01,5.3660254037844428E+00));
#29330=DIRECTION('',(0.0000000000000000E+00,-2.5881904510252046E-01,
   9.6592582628906842E-01));
#29340=DIRECTION('',(0.0000000000000000E+00,9.6592582628906842E-01,
   2.5881904510252046E-01));
#29350=AXIS2_PLACEMENT_3D('',#29320,#29330,#29340);
#29360=PLANE('',#29350);
#29370=CARTESIAN_POINT('',(-3.6104003587298216E+01,
   -2.6716239164827719E+01,-5.1443063177431370E+00));
#29380=DIRECTION('',(0.0000000000000000E+00,-9.6592582628906842E-01,
   -2.5881904510252046E-01));
#29390=VECTOR('',#29380,1.0000000000000000E+00);
#29400=LINE('',#29370,#29390);
#29410=CARTESIAN_POINT('',(-3.6104003587298216E+01,
   1.2008852824316129E+01,5.2320508075688821E+00));
#29420=VERTEX_POINT('',#29410);
#29430=EDGE_CURVE('',#26090,#29420,#29400,.T.);
#29440=ORIENTED_EDGE('',*,*,#29430,.T.);
#29450=ORIENTED_EDGE('',*,*,#26100,.T.);
#29460=ORIENTED_EDGE('',*,*,#23790,.T.);
#29470=CARTESIAN_POINT('',(-8.8925674828030196E+01,
   1.2008852824316122E+01,5.2320508075688821E+00));
#29480=DIRECTION('',(1.0000000000000000E+00,0.0000000000000000E+00,
   0.0000000000000000E+00));
#29490=VECTOR('',#29480,1.0000000000000000E+00);
#29500=LINE('',#29470,#29490);
#29510=EDGE_CURVE('',#29420,#23700,#29500,.T.);
#29520=ORIENTED_EDGE('',*,*,#29510,.T.);
#29530=EDGE_LOOP('',(#29520,#29460,#29450,#29440));
#29540=FACE_OUTER_BOUND('',#29530,.T.);
#29550=ADVANCED_FACE('',(#29540),#29360,.T.);
#29560=COLOUR_RGB('',9.4901967048645020E-01,9.4901967048645020E-01,
   1.0000000000000000E+00);
#29570=FILL_AREA_STYLE_COLOUR('',#29560);
#29580=FILL_AREA_STYLE('',(#29570));
#29590=SURFACE_STYLE_FILL_AREA(#29580);
#29600=SURFACE_SIDE_STYLE('',(#29590));
#29610=SURFACE_STYLE_USAGE(.BOTH.,#29600);
#29620=PRESENTATION_STYLE_ASSIGNMENT((#29610));
#29630=CARTESIAN_POINT('',(-3.6122820727760129E+01,
   1.5008852824316122E+01,-5.6707598847310283E+00));
#29640=DIRECTION('',(0.0000000000000000E+00,-1.0000000000000000E+00,
   0.0000000000000000E+00));
#29650=DIRECTION('',(1.0000000000000000E+00,0.0000000000000000E+00,
   0.0000000000000000E+00));
#29660=AXIS2_PLACEMENT_3D('',#29630,#29640,#29650);
#29670=PLANE('',#29660);
#29680=CARTESIAN_POINT('',(-8.8925674828030196E+01,
   1.5008852824316122E+01,-4.5000000000000000E+00));
#29690=DIRECTION('',(-1.0000000000000000E+00,0.0000000000000000E+00,
   0.0000000000000000E+00));
#29700=VECTOR('',#29690,1.0000000000000000E+00);
#29710=LINE('',#29680,#29700);
#29720=CARTESIAN_POINT('',(-3.5604003587298216E+01,
   1.5008852824316122E+01,-4.5000000000000000E+00));
#29730=VERTEX_POINT('',#29720);
#29740=CARTESIAN_POINT('',(-3.6104003587298216E+01,
   1.5008852824316122E+01,-4.5000000000000000E+00));
#29750=VERTEX_POINT('',#29740);
#29760=EDGE_CURVE('',#29730,#29750,#29710,.T.);
#29770=ORIENTED_EDGE('',*,*,#29760,.F.);
#29780=CARTESIAN_POINT('',(-3.6104003587298216E+01,
   1.5008852824316122E+01,0.0000000000000000E+00));
#29790=DIRECTION('',(0.0000000000000000E+00,0.0000000000000000E+00,
   -1.0000000000000000E+00));
#29800=VECTOR('',#29790,1.0000000000000000E+00);
#29810=LINE('',#29780,#29800);
#29820=EDGE_CURVE('',#29750,#12080,#29810,.T.);
#29830=ORIENTED_EDGE('',*,*,#29820,.F.);
#29840=ORIENTED_EDGE('',*,*,#12090,.F.);
#29850=CARTESIAN_POINT('',(-3.5854003587298216E+01,
   1.5008852824316122E+01,-5.0000000000000000E+00));
#29860=DIRECTION('',(0.0000000000000000E+00,-1.0000000000000000E+00,
   0.0000000000000000E+00));
#29870=DIRECTION('',(1.0000000000000000E+00,0.0000000000000000E+00,
   0.0000000000000000E+00));
#29880=AXIS2_PLACEMENT_3D('',#29850,#29860,#29870);
#29890=CIRCLE('',#29880,6.5000000000000002E-01);
#29900=EDGE_CURVE('',#11610,#11780,#29890,.T.);
#29910=ORIENTED_EDGE('',*,*,#29900,.T.);
#29920=ORIENTED_EDGE('',*,*,#12350,.F.);
#29930=CARTESIAN_POINT('',(-3.5604003587298216E+01,
   1.5008852824316122E+01,0.0000000000000000E+00));
#29940=DIRECTION('',(0.0000000000000000E+00,0.0000000000000000E+00,
   1.0000000000000000E+00));
#29950=VECTOR('',#29940,1.0000000000000000E+00);
#29960=LINE('',#29930,#29950);
#29970=EDGE_CURVE('',#12320,#29730,#29960,.T.);
#29980=ORIENTED_EDGE('',*,*,#29970,.F.);
#29990=EDGE_LOOP('',(#29980,#29920,#29910,#29840,#29830,#29770));
#30000=FACE_OUTER_BOUND('',#29990,.T.);
#30010=ADVANCED_FACE('',(#30000),#29670,.T.);
#30020=COLOUR_RGB('',9.4901967048645020E-01,9.4901967048645020E-01,
   1.0000000000000000E+00);
#30030=FILL_AREA_STYLE_COLOUR('',#30020);
#30040=FILL_AREA_STYLE('',(#30030));
#30050=SURFACE_STYLE_FILL_AREA(#30040);
#30060=SURFACE_SIDE_STYLE('',(#30050));
#30070=SURFACE_STYLE_USAGE(.BOTH.,#30060);
#30080=PRESENTATION_STYLE_ASSIGNMENT((#30070));
#30090=CARTESIAN_POINT('',(-3.6104003587298216E+01,
   1.5008852824316122E+01,-5.5000000000000000E+00));
#30100=DIRECTION('',(-1.0000000000000000E+00,0.0000000000000000E+00,
   0.0000000000000000E+00));
#30110=DIRECTION('',(0.0000000000000000E+00,0.0000000000000000E+00,
   1.0000000000000000E+00));
#30120=AXIS2_PLACEMENT_3D('',#30090,#30100,#30110);
#30130=PLANE('',#30120);
#30140=ORIENTED_EDGE('',*,*,#15100,.F.);
#30150=ORIENTED_EDGE('',*,*,#18170,.T.);
#30160=ORIENTED_EDGE('',*,*,#12170,.T.);
#30170=ORIENTED_EDGE('',*,*,#29820,.T.);
#30180=CARTESIAN_POINT('',(-3.6104003587298216E+01,
   1.5008852824316122E+01,-4.5000000000000000E+00));
#30190=DIRECTION('',(0.0000000000000000E+00,-1.0000000000000000E+00,
   0.0000000000000000E+00));
#30200=VECTOR('',#30190,1.0000000000000000E+00);
#30210=LINE('',#30180,#30200);
#30220=CARTESIAN_POINT('',(-3.6104003587298216E+01,
   1.3008852824316122E+01,-4.5000000000000000E+00));
#30230=VERTEX_POINT('',#30220);
#30240=EDGE_CURVE('',#29750,#30230,#30210,.T.);
#30250=ORIENTED_EDGE('',*,*,#30240,.F.);
#30260=CARTESIAN_POINT('',(-3.6104003587298216E+01,
   -2.6716239164827719E+01,-1.5144306317743141E+01));
#30270=DIRECTION('',(0.0000000000000000E+00,-9.6592582628906842E-01,
   -2.5881904510252046E-01));
#30280=VECTOR('',#30270,1.0000000000000000E+00);
#30290=LINE('',#30260,#30280);
#30300=CARTESIAN_POINT('',(-3.6104003587298216E+01,
   1.2008852824316129E+01,-4.7679491924311215E+00));
#30310=VERTEX_POINT('',#30300);
#30320=EDGE_CURVE('',#30230,#30310,#30290,.T.);
#30330=ORIENTED_EDGE('',*,*,#30320,.F.);
#30340=CARTESIAN_POINT('',(-3.6104003587298216E+01,
   1.2008852824316122E+01,-4.5000000000000000E+00));
#30350=DIRECTION('',(0.0000000000000000E+00,0.0000000000000000E+00,
   -1.0000000000000000E+00));
#30360=VECTOR('',#30350,1.0000000000000000E+00);
#30370=LINE('',#30340,#30360);
#30380=EDGE_CURVE('',#30310,#15090,#30370,.T.);
#30390=ORIENTED_EDGE('',*,*,#30380,.F.);
#30400=EDGE_LOOP('',(#30390,#30330,#30250,#30170,#30160,#30150,#30140));
#30410=FACE_OUTER_BOUND('',#30400,.T.);
#30420=ADVANCED_FACE('',(#30410),#30130,.T.);
#30430=COLOUR_RGB('',9.4901967048645020E-01,9.4901967048645020E-01,
   1.0000000000000000E+00);
#30440=FILL_AREA_STYLE_COLOUR('',#30430);
#30450=FILL_AREA_STYLE('',(#30440));
#30460=SURFACE_STYLE_FILL_AREA(#30450);
#30470=SURFACE_SIDE_STYLE('',(#30460));
#30480=SURFACE_STYLE_USAGE(.BOTH.,#30470);
#30490=PRESENTATION_STYLE_ASSIGNMENT((#30480));
#30500=CARTESIAN_POINT('',(-3.6104003587298216E+01,
   1.5008852824316122E+01,-4.5000000000000000E+00));
#30510=DIRECTION('',(0.0000000000000000E+00,0.0000000000000000E+00,
   1.0000000000000000E+00));
#30520=DIRECTION('',(1.0000000000000000E+00,0.0000000000000000E+00,
   0.0000000000000000E+00));
#30530=AXIS2_PLACEMENT_3D('',#30500,#30510,#30520);
#30540=PLANE('',#30530);
#30550=CARTESIAN_POINT('',(-3.5604003587298216E+01,
   1.5008852824316122E+01,-4.5000000000000000E+00));
#30560=DIRECTION('',(0.0000000000000000E+00,-1.0000000000000000E+00,
   0.0000000000000000E+00));
#30570=VECTOR('',#30560,1.0000000000000000E+00);
#30580=LINE('',#30550,#30570);
#30590=CARTESIAN_POINT('',(-3.5604003587298216E+01,
   1.3008852824316122E+01,-4.5000000000000000E+00));
#30600=VERTEX_POINT('',#30590);
#30610=EDGE_CURVE('',#29730,#30600,#30580,.T.);
#30620=ORIENTED_EDGE('',*,*,#30610,.F.);
#30630=CARTESIAN_POINT('',(-8.8925674828030196E+01,
   1.3008852824316122E+01,-4.5000000000000000E+00));
#30640=DIRECTION('',(-1.0000000000000000E+00,0.0000000000000000E+00,
   0.0000000000000000E+00));
#30650=VECTOR('',#30640,1.0000000000000000E+00);
#30660=LINE('',#30630,#30650);
#30670=EDGE_CURVE('',#30600,#30230,#30660,.T.);
#30680=ORIENTED_EDGE('',*,*,#30670,.F.);
#30690=ORIENTED_EDGE('',*,*,#30240,.T.);
#30700=ORIENTED_EDGE('',*,*,#29760,.T.);
#30710=EDGE_LOOP('',(#30700,#30690,#30680,#30620));
#30720=FACE_OUTER_BOUND('',#30710,.T.);
#30730=ADVANCED_FACE('',(#30720),#30540,.T.);
#30740=COLOUR_RGB('',9.4901967048645020E-01,9.4901967048645020E-01,
   1.0000000000000000E+00);
#30750=FILL_AREA_STYLE_COLOUR('',#30740);
#30760=FILL_AREA_STYLE('',(#30750));
#30770=SURFACE_STYLE_FILL_AREA(#30760);
#30780=SURFACE_SIDE_STYLE('',(#30770));
#30790=SURFACE_STYLE_USAGE(.BOTH.,#30780);
#30800=PRESENTATION_STYLE_ASSIGNMENT((#30790));
#30810=CARTESIAN_POINT('',(-3.5604003587298216E+01,
   1.5008852824316122E+01,-4.5000000000000000E+00));
#30820=DIRECTION('',(1.0000000000000000E+00,-0.0000000000000000E+00,
   0.0000000000000000E+00));
#30830=DIRECTION('',(0.0000000000000000E+00,0.0000000000000000E+00,
   -1.0000000000000000E+00));
#30840=AXIS2_PLACEMENT_3D('',#30810,#30820,#30830);
#30850=PLANE('',#30840);
#30860=ORIENTED_EDGE('',*,*,#12330,.T.);
#30870=ORIENTED_EDGE('',*,*,#18240,.F.);
#30880=ORIENTED_EDGE('',*,*,#14940,.F.);
#30890=CARTESIAN_POINT('',(-3.5604003587298216E+01,
   1.2008852824316122E+01,-5.5000000000000000E+00));
#30900=DIRECTION('',(0.0000000000000000E+00,0.0000000000000000E+00,
   1.0000000000000000E+00));
#30910=VECTOR('',#30900,1.0000000000000000E+00);
#30920=LINE('',#30890,#30910);
#30930=CARTESIAN_POINT('',(-3.5604003587298216E+01,
   1.2008852824316129E+01,-4.7679491924311215E+00));
#30940=VERTEX_POINT('',#30930);
#30950=EDGE_CURVE('',#14930,#30940,#30920,.T.);
#30960=ORIENTED_EDGE('',*,*,#30950,.F.);
#30970=CARTESIAN_POINT('',(-3.5604003587298216E+01,
   -2.6716239164827719E+01,-1.5144306317743141E+01));
#30980=DIRECTION('',(0.0000000000000000E+00,9.6592582628906842E-01,
   2.5881904510252046E-01));
#30990=VECTOR('',#30980,1.0000000000000000E+00);
#31000=LINE('',#30970,#30990);
#31010=EDGE_CURVE('',#30940,#30600,#31000,.T.);
#31020=ORIENTED_EDGE('',*,*,#31010,.F.);
#31030=ORIENTED_EDGE('',*,*,#30610,.T.);
#31040=ORIENTED_EDGE('',*,*,#29970,.T.);
#31050=EDGE_LOOP('',(#31040,#31030,#31020,#30960,#30880,#30870,#30860));
#31060=FACE_OUTER_BOUND('',#31050,.T.);
#31070=ADVANCED_FACE('',(#31060),#30850,.T.);
#31080=COLOUR_RGB('',9.4901967048645020E-01,9.4901967048645020E-01,
   1.0000000000000000E+00);
#31090=FILL_AREA_STYLE_COLOUR('',#31080);
#31100=FILL_AREA_STYLE('',(#31090));
#31110=SURFACE_STYLE_FILL_AREA(#31100);
#31120=SURFACE_SIDE_STYLE('',(#31110));
#31130=SURFACE_STYLE_USAGE(.BOTH.,#31120);
#31140=PRESENTATION_STYLE_ASSIGNMENT((#31130));
#31150=CARTESIAN_POINT('',(-3.6122820727760129E+01,
   1.2008852824316122E+01,-5.6707598847310283E+00));
#31160=DIRECTION('',(0.0000000000000000E+00,-1.0000000000000000E+00,
   0.0000000000000000E+00));
#31170=DIRECTION('',(1.0000000000000000E+00,0.0000000000000000E+00,
   0.0000000000000000E+00));
#31180=AXIS2_PLACEMENT_3D('',#31150,#31160,#31170);
#31190=PLANE('',#31180);
#31200=ORIENTED_EDGE('',*,*,#30950,.T.);
#31210=ORIENTED_EDGE('',*,*,#15160,.F.);
#31220=ORIENTED_EDGE('',*,*,#30380,.T.);
#31230=CARTESIAN_POINT('',(-8.8925674828030196E+01,
   1.2008852824316122E+01,-4.7679491924311215E+00));
#31240=DIRECTION('',(1.0000000000000000E+00,0.0000000000000000E+00,
   0.0000000000000000E+00));
#31250=VECTOR('',#31240,1.0000000000000000E+00);
#31260=LINE('',#31230,#31250);
#31270=EDGE_CURVE('',#30310,#30940,#31260,.T.);
#31280=ORIENTED_EDGE('',*,*,#31270,.F.);
#31290=EDGE_LOOP('',(#31280,#31220,#31210,#31200));
#31300=FACE_OUTER_BOUND('',#31290,.T.);
#31310=ADVANCED_FACE('',(#31300),#31190,.T.);
#31320=COLOUR_RGB('',9.4901967048645020E-01,9.4901967048645020E-01,
   1.0000000000000000E+00);
#31330=FILL_AREA_STYLE_COLOUR('',#31320);
#31340=FILL_AREA_STYLE('',(#31330));
#31350=SURFACE_STYLE_FILL_AREA(#31340);
#31360=SURFACE_SIDE_STYLE('',(#31350));
#31370=SURFACE_STYLE_USAGE(.BOTH.,#31360);
#31380=PRESENTATION_STYLE_ASSIGNMENT((#31370));
#31390=CARTESIAN_POINT('',(-3.5854003587298216E+01,
   1.2508852824316122E+01,-4.6339745962155607E+00));
#31400=DIRECTION('',(0.0000000000000000E+00,-2.5881904510252046E-01,
   9.6592582628906842E-01));
#31410=DIRECTION('',(0.0000000000000000E+00,9.6592582628906842E-01,
   2.5881904510252046E-01));
#31420=AXIS2_PLACEMENT_3D('',#31390,#31400,#31410);
#31430=PLANE('',#31420);
#31440=ORIENTED_EDGE('',*,*,#30320,.T.);
#31450=ORIENTED_EDGE('',*,*,#30670,.T.);
#31460=ORIENTED_EDGE('',*,*,#31010,.T.);
#31470=ORIENTED_EDGE('',*,*,#31270,.T.);
#31480=EDGE_LOOP('',(#31470,#31460,#31450,#31440));
#31490=FACE_OUTER_BOUND('',#31480,.T.);
#31500=ADVANCED_FACE('',(#31490),#31430,.T.);
#31510=COLOUR_RGB('',9.4901967048645020E-01,9.4901967048645020E-01,
   1.0000000000000000E+00);
#31520=FILL_AREA_STYLE_COLOUR('',#31510);
#31530=FILL_AREA_STYLE('',(#31520));
#31540=SURFACE_STYLE_FILL_AREA(#31530);
#31550=SURFACE_SIDE_STYLE('',(#31540));
#31560=SURFACE_STYLE_USAGE(.BOTH.,#31550);
#31570=PRESENTATION_STYLE_ASSIGNMENT((#31560));
#31580=CARTESIAN_POINT('',(-3.9359231886085752E+01,
   2.0708852824316118E+01,-5.0000000000000000E+00));
#31590=DIRECTION('',(-0.0000000000000000E+00,1.0000000000000000E+00,
   0.0000000000000000E+00));
#31600=DIRECTION('',(1.0000000000000000E+00,0.0000000000000000E+00,
   0.0000000000000000E+00));
#31610=AXIS2_PLACEMENT_3D('',#31580,#31590,#31600);
#31620=PLANE('',#31610);
#31630=ORIENTED_EDGE('',*,*,#6870,.T.);
#31640=CARTESIAN_POINT('',(-3.9904003587298213E+01,
   2.0708852824316118E+01,0.0000000000000000E+00));
#31650=DIRECTION('',(0.0000000000000000E+00,0.0000000000000000E+00,
   -1.0000000000000000E+00));
#31660=VECTOR('',#31650,1.0000000000000000E+00);
#31670=LINE('',#31640,#31660);
#31680=CARTESIAN_POINT('',(-3.9904003587298213E+01,
   2.0708852824316118E+01,-3.1250000000000018E+00));
#31690=VERTEX_POINT('',#31680);
#31700=EDGE_CURVE('',#31690,#6860,#31670,.T.);
#31710=ORIENTED_EDGE('',*,*,#31700,.T.);
#31720=CARTESIAN_POINT('',(0.0000000000000000E+00,2.0708852824316118E+01
   ,-1.8183114561244658E+01));
#31730=DIRECTION('',(-9.3560171895074196E-01,0.0000000000000000E+00,
   3.5305725243424335E-01));
#31740=VECTOR('',#31730,1.0000000000000000E+00);
#31750=LINE('',#31720,#31740);
#31760=EDGE_CURVE('',#4910,#31690,#31750,.T.);
#31770=ORIENTED_EDGE('',*,*,#31760,.T.);
#31780=ORIENTED_EDGE('',*,*,#5150,.F.);
#31790=EDGE_LOOP('',(#31780,#31770,#31710,#31630));
#31800=FACE_OUTER_BOUND('',#31790,.T.);
#31810=ADVANCED_FACE('',(#31800),#31620,.F.);
#31820=COLOUR_RGB('',5.0196081399917603E-01,1.0000000000000000E+00,
   5.0196081399917603E-01);
#31830=FILL_AREA_STYLE_COLOUR('',#31820);
#31840=FILL_AREA_STYLE('',(#31830));
#31850=SURFACE_STYLE_FILL_AREA(#31840);
#31860=SURFACE_SIDE_STYLE('',(#31850));
#31870=SURFACE_STYLE_USAGE(.BOTH.,#31860);
#31880=PRESENTATION_STYLE_ASSIGNMENT((#31870));
#31890=CARTESIAN_POINT('',(-3.8194003587298212E+01,
   1.9228852824316121E+01,-5.0000000000000000E+00));
#31900=DIRECTION('',(1.0000000000000000E+00,0.0000000000000000E+00,
   0.0000000000000000E+00));
#31910=DIRECTION('',(0.0000000000000000E+00,-1.0000000000000000E+00,
   0.0000000000000000E+00));
#31920=AXIS2_PLACEMENT_3D('',#31890,#31900,#31910);
#31930=PLANE('',#31920);
#31940=ORIENTED_EDGE('',*,*,#8040,.F.);
#31950=ORIENTED_EDGE('',*,*,#29200,.T.);
#31960=CARTESIAN_POINT('',(-3.8194003587298212E+01,
   0.0000000000000000E+00,-3.6250000000000018E+00));
#31970=DIRECTION('',(0.0000000000000000E+00,-1.0000000000000000E+00,
   0.0000000000000000E+00));
#31980=VECTOR('',#31970,1.0000000000000000E+00);
#31990=LINE('',#31960,#31980);
#32000=EDGE_CURVE('',#29130,#10680,#31990,.T.);
#32010=ORIENTED_EDGE('',*,*,#32000,.F.);
#32020=ORIENTED_EDGE('',*,*,#10770,.T.);
#32030=EDGE_LOOP('',(#32020,#32010,#31950,#31940));
#32040=FACE_OUTER_BOUND('',#32030,.T.);
#32050=ADVANCED_FACE('',(#32040),#31930,.F.);
#32060=COLOUR_RGB('',5.0196081399917603E-01,1.0000000000000000E+00,
   5.0196081399917603E-01);
#32070=FILL_AREA_STYLE_COLOUR('',#32060);
#32080=FILL_AREA_STYLE('',(#32070));
#32090=SURFACE_STYLE_FILL_AREA(#32080);
#32100=SURFACE_SIDE_STYLE('',(#32090));
#32110=SURFACE_STYLE_USAGE(.BOTH.,#32100);
#32120=PRESENTATION_STYLE_ASSIGNMENT((#32110));
#32130=CARTESIAN_POINT('',(-3.9359231886085752E+01,
   2.0208852824316118E+01,0.0000000000000000E+00));
#32140=DIRECTION('',(0.0000000000000000E+00,0.0000000000000000E+00,
   1.0000000000000000E+00));
#32150=DIRECTION('',(1.0000000000000000E+00,0.0000000000000000E+00,
   0.0000000000000000E+00));
#32160=AXIS2_PLACEMENT_3D('',#32130,#32140,#32150);
#32170=CYLINDRICAL_SURFACE('',#32160,4.9999999999999878E-01);
#32180=CARTESIAN_POINT('',(-3.9359231886085752E+01,
   2.0208852824316125E+01,1.6694257731273705E+00));
#32190=DIRECTION('',(3.5305725243424335E-01,0.0000000000000000E+00,
   9.3560171895074196E-01));
#32200=DIRECTION('',(9.3560171895074185E-01,0.0000000000000000E+00,
   -3.5305725243424330E-01));
#32210=AXIS2_PLACEMENT_3D('',#32180,#32190,#32200);
#32220=ELLIPSE('',#32210,5.3441543540635905E-01,4.9999999999999867E-01);
#32230=CARTESIAN_POINT('',(-3.8876268972941219E+01,
   2.0338262346867381E+01,1.4871756172237722E+00));
#32240=VERTEX_POINT('',#32230);
#32250=CARTESIAN_POINT('',(-3.9359231886085752E+01,
   2.0708852824316118E+01,1.6694257731273705E+00));
#32260=VERTEX_POINT('',#32250);
#32270=EDGE_CURVE('',#32240,#32260,#32220,.T.);
#32280=ORIENTED_EDGE('',*,*,#32270,.T.);
#32290=CARTESIAN_POINT('',(-3.8876268972941219E+01,
   2.0338262346867381E+01,0.0000000000000000E+00));
#32300=DIRECTION('',(0.0000000000000000E+00,0.0000000000000000E+00,
   1.0000000000000000E+00));
#32310=VECTOR('',#32300,1.0000000000000000E+00);
#32320=LINE('',#32290,#32310);
#32330=EDGE_CURVE('',#7420,#32240,#32320,.T.);
#32340=ORIENTED_EDGE('',*,*,#32330,.T.);
#32350=ORIENTED_EDGE('',*,*,#7430,.T.);
#32360=CARTESIAN_POINT('',(-3.9359231886085752E+01,
   2.0708852824316118E+01,0.0000000000000000E+00));
#32370=DIRECTION('',(0.0000000000000000E+00,0.0000000000000000E+00,
   -1.0000000000000000E+00));
#32380=VECTOR('',#32370,1.0000000000000000E+00);
#32390=LINE('',#32360,#32380);
#32400=EDGE_CURVE('',#32260,#7330,#32390,.T.);
#32410=ORIENTED_EDGE('',*,*,#32400,.T.);
#32420=EDGE_LOOP('',(#32410,#32350,#32340,#32280));
#32430=FACE_OUTER_BOUND('',#32420,.T.);
#32440=ADVANCED_FACE('',(#32430),#32170,.F.);
#32450=COLOUR_RGB('',5.0196081399917603E-01,1.0000000000000000E+00,
   5.0196081399917603E-01);
#32460=FILL_AREA_STYLE_COLOUR('',#32450);
#32470=FILL_AREA_STYLE('',(#32460));
#32480=SURFACE_STYLE_FILL_AREA(#32470);
#32490=SURFACE_SIDE_STYLE('',(#32480));
#32500=SURFACE_STYLE_USAGE(.BOTH.,#32490);
#32510=PRESENTATION_STYLE_ASSIGNMENT((#32500));
#32520=CARTESIAN_POINT('',(-3.8579003587298217E+01,
   1.7278852824316125E+01,-3.6250000000000018E+00));
#32530=DIRECTION('',(3.5305725243424335E-01,-0.0000000000000000E+00,
   9.3560171895074196E-01));
#32540=DIRECTION('',(9.3560171895074196E-01,0.0000000000000000E+00,
   -3.5305725243424335E-01));
#32550=AXIS2_PLACEMENT_3D('',#32520,#32530,#32540);
#32560=PLANE('',#32550);
#32570=CARTESIAN_POINT('',(-3.8579003587298217E+01,
   0.0000000000000000E+00,-3.6250000000000000E+00));
#32580=DIRECTION('',(0.0000000000000000E+00,1.0000000000000000E+00,
   0.0000000000000000E+00));
#32590=VECTOR('',#32580,1.0000000000000000E+00);
#32600=LINE('',#32570,#32590);
#32610=EDGE_CURVE('',#3160,#27650,#32600,.T.);
#32620=ORIENTED_EDGE('',*,*,#32610,.F.);
#32630=ORIENTED_EDGE('',*,*,#27660,.F.);
#32640=ORIENTED_EDGE('',*,*,#4920,.F.);
#32650=ORIENTED_EDGE('',*,*,#31760,.F.);
#32660=CARTESIAN_POINT('',(-3.9904003587298213E+01,
   0.0000000000000000E+00,-3.1250000000000027E+00));
#32670=DIRECTION('',(0.0000000000000000E+00,1.0000000000000000E+00,
   0.0000000000000000E+00));
#32680=VECTOR('',#32670,1.0000000000000000E+00);
#32690=LINE('',#32660,#32680);
#32700=EDGE_CURVE('',#3140,#31690,#32690,.T.);
#32710=ORIENTED_EDGE('',*,*,#32700,.T.);
#32720=ORIENTED_EDGE('',*,*,#3170,.F.);
#32730=EDGE_LOOP('',(#32720,#32710,#32650,#32640,#32630,#32620));
#32740=FACE_OUTER_BOUND('',#32730,.T.);
#32750=ADVANCED_FACE('',(#32740),#32560,.F.);
#32760=COLOUR_RGB('',5.0196081399917603E-01,1.0000000000000000E+00,
   5.0196081399917603E-01);
#32770=FILL_AREA_STYLE_COLOUR('',#32760);
#32780=FILL_AREA_STYLE('',(#32770));
#32790=SURFACE_STYLE_FILL_AREA(#32780);
#32800=SURFACE_SIDE_STYLE('',(#32790));
#32810=SURFACE_STYLE_USAGE(.BOTH.,#32800);
#32820=PRESENTATION_STYLE_ASSIGNMENT((#32810));
#32830=CARTESIAN_POINT('',(-8.8925674828030196E+01,
   2.4538852824316116E+01,0.0000000000000000E+00));
#32840=DIRECTION('',(-1.0000000000000000E+00,0.0000000000000000E+00,
   0.0000000000000000E+00));
#32850=VECTOR('',#32840,1.0000000000000000E+00);
#32860=LINE('',#32830,#32850);
#32870=EDGE_CURVE('',#18670,#6220,#32860,.T.);
#32880=ORIENTED_EDGE('',*,*,#32870,.F.);
#32890=ORIENTED_EDGE('',*,*,#6230,.T.);
#32900=ORIENTED_EDGE('',*,*,#18750,.F.);
#32910=EDGE_LOOP('',(#32900,#32890,#32880));
#32920=FACE_OUTER_BOUND('',#32910,.T.);
#32930=ADVANCED_FACE('',(#32920),#18410,.T.);
#32940=COLOUR_RGB('',9.4901967048645020E-01,9.4901967048645020E-01,
   1.0000000000000000E+00);
#32950=FILL_AREA_STYLE_COLOUR('',#32940);
#32960=FILL_AREA_STYLE('',(#32950));
#32970=SURFACE_STYLE_FILL_AREA(#32960);
#32980=SURFACE_SIDE_STYLE('',(#32970));
#32990=SURFACE_STYLE_USAGE(.BOTH.,#32980);
#33000=PRESENTATION_STYLE_ASSIGNMENT((#32990));
#33010=CARTESIAN_POINT('',(0.0000000000000000E+00,0.0000000000000000E+00
   ,-3.6250000000000000E+00));
#33020=DIRECTION('',(0.0000000000000000E+00,0.0000000000000000E+00,
   1.0000000000000000E+00));
#33030=DIRECTION('',(1.0000000000000000E+00,0.0000000000000000E+00,
   0.0000000000000000E+00));
#33040=AXIS2_PLACEMENT_3D('',#33010,#33020,#33030);
#33050=PLANE('',#33040);
#33060=ORIENTED_EDGE('',*,*,#10690,.T.);
#33070=ORIENTED_EDGE('',*,*,#32000,.T.);
#33080=ORIENTED_EDGE('',*,*,#29140,.T.);
#33090=ORIENTED_EDGE('',*,*,#32610,.T.);
#33100=EDGE_LOOP('',(#33090,#33080,#33070,#33060));
#33110=FACE_OUTER_BOUND('',#33100,.T.);
#33120=ADVANCED_FACE('',(#33110),#33050,.F.);
#33130=COLOUR_RGB('',5.0196081399917603E-01,1.0000000000000000E+00,
   5.0196081399917603E-01);
#33140=FILL_AREA_STYLE_COLOUR('',#33130);
#33150=FILL_AREA_STYLE('',(#33140));
#33160=SURFACE_STYLE_FILL_AREA(#33150);
#33170=SURFACE_SIDE_STYLE('',(#33160));
#33180=SURFACE_STYLE_USAGE(.BOTH.,#33170);
#33190=PRESENTATION_STYLE_ASSIGNMENT((#33180));
#33200=CARTESIAN_POINT('',(-3.6122820727760129E+01,
   1.5008852824316122E+01,4.3292401152689752E+00));
#33210=DIRECTION('',(0.0000000000000000E+00,-1.0000000000000000E+00,
   0.0000000000000000E+00));
#33220=DIRECTION('',(1.0000000000000000E+00,0.0000000000000000E+00,
   0.0000000000000000E+00));
#33230=AXIS2_PLACEMENT_3D('',#33200,#33210,#33220);
#33240=PLANE('',#33230);
#33250=CARTESIAN_POINT('',(-8.8925674828030196E+01,
   1.5008852824316122E+01,1.0000000000000004E+01));
#33260=DIRECTION('',(1.0000000000000000E+00,0.0000000000000000E+00,
   0.0000000000000000E+00));
#33270=VECTOR('',#33260,1.0000000000000000E+00);
#33280=LINE('',#33250,#33270);
#33290=CARTESIAN_POINT('',(-3.6504003587298214E+01,
   1.5008852824316122E+01,1.0000000000000004E+01));
#33300=VERTEX_POINT('',#33290);
#33310=CARTESIAN_POINT('',(-3.6104003587298216E+01,
   1.5008852824316122E+01,1.0000000000000004E+01));
#33320=VERTEX_POINT('',#33310);
#33330=EDGE_CURVE('',#33300,#33320,#33280,.T.);
#33340=ORIENTED_EDGE('',*,*,#33330,.F.);
#33350=CARTESIAN_POINT('',(-3.6104003587298216E+01,
   1.5008852824316122E+01,1.0000000000000004E+01));
#33360=DIRECTION('',(0.0000000000000000E+00,0.0000000000000000E+00,
   -1.0000000000000000E+00));
#33370=VECTOR('',#33360,1.0000000000000000E+00);
#33380=LINE('',#33350,#33370);
#33390=CARTESIAN_POINT('',(-3.6104003587298216E+01,
   1.5008852824316122E+01,9.5000000000000036E+00));
#33400=VERTEX_POINT('',#33390);
#33410=EDGE_CURVE('',#33320,#33400,#33380,.T.);
#33420=ORIENTED_EDGE('',*,*,#33410,.F.);
#33430=CARTESIAN_POINT('',(-8.8925674828030196E+01,
   1.5008852824316122E+01,9.5000000000000036E+00));
#33440=DIRECTION('',(1.0000000000000000E+00,0.0000000000000000E+00,
   0.0000000000000000E+00));
#33450=VECTOR('',#33440,1.0000000000000000E+00);
#33460=LINE('',#33430,#33450);
#33470=CARTESIAN_POINT('',(-3.5604003587298216E+01,
   1.5008852824316122E+01,9.5000000000000036E+00));
#33480=VERTEX_POINT('',#33470);
#33490=EDGE_CURVE('',#33400,#33480,#33460,.T.);
#33500=ORIENTED_EDGE('',*,*,#33490,.F.);
#33510=CARTESIAN_POINT('',(-3.5604003587298216E+01,
   1.5008852824316122E+01,1.0000000000000004E+01));
#33520=DIRECTION('',(0.0000000000000000E+00,0.0000000000000000E+00,
   1.0000000000000000E+00));
#33530=VECTOR('',#33520,1.0000000000000000E+00);
#33540=LINE('',#33510,#33530);
#33550=CARTESIAN_POINT('',(-3.5604003587298216E+01,
   1.5008852824316122E+01,1.0000000000000004E+01));
#33560=VERTEX_POINT('',#33550);
#33570=EDGE_CURVE('',#33480,#33560,#33540,.T.);
#33580=ORIENTED_EDGE('',*,*,#33570,.F.);
#33590=CARTESIAN_POINT('',(-3.5204003587298217E+01,
   1.5008852824316122E+01,1.0000000000000004E+01));
#33600=VERTEX_POINT('',#33590);
#33610=EDGE_CURVE('',#33560,#33600,#33280,.T.);
#33620=ORIENTED_EDGE('',*,*,#33610,.F.);
#33630=CARTESIAN_POINT('',(-3.5854003587298216E+01,
   1.5008852824316122E+01,1.0000000000000004E+01));
#33640=DIRECTION('',(0.0000000000000000E+00,-1.0000000000000000E+00,
   0.0000000000000000E+00));
#33650=DIRECTION('',(1.0000000000000000E+00,0.0000000000000000E+00,
   0.0000000000000000E+00));
#33660=AXIS2_PLACEMENT_3D('',#33630,#33640,#33650);
#33670=CIRCLE('',#33660,6.5000000000000002E-01);
#33680=EDGE_CURVE('',#33300,#33600,#33670,.T.);
#33690=ORIENTED_EDGE('',*,*,#33680,.T.);
#33700=EDGE_LOOP('',(#33690,#33620,#33580,#33500,#33420,#33340));
#33710=FACE_OUTER_BOUND('',#33700,.T.);
#33720=ADVANCED_FACE('',(#33710),#33240,.T.);
#33730=COLOUR_RGB('',9.4901967048645020E-01,9.4901967048645020E-01,
   1.0000000000000000E+00);
#33740=FILL_AREA_STYLE_COLOUR('',#33730);
#33750=FILL_AREA_STYLE('',(#33740));
#33760=SURFACE_STYLE_FILL_AREA(#33750);
#33770=SURFACE_SIDE_STYLE('',(#33760));
#33780=SURFACE_STYLE_USAGE(.BOTH.,#33770);
#33790=PRESENTATION_STYLE_ASSIGNMENT((#33780));
#33800=CARTESIAN_POINT('',(-3.5829003587298203E+01,
   2.3082795793605840E+01,5.0000000000000000E+00));
#33810=DIRECTION('',(0.0000000000000000E+00,1.0000000000000000E+00,
   0.0000000000000000E+00));
#33820=DIRECTION('',(-1.0000000000000000E+00,0.0000000000000000E+00,
   0.0000000000000000E+00));
#33830=AXIS2_PLACEMENT_3D('',#33800,#33810,#33820);
#33840=CYLINDRICAL_SURFACE('',#33830,1.8999999999999999E+00);
#33850=CARTESIAN_POINT('',(-3.7729003587298202E+01,
   2.3082795793605840E+01,5.0000000000000000E+00));
#33860=DIRECTION('',(0.0000000000000000E+00,1.0000000000000000E+00,
   0.0000000000000000E+00));
#33870=VECTOR('',#33860,1.0000000000000000E+00);
#33880=LINE('',#33850,#33870);
#33890=CARTESIAN_POINT('',(-3.7729003587298202E+01,
   2.4538852824316116E+01,5.0000000000000000E+00));
#33900=VERTEX_POINT('',#33890);
#33910=EDGE_CURVE('',#22430,#33900,#33880,.T.);
#33920=ORIENTED_EDGE('',*,*,#33910,.F.);
#33930=CARTESIAN_POINT('',(-3.5829003587298203E+01,
   2.4538852824316116E+01,5.0000000000000000E+00));
#33940=DIRECTION('',(0.0000000000000000E+00,1.0000000000000000E+00,
   0.0000000000000000E+00));
#33950=DIRECTION('',(-1.0000000000000000E+00,0.0000000000000000E+00,
   0.0000000000000000E+00));
#33960=AXIS2_PLACEMENT_3D('',#33930,#33940,#33950);
#33970=CIRCLE('',#33960,1.8999999999999999E+00);
#33980=CARTESIAN_POINT('',(-3.4755979696089121E+01,
   2.4538852824316116E+01,6.5679986380397564E+00));
#33990=VERTEX_POINT('',#33980);
#34000=EDGE_CURVE('',#33900,#33990,#33970,.T.);
#34010=ORIENTED_EDGE('',*,*,#34000,.F.);
#34020=CARTESIAN_POINT('',(-3.4755979696089057E+01,
   2.3082795793605840E+01,6.5679986380397128E+00));
#34030=DIRECTION('',(0.0000000000000000E+00,1.0000000000000000E+00,
   0.0000000000000000E+00));
#34040=VECTOR('',#34030,1.0000000000000000E+00);
#34050=LINE('',#34020,#34040);
#34060=CARTESIAN_POINT('',(-3.4755979696089057E+01,
   2.3538852824316109E+01,6.5679986380397128E+00));
#34070=VERTEX_POINT('',#34060);
#34080=EDGE_CURVE('',#34070,#33990,#34050,.T.);
#34090=ORIENTED_EDGE('',*,*,#34080,.T.);
#34100=CARTESIAN_POINT('',(-3.5829003587298203E+01,
   2.3538852824316109E+01,5.0000000000000036E+00));
#34110=DIRECTION('',(0.0000000000000000E+00,1.0000000000000000E+00,
   0.0000000000000000E+00));
#34120=DIRECTION('',(-1.0000000000000000E+00,0.0000000000000000E+00,
   0.0000000000000000E+00));
#34130=AXIS2_PLACEMENT_3D('',#34100,#34110,#34120);
#34140=CIRCLE('',#34130,1.8999999999999999E+00);
#34150=CARTESIAN_POINT('',(-3.4261004949258449E+01,
   2.3538852824316109E+01,6.0730238912090808E+00));
#34160=VERTEX_POINT('',#34150);
#34170=EDGE_CURVE('',#34070,#34160,#34140,.T.);
#34180=ORIENTED_EDGE('',*,*,#34170,.F.);
#34190=CARTESIAN_POINT('',(-3.4261004949258471E+01,
   2.3082795793605840E+01,6.0730238912091119E+00));
#34200=DIRECTION('',(0.0000000000000000E+00,1.0000000000000000E+00,
   0.0000000000000000E+00));
#34210=VECTOR('',#34200,1.0000000000000000E+00);
#34220=LINE('',#34190,#34210);
#34230=EDGE_CURVE('',#34160,#26800,#34220,.T.);
#34240=ORIENTED_EDGE('',*,*,#34230,.F.);
#34250=ORIENTED_EDGE('',*,*,#26830,.F.);
#34260=CARTESIAN_POINT('',(-3.3929003587298205E+01,
   2.3082795793605840E+01,5.0000000000000000E+00));
#34270=DIRECTION('',(0.0000000000000000E+00,1.0000000000000000E+00,
   0.0000000000000000E+00));
#34280=VECTOR('',#34270,1.0000000000000000E+00);
#34290=LINE('',#34260,#34280);
#34300=EDGE_CURVE('',#22410,#26820,#34290,.T.);
#34310=ORIENTED_EDGE('',*,*,#34300,.T.);
#34320=ORIENTED_EDGE('',*,*,#22460,.T.);
#34330=EDGE_LOOP('',(#34320,#34310,#34250,#34240,#34180,#34090,#34010,
   #33920));
#34340=FACE_OUTER_BOUND('',#34330,.T.);
#34350=ADVANCED_FACE('',(#34340),#33840,.T.);
#34360=COLOUR_RGB('',9.4901967048645020E-01,9.4901967048645020E-01,
   1.0000000000000000E+00);
#34370=FILL_AREA_STYLE_COLOUR('',#34360);
#34380=FILL_AREA_STYLE('',(#34370));
#34390=SURFACE_STYLE_FILL_AREA(#34380);
#34400=SURFACE_SIDE_STYLE('',(#34390));
#34410=SURFACE_STYLE_USAGE(.BOTH.,#34400);
#34420=PRESENTATION_STYLE_ASSIGNMENT((#34410));
#34430=CARTESIAN_POINT('',(-3.5854003587298216E+01,
   1.5508852824316122E+01,5.0000000000000000E+00));
#34440=DIRECTION('',(0.0000000000000000E+00,-1.0000000000000000E+00,
   0.0000000000000000E+00));
#34450=DIRECTION('',(1.0000000000000000E+00,0.0000000000000000E+00,
   0.0000000000000000E+00));
#34460=AXIS2_PLACEMENT_3D('',#34430,#34440,#34450);
#34470=CYLINDRICAL_SURFACE('',#34460,6.5000000000000002E-01);
#34480=CARTESIAN_POINT('',(-3.5204003587298217E+01,
   1.5508852824316122E+01,5.0000000000000000E+00));
#34490=DIRECTION('',(0.0000000000000000E+00,-1.0000000000000000E+00,
   0.0000000000000000E+00));
#34500=VECTOR('',#34490,1.0000000000000000E+00);
#34510=LINE('',#34480,#34500);
#34520=CARTESIAN_POINT('',(-3.5204003587298217E+01,
   1.5508852824316122E+01,5.0000000000000000E+00));
#34530=VERTEX_POINT('',#34520);
#34540=EDGE_CURVE('',#34530,#11290,#34510,.T.);
#34550=ORIENTED_EDGE('',*,*,#34540,.F.);
#34560=CARTESIAN_POINT('',(-3.5854003587298216E+01,
   1.5008852824316122E+01,5.0000000000000036E+00));
#34570=DIRECTION('',(0.0000000000000000E+00,-1.0000000000000000E+00,
   0.0000000000000000E+00));
#34580=DIRECTION('',(1.0000000000000000E+00,0.0000000000000000E+00,
   0.0000000000000000E+00));
#34590=AXIS2_PLACEMENT_3D('',#34560,#34570,#34580);
#34600=CIRCLE('',#34590,6.5000000000000002E-01);
#34610=EDGE_CURVE('',#11290,#10990,#34600,.T.);
#34620=ORIENTED_EDGE('',*,*,#34610,.F.);
#34630=CARTESIAN_POINT('',(-3.6504003587298214E+01,
   1.5508852824316122E+01,5.0000000000000000E+00));
#34640=DIRECTION('',(0.0000000000000000E+00,-1.0000000000000000E+00,
   0.0000000000000000E+00));
#34650=VECTOR('',#34640,1.0000000000000000E+00);
#34660=LINE('',#34630,#34650);
#34670=CARTESIAN_POINT('',(-3.6504003587298214E+01,
   1.5508852824316122E+01,5.0000000000000000E+00));
#34680=VERTEX_POINT('',#34670);
#34690=EDGE_CURVE('',#34680,#10990,#34660,.T.);
#34700=ORIENTED_EDGE('',*,*,#34690,.T.);
#34710=CARTESIAN_POINT('',(-3.5854003587298216E+01,
   1.5508852824316122E+01,5.0000000000000036E+00));
#34720=DIRECTION('',(0.0000000000000000E+00,-1.0000000000000000E+00,
   0.0000000000000000E+00));
#34730=DIRECTION('',(1.0000000000000000E+00,0.0000000000000000E+00,
   0.0000000000000000E+00));
#34740=AXIS2_PLACEMENT_3D('',#34710,#34720,#34730);
#34750=CIRCLE('',#34740,6.5000000000000002E-01);
#34760=EDGE_CURVE('',#34530,#34680,#34750,.T.);
#34770=ORIENTED_EDGE('',*,*,#34760,.T.);
#34780=EDGE_LOOP('',(#34770,#34700,#34620,#34550));
#34790=FACE_OUTER_BOUND('',#34780,.T.);
#34800=ADVANCED_FACE('',(#34790),#34470,.T.);
#34810=COLOUR_RGB('',9.4901967048645020E-01,9.4901967048645020E-01,
   1.0000000000000000E+00);
#34820=FILL_AREA_STYLE_COLOUR('',#34810);
#34830=FILL_AREA_STYLE('',(#34820));
#34840=SURFACE_STYLE_FILL_AREA(#34830);
#34850=SURFACE_SIDE_STYLE('',(#34840));
#34860=SURFACE_STYLE_USAGE(.BOTH.,#34850);
#34870=PRESENTATION_STYLE_ASSIGNMENT((#34860));
#34880=CARTESIAN_POINT('',(-3.5581516213882892E+01,
   2.3538852824316109E+01,4.7525126265846822E+00));
#34890=DIRECTION('',(0.0000000000000000E+00,1.0000000000000000E+00,
   0.0000000000000000E+00));
#34900=DIRECTION('',(7.0710678118654746E-01,0.0000000000000000E+00,
   -7.0710678118654757E-01));
#34910=AXIS2_PLACEMENT_3D('',#34880,#34890,#34900);
#34920=PLANE('',#34910);
#34930=CARTESIAN_POINT('',(-8.8925674828030196E+01,
   2.3538852824316109E+01,-4.8591645987562615E+01));
#34940=DIRECTION('',(-7.0710678118654757E-01,0.0000000000000000E+00,
   -7.0710678118654746E-01));
#34950=VECTOR('',#34940,1.0000000000000000E+00);
#34960=LINE('',#34930,#34950);
#34970=CARTESIAN_POINT('',(-3.5334028840467575E+01,
   2.3538852824316109E+01,5.0000000000000000E+00));
#34980=VERTEX_POINT('',#34970);
#34990=CARTESIAN_POINT('',(-3.5973036748504086E+01,
   2.3538852824316109E+01,4.3609920919633796E+00));
#35000=VERTEX_POINT('',#34990);
#35010=EDGE_CURVE('',#34980,#35000,#34960,.T.);
#35020=ORIENTED_EDGE('',*,*,#35010,.T.);
#35030=CARTESIAN_POINT('',(-8.8925674828030196E+01,
   2.3538852824316109E+01,5.0000000000000000E+00));
#35040=DIRECTION('',(-1.0000000000000000E+00,0.0000000000000000E+00,
   0.0000000000000000E+00));
#35050=VECTOR('',#35040,1.0000000000000000E+00);
#35060=LINE('',#35030,#35050);
#35070=CARTESIAN_POINT('',(-3.6323978334128768E+01,
   2.3538852824316109E+01,5.0000000000000000E+00));
#35080=VERTEX_POINT('',#35070);
#35090=EDGE_CURVE('',#34980,#35080,#35060,.T.);
#35100=ORIENTED_EDGE('',*,*,#35090,.F.);
#35110=EDGE_CURVE('',#35080,#8900,#8880,.T.);
#35120=ORIENTED_EDGE('',*,*,#35110,.F.);
#35130=CARTESIAN_POINT('',(-3.5854003587298216E+01,
   2.3538852824316109E+01,5.0000000000000000E+00));
#35140=DIRECTION('',(0.0000000000000000E+00,-1.0000000000000000E+00,
   0.0000000000000000E+00));
#35150=DIRECTION('',(1.0000000000000000E+00,0.0000000000000000E+00,
   0.0000000000000000E+00));
#35160=AXIS2_PLACEMENT_3D('',#35130,#35140,#35150);
#35170=CIRCLE('',#35160,6.5000000000000002E-01);
#35180=EDGE_CURVE('',#8900,#35000,#35170,.T.);
#35190=ORIENTED_EDGE('',*,*,#35180,.F.);
#35200=EDGE_LOOP('',(#35190,#35120,#35100,#35020));
#35210=FACE_OUTER_BOUND('',#35200,.T.);
#35220=ADVANCED_FACE('',(#35210),#34920,.T.);
#35230=COLOUR_RGB('',9.4901967048645020E-01,9.4901967048645020E-01,
   1.0000000000000000E+00);
#35240=FILL_AREA_STYLE_COLOUR('',#35230);
#35250=FILL_AREA_STYLE('',(#35240));
#35260=SURFACE_STYLE_FILL_AREA(#35250);
#35270=SURFACE_SIDE_STYLE('',(#35260));
#35280=SURFACE_STYLE_USAGE(.BOTH.,#35270);
#35290=PRESENTATION_STYLE_ASSIGNMENT((#35280));
#35300=ORIENTED_EDGE('',*,*,#18680,.F.);
#35310=EDGE_CURVE('',#6220,#18580,#18560,.T.);
#35320=ORIENTED_EDGE('',*,*,#35310,.T.);
#35330=ORIENTED_EDGE('',*,*,#32870,.T.);
#35340=EDGE_LOOP('',(#35330,#35320,#35300));
#35350=FACE_OUTER_BOUND('',#35340,.T.);
#35360=ADVANCED_FACE('',(#35350),#26400,.T.);
#35370=COLOUR_RGB('',9.4901967048645020E-01,9.4901967048645020E-01,
   1.0000000000000000E+00);
#35380=FILL_AREA_STYLE_COLOUR('',#35370);
#35390=FILL_AREA_STYLE('',(#35380));
#35400=SURFACE_STYLE_FILL_AREA(#35390);
#35410=SURFACE_SIDE_STYLE('',(#35400));
#35420=SURFACE_STYLE_USAGE(.BOTH.,#35410);
#35430=PRESENTATION_STYLE_ASSIGNMENT((#35420));
#35440=CARTESIAN_POINT('',(-3.5581516213882892E+01,
   2.3538852824316109E+01,4.7525126265846822E+00));
#35450=DIRECTION('',(-7.0710678118654746E-01,0.0000000000000000E+00,
   7.0710678118654757E-01));
#35460=DIRECTION('',(0.0000000000000000E+00,1.0000000000000000E+00,
   0.0000000000000000E+00));
#35470=AXIS2_PLACEMENT_3D('',#35440,#35450,#35460);
#35480=PLANE('',#35470);
#35490=ORIENTED_EDGE('',*,*,#3720,.F.);
#35500=CARTESIAN_POINT('',(-3.5334028840467575E+01,
   -2.6716239164827719E+01,5.0000000000000000E+00));
#35510=DIRECTION('',(-0.0000000000000000E+00,-1.0000000000000000E+00,
   0.0000000000000000E+00));
#35520=VECTOR('',#35510,1.0000000000000000E+00);
#35530=LINE('',#35500,#35520);
#35540=EDGE_CURVE('',#3630,#34980,#35530,.T.);
#35550=ORIENTED_EDGE('',*,*,#35540,.F.);
#35560=ORIENTED_EDGE('',*,*,#35010,.F.);
#35570=CARTESIAN_POINT('',(-3.5973036748504178E+01,
   3.5508852824316115E+01,4.3609920919633973E+00));
#35580=DIRECTION('',(0.0000000000000000E+00,-1.0000000000000000E+00,
   0.0000000000000000E+00));
#35590=VECTOR('',#35580,1.0000000000000000E+00);
#35600=LINE('',#35570,#35590);
#35610=EDGE_CURVE('',#3710,#35000,#35600,.T.);
#35620=ORIENTED_EDGE('',*,*,#35610,.T.);
#35630=EDGE_LOOP('',(#35620,#35560,#35550,#35490));
#35640=FACE_OUTER_BOUND('',#35630,.T.);
#35650=ADVANCED_FACE('',(#35640),#35480,.T.);
#35660=COLOUR_RGB('',9.4901967048645020E-01,9.4901967048645020E-01,
   1.0000000000000000E+00);
#35670=FILL_AREA_STYLE_COLOUR('',#35660);
#35680=FILL_AREA_STYLE('',(#35670));
#35690=SURFACE_STYLE_FILL_AREA(#35680);
#35700=SURFACE_SIDE_STYLE('',(#35690));
#35710=SURFACE_STYLE_USAGE(.BOTH.,#35700);
#35720=PRESENTATION_STYLE_ASSIGNMENT((#35710));
#35730=CARTESIAN_POINT('',(-3.6076490960713485E+01,
   2.4538852824316109E+01,2.4748737341528226E-01));
#35740=DIRECTION('',(7.0710678118654746E-01,0.0000000000000000E+00,
   -7.0710678118654757E-01));
#35750=DIRECTION('',(0.0000000000000000E+00,-1.0000000000000000E+00,
   0.0000000000000000E+00));
#35760=AXIS2_PLACEMENT_3D('',#35730,#35740,#35750);
#35770=PLANE('',#35760);
#35780=ORIENTED_EDGE('',*,*,#26550,.F.);
#35790=ORIENTED_EDGE('',*,*,#4260,.T.);
#35800=CARTESIAN_POINT('',(-8.8925674828030196E+01,
   2.3538852824316109E+01,-5.2601696493901422E+01));
#35810=DIRECTION('',(-7.0710678118654757E-01,0.0000000000000000E+00,
   -7.0710678118654746E-01));
#35820=VECTOR('',#35810,1.0000000000000000E+00);
#35830=LINE('',#35800,#35820);
#35840=CARTESIAN_POINT('',(-3.5693983448967970E+01,
   2.3538852824316109E+01,6.2999488516079971E-01));
#35850=VERTEX_POINT('',#35840);
#35860=EDGE_CURVE('',#35850,#4190,#35830,.T.);
#35870=ORIENTED_EDGE('',*,*,#35860,.T.);
#35880=CARTESIAN_POINT('',(-3.5693983448967970E+01,
   3.5508852824316115E+01,6.2999488516079971E-01));
#35890=DIRECTION('',(0.0000000000000000E+00,-1.0000000000000000E+00,
   0.0000000000000000E+00));
#35900=VECTOR('',#35890,1.0000000000000000E+00);
#35910=LINE('',#35880,#35900);
#35920=EDGE_CURVE('',#26540,#35850,#35910,.T.);
#35930=ORIENTED_EDGE('',*,*,#35920,.T.);
#35940=EDGE_LOOP('',(#35930,#35870,#35790,#35780));
#35950=FACE_OUTER_BOUND('',#35940,.T.);
#35960=ADVANCED_FACE('',(#35950),#35770,.T.);
#35970=COLOUR_RGB('',9.4901967048645020E-01,9.4901967048645020E-01,
   1.0000000000000000E+00);
#35980=FILL_AREA_STYLE_COLOUR('',#35970);
#35990=FILL_AREA_STYLE('',(#35980));
#36000=SURFACE_STYLE_FILL_AREA(#35990);
#36010=SURFACE_SIDE_STYLE('',(#36000));
#36020=SURFACE_STYLE_USAGE(.BOTH.,#36010);
#36030=PRESENTATION_STYLE_ASSIGNMENT((#36020));
#36040=ORIENTED_EDGE('',*,*,#27030,.F.);
#36050=ORIENTED_EDGE('',*,*,#35610,.F.);
#36060=CARTESIAN_POINT('',(-3.6902027478507286E+01,
   2.3538852824316109E+01,3.4320013619602463E+00));
#36070=VERTEX_POINT('',#36060);
#36080=EDGE_CURVE('',#35000,#36070,#34960,.T.);
#36090=ORIENTED_EDGE('',*,*,#36080,.F.);
#36100=CARTESIAN_POINT('',(-3.6902027478507307E+01,
   2.3082795793605840E+01,3.4320013619602623E+00));
#36110=DIRECTION('',(0.0000000000000000E+00,1.0000000000000000E+00,
   0.0000000000000000E+00));
#36120=VECTOR('',#36110,1.0000000000000000E+00);
#36130=LINE('',#36100,#36120);
#36140=EDGE_CURVE('',#36070,#27020,#36130,.T.);
#36150=ORIENTED_EDGE('',*,*,#36140,.F.);
#36160=EDGE_LOOP('',(#36150,#36090,#36050,#36040));
#36170=FACE_OUTER_BOUND('',#36160,.T.);
#36180=ADVANCED_FACE('',(#36170),#35480,.T.);
#36190=COLOUR_RGB('',9.4901967048645020E-01,9.4901967048645020E-01,
   1.0000000000000000E+00);
#36200=FILL_AREA_STYLE_COLOUR('',#36190);
#36210=FILL_AREA_STYLE('',(#36200));
#36220=SURFACE_STYLE_FILL_AREA(#36210);
#36230=SURFACE_SIDE_STYLE('',(#36220));
#36240=SURFACE_STYLE_USAGE(.BOTH.,#36230);
#36250=PRESENTATION_STYLE_ASSIGNMENT((#36240));
#36260=CARTESIAN_POINT('',(-3.6076490960713485E+01,
   2.4538852824316109E+01,1.5247487373415286E+01));
#36270=DIRECTION('',(7.0710678118654746E-01,0.0000000000000000E+00,
   -7.0710678118654757E-01));
#36280=DIRECTION('',(0.0000000000000000E+00,-1.0000000000000000E+00,
   0.0000000000000000E+00));
#36290=AXIS2_PLACEMENT_3D('',#36260,#36270,#36280);
#36300=PLANE('',#36290);
#36310=CARTESIAN_POINT('',(-8.8925674828030196E+01,
   2.4538852824316116E+01,-3.7601696493901414E+01));
#36320=DIRECTION('',(-7.0710678118654757E-01,0.0000000000000000E+00,
   -7.0710678118654746E-01));
#36330=VECTOR('',#36320,1.0000000000000000E+00);
#36340=LINE('',#36310,#36330);
#36350=CARTESIAN_POINT('',(-3.6483998472459014E+01,
   2.4538852824316116E+01,1.4839979861669756E+01));
#36360=VERTEX_POINT('',#36350);
#36370=CARTESIAN_POINT('',(-3.7397002225337957E+01,
   2.4538852824316116E+01,1.3926976108790923E+01));
#36380=VERTEX_POINT('',#36370);
#36390=EDGE_CURVE('',#36360,#36380,#36340,.T.);
#36400=ORIENTED_EDGE('',*,*,#36390,.F.);
#36410=CARTESIAN_POINT('',(-3.7397002225337914E+01,
   2.3082795793605840E+01,1.3926976108790859E+01));
#36420=DIRECTION('',(0.0000000000000000E+00,1.0000000000000000E+00,
   0.0000000000000000E+00));
#36430=VECTOR('',#36420,1.0000000000000000E+00);
#36440=LINE('',#36410,#36430);
#36450=CARTESIAN_POINT('',(-3.7397002225337914E+01,
   2.3538852824316109E+01,1.3926976108790859E+01));
#36460=VERTEX_POINT('',#36450);
#36470=EDGE_CURVE('',#36460,#36380,#36440,.T.);
#36480=ORIENTED_EDGE('',*,*,#36470,.T.);
#36490=CARTESIAN_POINT('',(-8.8925674828030196E+01,
   2.3538852824316109E+01,-3.7601696493901414E+01));
#36500=DIRECTION('',(-7.0710678118654757E-01,0.0000000000000000E+00,
   -7.0710678118654746E-01));
#36510=VECTOR('',#36500,1.0000000000000000E+00);
#36520=LINE('',#36490,#36510);
#36530=CARTESIAN_POINT('',(-3.6483998472459021E+01,
   2.3538852824316109E+01,1.4839979861669768E+01));
#36540=VERTEX_POINT('',#36530);
#36550=EDGE_CURVE('',#36540,#36460,#36520,.T.);
#36560=ORIENTED_EDGE('',*,*,#36550,.T.);
#36570=CARTESIAN_POINT('',(-3.6483998472459014E+01,
   3.5508852824316115E+01,1.4839979861669756E+01));
#36580=DIRECTION('',(0.0000000000000000E+00,-1.0000000000000000E+00,
   0.0000000000000000E+00));
#36590=VECTOR('',#36580,1.0000000000000000E+00);
#36600=LINE('',#36570,#36590);
#36610=EDGE_CURVE('',#36360,#36540,#36600,.T.);
#36620=ORIENTED_EDGE('',*,*,#36610,.T.);
#36630=EDGE_LOOP('',(#36620,#36560,#36480,#36400));
#36640=FACE_OUTER_BOUND('',#36630,.T.);
#36650=ADVANCED_FACE('',(#36640),#36300,.T.);
#36660=COLOUR_RGB('',9.4901967048645020E-01,9.4901967048645020E-01,
   1.0000000000000000E+00);
#36670=FILL_AREA_STYLE_COLOUR('',#36660);
#36680=FILL_AREA_STYLE('',(#36670));
#36690=SURFACE_STYLE_FILL_AREA(#36680);
#36700=SURFACE_SIDE_STYLE('',(#36690));
#36710=SURFACE_STYLE_USAGE(.BOTH.,#36700);
#36720=PRESENTATION_STYLE_ASSIGNMENT((#36710));
#36730=CARTESIAN_POINT('',(-3.5829003587298210E+01,
   2.4373852824316117E+01,0.0000000000000000E+00));
#36740=DIRECTION('',(0.0000000000000000E+00,1.0000000000000000E+00,
   0.0000000000000000E+00));
#36750=DIRECTION('',(1.0000000000000000E+00,0.0000000000000000E+00,
   0.0000000000000000E+00));
#36760=AXIS2_PLACEMENT_3D('',#36730,#36740,#36750);
#36770=CYLINDRICAL_SURFACE('',#36760,1.9150000000000134E+00);
#36780=CARTESIAN_POINT('',(-3.3914003587298197E+01,
   2.4373852824316117E+01,0.0000000000000000E+00));
#36790=DIRECTION('',(0.0000000000000000E+00,1.0000000000000000E+00,
   0.0000000000000000E+00));
#36800=VECTOR('',#36790,1.0000000000000000E+00);
#36810=LINE('',#36780,#36800);
#36820=CARTESIAN_POINT('',(-3.3914003587298197E+01,
   2.5508852824316115E+01,0.0000000000000000E+00));
#36830=VERTEX_POINT('',#36820);
#36840=EDGE_CURVE('',#12590,#36830,#36810,.T.);
#36850=ORIENTED_EDGE('',*,*,#36840,.F.);
#36860=CARTESIAN_POINT('',(-3.5829003587298210E+01,
   2.5508852824316115E+01,0.0000000000000000E+00));
#36870=DIRECTION('',(0.0000000000000000E+00,1.0000000000000000E+00,
   0.0000000000000000E+00));
#36880=DIRECTION('',(1.0000000000000000E+00,0.0000000000000000E+00,
   0.0000000000000000E+00));
#36890=AXIS2_PLACEMENT_3D('',#36860,#36870,#36880);
#36900=CIRCLE('',#36890,1.9150000000000134E+00);
#36910=CARTESIAN_POINT('',(-3.7744003587298224E+01,
   2.5508852824316115E+01,-2.3451986203671978E-16));
#36920=VERTEX_POINT('',#36910);
#36930=EDGE_CURVE('',#36920,#36830,#36900,.T.);
#36940=ORIENTED_EDGE('',*,*,#36930,.T.);
#36950=CARTESIAN_POINT('',(-3.7744003587298224E+01,
   2.4373852824316117E+01,-2.3451986203671978E-16));
#36960=DIRECTION('',(0.0000000000000000E+00,1.0000000000000000E+00,
   0.0000000000000000E+00));
#36970=VECTOR('',#36960,1.0000000000000000E+00);
#36980=LINE('',#36950,#36970);
#36990=EDGE_CURVE('',#12610,#36920,#36980,.T.);
#37000=ORIENTED_EDGE('',*,*,#36990,.T.);
#37010=ORIENTED_EDGE('',*,*,#12640,.F.);
#37020=EDGE_LOOP('',(#37010,#37000,#36940,#36850));
#37030=FACE_OUTER_BOUND('',#37020,.T.);
#37040=ADVANCED_FACE('',(#37030),#36770,.F.);
#37050=COLOUR_RGB('',5.0196081399917603E-01,1.0000000000000000E+00,
   5.0196081399917603E-01);
#37060=FILL_AREA_STYLE_COLOUR('',#37050);
#37070=FILL_AREA_STYLE('',(#37060));
#37080=SURFACE_STYLE_FILL_AREA(#37070);
#37090=SURFACE_SIDE_STYLE('',(#37080));
#37100=SURFACE_STYLE_USAGE(.BOTH.,#37090);
#37110=PRESENTATION_STYLE_ASSIGNMENT((#37100));
#37120=CARTESIAN_POINT('',(-3.9359231886085752E+01,
   2.0708852824316118E+01,0.0000000000000000E+00));
#37130=DIRECTION('',(-0.0000000000000000E+00,1.0000000000000000E+00,
   0.0000000000000000E+00));
#37140=DIRECTION('',(1.0000000000000000E+00,0.0000000000000000E+00,
   0.0000000000000000E+00));
#37150=AXIS2_PLACEMENT_3D('',#37120,#37130,#37140);
#37160=PLANE('',#37150);
#37170=ORIENTED_EDGE('',*,*,#7340,.T.);
#37180=CARTESIAN_POINT('',(-3.9904003587298213E+01,
   2.0708852824316118E+01,5.0000000000000000E+00));
#37190=DIRECTION('',(0.0000000000000000E+00,0.0000000000000000E+00,
   -1.0000000000000000E+00));
#37200=VECTOR('',#37190,1.0000000000000000E+00);
#37210=LINE('',#37180,#37200);
#37220=CARTESIAN_POINT('',(-3.9904003587298213E+01,
   2.0708852824316118E+01,1.8749999999999982E+00));
#37230=VERTEX_POINT('',#37220);
#37240=EDGE_CURVE('',#37230,#7310,#37210,.T.);
#37250=ORIENTED_EDGE('',*,*,#37240,.T.);
#37260=CARTESIAN_POINT('',(0.0000000000000000E+00,2.0708852824316118E+01
   ,-1.3183114561244658E+01));
#37270=DIRECTION('',(-9.3560171895074196E-01,0.0000000000000000E+00,
   3.5305725243424335E-01));
#37280=VECTOR('',#37270,1.0000000000000000E+00);
#37290=LINE('',#37260,#37280);
#37300=EDGE_CURVE('',#32260,#37230,#37290,.T.);
#37310=ORIENTED_EDGE('',*,*,#37300,.T.);
#37320=ORIENTED_EDGE('',*,*,#32400,.F.);
#37330=EDGE_LOOP('',(#37320,#37310,#37250,#37170));
#37340=FACE_OUTER_BOUND('',#37330,.T.);
#37350=ADVANCED_FACE('',(#37340),#37160,.F.);
#37360=COLOUR_RGB('',5.0196081399917603E-01,1.0000000000000000E+00,
   5.0196081399917603E-01);
#37370=FILL_AREA_STYLE_COLOUR('',#37360);
#37380=FILL_AREA_STYLE('',(#37370));
#37390=SURFACE_STYLE_FILL_AREA(#37380);
#37400=SURFACE_SIDE_STYLE('',(#37390));
#37410=SURFACE_STYLE_USAGE(.BOTH.,#37400);
#37420=PRESENTATION_STYLE_ASSIGNMENT((#37410));
#37430=ORIENTED_EDGE('',*,*,#36080,.T.);
#37440=ORIENTED_EDGE('',*,*,#35180,.T.);
#37450=ORIENTED_EDGE('',*,*,#8910,.F.);
#37460=CARTESIAN_POINT('',(-3.5829003587298203E+01,
   2.3538852824316109E+01,5.0000000000000000E+00));
#37470=DIRECTION('',(0.0000000000000000E+00,1.0000000000000000E+00,
   0.0000000000000000E+00));
#37480=DIRECTION('',(-1.0000000000000000E+00,0.0000000000000000E+00,
   0.0000000000000000E+00));
#37490=AXIS2_PLACEMENT_3D('',#37460,#37470,#37480);
#37500=CIRCLE('',#37490,1.8999999999999999E+00);
#37510=EDGE_CURVE('',#36070,#8820,#37500,.T.);
#37520=ORIENTED_EDGE('',*,*,#37510,.T.);
#37530=EDGE_LOOP('',(#37520,#37450,#37440,#37430));
#37540=FACE_OUTER_BOUND('',#37530,.T.);
#37550=ADVANCED_FACE('',(#37540),#34920,.T.);
#37560=COLOUR_RGB('',9.4901967048645020E-01,9.4901967048645020E-01,
   1.0000000000000000E+00);
#37570=FILL_AREA_STYLE_COLOUR('',#37560);
#37580=FILL_AREA_STYLE('',(#37570));
#37590=SURFACE_STYLE_FILL_AREA(#37580);
#37600=SURFACE_SIDE_STYLE('',(#37590));
#37610=SURFACE_STYLE_USAGE(.BOTH.,#37600);
#37620=PRESENTATION_STYLE_ASSIGNMENT((#37610));
#37630=CARTESIAN_POINT('',(-3.6104003587298216E+01,
   1.5008852824316122E+01,9.5000000000000036E+00));
#37640=DIRECTION('',(-1.0000000000000000E+00,0.0000000000000000E+00,
   0.0000000000000000E+00));
#37650=DIRECTION('',(0.0000000000000000E+00,0.0000000000000000E+00,
   1.0000000000000000E+00));
#37660=AXIS2_PLACEMENT_3D('',#37630,#37640,#37650);
#37670=PLANE('',#37660);
#37680=CARTESIAN_POINT('',(-3.6104003587298216E+01,
   1.5008852824316122E+01,1.5000000000000004E+01));
#37690=DIRECTION('',(0.0000000000000000E+00,0.0000000000000000E+00,
   -1.0000000000000000E+00));
#37700=VECTOR('',#37690,1.0000000000000000E+00);
#37710=LINE('',#37680,#37700);
#37720=CARTESIAN_POINT('',(-3.6104003587298216E+01,
   1.5008852824316122E+01,1.0500000000000004E+01));
#37730=VERTEX_POINT('',#37720);
#37740=EDGE_CURVE('',#37730,#33320,#37710,.T.);
#37750=ORIENTED_EDGE('',*,*,#37740,.T.);
#37760=CARTESIAN_POINT('',(-3.6104003587298216E+01,
   1.5008852824316122E+01,1.0500000000000004E+01));
#37770=DIRECTION('',(0.0000000000000000E+00,-1.0000000000000000E+00,
   0.0000000000000000E+00));
#37780=VECTOR('',#37770,1.0000000000000000E+00);
#37790=LINE('',#37760,#37780);
#37800=CARTESIAN_POINT('',(-3.6104003587298216E+01,
   1.3008852824316122E+01,1.0500000000000004E+01));
#37810=VERTEX_POINT('',#37800);
#37820=EDGE_CURVE('',#37730,#37810,#37790,.T.);
#37830=ORIENTED_EDGE('',*,*,#37820,.F.);
#37840=CARTESIAN_POINT('',(-3.6104003587298216E+01,
   -2.6716239164827719E+01,-1.4430631774313696E-01));
#37850=DIRECTION('',(0.0000000000000000E+00,-9.6592582628906842E-01,
   -2.5881904510252046E-01));
#37860=VECTOR('',#37850,1.0000000000000000E+00);
#37870=LINE('',#37840,#37860);
#37880=CARTESIAN_POINT('',(-3.6104003587298216E+01,
   1.2008852824316129E+01,1.0232050807568882E+01));
#37890=VERTEX_POINT('',#37880);
#37900=EDGE_CURVE('',#37810,#37890,#37870,.T.);
#37910=ORIENTED_EDGE('',*,*,#37900,.F.);
#37920=CARTESIAN_POINT('',(-3.6104003587298216E+01,
   1.2008852824316122E+01,1.0500000000000004E+01));
#37930=DIRECTION('',(0.0000000000000000E+00,0.0000000000000000E+00,
   -1.0000000000000000E+00));
#37940=VECTOR('',#37930,1.0000000000000000E+00);
#37950=LINE('',#37920,#37940);
#37960=CARTESIAN_POINT('',(-3.6104003587298216E+01,
   1.2008852824316129E+01,9.7679491924311250E+00));
#37970=VERTEX_POINT('',#37960);
#37980=EDGE_CURVE('',#37890,#37970,#37950,.T.);
#37990=ORIENTED_EDGE('',*,*,#37980,.F.);
#38000=CARTESIAN_POINT('',(-3.6104003587298216E+01,
   -2.6716239164827719E+01,2.0144306317743144E+01));
#38010=DIRECTION('',(0.0000000000000000E+00,-9.6592582628906842E-01,
   2.5881904510252046E-01));
#38020=VECTOR('',#38010,1.0000000000000000E+00);
#38030=LINE('',#38000,#38020);
#38040=CARTESIAN_POINT('',(-3.6104003587298216E+01,
   1.3008852824316122E+01,9.5000000000000036E+00));
#38050=VERTEX_POINT('',#38040);
#38060=EDGE_CURVE('',#38050,#37970,#38030,.T.);
#38070=ORIENTED_EDGE('',*,*,#38060,.T.);
#38080=CARTESIAN_POINT('',(-3.6104003587298216E+01,
   1.5008852824316122E+01,9.5000000000000036E+00));
#38090=DIRECTION('',(0.0000000000000000E+00,-1.0000000000000000E+00,
   0.0000000000000000E+00));
#38100=VECTOR('',#38090,1.0000000000000000E+00);
#38110=LINE('',#38080,#38100);
#38120=EDGE_CURVE('',#33400,#38050,#38110,.T.);
#38130=ORIENTED_EDGE('',*,*,#38120,.T.);
#38140=ORIENTED_EDGE('',*,*,#33410,.T.);
#38150=EDGE_LOOP('',(#38140,#38130,#38070,#37990,#37910,#37830,#37750));
#38160=FACE_OUTER_BOUND('',#38150,.T.);
#38170=ADVANCED_FACE('',(#38160),#37670,.T.);
#38180=COLOUR_RGB('',9.4901967048645020E-01,9.4901967048645020E-01,
   1.0000000000000000E+00);
#38190=FILL_AREA_STYLE_COLOUR('',#38180);
#38200=FILL_AREA_STYLE('',(#38190));
#38210=SURFACE_STYLE_FILL_AREA(#38200);
#38220=SURFACE_SIDE_STYLE('',(#38210));
#38230=SURFACE_STYLE_USAGE(.BOTH.,#38220);
#38240=PRESENTATION_STYLE_ASSIGNMENT((#38230));
#38250=CARTESIAN_POINT('',(-3.8579003587298217E+01,
   1.7278852824316125E+01,1.3749999999999982E+00));
#38260=DIRECTION('',(3.5305725243424335E-01,-0.0000000000000000E+00,
   9.3560171895074196E-01));
#38270=DIRECTION('',(9.3560171895074196E-01,0.0000000000000000E+00,
   -3.5305725243424335E-01));
#38280=AXIS2_PLACEMENT_3D('',#38250,#38260,#38270);
#38290=PLANE('',#38280);
#38300=CARTESIAN_POINT('',(-3.8579003587298217E+01,
   0.0000000000000000E+00,1.3750000000000000E+00));
#38310=DIRECTION('',(0.0000000000000000E+00,1.0000000000000000E+00,
   0.0000000000000000E+00));
#38320=VECTOR('',#38310,1.0000000000000000E+00);
#38330=LINE('',#38300,#38320);
#38340=CARTESIAN_POINT('',(-3.8579003587298210E+01,
   1.7278852824316125E+01,1.3750000000000000E+00));
#38350=VERTEX_POINT('',#38340);
#38360=EDGE_CURVE('',#38350,#14020,#38330,.T.);
#38370=ORIENTED_EDGE('',*,*,#38360,.F.);
#38380=CARTESIAN_POINT('',(-3.3426648001645773E+01,
   0.0000000000000000E+00,-5.6928512666130526E-01));
#38390=DIRECTION('',(-2.5759337550319977E-01,9.6135156507110675E-01,
   9.7205047359698329E-02));
#38400=VECTOR('',#38390,1.0000000000000000E+00);
#38410=LINE('',#38380,#38400);
#38420=EDGE_CURVE('',#14020,#32240,#38410,.T.);
#38430=ORIENTED_EDGE('',*,*,#38420,.F.);
#38440=ORIENTED_EDGE('',*,*,#32270,.F.);
#38450=ORIENTED_EDGE('',*,*,#37300,.F.);
#38460=CARTESIAN_POINT('',(-3.9904003587298213E+01,
   0.0000000000000000E+00,1.8749999999999973E+00));
#38470=DIRECTION('',(0.0000000000000000E+00,1.0000000000000000E+00,
   0.0000000000000000E+00));
#38480=VECTOR('',#38470,1.0000000000000000E+00);
#38490=LINE('',#38460,#38480);
#38500=CARTESIAN_POINT('',(-3.9904003587298213E+01,
   1.6351077836188253E+01,1.8749999999999973E+00));
#38510=VERTEX_POINT('',#38500);
#38520=EDGE_CURVE('',#38510,#37230,#38490,.T.);
#38530=ORIENTED_EDGE('',*,*,#38520,.T.);
#38540=CARTESIAN_POINT('',(0.0000000000000000E+00,4.4292161952761923E+01
   ,-1.3183114561244658E+01));
#38550=DIRECTION('',(7.8261493238007862E-01,5.4799287516801631E-01,
   -2.9532638957738910E-01));
#38560=VECTOR('',#38550,1.0000000000000000E+00);
#38570=LINE('',#38540,#38560);
#38580=EDGE_CURVE('',#38510,#38350,#38570,.T.);
#38590=ORIENTED_EDGE('',*,*,#38580,.F.);
#38600=EDGE_LOOP('',(#38590,#38530,#38450,#38440,#38430,#38370));
#38610=FACE_OUTER_BOUND('',#38600,.T.);
#38620=ADVANCED_FACE('',(#38610),#38290,.F.);
#38630=COLOUR_RGB('',5.0196081399917603E-01,1.0000000000000000E+00,
   5.0196081399917603E-01);
#38640=FILL_AREA_STYLE_COLOUR('',#38630);
#38650=FILL_AREA_STYLE('',(#38640));
#38660=SURFACE_STYLE_FILL_AREA(#38650);
#38670=SURFACE_SIDE_STYLE('',(#38660));
#38680=SURFACE_STYLE_USAGE(.BOTH.,#38670);
#38690=PRESENTATION_STYLE_ASSIGNMENT((#38680));
#38700=CARTESIAN_POINT('',(-3.6122820727760129E+01,
   1.2008852824316122E+01,-6.7075988473102832E-01));
#38710=DIRECTION('',(0.0000000000000000E+00,-1.0000000000000000E+00,
   0.0000000000000000E+00));
#38720=DIRECTION('',(1.0000000000000000E+00,0.0000000000000000E+00,
   0.0000000000000000E+00));
#38730=AXIS2_PLACEMENT_3D('',#38700,#38710,#38720);
#38740=PLANE('',#38730);
#38750=ORIENTED_EDGE('',*,*,#29510,.F.);
#38760=ORIENTED_EDGE('',*,*,#23710,.T.);
#38770=ORIENTED_EDGE('',*,*,#13800,.T.);
#38780=CARTESIAN_POINT('',(-3.6104003587298216E+01,
   1.2008852824316122E+01,5.5000000000000036E+00));
#38790=DIRECTION('',(0.0000000000000000E+00,0.0000000000000000E+00,
   -1.0000000000000000E+00));
#38800=VECTOR('',#38790,1.0000000000000000E+00);
#38810=LINE('',#38780,#38800);
#38820=EDGE_CURVE('',#29420,#13730,#38810,.T.);
#38830=ORIENTED_EDGE('',*,*,#38820,.T.);
#38840=EDGE_LOOP('',(#38830,#38770,#38760,#38750));
#38850=FACE_OUTER_BOUND('',#38840,.T.);
#38860=ADVANCED_FACE('',(#38850),#38740,.T.);
#38870=COLOUR_RGB('',9.4901967048645020E-01,9.4901967048645020E-01,
   1.0000000000000000E+00);
#38880=FILL_AREA_STYLE_COLOUR('',#38870);
#38890=FILL_AREA_STYLE('',(#38880));
#38900=SURFACE_STYLE_FILL_AREA(#38890);
#38910=SURFACE_SIDE_STYLE('',(#38900));
#38920=SURFACE_STYLE_USAGE(.BOTH.,#38910);
#38930=PRESENTATION_STYLE_ASSIGNMENT((#38920));
#38940=ORIENTED_EDGE('',*,*,#14340,.F.);
#38950=ORIENTED_EDGE('',*,*,#8970,.F.);
#38960=ORIENTED_EDGE('',*,*,#35110,.T.);
#38970=CARTESIAN_POINT('',(-3.6323978334128775E+01,
   -2.6716239164827719E+01,5.0000000000000000E+00));
#38980=DIRECTION('',(-0.0000000000000000E+00,1.0000000000000000E+00,
   0.0000000000000000E+00));
#38990=VECTOR('',#38980,1.0000000000000000E+00);
#39000=LINE('',#38970,#38990);
#39010=EDGE_CURVE('',#35080,#14330,#39000,.T.);
#39020=ORIENTED_EDGE('',*,*,#39010,.F.);
#39030=EDGE_LOOP('',(#39020,#38960,#38950,#38940));
#39040=FACE_OUTER_BOUND('',#39030,.T.);
#39050=ADVANCED_FACE('',(#39040),#8660,.T.);
#39060=COLOUR_RGB('',9.4901967048645020E-01,9.4901967048645020E-01,
   1.0000000000000000E+00);
#39070=FILL_AREA_STYLE_COLOUR('',#39060);
#39080=FILL_AREA_STYLE('',(#39070));
#39090=SURFACE_STYLE_FILL_AREA(#39080);
#39100=SURFACE_SIDE_STYLE('',(#39090));
#39110=SURFACE_STYLE_USAGE(.BOTH.,#39100);
#39120=PRESENTATION_STYLE_ASSIGNMENT((#39110));
#39130=CARTESIAN_POINT('',(0.0000000000000000E+00,0.0000000000000000E+00
   ,1.3750000000000000E+00));
#39140=DIRECTION('',(0.0000000000000000E+00,0.0000000000000000E+00,
   1.0000000000000000E+00));
#39150=DIRECTION('',(1.0000000000000000E+00,0.0000000000000000E+00,
   0.0000000000000000E+00));
#39160=AXIS2_PLACEMENT_3D('',#39130,#39140,#39150);
#39170=PLANE('',#39160);
#39180=CARTESIAN_POINT('',(0.0000000000000000E+00,1.7278852824316125E+01
   ,1.3749999999999982E+00));
#39190=DIRECTION('',(-1.0000000000000000E+00,0.0000000000000000E+00,
   0.0000000000000000E+00));
#39200=VECTOR('',#39190,1.0000000000000000E+00);
#39210=LINE('',#39180,#39200);
#39220=EDGE_CURVE('',#5390,#38350,#39210,.T.);
#39230=ORIENTED_EDGE('',*,*,#39220,.T.);
#39240=ORIENTED_EDGE('',*,*,#5400,.T.);
#39250=ORIENTED_EDGE('',*,*,#14030,.T.);
#39260=ORIENTED_EDGE('',*,*,#38360,.T.);
#39270=EDGE_LOOP('',(#39260,#39250,#39240,#39230));
#39280=FACE_OUTER_BOUND('',#39270,.T.);
#39290=ADVANCED_FACE('',(#39280),#39170,.F.);
#39300=COLOUR_RGB('',5.0196081399917603E-01,1.0000000000000000E+00,
   5.0196081399917603E-01);
#39310=FILL_AREA_STYLE_COLOUR('',#39300);
#39320=FILL_AREA_STYLE('',(#39310));
#39330=SURFACE_STYLE_FILL_AREA(#39320);
#39340=SURFACE_SIDE_STYLE('',(#39330));
#39350=SURFACE_STYLE_USAGE(.BOTH.,#39340);
#39360=PRESENTATION_STYLE_ASSIGNMENT((#39350));
#39370=CARTESIAN_POINT('',(-3.8194003587298212E+01,
   1.7278852824316125E+01,0.0000000000000000E+00));
#39380=DIRECTION('',(-0.0000000000000000E+00,-1.0000000000000000E+00,
   -0.0000000000000000E+00));
#39390=DIRECTION('',(-1.0000000000000000E+00,0.0000000000000000E+00,
   0.0000000000000000E+00));
#39400=AXIS2_PLACEMENT_3D('',#39370,#39380,#39390);
#39410=PLANE('',#39400);
#39420=ORIENTED_EDGE('',*,*,#13070,.F.);
#39430=ORIENTED_EDGE('',*,*,#5480,.F.);
#39440=ORIENTED_EDGE('',*,*,#39220,.F.);
#39450=CARTESIAN_POINT('',(-3.8579003587298210E+01,
   1.7278852824316125E+01,0.0000000000000000E+00));
#39460=DIRECTION('',(0.0000000000000000E+00,0.0000000000000000E+00,
   1.0000000000000000E+00));
#39470=VECTOR('',#39460,1.0000000000000000E+00);
#39480=LINE('',#39450,#39470);
#39490=EDGE_CURVE('',#7580,#38350,#39480,.T.);
#39500=ORIENTED_EDGE('',*,*,#39490,.T.);
#39510=EDGE_LOOP('',(#39500,#39440,#39430,#39420));
#39520=FACE_OUTER_BOUND('',#39510,.T.);
#39530=ADVANCED_FACE('',(#39520),#39410,.F.);
#39540=COLOUR_RGB('',5.0196081399917603E-01,1.0000000000000000E+00,
   5.0196081399917603E-01);
#39550=FILL_AREA_STYLE_COLOUR('',#39540);
#39560=FILL_AREA_STYLE('',(#39550));
#39570=SURFACE_STYLE_FILL_AREA(#39560);
#39580=SURFACE_SIDE_STYLE('',(#39570));
#39590=SURFACE_STYLE_USAGE(.BOTH.,#39580);
#39600=PRESENTATION_STYLE_ASSIGNMENT((#39590));
#39610=CARTESIAN_POINT('',(-3.8579003587298210E+01,
   1.9228852824316121E+01,0.0000000000000000E+00));
#39620=DIRECTION('',(9.6592582628906809E-01,2.5881904510252152E-01,
   0.0000000000000000E+00));
#39630=DIRECTION('',(2.5881904510252152E-01,-9.6592582628906809E-01,
   0.0000000000000000E+00));
#39640=AXIS2_PLACEMENT_3D('',#39610,#39620,#39630);
#39650=PLANE('',#39640);
#39660=ORIENTED_EDGE('',*,*,#38420,.T.);
#39670=ORIENTED_EDGE('',*,*,#14110,.F.);
#39680=ORIENTED_EDGE('',*,*,#7510,.F.);
#39690=ORIENTED_EDGE('',*,*,#32330,.F.);
#39700=EDGE_LOOP('',(#39690,#39680,#39670,#39660));
#39710=FACE_OUTER_BOUND('',#39700,.T.);
#39720=ADVANCED_FACE('',(#39710),#39650,.F.);
#39730=COLOUR_RGB('',5.0196081399917603E-01,1.0000000000000000E+00,
   5.0196081399917603E-01);
#39740=FILL_AREA_STYLE_COLOUR('',#39730);
#39750=FILL_AREA_STYLE('',(#39740));
#39760=SURFACE_STYLE_FILL_AREA(#39750);
#39770=SURFACE_SIDE_STYLE('',(#39760));
#39780=SURFACE_STYLE_USAGE(.BOTH.,#39770);
#39790=PRESENTATION_STYLE_ASSIGNMENT((#39780));
#39800=CARTESIAN_POINT('',(-3.9904003587298213E+01,
   1.6351077836188246E+01,0.0000000000000000E+00));
#39810=DIRECTION('',(5.7357643635104816E-01,-8.1915204428899036E-01,
   0.0000000000000000E+00));
#39820=DIRECTION('',(-8.1915204428899036E-01,-5.7357643635104816E-01,
   0.0000000000000000E+00));
#39830=AXIS2_PLACEMENT_3D('',#39800,#39810,#39820);
#39840=PLANE('',#39830);
#39850=ORIENTED_EDGE('',*,*,#38580,.T.);
#39860=CARTESIAN_POINT('',(-3.9904003587298213E+01,
   1.6351077836188253E+01,5.0000000000000000E+00));
#39870=DIRECTION('',(0.0000000000000000E+00,0.0000000000000000E+00,
   1.0000000000000000E+00));
#39880=VECTOR('',#39870,1.0000000000000000E+00);
#39890=LINE('',#39860,#39880);
#39900=EDGE_CURVE('',#7660,#38510,#39890,.T.);
#39910=ORIENTED_EDGE('',*,*,#39900,.T.);
#39920=ORIENTED_EDGE('',*,*,#7670,.T.);
#39930=ORIENTED_EDGE('',*,*,#39490,.F.);
#39940=EDGE_LOOP('',(#39930,#39920,#39910,#39850));
#39950=FACE_OUTER_BOUND('',#39940,.T.);
#39960=ADVANCED_FACE('',(#39950),#39840,.F.);
#39970=COLOUR_RGB('',5.0196081399917603E-01,1.0000000000000000E+00,
   5.0196081399917603E-01);
#39980=FILL_AREA_STYLE_COLOUR('',#39970);
#39990=FILL_AREA_STYLE('',(#39980));
#40000=SURFACE_STYLE_FILL_AREA(#39990);
#40010=SURFACE_SIDE_STYLE('',(#40000));
#40020=SURFACE_STYLE_USAGE(.BOTH.,#40010);
#40030=PRESENTATION_STYLE_ASSIGNMENT((#40020));
#40040=CARTESIAN_POINT('',(-3.5581516213882892E+01,
   2.3538852824316109E+01,9.7525126265846858E+00));
#40050=DIRECTION('',(0.0000000000000000E+00,1.0000000000000000E+00,
   0.0000000000000000E+00));
#40060=DIRECTION('',(7.0710678118654746E-01,0.0000000000000000E+00,
   -7.0710678118654757E-01));
#40070=AXIS2_PLACEMENT_3D('',#40040,#40050,#40060);
#40080=PLANE('',#40070);
#40090=CARTESIAN_POINT('',(-8.8925674828030196E+01,
   2.3538852824316109E+01,-4.3591645987562615E+01));
#40100=DIRECTION('',(-7.0710678118654757E-01,0.0000000000000000E+00,
   -7.0710678118654746E-01));
#40110=VECTOR('',#40100,1.0000000000000000E+00);
#40120=LINE('',#40090,#40110);
#40130=CARTESIAN_POINT('',(-3.4261004949258449E+01,
   2.3538852824316109E+01,1.1073023891209081E+01));
#40140=VERTEX_POINT('',#40130);
#40150=CARTESIAN_POINT('',(-3.5214995679261598E+01,
   2.3538852824316109E+01,1.0119033161205870E+01));
#40160=VERTEX_POINT('',#40150);
#40170=EDGE_CURVE('',#40140,#40160,#40120,.T.);
#40180=ORIENTED_EDGE('',*,*,#40170,.T.);
#40190=CARTESIAN_POINT('',(-3.5829003587298203E+01,
   2.3538852824316109E+01,1.0000000000000004E+01));
#40200=DIRECTION('',(0.0000000000000000E+00,1.0000000000000000E+00,
   0.0000000000000000E+00));
#40210=DIRECTION('',(-1.0000000000000000E+00,0.0000000000000000E+00,
   0.0000000000000000E+00));
#40220=AXIS2_PLACEMENT_3D('',#40190,#40200,#40210);
#40230=CIRCLE('',#40220,1.8999999999999999E+00);
#40240=CARTESIAN_POINT('',(-3.4755979696089057E+01,
   2.3538852824316109E+01,1.1567998638039713E+01));
#40250=VERTEX_POINT('',#40240);
#40260=EDGE_CURVE('',#40250,#40140,#40230,.T.);
#40270=ORIENTED_EDGE('',*,*,#40260,.T.);
#40280=CARTESIAN_POINT('',(-8.8925674828030196E+01,
   2.3538852824316109E+01,-4.2601696493901414E+01));
#40290=DIRECTION('',(-7.0710678118654757E-01,0.0000000000000000E+00,
   -7.0710678118654746E-01));
#40300=VECTOR('',#40290,1.0000000000000000E+00);
#40310=LINE('',#40280,#40300);
#40320=CARTESIAN_POINT('',(-3.5693983448967970E+01,
   2.3538852824316109E+01,1.0629994885160803E+01));
#40330=VERTEX_POINT('',#40320);
#40340=EDGE_CURVE('',#40250,#40330,#40310,.T.);
#40350=ORIENTED_EDGE('',*,*,#40340,.F.);
#40360=CARTESIAN_POINT('',(-3.5854003587298216E+01,
   2.3538852824316109E+01,1.0000000000000004E+01));
#40370=DIRECTION('',(0.0000000000000000E+00,-1.0000000000000000E+00,
   0.0000000000000000E+00));
#40380=DIRECTION('',(1.0000000000000000E+00,0.0000000000000000E+00,
   0.0000000000000000E+00));
#40390=AXIS2_PLACEMENT_3D('',#40360,#40370,#40380);
#40400=CIRCLE('',#40390,6.5000000000000002E-01);
#40410=EDGE_CURVE('',#40160,#40330,#40400,.T.);
#40420=ORIENTED_EDGE('',*,*,#40410,.T.);
#40430=EDGE_LOOP('',(#40420,#40350,#40270,#40180));
#40440=FACE_OUTER_BOUND('',#40430,.T.);
#40450=ADVANCED_FACE('',(#40440),#40080,.T.);
#40460=COLOUR_RGB('',9.4901967048645020E-01,9.4901967048645020E-01,
   1.0000000000000000E+00);
#40470=FILL_AREA_STYLE_COLOUR('',#40460);
#40480=FILL_AREA_STYLE('',(#40470));
#40490=SURFACE_STYLE_FILL_AREA(#40480);
#40500=SURFACE_SIDE_STYLE('',(#40490));
#40510=SURFACE_STYLE_USAGE(.BOTH.,#40500);
#40520=PRESENTATION_STYLE_ASSIGNMENT((#40510));
#40530=CARTESIAN_POINT('',(-3.8194003587298212E+01,
   1.9228852824316121E+01,5.0000000000000000E+00));
#40540=DIRECTION('',(1.0000000000000000E+00,0.0000000000000000E+00,
   0.0000000000000000E+00));
#40550=DIRECTION('',(0.0000000000000000E+00,-1.0000000000000000E+00,
   0.0000000000000000E+00));
#40560=AXIS2_PLACEMENT_3D('',#40530,#40540,#40550);
#40570=PLANE('',#40560);
#40580=CARTESIAN_POINT('',(-3.8194003587298212E+01,
   0.0000000000000000E+00,6.3750000000000018E+00));
#40590=DIRECTION('',(0.0000000000000000E+00,-1.0000000000000000E+00,
   0.0000000000000000E+00));
#40600=VECTOR('',#40590,1.0000000000000000E+00);
#40610=LINE('',#40580,#40600);
#40620=CARTESIAN_POINT('',(-3.8194003587298212E+01,
   1.9228852824316121E+01,6.3750000000000018E+00));
#40630=VERTEX_POINT('',#40620);
#40640=CARTESIAN_POINT('',(-3.8194003587298212E+01,
   1.7278852824316125E+01,6.3750000000000018E+00));
#40650=VERTEX_POINT('',#40640);
#40660=EDGE_CURVE('',#40630,#40650,#40610,.T.);
#40670=ORIENTED_EDGE('',*,*,#40660,.F.);
#40680=CARTESIAN_POINT('',(-3.8194003587298226E+01,
   1.7278852824316125E+01,5.0000000000000000E+00));
#40690=DIRECTION('',(0.0000000000000000E+00,0.0000000000000000E+00,
   1.0000000000000000E+00));
#40700=VECTOR('',#40690,1.0000000000000000E+00);
#40710=LINE('',#40680,#40700);
#40720=CARTESIAN_POINT('',(-3.8194003587298212E+01,
   1.7278852824316125E+01,3.6250000000000018E+00));
#40730=VERTEX_POINT('',#40720);
#40740=EDGE_CURVE('',#40730,#40650,#40710,.T.);
#40750=ORIENTED_EDGE('',*,*,#40740,.T.);
#40760=CARTESIAN_POINT('',(-3.8194003587298212E+01,
   0.0000000000000000E+00,3.6250000000000018E+00));
#40770=DIRECTION('',(0.0000000000000000E+00,1.0000000000000000E+00,
   0.0000000000000000E+00));
#40780=VECTOR('',#40770,1.0000000000000000E+00);
#40790=LINE('',#40760,#40780);
#40800=CARTESIAN_POINT('',(-3.8194003587298212E+01,
   1.9228852824316121E+01,3.6250000000000018E+00));
#40810=VERTEX_POINT('',#40800);
#40820=EDGE_CURVE('',#40730,#40810,#40790,.T.);
#40830=ORIENTED_EDGE('',*,*,#40820,.F.);
#40840=CARTESIAN_POINT('',(-3.8194003587298226E+01,
   1.9228852824316121E+01,5.0000000000000036E+00));
#40850=DIRECTION('',(0.0000000000000000E+00,0.0000000000000000E+00,
   -1.0000000000000000E+00));
#40860=VECTOR('',#40850,1.0000000000000000E+00);
#40870=LINE('',#40840,#40860);
#40880=EDGE_CURVE('',#40630,#40810,#40870,.T.);
#40890=ORIENTED_EDGE('',*,*,#40880,.T.);
#40900=EDGE_LOOP('',(#40890,#40830,#40750,#40670));
#40910=FACE_OUTER_BOUND('',#40900,.T.);
#40920=ADVANCED_FACE('',(#40910),#40570,.F.);
#40930=COLOUR_RGB('',5.0196081399917603E-01,1.0000000000000000E+00,
   5.0196081399917603E-01);
#40940=FILL_AREA_STYLE_COLOUR('',#40930);
#40950=FILL_AREA_STYLE('',(#40940));
#40960=SURFACE_STYLE_FILL_AREA(#40950);
#40970=SURFACE_SIDE_STYLE('',(#40960));
#40980=SURFACE_STYLE_USAGE(.BOTH.,#40970);
#40990=PRESENTATION_STYLE_ASSIGNMENT((#40980));
#41000=CARTESIAN_POINT('',(-3.8194003587298212E+01,
   1.7278852824316125E+01,5.0000000000000000E+00));
#41010=DIRECTION('',(-0.0000000000000000E+00,-1.0000000000000000E+00,
   -0.0000000000000000E+00));
#41020=DIRECTION('',(-1.0000000000000000E+00,0.0000000000000000E+00,
   0.0000000000000000E+00));
#41030=AXIS2_PLACEMENT_3D('',#41000,#41010,#41020);
#41040=PLANE('',#41030);
#41050=CARTESIAN_POINT('',(0.0000000000000000E+00,1.7278852824316125E+01
   ,6.3750000000000018E+00));
#41060=DIRECTION('',(-1.0000000000000000E+00,0.0000000000000000E+00,
   0.0000000000000000E+00));
#41070=VECTOR('',#41060,1.0000000000000000E+00);
#41080=LINE('',#41050,#41070);
#41090=CARTESIAN_POINT('',(-3.8579003587298210E+01,
   1.7278852824316125E+01,6.3750000000000036E+00));
#41100=VERTEX_POINT('',#41090);
#41110=EDGE_CURVE('',#40650,#41100,#41080,.T.);
#41120=ORIENTED_EDGE('',*,*,#41110,.F.);
#41130=CARTESIAN_POINT('',(-3.8579003587298210E+01,
   1.7278852824316125E+01,5.0000000000000000E+00));
#41140=DIRECTION('',(0.0000000000000000E+00,0.0000000000000000E+00,
   1.0000000000000000E+00));
#41150=VECTOR('',#41140,1.0000000000000000E+00);
#41160=LINE('',#41130,#41150);
#41170=CARTESIAN_POINT('',(-3.8579003587298210E+01,
   1.7278852824316125E+01,3.6250000000000018E+00));
#41180=VERTEX_POINT('',#41170);
#41190=EDGE_CURVE('',#41180,#41100,#41160,.T.);
#41200=ORIENTED_EDGE('',*,*,#41190,.T.);
#41210=CARTESIAN_POINT('',(0.0000000000000000E+00,1.7278852824316125E+01
   ,3.6250000000000018E+00));
#41220=DIRECTION('',(1.0000000000000000E+00,0.0000000000000000E+00,
   0.0000000000000000E+00));
#41230=VECTOR('',#41220,1.0000000000000000E+00);
#41240=LINE('',#41210,#41230);
#41250=EDGE_CURVE('',#41180,#40730,#41240,.T.);
#41260=ORIENTED_EDGE('',*,*,#41250,.F.);
#41270=ORIENTED_EDGE('',*,*,#40740,.F.);
#41280=EDGE_LOOP('',(#41270,#41260,#41200,#41120));
#41290=FACE_OUTER_BOUND('',#41280,.T.);
#41300=ADVANCED_FACE('',(#41290),#41040,.F.);
#41310=COLOUR_RGB('',5.0196081399917603E-01,1.0000000000000000E+00,
   5.0196081399917603E-01);
#41320=FILL_AREA_STYLE_COLOUR('',#41310);
#41330=FILL_AREA_STYLE('',(#41320));
#41340=SURFACE_STYLE_FILL_AREA(#41330);
#41350=SURFACE_SIDE_STYLE('',(#41340));
#41360=SURFACE_STYLE_USAGE(.BOTH.,#41350);
#41370=PRESENTATION_STYLE_ASSIGNMENT((#41360));
#41380=CARTESIAN_POINT('',(-3.8579003587298210E+01,
   1.9228852824316121E+01,5.0000000000000000E+00));
#41390=DIRECTION('',(9.6592582628906809E-01,2.5881904510252152E-01,
   0.0000000000000000E+00));
#41400=DIRECTION('',(2.5881904510252152E-01,-9.6592582628906809E-01,
   0.0000000000000000E+00));
#41410=AXIS2_PLACEMENT_3D('',#41380,#41390,#41400);
#41420=PLANE('',#41410);
#41430=CARTESIAN_POINT('',(-3.3426648001645773E+01,
   0.0000000000000000E+00,4.4307148733386983E+00));
#41440=DIRECTION('',(-2.5759337550319977E-01,9.6135156507110675E-01,
   9.7205047359698329E-02));
#41450=VECTOR('',#41440,1.0000000000000000E+00);
#41460=LINE('',#41430,#41450);
#41470=CARTESIAN_POINT('',(-3.8579003587298203E+01,
   1.9228852824316114E+01,6.3750000000000036E+00));
#41480=VERTEX_POINT('',#41470);
#41490=CARTESIAN_POINT('',(-3.8876268972941219E+01,
   2.0338262346867381E+01,6.4871756172237758E+00));
#41500=VERTEX_POINT('',#41490);
#41510=EDGE_CURVE('',#41480,#41500,#41460,.T.);
#41520=ORIENTED_EDGE('',*,*,#41510,.T.);
#41530=CARTESIAN_POINT('',(-3.8579003587298203E+01,
   1.9228852824316114E+01,5.0000000000000000E+00));
#41540=DIRECTION('',(0.0000000000000000E+00,0.0000000000000000E+00,
   -1.0000000000000000E+00));
#41550=VECTOR('',#41540,1.0000000000000000E+00);
#41560=LINE('',#41530,#41550);
#41570=CARTESIAN_POINT('',(-3.8579003587298210E+01,
   1.9228852824316121E+01,3.6250000000000036E+00));
#41580=VERTEX_POINT('',#41570);
#41590=EDGE_CURVE('',#41480,#41580,#41560,.T.);
#41600=ORIENTED_EDGE('',*,*,#41590,.F.);
#41610=CARTESIAN_POINT('',(-3.3426648001645773E+01,
   0.0000000000000000E+00,5.5692851266613053E+00));
#41620=DIRECTION('',(-2.5759337550319977E-01,9.6135156507110675E-01,
   -9.7205047359698329E-02));
#41630=VECTOR('',#41620,1.0000000000000000E+00);
#41640=LINE('',#41610,#41630);
#41650=CARTESIAN_POINT('',(-3.8876268972941219E+01,
   2.0338262346867381E+01,3.5128243827762278E+00));
#41660=VERTEX_POINT('',#41650);
#41670=EDGE_CURVE('',#41580,#41660,#41640,.T.);
#41680=ORIENTED_EDGE('',*,*,#41670,.F.);
#41690=CARTESIAN_POINT('',(-3.8876268972941219E+01,
   2.0338262346867381E+01,5.0000000000000036E+00));
#41700=DIRECTION('',(0.0000000000000000E+00,0.0000000000000000E+00,
   1.0000000000000000E+00));
#41710=VECTOR('',#41700,1.0000000000000000E+00);
#41720=LINE('',#41690,#41710);
#41730=EDGE_CURVE('',#41660,#41500,#41720,.T.);
#41740=ORIENTED_EDGE('',*,*,#41730,.F.);
#41750=EDGE_LOOP('',(#41740,#41680,#41600,#41520));
#41760=FACE_OUTER_BOUND('',#41750,.T.);
#41770=ADVANCED_FACE('',(#41760),#41420,.F.);
#41780=COLOUR_RGB('',5.0196081399917603E-01,1.0000000000000000E+00,
   5.0196081399917603E-01);
#41790=FILL_AREA_STYLE_COLOUR('',#41780);
#41800=FILL_AREA_STYLE('',(#41790));
#41810=SURFACE_STYLE_FILL_AREA(#41800);
#41820=SURFACE_SIDE_STYLE('',(#41810));
#41830=SURFACE_STYLE_USAGE(.BOTH.,#41820);
#41840=PRESENTATION_STYLE_ASSIGNMENT((#41830));
#41850=CARTESIAN_POINT('',(-3.8194003587298212E+01,
   1.9228852824316121E+01,5.0000000000000000E+00));
#41860=DIRECTION('',(-0.0000000000000000E+00,1.0000000000000000E+00,
   0.0000000000000000E+00));
#41870=DIRECTION('',(1.0000000000000000E+00,0.0000000000000000E+00,
   0.0000000000000000E+00));
#41880=AXIS2_PLACEMENT_3D('',#41850,#41860,#41870);
#41890=PLANE('',#41880);
#41900=CARTESIAN_POINT('',(0.0000000000000000E+00,1.9228852824316121E+01
   ,6.3750000000000018E+00));
#41910=DIRECTION('',(1.0000000000000000E+00,0.0000000000000000E+00,
   0.0000000000000000E+00));
#41920=VECTOR('',#41910,1.0000000000000000E+00);
#41930=LINE('',#41900,#41920);
#41940=EDGE_CURVE('',#41480,#40630,#41930,.T.);
#41950=ORIENTED_EDGE('',*,*,#41940,.F.);
#41960=ORIENTED_EDGE('',*,*,#40880,.F.);
#41970=CARTESIAN_POINT('',(0.0000000000000000E+00,1.9228852824316121E+01
   ,3.6250000000000018E+00));
#41980=DIRECTION('',(-1.0000000000000000E+00,0.0000000000000000E+00,
   0.0000000000000000E+00));
#41990=VECTOR('',#41980,1.0000000000000000E+00);
#42000=LINE('',#41970,#41990);
#42010=EDGE_CURVE('',#40810,#41580,#42000,.T.);
#42020=ORIENTED_EDGE('',*,*,#42010,.F.);
#42030=ORIENTED_EDGE('',*,*,#41590,.T.);
#42040=EDGE_LOOP('',(#42030,#42020,#41960,#41950));
#42050=FACE_OUTER_BOUND('',#42040,.T.);
#42060=ADVANCED_FACE('',(#42050),#41890,.F.);
#42070=COLOUR_RGB('',5.0196081399917603E-01,1.0000000000000000E+00,
   5.0196081399917603E-01);
#42080=FILL_AREA_STYLE_COLOUR('',#42070);
#42090=FILL_AREA_STYLE('',(#42080));
#42100=SURFACE_STYLE_FILL_AREA(#42090);
#42110=SURFACE_SIDE_STYLE('',(#42100));
#42120=SURFACE_STYLE_USAGE(.BOTH.,#42110);
#42130=PRESENTATION_STYLE_ASSIGNMENT((#42120));
#42140=CARTESIAN_POINT('',(0.0000000000000000E+00,0.0000000000000000E+00
   ,3.6250000000000000E+00));
#42150=DIRECTION('',(0.0000000000000000E+00,0.0000000000000000E+00,
   1.0000000000000000E+00));
#42160=DIRECTION('',(1.0000000000000000E+00,0.0000000000000000E+00,
   0.0000000000000000E+00));
#42170=AXIS2_PLACEMENT_3D('',#42140,#42150,#42160);
#42180=PLANE('',#42170);
#42190=ORIENTED_EDGE('',*,*,#42010,.T.);
#42200=ORIENTED_EDGE('',*,*,#40820,.T.);
#42210=ORIENTED_EDGE('',*,*,#41250,.T.);
#42220=CARTESIAN_POINT('',(-3.8579003587298217E+01,
   0.0000000000000000E+00,3.6250000000000000E+00));
#42230=DIRECTION('',(0.0000000000000000E+00,1.0000000000000000E+00,
   0.0000000000000000E+00));
#42240=VECTOR('',#42230,1.0000000000000000E+00);
#42250=LINE('',#42220,#42240);
#42260=EDGE_CURVE('',#41180,#41580,#42250,.T.);
#42270=ORIENTED_EDGE('',*,*,#42260,.F.);
#42280=EDGE_LOOP('',(#42270,#42210,#42200,#42190));
#42290=FACE_OUTER_BOUND('',#42280,.T.);
#42300=ADVANCED_FACE('',(#42290),#42180,.T.);
#42310=COLOUR_RGB('',5.0196081399917603E-01,1.0000000000000000E+00,
   5.0196081399917603E-01);
#42320=FILL_AREA_STYLE_COLOUR('',#42310);
#42330=FILL_AREA_STYLE('',(#42320));
#42340=SURFACE_STYLE_FILL_AREA(#42330);
#42350=SURFACE_SIDE_STYLE('',(#42340));
#42360=SURFACE_STYLE_USAGE(.BOTH.,#42350);
#42370=PRESENTATION_STYLE_ASSIGNMENT((#42360));
#42380=CARTESIAN_POINT('',(-3.9904003587298213E+01,
   1.7278852824316125E+01,3.1250000000000018E+00));
#42390=DIRECTION('',(3.5305725243424335E-01,0.0000000000000000E+00,
   -9.3560171895074196E-01));
#42400=DIRECTION('',(-9.3560171895074196E-01,0.0000000000000000E+00,
   -3.5305725243424335E-01));
#42410=AXIS2_PLACEMENT_3D('',#42380,#42390,#42400);
#42420=PLANE('',#42410);
#42430=CARTESIAN_POINT('',(0.0000000000000000E+00,2.0708852824316118E+01
   ,1.8183114561244658E+01));
#42440=DIRECTION('',(9.3560171895074196E-01,0.0000000000000000E+00,
   3.5305725243424335E-01));
#42450=VECTOR('',#42440,1.0000000000000000E+00);
#42460=LINE('',#42430,#42450);
#42470=CARTESIAN_POINT('',(-3.9904003587298213E+01,
   2.0708852824316118E+01,3.1250000000000018E+00));
#42480=VERTEX_POINT('',#42470);
#42490=CARTESIAN_POINT('',(-3.9359231886085752E+01,
   2.0708852824316118E+01,3.3305742268726295E+00));
#42500=VERTEX_POINT('',#42490);
#42510=EDGE_CURVE('',#42480,#42500,#42460,.T.);
#42520=ORIENTED_EDGE('',*,*,#42510,.F.);
#42530=CARTESIAN_POINT('',(-3.9359231886085752E+01,
   2.0208852824316125E+01,3.3305742268726295E+00));
#42540=DIRECTION('',(3.5305725243424335E-01,0.0000000000000000E+00,
   -9.3560171895074196E-01));
#42550=DIRECTION('',(-9.3560171895074185E-01,0.0000000000000000E+00,
   -3.5305725243424330E-01));
#42560=AXIS2_PLACEMENT_3D('',#42530,#42540,#42550);
#42570=ELLIPSE('',#42560,5.3441543540635905E-01,4.9999999999999867E-01);
#42580=EDGE_CURVE('',#42500,#41660,#42570,.T.);
#42590=ORIENTED_EDGE('',*,*,#42580,.F.);
#42600=ORIENTED_EDGE('',*,*,#41670,.T.);
#42610=ORIENTED_EDGE('',*,*,#42260,.T.);
#42620=CARTESIAN_POINT('',(0.0000000000000000E+00,4.4292161952761923E+01
   ,1.8183114561244658E+01));
#42630=DIRECTION('',(-7.8261493238007862E-01,-5.4799287516801631E-01,
   -2.9532638957738910E-01));
#42640=VECTOR('',#42630,1.0000000000000000E+00);
#42650=LINE('',#42620,#42640);
#42660=CARTESIAN_POINT('',(-3.9904003587298213E+01,
   1.6351077836188253E+01,3.1250000000000018E+00));
#42670=VERTEX_POINT('',#42660);
#42680=EDGE_CURVE('',#41180,#42670,#42650,.T.);
#42690=ORIENTED_EDGE('',*,*,#42680,.F.);
#42700=CARTESIAN_POINT('',(-3.9904003587298213E+01,
   0.0000000000000000E+00,3.1250000000000018E+00));
#42710=DIRECTION('',(0.0000000000000000E+00,1.0000000000000000E+00,
   0.0000000000000000E+00));
#42720=VECTOR('',#42710,1.0000000000000000E+00);
#42730=LINE('',#42700,#42720);
#42740=EDGE_CURVE('',#42670,#42480,#42730,.T.);
#42750=ORIENTED_EDGE('',*,*,#42740,.F.);
#42760=EDGE_LOOP('',(#42750,#42690,#42610,#42600,#42590,#42520));
#42770=FACE_OUTER_BOUND('',#42760,.T.);
#42780=ADVANCED_FACE('',(#42770),#42420,.F.);
#42790=COLOUR_RGB('',5.0196081399917603E-01,1.0000000000000000E+00,
   5.0196081399917603E-01);
#42800=FILL_AREA_STYLE_COLOUR('',#42790);
#42810=FILL_AREA_STYLE('',(#42800));
#42820=SURFACE_STYLE_FILL_AREA(#42810);
#42830=SURFACE_SIDE_STYLE('',(#42820));
#42840=SURFACE_STYLE_USAGE(.BOTH.,#42830);
#42850=PRESENTATION_STYLE_ASSIGNMENT((#42840));
#42860=CARTESIAN_POINT('',(-3.9904003587298213E+01,
   1.6351077836188246E+01,5.0000000000000000E+00));
#42870=DIRECTION('',(5.7357643635104816E-01,-8.1915204428899036E-01,
   0.0000000000000000E+00));
#42880=DIRECTION('',(-8.1915204428899036E-01,-5.7357643635104816E-01,
   0.0000000000000000E+00));
#42890=AXIS2_PLACEMENT_3D('',#42860,#42870,#42880);
#42900=PLANE('',#42890);
#42910=CARTESIAN_POINT('',(0.0000000000000000E+00,4.4292161952761923E+01
   ,-8.1831145612446541E+00));
#42920=DIRECTION('',(7.8261493238007862E-01,5.4799287516801631E-01,
   -2.9532638957738910E-01));
#42930=VECTOR('',#42920,1.0000000000000000E+00);
#42940=LINE('',#42910,#42930);
#42950=CARTESIAN_POINT('',(-3.9904003587298213E+01,
   1.6351077836188253E+01,6.8750000000000009E+00));
#42960=VERTEX_POINT('',#42950);
#42970=EDGE_CURVE('',#42960,#41100,#42940,.T.);
#42980=ORIENTED_EDGE('',*,*,#42970,.T.);
#42990=CARTESIAN_POINT('',(-3.9904003587298213E+01,
   1.6351077836188253E+01,1.0000000000000004E+01));
#43000=DIRECTION('',(0.0000000000000000E+00,0.0000000000000000E+00,
   1.0000000000000000E+00));
#43010=VECTOR('',#43000,1.0000000000000000E+00);
#43020=LINE('',#42990,#43010);
#43030=EDGE_CURVE('',#42670,#42960,#43020,.T.);
#43040=ORIENTED_EDGE('',*,*,#43030,.T.);
#43050=ORIENTED_EDGE('',*,*,#42680,.T.);
#43060=ORIENTED_EDGE('',*,*,#41190,.F.);
#43070=EDGE_LOOP('',(#43060,#43050,#43040,#42980));
#43080=FACE_OUTER_BOUND('',#43070,.T.);
#43090=ADVANCED_FACE('',(#43080),#42900,.F.);
#43100=COLOUR_RGB('',5.0196081399917603E-01,1.0000000000000000E+00,
   5.0196081399917603E-01);
#43110=FILL_AREA_STYLE_COLOUR('',#43100);
#43120=FILL_AREA_STYLE('',(#43110));
#43130=SURFACE_STYLE_FILL_AREA(#43120);
#43140=SURFACE_SIDE_STYLE('',(#43130));
#43150=SURFACE_STYLE_USAGE(.BOTH.,#43140);
#43160=PRESENTATION_STYLE_ASSIGNMENT((#43150));
#43170=CARTESIAN_POINT('',(-3.9359231886085752E+01,
   2.0208852824316118E+01,5.0000000000000000E+00));
#43180=DIRECTION('',(0.0000000000000000E+00,0.0000000000000000E+00,
   1.0000000000000000E+00));
#43190=DIRECTION('',(1.0000000000000000E+00,0.0000000000000000E+00,
   0.0000000000000000E+00));
#43200=AXIS2_PLACEMENT_3D('',#43170,#43180,#43190);
#43210=CYLINDRICAL_SURFACE('',#43200,4.9999999999999878E-01);
#43220=CARTESIAN_POINT('',(-3.9359231886085752E+01,
   2.0208852824316125E+01,6.6694257731273741E+00));
#43230=DIRECTION('',(3.5305725243424335E-01,0.0000000000000000E+00,
   9.3560171895074196E-01));
#43240=DIRECTION('',(9.3560171895074185E-01,0.0000000000000000E+00,
   -3.5305725243424330E-01));
#43250=AXIS2_PLACEMENT_3D('',#43220,#43230,#43240);
#43260=ELLIPSE('',#43250,5.3441543540635905E-01,4.9999999999999867E-01);
#43270=CARTESIAN_POINT('',(-3.9359231886085752E+01,
   2.0708852824316118E+01,6.6694257731273741E+00));
#43280=VERTEX_POINT('',#43270);
#43290=EDGE_CURVE('',#41500,#43280,#43260,.T.);
#43300=ORIENTED_EDGE('',*,*,#43290,.T.);
#43310=ORIENTED_EDGE('',*,*,#41730,.T.);
#43320=ORIENTED_EDGE('',*,*,#42580,.T.);
#43330=CARTESIAN_POINT('',(-3.9359231886085752E+01,
   2.0708852824316118E+01,5.0000000000000036E+00));
#43340=DIRECTION('',(0.0000000000000000E+00,0.0000000000000000E+00,
   -1.0000000000000000E+00));
#43350=VECTOR('',#43340,1.0000000000000000E+00);
#43360=LINE('',#43330,#43350);
#43370=EDGE_CURVE('',#43280,#42500,#43360,.T.);
#43380=ORIENTED_EDGE('',*,*,#43370,.T.);
#43390=EDGE_LOOP('',(#43380,#43320,#43310,#43300));
#43400=FACE_OUTER_BOUND('',#43390,.T.);
#43410=ADVANCED_FACE('',(#43400),#43210,.F.);
#43420=COLOUR_RGB('',5.0196081399917603E-01,1.0000000000000000E+00,
   5.0196081399917603E-01);
#43430=FILL_AREA_STYLE_COLOUR('',#43420);
#43440=FILL_AREA_STYLE('',(#43430));
#43450=SURFACE_STYLE_FILL_AREA(#43440);
#43460=SURFACE_SIDE_STYLE('',(#43450));
#43470=SURFACE_STYLE_USAGE(.BOTH.,#43460);
#43480=PRESENTATION_STYLE_ASSIGNMENT((#43470));
#43490=CARTESIAN_POINT('',(-3.6497744671345409E+01,
   2.4538852824316116E+01,1.0668741084047209E+01));
#43500=DIRECTION('',(0.0000000000000000E+00,1.0000000000000000E+00,
   0.0000000000000000E+00));
#43510=DIRECTION('',(7.0710678118654746E-01,0.0000000000000000E+00,
   -7.0710678118654757E-01));
#43520=AXIS2_PLACEMENT_3D('',#43490,#43500,#43510);
#43530=PLANE('',#43520);
#43540=CARTESIAN_POINT('',(-8.8925674828030196E+01,
   2.4538852824316116E+01,1.0000000000000004E+01));
#43550=DIRECTION('',(-1.0000000000000000E+00,0.0000000000000000E+00,
   0.0000000000000000E+00));
#43560=VECTOR('',#43550,1.0000000000000000E+00);
#43570=LINE('',#43540,#43560);
#43580=CARTESIAN_POINT('',(-3.5334028840467575E+01,
   2.4538852824316116E+01,1.0000000000000000E+01));
#43590=VERTEX_POINT('',#43580);
#43600=EDGE_CURVE('',#1440,#43590,#43570,.T.);
#43610=ORIENTED_EDGE('',*,*,#43600,.F.);
#43620=EDGE_CURVE('',#1420,#43590,#1500,.T.);
#43630=ORIENTED_EDGE('',*,*,#43620,.T.);
#43640=ORIENTED_EDGE('',*,*,#1450,.F.);
#43650=EDGE_LOOP('',(#43640,#43630,#43610));
#43660=FACE_OUTER_BOUND('',#43650,.T.);
#43670=ADVANCED_FACE('',(#43660),#43530,.T.);
#43680=COLOUR_RGB('',9.4901967048645020E-01,9.4901967048645020E-01,
   1.0000000000000000E+00);
#43690=FILL_AREA_STYLE_COLOUR('',#43680);
#43700=FILL_AREA_STYLE('',(#43690));
#43710=SURFACE_STYLE_FILL_AREA(#43700);
#43720=SURFACE_SIDE_STYLE('',(#43710));
#43730=SURFACE_STYLE_USAGE(.BOTH.,#43720);
#43740=PRESENTATION_STYLE_ASSIGNMENT((#43730));
#43750=CARTESIAN_POINT('',(-3.6122820727760129E+01,
   1.5008852824316122E+01,4.3292401152689752E+00));
#43760=DIRECTION('',(0.0000000000000000E+00,-1.0000000000000000E+00,
   0.0000000000000000E+00));
#43770=DIRECTION('',(1.0000000000000000E+00,0.0000000000000000E+00,
   0.0000000000000000E+00));
#43780=AXIS2_PLACEMENT_3D('',#43750,#43760,#43770);
#43790=PLANE('',#43780);
#43800=ORIENTED_EDGE('',*,*,#26240,.F.);
#43810=CARTESIAN_POINT('',(-3.6104003587298216E+01,
   1.5008852824316122E+01,1.0000000000000004E+01));
#43820=DIRECTION('',(0.0000000000000000E+00,0.0000000000000000E+00,
   -1.0000000000000000E+00));
#43830=VECTOR('',#43820,1.0000000000000000E+00);
#43840=LINE('',#43810,#43830);
#43850=EDGE_CURVE('',#26170,#11010,#43840,.T.);
#43860=ORIENTED_EDGE('',*,*,#43850,.F.);
#43870=ORIENTED_EDGE('',*,*,#11020,.T.);
#43880=ORIENTED_EDGE('',*,*,#34610,.T.);
#43890=ORIENTED_EDGE('',*,*,#11300,.T.);
#43900=ORIENTED_EDGE('',*,*,#23930,.F.);
#43910=EDGE_LOOP('',(#43900,#43890,#43880,#43870,#43860,#43800));
#43920=FACE_OUTER_BOUND('',#43910,.T.);
#43930=ADVANCED_FACE('',(#43920),#43790,.T.);
#43940=COLOUR_RGB('',9.4901967048645020E-01,9.4901967048645020E-01,
   1.0000000000000000E+00);
#43950=FILL_AREA_STYLE_COLOUR('',#43940);
#43960=FILL_AREA_STYLE('',(#43950));
#43970=SURFACE_STYLE_FILL_AREA(#43960);
#43980=SURFACE_SIDE_STYLE('',(#43970));
#43990=SURFACE_STYLE_USAGE(.BOTH.,#43980);
#44000=PRESENTATION_STYLE_ASSIGNMENT((#43990));
#44010=CARTESIAN_POINT('',(-3.6122820727760129E+01,
   1.5008852824316122E+01,1.4329240115268975E+01));
#44020=DIRECTION('',(0.0000000000000000E+00,-1.0000000000000000E+00,
   0.0000000000000000E+00));
#44030=DIRECTION('',(1.0000000000000000E+00,0.0000000000000000E+00,
   0.0000000000000000E+00));
#44040=AXIS2_PLACEMENT_3D('',#44010,#44020,#44030);
#44050=PLANE('',#44040);
#44060=CARTESIAN_POINT('',(-8.8925674828030196E+01,
   1.5008852824316122E+01,2.0000000000000004E+01));
#44070=DIRECTION('',(1.0000000000000000E+00,0.0000000000000000E+00,
   0.0000000000000000E+00));
#44080=VECTOR('',#44070,1.0000000000000000E+00);
#44090=LINE('',#44060,#44080);
#44100=CARTESIAN_POINT('',(-3.6504003587298214E+01,
   1.5008852824316122E+01,2.0000000000000000E+01));
#44110=VERTEX_POINT('',#44100);
#44120=CARTESIAN_POINT('',(-3.6104003587298216E+01,
   1.5008852824316122E+01,2.0000000000000004E+01));
#44130=VERTEX_POINT('',#44120);
#44140=EDGE_CURVE('',#44110,#44130,#44090,.T.);
#44150=ORIENTED_EDGE('',*,*,#44140,.F.);
#44160=CARTESIAN_POINT('',(-3.6104003587298216E+01,
   1.5008852824316122E+01,2.0000000000000004E+01));
#44170=DIRECTION('',(0.0000000000000000E+00,0.0000000000000000E+00,
   -1.0000000000000000E+00));
#44180=VECTOR('',#44170,1.0000000000000000E+00);
#44190=LINE('',#44160,#44180);
#44200=CARTESIAN_POINT('',(-3.6104003587298216E+01,
   1.5008852824316122E+01,1.9500000000000004E+01));
#44210=VERTEX_POINT('',#44200);
#44220=EDGE_CURVE('',#44130,#44210,#44190,.T.);
#44230=ORIENTED_EDGE('',*,*,#44220,.F.);
#44240=CARTESIAN_POINT('',(-8.8925674828030196E+01,
   1.5008852824316122E+01,1.9500000000000004E+01));
#44250=DIRECTION('',(1.0000000000000000E+00,0.0000000000000000E+00,
   0.0000000000000000E+00));
#44260=VECTOR('',#44250,1.0000000000000000E+00);
#44270=LINE('',#44240,#44260);
#44280=CARTESIAN_POINT('',(-3.5604003587298216E+01,
   1.5008852824316122E+01,1.9500000000000004E+01));
#44290=VERTEX_POINT('',#44280);
#44300=EDGE_CURVE('',#44210,#44290,#44270,.T.);
#44310=ORIENTED_EDGE('',*,*,#44300,.F.);
#44320=CARTESIAN_POINT('',(-3.5604003587298216E+01,
   1.5008852824316122E+01,2.0000000000000004E+01));
#44330=DIRECTION('',(0.0000000000000000E+00,0.0000000000000000E+00,
   1.0000000000000000E+00));
#44340=VECTOR('',#44330,1.0000000000000000E+00);
#44350=LINE('',#44320,#44340);
#44360=CARTESIAN_POINT('',(-3.5604003587298216E+01,
   1.5008852824316122E+01,2.0000000000000004E+01));
#44370=VERTEX_POINT('',#44360);
#44380=EDGE_CURVE('',#44290,#44370,#44350,.T.);
#44390=ORIENTED_EDGE('',*,*,#44380,.F.);
#44400=CARTESIAN_POINT('',(-3.5204003587298217E+01,
   1.5008852824316122E+01,2.0000000000000000E+01));
#44410=VERTEX_POINT('',#44400);
#44420=EDGE_CURVE('',#44370,#44410,#44090,.T.);
#44430=ORIENTED_EDGE('',*,*,#44420,.F.);
#44440=CARTESIAN_POINT('',(-3.5854003587298216E+01,
   1.5008852824316122E+01,2.0000000000000004E+01));
#44450=DIRECTION('',(0.0000000000000000E+00,-1.0000000000000000E+00,
   0.0000000000000000E+00));
#44460=DIRECTION('',(1.0000000000000000E+00,0.0000000000000000E+00,
   0.0000000000000000E+00));
#44470=AXIS2_PLACEMENT_3D('',#44440,#44450,#44460);
#44480=CIRCLE('',#44470,6.5000000000000002E-01);
#44490=EDGE_CURVE('',#44110,#44410,#44480,.T.);
#44500=ORIENTED_EDGE('',*,*,#44490,.T.);
#44510=EDGE_LOOP('',(#44500,#44430,#44390,#44310,#44230,#44150));
#44520=FACE_OUTER_BOUND('',#44510,.T.);
#44530=ADVANCED_FACE('',(#44520),#44050,.T.);
#44540=COLOUR_RGB('',9.4901967048645020E-01,9.4901967048645020E-01,
   1.0000000000000000E+00);
#44550=FILL_AREA_STYLE_COLOUR('',#44540);
#44560=FILL_AREA_STYLE('',(#44550));
#44570=SURFACE_STYLE_FILL_AREA(#44560);
#44580=SURFACE_SIDE_STYLE('',(#44570));
#44590=SURFACE_STYLE_USAGE(.BOTH.,#44580);
#44600=PRESENTATION_STYLE_ASSIGNMENT((#44590));
#44610=CARTESIAN_POINT('',(-3.4871503587298207E+01,
   2.3238852824316119E+01,1.0000000000000004E+01));
#44620=DIRECTION('',(-0.0000000000000000E+00,-1.0000000000000000E+00,
   -0.0000000000000000E+00));
#44630=DIRECTION('',(-1.0000000000000000E+00,0.0000000000000000E+00,
   0.0000000000000000E+00));
#44640=AXIS2_PLACEMENT_3D('',#44610,#44620,#44630);
#44650=PLANE('',#44640);
#44660=CARTESIAN_POINT('',(-3.5829003587298210E+01,
   2.3238852824316119E+01,1.0000000000000004E+01));
#44670=DIRECTION('',(0.0000000000000000E+00,1.0000000000000000E+00,
   0.0000000000000000E+00));
#44680=DIRECTION('',(1.0000000000000000E+00,0.0000000000000000E+00,
   0.0000000000000000E+00));
#44690=AXIS2_PLACEMENT_3D('',#44660,#44670,#44680);
#44700=CIRCLE('',#44690,1.9150000000000134E+00);
#44710=CARTESIAN_POINT('',(-3.3914003587298197E+01,
   2.3238852824316119E+01,1.0000000000000004E+01));
#44720=VERTEX_POINT('',#44710);
#44730=CARTESIAN_POINT('',(-3.7744003587298224E+01,
   2.3238852824316119E+01,1.0000000000000004E+01));
#44740=VERTEX_POINT('',#44730);
#44750=EDGE_CURVE('',#44720,#44740,#44700,.T.);
#44760=ORIENTED_EDGE('',*,*,#44750,.T.);
#44770=EDGE_CURVE('',#44740,#44720,#44700,.T.);
#44780=ORIENTED_EDGE('',*,*,#44770,.T.);
#44790=EDGE_LOOP('',(#44780,#44760));
#44800=FACE_OUTER_BOUND('',#44790,.T.);
#44810=CARTESIAN_POINT('',(-3.5829003587298203E+01,
   2.3238852824316119E+01,1.0000000000000004E+01));
#44820=DIRECTION('',(0.0000000000000000E+00,1.0000000000000000E+00,
   0.0000000000000000E+00));
#44830=DIRECTION('',(-1.0000000000000000E+00,0.0000000000000000E+00,
   0.0000000000000000E+00));
#44840=AXIS2_PLACEMENT_3D('',#44810,#44820,#44830);
#44850=CIRCLE('',#44840,1.8999999999999999E+00);
#44860=CARTESIAN_POINT('',(-3.3929003587298205E+01,
   2.3238852824316119E+01,1.0000000000000004E+01));
#44870=VERTEX_POINT('',#44860);
#44880=CARTESIAN_POINT('',(-3.7729003587298202E+01,
   2.3238852824316119E+01,1.0000000000000004E+01));
#44890=VERTEX_POINT('',#44880);
#44900=EDGE_CURVE('',#44870,#44890,#44850,.T.);
#44910=ORIENTED_EDGE('',*,*,#44900,.F.);
#44920=EDGE_CURVE('',#44890,#44870,#44850,.T.);
#44930=ORIENTED_EDGE('',*,*,#44920,.F.);
#44940=EDGE_LOOP('',(#44930,#44910));
#44950=FACE_BOUND('',#44940,.T.);
#44960=ADVANCED_FACE('',(#44800,#44950),#44650,.F.);
#44970=COLOUR_RGB('',5.0196081399917603E-01,1.0000000000000000E+00,
   5.0196081399917603E-01);
#44980=FILL_AREA_STYLE_COLOUR('',#44970);
#44990=FILL_AREA_STYLE('',(#44980));
#45000=SURFACE_STYLE_FILL_AREA(#44990);
#45010=SURFACE_SIDE_STYLE('',(#45000));
#45020=SURFACE_STYLE_USAGE(.BOTH.,#45010);
#45030=PRESENTATION_STYLE_ASSIGNMENT((#45020));
#45040=CARTESIAN_POINT('',(-3.6122820727760129E+01,
   1.5008852824316122E+01,-6.7075988473102832E-01));
#45050=DIRECTION('',(0.0000000000000000E+00,-1.0000000000000000E+00,
   0.0000000000000000E+00));
#45060=DIRECTION('',(1.0000000000000000E+00,0.0000000000000000E+00,
   0.0000000000000000E+00));
#45070=AXIS2_PLACEMENT_3D('',#45040,#45050,#45060);
#45080=PLANE('',#45070);
#45090=CARTESIAN_POINT('',(-8.8925674828030196E+01,
   1.5008852824316122E+01,5.0000000000000000E-01));
#45100=DIRECTION('',(-1.0000000000000000E+00,0.0000000000000000E+00,
   0.0000000000000000E+00));
#45110=VECTOR('',#45100,1.0000000000000000E+00);
#45120=LINE('',#45090,#45110);
#45130=CARTESIAN_POINT('',(-3.5604003587298216E+01,
   1.5008852824316122E+01,5.0000000000000000E-01));
#45140=VERTEX_POINT('',#45130);
#45150=EDGE_CURVE('',#45140,#25380,#45120,.T.);
#45160=ORIENTED_EDGE('',*,*,#45150,.F.);
#45170=ORIENTED_EDGE('',*,*,#25390,.F.);
#45180=ORIENTED_EDGE('',*,*,#23180,.T.);
#45190=CARTESIAN_POINT('',(-3.5854003587298216E+01,
   1.5008852824316122E+01,0.0000000000000000E+00));
#45200=DIRECTION('',(0.0000000000000000E+00,-1.0000000000000000E+00,
   0.0000000000000000E+00));
#45210=DIRECTION('',(1.0000000000000000E+00,0.0000000000000000E+00,
   0.0000000000000000E+00));
#45220=AXIS2_PLACEMENT_3D('',#45190,#45200,#45210);
#45230=CIRCLE('',#45220,6.5000000000000002E-01);
#45240=EDGE_CURVE('',#22700,#22870,#45230,.T.);
#45250=ORIENTED_EDGE('',*,*,#45240,.T.);
#45260=ORIENTED_EDGE('',*,*,#23440,.T.);
#45270=CARTESIAN_POINT('',(-3.5604003587298216E+01,
   1.5008852824316122E+01,5.0000000000000000E+00));
#45280=DIRECTION('',(0.0000000000000000E+00,0.0000000000000000E+00,
   1.0000000000000000E+00));
#45290=VECTOR('',#45280,1.0000000000000000E+00);
#45300=LINE('',#45270,#45290);
#45310=EDGE_CURVE('',#23410,#45140,#45300,.T.);
#45320=ORIENTED_EDGE('',*,*,#45310,.F.);
#45330=EDGE_LOOP('',(#45320,#45260,#45250,#45180,#45170,#45160));
#45340=FACE_OUTER_BOUND('',#45330,.T.);
#45350=ADVANCED_FACE('',(#45340),#45080,.T.);
#45360=COLOUR_RGB('',9.4901967048645020E-01,9.4901967048645020E-01,
   1.0000000000000000E+00);
#45370=FILL_AREA_STYLE_COLOUR('',#45360);
#45380=FILL_AREA_STYLE('',(#45370));
#45390=SURFACE_STYLE_FILL_AREA(#45380);
#45400=SURFACE_SIDE_STYLE('',(#45390));
#45410=SURFACE_STYLE_USAGE(.BOTH.,#45400);
#45420=PRESENTATION_STYLE_ASSIGNMENT((#45410));
#45430=CARTESIAN_POINT('',(-3.5581516213882892E+01,
   2.3538852824316109E+01,-2.4748737341531779E-01));
#45440=DIRECTION('',(0.0000000000000000E+00,1.0000000000000000E+00,
   0.0000000000000000E+00));
#45450=DIRECTION('',(7.0710678118654746E-01,0.0000000000000000E+00,
   -7.0710678118654757E-01));
#45460=AXIS2_PLACEMENT_3D('',#45430,#45440,#45450);
#45470=PLANE('',#45460);
#45480=ORIENTED_EDGE('',*,*,#24630,.T.);
#45490=ORIENTED_EDGE('',*,*,#28210,.T.);
#45500=EDGE_CURVE('',#28130,#35850,#35830,.T.);
#45510=ORIENTED_EDGE('',*,*,#45500,.F.);
#45520=CARTESIAN_POINT('',(-3.5854003587298216E+01,
   2.3538852824316109E+01,0.0000000000000000E+00));
#45530=DIRECTION('',(0.0000000000000000E+00,-1.0000000000000000E+00,
   0.0000000000000000E+00));
#45540=DIRECTION('',(1.0000000000000000E+00,0.0000000000000000E+00,
   0.0000000000000000E+00));
#45550=AXIS2_PLACEMENT_3D('',#45520,#45530,#45540);
#45560=CIRCLE('',#45550,6.5000000000000002E-01);
#45570=EDGE_CURVE('',#24620,#35850,#45560,.T.);
#45580=ORIENTED_EDGE('',*,*,#45570,.T.);
#45590=EDGE_LOOP('',(#45580,#45510,#45490,#45480));
#45600=FACE_OUTER_BOUND('',#45590,.T.);
#45610=ADVANCED_FACE('',(#45600),#45470,.T.);
#45620=COLOUR_RGB('',9.4901967048645020E-01,9.4901967048645020E-01,
   1.0000000000000000E+00);
#45630=FILL_AREA_STYLE_COLOUR('',#45620);
#45640=FILL_AREA_STYLE('',(#45630));
#45650=SURFACE_STYLE_FILL_AREA(#45640);
#45660=SURFACE_SIDE_STYLE('',(#45650));
#45670=SURFACE_STYLE_USAGE(.BOTH.,#45660);
#45680=PRESENTATION_STYLE_ASSIGNMENT((#45670));
#45690=CARTESIAN_POINT('',(-3.6104003587298216E+01,
   1.5008852824316122E+01,5.0000000000000000E-01));
#45700=DIRECTION('',(0.0000000000000000E+00,0.0000000000000000E+00,
   1.0000000000000000E+00));
#45710=DIRECTION('',(1.0000000000000000E+00,0.0000000000000000E+00,
   0.0000000000000000E+00));
#45720=AXIS2_PLACEMENT_3D('',#45690,#45700,#45710);
#45730=PLANE('',#45720);
#45740=CARTESIAN_POINT('',(-3.5604003587298216E+01,
   1.5008852824316122E+01,5.0000000000000000E-01));
#45750=DIRECTION('',(0.0000000000000000E+00,-1.0000000000000000E+00,
   0.0000000000000000E+00));
#45760=VECTOR('',#45750,1.0000000000000000E+00);
#45770=LINE('',#45740,#45760);
#45780=CARTESIAN_POINT('',(-3.5604003587298216E+01,
   1.3008852824316122E+01,5.0000000000000000E-01));
#45790=VERTEX_POINT('',#45780);
#45800=EDGE_CURVE('',#45140,#45790,#45770,.T.);
#45810=ORIENTED_EDGE('',*,*,#45800,.F.);
#45820=CARTESIAN_POINT('',(-8.8925674828030196E+01,
   1.3008852824316122E+01,5.0000000000000000E-01));
#45830=DIRECTION('',(-1.0000000000000000E+00,0.0000000000000000E+00,
   0.0000000000000000E+00));
#45840=VECTOR('',#45830,1.0000000000000000E+00);
#45850=LINE('',#45820,#45840);
#45860=EDGE_CURVE('',#45790,#25460,#45850,.T.);
#45870=ORIENTED_EDGE('',*,*,#45860,.F.);
#45880=ORIENTED_EDGE('',*,*,#25470,.T.);
#45890=ORIENTED_EDGE('',*,*,#45150,.T.);
#45900=EDGE_LOOP('',(#45890,#45880,#45870,#45810));
#45910=FACE_OUTER_BOUND('',#45900,.T.);
#45920=ADVANCED_FACE('',(#45910),#45730,.T.);
#45930=COLOUR_RGB('',9.4901967048645020E-01,9.4901967048645020E-01,
   1.0000000000000000E+00);
#45940=FILL_AREA_STYLE_COLOUR('',#45930);
#45950=FILL_AREA_STYLE('',(#45940));
#45960=SURFACE_STYLE_FILL_AREA(#45950);
#45970=SURFACE_SIDE_STYLE('',(#45960));
#45980=SURFACE_STYLE_USAGE(.BOTH.,#45970);
#45990=PRESENTATION_STYLE_ASSIGNMENT((#45980));
#46000=CARTESIAN_POINT('',(-3.5604003587298216E+01,
   1.5008852824316122E+01,5.0000000000000000E-01));
#46010=DIRECTION('',(1.0000000000000000E+00,-0.0000000000000000E+00,
   0.0000000000000000E+00));
#46020=DIRECTION('',(0.0000000000000000E+00,0.0000000000000000E+00,
   -1.0000000000000000E+00));
#46030=AXIS2_PLACEMENT_3D('',#46000,#46010,#46020);
#46040=PLANE('',#46030);
#46050=ORIENTED_EDGE('',*,*,#23420,.T.);
#46060=ORIENTED_EDGE('',*,*,#24300,.F.);
#46070=ORIENTED_EDGE('',*,*,#25830,.T.);
#46080=ORIENTED_EDGE('',*,*,#25020,.F.);
#46090=CARTESIAN_POINT('',(-3.5604003587298216E+01,
   -2.6716239164827719E+01,-1.0144306317743141E+01));
#46100=DIRECTION('',(0.0000000000000000E+00,9.6592582628906842E-01,
   2.5881904510252046E-01));
#46110=VECTOR('',#46100,1.0000000000000000E+00);
#46120=LINE('',#46090,#46110);
#46130=EDGE_CURVE('',#24930,#45790,#46120,.T.);
#46140=ORIENTED_EDGE('',*,*,#46130,.F.);
#46150=ORIENTED_EDGE('',*,*,#45800,.T.);
#46160=ORIENTED_EDGE('',*,*,#45310,.T.);
#46170=EDGE_LOOP('',(#46160,#46150,#46140,#46080,#46070,#46060,#46050));
#46180=FACE_OUTER_BOUND('',#46170,.T.);
#46190=ADVANCED_FACE('',(#46180),#46040,.T.);
#46200=COLOUR_RGB('',9.4901967048645020E-01,9.4901967048645020E-01,
   1.0000000000000000E+00);
#46210=FILL_AREA_STYLE_COLOUR('',#46200);
#46220=FILL_AREA_STYLE('',(#46210));
#46230=SURFACE_STYLE_FILL_AREA(#46220);
#46240=SURFACE_SIDE_STYLE('',(#46230));
#46250=SURFACE_STYLE_USAGE(.BOTH.,#46240);
#46260=PRESENTATION_STYLE_ASSIGNMENT((#46250));
#46270=ORIENTED_EDGE('',*,*,#28840,.F.);
#46280=ORIENTED_EDGE('',*,*,#35920,.F.);
#46290=ORIENTED_EDGE('',*,*,#45500,.T.);
#46300=ORIENTED_EDGE('',*,*,#28140,.F.);
#46310=EDGE_LOOP('',(#46300,#46290,#46280,#46270));
#46320=FACE_OUTER_BOUND('',#46310,.T.);
#46330=ADVANCED_FACE('',(#46320),#35770,.T.);
#46340=COLOUR_RGB('',9.4901967048645020E-01,9.4901967048645020E-01,
   1.0000000000000000E+00);
#46350=FILL_AREA_STYLE_COLOUR('',#46340);
#46360=FILL_AREA_STYLE('',(#46350));
#46370=SURFACE_STYLE_FILL_AREA(#46360);
#46380=SURFACE_SIDE_STYLE('',(#46370));
#46390=SURFACE_STYLE_USAGE(.BOTH.,#46380);
#46400=PRESENTATION_STYLE_ASSIGNMENT((#46390));
#46410=CARTESIAN_POINT('',(-3.5854003587298216E+01,
   1.2508852824316122E+01,3.6602540378443926E-01));
#46420=DIRECTION('',(0.0000000000000000E+00,-2.5881904510252046E-01,
   9.6592582628906842E-01));
#46430=DIRECTION('',(0.0000000000000000E+00,9.6592582628906842E-01,
   2.5881904510252046E-01));
#46440=AXIS2_PLACEMENT_3D('',#46410,#46420,#46430);
#46450=PLANE('',#46440);
#46460=ORIENTED_EDGE('',*,*,#25530,.T.);
#46470=ORIENTED_EDGE('',*,*,#45860,.T.);
#46480=ORIENTED_EDGE('',*,*,#46130,.T.);
#46490=ORIENTED_EDGE('',*,*,#24940,.T.);
#46500=EDGE_LOOP('',(#46490,#46480,#46470,#46460));
#46510=FACE_OUTER_BOUND('',#46500,.T.);
#46520=ADVANCED_FACE('',(#46510),#46450,.T.);
#46530=COLOUR_RGB('',9.4901967048645020E-01,9.4901967048645020E-01,
   1.0000000000000000E+00);
#46540=FILL_AREA_STYLE_COLOUR('',#46530);
#46550=FILL_AREA_STYLE('',(#46540));
#46560=SURFACE_STYLE_FILL_AREA(#46550);
#46570=SURFACE_SIDE_STYLE('',(#46560));
#46580=SURFACE_STYLE_USAGE(.BOTH.,#46570);
#46590=PRESENTATION_STYLE_ASSIGNMENT((#46580));
#46600=CARTESIAN_POINT('',(-3.6104003587298216E+01,
   1.5008852824316122E+01,4.5000000000000036E+00));
#46610=DIRECTION('',(-1.0000000000000000E+00,0.0000000000000000E+00,
   0.0000000000000000E+00));
#46620=DIRECTION('',(0.0000000000000000E+00,0.0000000000000000E+00,
   1.0000000000000000E+00));
#46630=AXIS2_PLACEMENT_3D('',#46600,#46610,#46620);
#46640=PLANE('',#46630);
#46650=ORIENTED_EDGE('',*,*,#13740,.T.);
#46660=ORIENTED_EDGE('',*,*,#14610,.T.);
#46670=ORIENTED_EDGE('',*,*,#11100,.T.);
#46680=ORIENTED_EDGE('',*,*,#43850,.T.);
#46690=ORIENTED_EDGE('',*,*,#26180,.F.);
#46700=ORIENTED_EDGE('',*,*,#29430,.F.);
#46710=ORIENTED_EDGE('',*,*,#38820,.F.);
#46720=EDGE_LOOP('',(#46710,#46700,#46690,#46680,#46670,#46660,#46650));
#46730=FACE_OUTER_BOUND('',#46720,.T.);
#46740=ADVANCED_FACE('',(#46730),#46640,.T.);
#46750=COLOUR_RGB('',9.4901967048645020E-01,9.4901967048645020E-01,
   1.0000000000000000E+00);
#46760=FILL_AREA_STYLE_COLOUR('',#46750);
#46770=FILL_AREA_STYLE('',(#46760));
#46780=SURFACE_STYLE_FILL_AREA(#46770);
#46790=SURFACE_SIDE_STYLE('',(#46780));
#46800=SURFACE_STYLE_USAGE(.BOTH.,#46790);
#46810=PRESENTATION_STYLE_ASSIGNMENT((#46800));
#46820=EDGE_CURVE('',#24620,#6300,#24600,.T.);
#46830=ORIENTED_EDGE('',*,*,#46820,.T.);
#46840=ORIENTED_EDGE('',*,*,#45570,.F.);
#46850=ORIENTED_EDGE('',*,*,#35860,.F.);
#46860=ORIENTED_EDGE('',*,*,#6560,.T.);
#46870=EDGE_LOOP('',(#46860,#46850,#46840,#46830));
#46880=FACE_OUTER_BOUND('',#46870,.T.);
#46890=ADVANCED_FACE('',(#46880),#45470,.T.);
#46900=COLOUR_RGB('',9.4901967048645020E-01,9.4901967048645020E-01,
   1.0000000000000000E+00);
#46910=FILL_AREA_STYLE_COLOUR('',#46900);
#46920=FILL_AREA_STYLE('',(#46910));
#46930=SURFACE_STYLE_FILL_AREA(#46920);
#46940=SURFACE_SIDE_STYLE('',(#46930));
#46950=SURFACE_STYLE_USAGE(.BOTH.,#46940);
#46960=PRESENTATION_STYLE_ASSIGNMENT((#46950));
#46970=ORIENTED_EDGE('',*,*,#35310,.F.);
#46980=ORIENTED_EDGE('',*,*,#24690,.F.);
#46990=ORIENTED_EDGE('',*,*,#46820,.F.);
#47000=ORIENTED_EDGE('',*,*,#6310,.T.);
#47010=EDGE_LOOP('',(#47000,#46990,#46980,#46970));
#47020=FACE_OUTER_BOUND('',#47010,.T.);
#47030=ADVANCED_FACE('',(#47020),#24470,.T.);
#47040=COLOUR_RGB('',9.4901967048645020E-01,9.4901967048645020E-01,
   1.0000000000000000E+00);
#47050=FILL_AREA_STYLE_COLOUR('',#47040);
#47060=FILL_AREA_STYLE('',(#47050));
#47070=SURFACE_STYLE_FILL_AREA(#47060);
#47080=SURFACE_SIDE_STYLE('',(#47070));
#47090=SURFACE_STYLE_USAGE(.BOTH.,#47080);
#47100=PRESENTATION_STYLE_ASSIGNMENT((#47090));
#47110=CARTESIAN_POINT('',(-3.5581516213882892E+01,
   2.3538852824316109E+01,4.7525126265846858E+00));
#47120=DIRECTION('',(0.0000000000000000E+00,1.0000000000000000E+00,
   0.0000000000000000E+00));
#47130=DIRECTION('',(7.0710678118654746E-01,0.0000000000000000E+00,
   -7.0710678118654757E-01));
#47140=AXIS2_PLACEMENT_3D('',#47110,#47120,#47130);
#47150=PLANE('',#47140);
#47160=CARTESIAN_POINT('',(-8.8925674828030196E+01,
   2.3538852824316109E+01,-4.8591645987562615E+01));
#47170=DIRECTION('',(-7.0710678118654757E-01,0.0000000000000000E+00,
   -7.0710678118654746E-01));
#47180=VECTOR('',#47170,1.0000000000000000E+00);
#47190=LINE('',#47160,#47180);
#47200=CARTESIAN_POINT('',(-3.5214995679261598E+01,
   2.3538852824316109E+01,5.1190331612058708E+00));
#47210=VERTEX_POINT('',#47200);
#47220=EDGE_CURVE('',#47210,#34980,#47190,.T.);
#47230=ORIENTED_EDGE('',*,*,#47220,.T.);
#47240=CARTESIAN_POINT('',(-3.5854003587298216E+01,
   2.3538852824316109E+01,5.0000000000000036E+00));
#47250=DIRECTION('',(0.0000000000000000E+00,-1.0000000000000000E+00,
   0.0000000000000000E+00));
#47260=DIRECTION('',(1.0000000000000000E+00,0.0000000000000000E+00,
   0.0000000000000000E+00));
#47270=AXIS2_PLACEMENT_3D('',#47240,#47250,#47260);
#47280=CIRCLE('',#47270,6.5000000000000002E-01);
#47290=CARTESIAN_POINT('',(-3.5693983448967970E+01,
   2.3538852824316109E+01,5.6299948851608033E+00));
#47300=VERTEX_POINT('',#47290);
#47310=EDGE_CURVE('',#47210,#47300,#47280,.T.);
#47320=ORIENTED_EDGE('',*,*,#47310,.F.);
#47330=CARTESIAN_POINT('',(-8.8925674828030196E+01,
   2.3538852824316109E+01,-4.7601696493901414E+01));
#47340=DIRECTION('',(-7.0710678118654757E-01,0.0000000000000000E+00,
   -7.0710678118654746E-01));
#47350=VECTOR('',#47340,1.0000000000000000E+00);
#47360=LINE('',#47330,#47350);
#47370=EDGE_CURVE('',#47300,#35080,#47360,.T.);
#47380=ORIENTED_EDGE('',*,*,#47370,.F.);
#47390=ORIENTED_EDGE('',*,*,#35090,.T.);
#47400=EDGE_LOOP('',(#47390,#47380,#47320,#47230));
#47410=FACE_OUTER_BOUND('',#47400,.T.);
#47420=ADVANCED_FACE('',(#47410),#47150,.T.);
#47430=COLOUR_RGB('',9.4901967048645020E-01,9.4901967048645020E-01,
   1.0000000000000000E+00);
#47440=FILL_AREA_STYLE_COLOUR('',#47430);
#47450=FILL_AREA_STYLE('',(#47440));
#47460=SURFACE_STYLE_FILL_AREA(#47450);
#47470=SURFACE_SIDE_STYLE('',(#47460));
#47480=SURFACE_STYLE_USAGE(.BOTH.,#47470);
#47490=PRESENTATION_STYLE_ASSIGNMENT((#47480));
#47500=CARTESIAN_POINT('',(-3.5581516213882892E+01,
   2.3538852824316109E+01,4.7525126265846858E+00));
#47510=DIRECTION('',(-7.0710678118654746E-01,0.0000000000000000E+00,
   7.0710678118654757E-01));
#47520=DIRECTION('',(0.0000000000000000E+00,1.0000000000000000E+00,
   0.0000000000000000E+00));
#47530=AXIS2_PLACEMENT_3D('',#47500,#47510,#47520);
#47540=PLANE('',#47530);
#47550=EDGE_CURVE('',#3630,#26900,#26880,.T.);
#47560=ORIENTED_EDGE('',*,*,#47550,.F.);
#47570=CARTESIAN_POINT('',(-3.5214995679261612E+01,
   3.5508852824316115E+01,5.1190331612059650E+00));
#47580=DIRECTION('',(0.0000000000000000E+00,-1.0000000000000000E+00,
   0.0000000000000000E+00));
#47590=VECTOR('',#47580,1.0000000000000000E+00);
#47600=LINE('',#47570,#47590);
#47610=EDGE_CURVE('',#26900,#47210,#47600,.T.);
#47620=ORIENTED_EDGE('',*,*,#47610,.F.);
#47630=ORIENTED_EDGE('',*,*,#47220,.F.);
#47640=ORIENTED_EDGE('',*,*,#35540,.T.);
#47650=EDGE_LOOP('',(#47640,#47630,#47620,#47560));
#47660=FACE_OUTER_BOUND('',#47650,.T.);
#47670=ADVANCED_FACE('',(#47660),#47540,.T.);
#47680=COLOUR_RGB('',9.4901967048645020E-01,9.4901967048645020E-01,
   1.0000000000000000E+00);
#47690=FILL_AREA_STYLE_COLOUR('',#47680);
#47700=FILL_AREA_STYLE('',(#47690));
#47710=SURFACE_STYLE_FILL_AREA(#47700);
#47720=SURFACE_SIDE_STYLE('',(#47710));
#47730=SURFACE_STYLE_USAGE(.BOTH.,#47720);
#47740=PRESENTATION_STYLE_ASSIGNMENT((#47730));
#47750=CARTESIAN_POINT('',(-3.6497744671345409E+01,
   2.4538852824316116E+01,5.6687410840472090E+00));
#47760=DIRECTION('',(0.0000000000000000E+00,1.0000000000000000E+00,
   0.0000000000000000E+00));
#47770=DIRECTION('',(7.0710678118654746E-01,0.0000000000000000E+00,
   -7.0710678118654757E-01));
#47780=AXIS2_PLACEMENT_3D('',#47750,#47760,#47770);
#47790=PLANE('',#47780);
#47800=ORIENTED_EDGE('',*,*,#26980,.F.);
#47810=ORIENTED_EDGE('',*,*,#47550,.T.);
#47820=ORIENTED_EDGE('',*,*,#3640,.T.);
#47830=EDGE_LOOP('',(#47820,#47810,#47800));
#47840=FACE_OUTER_BOUND('',#47830,.T.);
#47850=ADVANCED_FACE('',(#47840),#47790,.T.);
#47860=COLOUR_RGB('',9.4901967048645020E-01,9.4901967048645020E-01,
   1.0000000000000000E+00);
#47870=FILL_AREA_STYLE_COLOUR('',#47860);
#47880=FILL_AREA_STYLE('',(#47870));
#47890=SURFACE_STYLE_FILL_AREA(#47880);
#47900=SURFACE_SIDE_STYLE('',(#47890));
#47910=SURFACE_STYLE_USAGE(.BOTH.,#47900);
#47920=PRESENTATION_STYLE_ASSIGNMENT((#47910));
#47930=CARTESIAN_POINT('',(-3.6076490960713485E+01,
   2.4538852824316109E+01,5.2474873734152858E+00));
#47940=DIRECTION('',(7.0710678118654746E-01,0.0000000000000000E+00,
   -7.0710678118654757E-01));
#47950=DIRECTION('',(0.0000000000000000E+00,-1.0000000000000000E+00,
   0.0000000000000000E+00));
#47960=AXIS2_PLACEMENT_3D('',#47930,#47940,#47950);
#47970=PLANE('',#47960);
#47980=CARTESIAN_POINT('',(-8.8925674828030196E+01,
   2.4538852824316116E+01,-4.7601696493901414E+01));
#47990=DIRECTION('',(-7.0710678118654757E-01,0.0000000000000000E+00,
   -7.0710678118654746E-01));
#48000=VECTOR('',#47990,1.0000000000000000E+00);
#48010=LINE('',#47980,#48000);
#48020=CARTESIAN_POINT('',(-3.5693983448967970E+01,
   2.4538852824316116E+01,5.6299948851608033E+00));
#48030=VERTEX_POINT('',#48020);
#48040=EDGE_CURVE('',#48030,#14330,#48010,.T.);
#48050=ORIENTED_EDGE('',*,*,#48040,.F.);
#48060=ORIENTED_EDGE('',*,*,#39010,.T.);
#48070=ORIENTED_EDGE('',*,*,#47370,.T.);
#48080=CARTESIAN_POINT('',(-3.5693983448967970E+01,
   3.5508852824316115E+01,5.6299948851608033E+00));
#48090=DIRECTION('',(0.0000000000000000E+00,-1.0000000000000000E+00,
   0.0000000000000000E+00));
#48100=VECTOR('',#48090,1.0000000000000000E+00);
#48110=LINE('',#48080,#48100);
#48120=EDGE_CURVE('',#48030,#47300,#48110,.T.);
#48130=ORIENTED_EDGE('',*,*,#48120,.T.);
#48140=EDGE_LOOP('',(#48130,#48070,#48060,#48050));
#48150=FACE_OUTER_BOUND('',#48140,.T.);
#48160=ADVANCED_FACE('',(#48150),#47970,.T.);
#48170=COLOUR_RGB('',9.4901967048645020E-01,9.4901967048645020E-01,
   1.0000000000000000E+00);
#48180=FILL_AREA_STYLE_COLOUR('',#48170);
#48190=FILL_AREA_STYLE('',(#48180));
#48200=SURFACE_STYLE_FILL_AREA(#48190);
#48210=SURFACE_SIDE_STYLE('',(#48200));
#48220=SURFACE_STYLE_USAGE(.BOTH.,#48210);
#48230=PRESENTATION_STYLE_ASSIGNMENT((#48220));
#48240=CARTESIAN_POINT('',(-3.5829003587298210E+01,
   2.4373852824316117E+01,5.0000000000000036E+00));
#48250=DIRECTION('',(0.0000000000000000E+00,1.0000000000000000E+00,
   0.0000000000000000E+00));
#48260=DIRECTION('',(1.0000000000000000E+00,0.0000000000000000E+00,
   0.0000000000000000E+00));
#48270=AXIS2_PLACEMENT_3D('',#48240,#48250,#48260);
#48280=CYLINDRICAL_SURFACE('',#48270,1.9150000000000134E+00);
#48290=CARTESIAN_POINT('',(-3.3914003587298197E+01,
   2.4373852824316117E+01,5.0000000000000036E+00));
#48300=DIRECTION('',(0.0000000000000000E+00,1.0000000000000000E+00,
   0.0000000000000000E+00));
#48310=VECTOR('',#48300,1.0000000000000000E+00);
#48320=LINE('',#48290,#48310);
#48330=CARTESIAN_POINT('',(-3.3914003587298197E+01,
   2.5508852824316115E+01,5.0000000000000036E+00));
#48340=VERTEX_POINT('',#48330);
#48350=EDGE_CURVE('',#22260,#48340,#48320,.T.);
#48360=ORIENTED_EDGE('',*,*,#48350,.F.);
#48370=CARTESIAN_POINT('',(-3.5829003587298210E+01,
   2.5508852824316115E+01,5.0000000000000000E+00));
#48380=DIRECTION('',(0.0000000000000000E+00,1.0000000000000000E+00,
   0.0000000000000000E+00));
#48390=DIRECTION('',(1.0000000000000000E+00,0.0000000000000000E+00,
   0.0000000000000000E+00));
#48400=AXIS2_PLACEMENT_3D('',#48370,#48380,#48390);
#48410=CIRCLE('',#48400,1.9150000000000134E+00);
#48420=CARTESIAN_POINT('',(-3.7744003587298224E+01,
   2.5508852824316115E+01,5.0000000000000036E+00));
#48430=VERTEX_POINT('',#48420);
#48440=EDGE_CURVE('',#48430,#48340,#48410,.T.);
#48450=ORIENTED_EDGE('',*,*,#48440,.T.);
#48460=CARTESIAN_POINT('',(-3.7744003587298224E+01,
   2.4373852824316117E+01,5.0000000000000036E+00));
#48470=DIRECTION('',(0.0000000000000000E+00,1.0000000000000000E+00,
   0.0000000000000000E+00));
#48480=VECTOR('',#48470,1.0000000000000000E+00);
#48490=LINE('',#48460,#48480);
#48500=EDGE_CURVE('',#22280,#48430,#48490,.T.);
#48510=ORIENTED_EDGE('',*,*,#48500,.T.);
#48520=ORIENTED_EDGE('',*,*,#22310,.F.);
#48530=EDGE_LOOP('',(#48520,#48510,#48450,#48360));
#48540=FACE_OUTER_BOUND('',#48530,.T.);
#48550=ADVANCED_FACE('',(#48540),#48280,.F.);
#48560=COLOUR_RGB('',5.0196081399917603E-01,1.0000000000000000E+00,
   5.0196081399917603E-01);
#48570=FILL_AREA_STYLE_COLOUR('',#48560);
#48580=FILL_AREA_STYLE('',(#48570));
#48590=SURFACE_STYLE_FILL_AREA(#48580);
#48600=SURFACE_SIDE_STYLE('',(#48590));
#48610=SURFACE_STYLE_USAGE(.BOTH.,#48600);
#48620=PRESENTATION_STYLE_ASSIGNMENT((#48610));
#48630=CARTESIAN_POINT('',(-3.8194003587298212E+01,
   1.9228852824316121E+01,2.5000000000000000E+01));
#48640=DIRECTION('',(-0.0000000000000000E+00,1.0000000000000000E+00,
   0.0000000000000000E+00));
#48650=DIRECTION('',(1.0000000000000000E+00,0.0000000000000000E+00,
   0.0000000000000000E+00));
#48660=AXIS2_PLACEMENT_3D('',#48630,#48640,#48650);
#48670=PLANE('',#48660);
#48680=CARTESIAN_POINT('',(0.0000000000000000E+00,1.9228852824316121E+01
   ,2.3625000000000000E+01));
#48690=DIRECTION('',(-1.0000000000000000E+00,0.0000000000000000E+00,
   0.0000000000000000E+00));
#48700=VECTOR('',#48690,1.0000000000000000E+00);
#48710=LINE('',#48680,#48700);
#48720=CARTESIAN_POINT('',(-3.8194003587298212E+01,
   1.9228852824316121E+01,2.3625000000000000E+01));
#48730=VERTEX_POINT('',#48720);
#48740=CARTESIAN_POINT('',(-3.8579003587298210E+01,
   1.9228852824316121E+01,2.3625000000000004E+01));
#48750=VERTEX_POINT('',#48740);
#48760=EDGE_CURVE('',#48730,#48750,#48710,.T.);
#48770=ORIENTED_EDGE('',*,*,#48760,.F.);
#48780=CARTESIAN_POINT('',(-3.8579003587298203E+01,
   1.9228852824316114E+01,2.5000000000000000E+01));
#48790=DIRECTION('',(0.0000000000000000E+00,0.0000000000000000E+00,
   -1.0000000000000000E+00));
#48800=VECTOR('',#48790,1.0000000000000000E+00);
#48810=LINE('',#48780,#48800);
#48820=CARTESIAN_POINT('',(-3.8579003587298203E+01,
   1.9228852824316114E+01,2.6375000000000000E+01));
#48830=VERTEX_POINT('',#48820);
#48840=EDGE_CURVE('',#48830,#48750,#48810,.T.);
#48850=ORIENTED_EDGE('',*,*,#48840,.T.);
#48860=CARTESIAN_POINT('',(0.0000000000000000E+00,1.9228852824316121E+01
   ,2.6375000000000000E+01));
#48870=DIRECTION('',(1.0000000000000000E+00,0.0000000000000000E+00,
   0.0000000000000000E+00));
#48880=VECTOR('',#48870,1.0000000000000000E+00);
#48890=LINE('',#48860,#48880);
#48900=CARTESIAN_POINT('',(-3.8194003587298212E+01,
   1.9228852824316121E+01,2.6375000000000000E+01));
#48910=VERTEX_POINT('',#48900);
#48920=EDGE_CURVE('',#48830,#48910,#48890,.T.);
#48930=ORIENTED_EDGE('',*,*,#48920,.F.);
#48940=CARTESIAN_POINT('',(-3.8194003587298226E+01,
   1.9228852824316121E+01,2.5000000000000000E+01));
#48950=DIRECTION('',(0.0000000000000000E+00,0.0000000000000000E+00,
   -1.0000000000000000E+00));
#48960=VECTOR('',#48950,1.0000000000000000E+00);
#48970=LINE('',#48940,#48960);
#48980=EDGE_CURVE('',#48910,#48730,#48970,.T.);
#48990=ORIENTED_EDGE('',*,*,#48980,.F.);
#49000=EDGE_LOOP('',(#48990,#48930,#48850,#48770));
#49010=FACE_OUTER_BOUND('',#49000,.T.);
#49020=ADVANCED_FACE('',(#49010),#48670,.F.);
#49030=COLOUR_RGB('',5.0196081399917603E-01,1.0000000000000000E+00,
   5.0196081399917603E-01);
#49040=FILL_AREA_STYLE_COLOUR('',#49030);
#49050=FILL_AREA_STYLE('',(#49040));
#49060=SURFACE_STYLE_FILL_AREA(#49050);
#49070=SURFACE_SIDE_STYLE('',(#49060));
#49080=SURFACE_STYLE_USAGE(.BOTH.,#49070);
#49090=PRESENTATION_STYLE_ASSIGNMENT((#49080));
#49100=CARTESIAN_POINT('',(-3.6076490960713485E+01,
   2.4538852824316109E+01,1.0247487373415286E+01));
#49110=DIRECTION('',(7.0710678118654746E-01,0.0000000000000000E+00,
   -7.0710678118654757E-01));
#49120=DIRECTION('',(0.0000000000000000E+00,-1.0000000000000000E+00,
   0.0000000000000000E+00));
#49130=AXIS2_PLACEMENT_3D('',#49100,#49110,#49120);
#49140=PLANE('',#49130);
#49150=CARTESIAN_POINT('',(-8.8925674828030196E+01,
   2.4538852824316116E+01,-4.2601696493901414E+01));
#49160=DIRECTION('',(-7.0710678118654757E-01,0.0000000000000000E+00,
   -7.0710678118654746E-01));
#49170=VECTOR('',#49160,1.0000000000000000E+00);
#49180=LINE('',#49150,#49170);
#49190=CARTESIAN_POINT('',(-3.6483998472459014E+01,
   2.4538852824316116E+01,9.8399798616697556E+00));
#49200=VERTEX_POINT('',#49190);
#49210=CARTESIAN_POINT('',(-3.7397002225337957E+01,
   2.4538852824316116E+01,8.9269761087909227E+00));
#49220=VERTEX_POINT('',#49210);
#49230=EDGE_CURVE('',#49200,#49220,#49180,.T.);
#49240=ORIENTED_EDGE('',*,*,#49230,.F.);
#49250=CARTESIAN_POINT('',(-3.7397002225337914E+01,
   2.3082795793605840E+01,8.9269761087908588E+00));
#49260=DIRECTION('',(0.0000000000000000E+00,1.0000000000000000E+00,
   0.0000000000000000E+00));
#49270=VECTOR('',#49260,1.0000000000000000E+00);
#49280=LINE('',#49250,#49270);
#49290=CARTESIAN_POINT('',(-3.7397002225337914E+01,
   2.3538852824316109E+01,8.9269761087908588E+00));
#49300=VERTEX_POINT('',#49290);
#49310=EDGE_CURVE('',#49300,#49220,#49280,.T.);
#49320=ORIENTED_EDGE('',*,*,#49310,.T.);
#49330=CARTESIAN_POINT('',(-8.8925674828030196E+01,
   2.3538852824316109E+01,-4.2601696493901414E+01));
#49340=DIRECTION('',(-7.0710678118654757E-01,0.0000000000000000E+00,
   -7.0710678118654746E-01));
#49350=VECTOR('',#49340,1.0000000000000000E+00);
#49360=LINE('',#49330,#49350);
#49370=CARTESIAN_POINT('',(-3.6483998472459021E+01,
   2.3538852824316109E+01,9.8399798616697680E+00));
#49380=VERTEX_POINT('',#49370);
#49390=EDGE_CURVE('',#49380,#49300,#49360,.T.);
#49400=ORIENTED_EDGE('',*,*,#49390,.T.);
#49410=CARTESIAN_POINT('',(-3.6483998472459014E+01,
   3.5508852824316115E+01,9.8399798616697556E+00));
#49420=DIRECTION('',(0.0000000000000000E+00,-1.0000000000000000E+00,
   0.0000000000000000E+00));
#49430=VECTOR('',#49420,1.0000000000000000E+00);
#49440=LINE('',#49410,#49430);
#49450=EDGE_CURVE('',#49200,#49380,#49440,.T.);
#49460=ORIENTED_EDGE('',*,*,#49450,.T.);
#49470=EDGE_LOOP('',(#49460,#49400,#49320,#49240));
#49480=FACE_OUTER_BOUND('',#49470,.T.);
#49490=ADVANCED_FACE('',(#49480),#49140,.T.);
#49500=COLOUR_RGB('',9.4901967048645020E-01,9.4901967048645020E-01,
   1.0000000000000000E+00);
#49510=FILL_AREA_STYLE_COLOUR('',#49500);
#49520=FILL_AREA_STYLE('',(#49510));
#49530=SURFACE_STYLE_FILL_AREA(#49520);
#49540=SURFACE_SIDE_STYLE('',(#49530));
#49550=SURFACE_STYLE_USAGE(.BOTH.,#49540);
#49560=PRESENTATION_STYLE_ASSIGNMENT((#49550));
#49570=EDGE_CURVE('',#8740,#33900,#33970,.T.);
#49580=ORIENTED_EDGE('',*,*,#49570,.T.);
#49590=ORIENTED_EDGE('',*,*,#8750,.T.);
#49600=ORIENTED_EDGE('',*,*,#14300,.T.);
#49610=CARTESIAN_POINT('',(-3.5854003587298216E+01,
   2.4538852824316116E+01,5.0000000000000036E+00));
#49620=DIRECTION('',(0.0000000000000000E+00,-1.0000000000000000E+00,
   0.0000000000000000E+00));
#49630=DIRECTION('',(1.0000000000000000E+00,0.0000000000000000E+00,
   0.0000000000000000E+00));
#49640=AXIS2_PLACEMENT_3D('',#49610,#49620,#49630);
#49650=CIRCLE('',#49640,6.5000000000000002E-01);
#49660=EDGE_CURVE('',#48030,#14290,#49650,.T.);
#49670=ORIENTED_EDGE('',*,*,#49660,.T.);
#49680=EDGE_CURVE('',#33990,#48030,#48010,.T.);
#49690=ORIENTED_EDGE('',*,*,#49680,.T.);
#49700=ORIENTED_EDGE('',*,*,#34000,.T.);
#49710=EDGE_LOOP('',(#49700,#49690,#49670,#49600,#49590,#49580));
#49720=FACE_OUTER_BOUND('',#49710,.T.);
#49730=ADVANCED_FACE('',(#49720),#47790,.T.);
#49740=COLOUR_RGB('',9.4901967048645020E-01,9.4901967048645020E-01,
   1.0000000000000000E+00);
#49750=FILL_AREA_STYLE_COLOUR('',#49740);
#49760=FILL_AREA_STYLE('',(#49750));
#49770=SURFACE_STYLE_FILL_AREA(#49760);
#49780=SURFACE_SIDE_STYLE('',(#49770));
#49790=SURFACE_STYLE_USAGE(.BOTH.,#49780);
#49800=PRESENTATION_STYLE_ASSIGNMENT((#49790));
#49810=ORIENTED_EDGE('',*,*,#14400,.T.);
#49820=ORIENTED_EDGE('',*,*,#48040,.T.);
#49830=ORIENTED_EDGE('',*,*,#49660,.F.);
#49840=EDGE_LOOP('',(#49830,#49820,#49810));
#49850=FACE_OUTER_BOUND('',#49840,.T.);
#49860=ADVANCED_FACE('',(#49850),#47790,.T.);
#49870=COLOUR_RGB('',9.4901967048645020E-01,9.4901967048645020E-01,
   1.0000000000000000E+00);
#49880=FILL_AREA_STYLE_COLOUR('',#49870);
#49890=FILL_AREA_STYLE('',(#49880));
#49900=SURFACE_STYLE_FILL_AREA(#49890);
#49910=SURFACE_SIDE_STYLE('',(#49900));
#49920=SURFACE_STYLE_USAGE(.BOTH.,#49910);
#49930=PRESENTATION_STYLE_ASSIGNMENT((#49920));
#49940=CARTESIAN_POINT('',(-3.5829003587298203E+01,
   2.3082795793605840E+01,1.0000000000000004E+01));
#49950=DIRECTION('',(0.0000000000000000E+00,1.0000000000000000E+00,
   0.0000000000000000E+00));
#49960=DIRECTION('',(-1.0000000000000000E+00,0.0000000000000000E+00,
   0.0000000000000000E+00));
#49970=AXIS2_PLACEMENT_3D('',#49940,#49950,#49960);
#49980=CYLINDRICAL_SURFACE('',#49970,1.8999999999999999E+00);
#49990=CARTESIAN_POINT('',(-3.7729003587298202E+01,
   2.3082795793605840E+01,1.0000000000000004E+01));
#50000=DIRECTION('',(0.0000000000000000E+00,1.0000000000000000E+00,
   0.0000000000000000E+00));
#50010=VECTOR('',#50000,1.0000000000000000E+00);
#50020=LINE('',#49990,#50010);
#50030=CARTESIAN_POINT('',(-3.7729003587298202E+01,
   2.4538852824316116E+01,1.0000000000000004E+01));
#50040=VERTEX_POINT('',#50030);
#50050=EDGE_CURVE('',#44890,#50040,#50020,.T.);
#50060=ORIENTED_EDGE('',*,*,#50050,.F.);
#50070=CARTESIAN_POINT('',(-3.5829003587298203E+01,
   2.4538852824316116E+01,1.0000000000000004E+01));
#50080=DIRECTION('',(0.0000000000000000E+00,1.0000000000000000E+00,
   0.0000000000000000E+00));
#50090=DIRECTION('',(-1.0000000000000000E+00,0.0000000000000000E+00,
   0.0000000000000000E+00));
#50100=AXIS2_PLACEMENT_3D('',#50070,#50080,#50090);
#50110=CIRCLE('',#50100,1.8999999999999999E+00);
#50120=CARTESIAN_POINT('',(-3.4755979696089121E+01,
   2.4538852824316116E+01,1.1567998638039757E+01));
#50130=VERTEX_POINT('',#50120);
#50140=EDGE_CURVE('',#50040,#50130,#50110,.T.);
#50150=ORIENTED_EDGE('',*,*,#50140,.F.);
#50160=CARTESIAN_POINT('',(-3.4755979696089057E+01,
   2.3082795793605840E+01,1.1567998638039713E+01));
#50170=DIRECTION('',(0.0000000000000000E+00,1.0000000000000000E+00,
   0.0000000000000000E+00));
#50180=VECTOR('',#50170,1.0000000000000000E+00);
#50190=LINE('',#50160,#50180);
#50200=EDGE_CURVE('',#40250,#50130,#50190,.T.);
#50210=ORIENTED_EDGE('',*,*,#50200,.T.);
#50220=ORIENTED_EDGE('',*,*,#40260,.F.);
#50230=CARTESIAN_POINT('',(-3.4261004949258471E+01,
   2.3082795793605840E+01,1.1073023891209111E+01));
#50240=DIRECTION('',(0.0000000000000000E+00,1.0000000000000000E+00,
   0.0000000000000000E+00));
#50250=VECTOR('',#50240,1.0000000000000000E+00);
#50260=LINE('',#50230,#50250);
#50270=EDGE_CURVE('',#40140,#1650,#50260,.T.);
#50280=ORIENTED_EDGE('',*,*,#50270,.F.);
#50290=ORIENTED_EDGE('',*,*,#1660,.F.);
#50300=CARTESIAN_POINT('',(-3.3929003587298205E+01,
   2.3082795793605840E+01,1.0000000000000004E+01));
#50310=DIRECTION('',(0.0000000000000000E+00,1.0000000000000000E+00,
   0.0000000000000000E+00));
#50320=VECTOR('',#50310,1.0000000000000000E+00);
#50330=LINE('',#50300,#50320);
#50340=EDGE_CURVE('',#44870,#1610,#50330,.T.);
#50350=ORIENTED_EDGE('',*,*,#50340,.T.);
#50360=ORIENTED_EDGE('',*,*,#44920,.T.);
#50370=EDGE_LOOP('',(#50360,#50350,#50290,#50280,#50220,#50210,#50150,
   #50060));
#50380=FACE_OUTER_BOUND('',#50370,.T.);
#50390=ADVANCED_FACE('',(#50380),#49980,.T.);
#50400=COLOUR_RGB('',9.4901967048645020E-01,9.4901967048645020E-01,
   1.0000000000000000E+00);
#50410=FILL_AREA_STYLE_COLOUR('',#50400);
#50420=FILL_AREA_STYLE('',(#50410));
#50430=SURFACE_STYLE_FILL_AREA(#50420);
#50440=SURFACE_SIDE_STYLE('',(#50430));
#50450=SURFACE_STYLE_USAGE(.BOTH.,#50440);
#50460=PRESENTATION_STYLE_ASSIGNMENT((#50450));
#50470=ORIENTED_EDGE('',*,*,#49680,.F.);
#50480=ORIENTED_EDGE('',*,*,#48120,.F.);
#50490=EDGE_CURVE('',#34070,#47300,#47360,.T.);
#50500=ORIENTED_EDGE('',*,*,#50490,.T.);
#50510=ORIENTED_EDGE('',*,*,#34080,.F.);
#50520=EDGE_LOOP('',(#50510,#50500,#50480,#50470));
#50530=FACE_OUTER_BOUND('',#50520,.T.);
#50540=ADVANCED_FACE('',(#50530),#47970,.T.);
#50550=COLOUR_RGB('',9.4901967048645020E-01,9.4901967048645020E-01,
   1.0000000000000000E+00);
#50560=FILL_AREA_STYLE_COLOUR('',#50550);
#50570=FILL_AREA_STYLE('',(#50560));
#50580=SURFACE_STYLE_FILL_AREA(#50570);
#50590=SURFACE_SIDE_STYLE('',(#50580));
#50600=SURFACE_STYLE_USAGE(.BOTH.,#50590);
#50610=PRESENTATION_STYLE_ASSIGNMENT((#50600));
#50620=EDGE_CURVE('',#34160,#47210,#47190,.T.);
#50630=ORIENTED_EDGE('',*,*,#50620,.T.);
#50640=ORIENTED_EDGE('',*,*,#34170,.T.);
#50650=ORIENTED_EDGE('',*,*,#50490,.F.);
#50660=ORIENTED_EDGE('',*,*,#47310,.T.);
#50670=EDGE_LOOP('',(#50660,#50650,#50640,#50630));
#50680=FACE_OUTER_BOUND('',#50670,.T.);
#50690=ADVANCED_FACE('',(#50680),#47150,.T.);
#50700=COLOUR_RGB('',9.4901967048645020E-01,9.4901967048645020E-01,
   1.0000000000000000E+00);
#50710=FILL_AREA_STYLE_COLOUR('',#50700);
#50720=FILL_AREA_STYLE('',(#50710));
#50730=SURFACE_STYLE_FILL_AREA(#50720);
#50740=SURFACE_SIDE_STYLE('',(#50730));
#50750=SURFACE_STYLE_USAGE(.BOTH.,#50740);
#50760=PRESENTATION_STYLE_ASSIGNMENT((#50750));
#50770=ORIENTED_EDGE('',*,*,#26910,.F.);
#50780=ORIENTED_EDGE('',*,*,#34230,.T.);
#50790=ORIENTED_EDGE('',*,*,#50620,.F.);
#50800=ORIENTED_EDGE('',*,*,#47610,.T.);
#50810=EDGE_LOOP('',(#50800,#50790,#50780,#50770));
#50820=FACE_OUTER_BOUND('',#50810,.T.);
#50830=ADVANCED_FACE('',(#50820),#47540,.T.);
#50840=COLOUR_RGB('',9.4901967048645020E-01,9.4901967048645020E-01,
   1.0000000000000000E+00);
#50850=FILL_AREA_STYLE_COLOUR('',#50840);
#50860=FILL_AREA_STYLE('',(#50850));
#50870=SURFACE_STYLE_FILL_AREA(#50860);
#50880=SURFACE_SIDE_STYLE('',(#50870));
#50890=SURFACE_STYLE_USAGE(.BOTH.,#50880);
#50900=PRESENTATION_STYLE_ASSIGNMENT((#50890));
#50910=CARTESIAN_POINT('',(-3.5854003587298216E+01,
   2.4538852824316116E+01,1.0000000000000004E+01));
#50920=DIRECTION('',(0.0000000000000000E+00,-1.0000000000000000E+00,
   0.0000000000000000E+00));
#50930=DIRECTION('',(1.0000000000000000E+00,0.0000000000000000E+00,
   0.0000000000000000E+00));
#50940=AXIS2_PLACEMENT_3D('',#50910,#50920,#50930);
#50950=CIRCLE('',#50940,6.5000000000000002E-01);
#50960=CARTESIAN_POINT('',(-3.5693983448967970E+01,
   2.4538852824316116E+01,1.0629994885160803E+01));
#50970=VERTEX_POINT('',#50960);
#50980=CARTESIAN_POINT('',(-3.6504003587298214E+01,
   2.4538852824316116E+01,1.0000000000000004E+01));
#50990=VERTEX_POINT('',#50980);
#51000=EDGE_CURVE('',#50970,#50990,#50950,.T.);
#51010=ORIENTED_EDGE('',*,*,#51000,.T.);
#51020=CARTESIAN_POINT('',(-8.8925674828030196E+01,
   2.4538852824316116E+01,-4.2601696493901414E+01));
#51030=DIRECTION('',(-7.0710678118654757E-01,0.0000000000000000E+00,
   -7.0710678118654746E-01));
#51040=VECTOR('',#51030,1.0000000000000000E+00);
#51050=LINE('',#51020,#51040);
#51060=EDGE_CURVE('',#50130,#50970,#51050,.T.);
#51070=ORIENTED_EDGE('',*,*,#51060,.T.);
#51080=ORIENTED_EDGE('',*,*,#50140,.T.);
#51090=EDGE_CURVE('',#49220,#50040,#50110,.T.);
#51100=ORIENTED_EDGE('',*,*,#51090,.T.);
#51110=ORIENTED_EDGE('',*,*,#49230,.T.);
#51120=CARTESIAN_POINT('',(-3.5854003587298216E+01,
   2.4538852824316116E+01,1.0000000000000004E+01));
#51130=DIRECTION('',(0.0000000000000000E+00,-1.0000000000000000E+00,
   0.0000000000000000E+00));
#51140=DIRECTION('',(1.0000000000000000E+00,0.0000000000000000E+00,
   0.0000000000000000E+00));
#51150=AXIS2_PLACEMENT_3D('',#51120,#51130,#51140);
#51160=CIRCLE('',#51150,6.5000000000000002E-01);
#51170=EDGE_CURVE('',#50990,#49200,#51160,.T.);
#51180=ORIENTED_EDGE('',*,*,#51170,.T.);
#51190=EDGE_LOOP('',(#51180,#51110,#51100,#51080,#51070,#51010));
#51200=FACE_OUTER_BOUND('',#51190,.T.);
#51210=ADVANCED_FACE('',(#51200),#43530,.T.);
#51220=COLOUR_RGB('',9.4901967048645020E-01,9.4901967048645020E-01,
   1.0000000000000000E+00);
#51230=FILL_AREA_STYLE_COLOUR('',#51220);
#51240=FILL_AREA_STYLE('',(#51230));
#51250=SURFACE_STYLE_FILL_AREA(#51240);
#51260=SURFACE_SIDE_STYLE('',(#51250));
#51270=SURFACE_STYLE_USAGE(.BOTH.,#51260);
#51280=PRESENTATION_STYLE_ASSIGNMENT((#51270));
#51290=CARTESIAN_POINT('',(-8.8925674828030196E+01,
   2.4538852824316116E+01,1.0000000000000004E+01));
#51300=DIRECTION('',(-1.0000000000000000E+00,0.0000000000000000E+00,
   0.0000000000000000E+00));
#51310=VECTOR('',#51300,1.0000000000000000E+00);
#51320=LINE('',#51290,#51310);
#51330=CARTESIAN_POINT('',(-3.6323978334128775E+01,
   2.4538852824316116E+01,1.0000000000000004E+01));
#51340=VERTEX_POINT('',#51330);
#51350=EDGE_CURVE('',#51340,#50990,#51320,.T.);
#51360=ORIENTED_EDGE('',*,*,#51350,.T.);
#51370=EDGE_CURVE('',#50970,#51340,#51050,.T.);
#51380=ORIENTED_EDGE('',*,*,#51370,.T.);
#51390=ORIENTED_EDGE('',*,*,#51000,.F.);
#51400=EDGE_LOOP('',(#51390,#51380,#51360));
#51410=FACE_OUTER_BOUND('',#51400,.T.);
#51420=ADVANCED_FACE('',(#51410),#1350,.T.);
#51430=COLOUR_RGB('',9.4901967048645020E-01,9.4901967048645020E-01,
   1.0000000000000000E+00);
#51440=FILL_AREA_STYLE_COLOUR('',#51430);
#51450=FILL_AREA_STYLE('',(#51440));
#51460=SURFACE_STYLE_FILL_AREA(#51450);
#51470=SURFACE_SIDE_STYLE('',(#51460));
#51480=SURFACE_STYLE_USAGE(.BOTH.,#51470);
#51490=PRESENTATION_STYLE_ASSIGNMENT((#51480));
#51500=CARTESIAN_POINT('',(-3.5581516213882892E+01,
   2.3538852824316109E+01,9.7525126265846858E+00));
#51510=DIRECTION('',(-7.0710678118654746E-01,0.0000000000000000E+00,
   7.0710678118654757E-01));
#51520=DIRECTION('',(0.0000000000000000E+00,1.0000000000000000E+00,
   0.0000000000000000E+00));
#51530=AXIS2_PLACEMENT_3D('',#51500,#51510,#51520);
#51540=PLANE('',#51530);
#51550=ORIENTED_EDGE('',*,*,#1740,.F.);
#51560=ORIENTED_EDGE('',*,*,#50270,.T.);
#51570=ORIENTED_EDGE('',*,*,#40170,.F.);
#51580=CARTESIAN_POINT('',(-3.5214995679261612E+01,
   3.5508852824316115E+01,1.0119033161205966E+01));
#51590=DIRECTION('',(0.0000000000000000E+00,-1.0000000000000000E+00,
   0.0000000000000000E+00));
#51600=VECTOR('',#51590,1.0000000000000000E+00);
#51610=LINE('',#51580,#51600);
#51620=EDGE_CURVE('',#1730,#40160,#51610,.T.);
#51630=ORIENTED_EDGE('',*,*,#51620,.T.);
#51640=EDGE_LOOP('',(#51630,#51570,#51560,#51550));
#51650=FACE_OUTER_BOUND('',#51640,.T.);
#51660=ADVANCED_FACE('',(#51650),#51540,.T.);
#51670=COLOUR_RGB('',9.4901967048645020E-01,9.4901967048645020E-01,
   1.0000000000000000E+00);
#51680=FILL_AREA_STYLE_COLOUR('',#51670);
#51690=FILL_AREA_STYLE('',(#51680));
#51700=SURFACE_STYLE_FILL_AREA(#51690);
#51710=SURFACE_SIDE_STYLE('',(#51700));
#51720=SURFACE_STYLE_USAGE(.BOTH.,#51710);
#51730=PRESENTATION_STYLE_ASSIGNMENT((#51720));
#51740=CARTESIAN_POINT('',(-3.5581516213882892E+01,
   2.3538852824316109E+01,9.7525126265846858E+00));
#51750=DIRECTION('',(0.0000000000000000E+00,1.0000000000000000E+00,
   0.0000000000000000E+00));
#51760=DIRECTION('',(7.0710678118654746E-01,0.0000000000000000E+00,
   -7.0710678118654757E-01));
#51770=AXIS2_PLACEMENT_3D('',#51740,#51750,#51760);
#51780=PLANE('',#51770);
#51790=CARTESIAN_POINT('',(-8.8925674828030196E+01,
   2.3538852824316109E+01,-4.3591645987562615E+01));
#51800=DIRECTION('',(-7.0710678118654757E-01,0.0000000000000000E+00,
   -7.0710678118654746E-01));
#51810=VECTOR('',#51800,1.0000000000000000E+00);
#51820=LINE('',#51790,#51810);
#51830=CARTESIAN_POINT('',(-3.5334028840467575E+01,
   2.3538852824316109E+01,1.0000000000000004E+01));
#51840=VERTEX_POINT('',#51830);
#51850=CARTESIAN_POINT('',(-3.5973036748504086E+01,
   2.3538852824316109E+01,9.3609920919633822E+00));
#51860=VERTEX_POINT('',#51850);
#51870=EDGE_CURVE('',#51840,#51860,#51820,.T.);
#51880=ORIENTED_EDGE('',*,*,#51870,.T.);
#51890=CARTESIAN_POINT('',(-8.8925674828030196E+01,
   2.3538852824316109E+01,1.0000000000000004E+01));
#51900=DIRECTION('',(-1.0000000000000000E+00,0.0000000000000000E+00,
   0.0000000000000000E+00));
#51910=VECTOR('',#51900,1.0000000000000000E+00);
#51920=LINE('',#51890,#51910);
#51930=CARTESIAN_POINT('',(-3.6323978334128768E+01,
   2.3538852824316109E+01,1.0000000000000004E+01));
#51940=VERTEX_POINT('',#51930);
#51950=EDGE_CURVE('',#51840,#51940,#51920,.T.);
#51960=ORIENTED_EDGE('',*,*,#51950,.F.);
#51970=EDGE_CURVE('',#51940,#49380,#49360,.T.);
#51980=ORIENTED_EDGE('',*,*,#51970,.F.);
#51990=CARTESIAN_POINT('',(-3.5854003587298216E+01,
   2.3538852824316109E+01,1.0000000000000004E+01));
#52000=DIRECTION('',(0.0000000000000000E+00,-1.0000000000000000E+00,
   0.0000000000000000E+00));
#52010=DIRECTION('',(1.0000000000000000E+00,0.0000000000000000E+00,
   0.0000000000000000E+00));
#52020=AXIS2_PLACEMENT_3D('',#51990,#52000,#52010);
#52030=CIRCLE('',#52020,6.5000000000000002E-01);
#52040=EDGE_CURVE('',#49380,#51860,#52030,.T.);
#52050=ORIENTED_EDGE('',*,*,#52040,.F.);
#52060=EDGE_LOOP('',(#52050,#51980,#51960,#51880));
#52070=FACE_OUTER_BOUND('',#52060,.T.);
#52080=ADVANCED_FACE('',(#52070),#51780,.T.);
#52090=COLOUR_RGB('',9.4901967048645020E-01,9.4901967048645020E-01,
   1.0000000000000000E+00);
#52100=FILL_AREA_STYLE_COLOUR('',#52090);
#52110=FILL_AREA_STYLE('',(#52100));
#52120=SURFACE_STYLE_FILL_AREA(#52110);
#52130=SURFACE_SIDE_STYLE('',(#52120));
#52140=SURFACE_STYLE_USAGE(.BOTH.,#52130);
#52150=PRESENTATION_STYLE_ASSIGNMENT((#52140));
#52160=CARTESIAN_POINT('',(-3.9359231886085752E+01,
   2.0208852824316118E+01,1.0000000000000004E+01));
#52170=DIRECTION('',(0.0000000000000000E+00,0.0000000000000000E+00,
   1.0000000000000000E+00));
#52180=DIRECTION('',(1.0000000000000000E+00,0.0000000000000000E+00,
   0.0000000000000000E+00));
#52190=AXIS2_PLACEMENT_3D('',#52160,#52170,#52180);
#52200=CYLINDRICAL_SURFACE('',#52190,4.9999999999999878E-01);
#52210=CARTESIAN_POINT('',(-3.9359231886085752E+01,
   2.0208852824316125E+01,1.1669425773127374E+01));
#52220=DIRECTION('',(3.5305725243424335E-01,0.0000000000000000E+00,
   9.3560171895074196E-01));
#52230=DIRECTION('',(9.3560171895074185E-01,0.0000000000000000E+00,
   -3.5305725243424330E-01));
#52240=AXIS2_PLACEMENT_3D('',#52210,#52220,#52230);
#52250=ELLIPSE('',#52240,5.3441543540635905E-01,4.9999999999999867E-01);
#52260=CARTESIAN_POINT('',(-3.8876268972941219E+01,
   2.0338262346867381E+01,1.1487175617223777E+01));
#52270=VERTEX_POINT('',#52260);
#52280=CARTESIAN_POINT('',(-3.9359231886085752E+01,
   2.0708852824316118E+01,1.1669425773127374E+01));
#52290=VERTEX_POINT('',#52280);
#52300=EDGE_CURVE('',#52270,#52290,#52250,.T.);
#52310=ORIENTED_EDGE('',*,*,#52300,.T.);
#52320=CARTESIAN_POINT('',(-3.8876268972941219E+01,
   2.0338262346867381E+01,1.0000000000000004E+01));
#52330=DIRECTION('',(0.0000000000000000E+00,0.0000000000000000E+00,
   1.0000000000000000E+00));
#52340=VECTOR('',#52330,1.0000000000000000E+00);
#52350=LINE('',#52320,#52340);
#52360=CARTESIAN_POINT('',(-3.8876268972941219E+01,
   2.0338262346867381E+01,8.5128243827762304E+00));
#52370=VERTEX_POINT('',#52360);
#52380=EDGE_CURVE('',#52370,#52270,#52350,.T.);
#52390=ORIENTED_EDGE('',*,*,#52380,.T.);
#52400=CARTESIAN_POINT('',(-3.9359231886085752E+01,
   2.0208852824316125E+01,8.3305742268726330E+00));
#52410=DIRECTION('',(3.5305725243424335E-01,0.0000000000000000E+00,
   -9.3560171895074196E-01));
#52420=DIRECTION('',(-9.3560171895074185E-01,0.0000000000000000E+00,
   -3.5305725243424330E-01));
#52430=AXIS2_PLACEMENT_3D('',#52400,#52410,#52420);
#52440=ELLIPSE('',#52430,5.3441543540635905E-01,4.9999999999999867E-01);
#52450=CARTESIAN_POINT('',(-3.9359231886085752E+01,
   2.0708852824316118E+01,8.3305742268726330E+00));
#52460=VERTEX_POINT('',#52450);
#52470=EDGE_CURVE('',#52460,#52370,#52440,.T.);
#52480=ORIENTED_EDGE('',*,*,#52470,.T.);
#52490=CARTESIAN_POINT('',(-3.9359231886085752E+01,
   2.0708852824316118E+01,1.0000000000000004E+01));
#52500=DIRECTION('',(0.0000000000000000E+00,0.0000000000000000E+00,
   -1.0000000000000000E+00));
#52510=VECTOR('',#52500,1.0000000000000000E+00);
#52520=LINE('',#52490,#52510);
#52530=EDGE_CURVE('',#52290,#52460,#52520,.T.);
#52540=ORIENTED_EDGE('',*,*,#52530,.T.);
#52550=EDGE_LOOP('',(#52540,#52480,#52390,#52310));
#52560=FACE_OUTER_BOUND('',#52550,.T.);
#52570=ADVANCED_FACE('',(#52560),#52200,.F.);
#52580=COLOUR_RGB('',5.0196081399917603E-01,1.0000000000000000E+00,
   5.0196081399917603E-01);
#52590=FILL_AREA_STYLE_COLOUR('',#52580);
#52600=FILL_AREA_STYLE('',(#52590));
#52610=SURFACE_STYLE_FILL_AREA(#52600);
#52620=SURFACE_SIDE_STYLE('',(#52610));
#52630=SURFACE_STYLE_USAGE(.BOTH.,#52620);
#52640=PRESENTATION_STYLE_ASSIGNMENT((#52630));
#52650=CARTESIAN_POINT('',(-3.5581516213882892E+01,
   2.3538852824316109E+01,9.7525126265846858E+00));
#52660=DIRECTION('',(-7.0710678118654746E-01,0.0000000000000000E+00,
   7.0710678118654757E-01));
#52670=DIRECTION('',(0.0000000000000000E+00,1.0000000000000000E+00,
   0.0000000000000000E+00));
#52680=AXIS2_PLACEMENT_3D('',#52650,#52660,#52670);
#52690=PLANE('',#52680);
#52700=ORIENTED_EDGE('',*,*,#43620,.F.);
#52710=CARTESIAN_POINT('',(-3.5334028840467575E+01,
   -2.6716239164827719E+01,1.0000000000000004E+01));
#52720=DIRECTION('',(-0.0000000000000000E+00,-1.0000000000000000E+00,
   0.0000000000000000E+00));
#52730=VECTOR('',#52720,1.0000000000000000E+00);
#52740=LINE('',#52710,#52730);
#52750=EDGE_CURVE('',#43590,#51840,#52740,.T.);
#52760=ORIENTED_EDGE('',*,*,#52750,.F.);
#52770=ORIENTED_EDGE('',*,*,#51870,.F.);
#52780=CARTESIAN_POINT('',(-3.5973036748504178E+01,
   3.5508852824316115E+01,9.3609920919634000E+00));
#52790=DIRECTION('',(0.0000000000000000E+00,-1.0000000000000000E+00,
   0.0000000000000000E+00));
#52800=VECTOR('',#52790,1.0000000000000000E+00);
#52810=LINE('',#52780,#52800);
#52820=EDGE_CURVE('',#1420,#51860,#52810,.T.);
#52830=ORIENTED_EDGE('',*,*,#52820,.T.);
#52840=EDGE_LOOP('',(#52830,#52770,#52760,#52700));
#52850=FACE_OUTER_BOUND('',#52840,.T.);
#52860=ADVANCED_FACE('',(#52850),#52690,.T.);
#52870=COLOUR_RGB('',9.4901967048645020E-01,9.4901967048645020E-01,
   1.0000000000000000E+00);
#52880=FILL_AREA_STYLE_COLOUR('',#52870);
#52890=FILL_AREA_STYLE('',(#52880));
#52900=SURFACE_STYLE_FILL_AREA(#52890);
#52910=SURFACE_SIDE_STYLE('',(#52900));
#52920=SURFACE_STYLE_USAGE(.BOTH.,#52910);
#52930=PRESENTATION_STYLE_ASSIGNMENT((#52920));
#52940=CARTESIAN_POINT('',(-3.8194003587298212E+01,
   1.9228852824316121E+01,2.5000000000000000E+01));
#52950=DIRECTION('',(1.0000000000000000E+00,0.0000000000000000E+00,
   0.0000000000000000E+00));
#52960=DIRECTION('',(0.0000000000000000E+00,-1.0000000000000000E+00,
   0.0000000000000000E+00));
#52970=AXIS2_PLACEMENT_3D('',#52940,#52950,#52960);
#52980=PLANE('',#52970);
#52990=CARTESIAN_POINT('',(-3.8194003587298212E+01,
   0.0000000000000000E+00,2.3625000000000000E+01));
#53000=DIRECTION('',(0.0000000000000000E+00,1.0000000000000000E+00,
   0.0000000000000000E+00));
#53010=VECTOR('',#53000,1.0000000000000000E+00);
#53020=LINE('',#52990,#53010);
#53030=CARTESIAN_POINT('',(-3.8194003587298212E+01,
   1.7278852824316125E+01,2.3625000000000000E+01));
#53040=VERTEX_POINT('',#53030);
#53050=EDGE_CURVE('',#53040,#48730,#53020,.T.);
#53060=ORIENTED_EDGE('',*,*,#53050,.F.);
#53070=ORIENTED_EDGE('',*,*,#48980,.T.);
#53080=CARTESIAN_POINT('',(-3.8194003587298212E+01,
   0.0000000000000000E+00,2.6375000000000000E+01));
#53090=DIRECTION('',(0.0000000000000000E+00,-1.0000000000000000E+00,
   0.0000000000000000E+00));
#53100=VECTOR('',#53090,1.0000000000000000E+00);
#53110=LINE('',#53080,#53100);
#53120=CARTESIAN_POINT('',(-3.8194003587298212E+01,
   1.7278852824316125E+01,2.6375000000000000E+01));
#53130=VERTEX_POINT('',#53120);
#53140=EDGE_CURVE('',#48910,#53130,#53110,.T.);
#53150=ORIENTED_EDGE('',*,*,#53140,.F.);
#53160=CARTESIAN_POINT('',(-3.8194003587298226E+01,
   1.7278852824316125E+01,2.5000000000000000E+01));
#53170=DIRECTION('',(0.0000000000000000E+00,0.0000000000000000E+00,
   1.0000000000000000E+00));
#53180=VECTOR('',#53170,1.0000000000000000E+00);
#53190=LINE('',#53160,#53180);
#53200=EDGE_CURVE('',#53040,#53130,#53190,.T.);
#53210=ORIENTED_EDGE('',*,*,#53200,.T.);
#53220=EDGE_LOOP('',(#53210,#53150,#53070,#53060));
#53230=FACE_OUTER_BOUND('',#53220,.T.);
#53240=ADVANCED_FACE('',(#53230),#52980,.F.);
#53250=COLOUR_RGB('',5.0196081399917603E-01,1.0000000000000000E+00,
   5.0196081399917603E-01);
#53260=FILL_AREA_STYLE_COLOUR('',#53250);
#53270=FILL_AREA_STYLE('',(#53260));
#53280=SURFACE_STYLE_FILL_AREA(#53270);
#53290=SURFACE_SIDE_STYLE('',(#53280));
#53300=SURFACE_STYLE_USAGE(.BOTH.,#53290);
#53310=PRESENTATION_STYLE_ASSIGNMENT((#53300));
#53320=ORIENTED_EDGE('',*,*,#1530,.F.);
#53330=ORIENTED_EDGE('',*,*,#52820,.F.);
#53340=CARTESIAN_POINT('',(-3.6902027478507286E+01,
   2.3538852824316109E+01,8.4320013619602499E+00));
#53350=VERTEX_POINT('',#53340);
#53360=EDGE_CURVE('',#51860,#53350,#51820,.T.);
#53370=ORIENTED_EDGE('',*,*,#53360,.F.);
#53380=CARTESIAN_POINT('',(-3.6902027478507307E+01,
   2.3082795793605840E+01,8.4320013619602658E+00));
#53390=DIRECTION('',(0.0000000000000000E+00,1.0000000000000000E+00,
   0.0000000000000000E+00));
#53400=VECTOR('',#53390,1.0000000000000000E+00);
#53410=LINE('',#53380,#53400);
#53420=EDGE_CURVE('',#53350,#1520,#53410,.T.);
#53430=ORIENTED_EDGE('',*,*,#53420,.F.);
#53440=EDGE_LOOP('',(#53430,#53370,#53330,#53320));
#53450=FACE_OUTER_BOUND('',#53440,.T.);
#53460=ADVANCED_FACE('',(#53450),#52690,.T.);
#53470=COLOUR_RGB('',9.4901967048645020E-01,9.4901967048645020E-01,
   1.0000000000000000E+00);
#53480=FILL_AREA_STYLE_COLOUR('',#53470);
#53490=FILL_AREA_STYLE('',(#53480));
#53500=SURFACE_STYLE_FILL_AREA(#53490);
#53510=SURFACE_SIDE_STYLE('',(#53500));
#53520=SURFACE_STYLE_USAGE(.BOTH.,#53510);
#53530=PRESENTATION_STYLE_ASSIGNMENT((#53520));
#53540=CARTESIAN_POINT('',(-3.5829003587298203E+01,
   2.4538852824316116E+01,1.5000000000000004E+01));
#53550=DIRECTION('',(0.0000000000000000E+00,1.0000000000000000E+00,
   0.0000000000000000E+00));
#53560=DIRECTION('',(-1.0000000000000000E+00,0.0000000000000000E+00,
   0.0000000000000000E+00));
#53570=AXIS2_PLACEMENT_3D('',#53540,#53550,#53560);
#53580=CIRCLE('',#53570,1.8999999999999999E+00);
#53590=CARTESIAN_POINT('',(-3.4261004949258471E+01,
   2.4538852824316116E+01,1.6073023891209111E+01));
#53600=VERTEX_POINT('',#53590);
#53610=CARTESIAN_POINT('',(-3.3929003587298205E+01,
   2.4538852824316116E+01,1.5000000000000004E+01));
#53620=VERTEX_POINT('',#53610);
#53630=EDGE_CURVE('',#53600,#53620,#53580,.T.);
#53640=ORIENTED_EDGE('',*,*,#53630,.T.);
#53650=CARTESIAN_POINT('',(-8.8925674828030196E+01,
   2.4538852824316116E+01,-3.8591645987562615E+01));
#53660=DIRECTION('',(7.0710678118654757E-01,0.0000000000000000E+00,
   7.0710678118654746E-01));
#53670=VECTOR('',#53660,1.0000000000000000E+00);
#53680=LINE('',#53650,#53670);
#53690=CARTESIAN_POINT('',(-3.5214995679261612E+01,
   2.4538852824316116E+01,1.5119033161205966E+01));
#53700=VERTEX_POINT('',#53690);
#53710=EDGE_CURVE('',#53700,#53600,#53680,.T.);
#53720=ORIENTED_EDGE('',*,*,#53710,.T.);
#53730=CARTESIAN_POINT('',(-3.5854003587298216E+01,
   2.4538852824316116E+01,1.5000000000000004E+01));
#53740=DIRECTION('',(0.0000000000000000E+00,-1.0000000000000000E+00,
   0.0000000000000000E+00));
#53750=DIRECTION('',(1.0000000000000000E+00,0.0000000000000000E+00,
   0.0000000000000000E+00));
#53760=AXIS2_PLACEMENT_3D('',#53730,#53740,#53750);
#53770=CIRCLE('',#53760,6.5000000000000002E-01);
#53780=EDGE_CURVE('',#4480,#53700,#53770,.T.);
#53790=ORIENTED_EDGE('',*,*,#53780,.T.);
#53800=ORIENTED_EDGE('',*,*,#4660,.T.);
#53810=CARTESIAN_POINT('',(-3.6902027478507307E+01,
   2.4538852824316116E+01,1.3432001361960266E+01));
#53820=VERTEX_POINT('',#53810);
#53830=EDGE_CURVE('',#53820,#4580,#4560,.T.);
#53840=ORIENTED_EDGE('',*,*,#53830,.T.);
#53850=EDGE_CURVE('',#53620,#53820,#53580,.T.);
#53860=ORIENTED_EDGE('',*,*,#53850,.T.);
#53870=EDGE_LOOP('',(#53860,#53840,#53800,#53790,#53720,#53640));
#53880=FACE_OUTER_BOUND('',#53870,.T.);
#53890=ADVANCED_FACE('',(#53880),#4420,.T.);
#53900=COLOUR_RGB('',9.4901967048645020E-01,9.4901967048645020E-01,
   1.0000000000000000E+00);
#53910=FILL_AREA_STYLE_COLOUR('',#53900);
#53920=FILL_AREA_STYLE('',(#53910));
#53930=SURFACE_STYLE_FILL_AREA(#53920);
#53940=SURFACE_SIDE_STYLE('',(#53930));
#53950=SURFACE_STYLE_USAGE(.BOTH.,#53940);
#53960=PRESENTATION_STYLE_ASSIGNMENT((#53950));
#53970=CARTESIAN_POINT('',(-3.4871503587298207E+01,
   2.3238852824316119E+01,1.5000000000000004E+01));
#53980=DIRECTION('',(-0.0000000000000000E+00,-1.0000000000000000E+00,
   -0.0000000000000000E+00));
#53990=DIRECTION('',(-1.0000000000000000E+00,0.0000000000000000E+00,
   0.0000000000000000E+00));
#54000=AXIS2_PLACEMENT_3D('',#53970,#53980,#53990);
#54010=PLANE('',#54000);
#54020=CARTESIAN_POINT('',(-3.5829003587298203E+01,
   2.3238852824316119E+01,1.5000000000000004E+01));
#54030=DIRECTION('',(0.0000000000000000E+00,1.0000000000000000E+00,
   0.0000000000000000E+00));
#54040=DIRECTION('',(-1.0000000000000000E+00,0.0000000000000000E+00,
   0.0000000000000000E+00));
#54050=AXIS2_PLACEMENT_3D('',#54020,#54030,#54040);
#54060=CIRCLE('',#54050,1.8999999999999999E+00);
#54070=CARTESIAN_POINT('',(-3.3929003587298205E+01,
   2.3238852824316119E+01,1.5000000000000004E+01));
#54080=VERTEX_POINT('',#54070);
#54090=CARTESIAN_POINT('',(-3.7729003587298202E+01,
   2.3238852824316119E+01,1.5000000000000004E+01));
#54100=VERTEX_POINT('',#54090);
#54110=EDGE_CURVE('',#54080,#54100,#54060,.T.);
#54120=ORIENTED_EDGE('',*,*,#54110,.F.);
#54130=EDGE_CURVE('',#54100,#54080,#54060,.T.);
#54140=ORIENTED_EDGE('',*,*,#54130,.F.);
#54150=EDGE_LOOP('',(#54140,#54120));
#54160=FACE_BOUND('',#54150,.T.);
#54170=CARTESIAN_POINT('',(-3.5829003587298210E+01,
   2.3238852824316119E+01,1.5000000000000004E+01));
#54180=DIRECTION('',(0.0000000000000000E+00,1.0000000000000000E+00,
   0.0000000000000000E+00));
#54190=DIRECTION('',(1.0000000000000000E+00,0.0000000000000000E+00,
   0.0000000000000000E+00));
#54200=AXIS2_PLACEMENT_3D('',#54170,#54180,#54190);
#54210=CIRCLE('',#54200,1.9150000000000134E+00);
#54220=CARTESIAN_POINT('',(-3.3914003587298197E+01,
   2.3238852824316119E+01,1.5000000000000004E+01));
#54230=VERTEX_POINT('',#54220);
#54240=CARTESIAN_POINT('',(-3.7744003587298224E+01,
   2.3238852824316119E+01,1.5000000000000004E+01));
#54250=VERTEX_POINT('',#54240);
#54260=EDGE_CURVE('',#54230,#54250,#54210,.T.);
#54270=ORIENTED_EDGE('',*,*,#54260,.T.);
#54280=EDGE_CURVE('',#54250,#54230,#54210,.T.);
#54290=ORIENTED_EDGE('',*,*,#54280,.T.);
#54300=EDGE_LOOP('',(#54290,#54270));
#54310=FACE_OUTER_BOUND('',#54300,.T.);
#54320=ADVANCED_FACE('',(#54160,#54310),#54010,.F.);
#54330=COLOUR_RGB('',5.0196081399917603E-01,1.0000000000000000E+00,
   5.0196081399917603E-01);
#54340=FILL_AREA_STYLE_COLOUR('',#54330);
#54350=FILL_AREA_STYLE('',(#54340));
#54360=SURFACE_STYLE_FILL_AREA(#54350);
#54370=SURFACE_SIDE_STYLE('',(#54360));
#54380=SURFACE_STYLE_USAGE(.BOTH.,#54370);
#54390=PRESENTATION_STYLE_ASSIGNMENT((#54380));
#54400=CARTESIAN_POINT('',(-3.6497744671345409E+01,
   2.4538852824316116E+01,2.0668741084047209E+01));
#54410=DIRECTION('',(0.0000000000000000E+00,1.0000000000000000E+00,
   0.0000000000000000E+00));
#54420=DIRECTION('',(7.0710678118654746E-01,0.0000000000000000E+00,
   -7.0710678118654757E-01));
#54430=AXIS2_PLACEMENT_3D('',#54400,#54410,#54420);
#54440=PLANE('',#54430);
#54450=CARTESIAN_POINT('',(-8.8925674828030196E+01,
   2.4538852824316116E+01,2.0000000000000004E+01));
#54460=DIRECTION('',(-1.0000000000000000E+00,0.0000000000000000E+00,
   0.0000000000000000E+00));
#54470=VECTOR('',#54460,1.0000000000000000E+00);
#54480=LINE('',#54450,#54470);
#54490=CARTESIAN_POINT('',(-3.5204003587298217E+01,
   2.4538852824316116E+01,2.0000000000000004E+01));
#54500=VERTEX_POINT('',#54490);
#54510=CARTESIAN_POINT('',(-3.5334028840467575E+01,
   2.4538852824316116E+01,1.9999999999999993E+01));
#54520=VERTEX_POINT('',#54510);
#54530=EDGE_CURVE('',#54500,#54520,#54480,.T.);
#54540=ORIENTED_EDGE('',*,*,#54530,.F.);
#54550=CARTESIAN_POINT('',(-8.8925674828030196E+01,
   2.4538852824316116E+01,-3.3591645987562615E+01));
#54560=DIRECTION('',(7.0710678118654757E-01,0.0000000000000000E+00,
   7.0710678118654746E-01));
#54570=VECTOR('',#54560,1.0000000000000000E+00);
#54580=LINE('',#54550,#54570);
#54590=CARTESIAN_POINT('',(-3.5973036748504178E+01,
   2.4538852824316116E+01,1.9360992091963400E+01));
#54600=VERTEX_POINT('',#54590);
#54610=EDGE_CURVE('',#54600,#54520,#54580,.T.);
#54620=ORIENTED_EDGE('',*,*,#54610,.T.);
#54630=CARTESIAN_POINT('',(-3.5854003587298216E+01,
   2.4538852824316116E+01,2.0000000000000004E+01));
#54640=DIRECTION('',(0.0000000000000000E+00,-1.0000000000000000E+00,
   0.0000000000000000E+00));
#54650=DIRECTION('',(1.0000000000000000E+00,0.0000000000000000E+00,
   0.0000000000000000E+00));
#54660=AXIS2_PLACEMENT_3D('',#54630,#54640,#54650);
#54670=CIRCLE('',#54660,6.5000000000000002E-01);
#54680=EDGE_CURVE('',#54600,#54500,#54670,.T.);
#54690=ORIENTED_EDGE('',*,*,#54680,.F.);
#54700=EDGE_LOOP('',(#54690,#54620,#54540));
#54710=FACE_OUTER_BOUND('',#54700,.T.);
#54720=ADVANCED_FACE('',(#54710),#54440,.T.);
#54730=COLOUR_RGB('',9.4901967048645020E-01,9.4901967048645020E-01,
   1.0000000000000000E+00);
#54740=FILL_AREA_STYLE_COLOUR('',#54730);
#54750=FILL_AREA_STYLE('',(#54740));
#54760=SURFACE_STYLE_FILL_AREA(#54750);
#54770=SURFACE_SIDE_STYLE('',(#54760));
#54780=SURFACE_STYLE_USAGE(.BOTH.,#54770);
#54790=PRESENTATION_STYLE_ASSIGNMENT((#54780));
#54800=CARTESIAN_POINT('',(-3.9359231886085752E+01,
   2.0708852824316118E+01,5.0000000000000036E+00));
#54810=DIRECTION('',(-0.0000000000000000E+00,1.0000000000000000E+00,
   0.0000000000000000E+00));
#54820=DIRECTION('',(1.0000000000000000E+00,0.0000000000000000E+00,
   0.0000000000000000E+00));
#54830=AXIS2_PLACEMENT_3D('',#54800,#54810,#54820);
#54840=PLANE('',#54830);
#54850=ORIENTED_EDGE('',*,*,#42510,.T.);
#54860=CARTESIAN_POINT('',(-3.9904003587298213E+01,
   2.0708852824316118E+01,1.0000000000000004E+01));
#54870=DIRECTION('',(0.0000000000000000E+00,0.0000000000000000E+00,
   -1.0000000000000000E+00));
#54880=VECTOR('',#54870,1.0000000000000000E+00);
#54890=LINE('',#54860,#54880);
#54900=CARTESIAN_POINT('',(-3.9904003587298213E+01,
   2.0708852824316118E+01,6.8750000000000018E+00));
#54910=VERTEX_POINT('',#54900);
#54920=EDGE_CURVE('',#54910,#42480,#54890,.T.);
#54930=ORIENTED_EDGE('',*,*,#54920,.T.);
#54940=CARTESIAN_POINT('',(0.0000000000000000E+00,2.0708852824316118E+01
   ,-8.1831145612446541E+00));
#54950=DIRECTION('',(-9.3560171895074196E-01,0.0000000000000000E+00,
   3.5305725243424335E-01));
#54960=VECTOR('',#54950,1.0000000000000000E+00);
#54970=LINE('',#54940,#54960);
#54980=EDGE_CURVE('',#43280,#54910,#54970,.T.);
#54990=ORIENTED_EDGE('',*,*,#54980,.T.);
#55000=ORIENTED_EDGE('',*,*,#43370,.F.);
#55010=EDGE_LOOP('',(#55000,#54990,#54930,#54850));
#55020=FACE_OUTER_BOUND('',#55010,.T.);
#55030=ADVANCED_FACE('',(#55020),#54840,.F.);
#55040=COLOUR_RGB('',5.0196081399917603E-01,1.0000000000000000E+00,
   5.0196081399917603E-01);
#55050=FILL_AREA_STYLE_COLOUR('',#55040);
#55060=FILL_AREA_STYLE('',(#55050));
#55070=SURFACE_STYLE_FILL_AREA(#55060);
#55080=SURFACE_SIDE_STYLE('',(#55070));
#55090=SURFACE_STYLE_USAGE(.BOTH.,#55080);
#55100=PRESENTATION_STYLE_ASSIGNMENT((#55090));
#55110=ORIENTED_EDGE('',*,*,#53360,.T.);
#55120=ORIENTED_EDGE('',*,*,#52040,.T.);
#55130=ORIENTED_EDGE('',*,*,#49390,.F.);
#55140=CARTESIAN_POINT('',(-3.5829003587298203E+01,
   2.3538852824316109E+01,1.0000000000000004E+01));
#55150=DIRECTION('',(0.0000000000000000E+00,1.0000000000000000E+00,
   0.0000000000000000E+00));
#55160=DIRECTION('',(-1.0000000000000000E+00,0.0000000000000000E+00,
   0.0000000000000000E+00));
#55170=AXIS2_PLACEMENT_3D('',#55140,#55150,#55160);
#55180=CIRCLE('',#55170,1.8999999999999999E+00);
#55190=EDGE_CURVE('',#53350,#49300,#55180,.T.);
#55200=ORIENTED_EDGE('',*,*,#55190,.T.);
#55210=EDGE_LOOP('',(#55200,#55130,#55120,#55110));
#55220=FACE_OUTER_BOUND('',#55210,.T.);
#55230=ADVANCED_FACE('',(#55220),#51780,.T.);
#55240=COLOUR_RGB('',9.4901967048645020E-01,9.4901967048645020E-01,
   1.0000000000000000E+00);
#55250=FILL_AREA_STYLE_COLOUR('',#55240);
#55260=FILL_AREA_STYLE('',(#55250));
#55270=SURFACE_STYLE_FILL_AREA(#55260);
#55280=SURFACE_SIDE_STYLE('',(#55270));
#55290=SURFACE_STYLE_USAGE(.BOTH.,#55280);
#55300=PRESENTATION_STYLE_ASSIGNMENT((#55290));
#55310=CARTESIAN_POINT('',(-3.8194003587298212E+01,
   1.9228852824316121E+01,2.0000000000000000E+01));
#55320=DIRECTION('',(1.0000000000000000E+00,0.0000000000000000E+00,
   0.0000000000000000E+00));
#55330=DIRECTION('',(0.0000000000000000E+00,-1.0000000000000000E+00,
   0.0000000000000000E+00));
#55340=AXIS2_PLACEMENT_3D('',#55310,#55320,#55330);
#55350=PLANE('',#55340);
#55360=CARTESIAN_POINT('',(-3.8194003587298212E+01,
   0.0000000000000000E+00,1.8625000000000007E+01));
#55370=DIRECTION('',(0.0000000000000000E+00,1.0000000000000000E+00,
   0.0000000000000000E+00));
#55380=VECTOR('',#55370,1.0000000000000000E+00);
#55390=LINE('',#55360,#55380);
#55400=CARTESIAN_POINT('',(-3.8194003587298212E+01,
   1.7278852824316125E+01,1.8625000000000007E+01));
#55410=VERTEX_POINT('',#55400);
#55420=CARTESIAN_POINT('',(-3.8194003587298212E+01,
   1.9228852824316121E+01,1.8625000000000007E+01));
#55430=VERTEX_POINT('',#55420);
#55440=EDGE_CURVE('',#55410,#55430,#55390,.T.);
#55450=ORIENTED_EDGE('',*,*,#55440,.F.);
#55460=CARTESIAN_POINT('',(-3.8194003587298226E+01,
   1.9228852824316121E+01,2.0000000000000004E+01));
#55470=DIRECTION('',(0.0000000000000000E+00,0.0000000000000000E+00,
   -1.0000000000000000E+00));
#55480=VECTOR('',#55470,1.0000000000000000E+00);
#55490=LINE('',#55460,#55480);
#55500=CARTESIAN_POINT('',(-3.8194003587298212E+01,
   1.9228852824316121E+01,2.1375000000000000E+01));
#55510=VERTEX_POINT('',#55500);
#55520=EDGE_CURVE('',#55510,#55430,#55490,.T.);
#55530=ORIENTED_EDGE('',*,*,#55520,.T.);
#55540=CARTESIAN_POINT('',(-3.8194003587298212E+01,
   0.0000000000000000E+00,2.1375000000000000E+01));
#55550=DIRECTION('',(0.0000000000000000E+00,-1.0000000000000000E+00,
   0.0000000000000000E+00));
#55560=VECTOR('',#55550,1.0000000000000000E+00);
#55570=LINE('',#55540,#55560);
#55580=CARTESIAN_POINT('',(-3.8194003587298212E+01,
   1.7278852824316125E+01,2.1375000000000000E+01));
#55590=VERTEX_POINT('',#55580);
#55600=EDGE_CURVE('',#55510,#55590,#55570,.T.);
#55610=ORIENTED_EDGE('',*,*,#55600,.F.);
#55620=CARTESIAN_POINT('',(-3.8194003587298226E+01,
   1.7278852824316125E+01,2.0000000000000004E+01));
#55630=DIRECTION('',(0.0000000000000000E+00,0.0000000000000000E+00,
   1.0000000000000000E+00));
#55640=VECTOR('',#55630,1.0000000000000000E+00);
#55650=LINE('',#55620,#55640);
#55660=EDGE_CURVE('',#55410,#55590,#55650,.T.);
#55670=ORIENTED_EDGE('',*,*,#55660,.T.);
#55680=EDGE_LOOP('',(#55670,#55610,#55530,#55450));
#55690=FACE_OUTER_BOUND('',#55680,.T.);
#55700=ADVANCED_FACE('',(#55690),#55350,.F.);
#55710=COLOUR_RGB('',5.0196081399917603E-01,1.0000000000000000E+00,
   5.0196081399917603E-01);
#55720=FILL_AREA_STYLE_COLOUR('',#55710);
#55730=FILL_AREA_STYLE('',(#55720));
#55740=SURFACE_STYLE_FILL_AREA(#55730);
#55750=SURFACE_SIDE_STYLE('',(#55740));
#55760=SURFACE_STYLE_USAGE(.BOTH.,#55750);
#55770=PRESENTATION_STYLE_ASSIGNMENT((#55760));
#55780=CARTESIAN_POINT('',(-3.8579003587298217E+01,
   1.7278852824316125E+01,6.3750000000000018E+00));
#55790=DIRECTION('',(3.5305725243424335E-01,-0.0000000000000000E+00,
   9.3560171895074196E-01));
#55800=DIRECTION('',(9.3560171895074196E-01,0.0000000000000000E+00,
   -3.5305725243424335E-01));
#55810=AXIS2_PLACEMENT_3D('',#55780,#55790,#55800);
#55820=PLANE('',#55810);
#55830=CARTESIAN_POINT('',(-3.8579003587298217E+01,
   0.0000000000000000E+00,6.3750000000000036E+00));
#55840=DIRECTION('',(0.0000000000000000E+00,1.0000000000000000E+00,
   0.0000000000000000E+00));
#55850=VECTOR('',#55840,1.0000000000000000E+00);
#55860=LINE('',#55830,#55850);
#55870=EDGE_CURVE('',#41100,#41480,#55860,.T.);
#55880=ORIENTED_EDGE('',*,*,#55870,.F.);
#55890=ORIENTED_EDGE('',*,*,#41510,.F.);
#55900=ORIENTED_EDGE('',*,*,#43290,.F.);
#55910=ORIENTED_EDGE('',*,*,#54980,.F.);
#55920=CARTESIAN_POINT('',(-3.9904003587298213E+01,
   0.0000000000000000E+00,6.8750000000000009E+00));
#55930=DIRECTION('',(0.0000000000000000E+00,1.0000000000000000E+00,
   0.0000000000000000E+00));
#55940=VECTOR('',#55930,1.0000000000000000E+00);
#55950=LINE('',#55920,#55940);
#55960=EDGE_CURVE('',#42960,#54910,#55950,.T.);
#55970=ORIENTED_EDGE('',*,*,#55960,.T.);
#55980=ORIENTED_EDGE('',*,*,#42970,.F.);
#55990=EDGE_LOOP('',(#55980,#55970,#55910,#55900,#55890,#55880));
#56000=FACE_OUTER_BOUND('',#55990,.T.);
#56010=ADVANCED_FACE('',(#56000),#55820,.F.);
#56020=COLOUR_RGB('',5.0196081399917603E-01,1.0000000000000000E+00,
   5.0196081399917603E-01);
#56030=FILL_AREA_STYLE_COLOUR('',#56020);
#56040=FILL_AREA_STYLE('',(#56030));
#56050=SURFACE_STYLE_FILL_AREA(#56040);
#56060=SURFACE_SIDE_STYLE('',(#56050));
#56070=SURFACE_STYLE_USAGE(.BOTH.,#56060);
#56080=PRESENTATION_STYLE_ASSIGNMENT((#56070));
#56090=CARTESIAN_POINT('',(-3.6122820727760129E+01,
   1.2008852824316122E+01,4.3292401152689752E+00));
#56100=DIRECTION('',(0.0000000000000000E+00,-1.0000000000000000E+00,
   0.0000000000000000E+00));
#56110=DIRECTION('',(1.0000000000000000E+00,0.0000000000000000E+00,
   0.0000000000000000E+00));
#56120=AXIS2_PLACEMENT_3D('',#56090,#56100,#56110);
#56130=PLANE('',#56120);
#56140=CARTESIAN_POINT('',(-8.8925674828030196E+01,
   1.2008852824316122E+01,1.0232050807568882E+01));
#56150=DIRECTION('',(1.0000000000000000E+00,0.0000000000000000E+00,
   0.0000000000000000E+00));
#56160=VECTOR('',#56150,1.0000000000000000E+00);
#56170=LINE('',#56140,#56160);
#56180=CARTESIAN_POINT('',(-3.5604003587298216E+01,
   1.2008852824316129E+01,1.0232050807568882E+01));
#56190=VERTEX_POINT('',#56180);
#56200=EDGE_CURVE('',#37890,#56190,#56170,.T.);
#56210=ORIENTED_EDGE('',*,*,#56200,.F.);
#56220=CARTESIAN_POINT('',(-3.5604003587298216E+01,
   1.2008852824316122E+01,9.5000000000000036E+00));
#56230=DIRECTION('',(0.0000000000000000E+00,0.0000000000000000E+00,
   1.0000000000000000E+00));
#56240=VECTOR('',#56230,1.0000000000000000E+00);
#56250=LINE('',#56220,#56240);
#56260=CARTESIAN_POINT('',(-3.5604003587298216E+01,
   1.2008852824316129E+01,9.7679491924311250E+00));
#56270=VERTEX_POINT('',#56260);
#56280=EDGE_CURVE('',#56270,#56190,#56250,.T.);
#56290=ORIENTED_EDGE('',*,*,#56280,.T.);
#56300=CARTESIAN_POINT('',(-8.8925674828030196E+01,
   1.2008852824316122E+01,9.7679491924311250E+00));
#56310=DIRECTION('',(1.0000000000000000E+00,0.0000000000000000E+00,
   0.0000000000000000E+00));
#56320=VECTOR('',#56310,1.0000000000000000E+00);
#56330=LINE('',#56300,#56320);
#56340=EDGE_CURVE('',#37970,#56270,#56330,.T.);
#56350=ORIENTED_EDGE('',*,*,#56340,.T.);
#56360=ORIENTED_EDGE('',*,*,#37980,.T.);
#56370=EDGE_LOOP('',(#56360,#56350,#56290,#56210));
#56380=FACE_OUTER_BOUND('',#56370,.T.);
#56390=ADVANCED_FACE('',(#56380),#56130,.T.);
#56400=COLOUR_RGB('',9.4901967048645020E-01,9.4901967048645020E-01,
   1.0000000000000000E+00);
#56410=FILL_AREA_STYLE_COLOUR('',#56400);
#56420=FILL_AREA_STYLE('',(#56410));
#56430=SURFACE_STYLE_FILL_AREA(#56420);
#56440=SURFACE_SIDE_STYLE('',(#56430));
#56450=SURFACE_STYLE_USAGE(.BOTH.,#56440);
#56460=PRESENTATION_STYLE_ASSIGNMENT((#56450));
#56470=EDGE_CURVE('',#51340,#49200,#49180,.T.);
#56480=ORIENTED_EDGE('',*,*,#56470,.F.);
#56490=ORIENTED_EDGE('',*,*,#49450,.F.);
#56500=ORIENTED_EDGE('',*,*,#51970,.T.);
#56510=CARTESIAN_POINT('',(-3.6323978334128775E+01,
   -2.6716239164827719E+01,1.0000000000000004E+01));
#56520=DIRECTION('',(-0.0000000000000000E+00,1.0000000000000000E+00,
   0.0000000000000000E+00));
#56530=VECTOR('',#56520,1.0000000000000000E+00);
#56540=LINE('',#56510,#56530);
#56550=EDGE_CURVE('',#51940,#51340,#56540,.T.);
#56560=ORIENTED_EDGE('',*,*,#56550,.F.);
#56570=EDGE_LOOP('',(#56560,#56500,#56490,#56480));
#56580=FACE_OUTER_BOUND('',#56570,.T.);
#56590=ADVANCED_FACE('',(#56580),#49140,.T.);
#56600=COLOUR_RGB('',9.4901967048645020E-01,9.4901967048645020E-01,
   1.0000000000000000E+00);
#56610=FILL_AREA_STYLE_COLOUR('',#56600);
#56620=FILL_AREA_STYLE('',(#56610));
#56630=SURFACE_STYLE_FILL_AREA(#56620);
#56640=SURFACE_SIDE_STYLE('',(#56630));
#56650=SURFACE_STYLE_USAGE(.BOTH.,#56640);
#56660=PRESENTATION_STYLE_ASSIGNMENT((#56650));
#56670=CARTESIAN_POINT('',(0.0000000000000000E+00,0.0000000000000000E+00
   ,6.3750000000000036E+00));
#56680=DIRECTION('',(0.0000000000000000E+00,0.0000000000000000E+00,
   1.0000000000000000E+00));
#56690=DIRECTION('',(1.0000000000000000E+00,0.0000000000000000E+00,
   0.0000000000000000E+00));
#56700=AXIS2_PLACEMENT_3D('',#56670,#56680,#56690);
#56710=PLANE('',#56700);
#56720=ORIENTED_EDGE('',*,*,#41110,.T.);
#56730=ORIENTED_EDGE('',*,*,#40660,.T.);
#56740=ORIENTED_EDGE('',*,*,#41940,.T.);
#56750=ORIENTED_EDGE('',*,*,#55870,.T.);
#56760=EDGE_LOOP('',(#56750,#56740,#56730,#56720));
#56770=FACE_OUTER_BOUND('',#56760,.T.);
#56780=ADVANCED_FACE('',(#56770),#56710,.F.);
#56790=COLOUR_RGB('',5.0196081399917603E-01,1.0000000000000000E+00,
   5.0196081399917603E-01);
#56800=FILL_AREA_STYLE_COLOUR('',#56790);
#56810=FILL_AREA_STYLE('',(#56800));
#56820=SURFACE_STYLE_FILL_AREA(#56810);
#56830=SURFACE_SIDE_STYLE('',(#56820));
#56840=SURFACE_STYLE_USAGE(.BOTH.,#56830);
#56850=PRESENTATION_STYLE_ASSIGNMENT((#56840));
#56860=CARTESIAN_POINT('',(-3.5604003587298216E+01,
   1.5008852824316122E+01,9.5000000000000036E+00));
#56870=DIRECTION('',(0.0000000000000000E+00,0.0000000000000000E+00,
   -1.0000000000000000E+00));
#56880=DIRECTION('',(-1.0000000000000000E+00,0.0000000000000000E+00,
   0.0000000000000000E+00));
#56890=AXIS2_PLACEMENT_3D('',#56860,#56870,#56880);
#56900=PLANE('',#56890);
#56910=ORIENTED_EDGE('',*,*,#38120,.F.);
#56920=CARTESIAN_POINT('',(-8.8925674828030196E+01,
   1.3008852824316122E+01,9.5000000000000036E+00));
#56930=DIRECTION('',(-1.0000000000000000E+00,0.0000000000000000E+00,
   0.0000000000000000E+00));
#56940=VECTOR('',#56930,1.0000000000000000E+00);
#56950=LINE('',#56920,#56940);
#56960=CARTESIAN_POINT('',(-3.5604003587298216E+01,
   1.3008852824316122E+01,9.5000000000000036E+00));
#56970=VERTEX_POINT('',#56960);
#56980=EDGE_CURVE('',#56970,#38050,#56950,.T.);
#56990=ORIENTED_EDGE('',*,*,#56980,.T.);
#57000=CARTESIAN_POINT('',(-3.5604003587298216E+01,
   1.5008852824316122E+01,9.5000000000000036E+00));
#57010=DIRECTION('',(0.0000000000000000E+00,-1.0000000000000000E+00,
   0.0000000000000000E+00));
#57020=VECTOR('',#57010,1.0000000000000000E+00);
#57030=LINE('',#57000,#57020);
#57040=EDGE_CURVE('',#33480,#56970,#57030,.T.);
#57050=ORIENTED_EDGE('',*,*,#57040,.T.);
#57060=ORIENTED_EDGE('',*,*,#33490,.T.);
#57070=EDGE_LOOP('',(#57060,#57050,#56990,#56910));
#57080=FACE_OUTER_BOUND('',#57070,.T.);
#57090=ADVANCED_FACE('',(#57080),#56900,.T.);
#57100=COLOUR_RGB('',9.4901967048645020E-01,9.4901967048645020E-01,
   1.0000000000000000E+00);
#57110=FILL_AREA_STYLE_COLOUR('',#57100);
#57120=FILL_AREA_STYLE('',(#57110));
#57130=SURFACE_STYLE_FILL_AREA(#57120);
#57140=SURFACE_SIDE_STYLE('',(#57130));
#57150=SURFACE_STYLE_USAGE(.BOTH.,#57140);
#57160=PRESENTATION_STYLE_ASSIGNMENT((#57150));
#57170=ORIENTED_EDGE('',*,*,#51170,.F.);
#57180=ORIENTED_EDGE('',*,*,#56470,.T.);
#57190=ORIENTED_EDGE('',*,*,#51350,.F.);
#57200=EDGE_LOOP('',(#57190,#57180,#57170));
#57210=FACE_OUTER_BOUND('',#57200,.T.);
#57220=ADVANCED_FACE('',(#57210),#43530,.T.);
#57230=COLOUR_RGB('',9.4901967048645020E-01,9.4901967048645020E-01,
   1.0000000000000000E+00);
#57240=FILL_AREA_STYLE_COLOUR('',#57230);
#57250=FILL_AREA_STYLE('',(#57240));
#57260=SURFACE_STYLE_FILL_AREA(#57250);
#57270=SURFACE_SIDE_STYLE('',(#57260));
#57280=SURFACE_STYLE_USAGE(.BOTH.,#57270);
#57290=PRESENTATION_STYLE_ASSIGNMENT((#57280));
#57300=CARTESIAN_POINT('',(-3.5854003587298216E+01,
   1.2508852824316122E+01,9.6339745962155643E+00));
#57310=DIRECTION('',(0.0000000000000000E+00,2.5881904510252046E-01,
   9.6592582628906842E-01));
#57320=DIRECTION('',(0.0000000000000000E+00,9.6592582628906842E-01,
   -2.5881904510252046E-01));
#57330=AXIS2_PLACEMENT_3D('',#57300,#57310,#57320);
#57340=PLANE('',#57330);
#57350=CARTESIAN_POINT('',(-3.5604003587298216E+01,
   -2.6716239164827719E+01,2.0144306317743144E+01));
#57360=DIRECTION('',(0.0000000000000000E+00,9.6592582628906842E-01,
   -2.5881904510252046E-01));
#57370=VECTOR('',#57360,1.0000000000000000E+00);
#57380=LINE('',#57350,#57370);
#57390=EDGE_CURVE('',#56270,#56970,#57380,.T.);
#57400=ORIENTED_EDGE('',*,*,#57390,.F.);
#57410=ORIENTED_EDGE('',*,*,#56980,.F.);
#57420=ORIENTED_EDGE('',*,*,#38060,.F.);
#57430=ORIENTED_EDGE('',*,*,#56340,.F.);
#57440=EDGE_LOOP('',(#57430,#57420,#57410,#57400));
#57450=FACE_OUTER_BOUND('',#57440,.T.);
#57460=ADVANCED_FACE('',(#57450),#57340,.F.);
#57470=COLOUR_RGB('',9.4901967048645020E-01,9.4901967048645020E-01,
   1.0000000000000000E+00);
#57480=FILL_AREA_STYLE_COLOUR('',#57470);
#57490=FILL_AREA_STYLE('',(#57480));
#57500=SURFACE_STYLE_FILL_AREA(#57490);
#57510=SURFACE_SIDE_STYLE('',(#57500));
#57520=SURFACE_STYLE_USAGE(.BOTH.,#57510);
#57530=PRESENTATION_STYLE_ASSIGNMENT((#57520));
#57540=CARTESIAN_POINT('',(-3.5581516213882892E+01,
   2.3538852824316109E+01,1.4752512626584686E+01));
#57550=DIRECTION('',(0.0000000000000000E+00,1.0000000000000000E+00,
   0.0000000000000000E+00));
#57560=DIRECTION('',(7.0710678118654746E-01,0.0000000000000000E+00,
   -7.0710678118654757E-01));
#57570=AXIS2_PLACEMENT_3D('',#57540,#57550,#57560);
#57580=PLANE('',#57570);
#57590=CARTESIAN_POINT('',(-8.8925674828030196E+01,
   2.3538852824316109E+01,-3.8591645987562615E+01));
#57600=DIRECTION('',(-7.0710678118654757E-01,0.0000000000000000E+00,
   -7.0710678118654746E-01));
#57610=VECTOR('',#57600,1.0000000000000000E+00);
#57620=LINE('',#57590,#57610);
#57630=CARTESIAN_POINT('',(-3.4261004949258449E+01,
   2.3538852824316109E+01,1.6073023891209083E+01));
#57640=VERTEX_POINT('',#57630);
#57650=CARTESIAN_POINT('',(-3.5214995679261598E+01,
   2.3538852824316109E+01,1.5119033161205870E+01));
#57660=VERTEX_POINT('',#57650);
#57670=EDGE_CURVE('',#57640,#57660,#57620,.T.);
#57680=ORIENTED_EDGE('',*,*,#57670,.T.);
#57690=CARTESIAN_POINT('',(-3.5829003587298203E+01,
   2.3538852824316109E+01,1.5000000000000004E+01));
#57700=DIRECTION('',(0.0000000000000000E+00,1.0000000000000000E+00,
   0.0000000000000000E+00));
#57710=DIRECTION('',(-1.0000000000000000E+00,0.0000000000000000E+00,
   0.0000000000000000E+00));
#57720=AXIS2_PLACEMENT_3D('',#57690,#57700,#57710);
#57730=CIRCLE('',#57720,1.8999999999999999E+00);
#57740=CARTESIAN_POINT('',(-3.4755979696089057E+01,
   2.3538852824316109E+01,1.6567998638039711E+01));
#57750=VERTEX_POINT('',#57740);
#57760=EDGE_CURVE('',#57750,#57640,#57730,.T.);
#57770=ORIENTED_EDGE('',*,*,#57760,.T.);
#57780=CARTESIAN_POINT('',(-8.8925674828030196E+01,
   2.3538852824316109E+01,-3.7601696493901414E+01));
#57790=DIRECTION('',(-7.0710678118654757E-01,0.0000000000000000E+00,
   -7.0710678118654746E-01));
#57800=VECTOR('',#57790,1.0000000000000000E+00);
#57810=LINE('',#57780,#57800);
#57820=CARTESIAN_POINT('',(-3.5693983448967970E+01,
   2.3538852824316109E+01,1.5629994885160803E+01));
#57830=VERTEX_POINT('',#57820);
#57840=EDGE_CURVE('',#57750,#57830,#57810,.T.);
#57850=ORIENTED_EDGE('',*,*,#57840,.F.);
#57860=CARTESIAN_POINT('',(-3.5854003587298216E+01,
   2.3538852824316109E+01,1.5000000000000004E+01));
#57870=DIRECTION('',(0.0000000000000000E+00,-1.0000000000000000E+00,
   0.0000000000000000E+00));
#57880=DIRECTION('',(1.0000000000000000E+00,0.0000000000000000E+00,
   0.0000000000000000E+00));
#57890=AXIS2_PLACEMENT_3D('',#57860,#57870,#57880);
#57900=CIRCLE('',#57890,6.5000000000000002E-01);
#57910=EDGE_CURVE('',#57660,#57830,#57900,.T.);
#57920=ORIENTED_EDGE('',*,*,#57910,.T.);
#57930=EDGE_LOOP('',(#57920,#57850,#57770,#57680));
#57940=FACE_OUTER_BOUND('',#57930,.T.);
#57950=ADVANCED_FACE('',(#57940),#57580,.T.);
#57960=COLOUR_RGB('',9.4901967048645020E-01,9.4901967048645020E-01,
   1.0000000000000000E+00);
#57970=FILL_AREA_STYLE_COLOUR('',#57960);
#57980=FILL_AREA_STYLE('',(#57970));
#57990=SURFACE_STYLE_FILL_AREA(#57980);
#58000=SURFACE_SIDE_STYLE('',(#57990));
#58010=SURFACE_STYLE_USAGE(.BOTH.,#58000);
#58020=PRESENTATION_STYLE_ASSIGNMENT((#58010));
#58030=CARTESIAN_POINT('',(-3.8194003587298212E+01,
   1.9228852824316121E+01,1.0000000000000004E+01));
#58040=DIRECTION('',(1.0000000000000000E+00,0.0000000000000000E+00,
   0.0000000000000000E+00));
#58050=DIRECTION('',(0.0000000000000000E+00,-1.0000000000000000E+00,
   0.0000000000000000E+00));
#58060=AXIS2_PLACEMENT_3D('',#58030,#58040,#58050);
#58070=PLANE('',#58060);
#58080=CARTESIAN_POINT('',(-3.8194003587298212E+01,
   0.0000000000000000E+00,1.1375000000000002E+01));
#58090=DIRECTION('',(0.0000000000000000E+00,-1.0000000000000000E+00,
   0.0000000000000000E+00));
#58100=VECTOR('',#58090,1.0000000000000000E+00);
#58110=LINE('',#58080,#58100);
#58120=CARTESIAN_POINT('',(-3.8194003587298212E+01,
   1.9228852824316121E+01,1.1375000000000002E+01));
#58130=VERTEX_POINT('',#58120);
#58140=CARTESIAN_POINT('',(-3.8194003587298212E+01,
   1.7278852824316125E+01,1.1375000000000002E+01));
#58150=VERTEX_POINT('',#58140);
#58160=EDGE_CURVE('',#58130,#58150,#58110,.T.);
#58170=ORIENTED_EDGE('',*,*,#58160,.F.);
#58180=CARTESIAN_POINT('',(-3.8194003587298226E+01,
   1.7278852824316125E+01,1.0000000000000004E+01));
#58190=DIRECTION('',(0.0000000000000000E+00,0.0000000000000000E+00,
   1.0000000000000000E+00));
#58200=VECTOR('',#58190,1.0000000000000000E+00);
#58210=LINE('',#58180,#58200);
#58220=CARTESIAN_POINT('',(-3.8194003587298212E+01,
   1.7278852824316125E+01,8.6250000000000053E+00));
#58230=VERTEX_POINT('',#58220);
#58240=EDGE_CURVE('',#58230,#58150,#58210,.T.);
#58250=ORIENTED_EDGE('',*,*,#58240,.T.);
#58260=CARTESIAN_POINT('',(-3.8194003587298212E+01,
   0.0000000000000000E+00,8.6250000000000053E+00));
#58270=DIRECTION('',(0.0000000000000000E+00,1.0000000000000000E+00,
   0.0000000000000000E+00));
#58280=VECTOR('',#58270,1.0000000000000000E+00);
#58290=LINE('',#58260,#58280);
#58300=CARTESIAN_POINT('',(-3.8194003587298212E+01,
   1.9228852824316121E+01,8.6250000000000053E+00));
#58310=VERTEX_POINT('',#58300);
#58320=EDGE_CURVE('',#58230,#58310,#58290,.T.);
#58330=ORIENTED_EDGE('',*,*,#58320,.F.);
#58340=CARTESIAN_POINT('',(-3.8194003587298226E+01,
   1.9228852824316121E+01,1.0000000000000004E+01));
#58350=DIRECTION('',(0.0000000000000000E+00,0.0000000000000000E+00,
   -1.0000000000000000E+00));
#58360=VECTOR('',#58350,1.0000000000000000E+00);
#58370=LINE('',#58340,#58360);
#58380=EDGE_CURVE('',#58130,#58310,#58370,.T.);
#58390=ORIENTED_EDGE('',*,*,#58380,.T.);
#58400=EDGE_LOOP('',(#58390,#58330,#58250,#58170));
#58410=FACE_OUTER_BOUND('',#58400,.T.);
#58420=ADVANCED_FACE('',(#58410),#58070,.F.);
#58430=COLOUR_RGB('',5.0196081399917603E-01,1.0000000000000000E+00,
   5.0196081399917603E-01);
#58440=FILL_AREA_STYLE_COLOUR('',#58430);
#58450=FILL_AREA_STYLE('',(#58440));
#58460=SURFACE_STYLE_FILL_AREA(#58450);
#58470=SURFACE_SIDE_STYLE('',(#58460));
#58480=SURFACE_STYLE_USAGE(.BOTH.,#58470);
#58490=PRESENTATION_STYLE_ASSIGNMENT((#58480));
#58500=CARTESIAN_POINT('',(-3.5604003587298216E+01,
   1.5008852824316122E+01,1.4500000000000004E+01));
#58510=DIRECTION('',(0.0000000000000000E+00,0.0000000000000000E+00,
   -1.0000000000000000E+00));
#58520=DIRECTION('',(-1.0000000000000000E+00,0.0000000000000000E+00,
   0.0000000000000000E+00));
#58530=AXIS2_PLACEMENT_3D('',#58500,#58510,#58520);
#58540=PLANE('',#58530);
#58550=CARTESIAN_POINT('',(-3.6104003587298216E+01,
   1.5008852824316122E+01,1.4500000000000004E+01));
#58560=DIRECTION('',(0.0000000000000000E+00,-1.0000000000000000E+00,
   0.0000000000000000E+00));
#58570=VECTOR('',#58560,1.0000000000000000E+00);
#58580=LINE('',#58550,#58570);
#58590=CARTESIAN_POINT('',(-3.6104003587298216E+01,
   1.5008852824316122E+01,1.4500000000000004E+01));
#58600=VERTEX_POINT('',#58590);
#58610=CARTESIAN_POINT('',(-3.6104003587298216E+01,
   1.3008852824316122E+01,1.4500000000000004E+01));
#58620=VERTEX_POINT('',#58610);
#58630=EDGE_CURVE('',#58600,#58620,#58580,.T.);
#58640=ORIENTED_EDGE('',*,*,#58630,.F.);
#58650=CARTESIAN_POINT('',(-8.8925674828030196E+01,
   1.3008852824316122E+01,1.4500000000000004E+01));
#58660=DIRECTION('',(-1.0000000000000000E+00,0.0000000000000000E+00,
   0.0000000000000000E+00));
#58670=VECTOR('',#58660,1.0000000000000000E+00);
#58680=LINE('',#58650,#58670);
#58690=CARTESIAN_POINT('',(-3.5604003587298216E+01,
   1.3008852824316122E+01,1.4500000000000004E+01));
#58700=VERTEX_POINT('',#58690);
#58710=EDGE_CURVE('',#58700,#58620,#58680,.T.);
#58720=ORIENTED_EDGE('',*,*,#58710,.T.);
#58730=CARTESIAN_POINT('',(-3.5604003587298216E+01,
   1.5008852824316122E+01,1.4500000000000004E+01));
#58740=DIRECTION('',(0.0000000000000000E+00,-1.0000000000000000E+00,
   0.0000000000000000E+00));
#58750=VECTOR('',#58740,1.0000000000000000E+00);
#58760=LINE('',#58730,#58750);
#58770=CARTESIAN_POINT('',(-3.5604003587298216E+01,
   1.5008852824316122E+01,1.4500000000000004E+01));
#58780=VERTEX_POINT('',#58770);
#58790=EDGE_CURVE('',#58780,#58700,#58760,.T.);
#58800=ORIENTED_EDGE('',*,*,#58790,.T.);
#58810=CARTESIAN_POINT('',(-8.8925674828030196E+01,
   1.5008852824316122E+01,1.4500000000000004E+01));
#58820=DIRECTION('',(1.0000000000000000E+00,0.0000000000000000E+00,
   0.0000000000000000E+00));
#58830=VECTOR('',#58820,1.0000000000000000E+00);
#58840=LINE('',#58810,#58830);
#58850=EDGE_CURVE('',#58600,#58780,#58840,.T.);
#58860=ORIENTED_EDGE('',*,*,#58850,.T.);
#58870=EDGE_LOOP('',(#58860,#58800,#58720,#58640));
#58880=FACE_OUTER_BOUND('',#58870,.T.);
#58890=ADVANCED_FACE('',(#58880),#58540,.T.);
#58900=COLOUR_RGB('',9.4901967048645020E-01,9.4901967048645020E-01,
   1.0000000000000000E+00);
#58910=FILL_AREA_STYLE_COLOUR('',#58900);
#58920=FILL_AREA_STYLE('',(#58910));
#58930=SURFACE_STYLE_FILL_AREA(#58920);
#58940=SURFACE_SIDE_STYLE('',(#58930));
#58950=SURFACE_STYLE_USAGE(.BOTH.,#58940);
#58960=PRESENTATION_STYLE_ASSIGNMENT((#58950));
#58970=CARTESIAN_POINT('',(-3.5854003587298216E+01,
   2.4538852824316116E+01,1.5000000000000004E+01));
#58980=DIRECTION('',(0.0000000000000000E+00,-1.0000000000000000E+00,
   0.0000000000000000E+00));
#58990=DIRECTION('',(1.0000000000000000E+00,0.0000000000000000E+00,
   0.0000000000000000E+00));
#59000=AXIS2_PLACEMENT_3D('',#58970,#58980,#58990);
#59010=CIRCLE('',#59000,6.5000000000000002E-01);
#59020=CARTESIAN_POINT('',(-3.6504003587298214E+01,
   2.4538852824316116E+01,1.5000000000000004E+01));
#59030=VERTEX_POINT('',#59020);
#59040=EDGE_CURVE('',#59030,#36360,#59010,.T.);
#59050=ORIENTED_EDGE('',*,*,#59040,.F.);
#59060=CARTESIAN_POINT('',(-3.6323978334128768E+01,
   2.4538852824316116E+01,1.5000000000000007E+01));
#59070=VERTEX_POINT('',#59060);
#59080=EDGE_CURVE('',#59070,#36360,#36340,.T.);
#59090=ORIENTED_EDGE('',*,*,#59080,.T.);
#59100=CARTESIAN_POINT('',(-8.8925674828030196E+01,
   2.4538852824316116E+01,1.5000000000000004E+01));
#59110=DIRECTION('',(-1.0000000000000000E+00,0.0000000000000000E+00,
   0.0000000000000000E+00));
#59120=VECTOR('',#59110,1.0000000000000000E+00);
#59130=LINE('',#59100,#59120);
#59140=EDGE_CURVE('',#59070,#59030,#59130,.T.);
#59150=ORIENTED_EDGE('',*,*,#59140,.F.);
#59160=EDGE_LOOP('',(#59150,#59090,#59050));
#59170=FACE_OUTER_BOUND('',#59160,.T.);
#59180=ADVANCED_FACE('',(#59170),#4420,.T.);
#59190=COLOUR_RGB('',9.4901967048645020E-01,9.4901967048645020E-01,
   1.0000000000000000E+00);
#59200=FILL_AREA_STYLE_COLOUR('',#59190);
#59210=FILL_AREA_STYLE('',(#59200));
#59220=SURFACE_STYLE_FILL_AREA(#59210);
#59230=SURFACE_SIDE_STYLE('',(#59220));
#59240=SURFACE_STYLE_USAGE(.BOTH.,#59230);
#59250=PRESENTATION_STYLE_ASSIGNMENT((#59240));
#59260=CARTESIAN_POINT('',(-3.8194003587298212E+01,
   1.9228852824316121E+01,1.0000000000000004E+01));
#59270=DIRECTION('',(-0.0000000000000000E+00,1.0000000000000000E+00,
   0.0000000000000000E+00));
#59280=DIRECTION('',(1.0000000000000000E+00,0.0000000000000000E+00,
   0.0000000000000000E+00));
#59290=AXIS2_PLACEMENT_3D('',#59260,#59270,#59280);
#59300=PLANE('',#59290);
#59310=CARTESIAN_POINT('',(0.0000000000000000E+00,1.9228852824316121E+01
   ,1.1375000000000002E+01));
#59320=DIRECTION('',(1.0000000000000000E+00,0.0000000000000000E+00,
   0.0000000000000000E+00));
#59330=VECTOR('',#59320,1.0000000000000000E+00);
#59340=LINE('',#59310,#59330);
#59350=CARTESIAN_POINT('',(-3.8579003587298203E+01,
   1.9228852824316114E+01,1.1375000000000004E+01));
#59360=VERTEX_POINT('',#59350);
#59370=EDGE_CURVE('',#59360,#58130,#59340,.T.);
#59380=ORIENTED_EDGE('',*,*,#59370,.F.);
#59390=ORIENTED_EDGE('',*,*,#58380,.F.);
#59400=CARTESIAN_POINT('',(0.0000000000000000E+00,1.9228852824316121E+01
   ,8.6250000000000053E+00));
#59410=DIRECTION('',(-1.0000000000000000E+00,0.0000000000000000E+00,
   0.0000000000000000E+00));
#59420=VECTOR('',#59410,1.0000000000000000E+00);
#59430=LINE('',#59400,#59420);
#59440=CARTESIAN_POINT('',(-3.8579003587298210E+01,
   1.9228852824316121E+01,8.6250000000000071E+00));
#59450=VERTEX_POINT('',#59440);
#59460=EDGE_CURVE('',#58310,#59450,#59430,.T.);
#59470=ORIENTED_EDGE('',*,*,#59460,.F.);
#59480=CARTESIAN_POINT('',(-3.8579003587298203E+01,
   1.9228852824316114E+01,1.0000000000000004E+01));
#59490=DIRECTION('',(0.0000000000000000E+00,0.0000000000000000E+00,
   -1.0000000000000000E+00));
#59500=VECTOR('',#59490,1.0000000000000000E+00);
#59510=LINE('',#59480,#59500);
#59520=EDGE_CURVE('',#59360,#59450,#59510,.T.);
#59530=ORIENTED_EDGE('',*,*,#59520,.T.);
#59540=EDGE_LOOP('',(#59530,#59470,#59390,#59380));
#59550=FACE_OUTER_BOUND('',#59540,.T.);
#59560=ADVANCED_FACE('',(#59550),#59300,.F.);
#59570=COLOUR_RGB('',5.0196081399917603E-01,1.0000000000000000E+00,
   5.0196081399917603E-01);
#59580=FILL_AREA_STYLE_COLOUR('',#59570);
#59590=FILL_AREA_STYLE('',(#59580));
#59600=SURFACE_STYLE_FILL_AREA(#59590);
#59610=SURFACE_SIDE_STYLE('',(#59600));
#59620=SURFACE_STYLE_USAGE(.BOTH.,#59610);
#59630=PRESENTATION_STYLE_ASSIGNMENT((#59620));
#59640=CARTESIAN_POINT('',(0.0000000000000000E+00,0.0000000000000000E+00
   ,8.6250000000000036E+00));
#59650=DIRECTION('',(0.0000000000000000E+00,0.0000000000000000E+00,
   1.0000000000000000E+00));
#59660=DIRECTION('',(1.0000000000000000E+00,0.0000000000000000E+00,
   0.0000000000000000E+00));
#59670=AXIS2_PLACEMENT_3D('',#59640,#59650,#59660);
#59680=PLANE('',#59670);
#59690=ORIENTED_EDGE('',*,*,#59460,.T.);
#59700=ORIENTED_EDGE('',*,*,#58320,.T.);
#59710=CARTESIAN_POINT('',(0.0000000000000000E+00,1.7278852824316125E+01
   ,8.6250000000000053E+00));
#59720=DIRECTION('',(1.0000000000000000E+00,0.0000000000000000E+00,
   0.0000000000000000E+00));
#59730=VECTOR('',#59720,1.0000000000000000E+00);
#59740=LINE('',#59710,#59730);
#59750=CARTESIAN_POINT('',(-3.8579003587298210E+01,
   1.7278852824316125E+01,8.6250000000000053E+00));
#59760=VERTEX_POINT('',#59750);
#59770=EDGE_CURVE('',#59760,#58230,#59740,.T.);
#59780=ORIENTED_EDGE('',*,*,#59770,.T.);
#59790=CARTESIAN_POINT('',(-3.8579003587298217E+01,
   0.0000000000000000E+00,8.6250000000000036E+00));
#59800=DIRECTION('',(0.0000000000000000E+00,1.0000000000000000E+00,
   0.0000000000000000E+00));
#59810=VECTOR('',#59800,1.0000000000000000E+00);
#59820=LINE('',#59790,#59810);
#59830=EDGE_CURVE('',#59760,#59450,#59820,.T.);
#59840=ORIENTED_EDGE('',*,*,#59830,.F.);
#59850=EDGE_LOOP('',(#59840,#59780,#59700,#59690));
#59860=FACE_OUTER_BOUND('',#59850,.T.);
#59870=ADVANCED_FACE('',(#59860),#59680,.T.);
#59880=COLOUR_RGB('',5.0196081399917603E-01,1.0000000000000000E+00,
   5.0196081399917603E-01);
#59890=FILL_AREA_STYLE_COLOUR('',#59880);
#59900=FILL_AREA_STYLE('',(#59890));
#59910=SURFACE_STYLE_FILL_AREA(#59900);
#59920=SURFACE_SIDE_STYLE('',(#59910));
#59930=SURFACE_STYLE_USAGE(.BOTH.,#59920);
#59940=PRESENTATION_STYLE_ASSIGNMENT((#59930));
#59950=CARTESIAN_POINT('',(-3.9904003587298213E+01,
   1.7278852824316125E+01,8.1250000000000053E+00));
#59960=DIRECTION('',(3.5305725243424335E-01,0.0000000000000000E+00,
   -9.3560171895074196E-01));
#59970=DIRECTION('',(-9.3560171895074196E-01,0.0000000000000000E+00,
   -3.5305725243424335E-01));
#59980=AXIS2_PLACEMENT_3D('',#59950,#59960,#59970);
#59990=PLANE('',#59980);
#60000=CARTESIAN_POINT('',(0.0000000000000000E+00,2.0708852824316118E+01
   ,2.3183114561244661E+01));
#60010=DIRECTION('',(9.3560171895074196E-01,0.0000000000000000E+00,
   3.5305725243424335E-01));
#60020=VECTOR('',#60010,1.0000000000000000E+00);
#60030=LINE('',#60000,#60020);
#60040=CARTESIAN_POINT('',(-3.9904003587298213E+01,
   2.0708852824316118E+01,8.1250000000000053E+00));
#60050=VERTEX_POINT('',#60040);
#60060=EDGE_CURVE('',#60050,#52460,#60030,.T.);
#60070=ORIENTED_EDGE('',*,*,#60060,.F.);
#60080=ORIENTED_EDGE('',*,*,#52470,.F.);
#60090=CARTESIAN_POINT('',(-3.3426648001645773E+01,
   0.0000000000000000E+00,1.0569285126661310E+01));
#60100=DIRECTION('',(-2.5759337550319977E-01,9.6135156507110675E-01,
   -9.7205047359698329E-02));
#60110=VECTOR('',#60100,1.0000000000000000E+00);
#60120=LINE('',#60090,#60110);
#60130=EDGE_CURVE('',#59450,#52370,#60120,.T.);
#60140=ORIENTED_EDGE('',*,*,#60130,.T.);
#60150=ORIENTED_EDGE('',*,*,#59830,.T.);
#60160=CARTESIAN_POINT('',(0.0000000000000000E+00,4.4292161952761923E+01
   ,2.3183114561244661E+01));
#60170=DIRECTION('',(-7.8261493238007862E-01,-5.4799287516801631E-01,
   -2.9532638957738910E-01));
#60180=VECTOR('',#60170,1.0000000000000000E+00);
#60190=LINE('',#60160,#60180);
#60200=CARTESIAN_POINT('',(-3.9904003587298213E+01,
   1.6351077836188253E+01,8.1250000000000053E+00));
#60210=VERTEX_POINT('',#60200);
#60220=EDGE_CURVE('',#59760,#60210,#60190,.T.);
#60230=ORIENTED_EDGE('',*,*,#60220,.F.);
#60240=CARTESIAN_POINT('',(-3.9904003587298213E+01,
   0.0000000000000000E+00,8.1250000000000053E+00));
#60250=DIRECTION('',(0.0000000000000000E+00,1.0000000000000000E+00,
   0.0000000000000000E+00));
#60260=VECTOR('',#60250,1.0000000000000000E+00);
#60270=LINE('',#60240,#60260);
#60280=EDGE_CURVE('',#60210,#60050,#60270,.T.);
#60290=ORIENTED_EDGE('',*,*,#60280,.F.);
#60300=EDGE_LOOP('',(#60290,#60230,#60150,#60140,#60080,#60070));
#60310=FACE_OUTER_BOUND('',#60300,.T.);
#60320=ADVANCED_FACE('',(#60310),#59990,.F.);
#60330=COLOUR_RGB('',5.0196081399917603E-01,1.0000000000000000E+00,
   5.0196081399917603E-01);
#60340=FILL_AREA_STYLE_COLOUR('',#60330);
#60350=FILL_AREA_STYLE('',(#60340));
#60360=SURFACE_STYLE_FILL_AREA(#60350);
#60370=SURFACE_SIDE_STYLE('',(#60360));
#60380=SURFACE_STYLE_USAGE(.BOTH.,#60370);
#60390=PRESENTATION_STYLE_ASSIGNMENT((#60380));
#60400=CARTESIAN_POINT('',(-3.5854003587298216E+01,
   1.2508852824316122E+01,1.4633974596215564E+01));
#60410=DIRECTION('',(0.0000000000000000E+00,2.5881904510252046E-01,
   9.6592582628906842E-01));
#60420=DIRECTION('',(0.0000000000000000E+00,9.6592582628906842E-01,
   -2.5881904510252046E-01));
#60430=AXIS2_PLACEMENT_3D('',#60400,#60410,#60420);
#60440=PLANE('',#60430);
#60450=CARTESIAN_POINT('',(-3.5604003587298216E+01,
   -2.6716239164827719E+01,2.5144306317743144E+01));
#60460=DIRECTION('',(0.0000000000000000E+00,9.6592582628906842E-01,
   -2.5881904510252046E-01));
#60470=VECTOR('',#60460,1.0000000000000000E+00);
#60480=LINE('',#60450,#60470);
#60490=CARTESIAN_POINT('',(-3.5604003587298216E+01,
   1.2008852824316129E+01,1.4767949192431125E+01));
#60500=VERTEX_POINT('',#60490);
#60510=EDGE_CURVE('',#60500,#58700,#60480,.T.);
#60520=ORIENTED_EDGE('',*,*,#60510,.F.);
#60530=ORIENTED_EDGE('',*,*,#58710,.F.);
#60540=CARTESIAN_POINT('',(-3.6104003587298216E+01,
   -2.6716239164827719E+01,2.5144306317743144E+01));
#60550=DIRECTION('',(0.0000000000000000E+00,-9.6592582628906842E-01,
   2.5881904510252046E-01));
#60560=VECTOR('',#60550,1.0000000000000000E+00);
#60570=LINE('',#60540,#60560);
#60580=CARTESIAN_POINT('',(-3.6104003587298216E+01,
   1.2008852824316129E+01,1.4767949192431125E+01));
#60590=VERTEX_POINT('',#60580);
#60600=EDGE_CURVE('',#58620,#60590,#60570,.T.);
#60610=ORIENTED_EDGE('',*,*,#60600,.F.);
#60620=CARTESIAN_POINT('',(-8.8925674828030196E+01,
   1.2008852824316122E+01,1.4767949192431125E+01));
#60630=DIRECTION('',(1.0000000000000000E+00,0.0000000000000000E+00,
   0.0000000000000000E+00));
#60640=VECTOR('',#60630,1.0000000000000000E+00);
#60650=LINE('',#60620,#60640);
#60660=EDGE_CURVE('',#60590,#60500,#60650,.T.);
#60670=ORIENTED_EDGE('',*,*,#60660,.F.);
#60680=EDGE_LOOP('',(#60670,#60610,#60530,#60520));
#60690=FACE_OUTER_BOUND('',#60680,.T.);
#60700=ADVANCED_FACE('',(#60690),#60440,.F.);
#60710=COLOUR_RGB('',9.4901967048645020E-01,9.4901967048645020E-01,
   1.0000000000000000E+00);
#60720=FILL_AREA_STYLE_COLOUR('',#60710);
#60730=FILL_AREA_STYLE('',(#60720));
#60740=SURFACE_STYLE_FILL_AREA(#60730);
#60750=SURFACE_SIDE_STYLE('',(#60740));
#60760=SURFACE_STYLE_USAGE(.BOTH.,#60750);
#60770=PRESENTATION_STYLE_ASSIGNMENT((#60760));
#60780=CARTESIAN_POINT('',(-3.5829003587298210E+01,
   2.4373852824316117E+01,1.5000000000000004E+01));
#60790=DIRECTION('',(0.0000000000000000E+00,1.0000000000000000E+00,
   0.0000000000000000E+00));
#60800=DIRECTION('',(1.0000000000000000E+00,0.0000000000000000E+00,
   0.0000000000000000E+00));
#60810=AXIS2_PLACEMENT_3D('',#60780,#60790,#60800);
#60820=CYLINDRICAL_SURFACE('',#60810,1.9150000000000134E+00);
#60830=CARTESIAN_POINT('',(-3.3914003587298197E+01,
   2.4373852824316117E+01,1.5000000000000004E+01));
#60840=DIRECTION('',(0.0000000000000000E+00,1.0000000000000000E+00,
   0.0000000000000000E+00));
#60850=VECTOR('',#60840,1.0000000000000000E+00);
#60860=LINE('',#60830,#60850);
#60870=CARTESIAN_POINT('',(-3.3914003587298197E+01,
   2.5508852824316115E+01,1.5000000000000004E+01));
#60880=VERTEX_POINT('',#60870);
#60890=EDGE_CURVE('',#54230,#60880,#60860,.T.);
#60900=ORIENTED_EDGE('',*,*,#60890,.F.);
#60910=CARTESIAN_POINT('',(-3.5829003587298210E+01,
   2.5508852824316115E+01,1.5000000000000004E+01));
#60920=DIRECTION('',(0.0000000000000000E+00,1.0000000000000000E+00,
   0.0000000000000000E+00));
#60930=DIRECTION('',(1.0000000000000000E+00,0.0000000000000000E+00,
   0.0000000000000000E+00));
#60940=AXIS2_PLACEMENT_3D('',#60910,#60920,#60930);
#60950=CIRCLE('',#60940,1.9150000000000134E+00);
#60960=CARTESIAN_POINT('',(-3.7744003587298224E+01,
   2.5508852824316115E+01,1.5000000000000004E+01));
#60970=VERTEX_POINT('',#60960);
#60980=EDGE_CURVE('',#60970,#60880,#60950,.T.);
#60990=ORIENTED_EDGE('',*,*,#60980,.T.);
#61000=CARTESIAN_POINT('',(-3.7744003587298224E+01,
   2.4373852824316117E+01,1.5000000000000004E+01));
#61010=DIRECTION('',(0.0000000000000000E+00,1.0000000000000000E+00,
   0.0000000000000000E+00));
#61020=VECTOR('',#61010,1.0000000000000000E+00);
#61030=LINE('',#61000,#61020);
#61040=EDGE_CURVE('',#54250,#60970,#61030,.T.);
#61050=ORIENTED_EDGE('',*,*,#61040,.T.);
#61060=ORIENTED_EDGE('',*,*,#54280,.F.);
#61070=EDGE_LOOP('',(#61060,#61050,#60990,#60900));
#61080=FACE_OUTER_BOUND('',#61070,.T.);
#61090=ADVANCED_FACE('',(#61080),#60820,.F.);
#61100=COLOUR_RGB('',5.0196081399917603E-01,1.0000000000000000E+00,
   5.0196081399917603E-01);
#61110=FILL_AREA_STYLE_COLOUR('',#61100);
#61120=FILL_AREA_STYLE('',(#61110));
#61130=SURFACE_STYLE_FILL_AREA(#61120);
#61140=SURFACE_SIDE_STYLE('',(#61130));
#61150=SURFACE_STYLE_USAGE(.BOTH.,#61140);
#61160=PRESENTATION_STYLE_ASSIGNMENT((#61150));
#61170=CARTESIAN_POINT('',(-3.4429932243550240E+01,
   1.5508852824316122E+01,1.3477675262418085E+01));
#61180=DIRECTION('',(0.0000000000000000E+00,-1.0000000000000000E+00,
   0.0000000000000000E+00));
#61190=DIRECTION('',(1.0000000000000000E+00,0.0000000000000000E+00,
   0.0000000000000000E+00));
#61200=AXIS2_PLACEMENT_3D('',#61170,#61180,#61190);
#61210=PLANE('',#61200);
#61220=CARTESIAN_POINT('',(-3.5854003587298216E+01,
   1.5508852824316122E+01,1.5000000000000004E+01));
#61230=DIRECTION('',(0.0000000000000000E+00,-1.0000000000000000E+00,
   0.0000000000000000E+00));
#61240=DIRECTION('',(1.0000000000000000E+00,0.0000000000000000E+00,
   0.0000000000000000E+00));
#61250=AXIS2_PLACEMENT_3D('',#61220,#61230,#61240);
#61260=CIRCLE('',#61250,6.5000000000000002E-01);
#61270=CARTESIAN_POINT('',(-3.6504003587298214E+01,
   1.5508852824316122E+01,1.5000000000000004E+01));
#61280=VERTEX_POINT('',#61270);
#61290=CARTESIAN_POINT('',(-3.5204003587298217E+01,
   1.5508852824316122E+01,1.5000000000000004E+01));
#61300=VERTEX_POINT('',#61290);
#61310=EDGE_CURVE('',#61280,#61300,#61260,.T.);
#61320=ORIENTED_EDGE('',*,*,#61310,.F.);
#61330=EDGE_CURVE('',#61300,#61280,#61260,.T.);
#61340=ORIENTED_EDGE('',*,*,#61330,.F.);
#61350=EDGE_LOOP('',(#61340,#61320));
#61360=FACE_BOUND('',#61350,.T.);
#61370=ORIENTED_EDGE('',*,*,#22800,.F.);
#61380=EDGE_CURVE('',#22680,#22790,#22770,.T.);
#61390=ORIENTED_EDGE('',*,*,#61380,.F.);
#61400=EDGE_LOOP('',(#61390,#61370));
#61410=FACE_BOUND('',#61400,.T.);
#61420=ORIENTED_EDGE('',*,*,#11710,.F.);
#61430=EDGE_CURVE('',#11590,#11700,#11680,.T.);
#61440=ORIENTED_EDGE('',*,*,#61430,.F.);
#61450=EDGE_LOOP('',(#61440,#61420));
#61460=FACE_BOUND('',#61450,.T.);
#61470=EDGE_CURVE('',#34680,#34530,#34750,.T.);
#61480=ORIENTED_EDGE('',*,*,#61470,.F.);
#61490=ORIENTED_EDGE('',*,*,#34760,.F.);
#61500=EDGE_LOOP('',(#61490,#61480));
#61510=FACE_BOUND('',#61500,.T.);
#61520=CARTESIAN_POINT('',(-3.5854003587298216E+01,
   1.5508852824316122E+01,1.0000000000000004E+01));
#61530=DIRECTION('',(0.0000000000000000E+00,-1.0000000000000000E+00,
   0.0000000000000000E+00));
#61540=DIRECTION('',(1.0000000000000000E+00,0.0000000000000000E+00,
   0.0000000000000000E+00));
#61550=AXIS2_PLACEMENT_3D('',#61520,#61530,#61540);
#61560=CIRCLE('',#61550,6.5000000000000002E-01);
#61570=CARTESIAN_POINT('',(-3.6504003587298214E+01,
   1.5508852824316122E+01,1.0000000000000004E+01));
#61580=VERTEX_POINT('',#61570);
#61590=CARTESIAN_POINT('',(-3.5204003587298217E+01,
   1.5508852824316122E+01,1.0000000000000004E+01));
#61600=VERTEX_POINT('',#61590);
#61610=EDGE_CURVE('',#61580,#61600,#61560,.T.);
#61620=ORIENTED_EDGE('',*,*,#61610,.F.);
#61630=EDGE_CURVE('',#61600,#61580,#61560,.T.);
#61640=ORIENTED_EDGE('',*,*,#61630,.F.);
#61650=EDGE_LOOP('',(#61640,#61620));
#61660=FACE_BOUND('',#61650,.T.);
#61670=ORIENTED_EDGE('',*,*,#10090,.F.);
#61680=ORIENTED_EDGE('',*,*,#15540,.F.);
#61690=ORIENTED_EDGE('',*,*,#17730,.F.);
#61700=ORIENTED_EDGE('',*,*,#17150,.F.);
#61710=ORIENTED_EDGE('',*,*,#17440,.F.);
#61720=ORIENTED_EDGE('',*,*,#16680,.F.);
#61730=ORIENTED_EDGE('',*,*,#16300,.F.);
#61740=ORIENTED_EDGE('',*,*,#15920,.F.);
#61750=ORIENTED_EDGE('',*,*,#9810,.F.);
#61760=CARTESIAN_POINT('',(-3.9904003587298213E+01,
   1.5508852824316122E+01,1.5000000000000004E+01));
#61770=DIRECTION('',(0.0000000000000000E+00,0.0000000000000000E+00,
   -1.0000000000000000E+00));
#61780=VECTOR('',#61770,1.0000000000000000E+00);
#61790=LINE('',#61760,#61780);
#61800=CARTESIAN_POINT('',(-3.9904003587298213E+01,
   1.5508852824316122E+01,2.7500000000000000E+01));
#61810=VERTEX_POINT('',#61800);
#61820=EDGE_CURVE('',#61810,#9720,#61790,.T.);
#61830=ORIENTED_EDGE('',*,*,#61820,.T.);
#61840=CARTESIAN_POINT('',(0.0000000000000000E+00,1.5508852824316122E+01
   ,2.7500000000000000E+01));
#61850=DIRECTION('',(-1.0000000000000000E+00,0.0000000000000000E+00,
   0.0000000000000000E+00));
#61860=VECTOR('',#61850,1.0000000000000000E+00);
#61870=LINE('',#61840,#61860);
#61880=CARTESIAN_POINT('',(-3.9181003587298207E+01,
   1.5508852824316122E+01,2.7500000000000000E+01));
#61890=VERTEX_POINT('',#61880);
#61900=EDGE_CURVE('',#61890,#61810,#61870,.T.);
#61910=ORIENTED_EDGE('',*,*,#61900,.T.);
#61920=CARTESIAN_POINT('',(-3.9181003587298207E+01,
   1.5508852824316122E+01,2.5000000000000000E+01));
#61930=DIRECTION('',(0.0000000000000000E+00,0.0000000000000000E+00,
   -1.0000000000000000E+00));
#61940=VECTOR('',#61930,1.0000000000000000E+00);
#61950=LINE('',#61920,#61940);
#61960=CARTESIAN_POINT('',(-3.9181003587298207E+01,
   1.5508852824316122E+01,2.7371309300093309E+01));
#61970=VERTEX_POINT('',#61960);
#61980=EDGE_CURVE('',#61890,#61970,#61950,.T.);
#61990=ORIENTED_EDGE('',*,*,#61980,.F.);
#62000=CARTESIAN_POINT('',(-4.1175003711302061E+01,
   1.5508852824316122E+01,2.5000000000000000E+01));
#62010=DIRECTION('',(-6.4358945695705005E-01,0.0000000000000000E+00,
   -7.6537089760045707E-01));
#62020=VECTOR('',#62010,1.0000000000000000E+00);
#62030=LINE('',#62000,#62020);
#62040=CARTESIAN_POINT('',(-3.9330962930914275E+01,
   1.5508852824316122E+01,2.7192974313113147E+01));
#62050=VERTEX_POINT('',#62040);
#62060=EDGE_CURVE('',#61970,#62050,#62030,.T.);
#62070=ORIENTED_EDGE('',*,*,#62060,.F.);
#62080=CARTESIAN_POINT('',(-3.9330962930914289E+01,
   1.5508852824316122E+01,2.5000000000000000E+01));
#62090=DIRECTION('',(-5.9105097227002377E-15,0.0000000000000000E+00,
   -1.0000000000000000E+00));
#62100=VECTOR('',#62090,1.0000000000000000E+00);
#62110=LINE('',#62080,#62100);
#62120=CARTESIAN_POINT('',(-3.9330962930914275E+01,
   1.5508852824316122E+01,2.6930000000000078E+01));
#62130=VERTEX_POINT('',#62120);
#62140=EDGE_CURVE('',#62050,#62130,#62110,.T.);
#62150=ORIENTED_EDGE('',*,*,#62140,.F.);
#62160=CARTESIAN_POINT('',(0.0000000000000000E+00,1.5508852824316122E+01
   ,2.6930000000000078E+01));
#62170=DIRECTION('',(1.0000000000000000E+00,0.0000000000000000E+00,
   0.0000000000000000E+00));
#62180=VECTOR('',#62170,1.0000000000000000E+00);
#62190=LINE('',#62160,#62180);
#62200=CARTESIAN_POINT('',(-3.8617044243682152E+01,
   1.5508852824316122E+01,2.6930000000000078E+01));
#62210=VERTEX_POINT('',#62200);
#62220=EDGE_CURVE('',#62130,#62210,#62190,.T.);
#62230=ORIENTED_EDGE('',*,*,#62220,.F.);
#62240=CARTESIAN_POINT('',(-3.8617044243682152E+01,
   1.5508852824316122E+01,2.5000000000000000E+01));
#62250=DIRECTION('',(0.0000000000000000E+00,0.0000000000000000E+00,
   1.0000000000000000E+00));
#62260=VECTOR('',#62250,1.0000000000000000E+00);
#62270=LINE('',#62240,#62260);
#62280=CARTESIAN_POINT('',(-3.8617044243682152E+01,
   1.5508852824316122E+01,2.7192974313113151E+01));
#62290=VERTEX_POINT('',#62280);
#62300=EDGE_CURVE('',#62210,#62290,#62270,.T.);
#62310=ORIENTED_EDGE('',*,*,#62300,.F.);
#62320=CARTESIAN_POINT('',(-3.6773003463294749E+01,
   1.5508852824316122E+01,2.5000000000000000E+01));
#62330=DIRECTION('',(-6.4358945695697078E-01,0.0000000000000000E+00,
   7.6537089760052390E-01));
#62340=VECTOR('',#62330,1.0000000000000000E+00);
#62350=LINE('',#62320,#62340);
#62360=CARTESIAN_POINT('',(-3.8767003587298184E+01,
   1.5508852824316122E+01,2.7371309300093312E+01));
#62370=VERTEX_POINT('',#62360);
#62380=EDGE_CURVE('',#62290,#62370,#62350,.T.);
#62390=ORIENTED_EDGE('',*,*,#62380,.F.);
#62400=CARTESIAN_POINT('',(-3.8767003587298277E+01,
   1.5508852824316122E+01,2.5000000000000000E+01));
#62410=DIRECTION('',(3.7959085713985267E-14,0.0000000000000000E+00,
   1.0000000000000000E+00));
#62420=VECTOR('',#62410,1.0000000000000000E+00);
#62430=LINE('',#62400,#62420);
#62440=CARTESIAN_POINT('',(-3.8767003587298184E+01,
   1.5508852824316122E+01,2.7500000000000000E+01));
#62450=VERTEX_POINT('',#62440);
#62460=EDGE_CURVE('',#62370,#62450,#62430,.T.);
#62470=ORIENTED_EDGE('',*,*,#62460,.F.);
#62480=CARTESIAN_POINT('',(-3.1754003587298200E+01,
   1.5508852824316122E+01,2.7500000000000000E+01));
#62490=VERTEX_POINT('',#62480);
#62500=EDGE_CURVE('',#62490,#62450,#61870,.T.);
#62510=ORIENTED_EDGE('',*,*,#62500,.T.);
#62520=CARTESIAN_POINT('',(-3.1754003587298200E+01,
   1.5508852824316122E+01,2.5000000000000000E+01));
#62530=DIRECTION('',(0.0000000000000000E+00,0.0000000000000000E+00,
   1.0000000000000000E+00));
#62540=VECTOR('',#62530,1.0000000000000000E+00);
#62550=LINE('',#62520,#62540);
#62560=EDGE_CURVE('',#10080,#62490,#62550,.T.);
#62570=ORIENTED_EDGE('',*,*,#62560,.T.);
#62580=EDGE_LOOP('',(#62570,#62510,#62470,#62390,#62310,#62230,#62150,
   #62070,#61990,#61910,#61830,#61750,#61740,#61730,#61720,#61710,#61700
   ,#61690,#61680,#61670));
#62590=FACE_OUTER_BOUND('',#62580,.T.);
#62600=CARTESIAN_POINT('',(-3.5854003587298216E+01,
   1.5508852824316122E+01,2.5000000000000000E+01));
#62610=DIRECTION('',(0.0000000000000000E+00,-1.0000000000000000E+00,
   0.0000000000000000E+00));
#62620=DIRECTION('',(1.0000000000000000E+00,0.0000000000000000E+00,
   0.0000000000000000E+00));
#62630=AXIS2_PLACEMENT_3D('',#62600,#62610,#62620);
#62640=CIRCLE('',#62630,6.5000000000000002E-01);
#62650=CARTESIAN_POINT('',(-3.6504003587298214E+01,
   1.5508852824316122E+01,2.5000000000000000E+01));
#62660=VERTEX_POINT('',#62650);
#62670=CARTESIAN_POINT('',(-3.5204003587298217E+01,
   1.5508852824316122E+01,2.5000000000000000E+01));
#62680=VERTEX_POINT('',#62670);
#62690=EDGE_CURVE('',#62660,#62680,#62640,.T.);
#62700=ORIENTED_EDGE('',*,*,#62690,.F.);
#62710=EDGE_CURVE('',#62680,#62660,#62640,.T.);
#62720=ORIENTED_EDGE('',*,*,#62710,.F.);
#62730=EDGE_LOOP('',(#62720,#62700));
#62740=FACE_BOUND('',#62730,.T.);
#62750=CARTESIAN_POINT('',(-3.5854003587298216E+01,
   1.5508852824316122E+01,2.0000000000000000E+01));
#62760=DIRECTION('',(0.0000000000000000E+00,-1.0000000000000000E+00,
   0.0000000000000000E+00));
#62770=DIRECTION('',(1.0000000000000000E+00,0.0000000000000000E+00,
   0.0000000000000000E+00));
#62780=AXIS2_PLACEMENT_3D('',#62750,#62760,#62770);
#62790=CIRCLE('',#62780,6.5000000000000002E-01);
#62800=CARTESIAN_POINT('',(-3.6504003587298214E+01,
   1.5508852824316122E+01,2.0000000000000000E+01));
#62810=VERTEX_POINT('',#62800);
#62820=CARTESIAN_POINT('',(-3.5204003587298217E+01,
   1.5508852824316122E+01,2.0000000000000000E+01));
#62830=VERTEX_POINT('',#62820);
#62840=EDGE_CURVE('',#62810,#62830,#62790,.T.);
#62850=ORIENTED_EDGE('',*,*,#62840,.F.);
#62860=EDGE_CURVE('',#62830,#62810,#62790,.T.);
#62870=ORIENTED_EDGE('',*,*,#62860,.F.);
#62880=EDGE_LOOP('',(#62870,#62850));
#62890=FACE_BOUND('',#62880,.T.);
#62900=ADVANCED_FACE('',(#61360,#61410,#61460,#61510,#61660,#62590,
   #62740,#62890),#61210,.T.);
#62910=COLOUR_RGB('',5.0196081399917603E-01,1.0000000000000000E+00,
   5.0196081399917603E-01);
#62920=FILL_AREA_STYLE_COLOUR('',#62910);
#62930=FILL_AREA_STYLE('',(#62920));
#62940=SURFACE_STYLE_FILL_AREA(#62930);
#62950=SURFACE_SIDE_STYLE('',(#62940));
#62960=SURFACE_STYLE_USAGE(.BOTH.,#62950);
#62970=PRESENTATION_STYLE_ASSIGNMENT((#62960));
#62980=CARTESIAN_POINT('',(-3.5854003587298216E+01,
   1.5508852824316122E+01,1.5000000000000004E+01));
#62990=DIRECTION('',(0.0000000000000000E+00,-1.0000000000000000E+00,
   0.0000000000000000E+00));
#63000=DIRECTION('',(1.0000000000000000E+00,0.0000000000000000E+00,
   0.0000000000000000E+00));
#63010=AXIS2_PLACEMENT_3D('',#62980,#62990,#63000);
#63020=CYLINDRICAL_SURFACE('',#63010,6.5000000000000002E-01);
#63030=CARTESIAN_POINT('',(-3.5204003587298217E+01,
   1.5508852824316122E+01,1.5000000000000004E+01));
#63040=DIRECTION('',(0.0000000000000000E+00,-1.0000000000000000E+00,
   0.0000000000000000E+00));
#63050=VECTOR('',#63040,1.0000000000000000E+00);
#63060=LINE('',#63030,#63050);
#63070=CARTESIAN_POINT('',(-3.5204003587298217E+01,
   1.5008852824316122E+01,1.5000000000000004E+01));
#63080=VERTEX_POINT('',#63070);
#63090=EDGE_CURVE('',#61300,#63080,#63060,.T.);
#63100=ORIENTED_EDGE('',*,*,#63090,.T.);
#63110=ORIENTED_EDGE('',*,*,#61310,.T.);
#63120=CARTESIAN_POINT('',(-3.6504003587298214E+01,
   1.5508852824316122E+01,1.5000000000000004E+01));
#63130=DIRECTION('',(0.0000000000000000E+00,-1.0000000000000000E+00,
   0.0000000000000000E+00));
#63140=VECTOR('',#63130,1.0000000000000000E+00);
#63150=LINE('',#63120,#63140);
#63160=CARTESIAN_POINT('',(-3.6504003587298214E+01,
   1.5008852824316122E+01,1.5000000000000004E+01));
#63170=VERTEX_POINT('',#63160);
#63180=EDGE_CURVE('',#61280,#63170,#63150,.T.);
#63190=ORIENTED_EDGE('',*,*,#63180,.F.);
#63200=CARTESIAN_POINT('',(-3.5854003587298216E+01,
   1.5008852824316122E+01,1.5000000000000004E+01));
#63210=DIRECTION('',(0.0000000000000000E+00,-1.0000000000000000E+00,
   0.0000000000000000E+00));
#63220=DIRECTION('',(1.0000000000000000E+00,0.0000000000000000E+00,
   0.0000000000000000E+00));
#63230=AXIS2_PLACEMENT_3D('',#63200,#63210,#63220);
#63240=CIRCLE('',#63230,6.5000000000000002E-01);
#63250=EDGE_CURVE('',#63170,#63080,#63240,.T.);
#63260=ORIENTED_EDGE('',*,*,#63250,.F.);
#63270=EDGE_LOOP('',(#63260,#63190,#63110,#63100));
#63280=FACE_OUTER_BOUND('',#63270,.T.);
#63290=ADVANCED_FACE('',(#63280),#63020,.T.);
#63300=COLOUR_RGB('',9.4901967048645020E-01,9.4901967048645020E-01,
   1.0000000000000000E+00);
#63310=FILL_AREA_STYLE_COLOUR('',#63300);
#63320=FILL_AREA_STYLE('',(#63310));
#63330=SURFACE_STYLE_FILL_AREA(#63320);
#63340=SURFACE_SIDE_STYLE('',(#63330));
#63350=SURFACE_STYLE_USAGE(.BOTH.,#63340);
#63360=PRESENTATION_STYLE_ASSIGNMENT((#63350));
#63370=CARTESIAN_POINT('',(-3.5581516213882892E+01,
   2.3538852824316109E+01,1.4752512626584686E+01));
#63380=DIRECTION('',(0.0000000000000000E+00,1.0000000000000000E+00,
   0.0000000000000000E+00));
#63390=DIRECTION('',(7.0710678118654746E-01,0.0000000000000000E+00,
   -7.0710678118654757E-01));
#63400=AXIS2_PLACEMENT_3D('',#63370,#63380,#63390);
#63410=PLANE('',#63400);
#63420=CARTESIAN_POINT('',(-8.8925674828030196E+01,
   2.3538852824316109E+01,-3.8591645987562615E+01));
#63430=DIRECTION('',(-7.0710678118654757E-01,0.0000000000000000E+00,
   -7.0710678118654746E-01));
#63440=VECTOR('',#63430,1.0000000000000000E+00);
#63450=LINE('',#63420,#63440);
#63460=CARTESIAN_POINT('',(-3.5334028840467575E+01,
   2.3538852824316109E+01,1.5000000000000004E+01));
#63470=VERTEX_POINT('',#63460);
#63480=CARTESIAN_POINT('',(-3.5973036748504086E+01,
   2.3538852824316109E+01,1.4360992091963382E+01));
#63490=VERTEX_POINT('',#63480);
#63500=EDGE_CURVE('',#63470,#63490,#63450,.T.);
#63510=ORIENTED_EDGE('',*,*,#63500,.T.);
#63520=CARTESIAN_POINT('',(-8.8925674828030196E+01,
   2.3538852824316109E+01,1.5000000000000004E+01));
#63530=DIRECTION('',(-1.0000000000000000E+00,0.0000000000000000E+00,
   0.0000000000000000E+00));
#63540=VECTOR('',#63530,1.0000000000000000E+00);
#63550=LINE('',#63520,#63540);
#63560=CARTESIAN_POINT('',(-3.6323978334128768E+01,
   2.3538852824316109E+01,1.5000000000000004E+01));
#63570=VERTEX_POINT('',#63560);
#63580=EDGE_CURVE('',#63470,#63570,#63550,.T.);
#63590=ORIENTED_EDGE('',*,*,#63580,.F.);
#63600=EDGE_CURVE('',#63570,#36540,#36520,.T.);
#63610=ORIENTED_EDGE('',*,*,#63600,.F.);
#63620=CARTESIAN_POINT('',(-3.5854003587298216E+01,
   2.3538852824316109E+01,1.5000000000000004E+01));
#63630=DIRECTION('',(0.0000000000000000E+00,-1.0000000000000000E+00,
   0.0000000000000000E+00));
#63640=DIRECTION('',(1.0000000000000000E+00,0.0000000000000000E+00,
   0.0000000000000000E+00));
#63650=AXIS2_PLACEMENT_3D('',#63620,#63630,#63640);
#63660=CIRCLE('',#63650,6.5000000000000002E-01);
#63670=EDGE_CURVE('',#36540,#63490,#63660,.T.);
#63680=ORIENTED_EDGE('',*,*,#63670,.F.);
#63690=EDGE_LOOP('',(#63680,#63610,#63590,#63510));
#63700=FACE_OUTER_BOUND('',#63690,.T.);
#63710=ADVANCED_FACE('',(#63700),#63410,.T.);
#63720=COLOUR_RGB('',9.4901967048645020E-01,9.4901967048645020E-01,
   1.0000000000000000E+00);
#63730=FILL_AREA_STYLE_COLOUR('',#63720);
#63740=FILL_AREA_STYLE('',(#63730));
#63750=SURFACE_STYLE_FILL_AREA(#63740);
#63760=SURFACE_SIDE_STYLE('',(#63750));
#63770=SURFACE_STYLE_USAGE(.BOTH.,#63760);
#63780=PRESENTATION_STYLE_ASSIGNMENT((#63770));
#63790=ORIENTED_EDGE('',*,*,#1810,.F.);
#63800=EDGE_CURVE('',#43590,#1730,#1710,.T.);
#63810=ORIENTED_EDGE('',*,*,#63800,.T.);
#63820=ORIENTED_EDGE('',*,*,#43600,.T.);
#63830=EDGE_LOOP('',(#63820,#63810,#63790));
#63840=FACE_OUTER_BOUND('',#63830,.T.);
#63850=ADVANCED_FACE('',(#63840),#1350,.T.);
#63860=COLOUR_RGB('',9.4901967048645020E-01,9.4901967048645020E-01,
   1.0000000000000000E+00);
#63870=FILL_AREA_STYLE_COLOUR('',#63860);
#63880=FILL_AREA_STYLE('',(#63870));
#63890=SURFACE_STYLE_FILL_AREA(#63880);
#63900=SURFACE_SIDE_STYLE('',(#63890));
#63910=SURFACE_STYLE_USAGE(.BOTH.,#63900);
#63920=PRESENTATION_STYLE_ASSIGNMENT((#63910));
#63930=CARTESIAN_POINT('',(-3.5581516213882892E+01,
   2.3538852824316109E+01,1.4752512626584686E+01));
#63940=DIRECTION('',(-7.0710678118654746E-01,0.0000000000000000E+00,
   7.0710678118654757E-01));
#63950=DIRECTION('',(0.0000000000000000E+00,1.0000000000000000E+00,
   0.0000000000000000E+00));
#63960=AXIS2_PLACEMENT_3D('',#63930,#63940,#63950);
#63970=PLANE('',#63960);
#63980=ORIENTED_EDGE('',*,*,#4590,.F.);
#63990=CARTESIAN_POINT('',(-3.5334028840467575E+01,
   -2.6716239164827719E+01,1.5000000000000004E+01));
#64000=DIRECTION('',(-0.0000000000000000E+00,-1.0000000000000000E+00,
   0.0000000000000000E+00));
#64010=VECTOR('',#64000,1.0000000000000000E+00);
#64020=LINE('',#63990,#64010);
#64030=EDGE_CURVE('',#4500,#63470,#64020,.T.);
#64040=ORIENTED_EDGE('',*,*,#64030,.F.);
#64050=ORIENTED_EDGE('',*,*,#63500,.F.);
#64060=CARTESIAN_POINT('',(-3.5973036748504178E+01,
   3.5508852824316115E+01,1.4360992091963400E+01));
#64070=DIRECTION('',(0.0000000000000000E+00,-1.0000000000000000E+00,
   0.0000000000000000E+00));
#64080=VECTOR('',#64070,1.0000000000000000E+00);
#64090=LINE('',#64060,#64080);
#64100=EDGE_CURVE('',#4580,#63490,#64090,.T.);
#64110=ORIENTED_EDGE('',*,*,#64100,.T.);
#64120=EDGE_LOOP('',(#64110,#64050,#64040,#63980));
#64130=FACE_OUTER_BOUND('',#64120,.T.);
#64140=ADVANCED_FACE('',(#64130),#63970,.T.);
#64150=COLOUR_RGB('',9.4901967048645020E-01,9.4901967048645020E-01,
   1.0000000000000000E+00);
#64160=FILL_AREA_STYLE_COLOUR('',#64150);
#64170=FILL_AREA_STYLE('',(#64160));
#64180=SURFACE_STYLE_FILL_AREA(#64170);
#64190=SURFACE_SIDE_STYLE('',(#64180));
#64200=SURFACE_STYLE_USAGE(.BOTH.,#64190);
#64210=PRESENTATION_STYLE_ASSIGNMENT((#64200));
#64220=CARTESIAN_POINT('',(-3.6076490960713485E+01,
   2.4538852824316109E+01,1.0247487373415286E+01));
#64230=DIRECTION('',(7.0710678118654746E-01,0.0000000000000000E+00,
   -7.0710678118654757E-01));
#64240=DIRECTION('',(0.0000000000000000E+00,-1.0000000000000000E+00,
   0.0000000000000000E+00));
#64250=AXIS2_PLACEMENT_3D('',#64220,#64230,#64240);
#64260=PLANE('',#64250);
#64270=ORIENTED_EDGE('',*,*,#51370,.F.);
#64280=ORIENTED_EDGE('',*,*,#56550,.T.);
#64290=EDGE_CURVE('',#40330,#51940,#40310,.T.);
#64300=ORIENTED_EDGE('',*,*,#64290,.T.);
#64310=CARTESIAN_POINT('',(-3.5693983448967970E+01,
   3.5508852824316115E+01,1.0629994885160803E+01));
#64320=DIRECTION('',(0.0000000000000000E+00,-1.0000000000000000E+00,
   0.0000000000000000E+00));
#64330=VECTOR('',#64320,1.0000000000000000E+00);
#64340=LINE('',#64310,#64330);
#64350=EDGE_CURVE('',#50970,#40330,#64340,.T.);
#64360=ORIENTED_EDGE('',*,*,#64350,.T.);
#64370=EDGE_LOOP('',(#64360,#64300,#64280,#64270));
#64380=FACE_OUTER_BOUND('',#64370,.T.);
#64390=ADVANCED_FACE('',(#64380),#64260,.T.);
#64400=COLOUR_RGB('',9.4901967048645020E-01,9.4901967048645020E-01,
   1.0000000000000000E+00);
#64410=FILL_AREA_STYLE_COLOUR('',#64400);
#64420=FILL_AREA_STYLE('',(#64410));
#64430=SURFACE_STYLE_FILL_AREA(#64420);
#64440=SURFACE_SIDE_STYLE('',(#64430));
#64450=SURFACE_STYLE_USAGE(.BOTH.,#64440);
#64460=PRESENTATION_STYLE_ASSIGNMENT((#64450));
#64470=ORIENTED_EDGE('',*,*,#53830,.F.);
#64480=ORIENTED_EDGE('',*,*,#64100,.F.);
#64490=CARTESIAN_POINT('',(-3.6902027478507286E+01,
   2.3538852824316109E+01,1.3432001361960250E+01));
#64500=VERTEX_POINT('',#64490);
#64510=EDGE_CURVE('',#63490,#64500,#63450,.T.);
#64520=ORIENTED_EDGE('',*,*,#64510,.F.);
#64530=CARTESIAN_POINT('',(-3.6902027478507307E+01,
   2.3082795793605840E+01,1.3432001361960266E+01));
#64540=DIRECTION('',(0.0000000000000000E+00,1.0000000000000000E+00,
   0.0000000000000000E+00));
#64550=VECTOR('',#64540,1.0000000000000000E+00);
#64560=LINE('',#64530,#64550);
#64570=EDGE_CURVE('',#64500,#53820,#64560,.T.);
#64580=ORIENTED_EDGE('',*,*,#64570,.F.);
#64590=EDGE_LOOP('',(#64580,#64520,#64480,#64470));
#64600=FACE_OUTER_BOUND('',#64590,.T.);
#64610=ADVANCED_FACE('',(#64600),#63970,.T.);
#64620=COLOUR_RGB('',9.4901967048645020E-01,9.4901967048645020E-01,
   1.0000000000000000E+00);
#64630=FILL_AREA_STYLE_COLOUR('',#64620);
#64640=FILL_AREA_STYLE('',(#64630));
#64650=SURFACE_STYLE_FILL_AREA(#64640);
#64660=SURFACE_SIDE_STYLE('',(#64650));
#64670=SURFACE_STYLE_USAGE(.BOTH.,#64660);
#64680=PRESENTATION_STYLE_ASSIGNMENT((#64670));
#64690=CARTESIAN_POINT('',(-3.5829003587298203E+01,
   2.4538852824316116E+01,2.0000000000000004E+01));
#64700=DIRECTION('',(0.0000000000000000E+00,1.0000000000000000E+00,
   0.0000000000000000E+00));
#64710=DIRECTION('',(-1.0000000000000000E+00,0.0000000000000000E+00,
   0.0000000000000000E+00));
#64720=AXIS2_PLACEMENT_3D('',#64690,#64700,#64710);
#64730=CIRCLE('',#64720,1.8999999999999999E+00);
#64740=CARTESIAN_POINT('',(-3.4261004949258471E+01,
   2.4538852824316116E+01,2.1073023891209107E+01));
#64750=VERTEX_POINT('',#64740);
#64760=CARTESIAN_POINT('',(-3.3929003587298205E+01,
   2.4538852824316116E+01,2.0000000000000004E+01));
#64770=VERTEX_POINT('',#64760);
#64780=EDGE_CURVE('',#64750,#64770,#64730,.T.);
#64790=ORIENTED_EDGE('',*,*,#64780,.T.);
#64800=CARTESIAN_POINT('',(-8.8925674828030196E+01,
   2.4538852824316116E+01,-3.3591645987562615E+01));
#64810=DIRECTION('',(7.0710678118654757E-01,0.0000000000000000E+00,
   7.0710678118654746E-01));
#64820=VECTOR('',#64810,1.0000000000000000E+00);
#64830=LINE('',#64800,#64820);
#64840=CARTESIAN_POINT('',(-3.5214995679261612E+01,
   2.4538852824316116E+01,2.0119033161205962E+01));
#64850=VERTEX_POINT('',#64840);
#64860=EDGE_CURVE('',#64850,#64750,#64830,.T.);
#64870=ORIENTED_EDGE('',*,*,#64860,.T.);
#64880=CARTESIAN_POINT('',(-3.5854003587298216E+01,
   2.4538852824316116E+01,2.0000000000000000E+01));
#64890=DIRECTION('',(0.0000000000000000E+00,-1.0000000000000000E+00,
   0.0000000000000000E+00));
#64900=DIRECTION('',(1.0000000000000000E+00,0.0000000000000000E+00,
   0.0000000000000000E+00));
#64910=AXIS2_PLACEMENT_3D('',#64880,#64890,#64900);
#64920=CIRCLE('',#64910,6.5000000000000002E-01);
#64930=EDGE_CURVE('',#54500,#64850,#64920,.T.);
#64940=ORIENTED_EDGE('',*,*,#64930,.T.);
#64950=ORIENTED_EDGE('',*,*,#54680,.T.);
#64960=CARTESIAN_POINT('',(-3.6902027478507307E+01,
   2.4538852824316116E+01,1.8432001361960268E+01));
#64970=VERTEX_POINT('',#64960);
#64980=EDGE_CURVE('',#64970,#54600,#54580,.T.);
#64990=ORIENTED_EDGE('',*,*,#64980,.T.);
#65000=EDGE_CURVE('',#64770,#64970,#64730,.T.);
#65010=ORIENTED_EDGE('',*,*,#65000,.T.);
#65020=EDGE_LOOP('',(#65010,#64990,#64950,#64940,#64870,#64790));
#65030=FACE_OUTER_BOUND('',#65020,.T.);
#65040=ADVANCED_FACE('',(#65030),#54440,.T.);
#65050=COLOUR_RGB('',9.4901967048645020E-01,9.4901967048645020E-01,
   1.0000000000000000E+00);
#65060=FILL_AREA_STYLE_COLOUR('',#65050);
#65070=FILL_AREA_STYLE('',(#65060));
#65080=SURFACE_STYLE_FILL_AREA(#65070);
#65090=SURFACE_SIDE_STYLE('',(#65080));
#65100=SURFACE_STYLE_USAGE(.BOTH.,#65090);
#65110=PRESENTATION_STYLE_ASSIGNMENT((#65100));
#65120=CARTESIAN_POINT('',(-3.8579003587298217E+01,
   1.7278852824316125E+01,2.6375000000000000E+01));
#65130=DIRECTION('',(3.5305725243424335E-01,-0.0000000000000000E+00,
   9.3560171895074196E-01));
#65140=DIRECTION('',(9.3560171895074196E-01,0.0000000000000000E+00,
   -3.5305725243424335E-01));
#65150=AXIS2_PLACEMENT_3D('',#65120,#65130,#65140);
#65160=PLANE('',#65150);
#65170=CARTESIAN_POINT('',(-3.8579003587298217E+01,
   0.0000000000000000E+00,2.6375000000000000E+01));
#65180=DIRECTION('',(0.0000000000000000E+00,1.0000000000000000E+00,
   0.0000000000000000E+00));
#65190=VECTOR('',#65180,1.0000000000000000E+00);
#65200=LINE('',#65170,#65190);
#65210=CARTESIAN_POINT('',(-3.8579003587298210E+01,
   1.7278852824316125E+01,2.6375000000000000E+01));
#65220=VERTEX_POINT('',#65210);
#65230=EDGE_CURVE('',#65220,#48830,#65200,.T.);
#65240=ORIENTED_EDGE('',*,*,#65230,.F.);
#65250=CARTESIAN_POINT('',(-3.3426648001645773E+01,
   0.0000000000000000E+00,2.4430714873338694E+01));
#65260=DIRECTION('',(-2.5759337550319977E-01,9.6135156507110675E-01,
   9.7205047359698329E-02));
#65270=VECTOR('',#65260,1.0000000000000000E+00);
#65280=LINE('',#65250,#65270);
#65290=CARTESIAN_POINT('',(-3.8876268972941219E+01,
   2.0338262346867381E+01,2.6487175617223773E+01));
#65300=VERTEX_POINT('',#65290);
#65310=EDGE_CURVE('',#48830,#65300,#65280,.T.);
#65320=ORIENTED_EDGE('',*,*,#65310,.F.);
#65330=CARTESIAN_POINT('',(-3.9359231886085752E+01,
   2.0208852824316125E+01,2.6669425773127372E+01));
#65340=DIRECTION('',(3.5305725243424335E-01,0.0000000000000000E+00,
   9.3560171895074196E-01));
#65350=DIRECTION('',(9.3560171895074185E-01,0.0000000000000000E+00,
   -3.5305725243424330E-01));
#65360=AXIS2_PLACEMENT_3D('',#65330,#65340,#65350);
#65370=ELLIPSE('',#65360,5.3441543540635905E-01,4.9999999999999867E-01);
#65380=CARTESIAN_POINT('',(-3.9359231886085752E+01,
   2.0708852824316118E+01,2.6669425773127372E+01));
#65390=VERTEX_POINT('',#65380);
#65400=EDGE_CURVE('',#65300,#65390,#65370,.T.);
#65410=ORIENTED_EDGE('',*,*,#65400,.F.);
#65420=CARTESIAN_POINT('',(0.0000000000000000E+00,2.0708852824316118E+01
   ,1.1816885438755342E+01));
#65430=DIRECTION('',(-9.3560171895074196E-01,0.0000000000000000E+00,
   3.5305725243424335E-01));
#65440=VECTOR('',#65430,1.0000000000000000E+00);
#65450=LINE('',#65420,#65440);
#65460=CARTESIAN_POINT('',(-3.9904003587298213E+01,
   2.0708852824316118E+01,2.6874999999999996E+01));
#65470=VERTEX_POINT('',#65460);
#65480=EDGE_CURVE('',#65390,#65470,#65450,.T.);
#65490=ORIENTED_EDGE('',*,*,#65480,.F.);
#65500=CARTESIAN_POINT('',(-3.9904003587298213E+01,
   0.0000000000000000E+00,2.6875000000000000E+01));
#65510=DIRECTION('',(0.0000000000000000E+00,-1.0000000000000000E+00,
   0.0000000000000000E+00));
#65520=VECTOR('',#65510,1.0000000000000000E+00);
#65530=LINE('',#65500,#65520);
#65540=CARTESIAN_POINT('',(-3.9904003587298213E+01,
   1.6351077836188253E+01,2.6874999999999996E+01));
#65550=VERTEX_POINT('',#65540);
#65560=EDGE_CURVE('',#65470,#65550,#65530,.T.);
#65570=ORIENTED_EDGE('',*,*,#65560,.F.);
#65580=CARTESIAN_POINT('',(0.0000000000000000E+00,4.4292161952761923E+01
   ,1.1816885438755342E+01));
#65590=DIRECTION('',(7.8261493238007862E-01,5.4799287516801631E-01,
   -2.9532638957738910E-01));
#65600=VECTOR('',#65590,1.0000000000000000E+00);
#65610=LINE('',#65580,#65600);
#65620=EDGE_CURVE('',#65550,#65220,#65610,.T.);
#65630=ORIENTED_EDGE('',*,*,#65620,.F.);
#65640=EDGE_LOOP('',(#65630,#65570,#65490,#65410,#65320,#65240));
#65650=FACE_OUTER_BOUND('',#65640,.T.);
#65660=ADVANCED_FACE('',(#65650),#65160,.F.);
#65670=COLOUR_RGB('',5.0196081399917603E-01,1.0000000000000000E+00,
   5.0196081399917603E-01);
#65680=FILL_AREA_STYLE_COLOUR('',#65670);
#65690=FILL_AREA_STYLE('',(#65680));
#65700=SURFACE_STYLE_FILL_AREA(#65690);
#65710=SURFACE_SIDE_STYLE('',(#65700));
#65720=SURFACE_STYLE_USAGE(.BOTH.,#65710);
#65730=PRESENTATION_STYLE_ASSIGNMENT((#65720));
#65740=ORIENTED_EDGE('',*,*,#63800,.F.);
#65750=ORIENTED_EDGE('',*,*,#51620,.F.);
#65760=EDGE_CURVE('',#40160,#51840,#40120,.T.);
#65770=ORIENTED_EDGE('',*,*,#65760,.F.);
#65780=ORIENTED_EDGE('',*,*,#52750,.T.);
#65790=EDGE_LOOP('',(#65780,#65770,#65750,#65740));
#65800=FACE_OUTER_BOUND('',#65790,.T.);
#65810=ADVANCED_FACE('',(#65800),#51540,.T.);
#65820=COLOUR_RGB('',9.4901967048645020E-01,9.4901967048645020E-01,
   1.0000000000000000E+00);
#65830=FILL_AREA_STYLE_COLOUR('',#65820);
#65840=FILL_AREA_STYLE('',(#65830));
#65850=SURFACE_STYLE_FILL_AREA(#65840);
#65860=SURFACE_SIDE_STYLE('',(#65850));
#65870=SURFACE_STYLE_USAGE(.BOTH.,#65860);
#65880=PRESENTATION_STYLE_ASSIGNMENT((#65870));
#65890=CARTESIAN_POINT('',(-3.9359231886085752E+01,
   2.0708852824316118E+01,1.0000000000000004E+01));
#65900=DIRECTION('',(-0.0000000000000000E+00,1.0000000000000000E+00,
   0.0000000000000000E+00));
#65910=DIRECTION('',(1.0000000000000000E+00,0.0000000000000000E+00,
   0.0000000000000000E+00));
#65920=AXIS2_PLACEMENT_3D('',#65890,#65900,#65910);
#65930=PLANE('',#65920);
#65940=ORIENTED_EDGE('',*,*,#60060,.T.);
#65950=CARTESIAN_POINT('',(-3.9904003587298213E+01,
   2.0708852824316118E+01,1.5000000000000004E+01));
#65960=DIRECTION('',(0.0000000000000000E+00,0.0000000000000000E+00,
   -1.0000000000000000E+00));
#65970=VECTOR('',#65960,1.0000000000000000E+00);
#65980=LINE('',#65950,#65970);
#65990=CARTESIAN_POINT('',(-3.9904003587298213E+01,
   2.0708852824316118E+01,1.1875000000000002E+01));
#66000=VERTEX_POINT('',#65990);
#66010=EDGE_CURVE('',#66000,#60050,#65980,.T.);
#66020=ORIENTED_EDGE('',*,*,#66010,.T.);
#66030=CARTESIAN_POINT('',(0.0000000000000000E+00,2.0708852824316118E+01
   ,-3.1831145612446541E+00));
#66040=DIRECTION('',(-9.3560171895074196E-01,0.0000000000000000E+00,
   3.5305725243424335E-01));
#66050=VECTOR('',#66040,1.0000000000000000E+00);
#66060=LINE('',#66030,#66050);
#66070=EDGE_CURVE('',#52290,#66000,#66060,.T.);
#66080=ORIENTED_EDGE('',*,*,#66070,.T.);
#66090=ORIENTED_EDGE('',*,*,#52530,.F.);
#66100=EDGE_LOOP('',(#66090,#66080,#66020,#65940));
#66110=FACE_OUTER_BOUND('',#66100,.T.);
#66120=ADVANCED_FACE('',(#66110),#65930,.F.);
#66130=COLOUR_RGB('',5.0196081399917603E-01,1.0000000000000000E+00,
   5.0196081399917603E-01);
#66140=FILL_AREA_STYLE_COLOUR('',#66130);
#66150=FILL_AREA_STYLE('',(#66140));
#66160=SURFACE_STYLE_FILL_AREA(#66150);
#66170=SURFACE_SIDE_STYLE('',(#66160));
#66180=SURFACE_STYLE_USAGE(.BOTH.,#66170);
#66190=PRESENTATION_STYLE_ASSIGNMENT((#66180));
#66200=ORIENTED_EDGE('',*,*,#64510,.T.);
#66210=ORIENTED_EDGE('',*,*,#63670,.T.);
#66220=ORIENTED_EDGE('',*,*,#36550,.F.);
#66230=CARTESIAN_POINT('',(-3.5829003587298203E+01,
   2.3538852824316109E+01,1.5000000000000004E+01));
#66240=DIRECTION('',(0.0000000000000000E+00,1.0000000000000000E+00,
   0.0000000000000000E+00));
#66250=DIRECTION('',(-1.0000000000000000E+00,0.0000000000000000E+00,
   0.0000000000000000E+00));
#66260=AXIS2_PLACEMENT_3D('',#66230,#66240,#66250);
#66270=CIRCLE('',#66260,1.8999999999999999E+00);
#66280=EDGE_CURVE('',#64500,#36460,#66270,.T.);
#66290=ORIENTED_EDGE('',*,*,#66280,.T.);
#66300=EDGE_LOOP('',(#66290,#66220,#66210,#66200));
#66310=FACE_OUTER_BOUND('',#66300,.T.);
#66320=ADVANCED_FACE('',(#66310),#63410,.T.);
#66330=COLOUR_RGB('',9.4901967048645020E-01,9.4901967048645020E-01,
   1.0000000000000000E+00);
#66340=FILL_AREA_STYLE_COLOUR('',#66330);
#66350=FILL_AREA_STYLE('',(#66340));
#66360=SURFACE_STYLE_FILL_AREA(#66350);
#66370=SURFACE_SIDE_STYLE('',(#66360));
#66380=SURFACE_STYLE_USAGE(.BOTH.,#66370);
#66390=PRESENTATION_STYLE_ASSIGNMENT((#66380));
#66400=CARTESIAN_POINT('',(-3.6104003587298216E+01,
   1.5008852824316122E+01,1.4500000000000004E+01));
#66410=DIRECTION('',(-1.0000000000000000E+00,0.0000000000000000E+00,
   0.0000000000000000E+00));
#66420=DIRECTION('',(0.0000000000000000E+00,0.0000000000000000E+00,
   1.0000000000000000E+00));
#66430=AXIS2_PLACEMENT_3D('',#66400,#66410,#66420);
#66440=PLANE('',#66430);
#66450=CARTESIAN_POINT('',(-3.6104003587298216E+01,
   1.5008852824316122E+01,2.0000000000000004E+01));
#66460=DIRECTION('',(0.0000000000000000E+00,0.0000000000000000E+00,
   -1.0000000000000000E+00));
#66470=VECTOR('',#66460,1.0000000000000000E+00);
#66480=LINE('',#66450,#66470);
#66490=CARTESIAN_POINT('',(-3.6104003587298216E+01,
   1.5008852824316122E+01,1.5500000000000004E+01));
#66500=VERTEX_POINT('',#66490);
#66510=CARTESIAN_POINT('',(-3.6104003587298216E+01,
   1.5008852824316122E+01,1.5000000000000004E+01));
#66520=VERTEX_POINT('',#66510);
#66530=EDGE_CURVE('',#66500,#66520,#66480,.T.);
#66540=ORIENTED_EDGE('',*,*,#66530,.T.);
#66550=CARTESIAN_POINT('',(-3.6104003587298216E+01,
   1.5008852824316122E+01,1.5500000000000004E+01));
#66560=DIRECTION('',(0.0000000000000000E+00,-1.0000000000000000E+00,
   0.0000000000000000E+00));
#66570=VECTOR('',#66560,1.0000000000000000E+00);
#66580=LINE('',#66550,#66570);
#66590=CARTESIAN_POINT('',(-3.6104003587298216E+01,
   1.3008852824316122E+01,1.5500000000000004E+01));
#66600=VERTEX_POINT('',#66590);
#66610=EDGE_CURVE('',#66500,#66600,#66580,.T.);
#66620=ORIENTED_EDGE('',*,*,#66610,.F.);
#66630=CARTESIAN_POINT('',(-3.6104003587298216E+01,
   -2.6716239164827719E+01,4.8556936822568630E+00));
#66640=DIRECTION('',(0.0000000000000000E+00,-9.6592582628906842E-01,
   -2.5881904510252046E-01));
#66650=VECTOR('',#66640,1.0000000000000000E+00);
#66660=LINE('',#66630,#66650);
#66670=CARTESIAN_POINT('',(-3.6104003587298216E+01,
   1.2008852824316129E+01,1.5232050807568882E+01));
#66680=VERTEX_POINT('',#66670);
#66690=EDGE_CURVE('',#66600,#66680,#66660,.T.);
#66700=ORIENTED_EDGE('',*,*,#66690,.F.);
#66710=CARTESIAN_POINT('',(-3.6104003587298216E+01,
   1.2008852824316122E+01,1.5500000000000004E+01));
#66720=DIRECTION('',(0.0000000000000000E+00,0.0000000000000000E+00,
   -1.0000000000000000E+00));
#66730=VECTOR('',#66720,1.0000000000000000E+00);
#66740=LINE('',#66710,#66730);
#66750=EDGE_CURVE('',#66680,#60590,#66740,.T.);
#66760=ORIENTED_EDGE('',*,*,#66750,.F.);
#66770=ORIENTED_EDGE('',*,*,#60600,.T.);
#66780=ORIENTED_EDGE('',*,*,#58630,.T.);
#66790=CARTESIAN_POINT('',(-3.6104003587298216E+01,
   1.5008852824316122E+01,1.5000000000000004E+01));
#66800=DIRECTION('',(0.0000000000000000E+00,0.0000000000000000E+00,
   -1.0000000000000000E+00));
#66810=VECTOR('',#66800,1.0000000000000000E+00);
#66820=LINE('',#66790,#66810);
#66830=EDGE_CURVE('',#66520,#58600,#66820,.T.);
#66840=ORIENTED_EDGE('',*,*,#66830,.T.);
#66850=EDGE_LOOP('',(#66840,#66780,#66770,#66760,#66700,#66620,#66540));
#66860=FACE_OUTER_BOUND('',#66850,.T.);
#66870=ADVANCED_FACE('',(#66860),#66440,.T.);
#66880=COLOUR_RGB('',9.4901967048645020E-01,9.4901967048645020E-01,
   1.0000000000000000E+00);
#66890=FILL_AREA_STYLE_COLOUR('',#66880);
#66900=FILL_AREA_STYLE('',(#66890));
#66910=SURFACE_STYLE_FILL_AREA(#66900);
#66920=SURFACE_SIDE_STYLE('',(#66910));
#66930=SURFACE_STYLE_USAGE(.BOTH.,#66920);
#66940=PRESENTATION_STYLE_ASSIGNMENT((#66930));
#66950=CARTESIAN_POINT('',(-3.8579003587298217E+01,
   1.7278852824316125E+01,1.1375000000000002E+01));
#66960=DIRECTION('',(3.5305725243424335E-01,-0.0000000000000000E+00,
   9.3560171895074196E-01));
#66970=DIRECTION('',(9.3560171895074196E-01,0.0000000000000000E+00,
   -3.5305725243424335E-01));
#66980=AXIS2_PLACEMENT_3D('',#66950,#66960,#66970);
#66990=PLANE('',#66980);
#67000=CARTESIAN_POINT('',(-3.8579003587298217E+01,
   0.0000000000000000E+00,1.1375000000000004E+01));
#67010=DIRECTION('',(0.0000000000000000E+00,1.0000000000000000E+00,
   0.0000000000000000E+00));
#67020=VECTOR('',#67010,1.0000000000000000E+00);
#67030=LINE('',#67000,#67020);
#67040=CARTESIAN_POINT('',(-3.8579003587298210E+01,
   1.7278852824316125E+01,1.1375000000000004E+01));
#67050=VERTEX_POINT('',#67040);
#67060=EDGE_CURVE('',#67050,#59360,#67030,.T.);
#67070=ORIENTED_EDGE('',*,*,#67060,.F.);
#67080=CARTESIAN_POINT('',(-3.3426648001645773E+01,
   0.0000000000000000E+00,9.4307148733386974E+00));
#67090=DIRECTION('',(-2.5759337550319977E-01,9.6135156507110675E-01,
   9.7205047359698329E-02));
#67100=VECTOR('',#67090,1.0000000000000000E+00);
#67110=LINE('',#67080,#67100);
#67120=EDGE_CURVE('',#59360,#52270,#67110,.T.);
#67130=ORIENTED_EDGE('',*,*,#67120,.F.);
#67140=ORIENTED_EDGE('',*,*,#52300,.F.);
#67150=ORIENTED_EDGE('',*,*,#66070,.F.);
#67160=CARTESIAN_POINT('',(-3.9904003587298213E+01,
   0.0000000000000000E+00,1.1875000000000000E+01));
#67170=DIRECTION('',(0.0000000000000000E+00,1.0000000000000000E+00,
   0.0000000000000000E+00));
#67180=VECTOR('',#67170,1.0000000000000000E+00);
#67190=LINE('',#67160,#67180);
#67200=CARTESIAN_POINT('',(-3.9904003587298213E+01,
   1.6351077836188253E+01,1.1875000000000000E+01));
#67210=VERTEX_POINT('',#67200);
#67220=EDGE_CURVE('',#67210,#66000,#67190,.T.);
#67230=ORIENTED_EDGE('',*,*,#67220,.T.);
#67240=CARTESIAN_POINT('',(0.0000000000000000E+00,4.4292161952761923E+01
   ,-3.1831145612446541E+00));
#67250=DIRECTION('',(7.8261493238007862E-01,5.4799287516801631E-01,
   -2.9532638957738910E-01));
#67260=VECTOR('',#67250,1.0000000000000000E+00);
#67270=LINE('',#67240,#67260);
#67280=EDGE_CURVE('',#67210,#67050,#67270,.T.);
#67290=ORIENTED_EDGE('',*,*,#67280,.F.);
#67300=EDGE_LOOP('',(#67290,#67230,#67150,#67140,#67130,#67070));
#67310=FACE_OUTER_BOUND('',#67300,.T.);
#67320=ADVANCED_FACE('',(#67310),#66990,.F.);
#67330=COLOUR_RGB('',5.0196081399917603E-01,1.0000000000000000E+00,
   5.0196081399917603E-01);
#67340=FILL_AREA_STYLE_COLOUR('',#67330);
#67350=FILL_AREA_STYLE('',(#67340));
#67360=SURFACE_STYLE_FILL_AREA(#67350);
#67370=SURFACE_SIDE_STYLE('',(#67360));
#67380=SURFACE_STYLE_USAGE(.BOTH.,#67370);
#67390=PRESENTATION_STYLE_ASSIGNMENT((#67380));
#67400=CARTESIAN_POINT('',(-3.5829003587298203E+01,
   2.3082795793605840E+01,2.0000000000000004E+01));
#67410=DIRECTION('',(0.0000000000000000E+00,1.0000000000000000E+00,
   0.0000000000000000E+00));
#67420=DIRECTION('',(-1.0000000000000000E+00,0.0000000000000000E+00,
   0.0000000000000000E+00));
#67430=AXIS2_PLACEMENT_3D('',#67400,#67410,#67420);
#67440=CYLINDRICAL_SURFACE('',#67430,1.8999999999999999E+00);
#67450=CARTESIAN_POINT('',(-3.7729003587298202E+01,
   2.3082795793605840E+01,2.0000000000000004E+01));
#67460=DIRECTION('',(0.0000000000000000E+00,1.0000000000000000E+00,
   0.0000000000000000E+00));
#67470=VECTOR('',#67460,1.0000000000000000E+00);
#67480=LINE('',#67450,#67470);
#67490=CARTESIAN_POINT('',(-3.7729003587298202E+01,
   2.3238852824316119E+01,2.0000000000000004E+01));
#67500=VERTEX_POINT('',#67490);
#67510=CARTESIAN_POINT('',(-3.7729003587298202E+01,
   2.4538852824316116E+01,2.0000000000000004E+01));
#67520=VERTEX_POINT('',#67510);
#67530=EDGE_CURVE('',#67500,#67520,#67480,.T.);
#67540=ORIENTED_EDGE('',*,*,#67530,.F.);
#67550=CARTESIAN_POINT('',(-3.5829003587298203E+01,
   2.4538852824316116E+01,2.0000000000000004E+01));
#67560=DIRECTION('',(0.0000000000000000E+00,1.0000000000000000E+00,
   0.0000000000000000E+00));
#67570=DIRECTION('',(-1.0000000000000000E+00,0.0000000000000000E+00,
   0.0000000000000000E+00));
#67580=AXIS2_PLACEMENT_3D('',#67550,#67560,#67570);
#67590=CIRCLE('',#67580,1.8999999999999999E+00);
#67600=CARTESIAN_POINT('',(-3.4755979696089121E+01,
   2.4538852824316116E+01,2.1567998638039754E+01));
#67610=VERTEX_POINT('',#67600);
#67620=EDGE_CURVE('',#67520,#67610,#67590,.T.);
#67630=ORIENTED_EDGE('',*,*,#67620,.F.);
#67640=CARTESIAN_POINT('',(-3.4755979696089057E+01,
   2.3082795793605840E+01,2.1567998638039708E+01));
#67650=DIRECTION('',(0.0000000000000000E+00,1.0000000000000000E+00,
   0.0000000000000000E+00));
#67660=VECTOR('',#67650,1.0000000000000000E+00);
#67670=LINE('',#67640,#67660);
#67680=CARTESIAN_POINT('',(-3.4755979696089057E+01,
   2.3538852824316109E+01,2.1567998638039708E+01));
#67690=VERTEX_POINT('',#67680);
#67700=EDGE_CURVE('',#67690,#67610,#67670,.T.);
#67710=ORIENTED_EDGE('',*,*,#67700,.T.);
#67720=CARTESIAN_POINT('',(-3.5829003587298203E+01,
   2.3538852824316109E+01,2.0000000000000000E+01));
#67730=DIRECTION('',(0.0000000000000000E+00,1.0000000000000000E+00,
   0.0000000000000000E+00));
#67740=DIRECTION('',(-1.0000000000000000E+00,0.0000000000000000E+00,
   0.0000000000000000E+00));
#67750=AXIS2_PLACEMENT_3D('',#67720,#67730,#67740);
#67760=CIRCLE('',#67750,1.8999999999999999E+00);
#67770=CARTESIAN_POINT('',(-3.4261004949258449E+01,
   2.3538852824316109E+01,2.1073023891209079E+01));
#67780=VERTEX_POINT('',#67770);
#67790=EDGE_CURVE('',#67690,#67780,#67760,.T.);
#67800=ORIENTED_EDGE('',*,*,#67790,.F.);
#67810=CARTESIAN_POINT('',(-3.4261004949258471E+01,
   2.3082795793605840E+01,2.1073023891209107E+01));
#67820=DIRECTION('',(0.0000000000000000E+00,1.0000000000000000E+00,
   0.0000000000000000E+00));
#67830=VECTOR('',#67820,1.0000000000000000E+00);
#67840=LINE('',#67810,#67830);
#67850=EDGE_CURVE('',#67780,#64750,#67840,.T.);
#67860=ORIENTED_EDGE('',*,*,#67850,.F.);
#67870=ORIENTED_EDGE('',*,*,#64780,.F.);
#67880=CARTESIAN_POINT('',(-3.3929003587298205E+01,
   2.3082795793605840E+01,2.0000000000000004E+01));
#67890=DIRECTION('',(0.0000000000000000E+00,1.0000000000000000E+00,
   0.0000000000000000E+00));
#67900=VECTOR('',#67890,1.0000000000000000E+00);
#67910=LINE('',#67880,#67900);
#67920=CARTESIAN_POINT('',(-3.3929003587298205E+01,
   2.3238852824316119E+01,2.0000000000000004E+01));
#67930=VERTEX_POINT('',#67920);
#67940=EDGE_CURVE('',#67930,#64770,#67910,.T.);
#67950=ORIENTED_EDGE('',*,*,#67940,.T.);
#67960=CARTESIAN_POINT('',(-3.5829003587298203E+01,
   2.3238852824316119E+01,2.0000000000000000E+01));
#67970=DIRECTION('',(0.0000000000000000E+00,1.0000000000000000E+00,
   0.0000000000000000E+00));
#67980=DIRECTION('',(-1.0000000000000000E+00,0.0000000000000000E+00,
   0.0000000000000000E+00));
#67990=AXIS2_PLACEMENT_3D('',#67960,#67970,#67980);
#68000=CIRCLE('',#67990,1.8999999999999999E+00);
#68010=EDGE_CURVE('',#67500,#67930,#68000,.T.);
#68020=ORIENTED_EDGE('',*,*,#68010,.T.);
#68030=EDGE_LOOP('',(#68020,#67950,#67870,#67860,#67800,#67710,#67630,
   #67540));
#68040=FACE_OUTER_BOUND('',#68030,.T.);
#68050=ADVANCED_FACE('',(#68040),#67440,.T.);
#68060=COLOUR_RGB('',9.4901967048645020E-01,9.4901967048645020E-01,
   1.0000000000000000E+00);
#68070=FILL_AREA_STYLE_COLOUR('',#68060);
#68080=FILL_AREA_STYLE('',(#68070));
#68090=SURFACE_STYLE_FILL_AREA(#68080);
#68100=SURFACE_SIDE_STYLE('',(#68090));
#68110=SURFACE_STYLE_USAGE(.BOTH.,#68100);
#68120=PRESENTATION_STYLE_ASSIGNMENT((#68110));
#68130=ORIENTED_EDGE('',*,*,#59080,.F.);
#68140=ORIENTED_EDGE('',*,*,#36610,.F.);
#68150=ORIENTED_EDGE('',*,*,#63600,.T.);
#68160=CARTESIAN_POINT('',(-3.6323978334128775E+01,
   -2.6716239164827719E+01,1.5000000000000004E+01));
#68170=DIRECTION('',(-0.0000000000000000E+00,1.0000000000000000E+00,
   0.0000000000000000E+00));
#68180=VECTOR('',#68170,1.0000000000000000E+00);
#68190=LINE('',#68160,#68180);
#68200=EDGE_CURVE('',#63570,#59070,#68190,.T.);
#68210=ORIENTED_EDGE('',*,*,#68200,.F.);
#68220=EDGE_LOOP('',(#68210,#68150,#68140,#68130));
#68230=FACE_OUTER_BOUND('',#68220,.T.);
#68240=ADVANCED_FACE('',(#68230),#36300,.T.);
#68250=COLOUR_RGB('',9.4901967048645020E-01,9.4901967048645020E-01,
   1.0000000000000000E+00);
#68260=FILL_AREA_STYLE_COLOUR('',#68250);
#68270=FILL_AREA_STYLE('',(#68260));
#68280=SURFACE_STYLE_FILL_AREA(#68270);
#68290=SURFACE_SIDE_STYLE('',(#68280));
#68300=SURFACE_STYLE_USAGE(.BOTH.,#68290);
#68310=PRESENTATION_STYLE_ASSIGNMENT((#68300));
#68320=CARTESIAN_POINT('',(0.0000000000000000E+00,0.0000000000000000E+00
   ,1.1375000000000004E+01));
#68330=DIRECTION('',(0.0000000000000000E+00,0.0000000000000000E+00,
   1.0000000000000000E+00));
#68340=DIRECTION('',(1.0000000000000000E+00,0.0000000000000000E+00,
   0.0000000000000000E+00));
#68350=AXIS2_PLACEMENT_3D('',#68320,#68330,#68340);
#68360=PLANE('',#68350);
#68370=CARTESIAN_POINT('',(0.0000000000000000E+00,1.7278852824316125E+01
   ,1.1375000000000002E+01));
#68380=DIRECTION('',(-1.0000000000000000E+00,0.0000000000000000E+00,
   0.0000000000000000E+00));
#68390=VECTOR('',#68380,1.0000000000000000E+00);
#68400=LINE('',#68370,#68390);
#68410=EDGE_CURVE('',#58150,#67050,#68400,.T.);
#68420=ORIENTED_EDGE('',*,*,#68410,.T.);
#68430=ORIENTED_EDGE('',*,*,#58160,.T.);
#68440=ORIENTED_EDGE('',*,*,#59370,.T.);
#68450=ORIENTED_EDGE('',*,*,#67060,.T.);
#68460=EDGE_LOOP('',(#68450,#68440,#68430,#68420));
#68470=FACE_OUTER_BOUND('',#68460,.T.);
#68480=ADVANCED_FACE('',(#68470),#68360,.F.);
#68490=COLOUR_RGB('',5.0196081399917603E-01,1.0000000000000000E+00,
   5.0196081399917603E-01);
#68500=FILL_AREA_STYLE_COLOUR('',#68490);
#68510=FILL_AREA_STYLE('',(#68500));
#68520=SURFACE_STYLE_FILL_AREA(#68510);
#68530=SURFACE_SIDE_STYLE('',(#68520));
#68540=SURFACE_STYLE_USAGE(.BOTH.,#68530);
#68550=PRESENTATION_STYLE_ASSIGNMENT((#68540));
#68560=CARTESIAN_POINT('',(-3.8194003587298212E+01,
   1.7278852824316125E+01,1.0000000000000004E+01));
#68570=DIRECTION('',(-0.0000000000000000E+00,-1.0000000000000000E+00,
   -0.0000000000000000E+00));
#68580=DIRECTION('',(-1.0000000000000000E+00,0.0000000000000000E+00,
   0.0000000000000000E+00));
#68590=AXIS2_PLACEMENT_3D('',#68560,#68570,#68580);
#68600=PLANE('',#68590);
#68610=ORIENTED_EDGE('',*,*,#59770,.F.);
#68620=ORIENTED_EDGE('',*,*,#58240,.F.);
#68630=ORIENTED_EDGE('',*,*,#68410,.F.);
#68640=CARTESIAN_POINT('',(-3.8579003587298210E+01,
   1.7278852824316125E+01,1.0000000000000004E+01));
#68650=DIRECTION('',(0.0000000000000000E+00,0.0000000000000000E+00,
   1.0000000000000000E+00));
#68660=VECTOR('',#68650,1.0000000000000000E+00);
#68670=LINE('',#68640,#68660);
#68680=EDGE_CURVE('',#59760,#67050,#68670,.T.);
#68690=ORIENTED_EDGE('',*,*,#68680,.T.);
#68700=EDGE_LOOP('',(#68690,#68630,#68620,#68610));
#68710=FACE_OUTER_BOUND('',#68700,.T.);
#68720=ADVANCED_FACE('',(#68710),#68600,.F.);
#68730=COLOUR_RGB('',5.0196081399917603E-01,1.0000000000000000E+00,
   5.0196081399917603E-01);
#68740=FILL_AREA_STYLE_COLOUR('',#68730);
#68750=FILL_AREA_STYLE('',(#68740));
#68760=SURFACE_STYLE_FILL_AREA(#68750);
#68770=SURFACE_SIDE_STYLE('',(#68760));
#68780=SURFACE_STYLE_USAGE(.BOTH.,#68770);
#68790=PRESENTATION_STYLE_ASSIGNMENT((#68780));
#68800=CARTESIAN_POINT('',(-3.8579003587298210E+01,
   1.9228852824316121E+01,1.0000000000000004E+01));
#68810=DIRECTION('',(9.6592582628906809E-01,2.5881904510252152E-01,
   0.0000000000000000E+00));
#68820=DIRECTION('',(2.5881904510252152E-01,-9.6592582628906809E-01,
   0.0000000000000000E+00));
#68830=AXIS2_PLACEMENT_3D('',#68800,#68810,#68820);
#68840=PLANE('',#68830);
#68850=ORIENTED_EDGE('',*,*,#67120,.T.);
#68860=ORIENTED_EDGE('',*,*,#59520,.F.);
#68870=ORIENTED_EDGE('',*,*,#60130,.F.);
#68880=ORIENTED_EDGE('',*,*,#52380,.F.);
#68890=EDGE_LOOP('',(#68880,#68870,#68860,#68850));
#68900=FACE_OUTER_BOUND('',#68890,.T.);
#68910=ADVANCED_FACE('',(#68900),#68840,.F.);
#68920=COLOUR_RGB('',5.0196081399917603E-01,1.0000000000000000E+00,
   5.0196081399917603E-01);
#68930=FILL_AREA_STYLE_COLOUR('',#68920);
#68940=FILL_AREA_STYLE('',(#68930));
#68950=SURFACE_STYLE_FILL_AREA(#68940);
#68960=SURFACE_SIDE_STYLE('',(#68950));
#68970=SURFACE_STYLE_USAGE(.BOTH.,#68960);
#68980=PRESENTATION_STYLE_ASSIGNMENT((#68970));
#68990=CARTESIAN_POINT('',(-3.9904003587298213E+01,
   1.6351077836188246E+01,1.0000000000000004E+01));
#69000=DIRECTION('',(5.7357643635104816E-01,-8.1915204428899036E-01,
   0.0000000000000000E+00));
#69010=DIRECTION('',(-8.1915204428899036E-01,-5.7357643635104816E-01,
   0.0000000000000000E+00));
#69020=AXIS2_PLACEMENT_3D('',#68990,#69000,#69010);
#69030=PLANE('',#69020);
#69040=ORIENTED_EDGE('',*,*,#67280,.T.);
#69050=CARTESIAN_POINT('',(-3.9904003587298213E+01,
   1.6351077836188253E+01,1.0000000000000004E+01));
#69060=DIRECTION('',(0.0000000000000000E+00,0.0000000000000000E+00,
   -1.0000000000000000E+00));
#69070=VECTOR('',#69060,1.0000000000000000E+00);
#69080=LINE('',#69050,#69070);
#69090=EDGE_CURVE('',#67210,#60210,#69080,.T.);
#69100=ORIENTED_EDGE('',*,*,#69090,.F.);
#69110=ORIENTED_EDGE('',*,*,#60220,.T.);
#69120=ORIENTED_EDGE('',*,*,#68680,.F.);
#69130=EDGE_LOOP('',(#69120,#69110,#69100,#69040));
#69140=FACE_OUTER_BOUND('',#69130,.T.);
#69150=ADVANCED_FACE('',(#69140),#69030,.F.);
#69160=COLOUR_RGB('',5.0196081399917603E-01,1.0000000000000000E+00,
   5.0196081399917603E-01);
#69170=FILL_AREA_STYLE_COLOUR('',#69160);
#69180=FILL_AREA_STYLE('',(#69170));
#69190=SURFACE_STYLE_FILL_AREA(#69180);
#69200=SURFACE_SIDE_STYLE('',(#69190));
#69210=SURFACE_STYLE_USAGE(.BOTH.,#69200);
#69220=PRESENTATION_STYLE_ASSIGNMENT((#69210));
#69230=CARTESIAN_POINT('',(-3.9359231886085752E+01,
   2.0708852824316118E+01,1.5000000000000004E+01));
#69240=DIRECTION('',(-0.0000000000000000E+00,1.0000000000000000E+00,
   0.0000000000000000E+00));
#69250=DIRECTION('',(1.0000000000000000E+00,0.0000000000000000E+00,
   0.0000000000000000E+00));
#69260=AXIS2_PLACEMENT_3D('',#69230,#69240,#69250);
#69270=PLANE('',#69260);
#69280=CARTESIAN_POINT('',(0.0000000000000000E+00,2.0708852824316118E+01
   ,1.8168854387553459E+00));
#69290=DIRECTION('',(-9.3560171895074196E-01,0.0000000000000000E+00,
   3.5305725243424335E-01));
#69300=VECTOR('',#69290,1.0000000000000000E+00);
#69310=LINE('',#69280,#69300);
#69320=CARTESIAN_POINT('',(-3.9359231886085752E+01,
   2.0708852824316118E+01,1.6669425773127372E+01));
#69330=VERTEX_POINT('',#69320);
#69340=CARTESIAN_POINT('',(-3.9904003587298213E+01,
   2.0708852824316118E+01,1.6875000000000000E+01));
#69350=VERTEX_POINT('',#69340);
#69360=EDGE_CURVE('',#69330,#69350,#69310,.T.);
#69370=ORIENTED_EDGE('',*,*,#69360,.T.);
#69380=CARTESIAN_POINT('',(-3.9359231886085752E+01,
   2.0708852824316118E+01,1.5000000000000004E+01));
#69390=DIRECTION('',(0.0000000000000000E+00,0.0000000000000000E+00,
   -1.0000000000000000E+00));
#69400=VECTOR('',#69390,1.0000000000000000E+00);
#69410=LINE('',#69380,#69400);
#69420=CARTESIAN_POINT('',(-3.9359231886085752E+01,
   2.0708852824316118E+01,1.3330574226872633E+01));
#69430=VERTEX_POINT('',#69420);
#69440=EDGE_CURVE('',#69330,#69430,#69410,.T.);
#69450=ORIENTED_EDGE('',*,*,#69440,.F.);
#69460=CARTESIAN_POINT('',(0.0000000000000000E+00,2.0708852824316118E+01
   ,2.8183114561244661E+01));
#69470=DIRECTION('',(9.3560171895074196E-01,0.0000000000000000E+00,
   3.5305725243424335E-01));
#69480=VECTOR('',#69470,1.0000000000000000E+00);
#69490=LINE('',#69460,#69480);
#69500=CARTESIAN_POINT('',(-3.9904003587298213E+01,
   2.0708852824316118E+01,1.3125000000000005E+01));
#69510=VERTEX_POINT('',#69500);
#69520=EDGE_CURVE('',#69510,#69430,#69490,.T.);
#69530=ORIENTED_EDGE('',*,*,#69520,.T.);
#69540=CARTESIAN_POINT('',(-3.9904003587298213E+01,
   2.0708852824316118E+01,1.5000000000000004E+01));
#69550=DIRECTION('',(0.0000000000000000E+00,0.0000000000000000E+00,
   1.0000000000000000E+00));
#69560=VECTOR('',#69550,1.0000000000000000E+00);
#69570=LINE('',#69540,#69560);
#69580=EDGE_CURVE('',#69510,#69350,#69570,.T.);
#69590=ORIENTED_EDGE('',*,*,#69580,.F.);
#69600=EDGE_LOOP('',(#69590,#69530,#69450,#69370));
#69610=FACE_OUTER_BOUND('',#69600,.T.);
#69620=ADVANCED_FACE('',(#69610),#69270,.F.);
#69630=COLOUR_RGB('',5.0196081399917603E-01,1.0000000000000000E+00,
   5.0196081399917603E-01);
#69640=FILL_AREA_STYLE_COLOUR('',#69630);
#69650=FILL_AREA_STYLE('',(#69640));
#69660=SURFACE_STYLE_FILL_AREA(#69650);
#69670=SURFACE_SIDE_STYLE('',(#69660));
#69680=SURFACE_STYLE_USAGE(.BOTH.,#69670);
#69690=PRESENTATION_STYLE_ASSIGNMENT((#69680));
#69700=CARTESIAN_POINT('',(-3.6122820727760129E+01,
   1.2008852824316122E+01,1.4329240115268975E+01));
#69710=DIRECTION('',(0.0000000000000000E+00,-1.0000000000000000E+00,
   0.0000000000000000E+00));
#69720=DIRECTION('',(1.0000000000000000E+00,0.0000000000000000E+00,
   0.0000000000000000E+00));
#69730=AXIS2_PLACEMENT_3D('',#69700,#69710,#69720);
#69740=PLANE('',#69730);
#69750=CARTESIAN_POINT('',(-8.8925674828030196E+01,
   1.2008852824316122E+01,2.0232050807568879E+01));
#69760=DIRECTION('',(1.0000000000000000E+00,0.0000000000000000E+00,
   0.0000000000000000E+00));
#69770=VECTOR('',#69760,1.0000000000000000E+00);
#69780=LINE('',#69750,#69770);
#69790=CARTESIAN_POINT('',(-3.6104003587298216E+01,
   1.2008852824316129E+01,2.0232050807568879E+01));
#69800=VERTEX_POINT('',#69790);
#69810=CARTESIAN_POINT('',(-3.5604003587298216E+01,
   1.2008852824316129E+01,2.0232050807568879E+01));
#69820=VERTEX_POINT('',#69810);
#69830=EDGE_CURVE('',#69800,#69820,#69780,.T.);
#69840=ORIENTED_EDGE('',*,*,#69830,.F.);
#69850=CARTESIAN_POINT('',(-3.5604003587298216E+01,
   1.2008852824316122E+01,1.9500000000000000E+01));
#69860=DIRECTION('',(0.0000000000000000E+00,0.0000000000000000E+00,
   1.0000000000000000E+00));
#69870=VECTOR('',#69860,1.0000000000000000E+00);
#69880=LINE('',#69850,#69870);
#69890=CARTESIAN_POINT('',(-3.5604003587298216E+01,
   1.2008852824316129E+01,1.9767949192431125E+01));
#69900=VERTEX_POINT('',#69890);
#69910=EDGE_CURVE('',#69900,#69820,#69880,.T.);
#69920=ORIENTED_EDGE('',*,*,#69910,.T.);
#69930=CARTESIAN_POINT('',(-8.8925674828030196E+01,
   1.2008852824316122E+01,1.9767949192431125E+01));
#69940=DIRECTION('',(1.0000000000000000E+00,0.0000000000000000E+00,
   0.0000000000000000E+00));
#69950=VECTOR('',#69940,1.0000000000000000E+00);
#69960=LINE('',#69930,#69950);
#69970=CARTESIAN_POINT('',(-3.6104003587298216E+01,
   1.2008852824316129E+01,1.9767949192431125E+01));
#69980=VERTEX_POINT('',#69970);
#69990=EDGE_CURVE('',#69980,#69900,#69960,.T.);
#70000=ORIENTED_EDGE('',*,*,#69990,.T.);
#70010=CARTESIAN_POINT('',(-3.6104003587298216E+01,
   1.2008852824316122E+01,1.9500000000000004E+01));
#70020=DIRECTION('',(0.0000000000000000E+00,0.0000000000000000E+00,
   1.0000000000000000E+00));
#70030=VECTOR('',#70020,1.0000000000000000E+00);
#70040=LINE('',#70010,#70030);
#70050=EDGE_CURVE('',#69980,#69800,#70040,.T.);
#70060=ORIENTED_EDGE('',*,*,#70050,.F.);
#70070=EDGE_LOOP('',(#70060,#70000,#69920,#69840));
#70080=FACE_OUTER_BOUND('',#70070,.T.);
#70090=ADVANCED_FACE('',(#70080),#69740,.T.);
#70100=COLOUR_RGB('',9.4901967048645020E-01,9.4901967048645020E-01,
   1.0000000000000000E+00);
#70110=FILL_AREA_STYLE_COLOUR('',#70100);
#70120=FILL_AREA_STYLE('',(#70110));
#70130=SURFACE_STYLE_FILL_AREA(#70120);
#70140=SURFACE_SIDE_STYLE('',(#70130));
#70150=SURFACE_STYLE_USAGE(.BOTH.,#70140);
#70160=PRESENTATION_STYLE_ASSIGNMENT((#70150));
#70170=CARTESIAN_POINT('',(-3.5604003587298216E+01,
   1.5008852824316122E+01,1.9500000000000004E+01));
#70180=DIRECTION('',(0.0000000000000000E+00,0.0000000000000000E+00,
   -1.0000000000000000E+00));
#70190=DIRECTION('',(-1.0000000000000000E+00,0.0000000000000000E+00,
   0.0000000000000000E+00));
#70200=AXIS2_PLACEMENT_3D('',#70170,#70180,#70190);
#70210=PLANE('',#70200);
#70220=CARTESIAN_POINT('',(-3.6104003587298216E+01,
   1.5008852824316122E+01,1.9500000000000004E+01));
#70230=DIRECTION('',(0.0000000000000000E+00,-1.0000000000000000E+00,
   0.0000000000000000E+00));
#70240=VECTOR('',#70230,1.0000000000000000E+00);
#70250=LINE('',#70220,#70240);
#70260=CARTESIAN_POINT('',(-3.6104003587298216E+01,
   1.3008852824316122E+01,1.9500000000000004E+01));
#70270=VERTEX_POINT('',#70260);
#70280=EDGE_CURVE('',#44210,#70270,#70250,.T.);
#70290=ORIENTED_EDGE('',*,*,#70280,.F.);
#70300=CARTESIAN_POINT('',(-8.8925674828030196E+01,
   1.3008852824316122E+01,1.9500000000000004E+01));
#70310=DIRECTION('',(-1.0000000000000000E+00,0.0000000000000000E+00,
   0.0000000000000000E+00));
#70320=VECTOR('',#70310,1.0000000000000000E+00);
#70330=LINE('',#70300,#70320);
#70340=CARTESIAN_POINT('',(-3.5604003587298216E+01,
   1.3008852824316122E+01,1.9500000000000004E+01));
#70350=VERTEX_POINT('',#70340);
#70360=EDGE_CURVE('',#70350,#70270,#70330,.T.);
#70370=ORIENTED_EDGE('',*,*,#70360,.T.);
#70380=CARTESIAN_POINT('',(-3.5604003587298216E+01,
   1.5008852824316122E+01,1.9500000000000004E+01));
#70390=DIRECTION('',(0.0000000000000000E+00,-1.0000000000000000E+00,
   0.0000000000000000E+00));
#70400=VECTOR('',#70390,1.0000000000000000E+00);
#70410=LINE('',#70380,#70400);
#70420=EDGE_CURVE('',#44290,#70350,#70410,.T.);
#70430=ORIENTED_EDGE('',*,*,#70420,.T.);
#70440=ORIENTED_EDGE('',*,*,#44300,.T.);
#70450=EDGE_LOOP('',(#70440,#70430,#70370,#70290));
#70460=FACE_OUTER_BOUND('',#70450,.T.);
#70470=ADVANCED_FACE('',(#70460),#70210,.T.);
#70480=COLOUR_RGB('',9.4901967048645020E-01,9.4901967048645020E-01,
   1.0000000000000000E+00);
#70490=FILL_AREA_STYLE_COLOUR('',#70480);
#70500=FILL_AREA_STYLE('',(#70490));
#70510=SURFACE_STYLE_FILL_AREA(#70500);
#70520=SURFACE_SIDE_STYLE('',(#70510));
#70530=SURFACE_STYLE_USAGE(.BOTH.,#70520);
#70540=PRESENTATION_STYLE_ASSIGNMENT((#70530));
#70550=CARTESIAN_POINT('',(-3.5854003587298216E+01,
   2.4538852824316116E+01,2.0000000000000004E+01));
#70560=DIRECTION('',(0.0000000000000000E+00,-1.0000000000000000E+00,
   0.0000000000000000E+00));
#70570=DIRECTION('',(1.0000000000000000E+00,0.0000000000000000E+00,
   0.0000000000000000E+00));
#70580=AXIS2_PLACEMENT_3D('',#70550,#70560,#70570);
#70590=CIRCLE('',#70580,6.5000000000000002E-01);
#70600=CARTESIAN_POINT('',(-3.6504003587298214E+01,
   2.4538852824316116E+01,2.0000000000000004E+01));
#70610=VERTEX_POINT('',#70600);
#70620=CARTESIAN_POINT('',(-3.6483998472459014E+01,
   2.4538852824316116E+01,1.9839979861669757E+01));
#70630=VERTEX_POINT('',#70620);
#70640=EDGE_CURVE('',#70610,#70630,#70590,.T.);
#70650=ORIENTED_EDGE('',*,*,#70640,.F.);
#70660=CARTESIAN_POINT('',(-8.8925674828030196E+01,
   2.4538852824316116E+01,-3.2601696493901414E+01));
#70670=DIRECTION('',(-7.0710678118654757E-01,0.0000000000000000E+00,
   -7.0710678118654746E-01));
#70680=VECTOR('',#70670,1.0000000000000000E+00);
#70690=LINE('',#70660,#70680);
#70700=CARTESIAN_POINT('',(-3.6323978334128768E+01,
   2.4538852824316116E+01,2.0000000000000007E+01));
#70710=VERTEX_POINT('',#70700);
#70720=EDGE_CURVE('',#70710,#70630,#70690,.T.);
#70730=ORIENTED_EDGE('',*,*,#70720,.T.);
#70740=CARTESIAN_POINT('',(-8.8925674828030196E+01,
   2.4538852824316116E+01,2.0000000000000004E+01));
#70750=DIRECTION('',(-1.0000000000000000E+00,0.0000000000000000E+00,
   0.0000000000000000E+00));
#70760=VECTOR('',#70750,1.0000000000000000E+00);
#70770=LINE('',#70740,#70760);
#70780=EDGE_CURVE('',#70710,#70610,#70770,.T.);
#70790=ORIENTED_EDGE('',*,*,#70780,.F.);
#70800=EDGE_LOOP('',(#70790,#70730,#70650));
#70810=FACE_OUTER_BOUND('',#70800,.T.);
#70820=ADVANCED_FACE('',(#70810),#54440,.T.);
#70830=COLOUR_RGB('',9.4901967048645020E-01,9.4901967048645020E-01,
   1.0000000000000000E+00);
#70840=FILL_AREA_STYLE_COLOUR('',#70830);
#70850=FILL_AREA_STYLE('',(#70840));
#70860=SURFACE_STYLE_FILL_AREA(#70850);
#70870=SURFACE_SIDE_STYLE('',(#70860));
#70880=SURFACE_STYLE_USAGE(.BOTH.,#70870);
#70890=PRESENTATION_STYLE_ASSIGNMENT((#70880));
#70900=CARTESIAN_POINT('',(-3.8194003587298212E+01,
   1.9228852824316121E+01,1.5000000000000004E+01));
#70910=DIRECTION('',(-0.0000000000000000E+00,1.0000000000000000E+00,
   0.0000000000000000E+00));
#70920=DIRECTION('',(1.0000000000000000E+00,0.0000000000000000E+00,
   0.0000000000000000E+00));
#70930=AXIS2_PLACEMENT_3D('',#70900,#70910,#70920);
#70940=PLANE('',#70930);
#70950=CARTESIAN_POINT('',(0.0000000000000000E+00,1.9228852824316121E+01
   ,1.6375000000000000E+01));
#70960=DIRECTION('',(1.0000000000000000E+00,0.0000000000000000E+00,
   0.0000000000000000E+00));
#70970=VECTOR('',#70960,1.0000000000000000E+00);
#70980=LINE('',#70950,#70970);
#70990=CARTESIAN_POINT('',(-3.8579003587298203E+01,
   1.9228852824316114E+01,1.6375000000000004E+01));
#71000=VERTEX_POINT('',#70990);
#71010=CARTESIAN_POINT('',(-3.8194003587298212E+01,
   1.9228852824316121E+01,1.6375000000000000E+01));
#71020=VERTEX_POINT('',#71010);
#71030=EDGE_CURVE('',#71000,#71020,#70980,.T.);
#71040=ORIENTED_EDGE('',*,*,#71030,.F.);
#71050=CARTESIAN_POINT('',(-3.8194003587298226E+01,
   1.9228852824316121E+01,1.5000000000000004E+01));
#71060=DIRECTION('',(0.0000000000000000E+00,0.0000000000000000E+00,
   -1.0000000000000000E+00));
#71070=VECTOR('',#71060,1.0000000000000000E+00);
#71080=LINE('',#71050,#71070);
#71090=CARTESIAN_POINT('',(-3.8194003587298212E+01,
   1.9228852824316121E+01,1.3625000000000005E+01));
#71100=VERTEX_POINT('',#71090);
#71110=EDGE_CURVE('',#71020,#71100,#71080,.T.);
#71120=ORIENTED_EDGE('',*,*,#71110,.F.);
#71130=CARTESIAN_POINT('',(0.0000000000000000E+00,1.9228852824316121E+01
   ,1.3625000000000005E+01));
#71140=DIRECTION('',(-1.0000000000000000E+00,0.0000000000000000E+00,
   0.0000000000000000E+00));
#71150=VECTOR('',#71140,1.0000000000000000E+00);
#71160=LINE('',#71130,#71150);
#71170=CARTESIAN_POINT('',(-3.8579003587298210E+01,
   1.9228852824316121E+01,1.3625000000000007E+01));
#71180=VERTEX_POINT('',#71170);
#71190=EDGE_CURVE('',#71100,#71180,#71160,.T.);
#71200=ORIENTED_EDGE('',*,*,#71190,.F.);
#71210=CARTESIAN_POINT('',(-3.8579003587298203E+01,
   1.9228852824316114E+01,1.5000000000000004E+01));
#71220=DIRECTION('',(0.0000000000000000E+00,0.0000000000000000E+00,
   -1.0000000000000000E+00));
#71230=VECTOR('',#71220,1.0000000000000000E+00);
#71240=LINE('',#71210,#71230);
#71250=EDGE_CURVE('',#71000,#71180,#71240,.T.);
#71260=ORIENTED_EDGE('',*,*,#71250,.T.);
#71270=EDGE_LOOP('',(#71260,#71200,#71120,#71040));
#71280=FACE_OUTER_BOUND('',#71270,.T.);
#71290=ADVANCED_FACE('',(#71280),#70940,.F.);
#71300=COLOUR_RGB('',5.0196081399917603E-01,1.0000000000000000E+00,
   5.0196081399917603E-01);
#71310=FILL_AREA_STYLE_COLOUR('',#71300);
#71320=FILL_AREA_STYLE('',(#71310));
#71330=SURFACE_STYLE_FILL_AREA(#71320);
#71340=SURFACE_SIDE_STYLE('',(#71330));
#71350=SURFACE_STYLE_USAGE(.BOTH.,#71340);
#71360=PRESENTATION_STYLE_ASSIGNMENT((#71350));
#71370=CARTESIAN_POINT('',(0.0000000000000000E+00,0.0000000000000000E+00
   ,1.3625000000000004E+01));
#71380=DIRECTION('',(0.0000000000000000E+00,0.0000000000000000E+00,
   1.0000000000000000E+00));
#71390=DIRECTION('',(1.0000000000000000E+00,0.0000000000000000E+00,
   0.0000000000000000E+00));
#71400=AXIS2_PLACEMENT_3D('',#71370,#71380,#71390);
#71410=PLANE('',#71400);
#71420=ORIENTED_EDGE('',*,*,#71190,.T.);
#71430=CARTESIAN_POINT('',(-3.8194003587298212E+01,
   0.0000000000000000E+00,1.3625000000000005E+01));
#71440=DIRECTION('',(0.0000000000000000E+00,1.0000000000000000E+00,
   0.0000000000000000E+00));
#71450=VECTOR('',#71440,1.0000000000000000E+00);
#71460=LINE('',#71430,#71450);
#71470=CARTESIAN_POINT('',(-3.8194003587298212E+01,
   1.7278852824316125E+01,1.3625000000000005E+01));
#71480=VERTEX_POINT('',#71470);
#71490=EDGE_CURVE('',#71480,#71100,#71460,.T.);
#71500=ORIENTED_EDGE('',*,*,#71490,.T.);
#71510=CARTESIAN_POINT('',(0.0000000000000000E+00,1.7278852824316125E+01
   ,1.3625000000000005E+01));
#71520=DIRECTION('',(1.0000000000000000E+00,0.0000000000000000E+00,
   0.0000000000000000E+00));
#71530=VECTOR('',#71520,1.0000000000000000E+00);
#71540=LINE('',#71510,#71530);
#71550=CARTESIAN_POINT('',(-3.8579003587298210E+01,
   1.7278852824316125E+01,1.3625000000000005E+01));
#71560=VERTEX_POINT('',#71550);
#71570=EDGE_CURVE('',#71560,#71480,#71540,.T.);
#71580=ORIENTED_EDGE('',*,*,#71570,.T.);
#71590=CARTESIAN_POINT('',(-3.8579003587298217E+01,
   0.0000000000000000E+00,1.3625000000000004E+01));
#71600=DIRECTION('',(0.0000000000000000E+00,1.0000000000000000E+00,
   0.0000000000000000E+00));
#71610=VECTOR('',#71600,1.0000000000000000E+00);
#71620=LINE('',#71590,#71610);
#71630=EDGE_CURVE('',#71560,#71180,#71620,.T.);
#71640=ORIENTED_EDGE('',*,*,#71630,.F.);
#71650=EDGE_LOOP('',(#71640,#71580,#71500,#71420));
#71660=FACE_OUTER_BOUND('',#71650,.T.);
#71670=ADVANCED_FACE('',(#71660),#71410,.T.);
#71680=COLOUR_RGB('',5.0196081399917603E-01,1.0000000000000000E+00,
   5.0196081399917603E-01);
#71690=FILL_AREA_STYLE_COLOUR('',#71680);
#71700=FILL_AREA_STYLE('',(#71690));
#71710=SURFACE_STYLE_FILL_AREA(#71700);
#71720=SURFACE_SIDE_STYLE('',(#71710));
#71730=SURFACE_STYLE_USAGE(.BOTH.,#71720);
#71740=PRESENTATION_STYLE_ASSIGNMENT((#71730));
#71750=CARTESIAN_POINT('',(-3.9904003587298213E+01,
   1.7278852824316125E+01,1.3125000000000005E+01));
#71760=DIRECTION('',(3.5305725243424335E-01,0.0000000000000000E+00,
   -9.3560171895074196E-01));
#71770=DIRECTION('',(-9.3560171895074196E-01,0.0000000000000000E+00,
   -3.5305725243424335E-01));
#71780=AXIS2_PLACEMENT_3D('',#71750,#71760,#71770);
#71790=PLANE('',#71780);
#71800=ORIENTED_EDGE('',*,*,#69520,.F.);
#71810=CARTESIAN_POINT('',(-3.9359231886085752E+01,
   2.0208852824316125E+01,1.3330574226872633E+01));
#71820=DIRECTION('',(3.5305725243424335E-01,0.0000000000000000E+00,
   -9.3560171895074196E-01));
#71830=DIRECTION('',(-9.3560171895074185E-01,0.0000000000000000E+00,
   -3.5305725243424330E-01));
#71840=AXIS2_PLACEMENT_3D('',#71810,#71820,#71830);
#71850=ELLIPSE('',#71840,5.3441543540635905E-01,4.9999999999999867E-01);
#71860=CARTESIAN_POINT('',(-3.8876268972941219E+01,
   2.0338262346867381E+01,1.3512824382776230E+01));
#71870=VERTEX_POINT('',#71860);
#71880=EDGE_CURVE('',#69430,#71870,#71850,.T.);
#71890=ORIENTED_EDGE('',*,*,#71880,.F.);
#71900=CARTESIAN_POINT('',(-3.3426648001645773E+01,
   0.0000000000000000E+00,1.5569285126661310E+01));
#71910=DIRECTION('',(-2.5759337550319977E-01,9.6135156507110675E-01,
   -9.7205047359698329E-02));
#71920=VECTOR('',#71910,1.0000000000000000E+00);
#71930=LINE('',#71900,#71920);
#71940=EDGE_CURVE('',#71180,#71870,#71930,.T.);
#71950=ORIENTED_EDGE('',*,*,#71940,.T.);
#71960=ORIENTED_EDGE('',*,*,#71630,.T.);
#71970=CARTESIAN_POINT('',(0.0000000000000000E+00,4.4292161952761923E+01
   ,2.8183114561244661E+01));
#71980=DIRECTION('',(-7.8261493238007862E-01,-5.4799287516801631E-01,
   -2.9532638957738910E-01));
#71990=VECTOR('',#71980,1.0000000000000000E+00);
#72000=LINE('',#71970,#71990);
#72010=CARTESIAN_POINT('',(-3.9904003587298213E+01,
   1.6351077836188253E+01,1.3125000000000005E+01));
#72020=VERTEX_POINT('',#72010);
#72030=EDGE_CURVE('',#71560,#72020,#72000,.T.);
#72040=ORIENTED_EDGE('',*,*,#72030,.F.);
#72050=CARTESIAN_POINT('',(-3.9904003587298213E+01,
   0.0000000000000000E+00,1.3125000000000005E+01));
#72060=DIRECTION('',(0.0000000000000000E+00,1.0000000000000000E+00,
   0.0000000000000000E+00));
#72070=VECTOR('',#72060,1.0000000000000000E+00);
#72080=LINE('',#72050,#72070);
#72090=EDGE_CURVE('',#72020,#69510,#72080,.T.);
#72100=ORIENTED_EDGE('',*,*,#72090,.F.);
#72110=EDGE_LOOP('',(#72100,#72040,#71960,#71950,#71890,#71800));
#72120=FACE_OUTER_BOUND('',#72110,.T.);
#72130=ADVANCED_FACE('',(#72120),#71790,.F.);
#72140=COLOUR_RGB('',5.0196081399917603E-01,1.0000000000000000E+00,
   5.0196081399917603E-01);
#72150=FILL_AREA_STYLE_COLOUR('',#72140);
#72160=FILL_AREA_STYLE('',(#72150));
#72170=SURFACE_STYLE_FILL_AREA(#72160);
#72180=SURFACE_SIDE_STYLE('',(#72170));
#72190=SURFACE_STYLE_USAGE(.BOTH.,#72180);
#72200=PRESENTATION_STYLE_ASSIGNMENT((#72190));
#72210=CARTESIAN_POINT('',(-3.9904003587298213E+01,
   1.6351077836188246E+01,1.5000000000000004E+01));
#72220=DIRECTION('',(5.7357643635104816E-01,-8.1915204428899036E-01,
   0.0000000000000000E+00));
#72230=DIRECTION('',(-8.1915204428899036E-01,-5.7357643635104816E-01,
   0.0000000000000000E+00));
#72240=AXIS2_PLACEMENT_3D('',#72210,#72220,#72230);
#72250=PLANE('',#72240);
#72260=CARTESIAN_POINT('',(0.0000000000000000E+00,4.4292161952761923E+01
   ,1.8168854387553459E+00));
#72270=DIRECTION('',(7.8261493238007862E-01,5.4799287516801631E-01,
   -2.9532638957738910E-01));
#72280=VECTOR('',#72270,1.0000000000000000E+00);
#72290=LINE('',#72260,#72280);
#72300=CARTESIAN_POINT('',(-3.9904003587298213E+01,
   1.6351077836188253E+01,1.6875000000000000E+01));
#72310=VERTEX_POINT('',#72300);
#72320=CARTESIAN_POINT('',(-3.8579003587298210E+01,
   1.7278852824316125E+01,1.6375000000000004E+01));
#72330=VERTEX_POINT('',#72320);
#72340=EDGE_CURVE('',#72310,#72330,#72290,.T.);
#72350=ORIENTED_EDGE('',*,*,#72340,.T.);
#72360=CARTESIAN_POINT('',(-3.9904003587298213E+01,
   1.6351077836188253E+01,1.5000000000000004E+01));
#72370=DIRECTION('',(0.0000000000000000E+00,0.0000000000000000E+00,
   -1.0000000000000000E+00));
#72380=VECTOR('',#72370,1.0000000000000000E+00);
#72390=LINE('',#72360,#72380);
#72400=EDGE_CURVE('',#72310,#72020,#72390,.T.);
#72410=ORIENTED_EDGE('',*,*,#72400,.F.);
#72420=ORIENTED_EDGE('',*,*,#72030,.T.);
#72430=CARTESIAN_POINT('',(-3.8579003587298210E+01,
   1.7278852824316125E+01,1.5000000000000004E+01));
#72440=DIRECTION('',(0.0000000000000000E+00,0.0000000000000000E+00,
   1.0000000000000000E+00));
#72450=VECTOR('',#72440,1.0000000000000000E+00);
#72460=LINE('',#72430,#72450);
#72470=EDGE_CURVE('',#71560,#72330,#72460,.T.);
#72480=ORIENTED_EDGE('',*,*,#72470,.F.);
#72490=EDGE_LOOP('',(#72480,#72420,#72410,#72350));
#72500=FACE_OUTER_BOUND('',#72490,.T.);
#72510=ADVANCED_FACE('',(#72500),#72250,.F.);
#72520=COLOUR_RGB('',5.0196081399917603E-01,1.0000000000000000E+00,
   5.0196081399917603E-01);
#72530=FILL_AREA_STYLE_COLOUR('',#72520);
#72540=FILL_AREA_STYLE('',(#72530));
#72550=SURFACE_STYLE_FILL_AREA(#72540);
#72560=SURFACE_SIDE_STYLE('',(#72550));
#72570=SURFACE_STYLE_USAGE(.BOTH.,#72560);
#72580=PRESENTATION_STYLE_ASSIGNMENT((#72570));
#72590=CARTESIAN_POINT('',(-3.9359231886085752E+01,
   2.0208852824316118E+01,1.5000000000000004E+01));
#72600=DIRECTION('',(0.0000000000000000E+00,0.0000000000000000E+00,
   1.0000000000000000E+00));
#72610=DIRECTION('',(1.0000000000000000E+00,0.0000000000000000E+00,
   0.0000000000000000E+00));
#72620=AXIS2_PLACEMENT_3D('',#72590,#72600,#72610);
#72630=CYLINDRICAL_SURFACE('',#72620,4.9999999999999878E-01);
#72640=CARTESIAN_POINT('',(-3.9359231886085752E+01,
   2.0208852824316125E+01,1.6669425773127372E+01));
#72650=DIRECTION('',(3.5305725243424335E-01,0.0000000000000000E+00,
   9.3560171895074196E-01));
#72660=DIRECTION('',(9.3560171895074185E-01,0.0000000000000000E+00,
   -3.5305725243424330E-01));
#72670=AXIS2_PLACEMENT_3D('',#72640,#72650,#72660);
#72680=ELLIPSE('',#72670,5.3441543540635905E-01,4.9999999999999867E-01);
#72690=CARTESIAN_POINT('',(-3.8876268972941219E+01,
   2.0338262346867381E+01,1.6487175617223777E+01));
#72700=VERTEX_POINT('',#72690);
#72710=EDGE_CURVE('',#72700,#69330,#72680,.T.);
#72720=ORIENTED_EDGE('',*,*,#72710,.T.);
#72730=CARTESIAN_POINT('',(-3.8876268972941219E+01,
   2.0338262346867381E+01,1.5000000000000004E+01));
#72740=DIRECTION('',(0.0000000000000000E+00,0.0000000000000000E+00,
   1.0000000000000000E+00));
#72750=VECTOR('',#72740,1.0000000000000000E+00);
#72760=LINE('',#72730,#72750);
#72770=EDGE_CURVE('',#71870,#72700,#72760,.T.);
#72780=ORIENTED_EDGE('',*,*,#72770,.T.);
#72790=ORIENTED_EDGE('',*,*,#71880,.T.);
#72800=ORIENTED_EDGE('',*,*,#69440,.T.);
#72810=EDGE_LOOP('',(#72800,#72790,#72780,#72720));
#72820=FACE_OUTER_BOUND('',#72810,.T.);
#72830=ADVANCED_FACE('',(#72820),#72630,.F.);
#72840=COLOUR_RGB('',5.0196081399917603E-01,1.0000000000000000E+00,
   5.0196081399917603E-01);
#72850=FILL_AREA_STYLE_COLOUR('',#72840);
#72860=FILL_AREA_STYLE('',(#72850));
#72870=SURFACE_STYLE_FILL_AREA(#72860);
#72880=SURFACE_SIDE_STYLE('',(#72870));
#72890=SURFACE_STYLE_USAGE(.BOTH.,#72880);
#72900=PRESENTATION_STYLE_ASSIGNMENT((#72890));
#72910=CARTESIAN_POINT('',(-3.5829003587298210E+01,
   2.5508852824316115E+01,2.0000000000000004E+01));
#72920=DIRECTION('',(-0.0000000000000000E+00,1.0000000000000000E+00,
   0.0000000000000000E+00));
#72930=DIRECTION('',(1.0000000000000000E+00,0.0000000000000000E+00,
   0.0000000000000000E+00));
#72940=AXIS2_PLACEMENT_3D('',#72910,#72920,#72930);
#72950=PLANE('',#72940);
#72960=CARTESIAN_POINT('',(0.0000000000000000E+00,2.5508852824316115E+01
   ,2.7500000000000000E+01));
#72970=DIRECTION('',(1.0000000000000000E+00,0.0000000000000000E+00,
   0.0000000000000000E+00));
#72980=VECTOR('',#72970,1.0000000000000000E+00);
#72990=LINE('',#72960,#72980);
#73000=CARTESIAN_POINT('',(-3.7809453771709563E+01,
   2.5508852824316115E+01,2.7500000000000000E+01));
#73010=VERTEX_POINT('',#73000);
#73020=CARTESIAN_POINT('',(-3.3812667081287692E+01,
   2.5508852824316115E+01,2.7500000000000000E+01));
#73030=VERTEX_POINT('',#73020);
#73040=EDGE_CURVE('',#73010,#73030,#72990,.T.);
#73050=ORIENTED_EDGE('',*,*,#73040,.T.);
#73060=CARTESIAN_POINT('',(-3.7809453771709563E+01,
   2.5508852824316115E+01,2.5000000000000000E+01));
#73070=DIRECTION('',(0.0000000000000000E+00,0.0000000000000000E+00,
   -1.0000000000000000E+00));
#73080=VECTOR('',#73070,1.0000000000000000E+00);
#73090=LINE('',#73060,#73080);
#73100=EDGE_CURVE('',#73010,#9300,#73090,.T.);
#73110=ORIENTED_EDGE('',*,*,#73100,.F.);
#73120=ORIENTED_EDGE('',*,*,#9310,.F.);
#73130=CARTESIAN_POINT('',(-3.3812667081287692E+01,
   2.5508852824316115E+01,2.5000000000000000E+01));
#73140=DIRECTION('',(0.0000000000000000E+00,0.0000000000000000E+00,
   1.0000000000000000E+00));
#73150=VECTOR('',#73140,1.0000000000000000E+00);
#73160=LINE('',#73130,#73150);
#73170=EDGE_CURVE('',#9220,#73030,#73160,.T.);
#73180=ORIENTED_EDGE('',*,*,#73170,.F.);
#73190=EDGE_LOOP('',(#73180,#73120,#73110,#73050));
#73200=FACE_OUTER_BOUND('',#73190,.T.);
#73210=EDGE_CURVE('',#8330,#8420,#8400,.T.);
#73220=ORIENTED_EDGE('',*,*,#73210,.F.);
#73230=ORIENTED_EDGE('',*,*,#8430,.F.);
#73240=EDGE_LOOP('',(#73230,#73220));
#73250=FACE_BOUND('',#73240,.T.);
#73260=ORIENTED_EDGE('',*,*,#36930,.F.);
#73270=EDGE_CURVE('',#36830,#36920,#36900,.T.);
#73280=ORIENTED_EDGE('',*,*,#73270,.F.);
#73290=EDGE_LOOP('',(#73280,#73260));
#73300=FACE_BOUND('',#73290,.T.);
#73310=ORIENTED_EDGE('',*,*,#48440,.F.);
#73320=EDGE_CURVE('',#48340,#48430,#48410,.T.);
#73330=ORIENTED_EDGE('',*,*,#73320,.F.);
#73340=EDGE_LOOP('',(#73330,#73310));
#73350=FACE_BOUND('',#73340,.T.);
#73360=CARTESIAN_POINT('',(-3.5829003587298210E+01,
   2.5508852824316115E+01,1.0000000000000004E+01));
#73370=DIRECTION('',(0.0000000000000000E+00,1.0000000000000000E+00,
   0.0000000000000000E+00));
#73380=DIRECTION('',(1.0000000000000000E+00,0.0000000000000000E+00,
   0.0000000000000000E+00));
#73390=AXIS2_PLACEMENT_3D('',#73360,#73370,#73380);
#73400=CIRCLE('',#73390,1.9150000000000134E+00);
#73410=CARTESIAN_POINT('',(-3.7744003587298224E+01,
   2.5508852824316115E+01,1.0000000000000004E+01));
#73420=VERTEX_POINT('',#73410);
#73430=CARTESIAN_POINT('',(-3.3914003587298197E+01,
   2.5508852824316115E+01,1.0000000000000004E+01));
#73440=VERTEX_POINT('',#73430);
#73450=EDGE_CURVE('',#73420,#73440,#73400,.T.);
#73460=ORIENTED_EDGE('',*,*,#73450,.F.);
#73470=EDGE_CURVE('',#73440,#73420,#73400,.T.);
#73480=ORIENTED_EDGE('',*,*,#73470,.F.);
#73490=EDGE_LOOP('',(#73480,#73460));
#73500=FACE_BOUND('',#73490,.T.);
#73510=ORIENTED_EDGE('',*,*,#60980,.F.);
#73520=EDGE_CURVE('',#60880,#60970,#60950,.T.);
#73530=ORIENTED_EDGE('',*,*,#73520,.F.);
#73540=EDGE_LOOP('',(#73530,#73510));
#73550=FACE_BOUND('',#73540,.T.);
#73560=CARTESIAN_POINT('',(-3.5829003587298210E+01,
   2.5508852824316115E+01,2.5000000000000000E+01));
#73570=DIRECTION('',(0.0000000000000000E+00,1.0000000000000000E+00,
   0.0000000000000000E+00));
#73580=DIRECTION('',(1.0000000000000000E+00,0.0000000000000000E+00,
   0.0000000000000000E+00));
#73590=AXIS2_PLACEMENT_3D('',#73560,#73570,#73580);
#73600=CIRCLE('',#73590,1.9150000000000134E+00);
#73610=CARTESIAN_POINT('',(-3.7744003587298224E+01,
   2.5508852824316115E+01,2.5000000000000000E+01));
#73620=VERTEX_POINT('',#73610);
#73630=CARTESIAN_POINT('',(-3.3914003587298197E+01,
   2.5508852824316115E+01,2.5000000000000000E+01));
#73640=VERTEX_POINT('',#73630);
#73650=EDGE_CURVE('',#73620,#73640,#73600,.T.);
#73660=ORIENTED_EDGE('',*,*,#73650,.F.);
#73670=EDGE_CURVE('',#73640,#73620,#73600,.T.);
#73680=ORIENTED_EDGE('',*,*,#73670,.F.);
#73690=EDGE_LOOP('',(#73680,#73660));
#73700=FACE_BOUND('',#73690,.T.);
#73710=CARTESIAN_POINT('',(-3.5829003587298210E+01,
   2.5508852824316115E+01,2.0000000000000000E+01));
#73720=DIRECTION('',(0.0000000000000000E+00,1.0000000000000000E+00,
   0.0000000000000000E+00));
#73730=DIRECTION('',(1.0000000000000000E+00,0.0000000000000000E+00,
   0.0000000000000000E+00));
#73740=AXIS2_PLACEMENT_3D('',#73710,#73720,#73730);
#73750=CIRCLE('',#73740,1.9150000000000134E+00);
#73760=CARTESIAN_POINT('',(-3.7744003587298224E+01,
   2.5508852824316115E+01,2.0000000000000000E+01));
#73770=VERTEX_POINT('',#73760);
#73780=CARTESIAN_POINT('',(-3.3914003587298197E+01,
   2.5508852824316115E+01,2.0000000000000000E+01));
#73790=VERTEX_POINT('',#73780);
#73800=EDGE_CURVE('',#73770,#73790,#73750,.T.);
#73810=ORIENTED_EDGE('',*,*,#73800,.F.);
#73820=EDGE_CURVE('',#73790,#73770,#73750,.T.);
#73830=ORIENTED_EDGE('',*,*,#73820,.F.);
#73840=EDGE_LOOP('',(#73830,#73810));
#73850=FACE_BOUND('',#73840,.T.);
#73860=ADVANCED_FACE('',(#73200,#73250,#73300,#73350,#73500,#73550,
   #73700,#73850),#72950,.T.);
#73870=COLOUR_RGB('',5.0196081399917603E-01,1.0000000000000000E+00,
   5.0196081399917603E-01);
#73880=FILL_AREA_STYLE_COLOUR('',#73870);
#73890=FILL_AREA_STYLE('',(#73880));
#73900=SURFACE_STYLE_FILL_AREA(#73890);
#73910=SURFACE_SIDE_STYLE('',(#73900));
#73920=SURFACE_STYLE_USAGE(.BOTH.,#73910);
#73930=PRESENTATION_STYLE_ASSIGNMENT((#73920));
#73940=CARTESIAN_POINT('',(-3.6076490960713485E+01,
   2.4538852824316109E+01,2.0247487373415286E+01));
#73950=DIRECTION('',(7.0710678118654746E-01,0.0000000000000000E+00,
   -7.0710678118654757E-01));
#73960=DIRECTION('',(0.0000000000000000E+00,-1.0000000000000000E+00,
   0.0000000000000000E+00));
#73970=AXIS2_PLACEMENT_3D('',#73940,#73950,#73960);
#73980=PLANE('',#73970);
#73990=CARTESIAN_POINT('',(-3.7397002225337957E+01,
   2.4538852824316116E+01,1.8926976108790925E+01));
#74000=VERTEX_POINT('',#73990);
#74010=EDGE_CURVE('',#70630,#74000,#70690,.T.);
#74020=ORIENTED_EDGE('',*,*,#74010,.F.);
#74030=CARTESIAN_POINT('',(-3.7397002225337914E+01,
   2.3082795793605840E+01,1.8926976108790861E+01));
#74040=DIRECTION('',(0.0000000000000000E+00,1.0000000000000000E+00,
   0.0000000000000000E+00));
#74050=VECTOR('',#74040,1.0000000000000000E+00);
#74060=LINE('',#74030,#74050);
#74070=CARTESIAN_POINT('',(-3.7397002225337914E+01,
   2.3538852824316109E+01,1.8926976108790861E+01));
#74080=VERTEX_POINT('',#74070);
#74090=EDGE_CURVE('',#74080,#74000,#74060,.T.);
#74100=ORIENTED_EDGE('',*,*,#74090,.T.);
#74110=CARTESIAN_POINT('',(-8.8925674828030196E+01,
   2.3538852824316109E+01,-3.2601696493901414E+01));
#74120=DIRECTION('',(-7.0710678118654757E-01,0.0000000000000000E+00,
   -7.0710678118654746E-01));
#74130=VECTOR('',#74120,1.0000000000000000E+00);
#74140=LINE('',#74110,#74130);
#74150=CARTESIAN_POINT('',(-3.6483998472459021E+01,
   2.3538852824316109E+01,1.9839979861669768E+01));
#74160=VERTEX_POINT('',#74150);
#74170=EDGE_CURVE('',#74160,#74080,#74140,.T.);
#74180=ORIENTED_EDGE('',*,*,#74170,.T.);
#74190=CARTESIAN_POINT('',(-3.6483998472459014E+01,
   3.5508852824316115E+01,1.9839979861669757E+01));
#74200=DIRECTION('',(0.0000000000000000E+00,-1.0000000000000000E+00,
   0.0000000000000000E+00));
#74210=VECTOR('',#74200,1.0000000000000000E+00);
#74220=LINE('',#74190,#74210);
#74230=EDGE_CURVE('',#70630,#74160,#74220,.T.);
#74240=ORIENTED_EDGE('',*,*,#74230,.T.);
#74250=EDGE_LOOP('',(#74240,#74180,#74100,#74020));
#74260=FACE_OUTER_BOUND('',#74250,.T.);
#74270=ADVANCED_FACE('',(#74260),#73980,.T.);
#74280=COLOUR_RGB('',9.4901967048645020E-01,9.4901967048645020E-01,
   1.0000000000000000E+00);
#74290=FILL_AREA_STYLE_COLOUR('',#74280);
#74300=FILL_AREA_STYLE('',(#74290));
#74310=SURFACE_STYLE_FILL_AREA(#74300);
#74320=SURFACE_SIDE_STYLE('',(#74310));
#74330=SURFACE_STYLE_USAGE(.BOTH.,#74320);
#74340=PRESENTATION_STYLE_ASSIGNMENT((#74330));
#74350=CARTESIAN_POINT('',(-3.6122820727760129E+01,
   1.5008852824316122E+01,9.3292401152689752E+00));
#74360=DIRECTION('',(0.0000000000000000E+00,-1.0000000000000000E+00,
   0.0000000000000000E+00));
#74370=DIRECTION('',(1.0000000000000000E+00,0.0000000000000000E+00,
   0.0000000000000000E+00));
#74380=AXIS2_PLACEMENT_3D('',#74350,#74360,#74370);
#74390=PLANE('',#74380);
#74400=CARTESIAN_POINT('',(-8.8925674828030196E+01,
   1.5008852824316122E+01,1.5000000000000004E+01));
#74410=DIRECTION('',(1.0000000000000000E+00,0.0000000000000000E+00,
   0.0000000000000000E+00));
#74420=VECTOR('',#74410,1.0000000000000000E+00);
#74430=LINE('',#74400,#74420);
#74440=EDGE_CURVE('',#63170,#66520,#74430,.T.);
#74450=ORIENTED_EDGE('',*,*,#74440,.F.);
#74460=ORIENTED_EDGE('',*,*,#66830,.F.);
#74470=ORIENTED_EDGE('',*,*,#58850,.F.);
#74480=CARTESIAN_POINT('',(-3.5604003587298216E+01,
   1.5008852824316122E+01,1.5000000000000004E+01));
#74490=DIRECTION('',(0.0000000000000000E+00,0.0000000000000000E+00,
   1.0000000000000000E+00));
#74500=VECTOR('',#74490,1.0000000000000000E+00);
#74510=LINE('',#74480,#74500);
#74520=CARTESIAN_POINT('',(-3.5604003587298216E+01,
   1.5008852824316122E+01,1.5000000000000004E+01));
#74530=VERTEX_POINT('',#74520);
#74540=EDGE_CURVE('',#58780,#74530,#74510,.T.);
#74550=ORIENTED_EDGE('',*,*,#74540,.F.);
#74560=EDGE_CURVE('',#74530,#63080,#74430,.T.);
#74570=ORIENTED_EDGE('',*,*,#74560,.F.);
#74580=ORIENTED_EDGE('',*,*,#63250,.T.);
#74590=EDGE_LOOP('',(#74580,#74570,#74550,#74470,#74460,#74450));
#74600=FACE_OUTER_BOUND('',#74590,.T.);
#74610=ADVANCED_FACE('',(#74600),#74390,.T.);
#74620=COLOUR_RGB('',9.4901967048645020E-01,9.4901967048645020E-01,
   1.0000000000000000E+00);
#74630=FILL_AREA_STYLE_COLOUR('',#74620);
#74640=FILL_AREA_STYLE('',(#74630));
#74650=SURFACE_STYLE_FILL_AREA(#74640);
#74660=SURFACE_SIDE_STYLE('',(#74650));
#74670=SURFACE_STYLE_USAGE(.BOTH.,#74660);
#74680=PRESENTATION_STYLE_ASSIGNMENT((#74670));
#74690=CARTESIAN_POINT('',(-3.5854003587298216E+01,
   1.5508852824316122E+01,1.0000000000000004E+01));
#74700=DIRECTION('',(0.0000000000000000E+00,-1.0000000000000000E+00,
   0.0000000000000000E+00));
#74710=DIRECTION('',(1.0000000000000000E+00,0.0000000000000000E+00,
   0.0000000000000000E+00));
#74720=AXIS2_PLACEMENT_3D('',#74690,#74700,#74710);
#74730=CYLINDRICAL_SURFACE('',#74720,6.5000000000000002E-01);
#74740=CARTESIAN_POINT('',(-3.5204003587298217E+01,
   1.5508852824316122E+01,1.0000000000000004E+01));
#74750=DIRECTION('',(0.0000000000000000E+00,-1.0000000000000000E+00,
   0.0000000000000000E+00));
#74760=VECTOR('',#74750,1.0000000000000000E+00);
#74770=LINE('',#74740,#74760);
#74780=EDGE_CURVE('',#61600,#33600,#74770,.T.);
#74790=ORIENTED_EDGE('',*,*,#74780,.T.);
#74800=ORIENTED_EDGE('',*,*,#61610,.T.);
#74810=CARTESIAN_POINT('',(-3.6504003587298214E+01,
   1.5508852824316122E+01,1.0000000000000004E+01));
#74820=DIRECTION('',(0.0000000000000000E+00,-1.0000000000000000E+00,
   0.0000000000000000E+00));
#74830=VECTOR('',#74820,1.0000000000000000E+00);
#74840=LINE('',#74810,#74830);
#74850=EDGE_CURVE('',#61580,#33300,#74840,.T.);
#74860=ORIENTED_EDGE('',*,*,#74850,.F.);
#74870=ORIENTED_EDGE('',*,*,#33680,.F.);
#74880=EDGE_LOOP('',(#74870,#74860,#74800,#74790));
#74890=FACE_OUTER_BOUND('',#74880,.T.);
#74900=ADVANCED_FACE('',(#74890),#74730,.T.);
#74910=COLOUR_RGB('',9.4901967048645020E-01,9.4901967048645020E-01,
   1.0000000000000000E+00);
#74920=FILL_AREA_STYLE_COLOUR('',#74910);
#74930=FILL_AREA_STYLE('',(#74920));
#74940=SURFACE_STYLE_FILL_AREA(#74930);
#74950=SURFACE_SIDE_STYLE('',(#74940));
#74960=SURFACE_STYLE_USAGE(.BOTH.,#74950);
#74970=PRESENTATION_STYLE_ASSIGNMENT((#74960));
#74980=CARTESIAN_POINT('',(-3.6122820727760129E+01,
   1.5008852824316122E+01,9.3292401152689752E+00));
#74990=DIRECTION('',(0.0000000000000000E+00,-1.0000000000000000E+00,
   0.0000000000000000E+00));
#75000=DIRECTION('',(1.0000000000000000E+00,0.0000000000000000E+00,
   0.0000000000000000E+00));
#75010=AXIS2_PLACEMENT_3D('',#74980,#74990,#75000);
#75020=PLANE('',#75010);
#75030=CARTESIAN_POINT('',(-8.8925674828030196E+01,
   1.5008852824316122E+01,1.0500000000000004E+01));
#75040=DIRECTION('',(-1.0000000000000000E+00,0.0000000000000000E+00,
   0.0000000000000000E+00));
#75050=VECTOR('',#75040,1.0000000000000000E+00);
#75060=LINE('',#75030,#75050);
#75070=CARTESIAN_POINT('',(-3.5604003587298216E+01,
   1.5008852824316122E+01,1.0500000000000004E+01));
#75080=VERTEX_POINT('',#75070);
#75090=EDGE_CURVE('',#75080,#37730,#75060,.T.);
#75100=ORIENTED_EDGE('',*,*,#75090,.F.);
#75110=ORIENTED_EDGE('',*,*,#37740,.F.);
#75120=ORIENTED_EDGE('',*,*,#33330,.T.);
#75130=CARTESIAN_POINT('',(-3.5854003587298216E+01,
   1.5008852824316122E+01,1.0000000000000004E+01));
#75140=DIRECTION('',(0.0000000000000000E+00,-1.0000000000000000E+00,
   0.0000000000000000E+00));
#75150=DIRECTION('',(1.0000000000000000E+00,0.0000000000000000E+00,
   0.0000000000000000E+00));
#75160=AXIS2_PLACEMENT_3D('',#75130,#75140,#75150);
#75170=CIRCLE('',#75160,6.5000000000000002E-01);
#75180=EDGE_CURVE('',#33600,#33300,#75170,.T.);
#75190=ORIENTED_EDGE('',*,*,#75180,.T.);
#75200=ORIENTED_EDGE('',*,*,#33610,.T.);
#75210=CARTESIAN_POINT('',(-3.5604003587298216E+01,
   1.5008852824316122E+01,1.5000000000000004E+01));
#75220=DIRECTION('',(0.0000000000000000E+00,0.0000000000000000E+00,
   1.0000000000000000E+00));
#75230=VECTOR('',#75220,1.0000000000000000E+00);
#75240=LINE('',#75210,#75230);
#75250=EDGE_CURVE('',#33560,#75080,#75240,.T.);
#75260=ORIENTED_EDGE('',*,*,#75250,.F.);
#75270=EDGE_LOOP('',(#75260,#75200,#75190,#75120,#75110,#75100));
#75280=FACE_OUTER_BOUND('',#75270,.T.);
#75290=ADVANCED_FACE('',(#75280),#75020,.T.);
#75300=COLOUR_RGB('',9.4901967048645020E-01,9.4901967048645020E-01,
   1.0000000000000000E+00);
#75310=FILL_AREA_STYLE_COLOUR('',#75300);
#75320=FILL_AREA_STYLE('',(#75310));
#75330=SURFACE_STYLE_FILL_AREA(#75320);
#75340=SURFACE_SIDE_STYLE('',(#75330));
#75350=SURFACE_STYLE_USAGE(.BOTH.,#75340);
#75360=PRESENTATION_STYLE_ASSIGNMENT((#75350));
#75370=ORIENTED_EDGE('',*,*,#51060,.F.);
#75380=ORIENTED_EDGE('',*,*,#64350,.F.);
#75390=ORIENTED_EDGE('',*,*,#40340,.T.);
#75400=ORIENTED_EDGE('',*,*,#50200,.F.);
#75410=EDGE_LOOP('',(#75400,#75390,#75380,#75370));
#75420=FACE_OUTER_BOUND('',#75410,.T.);
#75430=ADVANCED_FACE('',(#75420),#64260,.T.);
#75440=COLOUR_RGB('',9.4901967048645020E-01,9.4901967048645020E-01,
   1.0000000000000000E+00);
#75450=FILL_AREA_STYLE_COLOUR('',#75440);
#75460=FILL_AREA_STYLE('',(#75450));
#75470=SURFACE_STYLE_FILL_AREA(#75460);
#75480=SURFACE_SIDE_STYLE('',(#75470));
#75490=SURFACE_STYLE_USAGE(.BOTH.,#75480);
#75500=PRESENTATION_STYLE_ASSIGNMENT((#75490));
#75510=CARTESIAN_POINT('',(-3.6104003587298216E+01,
   1.5008852824316122E+01,1.0500000000000004E+01));
#75520=DIRECTION('',(0.0000000000000000E+00,0.0000000000000000E+00,
   1.0000000000000000E+00));
#75530=DIRECTION('',(1.0000000000000000E+00,0.0000000000000000E+00,
   0.0000000000000000E+00));
#75540=AXIS2_PLACEMENT_3D('',#75510,#75520,#75530);
#75550=PLANE('',#75540);
#75560=CARTESIAN_POINT('',(-3.5604003587298216E+01,
   1.5008852824316122E+01,1.0500000000000004E+01));
#75570=DIRECTION('',(0.0000000000000000E+00,-1.0000000000000000E+00,
   0.0000000000000000E+00));
#75580=VECTOR('',#75570,1.0000000000000000E+00);
#75590=LINE('',#75560,#75580);
#75600=CARTESIAN_POINT('',(-3.5604003587298216E+01,
   1.3008852824316122E+01,1.0500000000000004E+01));
#75610=VERTEX_POINT('',#75600);
#75620=EDGE_CURVE('',#75080,#75610,#75590,.T.);
#75630=ORIENTED_EDGE('',*,*,#75620,.F.);
#75640=CARTESIAN_POINT('',(-8.8925674828030196E+01,
   1.3008852824316122E+01,1.0500000000000004E+01));
#75650=DIRECTION('',(-1.0000000000000000E+00,0.0000000000000000E+00,
   0.0000000000000000E+00));
#75660=VECTOR('',#75650,1.0000000000000000E+00);
#75670=LINE('',#75640,#75660);
#75680=EDGE_CURVE('',#75610,#37810,#75670,.T.);
#75690=ORIENTED_EDGE('',*,*,#75680,.F.);
#75700=ORIENTED_EDGE('',*,*,#37820,.T.);
#75710=ORIENTED_EDGE('',*,*,#75090,.T.);
#75720=EDGE_LOOP('',(#75710,#75700,#75690,#75630));
#75730=FACE_OUTER_BOUND('',#75720,.T.);
#75740=ADVANCED_FACE('',(#75730),#75550,.T.);
#75750=COLOUR_RGB('',9.4901967048645020E-01,9.4901967048645020E-01,
   1.0000000000000000E+00);
#75760=FILL_AREA_STYLE_COLOUR('',#75750);
#75770=FILL_AREA_STYLE('',(#75760));
#75780=SURFACE_STYLE_FILL_AREA(#75770);
#75790=SURFACE_SIDE_STYLE('',(#75780));
#75800=SURFACE_STYLE_USAGE(.BOTH.,#75790);
#75810=PRESENTATION_STYLE_ASSIGNMENT((#75800));
#75820=CARTESIAN_POINT('',(-3.5604003587298216E+01,
   1.5008852824316122E+01,1.0500000000000004E+01));
#75830=DIRECTION('',(1.0000000000000000E+00,-0.0000000000000000E+00,
   0.0000000000000000E+00));
#75840=DIRECTION('',(0.0000000000000000E+00,0.0000000000000000E+00,
   -1.0000000000000000E+00));
#75850=AXIS2_PLACEMENT_3D('',#75820,#75830,#75840);
#75860=PLANE('',#75850);
#75870=ORIENTED_EDGE('',*,*,#33570,.T.);
#75880=ORIENTED_EDGE('',*,*,#57040,.F.);
#75890=ORIENTED_EDGE('',*,*,#57390,.T.);
#75900=ORIENTED_EDGE('',*,*,#56280,.F.);
#75910=CARTESIAN_POINT('',(-3.5604003587298216E+01,
   -2.6716239164827719E+01,-1.4430631774313696E-01));
#75920=DIRECTION('',(0.0000000000000000E+00,9.6592582628906842E-01,
   2.5881904510252046E-01));
#75930=VECTOR('',#75920,1.0000000000000000E+00);
#75940=LINE('',#75910,#75930);
#75950=EDGE_CURVE('',#56190,#75610,#75940,.T.);
#75960=ORIENTED_EDGE('',*,*,#75950,.F.);
#75970=ORIENTED_EDGE('',*,*,#75620,.T.);
#75980=ORIENTED_EDGE('',*,*,#75250,.T.);
#75990=EDGE_LOOP('',(#75980,#75970,#75960,#75900,#75890,#75880,#75870));
#76000=FACE_OUTER_BOUND('',#75990,.T.);
#76010=ADVANCED_FACE('',(#76000),#75860,.T.);
#76020=COLOUR_RGB('',9.4901967048645020E-01,9.4901967048645020E-01,
   1.0000000000000000E+00);
#76030=FILL_AREA_STYLE_COLOUR('',#76020);
#76040=FILL_AREA_STYLE('',(#76030));
#76050=SURFACE_STYLE_FILL_AREA(#76040);
#76060=SURFACE_SIDE_STYLE('',(#76050));
#76070=SURFACE_STYLE_USAGE(.BOTH.,#76060);
#76080=PRESENTATION_STYLE_ASSIGNMENT((#76070));
#76090=CARTESIAN_POINT('',(-3.5829003587298203E+01,
   2.3082795793605840E+01,1.5000000000000004E+01));
#76100=DIRECTION('',(0.0000000000000000E+00,1.0000000000000000E+00,
   0.0000000000000000E+00));
#76110=DIRECTION('',(-1.0000000000000000E+00,0.0000000000000000E+00,
   0.0000000000000000E+00));
#76120=AXIS2_PLACEMENT_3D('',#76090,#76100,#76110);
#76130=CYLINDRICAL_SURFACE('',#76120,1.8999999999999999E+00);
#76140=CARTESIAN_POINT('',(-3.7729003587298202E+01,
   2.3082795793605840E+01,1.5000000000000004E+01));
#76150=DIRECTION('',(0.0000000000000000E+00,1.0000000000000000E+00,
   0.0000000000000000E+00));
#76160=VECTOR('',#76150,1.0000000000000000E+00);
#76170=LINE('',#76140,#76160);
#76180=CARTESIAN_POINT('',(-3.7729003587298202E+01,
   2.4538852824316116E+01,1.5000000000000004E+01));
#76190=VERTEX_POINT('',#76180);
#76200=EDGE_CURVE('',#54100,#76190,#76170,.T.);
#76210=ORIENTED_EDGE('',*,*,#76200,.F.);
#76220=CARTESIAN_POINT('',(-3.5829003587298203E+01,
   2.4538852824316116E+01,1.5000000000000004E+01));
#76230=DIRECTION('',(0.0000000000000000E+00,1.0000000000000000E+00,
   0.0000000000000000E+00));
#76240=DIRECTION('',(-1.0000000000000000E+00,0.0000000000000000E+00,
   0.0000000000000000E+00));
#76250=AXIS2_PLACEMENT_3D('',#76220,#76230,#76240);
#76260=CIRCLE('',#76250,1.8999999999999999E+00);
#76270=CARTESIAN_POINT('',(-3.4755979696089121E+01,
   2.4538852824316116E+01,1.6567998638039757E+01));
#76280=VERTEX_POINT('',#76270);
#76290=EDGE_CURVE('',#76190,#76280,#76260,.T.);
#76300=ORIENTED_EDGE('',*,*,#76290,.F.);
#76310=CARTESIAN_POINT('',(-3.4755979696089057E+01,
   2.3082795793605840E+01,1.6567998638039711E+01));
#76320=DIRECTION('',(0.0000000000000000E+00,1.0000000000000000E+00,
   0.0000000000000000E+00));
#76330=VECTOR('',#76320,1.0000000000000000E+00);
#76340=LINE('',#76310,#76330);
#76350=EDGE_CURVE('',#57750,#76280,#76340,.T.);
#76360=ORIENTED_EDGE('',*,*,#76350,.T.);
#76370=ORIENTED_EDGE('',*,*,#57760,.F.);
#76380=CARTESIAN_POINT('',(-3.4261004949258471E+01,
   2.3082795793605840E+01,1.6073023891209111E+01));
#76390=DIRECTION('',(0.0000000000000000E+00,1.0000000000000000E+00,
   0.0000000000000000E+00));
#76400=VECTOR('',#76390,1.0000000000000000E+00);
#76410=LINE('',#76380,#76400);
#76420=EDGE_CURVE('',#57640,#53600,#76410,.T.);
#76430=ORIENTED_EDGE('',*,*,#76420,.F.);
#76440=ORIENTED_EDGE('',*,*,#53630,.F.);
#76450=CARTESIAN_POINT('',(-3.3929003587298205E+01,
   2.3082795793605840E+01,1.5000000000000004E+01));
#76460=DIRECTION('',(0.0000000000000000E+00,1.0000000000000000E+00,
   0.0000000000000000E+00));
#76470=VECTOR('',#76460,1.0000000000000000E+00);
#76480=LINE('',#76450,#76470);
#76490=EDGE_CURVE('',#54080,#53620,#76480,.T.);
#76500=ORIENTED_EDGE('',*,*,#76490,.T.);
#76510=ORIENTED_EDGE('',*,*,#54130,.T.);
#76520=EDGE_LOOP('',(#76510,#76500,#76440,#76430,#76370,#76360,#76300,
   #76210));
#76530=FACE_OUTER_BOUND('',#76520,.T.);
#76540=ADVANCED_FACE('',(#76530),#76130,.T.);
#76550=COLOUR_RGB('',9.4901967048645020E-01,9.4901967048645020E-01,
   1.0000000000000000E+00);
#76560=FILL_AREA_STYLE_COLOUR('',#76550);
#76570=FILL_AREA_STYLE('',(#76560));
#76580=SURFACE_STYLE_FILL_AREA(#76570);
#76590=SURFACE_SIDE_STYLE('',(#76580));
#76600=SURFACE_STYLE_USAGE(.BOTH.,#76590);
#76610=PRESENTATION_STYLE_ASSIGNMENT((#76600));
#76620=CARTESIAN_POINT('',(-3.5854003587298216E+01,
   1.2508852824316122E+01,1.0366025403784443E+01));
#76630=DIRECTION('',(0.0000000000000000E+00,-2.5881904510252046E-01,
   9.6592582628906842E-01));
#76640=DIRECTION('',(0.0000000000000000E+00,9.6592582628906842E-01,
   2.5881904510252046E-01));
#76650=AXIS2_PLACEMENT_3D('',#76620,#76630,#76640);
#76660=PLANE('',#76650);
#76670=ORIENTED_EDGE('',*,*,#37900,.T.);
#76680=ORIENTED_EDGE('',*,*,#75680,.T.);
#76690=ORIENTED_EDGE('',*,*,#75950,.T.);
#76700=ORIENTED_EDGE('',*,*,#56200,.T.);
#76710=EDGE_LOOP('',(#76700,#76690,#76680,#76670));
#76720=FACE_OUTER_BOUND('',#76710,.T.);
#76730=ADVANCED_FACE('',(#76720),#76660,.T.);
#76740=COLOUR_RGB('',9.4901967048645020E-01,9.4901967048645020E-01,
   1.0000000000000000E+00);
#76750=FILL_AREA_STYLE_COLOUR('',#76740);
#76760=FILL_AREA_STYLE('',(#76750));
#76770=SURFACE_STYLE_FILL_AREA(#76760);
#76780=SURFACE_SIDE_STYLE('',(#76770));
#76790=SURFACE_STYLE_USAGE(.BOTH.,#76780);
#76800=PRESENTATION_STYLE_ASSIGNMENT((#76790));
#76810=CARTESIAN_POINT('',(-3.5829003587298210E+01,
   2.4373852824316117E+01,1.0000000000000004E+01));
#76820=DIRECTION('',(0.0000000000000000E+00,1.0000000000000000E+00,
   0.0000000000000000E+00));
#76830=DIRECTION('',(1.0000000000000000E+00,0.0000000000000000E+00,
   0.0000000000000000E+00));
#76840=AXIS2_PLACEMENT_3D('',#76810,#76820,#76830);
#76850=CYLINDRICAL_SURFACE('',#76840,1.9150000000000134E+00);
#76860=CARTESIAN_POINT('',(-3.3914003587298197E+01,
   2.4373852824316117E+01,1.0000000000000004E+01));
#76870=DIRECTION('',(0.0000000000000000E+00,1.0000000000000000E+00,
   0.0000000000000000E+00));
#76880=VECTOR('',#76870,1.0000000000000000E+00);
#76890=LINE('',#76860,#76880);
#76900=EDGE_CURVE('',#44720,#73440,#76890,.T.);
#76910=ORIENTED_EDGE('',*,*,#76900,.F.);
#76920=ORIENTED_EDGE('',*,*,#73450,.T.);
#76930=CARTESIAN_POINT('',(-3.7744003587298224E+01,
   2.4373852824316117E+01,1.0000000000000004E+01));
#76940=DIRECTION('',(0.0000000000000000E+00,1.0000000000000000E+00,
   0.0000000000000000E+00));
#76950=VECTOR('',#76940,1.0000000000000000E+00);
#76960=LINE('',#76930,#76950);
#76970=EDGE_CURVE('',#44740,#73420,#76960,.T.);
#76980=ORIENTED_EDGE('',*,*,#76970,.T.);
#76990=ORIENTED_EDGE('',*,*,#44770,.F.);
#77000=EDGE_LOOP('',(#76990,#76980,#76920,#76910));
#77010=FACE_OUTER_BOUND('',#77000,.T.);
#77020=ADVANCED_FACE('',(#77010),#76850,.F.);
#77030=COLOUR_RGB('',5.0196081399917603E-01,1.0000000000000000E+00,
   5.0196081399917603E-01);
#77040=FILL_AREA_STYLE_COLOUR('',#77030);
#77050=FILL_AREA_STYLE('',(#77040));
#77060=SURFACE_STYLE_FILL_AREA(#77050);
#77070=SURFACE_SIDE_STYLE('',(#77060));
#77080=SURFACE_STYLE_USAGE(.BOTH.,#77070);
#77090=PRESENTATION_STYLE_ASSIGNMENT((#77080));
#77100=ORIENTED_EDGE('',*,*,#65760,.T.);
#77110=ORIENTED_EDGE('',*,*,#40410,.F.);
#77120=ORIENTED_EDGE('',*,*,#64290,.F.);
#77130=ORIENTED_EDGE('',*,*,#51950,.T.);
#77140=EDGE_LOOP('',(#77130,#77120,#77110,#77100));
#77150=FACE_OUTER_BOUND('',#77140,.T.);
#77160=ADVANCED_FACE('',(#77150),#40080,.T.);
#77170=COLOUR_RGB('',9.4901967048645020E-01,9.4901967048645020E-01,
   1.0000000000000000E+00);
#77180=FILL_AREA_STYLE_COLOUR('',#77170);
#77190=FILL_AREA_STYLE('',(#77180));
#77200=SURFACE_STYLE_FILL_AREA(#77190);
#77210=SURFACE_SIDE_STYLE('',(#77200));
#77220=SURFACE_STYLE_USAGE(.BOTH.,#77210);
#77230=PRESENTATION_STYLE_ASSIGNMENT((#77220));
#77240=CARTESIAN_POINT('',(-3.6122820727760129E+01,
   1.2008852824316122E+01,1.9329240115268973E+01));
#77250=DIRECTION('',(0.0000000000000000E+00,-1.0000000000000000E+00,
   0.0000000000000000E+00));
#77260=DIRECTION('',(1.0000000000000000E+00,0.0000000000000000E+00,
   0.0000000000000000E+00));
#77270=AXIS2_PLACEMENT_3D('',#77240,#77250,#77260);
#77280=PLANE('',#77270);
#77290=CARTESIAN_POINT('',(-8.8925674828030196E+01,
   1.2008852824316122E+01,2.5232050807568879E+01));
#77300=DIRECTION('',(-1.0000000000000000E+00,0.0000000000000000E+00,
   0.0000000000000000E+00));
#77310=VECTOR('',#77300,1.0000000000000000E+00);
#77320=LINE('',#77290,#77310);
#77330=CARTESIAN_POINT('',(-3.5604003587298216E+01,
   1.2008852824316129E+01,2.5232050807568879E+01));
#77340=VERTEX_POINT('',#77330);
#77350=CARTESIAN_POINT('',(-3.6104003587298216E+01,
   1.2008852824316129E+01,2.5232050807568879E+01));
#77360=VERTEX_POINT('',#77350);
#77370=EDGE_CURVE('',#77340,#77360,#77320,.T.);
#77380=ORIENTED_EDGE('',*,*,#77370,.T.);
#77390=CARTESIAN_POINT('',(-3.5604003587298216E+01,
   1.2008852824316122E+01,2.5500000000000000E+01));
#77400=DIRECTION('',(0.0000000000000000E+00,0.0000000000000000E+00,
   -1.0000000000000000E+00));
#77410=VECTOR('',#77400,1.0000000000000000E+00);
#77420=LINE('',#77390,#77410);
#77430=CARTESIAN_POINT('',(-3.5604003587298216E+01,
   1.2008852824316129E+01,2.4767949192431121E+01));
#77440=VERTEX_POINT('',#77430);
#77450=EDGE_CURVE('',#77340,#77440,#77420,.T.);
#77460=ORIENTED_EDGE('',*,*,#77450,.F.);
#77470=CARTESIAN_POINT('',(-8.8925674828030196E+01,
   1.2008852824316122E+01,2.4767949192431121E+01));
#77480=DIRECTION('',(1.0000000000000000E+00,0.0000000000000000E+00,
   0.0000000000000000E+00));
#77490=VECTOR('',#77480,1.0000000000000000E+00);
#77500=LINE('',#77470,#77490);
#77510=CARTESIAN_POINT('',(-3.6104003587298216E+01,
   1.2008852824316129E+01,2.4767949192431121E+01));
#77520=VERTEX_POINT('',#77510);
#77530=EDGE_CURVE('',#77520,#77440,#77500,.T.);
#77540=ORIENTED_EDGE('',*,*,#77530,.T.);
#77550=CARTESIAN_POINT('',(-3.6104003587298216E+01,
   1.2008852824316122E+01,2.4500000000000000E+01));
#77560=DIRECTION('',(0.0000000000000000E+00,0.0000000000000000E+00,
   1.0000000000000000E+00));
#77570=VECTOR('',#77560,1.0000000000000000E+00);
#77580=LINE('',#77550,#77570);
#77590=EDGE_CURVE('',#77520,#77360,#77580,.T.);
#77600=ORIENTED_EDGE('',*,*,#77590,.F.);
#77610=EDGE_LOOP('',(#77600,#77540,#77460,#77380));
#77620=FACE_OUTER_BOUND('',#77610,.T.);
#77630=ADVANCED_FACE('',(#77620),#77280,.T.);
#77640=COLOUR_RGB('',9.4901967048645020E-01,9.4901967048645020E-01,
   1.0000000000000000E+00);
#77650=FILL_AREA_STYLE_COLOUR('',#77640);
#77660=FILL_AREA_STYLE('',(#77650));
#77670=SURFACE_STYLE_FILL_AREA(#77660);
#77680=SURFACE_SIDE_STYLE('',(#77670));
#77690=SURFACE_STYLE_USAGE(.BOTH.,#77680);
#77700=PRESENTATION_STYLE_ASSIGNMENT((#77690));
#77710=CARTESIAN_POINT('',(-3.6497744671345409E+01,
   2.4538852824316116E+01,1.5668741084047209E+01));
#77720=DIRECTION('',(0.0000000000000000E+00,1.0000000000000000E+00,
   0.0000000000000000E+00));
#77730=DIRECTION('',(7.0710678118654746E-01,0.0000000000000000E+00,
   -7.0710678118654757E-01));
#77740=AXIS2_PLACEMENT_3D('',#77710,#77720,#77730);
#77750=PLANE('',#77740);
#77760=ORIENTED_EDGE('',*,*,#59140,.T.);
#77770=CARTESIAN_POINT('',(-8.8925674828030196E+01,
   2.4538852824316116E+01,-3.7601696493901414E+01));
#77780=DIRECTION('',(-7.0710678118654757E-01,0.0000000000000000E+00,
   -7.0710678118654746E-01));
#77790=VECTOR('',#77780,1.0000000000000000E+00);
#77800=LINE('',#77770,#77790);
#77810=CARTESIAN_POINT('',(-3.5693983448967970E+01,
   2.4538852824316116E+01,1.5629994885160803E+01));
#77820=VERTEX_POINT('',#77810);
#77830=EDGE_CURVE('',#77820,#59070,#77800,.T.);
#77840=ORIENTED_EDGE('',*,*,#77830,.T.);
#77850=CARTESIAN_POINT('',(-3.5854003587298216E+01,
   2.4538852824316116E+01,1.5000000000000004E+01));
#77860=DIRECTION('',(0.0000000000000000E+00,-1.0000000000000000E+00,
   0.0000000000000000E+00));
#77870=DIRECTION('',(1.0000000000000000E+00,0.0000000000000000E+00,
   0.0000000000000000E+00));
#77880=AXIS2_PLACEMENT_3D('',#77850,#77860,#77870);
#77890=CIRCLE('',#77880,6.5000000000000002E-01);
#77900=EDGE_CURVE('',#77820,#59030,#77890,.T.);
#77910=ORIENTED_EDGE('',*,*,#77900,.F.);
#77920=EDGE_LOOP('',(#77910,#77840,#77760));
#77930=FACE_OUTER_BOUND('',#77920,.T.);
#77940=ADVANCED_FACE('',(#77930),#77750,.T.);
#77950=COLOUR_RGB('',9.4901967048645020E-01,9.4901967048645020E-01,
   1.0000000000000000E+00);
#77960=FILL_AREA_STYLE_COLOUR('',#77950);
#77970=FILL_AREA_STYLE('',(#77960));
#77980=SURFACE_STYLE_FILL_AREA(#77970);
#77990=SURFACE_SIDE_STYLE('',(#77980));
#78000=SURFACE_STYLE_USAGE(.BOTH.,#77990);
#78010=PRESENTATION_STYLE_ASSIGNMENT((#78000));
#78020=CARTESIAN_POINT('',(-3.5604003587298216E+01,
   1.5008852824316122E+01,2.5500000000000000E+01));
#78030=DIRECTION('',(1.0000000000000000E+00,-0.0000000000000000E+00,
   0.0000000000000000E+00));
#78040=DIRECTION('',(0.0000000000000000E+00,0.0000000000000000E+00,
   -1.0000000000000000E+00));
#78050=AXIS2_PLACEMENT_3D('',#78020,#78030,#78040);
#78060=PLANE('',#78050);
#78070=CARTESIAN_POINT('',(-3.5604003587298216E+01,
   -2.6716239164827719E+01,1.4855693682256859E+01));
#78080=DIRECTION('',(0.0000000000000000E+00,-9.6592582628906842E-01,
   -2.5881904510252046E-01));
#78090=VECTOR('',#78080,1.0000000000000000E+00);
#78100=LINE('',#78070,#78090);
#78110=CARTESIAN_POINT('',(-3.5604003587298216E+01,
   1.3008852824316122E+01,2.5500000000000000E+01));
#78120=VERTEX_POINT('',#78110);
#78130=EDGE_CURVE('',#78120,#77340,#78100,.T.);
#78140=ORIENTED_EDGE('',*,*,#78130,.T.);
#78150=CARTESIAN_POINT('',(-3.5604003587298216E+01,
   1.5008852824316122E+01,2.5500000000000000E+01));
#78160=DIRECTION('',(0.0000000000000000E+00,-1.0000000000000000E+00,
   0.0000000000000000E+00));
#78170=VECTOR('',#78160,1.0000000000000000E+00);
#78180=LINE('',#78150,#78170);
#78190=CARTESIAN_POINT('',(-3.5604003587298216E+01,
   1.5008852824316122E+01,2.5500000000000000E+01));
#78200=VERTEX_POINT('',#78190);
#78210=EDGE_CURVE('',#78200,#78120,#78180,.T.);
#78220=ORIENTED_EDGE('',*,*,#78210,.T.);
#78230=CARTESIAN_POINT('',(-3.5604003587298216E+01,
   1.5008852824316122E+01,2.5000000000000000E+01));
#78240=DIRECTION('',(0.0000000000000000E+00,0.0000000000000000E+00,
   1.0000000000000000E+00));
#78250=VECTOR('',#78240,1.0000000000000000E+00);
#78260=LINE('',#78230,#78250);
#78270=CARTESIAN_POINT('',(-3.5604003587298216E+01,
   1.5008852824316122E+01,2.5000000000000000E+01));
#78280=VERTEX_POINT('',#78270);
#78290=EDGE_CURVE('',#78280,#78200,#78260,.T.);
#78300=ORIENTED_EDGE('',*,*,#78290,.T.);
#78310=CARTESIAN_POINT('',(-3.5604003587298216E+01,
   1.5008852824316122E+01,2.5000000000000000E+01));
#78320=DIRECTION('',(0.0000000000000000E+00,0.0000000000000000E+00,
   1.0000000000000000E+00));
#78330=VECTOR('',#78320,1.0000000000000000E+00);
#78340=LINE('',#78310,#78330);
#78350=CARTESIAN_POINT('',(-3.5604003587298216E+01,
   1.5008852824316122E+01,2.4500000000000000E+01));
#78360=VERTEX_POINT('',#78350);
#78370=EDGE_CURVE('',#78360,#78280,#78340,.T.);
#78380=ORIENTED_EDGE('',*,*,#78370,.T.);
#78390=CARTESIAN_POINT('',(-3.5604003587298216E+01,
   1.5008852824316122E+01,2.4500000000000000E+01));
#78400=DIRECTION('',(0.0000000000000000E+00,-1.0000000000000000E+00,
   0.0000000000000000E+00));
#78410=VECTOR('',#78400,1.0000000000000000E+00);
#78420=LINE('',#78390,#78410);
#78430=CARTESIAN_POINT('',(-3.5604003587298216E+01,
   1.3008852824316122E+01,2.4500000000000000E+01));
#78440=VERTEX_POINT('',#78430);
#78450=EDGE_CURVE('',#78360,#78440,#78420,.T.);
#78460=ORIENTED_EDGE('',*,*,#78450,.F.);
#78470=CARTESIAN_POINT('',(-3.5604003587298216E+01,
   -2.6716239164827719E+01,3.5144306317743144E+01));
#78480=DIRECTION('',(0.0000000000000000E+00,9.6592582628906842E-01,
   -2.5881904510252046E-01));
#78490=VECTOR('',#78480,1.0000000000000000E+00);
#78500=LINE('',#78470,#78490);
#78510=EDGE_CURVE('',#77440,#78440,#78500,.T.);
#78520=ORIENTED_EDGE('',*,*,#78510,.T.);
#78530=ORIENTED_EDGE('',*,*,#77450,.T.);
#78540=EDGE_LOOP('',(#78530,#78520,#78460,#78380,#78300,#78220,#78140));
#78550=FACE_OUTER_BOUND('',#78540,.T.);
#78560=ADVANCED_FACE('',(#78550),#78060,.T.);
#78570=COLOUR_RGB('',9.4901967048645020E-01,9.4901967048645020E-01,
   1.0000000000000000E+00);
#78580=FILL_AREA_STYLE_COLOUR('',#78570);
#78590=FILL_AREA_STYLE('',(#78580));
#78600=SURFACE_STYLE_FILL_AREA(#78590);
#78610=SURFACE_SIDE_STYLE('',(#78600));
#78620=SURFACE_STYLE_USAGE(.BOTH.,#78610);
#78630=PRESENTATION_STYLE_ASSIGNMENT((#78620));
#78640=CARTESIAN_POINT('',(-3.5581516213882892E+01,
   2.3538852824316109E+01,1.9752512626584686E+01));
#78650=DIRECTION('',(0.0000000000000000E+00,1.0000000000000000E+00,
   0.0000000000000000E+00));
#78660=DIRECTION('',(7.0710678118654746E-01,0.0000000000000000E+00,
   -7.0710678118654757E-01));
#78670=AXIS2_PLACEMENT_3D('',#78640,#78650,#78660);
#78680=PLANE('',#78670);
#78690=CARTESIAN_POINT('',(-8.8925674828030196E+01,
   2.3538852824316109E+01,-3.3591645987562615E+01));
#78700=DIRECTION('',(-7.0710678118654757E-01,0.0000000000000000E+00,
   -7.0710678118654746E-01));
#78710=VECTOR('',#78700,1.0000000000000000E+00);
#78720=LINE('',#78690,#78710);
#78730=CARTESIAN_POINT('',(-3.5334028840467575E+01,
   2.3538852824316109E+01,2.0000000000000004E+01));
#78740=VERTEX_POINT('',#78730);
#78750=CARTESIAN_POINT('',(-3.5973036748504086E+01,
   2.3538852824316109E+01,1.9360992091963382E+01));
#78760=VERTEX_POINT('',#78750);
#78770=EDGE_CURVE('',#78740,#78760,#78720,.T.);
#78780=ORIENTED_EDGE('',*,*,#78770,.T.);
#78790=CARTESIAN_POINT('',(-8.8925674828030196E+01,
   2.3538852824316109E+01,2.0000000000000004E+01));
#78800=DIRECTION('',(-1.0000000000000000E+00,0.0000000000000000E+00,
   0.0000000000000000E+00));
#78810=VECTOR('',#78800,1.0000000000000000E+00);
#78820=LINE('',#78790,#78810);
#78830=CARTESIAN_POINT('',(-3.6323978334128768E+01,
   2.3538852824316109E+01,2.0000000000000004E+01));
#78840=VERTEX_POINT('',#78830);
#78850=EDGE_CURVE('',#78740,#78840,#78820,.T.);
#78860=ORIENTED_EDGE('',*,*,#78850,.F.);
#78870=EDGE_CURVE('',#78840,#74160,#74140,.T.);
#78880=ORIENTED_EDGE('',*,*,#78870,.F.);
#78890=CARTESIAN_POINT('',(-3.5854003587298216E+01,
   2.3538852824316109E+01,2.0000000000000004E+01));
#78900=DIRECTION('',(0.0000000000000000E+00,-1.0000000000000000E+00,
   0.0000000000000000E+00));
#78910=DIRECTION('',(1.0000000000000000E+00,0.0000000000000000E+00,
   0.0000000000000000E+00));
#78920=AXIS2_PLACEMENT_3D('',#78890,#78900,#78910);
#78930=CIRCLE('',#78920,6.5000000000000002E-01);
#78940=EDGE_CURVE('',#74160,#78760,#78930,.T.);
#78950=ORIENTED_EDGE('',*,*,#78940,.F.);
#78960=EDGE_LOOP('',(#78950,#78880,#78860,#78780));
#78970=FACE_OUTER_BOUND('',#78960,.T.);
#78980=ADVANCED_FACE('',(#78970),#78680,.T.);
#78990=COLOUR_RGB('',9.4901967048645020E-01,9.4901967048645020E-01,
   1.0000000000000000E+00);
#79000=FILL_AREA_STYLE_COLOUR('',#78990);
#79010=FILL_AREA_STYLE('',(#79000));
#79020=SURFACE_STYLE_FILL_AREA(#79010);
#79030=SURFACE_SIDE_STYLE('',(#79020));
#79040=SURFACE_STYLE_USAGE(.BOTH.,#79030);
#79050=PRESENTATION_STYLE_ASSIGNMENT((#79040));
#79060=CARTESIAN_POINT('',(-3.5581516213882892E+01,
   2.3538852824316109E+01,1.4752512626584686E+01));
#79070=DIRECTION('',(-7.0710678118654746E-01,0.0000000000000000E+00,
   7.0710678118654757E-01));
#79080=DIRECTION('',(0.0000000000000000E+00,1.0000000000000000E+00,
   0.0000000000000000E+00));
#79090=AXIS2_PLACEMENT_3D('',#79060,#79070,#79080);
#79100=PLANE('',#79090);
#79110=EDGE_CURVE('',#4500,#53700,#53680,.T.);
#79120=ORIENTED_EDGE('',*,*,#79110,.F.);
#79130=CARTESIAN_POINT('',(-3.5214995679261612E+01,
   3.5508852824316115E+01,1.5119033161205966E+01));
#79140=DIRECTION('',(0.0000000000000000E+00,-1.0000000000000000E+00,
   0.0000000000000000E+00));
#79150=VECTOR('',#79140,1.0000000000000000E+00);
#79160=LINE('',#79130,#79150);
#79170=EDGE_CURVE('',#53700,#57660,#79160,.T.);
#79180=ORIENTED_EDGE('',*,*,#79170,.F.);
#79190=EDGE_CURVE('',#57660,#63470,#57620,.T.);
#79200=ORIENTED_EDGE('',*,*,#79190,.F.);
#79210=ORIENTED_EDGE('',*,*,#64030,.T.);
#79220=EDGE_LOOP('',(#79210,#79200,#79180,#79120));
#79230=FACE_OUTER_BOUND('',#79220,.T.);
#79240=ADVANCED_FACE('',(#79230),#79100,.T.);
#79250=COLOUR_RGB('',9.4901967048645020E-01,9.4901967048645020E-01,
   1.0000000000000000E+00);
#79260=FILL_AREA_STYLE_COLOUR('',#79250);
#79270=FILL_AREA_STYLE('',(#79260));
#79280=SURFACE_STYLE_FILL_AREA(#79270);
#79290=SURFACE_SIDE_STYLE('',(#79280));
#79300=SURFACE_STYLE_USAGE(.BOTH.,#79290);
#79310=PRESENTATION_STYLE_ASSIGNMENT((#79300));
#79320=CARTESIAN_POINT('',(-3.5581516213882892E+01,
   2.3538852824316109E+01,1.9752512626584686E+01));
#79330=DIRECTION('',(-7.0710678118654746E-01,0.0000000000000000E+00,
   7.0710678118654757E-01));
#79340=DIRECTION('',(0.0000000000000000E+00,1.0000000000000000E+00,
   0.0000000000000000E+00));
#79350=AXIS2_PLACEMENT_3D('',#79320,#79330,#79340);
#79360=PLANE('',#79350);
#79370=ORIENTED_EDGE('',*,*,#54610,.F.);
#79380=CARTESIAN_POINT('',(-3.5334028840467568E+01,
   -2.6716239164827719E+01,2.0000000000000004E+01));
#79390=DIRECTION('',(-0.0000000000000000E+00,-1.0000000000000000E+00,
   0.0000000000000000E+00));
#79400=VECTOR('',#79390,1.0000000000000000E+00);
#79410=LINE('',#79380,#79400);
#79420=EDGE_CURVE('',#54520,#78740,#79410,.T.);
#79430=ORIENTED_EDGE('',*,*,#79420,.F.);
#79440=ORIENTED_EDGE('',*,*,#78770,.F.);
#79450=CARTESIAN_POINT('',(-3.5973036748504178E+01,
   3.5508852824316115E+01,1.9360992091963400E+01));
#79460=DIRECTION('',(0.0000000000000000E+00,-1.0000000000000000E+00,
   0.0000000000000000E+00));
#79470=VECTOR('',#79460,1.0000000000000000E+00);
#79480=LINE('',#79450,#79470);
#79490=EDGE_CURVE('',#54600,#78760,#79480,.T.);
#79500=ORIENTED_EDGE('',*,*,#79490,.T.);
#79510=EDGE_LOOP('',(#79500,#79440,#79430,#79370));
#79520=FACE_OUTER_BOUND('',#79510,.T.);
#79530=ADVANCED_FACE('',(#79520),#79360,.T.);
#79540=COLOUR_RGB('',9.4901967048645020E-01,9.4901967048645020E-01,
   1.0000000000000000E+00);
#79550=FILL_AREA_STYLE_COLOUR('',#79540);
#79560=FILL_AREA_STYLE('',(#79550));
#79570=SURFACE_STYLE_FILL_AREA(#79560);
#79580=SURFACE_SIDE_STYLE('',(#79570));
#79590=SURFACE_STYLE_USAGE(.BOTH.,#79580);
#79600=PRESENTATION_STYLE_ASSIGNMENT((#79590));
#79610=CARTESIAN_POINT('',(-3.6076490960713485E+01,
   2.4538852824316109E+01,1.5247487373415286E+01));
#79620=DIRECTION('',(7.0710678118654746E-01,0.0000000000000000E+00,
   -7.0710678118654757E-01));
#79630=DIRECTION('',(0.0000000000000000E+00,-1.0000000000000000E+00,
   0.0000000000000000E+00));
#79640=AXIS2_PLACEMENT_3D('',#79610,#79620,#79630);
#79650=PLANE('',#79640);
#79660=ORIENTED_EDGE('',*,*,#77830,.F.);
#79670=ORIENTED_EDGE('',*,*,#68200,.T.);
#79680=EDGE_CURVE('',#57830,#63570,#57810,.T.);
#79690=ORIENTED_EDGE('',*,*,#79680,.T.);
#79700=CARTESIAN_POINT('',(-3.5693983448967970E+01,
   3.5508852824316115E+01,1.5629994885160803E+01));
#79710=DIRECTION('',(0.0000000000000000E+00,-1.0000000000000000E+00,
   0.0000000000000000E+00));
#79720=VECTOR('',#79710,1.0000000000000000E+00);
#79730=LINE('',#79700,#79720);
#79740=EDGE_CURVE('',#77820,#57830,#79730,.T.);
#79750=ORIENTED_EDGE('',*,*,#79740,.T.);
#79760=EDGE_LOOP('',(#79750,#79690,#79670,#79660));
#79770=FACE_OUTER_BOUND('',#79760,.T.);
#79780=ADVANCED_FACE('',(#79770),#79650,.T.);
#79790=COLOUR_RGB('',9.4901967048645020E-01,9.4901967048645020E-01,
   1.0000000000000000E+00);
#79800=FILL_AREA_STYLE_COLOUR('',#79790);
#79810=FILL_AREA_STYLE('',(#79800));
#79820=SURFACE_STYLE_FILL_AREA(#79810);
#79830=SURFACE_SIDE_STYLE('',(#79820));
#79840=SURFACE_STYLE_USAGE(.BOTH.,#79830);
#79850=PRESENTATION_STYLE_ASSIGNMENT((#79840));
#79860=ORIENTED_EDGE('',*,*,#64980,.F.);
#79870=ORIENTED_EDGE('',*,*,#79490,.F.);
#79880=CARTESIAN_POINT('',(-3.6902027478507286E+01,
   2.3538852824316109E+01,1.8432001361960250E+01));
#79890=VERTEX_POINT('',#79880);
#79900=EDGE_CURVE('',#78760,#79890,#78720,.T.);
#79910=ORIENTED_EDGE('',*,*,#79900,.F.);
#79920=CARTESIAN_POINT('',(-3.6902027478507307E+01,
   2.3082795793605840E+01,1.8432001361960268E+01));
#79930=DIRECTION('',(0.0000000000000000E+00,1.0000000000000000E+00,
   0.0000000000000000E+00));
#79940=VECTOR('',#79930,1.0000000000000000E+00);
#79950=LINE('',#79920,#79940);
#79960=EDGE_CURVE('',#79890,#64970,#79950,.T.);
#79970=ORIENTED_EDGE('',*,*,#79960,.F.);
#79980=EDGE_LOOP('',(#79970,#79910,#79870,#79860));
#79990=FACE_OUTER_BOUND('',#79980,.T.);
#80000=ADVANCED_FACE('',(#79990),#79360,.T.);
#80010=COLOUR_RGB('',9.4901967048645020E-01,9.4901967048645020E-01,
   1.0000000000000000E+00);
#80020=FILL_AREA_STYLE_COLOUR('',#80010);
#80030=FILL_AREA_STYLE('',(#80020));
#80040=SURFACE_STYLE_FILL_AREA(#80030);
#80050=SURFACE_SIDE_STYLE('',(#80040));
#80060=SURFACE_STYLE_USAGE(.BOTH.,#80050);
#80070=PRESENTATION_STYLE_ASSIGNMENT((#80060));
#80080=CARTESIAN_POINT('',(-3.4429932243550240E+01,
   2.0008852824316122E+01,2.3477675262418082E+01));
#80090=DIRECTION('',(0.0000000000000000E+00,-1.0000000000000000E+00,
   0.0000000000000000E+00));
#80100=DIRECTION('',(1.0000000000000000E+00,0.0000000000000000E+00,
   0.0000000000000000E+00));
#80110=AXIS2_PLACEMENT_3D('',#80080,#80090,#80100);
#80120=PLANE('',#80110);
#80130=CARTESIAN_POINT('',(-3.8767003587298184E+01,
   2.0008852824316122E+01,2.7371309300093312E+01));
#80140=DIRECTION('',(6.4358945695697078E-01,0.0000000000000000E+00,
   -7.6537089760052390E-01));
#80150=VECTOR('',#80140,1.0000000000000000E+00);
#80160=LINE('',#80130,#80150);
#80170=CARTESIAN_POINT('',(-3.8767003587298184E+01,
   2.0008852824316122E+01,2.7371309300093312E+01));
#80180=VERTEX_POINT('',#80170);
#80190=CARTESIAN_POINT('',(-3.8617044243682152E+01,
   2.0008852824316122E+01,2.7192974313113151E+01));
#80200=VERTEX_POINT('',#80190);
#80210=EDGE_CURVE('',#80180,#80200,#80160,.T.);
#80220=ORIENTED_EDGE('',*,*,#80210,.F.);
#80230=CARTESIAN_POINT('',(-3.8617044243682152E+01,
   2.0008852824316122E+01,2.7192974313113151E+01));
#80240=DIRECTION('',(0.0000000000000000E+00,0.0000000000000000E+00,
   -1.0000000000000000E+00));
#80250=VECTOR('',#80240,1.0000000000000000E+00);
#80260=LINE('',#80230,#80250);
#80270=CARTESIAN_POINT('',(-3.8617044243682152E+01,
   2.0008852824316122E+01,2.6930000000000078E+01));
#80280=VERTEX_POINT('',#80270);
#80290=EDGE_CURVE('',#80200,#80280,#80260,.T.);
#80300=ORIENTED_EDGE('',*,*,#80290,.F.);
#80310=CARTESIAN_POINT('',(-3.8617044243682152E+01,
   2.0008852824316122E+01,2.6930000000000078E+01));
#80320=DIRECTION('',(-1.0000000000000000E+00,0.0000000000000000E+00,
   0.0000000000000000E+00));
#80330=VECTOR('',#80320,1.0000000000000000E+00);
#80340=LINE('',#80310,#80330);
#80350=CARTESIAN_POINT('',(-3.9330962930914275E+01,
   2.0008852824316122E+01,2.6930000000000078E+01));
#80360=VERTEX_POINT('',#80350);
#80370=EDGE_CURVE('',#80280,#80360,#80340,.T.);
#80380=ORIENTED_EDGE('',*,*,#80370,.F.);
#80390=CARTESIAN_POINT('',(-3.9330962930914275E+01,
   2.0008852824316122E+01,2.6930000000000078E+01));
#80400=DIRECTION('',(5.9105097227002377E-15,0.0000000000000000E+00,
   1.0000000000000000E+00));
#80410=VECTOR('',#80400,1.0000000000000000E+00);
#80420=LINE('',#80390,#80410);
#80430=CARTESIAN_POINT('',(-3.9330962930914275E+01,
   2.0008852824316122E+01,2.7192974313113147E+01));
#80440=VERTEX_POINT('',#80430);
#80450=EDGE_CURVE('',#80360,#80440,#80420,.T.);
#80460=ORIENTED_EDGE('',*,*,#80450,.F.);
#80470=CARTESIAN_POINT('',(-3.9330962930914275E+01,
   2.0008852824316122E+01,2.7192974313113147E+01));
#80480=DIRECTION('',(6.4358945695705005E-01,0.0000000000000000E+00,
   7.6537089760045707E-01));
#80490=VECTOR('',#80480,1.0000000000000000E+00);
#80500=LINE('',#80470,#80490);
#80510=CARTESIAN_POINT('',(-3.9181003587298207E+01,
   2.0008852824316122E+01,2.7371309300093309E+01));
#80520=VERTEX_POINT('',#80510);
#80530=EDGE_CURVE('',#80440,#80520,#80500,.T.);
#80540=ORIENTED_EDGE('',*,*,#80530,.F.);
#80550=CARTESIAN_POINT('',(-3.9181003587298207E+01,
   2.0008852824316122E+01,2.7371309300093309E+01));
#80560=DIRECTION('',(0.0000000000000000E+00,0.0000000000000000E+00,
   1.0000000000000000E+00));
#80570=VECTOR('',#80560,1.0000000000000000E+00);
#80580=LINE('',#80550,#80570);
#80590=CARTESIAN_POINT('',(-3.9181003587298207E+01,
   2.0008852824316122E+01,2.7500000000000000E+01));
#80600=VERTEX_POINT('',#80590);
#80610=EDGE_CURVE('',#80520,#80600,#80580,.T.);
#80620=ORIENTED_EDGE('',*,*,#80610,.F.);
#80630=CARTESIAN_POINT('',(0.0000000000000000E+00,2.0008852824316122E+01
   ,2.7500000000000000E+01));
#80640=DIRECTION('',(-1.0000000000000000E+00,0.0000000000000000E+00,
   0.0000000000000000E+00));
#80650=VECTOR('',#80640,1.0000000000000000E+00);
#80660=LINE('',#80630,#80650);
#80670=CARTESIAN_POINT('',(-3.8767003587298184E+01,
   2.0008852824316122E+01,2.7500000000000000E+01));
#80680=VERTEX_POINT('',#80670);
#80690=EDGE_CURVE('',#80680,#80600,#80660,.T.);
#80700=ORIENTED_EDGE('',*,*,#80690,.T.);
#80710=CARTESIAN_POINT('',(-3.8767003587298184E+01,
   2.0008852824316122E+01,2.7500000000000000E+01));
#80720=DIRECTION('',(-3.7959085713985267E-14,0.0000000000000000E+00,
   -1.0000000000000000E+00));
#80730=VECTOR('',#80720,1.0000000000000000E+00);
#80740=LINE('',#80710,#80730);
#80750=EDGE_CURVE('',#80680,#80180,#80740,.T.);
#80760=ORIENTED_EDGE('',*,*,#80750,.F.);
#80770=EDGE_LOOP('',(#80760,#80700,#80620,#80540,#80460,#80380,#80300,
   #80220));
#80780=FACE_OUTER_BOUND('',#80770,.T.);
#80790=ADVANCED_FACE('',(#80780),#80120,.T.);
#80800=COLOUR_RGB('',5.0196081399917603E-01,1.0000000000000000E+00,
   5.0196081399917603E-01);
#80810=FILL_AREA_STYLE_COLOUR('',#80800);
#80820=FILL_AREA_STYLE('',(#80810));
#80830=SURFACE_STYLE_FILL_AREA(#80820);
#80840=SURFACE_SIDE_STYLE('',(#80830));
#80850=SURFACE_STYLE_USAGE(.BOTH.,#80840);
#80860=PRESENTATION_STYLE_ASSIGNMENT((#80850));
#80870=CARTESIAN_POINT('',(-3.6122820727760129E+01,
   1.5008852824316122E+01,1.9329240115268973E+01));
#80880=DIRECTION('',(0.0000000000000000E+00,-1.0000000000000000E+00,
   0.0000000000000000E+00));
#80890=DIRECTION('',(1.0000000000000000E+00,0.0000000000000000E+00,
   0.0000000000000000E+00));
#80900=AXIS2_PLACEMENT_3D('',#80870,#80880,#80890);
#80910=PLANE('',#80900);
#80920=CARTESIAN_POINT('',(-8.8925674828030196E+01,
   1.5008852824316122E+01,2.5000000000000000E+01));
#80930=DIRECTION('',(1.0000000000000000E+00,0.0000000000000000E+00,
   0.0000000000000000E+00));
#80940=VECTOR('',#80930,1.0000000000000000E+00);
#80950=LINE('',#80920,#80940);
#80960=CARTESIAN_POINT('',(-3.6504003587298214E+01,
   1.5008852824316122E+01,2.5000000000000000E+01));
#80970=VERTEX_POINT('',#80960);
#80980=CARTESIAN_POINT('',(-3.6104003587298216E+01,
   1.5008852824316122E+01,2.5000000000000000E+01));
#80990=VERTEX_POINT('',#80980);
#81000=EDGE_CURVE('',#80970,#80990,#80950,.T.);
#81010=ORIENTED_EDGE('',*,*,#81000,.F.);
#81020=CARTESIAN_POINT('',(-3.6104003587298216E+01,
   1.5008852824316122E+01,2.5000000000000000E+01));
#81030=DIRECTION('',(0.0000000000000000E+00,0.0000000000000000E+00,
   -1.0000000000000000E+00));
#81040=VECTOR('',#81030,1.0000000000000000E+00);
#81050=LINE('',#81020,#81040);
#81060=CARTESIAN_POINT('',(-3.6104003587298216E+01,
   1.5008852824316122E+01,2.4500000000000000E+01));
#81070=VERTEX_POINT('',#81060);
#81080=EDGE_CURVE('',#80990,#81070,#81050,.T.);
#81090=ORIENTED_EDGE('',*,*,#81080,.F.);
#81100=CARTESIAN_POINT('',(-8.8925674828030196E+01,
   1.5008852824316122E+01,2.4500000000000000E+01));
#81110=DIRECTION('',(1.0000000000000000E+00,0.0000000000000000E+00,
   0.0000000000000000E+00));
#81120=VECTOR('',#81110,1.0000000000000000E+00);
#81130=LINE('',#81100,#81120);
#81140=EDGE_CURVE('',#81070,#78360,#81130,.T.);
#81150=ORIENTED_EDGE('',*,*,#81140,.F.);
#81160=ORIENTED_EDGE('',*,*,#78370,.F.);
#81170=CARTESIAN_POINT('',(-3.5204003587298217E+01,
   1.5008852824316122E+01,2.5000000000000000E+01));
#81180=VERTEX_POINT('',#81170);
#81190=EDGE_CURVE('',#78280,#81180,#80950,.T.);
#81200=ORIENTED_EDGE('',*,*,#81190,.F.);
#81210=CARTESIAN_POINT('',(-3.5854003587298216E+01,
   1.5008852824316122E+01,2.5000000000000000E+01));
#81220=DIRECTION('',(0.0000000000000000E+00,-1.0000000000000000E+00,
   0.0000000000000000E+00));
#81230=DIRECTION('',(1.0000000000000000E+00,0.0000000000000000E+00,
   0.0000000000000000E+00));
#81240=AXIS2_PLACEMENT_3D('',#81210,#81220,#81230);
#81250=CIRCLE('',#81240,6.5000000000000002E-01);
#81260=EDGE_CURVE('',#80970,#81180,#81250,.T.);
#81270=ORIENTED_EDGE('',*,*,#81260,.T.);
#81280=EDGE_LOOP('',(#81270,#81200,#81160,#81150,#81090,#81010));
#81290=FACE_OUTER_BOUND('',#81280,.T.);
#81300=ADVANCED_FACE('',(#81290),#80910,.T.);
#81310=COLOUR_RGB('',9.4901967048645020E-01,9.4901967048645020E-01,
   1.0000000000000000E+00);
#81320=FILL_AREA_STYLE_COLOUR('',#81310);
#81330=FILL_AREA_STYLE('',(#81320));
#81340=SURFACE_STYLE_FILL_AREA(#81330);
#81350=SURFACE_SIDE_STYLE('',(#81340));
#81360=SURFACE_STYLE_USAGE(.BOTH.,#81350);
#81370=PRESENTATION_STYLE_ASSIGNMENT((#81360));
#81380=ORIENTED_EDGE('',*,*,#53780,.F.);
#81390=ORIENTED_EDGE('',*,*,#79110,.T.);
#81400=ORIENTED_EDGE('',*,*,#4510,.T.);
#81410=EDGE_LOOP('',(#81400,#81390,#81380));
#81420=FACE_OUTER_BOUND('',#81410,.T.);
#81430=ADVANCED_FACE('',(#81420),#77750,.T.);
#81440=COLOUR_RGB('',9.4901967048645020E-01,9.4901967048645020E-01,
   1.0000000000000000E+00);
#81450=FILL_AREA_STYLE_COLOUR('',#81440);
#81460=FILL_AREA_STYLE('',(#81450));
#81470=SURFACE_STYLE_FILL_AREA(#81460);
#81480=SURFACE_SIDE_STYLE('',(#81470));
#81490=SURFACE_STYLE_USAGE(.BOTH.,#81480);
#81500=PRESENTATION_STYLE_ASSIGNMENT((#81490));
#81510=CARTESIAN_POINT('',(-3.9359231886085752E+01,
   2.0708852824316118E+01,2.5000000000000000E+01));
#81520=DIRECTION('',(-0.0000000000000000E+00,1.0000000000000000E+00,
   0.0000000000000000E+00));
#81530=DIRECTION('',(1.0000000000000000E+00,0.0000000000000000E+00,
   0.0000000000000000E+00));
#81540=AXIS2_PLACEMENT_3D('',#81510,#81520,#81530);
#81550=PLANE('',#81540);
#81560=ORIENTED_EDGE('',*,*,#65480,.T.);
#81570=CARTESIAN_POINT('',(-3.9359231886085752E+01,
   2.0708852824316118E+01,2.5000000000000000E+01));
#81580=DIRECTION('',(0.0000000000000000E+00,0.0000000000000000E+00,
   -1.0000000000000000E+00));
#81590=VECTOR('',#81580,1.0000000000000000E+00);
#81600=LINE('',#81570,#81590);
#81610=CARTESIAN_POINT('',(-3.9359231886085752E+01,
   2.0708852824316118E+01,2.3330574226872628E+01));
#81620=VERTEX_POINT('',#81610);
#81630=EDGE_CURVE('',#65390,#81620,#81600,.T.);
#81640=ORIENTED_EDGE('',*,*,#81630,.F.);
#81650=CARTESIAN_POINT('',(0.0000000000000000E+00,2.0708852824316118E+01
   ,3.8183114561244658E+01));
#81660=DIRECTION('',(9.3560171895074196E-01,0.0000000000000000E+00,
   3.5305725243424335E-01));
#81670=VECTOR('',#81660,1.0000000000000000E+00);
#81680=LINE('',#81650,#81670);
#81690=CARTESIAN_POINT('',(-3.9904003587298213E+01,
   2.0708852824316118E+01,2.3125000000000000E+01));
#81700=VERTEX_POINT('',#81690);
#81710=EDGE_CURVE('',#81700,#81620,#81680,.T.);
#81720=ORIENTED_EDGE('',*,*,#81710,.T.);
#81730=CARTESIAN_POINT('',(-3.9904003587298213E+01,
   2.0708852824316118E+01,2.5000000000000000E+01));
#81740=DIRECTION('',(0.0000000000000000E+00,0.0000000000000000E+00,
   1.0000000000000000E+00));
#81750=VECTOR('',#81740,1.0000000000000000E+00);
#81760=LINE('',#81730,#81750);
#81770=EDGE_CURVE('',#81700,#65470,#81760,.T.);
#81780=ORIENTED_EDGE('',*,*,#81770,.F.);
#81790=EDGE_LOOP('',(#81780,#81720,#81640,#81560));
#81800=FACE_OUTER_BOUND('',#81790,.T.);
#81810=ADVANCED_FACE('',(#81800),#81550,.F.);
#81820=COLOUR_RGB('',5.0196081399917603E-01,1.0000000000000000E+00,
   5.0196081399917603E-01);
#81830=FILL_AREA_STYLE_COLOUR('',#81820);
#81840=FILL_AREA_STYLE('',(#81830));
#81850=SURFACE_STYLE_FILL_AREA(#81840);
#81860=SURFACE_SIDE_STYLE('',(#81850));
#81870=SURFACE_STYLE_USAGE(.BOTH.,#81860);
#81880=PRESENTATION_STYLE_ASSIGNMENT((#81870));
#81890=ORIENTED_EDGE('',*,*,#79900,.T.);
#81900=ORIENTED_EDGE('',*,*,#78940,.T.);
#81910=ORIENTED_EDGE('',*,*,#74170,.F.);
#81920=CARTESIAN_POINT('',(-3.5829003587298203E+01,
   2.3538852824316109E+01,2.0000000000000004E+01));
#81930=DIRECTION('',(0.0000000000000000E+00,1.0000000000000000E+00,
   0.0000000000000000E+00));
#81940=DIRECTION('',(-1.0000000000000000E+00,0.0000000000000000E+00,
   0.0000000000000000E+00));
#81950=AXIS2_PLACEMENT_3D('',#81920,#81930,#81940);
#81960=CIRCLE('',#81950,1.8999999999999999E+00);
#81970=EDGE_CURVE('',#79890,#74080,#81960,.T.);
#81980=ORIENTED_EDGE('',*,*,#81970,.T.);
#81990=EDGE_LOOP('',(#81980,#81910,#81900,#81890));
#82000=FACE_OUTER_BOUND('',#81990,.T.);
#82010=ADVANCED_FACE('',(#82000),#78680,.T.);
#82020=COLOUR_RGB('',9.4901967048645020E-01,9.4901967048645020E-01,
   1.0000000000000000E+00);
#82030=FILL_AREA_STYLE_COLOUR('',#82020);
#82040=FILL_AREA_STYLE('',(#82030));
#82050=SURFACE_STYLE_FILL_AREA(#82040);
#82060=SURFACE_SIDE_STYLE('',(#82050));
#82070=SURFACE_STYLE_USAGE(.BOTH.,#82060);
#82080=PRESENTATION_STYLE_ASSIGNMENT((#82070));
#82090=CARTESIAN_POINT('',(-3.6104003587298216E+01,
   1.5008852824316122E+01,1.9500000000000004E+01));
#82100=DIRECTION('',(-1.0000000000000000E+00,0.0000000000000000E+00,
   0.0000000000000000E+00));
#82110=DIRECTION('',(0.0000000000000000E+00,0.0000000000000000E+00,
   1.0000000000000000E+00));
#82120=AXIS2_PLACEMENT_3D('',#82090,#82100,#82110);
#82130=PLANE('',#82120);
#82140=CARTESIAN_POINT('',(-3.6104003587298216E+01,
   1.5008852824316122E+01,2.5000000000000000E+01));
#82150=DIRECTION('',(0.0000000000000000E+00,0.0000000000000000E+00,
   -1.0000000000000000E+00));
#82160=VECTOR('',#82150,1.0000000000000000E+00);
#82170=LINE('',#82140,#82160);
#82180=CARTESIAN_POINT('',(-3.6104003587298216E+01,
   1.5008852824316122E+01,2.0500000000000000E+01));
#82190=VERTEX_POINT('',#82180);
#82200=EDGE_CURVE('',#82190,#44130,#82170,.T.);
#82210=ORIENTED_EDGE('',*,*,#82200,.T.);
#82220=CARTESIAN_POINT('',(-3.6104003587298216E+01,
   1.5008852824316122E+01,2.0500000000000000E+01));
#82230=DIRECTION('',(0.0000000000000000E+00,-1.0000000000000000E+00,
   0.0000000000000000E+00));
#82240=VECTOR('',#82230,1.0000000000000000E+00);
#82250=LINE('',#82220,#82240);
#82260=CARTESIAN_POINT('',(-3.6104003587298216E+01,
   1.3008852824316122E+01,2.0500000000000000E+01));
#82270=VERTEX_POINT('',#82260);
#82280=EDGE_CURVE('',#82190,#82270,#82250,.T.);
#82290=ORIENTED_EDGE('',*,*,#82280,.F.);
#82300=CARTESIAN_POINT('',(-3.6104003587298216E+01,
   -2.6716239164827719E+01,9.8556936822568595E+00));
#82310=DIRECTION('',(0.0000000000000000E+00,-9.6592582628906842E-01,
   -2.5881904510252046E-01));
#82320=VECTOR('',#82310,1.0000000000000000E+00);
#82330=LINE('',#82300,#82320);
#82340=EDGE_CURVE('',#82270,#69800,#82330,.T.);
#82350=ORIENTED_EDGE('',*,*,#82340,.F.);
#82360=ORIENTED_EDGE('',*,*,#70050,.T.);
#82370=CARTESIAN_POINT('',(-3.6104003587298216E+01,
   -2.6716239164827719E+01,3.0144306317743144E+01));
#82380=DIRECTION('',(0.0000000000000000E+00,-9.6592582628906842E-01,
   2.5881904510252046E-01));
#82390=VECTOR('',#82380,1.0000000000000000E+00);
#82400=LINE('',#82370,#82390);
#82410=EDGE_CURVE('',#70270,#69980,#82400,.T.);
#82420=ORIENTED_EDGE('',*,*,#82410,.T.);
#82430=ORIENTED_EDGE('',*,*,#70280,.T.);
#82440=ORIENTED_EDGE('',*,*,#44220,.T.);
#82450=EDGE_LOOP('',(#82440,#82430,#82420,#82360,#82350,#82290,#82210));
#82460=FACE_OUTER_BOUND('',#82450,.T.);
#82470=ADVANCED_FACE('',(#82460),#82130,.T.);
#82480=COLOUR_RGB('',9.4901967048645020E-01,9.4901967048645020E-01,
   1.0000000000000000E+00);
#82490=FILL_AREA_STYLE_COLOUR('',#82480);
#82500=FILL_AREA_STYLE('',(#82490));
#82510=SURFACE_STYLE_FILL_AREA(#82500);
#82520=SURFACE_SIDE_STYLE('',(#82510));
#82530=SURFACE_STYLE_USAGE(.BOTH.,#82520);
#82540=PRESENTATION_STYLE_ASSIGNMENT((#82530));
#82550=CARTESIAN_POINT('',(-3.8579003587298217E+01,
   1.7278852824316125E+01,1.6375000000000000E+01));
#82560=DIRECTION('',(3.5305725243424335E-01,-0.0000000000000000E+00,
   9.3560171895074196E-01));
#82570=DIRECTION('',(9.3560171895074196E-01,0.0000000000000000E+00,
   -3.5305725243424335E-01));
#82580=AXIS2_PLACEMENT_3D('',#82550,#82560,#82570);
#82590=PLANE('',#82580);
#82600=CARTESIAN_POINT('',(-3.8579003587298217E+01,
   0.0000000000000000E+00,1.6375000000000004E+01));
#82610=DIRECTION('',(0.0000000000000000E+00,1.0000000000000000E+00,
   0.0000000000000000E+00));
#82620=VECTOR('',#82610,1.0000000000000000E+00);
#82630=LINE('',#82600,#82620);
#82640=EDGE_CURVE('',#72330,#71000,#82630,.T.);
#82650=ORIENTED_EDGE('',*,*,#82640,.F.);
#82660=CARTESIAN_POINT('',(-3.3426648001645773E+01,
   0.0000000000000000E+00,1.4430714873338697E+01));
#82670=DIRECTION('',(-2.5759337550319977E-01,9.6135156507110675E-01,
   9.7205047359698329E-02));
#82680=VECTOR('',#82670,1.0000000000000000E+00);
#82690=LINE('',#82660,#82680);
#82700=EDGE_CURVE('',#71000,#72700,#82690,.T.);
#82710=ORIENTED_EDGE('',*,*,#82700,.F.);
#82720=ORIENTED_EDGE('',*,*,#72710,.F.);
#82730=ORIENTED_EDGE('',*,*,#69360,.F.);
#82740=CARTESIAN_POINT('',(-3.9904003587298213E+01,
   0.0000000000000000E+00,1.6875000000000000E+01));
#82750=DIRECTION('',(0.0000000000000000E+00,1.0000000000000000E+00,
   0.0000000000000000E+00));
#82760=VECTOR('',#82750,1.0000000000000000E+00);
#82770=LINE('',#82740,#82760);
#82780=EDGE_CURVE('',#72310,#69350,#82770,.T.);
#82790=ORIENTED_EDGE('',*,*,#82780,.T.);
#82800=ORIENTED_EDGE('',*,*,#72340,.F.);
#82810=EDGE_LOOP('',(#82800,#82790,#82730,#82720,#82710,#82650));
#82820=FACE_OUTER_BOUND('',#82810,.T.);
#82830=ADVANCED_FACE('',(#82820),#82590,.F.);
#82840=COLOUR_RGB('',5.0196081399917603E-01,1.0000000000000000E+00,
   5.0196081399917603E-01);
#82850=FILL_AREA_STYLE_COLOUR('',#82840);
#82860=FILL_AREA_STYLE('',(#82850));
#82870=SURFACE_STYLE_FILL_AREA(#82860);
#82880=SURFACE_SIDE_STYLE('',(#82870));
#82890=SURFACE_STYLE_USAGE(.BOTH.,#82880);
#82900=PRESENTATION_STYLE_ASSIGNMENT((#82890));
#82910=CARTESIAN_POINT('',(-3.8194003587298212E+01,
   1.9228852824316121E+01,1.5000000000000004E+01));
#82920=DIRECTION('',(1.0000000000000000E+00,0.0000000000000000E+00,
   0.0000000000000000E+00));
#82930=DIRECTION('',(0.0000000000000000E+00,-1.0000000000000000E+00,
   0.0000000000000000E+00));
#82940=AXIS2_PLACEMENT_3D('',#82910,#82920,#82930);
#82950=PLANE('',#82940);
#82960=ORIENTED_EDGE('',*,*,#71490,.F.);
#82970=ORIENTED_EDGE('',*,*,#71110,.T.);
#82980=CARTESIAN_POINT('',(-3.8194003587298212E+01,
   0.0000000000000000E+00,1.6375000000000000E+01));
#82990=DIRECTION('',(0.0000000000000000E+00,-1.0000000000000000E+00,
   0.0000000000000000E+00));
#83000=VECTOR('',#82990,1.0000000000000000E+00);
#83010=LINE('',#82980,#83000);
#83020=CARTESIAN_POINT('',(-3.8194003587298212E+01,
   1.7278852824316125E+01,1.6375000000000000E+01));
#83030=VERTEX_POINT('',#83020);
#83040=EDGE_CURVE('',#71020,#83030,#83010,.T.);
#83050=ORIENTED_EDGE('',*,*,#83040,.F.);
#83060=CARTESIAN_POINT('',(-3.8194003587298226E+01,
   1.7278852824316125E+01,1.5000000000000004E+01));
#83070=DIRECTION('',(0.0000000000000000E+00,0.0000000000000000E+00,
   1.0000000000000000E+00));
#83080=VECTOR('',#83070,1.0000000000000000E+00);
#83090=LINE('',#83060,#83080);
#83100=EDGE_CURVE('',#71480,#83030,#83090,.T.);
#83110=ORIENTED_EDGE('',*,*,#83100,.T.);
#83120=EDGE_LOOP('',(#83110,#83050,#82970,#82960));
#83130=FACE_OUTER_BOUND('',#83120,.T.);
#83140=ADVANCED_FACE('',(#83130),#82950,.F.);
#83150=COLOUR_RGB('',5.0196081399917603E-01,1.0000000000000000E+00,
   5.0196081399917603E-01);
#83160=FILL_AREA_STYLE_COLOUR('',#83150);
#83170=FILL_AREA_STYLE('',(#83160));
#83180=SURFACE_STYLE_FILL_AREA(#83170);
#83190=SURFACE_SIDE_STYLE('',(#83180));
#83200=SURFACE_STYLE_USAGE(.BOTH.,#83190);
#83210=PRESENTATION_STYLE_ASSIGNMENT((#83200));
#83220=ORIENTED_EDGE('',*,*,#70720,.F.);
#83230=ORIENTED_EDGE('',*,*,#74230,.F.);
#83240=ORIENTED_EDGE('',*,*,#78870,.T.);
#83250=CARTESIAN_POINT('',(-3.6323978334128768E+01,
   -2.6716239164827719E+01,2.0000000000000004E+01));
#83260=DIRECTION('',(-0.0000000000000000E+00,1.0000000000000000E+00,
   0.0000000000000000E+00));
#83270=VECTOR('',#83260,1.0000000000000000E+00);
#83280=LINE('',#83250,#83270);
#83290=EDGE_CURVE('',#78840,#70710,#83280,.T.);
#83300=ORIENTED_EDGE('',*,*,#83290,.F.);
#83310=EDGE_LOOP('',(#83300,#83240,#83230,#83220));
#83320=FACE_OUTER_BOUND('',#83310,.T.);
#83330=ADVANCED_FACE('',(#83320),#73980,.T.);
#83340=COLOUR_RGB('',9.4901967048645020E-01,9.4901967048645020E-01,
   1.0000000000000000E+00);
#83350=FILL_AREA_STYLE_COLOUR('',#83340);
#83360=FILL_AREA_STYLE('',(#83350));
#83370=SURFACE_STYLE_FILL_AREA(#83360);
#83380=SURFACE_SIDE_STYLE('',(#83370));
#83390=SURFACE_STYLE_USAGE(.BOTH.,#83380);
#83400=PRESENTATION_STYLE_ASSIGNMENT((#83390));
#83410=CARTESIAN_POINT('',(0.0000000000000000E+00,0.0000000000000000E+00
   ,1.6375000000000004E+01));
#83420=DIRECTION('',(0.0000000000000000E+00,0.0000000000000000E+00,
   1.0000000000000000E+00));
#83430=DIRECTION('',(1.0000000000000000E+00,0.0000000000000000E+00,
   0.0000000000000000E+00));
#83440=AXIS2_PLACEMENT_3D('',#83410,#83420,#83430);
#83450=PLANE('',#83440);
#83460=CARTESIAN_POINT('',(0.0000000000000000E+00,1.7278852824316125E+01
   ,1.6375000000000000E+01));
#83470=DIRECTION('',(-1.0000000000000000E+00,0.0000000000000000E+00,
   0.0000000000000000E+00));
#83480=VECTOR('',#83470,1.0000000000000000E+00);
#83490=LINE('',#83460,#83480);
#83500=EDGE_CURVE('',#83030,#72330,#83490,.T.);
#83510=ORIENTED_EDGE('',*,*,#83500,.T.);
#83520=ORIENTED_EDGE('',*,*,#83040,.T.);
#83530=ORIENTED_EDGE('',*,*,#71030,.T.);
#83540=ORIENTED_EDGE('',*,*,#82640,.T.);
#83550=EDGE_LOOP('',(#83540,#83530,#83520,#83510));
#83560=FACE_OUTER_BOUND('',#83550,.T.);
#83570=ADVANCED_FACE('',(#83560),#83450,.F.);
#83580=COLOUR_RGB('',5.0196081399917603E-01,1.0000000000000000E+00,
   5.0196081399917603E-01);
#83590=FILL_AREA_STYLE_COLOUR('',#83580);
#83600=FILL_AREA_STYLE('',(#83590));
#83610=SURFACE_STYLE_FILL_AREA(#83600);
#83620=SURFACE_SIDE_STYLE('',(#83610));
#83630=SURFACE_STYLE_USAGE(.BOTH.,#83620);
#83640=PRESENTATION_STYLE_ASSIGNMENT((#83630));
#83650=CARTESIAN_POINT('',(-3.8194003587298212E+01,
   1.7278852824316125E+01,1.5000000000000004E+01));
#83660=DIRECTION('',(-0.0000000000000000E+00,-1.0000000000000000E+00,
   -0.0000000000000000E+00));
#83670=DIRECTION('',(-1.0000000000000000E+00,0.0000000000000000E+00,
   0.0000000000000000E+00));
#83680=AXIS2_PLACEMENT_3D('',#83650,#83660,#83670);
#83690=PLANE('',#83680);
#83700=ORIENTED_EDGE('',*,*,#71570,.F.);
#83710=ORIENTED_EDGE('',*,*,#83100,.F.);
#83720=ORIENTED_EDGE('',*,*,#83500,.F.);
#83730=ORIENTED_EDGE('',*,*,#72470,.T.);
#83740=EDGE_LOOP('',(#83730,#83720,#83710,#83700));
#83750=FACE_OUTER_BOUND('',#83740,.T.);
#83760=ADVANCED_FACE('',(#83750),#83690,.F.);
#83770=COLOUR_RGB('',5.0196081399917603E-01,1.0000000000000000E+00,
   5.0196081399917603E-01);
#83780=FILL_AREA_STYLE_COLOUR('',#83770);
#83790=FILL_AREA_STYLE('',(#83780));
#83800=SURFACE_STYLE_FILL_AREA(#83790);
#83810=SURFACE_SIDE_STYLE('',(#83800));
#83820=SURFACE_STYLE_USAGE(.BOTH.,#83810);
#83830=PRESENTATION_STYLE_ASSIGNMENT((#83820));
#83840=CARTESIAN_POINT('',(-3.8579003587298210E+01,
   1.9228852824316121E+01,1.5000000000000004E+01));
#83850=DIRECTION('',(9.6592582628906809E-01,2.5881904510252152E-01,
   0.0000000000000000E+00));
#83860=DIRECTION('',(2.5881904510252152E-01,-9.6592582628906809E-01,
   0.0000000000000000E+00));
#83870=AXIS2_PLACEMENT_3D('',#83840,#83850,#83860);
#83880=PLANE('',#83870);
#83890=ORIENTED_EDGE('',*,*,#82700,.T.);
#83900=ORIENTED_EDGE('',*,*,#71250,.F.);
#83910=ORIENTED_EDGE('',*,*,#71940,.F.);
#83920=ORIENTED_EDGE('',*,*,#72770,.F.);
#83930=EDGE_LOOP('',(#83920,#83910,#83900,#83890));
#83940=FACE_OUTER_BOUND('',#83930,.T.);
#83950=ADVANCED_FACE('',(#83940),#83880,.F.);
#83960=COLOUR_RGB('',5.0196081399917603E-01,1.0000000000000000E+00,
   5.0196081399917603E-01);
#83970=FILL_AREA_STYLE_COLOUR('',#83960);
#83980=FILL_AREA_STYLE('',(#83970));
#83990=SURFACE_STYLE_FILL_AREA(#83980);
#84000=SURFACE_SIDE_STYLE('',(#83990));
#84010=SURFACE_STYLE_USAGE(.BOTH.,#84000);
#84020=PRESENTATION_STYLE_ASSIGNMENT((#84010));
#84030=CARTESIAN_POINT('',(-3.5854003587298216E+01,
   1.2508852824316122E+01,1.9633974596215566E+01));
#84040=DIRECTION('',(0.0000000000000000E+00,2.5881904510252046E-01,
   9.6592582628906842E-01));
#84050=DIRECTION('',(0.0000000000000000E+00,9.6592582628906842E-01,
   -2.5881904510252046E-01));
#84060=AXIS2_PLACEMENT_3D('',#84030,#84040,#84050);
#84070=PLANE('',#84060);
#84080=CARTESIAN_POINT('',(-3.5604003587298216E+01,
   -2.6716239164827719E+01,3.0144306317743144E+01));
#84090=DIRECTION('',(0.0000000000000000E+00,9.6592582628906842E-01,
   -2.5881904510252046E-01));
#84100=VECTOR('',#84090,1.0000000000000000E+00);
#84110=LINE('',#84080,#84100);
#84120=EDGE_CURVE('',#69900,#70350,#84110,.T.);
#84130=ORIENTED_EDGE('',*,*,#84120,.F.);
#84140=ORIENTED_EDGE('',*,*,#70360,.F.);
#84150=ORIENTED_EDGE('',*,*,#82410,.F.);
#84160=ORIENTED_EDGE('',*,*,#69990,.F.);
#84170=EDGE_LOOP('',(#84160,#84150,#84140,#84130));
#84180=FACE_OUTER_BOUND('',#84170,.T.);
#84190=ADVANCED_FACE('',(#84180),#84070,.F.);
#84200=COLOUR_RGB('',9.4901967048645020E-01,9.4901967048645020E-01,
   1.0000000000000000E+00);
#84210=FILL_AREA_STYLE_COLOUR('',#84200);
#84220=FILL_AREA_STYLE('',(#84210));
#84230=SURFACE_STYLE_FILL_AREA(#84220);
#84240=SURFACE_SIDE_STYLE('',(#84230));
#84250=SURFACE_STYLE_USAGE(.BOTH.,#84240);
#84260=PRESENTATION_STYLE_ASSIGNMENT((#84250));
#84270=CARTESIAN_POINT('',(-3.9359231886085752E+01,
   2.0708852824316118E+01,2.0000000000000004E+01));
#84280=DIRECTION('',(-0.0000000000000000E+00,1.0000000000000000E+00,
   0.0000000000000000E+00));
#84290=DIRECTION('',(1.0000000000000000E+00,0.0000000000000000E+00,
   0.0000000000000000E+00));
#84300=AXIS2_PLACEMENT_3D('',#84270,#84280,#84290);
#84310=PLANE('',#84300);
#84320=CARTESIAN_POINT('',(0.0000000000000000E+00,2.0708852824316118E+01
   ,6.8168854387553424E+00));
#84330=DIRECTION('',(-9.3560171895074196E-01,0.0000000000000000E+00,
   3.5305725243424335E-01));
#84340=VECTOR('',#84330,1.0000000000000000E+00);
#84350=LINE('',#84320,#84340);
#84360=CARTESIAN_POINT('',(-3.9359231886085752E+01,
   2.0708852824316118E+01,2.1669425773127372E+01));
#84370=VERTEX_POINT('',#84360);
#84380=CARTESIAN_POINT('',(-3.9904003587298213E+01,
   2.0708852824316118E+01,2.1875000000000000E+01));
#84390=VERTEX_POINT('',#84380);
#84400=EDGE_CURVE('',#84370,#84390,#84350,.T.);
#84410=ORIENTED_EDGE('',*,*,#84400,.T.);
#84420=CARTESIAN_POINT('',(-3.9359231886085752E+01,
   2.0708852824316118E+01,2.0000000000000000E+01));
#84430=DIRECTION('',(0.0000000000000000E+00,0.0000000000000000E+00,
   -1.0000000000000000E+00));
#84440=VECTOR('',#84430,1.0000000000000000E+00);
#84450=LINE('',#84420,#84440);
#84460=CARTESIAN_POINT('',(-3.9359231886085752E+01,
   2.0708852824316118E+01,1.8330574226872631E+01));
#84470=VERTEX_POINT('',#84460);
#84480=EDGE_CURVE('',#84370,#84470,#84450,.T.);
#84490=ORIENTED_EDGE('',*,*,#84480,.F.);
#84500=CARTESIAN_POINT('',(0.0000000000000000E+00,2.0708852824316118E+01
   ,3.3183114561244665E+01));
#84510=DIRECTION('',(9.3560171895074196E-01,0.0000000000000000E+00,
   3.5305725243424335E-01));
#84520=VECTOR('',#84510,1.0000000000000000E+00);
#84530=LINE('',#84500,#84520);
#84540=CARTESIAN_POINT('',(-3.9904003587298213E+01,
   2.0708852824316118E+01,1.8125000000000007E+01));
#84550=VERTEX_POINT('',#84540);
#84560=EDGE_CURVE('',#84550,#84470,#84530,.T.);
#84570=ORIENTED_EDGE('',*,*,#84560,.T.);
#84580=CARTESIAN_POINT('',(-3.9904003587298213E+01,
   2.0708852824316118E+01,2.0000000000000004E+01));
#84590=DIRECTION('',(0.0000000000000000E+00,0.0000000000000000E+00,
   1.0000000000000000E+00));
#84600=VECTOR('',#84590,1.0000000000000000E+00);
#84610=LINE('',#84580,#84600);
#84620=EDGE_CURVE('',#84550,#84390,#84610,.T.);
#84630=ORIENTED_EDGE('',*,*,#84620,.F.);
#84640=EDGE_LOOP('',(#84630,#84570,#84490,#84410));
#84650=FACE_OUTER_BOUND('',#84640,.T.);
#84660=ADVANCED_FACE('',(#84650),#84310,.F.);
#84670=COLOUR_RGB('',5.0196081399917603E-01,1.0000000000000000E+00,
   5.0196081399917603E-01);
#84680=FILL_AREA_STYLE_COLOUR('',#84670);
#84690=FILL_AREA_STYLE('',(#84680));
#84700=SURFACE_STYLE_FILL_AREA(#84690);
#84710=SURFACE_SIDE_STYLE('',(#84700));
#84720=SURFACE_STYLE_USAGE(.BOTH.,#84710);
#84730=PRESENTATION_STYLE_ASSIGNMENT((#84720));
#84740=CARTESIAN_POINT('',(-3.8194003587298212E+01,
   1.7278852824316125E+01,2.0000000000000000E+01));
#84750=DIRECTION('',(-0.0000000000000000E+00,-1.0000000000000000E+00,
   -0.0000000000000000E+00));
#84760=DIRECTION('',(-1.0000000000000000E+00,0.0000000000000000E+00,
   0.0000000000000000E+00));
#84770=AXIS2_PLACEMENT_3D('',#84740,#84750,#84760);
#84780=PLANE('',#84770);
#84790=CARTESIAN_POINT('',(0.0000000000000000E+00,1.7278852824316125E+01
   ,1.8625000000000007E+01));
#84800=DIRECTION('',(1.0000000000000000E+00,0.0000000000000000E+00,
   0.0000000000000000E+00));
#84810=VECTOR('',#84800,1.0000000000000000E+00);
#84820=LINE('',#84790,#84810);
#84830=CARTESIAN_POINT('',(-3.8579003587298210E+01,
   1.7278852824316125E+01,1.8625000000000007E+01));
#84840=VERTEX_POINT('',#84830);
#84850=EDGE_CURVE('',#84840,#55410,#84820,.T.);
#84860=ORIENTED_EDGE('',*,*,#84850,.F.);
#84870=ORIENTED_EDGE('',*,*,#55660,.F.);
#84880=CARTESIAN_POINT('',(0.0000000000000000E+00,1.7278852824316125E+01
   ,2.1375000000000000E+01));
#84890=DIRECTION('',(-1.0000000000000000E+00,0.0000000000000000E+00,
   0.0000000000000000E+00));
#84900=VECTOR('',#84890,1.0000000000000000E+00);
#84910=LINE('',#84880,#84900);
#84920=CARTESIAN_POINT('',(-3.8579003587298210E+01,
   1.7278852824316125E+01,2.1375000000000000E+01));
#84930=VERTEX_POINT('',#84920);
#84940=EDGE_CURVE('',#55590,#84930,#84910,.T.);
#84950=ORIENTED_EDGE('',*,*,#84940,.F.);
#84960=CARTESIAN_POINT('',(-3.8579003587298210E+01,
   1.7278852824316125E+01,2.0000000000000000E+01));
#84970=DIRECTION('',(0.0000000000000000E+00,0.0000000000000000E+00,
   1.0000000000000000E+00));
#84980=VECTOR('',#84970,1.0000000000000000E+00);
#84990=LINE('',#84960,#84980);
#85000=EDGE_CURVE('',#84840,#84930,#84990,.T.);
#85010=ORIENTED_EDGE('',*,*,#85000,.T.);
#85020=EDGE_LOOP('',(#85010,#84950,#84870,#84860));
#85030=FACE_OUTER_BOUND('',#85020,.T.);
#85040=ADVANCED_FACE('',(#85030),#84780,.F.);
#85050=COLOUR_RGB('',5.0196081399917603E-01,1.0000000000000000E+00,
   5.0196081399917603E-01);
#85060=FILL_AREA_STYLE_COLOUR('',#85050);
#85070=FILL_AREA_STYLE('',(#85060));
#85080=SURFACE_STYLE_FILL_AREA(#85070);
#85090=SURFACE_SIDE_STYLE('',(#85080));
#85100=SURFACE_STYLE_USAGE(.BOTH.,#85090);
#85110=PRESENTATION_STYLE_ASSIGNMENT((#85100));
#85120=CARTESIAN_POINT('',(0.0000000000000000E+00,0.0000000000000000E+00
   ,2.1375000000000000E+01));
#85130=DIRECTION('',(0.0000000000000000E+00,0.0000000000000000E+00,
   1.0000000000000000E+00));
#85140=DIRECTION('',(1.0000000000000000E+00,0.0000000000000000E+00,
   0.0000000000000000E+00));
#85150=AXIS2_PLACEMENT_3D('',#85120,#85130,#85140);
#85160=PLANE('',#85150);
#85170=ORIENTED_EDGE('',*,*,#84940,.T.);
#85180=ORIENTED_EDGE('',*,*,#55600,.T.);
#85190=CARTESIAN_POINT('',(0.0000000000000000E+00,1.9228852824316121E+01
   ,2.1375000000000000E+01));
#85200=DIRECTION('',(1.0000000000000000E+00,0.0000000000000000E+00,
   0.0000000000000000E+00));
#85210=VECTOR('',#85200,1.0000000000000000E+00);
#85220=LINE('',#85190,#85210);
#85230=CARTESIAN_POINT('',(-3.8579003587298203E+01,
   1.9228852824316114E+01,2.1375000000000000E+01));
#85240=VERTEX_POINT('',#85230);
#85250=EDGE_CURVE('',#85240,#55510,#85220,.T.);
#85260=ORIENTED_EDGE('',*,*,#85250,.T.);
#85270=CARTESIAN_POINT('',(-3.8579003587298217E+01,
   0.0000000000000000E+00,2.1375000000000000E+01));
#85280=DIRECTION('',(0.0000000000000000E+00,1.0000000000000000E+00,
   0.0000000000000000E+00));
#85290=VECTOR('',#85280,1.0000000000000000E+00);
#85300=LINE('',#85270,#85290);
#85310=EDGE_CURVE('',#84930,#85240,#85300,.T.);
#85320=ORIENTED_EDGE('',*,*,#85310,.T.);
#85330=EDGE_LOOP('',(#85320,#85260,#85180,#85170));
#85340=FACE_OUTER_BOUND('',#85330,.T.);
#85350=ADVANCED_FACE('',(#85340),#85160,.F.);
#85360=COLOUR_RGB('',5.0196081399917603E-01,1.0000000000000000E+00,
   5.0196081399917603E-01);
#85370=FILL_AREA_STYLE_COLOUR('',#85360);
#85380=FILL_AREA_STYLE('',(#85370));
#85390=SURFACE_STYLE_FILL_AREA(#85380);
#85400=SURFACE_SIDE_STYLE('',(#85390));
#85410=SURFACE_STYLE_USAGE(.BOTH.,#85400);
#85420=PRESENTATION_STYLE_ASSIGNMENT((#85410));
#85430=CARTESIAN_POINT('',(-3.8579003587298210E+01,
   1.9228852824316121E+01,2.0000000000000004E+01));
#85440=DIRECTION('',(9.6592582628906809E-01,2.5881904510252152E-01,
   0.0000000000000000E+00));
#85450=DIRECTION('',(2.5881904510252152E-01,-9.6592582628906809E-01,
   0.0000000000000000E+00));
#85460=AXIS2_PLACEMENT_3D('',#85430,#85440,#85450);
#85470=PLANE('',#85460);
#85480=CARTESIAN_POINT('',(-3.3426648001645773E+01,
   0.0000000000000000E+00,1.9430714873338694E+01));
#85490=DIRECTION('',(-2.5759337550319977E-01,9.6135156507110675E-01,
   9.7205047359698329E-02));
#85500=VECTOR('',#85490,1.0000000000000000E+00);
#85510=LINE('',#85480,#85500);
#85520=CARTESIAN_POINT('',(-3.8876268972941219E+01,
   2.0338262346867381E+01,2.1487175617223773E+01));
#85530=VERTEX_POINT('',#85520);
#85540=EDGE_CURVE('',#85240,#85530,#85510,.T.);
#85550=ORIENTED_EDGE('',*,*,#85540,.T.);
#85560=CARTESIAN_POINT('',(-3.8579003587298203E+01,
   1.9228852824316114E+01,2.0000000000000004E+01));
#85570=DIRECTION('',(0.0000000000000000E+00,0.0000000000000000E+00,
   -1.0000000000000000E+00));
#85580=VECTOR('',#85570,1.0000000000000000E+00);
#85590=LINE('',#85560,#85580);
#85600=CARTESIAN_POINT('',(-3.8579003587298210E+01,
   1.9228852824316121E+01,1.8625000000000007E+01));
#85610=VERTEX_POINT('',#85600);
#85620=EDGE_CURVE('',#85240,#85610,#85590,.T.);
#85630=ORIENTED_EDGE('',*,*,#85620,.F.);
#85640=CARTESIAN_POINT('',(-3.3426648001645773E+01,
   0.0000000000000000E+00,2.0569285126661310E+01));
#85650=DIRECTION('',(-2.5759337550319977E-01,9.6135156507110675E-01,
   -9.7205047359698329E-02));
#85660=VECTOR('',#85650,1.0000000000000000E+00);
#85670=LINE('',#85640,#85660);
#85680=CARTESIAN_POINT('',(-3.8876268972941219E+01,
   2.0338262346867381E+01,1.8512824382776230E+01));
#85690=VERTEX_POINT('',#85680);
#85700=EDGE_CURVE('',#85610,#85690,#85670,.T.);
#85710=ORIENTED_EDGE('',*,*,#85700,.F.);
#85720=CARTESIAN_POINT('',(-3.8876268972941219E+01,
   2.0338262346867381E+01,2.0000000000000000E+01));
#85730=DIRECTION('',(0.0000000000000000E+00,0.0000000000000000E+00,
   1.0000000000000000E+00));
#85740=VECTOR('',#85730,1.0000000000000000E+00);
#85750=LINE('',#85720,#85740);
#85760=EDGE_CURVE('',#85690,#85530,#85750,.T.);
#85770=ORIENTED_EDGE('',*,*,#85760,.F.);
#85780=EDGE_LOOP('',(#85770,#85710,#85630,#85550));
#85790=FACE_OUTER_BOUND('',#85780,.T.);
#85800=ADVANCED_FACE('',(#85790),#85470,.F.);
#85810=COLOUR_RGB('',5.0196081399917603E-01,1.0000000000000000E+00,
   5.0196081399917603E-01);
#85820=FILL_AREA_STYLE_COLOUR('',#85810);
#85830=FILL_AREA_STYLE('',(#85820));
#85840=SURFACE_STYLE_FILL_AREA(#85830);
#85850=SURFACE_SIDE_STYLE('',(#85840));
#85860=SURFACE_STYLE_USAGE(.BOTH.,#85850);
#85870=PRESENTATION_STYLE_ASSIGNMENT((#85860));
#85880=CARTESIAN_POINT('',(-3.5854003587298216E+01,
   1.5508852824316122E+01,2.5000000000000000E+01));
#85890=DIRECTION('',(0.0000000000000000E+00,-1.0000000000000000E+00,
   0.0000000000000000E+00));
#85900=DIRECTION('',(1.0000000000000000E+00,0.0000000000000000E+00,
   0.0000000000000000E+00));
#85910=AXIS2_PLACEMENT_3D('',#85880,#85890,#85900);
#85920=CYLINDRICAL_SURFACE('',#85910,6.5000000000000002E-01);
#85930=CARTESIAN_POINT('',(-3.5204003587298217E+01,
   1.5508852824316122E+01,2.5000000000000000E+01));
#85940=DIRECTION('',(0.0000000000000000E+00,-1.0000000000000000E+00,
   0.0000000000000000E+00));
#85950=VECTOR('',#85940,1.0000000000000000E+00);
#85960=LINE('',#85930,#85950);
#85970=EDGE_CURVE('',#62680,#81180,#85960,.T.);
#85980=ORIENTED_EDGE('',*,*,#85970,.F.);
#85990=CARTESIAN_POINT('',(-3.5854003587298216E+01,
   1.5008852824316122E+01,2.5000000000000000E+01));
#86000=DIRECTION('',(0.0000000000000000E+00,-1.0000000000000000E+00,
   0.0000000000000000E+00));
#86010=DIRECTION('',(1.0000000000000000E+00,0.0000000000000000E+00,
   0.0000000000000000E+00));
#86020=AXIS2_PLACEMENT_3D('',#85990,#86000,#86010);
#86030=CIRCLE('',#86020,6.5000000000000002E-01);
#86040=EDGE_CURVE('',#81180,#80970,#86030,.T.);
#86050=ORIENTED_EDGE('',*,*,#86040,.F.);
#86060=CARTESIAN_POINT('',(-3.6504003587298214E+01,
   1.5508852824316122E+01,2.5000000000000000E+01));
#86070=DIRECTION('',(0.0000000000000000E+00,-1.0000000000000000E+00,
   0.0000000000000000E+00));
#86080=VECTOR('',#86070,1.0000000000000000E+00);
#86090=LINE('',#86060,#86080);
#86100=EDGE_CURVE('',#62660,#80970,#86090,.T.);
#86110=ORIENTED_EDGE('',*,*,#86100,.T.);
#86120=ORIENTED_EDGE('',*,*,#62710,.T.);
#86130=EDGE_LOOP('',(#86120,#86110,#86050,#85980));
#86140=FACE_OUTER_BOUND('',#86130,.T.);
#86150=ADVANCED_FACE('',(#86140),#85920,.T.);
#86160=COLOUR_RGB('',9.4901967048645020E-01,9.4901967048645020E-01,
   1.0000000000000000E+00);
#86170=FILL_AREA_STYLE_COLOUR('',#86160);
#86180=FILL_AREA_STYLE('',(#86170));
#86190=SURFACE_STYLE_FILL_AREA(#86180);
#86200=SURFACE_SIDE_STYLE('',(#86190));
#86210=SURFACE_STYLE_USAGE(.BOTH.,#86200);
#86220=PRESENTATION_STYLE_ASSIGNMENT((#86210));
#86230=CARTESIAN_POINT('',(0.0000000000000000E+00,0.0000000000000000E+00
   ,1.8625000000000004E+01));
#86240=DIRECTION('',(0.0000000000000000E+00,0.0000000000000000E+00,
   1.0000000000000000E+00));
#86250=DIRECTION('',(1.0000000000000000E+00,0.0000000000000000E+00,
   0.0000000000000000E+00));
#86260=AXIS2_PLACEMENT_3D('',#86230,#86240,#86250);
#86270=PLANE('',#86260);
#86280=CARTESIAN_POINT('',(0.0000000000000000E+00,1.9228852824316121E+01
   ,1.8625000000000007E+01));
#86290=DIRECTION('',(-1.0000000000000000E+00,0.0000000000000000E+00,
   0.0000000000000000E+00));
#86300=VECTOR('',#86290,1.0000000000000000E+00);
#86310=LINE('',#86280,#86300);
#86320=EDGE_CURVE('',#55430,#85610,#86310,.T.);
#86330=ORIENTED_EDGE('',*,*,#86320,.T.);
#86340=ORIENTED_EDGE('',*,*,#55440,.T.);
#86350=ORIENTED_EDGE('',*,*,#84850,.T.);
#86360=CARTESIAN_POINT('',(-3.8579003587298217E+01,
   0.0000000000000000E+00,1.8625000000000004E+01));
#86370=DIRECTION('',(0.0000000000000000E+00,1.0000000000000000E+00,
   0.0000000000000000E+00));
#86380=VECTOR('',#86370,1.0000000000000000E+00);
#86390=LINE('',#86360,#86380);
#86400=EDGE_CURVE('',#84840,#85610,#86390,.T.);
#86410=ORIENTED_EDGE('',*,*,#86400,.F.);
#86420=EDGE_LOOP('',(#86410,#86350,#86340,#86330));
#86430=FACE_OUTER_BOUND('',#86420,.T.);
#86440=ADVANCED_FACE('',(#86430),#86270,.T.);
#86450=COLOUR_RGB('',5.0196081399917603E-01,1.0000000000000000E+00,
   5.0196081399917603E-01);
#86460=FILL_AREA_STYLE_COLOUR('',#86450);
#86470=FILL_AREA_STYLE('',(#86460));
#86480=SURFACE_STYLE_FILL_AREA(#86470);
#86490=SURFACE_SIDE_STYLE('',(#86480));
#86500=SURFACE_STYLE_USAGE(.BOTH.,#86490);
#86510=PRESENTATION_STYLE_ASSIGNMENT((#86500));
#86520=CARTESIAN_POINT('',(-3.9904003587298213E+01,
   1.7278852824316125E+01,1.8125000000000007E+01));
#86530=DIRECTION('',(3.5305725243424335E-01,0.0000000000000000E+00,
   -9.3560171895074196E-01));
#86540=DIRECTION('',(-9.3560171895074196E-01,0.0000000000000000E+00,
   -3.5305725243424335E-01));
#86550=AXIS2_PLACEMENT_3D('',#86520,#86530,#86540);
#86560=PLANE('',#86550);
#86570=ORIENTED_EDGE('',*,*,#84560,.F.);
#86580=CARTESIAN_POINT('',(-3.9359231886085752E+01,
   2.0208852824316125E+01,1.8330574226872631E+01));
#86590=DIRECTION('',(3.5305725243424335E-01,0.0000000000000000E+00,
   -9.3560171895074196E-01));
#86600=DIRECTION('',(-9.3560171895074185E-01,0.0000000000000000E+00,
   -3.5305725243424330E-01));
#86610=AXIS2_PLACEMENT_3D('',#86580,#86590,#86600);
#86620=ELLIPSE('',#86610,5.3441543540635905E-01,4.9999999999999867E-01);
#86630=EDGE_CURVE('',#84470,#85690,#86620,.T.);
#86640=ORIENTED_EDGE('',*,*,#86630,.F.);
#86650=ORIENTED_EDGE('',*,*,#85700,.T.);
#86660=ORIENTED_EDGE('',*,*,#86400,.T.);
#86670=CARTESIAN_POINT('',(0.0000000000000000E+00,4.4292161952761923E+01
   ,3.3183114561244665E+01));
#86680=DIRECTION('',(-7.8261493238007862E-01,-5.4799287516801631E-01,
   -2.9532638957738910E-01));
#86690=VECTOR('',#86680,1.0000000000000000E+00);
#86700=LINE('',#86670,#86690);
#86710=CARTESIAN_POINT('',(-3.9904003587298213E+01,
   1.6351077836188253E+01,1.8125000000000007E+01));
#86720=VERTEX_POINT('',#86710);
#86730=EDGE_CURVE('',#84840,#86720,#86700,.T.);
#86740=ORIENTED_EDGE('',*,*,#86730,.F.);
#86750=CARTESIAN_POINT('',(-3.9904003587298213E+01,
   0.0000000000000000E+00,1.8125000000000007E+01));
#86760=DIRECTION('',(0.0000000000000000E+00,1.0000000000000000E+00,
   0.0000000000000000E+00));
#86770=VECTOR('',#86760,1.0000000000000000E+00);
#86780=LINE('',#86750,#86770);
#86790=EDGE_CURVE('',#86720,#84550,#86780,.T.);
#86800=ORIENTED_EDGE('',*,*,#86790,.F.);
#86810=EDGE_LOOP('',(#86800,#86740,#86660,#86650,#86640,#86570));
#86820=FACE_OUTER_BOUND('',#86810,.T.);
#86830=ADVANCED_FACE('',(#86820),#86560,.F.);
#86840=COLOUR_RGB('',5.0196081399917603E-01,1.0000000000000000E+00,
   5.0196081399917603E-01);
#86850=FILL_AREA_STYLE_COLOUR('',#86840);
#86860=FILL_AREA_STYLE('',(#86850));
#86870=SURFACE_STYLE_FILL_AREA(#86860);
#86880=SURFACE_SIDE_STYLE('',(#86870));
#86890=SURFACE_STYLE_USAGE(.BOTH.,#86880);
#86900=PRESENTATION_STYLE_ASSIGNMENT((#86890));
#86910=CARTESIAN_POINT('',(-3.9904003587298213E+01,
   1.6351077836188246E+01,2.0000000000000004E+01));
#86920=DIRECTION('',(5.7357643635104816E-01,-8.1915204428899036E-01,
   0.0000000000000000E+00));
#86930=DIRECTION('',(-8.1915204428899036E-01,-5.7357643635104816E-01,
   0.0000000000000000E+00));
#86940=AXIS2_PLACEMENT_3D('',#86910,#86920,#86930);
#86950=PLANE('',#86940);
#86960=CARTESIAN_POINT('',(0.0000000000000000E+00,4.4292161952761923E+01
   ,6.8168854387553424E+00));
#86970=DIRECTION('',(7.8261493238007862E-01,5.4799287516801631E-01,
   -2.9532638957738910E-01));
#86980=VECTOR('',#86970,1.0000000000000000E+00);
#86990=LINE('',#86960,#86980);
#87000=CARTESIAN_POINT('',(-3.9904003587298213E+01,
   1.6351077836188253E+01,2.1874999999999996E+01));
#87010=VERTEX_POINT('',#87000);
#87020=EDGE_CURVE('',#87010,#84930,#86990,.T.);
#87030=ORIENTED_EDGE('',*,*,#87020,.T.);
#87040=CARTESIAN_POINT('',(-3.9904003587298213E+01,
   1.6351077836188253E+01,2.5000000000000000E+01));
#87050=DIRECTION('',(0.0000000000000000E+00,0.0000000000000000E+00,
   1.0000000000000000E+00));
#87060=VECTOR('',#87050,1.0000000000000000E+00);
#87070=LINE('',#87040,#87060);
#87080=EDGE_CURVE('',#86720,#87010,#87070,.T.);
#87090=ORIENTED_EDGE('',*,*,#87080,.T.);
#87100=ORIENTED_EDGE('',*,*,#86730,.T.);
#87110=ORIENTED_EDGE('',*,*,#85000,.F.);
#87120=EDGE_LOOP('',(#87110,#87100,#87090,#87030));
#87130=FACE_OUTER_BOUND('',#87120,.T.);
#87140=ADVANCED_FACE('',(#87130),#86950,.F.);
#87150=COLOUR_RGB('',5.0196081399917603E-01,1.0000000000000000E+00,
   5.0196081399917603E-01);
#87160=FILL_AREA_STYLE_COLOUR('',#87150);
#87170=FILL_AREA_STYLE('',(#87160));
#87180=SURFACE_STYLE_FILL_AREA(#87170);
#87190=SURFACE_SIDE_STYLE('',(#87180));
#87200=SURFACE_STYLE_USAGE(.BOTH.,#87190);
#87210=PRESENTATION_STYLE_ASSIGNMENT((#87200));
#87220=CARTESIAN_POINT('',(-3.9359231886085752E+01,
   2.0208852824316118E+01,2.0000000000000004E+01));
#87230=DIRECTION('',(0.0000000000000000E+00,0.0000000000000000E+00,
   1.0000000000000000E+00));
#87240=DIRECTION('',(1.0000000000000000E+00,0.0000000000000000E+00,
   0.0000000000000000E+00));
#87250=AXIS2_PLACEMENT_3D('',#87220,#87230,#87240);
#87260=CYLINDRICAL_SURFACE('',#87250,4.9999999999999878E-01);
#87270=CARTESIAN_POINT('',(-3.9359231886085752E+01,
   2.0208852824316125E+01,2.1669425773127372E+01));
#87280=DIRECTION('',(3.5305725243424335E-01,0.0000000000000000E+00,
   9.3560171895074196E-01));
#87290=DIRECTION('',(9.3560171895074185E-01,0.0000000000000000E+00,
   -3.5305725243424330E-01));
#87300=AXIS2_PLACEMENT_3D('',#87270,#87280,#87290);
#87310=ELLIPSE('',#87300,5.3441543540635905E-01,4.9999999999999867E-01);
#87320=EDGE_CURVE('',#85530,#84370,#87310,.T.);
#87330=ORIENTED_EDGE('',*,*,#87320,.T.);
#87340=ORIENTED_EDGE('',*,*,#85760,.T.);
#87350=ORIENTED_EDGE('',*,*,#86630,.T.);
#87360=ORIENTED_EDGE('',*,*,#84480,.T.);
#87370=EDGE_LOOP('',(#87360,#87350,#87340,#87330));
#87380=FACE_OUTER_BOUND('',#87370,.T.);
#87390=ADVANCED_FACE('',(#87380),#87260,.F.);
#87400=COLOUR_RGB('',5.0196081399917603E-01,1.0000000000000000E+00,
   5.0196081399917603E-01);
#87410=FILL_AREA_STYLE_COLOUR('',#87400);
#87420=FILL_AREA_STYLE('',(#87410));
#87430=SURFACE_STYLE_FILL_AREA(#87420);
#87440=SURFACE_SIDE_STYLE('',(#87430));
#87450=SURFACE_STYLE_USAGE(.BOTH.,#87440);
#87460=PRESENTATION_STYLE_ASSIGNMENT((#87450));
#87470=CARTESIAN_POINT('',(-3.5854003587298216E+01,
   1.2508852824316122E+01,2.4633974596215563E+01));
#87480=DIRECTION('',(0.0000000000000000E+00,2.5881904510252046E-01,
   9.6592582628906842E-01));
#87490=DIRECTION('',(0.0000000000000000E+00,9.6592582628906842E-01,
   -2.5881904510252046E-01));
#87500=AXIS2_PLACEMENT_3D('',#87470,#87480,#87490);
#87510=PLANE('',#87500);
#87520=ORIENTED_EDGE('',*,*,#78510,.F.);
#87530=CARTESIAN_POINT('',(-8.8925674828030196E+01,
   1.3008852824316122E+01,2.4500000000000000E+01));
#87540=DIRECTION('',(-1.0000000000000000E+00,0.0000000000000000E+00,
   0.0000000000000000E+00));
#87550=VECTOR('',#87540,1.0000000000000000E+00);
#87560=LINE('',#87530,#87550);
#87570=CARTESIAN_POINT('',(-3.6104003587298216E+01,
   1.3008852824316122E+01,2.4500000000000000E+01));
#87580=VERTEX_POINT('',#87570);
#87590=EDGE_CURVE('',#78440,#87580,#87560,.T.);
#87600=ORIENTED_EDGE('',*,*,#87590,.F.);
#87610=CARTESIAN_POINT('',(-3.6104003587298216E+01,
   -2.6716239164827719E+01,3.5144306317743144E+01));
#87620=DIRECTION('',(0.0000000000000000E+00,-9.6592582628906842E-01,
   2.5881904510252046E-01));
#87630=VECTOR('',#87620,1.0000000000000000E+00);
#87640=LINE('',#87610,#87630);
#87650=EDGE_CURVE('',#87580,#77520,#87640,.T.);
#87660=ORIENTED_EDGE('',*,*,#87650,.F.);
#87670=ORIENTED_EDGE('',*,*,#77530,.F.);
#87680=EDGE_LOOP('',(#87670,#87660,#87600,#87520));
#87690=FACE_OUTER_BOUND('',#87680,.T.);
#87700=ADVANCED_FACE('',(#87690),#87510,.F.);
#87710=COLOUR_RGB('',9.4901967048645020E-01,9.4901967048645020E-01,
   1.0000000000000000E+00);
#87720=FILL_AREA_STYLE_COLOUR('',#87710);
#87730=FILL_AREA_STYLE('',(#87720));
#87740=SURFACE_STYLE_FILL_AREA(#87730);
#87750=SURFACE_SIDE_STYLE('',(#87740));
#87760=SURFACE_STYLE_USAGE(.BOTH.,#87750);
#87770=PRESENTATION_STYLE_ASSIGNMENT((#87760));
#87780=CARTESIAN_POINT('',(-3.8194003587298212E+01,
   1.7278852824316125E+01,2.5000000000000000E+01));
#87790=DIRECTION('',(-0.0000000000000000E+00,-1.0000000000000000E+00,
   -0.0000000000000000E+00));
#87800=DIRECTION('',(-1.0000000000000000E+00,0.0000000000000000E+00,
   0.0000000000000000E+00));
#87810=AXIS2_PLACEMENT_3D('',#87780,#87790,#87800);
#87820=PLANE('',#87810);
#87830=CARTESIAN_POINT('',(0.0000000000000000E+00,1.7278852824316125E+01
   ,2.6375000000000000E+01));
#87840=DIRECTION('',(-1.0000000000000000E+00,0.0000000000000000E+00,
   0.0000000000000000E+00));
#87850=VECTOR('',#87840,1.0000000000000000E+00);
#87860=LINE('',#87830,#87850);
#87870=EDGE_CURVE('',#53130,#65220,#87860,.T.);
#87880=ORIENTED_EDGE('',*,*,#87870,.F.);
#87890=CARTESIAN_POINT('',(-3.8579003587298210E+01,
   1.7278852824316125E+01,2.5000000000000000E+01));
#87900=DIRECTION('',(0.0000000000000000E+00,0.0000000000000000E+00,
   1.0000000000000000E+00));
#87910=VECTOR('',#87900,1.0000000000000000E+00);
#87920=LINE('',#87890,#87910);
#87930=CARTESIAN_POINT('',(-3.8579003587298210E+01,
   1.7278852824316125E+01,2.3625000000000000E+01));
#87940=VERTEX_POINT('',#87930);
#87950=EDGE_CURVE('',#87940,#65220,#87920,.T.);
#87960=ORIENTED_EDGE('',*,*,#87950,.T.);
#87970=CARTESIAN_POINT('',(0.0000000000000000E+00,1.7278852824316125E+01
   ,2.3625000000000000E+01));
#87980=DIRECTION('',(1.0000000000000000E+00,0.0000000000000000E+00,
   0.0000000000000000E+00));
#87990=VECTOR('',#87980,1.0000000000000000E+00);
#88000=LINE('',#87970,#87990);
#88010=EDGE_CURVE('',#87940,#53040,#88000,.T.);
#88020=ORIENTED_EDGE('',*,*,#88010,.F.);
#88030=ORIENTED_EDGE('',*,*,#53200,.F.);
#88040=EDGE_LOOP('',(#88030,#88020,#87960,#87880));
#88050=FACE_OUTER_BOUND('',#88040,.T.);
#88060=ADVANCED_FACE('',(#88050),#87820,.F.);
#88070=COLOUR_RGB('',5.0196081399917603E-01,1.0000000000000000E+00,
   5.0196081399917603E-01);
#88080=FILL_AREA_STYLE_COLOUR('',#88070);
#88090=FILL_AREA_STYLE('',(#88080));
#88100=SURFACE_STYLE_FILL_AREA(#88090);
#88110=SURFACE_SIDE_STYLE('',(#88100));
#88120=SURFACE_STYLE_USAGE(.BOTH.,#88110);
#88130=PRESENTATION_STYLE_ASSIGNMENT((#88120));
#88140=CARTESIAN_POINT('',(-3.8981919794923357E+01,
   2.1238852824316119E+01,2.0000000000000004E+01));
#88150=DIRECTION('',(-9.8480775301220802E-01,1.7364817766693072E-01,
   0.0000000000000000E+00));
#88160=DIRECTION('',(1.7364817766693072E-01,9.8480775301220802E-01,
   0.0000000000000000E+00));
#88170=AXIS2_PLACEMENT_3D('',#88140,#88150,#88160);
#88180=PLANE('',#88170);
#88190=CARTESIAN_POINT('',(-4.2726902587146483E+01,
   0.0000000000000000E+00,2.7500000000000000E+01));
#88200=DIRECTION('',(1.7364817766693072E-01,9.8480775301220802E-01,
   0.0000000000000000E+00));
#88210=VECTOR('',#88200,1.0000000000000000E+00);
#88220=LINE('',#88190,#88210);
#88230=CARTESIAN_POINT('',(-3.8981919794923357E+01,
   2.1238852824316119E+01,2.7500000000000000E+01));
#88240=VERTEX_POINT('',#88230);
#88250=CARTESIAN_POINT('',(-3.8301857648215666E+01,
   2.5095676913149589E+01,2.7500000000000000E+01));
#88260=VERTEX_POINT('',#88250);
#88270=EDGE_CURVE('',#88240,#88260,#88220,.T.);
#88280=ORIENTED_EDGE('',*,*,#88270,.T.);
#88290=CARTESIAN_POINT('',(-3.8981919794923357E+01,
   2.1238852824316119E+01,2.5000000000000000E+01));
#88300=DIRECTION('',(0.0000000000000000E+00,0.0000000000000000E+00,
   -1.0000000000000000E+00));
#88310=VECTOR('',#88300,1.0000000000000000E+00);
#88320=LINE('',#88290,#88310);
#88330=EDGE_CURVE('',#88240,#9470,#88320,.T.);
#88340=ORIENTED_EDGE('',*,*,#88330,.F.);
#88350=ORIENTED_EDGE('',*,*,#9480,.F.);
#88360=CARTESIAN_POINT('',(-3.8301857648215673E+01,
   2.5095676913149589E+01,2.5000000000000000E+01));
#88370=DIRECTION('',(0.0000000000000000E+00,0.0000000000000000E+00,
   1.0000000000000000E+00));
#88380=VECTOR('',#88370,1.0000000000000000E+00);
#88390=LINE('',#88360,#88380);
#88400=EDGE_CURVE('',#9390,#88260,#88390,.T.);
#88410=ORIENTED_EDGE('',*,*,#88400,.F.);
#88420=EDGE_LOOP('',(#88410,#88350,#88340,#88280));
#88430=FACE_OUTER_BOUND('',#88420,.T.);
#88440=ADVANCED_FACE('',(#88430),#88180,.T.);
#88450=COLOUR_RGB('',5.0196081399917603E-01,1.0000000000000000E+00,
   5.0196081399917603E-01);
#88460=FILL_AREA_STYLE_COLOUR('',#88450);
#88470=FILL_AREA_STYLE('',(#88460));
#88480=SURFACE_STYLE_FILL_AREA(#88470);
#88490=SURFACE_SIDE_STYLE('',(#88480));
#88500=SURFACE_STYLE_USAGE(.BOTH.,#88490);
#88510=PRESENTATION_STYLE_ASSIGNMENT((#88500));
#88520=ORIENTED_EDGE('',*,*,#53710,.F.);
#88530=ORIENTED_EDGE('',*,*,#76420,.T.);
#88540=ORIENTED_EDGE('',*,*,#57670,.F.);
#88550=ORIENTED_EDGE('',*,*,#79170,.T.);
#88560=EDGE_LOOP('',(#88550,#88540,#88530,#88520));
#88570=FACE_OUTER_BOUND('',#88560,.T.);
#88580=ADVANCED_FACE('',(#88570),#79100,.T.);
#88590=COLOUR_RGB('',9.4901967048645020E-01,9.4901967048645020E-01,
   1.0000000000000000E+00);
#88600=FILL_AREA_STYLE_COLOUR('',#88590);
#88610=FILL_AREA_STYLE('',(#88600));
#88620=SURFACE_STYLE_FILL_AREA(#88610);
#88630=SURFACE_SIDE_STYLE('',(#88620));
#88640=SURFACE_STYLE_USAGE(.BOTH.,#88630);
#88650=PRESENTATION_STYLE_ASSIGNMENT((#88640));
#88660=CARTESIAN_POINT('',(-3.6122820727760129E+01,
   1.5008852824316122E+01,1.4329240115268975E+01));
#88670=DIRECTION('',(0.0000000000000000E+00,-1.0000000000000000E+00,
   0.0000000000000000E+00));
#88680=DIRECTION('',(1.0000000000000000E+00,0.0000000000000000E+00,
   0.0000000000000000E+00));
#88690=AXIS2_PLACEMENT_3D('',#88660,#88670,#88680);
#88700=PLANE('',#88690);
#88710=CARTESIAN_POINT('',(-8.8925674828030196E+01,
   1.5008852824316122E+01,1.5500000000000004E+01));
#88720=DIRECTION('',(-1.0000000000000000E+00,0.0000000000000000E+00,
   0.0000000000000000E+00));
#88730=VECTOR('',#88720,1.0000000000000000E+00);
#88740=LINE('',#88710,#88730);
#88750=CARTESIAN_POINT('',(-3.5604003587298216E+01,
   1.5008852824316122E+01,1.5500000000000004E+01));
#88760=VERTEX_POINT('',#88750);
#88770=EDGE_CURVE('',#88760,#66500,#88740,.T.);
#88780=ORIENTED_EDGE('',*,*,#88770,.F.);
#88790=ORIENTED_EDGE('',*,*,#66530,.F.);
#88800=ORIENTED_EDGE('',*,*,#74440,.T.);
#88810=CARTESIAN_POINT('',(-3.5854003587298216E+01,
   1.5008852824316122E+01,1.5000000000000004E+01));
#88820=DIRECTION('',(0.0000000000000000E+00,-1.0000000000000000E+00,
   0.0000000000000000E+00));
#88830=DIRECTION('',(1.0000000000000000E+00,0.0000000000000000E+00,
   0.0000000000000000E+00));
#88840=AXIS2_PLACEMENT_3D('',#88810,#88820,#88830);
#88850=CIRCLE('',#88840,6.5000000000000002E-01);
#88860=EDGE_CURVE('',#63080,#63170,#88850,.T.);
#88870=ORIENTED_EDGE('',*,*,#88860,.T.);
#88880=ORIENTED_EDGE('',*,*,#74560,.T.);
#88890=CARTESIAN_POINT('',(-3.5604003587298216E+01,
   1.5008852824316122E+01,2.0000000000000004E+01));
#88900=DIRECTION('',(0.0000000000000000E+00,0.0000000000000000E+00,
   1.0000000000000000E+00));
#88910=VECTOR('',#88900,1.0000000000000000E+00);
#88920=LINE('',#88890,#88910);
#88930=EDGE_CURVE('',#74530,#88760,#88920,.T.);
#88940=ORIENTED_EDGE('',*,*,#88930,.F.);
#88950=EDGE_LOOP('',(#88940,#88880,#88870,#88800,#88790,#88780));
#88960=FACE_OUTER_BOUND('',#88950,.T.);
#88970=ADVANCED_FACE('',(#88960),#88700,.T.);
#88980=COLOUR_RGB('',9.4901967048645020E-01,9.4901967048645020E-01,
   1.0000000000000000E+00);
#88990=FILL_AREA_STYLE_COLOUR('',#88980);
#89000=FILL_AREA_STYLE('',(#88990));
#89010=SURFACE_STYLE_FILL_AREA(#89000);
#89020=SURFACE_SIDE_STYLE('',(#89010));
#89030=SURFACE_STYLE_USAGE(.BOTH.,#89020);
#89040=PRESENTATION_STYLE_ASSIGNMENT((#89030));
#89050=EDGE_CURVE('',#76280,#77820,#77800,.T.);
#89060=ORIENTED_EDGE('',*,*,#89050,.F.);
#89070=ORIENTED_EDGE('',*,*,#79740,.F.);
#89080=ORIENTED_EDGE('',*,*,#57840,.T.);
#89090=ORIENTED_EDGE('',*,*,#76350,.F.);
#89100=EDGE_LOOP('',(#89090,#89080,#89070,#89060));
#89110=FACE_OUTER_BOUND('',#89100,.T.);
#89120=ADVANCED_FACE('',(#89110),#79650,.T.);
#89130=COLOUR_RGB('',9.4901967048645020E-01,9.4901967048645020E-01,
   1.0000000000000000E+00);
#89140=FILL_AREA_STYLE_COLOUR('',#89130);
#89150=FILL_AREA_STYLE('',(#89140));
#89160=SURFACE_STYLE_FILL_AREA(#89150);
#89170=SURFACE_SIDE_STYLE('',(#89160));
#89180=SURFACE_STYLE_USAGE(.BOTH.,#89170);
#89190=PRESENTATION_STYLE_ASSIGNMENT((#89180));
#89200=CARTESIAN_POINT('',(-3.6104003587298216E+01,
   1.5008852824316122E+01,1.5500000000000004E+01));
#89210=DIRECTION('',(0.0000000000000000E+00,0.0000000000000000E+00,
   1.0000000000000000E+00));
#89220=DIRECTION('',(1.0000000000000000E+00,0.0000000000000000E+00,
   0.0000000000000000E+00));
#89230=AXIS2_PLACEMENT_3D('',#89200,#89210,#89220);
#89240=PLANE('',#89230);
#89250=CARTESIAN_POINT('',(-3.5604003587298216E+01,
   1.5008852824316122E+01,1.5500000000000004E+01));
#89260=DIRECTION('',(0.0000000000000000E+00,-1.0000000000000000E+00,
   0.0000000000000000E+00));
#89270=VECTOR('',#89260,1.0000000000000000E+00);
#89280=LINE('',#89250,#89270);
#89290=CARTESIAN_POINT('',(-3.5604003587298216E+01,
   1.3008852824316122E+01,1.5500000000000004E+01));
#89300=VERTEX_POINT('',#89290);
#89310=EDGE_CURVE('',#88760,#89300,#89280,.T.);
#89320=ORIENTED_EDGE('',*,*,#89310,.F.);
#89330=CARTESIAN_POINT('',(-8.8925674828030196E+01,
   1.3008852824316122E+01,1.5500000000000004E+01));
#89340=DIRECTION('',(-1.0000000000000000E+00,0.0000000000000000E+00,
   0.0000000000000000E+00));
#89350=VECTOR('',#89340,1.0000000000000000E+00);
#89360=LINE('',#89330,#89350);
#89370=EDGE_CURVE('',#89300,#66600,#89360,.T.);
#89380=ORIENTED_EDGE('',*,*,#89370,.F.);
#89390=ORIENTED_EDGE('',*,*,#66610,.T.);
#89400=ORIENTED_EDGE('',*,*,#88770,.T.);
#89410=EDGE_LOOP('',(#89400,#89390,#89380,#89320));
#89420=FACE_OUTER_BOUND('',#89410,.T.);
#89430=ADVANCED_FACE('',(#89420),#89240,.T.);
#89440=COLOUR_RGB('',9.4901967048645020E-01,9.4901967048645020E-01,
   1.0000000000000000E+00);
#89450=FILL_AREA_STYLE_COLOUR('',#89440);
#89460=FILL_AREA_STYLE('',(#89450));
#89470=SURFACE_STYLE_FILL_AREA(#89460);
#89480=SURFACE_SIDE_STYLE('',(#89470));
#89490=SURFACE_STYLE_USAGE(.BOTH.,#89480);
#89500=PRESENTATION_STYLE_ASSIGNMENT((#89490));
#89510=CARTESIAN_POINT('',(-3.5604003587298216E+01,
   1.5008852824316122E+01,1.5500000000000004E+01));
#89520=DIRECTION('',(1.0000000000000000E+00,-0.0000000000000000E+00,
   0.0000000000000000E+00));
#89530=DIRECTION('',(0.0000000000000000E+00,0.0000000000000000E+00,
   -1.0000000000000000E+00));
#89540=AXIS2_PLACEMENT_3D('',#89510,#89520,#89530);
#89550=PLANE('',#89540);
#89560=ORIENTED_EDGE('',*,*,#74540,.T.);
#89570=ORIENTED_EDGE('',*,*,#58790,.F.);
#89580=ORIENTED_EDGE('',*,*,#60510,.T.);
#89590=CARTESIAN_POINT('',(-3.5604003587298216E+01,
   1.2008852824316122E+01,1.5500000000000004E+01));
#89600=DIRECTION('',(0.0000000000000000E+00,0.0000000000000000E+00,
   -1.0000000000000000E+00));
#89610=VECTOR('',#89600,1.0000000000000000E+00);
#89620=LINE('',#89590,#89610);
#89630=CARTESIAN_POINT('',(-3.5604003587298216E+01,
   1.2008852824316129E+01,1.5232050807568882E+01));
#89640=VERTEX_POINT('',#89630);
#89650=EDGE_CURVE('',#89640,#60500,#89620,.T.);
#89660=ORIENTED_EDGE('',*,*,#89650,.T.);
#89670=CARTESIAN_POINT('',(-3.5604003587298216E+01,
   -2.6716239164827719E+01,4.8556936822568630E+00));
#89680=DIRECTION('',(0.0000000000000000E+00,9.6592582628906842E-01,
   2.5881904510252046E-01));
#89690=VECTOR('',#89680,1.0000000000000000E+00);
#89700=LINE('',#89670,#89690);
#89710=EDGE_CURVE('',#89640,#89300,#89700,.T.);
#89720=ORIENTED_EDGE('',*,*,#89710,.F.);
#89730=ORIENTED_EDGE('',*,*,#89310,.T.);
#89740=ORIENTED_EDGE('',*,*,#88930,.T.);
#89750=EDGE_LOOP('',(#89740,#89730,#89720,#89660,#89580,#89570,#89560));
#89760=FACE_OUTER_BOUND('',#89750,.T.);
#89770=ADVANCED_FACE('',(#89760),#89550,.T.);
#89780=COLOUR_RGB('',9.4901967048645020E-01,9.4901967048645020E-01,
   1.0000000000000000E+00);
#89790=FILL_AREA_STYLE_COLOUR('',#89780);
#89800=FILL_AREA_STYLE('',(#89790));
#89810=SURFACE_STYLE_FILL_AREA(#89800);
#89820=SURFACE_SIDE_STYLE('',(#89810));
#89830=SURFACE_STYLE_USAGE(.BOTH.,#89820);
#89840=PRESENTATION_STYLE_ASSIGNMENT((#89830));
#89850=CARTESIAN_POINT('',(-3.6122820727760129E+01,
   1.2008852824316122E+01,1.4329240115268975E+01));
#89860=DIRECTION('',(0.0000000000000000E+00,-1.0000000000000000E+00,
   0.0000000000000000E+00));
#89870=DIRECTION('',(1.0000000000000000E+00,0.0000000000000000E+00,
   0.0000000000000000E+00));
#89880=AXIS2_PLACEMENT_3D('',#89850,#89860,#89870);
#89890=PLANE('',#89880);
#89900=ORIENTED_EDGE('',*,*,#89650,.F.);
#89910=ORIENTED_EDGE('',*,*,#60660,.T.);
#89920=ORIENTED_EDGE('',*,*,#66750,.T.);
#89930=CARTESIAN_POINT('',(-8.8925674828030196E+01,
   1.2008852824316122E+01,1.5232050807568882E+01));
#89940=DIRECTION('',(1.0000000000000000E+00,0.0000000000000000E+00,
   0.0000000000000000E+00));
#89950=VECTOR('',#89940,1.0000000000000000E+00);
#89960=LINE('',#89930,#89950);
#89970=EDGE_CURVE('',#66680,#89640,#89960,.T.);
#89980=ORIENTED_EDGE('',*,*,#89970,.F.);
#89990=EDGE_LOOP('',(#89980,#89920,#89910,#89900));
#90000=FACE_OUTER_BOUND('',#89990,.T.);
#90010=ADVANCED_FACE('',(#90000),#89890,.T.);
#90020=COLOUR_RGB('',9.4901967048645020E-01,9.4901967048645020E-01,
   1.0000000000000000E+00);
#90030=FILL_AREA_STYLE_COLOUR('',#90020);
#90040=FILL_AREA_STYLE('',(#90030));
#90050=SURFACE_STYLE_FILL_AREA(#90040);
#90060=SURFACE_SIDE_STYLE('',(#90050));
#90070=SURFACE_STYLE_USAGE(.BOTH.,#90060);
#90080=PRESENTATION_STYLE_ASSIGNMENT((#90070));
#90090=CARTESIAN_POINT('',(-3.5854003587298216E+01,
   1.2508852824316122E+01,1.5366025403784443E+01));
#90100=DIRECTION('',(0.0000000000000000E+00,-2.5881904510252046E-01,
   9.6592582628906842E-01));
#90110=DIRECTION('',(0.0000000000000000E+00,9.6592582628906842E-01,
   2.5881904510252046E-01));
#90120=AXIS2_PLACEMENT_3D('',#90090,#90100,#90110);
#90130=PLANE('',#90120);
#90140=ORIENTED_EDGE('',*,*,#66690,.T.);
#90150=ORIENTED_EDGE('',*,*,#89370,.T.);
#90160=ORIENTED_EDGE('',*,*,#89710,.T.);
#90170=ORIENTED_EDGE('',*,*,#89970,.T.);
#90180=EDGE_LOOP('',(#90170,#90160,#90150,#90140));
#90190=FACE_OUTER_BOUND('',#90180,.T.);
#90200=ADVANCED_FACE('',(#90190),#90130,.T.);
#90210=COLOUR_RGB('',9.4901967048645020E-01,9.4901967048645020E-01,
   1.0000000000000000E+00);
#90220=FILL_AREA_STYLE_COLOUR('',#90210);
#90230=FILL_AREA_STYLE('',(#90220));
#90240=SURFACE_STYLE_FILL_AREA(#90230);
#90250=SURFACE_SIDE_STYLE('',(#90240));
#90260=SURFACE_STYLE_USAGE(.BOTH.,#90250);
#90270=PRESENTATION_STYLE_ASSIGNMENT((#90260));
#90280=EDGE_CURVE('',#36380,#76190,#76260,.T.);
#90290=ORIENTED_EDGE('',*,*,#90280,.T.);
#90300=ORIENTED_EDGE('',*,*,#36390,.T.);
#90310=ORIENTED_EDGE('',*,*,#59040,.T.);
#90320=ORIENTED_EDGE('',*,*,#77900,.T.);
#90330=ORIENTED_EDGE('',*,*,#89050,.T.);
#90340=ORIENTED_EDGE('',*,*,#76290,.T.);
#90350=EDGE_LOOP('',(#90340,#90330,#90320,#90310,#90300,#90290));
#90360=FACE_OUTER_BOUND('',#90350,.T.);
#90370=ADVANCED_FACE('',(#90360),#77750,.T.);
#90380=COLOUR_RGB('',9.4901967048645020E-01,9.4901967048645020E-01,
   1.0000000000000000E+00);
#90390=FILL_AREA_STYLE_COLOUR('',#90380);
#90400=FILL_AREA_STYLE('',(#90390));
#90410=SURFACE_STYLE_FILL_AREA(#90400);
#90420=SURFACE_SIDE_STYLE('',(#90410));
#90430=SURFACE_STYLE_USAGE(.BOTH.,#90420);
#90440=PRESENTATION_STYLE_ASSIGNMENT((#90430));
#90450=ORIENTED_EDGE('',*,*,#79190,.T.);
#90460=ORIENTED_EDGE('',*,*,#57910,.F.);
#90470=ORIENTED_EDGE('',*,*,#79680,.F.);
#90480=ORIENTED_EDGE('',*,*,#63580,.T.);
#90490=EDGE_LOOP('',(#90480,#90470,#90460,#90450));
#90500=FACE_OUTER_BOUND('',#90490,.T.);
#90510=ADVANCED_FACE('',(#90500),#57580,.T.);
#90520=COLOUR_RGB('',9.4901967048645020E-01,9.4901967048645020E-01,
   1.0000000000000000E+00);
#90530=FILL_AREA_STYLE_COLOUR('',#90520);
#90540=FILL_AREA_STYLE('',(#90530));
#90550=SURFACE_STYLE_FILL_AREA(#90540);
#90560=SURFACE_SIDE_STYLE('',(#90550));
#90570=SURFACE_STYLE_USAGE(.BOTH.,#90560);
#90580=PRESENTATION_STYLE_ASSIGNMENT((#90570));
#90590=CARTESIAN_POINT('',(-3.5581516213882892E+01,
   2.3538852824316109E+01,1.9752512626584682E+01));
#90600=DIRECTION('',(0.0000000000000000E+00,1.0000000000000000E+00,
   0.0000000000000000E+00));
#90610=DIRECTION('',(7.0710678118654746E-01,0.0000000000000000E+00,
   -7.0710678118654757E-01));
#90620=AXIS2_PLACEMENT_3D('',#90590,#90600,#90610);
#90630=PLANE('',#90620);
#90640=CARTESIAN_POINT('',(-8.8925674828030196E+01,
   2.3538852824316109E+01,-3.3591645987562615E+01));
#90650=DIRECTION('',(-7.0710678118654757E-01,0.0000000000000000E+00,
   -7.0710678118654746E-01));
#90660=VECTOR('',#90650,1.0000000000000000E+00);
#90670=LINE('',#90640,#90660);
#90680=CARTESIAN_POINT('',(-3.5214995679261598E+01,
   2.3538852824316109E+01,2.0119033161205866E+01));
#90690=VERTEX_POINT('',#90680);
#90700=EDGE_CURVE('',#90690,#78740,#90670,.T.);
#90710=ORIENTED_EDGE('',*,*,#90700,.T.);
#90720=CARTESIAN_POINT('',(-3.5854003587298216E+01,
   2.3538852824316109E+01,2.0000000000000000E+01));
#90730=DIRECTION('',(0.0000000000000000E+00,-1.0000000000000000E+00,
   0.0000000000000000E+00));
#90740=DIRECTION('',(1.0000000000000000E+00,0.0000000000000000E+00,
   0.0000000000000000E+00));
#90750=AXIS2_PLACEMENT_3D('',#90720,#90730,#90740);
#90760=CIRCLE('',#90750,6.5000000000000002E-01);
#90770=CARTESIAN_POINT('',(-3.5693983448967970E+01,
   2.3538852824316109E+01,2.0629994885160798E+01));
#90780=VERTEX_POINT('',#90770);
#90790=EDGE_CURVE('',#90690,#90780,#90760,.T.);
#90800=ORIENTED_EDGE('',*,*,#90790,.F.);
#90810=CARTESIAN_POINT('',(-8.8925674828030196E+01,
   2.3538852824316109E+01,-3.2601696493901422E+01));
#90820=DIRECTION('',(-7.0710678118654757E-01,0.0000000000000000E+00,
   -7.0710678118654746E-01));
#90830=VECTOR('',#90820,1.0000000000000000E+00);
#90840=LINE('',#90810,#90830);
#90850=EDGE_CURVE('',#90780,#78840,#90840,.T.);
#90860=ORIENTED_EDGE('',*,*,#90850,.F.);
#90870=ORIENTED_EDGE('',*,*,#78850,.T.);
#90880=EDGE_LOOP('',(#90870,#90860,#90800,#90710));
#90890=FACE_OUTER_BOUND('',#90880,.T.);
#90900=ADVANCED_FACE('',(#90890),#90630,.T.);
#90910=COLOUR_RGB('',9.4901967048645020E-01,9.4901967048645020E-01,
   1.0000000000000000E+00);
#90920=FILL_AREA_STYLE_COLOUR('',#90910);
#90930=FILL_AREA_STYLE('',(#90920));
#90940=SURFACE_STYLE_FILL_AREA(#90930);
#90950=SURFACE_SIDE_STYLE('',(#90940));
#90960=SURFACE_STYLE_USAGE(.BOTH.,#90950);
#90970=PRESENTATION_STYLE_ASSIGNMENT((#90960));
#90980=CARTESIAN_POINT('',(-3.5581516213882892E+01,
   2.3538852824316109E+01,1.9752512626584682E+01));
#90990=DIRECTION('',(-7.0710678118654746E-01,0.0000000000000000E+00,
   7.0710678118654757E-01));
#91000=DIRECTION('',(0.0000000000000000E+00,1.0000000000000000E+00,
   0.0000000000000000E+00));
#91010=AXIS2_PLACEMENT_3D('',#90980,#90990,#91000);
#91020=PLANE('',#91010);
#91030=EDGE_CURVE('',#54520,#64850,#64830,.T.);
#91040=ORIENTED_EDGE('',*,*,#91030,.F.);
#91050=CARTESIAN_POINT('',(-3.5214995679261612E+01,
   3.5508852824316115E+01,2.0119033161205962E+01));
#91060=DIRECTION('',(0.0000000000000000E+00,-1.0000000000000000E+00,
   0.0000000000000000E+00));
#91070=VECTOR('',#91060,1.0000000000000000E+00);
#91080=LINE('',#91050,#91070);
#91090=EDGE_CURVE('',#64850,#90690,#91080,.T.);
#91100=ORIENTED_EDGE('',*,*,#91090,.F.);
#91110=ORIENTED_EDGE('',*,*,#90700,.F.);
#91120=ORIENTED_EDGE('',*,*,#79420,.T.);
#91130=EDGE_LOOP('',(#91120,#91110,#91100,#91040));
#91140=FACE_OUTER_BOUND('',#91130,.T.);
#91150=ADVANCED_FACE('',(#91140),#91020,.T.);
#91160=COLOUR_RGB('',9.4901967048645020E-01,9.4901967048645020E-01,
   1.0000000000000000E+00);
#91170=FILL_AREA_STYLE_COLOUR('',#91160);
#91180=FILL_AREA_STYLE('',(#91170));
#91190=SURFACE_STYLE_FILL_AREA(#91180);
#91200=SURFACE_SIDE_STYLE('',(#91190));
#91210=SURFACE_STYLE_USAGE(.BOTH.,#91200);
#91220=PRESENTATION_STYLE_ASSIGNMENT((#91210));
#91230=CARTESIAN_POINT('',(-3.6497744671345409E+01,
   2.4538852824316116E+01,2.0668741084047205E+01));
#91240=DIRECTION('',(0.0000000000000000E+00,1.0000000000000000E+00,
   0.0000000000000000E+00));
#91250=DIRECTION('',(7.0710678118654746E-01,0.0000000000000000E+00,
   -7.0710678118654757E-01));
#91260=AXIS2_PLACEMENT_3D('',#91230,#91240,#91250);
#91270=PLANE('',#91260);
#91280=ORIENTED_EDGE('',*,*,#64930,.F.);
#91290=ORIENTED_EDGE('',*,*,#91030,.T.);
#91300=ORIENTED_EDGE('',*,*,#54530,.T.);
#91310=EDGE_LOOP('',(#91300,#91290,#91280));
#91320=FACE_OUTER_BOUND('',#91310,.T.);
#91330=ADVANCED_FACE('',(#91320),#91270,.T.);
#91340=COLOUR_RGB('',9.4901967048645020E-01,9.4901967048645020E-01,
   1.0000000000000000E+00);
#91350=FILL_AREA_STYLE_COLOUR('',#91340);
#91360=FILL_AREA_STYLE('',(#91350));
#91370=SURFACE_STYLE_FILL_AREA(#91360);
#91380=SURFACE_SIDE_STYLE('',(#91370));
#91390=SURFACE_STYLE_USAGE(.BOTH.,#91380);
#91400=PRESENTATION_STYLE_ASSIGNMENT((#91390));
#91410=CARTESIAN_POINT('',(-3.6076490960713485E+01,
   2.4538852824316109E+01,2.0247487373415282E+01));
#91420=DIRECTION('',(7.0710678118654746E-01,0.0000000000000000E+00,
   -7.0710678118654757E-01));
#91430=DIRECTION('',(0.0000000000000000E+00,-1.0000000000000000E+00,
   0.0000000000000000E+00));
#91440=AXIS2_PLACEMENT_3D('',#91410,#91420,#91430);
#91450=PLANE('',#91440);
#91460=CARTESIAN_POINT('',(-8.8925674828030196E+01,
   2.4538852824316116E+01,-3.2601696493901422E+01));
#91470=DIRECTION('',(-7.0710678118654757E-01,0.0000000000000000E+00,
   -7.0710678118654746E-01));
#91480=VECTOR('',#91470,1.0000000000000000E+00);
#91490=LINE('',#91460,#91480);
#91500=CARTESIAN_POINT('',(-3.5693983448967970E+01,
   2.4538852824316116E+01,2.0629994885160798E+01));
#91510=VERTEX_POINT('',#91500);
#91520=EDGE_CURVE('',#91510,#70710,#91490,.T.);
#91530=ORIENTED_EDGE('',*,*,#91520,.F.);
#91540=ORIENTED_EDGE('',*,*,#83290,.T.);
#91550=ORIENTED_EDGE('',*,*,#90850,.T.);
#91560=CARTESIAN_POINT('',(-3.5693983448967970E+01,
   3.5508852824316115E+01,2.0629994885160798E+01));
#91570=DIRECTION('',(0.0000000000000000E+00,-1.0000000000000000E+00,
   0.0000000000000000E+00));
#91580=VECTOR('',#91570,1.0000000000000000E+00);
#91590=LINE('',#91560,#91580);
#91600=EDGE_CURVE('',#91510,#90780,#91590,.T.);
#91610=ORIENTED_EDGE('',*,*,#91600,.T.);
#91620=EDGE_LOOP('',(#91610,#91550,#91540,#91530));
#91630=FACE_OUTER_BOUND('',#91620,.T.);
#91640=ADVANCED_FACE('',(#91630),#91450,.T.);
#91650=COLOUR_RGB('',9.4901967048645020E-01,9.4901967048645020E-01,
   1.0000000000000000E+00);
#91660=FILL_AREA_STYLE_COLOUR('',#91650);
#91670=FILL_AREA_STYLE('',(#91660));
#91680=SURFACE_STYLE_FILL_AREA(#91670);
#91690=SURFACE_SIDE_STYLE('',(#91680));
#91700=SURFACE_STYLE_USAGE(.BOTH.,#91690);
#91710=PRESENTATION_STYLE_ASSIGNMENT((#91700));
#91720=CARTESIAN_POINT('',(-3.5829003587298210E+01,
   2.4373852824316117E+01,2.0000000000000000E+01));
#91730=DIRECTION('',(0.0000000000000000E+00,1.0000000000000000E+00,
   0.0000000000000000E+00));
#91740=DIRECTION('',(1.0000000000000000E+00,0.0000000000000000E+00,
   0.0000000000000000E+00));
#91750=AXIS2_PLACEMENT_3D('',#91720,#91730,#91740);
#91760=CYLINDRICAL_SURFACE('',#91750,1.9150000000000134E+00);
#91770=CARTESIAN_POINT('',(-3.3914003587298197E+01,
   2.4373852824316117E+01,2.0000000000000000E+01));
#91780=DIRECTION('',(0.0000000000000000E+00,1.0000000000000000E+00,
   0.0000000000000000E+00));
#91790=VECTOR('',#91780,1.0000000000000000E+00);
#91800=LINE('',#91770,#91790);
#91810=CARTESIAN_POINT('',(-3.3914003587298197E+01,
   2.3238852824316119E+01,2.0000000000000000E+01));
#91820=VERTEX_POINT('',#91810);
#91830=EDGE_CURVE('',#91820,#73790,#91800,.T.);
#91840=ORIENTED_EDGE('',*,*,#91830,.F.);
#91850=ORIENTED_EDGE('',*,*,#73800,.T.);
#91860=CARTESIAN_POINT('',(-3.7744003587298224E+01,
   2.4373852824316117E+01,2.0000000000000000E+01));
#91870=DIRECTION('',(0.0000000000000000E+00,1.0000000000000000E+00,
   0.0000000000000000E+00));
#91880=VECTOR('',#91870,1.0000000000000000E+00);
#91890=LINE('',#91860,#91880);
#91900=CARTESIAN_POINT('',(-3.7744003587298224E+01,
   2.3238852824316119E+01,2.0000000000000000E+01));
#91910=VERTEX_POINT('',#91900);
#91920=EDGE_CURVE('',#91910,#73770,#91890,.T.);
#91930=ORIENTED_EDGE('',*,*,#91920,.T.);
#91940=CARTESIAN_POINT('',(-3.5829003587298210E+01,
   2.3238852824316119E+01,2.0000000000000004E+01));
#91950=DIRECTION('',(0.0000000000000000E+00,1.0000000000000000E+00,
   0.0000000000000000E+00));
#91960=DIRECTION('',(1.0000000000000000E+00,0.0000000000000000E+00,
   0.0000000000000000E+00));
#91970=AXIS2_PLACEMENT_3D('',#91940,#91950,#91960);
#91980=CIRCLE('',#91970,1.9150000000000134E+00);
#91990=EDGE_CURVE('',#91910,#91820,#91980,.T.);
#92000=ORIENTED_EDGE('',*,*,#91990,.F.);
#92010=EDGE_LOOP('',(#92000,#91930,#91850,#91840));
#92020=FACE_OUTER_BOUND('',#92010,.T.);
#92030=ADVANCED_FACE('',(#92020),#91760,.F.);
#92040=COLOUR_RGB('',5.0196081399917603E-01,1.0000000000000000E+00,
   5.0196081399917603E-01);
#92050=FILL_AREA_STYLE_COLOUR('',#92040);
#92060=FILL_AREA_STYLE('',(#92050));
#92070=SURFACE_STYLE_FILL_AREA(#92060);
#92080=SURFACE_SIDE_STYLE('',(#92070));
#92090=SURFACE_STYLE_USAGE(.BOTH.,#92080);
#92100=PRESENTATION_STYLE_ASSIGNMENT((#92090));
#92110=CARTESIAN_POINT('',(-3.4871503587298207E+01,
   2.3238852824316119E+01,2.0000000000000000E+01));
#92120=DIRECTION('',(-0.0000000000000000E+00,-1.0000000000000000E+00,
   -0.0000000000000000E+00));
#92130=DIRECTION('',(-1.0000000000000000E+00,0.0000000000000000E+00,
   0.0000000000000000E+00));
#92140=AXIS2_PLACEMENT_3D('',#92110,#92120,#92130);
#92150=PLANE('',#92140);
#92160=EDGE_CURVE('',#91820,#91910,#91980,.T.);
#92170=ORIENTED_EDGE('',*,*,#92160,.T.);
#92180=ORIENTED_EDGE('',*,*,#91990,.T.);
#92190=EDGE_LOOP('',(#92180,#92170));
#92200=FACE_OUTER_BOUND('',#92190,.T.);
#92210=EDGE_CURVE('',#67930,#67500,#68000,.T.);
#92220=ORIENTED_EDGE('',*,*,#92210,.F.);
#92230=ORIENTED_EDGE('',*,*,#68010,.F.);
#92240=EDGE_LOOP('',(#92230,#92220));
#92250=FACE_BOUND('',#92240,.T.);
#92260=ADVANCED_FACE('',(#92200,#92250),#92150,.F.);
#92270=COLOUR_RGB('',5.0196081399917603E-01,1.0000000000000000E+00,
   5.0196081399917603E-01);
#92280=FILL_AREA_STYLE_COLOUR('',#92270);
#92290=FILL_AREA_STYLE('',(#92280));
#92300=SURFACE_STYLE_FILL_AREA(#92290);
#92310=SURFACE_SIDE_STYLE('',(#92300));
#92320=SURFACE_STYLE_USAGE(.BOTH.,#92310);
#92330=PRESENTATION_STYLE_ASSIGNMENT((#92320));
#92340=CARTESIAN_POINT('',(-3.8617044243682152E+01,
   1.5508852824316122E+01,2.6930000000000078E+01));
#92350=DIRECTION('',(1.0000000000000000E+00,-0.0000000000000000E+00,
   0.0000000000000000E+00));
#92360=DIRECTION('',(0.0000000000000000E+00,0.0000000000000000E+00,
   -1.0000000000000000E+00));
#92370=AXIS2_PLACEMENT_3D('',#92340,#92350,#92360);
#92380=PLANE('',#92370);
#92390=ORIENTED_EDGE('',*,*,#62300,.T.);
#92400=CARTESIAN_POINT('',(-3.8617044243682152E+01,
   1.5508852824316122E+01,2.6930000000000078E+01));
#92410=DIRECTION('',(0.0000000000000000E+00,1.0000000000000000E+00,
   0.0000000000000000E+00));
#92420=VECTOR('',#92410,1.0000000000000000E+00);
#92430=LINE('',#92400,#92420);
#92440=EDGE_CURVE('',#62210,#80280,#92430,.T.);
#92450=ORIENTED_EDGE('',*,*,#92440,.F.);
#92460=ORIENTED_EDGE('',*,*,#80290,.T.);
#92470=CARTESIAN_POINT('',(-3.8617044243682152E+01,
   1.5508852824316122E+01,2.7192974313113151E+01));
#92480=DIRECTION('',(0.0000000000000000E+00,1.0000000000000000E+00,
   0.0000000000000000E+00));
#92490=VECTOR('',#92480,1.0000000000000000E+00);
#92500=LINE('',#92470,#92490);
#92510=EDGE_CURVE('',#62290,#80200,#92500,.T.);
#92520=ORIENTED_EDGE('',*,*,#92510,.T.);
#92530=EDGE_LOOP('',(#92520,#92460,#92450,#92390));
#92540=FACE_OUTER_BOUND('',#92530,.T.);
#92550=ADVANCED_FACE('',(#92540),#92380,.F.);
#92560=COLOUR_RGB('',5.0196081399917603E-01,1.0000000000000000E+00,
   5.0196081399917603E-01);
#92570=FILL_AREA_STYLE_COLOUR('',#92560);
#92580=FILL_AREA_STYLE('',(#92570));
#92590=SURFACE_STYLE_FILL_AREA(#92580);
#92600=SURFACE_SIDE_STYLE('',(#92590));
#92610=SURFACE_STYLE_USAGE(.BOTH.,#92600);
#92620=PRESENTATION_STYLE_ASSIGNMENT((#92610));
#92630=EDGE_CURVE('',#74000,#67520,#67590,.T.);
#92640=ORIENTED_EDGE('',*,*,#92630,.T.);
#92650=ORIENTED_EDGE('',*,*,#74010,.T.);
#92660=ORIENTED_EDGE('',*,*,#70640,.T.);
#92670=CARTESIAN_POINT('',(-3.5854003587298216E+01,
   2.4538852824316116E+01,2.0000000000000000E+01));
#92680=DIRECTION('',(0.0000000000000000E+00,-1.0000000000000000E+00,
   0.0000000000000000E+00));
#92690=DIRECTION('',(1.0000000000000000E+00,0.0000000000000000E+00,
   0.0000000000000000E+00));
#92700=AXIS2_PLACEMENT_3D('',#92670,#92680,#92690);
#92710=CIRCLE('',#92700,6.5000000000000002E-01);
#92720=EDGE_CURVE('',#91510,#70610,#92710,.T.);
#92730=ORIENTED_EDGE('',*,*,#92720,.T.);
#92740=EDGE_CURVE('',#67610,#91510,#91490,.T.);
#92750=ORIENTED_EDGE('',*,*,#92740,.T.);
#92760=ORIENTED_EDGE('',*,*,#67620,.T.);
#92770=EDGE_LOOP('',(#92760,#92750,#92730,#92660,#92650,#92640));
#92780=FACE_OUTER_BOUND('',#92770,.T.);
#92790=ADVANCED_FACE('',(#92780),#91270,.T.);
#92800=COLOUR_RGB('',9.4901967048645020E-01,9.4901967048645020E-01,
   1.0000000000000000E+00);
#92810=FILL_AREA_STYLE_COLOUR('',#92800);
#92820=FILL_AREA_STYLE('',(#92810));
#92830=SURFACE_STYLE_FILL_AREA(#92820);
#92840=SURFACE_SIDE_STYLE('',(#92830));
#92850=SURFACE_STYLE_USAGE(.BOTH.,#92840);
#92860=PRESENTATION_STYLE_ASSIGNMENT((#92850));
#92870=ORIENTED_EDGE('',*,*,#70780,.T.);
#92880=ORIENTED_EDGE('',*,*,#91520,.T.);
#92890=ORIENTED_EDGE('',*,*,#92720,.F.);
#92900=EDGE_LOOP('',(#92890,#92880,#92870));
#92910=FACE_OUTER_BOUND('',#92900,.T.);
#92920=ADVANCED_FACE('',(#92910),#91270,.T.);
#92930=COLOUR_RGB('',9.4901967048645020E-01,9.4901967048645020E-01,
   1.0000000000000000E+00);
#92940=FILL_AREA_STYLE_COLOUR('',#92930);
#92950=FILL_AREA_STYLE('',(#92940));
#92960=SURFACE_STYLE_FILL_AREA(#92950);
#92970=SURFACE_SIDE_STYLE('',(#92960));
#92980=SURFACE_STYLE_USAGE(.BOTH.,#92970);
#92990=PRESENTATION_STYLE_ASSIGNMENT((#92980));
#93000=CARTESIAN_POINT('',(-3.1754003587298214E+01,
   1.9227667721638248E+01,2.5000000000000000E+01));
#93010=DIRECTION('',(1.0000000000000000E+00,2.8660047167381970E-15,
   0.0000000000000000E+00));
#93020=DIRECTION('',(2.8660047167381970E-15,-1.0000000000000000E+00,
   0.0000000000000000E+00));
#93030=AXIS2_PLACEMENT_3D('',#93000,#93010,#93020);
#93040=PLANE('',#93030);
#93050=CARTESIAN_POINT('',(-3.1754003587298158E+01,
   0.0000000000000000E+00,2.7500000000000000E+01));
#93060=DIRECTION('',(2.8660047167381970E-15,-1.0000000000000000E+00,
   0.0000000000000000E+00));
#93070=VECTOR('',#93060,1.0000000000000000E+00);
#93080=LINE('',#93050,#93070);
#93090=EDGE_CURVE('',#27280,#62490,#93080,.T.);
#93100=ORIENTED_EDGE('',*,*,#93090,.T.);
#93110=ORIENTED_EDGE('',*,*,#27290,.T.);
#93120=ORIENTED_EDGE('',*,*,#10170,.F.);
#93130=ORIENTED_EDGE('',*,*,#62560,.F.);
#93140=EDGE_LOOP('',(#93130,#93120,#93110,#93100));
#93150=FACE_OUTER_BOUND('',#93140,.T.);
#93160=ADVANCED_FACE('',(#93150),#93040,.T.);
#93170=COLOUR_RGB('',5.0196081399917603E-01,1.0000000000000000E+00,
   5.0196081399917603E-01);
#93180=FILL_AREA_STYLE_COLOUR('',#93170);
#93190=FILL_AREA_STYLE('',(#93180));
#93200=SURFACE_STYLE_FILL_AREA(#93190);
#93210=SURFACE_SIDE_STYLE('',(#93200));
#93220=SURFACE_STYLE_USAGE(.BOTH.,#93210);
#93230=PRESENTATION_STYLE_ASSIGNMENT((#93220));
#93240=ORIENTED_EDGE('',*,*,#92740,.F.);
#93250=ORIENTED_EDGE('',*,*,#91600,.F.);
#93260=EDGE_CURVE('',#67690,#90780,#90840,.T.);
#93270=ORIENTED_EDGE('',*,*,#93260,.T.);
#93280=ORIENTED_EDGE('',*,*,#67700,.F.);
#93290=EDGE_LOOP('',(#93280,#93270,#93250,#93240));
#93300=FACE_OUTER_BOUND('',#93290,.T.);
#93310=ADVANCED_FACE('',(#93300),#91450,.T.);
#93320=COLOUR_RGB('',9.4901967048645020E-01,9.4901967048645020E-01,
   1.0000000000000000E+00);
#93330=FILL_AREA_STYLE_COLOUR('',#93320);
#93340=FILL_AREA_STYLE('',(#93330));
#93350=SURFACE_STYLE_FILL_AREA(#93340);
#93360=SURFACE_SIDE_STYLE('',(#93350));
#93370=SURFACE_STYLE_USAGE(.BOTH.,#93360);
#93380=PRESENTATION_STYLE_ASSIGNMENT((#93370));
#93390=EDGE_CURVE('',#67780,#90690,#90670,.T.);
#93400=ORIENTED_EDGE('',*,*,#93390,.T.);
#93410=ORIENTED_EDGE('',*,*,#67790,.T.);
#93420=ORIENTED_EDGE('',*,*,#93260,.F.);
#93430=ORIENTED_EDGE('',*,*,#90790,.T.);
#93440=EDGE_LOOP('',(#93430,#93420,#93410,#93400));
#93450=FACE_OUTER_BOUND('',#93440,.T.);
#93460=ADVANCED_FACE('',(#93450),#90630,.T.);
#93470=COLOUR_RGB('',9.4901967048645020E-01,9.4901967048645020E-01,
   1.0000000000000000E+00);
#93480=FILL_AREA_STYLE_COLOUR('',#93470);
#93490=FILL_AREA_STYLE('',(#93480));
#93500=SURFACE_STYLE_FILL_AREA(#93490);
#93510=SURFACE_SIDE_STYLE('',(#93500));
#93520=SURFACE_STYLE_USAGE(.BOTH.,#93510);
#93530=PRESENTATION_STYLE_ASSIGNMENT((#93520));
#93540=ORIENTED_EDGE('',*,*,#64860,.F.);
#93550=ORIENTED_EDGE('',*,*,#67850,.T.);
#93560=ORIENTED_EDGE('',*,*,#93390,.F.);
#93570=ORIENTED_EDGE('',*,*,#91090,.T.);
#93580=EDGE_LOOP('',(#93570,#93560,#93550,#93540));
#93590=FACE_OUTER_BOUND('',#93580,.T.);
#93600=ADVANCED_FACE('',(#93590),#91020,.T.);
#93610=COLOUR_RGB('',9.4901967048645020E-01,9.4901967048645020E-01,
   1.0000000000000000E+00);
#93620=FILL_AREA_STYLE_COLOUR('',#93610);
#93630=FILL_AREA_STYLE('',(#93620));
#93640=SURFACE_STYLE_FILL_AREA(#93630);
#93650=SURFACE_SIDE_STYLE('',(#93640));
#93660=SURFACE_STYLE_USAGE(.BOTH.,#93650);
#93670=PRESENTATION_STYLE_ASSIGNMENT((#93660));
#93680=CARTESIAN_POINT('',(-3.6104003587298216E+01,
   1.5008852824316122E+01,2.5500000000000000E+01));
#93690=DIRECTION('',(0.0000000000000000E+00,0.0000000000000000E+00,
   1.0000000000000000E+00));
#93700=DIRECTION('',(1.0000000000000000E+00,0.0000000000000000E+00,
   0.0000000000000000E+00));
#93710=AXIS2_PLACEMENT_3D('',#93680,#93690,#93700);
#93720=PLANE('',#93710);
#93730=ORIENTED_EDGE('',*,*,#78210,.F.);
#93740=CARTESIAN_POINT('',(-8.8925674828030196E+01,
   1.3008852824316122E+01,2.5500000000000000E+01));
#93750=DIRECTION('',(1.0000000000000000E+00,0.0000000000000000E+00,
   0.0000000000000000E+00));
#93760=VECTOR('',#93750,1.0000000000000000E+00);
#93770=LINE('',#93740,#93760);
#93780=CARTESIAN_POINT('',(-3.6104003587298216E+01,
   1.3008852824316122E+01,2.5500000000000000E+01));
#93790=VERTEX_POINT('',#93780);
#93800=EDGE_CURVE('',#93790,#78120,#93770,.T.);
#93810=ORIENTED_EDGE('',*,*,#93800,.T.);
#93820=CARTESIAN_POINT('',(-3.6104003587298216E+01,
   1.5008852824316122E+01,2.5500000000000000E+01));
#93830=DIRECTION('',(0.0000000000000000E+00,-1.0000000000000000E+00,
   0.0000000000000000E+00));
#93840=VECTOR('',#93830,1.0000000000000000E+00);
#93850=LINE('',#93820,#93840);
#93860=CARTESIAN_POINT('',(-3.6104003587298216E+01,
   1.5008852824316122E+01,2.5500000000000000E+01));
#93870=VERTEX_POINT('',#93860);
#93880=EDGE_CURVE('',#93870,#93790,#93850,.T.);
#93890=ORIENTED_EDGE('',*,*,#93880,.T.);
#93900=CARTESIAN_POINT('',(-8.8925674828030196E+01,
   1.5008852824316122E+01,2.5500000000000000E+01));
#93910=DIRECTION('',(-1.0000000000000000E+00,0.0000000000000000E+00,
   0.0000000000000000E+00));
#93920=VECTOR('',#93910,1.0000000000000000E+00);
#93930=LINE('',#93900,#93920);
#93940=EDGE_CURVE('',#78200,#93870,#93930,.T.);
#93950=ORIENTED_EDGE('',*,*,#93940,.T.);
#93960=EDGE_LOOP('',(#93950,#93890,#93810,#93730));
#93970=FACE_OUTER_BOUND('',#93960,.T.);
#93980=ADVANCED_FACE('',(#93970),#93720,.T.);
#93990=COLOUR_RGB('',9.4901967048645020E-01,9.4901967048645020E-01,
   1.0000000000000000E+00);
#94000=FILL_AREA_STYLE_COLOUR('',#93990);
#94010=FILL_AREA_STYLE('',(#94000));
#94020=SURFACE_STYLE_FILL_AREA(#94010);
#94030=SURFACE_SIDE_STYLE('',(#94020));
#94040=SURFACE_STYLE_USAGE(.BOTH.,#94030);
#94050=PRESENTATION_STYLE_ASSIGNMENT((#94040));
#94060=CARTESIAN_POINT('',(-3.3812667081287692E+01,
   2.5008852824316115E+01,2.5000000000000000E+01));
#94070=DIRECTION('',(0.0000000000000000E+00,0.0000000000000000E+00,
   1.0000000000000000E+00));
#94080=DIRECTION('',(1.0000000000000000E+00,0.0000000000000000E+00,
   0.0000000000000000E+00));
#94090=AXIS2_PLACEMENT_3D('',#94060,#94070,#94080);
#94100=CYLINDRICAL_SURFACE('',#94090,5.0000000000000555E-01);
#94110=CARTESIAN_POINT('',(-3.3812667081287692E+01,
   2.5008852824316115E+01,2.7500000000000000E+01));
#94120=DIRECTION('',(0.0000000000000000E+00,0.0000000000000000E+00,
   1.0000000000000000E+00));
#94130=DIRECTION('',(1.0000000000000000E+00,0.0000000000000000E+00,
   0.0000000000000000E+00));
#94140=AXIS2_PLACEMENT_3D('',#94110,#94120,#94130);
#94150=CIRCLE('',#94140,5.0000000000000555E-01);
#94160=EDGE_CURVE('',#27360,#73030,#94150,.T.);
#94170=ORIENTED_EDGE('',*,*,#94160,.F.);
#94180=ORIENTED_EDGE('',*,*,#73170,.T.);
#94190=ORIENTED_EDGE('',*,*,#9230,.T.);
#94200=ORIENTED_EDGE('',*,*,#27430,.F.);
#94210=EDGE_LOOP('',(#94200,#94190,#94180,#94170));
#94220=FACE_OUTER_BOUND('',#94210,.T.);
#94230=ADVANCED_FACE('',(#94220),#94100,.T.);
#94240=COLOUR_RGB('',5.0196081399917603E-01,1.0000000000000000E+00,
   5.0196081399917603E-01);
#94250=FILL_AREA_STYLE_COLOUR('',#94240);
#94260=FILL_AREA_STYLE('',(#94250));
#94270=SURFACE_STYLE_FILL_AREA(#94260);
#94280=SURFACE_SIDE_STYLE('',(#94270));
#94290=SURFACE_STYLE_USAGE(.BOTH.,#94280);
#94300=PRESENTATION_STYLE_ASSIGNMENT((#94290));
#94310=CARTESIAN_POINT('',(-3.9904003587298213E+01,
   1.6351077836188246E+01,2.5000000000000000E+01));
#94320=DIRECTION('',(5.7357643635104816E-01,-8.1915204428899036E-01,
   0.0000000000000000E+00));
#94330=DIRECTION('',(-8.1915204428899036E-01,-5.7357643635104816E-01,
   0.0000000000000000E+00));
#94340=AXIS2_PLACEMENT_3D('',#94310,#94320,#94330);
#94350=PLANE('',#94340);
#94360=ORIENTED_EDGE('',*,*,#65620,.T.);
#94370=CARTESIAN_POINT('',(-3.9904003587298213E+01,
   1.6351077836188253E+01,2.5000000000000000E+01));
#94380=DIRECTION('',(0.0000000000000000E+00,0.0000000000000000E+00,
   -1.0000000000000000E+00));
#94390=VECTOR('',#94380,1.0000000000000000E+00);
#94400=LINE('',#94370,#94390);
#94410=CARTESIAN_POINT('',(-3.9904003587298213E+01,
   1.6351077836188253E+01,2.3125000000000000E+01));
#94420=VERTEX_POINT('',#94410);
#94430=EDGE_CURVE('',#65550,#94420,#94400,.T.);
#94440=ORIENTED_EDGE('',*,*,#94430,.F.);
#94450=CARTESIAN_POINT('',(0.0000000000000000E+00,4.4292161952761923E+01
   ,3.8183114561244658E+01));
#94460=DIRECTION('',(-7.8261493238007862E-01,-5.4799287516801631E-01,
   -2.9532638957738910E-01));
#94470=VECTOR('',#94460,1.0000000000000000E+00);
#94480=LINE('',#94450,#94470);
#94490=EDGE_CURVE('',#87940,#94420,#94480,.T.);
#94500=ORIENTED_EDGE('',*,*,#94490,.T.);
#94510=ORIENTED_EDGE('',*,*,#87950,.F.);
#94520=EDGE_LOOP('',(#94510,#94500,#94440,#94360));
#94530=FACE_OUTER_BOUND('',#94520,.T.);
#94540=ADVANCED_FACE('',(#94530),#94350,.F.);
#94550=COLOUR_RGB('',5.0196081399917603E-01,1.0000000000000000E+00,
   5.0196081399917603E-01);
#94560=FILL_AREA_STYLE_COLOUR('',#94550);
#94570=FILL_AREA_STYLE('',(#94560));
#94580=SURFACE_STYLE_FILL_AREA(#94570);
#94590=SURFACE_SIDE_STYLE('',(#94580));
#94600=SURFACE_STYLE_USAGE(.BOTH.,#94590);
#94610=PRESENTATION_STYLE_ASSIGNMENT((#94600));
#94620=CARTESIAN_POINT('',(-3.8767003587298184E+01,
   1.5508852824316122E+01,2.7371309300093312E+01));
#94630=DIRECTION('',(1.0000000000000000E+00,0.0000000000000000E+00,
   -3.7959085713985267E-14));
#94640=DIRECTION('',(-3.7959085713985267E-14,0.0000000000000000E+00,
   -1.0000000000000000E+00));
#94650=AXIS2_PLACEMENT_3D('',#94620,#94630,#94640);
#94660=PLANE('',#94650);
#94670=ORIENTED_EDGE('',*,*,#62460,.T.);
#94680=CARTESIAN_POINT('',(-3.8767003587298184E+01,
   1.5508852824316122E+01,2.7371309300093312E+01));
#94690=DIRECTION('',(0.0000000000000000E+00,1.0000000000000000E+00,
   0.0000000000000000E+00));
#94700=VECTOR('',#94690,1.0000000000000000E+00);
#94710=LINE('',#94680,#94700);
#94720=EDGE_CURVE('',#62370,#80180,#94710,.T.);
#94730=ORIENTED_EDGE('',*,*,#94720,.F.);
#94740=ORIENTED_EDGE('',*,*,#80750,.T.);
#94750=CARTESIAN_POINT('',(-3.8767003587298184E+01,
   0.0000000000000000E+00,2.7500000000000000E+01));
#94760=DIRECTION('',(0.0000000000000000E+00,-1.0000000000000000E+00,
   0.0000000000000000E+00));
#94770=VECTOR('',#94760,1.0000000000000000E+00);
#94780=LINE('',#94750,#94770);
#94790=EDGE_CURVE('',#80680,#62450,#94780,.T.);
#94800=ORIENTED_EDGE('',*,*,#94790,.F.);
#94810=EDGE_LOOP('',(#94800,#94740,#94730,#94670));
#94820=FACE_OUTER_BOUND('',#94810,.T.);
#94830=ADVANCED_FACE('',(#94820),#94660,.F.);
#94840=COLOUR_RGB('',5.0196081399917603E-01,1.0000000000000000E+00,
   5.0196081399917603E-01);
#94850=FILL_AREA_STYLE_COLOUR('',#94840);
#94860=FILL_AREA_STYLE('',(#94850));
#94870=SURFACE_STYLE_FILL_AREA(#94860);
#94880=SURFACE_SIDE_STYLE('',(#94870));
#94890=SURFACE_STYLE_USAGE(.BOTH.,#94880);
#94900=PRESENTATION_STYLE_ASSIGNMENT((#94890));
#94910=CARTESIAN_POINT('',(-3.9330962930914275E+01,
   1.5508852824316122E+01,2.6930000000000078E+01));
#94920=DIRECTION('',(0.0000000000000000E+00,0.0000000000000000E+00,
   -1.0000000000000000E+00));
#94930=DIRECTION('',(-1.0000000000000000E+00,0.0000000000000000E+00,
   0.0000000000000000E+00));
#94940=AXIS2_PLACEMENT_3D('',#94910,#94920,#94930);
#94950=PLANE('',#94940);
#94960=ORIENTED_EDGE('',*,*,#62220,.T.);
#94970=CARTESIAN_POINT('',(-3.9330962930914275E+01,
   1.5508852824316122E+01,2.6930000000000078E+01));
#94980=DIRECTION('',(0.0000000000000000E+00,1.0000000000000000E+00,
   0.0000000000000000E+00));
#94990=VECTOR('',#94980,1.0000000000000000E+00);
#95000=LINE('',#94970,#94990);
#95010=EDGE_CURVE('',#62130,#80360,#95000,.T.);
#95020=ORIENTED_EDGE('',*,*,#95010,.F.);
#95030=ORIENTED_EDGE('',*,*,#80370,.T.);
#95040=ORIENTED_EDGE('',*,*,#92440,.T.);
#95050=EDGE_LOOP('',(#95040,#95030,#95020,#94960));
#95060=FACE_OUTER_BOUND('',#95050,.T.);
#95070=ADVANCED_FACE('',(#95060),#94950,.F.);
#95080=COLOUR_RGB('',5.0196081399917603E-01,1.0000000000000000E+00,
   5.0196081399917603E-01);
#95090=FILL_AREA_STYLE_COLOUR('',#95080);
#95100=FILL_AREA_STYLE('',(#95090));
#95110=SURFACE_STYLE_FILL_AREA(#95100);
#95120=SURFACE_SIDE_STYLE('',(#95110));
#95130=SURFACE_STYLE_USAGE(.BOTH.,#95120);
#95140=PRESENTATION_STYLE_ASSIGNMENT((#95130));
#95150=CARTESIAN_POINT('',(-3.5829003587298210E+01,
   2.4373852824316117E+01,2.5000000000000000E+01));
#95160=DIRECTION('',(0.0000000000000000E+00,1.0000000000000000E+00,
   0.0000000000000000E+00));
#95170=DIRECTION('',(1.0000000000000000E+00,0.0000000000000000E+00,
   0.0000000000000000E+00));
#95180=AXIS2_PLACEMENT_3D('',#95150,#95160,#95170);
#95190=CYLINDRICAL_SURFACE('',#95180,1.9150000000000134E+00);
#95200=CARTESIAN_POINT('',(-3.7744003587298224E+01,
   2.4373852824316117E+01,2.5000000000000000E+01));
#95210=DIRECTION('',(0.0000000000000000E+00,1.0000000000000000E+00,
   0.0000000000000000E+00));
#95220=VECTOR('',#95210,1.0000000000000000E+00);
#95230=LINE('',#95200,#95220);
#95240=CARTESIAN_POINT('',(-3.7744003587298224E+01,
   2.3238852824316119E+01,2.5000000000000000E+01));
#95250=VERTEX_POINT('',#95240);
#95260=EDGE_CURVE('',#95250,#73620,#95230,.T.);
#95270=ORIENTED_EDGE('',*,*,#95260,.F.);
#95280=ORIENTED_EDGE('',*,*,#73670,.T.);
#95290=CARTESIAN_POINT('',(-3.3914003587298197E+01,
   2.4373852824316117E+01,2.5000000000000000E+01));
#95300=DIRECTION('',(0.0000000000000000E+00,1.0000000000000000E+00,
   0.0000000000000000E+00));
#95310=VECTOR('',#95300,1.0000000000000000E+00);
#95320=LINE('',#95290,#95310);
#95330=CARTESIAN_POINT('',(-3.3914003587298197E+01,
   2.3238852824316119E+01,2.5000000000000000E+01));
#95340=VERTEX_POINT('',#95330);
#95350=EDGE_CURVE('',#95340,#73640,#95320,.T.);
#95360=ORIENTED_EDGE('',*,*,#95350,.T.);
#95370=CARTESIAN_POINT('',(-3.5829003587298210E+01,
   2.3238852824316119E+01,2.5000000000000000E+01));
#95380=DIRECTION('',(0.0000000000000000E+00,1.0000000000000000E+00,
   0.0000000000000000E+00));
#95390=DIRECTION('',(1.0000000000000000E+00,0.0000000000000000E+00,
   0.0000000000000000E+00));
#95400=AXIS2_PLACEMENT_3D('',#95370,#95380,#95390);
#95410=CIRCLE('',#95400,1.9150000000000134E+00);
#95420=EDGE_CURVE('',#95340,#95250,#95410,.T.);
#95430=ORIENTED_EDGE('',*,*,#95420,.F.);
#95440=EDGE_LOOP('',(#95430,#95360,#95280,#95270));
#95450=FACE_OUTER_BOUND('',#95440,.T.);
#95460=ADVANCED_FACE('',(#95450),#95190,.F.);
#95470=COLOUR_RGB('',5.0196081399917603E-01,1.0000000000000000E+00,
   5.0196081399917603E-01);
#95480=FILL_AREA_STYLE_COLOUR('',#95470);
#95490=FILL_AREA_STYLE('',(#95480));
#95500=SURFACE_STYLE_FILL_AREA(#95490);
#95510=SURFACE_SIDE_STYLE('',(#95500));
#95520=SURFACE_STYLE_USAGE(.BOTH.,#95510);
#95530=PRESENTATION_STYLE_ASSIGNMENT((#95520));
#95540=CARTESIAN_POINT('',(-3.6076490960713485E+01,
   2.4538852824316109E+01,2.5247487373415282E+01));
#95550=DIRECTION('',(7.0710678118654746E-01,0.0000000000000000E+00,
   -7.0710678118654757E-01));
#95560=DIRECTION('',(0.0000000000000000E+00,-1.0000000000000000E+00,
   0.0000000000000000E+00));
#95570=AXIS2_PLACEMENT_3D('',#95540,#95550,#95560);
#95580=PLANE('',#95570);
#95590=CARTESIAN_POINT('',(-8.8925674828030196E+01,
   2.4538852824316116E+01,-2.7601696493901422E+01));
#95600=DIRECTION('',(-7.0710678118654757E-01,0.0000000000000000E+00,
   -7.0710678118654746E-01));
#95610=VECTOR('',#95600,1.0000000000000000E+00);
#95620=LINE('',#95590,#95610);
#95630=CARTESIAN_POINT('',(-3.5693983448967970E+01,
   2.4538852824316116E+01,2.5629994885160798E+01));
#95640=VERTEX_POINT('',#95630);
#95650=CARTESIAN_POINT('',(-3.6323978334128775E+01,
   2.4538852824316116E+01,2.4999999999999996E+01));
#95660=VERTEX_POINT('',#95650);
#95670=EDGE_CURVE('',#95640,#95660,#95620,.T.);
#95680=ORIENTED_EDGE('',*,*,#95670,.F.);
#95690=CARTESIAN_POINT('',(-3.6323978334128775E+01,
   -2.6716239164827719E+01,2.4999999999999996E+01));
#95700=DIRECTION('',(-0.0000000000000000E+00,1.0000000000000000E+00,
   0.0000000000000000E+00));
#95710=VECTOR('',#95700,1.0000000000000000E+00);
#95720=LINE('',#95690,#95710);
#95730=CARTESIAN_POINT('',(-3.6323978334128768E+01,
   2.3538852824316109E+01,2.5000000000000004E+01));
#95740=VERTEX_POINT('',#95730);
#95750=EDGE_CURVE('',#95740,#95660,#95720,.T.);
#95760=ORIENTED_EDGE('',*,*,#95750,.T.);
#95770=CARTESIAN_POINT('',(-8.8925674828030196E+01,
   2.3538852824316109E+01,-2.7601696493901422E+01));
#95780=DIRECTION('',(-7.0710678118654757E-01,0.0000000000000000E+00,
   -7.0710678118654746E-01));
#95790=VECTOR('',#95780,1.0000000000000000E+00);
#95800=LINE('',#95770,#95790);
#95810=CARTESIAN_POINT('',(-3.5693983448967970E+01,
   2.3538852824316109E+01,2.5629994885160798E+01));
#95820=VERTEX_POINT('',#95810);
#95830=EDGE_CURVE('',#95820,#95740,#95800,.T.);
#95840=ORIENTED_EDGE('',*,*,#95830,.T.);
#95850=CARTESIAN_POINT('',(-3.5693983448967970E+01,
   3.5508852824316115E+01,2.5629994885160798E+01));
#95860=DIRECTION('',(0.0000000000000000E+00,-1.0000000000000000E+00,
   0.0000000000000000E+00));
#95870=VECTOR('',#95860,1.0000000000000000E+00);
#95880=LINE('',#95850,#95870);
#95890=EDGE_CURVE('',#95640,#95820,#95880,.T.);
#95900=ORIENTED_EDGE('',*,*,#95890,.T.);
#95910=EDGE_LOOP('',(#95900,#95840,#95760,#95680));
#95920=FACE_OUTER_BOUND('',#95910,.T.);
#95930=ADVANCED_FACE('',(#95920),#95580,.T.);
#95940=COLOUR_RGB('',9.4901967048645020E-01,9.4901967048645020E-01,
   1.0000000000000000E+00);
#95950=FILL_AREA_STYLE_COLOUR('',#95940);
#95960=FILL_AREA_STYLE('',(#95950));
#95970=SURFACE_STYLE_FILL_AREA(#95960);
#95980=SURFACE_SIDE_STYLE('',(#95970));
#95990=SURFACE_STYLE_USAGE(.BOTH.,#95980);
#96000=PRESENTATION_STYLE_ASSIGNMENT((#95990));
#96010=CARTESIAN_POINT('',(-3.5854003587298216E+01,
   1.2508852824316122E+01,2.5366025403784437E+01));
#96020=DIRECTION('',(0.0000000000000000E+00,2.5881904510252046E-01,
   -9.6592582628906842E-01));
#96030=DIRECTION('',(0.0000000000000000E+00,9.6592582628906842E-01,
   2.5881904510252046E-01));
#96040=AXIS2_PLACEMENT_3D('',#96010,#96020,#96030);
#96050=PLANE('',#96040);
#96060=CARTESIAN_POINT('',(-3.6104003587298216E+01,
   -2.6716239164827719E+01,1.4855693682256859E+01));
#96070=DIRECTION('',(0.0000000000000000E+00,9.6592582628906842E-01,
   2.5881904510252046E-01));
#96080=VECTOR('',#96070,1.0000000000000000E+00);
#96090=LINE('',#96060,#96080);
#96100=EDGE_CURVE('',#77360,#93790,#96090,.T.);
#96110=ORIENTED_EDGE('',*,*,#96100,.F.);
#96120=ORIENTED_EDGE('',*,*,#93800,.F.);
#96130=ORIENTED_EDGE('',*,*,#78130,.F.);
#96140=ORIENTED_EDGE('',*,*,#77370,.F.);
#96150=EDGE_LOOP('',(#96140,#96130,#96120,#96110));
#96160=FACE_OUTER_BOUND('',#96150,.T.);
#96170=ADVANCED_FACE('',(#96160),#96050,.F.);
#96180=COLOUR_RGB('',9.4901967048645020E-01,9.4901967048645020E-01,
   1.0000000000000000E+00);
#96190=FILL_AREA_STYLE_COLOUR('',#96180);
#96200=FILL_AREA_STYLE('',(#96190));
#96210=SURFACE_STYLE_FILL_AREA(#96200);
#96220=SURFACE_SIDE_STYLE('',(#96210));
#96230=SURFACE_STYLE_USAGE(.BOTH.,#96220);
#96240=PRESENTATION_STYLE_ASSIGNMENT((#96230));
#96250=CARTESIAN_POINT('',(-3.6497744671345409E+01,
   2.4538852824316116E+01,2.5668741084047205E+01));
#96260=DIRECTION('',(0.0000000000000000E+00,1.0000000000000000E+00,
   0.0000000000000000E+00));
#96270=DIRECTION('',(7.0710678118654746E-01,0.0000000000000000E+00,
   -7.0710678118654757E-01));
#96280=AXIS2_PLACEMENT_3D('',#96250,#96260,#96270);
#96290=PLANE('',#96280);
#96300=CARTESIAN_POINT('',(-3.5854003587298216E+01,
   2.4538852824316116E+01,2.5000000000000000E+01));
#96310=DIRECTION('',(0.0000000000000000E+00,-1.0000000000000000E+00,
   0.0000000000000000E+00));
#96320=DIRECTION('',(1.0000000000000000E+00,0.0000000000000000E+00,
   0.0000000000000000E+00));
#96330=AXIS2_PLACEMENT_3D('',#96300,#96310,#96320);
#96340=CIRCLE('',#96330,6.5000000000000002E-01);
#96350=CARTESIAN_POINT('',(-3.6504003587298214E+01,
   2.4538852824316116E+01,2.5000000000000000E+01));
#96360=VERTEX_POINT('',#96350);
#96370=EDGE_CURVE('',#95640,#96360,#96340,.T.);
#96380=ORIENTED_EDGE('',*,*,#96370,.T.);
#96390=CARTESIAN_POINT('',(-3.4755979696089121E+01,
   2.4538852824316116E+01,2.6567998638039754E+01));
#96400=VERTEX_POINT('',#96390);
#96410=EDGE_CURVE('',#96400,#95640,#95620,.T.);
#96420=ORIENTED_EDGE('',*,*,#96410,.T.);
#96430=CARTESIAN_POINT('',(-3.5829003587298203E+01,
   2.4538852824316116E+01,2.5000000000000000E+01));
#96440=DIRECTION('',(0.0000000000000000E+00,1.0000000000000000E+00,
   0.0000000000000000E+00));
#96450=DIRECTION('',(-1.0000000000000000E+00,0.0000000000000000E+00,
   0.0000000000000000E+00));
#96460=AXIS2_PLACEMENT_3D('',#96430,#96440,#96450);
#96470=CIRCLE('',#96460,1.8999999999999999E+00);
#96480=CARTESIAN_POINT('',(-3.7729003587298202E+01,
   2.4538852824316116E+01,2.5000000000000000E+01));
#96490=VERTEX_POINT('',#96480);
#96500=EDGE_CURVE('',#96490,#96400,#96470,.T.);
#96510=ORIENTED_EDGE('',*,*,#96500,.T.);
#96520=CARTESIAN_POINT('',(-3.7397002225337957E+01,
   2.4538852824316116E+01,2.3926976108790917E+01));
#96530=VERTEX_POINT('',#96520);
#96540=EDGE_CURVE('',#96530,#96490,#96470,.T.);
#96550=ORIENTED_EDGE('',*,*,#96540,.T.);
#96560=CARTESIAN_POINT('',(-8.8925674828030196E+01,
   2.4538852824316116E+01,-2.7601696493901422E+01));
#96570=DIRECTION('',(-7.0710678118654757E-01,0.0000000000000000E+00,
   -7.0710678118654746E-01));
#96580=VECTOR('',#96570,1.0000000000000000E+00);
#96590=LINE('',#96560,#96580);
#96600=CARTESIAN_POINT('',(-3.6483998472459014E+01,
   2.4538852824316116E+01,2.4839979861669754E+01));
#96610=VERTEX_POINT('',#96600);
#96620=EDGE_CURVE('',#96610,#96530,#96590,.T.);
#96630=ORIENTED_EDGE('',*,*,#96620,.T.);
#96640=CARTESIAN_POINT('',(-3.5854003587298216E+01,
   2.4538852824316116E+01,2.5000000000000000E+01));
#96650=DIRECTION('',(0.0000000000000000E+00,-1.0000000000000000E+00,
   0.0000000000000000E+00));
#96660=DIRECTION('',(1.0000000000000000E+00,0.0000000000000000E+00,
   0.0000000000000000E+00));
#96670=AXIS2_PLACEMENT_3D('',#96640,#96650,#96660);
#96680=CIRCLE('',#96670,6.5000000000000002E-01);
#96690=EDGE_CURVE('',#96360,#96610,#96680,.T.);
#96700=ORIENTED_EDGE('',*,*,#96690,.T.);
#96710=EDGE_LOOP('',(#96700,#96630,#96550,#96510,#96420,#96380));
#96720=FACE_OUTER_BOUND('',#96710,.T.);
#96730=ADVANCED_FACE('',(#96720),#96290,.T.);
#96740=COLOUR_RGB('',9.4901967048645020E-01,9.4901967048645020E-01,
   1.0000000000000000E+00);
#96750=FILL_AREA_STYLE_COLOUR('',#96740);
#96760=FILL_AREA_STYLE('',(#96750));
#96770=SURFACE_STYLE_FILL_AREA(#96760);
#96780=SURFACE_SIDE_STYLE('',(#96770));
#96790=SURFACE_STYLE_USAGE(.BOTH.,#96780);
#96800=PRESENTATION_STYLE_ASSIGNMENT((#96790));
#96810=CARTESIAN_POINT('',(-3.5581516213882892E+01,
   2.3538852824316109E+01,2.4752512626584682E+01));
#96820=DIRECTION('',(0.0000000000000000E+00,1.0000000000000000E+00,
   0.0000000000000000E+00));
#96830=DIRECTION('',(7.0710678118654746E-01,0.0000000000000000E+00,
   -7.0710678118654757E-01));
#96840=AXIS2_PLACEMENT_3D('',#96810,#96820,#96830);
#96850=PLANE('',#96840);
#96860=CARTESIAN_POINT('',(-8.8925674828030196E+01,
   2.3538852824316109E+01,-2.8591645987562615E+01));
#96870=DIRECTION('',(-7.0710678118654757E-01,0.0000000000000000E+00,
   -7.0710678118654746E-01));
#96880=VECTOR('',#96870,1.0000000000000000E+00);
#96890=LINE('',#96860,#96880);
#96900=CARTESIAN_POINT('',(-3.5973036748504086E+01,
   2.3538852824316109E+01,2.4360992091963379E+01));
#96910=VERTEX_POINT('',#96900);
#96920=CARTESIAN_POINT('',(-3.6902027478507286E+01,
   2.3538852824316109E+01,2.3432001361960246E+01));
#96930=VERTEX_POINT('',#96920);
#96940=EDGE_CURVE('',#96910,#96930,#96890,.T.);
#96950=ORIENTED_EDGE('',*,*,#96940,.T.);
#96960=CARTESIAN_POINT('',(-3.5854003587298216E+01,
   2.3538852824316109E+01,2.5000000000000000E+01));
#96970=DIRECTION('',(0.0000000000000000E+00,-1.0000000000000000E+00,
   0.0000000000000000E+00));
#96980=DIRECTION('',(1.0000000000000000E+00,0.0000000000000000E+00,
   0.0000000000000000E+00));
#96990=AXIS2_PLACEMENT_3D('',#96960,#96970,#96980);
#97000=CIRCLE('',#96990,6.5000000000000002E-01);
#97010=CARTESIAN_POINT('',(-3.6483998472459021E+01,
   2.3538852824316109E+01,2.4839979861669764E+01));
#97020=VERTEX_POINT('',#97010);
#97030=EDGE_CURVE('',#97020,#96910,#97000,.T.);
#97040=ORIENTED_EDGE('',*,*,#97030,.T.);
#97050=CARTESIAN_POINT('',(-8.8925674828030196E+01,
   2.3538852824316109E+01,-2.7601696493901422E+01));
#97060=DIRECTION('',(-7.0710678118654757E-01,0.0000000000000000E+00,
   -7.0710678118654746E-01));
#97070=VECTOR('',#97060,1.0000000000000000E+00);
#97080=LINE('',#97050,#97070);
#97090=CARTESIAN_POINT('',(-3.7397002225337914E+01,
   2.3538852824316109E+01,2.3926976108790853E+01));
#97100=VERTEX_POINT('',#97090);
#97110=EDGE_CURVE('',#97020,#97100,#97080,.T.);
#97120=ORIENTED_EDGE('',*,*,#97110,.F.);
#97130=CARTESIAN_POINT('',(-3.5829003587298203E+01,
   2.3538852824316109E+01,2.5000000000000000E+01));
#97140=DIRECTION('',(0.0000000000000000E+00,1.0000000000000000E+00,
   0.0000000000000000E+00));
#97150=DIRECTION('',(-1.0000000000000000E+00,0.0000000000000000E+00,
   0.0000000000000000E+00));
#97160=AXIS2_PLACEMENT_3D('',#97130,#97140,#97150);
#97170=CIRCLE('',#97160,1.8999999999999999E+00);
#97180=EDGE_CURVE('',#96930,#97100,#97170,.T.);
#97190=ORIENTED_EDGE('',*,*,#97180,.T.);
#97200=EDGE_LOOP('',(#97190,#97120,#97040,#96950));
#97210=FACE_OUTER_BOUND('',#97200,.T.);
#97220=ADVANCED_FACE('',(#97210),#96850,.T.);
#97230=COLOUR_RGB('',9.4901967048645020E-01,9.4901967048645020E-01,
   1.0000000000000000E+00);
#97240=FILL_AREA_STYLE_COLOUR('',#97230);
#97250=FILL_AREA_STYLE('',(#97240));
#97260=SURFACE_STYLE_FILL_AREA(#97250);
#97270=SURFACE_SIDE_STYLE('',(#97260));
#97280=SURFACE_STYLE_USAGE(.BOTH.,#97270);
#97290=PRESENTATION_STYLE_ASSIGNMENT((#97280));
#97300=CARTESIAN_POINT('',(-3.5581516213882892E+01,
   2.3538852824316109E+01,2.4752512626584682E+01));
#97310=DIRECTION('',(-7.0710678118654746E-01,0.0000000000000000E+00,
   7.0710678118654757E-01));
#97320=DIRECTION('',(0.0000000000000000E+00,1.0000000000000000E+00,
   0.0000000000000000E+00));
#97330=AXIS2_PLACEMENT_3D('',#97300,#97310,#97320);
#97340=PLANE('',#97330);
#97350=CARTESIAN_POINT('',(-8.8925674828030196E+01,
   2.4538852824316116E+01,-2.8591645987562615E+01));
#97360=DIRECTION('',(7.0710678118654757E-01,0.0000000000000000E+00,
   7.0710678118654746E-01));
#97370=VECTOR('',#97360,1.0000000000000000E+00);
#97380=LINE('',#97350,#97370);
#97390=CARTESIAN_POINT('',(-3.6902027478507307E+01,
   2.4538852824316116E+01,2.3432001361960261E+01));
#97400=VERTEX_POINT('',#97390);
#97410=CARTESIAN_POINT('',(-3.5973036748504178E+01,
   2.4538852824316116E+01,2.4360992091963396E+01));
#97420=VERTEX_POINT('',#97410);
#97430=EDGE_CURVE('',#97400,#97420,#97380,.T.);
#97440=ORIENTED_EDGE('',*,*,#97430,.F.);
#97450=CARTESIAN_POINT('',(-3.5973036748504178E+01,
   3.5508852824316115E+01,2.4360992091963396E+01));
#97460=DIRECTION('',(0.0000000000000000E+00,-1.0000000000000000E+00,
   0.0000000000000000E+00));
#97470=VECTOR('',#97460,1.0000000000000000E+00);
#97480=LINE('',#97450,#97470);
#97490=EDGE_CURVE('',#97420,#96910,#97480,.T.);
#97500=ORIENTED_EDGE('',*,*,#97490,.F.);
#97510=ORIENTED_EDGE('',*,*,#96940,.F.);
#97520=CARTESIAN_POINT('',(-3.6902027478507307E+01,
   2.3082795793605840E+01,2.3432001361960261E+01));
#97530=DIRECTION('',(0.0000000000000000E+00,1.0000000000000000E+00,
   0.0000000000000000E+00));
#97540=VECTOR('',#97530,1.0000000000000000E+00);
#97550=LINE('',#97520,#97540);
#97560=EDGE_CURVE('',#96930,#97400,#97550,.T.);
#97570=ORIENTED_EDGE('',*,*,#97560,.F.);
#97580=EDGE_LOOP('',(#97570,#97510,#97500,#97440));
#97590=FACE_OUTER_BOUND('',#97580,.T.);
#97600=ADVANCED_FACE('',(#97590),#97340,.T.);
#97610=COLOUR_RGB('',9.4901967048645020E-01,9.4901967048645020E-01,
   1.0000000000000000E+00);
#97620=FILL_AREA_STYLE_COLOUR('',#97610);
#97630=FILL_AREA_STYLE('',(#97620));
#97640=SURFACE_STYLE_FILL_AREA(#97630);
#97650=SURFACE_SIDE_STYLE('',(#97640));
#97660=SURFACE_STYLE_USAGE(.BOTH.,#97650);
#97670=PRESENTATION_STYLE_ASSIGNMENT((#97660));
#97680=CARTESIAN_POINT('',(-3.4871503587298207E+01,
   2.3238852824316119E+01,2.5000000000000000E+01));
#97690=DIRECTION('',(-0.0000000000000000E+00,-1.0000000000000000E+00,
   -0.0000000000000000E+00));
#97700=DIRECTION('',(-1.0000000000000000E+00,0.0000000000000000E+00,
   0.0000000000000000E+00));
#97710=AXIS2_PLACEMENT_3D('',#97680,#97690,#97700);
#97720=PLANE('',#97710);
#97730=CARTESIAN_POINT('',(-3.5829003587298203E+01,
   2.3238852824316119E+01,2.5000000000000000E+01));
#97740=DIRECTION('',(0.0000000000000000E+00,1.0000000000000000E+00,
   0.0000000000000000E+00));
#97750=DIRECTION('',(-1.0000000000000000E+00,0.0000000000000000E+00,
   0.0000000000000000E+00));
#97760=AXIS2_PLACEMENT_3D('',#97730,#97740,#97750);
#97770=CIRCLE('',#97760,1.8999999999999999E+00);
#97780=CARTESIAN_POINT('',(-3.3929003587298205E+01,
   2.3238852824316119E+01,2.5000000000000000E+01));
#97790=VERTEX_POINT('',#97780);
#97800=CARTESIAN_POINT('',(-3.7729003587298202E+01,
   2.3238852824316119E+01,2.5000000000000000E+01));
#97810=VERTEX_POINT('',#97800);
#97820=EDGE_CURVE('',#97790,#97810,#97770,.T.);
#97830=ORIENTED_EDGE('',*,*,#97820,.F.);
#97840=EDGE_CURVE('',#97810,#97790,#97770,.T.);
#97850=ORIENTED_EDGE('',*,*,#97840,.F.);
#97860=EDGE_LOOP('',(#97850,#97830));
#97870=FACE_BOUND('',#97860,.T.);
#97880=EDGE_CURVE('',#95250,#95340,#95410,.T.);
#97890=ORIENTED_EDGE('',*,*,#97880,.T.);
#97900=ORIENTED_EDGE('',*,*,#95420,.T.);
#97910=EDGE_LOOP('',(#97900,#97890));
#97920=FACE_OUTER_BOUND('',#97910,.T.);
#97930=ADVANCED_FACE('',(#97870,#97920),#97720,.F.);
#97940=COLOUR_RGB('',5.0196081399917603E-01,1.0000000000000000E+00,
   5.0196081399917603E-01);
#97950=FILL_AREA_STYLE_COLOUR('',#97940);
#97960=FILL_AREA_STYLE('',(#97950));
#97970=SURFACE_STYLE_FILL_AREA(#97960);
#97980=SURFACE_SIDE_STYLE('',(#97970));
#97990=SURFACE_STYLE_USAGE(.BOTH.,#97980);
#98000=PRESENTATION_STYLE_ASSIGNMENT((#97990));
#98010=CARTESIAN_POINT('',(-3.9181003587298207E+01,
   1.5508852824316122E+01,2.7500000000000000E+01));
#98020=DIRECTION('',(-1.0000000000000000E+00,0.0000000000000000E+00,
   0.0000000000000000E+00));
#98030=DIRECTION('',(0.0000000000000000E+00,0.0000000000000000E+00,
   1.0000000000000000E+00));
#98040=AXIS2_PLACEMENT_3D('',#98010,#98020,#98030);
#98050=PLANE('',#98040);
#98060=ORIENTED_EDGE('',*,*,#61980,.T.);
#98070=CARTESIAN_POINT('',(-3.9181003587298207E+01,
   0.0000000000000000E+00,2.7500000000000000E+01));
#98080=DIRECTION('',(0.0000000000000000E+00,1.0000000000000000E+00,
   0.0000000000000000E+00));
#98090=VECTOR('',#98080,1.0000000000000000E+00);
#98100=LINE('',#98070,#98090);
#98110=EDGE_CURVE('',#61890,#80600,#98100,.T.);
#98120=ORIENTED_EDGE('',*,*,#98110,.F.);
#98130=ORIENTED_EDGE('',*,*,#80610,.T.);
#98140=CARTESIAN_POINT('',(-3.9181003587298207E+01,
   1.5508852824316122E+01,2.7371309300093309E+01));
#98150=DIRECTION('',(0.0000000000000000E+00,1.0000000000000000E+00,
   0.0000000000000000E+00));
#98160=VECTOR('',#98150,1.0000000000000000E+00);
#98170=LINE('',#98140,#98160);
#98180=EDGE_CURVE('',#61970,#80520,#98170,.T.);
#98190=ORIENTED_EDGE('',*,*,#98180,.T.);
#98200=EDGE_LOOP('',(#98190,#98130,#98120,#98060));
#98210=FACE_OUTER_BOUND('',#98200,.T.);
#98220=ADVANCED_FACE('',(#98210),#98050,.F.);
#98230=COLOUR_RGB('',5.0196081399917603E-01,1.0000000000000000E+00,
   5.0196081399917603E-01);
#98240=FILL_AREA_STYLE_COLOUR('',#98230);
#98250=FILL_AREA_STYLE('',(#98240));
#98260=SURFACE_STYLE_FILL_AREA(#98250);
#98270=SURFACE_SIDE_STYLE('',(#98260));
#98280=SURFACE_STYLE_USAGE(.BOTH.,#98270);
#98290=PRESENTATION_STYLE_ASSIGNMENT((#98280));
#98300=CARTESIAN_POINT('',(-3.5829003587298203E+01,
   2.3082795793605840E+01,2.5000000000000000E+01));
#98310=DIRECTION('',(0.0000000000000000E+00,1.0000000000000000E+00,
   0.0000000000000000E+00));
#98320=DIRECTION('',(-1.0000000000000000E+00,0.0000000000000000E+00,
   0.0000000000000000E+00));
#98330=AXIS2_PLACEMENT_3D('',#98300,#98310,#98320);
#98340=CYLINDRICAL_SURFACE('',#98330,1.8999999999999999E+00);
#98350=CARTESIAN_POINT('',(-3.7729003587298202E+01,
   2.3082795793605840E+01,2.5000000000000000E+01));
#98360=DIRECTION('',(0.0000000000000000E+00,1.0000000000000000E+00,
   0.0000000000000000E+00));
#98370=VECTOR('',#98360,1.0000000000000000E+00);
#98380=LINE('',#98350,#98370);
#98390=EDGE_CURVE('',#97810,#96490,#98380,.T.);
#98400=ORIENTED_EDGE('',*,*,#98390,.F.);
#98410=ORIENTED_EDGE('',*,*,#96500,.F.);
#98420=CARTESIAN_POINT('',(-3.4755979696089057E+01,
   2.3082795793605840E+01,2.6567998638039708E+01));
#98430=DIRECTION('',(0.0000000000000000E+00,1.0000000000000000E+00,
   0.0000000000000000E+00));
#98440=VECTOR('',#98430,1.0000000000000000E+00);
#98450=LINE('',#98420,#98440);
#98460=CARTESIAN_POINT('',(-3.4755979696089057E+01,
   2.3538852824316109E+01,2.6567998638039708E+01));
#98470=VERTEX_POINT('',#98460);
#98480=EDGE_CURVE('',#98470,#96400,#98450,.T.);
#98490=ORIENTED_EDGE('',*,*,#98480,.T.);
#98500=CARTESIAN_POINT('',(-3.5829003587298203E+01,
   2.3538852824316109E+01,2.5000000000000000E+01));
#98510=DIRECTION('',(0.0000000000000000E+00,1.0000000000000000E+00,
   0.0000000000000000E+00));
#98520=DIRECTION('',(-1.0000000000000000E+00,0.0000000000000000E+00,
   0.0000000000000000E+00));
#98530=AXIS2_PLACEMENT_3D('',#98500,#98510,#98520);
#98540=CIRCLE('',#98530,1.8999999999999999E+00);
#98550=CARTESIAN_POINT('',(-3.4261004949258449E+01,
   2.3538852824316109E+01,2.6073023891209079E+01));
#98560=VERTEX_POINT('',#98550);
#98570=EDGE_CURVE('',#98470,#98560,#98540,.T.);
#98580=ORIENTED_EDGE('',*,*,#98570,.F.);
#98590=CARTESIAN_POINT('',(-3.4261004949258471E+01,
   2.3082795793605840E+01,2.6073023891209107E+01));
#98600=DIRECTION('',(0.0000000000000000E+00,1.0000000000000000E+00,
   0.0000000000000000E+00));
#98610=VECTOR('',#98600,1.0000000000000000E+00);
#98620=LINE('',#98590,#98610);
#98630=CARTESIAN_POINT('',(-3.4261004949258471E+01,
   2.4538852824316116E+01,2.6073023891209107E+01));
#98640=VERTEX_POINT('',#98630);
#98650=EDGE_CURVE('',#98560,#98640,#98620,.T.);
#98660=ORIENTED_EDGE('',*,*,#98650,.F.);
#98670=CARTESIAN_POINT('',(-3.5829003587298203E+01,
   2.4538852824316116E+01,2.5000000000000000E+01));
#98680=DIRECTION('',(0.0000000000000000E+00,1.0000000000000000E+00,
   0.0000000000000000E+00));
#98690=DIRECTION('',(-1.0000000000000000E+00,0.0000000000000000E+00,
   0.0000000000000000E+00));
#98700=AXIS2_PLACEMENT_3D('',#98670,#98680,#98690);
#98710=CIRCLE('',#98700,1.8999999999999999E+00);
#98720=CARTESIAN_POINT('',(-3.3929003587298205E+01,
   2.4538852824316116E+01,2.5000000000000000E+01));
#98730=VERTEX_POINT('',#98720);
#98740=EDGE_CURVE('',#98640,#98730,#98710,.T.);
#98750=ORIENTED_EDGE('',*,*,#98740,.F.);
#98760=CARTESIAN_POINT('',(-3.3929003587298205E+01,
   2.3082795793605840E+01,2.5000000000000000E+01));
#98770=DIRECTION('',(0.0000000000000000E+00,1.0000000000000000E+00,
   0.0000000000000000E+00));
#98780=VECTOR('',#98770,1.0000000000000000E+00);
#98790=LINE('',#98760,#98780);
#98800=EDGE_CURVE('',#97790,#98730,#98790,.T.);
#98810=ORIENTED_EDGE('',*,*,#98800,.T.);
#98820=ORIENTED_EDGE('',*,*,#97840,.T.);
#98830=EDGE_LOOP('',(#98820,#98810,#98750,#98660,#98580,#98490,#98410,
   #98400));
#98840=FACE_OUTER_BOUND('',#98830,.T.);
#98850=ADVANCED_FACE('',(#98840),#98340,.T.);
#98860=COLOUR_RGB('',9.4901967048645020E-01,9.4901967048645020E-01,
   1.0000000000000000E+00);
#98870=FILL_AREA_STYLE_COLOUR('',#98860);
#98880=FILL_AREA_STYLE('',(#98870));
#98890=SURFACE_STYLE_FILL_AREA(#98880);
#98900=SURFACE_SIDE_STYLE('',(#98890));
#98910=SURFACE_STYLE_USAGE(.BOTH.,#98900);
#98920=PRESENTATION_STYLE_ASSIGNMENT((#98910));
#98930=CARTESIAN_POINT('',(-3.5581516213882892E+01,
   2.3538852824316109E+01,2.4752512626584682E+01));
#98940=DIRECTION('',(0.0000000000000000E+00,1.0000000000000000E+00,
   0.0000000000000000E+00));
#98950=DIRECTION('',(7.0710678118654746E-01,0.0000000000000000E+00,
   -7.0710678118654757E-01));
#98960=AXIS2_PLACEMENT_3D('',#98930,#98940,#98950);
#98970=PLANE('',#98960);
#98980=CARTESIAN_POINT('',(-8.8925674828030196E+01,
   2.3538852824316109E+01,-2.8591645987562615E+01));
#98990=DIRECTION('',(-7.0710678118654757E-01,0.0000000000000000E+00,
   -7.0710678118654746E-01));
#99000=VECTOR('',#98990,1.0000000000000000E+00);
#99010=LINE('',#98980,#99000);
#99020=CARTESIAN_POINT('',(-3.5214995679261598E+01,
   2.3538852824316109E+01,2.5119033161205866E+01));
#99030=VERTEX_POINT('',#99020);
#99040=CARTESIAN_POINT('',(-3.5334028840467575E+01,
   2.3538852824316109E+01,2.4999999999999996E+01));
#99050=VERTEX_POINT('',#99040);
#99060=EDGE_CURVE('',#99030,#99050,#99010,.T.);
#99070=ORIENTED_EDGE('',*,*,#99060,.T.);
#99080=CARTESIAN_POINT('',(-3.5854003587298216E+01,
   2.3538852824316109E+01,2.5000000000000000E+01));
#99090=DIRECTION('',(0.0000000000000000E+00,-1.0000000000000000E+00,
   0.0000000000000000E+00));
#99100=DIRECTION('',(1.0000000000000000E+00,0.0000000000000000E+00,
   0.0000000000000000E+00));
#99110=AXIS2_PLACEMENT_3D('',#99080,#99090,#99100);
#99120=CIRCLE('',#99110,6.5000000000000002E-01);
#99130=EDGE_CURVE('',#99030,#95820,#99120,.T.);
#99140=ORIENTED_EDGE('',*,*,#99130,.F.);
#99150=ORIENTED_EDGE('',*,*,#95830,.F.);
#99160=CARTESIAN_POINT('',(-8.8925674828030196E+01,
   2.3538852824316109E+01,2.5000000000000000E+01));
#99170=DIRECTION('',(-1.0000000000000000E+00,0.0000000000000000E+00,
   0.0000000000000000E+00));
#99180=VECTOR('',#99170,1.0000000000000000E+00);
#99190=LINE('',#99160,#99180);
#99200=EDGE_CURVE('',#99050,#95740,#99190,.T.);
#99210=ORIENTED_EDGE('',*,*,#99200,.T.);
#99220=EDGE_LOOP('',(#99210,#99150,#99140,#99070));
#99230=FACE_OUTER_BOUND('',#99220,.T.);
#99240=ADVANCED_FACE('',(#99230),#98970,.T.);
#99250=COLOUR_RGB('',9.4901967048645020E-01,9.4901967048645020E-01,
   1.0000000000000000E+00);
#99260=FILL_AREA_STYLE_COLOUR('',#99250);
#99270=FILL_AREA_STYLE('',(#99260));
#99280=SURFACE_STYLE_FILL_AREA(#99270);
#99290=SURFACE_SIDE_STYLE('',(#99280));
#99300=SURFACE_STYLE_USAGE(.BOTH.,#99290);
#99310=PRESENTATION_STYLE_ASSIGNMENT((#99300));
#99320=EDGE_CURVE('',#98560,#99030,#99010,.T.);
#99330=ORIENTED_EDGE('',*,*,#99320,.T.);
#99340=ORIENTED_EDGE('',*,*,#98570,.T.);
#99350=EDGE_CURVE('',#98470,#95820,#95800,.T.);
#99360=ORIENTED_EDGE('',*,*,#99350,.F.);
#99370=ORIENTED_EDGE('',*,*,#99130,.T.);
#99380=EDGE_LOOP('',(#99370,#99360,#99340,#99330));
#99390=FACE_OUTER_BOUND('',#99380,.T.);
#99400=ADVANCED_FACE('',(#99390),#98970,.T.);
#99410=COLOUR_RGB('',9.4901967048645020E-01,9.4901967048645020E-01,
   1.0000000000000000E+00);
#99420=FILL_AREA_STYLE_COLOUR('',#99410);
#99430=FILL_AREA_STYLE('',(#99420));
#99440=SURFACE_STYLE_FILL_AREA(#99430);
#99450=SURFACE_SIDE_STYLE('',(#99440));
#99460=SURFACE_STYLE_USAGE(.BOTH.,#99450);
#99470=PRESENTATION_STYLE_ASSIGNMENT((#99460));
#99480=CARTESIAN_POINT('',(-3.5581516213882892E+01,
   2.3538852824316109E+01,2.4752512626584682E+01));
#99490=DIRECTION('',(-7.0710678118654746E-01,0.0000000000000000E+00,
   7.0710678118654757E-01));
#99500=DIRECTION('',(0.0000000000000000E+00,1.0000000000000000E+00,
   0.0000000000000000E+00));
#99510=AXIS2_PLACEMENT_3D('',#99480,#99490,#99500);
#99520=PLANE('',#99510);
#99530=CARTESIAN_POINT('',(-8.8925674828030196E+01,
   2.4538852824316116E+01,-2.8591645987562615E+01));
#99540=DIRECTION('',(7.0710678118654757E-01,0.0000000000000000E+00,
   7.0710678118654746E-01));
#99550=VECTOR('',#99540,1.0000000000000000E+00);
#99560=LINE('',#99530,#99550);
#99570=CARTESIAN_POINT('',(-3.5334028840467575E+01,
   2.4538852824316116E+01,2.4999999999999996E+01));
#99580=VERTEX_POINT('',#99570);
#99590=CARTESIAN_POINT('',(-3.5214995679261612E+01,
   2.4538852824316116E+01,2.5119033161205962E+01));
#99600=VERTEX_POINT('',#99590);
#99610=EDGE_CURVE('',#99580,#99600,#99560,.T.);
#99620=ORIENTED_EDGE('',*,*,#99610,.F.);
#99630=CARTESIAN_POINT('',(-3.5214995679261612E+01,
   3.5508852824316115E+01,2.5119033161205962E+01));
#99640=DIRECTION('',(0.0000000000000000E+00,-1.0000000000000000E+00,
   0.0000000000000000E+00));
#99650=VECTOR('',#99640,1.0000000000000000E+00);
#99660=LINE('',#99630,#99650);
#99670=EDGE_CURVE('',#99600,#99030,#99660,.T.);
#99680=ORIENTED_EDGE('',*,*,#99670,.F.);
#99690=ORIENTED_EDGE('',*,*,#99060,.F.);
#99700=CARTESIAN_POINT('',(-3.5334028840467575E+01,
   -2.6716239164827719E+01,2.4999999999999996E+01));
#99710=DIRECTION('',(0.0000000000000000E+00,1.0000000000000000E+00,
   -0.0000000000000000E+00));
#99720=VECTOR('',#99710,1.0000000000000000E+00);
#99730=LINE('',#99700,#99720);
#99740=EDGE_CURVE('',#99050,#99580,#99730,.T.);
#99750=ORIENTED_EDGE('',*,*,#99740,.F.);
#99760=EDGE_LOOP('',(#99750,#99690,#99680,#99620));
#99770=FACE_OUTER_BOUND('',#99760,.T.);
#99780=ADVANCED_FACE('',(#99770),#99520,.T.);
#99790=COLOUR_RGB('',9.4901967048645020E-01,9.4901967048645020E-01,
   1.0000000000000000E+00);
#99800=FILL_AREA_STYLE_COLOUR('',#99790);
#99810=FILL_AREA_STYLE('',(#99800));
#99820=SURFACE_STYLE_FILL_AREA(#99810);
#99830=SURFACE_SIDE_STYLE('',(#99820));
#99840=SURFACE_STYLE_USAGE(.BOTH.,#99830);
#99850=PRESENTATION_STYLE_ASSIGNMENT((#99840));
#99860=EDGE_CURVE('',#99600,#98640,#99560,.T.);
#99870=ORIENTED_EDGE('',*,*,#99860,.F.);
#99880=ORIENTED_EDGE('',*,*,#98650,.T.);
#99890=ORIENTED_EDGE('',*,*,#99320,.F.);
#99900=ORIENTED_EDGE('',*,*,#99670,.T.);
#99910=EDGE_LOOP('',(#99900,#99890,#99880,#99870));
#99920=FACE_OUTER_BOUND('',#99910,.T.);
#99930=ADVANCED_FACE('',(#99920),#99520,.T.);
#99940=COLOUR_RGB('',9.4901967048645020E-01,9.4901967048645020E-01,
   1.0000000000000000E+00);
#99950=FILL_AREA_STYLE_COLOUR('',#99940);
#99960=FILL_AREA_STYLE('',(#99950));
#99970=SURFACE_STYLE_FILL_AREA(#99960);
#99980=SURFACE_SIDE_STYLE('',(#99970));
#99990=SURFACE_STYLE_USAGE(.BOTH.,#99980);
#100000=PRESENTATION_STYLE_ASSIGNMENT((#99990));
#100010=CARTESIAN_POINT('',(-3.8617044243682152E+01,
   1.5508852824316122E+01,2.7192974313113151E+01));
#100020=DIRECTION('',(7.6537089760052390E-01,-0.0000000000000000E+00,
   6.4358945695697078E-01));
#100030=DIRECTION('',(6.4358945695697078E-01,0.0000000000000000E+00,
   -7.6537089760052390E-01));
#100040=AXIS2_PLACEMENT_3D('',#100010,#100020,#100030);
#100050=PLANE('',#100040);
#100060=ORIENTED_EDGE('',*,*,#62380,.T.);
#100070=ORIENTED_EDGE('',*,*,#92510,.F.);
#100080=ORIENTED_EDGE('',*,*,#80210,.T.);
#100090=ORIENTED_EDGE('',*,*,#94720,.T.);
#100100=EDGE_LOOP('',(#100090,#100080,#100070,#100060));
#100110=FACE_OUTER_BOUND('',#100100,.T.);
#100120=ADVANCED_FACE('',(#100110),#100050,.F.);
#100130=COLOUR_RGB('',5.0196081399917603E-01,1.0000000000000000E+00,
   5.0196081399917603E-01);
#100140=FILL_AREA_STYLE_COLOUR('',#100130);
#100150=FILL_AREA_STYLE('',(#100140));
#100160=SURFACE_STYLE_FILL_AREA(#100150);
#100170=SURFACE_SIDE_STYLE('',(#100160));
#100180=SURFACE_STYLE_USAGE(.BOTH.,#100170);
#100190=PRESENTATION_STYLE_ASSIGNMENT((#100180));
#100200=ORIENTED_EDGE('',*,*,#98740,.T.);
#100210=ORIENTED_EDGE('',*,*,#99860,.T.);
#100220=CARTESIAN_POINT('',(-3.5854003587298216E+01,
   2.4538852824316116E+01,2.5000000000000000E+01));
#100230=DIRECTION('',(0.0000000000000000E+00,-1.0000000000000000E+00,
   0.0000000000000000E+00));
#100240=DIRECTION('',(1.0000000000000000E+00,0.0000000000000000E+00,
   0.0000000000000000E+00));
#100250=AXIS2_PLACEMENT_3D('',#100220,#100230,#100240);
#100260=CIRCLE('',#100250,6.5000000000000002E-01);
#100270=CARTESIAN_POINT('',(-3.5204003587298217E+01,
   2.4538852824316116E+01,2.5000000000000000E+01));
#100280=VERTEX_POINT('',#100270);
#100290=EDGE_CURVE('',#100280,#99600,#100260,.T.);
#100300=ORIENTED_EDGE('',*,*,#100290,.T.);
#100310=CARTESIAN_POINT('',(-3.5854003587298216E+01,
   2.4538852824316116E+01,2.5000000000000000E+01));
#100320=DIRECTION('',(0.0000000000000000E+00,-1.0000000000000000E+00,
   0.0000000000000000E+00));
#100330=DIRECTION('',(1.0000000000000000E+00,0.0000000000000000E+00,
   0.0000000000000000E+00));
#100340=AXIS2_PLACEMENT_3D('',#100310,#100320,#100330);
#100350=CIRCLE('',#100340,6.5000000000000002E-01);
#100360=EDGE_CURVE('',#97420,#100280,#100350,.T.);
#100370=ORIENTED_EDGE('',*,*,#100360,.T.);
#100380=ORIENTED_EDGE('',*,*,#97430,.T.);
#100390=EDGE_CURVE('',#98730,#97400,#98710,.T.);
#100400=ORIENTED_EDGE('',*,*,#100390,.T.);
#100410=EDGE_LOOP('',(#100400,#100380,#100370,#100300,#100210,#100200));
#100420=FACE_OUTER_BOUND('',#100410,.T.);
#100430=ADVANCED_FACE('',(#100420),#96290,.T.);
#100440=COLOUR_RGB('',9.4901967048645020E-01,9.4901967048645020E-01,
   1.0000000000000000E+00);
#100450=FILL_AREA_STYLE_COLOUR('',#100440);
#100460=FILL_AREA_STYLE('',(#100450));
#100470=SURFACE_STYLE_FILL_AREA(#100460);
#100480=SURFACE_SIDE_STYLE('',(#100470));
#100490=SURFACE_STYLE_USAGE(.BOTH.,#100480);
#100500=PRESENTATION_STYLE_ASSIGNMENT((#100490));
#100510=ORIENTED_EDGE('',*,*,#96410,.F.);
#100520=ORIENTED_EDGE('',*,*,#95890,.F.);
#100530=ORIENTED_EDGE('',*,*,#99350,.T.);
#100540=ORIENTED_EDGE('',*,*,#98480,.F.);
#100550=EDGE_LOOP('',(#100540,#100530,#100520,#100510));
#100560=FACE_OUTER_BOUND('',#100550,.T.);
#100570=ADVANCED_FACE('',(#100560),#95580,.T.);
#100580=COLOUR_RGB('',9.4901967048645020E-01,9.4901967048645020E-01,
   1.0000000000000000E+00);
#100590=FILL_AREA_STYLE_COLOUR('',#100580);
#100600=FILL_AREA_STYLE('',(#100590));
#100610=SURFACE_STYLE_FILL_AREA(#100600);
#100620=SURFACE_SIDE_STYLE('',(#100610));
#100630=SURFACE_STYLE_USAGE(.BOTH.,#100620);
#100640=PRESENTATION_STYLE_ASSIGNMENT((#100630));
#100650=CARTESIAN_POINT('',(-3.9181003587298207E+01,
   1.5508852824316122E+01,2.7371309300093309E+01));
#100660=DIRECTION('',(-7.6537089760045707E-01,0.0000000000000000E+00,
   6.4358945695705005E-01));
#100670=DIRECTION('',(6.4358945695705005E-01,0.0000000000000000E+00,
   7.6537089760045707E-01));
#100680=AXIS2_PLACEMENT_3D('',#100650,#100660,#100670);
#100690=PLANE('',#100680);
#100700=ORIENTED_EDGE('',*,*,#62060,.T.);
#100710=ORIENTED_EDGE('',*,*,#98180,.F.);
#100720=ORIENTED_EDGE('',*,*,#80530,.T.);
#100730=CARTESIAN_POINT('',(-3.9330962930914275E+01,
   1.5508852824316122E+01,2.7192974313113147E+01));
#100740=DIRECTION('',(0.0000000000000000E+00,1.0000000000000000E+00,
   0.0000000000000000E+00));
#100750=VECTOR('',#100740,1.0000000000000000E+00);
#100760=LINE('',#100730,#100750);
#100770=EDGE_CURVE('',#62050,#80440,#100760,.T.);
#100780=ORIENTED_EDGE('',*,*,#100770,.T.);
#100790=EDGE_LOOP('',(#100780,#100720,#100710,#100700));
#100800=FACE_OUTER_BOUND('',#100790,.T.);
#100810=ADVANCED_FACE('',(#100800),#100690,.F.);
#100820=COLOUR_RGB('',5.0196081399917603E-01,1.0000000000000000E+00,
   5.0196081399917603E-01);
#100830=FILL_AREA_STYLE_COLOUR('',#100820);
#100840=FILL_AREA_STYLE('',(#100830));
#100850=SURFACE_STYLE_FILL_AREA(#100840);
#100860=SURFACE_SIDE_STYLE('',(#100850));
#100870=SURFACE_STYLE_USAGE(.BOTH.,#100860);
#100880=PRESENTATION_STYLE_ASSIGNMENT((#100870));
#100890=CARTESIAN_POINT('',(-3.6076490960713485E+01,
   2.4538852824316109E+01,2.5247487373415282E+01));
#100900=DIRECTION('',(7.0710678118654746E-01,0.0000000000000000E+00,
   -7.0710678118654757E-01));
#100910=DIRECTION('',(0.0000000000000000E+00,-1.0000000000000000E+00,
   0.0000000000000000E+00));
#100920=AXIS2_PLACEMENT_3D('',#100890,#100900,#100910);
#100930=PLANE('',#100920);
#100940=ORIENTED_EDGE('',*,*,#96620,.F.);
#100950=CARTESIAN_POINT('',(-3.7397002225337914E+01,
   2.3082795793605840E+01,2.3926976108790853E+01));
#100960=DIRECTION('',(0.0000000000000000E+00,1.0000000000000000E+00,
   0.0000000000000000E+00));
#100970=VECTOR('',#100960,1.0000000000000000E+00);
#100980=LINE('',#100950,#100970);
#100990=EDGE_CURVE('',#97100,#96530,#100980,.T.);
#101000=ORIENTED_EDGE('',*,*,#100990,.T.);
#101010=ORIENTED_EDGE('',*,*,#97110,.T.);
#101020=CARTESIAN_POINT('',(-3.6483998472459014E+01,
   3.5508852824316115E+01,2.4839979861669754E+01));
#101030=DIRECTION('',(0.0000000000000000E+00,-1.0000000000000000E+00,
   0.0000000000000000E+00));
#101040=VECTOR('',#101030,1.0000000000000000E+00);
#101050=LINE('',#101020,#101040);
#101060=EDGE_CURVE('',#96610,#97020,#101050,.T.);
#101070=ORIENTED_EDGE('',*,*,#101060,.T.);
#101080=EDGE_LOOP('',(#101070,#101010,#101000,#100940));
#101090=FACE_OUTER_BOUND('',#101080,.T.);
#101100=ADVANCED_FACE('',(#101090),#100930,.T.);
#101110=COLOUR_RGB('',9.4901967048645020E-01,9.4901967048645020E-01,
   1.0000000000000000E+00);
#101120=FILL_AREA_STYLE_COLOUR('',#101110);
#101130=FILL_AREA_STYLE('',(#101120));
#101140=SURFACE_STYLE_FILL_AREA(#101130);
#101150=SURFACE_SIDE_STYLE('',(#101140));
#101160=SURFACE_STYLE_USAGE(.BOTH.,#101150);
#101170=PRESENTATION_STYLE_ASSIGNMENT((#101160));
#101180=ORIENTED_EDGE('',*,*,#96690,.F.);
#101190=EDGE_CURVE('',#95660,#96610,#96590,.T.);
#101200=ORIENTED_EDGE('',*,*,#101190,.T.);
#101210=CARTESIAN_POINT('',(-8.8925674828030196E+01,
   2.4538852824316116E+01,2.5000000000000000E+01));
#101220=DIRECTION('',(-1.0000000000000000E+00,0.0000000000000000E+00,
   0.0000000000000000E+00));
#101230=VECTOR('',#101220,1.0000000000000000E+00);
#101240=LINE('',#101210,#101230);
#101250=EDGE_CURVE('',#95660,#96360,#101240,.T.);
#101260=ORIENTED_EDGE('',*,*,#101250,.F.);
#101270=EDGE_LOOP('',(#101260,#101200,#101180));
#101280=FACE_OUTER_BOUND('',#101270,.T.);
#101290=ADVANCED_FACE('',(#101280),#96290,.T.);
#101300=COLOUR_RGB('',9.4901967048645020E-01,9.4901967048645020E-01,
   1.0000000000000000E+00);
#101310=FILL_AREA_STYLE_COLOUR('',#101300);
#101320=FILL_AREA_STYLE('',(#101310));
#101330=SURFACE_STYLE_FILL_AREA(#101320);
#101340=SURFACE_SIDE_STYLE('',(#101330));
#101350=SURFACE_STYLE_USAGE(.BOTH.,#101340);
#101360=PRESENTATION_STYLE_ASSIGNMENT((#101350));
#101370=CARTESIAN_POINT('',(-3.6497744671345409E+01,
   2.4538852824316116E+01,2.5668741084047205E+01));
#101380=DIRECTION('',(0.0000000000000000E+00,1.0000000000000000E+00,
   0.0000000000000000E+00));
#101390=DIRECTION('',(7.0710678118654746E-01,0.0000000000000000E+00,
   -7.0710678118654757E-01));
#101400=AXIS2_PLACEMENT_3D('',#101370,#101380,#101390);
#101410=PLANE('',#101400);
#101420=ORIENTED_EDGE('',*,*,#101250,.T.);
#101430=ORIENTED_EDGE('',*,*,#95670,.T.);
#101440=ORIENTED_EDGE('',*,*,#96370,.F.);
#101450=EDGE_LOOP('',(#101440,#101430,#101420));
#101460=FACE_OUTER_BOUND('',#101450,.T.);
#101470=ADVANCED_FACE('',(#101460),#101410,.T.);
#101480=COLOUR_RGB('',9.4901967048645020E-01,9.4901967048645020E-01,
   1.0000000000000000E+00);
#101490=FILL_AREA_STYLE_COLOUR('',#101480);
#101500=FILL_AREA_STYLE('',(#101490));
#101510=SURFACE_STYLE_FILL_AREA(#101500);
#101520=SURFACE_SIDE_STYLE('',(#101510));
#101530=SURFACE_STYLE_USAGE(.BOTH.,#101520);
#101540=PRESENTATION_STYLE_ASSIGNMENT((#101530));
#101550=EDGE_CURVE('',#99050,#96910,#96890,.T.);
#101560=ORIENTED_EDGE('',*,*,#101550,.T.);
#101570=ORIENTED_EDGE('',*,*,#99200,.F.);
#101580=EDGE_CURVE('',#95740,#97020,#97080,.T.);
#101590=ORIENTED_EDGE('',*,*,#101580,.F.);
#101600=ORIENTED_EDGE('',*,*,#97030,.F.);
#101610=EDGE_LOOP('',(#101600,#101590,#101570,#101560));
#101620=FACE_OUTER_BOUND('',#101610,.T.);
#101630=ADVANCED_FACE('',(#101620),#96850,.T.);
#101640=COLOUR_RGB('',9.4901967048645020E-01,9.4901967048645020E-01,
   1.0000000000000000E+00);
#101650=FILL_AREA_STYLE_COLOUR('',#101640);
#101660=FILL_AREA_STYLE('',(#101650));
#101670=SURFACE_STYLE_FILL_AREA(#101660);
#101680=SURFACE_SIDE_STYLE('',(#101670));
#101690=SURFACE_STYLE_USAGE(.BOTH.,#101680);
#101700=PRESENTATION_STYLE_ASSIGNMENT((#101690));
#101710=EDGE_CURVE('',#97420,#99580,#97380,.T.);
#101720=ORIENTED_EDGE('',*,*,#101710,.F.);
#101730=ORIENTED_EDGE('',*,*,#99740,.T.);
#101740=ORIENTED_EDGE('',*,*,#101550,.F.);
#101750=ORIENTED_EDGE('',*,*,#97490,.T.);
#101760=EDGE_LOOP('',(#101750,#101740,#101730,#101720));
#101770=FACE_OUTER_BOUND('',#101760,.T.);
#101780=ADVANCED_FACE('',(#101770),#97340,.T.);
#101790=COLOUR_RGB('',9.4901967048645020E-01,9.4901967048645020E-01,
   1.0000000000000000E+00);
#101800=FILL_AREA_STYLE_COLOUR('',#101790);
#101810=FILL_AREA_STYLE('',(#101800));
#101820=SURFACE_STYLE_FILL_AREA(#101810);
#101830=SURFACE_SIDE_STYLE('',(#101820));
#101840=SURFACE_STYLE_USAGE(.BOTH.,#101830);
#101850=PRESENTATION_STYLE_ASSIGNMENT((#101840));
#101860=ORIENTED_EDGE('',*,*,#99610,.T.);
#101870=CARTESIAN_POINT('',(-8.8925674828030196E+01,
   2.4538852824316116E+01,2.5000000000000000E+01));
#101880=DIRECTION('',(1.0000000000000000E+00,-0.0000000000000000E+00,
   0.0000000000000000E+00));
#101890=VECTOR('',#101880,1.0000000000000000E+00);
#101900=LINE('',#101870,#101890);
#101910=EDGE_CURVE('',#99580,#100280,#101900,.T.);
#101920=ORIENTED_EDGE('',*,*,#101910,.F.);
#101930=ORIENTED_EDGE('',*,*,#100290,.F.);
#101940=EDGE_LOOP('',(#101930,#101920,#101860));
#101950=FACE_OUTER_BOUND('',#101940,.T.);
#101960=ADVANCED_FACE('',(#101950),#101410,.T.);
#101970=COLOUR_RGB('',9.4901967048645020E-01,9.4901967048645020E-01,
   1.0000000000000000E+00);
#101980=FILL_AREA_STYLE_COLOUR('',#101970);
#101990=FILL_AREA_STYLE('',(#101980));
#102000=SURFACE_STYLE_FILL_AREA(#101990);
#102010=SURFACE_SIDE_STYLE('',(#102000));
#102020=SURFACE_STYLE_USAGE(.BOTH.,#102010);
#102030=PRESENTATION_STYLE_ASSIGNMENT((#102020));
#102040=ORIENTED_EDGE('',*,*,#101910,.T.);
#102050=ORIENTED_EDGE('',*,*,#101710,.T.);
#102060=ORIENTED_EDGE('',*,*,#100360,.F.);
#102070=EDGE_LOOP('',(#102060,#102050,#102040));
#102080=FACE_OUTER_BOUND('',#102070,.T.);
#102090=ADVANCED_FACE('',(#102080),#96290,.T.);
#102100=COLOUR_RGB('',9.4901967048645020E-01,9.4901967048645020E-01,
   1.0000000000000000E+00);
#102110=FILL_AREA_STYLE_COLOUR('',#102100);
#102120=FILL_AREA_STYLE('',(#102110));
#102130=SURFACE_STYLE_FILL_AREA(#102120);
#102140=SURFACE_SIDE_STYLE('',(#102130));
#102150=SURFACE_STYLE_USAGE(.BOTH.,#102140);
#102160=PRESENTATION_STYLE_ASSIGNMENT((#102150));
#102170=ORIENTED_EDGE('',*,*,#101190,.F.);
#102180=ORIENTED_EDGE('',*,*,#101060,.F.);
#102190=ORIENTED_EDGE('',*,*,#101580,.T.);
#102200=ORIENTED_EDGE('',*,*,#95750,.F.);
#102210=EDGE_LOOP('',(#102200,#102190,#102180,#102170));
#102220=FACE_OUTER_BOUND('',#102210,.T.);
#102230=ADVANCED_FACE('',(#102220),#100930,.T.);
#102240=COLOUR_RGB('',9.4901967048645020E-01,9.4901967048645020E-01,
   1.0000000000000000E+00);
#102250=FILL_AREA_STYLE_COLOUR('',#102240);
#102260=FILL_AREA_STYLE('',(#102250));
#102270=SURFACE_STYLE_FILL_AREA(#102260);
#102280=SURFACE_SIDE_STYLE('',(#102270));
#102290=SURFACE_STYLE_USAGE(.BOTH.,#102280);
#102300=PRESENTATION_STYLE_ASSIGNMENT((#102290));
#102310=CARTESIAN_POINT('',(-3.9330962930914275E+01,
   1.5508852824316122E+01,2.7192974313113147E+01));
#102320=DIRECTION('',(-1.0000000000000000E+00,0.0000000000000000E+00,
   5.9105097227002377E-15));
#102330=DIRECTION('',(5.9105097227002377E-15,0.0000000000000000E+00,
   1.0000000000000000E+00));
#102340=AXIS2_PLACEMENT_3D('',#102310,#102320,#102330);
#102350=PLANE('',#102340);
#102360=ORIENTED_EDGE('',*,*,#62140,.T.);
#102370=ORIENTED_EDGE('',*,*,#100770,.F.);
#102380=ORIENTED_EDGE('',*,*,#80450,.T.);
#102390=ORIENTED_EDGE('',*,*,#95010,.T.);
#102400=EDGE_LOOP('',(#102390,#102380,#102370,#102360));
#102410=FACE_OUTER_BOUND('',#102400,.T.);
#102420=ADVANCED_FACE('',(#102410),#102350,.F.);
#102430=COLOUR_RGB('',5.0196081399917603E-01,1.0000000000000000E+00,
   5.0196081399917603E-01);
#102440=FILL_AREA_STYLE_COLOUR('',#102430);
#102450=FILL_AREA_STYLE('',(#102440));
#102460=SURFACE_STYLE_FILL_AREA(#102450);
#102470=SURFACE_SIDE_STYLE('',(#102460));
#102480=SURFACE_STYLE_USAGE(.BOTH.,#102470);
#102490=PRESENTATION_STYLE_ASSIGNMENT((#102480));
#102500=CARTESIAN_POINT('',(-3.7809453771709563E+01,
   2.5008852824316115E+01,2.5000000000000000E+01));
#102510=DIRECTION('',(0.0000000000000000E+00,0.0000000000000000E+00,
   1.0000000000000000E+00));
#102520=DIRECTION('',(1.0000000000000000E+00,0.0000000000000000E+00,
   0.0000000000000000E+00));
#102530=AXIS2_PLACEMENT_3D('',#102500,#102510,#102520);
#102540=CYLINDRICAL_SURFACE('',#102530,5.0000000000000000E-01);
#102550=ORIENTED_EDGE('',*,*,#9400,.T.);
#102560=ORIENTED_EDGE('',*,*,#73100,.T.);
#102570=CARTESIAN_POINT('',(-3.7809453771709563E+01,
   2.5008852824316115E+01,2.7500000000000000E+01));
#102580=DIRECTION('',(0.0000000000000000E+00,0.0000000000000000E+00,
   1.0000000000000000E+00));
#102590=DIRECTION('',(1.0000000000000000E+00,0.0000000000000000E+00,
   0.0000000000000000E+00));
#102600=AXIS2_PLACEMENT_3D('',#102570,#102580,#102590);
#102610=CIRCLE('',#102600,5.0000000000000000E-01);
#102620=EDGE_CURVE('',#73010,#88260,#102610,.T.);
#102630=ORIENTED_EDGE('',*,*,#102620,.F.);
#102640=ORIENTED_EDGE('',*,*,#88400,.T.);
#102650=EDGE_LOOP('',(#102640,#102630,#102560,#102550));
#102660=FACE_OUTER_BOUND('',#102650,.T.);
#102670=ADVANCED_FACE('',(#102660),#102540,.T.);
#102680=COLOUR_RGB('',5.0196081399917603E-01,1.0000000000000000E+00,
   5.0196081399917603E-01);
#102690=FILL_AREA_STYLE_COLOUR('',#102680);
#102700=FILL_AREA_STYLE('',(#102690));
#102710=SURFACE_STYLE_FILL_AREA(#102700);
#102720=SURFACE_SIDE_STYLE('',(#102710));
#102730=SURFACE_STYLE_USAGE(.BOTH.,#102720);
#102740=PRESENTATION_STYLE_ASSIGNMENT((#102730));
#102750=CARTESIAN_POINT('',(0.0000000000000000E+00,
   0.0000000000000000E+00,2.7500000000000000E+01));
#102760=DIRECTION('',(0.0000000000000000E+00,0.0000000000000000E+00,
   1.0000000000000000E+00));
#102770=DIRECTION('',(1.0000000000000000E+00,0.0000000000000000E+00,
   0.0000000000000000E+00));
#102780=AXIS2_PLACEMENT_3D('',#102750,#102760,#102770);
#102790=PLANE('',#102780);
#102800=ORIENTED_EDGE('',*,*,#27370,.T.);
#102810=ORIENTED_EDGE('',*,*,#93090,.F.);
#102820=ORIENTED_EDGE('',*,*,#62500,.F.);
#102830=ORIENTED_EDGE('',*,*,#94790,.T.);
#102840=ORIENTED_EDGE('',*,*,#80690,.F.);
#102850=ORIENTED_EDGE('',*,*,#98110,.T.);
#102860=ORIENTED_EDGE('',*,*,#61900,.F.);
#102870=CARTESIAN_POINT('',(-3.9904003587298213E+01,
   0.0000000000000000E+00,2.7500000000000000E+01));
#102880=DIRECTION('',(0.0000000000000000E+00,1.0000000000000000E+00,
   0.0000000000000000E+00));
#102890=VECTOR('',#102880,1.0000000000000000E+00);
#102900=LINE('',#102870,#102890);
#102910=CARTESIAN_POINT('',(-3.9904003587298206E+01,
   2.0938852824316122E+01,2.7500000000000000E+01));
#102920=VERTEX_POINT('',#102910);
#102930=EDGE_CURVE('',#61810,#102920,#102900,.T.);
#102940=ORIENTED_EDGE('',*,*,#102930,.F.);
#102950=CARTESIAN_POINT('',(-3.9604003587298209E+01,
   2.0938852824316122E+01,2.7500000000000000E+01));
#102960=DIRECTION('',(0.0000000000000000E+00,0.0000000000000000E+00,
   1.0000000000000000E+00));
#102970=DIRECTION('',(1.0000000000000000E+00,0.0000000000000000E+00,
   0.0000000000000000E+00));
#102980=AXIS2_PLACEMENT_3D('',#102950,#102960,#102970);
#102990=CIRCLE('',#102980,3.0000000000000071E-01);
#103000=CARTESIAN_POINT('',(-3.9604003587298209E+01,
   2.1238852824316119E+01,2.7500000000000000E+01));
#103010=VERTEX_POINT('',#103000);
#103020=EDGE_CURVE('',#103010,#102920,#102990,.T.);
#103030=ORIENTED_EDGE('',*,*,#103020,.T.);
#103040=CARTESIAN_POINT('',(0.0000000000000000E+00,
   2.1238852824316119E+01,2.7500000000000000E+01));
#103050=DIRECTION('',(1.0000000000000000E+00,0.0000000000000000E+00,
   0.0000000000000000E+00));
#103060=VECTOR('',#103050,1.0000000000000000E+00);
#103070=LINE('',#103040,#103060);
#103080=EDGE_CURVE('',#103010,#88240,#103070,.T.);
#103090=ORIENTED_EDGE('',*,*,#103080,.F.);
#103100=ORIENTED_EDGE('',*,*,#88270,.F.);
#103110=ORIENTED_EDGE('',*,*,#102620,.T.);
#103120=ORIENTED_EDGE('',*,*,#73040,.F.);
#103130=ORIENTED_EDGE('',*,*,#94160,.T.);
#103140=EDGE_LOOP('',(#103130,#103120,#103110,#103100,#103090,#103030,
   #102940,#102860,#102850,#102840,#102830,#102820,#102810,#102800));
#103150=FACE_OUTER_BOUND('',#103140,.T.);
#103160=CARTESIAN_POINT('',(-3.5254003587298193E+01,
   0.0000000000000000E+00,2.7500000000000000E+01));
#103170=DIRECTION('',(0.0000000000000000E+00,-1.0000000000000000E+00,
   0.0000000000000000E+00));
#103180=VECTOR('',#103170,1.0000000000000000E+00);
#103190=LINE('',#103160,#103180);
#103200=CARTESIAN_POINT('',(-3.5254003587298115E+01,
   1.8798057011738202E+01,2.7500000000000000E+01));
#103210=VERTEX_POINT('',#103200);
#103220=CARTESIAN_POINT('',(-3.5254003587298193E+01,
   1.6219648636894043E+01,2.7500000000000000E+01));
#103230=VERTEX_POINT('',#103220);
#103240=EDGE_CURVE('',#103210,#103230,#103190,.T.);
#103250=ORIENTED_EDGE('',*,*,#103240,.F.);
#103260=CARTESIAN_POINT('',(-3.5043207774720194E+01,
   1.6219648636894043E+01,2.7500000000000000E+01));
#103270=DIRECTION('',(0.0000000000000000E+00,0.0000000000000000E+00,
   1.0000000000000000E+00));
#103280=DIRECTION('',(1.0000000000000000E+00,0.0000000000000000E+00,
   0.0000000000000000E+00));
#103290=AXIS2_PLACEMENT_3D('',#103260,#103270,#103280);
#103300=CIRCLE('',#103290,2.1079581257799873E-01);
#103310=CARTESIAN_POINT('',(-3.5043207774720194E+01,
   1.6008852824316122E+01,2.7500000000000000E+01));
#103320=VERTEX_POINT('',#103310);
#103330=EDGE_CURVE('',#103230,#103320,#103300,.T.);
#103340=ORIENTED_EDGE('',*,*,#103330,.F.);
#103350=CARTESIAN_POINT('',(0.0000000000000000E+00,
   1.6008852824316122E+01,2.7500000000000000E+01));
#103360=DIRECTION('',(1.0000000000000000E+00,0.0000000000000000E+00,
   0.0000000000000000E+00));
#103370=VECTOR('',#103360,1.0000000000000000E+00);
#103380=LINE('',#103350,#103370);
#103390=CARTESIAN_POINT('',(-3.2464799399876192E+01,
   1.6008852824316122E+01,2.7500000000000000E+01));
#103400=VERTEX_POINT('',#103390);
#103410=EDGE_CURVE('',#103320,#103400,#103380,.T.);
#103420=ORIENTED_EDGE('',*,*,#103410,.F.);
#103430=CARTESIAN_POINT('',(-3.2464799399876192E+01,
   1.6219648636894043E+01,2.7500000000000000E+01));
#103440=DIRECTION('',(0.0000000000000000E+00,0.0000000000000000E+00,
   1.0000000000000000E+00));
#103450=DIRECTION('',(1.0000000000000000E+00,0.0000000000000000E+00,
   0.0000000000000000E+00));
#103460=AXIS2_PLACEMENT_3D('',#103430,#103440,#103450);
#103470=CIRCLE('',#103460,2.1079581257792057E-01);
#103480=CARTESIAN_POINT('',(-3.2254003587298271E+01,
   1.6219648636894043E+01,2.7500000000000000E+01));
#103490=VERTEX_POINT('',#103480);
#103500=EDGE_CURVE('',#103400,#103490,#103470,.T.);
#103510=ORIENTED_EDGE('',*,*,#103500,.F.);
#103520=CARTESIAN_POINT('',(-3.2254003587298193E+01,
   0.0000000000000000E+00,2.7500000000000000E+01));
#103530=DIRECTION('',(0.0000000000000000E+00,1.0000000000000000E+00,
   0.0000000000000000E+00));
#103540=VECTOR('',#103530,1.0000000000000000E+00);
#103550=LINE('',#103520,#103540);
#103560=CARTESIAN_POINT('',(-3.2254003587298193E+01,
   1.8798057011738202E+01,2.7500000000000000E+01));
#103570=VERTEX_POINT('',#103560);
#103580=EDGE_CURVE('',#103490,#103570,#103550,.T.);
#103590=ORIENTED_EDGE('',*,*,#103580,.F.);
#103600=CARTESIAN_POINT('',(-3.2464799399876192E+01,
   1.8798057011738202E+01,2.7500000000000000E+01));
#103610=DIRECTION('',(0.0000000000000000E+00,0.0000000000000000E+00,
   1.0000000000000000E+00));
#103620=DIRECTION('',(1.0000000000000000E+00,0.0000000000000000E+00,
   0.0000000000000000E+00));
#103630=AXIS2_PLACEMENT_3D('',#103600,#103610,#103620);
#103640=CIRCLE('',#103630,2.1079581257799873E-01);
#103650=CARTESIAN_POINT('',(-3.2464799399876192E+01,
   1.9008852824316122E+01,2.7500000000000000E+01));
#103660=VERTEX_POINT('',#103650);
#103670=EDGE_CURVE('',#103570,#103660,#103640,.T.);
#103680=ORIENTED_EDGE('',*,*,#103670,.F.);
#103690=CARTESIAN_POINT('',(0.0000000000000000E+00,
   1.9008852824316122E+01,2.7500000000000000E+01));
#103700=DIRECTION('',(-1.0000000000000000E+00,0.0000000000000000E+00,
   0.0000000000000000E+00));
#103710=VECTOR('',#103700,1.0000000000000000E+00);
#103720=LINE('',#103690,#103710);
#103730=CARTESIAN_POINT('',(-3.5043207774720194E+01,
   1.9008852824316122E+01,2.7500000000000000E+01));
#103740=VERTEX_POINT('',#103730);
#103750=EDGE_CURVE('',#103660,#103740,#103720,.T.);
#103760=ORIENTED_EDGE('',*,*,#103750,.F.);
#103770=CARTESIAN_POINT('',(-3.5043207774720194E+01,
   1.8798057011738202E+01,2.7500000000000000E+01));
#103780=DIRECTION('',(0.0000000000000000E+00,0.0000000000000000E+00,
   1.0000000000000000E+00));
#103790=DIRECTION('',(1.0000000000000000E+00,0.0000000000000000E+00,
   0.0000000000000000E+00));
#103800=AXIS2_PLACEMENT_3D('',#103770,#103780,#103790);
#103810=CIRCLE('',#103800,2.1079581257792057E-01);
#103820=EDGE_CURVE('',#103740,#103210,#103810,.T.);
#103830=ORIENTED_EDGE('',*,*,#103820,.F.);
#103840=EDGE_LOOP('',(#103830,#103760,#103680,#103590,#103510,#103420,
   #103340,#103250));
#103850=FACE_BOUND('',#103840,.T.);
#103860=ADVANCED_FACE('',(#103150,#103850),#102790,.T.);
#103870=COLOUR_RGB('',5.0196081399917603E-01,1.0000000000000000E+00,
   5.0196081399917603E-01);
#103880=FILL_AREA_STYLE_COLOUR('',#103870);
#103890=FILL_AREA_STYLE('',(#103880));
#103900=SURFACE_STYLE_FILL_AREA(#103890);
#103910=SURFACE_SIDE_STYLE('',(#103900));
#103920=SURFACE_STYLE_USAGE(.BOTH.,#103910);
#103930=PRESENTATION_STYLE_ASSIGNMENT((#103920));
#103940=CARTESIAN_POINT('',(-3.2464799399876192E+01,
   1.9008852824316122E+01,2.7500000000000000E+01));
#103950=DIRECTION('',(-0.0000000000000000E+00,1.0000000000000000E+00,
   0.0000000000000000E+00));
#103960=DIRECTION('',(1.0000000000000000E+00,0.0000000000000000E+00,
   0.0000000000000000E+00));
#103970=AXIS2_PLACEMENT_3D('',#103940,#103950,#103960);
#103980=PLANE('',#103970);
#103990=ORIENTED_EDGE('',*,*,#103750,.T.);
#104000=CARTESIAN_POINT('',(-3.2464799399876192E+01,
   1.9008852824316122E+01,2.7500000000000000E+01));
#104010=DIRECTION('',(0.0000000000000000E+00,0.0000000000000000E+00,
   -1.0000000000000000E+00));
#104020=VECTOR('',#104010,1.0000000000000000E+00);
#104030=LINE('',#104000,#104020);
#104040=CARTESIAN_POINT('',(-3.2464799399876192E+01,
   1.9008852824316122E+01,2.7399999999999999E+01));
#104050=VERTEX_POINT('',#104040);
#104060=EDGE_CURVE('',#103660,#104050,#104030,.T.);
#104070=ORIENTED_EDGE('',*,*,#104060,.F.);
#104080=CARTESIAN_POINT('',(-3.5043207774720194E+01,
   1.9008852824316122E+01,2.7399999999999999E+01));
#104090=DIRECTION('',(1.0000000000000000E+00,0.0000000000000000E+00,
   0.0000000000000000E+00));
#104100=VECTOR('',#104090,1.0000000000000000E+00);
#104110=LINE('',#104080,#104100);
#104120=CARTESIAN_POINT('',(-3.5043207774720194E+01,
   1.9008852824316122E+01,2.7399999999999999E+01));
#104130=VERTEX_POINT('',#104120);
#104140=EDGE_CURVE('',#104130,#104050,#104110,.T.);
#104150=ORIENTED_EDGE('',*,*,#104140,.T.);
#104160=CARTESIAN_POINT('',(-3.5043207774720194E+01,
   1.9008852824316122E+01,2.7500000000000000E+01));
#104170=DIRECTION('',(0.0000000000000000E+00,0.0000000000000000E+00,
   -1.0000000000000000E+00));
#104180=VECTOR('',#104170,1.0000000000000000E+00);
#104190=LINE('',#104160,#104180);
#104200=EDGE_CURVE('',#103740,#104130,#104190,.T.);
#104210=ORIENTED_EDGE('',*,*,#104200,.T.);
#104220=EDGE_LOOP('',(#104210,#104150,#104070,#103990));
#104230=FACE_OUTER_BOUND('',#104220,.T.);
#104240=ADVANCED_FACE('',(#104230),#103980,.F.);
#104250=COLOUR_RGB('',5.0196081399917603E-01,1.0000000000000000E+00,
   5.0196081399917603E-01);
#104260=FILL_AREA_STYLE_COLOUR('',#104250);
#104270=FILL_AREA_STYLE('',(#104260));
#104280=SURFACE_STYLE_FILL_AREA(#104270);
#104290=SURFACE_SIDE_STYLE('',(#104280));
#104300=SURFACE_STYLE_USAGE(.BOTH.,#104290);
#104310=PRESENTATION_STYLE_ASSIGNMENT((#104300));
#104320=CARTESIAN_POINT('',(-3.2464799399876192E+01,
   1.8798057011738202E+01,2.7500000000000000E+01));
#104330=DIRECTION('',(0.0000000000000000E+00,0.0000000000000000E+00,
   1.0000000000000000E+00));
#104340=DIRECTION('',(1.0000000000000000E+00,0.0000000000000000E+00,
   0.0000000000000000E+00));
#104350=AXIS2_PLACEMENT_3D('',#104320,#104330,#104340);
#104360=CYLINDRICAL_SURFACE('',#104350,2.1079581257799873E-01);
#104370=ORIENTED_EDGE('',*,*,#103670,.T.);
#104380=CARTESIAN_POINT('',(-3.2254003587298193E+01,
   1.8798057011738202E+01,2.7500000000000000E+01));
#104390=DIRECTION('',(0.0000000000000000E+00,0.0000000000000000E+00,
   1.0000000000000000E+00));
#104400=VECTOR('',#104390,1.0000000000000000E+00);
#104410=LINE('',#104380,#104400);
#104420=CARTESIAN_POINT('',(-3.2254003587298193E+01,
   1.8798057011738202E+01,2.7399999999999999E+01));
#104430=VERTEX_POINT('',#104420);
#104440=EDGE_CURVE('',#104430,#103570,#104410,.T.);
#104450=ORIENTED_EDGE('',*,*,#104440,.T.);
#104460=CARTESIAN_POINT('',(-3.2464799399876192E+01,
   1.8798057011738202E+01,2.7399999999999999E+01));
#104470=DIRECTION('',(0.0000000000000000E+00,0.0000000000000000E+00,
   1.0000000000000000E+00));
#104480=DIRECTION('',(1.0000000000000000E+00,0.0000000000000000E+00,
   0.0000000000000000E+00));
#104490=AXIS2_PLACEMENT_3D('',#104460,#104470,#104480);
#104500=CIRCLE('',#104490,2.1079581257799873E-01);
#104510=EDGE_CURVE('',#104430,#104050,#104500,.T.);
#104520=ORIENTED_EDGE('',*,*,#104510,.F.);
#104530=ORIENTED_EDGE('',*,*,#104060,.T.);
#104540=EDGE_LOOP('',(#104530,#104520,#104450,#104370));
#104550=FACE_OUTER_BOUND('',#104540,.T.);
#104560=ADVANCED_FACE('',(#104550),#104360,.F.);
#104570=COLOUR_RGB('',5.0196081399917603E-01,1.0000000000000000E+00,
   5.0196081399917603E-01);
#104580=FILL_AREA_STYLE_COLOUR('',#104570);
#104590=FILL_AREA_STYLE('',(#104580));
#104600=SURFACE_STYLE_FILL_AREA(#104590);
#104610=SURFACE_SIDE_STYLE('',(#104600));
#104620=SURFACE_STYLE_USAGE(.BOTH.,#104610);
#104630=PRESENTATION_STYLE_ASSIGNMENT((#104620));
#104640=CARTESIAN_POINT('',(-3.2254003587298193E+01,
   1.6219648636894043E+01,2.7500000000000000E+01));
#104650=DIRECTION('',(1.0000000000000000E+00,0.0000000000000000E+00,
   0.0000000000000000E+00));
#104660=DIRECTION('',(0.0000000000000000E+00,-1.0000000000000000E+00,
   0.0000000000000000E+00));
#104670=AXIS2_PLACEMENT_3D('',#104640,#104650,#104660);
#104680=PLANE('',#104670);
#104690=ORIENTED_EDGE('',*,*,#103580,.T.);
#104700=CARTESIAN_POINT('',(-3.2254003587298271E+01,
   1.6219648636894043E+01,2.7500000000000000E+01));
#104710=DIRECTION('',(0.0000000000000000E+00,0.0000000000000000E+00,
   1.0000000000000000E+00));
#104720=VECTOR('',#104710,1.0000000000000000E+00);
#104730=LINE('',#104700,#104720);
#104740=CARTESIAN_POINT('',(-3.2254003587298271E+01,
   1.6219648636894043E+01,2.7399999999999999E+01));
#104750=VERTEX_POINT('',#104740);
#104760=EDGE_CURVE('',#104750,#103490,#104730,.T.);
#104770=ORIENTED_EDGE('',*,*,#104760,.T.);
#104780=CARTESIAN_POINT('',(-3.2254003587298193E+01,
   1.8798057011738202E+01,2.7399999999999999E+01));
#104790=DIRECTION('',(0.0000000000000000E+00,-1.0000000000000000E+00,
   0.0000000000000000E+00));
#104800=VECTOR('',#104790,1.0000000000000000E+00);
#104810=LINE('',#104780,#104800);
#104820=EDGE_CURVE('',#104430,#104750,#104810,.T.);
#104830=ORIENTED_EDGE('',*,*,#104820,.T.);
#104840=ORIENTED_EDGE('',*,*,#104440,.F.);
#104850=EDGE_LOOP('',(#104840,#104830,#104770,#104690));
#104860=FACE_OUTER_BOUND('',#104850,.T.);
#104870=ADVANCED_FACE('',(#104860),#104680,.F.);
#104880=COLOUR_RGB('',5.0196081399917603E-01,1.0000000000000000E+00,
   5.0196081399917603E-01);
#104890=FILL_AREA_STYLE_COLOUR('',#104880);
#104900=FILL_AREA_STYLE('',(#104890));
#104910=SURFACE_STYLE_FILL_AREA(#104900);
#104920=SURFACE_SIDE_STYLE('',(#104910));
#104930=SURFACE_STYLE_USAGE(.BOTH.,#104920);
#104940=PRESENTATION_STYLE_ASSIGNMENT((#104930));
#104950=CARTESIAN_POINT('',(-3.2464799399876192E+01,
   1.6219648636894043E+01,2.7500000000000000E+01));
#104960=DIRECTION('',(0.0000000000000000E+00,0.0000000000000000E+00,
   1.0000000000000000E+00));
#104970=DIRECTION('',(1.0000000000000000E+00,0.0000000000000000E+00,
   0.0000000000000000E+00));
#104980=AXIS2_PLACEMENT_3D('',#104950,#104960,#104970);
#104990=CYLINDRICAL_SURFACE('',#104980,2.1079581257792057E-01);
#105000=ORIENTED_EDGE('',*,*,#103500,.T.);
#105010=CARTESIAN_POINT('',(-3.2464799399876192E+01,
   1.6008852824316122E+01,2.7500000000000000E+01));
#105020=DIRECTION('',(0.0000000000000000E+00,0.0000000000000000E+00,
   -1.0000000000000000E+00));
#105030=VECTOR('',#105020,1.0000000000000000E+00);
#105040=LINE('',#105010,#105030);
#105050=CARTESIAN_POINT('',(-3.2464799399876192E+01,
   1.6008852824316122E+01,2.7399999999999999E+01));
#105060=VERTEX_POINT('',#105050);
#105070=EDGE_CURVE('',#103400,#105060,#105040,.T.);
#105080=ORIENTED_EDGE('',*,*,#105070,.F.);
#105090=CARTESIAN_POINT('',(-3.2464799399876192E+01,
   1.6219648636894043E+01,2.7399999999999999E+01));
#105100=DIRECTION('',(0.0000000000000000E+00,0.0000000000000000E+00,
   1.0000000000000000E+00));
#105110=DIRECTION('',(1.0000000000000000E+00,0.0000000000000000E+00,
   0.0000000000000000E+00));
#105120=AXIS2_PLACEMENT_3D('',#105090,#105100,#105110);
#105130=CIRCLE('',#105120,2.1079581257792057E-01);
#105140=EDGE_CURVE('',#105060,#104750,#105130,.T.);
#105150=ORIENTED_EDGE('',*,*,#105140,.F.);
#105160=ORIENTED_EDGE('',*,*,#104760,.F.);
#105170=EDGE_LOOP('',(#105160,#105150,#105080,#105000));
#105180=FACE_OUTER_BOUND('',#105170,.T.);
#105190=ADVANCED_FACE('',(#105180),#104990,.F.);
#105200=COLOUR_RGB('',5.0196081399917603E-01,1.0000000000000000E+00,
   5.0196081399917603E-01);
#105210=FILL_AREA_STYLE_COLOUR('',#105200);
#105220=FILL_AREA_STYLE('',(#105210));
#105230=SURFACE_STYLE_FILL_AREA(#105220);
#105240=SURFACE_SIDE_STYLE('',(#105230));
#105250=SURFACE_STYLE_USAGE(.BOTH.,#105240);
#105260=PRESENTATION_STYLE_ASSIGNMENT((#105250));
#105270=CARTESIAN_POINT('',(-3.5043207774720194E+01,
   1.6008852824316122E+01,2.7500000000000000E+01));
#105280=DIRECTION('',(-0.0000000000000000E+00,-1.0000000000000000E+00,
   -0.0000000000000000E+00));
#105290=DIRECTION('',(-1.0000000000000000E+00,0.0000000000000000E+00,
   0.0000000000000000E+00));
#105300=AXIS2_PLACEMENT_3D('',#105270,#105280,#105290);
#105310=PLANE('',#105300);
#105320=ORIENTED_EDGE('',*,*,#103410,.T.);
#105330=CARTESIAN_POINT('',(-3.5043207774720194E+01,
   1.6008852824316122E+01,2.7500000000000000E+01));
#105340=DIRECTION('',(0.0000000000000000E+00,0.0000000000000000E+00,
   -1.0000000000000000E+00));
#105350=VECTOR('',#105340,1.0000000000000000E+00);
#105360=LINE('',#105330,#105350);
#105370=CARTESIAN_POINT('',(-3.5043207774720194E+01,
   1.6008852824316122E+01,2.7399999999999999E+01));
#105380=VERTEX_POINT('',#105370);
#105390=EDGE_CURVE('',#103320,#105380,#105360,.T.);
#105400=ORIENTED_EDGE('',*,*,#105390,.F.);
#105410=CARTESIAN_POINT('',(-3.2464799399876192E+01,
   1.6008852824316122E+01,2.7399999999999999E+01));
#105420=DIRECTION('',(-1.0000000000000000E+00,0.0000000000000000E+00,
   0.0000000000000000E+00));
#105430=VECTOR('',#105420,1.0000000000000000E+00);
#105440=LINE('',#105410,#105430);
#105450=EDGE_CURVE('',#105060,#105380,#105440,.T.);
#105460=ORIENTED_EDGE('',*,*,#105450,.T.);
#105470=ORIENTED_EDGE('',*,*,#105070,.T.);
#105480=EDGE_LOOP('',(#105470,#105460,#105400,#105320));
#105490=FACE_OUTER_BOUND('',#105480,.T.);
#105500=ADVANCED_FACE('',(#105490),#105310,.F.);
#105510=COLOUR_RGB('',5.0196081399917603E-01,1.0000000000000000E+00,
   5.0196081399917603E-01);
#105520=FILL_AREA_STYLE_COLOUR('',#105510);
#105530=FILL_AREA_STYLE('',(#105520));
#105540=SURFACE_STYLE_FILL_AREA(#105530);
#105550=SURFACE_SIDE_STYLE('',(#105540));
#105560=SURFACE_STYLE_USAGE(.BOTH.,#105550);
#105570=PRESENTATION_STYLE_ASSIGNMENT((#105560));
#105580=CARTESIAN_POINT('',(-3.5043207774720194E+01,
   1.6219648636894043E+01,2.7500000000000000E+01));
#105590=DIRECTION('',(0.0000000000000000E+00,0.0000000000000000E+00,
   1.0000000000000000E+00));
#105600=DIRECTION('',(1.0000000000000000E+00,0.0000000000000000E+00,
   0.0000000000000000E+00));
#105610=AXIS2_PLACEMENT_3D('',#105580,#105590,#105600);
#105620=CYLINDRICAL_SURFACE('',#105610,2.1079581257799873E-01);
#105630=ORIENTED_EDGE('',*,*,#103330,.T.);
#105640=CARTESIAN_POINT('',(-3.5254003587298193E+01,
   1.6219648636894043E+01,2.7500000000000000E+01));
#105650=DIRECTION('',(0.0000000000000000E+00,0.0000000000000000E+00,
   1.0000000000000000E+00));
#105660=VECTOR('',#105650,1.0000000000000000E+00);
#105670=LINE('',#105640,#105660);
#105680=CARTESIAN_POINT('',(-3.5254003587298193E+01,
   1.6219648636894043E+01,2.7399999999999999E+01));
#105690=VERTEX_POINT('',#105680);
#105700=EDGE_CURVE('',#105690,#103230,#105670,.T.);
#105710=ORIENTED_EDGE('',*,*,#105700,.T.);
#105720=CARTESIAN_POINT('',(-3.5043207774720194E+01,
   1.6219648636894043E+01,2.7399999999999999E+01));
#105730=DIRECTION('',(0.0000000000000000E+00,0.0000000000000000E+00,
   1.0000000000000000E+00));
#105740=DIRECTION('',(1.0000000000000000E+00,0.0000000000000000E+00,
   0.0000000000000000E+00));
#105750=AXIS2_PLACEMENT_3D('',#105720,#105730,#105740);
#105760=CIRCLE('',#105750,2.1079581257799873E-01);
#105770=EDGE_CURVE('',#105690,#105380,#105760,.T.);
#105780=ORIENTED_EDGE('',*,*,#105770,.F.);
#105790=ORIENTED_EDGE('',*,*,#105390,.T.);
#105800=EDGE_LOOP('',(#105790,#105780,#105710,#105630));
#105810=FACE_OUTER_BOUND('',#105800,.T.);
#105820=ADVANCED_FACE('',(#105810),#105620,.F.);
#105830=COLOUR_RGB('',5.0196081399917603E-01,1.0000000000000000E+00,
   5.0196081399917603E-01);
#105840=FILL_AREA_STYLE_COLOUR('',#105830);
#105850=FILL_AREA_STYLE('',(#105840));
#105860=SURFACE_STYLE_FILL_AREA(#105850);
#105870=SURFACE_SIDE_STYLE('',(#105860));
#105880=SURFACE_STYLE_USAGE(.BOTH.,#105870);
#105890=PRESENTATION_STYLE_ASSIGNMENT((#105880));
#105900=CARTESIAN_POINT('',(-3.5254003587298193E+01,
   1.8798057011738202E+01,2.7500000000000000E+01));
#105910=DIRECTION('',(-1.0000000000000000E+00,0.0000000000000000E+00,
   0.0000000000000000E+00));
#105920=DIRECTION('',(0.0000000000000000E+00,1.0000000000000000E+00,
   0.0000000000000000E+00));
#105930=AXIS2_PLACEMENT_3D('',#105900,#105910,#105920);
#105940=PLANE('',#105930);
#105950=ORIENTED_EDGE('',*,*,#103240,.T.);
#105960=CARTESIAN_POINT('',(-3.5254003587298115E+01,
   1.8798057011738202E+01,2.7500000000000000E+01));
#105970=DIRECTION('',(0.0000000000000000E+00,0.0000000000000000E+00,
   1.0000000000000000E+00));
#105980=VECTOR('',#105970,1.0000000000000000E+00);
#105990=LINE('',#105960,#105980);
#106000=CARTESIAN_POINT('',(-3.5254003587298115E+01,
   1.8798057011738202E+01,2.7399999999999999E+01));
#106010=VERTEX_POINT('',#106000);
#106020=EDGE_CURVE('',#106010,#103210,#105990,.T.);
#106030=ORIENTED_EDGE('',*,*,#106020,.T.);
#106040=CARTESIAN_POINT('',(-3.5254003587298193E+01,
   1.8798057011738202E+01,2.7399999999999999E+01));
#106050=DIRECTION('',(0.0000000000000000E+00,-1.0000000000000000E+00,
   0.0000000000000000E+00));
#106060=VECTOR('',#106050,1.0000000000000000E+00);
#106070=LINE('',#106040,#106060);
#106080=EDGE_CURVE('',#106010,#105690,#106070,.T.);
#106090=ORIENTED_EDGE('',*,*,#106080,.F.);
#106100=ORIENTED_EDGE('',*,*,#105700,.F.);
#106110=EDGE_LOOP('',(#106100,#106090,#106030,#105950));
#106120=FACE_OUTER_BOUND('',#106110,.T.);
#106130=ADVANCED_FACE('',(#106120),#105940,.F.);
#106140=COLOUR_RGB('',5.0196081399917603E-01,1.0000000000000000E+00,
   5.0196081399917603E-01);
#106150=FILL_AREA_STYLE_COLOUR('',#106140);
#106160=FILL_AREA_STYLE('',(#106150));
#106170=SURFACE_STYLE_FILL_AREA(#106160);
#106180=SURFACE_SIDE_STYLE('',(#106170));
#106190=SURFACE_STYLE_USAGE(.BOTH.,#106180);
#106200=PRESENTATION_STYLE_ASSIGNMENT((#106190));
#106210=CARTESIAN_POINT('',(-3.5043207774720194E+01,
   1.8798057011738202E+01,2.7500000000000000E+01));
#106220=DIRECTION('',(0.0000000000000000E+00,0.0000000000000000E+00,
   1.0000000000000000E+00));
#106230=DIRECTION('',(1.0000000000000000E+00,0.0000000000000000E+00,
   0.0000000000000000E+00));
#106240=AXIS2_PLACEMENT_3D('',#106210,#106220,#106230);
#106250=CYLINDRICAL_SURFACE('',#106240,2.1079581257792057E-01);
#106260=ORIENTED_EDGE('',*,*,#103820,.T.);
#106270=ORIENTED_EDGE('',*,*,#104200,.F.);
#106280=CARTESIAN_POINT('',(-3.5043207774720194E+01,
   1.8798057011738202E+01,2.7399999999999999E+01));
#106290=DIRECTION('',(0.0000000000000000E+00,0.0000000000000000E+00,
   1.0000000000000000E+00));
#106300=DIRECTION('',(1.0000000000000000E+00,0.0000000000000000E+00,
   0.0000000000000000E+00));
#106310=AXIS2_PLACEMENT_3D('',#106280,#106290,#106300);
#106320=CIRCLE('',#106310,2.1079581257792057E-01);
#106330=EDGE_CURVE('',#104130,#106010,#106320,.T.);
#106340=ORIENTED_EDGE('',*,*,#106330,.F.);
#106350=ORIENTED_EDGE('',*,*,#106020,.F.);
#106360=EDGE_LOOP('',(#106350,#106340,#106270,#106260));
#106370=FACE_OUTER_BOUND('',#106360,.T.);
#106380=ADVANCED_FACE('',(#106370),#106250,.F.);
#106390=COLOUR_RGB('',5.0196081399917603E-01,1.0000000000000000E+00,
   5.0196081399917603E-01);
#106400=FILL_AREA_STYLE_COLOUR('',#106390);
#106410=FILL_AREA_STYLE('',(#106400));
#106420=SURFACE_STYLE_FILL_AREA(#106410);
#106430=SURFACE_SIDE_STYLE('',(#106420));
#106440=SURFACE_STYLE_USAGE(.BOTH.,#106430);
#106450=PRESENTATION_STYLE_ASSIGNMENT((#106440));
#106460=CARTESIAN_POINT('',(-3.2759030502671656E+01,
   1.6586782460179727E+01,2.7399999999999999E+01));
#106470=DIRECTION('',(0.0000000000000000E+00,0.0000000000000000E+00,
   1.0000000000000000E+00));
#106480=DIRECTION('',(1.0000000000000000E+00,0.0000000000000000E+00,
   0.0000000000000000E+00));
#106490=AXIS2_PLACEMENT_3D('',#106460,#106470,#106480);
#106500=PLANE('',#106490);
#106510=ORIENTED_EDGE('',*,*,#105450,.F.);
#106520=ORIENTED_EDGE('',*,*,#105770,.T.);
#106530=ORIENTED_EDGE('',*,*,#106080,.T.);
#106540=ORIENTED_EDGE('',*,*,#106330,.T.);
#106550=ORIENTED_EDGE('',*,*,#104140,.F.);
#106560=ORIENTED_EDGE('',*,*,#104510,.T.);
#106570=ORIENTED_EDGE('',*,*,#104820,.F.);
#106580=ORIENTED_EDGE('',*,*,#105140,.T.);
#106590=EDGE_LOOP('',(#106580,#106570,#106560,#106550,#106540,#106530,
   #106520,#106510));
#106600=FACE_OUTER_BOUND('',#106590,.T.);
#106610=CARTESIAN_POINT('',(-3.3809159874392797E+01,
   1.7732660724090302E+01,2.7399999999999999E+01));
#106620=DIRECTION('',(0.0000000000000000E+00,0.0000000000000000E+00,
   1.0000000000000000E+00));
#106630=DIRECTION('',(1.0000000000000000E+00,0.0000000000000000E+00,
   0.0000000000000000E+00));
#106640=AXIS2_PLACEMENT_3D('',#106610,#106620,#106630);
#106650=CIRCLE('',#106640,4.5672426058546239E-01);
#106660=CARTESIAN_POINT('',(-3.3609770009415591E+01,
   1.7321758385387163E+01,2.7399999999999999E+01));
#106670=VERTEX_POINT('',#106660);
#106680=CARTESIAN_POINT('',(-3.3352435613807337E+01,
   1.7732660724090302E+01,2.7399999999999999E+01));
#106690=VERTEX_POINT('',#106680);
#106700=EDGE_CURVE('',#106670,#106690,#106650,.T.);
#106710=ORIENTED_EDGE('',*,*,#106700,.T.);
#106720=CARTESIAN_POINT('',(-3.3540750440769607E+01,
   1.7179522960451457E+01,2.7399999999999999E+01));
#106730=DIRECTION('',(0.0000000000000000E+00,0.0000000000000000E+00,
   1.0000000000000000E+00));
#106740=DIRECTION('',(1.0000000000000000E+00,0.0000000000000000E+00,
   0.0000000000000000E+00));
#106750=AXIS2_PLACEMENT_3D('',#106720,#106730,#106740);
#106760=CIRCLE('',#106750,1.5809685943344035E-01);
#106770=CARTESIAN_POINT('',(-3.3698847300203049E+01,
   1.7179522960451457E+01,2.7399999999999999E+01));
#106780=VERTEX_POINT('',#106770);
#106790=EDGE_CURVE('',#106670,#106780,#106760,.T.);
#106800=ORIENTED_EDGE('',*,*,#106790,.F.);
#106810=CARTESIAN_POINT('',(-3.3698847300202992E+01,
   1.6939574009478598E+01,2.7399999999999999E+01));
#106820=DIRECTION('',(0.0000000000000000E+00,1.0000000000000000E+00,
   0.0000000000000000E+00));
#106830=VECTOR('',#106820,1.0000000000000000E+00);
#106840=LINE('',#106810,#106830);
#106850=CARTESIAN_POINT('',(-3.3698847300202992E+01,
   1.6939574009478541E+01,2.7399999999999999E+01));
#106860=VERTEX_POINT('',#106850);
#106870=EDGE_CURVE('',#106860,#106780,#106840,.T.);
#106880=ORIENTED_EDGE('',*,*,#106870,.T.);
#106890=CARTESIAN_POINT('',(-3.3540750440769607E+01,
   1.6939574009478541E+01,2.7399999999999999E+01));
#106900=DIRECTION('',(0.0000000000000000E+00,0.0000000000000000E+00,
   1.0000000000000000E+00));
#106910=DIRECTION('',(1.0000000000000000E+00,0.0000000000000000E+00,
   0.0000000000000000E+00));
#106920=AXIS2_PLACEMENT_3D('',#106890,#106900,#106910);
#106930=CIRCLE('',#106920,1.5809685943338536E-01);
#106940=CARTESIAN_POINT('',(-3.3540750440769607E+01,
   1.6781477150045099E+01,2.7399999999999999E+01));
#106950=VERTEX_POINT('',#106940);
#106960=EDGE_CURVE('',#106860,#106950,#106930,.T.);
#106970=ORIENTED_EDGE('',*,*,#106960,.F.);
#106980=CARTESIAN_POINT('',(-3.3528098790955589E+01,
   1.6781477150045099E+01,2.7399999999999999E+01));
#106990=DIRECTION('',(-1.0000000000000000E+00,0.0000000000000000E+00,
   0.0000000000000000E+00));
#107000=VECTOR('',#106990,1.0000000000000000E+00);
#107010=LINE('',#106980,#107000);
#107020=CARTESIAN_POINT('',(-3.3528098790955589E+01,
   1.6781477150045099E+01,2.7399999999999999E+01));
#107030=VERTEX_POINT('',#107020);
#107040=EDGE_CURVE('',#107030,#106950,#107010,.T.);
#107050=ORIENTED_EDGE('',*,*,#107040,.T.);
#107060=CARTESIAN_POINT('',(-3.3528098790955589E+01,
   1.7732660724090302E+01,2.7399999999999999E+01));
#107070=DIRECTION('',(0.0000000000000000E+00,0.0000000000000000E+00,
   1.0000000000000000E+00));
#107080=DIRECTION('',(1.0000000000000000E+00,0.0000000000000000E+00,
   0.0000000000000000E+00));
#107090=AXIS2_PLACEMENT_3D('',#107060,#107070,#107080);
#107100=CIRCLE('',#107090,9.5118357404519926E-01);
#107110=CARTESIAN_POINT('',(-3.2576915216910393E+01,
   1.7732660724090302E+01,2.7399999999999999E+01));
#107120=VERTEX_POINT('',#107110);
#107130=EDGE_CURVE('',#107030,#107120,#107100,.T.);
#107140=ORIENTED_EDGE('',*,*,#107130,.F.);
#107150=CARTESIAN_POINT('',(-3.3528098790955589E+01,
   1.8683844298135483E+01,2.7399999999999999E+01));
#107160=VERTEX_POINT('',#107150);
#107170=EDGE_CURVE('',#107120,#107160,#107100,.T.);
#107180=ORIENTED_EDGE('',*,*,#107170,.F.);
#107190=CARTESIAN_POINT('',(-3.3528098790955589E+01,
   1.8683844298135483E+01,2.7399999999999999E+01));
#107200=DIRECTION('',(-1.0000000000000000E+00,0.0000000000000000E+00,
   0.0000000000000000E+00));
#107210=VECTOR('',#107200,1.0000000000000000E+00);
#107220=LINE('',#107190,#107210);
#107230=CARTESIAN_POINT('',(-3.3540750440769607E+01,
   1.8683844298135483E+01,2.7399999999999999E+01));
#107240=VERTEX_POINT('',#107230);
#107250=EDGE_CURVE('',#107160,#107240,#107220,.T.);
#107260=ORIENTED_EDGE('',*,*,#107250,.F.);
#107270=CARTESIAN_POINT('',(-3.3540750440769607E+01,
   1.8525747438702041E+01,2.7399999999999999E+01));
#107280=DIRECTION('',(0.0000000000000000E+00,0.0000000000000000E+00,
   1.0000000000000000E+00));
#107290=DIRECTION('',(1.0000000000000000E+00,0.0000000000000000E+00,
   0.0000000000000000E+00));
#107300=AXIS2_PLACEMENT_3D('',#107270,#107280,#107290);
#107310=CIRCLE('',#107300,1.5809685943344043E-01);
#107320=CARTESIAN_POINT('',(-3.3698847300203049E+01,
   1.8525747438702041E+01,2.7399999999999999E+01));
#107330=VERTEX_POINT('',#107320);
#107340=EDGE_CURVE('',#107240,#107330,#107310,.T.);
#107350=ORIENTED_EDGE('',*,*,#107340,.F.);
#107360=CARTESIAN_POINT('',(-3.3698847300203191E+01,
   1.8285798487729217E+01,2.7399999999999999E+01));
#107370=DIRECTION('',(0.0000000000000000E+00,1.0000000000000000E+00,
   0.0000000000000000E+00));
#107380=VECTOR('',#107370,1.0000000000000000E+00);
#107390=LINE('',#107360,#107380);
#107400=CARTESIAN_POINT('',(-3.3698847300203191E+01,
   1.8285798487729217E+01,2.7399999999999999E+01));
#107410=VERTEX_POINT('',#107400);
#107420=EDGE_CURVE('',#107410,#107330,#107390,.T.);
#107430=ORIENTED_EDGE('',*,*,#107420,.T.);
#107440=CARTESIAN_POINT('',(-3.3540750440769607E+01,
   1.8285798487729217E+01,2.7399999999999999E+01));
#107450=DIRECTION('',(0.0000000000000000E+00,0.0000000000000000E+00,
   1.0000000000000000E+00));
#107460=DIRECTION('',(1.0000000000000000E+00,0.0000000000000000E+00,
   0.0000000000000000E+00));
#107470=AXIS2_PLACEMENT_3D('',#107440,#107450,#107460);
#107480=CIRCLE('',#107470,1.5809685943358431E-01);
#107490=CARTESIAN_POINT('',(-3.3609770009415591E+01,
   1.8143563062793497E+01,2.7399999999999999E+01));
#107500=VERTEX_POINT('',#107490);
#107510=EDGE_CURVE('',#107410,#107500,#107480,.T.);
#107520=ORIENTED_EDGE('',*,*,#107510,.F.);
#107530=EDGE_CURVE('',#106690,#107500,#106650,.T.);
#107540=ORIENTED_EDGE('',*,*,#107530,.T.);
#107550=EDGE_LOOP('',(#107540,#107520,#107430,#107350,#107260,#107180,
   #107140,#107050,#106970,#106880,#106800,#106710));
#107560=FACE_BOUND('',#107550,.T.);
#107570=CARTESIAN_POINT('',(-3.4077569308015903E+01,
   1.8525747438702041E+01,2.7399999999999999E+01));
#107580=DIRECTION('',(0.0000000000000000E+00,0.0000000000000000E+00,
   1.0000000000000000E+00));
#107590=DIRECTION('',(1.0000000000000000E+00,0.0000000000000000E+00,
   0.0000000000000000E+00));
#107600=AXIS2_PLACEMENT_3D('',#107570,#107580,#107590);
#107610=CIRCLE('',#107600,1.5809685943361274E-01);
#107620=CARTESIAN_POINT('',(-3.3919472448582290E+01,
   1.8525747438702041E+01,2.7399999999999999E+01));
#107630=VERTEX_POINT('',#107620);
#107640=CARTESIAN_POINT('',(-3.4077569308015903E+01,
   1.8683844298135483E+01,2.7399999999999999E+01));
#107650=VERTEX_POINT('',#107640);
#107660=EDGE_CURVE('',#107630,#107650,#107610,.T.);
#107670=ORIENTED_EDGE('',*,*,#107660,.F.);
#107680=CARTESIAN_POINT('',(-3.4754188756857012E+01,
   1.8683844298135504E+01,2.7399999999999999E+01));
#107690=DIRECTION('',(1.0000000000000000E+00,-2.8878751958534577E-14,
   0.0000000000000000E+00));
#107700=VECTOR('',#107690,1.0000000000000000E+00);
#107710=LINE('',#107680,#107700);
#107720=CARTESIAN_POINT('',(-3.4754188756857012E+01,
   1.8683844298135504E+01,2.7399999999999999E+01));
#107730=VERTEX_POINT('',#107720);
#107740=EDGE_CURVE('',#107730,#107650,#107710,.T.);
#107750=ORIENTED_EDGE('',*,*,#107740,.T.);
#107760=CARTESIAN_POINT('',(-3.4754188756857012E+01,
   1.8525747438702062E+01,2.7399999999999999E+01));
#107770=DIRECTION('',(0.0000000000000000E+00,0.0000000000000000E+00,
   1.0000000000000000E+00));
#107780=DIRECTION('',(1.0000000000000000E+00,0.0000000000000000E+00,
   0.0000000000000000E+00));
#107790=AXIS2_PLACEMENT_3D('',#107760,#107770,#107780);
#107800=CIRCLE('',#107790,1.5809685943344043E-01);
#107810=CARTESIAN_POINT('',(-3.4912285616290454E+01,
   1.8525747438702062E+01,2.7399999999999999E+01));
#107820=VERTEX_POINT('',#107810);
#107830=EDGE_CURVE('',#107730,#107820,#107800,.T.);
#107840=ORIENTED_EDGE('',*,*,#107830,.F.);
#107850=CARTESIAN_POINT('',(-3.4912285616290511E+01,
   1.8525747438702062E+01,2.7399999999999999E+01));
#107860=DIRECTION('',(0.0000000000000000E+00,-1.0000000000000000E+00,
   0.0000000000000000E+00));
#107870=VECTOR('',#107860,1.0000000000000000E+00);
#107880=LINE('',#107850,#107870);
#107890=CARTESIAN_POINT('',(-3.4912285616290511E+01,
   1.6491958209937998E+01,2.7399999999999999E+01));
#107900=VERTEX_POINT('',#107890);
#107910=EDGE_CURVE('',#107820,#107900,#107880,.T.);
#107920=ORIENTED_EDGE('',*,*,#107910,.F.);
#107930=CARTESIAN_POINT('',(-3.4754188756857012E+01,
   1.6491958209937998E+01,2.7399999999999999E+01));
#107940=DIRECTION('',(0.0000000000000000E+00,0.0000000000000000E+00,
   1.0000000000000000E+00));
#107950=DIRECTION('',(1.0000000000000000E+00,0.0000000000000000E+00,
   0.0000000000000000E+00));
#107960=AXIS2_PLACEMENT_3D('',#107930,#107940,#107950);
#107970=CIRCLE('',#107960,1.5809685943349905E-01);
#107980=CARTESIAN_POINT('',(-3.4754188756857012E+01,
   1.6333861350504563E+01,2.7399999999999999E+01));
#107990=VERTEX_POINT('',#107980);
#108000=EDGE_CURVE('',#107900,#107990,#107970,.T.);
#108010=ORIENTED_EDGE('',*,*,#108000,.F.);
#108020=CARTESIAN_POINT('',(-3.4077569308015903E+01,
   1.6333861350504563E+01,2.7399999999999999E+01));
#108030=DIRECTION('',(-1.0000000000000000E+00,0.0000000000000000E+00,
   0.0000000000000000E+00));
#108040=VECTOR('',#108030,1.0000000000000000E+00);
#108050=LINE('',#108020,#108040);
#108060=CARTESIAN_POINT('',(-3.4077569308015903E+01,
   1.6333861350504563E+01,2.7399999999999999E+01));
#108070=VERTEX_POINT('',#108060);
#108080=EDGE_CURVE('',#108070,#107990,#108050,.T.);
#108090=ORIENTED_EDGE('',*,*,#108080,.T.);
#108100=CARTESIAN_POINT('',(-3.4077569308015903E+01,
   1.6491958209937998E+01,2.7399999999999999E+01));
#108110=DIRECTION('',(0.0000000000000000E+00,0.0000000000000000E+00,
   1.0000000000000000E+00));
#108120=DIRECTION('',(1.0000000000000000E+00,0.0000000000000000E+00,
   0.0000000000000000E+00));
#108130=AXIS2_PLACEMENT_3D('',#108100,#108110,#108120);
#108140=CIRCLE('',#108130,1.5809685943343865E-01);
#108150=CARTESIAN_POINT('',(-3.3919472448582468E+01,
   1.6491958209937998E+01,2.7399999999999999E+01));
#108160=VERTEX_POINT('',#108150);
#108170=EDGE_CURVE('',#108070,#108160,#108140,.T.);
#108180=ORIENTED_EDGE('',*,*,#108170,.F.);
#108190=CARTESIAN_POINT('',(-3.3919472448582603E+01,
   1.7179522960451457E+01,2.7399999999999999E+01));
#108200=DIRECTION('',(0.0000000000000000E+00,-1.0000000000000000E+00,
   0.0000000000000000E+00));
#108210=VECTOR('',#108200,1.0000000000000000E+00);
#108220=LINE('',#108190,#108210);
#108230=CARTESIAN_POINT('',(-3.3919472448582603E+01,
   1.7179522960451457E+01,2.7399999999999999E+01));
#108240=VERTEX_POINT('',#108230);
#108250=EDGE_CURVE('',#108240,#108160,#108220,.T.);
#108260=ORIENTED_EDGE('',*,*,#108250,.T.);
#108270=CARTESIAN_POINT('',(-3.4077569308015903E+01,
   1.7179522960451457E+01,2.7399999999999999E+01));
#108280=DIRECTION('',(0.0000000000000000E+00,0.0000000000000000E+00,
   1.0000000000000000E+00));
#108290=DIRECTION('',(1.0000000000000000E+00,0.0000000000000000E+00,
   0.0000000000000000E+00));
#108300=AXIS2_PLACEMENT_3D('',#108270,#108280,#108290);
#108310=CIRCLE('',#108300,1.5809685943330010E-01);
#108320=CARTESIAN_POINT('',(-3.4008549739370004E+01,
   1.7321758385387163E+01,2.7399999999999999E+01));
#108330=VERTEX_POINT('',#108320);
#108340=EDGE_CURVE('',#108240,#108330,#108310,.T.);
#108350=ORIENTED_EDGE('',*,*,#108340,.F.);
#108360=CARTESIAN_POINT('',(-3.3809159874392797E+01,
   1.7732660724090302E+01,2.7399999999999999E+01));
#108370=DIRECTION('',(0.0000000000000000E+00,0.0000000000000000E+00,
   1.0000000000000000E+00));
#108380=DIRECTION('',(1.0000000000000000E+00,0.0000000000000000E+00,
   0.0000000000000000E+00));
#108390=AXIS2_PLACEMENT_3D('',#108360,#108370,#108380);
#108400=CIRCLE('',#108390,4.5672426058551835E-01);
#108410=CARTESIAN_POINT('',(-3.4265884134978315E+01,
   1.7732660724090302E+01,2.7399999999999999E+01));
#108420=VERTEX_POINT('',#108410);
#108430=EDGE_CURVE('',#108420,#108330,#108400,.T.);
#108440=ORIENTED_EDGE('',*,*,#108430,.T.);
#108450=CARTESIAN_POINT('',(-3.4008549739370004E+01,
   1.8143563062793497E+01,2.7399999999999999E+01));
#108460=VERTEX_POINT('',#108450);
#108470=EDGE_CURVE('',#108460,#108420,#108400,.T.);
#108480=ORIENTED_EDGE('',*,*,#108470,.T.);
#108490=CARTESIAN_POINT('',(-3.4077569308015903E+01,
   1.8285798487729217E+01,2.7399999999999999E+01));
#108500=DIRECTION('',(0.0000000000000000E+00,0.0000000000000000E+00,
   1.0000000000000000E+00));
#108510=DIRECTION('',(1.0000000000000000E+00,0.0000000000000000E+00,
   0.0000000000000000E+00));
#108520=AXIS2_PLACEMENT_3D('',#108490,#108500,#108510);
#108530=CIRCLE('',#108520,1.5809685943342069E-01);
#108540=CARTESIAN_POINT('',(-3.3919472448582482E+01,
   1.8285798487729217E+01,2.7399999999999999E+01));
#108550=VERTEX_POINT('',#108540);
#108560=EDGE_CURVE('',#108460,#108550,#108530,.T.);
#108570=ORIENTED_EDGE('',*,*,#108560,.F.);
#108580=CARTESIAN_POINT('',(-3.3919472448582290E+01,
   1.8525747438701963E+01,2.7399999999999999E+01));
#108590=DIRECTION('',(0.0000000000000000E+00,-1.0000000000000000E+00,
   0.0000000000000000E+00));
#108600=VECTOR('',#108590,1.0000000000000000E+00);
#108610=LINE('',#108580,#108600);
#108620=EDGE_CURVE('',#107630,#108550,#108610,.T.);
#108630=ORIENTED_EDGE('',*,*,#108620,.T.);
#108640=EDGE_LOOP('',(#108630,#108570,#108480,#108440,#108350,#108260,
   #108180,#108090,#108010,#107920,#107840,#107750,#107670));
#108650=FACE_BOUND('',#108640,.T.);
#108660=CARTESIAN_POINT('',(-3.3809159874392797E+01,
   1.7732660724090302E+01,2.7399999999999999E+01));
#108670=DIRECTION('',(0.0000000000000000E+00,0.0000000000000000E+00,
   1.0000000000000000E+00));
#108680=DIRECTION('',(1.0000000000000000E+00,0.0000000000000000E+00,
   0.0000000000000000E+00));
#108690=AXIS2_PLACEMENT_3D('',#108660,#108670,#108680);
#108700=CIRCLE('',#108690,2.2836213029279406E-01);
#108710=CARTESIAN_POINT('',(-3.3580797744100003E+01,
   1.7732660724090302E+01,2.7399999999999999E+01));
#108720=VERTEX_POINT('',#108710);
#108730=CARTESIAN_POINT('',(-3.4037522004685592E+01,
   1.7732660724090302E+01,2.7399999999999999E+01));
#108740=VERTEX_POINT('',#108730);
#108750=EDGE_CURVE('',#108720,#108740,#108700,.T.);
#108760=ORIENTED_EDGE('',*,*,#108750,.F.);
#108770=EDGE_CURVE('',#108740,#108720,#108700,.T.);
#108780=ORIENTED_EDGE('',*,*,#108770,.F.);
#108790=EDGE_LOOP('',(#108780,#108760));
#108800=FACE_BOUND('',#108790,.T.);
#108810=ADVANCED_FACE('',(#106600,#107560,#108650,#108800),#106500,.T.);
#108820=COLOUR_RGB('',5.0196081399917603E-01,1.0000000000000000E+00,
   5.0196081399917603E-01);
#108830=FILL_AREA_STYLE_COLOUR('',#108820);
#108840=FILL_AREA_STYLE('',(#108830));
#108850=SURFACE_STYLE_FILL_AREA(#108840);
#108860=SURFACE_SIDE_STYLE('',(#108850));
#108870=SURFACE_STYLE_USAGE(.BOTH.,#108860);
#108880=PRESENTATION_STYLE_ASSIGNMENT((#108870));
#108890=CARTESIAN_POINT('',(-3.3809159874392797E+01,
   1.7732660724090302E+01,2.7500000000000000E+01));
#108900=DIRECTION('',(0.0000000000000000E+00,0.0000000000000000E+00,
   1.0000000000000000E+00));
#108910=DIRECTION('',(1.0000000000000000E+00,0.0000000000000000E+00,
   0.0000000000000000E+00));
#108920=AXIS2_PLACEMENT_3D('',#108890,#108900,#108910);
#108930=CYLINDRICAL_SURFACE('',#108920,4.5672426058546239E-01);
#108940=CARTESIAN_POINT('',(-3.3809159874392797E+01,
   1.7732660724090302E+01,2.7500000000000000E+01));
#108950=DIRECTION('',(0.0000000000000000E+00,0.0000000000000000E+00,
   1.0000000000000000E+00));
#108960=DIRECTION('',(1.0000000000000000E+00,0.0000000000000000E+00,
   0.0000000000000000E+00));
#108970=AXIS2_PLACEMENT_3D('',#108940,#108950,#108960);
#108980=CIRCLE('',#108970,4.5672426058546239E-01);
#108990=CARTESIAN_POINT('',(-3.3352435613807337E+01,
   1.7732660724090302E+01,2.7500000000000000E+01));
#109000=VERTEX_POINT('',#108990);
#109010=CARTESIAN_POINT('',(-3.3609770009415648E+01,
   1.8143563062793383E+01,2.7500000000000000E+01));
#109020=VERTEX_POINT('',#109010);
#109030=EDGE_CURVE('',#109000,#109020,#108980,.T.);
#109040=ORIENTED_EDGE('',*,*,#109030,.T.);
#109050=CARTESIAN_POINT('',(-3.3352435613807337E+01,
   1.7732660724090302E+01,2.7500000000000000E+01));
#109060=DIRECTION('',(0.0000000000000000E+00,0.0000000000000000E+00,
   1.0000000000000000E+00));
#109070=VECTOR('',#109060,1.0000000000000000E+00);
#109080=LINE('',#109050,#109070);
#109090=EDGE_CURVE('',#106690,#109000,#109080,.T.);
#109100=ORIENTED_EDGE('',*,*,#109090,.T.);
#109110=ORIENTED_EDGE('',*,*,#107530,.F.);
#109120=CARTESIAN_POINT('',(-3.3609770009415591E+01,
   1.8143563062793497E+01,2.7500000000000000E+01));
#109130=DIRECTION('',(0.0000000000000000E+00,0.0000000000000000E+00,
   -1.0000000000000000E+00));
#109140=VECTOR('',#109130,1.0000000000000000E+00);
#109150=LINE('',#109120,#109140);
#109160=EDGE_CURVE('',#109020,#107500,#109150,.T.);
#109170=ORIENTED_EDGE('',*,*,#109160,.T.);
#109180=EDGE_LOOP('',(#109170,#109110,#109100,#109040));
#109190=FACE_OUTER_BOUND('',#109180,.T.);
#109200=ADVANCED_FACE('',(#109190),#108930,.F.);
#109210=COLOUR_RGB('',5.0196081399917603E-01,1.0000000000000000E+00,
   5.0196081399917603E-01);
#109220=FILL_AREA_STYLE_COLOUR('',#109210);
#109230=FILL_AREA_STYLE('',(#109220));
#109240=SURFACE_STYLE_FILL_AREA(#109230);
#109250=SURFACE_SIDE_STYLE('',(#109240));
#109260=SURFACE_STYLE_USAGE(.BOTH.,#109250);
#109270=PRESENTATION_STYLE_ASSIGNMENT((#109260));
#109280=CARTESIAN_POINT('',(-3.3540750440769607E+01,
   1.8285798487729217E+01,2.7500000000000000E+01));
#109290=DIRECTION('',(0.0000000000000000E+00,0.0000000000000000E+00,
   1.0000000000000000E+00));
#109300=DIRECTION('',(1.0000000000000000E+00,0.0000000000000000E+00,
   0.0000000000000000E+00));
#109310=AXIS2_PLACEMENT_3D('',#109280,#109290,#109300);
#109320=CYLINDRICAL_SURFACE('',#109310,1.5809685943358431E-01);
#109330=CARTESIAN_POINT('',(-3.3540750440769607E+01,
   1.8285798487729217E+01,2.7500000000000000E+01));
#109340=DIRECTION('',(0.0000000000000000E+00,0.0000000000000000E+00,
   1.0000000000000000E+00));
#109350=DIRECTION('',(1.0000000000000000E+00,0.0000000000000000E+00,
   0.0000000000000000E+00));
#109360=AXIS2_PLACEMENT_3D('',#109330,#109340,#109350);
#109370=CIRCLE('',#109360,1.5809685943358431E-01);
#109380=CARTESIAN_POINT('',(-3.3698847300203191E+01,
   1.8285798487729217E+01,2.7500000000000000E+01));
#109390=VERTEX_POINT('',#109380);
#109400=EDGE_CURVE('',#109390,#109020,#109370,.T.);
#109410=ORIENTED_EDGE('',*,*,#109400,.F.);
#109420=ORIENTED_EDGE('',*,*,#109160,.F.);
#109430=ORIENTED_EDGE('',*,*,#107510,.T.);
#109440=CARTESIAN_POINT('',(-3.3698847300203191E+01,
   1.8285798487729217E+01,2.7500000000000000E+01));
#109450=DIRECTION('',(0.0000000000000000E+00,0.0000000000000000E+00,
   1.0000000000000000E+00));
#109460=VECTOR('',#109450,1.0000000000000000E+00);
#109470=LINE('',#109440,#109460);
#109480=EDGE_CURVE('',#107410,#109390,#109470,.T.);
#109490=ORIENTED_EDGE('',*,*,#109480,.F.);
#109500=EDGE_LOOP('',(#109490,#109430,#109420,#109410));
#109510=FACE_OUTER_BOUND('',#109500,.T.);
#109520=ADVANCED_FACE('',(#109510),#109320,.T.);
#109530=COLOUR_RGB('',5.0196081399917603E-01,1.0000000000000000E+00,
   5.0196081399917603E-01);
#109540=FILL_AREA_STYLE_COLOUR('',#109530);
#109550=FILL_AREA_STYLE('',(#109540));
#109560=SURFACE_STYLE_FILL_AREA(#109550);
#109570=SURFACE_SIDE_STYLE('',(#109560));
#109580=SURFACE_STYLE_USAGE(.BOTH.,#109570);
#109590=PRESENTATION_STYLE_ASSIGNMENT((#109580));
#109600=CARTESIAN_POINT('',(-3.3540750440769607E+01,
   1.7179522960451457E+01,2.7500000000000000E+01));
#109610=DIRECTION('',(0.0000000000000000E+00,0.0000000000000000E+00,
   1.0000000000000000E+00));
#109620=DIRECTION('',(1.0000000000000000E+00,0.0000000000000000E+00,
   0.0000000000000000E+00));
#109630=AXIS2_PLACEMENT_3D('',#109600,#109610,#109620);
#109640=CYLINDRICAL_SURFACE('',#109630,1.5809685943344035E-01);
#109650=CARTESIAN_POINT('',(-3.3540750440769607E+01,
   1.7179522960451457E+01,2.7500000000000000E+01));
#109660=DIRECTION('',(0.0000000000000000E+00,0.0000000000000000E+00,
   1.0000000000000000E+00));
#109670=DIRECTION('',(1.0000000000000000E+00,0.0000000000000000E+00,
   0.0000000000000000E+00));
#109680=AXIS2_PLACEMENT_3D('',#109650,#109660,#109670);
#109690=CIRCLE('',#109680,1.5809685943344035E-01);
#109700=CARTESIAN_POINT('',(-3.3609770009415591E+01,
   1.7321758385387163E+01,2.7500000000000000E+01));
#109710=VERTEX_POINT('',#109700);
#109720=CARTESIAN_POINT('',(-3.3698847300203049E+01,
   1.7179522960451457E+01,2.7500000000000000E+01));
#109730=VERTEX_POINT('',#109720);
#109740=EDGE_CURVE('',#109710,#109730,#109690,.T.);
#109750=ORIENTED_EDGE('',*,*,#109740,.F.);
#109760=CARTESIAN_POINT('',(-3.3698847300203049E+01,
   1.7179522960451457E+01,2.7500000000000000E+01));
#109770=DIRECTION('',(0.0000000000000000E+00,0.0000000000000000E+00,
   1.0000000000000000E+00));
#109780=VECTOR('',#109770,1.0000000000000000E+00);
#109790=LINE('',#109760,#109780);
#109800=EDGE_CURVE('',#106780,#109730,#109790,.T.);
#109810=ORIENTED_EDGE('',*,*,#109800,.T.);
#109820=ORIENTED_EDGE('',*,*,#106790,.T.);
#109830=CARTESIAN_POINT('',(-3.3609770009415591E+01,
   1.7321758385387163E+01,2.7500000000000000E+01));
#109840=DIRECTION('',(0.0000000000000000E+00,0.0000000000000000E+00,
   -1.0000000000000000E+00));
#109850=VECTOR('',#109840,1.0000000000000000E+00);
#109860=LINE('',#109830,#109850);
#109870=EDGE_CURVE('',#109710,#106670,#109860,.T.);
#109880=ORIENTED_EDGE('',*,*,#109870,.T.);
#109890=EDGE_LOOP('',(#109880,#109820,#109810,#109750));
#109900=FACE_OUTER_BOUND('',#109890,.T.);
#109910=ADVANCED_FACE('',(#109900),#109640,.T.);
#109920=COLOUR_RGB('',5.0196081399917603E-01,1.0000000000000000E+00,
   5.0196081399917603E-01);
#109930=FILL_AREA_STYLE_COLOUR('',#109920);
#109940=FILL_AREA_STYLE('',(#109930));
#109950=SURFACE_STYLE_FILL_AREA(#109940);
#109960=SURFACE_SIDE_STYLE('',(#109950));
#109970=SURFACE_STYLE_USAGE(.BOTH.,#109960);
#109980=PRESENTATION_STYLE_ASSIGNMENT((#109970));
#109990=CARTESIAN_POINT('',(-3.3698847300202992E+01,
   1.6939574009478598E+01,2.7500000000000000E+01));
#110000=DIRECTION('',(1.0000000000000000E+00,0.0000000000000000E+00,
   0.0000000000000000E+00));
#110010=DIRECTION('',(0.0000000000000000E+00,-1.0000000000000000E+00,
   0.0000000000000000E+00));
#110020=AXIS2_PLACEMENT_3D('',#109990,#110000,#110010);
#110030=PLANE('',#110020);
#110040=CARTESIAN_POINT('',(-3.3698847300202992E+01,
   0.0000000000000000E+00,2.7500000000000000E+01));
#110050=DIRECTION('',(0.0000000000000000E+00,1.0000000000000000E+00,
   0.0000000000000000E+00));
#110060=VECTOR('',#110050,1.0000000000000000E+00);
#110070=LINE('',#110040,#110060);
#110080=CARTESIAN_POINT('',(-3.3698847300202992E+01,
   1.6939574009478541E+01,2.7500000000000000E+01));
#110090=VERTEX_POINT('',#110080);
#110100=EDGE_CURVE('',#110090,#109730,#110070,.T.);
#110110=ORIENTED_EDGE('',*,*,#110100,.T.);
#110120=CARTESIAN_POINT('',(-3.3698847300202992E+01,
   1.6939574009478541E+01,2.7500000000000000E+01));
#110130=DIRECTION('',(0.0000000000000000E+00,0.0000000000000000E+00,
   1.0000000000000000E+00));
#110140=VECTOR('',#110130,1.0000000000000000E+00);
#110150=LINE('',#110120,#110140);
#110160=EDGE_CURVE('',#106860,#110090,#110150,.T.);
#110170=ORIENTED_EDGE('',*,*,#110160,.T.);
#110180=ORIENTED_EDGE('',*,*,#106870,.F.);
#110190=ORIENTED_EDGE('',*,*,#109800,.F.);
#110200=EDGE_LOOP('',(#110190,#110180,#110170,#110110));
#110210=FACE_OUTER_BOUND('',#110200,.T.);
#110220=ADVANCED_FACE('',(#110210),#110030,.F.);
#110230=COLOUR_RGB('',5.0196081399917603E-01,1.0000000000000000E+00,
   5.0196081399917603E-01);
#110240=FILL_AREA_STYLE_COLOUR('',#110230);
#110250=FILL_AREA_STYLE('',(#110240));
#110260=SURFACE_STYLE_FILL_AREA(#110250);
#110270=SURFACE_SIDE_STYLE('',(#110260));
#110280=SURFACE_STYLE_USAGE(.BOTH.,#110270);
#110290=PRESENTATION_STYLE_ASSIGNMENT((#110280));
#110300=CARTESIAN_POINT('',(-3.3540750440769607E+01,
   1.6939574009478541E+01,2.7500000000000000E+01));
#110310=DIRECTION('',(0.0000000000000000E+00,0.0000000000000000E+00,
   1.0000000000000000E+00));
#110320=DIRECTION('',(1.0000000000000000E+00,0.0000000000000000E+00,
   0.0000000000000000E+00));
#110330=AXIS2_PLACEMENT_3D('',#110300,#110310,#110320);
#110340=CYLINDRICAL_SURFACE('',#110330,1.5809685943338536E-01);
#110350=CARTESIAN_POINT('',(-3.3540750440769607E+01,
   1.6939574009478541E+01,2.7500000000000000E+01));
#110360=DIRECTION('',(0.0000000000000000E+00,0.0000000000000000E+00,
   1.0000000000000000E+00));
#110370=DIRECTION('',(1.0000000000000000E+00,0.0000000000000000E+00,
   0.0000000000000000E+00));
#110380=AXIS2_PLACEMENT_3D('',#110350,#110360,#110370);
#110390=CIRCLE('',#110380,1.5809685943338536E-01);
#110400=CARTESIAN_POINT('',(-3.3540750440769607E+01,
   1.6781477150045156E+01,2.7500000000000000E+01));
#110410=VERTEX_POINT('',#110400);
#110420=EDGE_CURVE('',#110090,#110410,#110390,.T.);
#110430=ORIENTED_EDGE('',*,*,#110420,.F.);
#110440=CARTESIAN_POINT('',(-3.3540750440769607E+01,
   1.6781477150045099E+01,2.7500000000000000E+01));
#110450=DIRECTION('',(0.0000000000000000E+00,0.0000000000000000E+00,
   -1.0000000000000000E+00));
#110460=VECTOR('',#110450,1.0000000000000000E+00);
#110470=LINE('',#110440,#110460);
#110480=EDGE_CURVE('',#110410,#106950,#110470,.T.);
#110490=ORIENTED_EDGE('',*,*,#110480,.F.);
#110500=ORIENTED_EDGE('',*,*,#106960,.T.);
#110510=ORIENTED_EDGE('',*,*,#110160,.F.);
#110520=EDGE_LOOP('',(#110510,#110500,#110490,#110430));
#110530=FACE_OUTER_BOUND('',#110520,.T.);
#110540=ADVANCED_FACE('',(#110530),#110340,.T.);
#110550=COLOUR_RGB('',5.0196081399917603E-01,1.0000000000000000E+00,
   5.0196081399917603E-01);
#110560=FILL_AREA_STYLE_COLOUR('',#110550);
#110570=FILL_AREA_STYLE('',(#110560));
#110580=SURFACE_STYLE_FILL_AREA(#110570);
#110590=SURFACE_SIDE_STYLE('',(#110580));
#110600=SURFACE_STYLE_USAGE(.BOTH.,#110590);
#110610=PRESENTATION_STYLE_ASSIGNMENT((#110600));
#110620=CARTESIAN_POINT('',(-3.3528098790955589E+01,
   1.6781477150045099E+01,2.7500000000000000E+01));
#110630=DIRECTION('',(-0.0000000000000000E+00,1.0000000000000000E+00,
   0.0000000000000000E+00));
#110640=DIRECTION('',(1.0000000000000000E+00,0.0000000000000000E+00,
   0.0000000000000000E+00));
#110650=AXIS2_PLACEMENT_3D('',#110620,#110630,#110640);
#110660=PLANE('',#110650);
#110670=CARTESIAN_POINT('',(0.0000000000000000E+00,
   1.6781477150045099E+01,2.7500000000000000E+01));
#110680=DIRECTION('',(-1.0000000000000000E+00,0.0000000000000000E+00,
   0.0000000000000000E+00));
#110690=VECTOR('',#110680,1.0000000000000000E+00);
#110700=LINE('',#110670,#110690);
#110710=CARTESIAN_POINT('',(-3.3528098790955589E+01,
   1.6781477150045099E+01,2.7500000000000000E+01));
#110720=VERTEX_POINT('',#110710);
#110730=EDGE_CURVE('',#110720,#110410,#110700,.T.);
#110740=ORIENTED_EDGE('',*,*,#110730,.T.);
#110750=CARTESIAN_POINT('',(-3.3528098790955589E+01,
   1.6781477150045099E+01,2.7500000000000000E+01));
#110760=DIRECTION('',(0.0000000000000000E+00,0.0000000000000000E+00,
   -1.0000000000000000E+00));
#110770=VECTOR('',#110760,1.0000000000000000E+00);
#110780=LINE('',#110750,#110770);
#110790=EDGE_CURVE('',#110720,#107030,#110780,.T.);
#110800=ORIENTED_EDGE('',*,*,#110790,.F.);
#110810=ORIENTED_EDGE('',*,*,#107040,.F.);
#110820=ORIENTED_EDGE('',*,*,#110480,.T.);
#110830=EDGE_LOOP('',(#110820,#110810,#110800,#110740));
#110840=FACE_OUTER_BOUND('',#110830,.T.);
#110850=ADVANCED_FACE('',(#110840),#110660,.F.);
#110860=COLOUR_RGB('',5.0196081399917603E-01,1.0000000000000000E+00,
   5.0196081399917603E-01);
#110870=FILL_AREA_STYLE_COLOUR('',#110860);
#110880=FILL_AREA_STYLE('',(#110870));
#110890=SURFACE_STYLE_FILL_AREA(#110880);
#110900=SURFACE_SIDE_STYLE('',(#110890));
#110910=SURFACE_STYLE_USAGE(.BOTH.,#110900);
#110920=PRESENTATION_STYLE_ASSIGNMENT((#110910));
#110930=CARTESIAN_POINT('',(-3.3528098790955589E+01,
   1.7732660724090302E+01,2.7500000000000000E+01));
#110940=DIRECTION('',(0.0000000000000000E+00,0.0000000000000000E+00,
   1.0000000000000000E+00));
#110950=DIRECTION('',(1.0000000000000000E+00,0.0000000000000000E+00,
   0.0000000000000000E+00));
#110960=AXIS2_PLACEMENT_3D('',#110930,#110940,#110950);
#110970=CYLINDRICAL_SURFACE('',#110960,9.5118357404519926E-01);
#110980=CARTESIAN_POINT('',(-3.3528098790955589E+01,
   1.7732660724090302E+01,2.7500000000000000E+01));
#110990=DIRECTION('',(0.0000000000000000E+00,0.0000000000000000E+00,
   1.0000000000000000E+00));
#111000=DIRECTION('',(1.0000000000000000E+00,0.0000000000000000E+00,
   0.0000000000000000E+00));
#111010=AXIS2_PLACEMENT_3D('',#110980,#110990,#111000);
#111020=CIRCLE('',#111010,9.5118357404519926E-01);
#111030=CARTESIAN_POINT('',(-3.2576915216910393E+01,
   1.7732660724090302E+01,2.7500000000000000E+01));
#111040=VERTEX_POINT('',#111030);
#111050=EDGE_CURVE('',#110720,#111040,#111020,.T.);
#111060=ORIENTED_EDGE('',*,*,#111050,.F.);
#111070=CARTESIAN_POINT('',(-3.2576915216910393E+01,
   1.7732660724090302E+01,2.7500000000000000E+01));
#111080=DIRECTION('',(0.0000000000000000E+00,0.0000000000000000E+00,
   1.0000000000000000E+00));
#111090=VECTOR('',#111080,1.0000000000000000E+00);
#111100=LINE('',#111070,#111090);
#111110=EDGE_CURVE('',#107120,#111040,#111100,.T.);
#111120=ORIENTED_EDGE('',*,*,#111110,.T.);
#111130=ORIENTED_EDGE('',*,*,#107130,.T.);
#111140=ORIENTED_EDGE('',*,*,#110790,.T.);
#111150=EDGE_LOOP('',(#111140,#111130,#111120,#111060));
#111160=FACE_OUTER_BOUND('',#111150,.T.);
#111170=ADVANCED_FACE('',(#111160),#110970,.T.);
#111180=COLOUR_RGB('',5.0196081399917603E-01,1.0000000000000000E+00,
   5.0196081399917603E-01);
#111190=FILL_AREA_STYLE_COLOUR('',#111180);
#111200=FILL_AREA_STYLE('',(#111190));
#111210=SURFACE_STYLE_FILL_AREA(#111200);
#111220=SURFACE_SIDE_STYLE('',(#111210));
#111230=SURFACE_STYLE_USAGE(.BOTH.,#111220);
#111240=PRESENTATION_STYLE_ASSIGNMENT((#111230));
#111250=CARTESIAN_POINT('',(-3.3540750440769607E+01,
   1.8683844298135483E+01,2.7500000000000000E+01));
#111260=DIRECTION('',(-0.0000000000000000E+00,-1.0000000000000000E+00,
   -0.0000000000000000E+00));
#111270=DIRECTION('',(-1.0000000000000000E+00,0.0000000000000000E+00,
   0.0000000000000000E+00));
#111280=AXIS2_PLACEMENT_3D('',#111250,#111260,#111270);
#111290=PLANE('',#111280);
#111300=CARTESIAN_POINT('',(0.0000000000000000E+00,
   1.8683844298135483E+01,2.7500000000000000E+01));
#111310=DIRECTION('',(1.0000000000000000E+00,0.0000000000000000E+00,
   0.0000000000000000E+00));
#111320=VECTOR('',#111310,1.0000000000000000E+00);
#111330=LINE('',#111300,#111320);
#111340=CARTESIAN_POINT('',(-3.3540750440769607E+01,
   1.8683844298135483E+01,2.7500000000000000E+01));
#111350=VERTEX_POINT('',#111340);
#111360=CARTESIAN_POINT('',(-3.3528098790955589E+01,
   1.8683844298135504E+01,2.7500000000000000E+01));
#111370=VERTEX_POINT('',#111360);
#111380=EDGE_CURVE('',#111350,#111370,#111330,.T.);
#111390=ORIENTED_EDGE('',*,*,#111380,.T.);
#111400=CARTESIAN_POINT('',(-3.3540750440769607E+01,
   1.8683844298135483E+01,2.7500000000000000E+01));
#111410=DIRECTION('',(0.0000000000000000E+00,0.0000000000000000E+00,
   -1.0000000000000000E+00));
#111420=VECTOR('',#111410,1.0000000000000000E+00);
#111430=LINE('',#111400,#111420);
#111440=EDGE_CURVE('',#111350,#107240,#111430,.T.);
#111450=ORIENTED_EDGE('',*,*,#111440,.F.);
#111460=ORIENTED_EDGE('',*,*,#107250,.T.);
#111470=CARTESIAN_POINT('',(-3.3528098790955589E+01,
   1.8683844298135483E+01,2.7500000000000000E+01));
#111480=DIRECTION('',(0.0000000000000000E+00,0.0000000000000000E+00,
   -1.0000000000000000E+00));
#111490=VECTOR('',#111480,1.0000000000000000E+00);
#111500=LINE('',#111470,#111490);
#111510=EDGE_CURVE('',#111370,#107160,#111500,.T.);
#111520=ORIENTED_EDGE('',*,*,#111510,.T.);
#111530=EDGE_LOOP('',(#111520,#111460,#111450,#111390));
#111540=FACE_OUTER_BOUND('',#111530,.T.);
#111550=ADVANCED_FACE('',(#111540),#111290,.F.);
#111560=COLOUR_RGB('',5.0196081399917603E-01,1.0000000000000000E+00,
   5.0196081399917603E-01);
#111570=FILL_AREA_STYLE_COLOUR('',#111560);
#111580=FILL_AREA_STYLE('',(#111570));
#111590=SURFACE_STYLE_FILL_AREA(#111580);
#111600=SURFACE_SIDE_STYLE('',(#111590));
#111610=SURFACE_STYLE_USAGE(.BOTH.,#111600);
#111620=PRESENTATION_STYLE_ASSIGNMENT((#111610));
#111630=CARTESIAN_POINT('',(-3.3540750440769607E+01,
   1.8525747438702041E+01,2.7500000000000000E+01));
#111640=DIRECTION('',(0.0000000000000000E+00,0.0000000000000000E+00,
   1.0000000000000000E+00));
#111650=DIRECTION('',(1.0000000000000000E+00,0.0000000000000000E+00,
   0.0000000000000000E+00));
#111660=AXIS2_PLACEMENT_3D('',#111630,#111640,#111650);
#111670=CYLINDRICAL_SURFACE('',#111660,1.5809685943344043E-01);
#111680=CARTESIAN_POINT('',(-3.3540750440769607E+01,
   1.8525747438702041E+01,2.7500000000000000E+01));
#111690=DIRECTION('',(0.0000000000000000E+00,0.0000000000000000E+00,
   1.0000000000000000E+00));
#111700=DIRECTION('',(1.0000000000000000E+00,0.0000000000000000E+00,
   0.0000000000000000E+00));
#111710=AXIS2_PLACEMENT_3D('',#111680,#111690,#111700);
#111720=CIRCLE('',#111710,1.5809685943344043E-01);
#111730=CARTESIAN_POINT('',(-3.3698847300203049E+01,
   1.8525747438702041E+01,2.7500000000000000E+01));
#111740=VERTEX_POINT('',#111730);
#111750=EDGE_CURVE('',#111350,#111740,#111720,.T.);
#111760=ORIENTED_EDGE('',*,*,#111750,.F.);
#111770=CARTESIAN_POINT('',(-3.3698847300203049E+01,
   1.8525747438702041E+01,2.7500000000000000E+01));
#111780=DIRECTION('',(0.0000000000000000E+00,0.0000000000000000E+00,
   1.0000000000000000E+00));
#111790=VECTOR('',#111780,1.0000000000000000E+00);
#111800=LINE('',#111770,#111790);
#111810=EDGE_CURVE('',#107330,#111740,#111800,.T.);
#111820=ORIENTED_EDGE('',*,*,#111810,.T.);
#111830=ORIENTED_EDGE('',*,*,#107340,.T.);
#111840=ORIENTED_EDGE('',*,*,#111440,.T.);
#111850=EDGE_LOOP('',(#111840,#111830,#111820,#111760));
#111860=FACE_OUTER_BOUND('',#111850,.T.);
#111870=ADVANCED_FACE('',(#111860),#111670,.T.);
#111880=COLOUR_RGB('',5.0196081399917603E-01,1.0000000000000000E+00,
   5.0196081399917603E-01);
#111890=FILL_AREA_STYLE_COLOUR('',#111880);
#111900=FILL_AREA_STYLE('',(#111890));
#111910=SURFACE_STYLE_FILL_AREA(#111900);
#111920=SURFACE_SIDE_STYLE('',(#111910));
#111930=SURFACE_STYLE_USAGE(.BOTH.,#111920);
#111940=PRESENTATION_STYLE_ASSIGNMENT((#111930));
#111950=CARTESIAN_POINT('',(-3.3698847300203191E+01,
   1.8285798487729217E+01,2.7500000000000000E+01));
#111960=DIRECTION('',(1.0000000000000000E+00,0.0000000000000000E+00,
   0.0000000000000000E+00));
#111970=DIRECTION('',(0.0000000000000000E+00,-1.0000000000000000E+00,
   0.0000000000000000E+00));
#111980=AXIS2_PLACEMENT_3D('',#111950,#111960,#111970);
#111990=PLANE('',#111980);
#112000=CARTESIAN_POINT('',(-3.3698847300203191E+01,
   0.0000000000000000E+00,2.7500000000000000E+01));
#112010=DIRECTION('',(0.0000000000000000E+00,1.0000000000000000E+00,
   0.0000000000000000E+00));
#112020=VECTOR('',#112010,1.0000000000000000E+00);
#112030=LINE('',#112000,#112020);
#112040=EDGE_CURVE('',#109390,#111740,#112030,.T.);
#112050=ORIENTED_EDGE('',*,*,#112040,.T.);
#112060=ORIENTED_EDGE('',*,*,#109480,.T.);
#112070=ORIENTED_EDGE('',*,*,#107420,.F.);
#112080=ORIENTED_EDGE('',*,*,#111810,.F.);
#112090=EDGE_LOOP('',(#112080,#112070,#112060,#112050));
#112100=FACE_OUTER_BOUND('',#112090,.T.);
#112110=ADVANCED_FACE('',(#112100),#111990,.F.);
#112120=COLOUR_RGB('',5.0196081399917603E-01,1.0000000000000000E+00,
   5.0196081399917603E-01);
#112130=FILL_AREA_STYLE_COLOUR('',#112120);
#112140=FILL_AREA_STYLE('',(#112130));
#112150=SURFACE_STYLE_FILL_AREA(#112140);
#112160=SURFACE_SIDE_STYLE('',(#112150));
#112170=SURFACE_STYLE_USAGE(.BOTH.,#112160);
#112180=PRESENTATION_STYLE_ASSIGNMENT((#112170));
#112190=ORIENTED_EDGE('',*,*,#109740,.T.);
#112200=EDGE_CURVE('',#109710,#109000,#108980,.T.);
#112210=ORIENTED_EDGE('',*,*,#112200,.F.);
#112220=ORIENTED_EDGE('',*,*,#109030,.F.);
#112230=ORIENTED_EDGE('',*,*,#109400,.T.);
#112240=ORIENTED_EDGE('',*,*,#112040,.F.);
#112250=ORIENTED_EDGE('',*,*,#111750,.T.);
#112260=ORIENTED_EDGE('',*,*,#111380,.F.);
#112270=EDGE_CURVE('',#111040,#111370,#111020,.T.);
#112280=ORIENTED_EDGE('',*,*,#112270,.T.);
#112290=ORIENTED_EDGE('',*,*,#111050,.T.);
#112300=ORIENTED_EDGE('',*,*,#110730,.F.);
#112310=ORIENTED_EDGE('',*,*,#110420,.T.);
#112320=ORIENTED_EDGE('',*,*,#110100,.F.);
#112330=EDGE_LOOP('',(#112320,#112310,#112300,#112290,#112280,#112260,
   #112250,#112240,#112230,#112220,#112210,#112190));
#112340=FACE_OUTER_BOUND('',#112330,.T.);
#112350=ADVANCED_FACE('',(#112340),#102790,.T.);
#112360=COLOUR_RGB('',5.0196081399917603E-01,1.0000000000000000E+00,
   5.0196081399917603E-01);
#112370=FILL_AREA_STYLE_COLOUR('',#112360);
#112380=FILL_AREA_STYLE('',(#112370));
#112390=SURFACE_STYLE_FILL_AREA(#112380);
#112400=SURFACE_SIDE_STYLE('',(#112390));
#112410=SURFACE_STYLE_USAGE(.BOTH.,#112400);
#112420=PRESENTATION_STYLE_ASSIGNMENT((#112410));
#112430=CARTESIAN_POINT('',(-3.3919472448582290E+01,
   1.8525747438701963E+01,2.7500000000000000E+01));
#112440=DIRECTION('',(-1.0000000000000000E+00,0.0000000000000000E+00,
   0.0000000000000000E+00));
#112450=DIRECTION('',(0.0000000000000000E+00,1.0000000000000000E+00,
   0.0000000000000000E+00));
#112460=AXIS2_PLACEMENT_3D('',#112430,#112440,#112450);
#112470=PLANE('',#112460);
#112480=CARTESIAN_POINT('',(-3.3919472448582290E+01,
   0.0000000000000000E+00,2.7500000000000000E+01));
#112490=DIRECTION('',(0.0000000000000000E+00,-1.0000000000000000E+00,
   0.0000000000000000E+00));
#112500=VECTOR('',#112490,1.0000000000000000E+00);
#112510=LINE('',#112480,#112500);
#112520=CARTESIAN_POINT('',(-3.3919472448582290E+01,
   1.8525747438702041E+01,2.7500000000000000E+01));
#112530=VERTEX_POINT('',#112520);
#112540=CARTESIAN_POINT('',(-3.3919472448582482E+01,
   1.8285798487729217E+01,2.7500000000000000E+01));
#112550=VERTEX_POINT('',#112540);
#112560=EDGE_CURVE('',#112530,#112550,#112510,.T.);
#112570=ORIENTED_EDGE('',*,*,#112560,.T.);
#112580=CARTESIAN_POINT('',(-3.3919472448582290E+01,
   1.8525747438702041E+01,2.7500000000000000E+01));
#112590=DIRECTION('',(0.0000000000000000E+00,0.0000000000000000E+00,
   1.0000000000000000E+00));
#112600=VECTOR('',#112590,1.0000000000000000E+00);
#112610=LINE('',#112580,#112600);
#112620=EDGE_CURVE('',#107630,#112530,#112610,.T.);
#112630=ORIENTED_EDGE('',*,*,#112620,.T.);
#112640=ORIENTED_EDGE('',*,*,#108620,.F.);
#112650=CARTESIAN_POINT('',(-3.3919472448582482E+01,
   1.8285798487729217E+01,2.7500000000000000E+01));
#112660=DIRECTION('',(0.0000000000000000E+00,0.0000000000000000E+00,
   1.0000000000000000E+00));
#112670=VECTOR('',#112660,1.0000000000000000E+00);
#112680=LINE('',#112650,#112670);
#112690=EDGE_CURVE('',#108550,#112550,#112680,.T.);
#112700=ORIENTED_EDGE('',*,*,#112690,.F.);
#112710=EDGE_LOOP('',(#112700,#112640,#112630,#112570));
#112720=FACE_OUTER_BOUND('',#112710,.T.);
#112730=ADVANCED_FACE('',(#112720),#112470,.F.);
#112740=COLOUR_RGB('',5.0196081399917603E-01,1.0000000000000000E+00,
   5.0196081399917603E-01);
#112750=FILL_AREA_STYLE_COLOUR('',#112740);
#112760=FILL_AREA_STYLE('',(#112750));
#112770=SURFACE_STYLE_FILL_AREA(#112760);
#112780=SURFACE_SIDE_STYLE('',(#112770));
#112790=SURFACE_STYLE_USAGE(.BOTH.,#112780);
#112800=PRESENTATION_STYLE_ASSIGNMENT((#112790));
#112810=CARTESIAN_POINT('',(-3.4077569308015903E+01,
   1.8285798487729217E+01,2.7500000000000000E+01));
#112820=DIRECTION('',(0.0000000000000000E+00,0.0000000000000000E+00,
   1.0000000000000000E+00));
#112830=DIRECTION('',(1.0000000000000000E+00,0.0000000000000000E+00,
   0.0000000000000000E+00));
#112840=AXIS2_PLACEMENT_3D('',#112810,#112820,#112830);
#112850=CYLINDRICAL_SURFACE('',#112840,1.5809685943342069E-01);
#112860=CARTESIAN_POINT('',(-3.4077569308015903E+01,
   1.8285798487729217E+01,2.7500000000000000E+01));
#112870=DIRECTION('',(0.0000000000000000E+00,0.0000000000000000E+00,
   1.0000000000000000E+00));
#112880=DIRECTION('',(1.0000000000000000E+00,0.0000000000000000E+00,
   0.0000000000000000E+00));
#112890=AXIS2_PLACEMENT_3D('',#112860,#112870,#112880);
#112900=CIRCLE('',#112890,1.5809685943342069E-01);
#112910=CARTESIAN_POINT('',(-3.4008549739370004E+01,
   1.8143563062793497E+01,2.7500000000000000E+01));
#112920=VERTEX_POINT('',#112910);
#112930=EDGE_CURVE('',#112920,#112550,#112900,.T.);
#112940=ORIENTED_EDGE('',*,*,#112930,.F.);
#112950=ORIENTED_EDGE('',*,*,#112690,.T.);
#112960=ORIENTED_EDGE('',*,*,#108560,.T.);
#112970=CARTESIAN_POINT('',(-3.4008549739370004E+01,
   1.8143563062793497E+01,2.7500000000000000E+01));
#112980=DIRECTION('',(0.0000000000000000E+00,0.0000000000000000E+00,
   -1.0000000000000000E+00));
#112990=VECTOR('',#112980,1.0000000000000000E+00);
#113000=LINE('',#112970,#112990);
#113010=EDGE_CURVE('',#112920,#108460,#113000,.T.);
#113020=ORIENTED_EDGE('',*,*,#113010,.T.);
#113030=EDGE_LOOP('',(#113020,#112960,#112950,#112940));
#113040=FACE_OUTER_BOUND('',#113030,.T.);
#113050=ADVANCED_FACE('',(#113040),#112850,.T.);
#113060=COLOUR_RGB('',5.0196081399917603E-01,1.0000000000000000E+00,
   5.0196081399917603E-01);
#113070=FILL_AREA_STYLE_COLOUR('',#113060);
#113080=FILL_AREA_STYLE('',(#113070));
#113090=SURFACE_STYLE_FILL_AREA(#113080);
#113100=SURFACE_SIDE_STYLE('',(#113090));
#113110=SURFACE_STYLE_USAGE(.BOTH.,#113100);
#113120=PRESENTATION_STYLE_ASSIGNMENT((#113110));
#113130=CARTESIAN_POINT('',(-3.4077569308015903E+01,
   1.8525747438702041E+01,2.7500000000000000E+01));
#113140=DIRECTION('',(0.0000000000000000E+00,0.0000000000000000E+00,
   1.0000000000000000E+00));
#113150=DIRECTION('',(1.0000000000000000E+00,0.0000000000000000E+00,
   0.0000000000000000E+00));
#113160=AXIS2_PLACEMENT_3D('',#113130,#113140,#113150);
#113170=CYLINDRICAL_SURFACE('',#113160,1.5809685943361274E-01);
#113180=CARTESIAN_POINT('',(-3.4077569308015903E+01,
   1.8525747438702041E+01,2.7500000000000000E+01));
#113190=DIRECTION('',(0.0000000000000000E+00,0.0000000000000000E+00,
   1.0000000000000000E+00));
#113200=DIRECTION('',(1.0000000000000000E+00,0.0000000000000000E+00,
   0.0000000000000000E+00));
#113210=AXIS2_PLACEMENT_3D('',#113180,#113190,#113200);
#113220=CIRCLE('',#113210,1.5809685943361274E-01);
#113230=CARTESIAN_POINT('',(-3.4077569308015903E+01,
   1.8683844298135654E+01,2.7500000000000000E+01));
#113240=VERTEX_POINT('',#113230);
#113250=EDGE_CURVE('',#112530,#113240,#113220,.T.);
#113260=ORIENTED_EDGE('',*,*,#113250,.F.);
#113270=CARTESIAN_POINT('',(-3.4077569308015903E+01,
   1.8683844298135483E+01,2.7500000000000000E+01));
#113280=DIRECTION('',(0.0000000000000000E+00,0.0000000000000000E+00,
   -1.0000000000000000E+00));
#113290=VECTOR('',#113280,1.0000000000000000E+00);
#113300=LINE('',#113270,#113290);
#113310=EDGE_CURVE('',#113240,#107650,#113300,.T.);
#113320=ORIENTED_EDGE('',*,*,#113310,.F.);
#113330=ORIENTED_EDGE('',*,*,#107660,.T.);
#113340=ORIENTED_EDGE('',*,*,#112620,.F.);
#113350=EDGE_LOOP('',(#113340,#113330,#113320,#113260));
#113360=FACE_OUTER_BOUND('',#113350,.T.);
#113370=ADVANCED_FACE('',(#113360),#113170,.T.);
#113380=COLOUR_RGB('',5.0196081399917603E-01,1.0000000000000000E+00,
   5.0196081399917603E-01);
#113390=FILL_AREA_STYLE_COLOUR('',#113380);
#113400=FILL_AREA_STYLE('',(#113390));
#113410=SURFACE_STYLE_FILL_AREA(#113400);
#113420=SURFACE_SIDE_STYLE('',(#113410));
#113430=SURFACE_STYLE_USAGE(.BOTH.,#113420);
#113440=PRESENTATION_STYLE_ASSIGNMENT((#113430));
#113450=CARTESIAN_POINT('',(-3.4754188756857012E+01,
   1.8683844298135504E+01,2.7500000000000000E+01));
#113460=DIRECTION('',(-2.8878751958534577E-14,-1.0000000000000000E+00,
   -0.0000000000000000E+00));
#113470=DIRECTION('',(-1.0000000000000000E+00,2.8878751958534577E-14,
   0.0000000000000000E+00));
#113480=AXIS2_PLACEMENT_3D('',#113450,#113460,#113470);
#113490=PLANE('',#113480);
#113500=CARTESIAN_POINT('',(0.0000000000000000E+00,
   1.8683844298134495E+01,2.7500000000000000E+01));
#113510=DIRECTION('',(1.0000000000000000E+00,-2.8878751958534577E-14,
   0.0000000000000000E+00));
#113520=VECTOR('',#113510,1.0000000000000000E+00);
#113530=LINE('',#113500,#113520);
#113540=CARTESIAN_POINT('',(-3.4754188756857012E+01,
   1.8683844298135504E+01,2.7500000000000000E+01));
#113550=VERTEX_POINT('',#113540);
#113560=EDGE_CURVE('',#113550,#113240,#113530,.T.);
#113570=ORIENTED_EDGE('',*,*,#113560,.T.);
#113580=CARTESIAN_POINT('',(-3.4754188756857012E+01,
   1.8683844298135504E+01,2.7500000000000000E+01));
#113590=DIRECTION('',(0.0000000000000000E+00,0.0000000000000000E+00,
   -1.0000000000000000E+00));
#113600=VECTOR('',#113590,1.0000000000000000E+00);
#113610=LINE('',#113580,#113600);
#113620=EDGE_CURVE('',#113550,#107730,#113610,.T.);
#113630=ORIENTED_EDGE('',*,*,#113620,.F.);
#113640=ORIENTED_EDGE('',*,*,#107740,.F.);
#113650=ORIENTED_EDGE('',*,*,#113310,.T.);
#113660=EDGE_LOOP('',(#113650,#113640,#113630,#113570));
#113670=FACE_OUTER_BOUND('',#113660,.T.);
#113680=ADVANCED_FACE('',(#113670),#113490,.F.);
#113690=COLOUR_RGB('',5.0196081399917603E-01,1.0000000000000000E+00,
   5.0196081399917603E-01);
#113700=FILL_AREA_STYLE_COLOUR('',#113690);
#113710=FILL_AREA_STYLE('',(#113700));
#113720=SURFACE_STYLE_FILL_AREA(#113710);
#113730=SURFACE_SIDE_STYLE('',(#113720));
#113740=SURFACE_STYLE_USAGE(.BOTH.,#113730);
#113750=PRESENTATION_STYLE_ASSIGNMENT((#113740));
#113760=CARTESIAN_POINT('',(-3.4754188756857012E+01,
   1.8525747438702062E+01,2.7500000000000000E+01));
#113770=DIRECTION('',(0.0000000000000000E+00,0.0000000000000000E+00,
   1.0000000000000000E+00));
#113780=DIRECTION('',(1.0000000000000000E+00,0.0000000000000000E+00,
   0.0000000000000000E+00));
#113790=AXIS2_PLACEMENT_3D('',#113760,#113770,#113780);
#113800=CYLINDRICAL_SURFACE('',#113790,1.5809685943344043E-01);
#113810=CARTESIAN_POINT('',(-3.4754188756857012E+01,
   1.8525747438702062E+01,2.7500000000000000E+01));
#113820=DIRECTION('',(0.0000000000000000E+00,0.0000000000000000E+00,
   1.0000000000000000E+00));
#113830=DIRECTION('',(1.0000000000000000E+00,0.0000000000000000E+00,
   0.0000000000000000E+00));
#113840=AXIS2_PLACEMENT_3D('',#113810,#113820,#113830);
#113850=CIRCLE('',#113840,1.5809685943344043E-01);
#113860=CARTESIAN_POINT('',(-3.4912285616290454E+01,
   1.8525747438702062E+01,2.7500000000000000E+01));
#113870=VERTEX_POINT('',#113860);
#113880=EDGE_CURVE('',#113550,#113870,#113850,.T.);
#113890=ORIENTED_EDGE('',*,*,#113880,.F.);
#113900=CARTESIAN_POINT('',(-3.4912285616290454E+01,
   1.8525747438702062E+01,2.7500000000000000E+01));
#113910=DIRECTION('',(0.0000000000000000E+00,0.0000000000000000E+00,
   1.0000000000000000E+00));
#113920=VECTOR('',#113910,1.0000000000000000E+00);
#113930=LINE('',#113900,#113920);
#113940=EDGE_CURVE('',#107820,#113870,#113930,.T.);
#113950=ORIENTED_EDGE('',*,*,#113940,.T.);
#113960=ORIENTED_EDGE('',*,*,#107830,.T.);
#113970=ORIENTED_EDGE('',*,*,#113620,.T.);
#113980=EDGE_LOOP('',(#113970,#113960,#113950,#113890));
#113990=FACE_OUTER_BOUND('',#113980,.T.);
#114000=ADVANCED_FACE('',(#113990),#113800,.T.);
#114010=COLOUR_RGB('',5.0196081399917603E-01,1.0000000000000000E+00,
   5.0196081399917603E-01);
#114020=FILL_AREA_STYLE_COLOUR('',#114010);
#114030=FILL_AREA_STYLE('',(#114020));
#114040=SURFACE_STYLE_FILL_AREA(#114030);
#114050=SURFACE_SIDE_STYLE('',(#114040));
#114060=SURFACE_STYLE_USAGE(.BOTH.,#114050);
#114070=PRESENTATION_STYLE_ASSIGNMENT((#114060));
#114080=CARTESIAN_POINT('',(-3.4912285616290511E+01,
   1.6491958209937998E+01,2.7500000000000000E+01));
#114090=DIRECTION('',(1.0000000000000000E+00,0.0000000000000000E+00,
   0.0000000000000000E+00));
#114100=DIRECTION('',(0.0000000000000000E+00,-1.0000000000000000E+00,
   0.0000000000000000E+00));
#114110=AXIS2_PLACEMENT_3D('',#114080,#114090,#114100);
#114120=PLANE('',#114110);
#114130=CARTESIAN_POINT('',(-3.4912285616290511E+01,
   0.0000000000000000E+00,2.7500000000000000E+01));
#114140=DIRECTION('',(0.0000000000000000E+00,1.0000000000000000E+00,
   0.0000000000000000E+00));
#114150=VECTOR('',#114140,1.0000000000000000E+00);
#114160=LINE('',#114130,#114150);
#114170=CARTESIAN_POINT('',(-3.4912285616290511E+01,
   1.6491958209937998E+01,2.7500000000000000E+01));
#114180=VERTEX_POINT('',#114170);
#114190=EDGE_CURVE('',#114180,#113870,#114160,.T.);
#114200=ORIENTED_EDGE('',*,*,#114190,.T.);
#114210=CARTESIAN_POINT('',(-3.4912285616290511E+01,
   1.6491958209937998E+01,2.7500000000000000E+01));
#114220=DIRECTION('',(0.0000000000000000E+00,0.0000000000000000E+00,
   1.0000000000000000E+00));
#114230=VECTOR('',#114220,1.0000000000000000E+00);
#114240=LINE('',#114210,#114230);
#114250=EDGE_CURVE('',#107900,#114180,#114240,.T.);
#114260=ORIENTED_EDGE('',*,*,#114250,.T.);
#114270=ORIENTED_EDGE('',*,*,#107910,.T.);
#114280=ORIENTED_EDGE('',*,*,#113940,.F.);
#114290=EDGE_LOOP('',(#114280,#114270,#114260,#114200));
#114300=FACE_OUTER_BOUND('',#114290,.T.);
#114310=ADVANCED_FACE('',(#114300),#114120,.F.);
#114320=COLOUR_RGB('',5.0196081399917603E-01,1.0000000000000000E+00,
   5.0196081399917603E-01);
#114330=FILL_AREA_STYLE_COLOUR('',#114320);
#114340=FILL_AREA_STYLE('',(#114330));
#114350=SURFACE_STYLE_FILL_AREA(#114340);
#114360=SURFACE_SIDE_STYLE('',(#114350));
#114370=SURFACE_STYLE_USAGE(.BOTH.,#114360);
#114380=PRESENTATION_STYLE_ASSIGNMENT((#114370));
#114390=CARTESIAN_POINT('',(-3.4754188756857012E+01,
   1.6491958209937998E+01,2.7500000000000000E+01));
#114400=DIRECTION('',(0.0000000000000000E+00,0.0000000000000000E+00,
   1.0000000000000000E+00));
#114410=DIRECTION('',(1.0000000000000000E+00,0.0000000000000000E+00,
   0.0000000000000000E+00));
#114420=AXIS2_PLACEMENT_3D('',#114390,#114400,#114410);
#114430=CYLINDRICAL_SURFACE('',#114420,1.5809685943349905E-01);
#114440=CARTESIAN_POINT('',(-3.4754188756857012E+01,
   1.6491958209937998E+01,2.7500000000000000E+01));
#114450=DIRECTION('',(0.0000000000000000E+00,0.0000000000000000E+00,
   1.0000000000000000E+00));
#114460=DIRECTION('',(1.0000000000000000E+00,0.0000000000000000E+00,
   0.0000000000000000E+00));
#114470=AXIS2_PLACEMENT_3D('',#114440,#114450,#114460);
#114480=CIRCLE('',#114470,1.5809685943349905E-01);
#114490=CARTESIAN_POINT('',(-3.4754188756857012E+01,
   1.6333861350504499E+01,2.7500000000000000E+01));
#114500=VERTEX_POINT('',#114490);
#114510=EDGE_CURVE('',#114180,#114500,#114480,.T.);
#114520=ORIENTED_EDGE('',*,*,#114510,.F.);
#114530=CARTESIAN_POINT('',(-3.4754188756857012E+01,
   1.6333861350504563E+01,2.7500000000000000E+01));
#114540=DIRECTION('',(0.0000000000000000E+00,0.0000000000000000E+00,
   -1.0000000000000000E+00));
#114550=VECTOR('',#114540,1.0000000000000000E+00);
#114560=LINE('',#114530,#114550);
#114570=EDGE_CURVE('',#114500,#107990,#114560,.T.);
#114580=ORIENTED_EDGE('',*,*,#114570,.F.);
#114590=ORIENTED_EDGE('',*,*,#108000,.T.);
#114600=ORIENTED_EDGE('',*,*,#114250,.F.);
#114610=EDGE_LOOP('',(#114600,#114590,#114580,#114520));
#114620=FACE_OUTER_BOUND('',#114610,.T.);
#114630=ADVANCED_FACE('',(#114620),#114430,.T.);
#114640=COLOUR_RGB('',5.0196081399917603E-01,1.0000000000000000E+00,
   5.0196081399917603E-01);
#114650=FILL_AREA_STYLE_COLOUR('',#114640);
#114660=FILL_AREA_STYLE('',(#114650));
#114670=SURFACE_STYLE_FILL_AREA(#114660);
#114680=SURFACE_SIDE_STYLE('',(#114670));
#114690=SURFACE_STYLE_USAGE(.BOTH.,#114680);
#114700=PRESENTATION_STYLE_ASSIGNMENT((#114690));
#114710=CARTESIAN_POINT('',(-3.4077569308015903E+01,
   1.6333861350504563E+01,2.7500000000000000E+01));
#114720=DIRECTION('',(-0.0000000000000000E+00,1.0000000000000000E+00,
   0.0000000000000000E+00));
#114730=DIRECTION('',(1.0000000000000000E+00,0.0000000000000000E+00,
   0.0000000000000000E+00));
#114740=AXIS2_PLACEMENT_3D('',#114710,#114720,#114730);
#114750=PLANE('',#114740);
#114760=CARTESIAN_POINT('',(0.0000000000000000E+00,
   1.6333861350504563E+01,2.7500000000000000E+01));
#114770=DIRECTION('',(-1.0000000000000000E+00,0.0000000000000000E+00,
   0.0000000000000000E+00));
#114780=VECTOR('',#114770,1.0000000000000000E+00);
#114790=LINE('',#114760,#114780);
#114800=CARTESIAN_POINT('',(-3.4077569308015903E+01,
   1.6333861350504556E+01,2.7500000000000000E+01));
#114810=VERTEX_POINT('',#114800);
#114820=EDGE_CURVE('',#114810,#114500,#114790,.T.);
#114830=ORIENTED_EDGE('',*,*,#114820,.T.);
#114840=CARTESIAN_POINT('',(-3.4077569308015903E+01,
   1.6333861350504563E+01,2.7500000000000000E+01));
#114850=DIRECTION('',(0.0000000000000000E+00,0.0000000000000000E+00,
   -1.0000000000000000E+00));
#114860=VECTOR('',#114850,1.0000000000000000E+00);
#114870=LINE('',#114840,#114860);
#114880=EDGE_CURVE('',#114810,#108070,#114870,.T.);
#114890=ORIENTED_EDGE('',*,*,#114880,.F.);
#114900=ORIENTED_EDGE('',*,*,#108080,.F.);
#114910=ORIENTED_EDGE('',*,*,#114570,.T.);
#114920=EDGE_LOOP('',(#114910,#114900,#114890,#114830));
#114930=FACE_OUTER_BOUND('',#114920,.T.);
#114940=ADVANCED_FACE('',(#114930),#114750,.F.);
#114950=COLOUR_RGB('',5.0196081399917603E-01,1.0000000000000000E+00,
   5.0196081399917603E-01);
#114960=FILL_AREA_STYLE_COLOUR('',#114950);
#114970=FILL_AREA_STYLE('',(#114960));
#114980=SURFACE_STYLE_FILL_AREA(#114970);
#114990=SURFACE_SIDE_STYLE('',(#114980));
#115000=SURFACE_STYLE_USAGE(.BOTH.,#114990);
#115010=PRESENTATION_STYLE_ASSIGNMENT((#115000));
#115020=CARTESIAN_POINT('',(-3.4077569308015903E+01,
   1.6491958209937998E+01,2.7500000000000000E+01));
#115030=DIRECTION('',(0.0000000000000000E+00,0.0000000000000000E+00,
   1.0000000000000000E+00));
#115040=DIRECTION('',(1.0000000000000000E+00,0.0000000000000000E+00,
   0.0000000000000000E+00));
#115050=AXIS2_PLACEMENT_3D('',#115020,#115030,#115040);
#115060=CYLINDRICAL_SURFACE('',#115050,1.5809685943343865E-01);
#115070=CARTESIAN_POINT('',(-3.4077569308015903E+01,
   1.6491958209937998E+01,2.7500000000000000E+01));
#115080=DIRECTION('',(0.0000000000000000E+00,0.0000000000000000E+00,
   1.0000000000000000E+00));
#115090=DIRECTION('',(1.0000000000000000E+00,0.0000000000000000E+00,
   0.0000000000000000E+00));
#115100=AXIS2_PLACEMENT_3D('',#115070,#115080,#115090);
#115110=CIRCLE('',#115100,1.5809685943343865E-01);
#115120=CARTESIAN_POINT('',(-3.3919472448582468E+01,
   1.6491958209937998E+01,2.7500000000000000E+01));
#115130=VERTEX_POINT('',#115120);
#115140=EDGE_CURVE('',#114810,#115130,#115110,.T.);
#115150=ORIENTED_EDGE('',*,*,#115140,.F.);
#115160=CARTESIAN_POINT('',(-3.3919472448582468E+01,
   1.6491958209937998E+01,2.7500000000000000E+01));
#115170=DIRECTION('',(0.0000000000000000E+00,0.0000000000000000E+00,
   1.0000000000000000E+00));
#115180=VECTOR('',#115170,1.0000000000000000E+00);
#115190=LINE('',#115160,#115180);
#115200=EDGE_CURVE('',#108160,#115130,#115190,.T.);
#115210=ORIENTED_EDGE('',*,*,#115200,.T.);
#115220=ORIENTED_EDGE('',*,*,#108170,.T.);
#115230=ORIENTED_EDGE('',*,*,#114880,.T.);
#115240=EDGE_LOOP('',(#115230,#115220,#115210,#115150));
#115250=FACE_OUTER_BOUND('',#115240,.T.);
#115260=ADVANCED_FACE('',(#115250),#115060,.T.);
#115270=COLOUR_RGB('',5.0196081399917603E-01,1.0000000000000000E+00,
   5.0196081399917603E-01);
#115280=FILL_AREA_STYLE_COLOUR('',#115270);
#115290=FILL_AREA_STYLE('',(#115280));
#115300=SURFACE_STYLE_FILL_AREA(#115290);
#115310=SURFACE_SIDE_STYLE('',(#115300));
#115320=SURFACE_STYLE_USAGE(.BOTH.,#115310);
#115330=PRESENTATION_STYLE_ASSIGNMENT((#115320));
#115340=CARTESIAN_POINT('',(-3.3919472448582603E+01,
   1.7179522960451457E+01,2.7500000000000000E+01));
#115350=DIRECTION('',(-1.0000000000000000E+00,0.0000000000000000E+00,
   0.0000000000000000E+00));
#115360=DIRECTION('',(0.0000000000000000E+00,1.0000000000000000E+00,
   0.0000000000000000E+00));
#115370=AXIS2_PLACEMENT_3D('',#115340,#115350,#115360);
#115380=PLANE('',#115370);
#115390=CARTESIAN_POINT('',(-3.3919472448582603E+01,
   0.0000000000000000E+00,2.7500000000000000E+01));
#115400=DIRECTION('',(0.0000000000000000E+00,-1.0000000000000000E+00,
   0.0000000000000000E+00));
#115410=VECTOR('',#115400,1.0000000000000000E+00);
#115420=LINE('',#115390,#115410);
#115430=CARTESIAN_POINT('',(-3.3919472448582603E+01,
   1.7179522960451457E+01,2.7500000000000000E+01));
#115440=VERTEX_POINT('',#115430);
#115450=EDGE_CURVE('',#115440,#115130,#115420,.T.);
#115460=ORIENTED_EDGE('',*,*,#115450,.T.);
#115470=CARTESIAN_POINT('',(-3.3919472448582603E+01,
   1.7179522960451457E+01,2.7500000000000000E+01));
#115480=DIRECTION('',(0.0000000000000000E+00,0.0000000000000000E+00,
   1.0000000000000000E+00));
#115490=VECTOR('',#115480,1.0000000000000000E+00);
#115500=LINE('',#115470,#115490);
#115510=EDGE_CURVE('',#108240,#115440,#115500,.T.);
#115520=ORIENTED_EDGE('',*,*,#115510,.T.);
#115530=ORIENTED_EDGE('',*,*,#108250,.F.);
#115540=ORIENTED_EDGE('',*,*,#115200,.F.);
#115550=EDGE_LOOP('',(#115540,#115530,#115520,#115460));
#115560=FACE_OUTER_BOUND('',#115550,.T.);
#115570=ADVANCED_FACE('',(#115560),#115380,.F.);
#115580=COLOUR_RGB('',5.0196081399917603E-01,1.0000000000000000E+00,
   5.0196081399917603E-01);
#115590=FILL_AREA_STYLE_COLOUR('',#115580);
#115600=FILL_AREA_STYLE('',(#115590));
#115610=SURFACE_STYLE_FILL_AREA(#115600);
#115620=SURFACE_SIDE_STYLE('',(#115610));
#115630=SURFACE_STYLE_USAGE(.BOTH.,#115620);
#115640=PRESENTATION_STYLE_ASSIGNMENT((#115630));
#115650=CARTESIAN_POINT('',(-3.4077569308015903E+01,
   1.7179522960451457E+01,2.7500000000000000E+01));
#115660=DIRECTION('',(0.0000000000000000E+00,0.0000000000000000E+00,
   1.0000000000000000E+00));
#115670=DIRECTION('',(1.0000000000000000E+00,0.0000000000000000E+00,
   0.0000000000000000E+00));
#115680=AXIS2_PLACEMENT_3D('',#115650,#115660,#115670);
#115690=CYLINDRICAL_SURFACE('',#115680,1.5809685943330010E-01);
#115700=CARTESIAN_POINT('',(-3.4077569308015903E+01,
   1.7179522960451457E+01,2.7500000000000000E+01));
#115710=DIRECTION('',(0.0000000000000000E+00,0.0000000000000000E+00,
   1.0000000000000000E+00));
#115720=DIRECTION('',(1.0000000000000000E+00,0.0000000000000000E+00,
   0.0000000000000000E+00));
#115730=AXIS2_PLACEMENT_3D('',#115700,#115710,#115720);
#115740=CIRCLE('',#115730,1.5809685943330010E-01);
#115750=CARTESIAN_POINT('',(-3.4008549739370046E+01,
   1.7321758385387071E+01,2.7500000000000000E+01));
#115760=VERTEX_POINT('',#115750);
#115770=EDGE_CURVE('',#115440,#115760,#115740,.T.);
#115780=ORIENTED_EDGE('',*,*,#115770,.F.);
#115790=CARTESIAN_POINT('',(-3.4008549739370004E+01,
   1.7321758385387163E+01,2.7500000000000000E+01));
#115800=DIRECTION('',(0.0000000000000000E+00,0.0000000000000000E+00,
   -1.0000000000000000E+00));
#115810=VECTOR('',#115800,1.0000000000000000E+00);
#115820=LINE('',#115790,#115810);
#115830=EDGE_CURVE('',#115760,#108330,#115820,.T.);
#115840=ORIENTED_EDGE('',*,*,#115830,.F.);
#115850=ORIENTED_EDGE('',*,*,#108340,.T.);
#115860=ORIENTED_EDGE('',*,*,#115510,.F.);
#115870=EDGE_LOOP('',(#115860,#115850,#115840,#115780));
#115880=FACE_OUTER_BOUND('',#115870,.T.);
#115890=ADVANCED_FACE('',(#115880),#115690,.T.);
#115900=COLOUR_RGB('',5.0196081399917603E-01,1.0000000000000000E+00,
   5.0196081399917603E-01);
#115910=FILL_AREA_STYLE_COLOUR('',#115900);
#115920=FILL_AREA_STYLE('',(#115910));
#115930=SURFACE_STYLE_FILL_AREA(#115920);
#115940=SURFACE_SIDE_STYLE('',(#115930));
#115950=SURFACE_STYLE_USAGE(.BOTH.,#115940);
#115960=PRESENTATION_STYLE_ASSIGNMENT((#115950));
#115970=CARTESIAN_POINT('',(-3.3809159874392797E+01,
   1.7732660724090302E+01,2.7500000000000000E+01));
#115980=DIRECTION('',(0.0000000000000000E+00,0.0000000000000000E+00,
   1.0000000000000000E+00));
#115990=DIRECTION('',(1.0000000000000000E+00,0.0000000000000000E+00,
   0.0000000000000000E+00));
#116000=AXIS2_PLACEMENT_3D('',#115970,#115980,#115990);
#116010=CYLINDRICAL_SURFACE('',#116000,4.5672426058551835E-01);
#116020=CARTESIAN_POINT('',(-3.3809159874392797E+01,
   1.7732660724090302E+01,2.7500000000000000E+01));
#116030=DIRECTION('',(0.0000000000000000E+00,0.0000000000000000E+00,
   1.0000000000000000E+00));
#116040=DIRECTION('',(1.0000000000000000E+00,0.0000000000000000E+00,
   0.0000000000000000E+00));
#116050=AXIS2_PLACEMENT_3D('',#116020,#116030,#116040);
#116060=CIRCLE('',#116050,4.5672426058551835E-01);
#116070=CARTESIAN_POINT('',(-3.4265884134978315E+01,
   1.7732660724090302E+01,2.7500000000000000E+01));
#116080=VERTEX_POINT('',#116070);
#116090=EDGE_CURVE('',#116080,#115760,#116060,.T.);
#116100=ORIENTED_EDGE('',*,*,#116090,.T.);
#116110=CARTESIAN_POINT('',(-3.4265884134978315E+01,
   1.7732660724090302E+01,2.7500000000000000E+01));
#116120=DIRECTION('',(0.0000000000000000E+00,0.0000000000000000E+00,
   1.0000000000000000E+00));
#116130=VECTOR('',#116120,1.0000000000000000E+00);
#116140=LINE('',#116110,#116130);
#116150=EDGE_CURVE('',#108420,#116080,#116140,.T.);
#116160=ORIENTED_EDGE('',*,*,#116150,.T.);
#116170=ORIENTED_EDGE('',*,*,#108430,.F.);
#116180=ORIENTED_EDGE('',*,*,#115830,.T.);
#116190=EDGE_LOOP('',(#116180,#116170,#116160,#116100));
#116200=FACE_OUTER_BOUND('',#116190,.T.);
#116210=ADVANCED_FACE('',(#116200),#116010,.F.);
#116220=COLOUR_RGB('',5.0196081399917603E-01,1.0000000000000000E+00,
   5.0196081399917603E-01);
#116230=FILL_AREA_STYLE_COLOUR('',#116220);
#116240=FILL_AREA_STYLE('',(#116230));
#116250=SURFACE_STYLE_FILL_AREA(#116240);
#116260=SURFACE_SIDE_STYLE('',(#116250));
#116270=SURFACE_STYLE_USAGE(.BOTH.,#116260);
#116280=PRESENTATION_STYLE_ASSIGNMENT((#116270));
#116290=ORIENTED_EDGE('',*,*,#112930,.T.);
#116300=EDGE_CURVE('',#112920,#116080,#116060,.T.);
#116310=ORIENTED_EDGE('',*,*,#116300,.F.);
#116320=ORIENTED_EDGE('',*,*,#116090,.F.);
#116330=ORIENTED_EDGE('',*,*,#115770,.T.);
#116340=ORIENTED_EDGE('',*,*,#115450,.F.);
#116350=ORIENTED_EDGE('',*,*,#115140,.T.);
#116360=ORIENTED_EDGE('',*,*,#114820,.F.);
#116370=ORIENTED_EDGE('',*,*,#114510,.T.);
#116380=ORIENTED_EDGE('',*,*,#114190,.F.);
#116390=ORIENTED_EDGE('',*,*,#113880,.T.);
#116400=ORIENTED_EDGE('',*,*,#113560,.F.);
#116410=ORIENTED_EDGE('',*,*,#113250,.T.);
#116420=ORIENTED_EDGE('',*,*,#112560,.F.);
#116430=EDGE_LOOP('',(#116420,#116410,#116400,#116390,#116380,#116370,
   #116360,#116350,#116340,#116330,#116320,#116310,#116290));
#116440=FACE_OUTER_BOUND('',#116430,.T.);
#116450=ADVANCED_FACE('',(#116440),#102790,.T.);
#116460=COLOUR_RGB('',5.0196081399917603E-01,1.0000000000000000E+00,
   5.0196081399917603E-01);
#116470=FILL_AREA_STYLE_COLOUR('',#116460);
#116480=FILL_AREA_STYLE('',(#116470));
#116490=SURFACE_STYLE_FILL_AREA(#116480);
#116500=SURFACE_SIDE_STYLE('',(#116490));
#116510=SURFACE_STYLE_USAGE(.BOTH.,#116500);
#116520=PRESENTATION_STYLE_ASSIGNMENT((#116510));
#116530=CARTESIAN_POINT('',(-3.3809159874392797E+01,
   1.7732660724090302E+01,2.7500000000000000E+01));
#116540=DIRECTION('',(0.0000000000000000E+00,0.0000000000000000E+00,
   1.0000000000000000E+00));
#116550=DIRECTION('',(1.0000000000000000E+00,0.0000000000000000E+00,
   0.0000000000000000E+00));
#116560=AXIS2_PLACEMENT_3D('',#116530,#116540,#116550);
#116570=CYLINDRICAL_SURFACE('',#116560,2.2836213029279406E-01);
#116580=CARTESIAN_POINT('',(-3.3580797744100003E+01,
   1.7732660724090302E+01,2.7500000000000000E+01));
#116590=DIRECTION('',(0.0000000000000000E+00,0.0000000000000000E+00,
   1.0000000000000000E+00));
#116600=VECTOR('',#116590,1.0000000000000000E+00);
#116610=LINE('',#116580,#116600);
#116620=CARTESIAN_POINT('',(-3.3580797744100003E+01,
   1.7732660724090302E+01,2.7500000000000000E+01));
#116630=VERTEX_POINT('',#116620);
#116640=EDGE_CURVE('',#108720,#116630,#116610,.T.);
#116650=ORIENTED_EDGE('',*,*,#116640,.T.);
#116660=ORIENTED_EDGE('',*,*,#108770,.T.);
#116670=CARTESIAN_POINT('',(-3.4037522004685592E+01,
   1.7732660724090302E+01,2.7500000000000000E+01));
#116680=DIRECTION('',(0.0000000000000000E+00,0.0000000000000000E+00,
   1.0000000000000000E+00));
#116690=VECTOR('',#116680,1.0000000000000000E+00);
#116700=LINE('',#116670,#116690);
#116710=CARTESIAN_POINT('',(-3.4037522004685592E+01,
   1.7732660724090302E+01,2.7500000000000000E+01));
#116720=VERTEX_POINT('',#116710);
#116730=EDGE_CURVE('',#108740,#116720,#116700,.T.);
#116740=ORIENTED_EDGE('',*,*,#116730,.F.);
#116750=CARTESIAN_POINT('',(-3.3809159874392797E+01,
   1.7732660724090302E+01,2.7500000000000000E+01));
#116760=DIRECTION('',(0.0000000000000000E+00,0.0000000000000000E+00,
   1.0000000000000000E+00));
#116770=DIRECTION('',(1.0000000000000000E+00,0.0000000000000000E+00,
   0.0000000000000000E+00));
#116780=AXIS2_PLACEMENT_3D('',#116750,#116760,#116770);
#116790=CIRCLE('',#116780,2.2836213029279406E-01);
#116800=EDGE_CURVE('',#116720,#116630,#116790,.T.);
#116810=ORIENTED_EDGE('',*,*,#116800,.F.);
#116820=EDGE_LOOP('',(#116810,#116740,#116660,#116650));
#116830=FACE_OUTER_BOUND('',#116820,.T.);
#116840=ADVANCED_FACE('',(#116830),#116570,.T.);
#116850=COLOUR_RGB('',5.0196081399917603E-01,1.0000000000000000E+00,
   5.0196081399917603E-01);
#116860=FILL_AREA_STYLE_COLOUR('',#116850);
#116870=FILL_AREA_STYLE('',(#116860));
#116880=SURFACE_STYLE_FILL_AREA(#116870);
#116890=SURFACE_SIDE_STYLE('',(#116880));
#116900=SURFACE_STYLE_USAGE(.BOTH.,#116890);
#116910=PRESENTATION_STYLE_ASSIGNMENT((#116900));
#116920=EDGE_CURVE('',#116630,#116720,#116790,.T.);
#116930=ORIENTED_EDGE('',*,*,#116920,.T.);
#116940=ORIENTED_EDGE('',*,*,#116800,.T.);
#116950=EDGE_LOOP('',(#116940,#116930));
#116960=FACE_OUTER_BOUND('',#116950,.T.);
#116970=ADVANCED_FACE('',(#116960),#102790,.T.);
#116980=COLOUR_RGB('',5.0196081399917603E-01,1.0000000000000000E+00,
   5.0196081399917603E-01);
#116990=FILL_AREA_STYLE_COLOUR('',#116980);
#117000=FILL_AREA_STYLE('',(#116990));
#117010=SURFACE_STYLE_FILL_AREA(#117000);
#117020=SURFACE_SIDE_STYLE('',(#117010));
#117030=SURFACE_STYLE_USAGE(.BOTH.,#117020);
#117040=PRESENTATION_STYLE_ASSIGNMENT((#117030));
#117050=CARTESIAN_POINT('',(0.0000000000000000E+00,
   0.0000000000000000E+00,2.6375000000000000E+01));
#117060=DIRECTION('',(0.0000000000000000E+00,0.0000000000000000E+00,
   1.0000000000000000E+00));
#117070=DIRECTION('',(1.0000000000000000E+00,0.0000000000000000E+00,
   0.0000000000000000E+00));
#117080=AXIS2_PLACEMENT_3D('',#117050,#117060,#117070);
#117090=PLANE('',#117080);
#117100=ORIENTED_EDGE('',*,*,#87870,.T.);
#117110=ORIENTED_EDGE('',*,*,#53140,.T.);
#117120=ORIENTED_EDGE('',*,*,#48920,.T.);
#117130=ORIENTED_EDGE('',*,*,#65230,.T.);
#117140=EDGE_LOOP('',(#117130,#117120,#117110,#117100));
#117150=FACE_OUTER_BOUND('',#117140,.T.);
#117160=ADVANCED_FACE('',(#117150),#117090,.F.);
#117170=COLOUR_RGB('',5.0196081399917603E-01,1.0000000000000000E+00,
   5.0196081399917603E-01);
#117180=FILL_AREA_STYLE_COLOUR('',#117170);
#117190=FILL_AREA_STYLE('',(#117180));
#117200=SURFACE_STYLE_FILL_AREA(#117190);
#117210=SURFACE_SIDE_STYLE('',(#117200));
#117220=SURFACE_STYLE_USAGE(.BOTH.,#117210);
#117230=PRESENTATION_STYLE_ASSIGNMENT((#117220));
#117240=CARTESIAN_POINT('',(-3.8579003587298210E+01,
   1.9228852824316121E+01,2.5000000000000000E+01));
#117250=DIRECTION('',(9.6592582628906809E-01,2.5881904510252152E-01,
   0.0000000000000000E+00));
#117260=DIRECTION('',(2.5881904510252152E-01,-9.6592582628906809E-01,
   0.0000000000000000E+00));
#117270=AXIS2_PLACEMENT_3D('',#117240,#117250,#117260);
#117280=PLANE('',#117270);
#117290=ORIENTED_EDGE('',*,*,#65310,.T.);
#117300=ORIENTED_EDGE('',*,*,#48840,.F.);
#117310=CARTESIAN_POINT('',(-3.3426648001645773E+01,
   0.0000000000000000E+00,2.5569285126661306E+01));
#117320=DIRECTION('',(-2.5759337550319977E-01,9.6135156507110675E-01,
   -9.7205047359698329E-02));
#117330=VECTOR('',#117320,1.0000000000000000E+00);
#117340=LINE('',#117310,#117330);
#117350=CARTESIAN_POINT('',(-3.8876268972941219E+01,
   2.0338262346867381E+01,2.3512824382776227E+01));
#117360=VERTEX_POINT('',#117350);
#117370=EDGE_CURVE('',#48750,#117360,#117340,.T.);
#117380=ORIENTED_EDGE('',*,*,#117370,.F.);
#117390=CARTESIAN_POINT('',(-3.8876268972941219E+01,
   2.0338262346867381E+01,2.5000000000000000E+01));
#117400=DIRECTION('',(0.0000000000000000E+00,0.0000000000000000E+00,
   1.0000000000000000E+00));
#117410=VECTOR('',#117400,1.0000000000000000E+00);
#117420=LINE('',#117390,#117410);
#117430=EDGE_CURVE('',#117360,#65300,#117420,.T.);
#117440=ORIENTED_EDGE('',*,*,#117430,.F.);
#117450=EDGE_LOOP('',(#117440,#117380,#117300,#117290));
#117460=FACE_OUTER_BOUND('',#117450,.T.);
#117470=ADVANCED_FACE('',(#117460),#117280,.F.);
#117480=COLOUR_RGB('',5.0196081399917603E-01,1.0000000000000000E+00,
   5.0196081399917603E-01);
#117490=FILL_AREA_STYLE_COLOUR('',#117480);
#117500=FILL_AREA_STYLE('',(#117490));
#117510=SURFACE_STYLE_FILL_AREA(#117500);
#117520=SURFACE_SIDE_STYLE('',(#117510));
#117530=SURFACE_STYLE_USAGE(.BOTH.,#117520);
#117540=PRESENTATION_STYLE_ASSIGNMENT((#117530));
#117550=CARTESIAN_POINT('',(-3.6104003587298216E+01,
   1.5008852824316122E+01,2.4500000000000000E+01));
#117560=DIRECTION('',(-1.0000000000000000E+00,0.0000000000000000E+00,
   0.0000000000000000E+00));
#117570=DIRECTION('',(0.0000000000000000E+00,0.0000000000000000E+00,
   1.0000000000000000E+00));
#117580=AXIS2_PLACEMENT_3D('',#117550,#117560,#117570);
#117590=PLANE('',#117580);
#117600=CARTESIAN_POINT('',(-3.6104003587298216E+01,
   1.5008852824316122E+01,2.5000000000000000E+01));
#117610=DIRECTION('',(0.0000000000000000E+00,0.0000000000000000E+00,
   -1.0000000000000000E+00));
#117620=VECTOR('',#117610,1.0000000000000000E+00);
#117630=LINE('',#117600,#117620);
#117640=EDGE_CURVE('',#93870,#80990,#117630,.T.);
#117650=ORIENTED_EDGE('',*,*,#117640,.T.);
#117660=ORIENTED_EDGE('',*,*,#93880,.F.);
#117670=ORIENTED_EDGE('',*,*,#96100,.T.);
#117680=ORIENTED_EDGE('',*,*,#77590,.T.);
#117690=ORIENTED_EDGE('',*,*,#87650,.T.);
#117700=CARTESIAN_POINT('',(-3.6104003587298216E+01,
   1.5008852824316122E+01,2.4500000000000000E+01));
#117710=DIRECTION('',(0.0000000000000000E+00,-1.0000000000000000E+00,
   0.0000000000000000E+00));
#117720=VECTOR('',#117710,1.0000000000000000E+00);
#117730=LINE('',#117700,#117720);
#117740=EDGE_CURVE('',#81070,#87580,#117730,.T.);
#117750=ORIENTED_EDGE('',*,*,#117740,.T.);
#117760=ORIENTED_EDGE('',*,*,#81080,.T.);
#117770=EDGE_LOOP('',(#117760,#117750,#117690,#117680,#117670,#117660,
   #117650));
#117780=FACE_OUTER_BOUND('',#117770,.T.);
#117790=ADVANCED_FACE('',(#117780),#117590,.T.);
#117800=COLOUR_RGB('',9.4901967048645020E-01,9.4901967048645020E-01,
   1.0000000000000000E+00);
#117810=FILL_AREA_STYLE_COLOUR('',#117800);
#117820=FILL_AREA_STYLE('',(#117810));
#117830=SURFACE_STYLE_FILL_AREA(#117820);
#117840=SURFACE_SIDE_STYLE('',(#117830));
#117850=SURFACE_STYLE_USAGE(.BOTH.,#117840);
#117860=PRESENTATION_STYLE_ASSIGNMENT((#117850));
#117870=CARTESIAN_POINT('',(-3.5854003587298216E+01,
   1.5508852824316122E+01,2.0000000000000000E+01));
#117880=DIRECTION('',(0.0000000000000000E+00,-1.0000000000000000E+00,
   0.0000000000000000E+00));
#117890=DIRECTION('',(1.0000000000000000E+00,0.0000000000000000E+00,
   0.0000000000000000E+00));
#117900=AXIS2_PLACEMENT_3D('',#117870,#117880,#117890);
#117910=CYLINDRICAL_SURFACE('',#117900,6.5000000000000002E-01);
#117920=CARTESIAN_POINT('',(-3.5204003587298217E+01,
   1.5508852824316122E+01,2.0000000000000000E+01));
#117930=DIRECTION('',(0.0000000000000000E+00,-1.0000000000000000E+00,
   0.0000000000000000E+00));
#117940=VECTOR('',#117930,1.0000000000000000E+00);
#117950=LINE('',#117920,#117940);
#117960=EDGE_CURVE('',#62830,#44410,#117950,.T.);
#117970=ORIENTED_EDGE('',*,*,#117960,.F.);
#117980=CARTESIAN_POINT('',(-3.5854003587298216E+01,
   1.5008852824316122E+01,2.0000000000000000E+01));
#117990=DIRECTION('',(0.0000000000000000E+00,-1.0000000000000000E+00,
   0.0000000000000000E+00));
#118000=DIRECTION('',(1.0000000000000000E+00,0.0000000000000000E+00,
   0.0000000000000000E+00));
#118010=AXIS2_PLACEMENT_3D('',#117980,#117990,#118000);
#118020=CIRCLE('',#118010,6.5000000000000002E-01);
#118030=EDGE_CURVE('',#44410,#44110,#118020,.T.);
#118040=ORIENTED_EDGE('',*,*,#118030,.F.);
#118050=CARTESIAN_POINT('',(-3.6504003587298214E+01,
   1.5508852824316122E+01,2.0000000000000000E+01));
#118060=DIRECTION('',(0.0000000000000000E+00,-1.0000000000000000E+00,
   0.0000000000000000E+00));
#118070=VECTOR('',#118060,1.0000000000000000E+00);
#118080=LINE('',#118050,#118070);
#118090=EDGE_CURVE('',#62810,#44110,#118080,.T.);
#118100=ORIENTED_EDGE('',*,*,#118090,.T.);
#118110=ORIENTED_EDGE('',*,*,#62860,.T.);
#118120=EDGE_LOOP('',(#118110,#118100,#118040,#117970));
#118130=FACE_OUTER_BOUND('',#118120,.T.);
#118140=ADVANCED_FACE('',(#118130),#117910,.T.);
#118150=COLOUR_RGB('',9.4901967048645020E-01,9.4901967048645020E-01,
   1.0000000000000000E+00);
#118160=FILL_AREA_STYLE_COLOUR('',#118150);
#118170=FILL_AREA_STYLE('',(#118160));
#118180=SURFACE_STYLE_FILL_AREA(#118170);
#118190=SURFACE_SIDE_STYLE('',(#118180));
#118200=SURFACE_STYLE_USAGE(.BOTH.,#118190);
#118210=PRESENTATION_STYLE_ASSIGNMENT((#118200));
#118220=CARTESIAN_POINT('',(-3.5604003587298216E+01,
   1.5008852824316122E+01,2.4500000000000000E+01));
#118230=DIRECTION('',(0.0000000000000000E+00,0.0000000000000000E+00,
   -1.0000000000000000E+00));
#118240=DIRECTION('',(-1.0000000000000000E+00,0.0000000000000000E+00,
   0.0000000000000000E+00));
#118250=AXIS2_PLACEMENT_3D('',#118220,#118230,#118240);
#118260=PLANE('',#118250);
#118270=ORIENTED_EDGE('',*,*,#117740,.F.);
#118280=ORIENTED_EDGE('',*,*,#87590,.T.);
#118290=ORIENTED_EDGE('',*,*,#78450,.T.);
#118300=ORIENTED_EDGE('',*,*,#81140,.T.);
#118310=EDGE_LOOP('',(#118300,#118290,#118280,#118270));
#118320=FACE_OUTER_BOUND('',#118310,.T.);
#118330=ADVANCED_FACE('',(#118320),#118260,.T.);
#118340=COLOUR_RGB('',9.4901967048645020E-01,9.4901967048645020E-01,
   1.0000000000000000E+00);
#118350=FILL_AREA_STYLE_COLOUR('',#118340);
#118360=FILL_AREA_STYLE('',(#118350));
#118370=SURFACE_STYLE_FILL_AREA(#118360);
#118380=SURFACE_SIDE_STYLE('',(#118370));
#118390=SURFACE_STYLE_USAGE(.BOTH.,#118380);
#118400=PRESENTATION_STYLE_ASSIGNMENT((#118390));
#118410=CARTESIAN_POINT('',(-3.5604003587298216E+01,
   1.5008852824316122E+01,2.0500000000000000E+01));
#118420=DIRECTION('',(1.0000000000000000E+00,-0.0000000000000000E+00,
   0.0000000000000000E+00));
#118430=DIRECTION('',(0.0000000000000000E+00,0.0000000000000000E+00,
   -1.0000000000000000E+00));
#118440=AXIS2_PLACEMENT_3D('',#118410,#118420,#118430);
#118450=PLANE('',#118440);
#118460=ORIENTED_EDGE('',*,*,#44380,.T.);
#118470=ORIENTED_EDGE('',*,*,#70420,.F.);
#118480=ORIENTED_EDGE('',*,*,#84120,.T.);
#118490=ORIENTED_EDGE('',*,*,#69910,.F.);
#118500=CARTESIAN_POINT('',(-3.5604003587298216E+01,
   -2.6716239164827719E+01,9.8556936822568595E+00));
#118510=DIRECTION('',(0.0000000000000000E+00,9.6592582628906842E-01,
   2.5881904510252046E-01));
#118520=VECTOR('',#118510,1.0000000000000000E+00);
#118530=LINE('',#118500,#118520);
#118540=CARTESIAN_POINT('',(-3.5604003587298216E+01,
   1.3008852824316122E+01,2.0500000000000000E+01));
#118550=VERTEX_POINT('',#118540);
#118560=EDGE_CURVE('',#69820,#118550,#118530,.T.);
#118570=ORIENTED_EDGE('',*,*,#118560,.F.);
#118580=CARTESIAN_POINT('',(-3.5604003587298216E+01,
   1.5008852824316122E+01,2.0500000000000000E+01));
#118590=DIRECTION('',(0.0000000000000000E+00,-1.0000000000000000E+00,
   0.0000000000000000E+00));
#118600=VECTOR('',#118590,1.0000000000000000E+00);
#118610=LINE('',#118580,#118600);
#118620=CARTESIAN_POINT('',(-3.5604003587298216E+01,
   1.5008852824316122E+01,2.0500000000000000E+01));
#118630=VERTEX_POINT('',#118620);
#118640=EDGE_CURVE('',#118630,#118550,#118610,.T.);
#118650=ORIENTED_EDGE('',*,*,#118640,.T.);
#118660=CARTESIAN_POINT('',(-3.5604003587298216E+01,
   1.5008852824316122E+01,2.5000000000000000E+01));
#118670=DIRECTION('',(0.0000000000000000E+00,0.0000000000000000E+00,
   1.0000000000000000E+00));
#118680=VECTOR('',#118670,1.0000000000000000E+00);
#118690=LINE('',#118660,#118680);
#118700=EDGE_CURVE('',#44370,#118630,#118690,.T.);
#118710=ORIENTED_EDGE('',*,*,#118700,.T.);
#118720=EDGE_LOOP('',(#118710,#118650,#118570,#118490,#118480,#118470,
   #118460));
#118730=FACE_OUTER_BOUND('',#118720,.T.);
#118740=ADVANCED_FACE('',(#118730),#118450,.T.);
#118750=COLOUR_RGB('',9.4901967048645020E-01,9.4901967048645020E-01,
   1.0000000000000000E+00);
#118760=FILL_AREA_STYLE_COLOUR('',#118750);
#118770=FILL_AREA_STYLE('',(#118760));
#118780=SURFACE_STYLE_FILL_AREA(#118770);
#118790=SURFACE_SIDE_STYLE('',(#118780));
#118800=SURFACE_STYLE_USAGE(.BOTH.,#118790);
#118810=PRESENTATION_STYLE_ASSIGNMENT((#118800));
#118820=CARTESIAN_POINT('',(-3.5854003587298216E+01,
   1.2508852824316122E+01,2.0366025403784441E+01));
#118830=DIRECTION('',(0.0000000000000000E+00,-2.5881904510252046E-01,
   9.6592582628906842E-01));
#118840=DIRECTION('',(0.0000000000000000E+00,9.6592582628906842E-01,
   2.5881904510252046E-01));
#118850=AXIS2_PLACEMENT_3D('',#118820,#118830,#118840);
#118860=PLANE('',#118850);
#118870=ORIENTED_EDGE('',*,*,#82340,.T.);
#118880=CARTESIAN_POINT('',(-8.8925674828030196E+01,
   1.3008852824316122E+01,2.0500000000000000E+01));
#118890=DIRECTION('',(-1.0000000000000000E+00,0.0000000000000000E+00,
   0.0000000000000000E+00));
#118900=VECTOR('',#118890,1.0000000000000000E+00);
#118910=LINE('',#118880,#118900);
#118920=EDGE_CURVE('',#118550,#82270,#118910,.T.);
#118930=ORIENTED_EDGE('',*,*,#118920,.T.);
#118940=ORIENTED_EDGE('',*,*,#118560,.T.);
#118950=ORIENTED_EDGE('',*,*,#69830,.T.);
#118960=EDGE_LOOP('',(#118950,#118940,#118930,#118870));
#118970=FACE_OUTER_BOUND('',#118960,.T.);
#118980=ADVANCED_FACE('',(#118970),#118860,.T.);
#118990=COLOUR_RGB('',9.4901967048645020E-01,9.4901967048645020E-01,
   1.0000000000000000E+00);
#119000=FILL_AREA_STYLE_COLOUR('',#118990);
#119010=FILL_AREA_STYLE('',(#119000));
#119020=SURFACE_STYLE_FILL_AREA(#119010);
#119030=SURFACE_SIDE_STYLE('',(#119020));
#119040=SURFACE_STYLE_USAGE(.BOTH.,#119030);
#119050=PRESENTATION_STYLE_ASSIGNMENT((#119040));
#119060=CARTESIAN_POINT('',(-3.6122820727760129E+01,
   1.5008852824316122E+01,1.9329240115268973E+01));
#119070=DIRECTION('',(0.0000000000000000E+00,-1.0000000000000000E+00,
   0.0000000000000000E+00));
#119080=DIRECTION('',(1.0000000000000000E+00,0.0000000000000000E+00,
   0.0000000000000000E+00));
#119090=AXIS2_PLACEMENT_3D('',#119060,#119070,#119080);
#119100=PLANE('',#119090);
#119110=CARTESIAN_POINT('',(-8.8925674828030196E+01,
   1.5008852824316122E+01,2.0500000000000000E+01));
#119120=DIRECTION('',(-1.0000000000000000E+00,0.0000000000000000E+00,
   0.0000000000000000E+00));
#119130=VECTOR('',#119120,1.0000000000000000E+00);
#119140=LINE('',#119110,#119130);
#119150=EDGE_CURVE('',#118630,#82190,#119140,.T.);
#119160=ORIENTED_EDGE('',*,*,#119150,.F.);
#119170=ORIENTED_EDGE('',*,*,#82200,.F.);
#119180=ORIENTED_EDGE('',*,*,#44140,.T.);
#119190=ORIENTED_EDGE('',*,*,#118030,.T.);
#119200=ORIENTED_EDGE('',*,*,#44420,.T.);
#119210=ORIENTED_EDGE('',*,*,#118700,.F.);
#119220=EDGE_LOOP('',(#119210,#119200,#119190,#119180,#119170,#119160));
#119230=FACE_OUTER_BOUND('',#119220,.T.);
#119240=ADVANCED_FACE('',(#119230),#119100,.T.);
#119250=COLOUR_RGB('',9.4901967048645020E-01,9.4901967048645020E-01,
   1.0000000000000000E+00);
#119260=FILL_AREA_STYLE_COLOUR('',#119250);
#119270=FILL_AREA_STYLE('',(#119260));
#119280=SURFACE_STYLE_FILL_AREA(#119270);
#119290=SURFACE_SIDE_STYLE('',(#119280));
#119300=SURFACE_STYLE_USAGE(.BOTH.,#119290);
#119310=PRESENTATION_STYLE_ASSIGNMENT((#119300));
#119320=CARTESIAN_POINT('',(-3.6104003587298216E+01,
   1.5008852824316122E+01,2.0500000000000000E+01));
#119330=DIRECTION('',(0.0000000000000000E+00,0.0000000000000000E+00,
   1.0000000000000000E+00));
#119340=DIRECTION('',(1.0000000000000000E+00,0.0000000000000000E+00,
   0.0000000000000000E+00));
#119350=AXIS2_PLACEMENT_3D('',#119320,#119330,#119340);
#119360=PLANE('',#119350);
#119370=ORIENTED_EDGE('',*,*,#118640,.F.);
#119380=ORIENTED_EDGE('',*,*,#118920,.F.);
#119390=ORIENTED_EDGE('',*,*,#82280,.T.);
#119400=ORIENTED_EDGE('',*,*,#119150,.T.);
#119410=EDGE_LOOP('',(#119400,#119390,#119380,#119370));
#119420=FACE_OUTER_BOUND('',#119410,.T.);
#119430=ADVANCED_FACE('',(#119420),#119360,.T.);
#119440=COLOUR_RGB('',9.4901967048645020E-01,9.4901967048645020E-01,
   1.0000000000000000E+00);
#119450=FILL_AREA_STYLE_COLOUR('',#119440);
#119460=FILL_AREA_STYLE('',(#119450));
#119470=SURFACE_STYLE_FILL_AREA(#119460);
#119480=SURFACE_SIDE_STYLE('',(#119470));
#119490=SURFACE_STYLE_USAGE(.BOTH.,#119480);
#119500=PRESENTATION_STYLE_ASSIGNMENT((#119490));
#119510=CARTESIAN_POINT('',(-3.9359231886085752E+01,
   2.0208852824316118E+01,2.5000000000000000E+01));
#119520=DIRECTION('',(0.0000000000000000E+00,0.0000000000000000E+00,
   1.0000000000000000E+00));
#119530=DIRECTION('',(1.0000000000000000E+00,0.0000000000000000E+00,
   0.0000000000000000E+00));
#119540=AXIS2_PLACEMENT_3D('',#119510,#119520,#119530);
#119550=CYLINDRICAL_SURFACE('',#119540,4.9999999999999878E-01);
#119560=ORIENTED_EDGE('',*,*,#65400,.T.);
#119570=ORIENTED_EDGE('',*,*,#117430,.T.);
#119580=CARTESIAN_POINT('',(-3.9359231886085752E+01,
   2.0208852824316125E+01,2.3330574226872628E+01));
#119590=DIRECTION('',(3.5305725243424335E-01,0.0000000000000000E+00,
   -9.3560171895074196E-01));
#119600=DIRECTION('',(-9.3560171895074185E-01,0.0000000000000000E+00,
   -3.5305725243424330E-01));
#119610=AXIS2_PLACEMENT_3D('',#119580,#119590,#119600);
#119620=ELLIPSE('',#119610,5.3441543540635905E-01,4.9999999999999867E-01
   );
#119630=EDGE_CURVE('',#81620,#117360,#119620,.T.);
#119640=ORIENTED_EDGE('',*,*,#119630,.T.);
#119650=ORIENTED_EDGE('',*,*,#81630,.T.);
#119660=EDGE_LOOP('',(#119650,#119640,#119570,#119560));
#119670=FACE_OUTER_BOUND('',#119660,.T.);
#119680=ADVANCED_FACE('',(#119670),#119550,.F.);
#119690=COLOUR_RGB('',5.0196081399917603E-01,1.0000000000000000E+00,
   5.0196081399917603E-01);
#119700=FILL_AREA_STYLE_COLOUR('',#119690);
#119710=FILL_AREA_STYLE('',(#119700));
#119720=SURFACE_STYLE_FILL_AREA(#119710);
#119730=SURFACE_SIDE_STYLE('',(#119720));
#119740=SURFACE_STYLE_USAGE(.BOTH.,#119730);
#119750=PRESENTATION_STYLE_ASSIGNMENT((#119740));
#119760=CARTESIAN_POINT('',(-3.6122820727760129E+01,
   1.5008852824316122E+01,1.9329240115268973E+01));
#119770=DIRECTION('',(0.0000000000000000E+00,-1.0000000000000000E+00,
   0.0000000000000000E+00));
#119780=DIRECTION('',(1.0000000000000000E+00,0.0000000000000000E+00,
   0.0000000000000000E+00));
#119790=AXIS2_PLACEMENT_3D('',#119760,#119770,#119780);
#119800=PLANE('',#119790);
#119810=ORIENTED_EDGE('',*,*,#117640,.F.);
#119820=ORIENTED_EDGE('',*,*,#81000,.T.);
#119830=ORIENTED_EDGE('',*,*,#86040,.T.);
#119840=ORIENTED_EDGE('',*,*,#81190,.T.);
#119850=ORIENTED_EDGE('',*,*,#78290,.F.);
#119860=ORIENTED_EDGE('',*,*,#93940,.F.);
#119870=EDGE_LOOP('',(#119860,#119850,#119840,#119830,#119820,#119810));
#119880=FACE_OUTER_BOUND('',#119870,.T.);
#119890=ADVANCED_FACE('',(#119880),#119800,.T.);
#119900=COLOUR_RGB('',9.4901967048645020E-01,9.4901967048645020E-01,
   1.0000000000000000E+00);
#119910=FILL_AREA_STYLE_COLOUR('',#119900);
#119920=FILL_AREA_STYLE('',(#119910));
#119930=SURFACE_STYLE_FILL_AREA(#119920);
#119940=SURFACE_SIDE_STYLE('',(#119930));
#119950=SURFACE_STYLE_USAGE(.BOTH.,#119940);
#119960=PRESENTATION_STYLE_ASSIGNMENT((#119950));
#119970=CARTESIAN_POINT('',(-3.9604003587298209E+01,
   2.1238852824316119E+01,2.5000000000000000E+01));
#119980=DIRECTION('',(-0.0000000000000000E+00,1.0000000000000000E+00,
   0.0000000000000000E+00));
#119990=DIRECTION('',(1.0000000000000000E+00,0.0000000000000000E+00,
   0.0000000000000000E+00));
#120000=AXIS2_PLACEMENT_3D('',#119970,#119980,#119990);
#120010=PLANE('',#120000);
#120020=ORIENTED_EDGE('',*,*,#103080,.T.);
#120030=CARTESIAN_POINT('',(-3.9604003587298209E+01,
   2.1238852824316119E+01,2.5000000000000000E+01));
#120040=DIRECTION('',(0.0000000000000000E+00,0.0000000000000000E+00,
   -1.0000000000000000E+00));
#120050=VECTOR('',#120040,1.0000000000000000E+00);
#120060=LINE('',#120030,#120050);
#120070=EDGE_CURVE('',#103010,#9550,#120060,.T.);
#120080=ORIENTED_EDGE('',*,*,#120070,.F.);
#120090=ORIENTED_EDGE('',*,*,#9560,.F.);
#120100=ORIENTED_EDGE('',*,*,#88330,.T.);
#120110=EDGE_LOOP('',(#120100,#120090,#120080,#120020));
#120120=FACE_OUTER_BOUND('',#120110,.T.);
#120130=ADVANCED_FACE('',(#120120),#120010,.T.);
#120140=COLOUR_RGB('',5.0196081399917603E-01,1.0000000000000000E+00,
   5.0196081399917603E-01);
#120150=FILL_AREA_STYLE_COLOUR('',#120140);
#120160=FILL_AREA_STYLE('',(#120150));
#120170=SURFACE_STYLE_FILL_AREA(#120160);
#120180=SURFACE_SIDE_STYLE('',(#120170));
#120190=SURFACE_STYLE_USAGE(.BOTH.,#120180);
#120200=PRESENTATION_STYLE_ASSIGNMENT((#120190));
#120210=CARTESIAN_POINT('',(-3.8579003587298217E+01,
   1.7278852824316125E+01,2.1375000000000000E+01));
#120220=DIRECTION('',(3.5305725243424335E-01,-0.0000000000000000E+00,
   9.3560171895074196E-01));
#120230=DIRECTION('',(9.3560171895074196E-01,0.0000000000000000E+00,
   -3.5305725243424335E-01));
#120240=AXIS2_PLACEMENT_3D('',#120210,#120220,#120230);
#120250=PLANE('',#120240);
#120260=ORIENTED_EDGE('',*,*,#85310,.F.);
#120270=ORIENTED_EDGE('',*,*,#85540,.F.);
#120280=ORIENTED_EDGE('',*,*,#87320,.F.);
#120290=ORIENTED_EDGE('',*,*,#84400,.F.);
#120300=CARTESIAN_POINT('',(-3.9904003587298213E+01,
   0.0000000000000000E+00,2.1874999999999996E+01));
#120310=DIRECTION('',(0.0000000000000000E+00,1.0000000000000000E+00,
   0.0000000000000000E+00));
#120320=VECTOR('',#120310,1.0000000000000000E+00);
#120330=LINE('',#120300,#120320);
#120340=EDGE_CURVE('',#87010,#84390,#120330,.T.);
#120350=ORIENTED_EDGE('',*,*,#120340,.T.);
#120360=ORIENTED_EDGE('',*,*,#87020,.F.);
#120370=EDGE_LOOP('',(#120360,#120350,#120290,#120280,#120270,#120260));
#120380=FACE_OUTER_BOUND('',#120370,.T.);
#120390=ADVANCED_FACE('',(#120380),#120250,.F.);
#120400=COLOUR_RGB('',5.0196081399917603E-01,1.0000000000000000E+00,
   5.0196081399917603E-01);
#120410=FILL_AREA_STYLE_COLOUR('',#120400);
#120420=FILL_AREA_STYLE('',(#120410));
#120430=SURFACE_STYLE_FILL_AREA(#120420);
#120440=SURFACE_SIDE_STYLE('',(#120430));
#120450=SURFACE_STYLE_USAGE(.BOTH.,#120440);
#120460=PRESENTATION_STYLE_ASSIGNMENT((#120450));
#120470=CARTESIAN_POINT('',(-3.9604003587298209E+01,
   2.0938852824316122E+01,2.5000000000000000E+01));
#120480=DIRECTION('',(0.0000000000000000E+00,0.0000000000000000E+00,
   1.0000000000000000E+00));
#120490=DIRECTION('',(1.0000000000000000E+00,0.0000000000000000E+00,
   0.0000000000000000E+00));
#120500=AXIS2_PLACEMENT_3D('',#120470,#120480,#120490);
#120510=CYLINDRICAL_SURFACE('',#120500,3.0000000000000071E-01);
#120520=ORIENTED_EDGE('',*,*,#9650,.T.);
#120530=ORIENTED_EDGE('',*,*,#120070,.T.);
#120540=ORIENTED_EDGE('',*,*,#103020,.F.);
#120550=CARTESIAN_POINT('',(-3.9904003587298206E+01,
   2.0938852824316122E+01,2.5000000000000000E+01));
#120560=DIRECTION('',(0.0000000000000000E+00,0.0000000000000000E+00,
   1.0000000000000000E+00));
#120570=VECTOR('',#120560,1.0000000000000000E+00);
#120580=LINE('',#120550,#120570);
#120590=EDGE_CURVE('',#9640,#102920,#120580,.T.);
#120600=ORIENTED_EDGE('',*,*,#120590,.T.);
#120610=EDGE_LOOP('',(#120600,#120540,#120530,#120520));
#120620=FACE_OUTER_BOUND('',#120610,.T.);
#120630=ADVANCED_FACE('',(#120620),#120510,.T.);
#120640=COLOUR_RGB('',5.0196081399917603E-01,1.0000000000000000E+00,
   5.0196081399917603E-01);
#120650=FILL_AREA_STYLE_COLOUR('',#120640);
#120660=FILL_AREA_STYLE('',(#120650));
#120670=SURFACE_STYLE_FILL_AREA(#120660);
#120680=SURFACE_SIDE_STYLE('',(#120670));
#120690=SURFACE_STYLE_USAGE(.BOTH.,#120680);
#120700=PRESENTATION_STYLE_ASSIGNMENT((#120690));
#120710=CARTESIAN_POINT('',(-3.8194003587298212E+01,
   1.9228852824316121E+01,2.0000000000000000E+01));
#120720=DIRECTION('',(-0.0000000000000000E+00,1.0000000000000000E+00,
   0.0000000000000000E+00));
#120730=DIRECTION('',(1.0000000000000000E+00,0.0000000000000000E+00,
   0.0000000000000000E+00));
#120740=AXIS2_PLACEMENT_3D('',#120710,#120720,#120730);
#120750=PLANE('',#120740);
#120760=ORIENTED_EDGE('',*,*,#86320,.F.);
#120770=ORIENTED_EDGE('',*,*,#85620,.T.);
#120780=ORIENTED_EDGE('',*,*,#85250,.F.);
#120790=ORIENTED_EDGE('',*,*,#55520,.F.);
#120800=EDGE_LOOP('',(#120790,#120780,#120770,#120760));
#120810=FACE_OUTER_BOUND('',#120800,.T.);
#120820=ADVANCED_FACE('',(#120810),#120750,.F.);
#120830=COLOUR_RGB('',5.0196081399917603E-01,1.0000000000000000E+00,
   5.0196081399917603E-01);
#120840=FILL_AREA_STYLE_COLOUR('',#120830);
#120850=FILL_AREA_STYLE('',(#120840));
#120860=SURFACE_STYLE_FILL_AREA(#120850);
#120870=SURFACE_SIDE_STYLE('',(#120860));
#120880=SURFACE_STYLE_USAGE(.BOTH.,#120870);
#120890=PRESENTATION_STYLE_ASSIGNMENT((#120880));
#120900=CARTESIAN_POINT('',(0.0000000000000000E+00,
   0.0000000000000000E+00,2.3625000000000000E+01));
#120910=DIRECTION('',(0.0000000000000000E+00,0.0000000000000000E+00,
   1.0000000000000000E+00));
#120920=DIRECTION('',(1.0000000000000000E+00,0.0000000000000000E+00,
   0.0000000000000000E+00));
#120930=AXIS2_PLACEMENT_3D('',#120900,#120910,#120920);
#120940=PLANE('',#120930);
#120950=ORIENTED_EDGE('',*,*,#48760,.T.);
#120960=ORIENTED_EDGE('',*,*,#53050,.T.);
#120970=ORIENTED_EDGE('',*,*,#88010,.T.);
#120980=CARTESIAN_POINT('',(-3.8579003587298217E+01,
   0.0000000000000000E+00,2.3625000000000000E+01));
#120990=DIRECTION('',(0.0000000000000000E+00,1.0000000000000000E+00,
   0.0000000000000000E+00));
#121000=VECTOR('',#120990,1.0000000000000000E+00);
#121010=LINE('',#120980,#121000);
#121020=EDGE_CURVE('',#87940,#48750,#121010,.T.);
#121030=ORIENTED_EDGE('',*,*,#121020,.F.);
#121040=EDGE_LOOP('',(#121030,#120970,#120960,#120950));
#121050=FACE_OUTER_BOUND('',#121040,.T.);
#121060=ADVANCED_FACE('',(#121050),#120940,.T.);
#121070=COLOUR_RGB('',5.0196081399917603E-01,1.0000000000000000E+00,
   5.0196081399917603E-01);
#121080=FILL_AREA_STYLE_COLOUR('',#121070);
#121090=FILL_AREA_STYLE('',(#121080));
#121100=SURFACE_STYLE_FILL_AREA(#121090);
#121110=SURFACE_SIDE_STYLE('',(#121100));
#121120=SURFACE_STYLE_USAGE(.BOTH.,#121110);
#121130=PRESENTATION_STYLE_ASSIGNMENT((#121120));
#121140=CARTESIAN_POINT('',(-3.9904003587298213E+01,
   2.0708852824316118E+01,2.5000000000000000E+01));
#121150=DIRECTION('',(-1.0000000000000000E+00,0.0000000000000000E+00,
   0.0000000000000000E+00));
#121160=DIRECTION('',(0.0000000000000000E+00,1.0000000000000000E+00,
   0.0000000000000000E+00));
#121170=AXIS2_PLACEMENT_3D('',#121140,#121150,#121160);
#121180=PLANE('',#121170);
#121190=CARTESIAN_POINT('',(-3.9904003587298213E+01,
   0.0000000000000000E+00,2.3125000000000000E+01));
#121200=DIRECTION('',(0.0000000000000000E+00,1.0000000000000000E+00,
   0.0000000000000000E+00));
#121210=VECTOR('',#121200,1.0000000000000000E+00);
#121220=LINE('',#121190,#121210);
#121230=EDGE_CURVE('',#94420,#81700,#121220,.T.);
#121240=ORIENTED_EDGE('',*,*,#121230,.T.);
#121250=ORIENTED_EDGE('',*,*,#94430,.T.);
#121260=ORIENTED_EDGE('',*,*,#65560,.T.);
#121270=ORIENTED_EDGE('',*,*,#81770,.T.);
#121280=EDGE_LOOP('',(#121270,#121260,#121250,#121240));
#121290=FACE_BOUND('',#121280,.T.);
#121300=ORIENTED_EDGE('',*,*,#86790,.T.);
#121310=ORIENTED_EDGE('',*,*,#87080,.F.);
#121320=ORIENTED_EDGE('',*,*,#120340,.F.);
#121330=ORIENTED_EDGE('',*,*,#84620,.T.);
#121340=EDGE_LOOP('',(#121330,#121320,#121310,#121300));
#121350=FACE_BOUND('',#121340,.T.);
#121360=ORIENTED_EDGE('',*,*,#72090,.T.);
#121370=ORIENTED_EDGE('',*,*,#72400,.T.);
#121380=ORIENTED_EDGE('',*,*,#82780,.F.);
#121390=ORIENTED_EDGE('',*,*,#69580,.T.);
#121400=EDGE_LOOP('',(#121390,#121380,#121370,#121360));
#121410=FACE_BOUND('',#121400,.T.);
#121420=ORIENTED_EDGE('',*,*,#7730,.T.);
#121430=ORIENTED_EDGE('',*,*,#39900,.F.);
#121440=ORIENTED_EDGE('',*,*,#38520,.F.);
#121450=ORIENTED_EDGE('',*,*,#37240,.F.);
#121460=EDGE_LOOP('',(#121450,#121440,#121430,#121420));
#121470=FACE_BOUND('',#121460,.T.);
#121480=ORIENTED_EDGE('',*,*,#32700,.F.);
#121490=ORIENTED_EDGE('',*,*,#31700,.F.);
#121500=ORIENTED_EDGE('',*,*,#7090,.F.);
#121510=ORIENTED_EDGE('',*,*,#3250,.F.);
#121520=EDGE_LOOP('',(#121510,#121500,#121490,#121480));
#121530=FACE_BOUND('',#121520,.T.);
#121540=ORIENTED_EDGE('',*,*,#42740,.T.);
#121550=ORIENTED_EDGE('',*,*,#43030,.F.);
#121560=ORIENTED_EDGE('',*,*,#55960,.F.);
#121570=ORIENTED_EDGE('',*,*,#54920,.F.);
#121580=EDGE_LOOP('',(#121570,#121560,#121550,#121540));
#121590=FACE_BOUND('',#121580,.T.);
#121600=ORIENTED_EDGE('',*,*,#60280,.T.);
#121610=ORIENTED_EDGE('',*,*,#69090,.T.);
#121620=ORIENTED_EDGE('',*,*,#67220,.F.);
#121630=ORIENTED_EDGE('',*,*,#66010,.F.);
#121640=EDGE_LOOP('',(#121630,#121620,#121610,#121600));
#121650=FACE_BOUND('',#121640,.T.);
#121660=ORIENTED_EDGE('',*,*,#102930,.T.);
#121670=ORIENTED_EDGE('',*,*,#61820,.F.);
#121680=ORIENTED_EDGE('',*,*,#9730,.F.);
#121690=ORIENTED_EDGE('',*,*,#120590,.F.);
#121700=EDGE_LOOP('',(#121690,#121680,#121670,#121660));
#121710=FACE_OUTER_BOUND('',#121700,.T.);
#121720=ADVANCED_FACE('',(#121290,#121350,#121410,#121470,#121530,
   #121590,#121650,#121710),#121180,.T.);
#121730=COLOUR_RGB('',5.0196081399917603E-01,1.0000000000000000E+00,
   5.0196081399917603E-01);
#121740=FILL_AREA_STYLE_COLOUR('',#121730);
#121750=FILL_AREA_STYLE('',(#121740));
#121760=SURFACE_STYLE_FILL_AREA(#121750);
#121770=SURFACE_SIDE_STYLE('',(#121760));
#121780=SURFACE_STYLE_USAGE(.BOTH.,#121770);
#121790=PRESENTATION_STYLE_ASSIGNMENT((#121780));
#121800=CARTESIAN_POINT('',(-3.9904003587298213E+01,
   1.7278852824316125E+01,2.3125000000000000E+01));
#121810=DIRECTION('',(3.5305725243424335E-01,0.0000000000000000E+00,
   -9.3560171895074196E-01));
#121820=DIRECTION('',(-9.3560171895074196E-01,0.0000000000000000E+00,
   -3.5305725243424335E-01));
#121830=AXIS2_PLACEMENT_3D('',#121800,#121810,#121820);
#121840=PLANE('',#121830);
#121850=ORIENTED_EDGE('',*,*,#81710,.F.);
#121860=ORIENTED_EDGE('',*,*,#119630,.F.);
#121870=ORIENTED_EDGE('',*,*,#117370,.T.);
#121880=ORIENTED_EDGE('',*,*,#121020,.T.);
#121890=ORIENTED_EDGE('',*,*,#94490,.F.);
#121900=ORIENTED_EDGE('',*,*,#121230,.F.);
#121910=EDGE_LOOP('',(#121900,#121890,#121880,#121870,#121860,#121850));
#121920=FACE_OUTER_BOUND('',#121910,.T.);
#121930=ADVANCED_FACE('',(#121920),#121840,.F.);
#121940=COLOUR_RGB('',5.0196081399917603E-01,1.0000000000000000E+00,
   5.0196081399917603E-01);
#121950=FILL_AREA_STYLE_COLOUR('',#121940);
#121960=FILL_AREA_STYLE('',(#121950));
#121970=SURFACE_STYLE_FILL_AREA(#121960);
#121980=SURFACE_SIDE_STYLE('',(#121970));
#121990=SURFACE_STYLE_USAGE(.BOTH.,#121980);
#122000=PRESENTATION_STYLE_ASSIGNMENT((#121990));
#122010=ORIENTED_EDGE('',*,*,#62840,.T.);
#122020=ORIENTED_EDGE('',*,*,#118090,.F.);
#122030=ORIENTED_EDGE('',*,*,#44490,.F.);
#122040=ORIENTED_EDGE('',*,*,#117960,.T.);
#122050=EDGE_LOOP('',(#122040,#122030,#122020,#122010));
#122060=FACE_OUTER_BOUND('',#122050,.T.);
#122070=ADVANCED_FACE('',(#122060),#117910,.T.);
#122080=COLOUR_RGB('',9.4901967048645020E-01,9.4901967048645020E-01,
   1.0000000000000000E+00);
#122090=FILL_AREA_STYLE_COLOUR('',#122080);
#122100=FILL_AREA_STYLE('',(#122090));
#122110=SURFACE_STYLE_FILL_AREA(#122100);
#122120=SURFACE_SIDE_STYLE('',(#122110));
#122130=SURFACE_STYLE_USAGE(.BOTH.,#122120);
#122140=PRESENTATION_STYLE_ASSIGNMENT((#122130));
#122150=ORIENTED_EDGE('',*,*,#116920,.F.);
#122160=ORIENTED_EDGE('',*,*,#116730,.T.);
#122170=ORIENTED_EDGE('',*,*,#108750,.T.);
#122180=ORIENTED_EDGE('',*,*,#116640,.F.);
#122190=EDGE_LOOP('',(#122180,#122170,#122160,#122150));
#122200=FACE_OUTER_BOUND('',#122190,.T.);
#122210=ADVANCED_FACE('',(#122200),#116570,.T.);
#122220=COLOUR_RGB('',5.0196081399917603E-01,1.0000000000000000E+00,
   5.0196081399917603E-01);
#122230=FILL_AREA_STYLE_COLOUR('',#122220);
#122240=FILL_AREA_STYLE('',(#122230));
#122250=SURFACE_STYLE_FILL_AREA(#122240);
#122260=SURFACE_SIDE_STYLE('',(#122250));
#122270=SURFACE_STYLE_USAGE(.BOTH.,#122260);
#122280=PRESENTATION_STYLE_ASSIGNMENT((#122270));
#122290=ORIENTED_EDGE('',*,*,#62690,.T.);
#122300=ORIENTED_EDGE('',*,*,#86100,.F.);
#122310=ORIENTED_EDGE('',*,*,#81260,.F.);
#122320=ORIENTED_EDGE('',*,*,#85970,.T.);
#122330=EDGE_LOOP('',(#122320,#122310,#122300,#122290));
#122340=FACE_OUTER_BOUND('',#122330,.T.);
#122350=ADVANCED_FACE('',(#122340),#85920,.T.);
#122360=COLOUR_RGB('',9.4901967048645020E-01,9.4901967048645020E-01,
   1.0000000000000000E+00);
#122370=FILL_AREA_STYLE_COLOUR('',#122360);
#122380=FILL_AREA_STYLE('',(#122370));
#122390=SURFACE_STYLE_FILL_AREA(#122380);
#122400=SURFACE_SIDE_STYLE('',(#122390));
#122410=SURFACE_STYLE_USAGE(.BOTH.,#122400);
#122420=PRESENTATION_STYLE_ASSIGNMENT((#122410));
#122430=ORIENTED_EDGE('',*,*,#97820,.T.);
#122440=ORIENTED_EDGE('',*,*,#98800,.F.);
#122450=ORIENTED_EDGE('',*,*,#100390,.F.);
#122460=ORIENTED_EDGE('',*,*,#97560,.T.);
#122470=ORIENTED_EDGE('',*,*,#97180,.F.);
#122480=ORIENTED_EDGE('',*,*,#100990,.F.);
#122490=ORIENTED_EDGE('',*,*,#96540,.F.);
#122500=ORIENTED_EDGE('',*,*,#98390,.T.);
#122510=EDGE_LOOP('',(#122500,#122490,#122480,#122470,#122460,#122450,
   #122440,#122430));
#122520=FACE_OUTER_BOUND('',#122510,.T.);
#122530=ADVANCED_FACE('',(#122520),#98340,.T.);
#122540=COLOUR_RGB('',9.4901967048645020E-01,9.4901967048645020E-01,
   1.0000000000000000E+00);
#122550=FILL_AREA_STYLE_COLOUR('',#122540);
#122560=FILL_AREA_STYLE('',(#122550));
#122570=SURFACE_STYLE_FILL_AREA(#122560);
#122580=SURFACE_SIDE_STYLE('',(#122570));
#122590=SURFACE_STYLE_USAGE(.BOTH.,#122580);
#122600=PRESENTATION_STYLE_ASSIGNMENT((#122590));
#122610=ORIENTED_EDGE('',*,*,#63090,.F.);
#122620=ORIENTED_EDGE('',*,*,#88860,.F.);
#122630=ORIENTED_EDGE('',*,*,#63180,.T.);
#122640=ORIENTED_EDGE('',*,*,#61330,.T.);
#122650=EDGE_LOOP('',(#122640,#122630,#122620,#122610));
#122660=FACE_OUTER_BOUND('',#122650,.T.);
#122670=ADVANCED_FACE('',(#122660),#63020,.T.);
#122680=COLOUR_RGB('',9.4901967048645020E-01,9.4901967048645020E-01,
   1.0000000000000000E+00);
#122690=FILL_AREA_STYLE_COLOUR('',#122680);
#122700=FILL_AREA_STYLE('',(#122690));
#122710=SURFACE_STYLE_FILL_AREA(#122700);
#122720=SURFACE_SIDE_STYLE('',(#122710));
#122730=SURFACE_STYLE_USAGE(.BOTH.,#122720);
#122740=PRESENTATION_STYLE_ASSIGNMENT((#122730));
#122750=ORIENTED_EDGE('',*,*,#22710,.F.);
#122760=ORIENTED_EDGE('',*,*,#45240,.F.);
#122770=ORIENTED_EDGE('',*,*,#22880,.T.);
#122780=ORIENTED_EDGE('',*,*,#61380,.T.);
#122790=EDGE_LOOP('',(#122780,#122770,#122760,#122750));
#122800=FACE_OUTER_BOUND('',#122790,.T.);
#122810=ADVANCED_FACE('',(#122800),#22620,.T.);
#122820=COLOUR_RGB('',9.4901967048645020E-01,9.4901967048645020E-01,
   1.0000000000000000E+00);
#122830=FILL_AREA_STYLE_COLOUR('',#122820);
#122840=FILL_AREA_STYLE('',(#122830));
#122850=SURFACE_STYLE_FILL_AREA(#122840);
#122860=SURFACE_SIDE_STYLE('',(#122850));
#122870=SURFACE_STYLE_USAGE(.BOTH.,#122860);
#122880=PRESENTATION_STYLE_ASSIGNMENT((#122870));
#122890=ORIENTED_EDGE('',*,*,#91830,.T.);
#122900=ORIENTED_EDGE('',*,*,#92160,.F.);
#122910=ORIENTED_EDGE('',*,*,#91920,.F.);
#122920=ORIENTED_EDGE('',*,*,#73820,.T.);
#122930=EDGE_LOOP('',(#122920,#122910,#122900,#122890));
#122940=FACE_OUTER_BOUND('',#122930,.T.);
#122950=ADVANCED_FACE('',(#122940),#91760,.F.);
#122960=COLOUR_RGB('',5.0196081399917603E-01,1.0000000000000000E+00,
   5.0196081399917603E-01);
#122970=FILL_AREA_STYLE_COLOUR('',#122960);
#122980=FILL_AREA_STYLE('',(#122970));
#122990=SURFACE_STYLE_FILL_AREA(#122980);
#123000=SURFACE_SIDE_STYLE('',(#122990));
#123010=SURFACE_STYLE_USAGE(.BOTH.,#123000);
#123020=PRESENTATION_STYLE_ASSIGNMENT((#123010));
#123030=ORIENTED_EDGE('',*,*,#116300,.T.);
#123040=ORIENTED_EDGE('',*,*,#113010,.F.);
#123050=ORIENTED_EDGE('',*,*,#108470,.F.);
#123060=ORIENTED_EDGE('',*,*,#116150,.F.);
#123070=EDGE_LOOP('',(#123060,#123050,#123040,#123030));
#123080=FACE_OUTER_BOUND('',#123070,.T.);
#123090=ADVANCED_FACE('',(#123080),#116010,.F.);
#123100=COLOUR_RGB('',5.0196081399917603E-01,1.0000000000000000E+00,
   5.0196081399917603E-01);
#123110=FILL_AREA_STYLE_COLOUR('',#123100);
#123120=FILL_AREA_STYLE('',(#123110));
#123130=SURFACE_STYLE_FILL_AREA(#123120);
#123140=SURFACE_SIDE_STYLE('',(#123130));
#123150=SURFACE_STYLE_USAGE(.BOTH.,#123140);
#123160=PRESENTATION_STYLE_ASSIGNMENT((#123150));
#123170=ORIENTED_EDGE('',*,*,#11620,.F.);
#123180=ORIENTED_EDGE('',*,*,#29900,.F.);
#123190=ORIENTED_EDGE('',*,*,#11790,.T.);
#123200=ORIENTED_EDGE('',*,*,#61430,.T.);
#123210=EDGE_LOOP('',(#123200,#123190,#123180,#123170));
#123220=FACE_OUTER_BOUND('',#123210,.T.);
#123230=ADVANCED_FACE('',(#123220),#11530,.T.);
#123240=COLOUR_RGB('',9.4901967048645020E-01,9.4901967048645020E-01,
   1.0000000000000000E+00);
#123250=FILL_AREA_STYLE_COLOUR('',#123240);
#123260=FILL_AREA_STYLE('',(#123250));
#123270=SURFACE_STYLE_FILL_AREA(#123260);
#123280=SURFACE_SIDE_STYLE('',(#123270));
#123290=SURFACE_STYLE_USAGE(.BOTH.,#123280);
#123300=PRESENTATION_STYLE_ASSIGNMENT((#123290));
#123310=ORIENTED_EDGE('',*,*,#36840,.T.);
#123320=ORIENTED_EDGE('',*,*,#12620,.F.);
#123330=ORIENTED_EDGE('',*,*,#36990,.F.);
#123340=ORIENTED_EDGE('',*,*,#73270,.T.);
#123350=EDGE_LOOP('',(#123340,#123330,#123320,#123310));
#123360=FACE_OUTER_BOUND('',#123350,.T.);
#123370=ADVANCED_FACE('',(#123360),#36770,.F.);
#123380=COLOUR_RGB('',5.0196081399917603E-01,1.0000000000000000E+00,
   5.0196081399917603E-01);
#123390=FILL_AREA_STYLE_COLOUR('',#123380);
#123400=FILL_AREA_STYLE('',(#123390));
#123410=SURFACE_STYLE_FILL_AREA(#123400);
#123420=SURFACE_SIDE_STYLE('',(#123410));
#123430=SURFACE_STYLE_USAGE(.BOTH.,#123420);
#123440=PRESENTATION_STYLE_ASSIGNMENT((#123430));
#123450=ORIENTED_EDGE('',*,*,#73650,.T.);
#123460=ORIENTED_EDGE('',*,*,#95260,.T.);
#123470=ORIENTED_EDGE('',*,*,#97880,.F.);
#123480=ORIENTED_EDGE('',*,*,#95350,.F.);
#123490=EDGE_LOOP('',(#123480,#123470,#123460,#123450));
#123500=FACE_OUTER_BOUND('',#123490,.T.);
#123510=ADVANCED_FACE('',(#123500),#95190,.F.);
#123520=COLOUR_RGB('',5.0196081399917603E-01,1.0000000000000000E+00,
   5.0196081399917603E-01);
#123530=FILL_AREA_STYLE_COLOUR('',#123520);
#123540=FILL_AREA_STYLE('',(#123530));
#123550=SURFACE_STYLE_FILL_AREA(#123540);
#123560=SURFACE_SIDE_STYLE('',(#123550));
#123570=SURFACE_STYLE_USAGE(.BOTH.,#123560);
#123580=PRESENTATION_STYLE_ASSIGNMENT((#123570));
#123590=ORIENTED_EDGE('',*,*,#36140,.T.);
#123600=ORIENTED_EDGE('',*,*,#37510,.F.);
#123610=ORIENTED_EDGE('',*,*,#8830,.F.);
#123620=ORIENTED_EDGE('',*,*,#49570,.F.);
#123630=ORIENTED_EDGE('',*,*,#33910,.T.);
#123640=ORIENTED_EDGE('',*,*,#22440,.T.);
#123650=ORIENTED_EDGE('',*,*,#34300,.F.);
#123660=ORIENTED_EDGE('',*,*,#27050,.F.);
#123670=EDGE_LOOP('',(#123660,#123650,#123640,#123630,#123620,#123610,
   #123600,#123590));
#123680=FACE_OUTER_BOUND('',#123670,.T.);
#123690=ADVANCED_FACE('',(#123680),#33840,.T.);
#123700=COLOUR_RGB('',9.4901967048645020E-01,9.4901967048645020E-01,
   1.0000000000000000E+00);
#123710=FILL_AREA_STYLE_COLOUR('',#123700);
#123720=FILL_AREA_STYLE('',(#123710));
#123730=SURFACE_STYLE_FILL_AREA(#123720);
#123740=SURFACE_SIDE_STYLE('',(#123730));
#123750=SURFACE_STYLE_USAGE(.BOTH.,#123740);
#123760=PRESENTATION_STYLE_ASSIGNMENT((#123750));
#123770=ORIENTED_EDGE('',*,*,#112270,.F.);
#123780=ORIENTED_EDGE('',*,*,#111510,.F.);
#123790=ORIENTED_EDGE('',*,*,#107170,.T.);
#123800=ORIENTED_EDGE('',*,*,#111110,.F.);
#123810=EDGE_LOOP('',(#123800,#123790,#123780,#123770));
#123820=FACE_OUTER_BOUND('',#123810,.T.);
#123830=ADVANCED_FACE('',(#123820),#110970,.T.);
#123840=COLOUR_RGB('',5.0196081399917603E-01,1.0000000000000000E+00,
   5.0196081399917603E-01);
#123850=FILL_AREA_STYLE_COLOUR('',#123840);
#123860=FILL_AREA_STYLE('',(#123850));
#123870=SURFACE_STYLE_FILL_AREA(#123860);
#123880=SURFACE_SIDE_STYLE('',(#123870));
#123890=SURFACE_STYLE_USAGE(.BOTH.,#123880);
#123900=PRESENTATION_STYLE_ASSIGNMENT((#123890));
#123910=ORIENTED_EDGE('',*,*,#6090,.T.);
#123920=ORIENTED_EDGE('',*,*,#10460,.F.);
#123930=ORIENTED_EDGE('',*,*,#28500,.F.);
#123940=ORIENTED_EDGE('',*,*,#28870,.F.);
#123950=ORIENTED_EDGE('',*,*,#27970,.T.);
#123960=ORIENTED_EDGE('',*,*,#12770,.T.);
#123970=ORIENTED_EDGE('',*,*,#28290,.F.);
#123980=ORIENTED_EDGE('',*,*,#18780,.F.);
#123990=EDGE_LOOP('',(#123980,#123970,#123960,#123950,#123940,#123930,
   #123920,#123910));
#124000=FACE_OUTER_BOUND('',#123990,.T.);
#124010=ADVANCED_FACE('',(#124000),#27900,.T.);
#124020=COLOUR_RGB('',9.4901967048645020E-01,9.4901967048645020E-01,
   1.0000000000000000E+00);
#124030=FILL_AREA_STYLE_COLOUR('',#124020);
#124040=FILL_AREA_STYLE('',(#124030));
#124050=SURFACE_STYLE_FILL_AREA(#124040);
#124060=SURFACE_SIDE_STYLE('',(#124050));
#124070=SURFACE_STYLE_USAGE(.BOTH.,#124060);
#124080=PRESENTATION_STYLE_ASSIGNMENT((#124070));
#124090=ORIENTED_EDGE('',*,*,#34540,.T.);
#124100=ORIENTED_EDGE('',*,*,#61470,.T.);
#124110=ORIENTED_EDGE('',*,*,#34690,.F.);
#124120=ORIENTED_EDGE('',*,*,#11370,.F.);
#124130=EDGE_LOOP('',(#124120,#124110,#124100,#124090));
#124140=FACE_OUTER_BOUND('',#124130,.T.);
#124150=ADVANCED_FACE('',(#124140),#34470,.T.);
#124160=COLOUR_RGB('',9.4901967048645020E-01,9.4901967048645020E-01,
   1.0000000000000000E+00);
#124170=FILL_AREA_STYLE_COLOUR('',#124160);
#124180=FILL_AREA_STYLE('',(#124170));
#124190=SURFACE_STYLE_FILL_AREA(#124180);
#124200=SURFACE_SIDE_STYLE('',(#124190));
#124210=SURFACE_STYLE_USAGE(.BOTH.,#124200);
#124220=PRESENTATION_STYLE_ASSIGNMENT((#124210));
#124230=ORIENTED_EDGE('',*,*,#79960,.T.);
#124240=ORIENTED_EDGE('',*,*,#81970,.F.);
#124250=ORIENTED_EDGE('',*,*,#74090,.F.);
#124260=ORIENTED_EDGE('',*,*,#92630,.F.);
#124270=ORIENTED_EDGE('',*,*,#67530,.T.);
#124280=ORIENTED_EDGE('',*,*,#92210,.T.);
#124290=ORIENTED_EDGE('',*,*,#67940,.F.);
#124300=ORIENTED_EDGE('',*,*,#65000,.F.);
#124310=EDGE_LOOP('',(#124300,#124290,#124280,#124270,#124260,#124250,
   #124240,#124230));
#124320=FACE_OUTER_BOUND('',#124310,.T.);
#124330=ADVANCED_FACE('',(#124320),#67440,.T.);
#124340=COLOUR_RGB('',9.4901967048645020E-01,9.4901967048645020E-01,
   1.0000000000000000E+00);
#124350=FILL_AREA_STYLE_COLOUR('',#124340);
#124360=FILL_AREA_STYLE('',(#124350));
#124370=SURFACE_STYLE_FILL_AREA(#124360);
#124380=SURFACE_SIDE_STYLE('',(#124370));
#124390=SURFACE_STYLE_USAGE(.BOTH.,#124380);
#124400=PRESENTATION_STYLE_ASSIGNMENT((#124390));
#124410=ORIENTED_EDGE('',*,*,#76900,.T.);
#124420=ORIENTED_EDGE('',*,*,#44750,.F.);
#124430=ORIENTED_EDGE('',*,*,#76970,.F.);
#124440=ORIENTED_EDGE('',*,*,#73470,.T.);
#124450=EDGE_LOOP('',(#124440,#124430,#124420,#124410));
#124460=FACE_OUTER_BOUND('',#124450,.T.);
#124470=ADVANCED_FACE('',(#124460),#76850,.F.);
#124480=COLOUR_RGB('',5.0196081399917603E-01,1.0000000000000000E+00,
   5.0196081399917603E-01);
#124490=FILL_AREA_STYLE_COLOUR('',#124480);
#124500=FILL_AREA_STYLE('',(#124490));
#124510=SURFACE_STYLE_FILL_AREA(#124500);
#124520=SURFACE_SIDE_STYLE('',(#124510));
#124530=SURFACE_STYLE_USAGE(.BOTH.,#124520);
#124540=PRESENTATION_STYLE_ASSIGNMENT((#124530));
#124550=ORIENTED_EDGE('',*,*,#74780,.F.);
#124560=ORIENTED_EDGE('',*,*,#75180,.F.);
#124570=ORIENTED_EDGE('',*,*,#74850,.T.);
#124580=ORIENTED_EDGE('',*,*,#61630,.T.);
#124590=EDGE_LOOP('',(#124580,#124570,#124560,#124550));
#124600=FACE_OUTER_BOUND('',#124590,.T.);
#124610=ADVANCED_FACE('',(#124600),#74730,.T.);
#124620=COLOUR_RGB('',9.4901967048645020E-01,9.4901967048645020E-01,
   1.0000000000000000E+00);
#124630=FILL_AREA_STYLE_COLOUR('',#124620);
#124640=FILL_AREA_STYLE('',(#124630));
#124650=SURFACE_STYLE_FILL_AREA(#124640);
#124660=SURFACE_SIDE_STYLE('',(#124650));
#124670=SURFACE_STYLE_USAGE(.BOTH.,#124660);
#124680=PRESENTATION_STYLE_ASSIGNMENT((#124670));
#124690=ORIENTED_EDGE('',*,*,#48350,.T.);
#124700=ORIENTED_EDGE('',*,*,#22290,.F.);
#124710=ORIENTED_EDGE('',*,*,#48500,.F.);
#124720=ORIENTED_EDGE('',*,*,#73320,.T.);
#124730=EDGE_LOOP('',(#124720,#124710,#124700,#124690));
#124740=FACE_OUTER_BOUND('',#124730,.T.);
#124750=ADVANCED_FACE('',(#124740),#48280,.F.);
#124760=COLOUR_RGB('',5.0196081399917603E-01,1.0000000000000000E+00,
   5.0196081399917603E-01);
#124770=FILL_AREA_STYLE_COLOUR('',#124760);
#124780=FILL_AREA_STYLE('',(#124770));
#124790=SURFACE_STYLE_FILL_AREA(#124780);
#124800=SURFACE_SIDE_STYLE('',(#124790));
#124810=SURFACE_STYLE_USAGE(.BOTH.,#124800);
#124820=PRESENTATION_STYLE_ASSIGNMENT((#124810));
#124830=ORIENTED_EDGE('',*,*,#64570,.T.);
#124840=ORIENTED_EDGE('',*,*,#66280,.F.);
#124850=ORIENTED_EDGE('',*,*,#36470,.F.);
#124860=ORIENTED_EDGE('',*,*,#90280,.F.);
#124870=ORIENTED_EDGE('',*,*,#76200,.T.);
#124880=ORIENTED_EDGE('',*,*,#54110,.T.);
#124890=ORIENTED_EDGE('',*,*,#76490,.F.);
#124900=ORIENTED_EDGE('',*,*,#53850,.F.);
#124910=EDGE_LOOP('',(#124900,#124890,#124880,#124870,#124860,#124850,
   #124840,#124830));
#124920=FACE_OUTER_BOUND('',#124910,.T.);
#124930=ADVANCED_FACE('',(#124920),#76130,.T.);
#124940=COLOUR_RGB('',9.4901967048645020E-01,9.4901967048645020E-01,
   1.0000000000000000E+00);
#124950=FILL_AREA_STYLE_COLOUR('',#124940);
#124960=FILL_AREA_STYLE('',(#124950));
#124970=SURFACE_STYLE_FILL_AREA(#124960);
#124980=SURFACE_SIDE_STYLE('',(#124970));
#124990=SURFACE_STYLE_USAGE(.BOTH.,#124980);
#125000=PRESENTATION_STYLE_ASSIGNMENT((#124990));
#125010=ORIENTED_EDGE('',*,*,#73210,.T.);
#125020=ORIENTED_EDGE('',*,*,#8340,.T.);
#125030=ORIENTED_EDGE('',*,*,#2900,.F.);
#125040=ORIENTED_EDGE('',*,*,#8490,.F.);
#125050=EDGE_LOOP('',(#125040,#125030,#125020,#125010));
#125060=FACE_OUTER_BOUND('',#125050,.T.);
#125070=ADVANCED_FACE('',(#125060),#8270,.F.);
#125080=COLOUR_RGB('',5.0196081399917603E-01,1.0000000000000000E+00,
   5.0196081399917603E-01);
#125090=FILL_AREA_STYLE_COLOUR('',#125080);
#125100=FILL_AREA_STYLE('',(#125090));
#125110=SURFACE_STYLE_FILL_AREA(#125100);
#125120=SURFACE_SIDE_STYLE('',(#125110));
#125130=SURFACE_STYLE_USAGE(.BOTH.,#125120);
#125140=PRESENTATION_STYLE_ASSIGNMENT((#125130));
#125150=ORIENTED_EDGE('',*,*,#53420,.T.);
#125160=ORIENTED_EDGE('',*,*,#55190,.F.);
#125170=ORIENTED_EDGE('',*,*,#49310,.F.);
#125180=ORIENTED_EDGE('',*,*,#51090,.F.);
#125190=ORIENTED_EDGE('',*,*,#50050,.T.);
#125200=ORIENTED_EDGE('',*,*,#44900,.T.);
#125210=ORIENTED_EDGE('',*,*,#50340,.F.);
#125220=ORIENTED_EDGE('',*,*,#1620,.F.);
#125230=EDGE_LOOP('',(#125220,#125210,#125200,#125190,#125180,#125170,
   #125160,#125150));
#125240=FACE_OUTER_BOUND('',#125230,.T.);
#125250=ADVANCED_FACE('',(#125240),#49980,.T.);
#125260=COLOUR_RGB('',9.4901967048645020E-01,9.4901967048645020E-01,
   1.0000000000000000E+00);
#125270=FILL_AREA_STYLE_COLOUR('',#125260);
#125280=FILL_AREA_STYLE('',(#125270));
#125290=SURFACE_STYLE_FILL_AREA(#125280);
#125300=SURFACE_SIDE_STYLE('',(#125290));
#125310=SURFACE_STYLE_USAGE(.BOTH.,#125300);
#125320=PRESENTATION_STYLE_ASSIGNMENT((#125310));
#125330=ORIENTED_EDGE('',*,*,#60890,.T.);
#125340=ORIENTED_EDGE('',*,*,#54260,.F.);
#125350=ORIENTED_EDGE('',*,*,#61040,.F.);
#125360=ORIENTED_EDGE('',*,*,#73520,.T.);
#125370=EDGE_LOOP('',(#125360,#125350,#125340,#125330));
#125380=FACE_OUTER_BOUND('',#125370,.T.);
#125390=ADVANCED_FACE('',(#125380),#60820,.F.);
#125400=COLOUR_RGB('',5.0196081399917603E-01,1.0000000000000000E+00,
   5.0196081399917603E-01);
#125410=FILL_AREA_STYLE_COLOUR('',#125400);
#125420=FILL_AREA_STYLE('',(#125410));
#125430=SURFACE_STYLE_FILL_AREA(#125420);
#125440=SURFACE_SIDE_STYLE('',(#125430));
#125450=SURFACE_STYLE_USAGE(.BOTH.,#125440);
#125460=PRESENTATION_STYLE_ASSIGNMENT((#125450));
#125470=ORIENTED_EDGE('',*,*,#480,.F.);
#125480=ORIENTED_EDGE('',*,*,#21570,.F.);
#125490=ORIENTED_EDGE('',*,*,#2280,.T.);
#125500=ORIENTED_EDGE('',*,*,#2590,.F.);
#125510=ORIENTED_EDGE('',*,*,#1050,.F.);
#125520=ORIENTED_EDGE('',*,*,#21170,.F.);
#125530=ORIENTED_EDGE('',*,*,#650,.T.);
#125540=ORIENTED_EDGE('',*,*,#2770,.T.);
#125550=EDGE_LOOP('',(#125540,#125530,#125520,#125510,#125500,#125490,
   #125480,#125470));
#125560=FACE_OUTER_BOUND('',#125550,.T.);
#125570=ADVANCED_FACE('',(#125560),#50,.T.);
#125580=COLOUR_RGB('',9.4901967048645020E-01,9.4901967048645020E-01,
   1.0000000000000000E+00);
#125590=FILL_AREA_STYLE_COLOUR('',#125580);
#125600=FILL_AREA_STYLE('',(#125590));
#125610=SURFACE_STYLE_FILL_AREA(#125600);
#125620=SURFACE_SIDE_STYLE('',(#125610));
#125630=SURFACE_STYLE_USAGE(.BOTH.,#125620);
#125640=PRESENTATION_STYLE_ASSIGNMENT((#125630));
#125650=ORIENTED_EDGE('',*,*,#112200,.T.);
#125660=ORIENTED_EDGE('',*,*,#109870,.F.);
#125670=ORIENTED_EDGE('',*,*,#106700,.F.);
#125680=ORIENTED_EDGE('',*,*,#109090,.F.);
#125690=EDGE_LOOP('',(#125680,#125670,#125660,#125650));
#125700=FACE_OUTER_BOUND('',#125690,.T.);
#125710=ADVANCED_FACE('',(#125700),#108930,.F.);
#125720=COLOUR_RGB('',5.0196081399917603E-01,1.0000000000000000E+00,
   5.0196081399917603E-01);
#125730=FILL_AREA_STYLE_COLOUR('',#125720);
#125740=FILL_AREA_STYLE('',(#125730));
#125750=SURFACE_STYLE_FILL_AREA(#125740);
#125760=SURFACE_SIDE_STYLE('',(#125750));
#125770=SURFACE_STYLE_USAGE(.BOTH.,#125760);
#125780=PRESENTATION_STYLE_ASSIGNMENT((#125770));
#125790=CLOSED_SHELL('',(#760,#1230,#1850,#2320,#2630,#2960,#3430,#3830,
   #4300,#4700,#5190,#5660,#6130,#6380,#6680,#7130,#7770,#8150,#8540,
   #9010,#10270,#10500,#10810,#11410,#11900,#12400,#12830,#13120,#13370,
   #13840,#14150,#14440,#14730,#15200,#15580,#15960,#16340,#16720,#17190
   ,#17480,#17770,#18000,#18290,#18820,#19040,#19260,#19570,#19830,
   #20220,#20530,#20770,#21090,#21320,#21470,#21650,#21790,#21940,#22070
   ,#22500,#22990,#23490,#23970,#24350,#24730,#25200,#25660,#25900,
   #26280,#26660,#27090,#27470,#27780,#28340,#28560,#28750,#28930,#29240
   ,#29550,#30010,#30420,#30730,#31070,#31310,#31500,#31810,#32050,
   #32440,#32750,#32930,#33120,#33720,#34350,#34800,#35220,#35360,#35650
   ,#35960,#36180,#36650,#37040,#37350,#37550,#38170,#38620,#38860,
   #39050,#39290,#39530,#39720,#39960,#40450,#40920,#41300,#41770,#42060
   ,#42300,#42780,#43090,#43410,#43670,#43930,#44530,#44960,#45350,
   #45610,#45920,#46190,#46330,#46520,#46740,#46890,#47030,#47420,#47670
   ,#47850,#48160,#48550,#49020,#49490,#49730,#49860,#50390,#50540,
   #50690,#50830,#51210,#51420,#51660,#52080,#52570,#52860,#53240,#53460
   ,#53890,#54320,#54720,#55030,#55230,#55700,#56010,#56390,#56590,
   #56780,#57090,#57220,#57460,#57950,#58420,#58890,#59180,#59560,#59870
   ,#60320,#60700,#61090,#62900,#63290,#63710,#63850,#64140,#64390,
   #64610,#65040,#65660,#65810,#66120,#66320,#66870,#67320,#68050,#68240
   ,#68480,#68720,#68910,#69150,#69620,#70090,#70470,#70820,#71290,
   #71670,#72130,#72510,#72830,#73860,#74270,#74610,#74900,#75290,#75430
   ,#75740,#76010,#76540,#76730,#77020,#77160,#77630,#77940,#78560,
   #78980,#79240,#79530,#79780,#80000,#80790,#81300,#81430,#81810,#82010
   ,#82470,#82830,#83140,#83330,#83570,#83760,#83950,#84190,#84660,
   #85040,#85350,#85800,#86150,#86440,#86830,#87140,#87390,#87700,#88060
   ,#88440,#88580,#88970,#89120,#89430,#89770,#90010,#90200,#90370,
   #90510,#90900,#91150,#91330,#91640,#92030,#92260,#92550,#92790,#92920
   ,#93160,#93310,#93460,#93600,#93980,#94230,#94540,#94830,#95070,
   #95460,#95930,#96170,#96730,#97220,#97600,#97930,#98220,#98850,#99240
   ,#99400,#99780,#99930,#100120,#100430,#100570,#100810,#101100,#101290
   ,#101470,#101630,#101780,#101960,#102090,#102230,#102420,#102670,
   #103860,#104240,#104560,#104870,#105190,#105500,#105820,#106130,
   #106380,#108810,#109200,#109520,#109910,#110220,#110540,#110850,
   #111170,#111550,#111870,#112110,#112350,#112730,#113050,#113370,
   #113680,#114000,#114310,#114630,#114940,#115260,#115570,#115890,
   #116210,#116450,#116840,#116970,#117160,#117470,#117790,#118140,
   #118330,#118740,#118980,#119240,#119430,#119680,#119890,#120130,
   #120390,#120630,#120820,#121060,#121720,#121930,#122070,#122210,
   #122350,#122530,#122670,#122810,#122950,#123090,#123230,#123370,
   #123510,#123690,#123830,#124010,#124150,#124330,#124470,#124610,
   #124750,#124930,#125070,#125250,#125390,#125570,#125710));
#125800=MANIFOLD_SOLID_BREP('',#125790);
#125810=CARTESIAN_POINT('',(0.0000000000000000E+00,
   0.0000000000000000E+00,0.0000000000000000E+00));
#125820=DIRECTION('',(0.0000000000000000E+00,0.0000000000000000E+00,
   1.0000000000000000E+00));
#125830=DIRECTION('',(1.0000000000000000E+00,0.0000000000000000E+00,
   0.0000000000000000E+00));
#125840=AXIS2_PLACEMENT_3D('',#125810,#125820,#125830);
#125850=APPLICATION_CONTEXT(' ');
#125860=APPLICATION_PROTOCOL_DEFINITION(' ','automotive_design',1998,
   #125850);
#125870=MECHANICAL_CONTEXT('',#125850,'mechanical');
#125880=PRODUCT_DEFINITION_CONTEXT('',#125850,'design');
#125890=PRODUCT('mkdsn_1.5-7','mkdsn_1.5-7','',(#125870));
#125900=PRODUCT_TYPE('part',' ',(#125890));
#125910=PRODUCT_DEFINITION_FORMATION_WITH_SPECIFIED_SOURCE('','',#125890
   ,.BOUGHT.);
#125920=PRODUCT_DEFINITION('',' ',#125910,#125880);
#125930=PRODUCT_DEFINITION_SHAPE('','',#125920);
#125940=DIMENSIONAL_EXPONENTS(1.0000000000000000E+00,
   0.0000000000000000E+00,0.0000000000000000E+00,0.0000000000000000E+00,
   0.0000000000000000E+00,0.0000000000000000E+00,0.0000000000000000E+00)
   ;
#125950=DIMENSIONAL_EXPONENTS(0.0000000000000000E+00,
   0.0000000000000000E+00,0.0000000000000000E+00,0.0000000000000000E+00,
   0.0000000000000000E+00,0.0000000000000000E+00,0.0000000000000000E+00)
   ;
#125960=DIMENSIONAL_EXPONENTS(0.0000000000000000E+00,
   0.0000000000000000E+00,0.0000000000000000E+00,0.0000000000000000E+00,
   0.0000000000000000E+00,0.0000000000000000E+00,0.0000000000000000E+00)
   ;
#125970=(LENGTH_UNIT() NAMED_UNIT(*) SI_UNIT(.MILLI.,.METRE.));
#125980=(NAMED_UNIT(*) PLANE_ANGLE_UNIT() SI_UNIT($,.RADIAN.));
#125990=(NAMED_UNIT(*) SI_UNIT($,.STERADIAN.) SOLID_ANGLE_UNIT());
#126000=(GEOMETRIC_REPRESENTATION_CONTEXT(3) 
   GLOBAL_UNCERTAINTY_ASSIGNED_CONTEXT((#126010)) 
   GLOBAL_UNIT_ASSIGNED_CONTEXT((#125970,#125980,#125990)) 
   REPRESENTATION_CONTEXT('',''));
#126010=UNCERTAINTY_MEASURE_WITH_UNIT(LENGTH_MEASURE(
   9.9999999999999995E-07),#125970,'distance_accuracy_value',
   'maximum gap value');
#126020=ADVANCED_BREP_SHAPE_REPRESENTATION('',(#125840,#125800),#126000)
   ;
#126030=SHAPE_DEFINITION_REPRESENTATION(#125930,#126020);
#126040=COLOUR_RGB('',6.0000002384185791E-01,6.0000002384185791E-01,
   6.0000002384185791E-01);
#126050=FILL_AREA_STYLE_COLOUR('',#126040);
#126060=FILL_AREA_STYLE('',(#126050));
#126070=SURFACE_STYLE_FILL_AREA(#126060);
#126080=SURFACE_SIDE_STYLE('',(#126070));
#126090=SURFACE_STYLE_USAGE(.BOTH.,#126080);
#126100=PRESENTATION_STYLE_ASSIGNMENT((#126090));
#126110=STYLED_ITEM('',(#126100),#125800);
#126120=OVER_RIDING_STYLED_ITEM('',(#830),#760,#126110);
#126130=OVER_RIDING_STYLED_ITEM('',(#1300),#1230,#126110);
#126140=OVER_RIDING_STYLED_ITEM('',(#1920),#1850,#126110);
#126150=OVER_RIDING_STYLED_ITEM('',(#2390),#2320,#126110);
#126160=OVER_RIDING_STYLED_ITEM('',(#2700),#2630,#126110);
#126170=OVER_RIDING_STYLED_ITEM('',(#3030),#2960,#126110);
#126180=OVER_RIDING_STYLED_ITEM('',(#3500),#3430,#126110);
#126190=OVER_RIDING_STYLED_ITEM('',(#3900),#3830,#126110);
#126200=OVER_RIDING_STYLED_ITEM('',(#4370),#4300,#126110);
#126210=OVER_RIDING_STYLED_ITEM('',(#4770),#4700,#126110);
#126220=OVER_RIDING_STYLED_ITEM('',(#5260),#5190,#126110);
#126230=OVER_RIDING_STYLED_ITEM('',(#5730),#5660,#126110);
#126240=OVER_RIDING_STYLED_ITEM('',(#6200),#6130,#126110);
#126250=OVER_RIDING_STYLED_ITEM('',(#6450),#6380,#126110);
#126260=OVER_RIDING_STYLED_ITEM('',(#6750),#6680,#126110);
#126270=OVER_RIDING_STYLED_ITEM('',(#7200),#7130,#126110);
#126280=OVER_RIDING_STYLED_ITEM('',(#7840),#7770,#126110);
#126290=OVER_RIDING_STYLED_ITEM('',(#8220),#8150,#126110);
#126300=OVER_RIDING_STYLED_ITEM('',(#8610),#8540,#126110);
#126310=OVER_RIDING_STYLED_ITEM('',(#9080),#9010,#126110);
#126320=OVER_RIDING_STYLED_ITEM('',(#10340),#10270,#126110);
#126330=OVER_RIDING_STYLED_ITEM('',(#10570),#10500,#126110);
#126340=OVER_RIDING_STYLED_ITEM('',(#10880),#10810,#126110);
#126350=OVER_RIDING_STYLED_ITEM('',(#11480),#11410,#126110);
#126360=OVER_RIDING_STYLED_ITEM('',(#11970),#11900,#126110);
#126370=OVER_RIDING_STYLED_ITEM('',(#12470),#12400,#126110);
#126380=OVER_RIDING_STYLED_ITEM('',(#12900),#12830,#126110);
#126390=OVER_RIDING_STYLED_ITEM('',(#13190),#13120,#126110);
#126400=OVER_RIDING_STYLED_ITEM('',(#13440),#13370,#126110);
#126410=OVER_RIDING_STYLED_ITEM('',(#13910),#13840,#126110);
#126420=OVER_RIDING_STYLED_ITEM('',(#14220),#14150,#126110);
#126430=OVER_RIDING_STYLED_ITEM('',(#14510),#14440,#126110);
#126440=OVER_RIDING_STYLED_ITEM('',(#14800),#14730,#126110);
#126450=OVER_RIDING_STYLED_ITEM('',(#15270),#15200,#126110);
#126460=OVER_RIDING_STYLED_ITEM('',(#15650),#15580,#126110);
#126470=OVER_RIDING_STYLED_ITEM('',(#16030),#15960,#126110);
#126480=OVER_RIDING_STYLED_ITEM('',(#16410),#16340,#126110);
#126490=OVER_RIDING_STYLED_ITEM('',(#16790),#16720,#126110);
#126500=OVER_RIDING_STYLED_ITEM('',(#17260),#17190,#126110);
#126510=OVER_RIDING_STYLED_ITEM('',(#17550),#17480,#126110);
#126520=OVER_RIDING_STYLED_ITEM('',(#17840),#17770,#126110);
#126530=OVER_RIDING_STYLED_ITEM('',(#18070),#18000,#126110);
#126540=OVER_RIDING_STYLED_ITEM('',(#18360),#18290,#126110);
#126550=OVER_RIDING_STYLED_ITEM('',(#18890),#18820,#126110);
#126560=OVER_RIDING_STYLED_ITEM('',(#19110),#19040,#126110);
#126570=OVER_RIDING_STYLED_ITEM('',(#19330),#19260,#126110);
#126580=OVER_RIDING_STYLED_ITEM('',(#19640),#19570,#126110);
#126590=OVER_RIDING_STYLED_ITEM('',(#19900),#19830,#126110);
#126600=OVER_RIDING_STYLED_ITEM('',(#20290),#20220,#126110);
#126610=OVER_RIDING_STYLED_ITEM('',(#20600),#20530,#126110);
#126620=OVER_RIDING_STYLED_ITEM('',(#20840),#20770,#126110);
#126630=OVER_RIDING_STYLED_ITEM('',(#21160),#21090,#126110);
#126640=OVER_RIDING_STYLED_ITEM('',(#21390),#21320,#126110);
#126650=OVER_RIDING_STYLED_ITEM('',(#21540),#21470,#126110);
#126660=OVER_RIDING_STYLED_ITEM('',(#21720),#21650,#126110);
#126670=OVER_RIDING_STYLED_ITEM('',(#21860),#21790,#126110);
#126680=OVER_RIDING_STYLED_ITEM('',(#22010),#21940,#126110);
#126690=OVER_RIDING_STYLED_ITEM('',(#22140),#22070,#126110);
#126700=OVER_RIDING_STYLED_ITEM('',(#22570),#22500,#126110);
#126710=OVER_RIDING_STYLED_ITEM('',(#23060),#22990,#126110);
#126720=OVER_RIDING_STYLED_ITEM('',(#23560),#23490,#126110);
#126730=OVER_RIDING_STYLED_ITEM('',(#24040),#23970,#126110);
#126740=OVER_RIDING_STYLED_ITEM('',(#24420),#24350,#126110);
#126750=OVER_RIDING_STYLED_ITEM('',(#24800),#24730,#126110);
#126760=OVER_RIDING_STYLED_ITEM('',(#25270),#25200,#126110);
#126770=OVER_RIDING_STYLED_ITEM('',(#25730),#25660,#126110);
#126780=OVER_RIDING_STYLED_ITEM('',(#25970),#25900,#126110);
#126790=OVER_RIDING_STYLED_ITEM('',(#26350),#26280,#126110);
#126800=OVER_RIDING_STYLED_ITEM('',(#26730),#26660,#126110);
#126810=OVER_RIDING_STYLED_ITEM('',(#27160),#27090,#126110);
#126820=OVER_RIDING_STYLED_ITEM('',(#27540),#27470,#126110);
#126830=OVER_RIDING_STYLED_ITEM('',(#27850),#27780,#126110);
#126840=OVER_RIDING_STYLED_ITEM('',(#28410),#28340,#126110);
#126850=OVER_RIDING_STYLED_ITEM('',(#28630),#28560,#126110);
#126860=OVER_RIDING_STYLED_ITEM('',(#28820),#28750,#126110);
#126870=OVER_RIDING_STYLED_ITEM('',(#29000),#28930,#126110);
#126880=OVER_RIDING_STYLED_ITEM('',(#29310),#29240,#126110);
#126890=OVER_RIDING_STYLED_ITEM('',(#29620),#29550,#126110);
#126900=OVER_RIDING_STYLED_ITEM('',(#30080),#30010,#126110);
#126910=OVER_RIDING_STYLED_ITEM('',(#30490),#30420,#126110);
#126920=OVER_RIDING_STYLED_ITEM('',(#30800),#30730,#126110);
#126930=OVER_RIDING_STYLED_ITEM('',(#31140),#31070,#126110);
#126940=OVER_RIDING_STYLED_ITEM('',(#31380),#31310,#126110);
#126950=OVER_RIDING_STYLED_ITEM('',(#31570),#31500,#126110);
#126960=OVER_RIDING_STYLED_ITEM('',(#31880),#31810,#126110);
#126970=OVER_RIDING_STYLED_ITEM('',(#32120),#32050,#126110);
#126980=OVER_RIDING_STYLED_ITEM('',(#32510),#32440,#126110);
#126990=OVER_RIDING_STYLED_ITEM('',(#32820),#32750,#126110);
#127000=OVER_RIDING_STYLED_ITEM('',(#33000),#32930,#126110);
#127010=OVER_RIDING_STYLED_ITEM('',(#33190),#33120,#126110);
#127020=OVER_RIDING_STYLED_ITEM('',(#33790),#33720,#126110);
#127030=OVER_RIDING_STYLED_ITEM('',(#34420),#34350,#126110);
#127040=OVER_RIDING_STYLED_ITEM('',(#34870),#34800,#126110);
#127050=OVER_RIDING_STYLED_ITEM('',(#35290),#35220,#126110);
#127060=OVER_RIDING_STYLED_ITEM('',(#35430),#35360,#126110);
#127070=OVER_RIDING_STYLED_ITEM('',(#35720),#35650,#126110);
#127080=OVER_RIDING_STYLED_ITEM('',(#36030),#35960,#126110);
#127090=OVER_RIDING_STYLED_ITEM('',(#36250),#36180,#126110);
#127100=OVER_RIDING_STYLED_ITEM('',(#36720),#36650,#126110);
#127110=OVER_RIDING_STYLED_ITEM('',(#37110),#37040,#126110);
#127120=OVER_RIDING_STYLED_ITEM('',(#37420),#37350,#126110);
#127130=OVER_RIDING_STYLED_ITEM('',(#37620),#37550,#126110);
#127140=OVER_RIDING_STYLED_ITEM('',(#38240),#38170,#126110);
#127150=OVER_RIDING_STYLED_ITEM('',(#38690),#38620,#126110);
#127160=OVER_RIDING_STYLED_ITEM('',(#38930),#38860,#126110);
#127170=OVER_RIDING_STYLED_ITEM('',(#39120),#39050,#126110);
#127180=OVER_RIDING_STYLED_ITEM('',(#39360),#39290,#126110);
#127190=OVER_RIDING_STYLED_ITEM('',(#39600),#39530,#126110);
#127200=OVER_RIDING_STYLED_ITEM('',(#39790),#39720,#126110);
#127210=OVER_RIDING_STYLED_ITEM('',(#40030),#39960,#126110);
#127220=OVER_RIDING_STYLED_ITEM('',(#40520),#40450,#126110);
#127230=OVER_RIDING_STYLED_ITEM('',(#40990),#40920,#126110);
#127240=OVER_RIDING_STYLED_ITEM('',(#41370),#41300,#126110);
#127250=OVER_RIDING_STYLED_ITEM('',(#41840),#41770,#126110);
#127260=OVER_RIDING_STYLED_ITEM('',(#42130),#42060,#126110);
#127270=OVER_RIDING_STYLED_ITEM('',(#42370),#42300,#126110);
#127280=OVER_RIDING_STYLED_ITEM('',(#42850),#42780,#126110);
#127290=OVER_RIDING_STYLED_ITEM('',(#43160),#43090,#126110);
#127300=OVER_RIDING_STYLED_ITEM('',(#43480),#43410,#126110);
#127310=OVER_RIDING_STYLED_ITEM('',(#43740),#43670,#126110);
#127320=OVER_RIDING_STYLED_ITEM('',(#44000),#43930,#126110);
#127330=OVER_RIDING_STYLED_ITEM('',(#44600),#44530,#126110);
#127340=OVER_RIDING_STYLED_ITEM('',(#45030),#44960,#126110);
#127350=OVER_RIDING_STYLED_ITEM('',(#45420),#45350,#126110);
#127360=OVER_RIDING_STYLED_ITEM('',(#45680),#45610,#126110);
#127370=OVER_RIDING_STYLED_ITEM('',(#45990),#45920,#126110);
#127380=OVER_RIDING_STYLED_ITEM('',(#46260),#46190,#126110);
#127390=OVER_RIDING_STYLED_ITEM('',(#46400),#46330,#126110);
#127400=OVER_RIDING_STYLED_ITEM('',(#46590),#46520,#126110);
#127410=OVER_RIDING_STYLED_ITEM('',(#46810),#46740,#126110);
#127420=OVER_RIDING_STYLED_ITEM('',(#46960),#46890,#126110);
#127430=OVER_RIDING_STYLED_ITEM('',(#47100),#47030,#126110);
#127440=OVER_RIDING_STYLED_ITEM('',(#47490),#47420,#126110);
#127450=OVER_RIDING_STYLED_ITEM('',(#47740),#47670,#126110);
#127460=OVER_RIDING_STYLED_ITEM('',(#47920),#47850,#126110);
#127470=OVER_RIDING_STYLED_ITEM('',(#48230),#48160,#126110);
#127480=OVER_RIDING_STYLED_ITEM('',(#48620),#48550,#126110);
#127490=OVER_RIDING_STYLED_ITEM('',(#49090),#49020,#126110);
#127500=OVER_RIDING_STYLED_ITEM('',(#49560),#49490,#126110);
#127510=OVER_RIDING_STYLED_ITEM('',(#49800),#49730,#126110);
#127520=OVER_RIDING_STYLED_ITEM('',(#49930),#49860,#126110);
#127530=OVER_RIDING_STYLED_ITEM('',(#50460),#50390,#126110);
#127540=OVER_RIDING_STYLED_ITEM('',(#50610),#50540,#126110);
#127550=OVER_RIDING_STYLED_ITEM('',(#50760),#50690,#126110);
#127560=OVER_RIDING_STYLED_ITEM('',(#50900),#50830,#126110);
#127570=OVER_RIDING_STYLED_ITEM('',(#51280),#51210,#126110);
#127580=OVER_RIDING_STYLED_ITEM('',(#51490),#51420,#126110);
#127590=OVER_RIDING_STYLED_ITEM('',(#51730),#51660,#126110);
#127600=OVER_RIDING_STYLED_ITEM('',(#52150),#52080,#126110);
#127610=OVER_RIDING_STYLED_ITEM('',(#52640),#52570,#126110);
#127620=OVER_RIDING_STYLED_ITEM('',(#52930),#52860,#126110);
#127630=OVER_RIDING_STYLED_ITEM('',(#53310),#53240,#126110);
#127640=OVER_RIDING_STYLED_ITEM('',(#53530),#53460,#126110);
#127650=OVER_RIDING_STYLED_ITEM('',(#53960),#53890,#126110);
#127660=OVER_RIDING_STYLED_ITEM('',(#54390),#54320,#126110);
#127670=OVER_RIDING_STYLED_ITEM('',(#54790),#54720,#126110);
#127680=OVER_RIDING_STYLED_ITEM('',(#55100),#55030,#126110);
#127690=OVER_RIDING_STYLED_ITEM('',(#55300),#55230,#126110);
#127700=OVER_RIDING_STYLED_ITEM('',(#55770),#55700,#126110);
#127710=OVER_RIDING_STYLED_ITEM('',(#56080),#56010,#126110);
#127720=OVER_RIDING_STYLED_ITEM('',(#56460),#56390,#126110);
#127730=OVER_RIDING_STYLED_ITEM('',(#56660),#56590,#126110);
#127740=OVER_RIDING_STYLED_ITEM('',(#56850),#56780,#126110);
#127750=OVER_RIDING_STYLED_ITEM('',(#57160),#57090,#126110);
#127760=OVER_RIDING_STYLED_ITEM('',(#57290),#57220,#126110);
#127770=OVER_RIDING_STYLED_ITEM('',(#57530),#57460,#126110);
#127780=OVER_RIDING_STYLED_ITEM('',(#58020),#57950,#126110);
#127790=OVER_RIDING_STYLED_ITEM('',(#58490),#58420,#126110);
#127800=OVER_RIDING_STYLED_ITEM('',(#58960),#58890,#126110);
#127810=OVER_RIDING_STYLED_ITEM('',(#59250),#59180,#126110);
#127820=OVER_RIDING_STYLED_ITEM('',(#59630),#59560,#126110);
#127830=OVER_RIDING_STYLED_ITEM('',(#59940),#59870,#126110);
#127840=OVER_RIDING_STYLED_ITEM('',(#60390),#60320,#126110);
#127850=OVER_RIDING_STYLED_ITEM('',(#60770),#60700,#126110);
#127860=OVER_RIDING_STYLED_ITEM('',(#61160),#61090,#126110);
#127870=OVER_RIDING_STYLED_ITEM('',(#62970),#62900,#126110);
#127880=OVER_RIDING_STYLED_ITEM('',(#63360),#63290,#126110);
#127890=OVER_RIDING_STYLED_ITEM('',(#63780),#63710,#126110);
#127900=OVER_RIDING_STYLED_ITEM('',(#63920),#63850,#126110);
#127910=OVER_RIDING_STYLED_ITEM('',(#64210),#64140,#126110);
#127920=OVER_RIDING_STYLED_ITEM('',(#64460),#64390,#126110);
#127930=OVER_RIDING_STYLED_ITEM('',(#64680),#64610,#126110);
#127940=OVER_RIDING_STYLED_ITEM('',(#65110),#65040,#126110);
#127950=OVER_RIDING_STYLED_ITEM('',(#65730),#65660,#126110);
#127960=OVER_RIDING_STYLED_ITEM('',(#65880),#65810,#126110);
#127970=OVER_RIDING_STYLED_ITEM('',(#66190),#66120,#126110);
#127980=OVER_RIDING_STYLED_ITEM('',(#66390),#66320,#126110);
#127990=OVER_RIDING_STYLED_ITEM('',(#66940),#66870,#126110);
#128000=OVER_RIDING_STYLED_ITEM('',(#67390),#67320,#126110);
#128010=OVER_RIDING_STYLED_ITEM('',(#68120),#68050,#126110);
#128020=OVER_RIDING_STYLED_ITEM('',(#68310),#68240,#126110);
#128030=OVER_RIDING_STYLED_ITEM('',(#68550),#68480,#126110);
#128040=OVER_RIDING_STYLED_ITEM('',(#68790),#68720,#126110);
#128050=OVER_RIDING_STYLED_ITEM('',(#68980),#68910,#126110);
#128060=OVER_RIDING_STYLED_ITEM('',(#69220),#69150,#126110);
#128070=OVER_RIDING_STYLED_ITEM('',(#69690),#69620,#126110);
#128080=OVER_RIDING_STYLED_ITEM('',(#70160),#70090,#126110);
#128090=OVER_RIDING_STYLED_ITEM('',(#70540),#70470,#126110);
#128100=OVER_RIDING_STYLED_ITEM('',(#70890),#70820,#126110);
#128110=OVER_RIDING_STYLED_ITEM('',(#71360),#71290,#126110);
#128120=OVER_RIDING_STYLED_ITEM('',(#71740),#71670,#126110);
#128130=OVER_RIDING_STYLED_ITEM('',(#72200),#72130,#126110);
#128140=OVER_RIDING_STYLED_ITEM('',(#72580),#72510,#126110);
#128150=OVER_RIDING_STYLED_ITEM('',(#72900),#72830,#126110);
#128160=OVER_RIDING_STYLED_ITEM('',(#73930),#73860,#126110);
#128170=OVER_RIDING_STYLED_ITEM('',(#74340),#74270,#126110);
#128180=OVER_RIDING_STYLED_ITEM('',(#74680),#74610,#126110);
#128190=OVER_RIDING_STYLED_ITEM('',(#74970),#74900,#126110);
#128200=OVER_RIDING_STYLED_ITEM('',(#75360),#75290,#126110);
#128210=OVER_RIDING_STYLED_ITEM('',(#75500),#75430,#126110);
#128220=OVER_RIDING_STYLED_ITEM('',(#75810),#75740,#126110);
#128230=OVER_RIDING_STYLED_ITEM('',(#76080),#76010,#126110);
#128240=OVER_RIDING_STYLED_ITEM('',(#76610),#76540,#126110);
#128250=OVER_RIDING_STYLED_ITEM('',(#76800),#76730,#126110);
#128260=OVER_RIDING_STYLED_ITEM('',(#77090),#77020,#126110);
#128270=OVER_RIDING_STYLED_ITEM('',(#77230),#77160,#126110);
#128280=OVER_RIDING_STYLED_ITEM('',(#77700),#77630,#126110);
#128290=OVER_RIDING_STYLED_ITEM('',(#78010),#77940,#126110);
#128300=OVER_RIDING_STYLED_ITEM('',(#78630),#78560,#126110);
#128310=OVER_RIDING_STYLED_ITEM('',(#79050),#78980,#126110);
#128320=OVER_RIDING_STYLED_ITEM('',(#79310),#79240,#126110);
#128330=OVER_RIDING_STYLED_ITEM('',(#79600),#79530,#126110);
#128340=OVER_RIDING_STYLED_ITEM('',(#79850),#79780,#126110);
#128350=OVER_RIDING_STYLED_ITEM('',(#80070),#80000,#126110);
#128360=OVER_RIDING_STYLED_ITEM('',(#80860),#80790,#126110);
#128370=OVER_RIDING_STYLED_ITEM('',(#81370),#81300,#126110);
#128380=OVER_RIDING_STYLED_ITEM('',(#81500),#81430,#126110);
#128390=OVER_RIDING_STYLED_ITEM('',(#81880),#81810,#126110);
#128400=OVER_RIDING_STYLED_ITEM('',(#82080),#82010,#126110);
#128410=OVER_RIDING_STYLED_ITEM('',(#82540),#82470,#126110);
#128420=OVER_RIDING_STYLED_ITEM('',(#82900),#82830,#126110);
#128430=OVER_RIDING_STYLED_ITEM('',(#83210),#83140,#126110);
#128440=OVER_RIDING_STYLED_ITEM('',(#83400),#83330,#126110);
#128450=OVER_RIDING_STYLED_ITEM('',(#83640),#83570,#126110);
#128460=OVER_RIDING_STYLED_ITEM('',(#83830),#83760,#126110);
#128470=OVER_RIDING_STYLED_ITEM('',(#84020),#83950,#126110);
#128480=OVER_RIDING_STYLED_ITEM('',(#84260),#84190,#126110);
#128490=OVER_RIDING_STYLED_ITEM('',(#84730),#84660,#126110);
#128500=OVER_RIDING_STYLED_ITEM('',(#85110),#85040,#126110);
#128510=OVER_RIDING_STYLED_ITEM('',(#85420),#85350,#126110);
#128520=OVER_RIDING_STYLED_ITEM('',(#85870),#85800,#126110);
#128530=OVER_RIDING_STYLED_ITEM('',(#86220),#86150,#126110);
#128540=OVER_RIDING_STYLED_ITEM('',(#86510),#86440,#126110);
#128550=OVER_RIDING_STYLED_ITEM('',(#86900),#86830,#126110);
#128560=OVER_RIDING_STYLED_ITEM('',(#87210),#87140,#126110);
#128570=OVER_RIDING_STYLED_ITEM('',(#87460),#87390,#126110);
#128580=OVER_RIDING_STYLED_ITEM('',(#87770),#87700,#126110);
#128590=OVER_RIDING_STYLED_ITEM('',(#88130),#88060,#126110);
#128600=OVER_RIDING_STYLED_ITEM('',(#88510),#88440,#126110);
#128610=OVER_RIDING_STYLED_ITEM('',(#88650),#88580,#126110);
#128620=OVER_RIDING_STYLED_ITEM('',(#89040),#88970,#126110);
#128630=OVER_RIDING_STYLED_ITEM('',(#89190),#89120,#126110);
#128640=OVER_RIDING_STYLED_ITEM('',(#89500),#89430,#126110);
#128650=OVER_RIDING_STYLED_ITEM('',(#89840),#89770,#126110);
#128660=OVER_RIDING_STYLED_ITEM('',(#90080),#90010,#126110);
#128670=OVER_RIDING_STYLED_ITEM('',(#90270),#90200,#126110);
#128680=OVER_RIDING_STYLED_ITEM('',(#90440),#90370,#126110);
#128690=OVER_RIDING_STYLED_ITEM('',(#90580),#90510,#126110);
#128700=OVER_RIDING_STYLED_ITEM('',(#90970),#90900,#126110);
#128710=OVER_RIDING_STYLED_ITEM('',(#91220),#91150,#126110);
#128720=OVER_RIDING_STYLED_ITEM('',(#91400),#91330,#126110);
#128730=OVER_RIDING_STYLED_ITEM('',(#91710),#91640,#126110);
#128740=OVER_RIDING_STYLED_ITEM('',(#92100),#92030,#126110);
#128750=OVER_RIDING_STYLED_ITEM('',(#92330),#92260,#126110);
#128760=OVER_RIDING_STYLED_ITEM('',(#92620),#92550,#126110);
#128770=OVER_RIDING_STYLED_ITEM('',(#92860),#92790,#126110);
#128780=OVER_RIDING_STYLED_ITEM('',(#92990),#92920,#126110);
#128790=OVER_RIDING_STYLED_ITEM('',(#93230),#93160,#126110);
#128800=OVER_RIDING_STYLED_ITEM('',(#93380),#93310,#126110);
#128810=OVER_RIDING_STYLED_ITEM('',(#93530),#93460,#126110);
#128820=OVER_RIDING_STYLED_ITEM('',(#93670),#93600,#126110);
#128830=OVER_RIDING_STYLED_ITEM('',(#94050),#93980,#126110);
#128840=OVER_RIDING_STYLED_ITEM('',(#94300),#94230,#126110);
#128850=OVER_RIDING_STYLED_ITEM('',(#94610),#94540,#126110);
#128860=OVER_RIDING_STYLED_ITEM('',(#94900),#94830,#126110);
#128870=OVER_RIDING_STYLED_ITEM('',(#95140),#95070,#126110);
#128880=OVER_RIDING_STYLED_ITEM('',(#95530),#95460,#126110);
#128890=OVER_RIDING_STYLED_ITEM('',(#96000),#95930,#126110);
#128900=OVER_RIDING_STYLED_ITEM('',(#96240),#96170,#126110);
#128910=OVER_RIDING_STYLED_ITEM('',(#96800),#96730,#126110);
#128920=OVER_RIDING_STYLED_ITEM('',(#97290),#97220,#126110);
#128930=OVER_RIDING_STYLED_ITEM('',(#97670),#97600,#126110);
#128940=OVER_RIDING_STYLED_ITEM('',(#98000),#97930,#126110);
#128950=OVER_RIDING_STYLED_ITEM('',(#98290),#98220,#126110);
#128960=OVER_RIDING_STYLED_ITEM('',(#98920),#98850,#126110);
#128970=OVER_RIDING_STYLED_ITEM('',(#99310),#99240,#126110);
#128980=OVER_RIDING_STYLED_ITEM('',(#99470),#99400,#126110);
#128990=OVER_RIDING_STYLED_ITEM('',(#99850),#99780,#126110);
#129000=OVER_RIDING_STYLED_ITEM('',(#100000),#99930,#126110);
#129010=OVER_RIDING_STYLED_ITEM('',(#100190),#100120,#126110);
#129020=OVER_RIDING_STYLED_ITEM('',(#100500),#100430,#126110);
#129030=OVER_RIDING_STYLED_ITEM('',(#100640),#100570,#126110);
#129040=OVER_RIDING_STYLED_ITEM('',(#100880),#100810,#126110);
#129050=OVER_RIDING_STYLED_ITEM('',(#101170),#101100,#126110);
#129060=OVER_RIDING_STYLED_ITEM('',(#101360),#101290,#126110);
#129070=OVER_RIDING_STYLED_ITEM('',(#101540),#101470,#126110);
#129080=OVER_RIDING_STYLED_ITEM('',(#101700),#101630,#126110);
#129090=OVER_RIDING_STYLED_ITEM('',(#101850),#101780,#126110);
#129100=OVER_RIDING_STYLED_ITEM('',(#102030),#101960,#126110);
#129110=OVER_RIDING_STYLED_ITEM('',(#102160),#102090,#126110);
#129120=OVER_RIDING_STYLED_ITEM('',(#102300),#102230,#126110);
#129130=OVER_RIDING_STYLED_ITEM('',(#102490),#102420,#126110);
#129140=OVER_RIDING_STYLED_ITEM('',(#102740),#102670,#126110);
#129150=OVER_RIDING_STYLED_ITEM('',(#103930),#103860,#126110);
#129160=OVER_RIDING_STYLED_ITEM('',(#104310),#104240,#126110);
#129170=OVER_RIDING_STYLED_ITEM('',(#104630),#104560,#126110);
#129180=OVER_RIDING_STYLED_ITEM('',(#104940),#104870,#126110);
#129190=OVER_RIDING_STYLED_ITEM('',(#105260),#105190,#126110);
#129200=OVER_RIDING_STYLED_ITEM('',(#105570),#105500,#126110);
#129210=OVER_RIDING_STYLED_ITEM('',(#105890),#105820,#126110);
#129220=OVER_RIDING_STYLED_ITEM('',(#106200),#106130,#126110);
#129230=OVER_RIDING_STYLED_ITEM('',(#106450),#106380,#126110);
#129240=OVER_RIDING_STYLED_ITEM('',(#108880),#108810,#126110);
#129250=OVER_RIDING_STYLED_ITEM('',(#109270),#109200,#126110);
#129260=OVER_RIDING_STYLED_ITEM('',(#109590),#109520,#126110);
#129270=OVER_RIDING_STYLED_ITEM('',(#109980),#109910,#126110);
#129280=OVER_RIDING_STYLED_ITEM('',(#110290),#110220,#126110);
#129290=OVER_RIDING_STYLED_ITEM('',(#110610),#110540,#126110);
#129300=OVER_RIDING_STYLED_ITEM('',(#110920),#110850,#126110);
#129310=OVER_RIDING_STYLED_ITEM('',(#111240),#111170,#126110);
#129320=OVER_RIDING_STYLED_ITEM('',(#111620),#111550,#126110);
#129330=OVER_RIDING_STYLED_ITEM('',(#111940),#111870,#126110);
#129340=OVER_RIDING_STYLED_ITEM('',(#112180),#112110,#126110);
#129350=OVER_RIDING_STYLED_ITEM('',(#112420),#112350,#126110);
#129360=OVER_RIDING_STYLED_ITEM('',(#112800),#112730,#126110);
#129370=OVER_RIDING_STYLED_ITEM('',(#113120),#113050,#126110);
#129380=OVER_RIDING_STYLED_ITEM('',(#113440),#113370,#126110);
#129390=OVER_RIDING_STYLED_ITEM('',(#113750),#113680,#126110);
#129400=OVER_RIDING_STYLED_ITEM('',(#114070),#114000,#126110);
#129410=OVER_RIDING_STYLED_ITEM('',(#114380),#114310,#126110);
#129420=OVER_RIDING_STYLED_ITEM('',(#114700),#114630,#126110);
#129430=OVER_RIDING_STYLED_ITEM('',(#115010),#114940,#126110);
#129440=OVER_RIDING_STYLED_ITEM('',(#115330),#115260,#126110);
#129450=OVER_RIDING_STYLED_ITEM('',(#115640),#115570,#126110);
#129460=OVER_RIDING_STYLED_ITEM('',(#115960),#115890,#126110);
#129470=OVER_RIDING_STYLED_ITEM('',(#116280),#116210,#126110);
#129480=OVER_RIDING_STYLED_ITEM('',(#116520),#116450,#126110);
#129490=OVER_RIDING_STYLED_ITEM('',(#116910),#116840,#126110);
#129500=OVER_RIDING_STYLED_ITEM('',(#117040),#116970,#126110);
#129510=OVER_RIDING_STYLED_ITEM('',(#117230),#117160,#126110);
#129520=OVER_RIDING_STYLED_ITEM('',(#117540),#117470,#126110);
#129530=OVER_RIDING_STYLED_ITEM('',(#117860),#117790,#126110);
#129540=OVER_RIDING_STYLED_ITEM('',(#118210),#118140,#126110);
#129550=OVER_RIDING_STYLED_ITEM('',(#118400),#118330,#126110);
#129560=OVER_RIDING_STYLED_ITEM('',(#118810),#118740,#126110);
#129570=OVER_RIDING_STYLED_ITEM('',(#119050),#118980,#126110);
#129580=OVER_RIDING_STYLED_ITEM('',(#119310),#119240,#126110);
#129590=OVER_RIDING_STYLED_ITEM('',(#119500),#119430,#126110);
#129600=OVER_RIDING_STYLED_ITEM('',(#119750),#119680,#126110);
#129610=OVER_RIDING_STYLED_ITEM('',(#119960),#119890,#126110);
#129620=OVER_RIDING_STYLED_ITEM('',(#120200),#120130,#126110);
#129630=OVER_RIDING_STYLED_ITEM('',(#120460),#120390,#126110);
#129640=OVER_RIDING_STYLED_ITEM('',(#120700),#120630,#126110);
#129650=OVER_RIDING_STYLED_ITEM('',(#120890),#120820,#126110);
#129660=OVER_RIDING_STYLED_ITEM('',(#121130),#121060,#126110);
#129670=OVER_RIDING_STYLED_ITEM('',(#121790),#121720,#126110);
#129680=OVER_RIDING_STYLED_ITEM('',(#122000),#121930,#126110);
#129690=OVER_RIDING_STYLED_ITEM('',(#122140),#122070,#126110);
#129700=OVER_RIDING_STYLED_ITEM('',(#122280),#122210,#126110);
#129710=OVER_RIDING_STYLED_ITEM('',(#122420),#122350,#126110);
#129720=OVER_RIDING_STYLED_ITEM('',(#122600),#122530,#126110);
#129730=OVER_RIDING_STYLED_ITEM('',(#122740),#122670,#126110);
#129740=OVER_RIDING_STYLED_ITEM('',(#122880),#122810,#126110);
#129750=OVER_RIDING_STYLED_ITEM('',(#123020),#122950,#126110);
#129760=OVER_RIDING_STYLED_ITEM('',(#123160),#123090,#126110);
#129770=OVER_RIDING_STYLED_ITEM('',(#123300),#123230,#126110);
#129780=OVER_RIDING_STYLED_ITEM('',(#123440),#123370,#126110);
#129790=OVER_RIDING_STYLED_ITEM('',(#123580),#123510,#126110);
#129800=OVER_RIDING_STYLED_ITEM('',(#123760),#123690,#126110);
#129810=OVER_RIDING_STYLED_ITEM('',(#123900),#123830,#126110);
#129820=OVER_RIDING_STYLED_ITEM('',(#124080),#124010,#126110);
#129830=OVER_RIDING_STYLED_ITEM('',(#124220),#124150,#126110);
#129840=OVER_RIDING_STYLED_ITEM('',(#124400),#124330,#126110);
#129850=OVER_RIDING_STYLED_ITEM('',(#124540),#124470,#126110);
#129860=OVER_RIDING_STYLED_ITEM('',(#124680),#124610,#126110);
#129870=OVER_RIDING_STYLED_ITEM('',(#124820),#124750,#126110);
#129880=OVER_RIDING_STYLED_ITEM('',(#125000),#124930,#126110);
#129890=OVER_RIDING_STYLED_ITEM('',(#125140),#125070,#126110);
#129900=OVER_RIDING_STYLED_ITEM('',(#125320),#125250,#126110);
#129910=OVER_RIDING_STYLED_ITEM('',(#125460),#125390,#126110);
#129920=OVER_RIDING_STYLED_ITEM('',(#125640),#125570,#126110);
#129930=OVER_RIDING_STYLED_ITEM('',(#125780),#125710,#126110);
#129940=MECHANICAL_DESIGN_GEOMETRIC_PRESENTATION_REPRESENTATION('',(
   #126110,#126120,#126130,#126140,#126150,#126160,#126170,#126180,
   #126190,#126200,#126210,#126220,#126230,#126240,#126250,#126260,
   #126270,#126280,#126290,#126300,#126310,#126320,#126330,#126340,
   #126350,#126360,#126370,#126380,#126390,#126400,#126410,#126420,
   #126430,#126440,#126450,#126460,#126470,#126480,#126490,#126500,
   #126510,#126520,#126530,#126540,#126550,#126560,#126570,#126580,
   #126590,#126600,#126610,#126620,#126630,#126640,#126650,#126660,
   #126670,#126680,#126690,#126700,#126710,#126720,#126730,#126740,
   #126750,#126760,#126770,#126780,#126790,#126800,#126810,#126820,
   #126830,#126840,#126850,#126860,#126870,#126880,#126890,#126900,
   #126910,#126920,#126930,#126940,#126950,#126960,#126970,#126980,
   #126990,#127000,#127010,#127020,#127030,#127040,#127050,#127060,
   #127070,#127080,#127090,#127100,#127110,#127120,#127130,#127140,
   #127150,#127160,#127170,#127180,#127190,#127200,#127210,#127220,
   #127230,#127240,#127250,#127260,#127270,#127280,#127290,#127300,
   #127310,#127320,#127330,#127340,#127350,#127360,#127370,#127380,
   #127390,#127400,#127410,#127420,#127430,#127440,#127450,#127460,
   #127470,#127480,#127490,#127500,#127510,#127520,#127530,#127540,
   #127550,#127560,#127570,#127580,#127590,#127600,#127610,#127620,
   #127630,#127640,#127650,#127660,#127670,#127680,#127690,#127700,
   #127710,#127720,#127730,#127740,#127750,#127760,#127770,#127780,
   #127790,#127800,#127810,#127820,#127830,#127840,#127850,#127860,
   #127870,#127880,#127890,#127900,#127910,#127920,#127930,#127940,
   #127950,#127960,#127970,#127980,#127990,#128000,#128010,#128020,
   #128030,#128040,#128050,#128060,#128070,#128080,#128090,#128100,
   #128110,#128120,#128130,#128140,#128150,#128160,#128170,#128180,
   #128190,#128200,#128210,#128220,#128230,#128240,#128250,#128260,
   #128270,#128280,#128290,#128300,#128310,#128320,#128330,#128340,
   #128350,#128360,#128370,#128380,#128390,#128400,#128410,#128420,
   #128430,#128440,#128450,#128460,#128470,#128480,#128490,#128500,
   #128510,#128520,#128530,#128540,#128550,#128560,#128570,#128580,
   #128590,#128600,#128610,#128620,#128630,#128640,#128650,#128660,
   #128670,#128680,#128690,#128700,#128710,#128720,#128730,#128740,
   #128750,#128760,#128770,#128780,#128790,#128800,#128810,#128820,
   #128830,#128840,#128850,#128860,#128870,#128880,#128890,#128900,
   #128910,#128920,#128930,#128940,#128950,#128960,#128970,#128980,
   #128990,#129000,#129010,#129020,#129030,#129040,#129050,#129060,
   #129070,#129080,#129090,#129100,#129110,#129120,#129130,#129140,
   #129150,#129160,#129170,#129180,#129190,#129200,#129210,#129220,
   #129230,#129240,#129250,#129260,#129270,#129280,#129290,#129300,
   #129310,#129320,#129330,#129340,#129350,#129360,#129370,#129380,
   #129390,#129400,#129410,#129420,#129430,#129440,#129450,#129460,
   #129470,#129480,#129490,#129500,#129510,#129520,#129530,#129540,
   #129550,#129560,#129570,#129580,#129590,#129600,#129610,#129620,
   #129630,#129640,#129650,#129660,#129670,#129680,#129690,#129700,
   #129710,#129720,#129730,#129740,#129750,#129760,#129770,#129780,
   #129790,#129800,#129810,#129820,#129830,#129840,#129850,#129860,
   #129870,#129880,#129890,#129900,#129910,#129920,#129930),#126000);
#129950=CARTESIAN_POINT('',(-3.9330962930914275E+01,
   -1.5508852824316122E+01,-8.0699999999999275E+00));
#129960=DIRECTION('',(1.2246063538223773E-16,0.0000000000000000E+00,
   -1.0000000000000000E+00));
#129970=DIRECTION('',(-1.0000000000000000E+00,0.0000000000000000E+00,
   -1.2246063538223773E-16));
#129980=AXIS2_PLACEMENT_3D('',#129950,#129960,#129970);
#129990=ITEM_DEFINED_TRANSFORMATION('mkdsn_1.5-7','',#129980,#125840);
#130000=APPLICATION_CONTEXT(' ');
#130010=APPLICATION_PROTOCOL_DEFINITION(' ','automotive_design',1998,
   #130000);
#130020=MECHANICAL_CONTEXT('',#130000,'mechanical');
#130030=PRODUCT_DEFINITION_CONTEXT('',#130000,'design');
#130040=PRODUCT('mkdsn_1.5-7','mkdsn_1.5-7','',(#130020));
#130050=PRODUCT_TYPE('part',' ',(#130040));
#130060=PRODUCT_DEFINITION_FORMATION_WITH_SPECIFIED_SOURCE('','',#130040
   ,.BOUGHT.);
#130070=PRODUCT_DEFINITION('',' ',#130060,#130030);
#130080=PRODUCT_DEFINITION_SHAPE('','',#130070);
#130090=DIMENSIONAL_EXPONENTS(1.0000000000000000E+00,
   0.0000000000000000E+00,0.0000000000000000E+00,0.0000000000000000E+00,
   0.0000000000000000E+00,0.0000000000000000E+00,0.0000000000000000E+00)
   ;
#130100=DIMENSIONAL_EXPONENTS(0.0000000000000000E+00,
   0.0000000000000000E+00,0.0000000000000000E+00,0.0000000000000000E+00,
   0.0000000000000000E+00,0.0000000000000000E+00,0.0000000000000000E+00)
   ;
#130110=DIMENSIONAL_EXPONENTS(0.0000000000000000E+00,
   0.0000000000000000E+00,0.0000000000000000E+00,0.0000000000000000E+00,
   0.0000000000000000E+00,0.0000000000000000E+00,0.0000000000000000E+00)
   ;
#130120=(LENGTH_UNIT() NAMED_UNIT(*) SI_UNIT(.MILLI.,.METRE.));
#130130=(NAMED_UNIT(*) PLANE_ANGLE_UNIT() SI_UNIT($,.RADIAN.));
#130140=(NAMED_UNIT(*) SI_UNIT($,.STERADIAN.) SOLID_ANGLE_UNIT());
#130150=(GEOMETRIC_REPRESENTATION_CONTEXT(3) 
   GLOBAL_UNCERTAINTY_ASSIGNED_CONTEXT((#130160)) 
   GLOBAL_UNIT_ASSIGNED_CONTEXT((#130120,#130130,#130140)) 
   REPRESENTATION_CONTEXT('',''));
#130160=UNCERTAINTY_MEASURE_WITH_UNIT(LENGTH_MEASURE(
   9.9999999999999995E-07),#130120,'distance_accuracy_value',
   'maximum gap value');
#130170=SHAPE_REPRESENTATION('',(#125840,#129980),#130150);
#130180=SHAPE_DEFINITION_REPRESENTATION(#130080,#130170);
#130190=(REPRESENTATION_RELATIONSHIP('','',#130170,#126020) 
   REPRESENTATION_RELATIONSHIP_WITH_TRANSFORMATION(#129990) 
   SHAPE_REPRESENTATION_RELATIONSHIP());
#130200=NEXT_ASSEMBLY_USAGE_OCCURRENCE('1','','mkdsn_1.5-7',#130070,
   #125920,'');
#130210=PRODUCT_DEFINITION_SHAPE('','',#130200);
#130220=CONTEXT_DEPENDENT_SHAPE_REPRESENTATION(#130190,#130210);
ENDSEC;
END-ISO-10303-21;
                
                  
               
                   
                    
     
                
