ISO-10303-21;
HEADER;
FILE_DESCRIPTION(('SolidDesigner STEP Export'),'1');
FILE_NAME('mkdsn_1.5-5.stp','2000-06-15T13:35:06',(''),(''),
   'SolidDesigner STEP processor Version: 7.0(Mar 1999)for AP214(CD)
(Solid Model)',
   'CoCreate SolidDesigner: 07.50  21-Dec-99(C) CoCreate Software GmbH',
'');
FILE_SCHEMA(('AUTOMOTIVE_DESIGN_CC2 {1 2 10303 214 -1 1 5 1}'));
ENDSEC;
/* ISO 10303-21 file written by PSstep_Caselib, ProSTEP GmbH, Germany */
DATA;
#10=CARTESIAN_POINT('',(-3.5829003587298203E+01,2.3082795793605840E+01,
   -5.0000000000000000E+00));
#20=DIRECTION('',(0.0000000000000000E+00,1.0000000000000000E+00,
   0.0000000000000000E+00));
#30=DIRECTION('',(-1.0000000000000000E+00,0.0000000000000000E+00,
   0.0000000000000000E+00));
#40=AXIS2_PLACEMENT_3D('',#10,#20,#30);
#50=CYLINDRICAL_SURFACE('',#40,1.8999999999999999E+00);
#60=CARTESIAN_POINT('',(-3.3929003587298205E+01,2.3082795793605840E+01,
   -5.0000000000000000E+00));
#70=DIRECTION('',(0.0000000000000000E+00,1.0000000000000000E+00,
   0.0000000000000000E+00));
#80=VECTOR('',#70,1.0000000000000000E+00);
#90=LINE('',#60,#80);
#100=CARTESIAN_POINT('',(-3.3929003587298205E+01,2.3238852824316119E+01,
   -5.0000000000000000E+00));
#110=VERTEX_POINT('',#100);
#120=CARTESIAN_POINT('',(-3.3929003587298205E+01,2.4538852824316116E+01,
   -5.0000000000000000E+00));
#130=VERTEX_POINT('',#120);
#140=EDGE_CURVE('',#110,#130,#90,.T.);
#150=ORIENTED_EDGE('',*,*,#140,.F.);
#160=CARTESIAN_POINT('',(-3.5829003587298203E+01,2.4538852824316116E+01,
   -5.0000000000000000E+00));
#170=DIRECTION('',(0.0000000000000000E+00,1.0000000000000000E+00,
   0.0000000000000000E+00));
#180=DIRECTION('',(-1.0000000000000000E+00,0.0000000000000000E+00,
   0.0000000000000000E+00));
#190=AXIS2_PLACEMENT_3D('',#160,#170,#180);
#200=CIRCLE('',#190,1.8999999999999999E+00);
#210=CARTESIAN_POINT('',(-3.6902027478507307E+01,2.4538852824316116E+01,
   -6.5679986380397377E+00));
#220=VERTEX_POINT('',#210);
#230=EDGE_CURVE('',#130,#220,#200,.T.);
#240=ORIENTED_EDGE('',*,*,#230,.F.);
#250=CARTESIAN_POINT('',(-3.6902027478507307E+01,2.3082795793605840E+01,
   -6.5679986380397377E+00));
#260=DIRECTION('',(0.0000000000000000E+00,1.0000000000000000E+00,
   0.0000000000000000E+00));
#270=VECTOR('',#260,1.0000000000000000E+00);
#280=LINE('',#250,#270);
#290=CARTESIAN_POINT('',(-3.6902027478507286E+01,2.3538852824316109E+01,
   -6.5679986380397537E+00));
#300=VERTEX_POINT('',#290);
#310=EDGE_CURVE('',#300,#220,#280,.T.);
#320=ORIENTED_EDGE('',*,*,#310,.T.);
#330=CARTESIAN_POINT('',(-3.5829003587298203E+01,2.3538852824316109E+01,
   -5.0000000000000000E+00));
#340=DIRECTION('',(0.0000000000000000E+00,1.0000000000000000E+00,
   0.0000000000000000E+00));
#350=DIRECTION('',(-1.0000000000000000E+00,0.0000000000000000E+00,
   0.0000000000000000E+00));
#360=AXIS2_PLACEMENT_3D('',#330,#340,#350);
#370=CIRCLE('',#360,1.8999999999999999E+00);
#380=CARTESIAN_POINT('',(-3.7397002225337914E+01,2.3538852824316109E+01,
   -6.0730238912091448E+00));
#390=VERTEX_POINT('',#380);
#400=EDGE_CURVE('',#300,#390,#370,.T.);
#410=ORIENTED_EDGE('',*,*,#400,.F.);
#420=CARTESIAN_POINT('',(-3.7397002225337914E+01,2.3082795793605840E+01,
   -6.0730238912091448E+00));
#430=DIRECTION('',(0.0000000000000000E+00,1.0000000000000000E+00,
   0.0000000000000000E+00));
#440=VECTOR('',#430,1.0000000000000000E+00);
#450=LINE('',#420,#440);
#460=CARTESIAN_POINT('',(-3.7397002225337957E+01,2.4538852824316116E+01,
   -6.0730238912090808E+00));
#470=VERTEX_POINT('',#460);
#480=EDGE_CURVE('',#390,#470,#450,.T.);
#490=ORIENTED_EDGE('',*,*,#480,.F.);
#500=CARTESIAN_POINT('',(-3.5829003587298203E+01,2.4538852824316116E+01,
   -5.0000000000000000E+00));
#510=DIRECTION('',(0.0000000000000000E+00,1.0000000000000000E+00,
   0.0000000000000000E+00));
#520=DIRECTION('',(-1.0000000000000000E+00,0.0000000000000000E+00,
   0.0000000000000000E+00));
#530=AXIS2_PLACEMENT_3D('',#500,#510,#520);
#540=CIRCLE('',#530,1.8999999999999999E+00);
#550=CARTESIAN_POINT('',(-3.7729003587298202E+01,2.4538852824316116E+01,
   -5.0000000000000000E+00));
#560=VERTEX_POINT('',#550);
#570=EDGE_CURVE('',#470,#560,#540,.T.);
#580=ORIENTED_EDGE('',*,*,#570,.F.);
#590=CARTESIAN_POINT('',(-3.7729003587298202E+01,2.3082795793605840E+01,
   -5.0000000000000000E+00));
#600=DIRECTION('',(0.0000000000000000E+00,1.0000000000000000E+00,
   0.0000000000000000E+00));
#610=VECTOR('',#600,1.0000000000000000E+00);
#620=LINE('',#590,#610);
#630=CARTESIAN_POINT('',(-3.7729003587298202E+01,2.3238852824316119E+01,
   -5.0000000000000000E+00));
#640=VERTEX_POINT('',#630);
#650=EDGE_CURVE('',#640,#560,#620,.T.);
#660=ORIENTED_EDGE('',*,*,#650,.T.);
#670=CARTESIAN_POINT('',(-3.5829003587298203E+01,2.3238852824316119E+01,
   -5.0000000000000000E+00));
#680=DIRECTION('',(0.0000000000000000E+00,1.0000000000000000E+00,
   0.0000000000000000E+00));
#690=DIRECTION('',(-1.0000000000000000E+00,0.0000000000000000E+00,
   0.0000000000000000E+00));
#700=AXIS2_PLACEMENT_3D('',#670,#680,#690);
#710=CIRCLE('',#700,1.8999999999999999E+00);
#720=EDGE_CURVE('',#110,#640,#710,.T.);
#730=ORIENTED_EDGE('',*,*,#720,.T.);
#740=EDGE_LOOP('',(#730,#660,#580,#490,#410,#320,#240,#150));
#750=FACE_OUTER_BOUND('',#740,.T.);
#760=ADVANCED_FACE('',(#750),#50,.T.);
#770=COLOUR_RGB('',9.4901967048645020E-01,9.4901967048645020E-01,
   1.0000000000000000E+00);
#780=FILL_AREA_STYLE_COLOUR('',#770);
#790=FILL_AREA_STYLE('',(#780));
#800=SURFACE_STYLE_FILL_AREA(#790);
#810=SURFACE_SIDE_STYLE('',(#800));
#820=SURFACE_STYLE_USAGE(.BOTH.,#810);
#830=PRESENTATION_STYLE_ASSIGNMENT((#820));
#840=CARTESIAN_POINT('',(-3.6076490960713485E+01,2.4538852824316109E+01,
   -4.7525126265847177E+00));
#850=DIRECTION('',(7.0710678118654746E-01,0.0000000000000000E+00,
   -7.0710678118654757E-01));
#860=DIRECTION('',(0.0000000000000000E+00,-1.0000000000000000E+00,
   0.0000000000000000E+00));
#870=AXIS2_PLACEMENT_3D('',#840,#850,#860);
#880=PLANE('',#870);
#890=CARTESIAN_POINT('',(-8.8925674828030196E+01,2.4538852824316116E+01,
   -5.7601696493901422E+01));
#900=DIRECTION('',(-7.0710678118654757E-01,0.0000000000000000E+00,
   -7.0710678118654746E-01));
#910=VECTOR('',#900,1.0000000000000000E+00);
#920=LINE('',#890,#910);
#930=CARTESIAN_POINT('',(-3.6483998472459021E+01,2.4538852824316116E+01,
   -5.1600201383302364E+00));
#940=VERTEX_POINT('',#930);
#950=EDGE_CURVE('',#940,#470,#920,.T.);
#960=ORIENTED_EDGE('',*,*,#950,.F.);
#970=ORIENTED_EDGE('',*,*,#480,.T.);
#980=CARTESIAN_POINT('',(-8.8925674828030196E+01,2.3538852824316109E+01,
   -5.7601696493901422E+01));
#990=DIRECTION('',(-7.0710678118654757E-01,0.0000000000000000E+00,
   -7.0710678118654746E-01));
#1000=VECTOR('',#990,1.0000000000000000E+00);
#1010=LINE('',#980,#1000);
#1020=CARTESIAN_POINT('',(-3.6483998472459021E+01,2.3538852824316109E+01
   ,-5.1600201383302364E+00));
#1030=VERTEX_POINT('',#1020);
#1040=EDGE_CURVE('',#1030,#390,#1010,.T.);
#1050=ORIENTED_EDGE('',*,*,#1040,.T.);
#1060=CARTESIAN_POINT('',(-3.6483998472459014E+01,3.5508852824316115E+01
   ,-5.1600201383302471E+00));
#1070=DIRECTION('',(0.0000000000000000E+00,-1.0000000000000000E+00,
   0.0000000000000000E+00));
#1080=VECTOR('',#1070,1.0000000000000000E+00);
#1090=LINE('',#1060,#1080);
#1100=EDGE_CURVE('',#940,#1030,#1090,.T.);
#1110=ORIENTED_EDGE('',*,*,#1100,.T.);
#1120=EDGE_LOOP('',(#1110,#1050,#970,#960));
#1130=FACE_OUTER_BOUND('',#1120,.T.);
#1140=ADVANCED_FACE('',(#1130),#880,.T.);
#1150=COLOUR_RGB('',9.4901967048645020E-01,9.4901967048645020E-01,
   1.0000000000000000E+00);
#1160=FILL_AREA_STYLE_COLOUR('',#1150);
#1170=FILL_AREA_STYLE('',(#1160));
#1180=SURFACE_STYLE_FILL_AREA(#1170);
#1190=SURFACE_SIDE_STYLE('',(#1180));
#1200=SURFACE_STYLE_USAGE(.BOTH.,#1190);
#1210=PRESENTATION_STYLE_ASSIGNMENT((#1200));
#1220=CARTESIAN_POINT('',(-3.5829003587298210E+01,2.4373852824316117E+01
   ,-5.0000000000000000E+00));
#1230=DIRECTION('',(0.0000000000000000E+00,1.0000000000000000E+00,
   0.0000000000000000E+00));
#1240=DIRECTION('',(1.0000000000000000E+00,0.0000000000000000E+00,
   0.0000000000000000E+00));
#1250=AXIS2_PLACEMENT_3D('',#1220,#1230,#1240);
#1260=CYLINDRICAL_SURFACE('',#1250,1.9150000000000134E+00);
#1270=CARTESIAN_POINT('',(-3.7744003587298224E+01,2.4373852824316117E+01
   ,-5.0000000000000000E+00));
#1280=DIRECTION('',(0.0000000000000000E+00,1.0000000000000000E+00,
   0.0000000000000000E+00));
#1290=VECTOR('',#1280,1.0000000000000000E+00);
#1300=LINE('',#1270,#1290);
#1310=CARTESIAN_POINT('',(-3.7744003587298224E+01,2.3238852824316119E+01
   ,-5.0000000000000000E+00));
#1320=VERTEX_POINT('',#1310);
#1330=CARTESIAN_POINT('',(-3.7744003587298224E+01,2.5508852824316115E+01
   ,-5.0000000000000000E+00));
#1340=VERTEX_POINT('',#1330);
#1350=EDGE_CURVE('',#1320,#1340,#1300,.T.);
#1360=ORIENTED_EDGE('',*,*,#1350,.F.);
#1370=CARTESIAN_POINT('',(-3.5829003587298210E+01,2.5508852824316115E+01
   ,-5.0000000000000000E+00));
#1380=DIRECTION('',(0.0000000000000000E+00,1.0000000000000000E+00,
   0.0000000000000000E+00));
#1390=DIRECTION('',(1.0000000000000000E+00,0.0000000000000000E+00,
   0.0000000000000000E+00));
#1400=AXIS2_PLACEMENT_3D('',#1370,#1380,#1390);
#1410=CIRCLE('',#1400,1.9150000000000134E+00);
#1420=CARTESIAN_POINT('',(-3.3914003587298197E+01,2.5508852824316115E+01
   ,-5.0000000000000000E+00));
#1430=VERTEX_POINT('',#1420);
#1440=EDGE_CURVE('',#1430,#1340,#1410,.T.);
#1450=ORIENTED_EDGE('',*,*,#1440,.T.);
#1460=CARTESIAN_POINT('',(-3.3914003587298197E+01,2.4373852824316117E+01
   ,-5.0000000000000000E+00));
#1470=DIRECTION('',(0.0000000000000000E+00,1.0000000000000000E+00,
   0.0000000000000000E+00));
#1480=VECTOR('',#1470,1.0000000000000000E+00);
#1490=LINE('',#1460,#1480);
#1500=CARTESIAN_POINT('',(-3.3914003587298197E+01,2.3238852824316119E+01
   ,-5.0000000000000000E+00));
#1510=VERTEX_POINT('',#1500);
#1520=EDGE_CURVE('',#1510,#1430,#1490,.T.);
#1530=ORIENTED_EDGE('',*,*,#1520,.T.);
#1540=CARTESIAN_POINT('',(-3.5829003587298210E+01,2.3238852824316119E+01
   ,-5.0000000000000000E+00));
#1550=DIRECTION('',(0.0000000000000000E+00,1.0000000000000000E+00,
   0.0000000000000000E+00));
#1560=DIRECTION('',(1.0000000000000000E+00,0.0000000000000000E+00,
   0.0000000000000000E+00));
#1570=AXIS2_PLACEMENT_3D('',#1540,#1550,#1560);
#1580=CIRCLE('',#1570,1.9150000000000134E+00);
#1590=EDGE_CURVE('',#1510,#1320,#1580,.T.);
#1600=ORIENTED_EDGE('',*,*,#1590,.F.);
#1610=EDGE_LOOP('',(#1600,#1530,#1450,#1360));
#1620=FACE_OUTER_BOUND('',#1610,.T.);
#1630=ADVANCED_FACE('',(#1620),#1260,.F.);
#1640=COLOUR_RGB('',5.0196081399917603E-01,1.0000000000000000E+00,
   5.0196081399917603E-01);
#1650=FILL_AREA_STYLE_COLOUR('',#1640);
#1660=FILL_AREA_STYLE('',(#1650));
#1670=SURFACE_STYLE_FILL_AREA(#1660);
#1680=SURFACE_SIDE_STYLE('',(#1670));
#1690=SURFACE_STYLE_USAGE(.BOTH.,#1680);
#1700=PRESENTATION_STYLE_ASSIGNMENT((#1690));
#1710=CARTESIAN_POINT('',(-3.5581516213882892E+01,2.3538852824316109E+01
   ,-5.2474873734153178E+00));
#1720=DIRECTION('',(-7.0710678118654746E-01,0.0000000000000000E+00,
   7.0710678118654757E-01));
#1730=DIRECTION('',(0.0000000000000000E+00,1.0000000000000000E+00,
   0.0000000000000000E+00));
#1740=AXIS2_PLACEMENT_3D('',#1710,#1720,#1730);
#1750=PLANE('',#1740);
#1760=CARTESIAN_POINT('',(-8.8925674828030196E+01,2.4538852824316116E+01
   ,-5.8591645987562615E+01));
#1770=DIRECTION('',(7.0710678118654757E-01,0.0000000000000000E+00,
   7.0710678118654746E-01));
#1780=VECTOR('',#1770,1.0000000000000000E+00);
#1790=LINE('',#1760,#1780);
#1800=CARTESIAN_POINT('',(-3.5973036748504086E+01,2.4538852824316116E+01
   ,-5.6390079080366204E+00));
#1810=VERTEX_POINT('',#1800);
#1820=EDGE_CURVE('',#220,#1810,#1790,.T.);
#1830=ORIENTED_EDGE('',*,*,#1820,.F.);
#1840=CARTESIAN_POINT('',(-3.5973036748504178E+01,3.5508852824316115E+01
   ,-5.6390079080366027E+00));
#1850=DIRECTION('',(0.0000000000000000E+00,-1.0000000000000000E+00,
   0.0000000000000000E+00));
#1860=VECTOR('',#1850,1.0000000000000000E+00);
#1870=LINE('',#1840,#1860);
#1880=CARTESIAN_POINT('',(-3.5973036748504178E+01,2.3538852824316109E+01
   ,-5.6390079080366027E+00));
#1890=VERTEX_POINT('',#1880);
#1900=EDGE_CURVE('',#1810,#1890,#1870,.T.);
#1910=ORIENTED_EDGE('',*,*,#1900,.F.);
#1920=CARTESIAN_POINT('',(-8.8925674828030196E+01,2.3538852824316109E+01
   ,-5.8591645987562615E+01));
#1930=DIRECTION('',(-7.0710678118654757E-01,0.0000000000000000E+00,
   -7.0710678118654746E-01));
#1940=VECTOR('',#1930,1.0000000000000000E+00);
#1950=LINE('',#1920,#1940);
#1960=EDGE_CURVE('',#1890,#300,#1950,.T.);
#1970=ORIENTED_EDGE('',*,*,#1960,.F.);
#1980=ORIENTED_EDGE('',*,*,#310,.F.);
#1990=EDGE_LOOP('',(#1980,#1970,#1910,#1830));
#2000=FACE_OUTER_BOUND('',#1990,.T.);
#2010=ADVANCED_FACE('',(#2000),#1750,.T.);
#2020=COLOUR_RGB('',9.4901967048645020E-01,9.4901967048645020E-01,
   1.0000000000000000E+00);
#2030=FILL_AREA_STYLE_COLOUR('',#2020);
#2040=FILL_AREA_STYLE('',(#2030));
#2050=SURFACE_STYLE_FILL_AREA(#2040);
#2060=SURFACE_SIDE_STYLE('',(#2050));
#2070=SURFACE_STYLE_USAGE(.BOTH.,#2060);
#2080=PRESENTATION_STYLE_ASSIGNMENT((#2070));
#2090=CARTESIAN_POINT('',(-3.5581516213882892E+01,2.3538852824316109E+01
   ,-5.2474873734153178E+00));
#2100=DIRECTION('',(0.0000000000000000E+00,1.0000000000000000E+00,
   0.0000000000000000E+00));
#2110=DIRECTION('',(7.0710678118654746E-01,0.0000000000000000E+00,
   -7.0710678118654757E-01));
#2120=AXIS2_PLACEMENT_3D('',#2090,#2100,#2110);
#2130=PLANE('',#2120);
#2140=ORIENTED_EDGE('',*,*,#1960,.T.);
#2150=CARTESIAN_POINT('',(-3.5854003587298216E+01,2.3538852824316109E+01
   ,-5.0000000000000000E+00));
#2160=DIRECTION('',(0.0000000000000000E+00,-1.0000000000000000E+00,
   0.0000000000000000E+00));
#2170=DIRECTION('',(1.0000000000000000E+00,0.0000000000000000E+00,
   0.0000000000000000E+00));
#2180=AXIS2_PLACEMENT_3D('',#2150,#2160,#2170);
#2190=CIRCLE('',#2180,6.5000000000000002E-01);
#2200=EDGE_CURVE('',#1030,#1890,#2190,.T.);
#2210=ORIENTED_EDGE('',*,*,#2200,.T.);
#2220=ORIENTED_EDGE('',*,*,#1040,.F.);
#2230=ORIENTED_EDGE('',*,*,#400,.T.);
#2240=EDGE_LOOP('',(#2230,#2220,#2210,#2140));
#2250=FACE_OUTER_BOUND('',#2240,.T.);
#2260=ADVANCED_FACE('',(#2250),#2130,.T.);
#2270=COLOUR_RGB('',9.4901967048645020E-01,9.4901967048645020E-01,
   1.0000000000000000E+00);
#2280=FILL_AREA_STYLE_COLOUR('',#2270);
#2290=FILL_AREA_STYLE('',(#2280));
#2300=SURFACE_STYLE_FILL_AREA(#2290);
#2310=SURFACE_SIDE_STYLE('',(#2300));
#2320=SURFACE_STYLE_USAGE(.BOTH.,#2310);
#2330=PRESENTATION_STYLE_ASSIGNMENT((#2320));
#2340=CARTESIAN_POINT('',(-3.4871503587298207E+01,2.3238852824316119E+01
   ,5.0000000000000036E+00));
#2350=DIRECTION('',(-0.0000000000000000E+00,-1.0000000000000000E+00,
   -0.0000000000000000E+00));
#2360=DIRECTION('',(-1.0000000000000000E+00,0.0000000000000000E+00,
   0.0000000000000000E+00));
#2370=AXIS2_PLACEMENT_3D('',#2340,#2350,#2360);
#2380=PLANE('',#2370);
#2390=CARTESIAN_POINT('',(-3.5829003587298203E+01,2.3238852824316119E+01
   ,5.0000000000000000E+00));
#2400=DIRECTION('',(0.0000000000000000E+00,1.0000000000000000E+00,
   0.0000000000000000E+00));
#2410=DIRECTION('',(-1.0000000000000000E+00,0.0000000000000000E+00,
   0.0000000000000000E+00));
#2420=AXIS2_PLACEMENT_3D('',#2390,#2400,#2410);
#2430=CIRCLE('',#2420,1.8999999999999999E+00);
#2440=CARTESIAN_POINT('',(-3.3929003587298205E+01,2.3238852824316119E+01
   ,5.0000000000000000E+00));
#2450=VERTEX_POINT('',#2440);
#2460=CARTESIAN_POINT('',(-3.7729003587298202E+01,2.3238852824316119E+01
   ,5.0000000000000000E+00));
#2470=VERTEX_POINT('',#2460);
#2480=EDGE_CURVE('',#2450,#2470,#2430,.T.);
#2490=ORIENTED_EDGE('',*,*,#2480,.F.);
#2500=EDGE_CURVE('',#2470,#2450,#2430,.T.);
#2510=ORIENTED_EDGE('',*,*,#2500,.F.);
#2520=EDGE_LOOP('',(#2510,#2490));
#2530=FACE_BOUND('',#2520,.T.);
#2540=CARTESIAN_POINT('',(-3.5829003587298210E+01,2.3238852824316119E+01
   ,5.0000000000000036E+00));
#2550=DIRECTION('',(0.0000000000000000E+00,1.0000000000000000E+00,
   0.0000000000000000E+00));
#2560=DIRECTION('',(1.0000000000000000E+00,0.0000000000000000E+00,
   0.0000000000000000E+00));
#2570=AXIS2_PLACEMENT_3D('',#2540,#2550,#2560);
#2580=CIRCLE('',#2570,1.9150000000000134E+00);
#2590=CARTESIAN_POINT('',(-3.3914003587298197E+01,2.3238852824316119E+01
   ,5.0000000000000036E+00));
#2600=VERTEX_POINT('',#2590);
#2610=CARTESIAN_POINT('',(-3.7744003587298224E+01,2.3238852824316119E+01
   ,5.0000000000000036E+00));
#2620=VERTEX_POINT('',#2610);
#2630=EDGE_CURVE('',#2600,#2620,#2580,.T.);
#2640=ORIENTED_EDGE('',*,*,#2630,.T.);
#2650=EDGE_CURVE('',#2620,#2600,#2580,.T.);
#2660=ORIENTED_EDGE('',*,*,#2650,.T.);
#2670=EDGE_LOOP('',(#2660,#2640));
#2680=FACE_OUTER_BOUND('',#2670,.T.);
#2690=ADVANCED_FACE('',(#2530,#2680),#2380,.F.);
#2700=COLOUR_RGB('',5.0196081399917603E-01,1.0000000000000000E+00,
   5.0196081399917603E-01);
#2710=FILL_AREA_STYLE_COLOUR('',#2700);
#2720=FILL_AREA_STYLE('',(#2710));
#2730=SURFACE_STYLE_FILL_AREA(#2720);
#2740=SURFACE_SIDE_STYLE('',(#2730));
#2750=SURFACE_STYLE_USAGE(.BOTH.,#2740);
#2760=PRESENTATION_STYLE_ASSIGNMENT((#2750));
#2770=CARTESIAN_POINT('',(0.0000000000000000E+00,0.0000000000000000E+00,
   -1.3750000000000000E+00));
#2780=DIRECTION('',(0.0000000000000000E+00,0.0000000000000000E+00,
   1.0000000000000000E+00));
#2790=DIRECTION('',(1.0000000000000000E+00,0.0000000000000000E+00,
   0.0000000000000000E+00));
#2800=AXIS2_PLACEMENT_3D('',#2770,#2780,#2790);
#2810=PLANE('',#2800);
#2820=CARTESIAN_POINT('',(0.0000000000000000E+00,1.9228852824316121E+01,
   -1.3749999999999982E+00));
#2830=DIRECTION('',(-1.0000000000000000E+00,0.0000000000000000E+00,
   0.0000000000000000E+00));
#2840=VECTOR('',#2830,1.0000000000000000E+00);
#2850=LINE('',#2820,#2840);
#2860=CARTESIAN_POINT('',(-3.8194003587298212E+01,1.9228852824316121E+01
   ,-1.3749999999999982E+00));
#2870=VERTEX_POINT('',#2860);
#2880=CARTESIAN_POINT('',(-3.8579003587298210E+01,1.9228852824316121E+01
   ,-1.3749999999999964E+00));
#2890=VERTEX_POINT('',#2880);
#2900=EDGE_CURVE('',#2870,#2890,#2850,.T.);
#2910=ORIENTED_EDGE('',*,*,#2900,.T.);
#2920=CARTESIAN_POINT('',(-3.8194003587298212E+01,0.0000000000000000E+00
   ,-1.3749999999999982E+00));
#2930=DIRECTION('',(0.0000000000000000E+00,1.0000000000000000E+00,
   0.0000000000000000E+00));
#2940=VECTOR('',#2930,1.0000000000000000E+00);
#2950=LINE('',#2920,#2940);
#2960=CARTESIAN_POINT('',(-3.8194003587298212E+01,1.7278852824316125E+01
   ,-1.3749999999999982E+00));
#2970=VERTEX_POINT('',#2960);
#2980=EDGE_CURVE('',#2970,#2870,#2950,.T.);
#2990=ORIENTED_EDGE('',*,*,#2980,.T.);
#3000=CARTESIAN_POINT('',(0.0000000000000000E+00,1.7278852824316125E+01,
   -1.3749999999999982E+00));
#3010=DIRECTION('',(1.0000000000000000E+00,0.0000000000000000E+00,
   0.0000000000000000E+00));
#3020=VECTOR('',#3010,1.0000000000000000E+00);
#3030=LINE('',#3000,#3020);
#3040=CARTESIAN_POINT('',(-3.8579003587298210E+01,1.7278852824316125E+01
   ,-1.3749999999999982E+00));
#3050=VERTEX_POINT('',#3040);
#3060=EDGE_CURVE('',#3050,#2970,#3030,.T.);
#3070=ORIENTED_EDGE('',*,*,#3060,.T.);
#3080=CARTESIAN_POINT('',(-3.8579003587298217E+01,0.0000000000000000E+00
   ,-1.3750000000000000E+00));
#3090=DIRECTION('',(0.0000000000000000E+00,1.0000000000000000E+00,
   0.0000000000000000E+00));
#3100=VECTOR('',#3090,1.0000000000000000E+00);
#3110=LINE('',#3080,#3100);
#3120=EDGE_CURVE('',#3050,#2890,#3110,.T.);
#3130=ORIENTED_EDGE('',*,*,#3120,.F.);
#3140=EDGE_LOOP('',(#3130,#3070,#2990,#2910));
#3150=FACE_OUTER_BOUND('',#3140,.T.);
#3160=ADVANCED_FACE('',(#3150),#2810,.T.);
#3170=COLOUR_RGB('',5.0196081399917603E-01,1.0000000000000000E+00,
   5.0196081399917603E-01);
#3180=FILL_AREA_STYLE_COLOUR('',#3170);
#3190=FILL_AREA_STYLE('',(#3180));
#3200=SURFACE_STYLE_FILL_AREA(#3190);
#3210=SURFACE_SIDE_STYLE('',(#3200));
#3220=SURFACE_STYLE_USAGE(.BOTH.,#3210);
#3230=PRESENTATION_STYLE_ASSIGNMENT((#3220));
#3240=CARTESIAN_POINT('',(-3.6497744671345409E+01,2.4538852824316116E+01
   ,5.6687410840472054E+00));
#3250=DIRECTION('',(0.0000000000000000E+00,1.0000000000000000E+00,
   0.0000000000000000E+00));
#3260=DIRECTION('',(7.0710678118654746E-01,0.0000000000000000E+00,
   -7.0710678118654757E-01));
#3270=AXIS2_PLACEMENT_3D('',#3240,#3250,#3260);
#3280=PLANE('',#3270);
#3290=CARTESIAN_POINT('',(-8.8925674828030196E+01,2.4538852824316116E+01
   ,5.0000000000000000E+00));
#3300=DIRECTION('',(-1.0000000000000000E+00,0.0000000000000000E+00,
   0.0000000000000000E+00));
#3310=VECTOR('',#3300,1.0000000000000000E+00);
#3320=LINE('',#3290,#3310);
#3330=CARTESIAN_POINT('',(-3.5204003587298217E+01,2.4538852824316116E+01
   ,5.0000000000000000E+00));
#3340=VERTEX_POINT('',#3330);
#3350=CARTESIAN_POINT('',(-3.5334028840467575E+01,2.4538852824316116E+01
   ,4.9999999999999929E+00));
#3360=VERTEX_POINT('',#3350);
#3370=EDGE_CURVE('',#3340,#3360,#3320,.T.);
#3380=ORIENTED_EDGE('',*,*,#3370,.F.);
#3390=CARTESIAN_POINT('',(-8.8925674828030196E+01,2.4538852824316116E+01
   ,-4.8591645987562615E+01));
#3400=DIRECTION('',(7.0710678118654757E-01,0.0000000000000000E+00,
   7.0710678118654746E-01));
#3410=VECTOR('',#3400,1.0000000000000000E+00);
#3420=LINE('',#3390,#3410);
#3430=CARTESIAN_POINT('',(-3.5973036748504178E+01,2.4538852824316116E+01
   ,4.3609920919633973E+00));
#3440=VERTEX_POINT('',#3430);
#3450=EDGE_CURVE('',#3440,#3360,#3420,.T.);
#3460=ORIENTED_EDGE('',*,*,#3450,.T.);
#3470=CARTESIAN_POINT('',(-3.5854003587298216E+01,2.4538852824316116E+01
   ,5.0000000000000000E+00));
#3480=DIRECTION('',(0.0000000000000000E+00,-1.0000000000000000E+00,
   0.0000000000000000E+00));
#3490=DIRECTION('',(1.0000000000000000E+00,0.0000000000000000E+00,
   0.0000000000000000E+00));
#3500=AXIS2_PLACEMENT_3D('',#3470,#3480,#3490);
#3510=CIRCLE('',#3500,6.5000000000000002E-01);
#3520=EDGE_CURVE('',#3440,#3340,#3510,.T.);
#3530=ORIENTED_EDGE('',*,*,#3520,.F.);
#3540=EDGE_LOOP('',(#3530,#3460,#3380));
#3550=FACE_OUTER_BOUND('',#3540,.T.);
#3560=ADVANCED_FACE('',(#3550),#3280,.T.);
#3570=COLOUR_RGB('',9.4901967048645020E-01,9.4901967048645020E-01,
   1.0000000000000000E+00);
#3580=FILL_AREA_STYLE_COLOUR('',#3570);
#3590=FILL_AREA_STYLE('',(#3580));
#3600=SURFACE_STYLE_FILL_AREA(#3590);
#3610=SURFACE_SIDE_STYLE('',(#3600));
#3620=SURFACE_STYLE_USAGE(.BOTH.,#3610);
#3630=PRESENTATION_STYLE_ASSIGNMENT((#3620));
#3640=CARTESIAN_POINT('',(-3.6076490960713485E+01,2.4538852824316109E+01
   ,2.4748737341528226E-01));
#3650=DIRECTION('',(7.0710678118654746E-01,0.0000000000000000E+00,
   -7.0710678118654757E-01));
#3660=DIRECTION('',(0.0000000000000000E+00,-1.0000000000000000E+00,
   0.0000000000000000E+00));
#3670=AXIS2_PLACEMENT_3D('',#3640,#3650,#3660);
#3680=PLANE('',#3670);
#3690=CARTESIAN_POINT('',(-8.8925674828030196E+01,2.4538852824316116E+01
   ,-5.2601696493901422E+01));
#3700=DIRECTION('',(-7.0710678118654757E-01,0.0000000000000000E+00,
   -7.0710678118654746E-01));
#3710=VECTOR('',#3700,1.0000000000000000E+00);
#3720=LINE('',#3690,#3710);
#3730=CARTESIAN_POINT('',(-3.6323978334128768E+01,2.4538852824316116E+01
   ,0.0000000000000000E+00));
#3740=VERTEX_POINT('',#3730);
#3750=CARTESIAN_POINT('',(-3.6483998472459014E+01,2.4538852824316116E+01
   ,-1.6002013833024731E-01));
#3760=VERTEX_POINT('',#3750);
#3770=EDGE_CURVE('',#3740,#3760,#3720,.T.);
#3780=ORIENTED_EDGE('',*,*,#3770,.F.);
#3790=CARTESIAN_POINT('',(-3.6483998472459014E+01,3.5508852824316115E+01
   ,-1.6002013833024731E-01));
#3800=DIRECTION('',(0.0000000000000000E+00,-1.0000000000000000E+00,
   0.0000000000000000E+00));
#3810=VECTOR('',#3800,1.0000000000000000E+00);
#3820=LINE('',#3790,#3810);
#3830=CARTESIAN_POINT('',(-3.6483998472459021E+01,2.3538852824316109E+01
   ,-1.6002013833023640E-01));
#3840=VERTEX_POINT('',#3830);
#3850=EDGE_CURVE('',#3760,#3840,#3820,.T.);
#3860=ORIENTED_EDGE('',*,*,#3850,.F.);
#3870=CARTESIAN_POINT('',(-8.8925674828030196E+01,2.3538852824316109E+01
   ,-5.2601696493901422E+01));
#3880=DIRECTION('',(-7.0710678118654757E-01,0.0000000000000000E+00,
   -7.0710678118654746E-01));
#3890=VECTOR('',#3880,1.0000000000000000E+00);
#3900=LINE('',#3870,#3890);
#3910=CARTESIAN_POINT('',(-3.6323978334128768E+01,2.3538852824316109E+01
   ,0.0000000000000000E+00));
#3920=VERTEX_POINT('',#3910);
#3930=EDGE_CURVE('',#3920,#3840,#3900,.T.);
#3940=ORIENTED_EDGE('',*,*,#3930,.T.);
#3950=CARTESIAN_POINT('',(-3.6323978334128768E+01,
   -2.6716239164827719E+01,0.0000000000000000E+00));
#3960=DIRECTION('',(-0.0000000000000000E+00,1.0000000000000000E+00,
   0.0000000000000000E+00));
#3970=VECTOR('',#3960,1.0000000000000000E+00);
#3980=LINE('',#3950,#3970);
#3990=EDGE_CURVE('',#3920,#3740,#3980,.T.);
#4000=ORIENTED_EDGE('',*,*,#3990,.F.);
#4010=EDGE_LOOP('',(#4000,#3940,#3860,#3780));
#4020=FACE_OUTER_BOUND('',#4010,.T.);
#4030=ADVANCED_FACE('',(#4020),#3680,.T.);
#4040=COLOUR_RGB('',9.4901967048645020E-01,9.4901967048645020E-01,
   1.0000000000000000E+00);
#4050=FILL_AREA_STYLE_COLOUR('',#4040);
#4060=FILL_AREA_STYLE('',(#4050));
#4070=SURFACE_STYLE_FILL_AREA(#4060);
#4080=SURFACE_SIDE_STYLE('',(#4070));
#4090=SURFACE_STYLE_USAGE(.BOTH.,#4080);
#4100=PRESENTATION_STYLE_ASSIGNMENT((#4090));
#4110=CARTESIAN_POINT('',(-3.6497744671345409E+01,2.4538852824316116E+01
   ,1.0668741084047209E+01));
#4120=DIRECTION('',(0.0000000000000000E+00,1.0000000000000000E+00,
   0.0000000000000000E+00));
#4130=DIRECTION('',(7.0710678118654746E-01,0.0000000000000000E+00,
   -7.0710678118654757E-01));
#4140=AXIS2_PLACEMENT_3D('',#4110,#4120,#4130);
#4150=PLANE('',#4140);
#4160=CARTESIAN_POINT('',(-8.8925674828030196E+01,2.4538852824316116E+01
   ,1.0000000000000004E+01));
#4170=DIRECTION('',(-1.0000000000000000E+00,0.0000000000000000E+00,
   0.0000000000000000E+00));
#4180=VECTOR('',#4170,1.0000000000000000E+00);
#4190=LINE('',#4160,#4180);
#4200=CARTESIAN_POINT('',(-3.5204003587298217E+01,2.4538852824316116E+01
   ,1.0000000000000004E+01));
#4210=VERTEX_POINT('',#4200);
#4220=CARTESIAN_POINT('',(-3.5334028840467575E+01,2.4538852824316116E+01
   ,1.0000000000000000E+01));
#4230=VERTEX_POINT('',#4220);
#4240=EDGE_CURVE('',#4210,#4230,#4190,.T.);
#4250=ORIENTED_EDGE('',*,*,#4240,.F.);
#4260=CARTESIAN_POINT('',(-8.8925674828030196E+01,2.4538852824316116E+01
   ,-4.3591645987562615E+01));
#4270=DIRECTION('',(7.0710678118654757E-01,0.0000000000000000E+00,
   7.0710678118654746E-01));
#4280=VECTOR('',#4270,1.0000000000000000E+00);
#4290=LINE('',#4260,#4280);
#4300=CARTESIAN_POINT('',(-3.5973036748504178E+01,2.4538852824316116E+01
   ,9.3609920919634000E+00));
#4310=VERTEX_POINT('',#4300);
#4320=EDGE_CURVE('',#4310,#4230,#4290,.T.);
#4330=ORIENTED_EDGE('',*,*,#4320,.T.);
#4340=CARTESIAN_POINT('',(-3.5854003587298216E+01,2.4538852824316116E+01
   ,1.0000000000000004E+01));
#4350=DIRECTION('',(0.0000000000000000E+00,-1.0000000000000000E+00,
   0.0000000000000000E+00));
#4360=DIRECTION('',(1.0000000000000000E+00,0.0000000000000000E+00,
   0.0000000000000000E+00));
#4370=AXIS2_PLACEMENT_3D('',#4340,#4350,#4360);
#4380=CIRCLE('',#4370,6.5000000000000002E-01);
#4390=EDGE_CURVE('',#4310,#4210,#4380,.T.);
#4400=ORIENTED_EDGE('',*,*,#4390,.F.);
#4410=EDGE_LOOP('',(#4400,#4330,#4250));
#4420=FACE_OUTER_BOUND('',#4410,.T.);
#4430=ADVANCED_FACE('',(#4420),#4150,.T.);
#4440=COLOUR_RGB('',9.4901967048645020E-01,9.4901967048645020E-01,
   1.0000000000000000E+00);
#4450=FILL_AREA_STYLE_COLOUR('',#4440);
#4460=FILL_AREA_STYLE('',(#4450));
#4470=SURFACE_STYLE_FILL_AREA(#4460);
#4480=SURFACE_SIDE_STYLE('',(#4470));
#4490=SURFACE_STYLE_USAGE(.BOTH.,#4480);
#4500=PRESENTATION_STYLE_ASSIGNMENT((#4490));
#4510=CARTESIAN_POINT('',(-3.6497744671345409E+01,2.4538852824316116E+01
   ,6.6874108404720545E-01));
#4520=DIRECTION('',(0.0000000000000000E+00,1.0000000000000000E+00,
   0.0000000000000000E+00));
#4530=DIRECTION('',(7.0710678118654746E-01,0.0000000000000000E+00,
   -7.0710678118654757E-01));
#4540=AXIS2_PLACEMENT_3D('',#4510,#4520,#4530);
#4550=PLANE('',#4540);
#4560=CARTESIAN_POINT('',(-8.8925674828030196E+01,2.4538852824316116E+01
   ,0.0000000000000000E+00));
#4570=DIRECTION('',(-1.0000000000000000E+00,0.0000000000000000E+00,
   0.0000000000000000E+00));
#4580=VECTOR('',#4570,1.0000000000000000E+00);
#4590=LINE('',#4560,#4580);
#4600=CARTESIAN_POINT('',(-3.5204003587298217E+01,2.4538852824316116E+01
   ,0.0000000000000000E+00));
#4610=VERTEX_POINT('',#4600);
#4620=CARTESIAN_POINT('',(-3.5334028840467575E+01,2.4538852824316116E+01
   ,-7.1054273576010019E-15));
#4630=VERTEX_POINT('',#4620);
#4640=EDGE_CURVE('',#4610,#4630,#4590,.T.);
#4650=ORIENTED_EDGE('',*,*,#4640,.F.);
#4660=CARTESIAN_POINT('',(-8.8925674828030196E+01,2.4538852824316116E+01
   ,-5.3591645987562615E+01));
#4670=DIRECTION('',(7.0710678118654757E-01,0.0000000000000000E+00,
   7.0710678118654746E-01));
#4680=VECTOR('',#4670,1.0000000000000000E+00);
#4690=LINE('',#4660,#4680);
#4700=CARTESIAN_POINT('',(-3.5973036748504178E+01,2.4538852824316116E+01
   ,-6.3900790803660279E-01));
#4710=VERTEX_POINT('',#4700);
#4720=EDGE_CURVE('',#4710,#4630,#4690,.T.);
#4730=ORIENTED_EDGE('',*,*,#4720,.T.);
#4740=CARTESIAN_POINT('',(-3.5854003587298216E+01,2.4538852824316116E+01
   ,0.0000000000000000E+00));
#4750=DIRECTION('',(0.0000000000000000E+00,-1.0000000000000000E+00,
   0.0000000000000000E+00));
#4760=DIRECTION('',(1.0000000000000000E+00,0.0000000000000000E+00,
   0.0000000000000000E+00));
#4770=AXIS2_PLACEMENT_3D('',#4740,#4750,#4760);
#4780=CIRCLE('',#4770,6.5000000000000002E-01);
#4790=EDGE_CURVE('',#4710,#4610,#4780,.T.);
#4800=ORIENTED_EDGE('',*,*,#4790,.F.);
#4810=EDGE_LOOP('',(#4800,#4730,#4650));
#4820=FACE_OUTER_BOUND('',#4810,.T.);
#4830=ADVANCED_FACE('',(#4820),#4550,.T.);
#4840=COLOUR_RGB('',9.4901967048645020E-01,9.4901967048645020E-01,
   1.0000000000000000E+00);
#4850=FILL_AREA_STYLE_COLOUR('',#4840);
#4860=FILL_AREA_STYLE('',(#4850));
#4870=SURFACE_STYLE_FILL_AREA(#4860);
#4880=SURFACE_SIDE_STYLE('',(#4870));
#4890=SURFACE_STYLE_USAGE(.BOTH.,#4880);
#4900=PRESENTATION_STYLE_ASSIGNMENT((#4890));
#4910=CARTESIAN_POINT('',(-3.8194003587298212E+01,1.9228852824316121E+01
   ,0.0000000000000000E+00));
#4920=DIRECTION('',(1.0000000000000000E+00,0.0000000000000000E+00,
   0.0000000000000000E+00));
#4930=DIRECTION('',(0.0000000000000000E+00,-1.0000000000000000E+00,
   0.0000000000000000E+00));
#4940=AXIS2_PLACEMENT_3D('',#4910,#4920,#4930);
#4950=PLANE('',#4940);
#4960=CARTESIAN_POINT('',(-3.8194003587298212E+01,0.0000000000000000E+00
   ,1.3749999999999982E+00));
#4970=DIRECTION('',(0.0000000000000000E+00,-1.0000000000000000E+00,
   0.0000000000000000E+00));
#4980=VECTOR('',#4970,1.0000000000000000E+00);
#4990=LINE('',#4960,#4980);
#5000=CARTESIAN_POINT('',(-3.8194003587298212E+01,1.9228852824316121E+01
   ,1.3749999999999982E+00));
#5010=VERTEX_POINT('',#5000);
#5020=CARTESIAN_POINT('',(-3.8194003587298212E+01,1.7278852824316125E+01
   ,1.3749999999999982E+00));
#5030=VERTEX_POINT('',#5020);
#5040=EDGE_CURVE('',#5010,#5030,#4990,.T.);
#5050=ORIENTED_EDGE('',*,*,#5040,.F.);
#5060=CARTESIAN_POINT('',(-3.8194003587298226E+01,1.7278852824316125E+01
   ,0.0000000000000000E+00));
#5070=DIRECTION('',(0.0000000000000000E+00,0.0000000000000000E+00,
   1.0000000000000000E+00));
#5080=VECTOR('',#5070,1.0000000000000000E+00);
#5090=LINE('',#5060,#5080);
#5100=EDGE_CURVE('',#2970,#5030,#5090,.T.);
#5110=ORIENTED_EDGE('',*,*,#5100,.T.);
#5120=ORIENTED_EDGE('',*,*,#2980,.F.);
#5130=CARTESIAN_POINT('',(-3.8194003587298226E+01,1.9228852824316121E+01
   ,0.0000000000000000E+00));
#5140=DIRECTION('',(0.0000000000000000E+00,0.0000000000000000E+00,
   -1.0000000000000000E+00));
#5150=VECTOR('',#5140,1.0000000000000000E+00);
#5160=LINE('',#5130,#5150);
#5170=EDGE_CURVE('',#5010,#2870,#5160,.T.);
#5180=ORIENTED_EDGE('',*,*,#5170,.T.);
#5190=EDGE_LOOP('',(#5180,#5120,#5110,#5050));
#5200=FACE_OUTER_BOUND('',#5190,.T.);
#5210=ADVANCED_FACE('',(#5200),#4950,.F.);
#5220=COLOUR_RGB('',5.0196081399917603E-01,1.0000000000000000E+00,
   5.0196081399917603E-01);
#5230=FILL_AREA_STYLE_COLOUR('',#5220);
#5240=FILL_AREA_STYLE('',(#5230));
#5250=SURFACE_STYLE_FILL_AREA(#5240);
#5260=SURFACE_SIDE_STYLE('',(#5250));
#5270=SURFACE_STYLE_USAGE(.BOTH.,#5260);
#5280=PRESENTATION_STYLE_ASSIGNMENT((#5270));
#5290=CARTESIAN_POINT('',(-3.5581516213882892E+01,2.3538852824316109E+01
   ,-2.4748737341531779E-01));
#5300=DIRECTION('',(-7.0710678118654746E-01,0.0000000000000000E+00,
   7.0710678118654757E-01));
#5310=DIRECTION('',(0.0000000000000000E+00,1.0000000000000000E+00,
   0.0000000000000000E+00));
#5320=AXIS2_PLACEMENT_3D('',#5290,#5300,#5310);
#5330=PLANE('',#5320);
#5340=CARTESIAN_POINT('',(-3.6902027478507307E+01,2.4538852824316116E+01
   ,-1.5679986380397377E+00));
#5350=VERTEX_POINT('',#5340);
#5360=EDGE_CURVE('',#5350,#4710,#4690,.T.);
#5370=ORIENTED_EDGE('',*,*,#5360,.F.);
#5380=CARTESIAN_POINT('',(-3.5973036748504178E+01,3.5508852824316115E+01
   ,-6.3900790803660279E-01));
#5390=DIRECTION('',(0.0000000000000000E+00,-1.0000000000000000E+00,
   0.0000000000000000E+00));
#5400=VECTOR('',#5390,1.0000000000000000E+00);
#5410=LINE('',#5380,#5400);
#5420=CARTESIAN_POINT('',(-3.5973036748504086E+01,2.3538852824316109E+01
   ,-6.3900790803662055E-01));
#5430=VERTEX_POINT('',#5420);
#5440=EDGE_CURVE('',#4710,#5430,#5410,.T.);
#5450=ORIENTED_EDGE('',*,*,#5440,.F.);
#5460=CARTESIAN_POINT('',(-8.8925674828030196E+01,2.3538852824316109E+01
   ,-5.3591645987562615E+01));
#5470=DIRECTION('',(-7.0710678118654757E-01,0.0000000000000000E+00,
   -7.0710678118654746E-01));
#5480=VECTOR('',#5470,1.0000000000000000E+00);
#5490=LINE('',#5460,#5480);
#5500=CARTESIAN_POINT('',(-3.6902027478507286E+01,2.3538852824316109E+01
   ,-1.5679986380397537E+00));
#5510=VERTEX_POINT('',#5500);
#5520=EDGE_CURVE('',#5430,#5510,#5490,.T.);
#5530=ORIENTED_EDGE('',*,*,#5520,.F.);
#5540=CARTESIAN_POINT('',(-3.6902027478507307E+01,2.3082795793605840E+01
   ,-1.5679986380397377E+00));
#5550=DIRECTION('',(0.0000000000000000E+00,1.0000000000000000E+00,
   0.0000000000000000E+00));
#5560=VECTOR('',#5550,1.0000000000000000E+00);
#5570=LINE('',#5540,#5560);
#5580=EDGE_CURVE('',#5510,#5350,#5570,.T.);
#5590=ORIENTED_EDGE('',*,*,#5580,.F.);
#5600=EDGE_LOOP('',(#5590,#5530,#5450,#5370));
#5610=FACE_OUTER_BOUND('',#5600,.T.);
#5620=ADVANCED_FACE('',(#5610),#5330,.T.);
#5630=COLOUR_RGB('',9.4901967048645020E-01,9.4901967048645020E-01,
   1.0000000000000000E+00);
#5640=FILL_AREA_STYLE_COLOUR('',#5630);
#5650=FILL_AREA_STYLE('',(#5640));
#5660=SURFACE_STYLE_FILL_AREA(#5650);
#5670=SURFACE_SIDE_STYLE('',(#5660));
#5680=SURFACE_STYLE_USAGE(.BOTH.,#5670);
#5690=PRESENTATION_STYLE_ASSIGNMENT((#5680));
#5700=ORIENTED_EDGE('',*,*,#4720,.F.);
#5710=CARTESIAN_POINT('',(-3.5334028840467575E+01,
   -2.6716239164827719E+01,0.0000000000000000E+00));
#5720=DIRECTION('',(-0.0000000000000000E+00,-1.0000000000000000E+00,
   0.0000000000000000E+00));
#5730=VECTOR('',#5720,1.0000000000000000E+00);
#5740=LINE('',#5710,#5730);
#5750=CARTESIAN_POINT('',(-3.5334028840467575E+01,2.3538852824316109E+01
   ,-7.1054273576010019E-15));
#5760=VERTEX_POINT('',#5750);
#5770=EDGE_CURVE('',#4630,#5760,#5740,.T.);
#5780=ORIENTED_EDGE('',*,*,#5770,.F.);
#5790=EDGE_CURVE('',#5760,#5430,#5490,.T.);
#5800=ORIENTED_EDGE('',*,*,#5790,.F.);
#5810=ORIENTED_EDGE('',*,*,#5440,.T.);
#5820=EDGE_LOOP('',(#5810,#5800,#5780,#5700));
#5830=FACE_OUTER_BOUND('',#5820,.T.);
#5840=ADVANCED_FACE('',(#5830),#5330,.T.);
#5850=COLOUR_RGB('',9.4901967048645020E-01,9.4901967048645020E-01,
   1.0000000000000000E+00);
#5860=FILL_AREA_STYLE_COLOUR('',#5850);
#5870=FILL_AREA_STYLE('',(#5860));
#5880=SURFACE_STYLE_FILL_AREA(#5870);
#5890=SURFACE_SIDE_STYLE('',(#5880));
#5900=SURFACE_STYLE_USAGE(.BOTH.,#5890);
#5910=PRESENTATION_STYLE_ASSIGNMENT((#5900));
#5920=CARTESIAN_POINT('',(-3.8194003587298212E+01,1.9228852824316121E+01
   ,-5.0000000000000000E+00));
#5930=DIRECTION('',(-0.0000000000000000E+00,1.0000000000000000E+00,
   0.0000000000000000E+00));
#5940=DIRECTION('',(1.0000000000000000E+00,0.0000000000000000E+00,
   0.0000000000000000E+00));
#5950=AXIS2_PLACEMENT_3D('',#5920,#5930,#5940);
#5960=PLANE('',#5950);
#5970=CARTESIAN_POINT('',(0.0000000000000000E+00,1.9228852824316121E+01,
   -3.6250000000000018E+00));
#5980=DIRECTION('',(1.0000000000000000E+00,0.0000000000000000E+00,
   0.0000000000000000E+00));
#5990=VECTOR('',#5980,1.0000000000000000E+00);
#6000=LINE('',#5970,#5990);
#6010=CARTESIAN_POINT('',(-3.8579003587298203E+01,1.9228852824316114E+01
   ,-3.6250000000000000E+00));
#6020=VERTEX_POINT('',#6010);
#6030=CARTESIAN_POINT('',(-3.8194003587298212E+01,1.9228852824316121E+01
   ,-3.6250000000000018E+00));
#6040=VERTEX_POINT('',#6030);
#6050=EDGE_CURVE('',#6020,#6040,#6000,.T.);
#6060=ORIENTED_EDGE('',*,*,#6050,.F.);
#6070=CARTESIAN_POINT('',(-3.8194003587298226E+01,1.9228852824316121E+01
   ,-5.0000000000000000E+00));
#6080=DIRECTION('',(0.0000000000000000E+00,0.0000000000000000E+00,
   -1.0000000000000000E+00));
#6090=VECTOR('',#6080,1.0000000000000000E+00);
#6100=LINE('',#6070,#6090);
#6110=CARTESIAN_POINT('',(-3.8194003587298212E+01,1.9228852824316121E+01
   ,-6.3749999999999982E+00));
#6120=VERTEX_POINT('',#6110);
#6130=EDGE_CURVE('',#6040,#6120,#6100,.T.);
#6140=ORIENTED_EDGE('',*,*,#6130,.F.);
#6150=CARTESIAN_POINT('',(0.0000000000000000E+00,1.9228852824316121E+01,
   -6.3749999999999982E+00));
#6160=DIRECTION('',(-1.0000000000000000E+00,0.0000000000000000E+00,
   0.0000000000000000E+00));
#6170=VECTOR('',#6160,1.0000000000000000E+00);
#6180=LINE('',#6150,#6170);
#6190=CARTESIAN_POINT('',(-3.8579003587298210E+01,1.9228852824316121E+01
   ,-6.3749999999999964E+00));
#6200=VERTEX_POINT('',#6190);
#6210=EDGE_CURVE('',#6120,#6200,#6180,.T.);
#6220=ORIENTED_EDGE('',*,*,#6210,.F.);
#6230=CARTESIAN_POINT('',(-3.8579003587298203E+01,1.9228852824316114E+01
   ,-5.0000000000000000E+00));
#6240=DIRECTION('',(0.0000000000000000E+00,0.0000000000000000E+00,
   -1.0000000000000000E+00));
#6250=VECTOR('',#6240,1.0000000000000000E+00);
#6260=LINE('',#6230,#6250);
#6270=EDGE_CURVE('',#6020,#6200,#6260,.T.);
#6280=ORIENTED_EDGE('',*,*,#6270,.T.);
#6290=EDGE_LOOP('',(#6280,#6220,#6140,#6060));
#6300=FACE_OUTER_BOUND('',#6290,.T.);
#6310=ADVANCED_FACE('',(#6300),#5960,.F.);
#6320=COLOUR_RGB('',5.0196081399917603E-01,1.0000000000000000E+00,
   5.0196081399917603E-01);
#6330=FILL_AREA_STYLE_COLOUR('',#6320);
#6340=FILL_AREA_STYLE('',(#6330));
#6350=SURFACE_STYLE_FILL_AREA(#6340);
#6360=SURFACE_SIDE_STYLE('',(#6350));
#6370=SURFACE_STYLE_USAGE(.BOTH.,#6360);
#6380=PRESENTATION_STYLE_ASSIGNMENT((#6370));
#6390=CARTESIAN_POINT('',(-3.9904003587298213E+01,1.7278852824316125E+01
   ,-6.8749999999999982E+00));
#6400=DIRECTION('',(3.5305725243424335E-01,0.0000000000000000E+00,
   -9.3560171895074196E-01));
#6410=DIRECTION('',(-9.3560171895074196E-01,0.0000000000000000E+00,
   -3.5305725243424335E-01));
#6420=AXIS2_PLACEMENT_3D('',#6390,#6400,#6410);
#6430=PLANE('',#6420);
#6440=CARTESIAN_POINT('',(0.0000000000000000E+00,2.0708852824316118E+01,
   8.1831145612446576E+00));
#6450=DIRECTION('',(9.3560171895074196E-01,0.0000000000000000E+00,
   3.5305725243424335E-01));
#6460=VECTOR('',#6450,1.0000000000000000E+00);
#6470=LINE('',#6440,#6460);
#6480=CARTESIAN_POINT('',(-3.9904003587298213E+01,2.0708852824316118E+01
   ,-6.8749999999999982E+00));
#6490=VERTEX_POINT('',#6480);
#6500=CARTESIAN_POINT('',(-3.9359231886085752E+01,2.0708852824316118E+01
   ,-6.6694257731273705E+00));
#6510=VERTEX_POINT('',#6500);
#6520=EDGE_CURVE('',#6490,#6510,#6470,.T.);
#6530=ORIENTED_EDGE('',*,*,#6520,.F.);
#6540=CARTESIAN_POINT('',(-3.9359231886085752E+01,2.0208852824316125E+01
   ,-6.6694257731273705E+00));
#6550=DIRECTION('',(3.5305725243424335E-01,0.0000000000000000E+00,
   -9.3560171895074196E-01));
#6560=DIRECTION('',(-9.3560171895074185E-01,0.0000000000000000E+00,
   -3.5305725243424330E-01));
#6570=AXIS2_PLACEMENT_3D('',#6540,#6550,#6560);
#6580=ELLIPSE('',#6570,5.3441543540635905E-01,4.9999999999999867E-01);
#6590=CARTESIAN_POINT('',(-3.8876268972941219E+01,2.0338262346867381E+01
   ,-6.4871756172237722E+00));
#6600=VERTEX_POINT('',#6590);
#6610=EDGE_CURVE('',#6510,#6600,#6580,.T.);
#6620=ORIENTED_EDGE('',*,*,#6610,.F.);
#6630=CARTESIAN_POINT('',(-3.3426648001645773E+01,0.0000000000000000E+00
   ,-4.4307148733386947E+00));
#6640=DIRECTION('',(-2.5759337550319977E-01,9.6135156507110675E-01,
   -9.7205047359698329E-02));
#6650=VECTOR('',#6640,1.0000000000000000E+00);
#6660=LINE('',#6630,#6650);
#6670=EDGE_CURVE('',#6200,#6600,#6660,.T.);
#6680=ORIENTED_EDGE('',*,*,#6670,.T.);
#6690=CARTESIAN_POINT('',(-3.8579003587298217E+01,0.0000000000000000E+00
   ,-6.3750000000000000E+00));
#6700=DIRECTION('',(0.0000000000000000E+00,1.0000000000000000E+00,
   0.0000000000000000E+00));
#6710=VECTOR('',#6700,1.0000000000000000E+00);
#6720=LINE('',#6690,#6710);
#6730=CARTESIAN_POINT('',(-3.8579003587298210E+01,1.7278852824316125E+01
   ,-6.3749999999999982E+00));
#6740=VERTEX_POINT('',#6730);
#6750=EDGE_CURVE('',#6740,#6200,#6720,.T.);
#6760=ORIENTED_EDGE('',*,*,#6750,.T.);
#6770=CARTESIAN_POINT('',(0.0000000000000000E+00,4.4292161952761923E+01,
   8.1831145612446576E+00));
#6780=DIRECTION('',(-7.8261493238007862E-01,-5.4799287516801631E-01,
   -2.9532638957738910E-01));
#6790=VECTOR('',#6780,1.0000000000000000E+00);
#6800=LINE('',#6770,#6790);
#6810=CARTESIAN_POINT('',(-3.9904003587298213E+01,1.6351077836188253E+01
   ,-6.8749999999999973E+00));
#6820=VERTEX_POINT('',#6810);
#6830=EDGE_CURVE('',#6740,#6820,#6800,.T.);
#6840=ORIENTED_EDGE('',*,*,#6830,.F.);
#6850=CARTESIAN_POINT('',(-3.9904003587298213E+01,0.0000000000000000E+00
   ,-6.8749999999999973E+00));
#6860=DIRECTION('',(0.0000000000000000E+00,-1.0000000000000000E+00,
   0.0000000000000000E+00));
#6870=VECTOR('',#6860,1.0000000000000000E+00);
#6880=LINE('',#6850,#6870);
#6890=EDGE_CURVE('',#6490,#6820,#6880,.T.);
#6900=ORIENTED_EDGE('',*,*,#6890,.T.);
#6910=EDGE_LOOP('',(#6900,#6840,#6760,#6680,#6620,#6530));
#6920=FACE_OUTER_BOUND('',#6910,.T.);
#6930=ADVANCED_FACE('',(#6920),#6430,.F.);
#6940=COLOUR_RGB('',5.0196081399917603E-01,1.0000000000000000E+00,
   5.0196081399917603E-01);
#6950=FILL_AREA_STYLE_COLOUR('',#6940);
#6960=FILL_AREA_STYLE('',(#6950));
#6970=SURFACE_STYLE_FILL_AREA(#6960);
#6980=SURFACE_SIDE_STYLE('',(#6970));
#6990=SURFACE_STYLE_USAGE(.BOTH.,#6980);
#7000=PRESENTATION_STYLE_ASSIGNMENT((#6990));
#7010=CARTESIAN_POINT('',(-3.9904003587298213E+01,1.7278852824316125E+01
   ,-1.8749999999999982E+00));
#7020=DIRECTION('',(3.5305725243424335E-01,0.0000000000000000E+00,
   -9.3560171895074196E-01));
#7030=DIRECTION('',(-9.3560171895074196E-01,0.0000000000000000E+00,
   -3.5305725243424335E-01));
#7040=AXIS2_PLACEMENT_3D('',#7010,#7020,#7030);
#7050=PLANE('',#7040);
#7060=CARTESIAN_POINT('',(0.0000000000000000E+00,2.0708852824316118E+01,
   1.3183114561244658E+01));
#7070=DIRECTION('',(9.3560171895074196E-01,0.0000000000000000E+00,
   3.5305725243424335E-01));
#7080=VECTOR('',#7070,1.0000000000000000E+00);
#7090=LINE('',#7060,#7080);
#7100=CARTESIAN_POINT('',(-3.9904003587298213E+01,2.0708852824316118E+01
   ,-1.8749999999999982E+00));
#7110=VERTEX_POINT('',#7100);
#7120=CARTESIAN_POINT('',(-3.9359231886085752E+01,2.0708852824316118E+01
   ,-1.6694257731273707E+00));
#7130=VERTEX_POINT('',#7120);
#7140=EDGE_CURVE('',#7110,#7130,#7090,.T.);
#7150=ORIENTED_EDGE('',*,*,#7140,.F.);
#7160=CARTESIAN_POINT('',(-3.9359231886085752E+01,2.0208852824316125E+01
   ,-1.6694257731273707E+00));
#7170=DIRECTION('',(3.5305725243424335E-01,0.0000000000000000E+00,
   -9.3560171895074196E-01));
#7180=DIRECTION('',(-9.3560171895074185E-01,0.0000000000000000E+00,
   -3.5305725243424330E-01));
#7190=AXIS2_PLACEMENT_3D('',#7160,#7170,#7180);
#7200=ELLIPSE('',#7190,5.3441543540635905E-01,4.9999999999999867E-01);
#7210=CARTESIAN_POINT('',(-3.8876268972941219E+01,2.0338262346867381E+01
   ,-1.4871756172237725E+00));
#7220=VERTEX_POINT('',#7210);
#7230=EDGE_CURVE('',#7130,#7220,#7200,.T.);
#7240=ORIENTED_EDGE('',*,*,#7230,.F.);
#7250=CARTESIAN_POINT('',(-3.3426648001645773E+01,0.0000000000000000E+00
   ,5.6928512666130549E-01));
#7260=DIRECTION('',(-2.5759337550319977E-01,9.6135156507110675E-01,
   -9.7205047359698329E-02));
#7270=VECTOR('',#7260,1.0000000000000000E+00);
#7280=LINE('',#7250,#7270);
#7290=EDGE_CURVE('',#2890,#7220,#7280,.T.);
#7300=ORIENTED_EDGE('',*,*,#7290,.T.);
#7310=ORIENTED_EDGE('',*,*,#3120,.T.);
#7320=CARTESIAN_POINT('',(0.0000000000000000E+00,4.4292161952761923E+01,
   1.3183114561244658E+01));
#7330=DIRECTION('',(-7.8261493238007862E-01,-5.4799287516801631E-01,
   -2.9532638957738910E-01));
#7340=VECTOR('',#7330,1.0000000000000000E+00);
#7350=LINE('',#7320,#7340);
#7360=CARTESIAN_POINT('',(-3.9904003587298213E+01,1.6351077836188253E+01
   ,-1.8749999999999982E+00));
#7370=VERTEX_POINT('',#7360);
#7380=EDGE_CURVE('',#3050,#7370,#7350,.T.);
#7390=ORIENTED_EDGE('',*,*,#7380,.F.);
#7400=CARTESIAN_POINT('',(-3.9904003587298213E+01,0.0000000000000000E+00
   ,-1.8749999999999982E+00));
#7410=DIRECTION('',(0.0000000000000000E+00,1.0000000000000000E+00,
   0.0000000000000000E+00));
#7420=VECTOR('',#7410,1.0000000000000000E+00);
#7430=LINE('',#7400,#7420);
#7440=EDGE_CURVE('',#7370,#7110,#7430,.T.);
#7450=ORIENTED_EDGE('',*,*,#7440,.F.);
#7460=EDGE_LOOP('',(#7450,#7390,#7310,#7300,#7240,#7150));
#7470=FACE_OUTER_BOUND('',#7460,.T.);
#7480=ADVANCED_FACE('',(#7470),#7050,.F.);
#7490=COLOUR_RGB('',5.0196081399917603E-01,1.0000000000000000E+00,
   5.0196081399917603E-01);
#7500=FILL_AREA_STYLE_COLOUR('',#7490);
#7510=FILL_AREA_STYLE('',(#7500));
#7520=SURFACE_STYLE_FILL_AREA(#7510);
#7530=SURFACE_SIDE_STYLE('',(#7520));
#7540=SURFACE_STYLE_USAGE(.BOTH.,#7530);
#7550=PRESENTATION_STYLE_ASSIGNMENT((#7540));
#7560=CARTESIAN_POINT('',(0.0000000000000000E+00,0.0000000000000000E+00,
   -6.3750000000000000E+00));
#7570=DIRECTION('',(0.0000000000000000E+00,0.0000000000000000E+00,
   1.0000000000000000E+00));
#7580=DIRECTION('',(1.0000000000000000E+00,0.0000000000000000E+00,
   0.0000000000000000E+00));
#7590=AXIS2_PLACEMENT_3D('',#7560,#7570,#7580);
#7600=PLANE('',#7590);
#7610=ORIENTED_EDGE('',*,*,#6210,.T.);
#7620=CARTESIAN_POINT('',(-3.8194003587298212E+01,0.0000000000000000E+00
   ,-6.3749999999999982E+00));
#7630=DIRECTION('',(0.0000000000000000E+00,1.0000000000000000E+00,
   0.0000000000000000E+00));
#7640=VECTOR('',#7630,1.0000000000000000E+00);
#7650=LINE('',#7620,#7640);
#7660=CARTESIAN_POINT('',(-3.8194003587298212E+01,1.7278852824316125E+01
   ,-6.3749999999999982E+00));
#7670=VERTEX_POINT('',#7660);
#7680=EDGE_CURVE('',#7670,#6120,#7650,.T.);
#7690=ORIENTED_EDGE('',*,*,#7680,.T.);
#7700=CARTESIAN_POINT('',(0.0000000000000000E+00,1.7278852824316125E+01,
   -6.3749999999999982E+00));
#7710=DIRECTION('',(1.0000000000000000E+00,0.0000000000000000E+00,
   0.0000000000000000E+00));
#7720=VECTOR('',#7710,1.0000000000000000E+00);
#7730=LINE('',#7700,#7720);
#7740=EDGE_CURVE('',#6740,#7670,#7730,.T.);
#7750=ORIENTED_EDGE('',*,*,#7740,.T.);
#7760=ORIENTED_EDGE('',*,*,#6750,.F.);
#7770=EDGE_LOOP('',(#7760,#7750,#7690,#7610));
#7780=FACE_OUTER_BOUND('',#7770,.T.);
#7790=ADVANCED_FACE('',(#7780),#7600,.T.);
#7800=COLOUR_RGB('',5.0196081399917603E-01,1.0000000000000000E+00,
   5.0196081399917603E-01);
#7810=FILL_AREA_STYLE_COLOUR('',#7800);
#7820=FILL_AREA_STYLE('',(#7810));
#7830=SURFACE_STYLE_FILL_AREA(#7820);
#7840=SURFACE_SIDE_STYLE('',(#7830));
#7850=SURFACE_STYLE_USAGE(.BOTH.,#7840);
#7860=PRESENTATION_STYLE_ASSIGNMENT((#7850));
#7870=CARTESIAN_POINT('',(-3.6497744671345409E+01,2.4538852824316116E+01
   ,5.6687410840472090E+00));
#7880=DIRECTION('',(0.0000000000000000E+00,1.0000000000000000E+00,
   0.0000000000000000E+00));
#7890=DIRECTION('',(7.0710678118654746E-01,0.0000000000000000E+00,
   -7.0710678118654757E-01));
#7900=AXIS2_PLACEMENT_3D('',#7870,#7880,#7890);
#7910=PLANE('',#7900);
#7920=ORIENTED_EDGE('',*,*,#3520,.T.);
#7930=CARTESIAN_POINT('',(-3.6902027478507307E+01,2.4538852824316116E+01
   ,3.4320013619602623E+00));
#7940=VERTEX_POINT('',#7930);
#7950=EDGE_CURVE('',#7940,#3440,#3420,.T.);
#7960=ORIENTED_EDGE('',*,*,#7950,.T.);
#7970=CARTESIAN_POINT('',(-3.5829003587298203E+01,2.4538852824316116E+01
   ,5.0000000000000036E+00));
#7980=DIRECTION('',(0.0000000000000000E+00,1.0000000000000000E+00,
   0.0000000000000000E+00));
#7990=DIRECTION('',(-1.0000000000000000E+00,0.0000000000000000E+00,
   0.0000000000000000E+00));
#8000=AXIS2_PLACEMENT_3D('',#7970,#7980,#7990);
#8010=CIRCLE('',#8000,1.8999999999999999E+00);
#8020=CARTESIAN_POINT('',(-3.3929003587298205E+01,2.4538852824316116E+01
   ,5.0000000000000000E+00));
#8030=VERTEX_POINT('',#8020);
#8040=EDGE_CURVE('',#8030,#7940,#8010,.T.);
#8050=ORIENTED_EDGE('',*,*,#8040,.T.);
#8060=CARTESIAN_POINT('',(-3.4261004949258471E+01,2.4538852824316116E+01
   ,6.0730238912091119E+00));
#8070=VERTEX_POINT('',#8060);
#8080=EDGE_CURVE('',#8070,#8030,#8010,.T.);
#8090=ORIENTED_EDGE('',*,*,#8080,.T.);
#8100=CARTESIAN_POINT('',(-8.8925674828030196E+01,2.4538852824316116E+01
   ,-4.8591645987562615E+01));
#8110=DIRECTION('',(7.0710678118654757E-01,0.0000000000000000E+00,
   7.0710678118654746E-01));
#8120=VECTOR('',#8110,1.0000000000000000E+00);
#8130=LINE('',#8100,#8120);
#8140=CARTESIAN_POINT('',(-3.5214995679261612E+01,2.4538852824316116E+01
   ,5.1190331612059650E+00));
#8150=VERTEX_POINT('',#8140);
#8160=EDGE_CURVE('',#8150,#8070,#8130,.T.);
#8170=ORIENTED_EDGE('',*,*,#8160,.T.);
#8180=CARTESIAN_POINT('',(-3.5854003587298216E+01,2.4538852824316116E+01
   ,5.0000000000000036E+00));
#8190=DIRECTION('',(0.0000000000000000E+00,-1.0000000000000000E+00,
   0.0000000000000000E+00));
#8200=DIRECTION('',(1.0000000000000000E+00,0.0000000000000000E+00,
   0.0000000000000000E+00));
#8210=AXIS2_PLACEMENT_3D('',#8180,#8190,#8200);
#8220=CIRCLE('',#8210,6.5000000000000002E-01);
#8230=EDGE_CURVE('',#3340,#8150,#8220,.T.);
#8240=ORIENTED_EDGE('',*,*,#8230,.T.);
#8250=EDGE_LOOP('',(#8240,#8170,#8090,#8050,#7960,#7920));
#8260=FACE_OUTER_BOUND('',#8250,.T.);
#8270=ADVANCED_FACE('',(#8260),#7910,.T.);
#8280=COLOUR_RGB('',9.4901967048645020E-01,9.4901967048645020E-01,
   1.0000000000000000E+00);
#8290=FILL_AREA_STYLE_COLOUR('',#8280);
#8300=FILL_AREA_STYLE('',(#8290));
#8310=SURFACE_STYLE_FILL_AREA(#8300);
#8320=SURFACE_SIDE_STYLE('',(#8310));
#8330=SURFACE_STYLE_USAGE(.BOTH.,#8320);
#8340=PRESENTATION_STYLE_ASSIGNMENT((#8330));
#8350=CARTESIAN_POINT('',(-3.6497744671345409E+01,2.4538852824316116E+01
   ,6.6874108404720545E-01));
#8360=DIRECTION('',(0.0000000000000000E+00,1.0000000000000000E+00,
   0.0000000000000000E+00));
#8370=DIRECTION('',(7.0710678118654746E-01,0.0000000000000000E+00,
   -7.0710678118654757E-01));
#8380=AXIS2_PLACEMENT_3D('',#8350,#8360,#8370);
#8390=PLANE('',#8380);
#8400=ORIENTED_EDGE('',*,*,#4790,.T.);
#8410=ORIENTED_EDGE('',*,*,#5360,.T.);
#8420=CARTESIAN_POINT('',(-3.5829003587298203E+01,2.4538852824316116E+01
   ,0.0000000000000000E+00));
#8430=DIRECTION('',(0.0000000000000000E+00,1.0000000000000000E+00,
   0.0000000000000000E+00));
#8440=DIRECTION('',(-1.0000000000000000E+00,0.0000000000000000E+00,
   0.0000000000000000E+00));
#8450=AXIS2_PLACEMENT_3D('',#8420,#8430,#8440);
#8460=CIRCLE('',#8450,1.8999999999999999E+00);
#8470=CARTESIAN_POINT('',(-3.3929003587298205E+01,2.4538852824316116E+01
   ,2.3268289183799709E-16));
#8480=VERTEX_POINT('',#8470);
#8490=EDGE_CURVE('',#8480,#5350,#8460,.T.);
#8500=ORIENTED_EDGE('',*,*,#8490,.T.);
#8510=CARTESIAN_POINT('',(-3.4261004949258471E+01,2.4538852824316116E+01
   ,1.0730238912091083E+00));
#8520=VERTEX_POINT('',#8510);
#8530=EDGE_CURVE('',#8520,#8480,#8460,.T.);
#8540=ORIENTED_EDGE('',*,*,#8530,.T.);
#8550=CARTESIAN_POINT('',(-8.8925674828030196E+01,2.4538852824316116E+01
   ,-5.3591645987562615E+01));
#8560=DIRECTION('',(7.0710678118654757E-01,0.0000000000000000E+00,
   7.0710678118654746E-01));
#8570=VECTOR('',#8560,1.0000000000000000E+00);
#8580=LINE('',#8550,#8570);
#8590=CARTESIAN_POINT('',(-3.5214995679261612E+01,2.4538852824316116E+01
   ,1.1903316120596141E-01));
#8600=VERTEX_POINT('',#8590);
#8610=EDGE_CURVE('',#8600,#8520,#8580,.T.);
#8620=ORIENTED_EDGE('',*,*,#8610,.T.);
#8630=CARTESIAN_POINT('',(-3.5854003587298216E+01,2.4538852824316116E+01
   ,0.0000000000000000E+00));
#8640=DIRECTION('',(0.0000000000000000E+00,-1.0000000000000000E+00,
   0.0000000000000000E+00));
#8650=DIRECTION('',(1.0000000000000000E+00,0.0000000000000000E+00,
   0.0000000000000000E+00));
#8660=AXIS2_PLACEMENT_3D('',#8630,#8640,#8650);
#8670=CIRCLE('',#8660,6.5000000000000002E-01);
#8680=EDGE_CURVE('',#4610,#8600,#8670,.T.);
#8690=ORIENTED_EDGE('',*,*,#8680,.T.);
#8700=EDGE_LOOP('',(#8690,#8620,#8540,#8500,#8410,#8400));
#8710=FACE_OUTER_BOUND('',#8700,.T.);
#8720=ADVANCED_FACE('',(#8710),#8390,.T.);
#8730=COLOUR_RGB('',9.4901967048645020E-01,9.4901967048645020E-01,
   1.0000000000000000E+00);
#8740=FILL_AREA_STYLE_COLOUR('',#8730);
#8750=FILL_AREA_STYLE('',(#8740));
#8760=SURFACE_STYLE_FILL_AREA(#8750);
#8770=SURFACE_SIDE_STYLE('',(#8760));
#8780=SURFACE_STYLE_USAGE(.BOTH.,#8770);
#8790=PRESENTATION_STYLE_ASSIGNMENT((#8780));
#8800=CARTESIAN_POINT('',(0.0000000000000000E+00,0.0000000000000000E+00,
   -7.5000000000000000E+00));
#8810=DIRECTION('',(0.0000000000000000E+00,0.0000000000000000E+00,
   1.0000000000000000E+00));
#8820=DIRECTION('',(1.0000000000000000E+00,0.0000000000000000E+00,
   0.0000000000000000E+00));
#8830=AXIS2_PLACEMENT_3D('',#8800,#8810,#8820);
#8840=PLANE('',#8830);
#8850=CARTESIAN_POINT('',(-3.3812667081287692E+01,2.5008852824316115E+01
   ,-7.5000000000000000E+00));
#8860=DIRECTION('',(0.0000000000000000E+00,0.0000000000000000E+00,
   1.0000000000000000E+00));
#8870=DIRECTION('',(1.0000000000000000E+00,0.0000000000000000E+00,
   0.0000000000000000E+00));
#8880=AXIS2_PLACEMENT_3D('',#8850,#8860,#8870);
#8890=CIRCLE('',#8880,5.0000000000000555E-01);
#8900=CARTESIAN_POINT('',(-3.3329704168143152E+01,2.5138262346867378E+01
   ,-7.5000000000000000E+00));
#8910=VERTEX_POINT('',#8900);
#8920=CARTESIAN_POINT('',(-3.3812667081287692E+01,2.5508852824316115E+01
   ,-7.5000000000000000E+00));
#8930=VERTEX_POINT('',#8920);
#8940=EDGE_CURVE('',#8910,#8930,#8890,.T.);
#8950=ORIENTED_EDGE('',*,*,#8940,.F.);
#8960=CARTESIAN_POINT('',(0.0000000000000000E+00,2.5508852824316115E+01,
   -7.5000000000000000E+00));
#8970=DIRECTION('',(1.0000000000000000E+00,0.0000000000000000E+00,
   0.0000000000000000E+00));
#8980=VECTOR('',#8970,1.0000000000000000E+00);
#8990=LINE('',#8960,#8980);
#9000=CARTESIAN_POINT('',(-3.7809453771709563E+01,2.5508852824316115E+01
   ,-7.5000000000000000E+00));
#9010=VERTEX_POINT('',#9000);
#9020=EDGE_CURVE('',#9010,#8930,#8990,.T.);
#9030=ORIENTED_EDGE('',*,*,#9020,.T.);
#9040=CARTESIAN_POINT('',(-3.7809453771709563E+01,2.5008852824316115E+01
   ,-7.5000000000000000E+00));
#9050=DIRECTION('',(0.0000000000000000E+00,0.0000000000000000E+00,
   1.0000000000000000E+00));
#9060=DIRECTION('',(1.0000000000000000E+00,0.0000000000000000E+00,
   0.0000000000000000E+00));
#9070=AXIS2_PLACEMENT_3D('',#9040,#9050,#9060);
#9080=CIRCLE('',#9070,5.0000000000000000E-01);
#9090=CARTESIAN_POINT('',(-3.8301857648215666E+01,2.5095676913149589E+01
   ,-7.5000000000000000E+00));
#9100=VERTEX_POINT('',#9090);
#9110=EDGE_CURVE('',#9010,#9100,#9080,.T.);
#9120=ORIENTED_EDGE('',*,*,#9110,.F.);
#9130=CARTESIAN_POINT('',(-4.2726902587146483E+01,0.0000000000000000E+00
   ,-7.5000000000000000E+00));
#9140=DIRECTION('',(1.7364817766693072E-01,9.8480775301220802E-01,
   0.0000000000000000E+00));
#9150=VECTOR('',#9140,1.0000000000000000E+00);
#9160=LINE('',#9130,#9150);
#9170=CARTESIAN_POINT('',(-3.8981919794923357E+01,2.1238852824316119E+01
   ,-7.5000000000000000E+00));
#9180=VERTEX_POINT('',#9170);
#9190=EDGE_CURVE('',#9180,#9100,#9160,.T.);
#9200=ORIENTED_EDGE('',*,*,#9190,.T.);
#9210=CARTESIAN_POINT('',(0.0000000000000000E+00,2.1238852824316119E+01,
   -7.5000000000000000E+00));
#9220=DIRECTION('',(1.0000000000000000E+00,0.0000000000000000E+00,
   0.0000000000000000E+00));
#9230=VECTOR('',#9220,1.0000000000000000E+00);
#9240=LINE('',#9210,#9230);
#9250=CARTESIAN_POINT('',(-3.9604003587298209E+01,2.1238852824316119E+01
   ,-7.5000000000000000E+00));
#9260=VERTEX_POINT('',#9250);
#9270=EDGE_CURVE('',#9260,#9180,#9240,.T.);
#9280=ORIENTED_EDGE('',*,*,#9270,.T.);
#9290=CARTESIAN_POINT('',(-3.9604003587298209E+01,2.0938852824316122E+01
   ,-7.5000000000000000E+00));
#9300=DIRECTION('',(0.0000000000000000E+00,0.0000000000000000E+00,
   1.0000000000000000E+00));
#9310=DIRECTION('',(1.0000000000000000E+00,0.0000000000000000E+00,
   0.0000000000000000E+00));
#9320=AXIS2_PLACEMENT_3D('',#9290,#9300,#9310);
#9330=CIRCLE('',#9320,3.0000000000000071E-01);
#9340=CARTESIAN_POINT('',(-3.9904003587298206E+01,2.0938852824316122E+01
   ,-7.5000000000000000E+00));
#9350=VERTEX_POINT('',#9340);
#9360=EDGE_CURVE('',#9260,#9350,#9330,.T.);
#9370=ORIENTED_EDGE('',*,*,#9360,.F.);
#9380=CARTESIAN_POINT('',(-3.9904003587298213E+01,0.0000000000000000E+00
   ,-7.5000000000000000E+00));
#9390=DIRECTION('',(0.0000000000000000E+00,1.0000000000000000E+00,
   0.0000000000000000E+00));
#9400=VECTOR('',#9390,1.0000000000000000E+00);
#9410=LINE('',#9380,#9400);
#9420=CARTESIAN_POINT('',(-3.9904003587298213E+01,1.5508852824316122E+01
   ,-7.5000000000000000E+00));
#9430=VERTEX_POINT('',#9420);
#9440=EDGE_CURVE('',#9430,#9350,#9410,.T.);
#9450=ORIENTED_EDGE('',*,*,#9440,.T.);
#9460=CARTESIAN_POINT('',(0.0000000000000000E+00,1.5508852824316122E+01,
   -7.5000000000000000E+00));
#9470=DIRECTION('',(-1.0000000000000000E+00,0.0000000000000000E+00,
   0.0000000000000000E+00));
#9480=VECTOR('',#9470,1.0000000000000000E+00);
#9490=LINE('',#9460,#9480);
#9500=CARTESIAN_POINT('',(-3.9181003587298207E+01,1.5508852824316122E+01
   ,-7.5000000000000000E+00));
#9510=VERTEX_POINT('',#9500);
#9520=EDGE_CURVE('',#9510,#9430,#9490,.T.);
#9530=ORIENTED_EDGE('',*,*,#9520,.T.);
#9540=CARTESIAN_POINT('',(-3.9181003587298207E+01,0.0000000000000000E+00
   ,-7.5000000000000000E+00));
#9550=DIRECTION('',(0.0000000000000000E+00,1.0000000000000000E+00,
   0.0000000000000000E+00));
#9560=VECTOR('',#9550,1.0000000000000000E+00);
#9570=LINE('',#9540,#9560);
#9580=CARTESIAN_POINT('',(-3.9181003587298207E+01,2.0008852824316122E+01
   ,-7.5000000000000000E+00));
#9590=VERTEX_POINT('',#9580);
#9600=EDGE_CURVE('',#9510,#9590,#9570,.T.);
#9610=ORIENTED_EDGE('',*,*,#9600,.F.);
#9620=CARTESIAN_POINT('',(0.0000000000000000E+00,2.0008852824316122E+01,
   -7.5000000000000000E+00));
#9630=DIRECTION('',(-1.0000000000000000E+00,0.0000000000000000E+00,
   0.0000000000000000E+00));
#9640=VECTOR('',#9630,1.0000000000000000E+00);
#9650=LINE('',#9620,#9640);
#9660=CARTESIAN_POINT('',(-3.8767003587298177E+01,2.0008852824316122E+01
   ,-7.5000000000000000E+00));
#9670=VERTEX_POINT('',#9660);
#9680=EDGE_CURVE('',#9670,#9590,#9650,.T.);
#9690=ORIENTED_EDGE('',*,*,#9680,.T.);
#9700=CARTESIAN_POINT('',(-3.8767003587298177E+01,0.0000000000000000E+00
   ,-7.5000000000000000E+00));
#9710=DIRECTION('',(0.0000000000000000E+00,-1.0000000000000000E+00,
   0.0000000000000000E+00));
#9720=VECTOR('',#9710,1.0000000000000000E+00);
#9730=LINE('',#9700,#9720);
#9740=CARTESIAN_POINT('',(-3.8767003587298184E+01,1.5508852824316122E+01
   ,-7.5000000000000000E+00));
#9750=VERTEX_POINT('',#9740);
#9760=EDGE_CURVE('',#9670,#9750,#9730,.T.);
#9770=ORIENTED_EDGE('',*,*,#9760,.F.);
#9780=CARTESIAN_POINT('',(-3.1754003587298200E+01,1.5508852824316122E+01
   ,-7.5000000000000000E+00));
#9790=VERTEX_POINT('',#9780);
#9800=EDGE_CURVE('',#9790,#9750,#9490,.T.);
#9810=ORIENTED_EDGE('',*,*,#9800,.T.);
#9820=CARTESIAN_POINT('',(-3.1754003587298158E+01,0.0000000000000000E+00
   ,-7.5000000000000000E+00));
#9830=DIRECTION('',(2.8660047167381970E-15,-1.0000000000000000E+00,
   0.0000000000000000E+00));
#9840=VECTOR('',#9830,1.0000000000000000E+00);
#9850=LINE('',#9820,#9840);
#9860=CARTESIAN_POINT('',(-3.1754003587298207E+01,1.9257667721638242E+01
   ,-7.4999999999999991E+00));
#9870=VERTEX_POINT('',#9860);
#9880=EDGE_CURVE('',#9870,#9790,#9850,.T.);
#9890=ORIENTED_EDGE('',*,*,#9880,.T.);
#9900=CARTESIAN_POINT('',(-2.6593927073178364E+01,0.0000000000000000E+00
   ,-7.4999999999999991E+00));
#9910=DIRECTION('',(-2.5881904510251968E-01,9.6592582628906865E-01,
   0.0000000000000000E+00));
#9920=VECTOR('',#9910,1.0000000000000000E+00);
#9930=LINE('',#9900,#9920);
#9940=EDGE_CURVE('',#9870,#8910,#9930,.T.);
#9950=ORIENTED_EDGE('',*,*,#9940,.F.);
#9960=EDGE_LOOP('',(#9950,#9890,#9810,#9770,#9690,#9610,#9530,#9450,
   #9370,#9280,#9200,#9120,#9030,#8950));
#9970=FACE_OUTER_BOUND('',#9960,.T.);
#9980=ADVANCED_FACE('',(#9970),#8840,.F.);
#9990=COLOUR_RGB('',5.0196081399917603E-01,1.0000000000000000E+00,
   5.0196081399917603E-01);
#10000=FILL_AREA_STYLE_COLOUR('',#9990);
#10010=FILL_AREA_STYLE('',(#10000));
#10020=SURFACE_STYLE_FILL_AREA(#10010);
#10030=SURFACE_SIDE_STYLE('',(#10020));
#10040=SURFACE_STYLE_USAGE(.BOTH.,#10030);
#10050=PRESENTATION_STYLE_ASSIGNMENT((#10040));
#10060=CARTESIAN_POINT('',(-3.5581516213882892E+01,
   2.3538852824316109E+01,-2.4748737341531779E-01));
#10070=DIRECTION('',(0.0000000000000000E+00,1.0000000000000000E+00,
   0.0000000000000000E+00));
#10080=DIRECTION('',(7.0710678118654746E-01,0.0000000000000000E+00,
   -7.0710678118654757E-01));
#10090=AXIS2_PLACEMENT_3D('',#10060,#10070,#10080);
#10100=PLANE('',#10090);
#10110=ORIENTED_EDGE('',*,*,#5520,.T.);
#10120=CARTESIAN_POINT('',(-3.5854003587298216E+01,
   2.3538852824316109E+01,0.0000000000000000E+00));
#10130=DIRECTION('',(0.0000000000000000E+00,-1.0000000000000000E+00,
   0.0000000000000000E+00));
#10140=DIRECTION('',(1.0000000000000000E+00,0.0000000000000000E+00,
   0.0000000000000000E+00));
#10150=AXIS2_PLACEMENT_3D('',#10120,#10130,#10140);
#10160=CIRCLE('',#10150,6.5000000000000002E-01);
#10170=EDGE_CURVE('',#3840,#5430,#10160,.T.);
#10180=ORIENTED_EDGE('',*,*,#10170,.T.);
#10190=CARTESIAN_POINT('',(-3.7397002225337914E+01,
   2.3538852824316109E+01,-1.0730238912091448E+00));
#10200=VERTEX_POINT('',#10190);
#10210=EDGE_CURVE('',#3840,#10200,#3900,.T.);
#10220=ORIENTED_EDGE('',*,*,#10210,.F.);
#10230=CARTESIAN_POINT('',(-3.5829003587298203E+01,
   2.3538852824316109E+01,0.0000000000000000E+00));
#10240=DIRECTION('',(0.0000000000000000E+00,1.0000000000000000E+00,
   0.0000000000000000E+00));
#10250=DIRECTION('',(-1.0000000000000000E+00,0.0000000000000000E+00,
   0.0000000000000000E+00));
#10260=AXIS2_PLACEMENT_3D('',#10230,#10240,#10250);
#10270=CIRCLE('',#10260,1.8999999999999999E+00);
#10280=EDGE_CURVE('',#5510,#10200,#10270,.T.);
#10290=ORIENTED_EDGE('',*,*,#10280,.T.);
#10300=EDGE_LOOP('',(#10290,#10220,#10180,#10110));
#10310=FACE_OUTER_BOUND('',#10300,.T.);
#10320=ADVANCED_FACE('',(#10310),#10100,.T.);
#10330=COLOUR_RGB('',9.4901967048645020E-01,9.4901967048645020E-01,
   1.0000000000000000E+00);
#10340=FILL_AREA_STYLE_COLOUR('',#10330);
#10350=FILL_AREA_STYLE('',(#10340));
#10360=SURFACE_STYLE_FILL_AREA(#10350);
#10370=SURFACE_SIDE_STYLE('',(#10360));
#10380=SURFACE_STYLE_USAGE(.BOTH.,#10370);
#10390=PRESENTATION_STYLE_ASSIGNMENT((#10380));
#10400=CARTESIAN_POINT('',(-3.9359231886085752E+01,
   2.0208852824316118E+01,0.0000000000000000E+00));
#10410=DIRECTION('',(0.0000000000000000E+00,0.0000000000000000E+00,
   1.0000000000000000E+00));
#10420=DIRECTION('',(1.0000000000000000E+00,0.0000000000000000E+00,
   0.0000000000000000E+00));
#10430=AXIS2_PLACEMENT_3D('',#10400,#10410,#10420);
#10440=CYLINDRICAL_SURFACE('',#10430,4.9999999999999878E-01);
#10450=CARTESIAN_POINT('',(-3.9359231886085752E+01,
   2.0208852824316125E+01,1.6694257731273705E+00));
#10460=DIRECTION('',(3.5305725243424335E-01,0.0000000000000000E+00,
   9.3560171895074196E-01));
#10470=DIRECTION('',(9.3560171895074185E-01,0.0000000000000000E+00,
   -3.5305725243424330E-01));
#10480=AXIS2_PLACEMENT_3D('',#10450,#10460,#10470);
#10490=ELLIPSE('',#10480,5.3441543540635905E-01,4.9999999999999867E-01);
#10500=CARTESIAN_POINT('',(-3.8876268972941219E+01,
   2.0338262346867381E+01,1.4871756172237722E+00));
#10510=VERTEX_POINT('',#10500);
#10520=CARTESIAN_POINT('',(-3.9359231886085752E+01,
   2.0708852824316118E+01,1.6694257731273705E+00));
#10530=VERTEX_POINT('',#10520);
#10540=EDGE_CURVE('',#10510,#10530,#10490,.T.);
#10550=ORIENTED_EDGE('',*,*,#10540,.T.);
#10560=CARTESIAN_POINT('',(-3.8876268972941219E+01,
   2.0338262346867381E+01,0.0000000000000000E+00));
#10570=DIRECTION('',(0.0000000000000000E+00,0.0000000000000000E+00,
   1.0000000000000000E+00));
#10580=VECTOR('',#10570,1.0000000000000000E+00);
#10590=LINE('',#10560,#10580);
#10600=EDGE_CURVE('',#7220,#10510,#10590,.T.);
#10610=ORIENTED_EDGE('',*,*,#10600,.T.);
#10620=ORIENTED_EDGE('',*,*,#7230,.T.);
#10630=CARTESIAN_POINT('',(-3.9359231886085752E+01,
   2.0708852824316118E+01,0.0000000000000000E+00));
#10640=DIRECTION('',(0.0000000000000000E+00,0.0000000000000000E+00,
   -1.0000000000000000E+00));
#10650=VECTOR('',#10640,1.0000000000000000E+00);
#10660=LINE('',#10630,#10650);
#10670=EDGE_CURVE('',#10530,#7130,#10660,.T.);
#10680=ORIENTED_EDGE('',*,*,#10670,.T.);
#10690=EDGE_LOOP('',(#10680,#10620,#10610,#10550));
#10700=FACE_OUTER_BOUND('',#10690,.T.);
#10710=ADVANCED_FACE('',(#10700),#10440,.F.);
#10720=COLOUR_RGB('',5.0196081399917603E-01,1.0000000000000000E+00,
   5.0196081399917603E-01);
#10730=FILL_AREA_STYLE_COLOUR('',#10720);
#10740=FILL_AREA_STYLE('',(#10730));
#10750=SURFACE_STYLE_FILL_AREA(#10740);
#10760=SURFACE_SIDE_STYLE('',(#10750));
#10770=SURFACE_STYLE_USAGE(.BOTH.,#10760);
#10780=PRESENTATION_STYLE_ASSIGNMENT((#10770));
#10790=CARTESIAN_POINT('',(-3.9359231886085752E+01,
   2.0708852824316118E+01,1.0000000000000004E+01));
#10800=DIRECTION('',(-0.0000000000000000E+00,1.0000000000000000E+00,
   0.0000000000000000E+00));
#10810=DIRECTION('',(1.0000000000000000E+00,0.0000000000000000E+00,
   0.0000000000000000E+00));
#10820=AXIS2_PLACEMENT_3D('',#10790,#10800,#10810);
#10830=PLANE('',#10820);
#10840=CARTESIAN_POINT('',(0.0000000000000000E+00,2.0708852824316118E+01
   ,2.3183114561244661E+01));
#10850=DIRECTION('',(9.3560171895074196E-01,0.0000000000000000E+00,
   3.5305725243424335E-01));
#10860=VECTOR('',#10850,1.0000000000000000E+00);
#10870=LINE('',#10840,#10860);
#10880=CARTESIAN_POINT('',(-3.9904003587298213E+01,
   2.0708852824316118E+01,8.1250000000000053E+00));
#10890=VERTEX_POINT('',#10880);
#10900=CARTESIAN_POINT('',(-3.9359231886085752E+01,
   2.0708852824316118E+01,8.3305742268726330E+00));
#10910=VERTEX_POINT('',#10900);
#10920=EDGE_CURVE('',#10890,#10910,#10870,.T.);
#10930=ORIENTED_EDGE('',*,*,#10920,.T.);
#10940=CARTESIAN_POINT('',(-3.9904003587298213E+01,
   2.0708852824316118E+01,1.0000000000000004E+01));
#10950=DIRECTION('',(0.0000000000000000E+00,0.0000000000000000E+00,
   1.0000000000000000E+00));
#10960=VECTOR('',#10950,1.0000000000000000E+00);
#10970=LINE('',#10940,#10960);
#10980=CARTESIAN_POINT('',(-3.9904003587298213E+01,
   2.0708852824316118E+01,1.1875000000000002E+01));
#10990=VERTEX_POINT('',#10980);
#11000=EDGE_CURVE('',#10890,#10990,#10970,.T.);
#11010=ORIENTED_EDGE('',*,*,#11000,.F.);
#11020=CARTESIAN_POINT('',(0.0000000000000000E+00,2.0708852824316118E+01
   ,-3.1831145612446541E+00));
#11030=DIRECTION('',(-9.3560171895074196E-01,0.0000000000000000E+00,
   3.5305725243424335E-01));
#11040=VECTOR('',#11030,1.0000000000000000E+00);
#11050=LINE('',#11020,#11040);
#11060=CARTESIAN_POINT('',(-3.9359231886085752E+01,
   2.0708852824316118E+01,1.1669425773127374E+01));
#11070=VERTEX_POINT('',#11060);
#11080=EDGE_CURVE('',#11070,#10990,#11050,.T.);
#11090=ORIENTED_EDGE('',*,*,#11080,.T.);
#11100=CARTESIAN_POINT('',(-3.9359231886085752E+01,
   2.0708852824316118E+01,1.0000000000000004E+01));
#11110=DIRECTION('',(0.0000000000000000E+00,0.0000000000000000E+00,
   -1.0000000000000000E+00));
#11120=VECTOR('',#11110,1.0000000000000000E+00);
#11130=LINE('',#11100,#11120);
#11140=EDGE_CURVE('',#11070,#10910,#11130,.T.);
#11150=ORIENTED_EDGE('',*,*,#11140,.F.);
#11160=EDGE_LOOP('',(#11150,#11090,#11010,#10930));
#11170=FACE_OUTER_BOUND('',#11160,.T.);
#11180=ADVANCED_FACE('',(#11170),#10830,.F.);
#11190=COLOUR_RGB('',5.0196081399917603E-01,1.0000000000000000E+00,
   5.0196081399917603E-01);
#11200=FILL_AREA_STYLE_COLOUR('',#11190);
#11210=FILL_AREA_STYLE('',(#11200));
#11220=SURFACE_STYLE_FILL_AREA(#11210);
#11230=SURFACE_SIDE_STYLE('',(#11220));
#11240=SURFACE_STYLE_USAGE(.BOTH.,#11230);
#11250=PRESENTATION_STYLE_ASSIGNMENT((#11240));
#11260=CARTESIAN_POINT('',(-3.9359231886085752E+01,
   2.0708852824316118E+01,0.0000000000000000E+00));
#11270=DIRECTION('',(-0.0000000000000000E+00,1.0000000000000000E+00,
   0.0000000000000000E+00));
#11280=DIRECTION('',(1.0000000000000000E+00,0.0000000000000000E+00,
   0.0000000000000000E+00));
#11290=AXIS2_PLACEMENT_3D('',#11260,#11270,#11280);
#11300=PLANE('',#11290);
#11310=CARTESIAN_POINT('',(0.0000000000000000E+00,2.0708852824316118E+01
   ,-1.3183114561244658E+01));
#11320=DIRECTION('',(-9.3560171895074196E-01,0.0000000000000000E+00,
   3.5305725243424335E-01));
#11330=VECTOR('',#11320,1.0000000000000000E+00);
#11340=LINE('',#11310,#11330);
#11350=CARTESIAN_POINT('',(-3.9904003587298213E+01,
   2.0708852824316118E+01,1.8749999999999982E+00));
#11360=VERTEX_POINT('',#11350);
#11370=EDGE_CURVE('',#10530,#11360,#11340,.T.);
#11380=ORIENTED_EDGE('',*,*,#11370,.T.);
#11390=ORIENTED_EDGE('',*,*,#10670,.F.);
#11400=ORIENTED_EDGE('',*,*,#7140,.T.);
#11410=CARTESIAN_POINT('',(-3.9904003587298213E+01,
   2.0708852824316118E+01,0.0000000000000000E+00));
#11420=DIRECTION('',(0.0000000000000000E+00,0.0000000000000000E+00,
   1.0000000000000000E+00));
#11430=VECTOR('',#11420,1.0000000000000000E+00);
#11440=LINE('',#11410,#11430);
#11450=EDGE_CURVE('',#7110,#11360,#11440,.T.);
#11460=ORIENTED_EDGE('',*,*,#11450,.F.);
#11470=EDGE_LOOP('',(#11460,#11400,#11390,#11380));
#11480=FACE_OUTER_BOUND('',#11470,.T.);
#11490=ADVANCED_FACE('',(#11480),#11300,.F.);
#11500=COLOUR_RGB('',5.0196081399917603E-01,1.0000000000000000E+00,
   5.0196081399917603E-01);
#11510=FILL_AREA_STYLE_COLOUR('',#11500);
#11520=FILL_AREA_STYLE('',(#11510));
#11530=SURFACE_STYLE_FILL_AREA(#11520);
#11540=SURFACE_SIDE_STYLE('',(#11530));
#11550=SURFACE_STYLE_USAGE(.BOTH.,#11540);
#11560=PRESENTATION_STYLE_ASSIGNMENT((#11550));
#11570=CARTESIAN_POINT('',(-3.6122820727760129E+01,
   1.5008852824316122E+01,-5.6707598847310283E+00));
#11580=DIRECTION('',(0.0000000000000000E+00,-1.0000000000000000E+00,
   0.0000000000000000E+00));
#11590=DIRECTION('',(1.0000000000000000E+00,0.0000000000000000E+00,
   0.0000000000000000E+00));
#11600=AXIS2_PLACEMENT_3D('',#11570,#11580,#11590);
#11610=PLANE('',#11600);
#11620=CARTESIAN_POINT('',(-8.8925674828030196E+01,
   1.5008852824316122E+01,-5.0000000000000000E+00));
#11630=DIRECTION('',(-1.0000000000000000E+00,-0.0000000000000000E+00,
   0.0000000000000000E+00));
#11640=VECTOR('',#11630,1.0000000000000000E+00);
#11650=LINE('',#11620,#11640);
#11660=CARTESIAN_POINT('',(-3.6104003587298216E+01,
   1.5008852824316122E+01,-5.0000000000000000E+00));
#11670=VERTEX_POINT('',#11660);
#11680=CARTESIAN_POINT('',(-3.6504003587298214E+01,
   1.5008852824316122E+01,-5.0000000000000000E+00));
#11690=VERTEX_POINT('',#11680);
#11700=EDGE_CURVE('',#11670,#11690,#11650,.T.);
#11710=ORIENTED_EDGE('',*,*,#11700,.T.);
#11720=CARTESIAN_POINT('',(-3.6104003587298216E+01,
   1.5008852824316122E+01,0.0000000000000000E+00));
#11730=DIRECTION('',(0.0000000000000000E+00,0.0000000000000000E+00,
   -1.0000000000000000E+00));
#11740=VECTOR('',#11730,1.0000000000000000E+00);
#11750=LINE('',#11720,#11740);
#11760=CARTESIAN_POINT('',(-3.6104003587298216E+01,
   1.5008852824316122E+01,-5.5000000000000000E+00));
#11770=VERTEX_POINT('',#11760);
#11780=EDGE_CURVE('',#11670,#11770,#11750,.T.);
#11790=ORIENTED_EDGE('',*,*,#11780,.F.);
#11800=CARTESIAN_POINT('',(-8.8925674828030196E+01,
   1.5008852824316122E+01,-5.5000000000000000E+00));
#11810=DIRECTION('',(1.0000000000000000E+00,0.0000000000000000E+00,
   0.0000000000000000E+00));
#11820=VECTOR('',#11810,1.0000000000000000E+00);
#11830=LINE('',#11800,#11820);
#11840=CARTESIAN_POINT('',(-3.5604003587298216E+01,
   1.5008852824316122E+01,-5.5000000000000000E+00));
#11850=VERTEX_POINT('',#11840);
#11860=EDGE_CURVE('',#11770,#11850,#11830,.T.);
#11870=ORIENTED_EDGE('',*,*,#11860,.F.);
#11880=CARTESIAN_POINT('',(-3.5604003587298216E+01,
   1.5008852824316122E+01,0.0000000000000000E+00));
#11890=DIRECTION('',(0.0000000000000000E+00,0.0000000000000000E+00,
   1.0000000000000000E+00));
#11900=VECTOR('',#11890,1.0000000000000000E+00);
#11910=LINE('',#11880,#11900);
#11920=CARTESIAN_POINT('',(-3.5604003587298216E+01,
   1.5008852824316122E+01,-5.0000000000000000E+00));
#11930=VERTEX_POINT('',#11920);
#11940=EDGE_CURVE('',#11850,#11930,#11910,.T.);
#11950=ORIENTED_EDGE('',*,*,#11940,.F.);
#11960=CARTESIAN_POINT('',(-3.5204003587298217E+01,
   1.5008852824316122E+01,-5.0000000000000000E+00));
#11970=VERTEX_POINT('',#11960);
#11980=EDGE_CURVE('',#11970,#11930,#11650,.T.);
#11990=ORIENTED_EDGE('',*,*,#11980,.T.);
#12000=CARTESIAN_POINT('',(-3.5854003587298216E+01,
   1.5008852824316122E+01,-5.0000000000000000E+00));
#12010=DIRECTION('',(0.0000000000000000E+00,-1.0000000000000000E+00,
   0.0000000000000000E+00));
#12020=DIRECTION('',(1.0000000000000000E+00,0.0000000000000000E+00,
   0.0000000000000000E+00));
#12030=AXIS2_PLACEMENT_3D('',#12000,#12010,#12020);
#12040=CIRCLE('',#12030,6.5000000000000002E-01);
#12050=EDGE_CURVE('',#11690,#11970,#12040,.T.);
#12060=ORIENTED_EDGE('',*,*,#12050,.T.);
#12070=EDGE_LOOP('',(#12060,#11990,#11950,#11870,#11790,#11710));
#12080=FACE_OUTER_BOUND('',#12070,.T.);
#12090=ADVANCED_FACE('',(#12080),#11610,.T.);
#12100=COLOUR_RGB('',9.4901967048645020E-01,9.4901967048645020E-01,
   1.0000000000000000E+00);
#12110=FILL_AREA_STYLE_COLOUR('',#12100);
#12120=FILL_AREA_STYLE('',(#12110));
#12130=SURFACE_STYLE_FILL_AREA(#12120);
#12140=SURFACE_SIDE_STYLE('',(#12130));
#12150=SURFACE_STYLE_USAGE(.BOTH.,#12140);
#12160=PRESENTATION_STYLE_ASSIGNMENT((#12150));
#12170=CARTESIAN_POINT('',(-3.5829003587298203E+01,
   2.4538852824316116E+01,0.0000000000000000E+00));
#12180=DIRECTION('',(0.0000000000000000E+00,1.0000000000000000E+00,
   0.0000000000000000E+00));
#12190=DIRECTION('',(-1.0000000000000000E+00,0.0000000000000000E+00,
   0.0000000000000000E+00));
#12200=AXIS2_PLACEMENT_3D('',#12170,#12180,#12190);
#12210=CIRCLE('',#12200,1.8999999999999999E+00);
#12220=CARTESIAN_POINT('',(-3.7397002225337957E+01,
   2.4538852824316116E+01,-1.0730238912090808E+00));
#12230=VERTEX_POINT('',#12220);
#12240=CARTESIAN_POINT('',(-3.7729003587298202E+01,
   2.4538852824316116E+01,0.0000000000000000E+00));
#12250=VERTEX_POINT('',#12240);
#12260=EDGE_CURVE('',#12230,#12250,#12210,.T.);
#12270=ORIENTED_EDGE('',*,*,#12260,.T.);
#12280=EDGE_CURVE('',#3760,#12230,#3720,.T.);
#12290=ORIENTED_EDGE('',*,*,#12280,.T.);
#12300=CARTESIAN_POINT('',(-3.5854003587298216E+01,
   2.4538852824316116E+01,0.0000000000000000E+00));
#12310=DIRECTION('',(0.0000000000000000E+00,-1.0000000000000000E+00,
   0.0000000000000000E+00));
#12320=DIRECTION('',(1.0000000000000000E+00,0.0000000000000000E+00,
   0.0000000000000000E+00));
#12330=AXIS2_PLACEMENT_3D('',#12300,#12310,#12320);
#12340=CIRCLE('',#12330,6.5000000000000002E-01);
#12350=CARTESIAN_POINT('',(-3.6504003587298214E+01,
   2.4538852824316116E+01,0.0000000000000000E+00));
#12360=VERTEX_POINT('',#12350);
#12370=EDGE_CURVE('',#12360,#3760,#12340,.T.);
#12380=ORIENTED_EDGE('',*,*,#12370,.T.);
#12390=CARTESIAN_POINT('',(-3.5854003587298216E+01,
   2.4538852824316116E+01,0.0000000000000000E+00));
#12400=DIRECTION('',(0.0000000000000000E+00,-1.0000000000000000E+00,
   0.0000000000000000E+00));
#12410=DIRECTION('',(1.0000000000000000E+00,0.0000000000000000E+00,
   0.0000000000000000E+00));
#12420=AXIS2_PLACEMENT_3D('',#12390,#12400,#12410);
#12430=CIRCLE('',#12420,6.5000000000000002E-01);
#12440=CARTESIAN_POINT('',(-3.5693983448967970E+01,
   2.4538852824316116E+01,6.2999488516079971E-01));
#12450=VERTEX_POINT('',#12440);
#12460=EDGE_CURVE('',#12450,#12360,#12430,.T.);
#12470=ORIENTED_EDGE('',*,*,#12460,.T.);
#12480=CARTESIAN_POINT('',(-8.8925674828030196E+01,
   2.4538852824316116E+01,-5.2601696493901422E+01));
#12490=DIRECTION('',(-7.0710678118654757E-01,0.0000000000000000E+00,
   -7.0710678118654746E-01));
#12500=VECTOR('',#12490,1.0000000000000000E+00);
#12510=LINE('',#12480,#12500);
#12520=CARTESIAN_POINT('',(-3.4755979696089121E+01,
   2.4538852824316116E+01,1.5679986380397528E+00));
#12530=VERTEX_POINT('',#12520);
#12540=EDGE_CURVE('',#12530,#12450,#12510,.T.);
#12550=ORIENTED_EDGE('',*,*,#12540,.T.);
#12560=EDGE_CURVE('',#12250,#12530,#12210,.T.);
#12570=ORIENTED_EDGE('',*,*,#12560,.T.);
#12580=EDGE_LOOP('',(#12570,#12550,#12470,#12380,#12290,#12270));
#12590=FACE_OUTER_BOUND('',#12580,.T.);
#12600=ADVANCED_FACE('',(#12590),#8390,.T.);
#12610=COLOUR_RGB('',9.4901967048645020E-01,9.4901967048645020E-01,
   1.0000000000000000E+00);
#12620=FILL_AREA_STYLE_COLOUR('',#12610);
#12630=FILL_AREA_STYLE('',(#12620));
#12640=SURFACE_STYLE_FILL_AREA(#12630);
#12650=SURFACE_SIDE_STYLE('',(#12640));
#12660=SURFACE_STYLE_USAGE(.BOTH.,#12650);
#12670=PRESENTATION_STYLE_ASSIGNMENT((#12660));
#12680=CARTESIAN_POINT('',(-3.9904003587298213E+01,
   1.6351077836188246E+01,-5.0000000000000000E+00));
#12690=DIRECTION('',(5.7357643635104816E-01,-8.1915204428899036E-01,
   0.0000000000000000E+00));
#12700=DIRECTION('',(-8.1915204428899036E-01,-5.7357643635104816E-01,
   0.0000000000000000E+00));
#12710=AXIS2_PLACEMENT_3D('',#12680,#12690,#12700);
#12720=PLANE('',#12710);
#12730=CARTESIAN_POINT('',(0.0000000000000000E+00,4.4292161952761923E+01
   ,-1.8183114561244658E+01));
#12740=DIRECTION('',(7.8261493238007862E-01,5.4799287516801631E-01,
   -2.9532638957738910E-01));
#12750=VECTOR('',#12740,1.0000000000000000E+00);
#12760=LINE('',#12730,#12750);
#12770=CARTESIAN_POINT('',(-3.9904003587298213E+01,
   1.6351077836188253E+01,-3.1250000000000027E+00));
#12780=VERTEX_POINT('',#12770);
#12790=CARTESIAN_POINT('',(-3.8579003587298210E+01,
   1.7278852824316125E+01,-3.6250000000000000E+00));
#12800=VERTEX_POINT('',#12790);
#12810=EDGE_CURVE('',#12780,#12800,#12760,.T.);
#12820=ORIENTED_EDGE('',*,*,#12810,.T.);
#12830=CARTESIAN_POINT('',(-3.9904003587298213E+01,
   1.6351077836188253E+01,0.0000000000000000E+00));
#12840=DIRECTION('',(0.0000000000000000E+00,0.0000000000000000E+00,
   1.0000000000000000E+00));
#12850=VECTOR('',#12840,1.0000000000000000E+00);
#12860=LINE('',#12830,#12850);
#12870=EDGE_CURVE('',#6820,#12780,#12860,.T.);
#12880=ORIENTED_EDGE('',*,*,#12870,.T.);
#12890=ORIENTED_EDGE('',*,*,#6830,.T.);
#12900=CARTESIAN_POINT('',(-3.8579003587298210E+01,
   1.7278852824316125E+01,-5.0000000000000000E+00));
#12910=DIRECTION('',(0.0000000000000000E+00,0.0000000000000000E+00,
   1.0000000000000000E+00));
#12920=VECTOR('',#12910,1.0000000000000000E+00);
#12930=LINE('',#12900,#12920);
#12940=EDGE_CURVE('',#6740,#12800,#12930,.T.);
#12950=ORIENTED_EDGE('',*,*,#12940,.F.);
#12960=EDGE_LOOP('',(#12950,#12890,#12880,#12820));
#12970=FACE_OUTER_BOUND('',#12960,.T.);
#12980=ADVANCED_FACE('',(#12970),#12720,.F.);
#12990=COLOUR_RGB('',5.0196081399917603E-01,1.0000000000000000E+00,
   5.0196081399917603E-01);
#13000=FILL_AREA_STYLE_COLOUR('',#12990);
#13010=FILL_AREA_STYLE('',(#13000));
#13020=SURFACE_STYLE_FILL_AREA(#13010);
#13030=SURFACE_SIDE_STYLE('',(#13020));
#13040=SURFACE_STYLE_USAGE(.BOTH.,#13030);
#13050=PRESENTATION_STYLE_ASSIGNMENT((#13040));
#13060=CARTESIAN_POINT('',(-3.6323978334128768E+01,
   2.4538852824316116E+01,-5.0000000000000000E+00));
#13070=VERTEX_POINT('',#13060);
#13080=EDGE_CURVE('',#13070,#940,#920,.T.);
#13090=ORIENTED_EDGE('',*,*,#13080,.F.);
#13100=ORIENTED_EDGE('',*,*,#1100,.F.);
#13110=CARTESIAN_POINT('',(-3.6323978334128768E+01,
   2.3538852824316109E+01,-5.0000000000000000E+00));
#13120=VERTEX_POINT('',#13110);
#13130=EDGE_CURVE('',#13120,#1030,#1010,.T.);
#13140=ORIENTED_EDGE('',*,*,#13130,.T.);
#13150=CARTESIAN_POINT('',(-3.6323978334128768E+01,
   -2.6716239164827719E+01,-5.0000000000000000E+00));
#13160=DIRECTION('',(0.0000000000000000E+00,-1.0000000000000000E+00,
   0.0000000000000000E+00));
#13170=VECTOR('',#13160,1.0000000000000000E+00);
#13180=LINE('',#13150,#13170);
#13190=EDGE_CURVE('',#13070,#13120,#13180,.T.);
#13200=ORIENTED_EDGE('',*,*,#13190,.T.);
#13210=EDGE_LOOP('',(#13200,#13140,#13100,#13090));
#13220=FACE_OUTER_BOUND('',#13210,.T.);
#13230=ADVANCED_FACE('',(#13220),#880,.T.);
#13240=COLOUR_RGB('',9.4901967048645020E-01,9.4901967048645020E-01,
   1.0000000000000000E+00);
#13250=FILL_AREA_STYLE_COLOUR('',#13240);
#13260=FILL_AREA_STYLE('',(#13250));
#13270=SURFACE_STYLE_FILL_AREA(#13260);
#13280=SURFACE_SIDE_STYLE('',(#13270));
#13290=SURFACE_STYLE_USAGE(.BOTH.,#13280);
#13300=PRESENTATION_STYLE_ASSIGNMENT((#13290));
#13310=CARTESIAN_POINT('',(-3.9904003587298213E+01,
   1.6351077836188246E+01,0.0000000000000000E+00));
#13320=DIRECTION('',(5.7357643635104816E-01,-8.1915204428899036E-01,
   0.0000000000000000E+00));
#13330=DIRECTION('',(-8.1915204428899036E-01,-5.7357643635104816E-01,
   0.0000000000000000E+00));
#13340=AXIS2_PLACEMENT_3D('',#13310,#13320,#13330);
#13350=PLANE('',#13340);
#13360=CARTESIAN_POINT('',(0.0000000000000000E+00,4.4292161952761923E+01
   ,-1.3183114561244658E+01));
#13370=DIRECTION('',(7.8261493238007862E-01,5.4799287516801631E-01,
   -2.9532638957738910E-01));
#13380=VECTOR('',#13370,1.0000000000000000E+00);
#13390=LINE('',#13360,#13380);
#13400=CARTESIAN_POINT('',(-3.9904003587298213E+01,
   1.6351077836188253E+01,1.8749999999999973E+00));
#13410=VERTEX_POINT('',#13400);
#13420=CARTESIAN_POINT('',(-3.8579003587298210E+01,
   1.7278852824316125E+01,1.3750000000000000E+00));
#13430=VERTEX_POINT('',#13420);
#13440=EDGE_CURVE('',#13410,#13430,#13390,.T.);
#13450=ORIENTED_EDGE('',*,*,#13440,.T.);
#13460=CARTESIAN_POINT('',(-3.9904003587298213E+01,
   1.6351077836188253E+01,0.0000000000000000E+00));
#13470=DIRECTION('',(0.0000000000000000E+00,0.0000000000000000E+00,
   -1.0000000000000000E+00));
#13480=VECTOR('',#13470,1.0000000000000000E+00);
#13490=LINE('',#13460,#13480);
#13500=EDGE_CURVE('',#13410,#7370,#13490,.T.);
#13510=ORIENTED_EDGE('',*,*,#13500,.F.);
#13520=ORIENTED_EDGE('',*,*,#7380,.T.);
#13530=CARTESIAN_POINT('',(-3.8579003587298210E+01,
   1.7278852824316125E+01,0.0000000000000000E+00));
#13540=DIRECTION('',(0.0000000000000000E+00,0.0000000000000000E+00,
   1.0000000000000000E+00));
#13550=VECTOR('',#13540,1.0000000000000000E+00);
#13560=LINE('',#13530,#13550);
#13570=EDGE_CURVE('',#3050,#13430,#13560,.T.);
#13580=ORIENTED_EDGE('',*,*,#13570,.F.);
#13590=EDGE_LOOP('',(#13580,#13520,#13510,#13450));
#13600=FACE_OUTER_BOUND('',#13590,.T.);
#13610=ADVANCED_FACE('',(#13600),#13350,.F.);
#13620=COLOUR_RGB('',5.0196081399917603E-01,1.0000000000000000E+00,
   5.0196081399917603E-01);
#13630=FILL_AREA_STYLE_COLOUR('',#13620);
#13640=FILL_AREA_STYLE('',(#13630));
#13650=SURFACE_STYLE_FILL_AREA(#13640);
#13660=SURFACE_SIDE_STYLE('',(#13650));
#13670=SURFACE_STYLE_USAGE(.BOTH.,#13660);
#13680=PRESENTATION_STYLE_ASSIGNMENT((#13670));
#13690=CARTESIAN_POINT('',(-3.8194003587298212E+01,
   1.9228852824316121E+01,0.0000000000000000E+00));
#13700=DIRECTION('',(-0.0000000000000000E+00,1.0000000000000000E+00,
   0.0000000000000000E+00));
#13710=DIRECTION('',(1.0000000000000000E+00,0.0000000000000000E+00,
   0.0000000000000000E+00));
#13720=AXIS2_PLACEMENT_3D('',#13690,#13700,#13710);
#13730=PLANE('',#13720);
#13740=CARTESIAN_POINT('',(0.0000000000000000E+00,1.9228852824316121E+01
   ,1.3749999999999982E+00));
#13750=DIRECTION('',(1.0000000000000000E+00,0.0000000000000000E+00,
   0.0000000000000000E+00));
#13760=VECTOR('',#13750,1.0000000000000000E+00);
#13770=LINE('',#13740,#13760);
#13780=CARTESIAN_POINT('',(-3.8579003587298203E+01,
   1.9228852824316114E+01,1.3750000000000000E+00));
#13790=VERTEX_POINT('',#13780);
#13800=EDGE_CURVE('',#13790,#5010,#13770,.T.);
#13810=ORIENTED_EDGE('',*,*,#13800,.F.);
#13820=ORIENTED_EDGE('',*,*,#5170,.F.);
#13830=ORIENTED_EDGE('',*,*,#2900,.F.);
#13840=CARTESIAN_POINT('',(-3.8579003587298203E+01,
   1.9228852824316114E+01,0.0000000000000000E+00));
#13850=DIRECTION('',(0.0000000000000000E+00,0.0000000000000000E+00,
   -1.0000000000000000E+00));
#13860=VECTOR('',#13850,1.0000000000000000E+00);
#13870=LINE('',#13840,#13860);
#13880=EDGE_CURVE('',#13790,#2890,#13870,.T.);
#13890=ORIENTED_EDGE('',*,*,#13880,.T.);
#13900=EDGE_LOOP('',(#13890,#13830,#13820,#13810));
#13910=FACE_OUTER_BOUND('',#13900,.T.);
#13920=ADVANCED_FACE('',(#13910),#13730,.F.);
#13930=COLOUR_RGB('',5.0196081399917603E-01,1.0000000000000000E+00,
   5.0196081399917603E-01);
#13940=FILL_AREA_STYLE_COLOUR('',#13930);
#13950=FILL_AREA_STYLE('',(#13940));
#13960=SURFACE_STYLE_FILL_AREA(#13950);
#13970=SURFACE_SIDE_STYLE('',(#13960));
#13980=SURFACE_STYLE_USAGE(.BOTH.,#13970);
#13990=PRESENTATION_STYLE_ASSIGNMENT((#13980));
#14000=CARTESIAN_POINT('',(-3.8579003587298210E+01,
   1.9228852824316121E+01,0.0000000000000000E+00));
#14010=DIRECTION('',(9.6592582628906809E-01,2.5881904510252152E-01,
   0.0000000000000000E+00));
#14020=DIRECTION('',(2.5881904510252152E-01,-9.6592582628906809E-01,
   0.0000000000000000E+00));
#14030=AXIS2_PLACEMENT_3D('',#14000,#14010,#14020);
#14040=PLANE('',#14030);
#14050=CARTESIAN_POINT('',(-3.3426648001645773E+01,
   0.0000000000000000E+00,-5.6928512666130526E-01));
#14060=DIRECTION('',(-2.5759337550319977E-01,9.6135156507110675E-01,
   9.7205047359698329E-02));
#14070=VECTOR('',#14060,1.0000000000000000E+00);
#14080=LINE('',#14050,#14070);
#14090=EDGE_CURVE('',#13790,#10510,#14080,.T.);
#14100=ORIENTED_EDGE('',*,*,#14090,.T.);
#14110=ORIENTED_EDGE('',*,*,#13880,.F.);
#14120=ORIENTED_EDGE('',*,*,#7290,.F.);
#14130=ORIENTED_EDGE('',*,*,#10600,.F.);
#14140=EDGE_LOOP('',(#14130,#14120,#14110,#14100));
#14150=FACE_OUTER_BOUND('',#14140,.T.);
#14160=ADVANCED_FACE('',(#14150),#14040,.F.);
#14170=COLOUR_RGB('',5.0196081399917603E-01,1.0000000000000000E+00,
   5.0196081399917603E-01);
#14180=FILL_AREA_STYLE_COLOUR('',#14170);
#14190=FILL_AREA_STYLE('',(#14180));
#14200=SURFACE_STYLE_FILL_AREA(#14190);
#14210=SURFACE_SIDE_STYLE('',(#14200));
#14220=SURFACE_STYLE_USAGE(.BOTH.,#14210);
#14230=PRESENTATION_STYLE_ASSIGNMENT((#14220));
#14240=CARTESIAN_POINT('',(-3.8194003587298212E+01,
   1.7278852824316125E+01,0.0000000000000000E+00));
#14250=DIRECTION('',(-0.0000000000000000E+00,-1.0000000000000000E+00,
   -0.0000000000000000E+00));
#14260=DIRECTION('',(-1.0000000000000000E+00,0.0000000000000000E+00,
   0.0000000000000000E+00));
#14270=AXIS2_PLACEMENT_3D('',#14240,#14250,#14260);
#14280=PLANE('',#14270);
#14290=CARTESIAN_POINT('',(0.0000000000000000E+00,1.7278852824316125E+01
   ,1.3749999999999982E+00));
#14300=DIRECTION('',(-1.0000000000000000E+00,0.0000000000000000E+00,
   0.0000000000000000E+00));
#14310=VECTOR('',#14300,1.0000000000000000E+00);
#14320=LINE('',#14290,#14310);
#14330=EDGE_CURVE('',#5030,#13430,#14320,.T.);
#14340=ORIENTED_EDGE('',*,*,#14330,.F.);
#14350=ORIENTED_EDGE('',*,*,#13570,.T.);
#14360=ORIENTED_EDGE('',*,*,#3060,.F.);
#14370=ORIENTED_EDGE('',*,*,#5100,.F.);
#14380=EDGE_LOOP('',(#14370,#14360,#14350,#14340));
#14390=FACE_OUTER_BOUND('',#14380,.T.);
#14400=ADVANCED_FACE('',(#14390),#14280,.F.);
#14410=COLOUR_RGB('',5.0196081399917603E-01,1.0000000000000000E+00,
   5.0196081399917603E-01);
#14420=FILL_AREA_STYLE_COLOUR('',#14410);
#14430=FILL_AREA_STYLE('',(#14420));
#14440=SURFACE_STYLE_FILL_AREA(#14430);
#14450=SURFACE_SIDE_STYLE('',(#14440));
#14460=SURFACE_STYLE_USAGE(.BOTH.,#14450);
#14470=PRESENTATION_STYLE_ASSIGNMENT((#14460));
#14480=CARTESIAN_POINT('',(-3.5854003587298216E+01,
   1.2508852824316122E+01,-5.3660254037844393E+00));
#14490=DIRECTION('',(0.0000000000000000E+00,-2.5881904510252046E-01,
   -9.6592582628906842E-01));
#14500=DIRECTION('',(0.0000000000000000E+00,9.6592582628906842E-01,
   -2.5881904510252046E-01));
#14510=AXIS2_PLACEMENT_3D('',#14480,#14490,#14500);
#14520=PLANE('',#14510);
#14530=CARTESIAN_POINT('',(-3.5604003587298216E+01,
   -2.6716239164827719E+01,5.1443063177431405E+00));
#14540=DIRECTION('',(0.0000000000000000E+00,-9.6592582628906842E-01,
   2.5881904510252046E-01));
#14550=VECTOR('',#14540,1.0000000000000000E+00);
#14560=LINE('',#14530,#14550);
#14570=CARTESIAN_POINT('',(-3.5604003587298216E+01,
   1.3008852824316122E+01,-5.5000000000000000E+00));
#14580=VERTEX_POINT('',#14570);
#14590=CARTESIAN_POINT('',(-3.5604003587298216E+01,
   1.2008852824316129E+01,-5.2320508075688785E+00));
#14600=VERTEX_POINT('',#14590);
#14610=EDGE_CURVE('',#14580,#14600,#14560,.T.);
#14620=ORIENTED_EDGE('',*,*,#14610,.T.);
#14630=CARTESIAN_POINT('',(-8.8925674828030196E+01,
   1.3008852824316122E+01,-5.5000000000000000E+00));
#14640=DIRECTION('',(1.0000000000000000E+00,0.0000000000000000E+00,
   0.0000000000000000E+00));
#14650=VECTOR('',#14640,1.0000000000000000E+00);
#14660=LINE('',#14630,#14650);
#14670=CARTESIAN_POINT('',(-3.6104003587298216E+01,
   1.3008852824316122E+01,-5.5000000000000000E+00));
#14680=VERTEX_POINT('',#14670);
#14690=EDGE_CURVE('',#14680,#14580,#14660,.T.);
#14700=ORIENTED_EDGE('',*,*,#14690,.T.);
#14710=CARTESIAN_POINT('',(-3.6104003587298216E+01,
   -2.6716239164827719E+01,5.1443063177431405E+00));
#14720=DIRECTION('',(0.0000000000000000E+00,9.6592582628906842E-01,
   -2.5881904510252046E-01));
#14730=VECTOR('',#14720,1.0000000000000000E+00);
#14740=LINE('',#14710,#14730);
#14750=CARTESIAN_POINT('',(-3.6104003587298216E+01,
   1.2008852824316129E+01,-5.2320508075688785E+00));
#14760=VERTEX_POINT('',#14750);
#14770=EDGE_CURVE('',#14760,#14680,#14740,.T.);
#14780=ORIENTED_EDGE('',*,*,#14770,.T.);
#14790=CARTESIAN_POINT('',(-8.8925674828030196E+01,
   1.2008852824316122E+01,-5.2320508075688785E+00));
#14800=DIRECTION('',(-1.0000000000000000E+00,0.0000000000000000E+00,
   0.0000000000000000E+00));
#14810=VECTOR('',#14800,1.0000000000000000E+00);
#14820=LINE('',#14790,#14810);
#14830=EDGE_CURVE('',#14600,#14760,#14820,.T.);
#14840=ORIENTED_EDGE('',*,*,#14830,.T.);
#14850=EDGE_LOOP('',(#14840,#14780,#14700,#14620));
#14860=FACE_OUTER_BOUND('',#14850,.T.);
#14870=ADVANCED_FACE('',(#14860),#14520,.T.);
#14880=COLOUR_RGB('',9.4901967048645020E-01,9.4901967048645020E-01,
   1.0000000000000000E+00);
#14890=FILL_AREA_STYLE_COLOUR('',#14880);
#14900=FILL_AREA_STYLE('',(#14890));
#14910=SURFACE_STYLE_FILL_AREA(#14900);
#14920=SURFACE_SIDE_STYLE('',(#14910));
#14930=SURFACE_STYLE_USAGE(.BOTH.,#14920);
#14940=PRESENTATION_STYLE_ASSIGNMENT((#14930));
#14950=CARTESIAN_POINT('',(-3.8767003587298184E+01,
   1.5508852824316122E+01,-7.6286906999066870E+00));
#14960=DIRECTION('',(1.0000000000000000E+00,0.0000000000000000E+00,
   -3.7959085713985267E-14));
#14970=DIRECTION('',(-3.7959085713985267E-14,0.0000000000000000E+00,
   -1.0000000000000000E+00));
#14980=AXIS2_PLACEMENT_3D('',#14950,#14960,#14970);
#14990=PLANE('',#14980);
#15000=ORIENTED_EDGE('',*,*,#9760,.T.);
#15010=CARTESIAN_POINT('',(-3.8767003587298184E+01,
   2.0008852824316122E+01,-7.5000000000000000E+00));
#15020=DIRECTION('',(-3.7959085713985267E-14,0.0000000000000000E+00,
   -1.0000000000000000E+00));
#15030=VECTOR('',#15020,1.0000000000000000E+00);
#15040=LINE('',#15010,#15030);
#15050=CARTESIAN_POINT('',(-3.8767003587298184E+01,
   2.0008852824316122E+01,-7.6286906999066870E+00));
#15060=VERTEX_POINT('',#15050);
#15070=EDGE_CURVE('',#9670,#15060,#15040,.T.);
#15080=ORIENTED_EDGE('',*,*,#15070,.F.);
#15090=CARTESIAN_POINT('',(-3.8767003587298184E+01,
   1.5508852824316122E+01,-7.6286906999066870E+00));
#15100=DIRECTION('',(0.0000000000000000E+00,1.0000000000000000E+00,
   0.0000000000000000E+00));
#15110=VECTOR('',#15100,1.0000000000000000E+00);
#15120=LINE('',#15090,#15110);
#15130=CARTESIAN_POINT('',(-3.8767003587298184E+01,
   1.5508852824316122E+01,-7.6286906999066870E+00));
#15140=VERTEX_POINT('',#15130);
#15150=EDGE_CURVE('',#15140,#15060,#15120,.T.);
#15160=ORIENTED_EDGE('',*,*,#15150,.T.);
#15170=CARTESIAN_POINT('',(-3.8767003587298184E+01,
   1.5508852824316122E+01,-7.5000000000000000E+00));
#15180=DIRECTION('',(-3.7959085713985267E-14,0.0000000000000000E+00,
   -1.0000000000000000E+00));
#15190=VECTOR('',#15180,1.0000000000000000E+00);
#15200=LINE('',#15170,#15190);
#15210=EDGE_CURVE('',#9750,#15140,#15200,.T.);
#15220=ORIENTED_EDGE('',*,*,#15210,.T.);
#15230=EDGE_LOOP('',(#15220,#15160,#15080,#15000));
#15240=FACE_OUTER_BOUND('',#15230,.T.);
#15250=ADVANCED_FACE('',(#15240),#14990,.T.);
#15260=COLOUR_RGB('',5.0196081399917603E-01,1.0000000000000000E+00,
   5.0196081399917603E-01);
#15270=FILL_AREA_STYLE_COLOUR('',#15260);
#15280=FILL_AREA_STYLE('',(#15270));
#15290=SURFACE_STYLE_FILL_AREA(#15280);
#15300=SURFACE_SIDE_STYLE('',(#15290));
#15310=SURFACE_STYLE_USAGE(.BOTH.,#15300);
#15320=PRESENTATION_STYLE_ASSIGNMENT((#15310));
#15330=CARTESIAN_POINT('',(-3.9181003587298207E+01,
   1.5508852824316122E+01,-7.5000000000000000E+00));
#15340=DIRECTION('',(-1.0000000000000000E+00,0.0000000000000000E+00,
   0.0000000000000000E+00));
#15350=DIRECTION('',(0.0000000000000000E+00,0.0000000000000000E+00,
   1.0000000000000000E+00));
#15360=AXIS2_PLACEMENT_3D('',#15330,#15340,#15350);
#15370=PLANE('',#15360);
#15380=CARTESIAN_POINT('',(-3.9181003587298207E+01,
   1.5508852824316122E+01,-7.6286906999066906E+00));
#15390=DIRECTION('',(0.0000000000000000E+00,1.0000000000000000E+00,
   0.0000000000000000E+00));
#15400=VECTOR('',#15390,1.0000000000000000E+00);
#15410=LINE('',#15380,#15400);
#15420=CARTESIAN_POINT('',(-3.9181003587298207E+01,
   1.5508852824316122E+01,-7.6286906999066906E+00));
#15430=VERTEX_POINT('',#15420);
#15440=CARTESIAN_POINT('',(-3.9181003587298207E+01,
   2.0008852824316122E+01,-7.6286906999066906E+00));
#15450=VERTEX_POINT('',#15440);
#15460=EDGE_CURVE('',#15430,#15450,#15410,.T.);
#15470=ORIENTED_EDGE('',*,*,#15460,.F.);
#15480=CARTESIAN_POINT('',(-3.9181003587298207E+01,
   2.0008852824316122E+01,-7.6286906999066906E+00));
#15490=DIRECTION('',(0.0000000000000000E+00,0.0000000000000000E+00,
   1.0000000000000000E+00));
#15500=VECTOR('',#15490,1.0000000000000000E+00);
#15510=LINE('',#15480,#15500);
#15520=EDGE_CURVE('',#15450,#9590,#15510,.T.);
#15530=ORIENTED_EDGE('',*,*,#15520,.F.);
#15540=ORIENTED_EDGE('',*,*,#9600,.T.);
#15550=CARTESIAN_POINT('',(-3.9181003587298207E+01,
   1.5508852824316122E+01,-7.6286906999066906E+00));
#15560=DIRECTION('',(0.0000000000000000E+00,0.0000000000000000E+00,
   1.0000000000000000E+00));
#15570=VECTOR('',#15560,1.0000000000000000E+00);
#15580=LINE('',#15550,#15570);
#15590=EDGE_CURVE('',#15430,#9510,#15580,.T.);
#15600=ORIENTED_EDGE('',*,*,#15590,.T.);
#15610=EDGE_LOOP('',(#15600,#15540,#15530,#15470));
#15620=FACE_OUTER_BOUND('',#15610,.T.);
#15630=ADVANCED_FACE('',(#15620),#15370,.T.);
#15640=COLOUR_RGB('',5.0196081399917603E-01,1.0000000000000000E+00,
   5.0196081399917603E-01);
#15650=FILL_AREA_STYLE_COLOUR('',#15640);
#15660=FILL_AREA_STYLE('',(#15650));
#15670=SURFACE_STYLE_FILL_AREA(#15660);
#15680=SURFACE_SIDE_STYLE('',(#15670));
#15690=SURFACE_STYLE_USAGE(.BOTH.,#15680);
#15700=PRESENTATION_STYLE_ASSIGNMENT((#15690));
#15710=CARTESIAN_POINT('',(-3.9181003587298207E+01,
   1.5508852824316122E+01,-7.6286906999066906E+00));
#15720=DIRECTION('',(-7.6537089760045707E-01,0.0000000000000000E+00,
   6.4358945695705005E-01));
#15730=DIRECTION('',(6.4358945695705005E-01,0.0000000000000000E+00,
   7.6537089760045707E-01));
#15740=AXIS2_PLACEMENT_3D('',#15710,#15720,#15730);
#15750=PLANE('',#15740);
#15760=CARTESIAN_POINT('',(-3.9330962930914275E+01,
   1.5508852824316122E+01,-7.8070256868868526E+00));
#15770=DIRECTION('',(0.0000000000000000E+00,1.0000000000000000E+00,
   0.0000000000000000E+00));
#15780=VECTOR('',#15770,1.0000000000000000E+00);
#15790=LINE('',#15760,#15780);
#15800=CARTESIAN_POINT('',(-3.9330962930914275E+01,
   1.5508852824316122E+01,-7.8070256868868526E+00));
#15810=VERTEX_POINT('',#15800);
#15820=CARTESIAN_POINT('',(-3.9330962930914275E+01,
   2.0008852824316122E+01,-7.8070256868868526E+00));
#15830=VERTEX_POINT('',#15820);
#15840=EDGE_CURVE('',#15810,#15830,#15790,.T.);
#15850=ORIENTED_EDGE('',*,*,#15840,.F.);
#15860=CARTESIAN_POINT('',(-3.9330962930914275E+01,
   2.0008852824316122E+01,-7.8070256868868526E+00));
#15870=DIRECTION('',(6.4358945695705005E-01,0.0000000000000000E+00,
   7.6537089760045707E-01));
#15880=VECTOR('',#15870,1.0000000000000000E+00);
#15890=LINE('',#15860,#15880);
#15900=EDGE_CURVE('',#15830,#15450,#15890,.T.);
#15910=ORIENTED_EDGE('',*,*,#15900,.F.);
#15920=ORIENTED_EDGE('',*,*,#15460,.T.);
#15930=CARTESIAN_POINT('',(-3.9330962930914275E+01,
   1.5508852824316122E+01,-7.8070256868868526E+00));
#15940=DIRECTION('',(6.4358945695705005E-01,0.0000000000000000E+00,
   7.6537089760045707E-01));
#15950=VECTOR('',#15940,1.0000000000000000E+00);
#15960=LINE('',#15930,#15950);
#15970=EDGE_CURVE('',#15810,#15430,#15960,.T.);
#15980=ORIENTED_EDGE('',*,*,#15970,.T.);
#15990=EDGE_LOOP('',(#15980,#15920,#15910,#15850));
#16000=FACE_OUTER_BOUND('',#15990,.T.);
#16010=ADVANCED_FACE('',(#16000),#15750,.T.);
#16020=COLOUR_RGB('',5.0196081399917603E-01,1.0000000000000000E+00,
   5.0196081399917603E-01);
#16030=FILL_AREA_STYLE_COLOUR('',#16020);
#16040=FILL_AREA_STYLE('',(#16030));
#16050=SURFACE_STYLE_FILL_AREA(#16040);
#16060=SURFACE_SIDE_STYLE('',(#16050));
#16070=SURFACE_STYLE_USAGE(.BOTH.,#16060);
#16080=PRESENTATION_STYLE_ASSIGNMENT((#16070));
#16090=CARTESIAN_POINT('',(-3.9330962930914275E+01,
   1.5508852824316122E+01,-7.8070256868868526E+00));
#16100=DIRECTION('',(-1.0000000000000000E+00,0.0000000000000000E+00,
   5.9105097227002377E-15));
#16110=DIRECTION('',(5.9105097227002377E-15,0.0000000000000000E+00,
   1.0000000000000000E+00));
#16120=AXIS2_PLACEMENT_3D('',#16090,#16100,#16110);
#16130=PLANE('',#16120);
#16140=CARTESIAN_POINT('',(-3.9330962930914275E+01,
   1.5508852824316122E+01,-8.0699999999999221E+00));
#16150=DIRECTION('',(0.0000000000000000E+00,1.0000000000000000E+00,
   0.0000000000000000E+00));
#16160=VECTOR('',#16150,1.0000000000000000E+00);
#16170=LINE('',#16140,#16160);
#16180=CARTESIAN_POINT('',(-3.9330962930914275E+01,
   1.5508852824316122E+01,-8.0699999999999221E+00));
#16190=VERTEX_POINT('',#16180);
#16200=CARTESIAN_POINT('',(-3.9330962930914275E+01,
   2.0008852824316122E+01,-8.0699999999999221E+00));
#16210=VERTEX_POINT('',#16200);
#16220=EDGE_CURVE('',#16190,#16210,#16170,.T.);
#16230=ORIENTED_EDGE('',*,*,#16220,.F.);
#16240=CARTESIAN_POINT('',(-3.9330962930914275E+01,
   2.0008852824316122E+01,-8.0699999999999221E+00));
#16250=DIRECTION('',(5.9105097227002377E-15,0.0000000000000000E+00,
   1.0000000000000000E+00));
#16260=VECTOR('',#16250,1.0000000000000000E+00);
#16270=LINE('',#16240,#16260);
#16280=EDGE_CURVE('',#16210,#15830,#16270,.T.);
#16290=ORIENTED_EDGE('',*,*,#16280,.F.);
#16300=ORIENTED_EDGE('',*,*,#15840,.T.);
#16310=CARTESIAN_POINT('',(-3.9330962930914275E+01,
   1.5508852824316122E+01,-8.0699999999999221E+00));
#16320=DIRECTION('',(5.9105097227002377E-15,0.0000000000000000E+00,
   1.0000000000000000E+00));
#16330=VECTOR('',#16320,1.0000000000000000E+00);
#16340=LINE('',#16310,#16330);
#16350=EDGE_CURVE('',#16190,#15810,#16340,.T.);
#16360=ORIENTED_EDGE('',*,*,#16350,.T.);
#16370=EDGE_LOOP('',(#16360,#16300,#16290,#16230));
#16380=FACE_OUTER_BOUND('',#16370,.T.);
#16390=ADVANCED_FACE('',(#16380),#16130,.T.);
#16400=COLOUR_RGB('',5.0196081399917603E-01,1.0000000000000000E+00,
   5.0196081399917603E-01);
#16410=FILL_AREA_STYLE_COLOUR('',#16400);
#16420=FILL_AREA_STYLE('',(#16410));
#16430=SURFACE_STYLE_FILL_AREA(#16420);
#16440=SURFACE_SIDE_STYLE('',(#16430));
#16450=SURFACE_STYLE_USAGE(.BOTH.,#16440);
#16460=PRESENTATION_STYLE_ASSIGNMENT((#16450));
#16470=CARTESIAN_POINT('',(-3.8617044243682152E+01,
   1.5508852824316122E+01,-8.0699999999999221E+00));
#16480=DIRECTION('',(1.0000000000000000E+00,-0.0000000000000000E+00,
   0.0000000000000000E+00));
#16490=DIRECTION('',(0.0000000000000000E+00,0.0000000000000000E+00,
   -1.0000000000000000E+00));
#16500=AXIS2_PLACEMENT_3D('',#16470,#16480,#16490);
#16510=PLANE('',#16500);
#16520=CARTESIAN_POINT('',(-3.8617044243682152E+01,
   1.5508852824316122E+01,-7.8070256868868491E+00));
#16530=DIRECTION('',(0.0000000000000000E+00,1.0000000000000000E+00,
   0.0000000000000000E+00));
#16540=VECTOR('',#16530,1.0000000000000000E+00);
#16550=LINE('',#16520,#16540);
#16560=CARTESIAN_POINT('',(-3.8617044243682152E+01,
   1.5508852824316122E+01,-7.8070256868868491E+00));
#16570=VERTEX_POINT('',#16560);
#16580=CARTESIAN_POINT('',(-3.8617044243682152E+01,
   2.0008852824316122E+01,-7.8070256868868491E+00));
#16590=VERTEX_POINT('',#16580);
#16600=EDGE_CURVE('',#16570,#16590,#16550,.T.);
#16610=ORIENTED_EDGE('',*,*,#16600,.F.);
#16620=CARTESIAN_POINT('',(-3.8617044243682152E+01,
   2.0008852824316122E+01,-7.8070256868868491E+00));
#16630=DIRECTION('',(0.0000000000000000E+00,0.0000000000000000E+00,
   -1.0000000000000000E+00));
#16640=VECTOR('',#16630,1.0000000000000000E+00);
#16650=LINE('',#16620,#16640);
#16660=CARTESIAN_POINT('',(-3.8617044243682152E+01,
   2.0008852824316122E+01,-8.0699999999999221E+00));
#16670=VERTEX_POINT('',#16660);
#16680=EDGE_CURVE('',#16590,#16670,#16650,.T.);
#16690=ORIENTED_EDGE('',*,*,#16680,.F.);
#16700=CARTESIAN_POINT('',(-3.8617044243682152E+01,
   1.5508852824316122E+01,-8.0699999999999221E+00));
#16710=DIRECTION('',(0.0000000000000000E+00,1.0000000000000000E+00,
   0.0000000000000000E+00));
#16720=VECTOR('',#16710,1.0000000000000000E+00);
#16730=LINE('',#16700,#16720);
#16740=CARTESIAN_POINT('',(-3.8617044243682152E+01,
   1.5508852824316122E+01,-8.0699999999999221E+00));
#16750=VERTEX_POINT('',#16740);
#16760=EDGE_CURVE('',#16750,#16670,#16730,.T.);
#16770=ORIENTED_EDGE('',*,*,#16760,.T.);
#16780=CARTESIAN_POINT('',(-3.8617044243682152E+01,
   1.5508852824316122E+01,-7.8070256868868491E+00));
#16790=DIRECTION('',(0.0000000000000000E+00,0.0000000000000000E+00,
   -1.0000000000000000E+00));
#16800=VECTOR('',#16790,1.0000000000000000E+00);
#16810=LINE('',#16780,#16800);
#16820=EDGE_CURVE('',#16570,#16750,#16810,.T.);
#16830=ORIENTED_EDGE('',*,*,#16820,.T.);
#16840=EDGE_LOOP('',(#16830,#16770,#16690,#16610));
#16850=FACE_OUTER_BOUND('',#16840,.T.);
#16860=ADVANCED_FACE('',(#16850),#16510,.T.);
#16870=COLOUR_RGB('',5.0196081399917603E-01,1.0000000000000000E+00,
   5.0196081399917603E-01);
#16880=FILL_AREA_STYLE_COLOUR('',#16870);
#16890=FILL_AREA_STYLE('',(#16880));
#16900=SURFACE_STYLE_FILL_AREA(#16890);
#16910=SURFACE_SIDE_STYLE('',(#16900));
#16920=SURFACE_STYLE_USAGE(.BOTH.,#16910);
#16930=PRESENTATION_STYLE_ASSIGNMENT((#16920));
#16940=CARTESIAN_POINT('',(-3.9330962930914275E+01,
   1.5508852824316122E+01,-8.0699999999999221E+00));
#16950=DIRECTION('',(0.0000000000000000E+00,0.0000000000000000E+00,
   -1.0000000000000000E+00));
#16960=DIRECTION('',(-1.0000000000000000E+00,0.0000000000000000E+00,
   0.0000000000000000E+00));
#16970=AXIS2_PLACEMENT_3D('',#16940,#16950,#16960);
#16980=PLANE('',#16970);
#16990=ORIENTED_EDGE('',*,*,#16760,.F.);
#17000=CARTESIAN_POINT('',(-3.8617044243682152E+01,
   2.0008852824316122E+01,-8.0699999999999221E+00));
#17010=DIRECTION('',(-1.0000000000000000E+00,0.0000000000000000E+00,
   0.0000000000000000E+00));
#17020=VECTOR('',#17010,1.0000000000000000E+00);
#17030=LINE('',#17000,#17020);
#17040=EDGE_CURVE('',#16670,#16210,#17030,.T.);
#17050=ORIENTED_EDGE('',*,*,#17040,.F.);
#17060=ORIENTED_EDGE('',*,*,#16220,.T.);
#17070=CARTESIAN_POINT('',(-3.8617044243682152E+01,
   1.5508852824316122E+01,-8.0699999999999221E+00));
#17080=DIRECTION('',(-1.0000000000000000E+00,0.0000000000000000E+00,
   0.0000000000000000E+00));
#17090=VECTOR('',#17080,1.0000000000000000E+00);
#17100=LINE('',#17070,#17090);
#17110=EDGE_CURVE('',#16750,#16190,#17100,.T.);
#17120=ORIENTED_EDGE('',*,*,#17110,.T.);
#17130=EDGE_LOOP('',(#17120,#17060,#17050,#16990));
#17140=FACE_OUTER_BOUND('',#17130,.T.);
#17150=ADVANCED_FACE('',(#17140),#16980,.T.);
#17160=COLOUR_RGB('',5.0196081399917603E-01,1.0000000000000000E+00,
   5.0196081399917603E-01);
#17170=FILL_AREA_STYLE_COLOUR('',#17160);
#17180=FILL_AREA_STYLE('',(#17170));
#17190=SURFACE_STYLE_FILL_AREA(#17180);
#17200=SURFACE_SIDE_STYLE('',(#17190));
#17210=SURFACE_STYLE_USAGE(.BOTH.,#17200);
#17220=PRESENTATION_STYLE_ASSIGNMENT((#17210));
#17230=CARTESIAN_POINT('',(-3.8617044243682152E+01,
   1.5508852824316122E+01,-7.8070256868868491E+00));
#17240=DIRECTION('',(7.6537089760052390E-01,-0.0000000000000000E+00,
   6.4358945695697078E-01));
#17250=DIRECTION('',(6.4358945695697078E-01,0.0000000000000000E+00,
   -7.6537089760052390E-01));
#17260=AXIS2_PLACEMENT_3D('',#17230,#17240,#17250);
#17270=PLANE('',#17260);
#17280=ORIENTED_EDGE('',*,*,#15150,.F.);
#17290=CARTESIAN_POINT('',(-3.8767003587298184E+01,
   2.0008852824316122E+01,-7.6286906999066870E+00));
#17300=DIRECTION('',(6.4358945695697078E-01,0.0000000000000000E+00,
   -7.6537089760052390E-01));
#17310=VECTOR('',#17300,1.0000000000000000E+00);
#17320=LINE('',#17290,#17310);
#17330=EDGE_CURVE('',#15060,#16590,#17320,.T.);
#17340=ORIENTED_EDGE('',*,*,#17330,.F.);
#17350=ORIENTED_EDGE('',*,*,#16600,.T.);
#17360=CARTESIAN_POINT('',(-3.8767003587298184E+01,
   1.5508852824316122E+01,-7.6286906999066870E+00));
#17370=DIRECTION('',(6.4358945695697078E-01,0.0000000000000000E+00,
   -7.6537089760052390E-01));
#17380=VECTOR('',#17370,1.0000000000000000E+00);
#17390=LINE('',#17360,#17380);
#17400=EDGE_CURVE('',#15140,#16570,#17390,.T.);
#17410=ORIENTED_EDGE('',*,*,#17400,.T.);
#17420=EDGE_LOOP('',(#17410,#17350,#17340,#17280));
#17430=FACE_OUTER_BOUND('',#17420,.T.);
#17440=ADVANCED_FACE('',(#17430),#17270,.T.);
#17450=COLOUR_RGB('',5.0196081399917603E-01,1.0000000000000000E+00,
   5.0196081399917603E-01);
#17460=FILL_AREA_STYLE_COLOUR('',#17450);
#17470=FILL_AREA_STYLE('',(#17460));
#17480=SURFACE_STYLE_FILL_AREA(#17470);
#17490=SURFACE_SIDE_STYLE('',(#17480));
#17500=SURFACE_STYLE_USAGE(.BOTH.,#17490);
#17510=PRESENTATION_STYLE_ASSIGNMENT((#17500));
#17520=CARTESIAN_POINT('',(-3.4429932243550240E+01,
   2.0008852824316122E+01,-1.5223247375819184E+00));
#17530=DIRECTION('',(0.0000000000000000E+00,-1.0000000000000000E+00,
   0.0000000000000000E+00));
#17540=DIRECTION('',(1.0000000000000000E+00,0.0000000000000000E+00,
   0.0000000000000000E+00));
#17550=AXIS2_PLACEMENT_3D('',#17520,#17530,#17540);
#17560=PLANE('',#17550);
#17570=ORIENTED_EDGE('',*,*,#15070,.T.);
#17580=ORIENTED_EDGE('',*,*,#9680,.F.);
#17590=ORIENTED_EDGE('',*,*,#15520,.T.);
#17600=ORIENTED_EDGE('',*,*,#15900,.T.);
#17610=ORIENTED_EDGE('',*,*,#16280,.T.);
#17620=ORIENTED_EDGE('',*,*,#17040,.T.);
#17630=ORIENTED_EDGE('',*,*,#16680,.T.);
#17640=ORIENTED_EDGE('',*,*,#17330,.T.);
#17650=EDGE_LOOP('',(#17640,#17630,#17620,#17610,#17600,#17590,#17580,
   #17570));
#17660=FACE_OUTER_BOUND('',#17650,.T.);
#17670=ADVANCED_FACE('',(#17660),#17560,.F.);
#17680=COLOUR_RGB('',5.0196081399917603E-01,1.0000000000000000E+00,
   5.0196081399917603E-01);
#17690=FILL_AREA_STYLE_COLOUR('',#17680);
#17700=FILL_AREA_STYLE('',(#17690));
#17710=SURFACE_STYLE_FILL_AREA(#17700);
#17720=SURFACE_SIDE_STYLE('',(#17710));
#17730=SURFACE_STYLE_USAGE(.BOTH.,#17720);
#17740=PRESENTATION_STYLE_ASSIGNMENT((#17730));
#17750=CARTESIAN_POINT('',(-3.5604003587298216E+01,
   1.5008852824316122E+01,-5.5000000000000000E+00));
#17760=DIRECTION('',(0.0000000000000000E+00,0.0000000000000000E+00,
   -1.0000000000000000E+00));
#17770=DIRECTION('',(-1.0000000000000000E+00,0.0000000000000000E+00,
   0.0000000000000000E+00));
#17780=AXIS2_PLACEMENT_3D('',#17750,#17760,#17770);
#17790=PLANE('',#17780);
#17800=CARTESIAN_POINT('',(-3.6104003587298216E+01,
   1.5008852824316122E+01,-5.5000000000000000E+00));
#17810=DIRECTION('',(0.0000000000000000E+00,-1.0000000000000000E+00,
   0.0000000000000000E+00));
#17820=VECTOR('',#17810,1.0000000000000000E+00);
#17830=LINE('',#17800,#17820);
#17840=EDGE_CURVE('',#11770,#14680,#17830,.T.);
#17850=ORIENTED_EDGE('',*,*,#17840,.F.);
#17860=ORIENTED_EDGE('',*,*,#14690,.F.);
#17870=CARTESIAN_POINT('',(-3.5604003587298216E+01,
   1.5008852824316122E+01,-5.5000000000000000E+00));
#17880=DIRECTION('',(0.0000000000000000E+00,-1.0000000000000000E+00,
   0.0000000000000000E+00));
#17890=VECTOR('',#17880,1.0000000000000000E+00);
#17900=LINE('',#17870,#17890);
#17910=EDGE_CURVE('',#11850,#14580,#17900,.T.);
#17920=ORIENTED_EDGE('',*,*,#17910,.T.);
#17930=ORIENTED_EDGE('',*,*,#11860,.T.);
#17940=EDGE_LOOP('',(#17930,#17920,#17860,#17850));
#17950=FACE_OUTER_BOUND('',#17940,.T.);
#17960=ADVANCED_FACE('',(#17950),#17790,.T.);
#17970=COLOUR_RGB('',9.4901967048645020E-01,9.4901967048645020E-01,
   1.0000000000000000E+00);
#17980=FILL_AREA_STYLE_COLOUR('',#17970);
#17990=FILL_AREA_STYLE('',(#17980));
#18000=SURFACE_STYLE_FILL_AREA(#17990);
#18010=SURFACE_SIDE_STYLE('',(#18000));
#18020=SURFACE_STYLE_USAGE(.BOTH.,#18010);
#18030=PRESENTATION_STYLE_ASSIGNMENT((#18020));
#18040=CARTESIAN_POINT('',(-3.6076490960713485E+01,
   2.4538852824316109E+01,5.2474873734152823E+00));
#18050=DIRECTION('',(7.0710678118654746E-01,0.0000000000000000E+00,
   -7.0710678118654757E-01));
#18060=DIRECTION('',(0.0000000000000000E+00,-1.0000000000000000E+00,
   0.0000000000000000E+00));
#18070=AXIS2_PLACEMENT_3D('',#18040,#18050,#18060);
#18080=PLANE('',#18070);
#18090=CARTESIAN_POINT('',(-8.8925674828030196E+01,
   2.4538852824316116E+01,-4.7601696493901422E+01));
#18100=DIRECTION('',(-7.0710678118654757E-01,0.0000000000000000E+00,
   -7.0710678118654746E-01));
#18110=VECTOR('',#18100,1.0000000000000000E+00);
#18120=LINE('',#18090,#18110);
#18130=CARTESIAN_POINT('',(-3.6483998472459014E+01,
   2.4538852824316116E+01,4.8399798616697529E+00));
#18140=VERTEX_POINT('',#18130);
#18150=CARTESIAN_POINT('',(-3.7397002225337957E+01,
   2.4538852824316116E+01,3.9269761087909192E+00));
#18160=VERTEX_POINT('',#18150);
#18170=EDGE_CURVE('',#18140,#18160,#18120,.T.);
#18180=ORIENTED_EDGE('',*,*,#18170,.F.);
#18190=CARTESIAN_POINT('',(-3.7397002225337914E+01,
   2.3082795793605840E+01,3.9269761087908552E+00));
#18200=DIRECTION('',(0.0000000000000000E+00,1.0000000000000000E+00,
   0.0000000000000000E+00));
#18210=VECTOR('',#18200,1.0000000000000000E+00);
#18220=LINE('',#18190,#18210);
#18230=CARTESIAN_POINT('',(-3.7397002225337914E+01,
   2.3538852824316109E+01,3.9269761087908552E+00));
#18240=VERTEX_POINT('',#18230);
#18250=EDGE_CURVE('',#18240,#18160,#18220,.T.);
#18260=ORIENTED_EDGE('',*,*,#18250,.T.);
#18270=CARTESIAN_POINT('',(-8.8925674828030196E+01,
   2.3538852824316109E+01,-4.7601696493901422E+01));
#18280=DIRECTION('',(-7.0710678118654757E-01,0.0000000000000000E+00,
   -7.0710678118654746E-01));
#18290=VECTOR('',#18280,1.0000000000000000E+00);
#18300=LINE('',#18270,#18290);
#18310=CARTESIAN_POINT('',(-3.6483998472459021E+01,
   2.3538852824316109E+01,4.8399798616697636E+00));
#18320=VERTEX_POINT('',#18310);
#18330=EDGE_CURVE('',#18320,#18240,#18300,.T.);
#18340=ORIENTED_EDGE('',*,*,#18330,.T.);
#18350=CARTESIAN_POINT('',(-3.6483998472459014E+01,
   3.5508852824316115E+01,4.8399798616697529E+00));
#18360=DIRECTION('',(0.0000000000000000E+00,-1.0000000000000000E+00,
   0.0000000000000000E+00));
#18370=VECTOR('',#18360,1.0000000000000000E+00);
#18380=LINE('',#18350,#18370);
#18390=EDGE_CURVE('',#18140,#18320,#18380,.T.);
#18400=ORIENTED_EDGE('',*,*,#18390,.T.);
#18410=EDGE_LOOP('',(#18400,#18340,#18260,#18180));
#18420=FACE_OUTER_BOUND('',#18410,.T.);
#18430=ADVANCED_FACE('',(#18420),#18080,.T.);
#18440=COLOUR_RGB('',9.4901967048645020E-01,9.4901967048645020E-01,
   1.0000000000000000E+00);
#18450=FILL_AREA_STYLE_COLOUR('',#18440);
#18460=FILL_AREA_STYLE('',(#18450));
#18470=SURFACE_STYLE_FILL_AREA(#18460);
#18480=SURFACE_SIDE_STYLE('',(#18470));
#18490=SURFACE_STYLE_USAGE(.BOTH.,#18480);
#18500=PRESENTATION_STYLE_ASSIGNMENT((#18490));
#18510=CARTESIAN_POINT('',(-3.5334028840467575E+01,
   2.3538852824316109E+01,-5.0000000000000071E+00));
#18520=VERTEX_POINT('',#18510);
#18530=EDGE_CURVE('',#18520,#1890,#1950,.T.);
#18540=ORIENTED_EDGE('',*,*,#18530,.T.);
#18550=CARTESIAN_POINT('',(-8.8925674828030196E+01,
   2.3538852824316109E+01,-5.0000000000000000E+00));
#18560=DIRECTION('',(1.0000000000000000E+00,-0.0000000000000000E+00,
   0.0000000000000000E+00));
#18570=VECTOR('',#18560,1.0000000000000000E+00);
#18580=LINE('',#18550,#18570);
#18590=EDGE_CURVE('',#13120,#18520,#18580,.T.);
#18600=ORIENTED_EDGE('',*,*,#18590,.T.);
#18610=ORIENTED_EDGE('',*,*,#13130,.F.);
#18620=ORIENTED_EDGE('',*,*,#2200,.F.);
#18630=EDGE_LOOP('',(#18620,#18610,#18600,#18540));
#18640=FACE_OUTER_BOUND('',#18630,.T.);
#18650=ADVANCED_FACE('',(#18640),#2130,.T.);
#18660=COLOUR_RGB('',9.4901967048645020E-01,9.4901967048645020E-01,
   1.0000000000000000E+00);
#18670=FILL_AREA_STYLE_COLOUR('',#18660);
#18680=FILL_AREA_STYLE('',(#18670));
#18690=SURFACE_STYLE_FILL_AREA(#18680);
#18700=SURFACE_SIDE_STYLE('',(#18690));
#18710=SURFACE_STYLE_USAGE(.BOTH.,#18700);
#18720=PRESENTATION_STYLE_ASSIGNMENT((#18710));
#18730=CARTESIAN_POINT('',(-3.5334028840467575E+01,
   2.4538852824316116E+01,-5.0000000000000071E+00));
#18740=VERTEX_POINT('',#18730);
#18750=EDGE_CURVE('',#1810,#18740,#1790,.T.);
#18760=ORIENTED_EDGE('',*,*,#18750,.F.);
#18770=CARTESIAN_POINT('',(-3.5334028840467575E+01,
   -2.6716239164827719E+01,-5.0000000000000000E+00));
#18780=DIRECTION('',(0.0000000000000000E+00,1.0000000000000000E+00,
   0.0000000000000000E+00));
#18790=VECTOR('',#18780,1.0000000000000000E+00);
#18800=LINE('',#18770,#18790);
#18810=EDGE_CURVE('',#18520,#18740,#18800,.T.);
#18820=ORIENTED_EDGE('',*,*,#18810,.T.);
#18830=ORIENTED_EDGE('',*,*,#18530,.F.);
#18840=ORIENTED_EDGE('',*,*,#1900,.T.);
#18850=EDGE_LOOP('',(#18840,#18830,#18820,#18760));
#18860=FACE_OUTER_BOUND('',#18850,.T.);
#18870=ADVANCED_FACE('',(#18860),#1750,.T.);
#18880=COLOUR_RGB('',9.4901967048645020E-01,9.4901967048645020E-01,
   1.0000000000000000E+00);
#18890=FILL_AREA_STYLE_COLOUR('',#18880);
#18900=FILL_AREA_STYLE('',(#18890));
#18910=SURFACE_STYLE_FILL_AREA(#18900);
#18920=SURFACE_SIDE_STYLE('',(#18910));
#18930=SURFACE_STYLE_USAGE(.BOTH.,#18920);
#18940=PRESENTATION_STYLE_ASSIGNMENT((#18930));
#18950=CARTESIAN_POINT('',(-3.6497744671345409E+01,
   2.4538852824316116E+01,-4.3312589159527946E+00));
#18960=DIRECTION('',(0.0000000000000000E+00,1.0000000000000000E+00,
   0.0000000000000000E+00));
#18970=DIRECTION('',(7.0710678118654746E-01,0.0000000000000000E+00,
   -7.0710678118654757E-01));
#18980=AXIS2_PLACEMENT_3D('',#18950,#18960,#18970);
#18990=PLANE('',#18980);
#19000=ORIENTED_EDGE('',*,*,#13080,.T.);
#19010=CARTESIAN_POINT('',(-8.8925674828030196E+01,
   2.4538852824316116E+01,-5.0000000000000000E+00));
#19020=DIRECTION('',(1.0000000000000000E+00,-0.0000000000000000E+00,
   0.0000000000000000E+00));
#19030=VECTOR('',#19020,1.0000000000000000E+00);
#19040=LINE('',#19010,#19030);
#19050=CARTESIAN_POINT('',(-3.6504003587298214E+01,
   2.4538852824316116E+01,-5.0000000000000000E+00));
#19060=VERTEX_POINT('',#19050);
#19070=EDGE_CURVE('',#19060,#13070,#19040,.T.);
#19080=ORIENTED_EDGE('',*,*,#19070,.T.);
#19090=CARTESIAN_POINT('',(-3.5854003587298216E+01,
   2.4538852824316116E+01,-5.0000000000000000E+00));
#19100=DIRECTION('',(0.0000000000000000E+00,-1.0000000000000000E+00,
   0.0000000000000000E+00));
#19110=DIRECTION('',(1.0000000000000000E+00,0.0000000000000000E+00,
   0.0000000000000000E+00));
#19120=AXIS2_PLACEMENT_3D('',#19090,#19100,#19110);
#19130=CIRCLE('',#19120,6.5000000000000002E-01);
#19140=EDGE_CURVE('',#19060,#940,#19130,.T.);
#19150=ORIENTED_EDGE('',*,*,#19140,.F.);
#19160=EDGE_LOOP('',(#19150,#19080,#19000));
#19170=FACE_OUTER_BOUND('',#19160,.T.);
#19180=ADVANCED_FACE('',(#19170),#18990,.T.);
#19190=COLOUR_RGB('',9.4901967048645020E-01,9.4901967048645020E-01,
   1.0000000000000000E+00);
#19200=FILL_AREA_STYLE_COLOUR('',#19190);
#19210=FILL_AREA_STYLE('',(#19200));
#19220=SURFACE_STYLE_FILL_AREA(#19210);
#19230=SURFACE_SIDE_STYLE('',(#19220));
#19240=SURFACE_STYLE_USAGE(.BOTH.,#19230);
#19250=PRESENTATION_STYLE_ASSIGNMENT((#19240));
#19260=CARTESIAN_POINT('',(-8.8925674828030196E+01,
   2.4538852824316116E+01,-5.0000000000000000E+00));
#19270=DIRECTION('',(1.0000000000000000E+00,-0.0000000000000000E+00,
   0.0000000000000000E+00));
#19280=VECTOR('',#19270,1.0000000000000000E+00);
#19290=LINE('',#19260,#19280);
#19300=CARTESIAN_POINT('',(-3.5204003587298217E+01,
   2.4538852824316116E+01,-5.0000000000000000E+00));
#19310=VERTEX_POINT('',#19300);
#19320=EDGE_CURVE('',#18740,#19310,#19290,.T.);
#19330=ORIENTED_EDGE('',*,*,#19320,.T.);
#19340=ORIENTED_EDGE('',*,*,#18750,.T.);
#19350=CARTESIAN_POINT('',(-3.5854003587298216E+01,
   2.4538852824316116E+01,-5.0000000000000000E+00));
#19360=DIRECTION('',(0.0000000000000000E+00,-1.0000000000000000E+00,
   0.0000000000000000E+00));
#19370=DIRECTION('',(1.0000000000000000E+00,0.0000000000000000E+00,
   0.0000000000000000E+00));
#19380=AXIS2_PLACEMENT_3D('',#19350,#19360,#19370);
#19390=CIRCLE('',#19380,6.5000000000000002E-01);
#19400=EDGE_CURVE('',#1810,#19310,#19390,.T.);
#19410=ORIENTED_EDGE('',*,*,#19400,.F.);
#19420=EDGE_LOOP('',(#19410,#19340,#19330));
#19430=FACE_OUTER_BOUND('',#19420,.T.);
#19440=ADVANCED_FACE('',(#19430),#18990,.T.);
#19450=COLOUR_RGB('',9.4901967048645020E-01,9.4901967048645020E-01,
   1.0000000000000000E+00);
#19460=FILL_AREA_STYLE_COLOUR('',#19450);
#19470=FILL_AREA_STYLE('',(#19460));
#19480=SURFACE_STYLE_FILL_AREA(#19470);
#19490=SURFACE_SIDE_STYLE('',(#19480));
#19500=SURFACE_STYLE_USAGE(.BOTH.,#19490);
#19510=PRESENTATION_STYLE_ASSIGNMENT((#19500));
#19520=CARTESIAN_POINT('',(-3.5581516213882892E+01,
   2.3538852824316109E+01,-5.2474873734153178E+00));
#19530=DIRECTION('',(0.0000000000000000E+00,1.0000000000000000E+00,
   0.0000000000000000E+00));
#19540=DIRECTION('',(7.0710678118654746E-01,0.0000000000000000E+00,
   -7.0710678118654757E-01));
#19550=AXIS2_PLACEMENT_3D('',#19520,#19530,#19540);
#19560=PLANE('',#19550);
#19570=CARTESIAN_POINT('',(-8.8925674828030196E+01,
   2.3538852824316109E+01,-5.8591645987562615E+01));
#19580=DIRECTION('',(-7.0710678118654757E-01,0.0000000000000000E+00,
   -7.0710678118654746E-01));
#19590=VECTOR('',#19580,1.0000000000000000E+00);
#19600=LINE('',#19570,#19590);
#19610=CARTESIAN_POINT('',(-3.5214995679261598E+01,
   2.3538852824316109E+01,-4.8809668387941327E+00));
#19620=VERTEX_POINT('',#19610);
#19630=EDGE_CURVE('',#19620,#18520,#19600,.T.);
#19640=ORIENTED_EDGE('',*,*,#19630,.T.);
#19650=CARTESIAN_POINT('',(-3.5854003587298216E+01,
   2.3538852824316109E+01,-5.0000000000000000E+00));
#19660=DIRECTION('',(0.0000000000000000E+00,-1.0000000000000000E+00,
   0.0000000000000000E+00));
#19670=DIRECTION('',(1.0000000000000000E+00,0.0000000000000000E+00,
   0.0000000000000000E+00));
#19680=AXIS2_PLACEMENT_3D('',#19650,#19660,#19670);
#19690=CIRCLE('',#19680,6.5000000000000002E-01);
#19700=CARTESIAN_POINT('',(-3.5693983448967970E+01,
   2.3538852824316109E+01,-4.3700051148392003E+00));
#19710=VERTEX_POINT('',#19700);
#19720=EDGE_CURVE('',#19620,#19710,#19690,.T.);
#19730=ORIENTED_EDGE('',*,*,#19720,.F.);
#19740=CARTESIAN_POINT('',(-8.8925674828030196E+01,
   2.3538852824316109E+01,-5.7601696493901422E+01));
#19750=DIRECTION('',(-7.0710678118654757E-01,0.0000000000000000E+00,
   -7.0710678118654746E-01));
#19760=VECTOR('',#19750,1.0000000000000000E+00);
#19770=LINE('',#19740,#19760);
#19780=EDGE_CURVE('',#19710,#13120,#19770,.T.);
#19790=ORIENTED_EDGE('',*,*,#19780,.F.);
#19800=ORIENTED_EDGE('',*,*,#18590,.F.);
#19810=EDGE_LOOP('',(#19800,#19790,#19730,#19640));
#19820=FACE_OUTER_BOUND('',#19810,.T.);
#19830=ADVANCED_FACE('',(#19820),#19560,.T.);
#19840=COLOUR_RGB('',9.4901967048645020E-01,9.4901967048645020E-01,
   1.0000000000000000E+00);
#19850=FILL_AREA_STYLE_COLOUR('',#19840);
#19860=FILL_AREA_STYLE('',(#19850));
#19870=SURFACE_STYLE_FILL_AREA(#19860);
#19880=SURFACE_SIDE_STYLE('',(#19870));
#19890=SURFACE_STYLE_USAGE(.BOTH.,#19880);
#19900=PRESENTATION_STYLE_ASSIGNMENT((#19890));
#19910=CARTESIAN_POINT('',(-3.5581516213882892E+01,
   2.3538852824316109E+01,-5.2474873734153178E+00));
#19920=DIRECTION('',(-7.0710678118654746E-01,0.0000000000000000E+00,
   7.0710678118654757E-01));
#19930=DIRECTION('',(0.0000000000000000E+00,1.0000000000000000E+00,
   0.0000000000000000E+00));
#19940=AXIS2_PLACEMENT_3D('',#19910,#19920,#19930);
#19950=PLANE('',#19940);
#19960=CARTESIAN_POINT('',(-8.8925674828030196E+01,
   2.4538852824316116E+01,-5.8591645987562615E+01));
#19970=DIRECTION('',(7.0710678118654757E-01,0.0000000000000000E+00,
   7.0710678118654746E-01));
#19980=VECTOR('',#19970,1.0000000000000000E+00);
#19990=LINE('',#19960,#19980);
#20000=CARTESIAN_POINT('',(-3.5214995679261612E+01,
   2.4538852824316116E+01,-4.8809668387940386E+00));
#20010=VERTEX_POINT('',#20000);
#20020=EDGE_CURVE('',#18740,#20010,#19990,.T.);
#20030=ORIENTED_EDGE('',*,*,#20020,.F.);
#20040=CARTESIAN_POINT('',(-3.5214995679261612E+01,
   3.5508852824316115E+01,-4.8809668387940386E+00));
#20050=DIRECTION('',(0.0000000000000000E+00,-1.0000000000000000E+00,
   0.0000000000000000E+00));
#20060=VECTOR('',#20050,1.0000000000000000E+00);
#20070=LINE('',#20040,#20060);
#20080=EDGE_CURVE('',#20010,#19620,#20070,.T.);
#20090=ORIENTED_EDGE('',*,*,#20080,.F.);
#20100=ORIENTED_EDGE('',*,*,#19630,.F.);
#20110=ORIENTED_EDGE('',*,*,#18810,.F.);
#20120=EDGE_LOOP('',(#20110,#20100,#20090,#20030));
#20130=FACE_OUTER_BOUND('',#20120,.T.);
#20140=ADVANCED_FACE('',(#20130),#19950,.T.);
#20150=COLOUR_RGB('',9.4901967048645020E-01,9.4901967048645020E-01,
   1.0000000000000000E+00);
#20160=FILL_AREA_STYLE_COLOUR('',#20150);
#20170=FILL_AREA_STYLE('',(#20160));
#20180=SURFACE_STYLE_FILL_AREA(#20170);
#20190=SURFACE_SIDE_STYLE('',(#20180));
#20200=SURFACE_STYLE_USAGE(.BOTH.,#20190);
#20210=PRESENTATION_STYLE_ASSIGNMENT((#20200));
#20220=CARTESIAN_POINT('',(-3.6497744671345409E+01,
   2.4538852824316116E+01,-4.3312589159527946E+00));
#20230=DIRECTION('',(0.0000000000000000E+00,1.0000000000000000E+00,
   0.0000000000000000E+00));
#20240=DIRECTION('',(7.0710678118654746E-01,0.0000000000000000E+00,
   -7.0710678118654757E-01));
#20250=AXIS2_PLACEMENT_3D('',#20220,#20230,#20240);
#20260=PLANE('',#20250);
#20270=CARTESIAN_POINT('',(-3.5854003587298216E+01,
   2.4538852824316116E+01,-5.0000000000000000E+00));
#20280=DIRECTION('',(0.0000000000000000E+00,-1.0000000000000000E+00,
   0.0000000000000000E+00));
#20290=DIRECTION('',(1.0000000000000000E+00,0.0000000000000000E+00,
   0.0000000000000000E+00));
#20300=AXIS2_PLACEMENT_3D('',#20270,#20280,#20290);
#20310=CIRCLE('',#20300,6.5000000000000002E-01);
#20320=EDGE_CURVE('',#19310,#20010,#20310,.T.);
#20330=ORIENTED_EDGE('',*,*,#20320,.F.);
#20340=ORIENTED_EDGE('',*,*,#20020,.T.);
#20350=ORIENTED_EDGE('',*,*,#19320,.F.);
#20360=EDGE_LOOP('',(#20350,#20340,#20330));
#20370=FACE_OUTER_BOUND('',#20360,.T.);
#20380=ADVANCED_FACE('',(#20370),#20260,.T.);
#20390=COLOUR_RGB('',9.4901967048645020E-01,9.4901967048645020E-01,
   1.0000000000000000E+00);
#20400=FILL_AREA_STYLE_COLOUR('',#20390);
#20410=FILL_AREA_STYLE('',(#20400));
#20420=SURFACE_STYLE_FILL_AREA(#20410);
#20430=SURFACE_SIDE_STYLE('',(#20420));
#20440=SURFACE_STYLE_USAGE(.BOTH.,#20430);
#20450=PRESENTATION_STYLE_ASSIGNMENT((#20440));
#20460=CARTESIAN_POINT('',(-3.6076490960713485E+01,
   2.4538852824316109E+01,-4.7525126265847177E+00));
#20470=DIRECTION('',(7.0710678118654746E-01,0.0000000000000000E+00,
   -7.0710678118654757E-01));
#20480=DIRECTION('',(0.0000000000000000E+00,-1.0000000000000000E+00,
   0.0000000000000000E+00));
#20490=AXIS2_PLACEMENT_3D('',#20460,#20470,#20480);
#20500=PLANE('',#20490);
#20510=CARTESIAN_POINT('',(-8.8925674828030196E+01,
   2.4538852824316116E+01,-5.7601696493901422E+01));
#20520=DIRECTION('',(-7.0710678118654757E-01,0.0000000000000000E+00,
   -7.0710678118654746E-01));
#20530=VECTOR('',#20520,1.0000000000000000E+00);
#20540=LINE('',#20510,#20530);
#20550=CARTESIAN_POINT('',(-3.4755979696089121E+01,
   2.4538852824316116E+01,-3.4320013619602472E+00));
#20560=VERTEX_POINT('',#20550);
#20570=CARTESIAN_POINT('',(-3.5693983448967970E+01,
   2.4538852824316116E+01,-4.3700051148392003E+00));
#20580=VERTEX_POINT('',#20570);
#20590=EDGE_CURVE('',#20560,#20580,#20540,.T.);
#20600=ORIENTED_EDGE('',*,*,#20590,.F.);
#20610=CARTESIAN_POINT('',(-3.5693983448967970E+01,
   3.5508852824316115E+01,-4.3700051148392003E+00));
#20620=DIRECTION('',(0.0000000000000000E+00,-1.0000000000000000E+00,
   0.0000000000000000E+00));
#20630=VECTOR('',#20620,1.0000000000000000E+00);
#20640=LINE('',#20610,#20630);
#20650=EDGE_CURVE('',#20580,#19710,#20640,.T.);
#20660=ORIENTED_EDGE('',*,*,#20650,.F.);
#20670=CARTESIAN_POINT('',(-3.4755979696089057E+01,
   2.3538852824316109E+01,-3.4320013619602912E+00));
#20680=VERTEX_POINT('',#20670);
#20690=EDGE_CURVE('',#20680,#19710,#19770,.T.);
#20700=ORIENTED_EDGE('',*,*,#20690,.T.);
#20710=CARTESIAN_POINT('',(-3.4755979696089057E+01,
   2.3082795793605840E+01,-3.4320013619602912E+00));
#20720=DIRECTION('',(0.0000000000000000E+00,1.0000000000000000E+00,
   0.0000000000000000E+00));
#20730=VECTOR('',#20720,1.0000000000000000E+00);
#20740=LINE('',#20710,#20730);
#20750=EDGE_CURVE('',#20680,#20560,#20740,.T.);
#20760=ORIENTED_EDGE('',*,*,#20750,.F.);
#20770=EDGE_LOOP('',(#20760,#20700,#20660,#20600));
#20780=FACE_OUTER_BOUND('',#20770,.T.);
#20790=ADVANCED_FACE('',(#20780),#20500,.T.);
#20800=COLOUR_RGB('',9.4901967048645020E-01,9.4901967048645020E-01,
   1.0000000000000000E+00);
#20810=FILL_AREA_STYLE_COLOUR('',#20800);
#20820=FILL_AREA_STYLE('',(#20810));
#20830=SURFACE_STYLE_FILL_AREA(#20820);
#20840=SURFACE_SIDE_STYLE('',(#20830));
#20850=SURFACE_STYLE_USAGE(.BOTH.,#20840);
#20860=PRESENTATION_STYLE_ASSIGNMENT((#20850));
#20870=ORIENTED_EDGE('',*,*,#570,.T.);
#20880=ORIENTED_EDGE('',*,*,#950,.T.);
#20890=ORIENTED_EDGE('',*,*,#19140,.T.);
#20900=CARTESIAN_POINT('',(-3.5854003587298216E+01,
   2.4538852824316116E+01,-5.0000000000000000E+00));
#20910=DIRECTION('',(0.0000000000000000E+00,-1.0000000000000000E+00,
   0.0000000000000000E+00));
#20920=DIRECTION('',(1.0000000000000000E+00,0.0000000000000000E+00,
   0.0000000000000000E+00));
#20930=AXIS2_PLACEMENT_3D('',#20900,#20910,#20920);
#20940=CIRCLE('',#20930,6.5000000000000002E-01);
#20950=EDGE_CURVE('',#20580,#19060,#20940,.T.);
#20960=ORIENTED_EDGE('',*,*,#20950,.T.);
#20970=ORIENTED_EDGE('',*,*,#20590,.T.);
#20980=EDGE_CURVE('',#560,#20560,#540,.T.);
#20990=ORIENTED_EDGE('',*,*,#20980,.T.);
#21000=EDGE_LOOP('',(#20990,#20970,#20960,#20890,#20880,#20870));
#21010=FACE_OUTER_BOUND('',#21000,.T.);
#21020=ADVANCED_FACE('',(#21010),#20260,.T.);
#21030=COLOUR_RGB('',9.4901967048645020E-01,9.4901967048645020E-01,
   1.0000000000000000E+00);
#21040=FILL_AREA_STYLE_COLOUR('',#21030);
#21050=FILL_AREA_STYLE('',(#21040));
#21060=SURFACE_STYLE_FILL_AREA(#21050);
#21070=SURFACE_SIDE_STYLE('',(#21060));
#21080=SURFACE_STYLE_USAGE(.BOTH.,#21070);
#21090=PRESENTATION_STYLE_ASSIGNMENT((#21080));
#21100=CARTESIAN_POINT('',(-3.4261004949258449E+01,
   2.3538852824316109E+01,-3.9269761087909223E+00));
#21110=VERTEX_POINT('',#21100);
#21120=EDGE_CURVE('',#21110,#19620,#19600,.T.);
#21130=ORIENTED_EDGE('',*,*,#21120,.T.);
#21140=CARTESIAN_POINT('',(-3.5829003587298203E+01,
   2.3538852824316109E+01,-5.0000000000000000E+00));
#21150=DIRECTION('',(0.0000000000000000E+00,1.0000000000000000E+00,
   0.0000000000000000E+00));
#21160=DIRECTION('',(-1.0000000000000000E+00,0.0000000000000000E+00,
   0.0000000000000000E+00));
#21170=AXIS2_PLACEMENT_3D('',#21140,#21150,#21160);
#21180=CIRCLE('',#21170,1.8999999999999999E+00);
#21190=EDGE_CURVE('',#20680,#21110,#21180,.T.);
#21200=ORIENTED_EDGE('',*,*,#21190,.T.);
#21210=ORIENTED_EDGE('',*,*,#20690,.F.);
#21220=ORIENTED_EDGE('',*,*,#19720,.T.);
#21230=EDGE_LOOP('',(#21220,#21210,#21200,#21130));
#21240=FACE_OUTER_BOUND('',#21230,.T.);
#21250=ADVANCED_FACE('',(#21240),#19560,.T.);
#21260=COLOUR_RGB('',9.4901967048645020E-01,9.4901967048645020E-01,
   1.0000000000000000E+00);
#21270=FILL_AREA_STYLE_COLOUR('',#21260);
#21280=FILL_AREA_STYLE('',(#21270));
#21290=SURFACE_STYLE_FILL_AREA(#21280);
#21300=SURFACE_SIDE_STYLE('',(#21290));
#21310=SURFACE_STYLE_USAGE(.BOTH.,#21300);
#21320=PRESENTATION_STYLE_ASSIGNMENT((#21310));
#21330=ORIENTED_EDGE('',*,*,#19400,.T.);
#21340=ORIENTED_EDGE('',*,*,#1820,.T.);
#21350=ORIENTED_EDGE('',*,*,#230,.T.);
#21360=CARTESIAN_POINT('',(-3.4261004949258471E+01,
   2.4538852824316116E+01,-3.9269761087908917E+00));
#21370=VERTEX_POINT('',#21360);
#21380=EDGE_CURVE('',#21370,#130,#200,.T.);
#21390=ORIENTED_EDGE('',*,*,#21380,.T.);
#21400=EDGE_CURVE('',#20010,#21370,#19990,.T.);
#21410=ORIENTED_EDGE('',*,*,#21400,.T.);
#21420=ORIENTED_EDGE('',*,*,#20320,.T.);
#21430=EDGE_LOOP('',(#21420,#21410,#21390,#21350,#21340,#21330));
#21440=FACE_OUTER_BOUND('',#21430,.T.);
#21450=ADVANCED_FACE('',(#21440),#20260,.T.);
#21460=COLOUR_RGB('',9.4901967048645020E-01,9.4901967048645020E-01,
   1.0000000000000000E+00);
#21470=FILL_AREA_STYLE_COLOUR('',#21460);
#21480=FILL_AREA_STYLE('',(#21470));
#21490=SURFACE_STYLE_FILL_AREA(#21480);
#21500=SURFACE_SIDE_STYLE('',(#21490));
#21510=SURFACE_STYLE_USAGE(.BOTH.,#21500);
#21520=PRESENTATION_STYLE_ASSIGNMENT((#21510));
#21530=ORIENTED_EDGE('',*,*,#21400,.F.);
#21540=CARTESIAN_POINT('',(-3.4261004949258471E+01,
   2.3082795793605840E+01,-3.9269761087908917E+00));
#21550=DIRECTION('',(0.0000000000000000E+00,1.0000000000000000E+00,
   0.0000000000000000E+00));
#21560=VECTOR('',#21550,1.0000000000000000E+00);
#21570=LINE('',#21540,#21560);
#21580=EDGE_CURVE('',#21110,#21370,#21570,.T.);
#21590=ORIENTED_EDGE('',*,*,#21580,.T.);
#21600=ORIENTED_EDGE('',*,*,#21120,.F.);
#21610=ORIENTED_EDGE('',*,*,#20080,.T.);
#21620=EDGE_LOOP('',(#21610,#21600,#21590,#21530));
#21630=FACE_OUTER_BOUND('',#21620,.T.);
#21640=ADVANCED_FACE('',(#21630),#19950,.T.);
#21650=COLOUR_RGB('',9.4901967048645020E-01,9.4901967048645020E-01,
   1.0000000000000000E+00);
#21660=FILL_AREA_STYLE_COLOUR('',#21650);
#21670=FILL_AREA_STYLE('',(#21660));
#21680=SURFACE_STYLE_FILL_AREA(#21670);
#21690=SURFACE_SIDE_STYLE('',(#21680));
#21700=SURFACE_STYLE_USAGE(.BOTH.,#21690);
#21710=PRESENTATION_STYLE_ASSIGNMENT((#21700));
#21720=EDGE_CURVE('',#20580,#13070,#20540,.T.);
#21730=ORIENTED_EDGE('',*,*,#21720,.F.);
#21740=ORIENTED_EDGE('',*,*,#13190,.F.);
#21750=ORIENTED_EDGE('',*,*,#19780,.T.);
#21760=ORIENTED_EDGE('',*,*,#20650,.T.);
#21770=EDGE_LOOP('',(#21760,#21750,#21740,#21730));
#21780=FACE_OUTER_BOUND('',#21770,.T.);
#21790=ADVANCED_FACE('',(#21780),#20500,.T.);
#21800=COLOUR_RGB('',9.4901967048645020E-01,9.4901967048645020E-01,
   1.0000000000000000E+00);
#21810=FILL_AREA_STYLE_COLOUR('',#21800);
#21820=FILL_AREA_STYLE('',(#21810));
#21830=SURFACE_STYLE_FILL_AREA(#21820);
#21840=SURFACE_SIDE_STYLE('',(#21830));
#21850=SURFACE_STYLE_USAGE(.BOTH.,#21840);
#21860=PRESENTATION_STYLE_ASSIGNMENT((#21850));
#21870=ORIENTED_EDGE('',*,*,#19070,.F.);
#21880=ORIENTED_EDGE('',*,*,#21720,.T.);
#21890=ORIENTED_EDGE('',*,*,#20950,.F.);
#21900=EDGE_LOOP('',(#21890,#21880,#21870));
#21910=FACE_OUTER_BOUND('',#21900,.T.);
#21920=ADVANCED_FACE('',(#21910),#20260,.T.);
#21930=COLOUR_RGB('',9.4901967048645020E-01,9.4901967048645020E-01,
   1.0000000000000000E+00);
#21940=FILL_AREA_STYLE_COLOUR('',#21930);
#21950=FILL_AREA_STYLE('',(#21940));
#21960=SURFACE_STYLE_FILL_AREA(#21950);
#21970=SURFACE_SIDE_STYLE('',(#21960));
#21980=SURFACE_STYLE_USAGE(.BOTH.,#21970);
#21990=PRESENTATION_STYLE_ASSIGNMENT((#21980));
#22000=CARTESIAN_POINT('',(-3.4871503587298207E+01,
   2.3238852824316119E+01,-5.0000000000000000E+00));
#22010=DIRECTION('',(-0.0000000000000000E+00,-1.0000000000000000E+00,
   -0.0000000000000000E+00));
#22020=DIRECTION('',(-1.0000000000000000E+00,0.0000000000000000E+00,
   0.0000000000000000E+00));
#22030=AXIS2_PLACEMENT_3D('',#22000,#22010,#22020);
#22040=PLANE('',#22030);
#22050=EDGE_CURVE('',#640,#110,#710,.T.);
#22060=ORIENTED_EDGE('',*,*,#22050,.F.);
#22070=ORIENTED_EDGE('',*,*,#720,.F.);
#22080=EDGE_LOOP('',(#22070,#22060));
#22090=FACE_BOUND('',#22080,.T.);
#22100=EDGE_CURVE('',#1320,#1510,#1580,.T.);
#22110=ORIENTED_EDGE('',*,*,#22100,.T.);
#22120=ORIENTED_EDGE('',*,*,#1590,.T.);
#22130=EDGE_LOOP('',(#22120,#22110));
#22140=FACE_OUTER_BOUND('',#22130,.T.);
#22150=ADVANCED_FACE('',(#22090,#22140),#22040,.F.);
#22160=COLOUR_RGB('',5.0196081399917603E-01,1.0000000000000000E+00,
   5.0196081399917603E-01);
#22170=FILL_AREA_STYLE_COLOUR('',#22160);
#22180=FILL_AREA_STYLE('',(#22170));
#22190=SURFACE_STYLE_FILL_AREA(#22180);
#22200=SURFACE_SIDE_STYLE('',(#22190));
#22210=SURFACE_STYLE_USAGE(.BOTH.,#22200);
#22220=PRESENTATION_STYLE_ASSIGNMENT((#22210));
#22230=CARTESIAN_POINT('',(-3.5854003587298216E+01,
   1.5508852824316122E+01,0.0000000000000000E+00));
#22240=DIRECTION('',(0.0000000000000000E+00,-1.0000000000000000E+00,
   0.0000000000000000E+00));
#22250=DIRECTION('',(1.0000000000000000E+00,0.0000000000000000E+00,
   0.0000000000000000E+00));
#22260=AXIS2_PLACEMENT_3D('',#22230,#22240,#22250);
#22270=CYLINDRICAL_SURFACE('',#22260,6.5000000000000002E-01);
#22280=CARTESIAN_POINT('',(-3.5204003587298217E+01,
   1.5508852824316122E+01,0.0000000000000000E+00));
#22290=DIRECTION('',(0.0000000000000000E+00,-1.0000000000000000E+00,
   0.0000000000000000E+00));
#22300=VECTOR('',#22290,1.0000000000000000E+00);
#22310=LINE('',#22280,#22300);
#22320=CARTESIAN_POINT('',(-3.5204003587298217E+01,
   1.5508852824316122E+01,0.0000000000000000E+00));
#22330=VERTEX_POINT('',#22320);
#22340=CARTESIAN_POINT('',(-3.5204003587298217E+01,
   1.5008852824316122E+01,0.0000000000000000E+00));
#22350=VERTEX_POINT('',#22340);
#22360=EDGE_CURVE('',#22330,#22350,#22310,.T.);
#22370=ORIENTED_EDGE('',*,*,#22360,.T.);
#22380=CARTESIAN_POINT('',(-3.5854003587298216E+01,
   1.5508852824316122E+01,0.0000000000000000E+00));
#22390=DIRECTION('',(0.0000000000000000E+00,-1.0000000000000000E+00,
   0.0000000000000000E+00));
#22400=DIRECTION('',(1.0000000000000000E+00,0.0000000000000000E+00,
   0.0000000000000000E+00));
#22410=AXIS2_PLACEMENT_3D('',#22380,#22390,#22400);
#22420=CIRCLE('',#22410,6.5000000000000002E-01);
#22430=CARTESIAN_POINT('',(-3.6504003587298214E+01,
   1.5508852824316122E+01,7.9602041944577967E-17));
#22440=VERTEX_POINT('',#22430);
#22450=EDGE_CURVE('',#22440,#22330,#22420,.T.);
#22460=ORIENTED_EDGE('',*,*,#22450,.T.);
#22470=CARTESIAN_POINT('',(-3.6504003587298214E+01,
   1.5508852824316122E+01,7.9602041944577967E-17));
#22480=DIRECTION('',(0.0000000000000000E+00,-1.0000000000000000E+00,
   0.0000000000000000E+00));
#22490=VECTOR('',#22480,1.0000000000000000E+00);
#22500=LINE('',#22470,#22490);
#22510=CARTESIAN_POINT('',(-3.6504003587298214E+01,
   1.5008852824316122E+01,7.9602041944577967E-17));
#22520=VERTEX_POINT('',#22510);
#22530=EDGE_CURVE('',#22440,#22520,#22500,.T.);
#22540=ORIENTED_EDGE('',*,*,#22530,.F.);
#22550=CARTESIAN_POINT('',(-3.5854003587298216E+01,
   1.5008852824316122E+01,0.0000000000000000E+00));
#22560=DIRECTION('',(0.0000000000000000E+00,-1.0000000000000000E+00,
   0.0000000000000000E+00));
#22570=DIRECTION('',(1.0000000000000000E+00,0.0000000000000000E+00,
   0.0000000000000000E+00));
#22580=AXIS2_PLACEMENT_3D('',#22550,#22560,#22570);
#22590=CIRCLE('',#22580,6.5000000000000002E-01);
#22600=EDGE_CURVE('',#22520,#22350,#22590,.T.);
#22610=ORIENTED_EDGE('',*,*,#22600,.F.);
#22620=EDGE_LOOP('',(#22610,#22540,#22460,#22370));
#22630=FACE_OUTER_BOUND('',#22620,.T.);
#22640=ADVANCED_FACE('',(#22630),#22270,.T.);
#22650=COLOUR_RGB('',9.4901967048645020E-01,9.4901967048645020E-01,
   1.0000000000000000E+00);
#22660=FILL_AREA_STYLE_COLOUR('',#22650);
#22670=FILL_AREA_STYLE('',(#22660));
#22680=SURFACE_STYLE_FILL_AREA(#22670);
#22690=SURFACE_SIDE_STYLE('',(#22680));
#22700=SURFACE_STYLE_USAGE(.BOTH.,#22690);
#22710=PRESENTATION_STYLE_ASSIGNMENT((#22700));
#22720=CARTESIAN_POINT('',(-3.6122820727760129E+01,
   1.5008852824316122E+01,-5.6707598847310283E+00));
#22730=DIRECTION('',(0.0000000000000000E+00,-1.0000000000000000E+00,
   0.0000000000000000E+00));
#22740=DIRECTION('',(1.0000000000000000E+00,0.0000000000000000E+00,
   0.0000000000000000E+00));
#22750=AXIS2_PLACEMENT_3D('',#22720,#22730,#22740);
#22760=PLANE('',#22750);
#22770=CARTESIAN_POINT('',(-8.8925674828030196E+01,
   1.5008852824316122E+01,0.0000000000000000E+00));
#22780=DIRECTION('',(1.0000000000000000E+00,0.0000000000000000E+00,
   0.0000000000000000E+00));
#22790=VECTOR('',#22780,1.0000000000000000E+00);
#22800=LINE('',#22770,#22790);
#22810=CARTESIAN_POINT('',(-3.6104003587298216E+01,
   1.5008852824316122E+01,0.0000000000000000E+00));
#22820=VERTEX_POINT('',#22810);
#22830=EDGE_CURVE('',#22520,#22820,#22800,.T.);
#22840=ORIENTED_EDGE('',*,*,#22830,.F.);
#22850=CARTESIAN_POINT('',(-3.6104003587298216E+01,
   1.5008852824316122E+01,0.0000000000000000E+00));
#22860=DIRECTION('',(0.0000000000000000E+00,0.0000000000000000E+00,
   -1.0000000000000000E+00));
#22870=VECTOR('',#22860,1.0000000000000000E+00);
#22880=LINE('',#22850,#22870);
#22890=CARTESIAN_POINT('',(-3.6104003587298216E+01,
   1.5008852824316122E+01,-5.0000000000000000E-01));
#22900=VERTEX_POINT('',#22890);
#22910=EDGE_CURVE('',#22820,#22900,#22880,.T.);
#22920=ORIENTED_EDGE('',*,*,#22910,.F.);
#22930=CARTESIAN_POINT('',(-8.8925674828030196E+01,
   1.5008852824316122E+01,-5.0000000000000000E-01));
#22940=DIRECTION('',(1.0000000000000000E+00,0.0000000000000000E+00,
   0.0000000000000000E+00));
#22950=VECTOR('',#22940,1.0000000000000000E+00);
#22960=LINE('',#22930,#22950);
#22970=CARTESIAN_POINT('',(-3.5604003587298216E+01,
   1.5008852824316122E+01,-5.0000000000000000E-01));
#22980=VERTEX_POINT('',#22970);
#22990=EDGE_CURVE('',#22900,#22980,#22960,.T.);
#23000=ORIENTED_EDGE('',*,*,#22990,.F.);
#23010=CARTESIAN_POINT('',(-3.5604003587298216E+01,
   1.5008852824316122E+01,0.0000000000000000E+00));
#23020=DIRECTION('',(0.0000000000000000E+00,0.0000000000000000E+00,
   1.0000000000000000E+00));
#23030=VECTOR('',#23020,1.0000000000000000E+00);
#23040=LINE('',#23010,#23030);
#23050=CARTESIAN_POINT('',(-3.5604003587298216E+01,
   1.5008852824316122E+01,0.0000000000000000E+00));
#23060=VERTEX_POINT('',#23050);
#23070=EDGE_CURVE('',#22980,#23060,#23040,.T.);
#23080=ORIENTED_EDGE('',*,*,#23070,.F.);
#23090=EDGE_CURVE('',#23060,#22350,#22800,.T.);
#23100=ORIENTED_EDGE('',*,*,#23090,.F.);
#23110=ORIENTED_EDGE('',*,*,#22600,.T.);
#23120=EDGE_LOOP('',(#23110,#23100,#23080,#23000,#22920,#22840));
#23130=FACE_OUTER_BOUND('',#23120,.T.);
#23140=ADVANCED_FACE('',(#23130),#22760,.T.);
#23150=COLOUR_RGB('',9.4901967048645020E-01,9.4901967048645020E-01,
   1.0000000000000000E+00);
#23160=FILL_AREA_STYLE_COLOUR('',#23150);
#23170=FILL_AREA_STYLE('',(#23160));
#23180=SURFACE_STYLE_FILL_AREA(#23170);
#23190=SURFACE_SIDE_STYLE('',(#23180));
#23200=SURFACE_STYLE_USAGE(.BOTH.,#23190);
#23210=PRESENTATION_STYLE_ASSIGNMENT((#23200));
#23220=CARTESIAN_POINT('',(-3.6104003587298216E+01,
   1.5008852824316122E+01,4.5000000000000000E+00));
#23230=DIRECTION('',(-1.0000000000000000E+00,0.0000000000000000E+00,
   0.0000000000000000E+00));
#23240=DIRECTION('',(0.0000000000000000E+00,0.0000000000000000E+00,
   1.0000000000000000E+00));
#23250=AXIS2_PLACEMENT_3D('',#23220,#23230,#23240);
#23260=PLANE('',#23250);
#23270=CARTESIAN_POINT('',(-3.6104003587298216E+01,
   1.5008852824316122E+01,1.0000000000000004E+01));
#23280=DIRECTION('',(0.0000000000000000E+00,0.0000000000000000E+00,
   -1.0000000000000000E+00));
#23290=VECTOR('',#23280,1.0000000000000000E+00);
#23300=LINE('',#23270,#23290);
#23310=CARTESIAN_POINT('',(-3.6104003587298216E+01,
   1.5008852824316122E+01,5.5000000000000036E+00));
#23320=VERTEX_POINT('',#23310);
#23330=CARTESIAN_POINT('',(-3.6104003587298216E+01,
   1.5008852824316122E+01,5.0000000000000000E+00));
#23340=VERTEX_POINT('',#23330);
#23350=EDGE_CURVE('',#23320,#23340,#23300,.T.);
#23360=ORIENTED_EDGE('',*,*,#23350,.T.);
#23370=CARTESIAN_POINT('',(-3.6104003587298216E+01,
   1.5008852824316122E+01,5.5000000000000036E+00));
#23380=DIRECTION('',(0.0000000000000000E+00,-1.0000000000000000E+00,
   0.0000000000000000E+00));
#23390=VECTOR('',#23380,1.0000000000000000E+00);
#23400=LINE('',#23370,#23390);
#23410=CARTESIAN_POINT('',(-3.6104003587298216E+01,
   1.3008852824316122E+01,5.5000000000000036E+00));
#23420=VERTEX_POINT('',#23410);
#23430=EDGE_CURVE('',#23320,#23420,#23400,.T.);
#23440=ORIENTED_EDGE('',*,*,#23430,.F.);
#23450=CARTESIAN_POINT('',(-3.6104003587298216E+01,
   -2.6716239164827719E+01,-5.1443063177431370E+00));
#23460=DIRECTION('',(0.0000000000000000E+00,-9.6592582628906842E-01,
   -2.5881904510252046E-01));
#23470=VECTOR('',#23460,1.0000000000000000E+00);
#23480=LINE('',#23450,#23470);
#23490=CARTESIAN_POINT('',(-3.6104003587298216E+01,
   1.2008852824316129E+01,5.2320508075688821E+00));
#23500=VERTEX_POINT('',#23490);
#23510=EDGE_CURVE('',#23420,#23500,#23480,.T.);
#23520=ORIENTED_EDGE('',*,*,#23510,.F.);
#23530=CARTESIAN_POINT('',(-3.6104003587298216E+01,
   1.2008852824316122E+01,5.5000000000000036E+00));
#23540=DIRECTION('',(0.0000000000000000E+00,0.0000000000000000E+00,
   -1.0000000000000000E+00));
#23550=VECTOR('',#23540,1.0000000000000000E+00);
#23560=LINE('',#23530,#23550);
#23570=CARTESIAN_POINT('',(-3.6104003587298216E+01,
   1.2008852824316129E+01,4.7679491924311215E+00));
#23580=VERTEX_POINT('',#23570);
#23590=EDGE_CURVE('',#23500,#23580,#23560,.T.);
#23600=ORIENTED_EDGE('',*,*,#23590,.F.);
#23610=CARTESIAN_POINT('',(-3.6104003587298216E+01,
   -2.6716239164827719E+01,1.5144306317743141E+01));
#23620=DIRECTION('',(0.0000000000000000E+00,-9.6592582628906842E-01,
   2.5881904510252046E-01));
#23630=VECTOR('',#23620,1.0000000000000000E+00);
#23640=LINE('',#23610,#23630);
#23650=CARTESIAN_POINT('',(-3.6104003587298216E+01,
   1.3008852824316122E+01,4.5000000000000000E+00));
#23660=VERTEX_POINT('',#23650);
#23670=EDGE_CURVE('',#23660,#23580,#23640,.T.);
#23680=ORIENTED_EDGE('',*,*,#23670,.T.);
#23690=CARTESIAN_POINT('',(-3.6104003587298216E+01,
   1.5008852824316122E+01,4.5000000000000000E+00));
#23700=DIRECTION('',(0.0000000000000000E+00,-1.0000000000000000E+00,
   0.0000000000000000E+00));
#23710=VECTOR('',#23700,1.0000000000000000E+00);
#23720=LINE('',#23690,#23710);
#23730=CARTESIAN_POINT('',(-3.6104003587298216E+01,
   1.5008852824316122E+01,4.5000000000000000E+00));
#23740=VERTEX_POINT('',#23730);
#23750=EDGE_CURVE('',#23740,#23660,#23720,.T.);
#23760=ORIENTED_EDGE('',*,*,#23750,.T.);
#23770=CARTESIAN_POINT('',(-3.6104003587298216E+01,
   1.5008852824316122E+01,5.0000000000000000E+00));
#23780=DIRECTION('',(0.0000000000000000E+00,0.0000000000000000E+00,
   -1.0000000000000000E+00));
#23790=VECTOR('',#23780,1.0000000000000000E+00);
#23800=LINE('',#23770,#23790);
#23810=EDGE_CURVE('',#23340,#23740,#23800,.T.);
#23820=ORIENTED_EDGE('',*,*,#23810,.T.);
#23830=EDGE_LOOP('',(#23820,#23760,#23680,#23600,#23520,#23440,#23360));
#23840=FACE_OUTER_BOUND('',#23830,.T.);
#23850=ADVANCED_FACE('',(#23840),#23260,.T.);
#23860=COLOUR_RGB('',9.4901967048645020E-01,9.4901967048645020E-01,
   1.0000000000000000E+00);
#23870=FILL_AREA_STYLE_COLOUR('',#23860);
#23880=FILL_AREA_STYLE('',(#23870));
#23890=SURFACE_STYLE_FILL_AREA(#23880);
#23900=SURFACE_SIDE_STYLE('',(#23890));
#23910=SURFACE_STYLE_USAGE(.BOTH.,#23900);
#23920=PRESENTATION_STYLE_ASSIGNMENT((#23910));
#23930=CARTESIAN_POINT('',(-3.5604003587298216E+01,
   1.5008852824316122E+01,-5.0000000000000000E-01));
#23940=DIRECTION('',(0.0000000000000000E+00,0.0000000000000000E+00,
   -1.0000000000000000E+00));
#23950=DIRECTION('',(-1.0000000000000000E+00,0.0000000000000000E+00,
   0.0000000000000000E+00));
#23960=AXIS2_PLACEMENT_3D('',#23930,#23940,#23950);
#23970=PLANE('',#23960);
#23980=CARTESIAN_POINT('',(-3.6104003587298216E+01,
   1.5008852824316122E+01,-5.0000000000000000E-01));
#23990=DIRECTION('',(0.0000000000000000E+00,-1.0000000000000000E+00,
   0.0000000000000000E+00));
#24000=VECTOR('',#23990,1.0000000000000000E+00);
#24010=LINE('',#23980,#24000);
#24020=CARTESIAN_POINT('',(-3.6104003587298216E+01,
   1.3008852824316122E+01,-5.0000000000000000E-01));
#24030=VERTEX_POINT('',#24020);
#24040=EDGE_CURVE('',#22900,#24030,#24010,.T.);
#24050=ORIENTED_EDGE('',*,*,#24040,.F.);
#24060=CARTESIAN_POINT('',(-8.8925674828030196E+01,
   1.3008852824316122E+01,-5.0000000000000000E-01));
#24070=DIRECTION('',(-1.0000000000000000E+00,0.0000000000000000E+00,
   0.0000000000000000E+00));
#24080=VECTOR('',#24070,1.0000000000000000E+00);
#24090=LINE('',#24060,#24080);
#24100=CARTESIAN_POINT('',(-3.5604003587298216E+01,
   1.3008852824316122E+01,-5.0000000000000000E-01));
#24110=VERTEX_POINT('',#24100);
#24120=EDGE_CURVE('',#24110,#24030,#24090,.T.);
#24130=ORIENTED_EDGE('',*,*,#24120,.T.);
#24140=CARTESIAN_POINT('',(-3.5604003587298216E+01,
   1.5008852824316122E+01,-5.0000000000000000E-01));
#24150=DIRECTION('',(0.0000000000000000E+00,-1.0000000000000000E+00,
   0.0000000000000000E+00));
#24160=VECTOR('',#24150,1.0000000000000000E+00);
#24170=LINE('',#24140,#24160);
#24180=EDGE_CURVE('',#22980,#24110,#24170,.T.);
#24190=ORIENTED_EDGE('',*,*,#24180,.T.);
#24200=ORIENTED_EDGE('',*,*,#22990,.T.);
#24210=EDGE_LOOP('',(#24200,#24190,#24130,#24050));
#24220=FACE_OUTER_BOUND('',#24210,.T.);
#24230=ADVANCED_FACE('',(#24220),#23970,.T.);
#24240=COLOUR_RGB('',9.4901967048645020E-01,9.4901967048645020E-01,
   1.0000000000000000E+00);
#24250=FILL_AREA_STYLE_COLOUR('',#24240);
#24260=FILL_AREA_STYLE('',(#24250));
#24270=SURFACE_STYLE_FILL_AREA(#24260);
#24280=SURFACE_SIDE_STYLE('',(#24270));
#24290=SURFACE_STYLE_USAGE(.BOTH.,#24280);
#24300=PRESENTATION_STYLE_ASSIGNMENT((#24290));
#24310=CARTESIAN_POINT('',(-3.5581516213882892E+01,
   2.3538852824316109E+01,-2.4748737341531779E-01));
#24320=DIRECTION('',(-7.0710678118654746E-01,0.0000000000000000E+00,
   7.0710678118654757E-01));
#24330=DIRECTION('',(0.0000000000000000E+00,1.0000000000000000E+00,
   0.0000000000000000E+00));
#24340=AXIS2_PLACEMENT_3D('',#24310,#24320,#24330);
#24350=PLANE('',#24340);
#24360=ORIENTED_EDGE('',*,*,#8610,.F.);
#24370=CARTESIAN_POINT('',(-3.4261004949258471E+01,
   2.3082795793605840E+01,1.0730238912091083E+00));
#24380=DIRECTION('',(0.0000000000000000E+00,1.0000000000000000E+00,
   0.0000000000000000E+00));
#24390=VECTOR('',#24380,1.0000000000000000E+00);
#24400=LINE('',#24370,#24390);
#24410=CARTESIAN_POINT('',(-3.4261004949258449E+01,
   2.3538852824316109E+01,1.0730238912090777E+00));
#24420=VERTEX_POINT('',#24410);
#24430=EDGE_CURVE('',#24420,#8520,#24400,.T.);
#24440=ORIENTED_EDGE('',*,*,#24430,.T.);
#24450=CARTESIAN_POINT('',(-8.8925674828030196E+01,
   2.3538852824316109E+01,-5.3591645987562615E+01));
#24460=DIRECTION('',(-7.0710678118654757E-01,0.0000000000000000E+00,
   -7.0710678118654746E-01));
#24470=VECTOR('',#24460,1.0000000000000000E+00);
#24480=LINE('',#24450,#24470);
#24490=CARTESIAN_POINT('',(-3.5214995679261598E+01,
   2.3538852824316109E+01,1.1903316120586727E-01));
#24500=VERTEX_POINT('',#24490);
#24510=EDGE_CURVE('',#24420,#24500,#24480,.T.);
#24520=ORIENTED_EDGE('',*,*,#24510,.F.);
#24530=CARTESIAN_POINT('',(-3.5214995679261612E+01,
   3.5508852824316115E+01,1.1903316120596141E-01));
#24540=DIRECTION('',(0.0000000000000000E+00,-1.0000000000000000E+00,
   0.0000000000000000E+00));
#24550=VECTOR('',#24540,1.0000000000000000E+00);
#24560=LINE('',#24530,#24550);
#24570=EDGE_CURVE('',#8600,#24500,#24560,.T.);
#24580=ORIENTED_EDGE('',*,*,#24570,.T.);
#24590=EDGE_LOOP('',(#24580,#24520,#24440,#24360));
#24600=FACE_OUTER_BOUND('',#24590,.T.);
#24610=ADVANCED_FACE('',(#24600),#24350,.T.);
#24620=COLOUR_RGB('',9.4901967048645020E-01,9.4901967048645020E-01,
   1.0000000000000000E+00);
#24630=FILL_AREA_STYLE_COLOUR('',#24620);
#24640=FILL_AREA_STYLE('',(#24630));
#24650=SURFACE_STYLE_FILL_AREA(#24640);
#24660=SURFACE_SIDE_STYLE('',(#24650));
#24670=SURFACE_STYLE_USAGE(.BOTH.,#24660);
#24680=PRESENTATION_STYLE_ASSIGNMENT((#24670));
#24690=CARTESIAN_POINT('',(-3.6122820727760129E+01,
   1.2008852824316122E+01,-5.6707598847310283E+00));
#24700=DIRECTION('',(0.0000000000000000E+00,-1.0000000000000000E+00,
   0.0000000000000000E+00));
#24710=DIRECTION('',(1.0000000000000000E+00,0.0000000000000000E+00,
   0.0000000000000000E+00));
#24720=AXIS2_PLACEMENT_3D('',#24690,#24700,#24710);
#24730=PLANE('',#24720);
#24740=CARTESIAN_POINT('',(-8.8925674828030196E+01,
   1.2008852824316122E+01,2.3205080756887853E-01));
#24750=DIRECTION('',(1.0000000000000000E+00,0.0000000000000000E+00,
   0.0000000000000000E+00));
#24760=VECTOR('',#24750,1.0000000000000000E+00);
#24770=LINE('',#24740,#24760);
#24780=CARTESIAN_POINT('',(-3.6104003587298216E+01,
   1.2008852824316129E+01,2.3205080756887853E-01));
#24790=VERTEX_POINT('',#24780);
#24800=CARTESIAN_POINT('',(-3.5604003587298216E+01,
   1.2008852824316129E+01,2.3205080756887853E-01));
#24810=VERTEX_POINT('',#24800);
#24820=EDGE_CURVE('',#24790,#24810,#24770,.T.);
#24830=ORIENTED_EDGE('',*,*,#24820,.F.);
#24840=CARTESIAN_POINT('',(-3.5604003587298216E+01,
   1.2008852824316122E+01,-5.0000000000000000E-01));
#24850=DIRECTION('',(0.0000000000000000E+00,0.0000000000000000E+00,
   1.0000000000000000E+00));
#24860=VECTOR('',#24850,1.0000000000000000E+00);
#24870=LINE('',#24840,#24860);
#24880=CARTESIAN_POINT('',(-3.5604003587298216E+01,
   1.2008852824316129E+01,-2.3205080756887853E-01));
#24890=VERTEX_POINT('',#24880);
#24900=EDGE_CURVE('',#24890,#24810,#24870,.T.);
#24910=ORIENTED_EDGE('',*,*,#24900,.T.);
#24920=CARTESIAN_POINT('',(-8.8925674828030196E+01,
   1.2008852824316122E+01,-2.3205080756887886E-01));
#24930=DIRECTION('',(1.0000000000000000E+00,0.0000000000000000E+00,
   0.0000000000000000E+00));
#24940=VECTOR('',#24930,1.0000000000000000E+00);
#24950=LINE('',#24920,#24940);
#24960=CARTESIAN_POINT('',(-3.6104003587298216E+01,
   1.2008852824316129E+01,-2.3205080756887853E-01));
#24970=VERTEX_POINT('',#24960);
#24980=EDGE_CURVE('',#24970,#24890,#24950,.T.);
#24990=ORIENTED_EDGE('',*,*,#24980,.T.);
#25000=CARTESIAN_POINT('',(-3.6104003587298216E+01,
   1.2008852824316122E+01,5.0000000000000000E-01));
#25010=DIRECTION('',(0.0000000000000000E+00,0.0000000000000000E+00,
   -1.0000000000000000E+00));
#25020=VECTOR('',#25010,1.0000000000000000E+00);
#25030=LINE('',#25000,#25020);
#25040=EDGE_CURVE('',#24790,#24970,#25030,.T.);
#25050=ORIENTED_EDGE('',*,*,#25040,.T.);
#25060=EDGE_LOOP('',(#25050,#24990,#24910,#24830));
#25070=FACE_OUTER_BOUND('',#25060,.T.);
#25080=ADVANCED_FACE('',(#25070),#24730,.T.);
#25090=COLOUR_RGB('',9.4901967048645020E-01,9.4901967048645020E-01,
   1.0000000000000000E+00);
#25100=FILL_AREA_STYLE_COLOUR('',#25090);
#25110=FILL_AREA_STYLE('',(#25100));
#25120=SURFACE_STYLE_FILL_AREA(#25110);
#25130=SURFACE_SIDE_STYLE('',(#25120));
#25140=SURFACE_STYLE_USAGE(.BOTH.,#25130);
#25150=PRESENTATION_STYLE_ASSIGNMENT((#25140));
#25160=CARTESIAN_POINT('',(-3.6104003587298216E+01,
   1.5008852824316122E+01,-5.0000000000000000E-01));
#25170=DIRECTION('',(-1.0000000000000000E+00,0.0000000000000000E+00,
   0.0000000000000000E+00));
#25180=DIRECTION('',(0.0000000000000000E+00,0.0000000000000000E+00,
   1.0000000000000000E+00));
#25190=AXIS2_PLACEMENT_3D('',#25160,#25170,#25180);
#25200=PLANE('',#25190);
#25210=CARTESIAN_POINT('',(-3.6104003587298216E+01,
   1.5008852824316122E+01,5.0000000000000000E+00));
#25220=DIRECTION('',(0.0000000000000000E+00,0.0000000000000000E+00,
   -1.0000000000000000E+00));
#25230=VECTOR('',#25220,1.0000000000000000E+00);
#25240=LINE('',#25210,#25230);
#25250=CARTESIAN_POINT('',(-3.6104003587298216E+01,
   1.5008852824316122E+01,5.0000000000000000E-01));
#25260=VERTEX_POINT('',#25250);
#25270=EDGE_CURVE('',#25260,#22820,#25240,.T.);
#25280=ORIENTED_EDGE('',*,*,#25270,.T.);
#25290=CARTESIAN_POINT('',(-3.6104003587298216E+01,
   1.5008852824316122E+01,5.0000000000000000E-01));
#25300=DIRECTION('',(0.0000000000000000E+00,-1.0000000000000000E+00,
   0.0000000000000000E+00));
#25310=VECTOR('',#25300,1.0000000000000000E+00);
#25320=LINE('',#25290,#25310);
#25330=CARTESIAN_POINT('',(-3.6104003587298216E+01,
   1.3008852824316122E+01,5.0000000000000000E-01));
#25340=VERTEX_POINT('',#25330);
#25350=EDGE_CURVE('',#25260,#25340,#25320,.T.);
#25360=ORIENTED_EDGE('',*,*,#25350,.F.);
#25370=CARTESIAN_POINT('',(-3.6104003587298216E+01,
   -2.6716239164827719E+01,-1.0144306317743141E+01));
#25380=DIRECTION('',(0.0000000000000000E+00,-9.6592582628906842E-01,
   -2.5881904510252046E-01));
#25390=VECTOR('',#25380,1.0000000000000000E+00);
#25400=LINE('',#25370,#25390);
#25410=EDGE_CURVE('',#25340,#24790,#25400,.T.);
#25420=ORIENTED_EDGE('',*,*,#25410,.F.);
#25430=ORIENTED_EDGE('',*,*,#25040,.F.);
#25440=CARTESIAN_POINT('',(-3.6104003587298216E+01,
   -2.6716239164827719E+01,1.0144306317743141E+01));
#25450=DIRECTION('',(0.0000000000000000E+00,-9.6592582628906842E-01,
   2.5881904510252046E-01));
#25460=VECTOR('',#25450,1.0000000000000000E+00);
#25470=LINE('',#25440,#25460);
#25480=EDGE_CURVE('',#24030,#24970,#25470,.T.);
#25490=ORIENTED_EDGE('',*,*,#25480,.T.);
#25500=ORIENTED_EDGE('',*,*,#24040,.T.);
#25510=ORIENTED_EDGE('',*,*,#22910,.T.);
#25520=EDGE_LOOP('',(#25510,#25500,#25490,#25430,#25420,#25360,#25280));
#25530=FACE_OUTER_BOUND('',#25520,.T.);
#25540=ADVANCED_FACE('',(#25530),#25200,.T.);
#25550=COLOUR_RGB('',9.4901967048645020E-01,9.4901967048645020E-01,
   1.0000000000000000E+00);
#25560=FILL_AREA_STYLE_COLOUR('',#25550);
#25570=FILL_AREA_STYLE('',(#25560));
#25580=SURFACE_STYLE_FILL_AREA(#25570);
#25590=SURFACE_SIDE_STYLE('',(#25580));
#25600=SURFACE_STYLE_USAGE(.BOTH.,#25590);
#25610=PRESENTATION_STYLE_ASSIGNMENT((#25600));
#25620=CARTESIAN_POINT('',(-3.5854003587298216E+01,
   1.2508852824316122E+01,-3.6602540378443882E-01));
#25630=DIRECTION('',(0.0000000000000000E+00,2.5881904510252046E-01,
   9.6592582628906842E-01));
#25640=DIRECTION('',(0.0000000000000000E+00,9.6592582628906842E-01,
   -2.5881904510252046E-01));
#25650=AXIS2_PLACEMENT_3D('',#25620,#25630,#25640);
#25660=PLANE('',#25650);
#25670=CARTESIAN_POINT('',(-3.5604003587298216E+01,
   -2.6716239164827719E+01,1.0144306317743141E+01));
#25680=DIRECTION('',(0.0000000000000000E+00,9.6592582628906842E-01,
   -2.5881904510252046E-01));
#25690=VECTOR('',#25680,1.0000000000000000E+00);
#25700=LINE('',#25670,#25690);
#25710=EDGE_CURVE('',#24890,#24110,#25700,.T.);
#25720=ORIENTED_EDGE('',*,*,#25710,.F.);
#25730=ORIENTED_EDGE('',*,*,#24120,.F.);
#25740=ORIENTED_EDGE('',*,*,#25480,.F.);
#25750=ORIENTED_EDGE('',*,*,#24980,.F.);
#25760=EDGE_LOOP('',(#25750,#25740,#25730,#25720));
#25770=FACE_OUTER_BOUND('',#25760,.T.);
#25780=ADVANCED_FACE('',(#25770),#25660,.F.);
#25790=COLOUR_RGB('',9.4901967048645020E-01,9.4901967048645020E-01,
   1.0000000000000000E+00);
#25800=FILL_AREA_STYLE_COLOUR('',#25790);
#25810=FILL_AREA_STYLE('',(#25800));
#25820=SURFACE_STYLE_FILL_AREA(#25810);
#25830=SURFACE_SIDE_STYLE('',(#25820));
#25840=SURFACE_STYLE_USAGE(.BOTH.,#25830);
#25850=PRESENTATION_STYLE_ASSIGNMENT((#25840));
#25860=CARTESIAN_POINT('',(-3.5829003587298203E+01,
   2.3082795793605840E+01,5.0000000000000000E+00));
#25870=DIRECTION('',(0.0000000000000000E+00,1.0000000000000000E+00,
   0.0000000000000000E+00));
#25880=DIRECTION('',(-1.0000000000000000E+00,0.0000000000000000E+00,
   0.0000000000000000E+00));
#25890=AXIS2_PLACEMENT_3D('',#25860,#25870,#25880);
#25900=CYLINDRICAL_SURFACE('',#25890,1.8999999999999999E+00);
#25910=CARTESIAN_POINT('',(-3.7729003587298202E+01,
   2.3082795793605840E+01,5.0000000000000000E+00));
#25920=DIRECTION('',(0.0000000000000000E+00,1.0000000000000000E+00,
   0.0000000000000000E+00));
#25930=VECTOR('',#25920,1.0000000000000000E+00);
#25940=LINE('',#25910,#25930);
#25950=CARTESIAN_POINT('',(-3.7729003587298202E+01,
   2.4538852824316116E+01,5.0000000000000000E+00));
#25960=VERTEX_POINT('',#25950);
#25970=EDGE_CURVE('',#2470,#25960,#25940,.T.);
#25980=ORIENTED_EDGE('',*,*,#25970,.F.);
#25990=CARTESIAN_POINT('',(-3.5829003587298203E+01,
   2.4538852824316116E+01,5.0000000000000000E+00));
#26000=DIRECTION('',(0.0000000000000000E+00,1.0000000000000000E+00,
   0.0000000000000000E+00));
#26010=DIRECTION('',(-1.0000000000000000E+00,0.0000000000000000E+00,
   0.0000000000000000E+00));
#26020=AXIS2_PLACEMENT_3D('',#25990,#26000,#26010);
#26030=CIRCLE('',#26020,1.8999999999999999E+00);
#26040=CARTESIAN_POINT('',(-3.4755979696089121E+01,
   2.4538852824316116E+01,6.5679986380397564E+00));
#26050=VERTEX_POINT('',#26040);
#26060=EDGE_CURVE('',#25960,#26050,#26030,.T.);
#26070=ORIENTED_EDGE('',*,*,#26060,.F.);
#26080=CARTESIAN_POINT('',(-3.4755979696089057E+01,
   2.3082795793605840E+01,6.5679986380397128E+00));
#26090=DIRECTION('',(0.0000000000000000E+00,1.0000000000000000E+00,
   0.0000000000000000E+00));
#26100=VECTOR('',#26090,1.0000000000000000E+00);
#26110=LINE('',#26080,#26100);
#26120=CARTESIAN_POINT('',(-3.4755979696089057E+01,
   2.3538852824316109E+01,6.5679986380397128E+00));
#26130=VERTEX_POINT('',#26120);
#26140=EDGE_CURVE('',#26130,#26050,#26110,.T.);
#26150=ORIENTED_EDGE('',*,*,#26140,.T.);
#26160=CARTESIAN_POINT('',(-3.5829003587298203E+01,
   2.3538852824316109E+01,5.0000000000000036E+00));
#26170=DIRECTION('',(0.0000000000000000E+00,1.0000000000000000E+00,
   0.0000000000000000E+00));
#26180=DIRECTION('',(-1.0000000000000000E+00,0.0000000000000000E+00,
   0.0000000000000000E+00));
#26190=AXIS2_PLACEMENT_3D('',#26160,#26170,#26180);
#26200=CIRCLE('',#26190,1.8999999999999999E+00);
#26210=CARTESIAN_POINT('',(-3.4261004949258449E+01,
   2.3538852824316109E+01,6.0730238912090808E+00));
#26220=VERTEX_POINT('',#26210);
#26230=EDGE_CURVE('',#26130,#26220,#26200,.T.);
#26240=ORIENTED_EDGE('',*,*,#26230,.F.);
#26250=CARTESIAN_POINT('',(-3.4261004949258471E+01,
   2.3082795793605840E+01,6.0730238912091119E+00));
#26260=DIRECTION('',(0.0000000000000000E+00,1.0000000000000000E+00,
   0.0000000000000000E+00));
#26270=VECTOR('',#26260,1.0000000000000000E+00);
#26280=LINE('',#26250,#26270);
#26290=EDGE_CURVE('',#26220,#8070,#26280,.T.);
#26300=ORIENTED_EDGE('',*,*,#26290,.F.);
#26310=ORIENTED_EDGE('',*,*,#8080,.F.);
#26320=CARTESIAN_POINT('',(-3.3929003587298205E+01,
   2.3082795793605840E+01,5.0000000000000000E+00));
#26330=DIRECTION('',(0.0000000000000000E+00,1.0000000000000000E+00,
   0.0000000000000000E+00));
#26340=VECTOR('',#26330,1.0000000000000000E+00);
#26350=LINE('',#26320,#26340);
#26360=EDGE_CURVE('',#2450,#8030,#26350,.T.);
#26370=ORIENTED_EDGE('',*,*,#26360,.T.);
#26380=ORIENTED_EDGE('',*,*,#2500,.T.);
#26390=EDGE_LOOP('',(#26380,#26370,#26310,#26300,#26240,#26150,#26070,
   #25980));
#26400=FACE_OUTER_BOUND('',#26390,.T.);
#26410=ADVANCED_FACE('',(#26400),#25900,.T.);
#26420=COLOUR_RGB('',9.4901967048645020E-01,9.4901967048645020E-01,
   1.0000000000000000E+00);
#26430=FILL_AREA_STYLE_COLOUR('',#26420);
#26440=FILL_AREA_STYLE('',(#26430));
#26450=SURFACE_STYLE_FILL_AREA(#26440);
#26460=SURFACE_SIDE_STYLE('',(#26450));
#26470=SURFACE_STYLE_USAGE(.BOTH.,#26460);
#26480=PRESENTATION_STYLE_ASSIGNMENT((#26470));
#26490=CARTESIAN_POINT('',(-8.8925674828030196E+01,
   2.4538852824316116E+01,0.0000000000000000E+00));
#26500=DIRECTION('',(-1.0000000000000000E+00,0.0000000000000000E+00,
   0.0000000000000000E+00));
#26510=VECTOR('',#26500,1.0000000000000000E+00);
#26520=LINE('',#26490,#26510);
#26530=EDGE_CURVE('',#3740,#12360,#26520,.T.);
#26540=ORIENTED_EDGE('',*,*,#26530,.T.);
#26550=EDGE_CURVE('',#12450,#3740,#12510,.T.);
#26560=ORIENTED_EDGE('',*,*,#26550,.T.);
#26570=ORIENTED_EDGE('',*,*,#12460,.F.);
#26580=EDGE_LOOP('',(#26570,#26560,#26540));
#26590=FACE_OUTER_BOUND('',#26580,.T.);
#26600=ADVANCED_FACE('',(#26590),#8390,.T.);
#26610=COLOUR_RGB('',9.4901967048645020E-01,9.4901967048645020E-01,
   1.0000000000000000E+00);
#26620=FILL_AREA_STYLE_COLOUR('',#26610);
#26630=FILL_AREA_STYLE('',(#26620));
#26640=SURFACE_STYLE_FILL_AREA(#26630);
#26650=SURFACE_SIDE_STYLE('',(#26640));
#26660=SURFACE_STYLE_USAGE(.BOTH.,#26650);
#26670=PRESENTATION_STYLE_ASSIGNMENT((#26660));
#26680=CARTESIAN_POINT('',(-3.6076490960713485E+01,
   2.4538852824316109E+01,1.0247487373415286E+01));
#26690=DIRECTION('',(7.0710678118654746E-01,0.0000000000000000E+00,
   -7.0710678118654757E-01));
#26700=DIRECTION('',(0.0000000000000000E+00,-1.0000000000000000E+00,
   0.0000000000000000E+00));
#26710=AXIS2_PLACEMENT_3D('',#26680,#26690,#26700);
#26720=PLANE('',#26710);
#26730=CARTESIAN_POINT('',(-8.8925674828030196E+01,
   2.4538852824316116E+01,-4.2601696493901414E+01));
#26740=DIRECTION('',(-7.0710678118654757E-01,0.0000000000000000E+00,
   -7.0710678118654746E-01));
#26750=VECTOR('',#26740,1.0000000000000000E+00);
#26760=LINE('',#26730,#26750);
#26770=CARTESIAN_POINT('',(-3.6483998472459014E+01,
   2.4538852824316116E+01,9.8399798616697556E+00));
#26780=VERTEX_POINT('',#26770);
#26790=CARTESIAN_POINT('',(-3.7397002225337957E+01,
   2.4538852824316116E+01,8.9269761087909227E+00));
#26800=VERTEX_POINT('',#26790);
#26810=EDGE_CURVE('',#26780,#26800,#26760,.T.);
#26820=ORIENTED_EDGE('',*,*,#26810,.F.);
#26830=CARTESIAN_POINT('',(-3.7397002225337914E+01,
   2.3082795793605840E+01,8.9269761087908588E+00));
#26840=DIRECTION('',(0.0000000000000000E+00,1.0000000000000000E+00,
   0.0000000000000000E+00));
#26850=VECTOR('',#26840,1.0000000000000000E+00);
#26860=LINE('',#26830,#26850);
#26870=CARTESIAN_POINT('',(-3.7397002225337914E+01,
   2.3538852824316109E+01,8.9269761087908588E+00));
#26880=VERTEX_POINT('',#26870);
#26890=EDGE_CURVE('',#26880,#26800,#26860,.T.);
#26900=ORIENTED_EDGE('',*,*,#26890,.T.);
#26910=CARTESIAN_POINT('',(-8.8925674828030196E+01,
   2.3538852824316109E+01,-4.2601696493901414E+01));
#26920=DIRECTION('',(-7.0710678118654757E-01,0.0000000000000000E+00,
   -7.0710678118654746E-01));
#26930=VECTOR('',#26920,1.0000000000000000E+00);
#26940=LINE('',#26910,#26930);
#26950=CARTESIAN_POINT('',(-3.6483998472459021E+01,
   2.3538852824316109E+01,9.8399798616697680E+00));
#26960=VERTEX_POINT('',#26950);
#26970=EDGE_CURVE('',#26960,#26880,#26940,.T.);
#26980=ORIENTED_EDGE('',*,*,#26970,.T.);
#26990=CARTESIAN_POINT('',(-3.6483998472459014E+01,
   3.5508852824316115E+01,9.8399798616697556E+00));
#27000=DIRECTION('',(0.0000000000000000E+00,-1.0000000000000000E+00,
   0.0000000000000000E+00));
#27010=VECTOR('',#27000,1.0000000000000000E+00);
#27020=LINE('',#26990,#27010);
#27030=EDGE_CURVE('',#26780,#26960,#27020,.T.);
#27040=ORIENTED_EDGE('',*,*,#27030,.T.);
#27050=EDGE_LOOP('',(#27040,#26980,#26900,#26820));
#27060=FACE_OUTER_BOUND('',#27050,.T.);
#27070=ADVANCED_FACE('',(#27060),#26720,.T.);
#27080=COLOUR_RGB('',9.4901967048645020E-01,9.4901967048645020E-01,
   1.0000000000000000E+00);
#27090=FILL_AREA_STYLE_COLOUR('',#27080);
#27100=FILL_AREA_STYLE('',(#27090));
#27110=SURFACE_STYLE_FILL_AREA(#27100);
#27120=SURFACE_SIDE_STYLE('',(#27110));
#27130=SURFACE_STYLE_USAGE(.BOTH.,#27120);
#27140=PRESENTATION_STYLE_ASSIGNMENT((#27130));
#27150=CARTESIAN_POINT('',(-3.6104003587298216E+01,
   1.5008852824316122E+01,1.5500000000000004E+01));
#27160=DIRECTION('',(0.0000000000000000E+00,0.0000000000000000E+00,
   1.0000000000000000E+00));
#27170=DIRECTION('',(1.0000000000000000E+00,0.0000000000000000E+00,
   0.0000000000000000E+00));
#27180=AXIS2_PLACEMENT_3D('',#27150,#27160,#27170);
#27190=PLANE('',#27180);
#27200=CARTESIAN_POINT('',(-3.5604003587298216E+01,
   1.5008852824316122E+01,1.5500000000000004E+01));
#27210=DIRECTION('',(0.0000000000000000E+00,-1.0000000000000000E+00,
   0.0000000000000000E+00));
#27220=VECTOR('',#27210,1.0000000000000000E+00);
#27230=LINE('',#27200,#27220);
#27240=CARTESIAN_POINT('',(-3.5604003587298216E+01,
   1.5008852824316122E+01,1.5500000000000004E+01));
#27250=VERTEX_POINT('',#27240);
#27260=CARTESIAN_POINT('',(-3.5604003587298216E+01,
   1.3008852824316122E+01,1.5500000000000004E+01));
#27270=VERTEX_POINT('',#27260);
#27280=EDGE_CURVE('',#27250,#27270,#27230,.T.);
#27290=ORIENTED_EDGE('',*,*,#27280,.F.);
#27300=CARTESIAN_POINT('',(-8.8925674828030196E+01,
   1.3008852824316122E+01,1.5500000000000004E+01));
#27310=DIRECTION('',(1.0000000000000000E+00,0.0000000000000000E+00,
   0.0000000000000000E+00));
#27320=VECTOR('',#27310,1.0000000000000000E+00);
#27330=LINE('',#27300,#27320);
#27340=CARTESIAN_POINT('',(-3.6104003587298216E+01,
   1.3008852824316122E+01,1.5500000000000004E+01));
#27350=VERTEX_POINT('',#27340);
#27360=EDGE_CURVE('',#27350,#27270,#27330,.T.);
#27370=ORIENTED_EDGE('',*,*,#27360,.T.);
#27380=CARTESIAN_POINT('',(-3.6104003587298216E+01,
   1.5008852824316122E+01,1.5500000000000004E+01));
#27390=DIRECTION('',(0.0000000000000000E+00,-1.0000000000000000E+00,
   0.0000000000000000E+00));
#27400=VECTOR('',#27390,1.0000000000000000E+00);
#27410=LINE('',#27380,#27400);
#27420=CARTESIAN_POINT('',(-3.6104003587298216E+01,
   1.5008852824316122E+01,1.5500000000000004E+01));
#27430=VERTEX_POINT('',#27420);
#27440=EDGE_CURVE('',#27430,#27350,#27410,.T.);
#27450=ORIENTED_EDGE('',*,*,#27440,.T.);
#27460=CARTESIAN_POINT('',(-8.8925674828030196E+01,
   1.5008852824316122E+01,1.5500000000000004E+01));
#27470=DIRECTION('',(-1.0000000000000000E+00,0.0000000000000000E+00,
   0.0000000000000000E+00));
#27480=VECTOR('',#27470,1.0000000000000000E+00);
#27490=LINE('',#27460,#27480);
#27500=EDGE_CURVE('',#27250,#27430,#27490,.T.);
#27510=ORIENTED_EDGE('',*,*,#27500,.T.);
#27520=EDGE_LOOP('',(#27510,#27450,#27370,#27290));
#27530=FACE_OUTER_BOUND('',#27520,.T.);
#27540=ADVANCED_FACE('',(#27530),#27190,.T.);
#27550=COLOUR_RGB('',9.4901967048645020E-01,9.4901967048645020E-01,
   1.0000000000000000E+00);
#27560=FILL_AREA_STYLE_COLOUR('',#27550);
#27570=FILL_AREA_STYLE('',(#27560));
#27580=SURFACE_STYLE_FILL_AREA(#27570);
#27590=SURFACE_SIDE_STYLE('',(#27580));
#27600=SURFACE_STYLE_USAGE(.BOTH.,#27590);
#27610=PRESENTATION_STYLE_ASSIGNMENT((#27600));
#27620=ORIENTED_EDGE('',*,*,#5790,.T.);
#27630=CARTESIAN_POINT('',(-8.8925674828030196E+01,
   2.3538852824316109E+01,0.0000000000000000E+00));
#27640=DIRECTION('',(-1.0000000000000000E+00,0.0000000000000000E+00,
   0.0000000000000000E+00));
#27650=VECTOR('',#27640,1.0000000000000000E+00);
#27660=LINE('',#27630,#27650);
#27670=EDGE_CURVE('',#5760,#3920,#27660,.T.);
#27680=ORIENTED_EDGE('',*,*,#27670,.F.);
#27690=ORIENTED_EDGE('',*,*,#3930,.F.);
#27700=ORIENTED_EDGE('',*,*,#10170,.F.);
#27710=EDGE_LOOP('',(#27700,#27690,#27680,#27620));
#27720=FACE_OUTER_BOUND('',#27710,.T.);
#27730=ADVANCED_FACE('',(#27720),#10100,.T.);
#27740=COLOUR_RGB('',9.4901967048645020E-01,9.4901967048645020E-01,
   1.0000000000000000E+00);
#27750=FILL_AREA_STYLE_COLOUR('',#27740);
#27760=FILL_AREA_STYLE('',(#27750));
#27770=SURFACE_STYLE_FILL_AREA(#27760);
#27780=SURFACE_SIDE_STYLE('',(#27770));
#27790=SURFACE_STYLE_USAGE(.BOTH.,#27780);
#27800=PRESENTATION_STYLE_ASSIGNMENT((#27790));
#27810=CARTESIAN_POINT('',(-3.5829003587298203E+01,
   2.3082795793605840E+01,0.0000000000000000E+00));
#27820=DIRECTION('',(0.0000000000000000E+00,1.0000000000000000E+00,
   0.0000000000000000E+00));
#27830=DIRECTION('',(-1.0000000000000000E+00,0.0000000000000000E+00,
   0.0000000000000000E+00));
#27840=AXIS2_PLACEMENT_3D('',#27810,#27820,#27830);
#27850=CYLINDRICAL_SURFACE('',#27840,1.8999999999999999E+00);
#27860=CARTESIAN_POINT('',(-3.7729003587298202E+01,
   2.3082795793605840E+01,0.0000000000000000E+00));
#27870=DIRECTION('',(0.0000000000000000E+00,1.0000000000000000E+00,
   0.0000000000000000E+00));
#27880=VECTOR('',#27870,1.0000000000000000E+00);
#27890=LINE('',#27860,#27880);
#27900=CARTESIAN_POINT('',(-3.7729003587298202E+01,
   2.3238852824316119E+01,0.0000000000000000E+00));
#27910=VERTEX_POINT('',#27900);
#27920=EDGE_CURVE('',#27910,#12250,#27890,.T.);
#27930=ORIENTED_EDGE('',*,*,#27920,.F.);
#27940=ORIENTED_EDGE('',*,*,#12560,.F.);
#27950=CARTESIAN_POINT('',(-3.4755979696089057E+01,
   2.3082795793605840E+01,1.5679986380397088E+00));
#27960=DIRECTION('',(0.0000000000000000E+00,1.0000000000000000E+00,
   0.0000000000000000E+00));
#27970=VECTOR('',#27960,1.0000000000000000E+00);
#27980=LINE('',#27950,#27970);
#27990=CARTESIAN_POINT('',(-3.4755979696089057E+01,
   2.3538852824316109E+01,1.5679986380397088E+00));
#28000=VERTEX_POINT('',#27990);
#28010=EDGE_CURVE('',#28000,#12530,#27980,.T.);
#28020=ORIENTED_EDGE('',*,*,#28010,.T.);
#28030=CARTESIAN_POINT('',(-3.5829003587298203E+01,
   2.3538852824316109E+01,0.0000000000000000E+00));
#28040=DIRECTION('',(0.0000000000000000E+00,1.0000000000000000E+00,
   0.0000000000000000E+00));
#28050=DIRECTION('',(-1.0000000000000000E+00,0.0000000000000000E+00,
   0.0000000000000000E+00));
#28060=AXIS2_PLACEMENT_3D('',#28030,#28040,#28050);
#28070=CIRCLE('',#28060,1.8999999999999999E+00);
#28080=EDGE_CURVE('',#28000,#24420,#28070,.T.);
#28090=ORIENTED_EDGE('',*,*,#28080,.F.);
#28100=ORIENTED_EDGE('',*,*,#24430,.F.);
#28110=ORIENTED_EDGE('',*,*,#8530,.F.);
#28120=CARTESIAN_POINT('',(-3.3929003587298205E+01,
   2.3082795793605840E+01,2.3268289183799709E-16));
#28130=DIRECTION('',(0.0000000000000000E+00,1.0000000000000000E+00,
   0.0000000000000000E+00));
#28140=VECTOR('',#28130,1.0000000000000000E+00);
#28150=LINE('',#28120,#28140);
#28160=CARTESIAN_POINT('',(-3.3929003587298205E+01,
   2.3238852824316119E+01,2.3268289183799709E-16));
#28170=VERTEX_POINT('',#28160);
#28180=EDGE_CURVE('',#28170,#8480,#28150,.T.);
#28190=ORIENTED_EDGE('',*,*,#28180,.T.);
#28200=CARTESIAN_POINT('',(-3.5829003587298203E+01,
   2.3238852824316119E+01,0.0000000000000000E+00));
#28210=DIRECTION('',(0.0000000000000000E+00,1.0000000000000000E+00,
   0.0000000000000000E+00));
#28220=DIRECTION('',(-1.0000000000000000E+00,0.0000000000000000E+00,
   0.0000000000000000E+00));
#28230=AXIS2_PLACEMENT_3D('',#28200,#28210,#28220);
#28240=CIRCLE('',#28230,1.8999999999999999E+00);
#28250=EDGE_CURVE('',#27910,#28170,#28240,.T.);
#28260=ORIENTED_EDGE('',*,*,#28250,.T.);
#28270=EDGE_LOOP('',(#28260,#28190,#28110,#28100,#28090,#28020,#27940,
   #27930));
#28280=FACE_OUTER_BOUND('',#28270,.T.);
#28290=ADVANCED_FACE('',(#28280),#27850,.T.);
#28300=COLOUR_RGB('',9.4901967048645020E-01,9.4901967048645020E-01,
   1.0000000000000000E+00);
#28310=FILL_AREA_STYLE_COLOUR('',#28300);
#28320=FILL_AREA_STYLE('',(#28310));
#28330=SURFACE_STYLE_FILL_AREA(#28320);
#28340=SURFACE_SIDE_STYLE('',(#28330));
#28350=SURFACE_STYLE_USAGE(.BOTH.,#28340);
#28360=PRESENTATION_STYLE_ASSIGNMENT((#28350));
#28370=ORIENTED_EDGE('',*,*,#12280,.F.);
#28380=CARTESIAN_POINT('',(-3.7397002225337914E+01,
   2.3082795793605840E+01,-1.0730238912091448E+00));
#28390=DIRECTION('',(0.0000000000000000E+00,1.0000000000000000E+00,
   0.0000000000000000E+00));
#28400=VECTOR('',#28390,1.0000000000000000E+00);
#28410=LINE('',#28380,#28400);
#28420=EDGE_CURVE('',#10200,#12230,#28410,.T.);
#28430=ORIENTED_EDGE('',*,*,#28420,.T.);
#28440=ORIENTED_EDGE('',*,*,#10210,.T.);
#28450=ORIENTED_EDGE('',*,*,#3850,.T.);
#28460=EDGE_LOOP('',(#28450,#28440,#28430,#28370));
#28470=FACE_OUTER_BOUND('',#28460,.T.);
#28480=ADVANCED_FACE('',(#28470),#3680,.T.);
#28490=COLOUR_RGB('',9.4901967048645020E-01,9.4901967048645020E-01,
   1.0000000000000000E+00);
#28500=FILL_AREA_STYLE_COLOUR('',#28490);
#28510=FILL_AREA_STYLE('',(#28500));
#28520=SURFACE_STYLE_FILL_AREA(#28510);
#28530=SURFACE_SIDE_STYLE('',(#28520));
#28540=SURFACE_STYLE_USAGE(.BOTH.,#28530);
#28550=PRESENTATION_STYLE_ASSIGNMENT((#28540));
#28560=ORIENTED_EDGE('',*,*,#12370,.F.);
#28570=ORIENTED_EDGE('',*,*,#3770,.T.);
#28580=ORIENTED_EDGE('',*,*,#26530,.F.);
#28590=EDGE_LOOP('',(#28580,#28570,#28560));
#28600=FACE_OUTER_BOUND('',#28590,.T.);
#28610=ADVANCED_FACE('',(#28600),#4550,.T.);
#28620=COLOUR_RGB('',9.4901967048645020E-01,9.4901967048645020E-01,
   1.0000000000000000E+00);
#28630=FILL_AREA_STYLE_COLOUR('',#28620);
#28640=FILL_AREA_STYLE('',(#28630));
#28650=SURFACE_STYLE_FILL_AREA(#28640);
#28660=SURFACE_SIDE_STYLE('',(#28650));
#28670=SURFACE_STYLE_USAGE(.BOTH.,#28660);
#28680=PRESENTATION_STYLE_ASSIGNMENT((#28670));
#28690=CARTESIAN_POINT('',(-3.4871503587298207E+01,
   2.3238852824316119E+01,0.0000000000000000E+00));
#28700=DIRECTION('',(-0.0000000000000000E+00,-1.0000000000000000E+00,
   -0.0000000000000000E+00));
#28710=DIRECTION('',(-1.0000000000000000E+00,0.0000000000000000E+00,
   0.0000000000000000E+00));
#28720=AXIS2_PLACEMENT_3D('',#28690,#28700,#28710);
#28730=PLANE('',#28720);
#28740=CARTESIAN_POINT('',(-3.5829003587298210E+01,
   2.3238852824316119E+01,0.0000000000000000E+00));
#28750=DIRECTION('',(0.0000000000000000E+00,1.0000000000000000E+00,
   0.0000000000000000E+00));
#28760=DIRECTION('',(1.0000000000000000E+00,0.0000000000000000E+00,
   0.0000000000000000E+00));
#28770=AXIS2_PLACEMENT_3D('',#28740,#28750,#28760);
#28780=CIRCLE('',#28770,1.9150000000000134E+00);
#28790=CARTESIAN_POINT('',(-3.3914003587298197E+01,
   2.3238852824316119E+01,0.0000000000000000E+00));
#28800=VERTEX_POINT('',#28790);
#28810=CARTESIAN_POINT('',(-3.7744003587298224E+01,
   2.3238852824316119E+01,-2.3451986203671978E-16));
#28820=VERTEX_POINT('',#28810);
#28830=EDGE_CURVE('',#28800,#28820,#28780,.T.);
#28840=ORIENTED_EDGE('',*,*,#28830,.T.);
#28850=EDGE_CURVE('',#28820,#28800,#28780,.T.);
#28860=ORIENTED_EDGE('',*,*,#28850,.T.);
#28870=EDGE_LOOP('',(#28860,#28840));
#28880=FACE_OUTER_BOUND('',#28870,.T.);
#28890=EDGE_CURVE('',#28170,#27910,#28240,.T.);
#28900=ORIENTED_EDGE('',*,*,#28890,.F.);
#28910=ORIENTED_EDGE('',*,*,#28250,.F.);
#28920=EDGE_LOOP('',(#28910,#28900));
#28930=FACE_BOUND('',#28920,.T.);
#28940=ADVANCED_FACE('',(#28880,#28930),#28730,.F.);
#28950=COLOUR_RGB('',5.0196081399917603E-01,1.0000000000000000E+00,
   5.0196081399917603E-01);
#28960=FILL_AREA_STYLE_COLOUR('',#28950);
#28970=FILL_AREA_STYLE('',(#28960));
#28980=SURFACE_STYLE_FILL_AREA(#28970);
#28990=SURFACE_SIDE_STYLE('',(#28980));
#29000=SURFACE_STYLE_USAGE(.BOTH.,#28990);
#29010=PRESENTATION_STYLE_ASSIGNMENT((#29000));
#29020=CARTESIAN_POINT('',(-3.8579003587298210E+01,
   1.9228852824316121E+01,-5.0000000000000000E+00));
#29030=DIRECTION('',(9.6592582628906809E-01,2.5881904510252152E-01,
   0.0000000000000000E+00));
#29040=DIRECTION('',(2.5881904510252152E-01,-9.6592582628906809E-01,
   0.0000000000000000E+00));
#29050=AXIS2_PLACEMENT_3D('',#29020,#29030,#29040);
#29060=PLANE('',#29050);
#29070=CARTESIAN_POINT('',(-3.3426648001645773E+01,
   0.0000000000000000E+00,-5.5692851266613053E+00));
#29080=DIRECTION('',(-2.5759337550319977E-01,9.6135156507110675E-01,
   9.7205047359698329E-02));
#29090=VECTOR('',#29080,1.0000000000000000E+00);
#29100=LINE('',#29070,#29090);
#29110=CARTESIAN_POINT('',(-3.8876268972941219E+01,
   2.0338262346867381E+01,-3.5128243827762278E+00));
#29120=VERTEX_POINT('',#29110);
#29130=EDGE_CURVE('',#6020,#29120,#29100,.T.);
#29140=ORIENTED_EDGE('',*,*,#29130,.T.);
#29150=ORIENTED_EDGE('',*,*,#6270,.F.);
#29160=ORIENTED_EDGE('',*,*,#6670,.F.);
#29170=CARTESIAN_POINT('',(-3.8876268972941219E+01,
   2.0338262346867381E+01,-5.0000000000000000E+00));
#29180=DIRECTION('',(0.0000000000000000E+00,0.0000000000000000E+00,
   1.0000000000000000E+00));
#29190=VECTOR('',#29180,1.0000000000000000E+00);
#29200=LINE('',#29170,#29190);
#29210=EDGE_CURVE('',#6600,#29120,#29200,.T.);
#29220=ORIENTED_EDGE('',*,*,#29210,.F.);
#29230=EDGE_LOOP('',(#29220,#29160,#29150,#29140));
#29240=FACE_OUTER_BOUND('',#29230,.T.);
#29250=ADVANCED_FACE('',(#29240),#29060,.F.);
#29260=COLOUR_RGB('',5.0196081399917603E-01,1.0000000000000000E+00,
   5.0196081399917603E-01);
#29270=FILL_AREA_STYLE_COLOUR('',#29260);
#29280=FILL_AREA_STYLE('',(#29270));
#29290=SURFACE_STYLE_FILL_AREA(#29280);
#29300=SURFACE_SIDE_STYLE('',(#29290));
#29310=SURFACE_STYLE_USAGE(.BOTH.,#29300);
#29320=PRESENTATION_STYLE_ASSIGNMENT((#29310));
#29330=CARTESIAN_POINT('',(-3.5854003587298216E+01,
   1.5508852824316122E+01,-5.0000000000000000E+00));
#29340=DIRECTION('',(0.0000000000000000E+00,-1.0000000000000000E+00,
   0.0000000000000000E+00));
#29350=DIRECTION('',(1.0000000000000000E+00,0.0000000000000000E+00,
   0.0000000000000000E+00));
#29360=AXIS2_PLACEMENT_3D('',#29330,#29340,#29350);
#29370=CYLINDRICAL_SURFACE('',#29360,6.5000000000000002E-01);
#29380=CARTESIAN_POINT('',(-3.5204003587298217E+01,
   1.5508852824316122E+01,-5.0000000000000000E+00));
#29390=DIRECTION('',(0.0000000000000000E+00,-1.0000000000000000E+00,
   0.0000000000000000E+00));
#29400=VECTOR('',#29390,1.0000000000000000E+00);
#29410=LINE('',#29380,#29400);
#29420=CARTESIAN_POINT('',(-3.5204003587298217E+01,
   1.5508852824316122E+01,-5.0000000000000000E+00));
#29430=VERTEX_POINT('',#29420);
#29440=EDGE_CURVE('',#29430,#11970,#29410,.T.);
#29450=ORIENTED_EDGE('',*,*,#29440,.T.);
#29460=CARTESIAN_POINT('',(-3.5854003587298216E+01,
   1.5508852824316122E+01,-5.0000000000000000E+00));
#29470=DIRECTION('',(0.0000000000000000E+00,-1.0000000000000000E+00,
   0.0000000000000000E+00));
#29480=DIRECTION('',(1.0000000000000000E+00,0.0000000000000000E+00,
   0.0000000000000000E+00));
#29490=AXIS2_PLACEMENT_3D('',#29460,#29470,#29480);
#29500=CIRCLE('',#29490,6.5000000000000002E-01);
#29510=CARTESIAN_POINT('',(-3.6504003587298214E+01,
   1.5508852824316122E+01,-5.0000000000000000E+00));
#29520=VERTEX_POINT('',#29510);
#29530=EDGE_CURVE('',#29520,#29430,#29500,.T.);
#29540=ORIENTED_EDGE('',*,*,#29530,.T.);
#29550=CARTESIAN_POINT('',(-3.6504003587298214E+01,
   1.5508852824316122E+01,-5.0000000000000000E+00));
#29560=DIRECTION('',(0.0000000000000000E+00,-1.0000000000000000E+00,
   0.0000000000000000E+00));
#29570=VECTOR('',#29560,1.0000000000000000E+00);
#29580=LINE('',#29550,#29570);
#29590=EDGE_CURVE('',#29520,#11690,#29580,.T.);
#29600=ORIENTED_EDGE('',*,*,#29590,.F.);
#29610=ORIENTED_EDGE('',*,*,#12050,.F.);
#29620=EDGE_LOOP('',(#29610,#29600,#29540,#29450));
#29630=FACE_OUTER_BOUND('',#29620,.T.);
#29640=ADVANCED_FACE('',(#29630),#29370,.T.);
#29650=COLOUR_RGB('',9.4901967048645020E-01,9.4901967048645020E-01,
   1.0000000000000000E+00);
#29660=FILL_AREA_STYLE_COLOUR('',#29650);
#29670=FILL_AREA_STYLE('',(#29660));
#29680=SURFACE_STYLE_FILL_AREA(#29670);
#29690=SURFACE_SIDE_STYLE('',(#29680));
#29700=SURFACE_STYLE_USAGE(.BOTH.,#29690);
#29710=PRESENTATION_STYLE_ASSIGNMENT((#29700));
#29720=CARTESIAN_POINT('',(-3.6122820727760129E+01,
   1.5008852824316122E+01,-5.6707598847310283E+00));
#29730=DIRECTION('',(0.0000000000000000E+00,-1.0000000000000000E+00,
   0.0000000000000000E+00));
#29740=DIRECTION('',(1.0000000000000000E+00,0.0000000000000000E+00,
   0.0000000000000000E+00));
#29750=AXIS2_PLACEMENT_3D('',#29720,#29730,#29740);
#29760=PLANE('',#29750);
#29770=CARTESIAN_POINT('',(-8.8925674828030196E+01,
   1.5008852824316122E+01,-4.5000000000000000E+00));
#29780=DIRECTION('',(-1.0000000000000000E+00,0.0000000000000000E+00,
   0.0000000000000000E+00));
#29790=VECTOR('',#29780,1.0000000000000000E+00);
#29800=LINE('',#29770,#29790);
#29810=CARTESIAN_POINT('',(-3.5604003587298216E+01,
   1.5008852824316122E+01,-4.5000000000000000E+00));
#29820=VERTEX_POINT('',#29810);
#29830=CARTESIAN_POINT('',(-3.6104003587298216E+01,
   1.5008852824316122E+01,-4.5000000000000000E+00));
#29840=VERTEX_POINT('',#29830);
#29850=EDGE_CURVE('',#29820,#29840,#29800,.T.);
#29860=ORIENTED_EDGE('',*,*,#29850,.F.);
#29870=CARTESIAN_POINT('',(-3.6104003587298216E+01,
   1.5008852824316122E+01,0.0000000000000000E+00));
#29880=DIRECTION('',(0.0000000000000000E+00,0.0000000000000000E+00,
   -1.0000000000000000E+00));
#29890=VECTOR('',#29880,1.0000000000000000E+00);
#29900=LINE('',#29870,#29890);
#29910=EDGE_CURVE('',#29840,#11670,#29900,.T.);
#29920=ORIENTED_EDGE('',*,*,#29910,.F.);
#29930=ORIENTED_EDGE('',*,*,#11700,.F.);
#29940=CARTESIAN_POINT('',(-3.5854003587298216E+01,
   1.5008852824316122E+01,-5.0000000000000000E+00));
#29950=DIRECTION('',(0.0000000000000000E+00,-1.0000000000000000E+00,
   0.0000000000000000E+00));
#29960=DIRECTION('',(1.0000000000000000E+00,0.0000000000000000E+00,
   0.0000000000000000E+00));
#29970=AXIS2_PLACEMENT_3D('',#29940,#29950,#29960);
#29980=CIRCLE('',#29970,6.5000000000000002E-01);
#29990=EDGE_CURVE('',#11970,#11690,#29980,.T.);
#30000=ORIENTED_EDGE('',*,*,#29990,.T.);
#30010=ORIENTED_EDGE('',*,*,#11980,.F.);
#30020=CARTESIAN_POINT('',(-3.5604003587298216E+01,
   1.5008852824316122E+01,0.0000000000000000E+00));
#30030=DIRECTION('',(0.0000000000000000E+00,0.0000000000000000E+00,
   1.0000000000000000E+00));
#30040=VECTOR('',#30030,1.0000000000000000E+00);
#30050=LINE('',#30020,#30040);
#30060=EDGE_CURVE('',#11930,#29820,#30050,.T.);
#30070=ORIENTED_EDGE('',*,*,#30060,.F.);
#30080=EDGE_LOOP('',(#30070,#30010,#30000,#29930,#29920,#29860));
#30090=FACE_OUTER_BOUND('',#30080,.T.);
#30100=ADVANCED_FACE('',(#30090),#29760,.T.);
#30110=COLOUR_RGB('',9.4901967048645020E-01,9.4901967048645020E-01,
   1.0000000000000000E+00);
#30120=FILL_AREA_STYLE_COLOUR('',#30110);
#30130=FILL_AREA_STYLE('',(#30120));
#30140=SURFACE_STYLE_FILL_AREA(#30130);
#30150=SURFACE_SIDE_STYLE('',(#30140));
#30160=SURFACE_STYLE_USAGE(.BOTH.,#30150);
#30170=PRESENTATION_STYLE_ASSIGNMENT((#30160));
#30180=CARTESIAN_POINT('',(-3.6104003587298216E+01,
   1.5008852824316122E+01,-5.5000000000000000E+00));
#30190=DIRECTION('',(-1.0000000000000000E+00,0.0000000000000000E+00,
   0.0000000000000000E+00));
#30200=DIRECTION('',(0.0000000000000000E+00,0.0000000000000000E+00,
   1.0000000000000000E+00));
#30210=AXIS2_PLACEMENT_3D('',#30180,#30190,#30200);
#30220=PLANE('',#30210);
#30230=ORIENTED_EDGE('',*,*,#14770,.F.);
#30240=ORIENTED_EDGE('',*,*,#17840,.T.);
#30250=ORIENTED_EDGE('',*,*,#11780,.T.);
#30260=ORIENTED_EDGE('',*,*,#29910,.T.);
#30270=CARTESIAN_POINT('',(-3.6104003587298216E+01,
   1.5008852824316122E+01,-4.5000000000000000E+00));
#30280=DIRECTION('',(0.0000000000000000E+00,-1.0000000000000000E+00,
   0.0000000000000000E+00));
#30290=VECTOR('',#30280,1.0000000000000000E+00);
#30300=LINE('',#30270,#30290);
#30310=CARTESIAN_POINT('',(-3.6104003587298216E+01,
   1.3008852824316122E+01,-4.5000000000000000E+00));
#30320=VERTEX_POINT('',#30310);
#30330=EDGE_CURVE('',#29840,#30320,#30300,.T.);
#30340=ORIENTED_EDGE('',*,*,#30330,.F.);
#30350=CARTESIAN_POINT('',(-3.6104003587298216E+01,
   -2.6716239164827719E+01,-1.5144306317743141E+01));
#30360=DIRECTION('',(0.0000000000000000E+00,-9.6592582628906842E-01,
   -2.5881904510252046E-01));
#30370=VECTOR('',#30360,1.0000000000000000E+00);
#30380=LINE('',#30350,#30370);
#30390=CARTESIAN_POINT('',(-3.6104003587298216E+01,
   1.2008852824316129E+01,-4.7679491924311215E+00));
#30400=VERTEX_POINT('',#30390);
#30410=EDGE_CURVE('',#30320,#30400,#30380,.T.);
#30420=ORIENTED_EDGE('',*,*,#30410,.F.);
#30430=CARTESIAN_POINT('',(-3.6104003587298216E+01,
   1.2008852824316122E+01,-4.5000000000000000E+00));
#30440=DIRECTION('',(0.0000000000000000E+00,0.0000000000000000E+00,
   -1.0000000000000000E+00));
#30450=VECTOR('',#30440,1.0000000000000000E+00);
#30460=LINE('',#30430,#30450);
#30470=EDGE_CURVE('',#30400,#14760,#30460,.T.);
#30480=ORIENTED_EDGE('',*,*,#30470,.F.);
#30490=EDGE_LOOP('',(#30480,#30420,#30340,#30260,#30250,#30240,#30230));
#30500=FACE_OUTER_BOUND('',#30490,.T.);
#30510=ADVANCED_FACE('',(#30500),#30220,.T.);
#30520=COLOUR_RGB('',9.4901967048645020E-01,9.4901967048645020E-01,
   1.0000000000000000E+00);
#30530=FILL_AREA_STYLE_COLOUR('',#30520);
#30540=FILL_AREA_STYLE('',(#30530));
#30550=SURFACE_STYLE_FILL_AREA(#30540);
#30560=SURFACE_SIDE_STYLE('',(#30550));
#30570=SURFACE_STYLE_USAGE(.BOTH.,#30560);
#30580=PRESENTATION_STYLE_ASSIGNMENT((#30570));
#30590=CARTESIAN_POINT('',(-3.6104003587298216E+01,
   1.5008852824316122E+01,-4.5000000000000000E+00));
#30600=DIRECTION('',(0.0000000000000000E+00,0.0000000000000000E+00,
   1.0000000000000000E+00));
#30610=DIRECTION('',(1.0000000000000000E+00,0.0000000000000000E+00,
   0.0000000000000000E+00));
#30620=AXIS2_PLACEMENT_3D('',#30590,#30600,#30610);
#30630=PLANE('',#30620);
#30640=CARTESIAN_POINT('',(-3.5604003587298216E+01,
   1.5008852824316122E+01,-4.5000000000000000E+00));
#30650=DIRECTION('',(0.0000000000000000E+00,-1.0000000000000000E+00,
   0.0000000000000000E+00));
#30660=VECTOR('',#30650,1.0000000000000000E+00);
#30670=LINE('',#30640,#30660);
#30680=CARTESIAN_POINT('',(-3.5604003587298216E+01,
   1.3008852824316122E+01,-4.5000000000000000E+00));
#30690=VERTEX_POINT('',#30680);
#30700=EDGE_CURVE('',#29820,#30690,#30670,.T.);
#30710=ORIENTED_EDGE('',*,*,#30700,.F.);
#30720=CARTESIAN_POINT('',(-8.8925674828030196E+01,
   1.3008852824316122E+01,-4.5000000000000000E+00));
#30730=DIRECTION('',(-1.0000000000000000E+00,0.0000000000000000E+00,
   0.0000000000000000E+00));
#30740=VECTOR('',#30730,1.0000000000000000E+00);
#30750=LINE('',#30720,#30740);
#30760=EDGE_CURVE('',#30690,#30320,#30750,.T.);
#30770=ORIENTED_EDGE('',*,*,#30760,.F.);
#30780=ORIENTED_EDGE('',*,*,#30330,.T.);
#30790=ORIENTED_EDGE('',*,*,#29850,.T.);
#30800=EDGE_LOOP('',(#30790,#30780,#30770,#30710));
#30810=FACE_OUTER_BOUND('',#30800,.T.);
#30820=ADVANCED_FACE('',(#30810),#30630,.T.);
#30830=COLOUR_RGB('',9.4901967048645020E-01,9.4901967048645020E-01,
   1.0000000000000000E+00);
#30840=FILL_AREA_STYLE_COLOUR('',#30830);
#30850=FILL_AREA_STYLE('',(#30840));
#30860=SURFACE_STYLE_FILL_AREA(#30850);
#30870=SURFACE_SIDE_STYLE('',(#30860));
#30880=SURFACE_STYLE_USAGE(.BOTH.,#30870);
#30890=PRESENTATION_STYLE_ASSIGNMENT((#30880));
#30900=CARTESIAN_POINT('',(-3.5604003587298216E+01,
   1.5008852824316122E+01,-4.5000000000000000E+00));
#30910=DIRECTION('',(1.0000000000000000E+00,-0.0000000000000000E+00,
   0.0000000000000000E+00));
#30920=DIRECTION('',(0.0000000000000000E+00,0.0000000000000000E+00,
   -1.0000000000000000E+00));
#30930=AXIS2_PLACEMENT_3D('',#30900,#30910,#30920);
#30940=PLANE('',#30930);
#30950=ORIENTED_EDGE('',*,*,#11940,.T.);
#30960=ORIENTED_EDGE('',*,*,#17910,.F.);
#30970=ORIENTED_EDGE('',*,*,#14610,.F.);
#30980=CARTESIAN_POINT('',(-3.5604003587298216E+01,
   1.2008852824316122E+01,-5.5000000000000000E+00));
#30990=DIRECTION('',(0.0000000000000000E+00,0.0000000000000000E+00,
   1.0000000000000000E+00));
#31000=VECTOR('',#30990,1.0000000000000000E+00);
#31010=LINE('',#30980,#31000);
#31020=CARTESIAN_POINT('',(-3.5604003587298216E+01,
   1.2008852824316129E+01,-4.7679491924311215E+00));
#31030=VERTEX_POINT('',#31020);
#31040=EDGE_CURVE('',#14600,#31030,#31010,.T.);
#31050=ORIENTED_EDGE('',*,*,#31040,.F.);
#31060=CARTESIAN_POINT('',(-3.5604003587298216E+01,
   -2.6716239164827719E+01,-1.5144306317743141E+01));
#31070=DIRECTION('',(0.0000000000000000E+00,9.6592582628906842E-01,
   2.5881904510252046E-01));
#31080=VECTOR('',#31070,1.0000000000000000E+00);
#31090=LINE('',#31060,#31080);
#31100=EDGE_CURVE('',#31030,#30690,#31090,.T.);
#31110=ORIENTED_EDGE('',*,*,#31100,.F.);
#31120=ORIENTED_EDGE('',*,*,#30700,.T.);
#31130=ORIENTED_EDGE('',*,*,#30060,.T.);
#31140=EDGE_LOOP('',(#31130,#31120,#31110,#31050,#30970,#30960,#30950));
#31150=FACE_OUTER_BOUND('',#31140,.T.);
#31160=ADVANCED_FACE('',(#31150),#30940,.T.);
#31170=COLOUR_RGB('',9.4901967048645020E-01,9.4901967048645020E-01,
   1.0000000000000000E+00);
#31180=FILL_AREA_STYLE_COLOUR('',#31170);
#31190=FILL_AREA_STYLE('',(#31180));
#31200=SURFACE_STYLE_FILL_AREA(#31190);
#31210=SURFACE_SIDE_STYLE('',(#31200));
#31220=SURFACE_STYLE_USAGE(.BOTH.,#31210);
#31230=PRESENTATION_STYLE_ASSIGNMENT((#31220));
#31240=CARTESIAN_POINT('',(-3.6122820727760129E+01,
   1.2008852824316122E+01,-5.6707598847310283E+00));
#31250=DIRECTION('',(0.0000000000000000E+00,-1.0000000000000000E+00,
   0.0000000000000000E+00));
#31260=DIRECTION('',(1.0000000000000000E+00,0.0000000000000000E+00,
   0.0000000000000000E+00));
#31270=AXIS2_PLACEMENT_3D('',#31240,#31250,#31260);
#31280=PLANE('',#31270);
#31290=ORIENTED_EDGE('',*,*,#31040,.T.);
#31300=ORIENTED_EDGE('',*,*,#14830,.F.);
#31310=ORIENTED_EDGE('',*,*,#30470,.T.);
#31320=CARTESIAN_POINT('',(-8.8925674828030196E+01,
   1.2008852824316122E+01,-4.7679491924311215E+00));
#31330=DIRECTION('',(1.0000000000000000E+00,0.0000000000000000E+00,
   0.0000000000000000E+00));
#31340=VECTOR('',#31330,1.0000000000000000E+00);
#31350=LINE('',#31320,#31340);
#31360=EDGE_CURVE('',#30400,#31030,#31350,.T.);
#31370=ORIENTED_EDGE('',*,*,#31360,.F.);
#31380=EDGE_LOOP('',(#31370,#31310,#31300,#31290));
#31390=FACE_OUTER_BOUND('',#31380,.T.);
#31400=ADVANCED_FACE('',(#31390),#31280,.T.);
#31410=COLOUR_RGB('',9.4901967048645020E-01,9.4901967048645020E-01,
   1.0000000000000000E+00);
#31420=FILL_AREA_STYLE_COLOUR('',#31410);
#31430=FILL_AREA_STYLE('',(#31420));
#31440=SURFACE_STYLE_FILL_AREA(#31430);
#31450=SURFACE_SIDE_STYLE('',(#31440));
#31460=SURFACE_STYLE_USAGE(.BOTH.,#31450);
#31470=PRESENTATION_STYLE_ASSIGNMENT((#31460));
#31480=CARTESIAN_POINT('',(-3.5854003587298216E+01,
   1.2508852824316122E+01,-4.6339745962155607E+00));
#31490=DIRECTION('',(0.0000000000000000E+00,-2.5881904510252046E-01,
   9.6592582628906842E-01));
#31500=DIRECTION('',(0.0000000000000000E+00,9.6592582628906842E-01,
   2.5881904510252046E-01));
#31510=AXIS2_PLACEMENT_3D('',#31480,#31490,#31500);
#31520=PLANE('',#31510);
#31530=ORIENTED_EDGE('',*,*,#30410,.T.);
#31540=ORIENTED_EDGE('',*,*,#30760,.T.);
#31550=ORIENTED_EDGE('',*,*,#31100,.T.);
#31560=ORIENTED_EDGE('',*,*,#31360,.T.);
#31570=EDGE_LOOP('',(#31560,#31550,#31540,#31530));
#31580=FACE_OUTER_BOUND('',#31570,.T.);
#31590=ADVANCED_FACE('',(#31580),#31520,.T.);
#31600=COLOUR_RGB('',9.4901967048645020E-01,9.4901967048645020E-01,
   1.0000000000000000E+00);
#31610=FILL_AREA_STYLE_COLOUR('',#31600);
#31620=FILL_AREA_STYLE('',(#31610));
#31630=SURFACE_STYLE_FILL_AREA(#31620);
#31640=SURFACE_SIDE_STYLE('',(#31630));
#31650=SURFACE_STYLE_USAGE(.BOTH.,#31640);
#31660=PRESENTATION_STYLE_ASSIGNMENT((#31650));
#31670=CARTESIAN_POINT('',(-3.9359231886085752E+01,
   2.0708852824316118E+01,-5.0000000000000000E+00));
#31680=DIRECTION('',(-0.0000000000000000E+00,1.0000000000000000E+00,
   0.0000000000000000E+00));
#31690=DIRECTION('',(1.0000000000000000E+00,0.0000000000000000E+00,
   0.0000000000000000E+00));
#31700=AXIS2_PLACEMENT_3D('',#31670,#31680,#31690);
#31710=PLANE('',#31700);
#31720=ORIENTED_EDGE('',*,*,#6520,.T.);
#31730=CARTESIAN_POINT('',(-3.9904003587298213E+01,
   2.0708852824316118E+01,0.0000000000000000E+00));
#31740=DIRECTION('',(0.0000000000000000E+00,0.0000000000000000E+00,
   -1.0000000000000000E+00));
#31750=VECTOR('',#31740,1.0000000000000000E+00);
#31760=LINE('',#31730,#31750);
#31770=CARTESIAN_POINT('',(-3.9904003587298213E+01,
   2.0708852824316118E+01,-3.1250000000000018E+00));
#31780=VERTEX_POINT('',#31770);
#31790=EDGE_CURVE('',#31780,#6490,#31760,.T.);
#31800=ORIENTED_EDGE('',*,*,#31790,.T.);
#31810=CARTESIAN_POINT('',(0.0000000000000000E+00,2.0708852824316118E+01
   ,-1.8183114561244658E+01));
#31820=DIRECTION('',(-9.3560171895074196E-01,0.0000000000000000E+00,
   3.5305725243424335E-01));
#31830=VECTOR('',#31820,1.0000000000000000E+00);
#31840=LINE('',#31810,#31830);
#31850=CARTESIAN_POINT('',(-3.9359231886085752E+01,
   2.0708852824316118E+01,-3.3305742268726295E+00));
#31860=VERTEX_POINT('',#31850);
#31870=EDGE_CURVE('',#31860,#31780,#31840,.T.);
#31880=ORIENTED_EDGE('',*,*,#31870,.T.);
#31890=CARTESIAN_POINT('',(-3.9359231886085752E+01,
   2.0708852824316118E+01,-5.0000000000000000E+00));
#31900=DIRECTION('',(0.0000000000000000E+00,0.0000000000000000E+00,
   -1.0000000000000000E+00));
#31910=VECTOR('',#31900,1.0000000000000000E+00);
#31920=LINE('',#31890,#31910);
#31930=EDGE_CURVE('',#31860,#6510,#31920,.T.);
#31940=ORIENTED_EDGE('',*,*,#31930,.F.);
#31950=EDGE_LOOP('',(#31940,#31880,#31800,#31720));
#31960=FACE_OUTER_BOUND('',#31950,.T.);
#31970=ADVANCED_FACE('',(#31960),#31710,.F.);
#31980=COLOUR_RGB('',5.0196081399917603E-01,1.0000000000000000E+00,
   5.0196081399917603E-01);
#31990=FILL_AREA_STYLE_COLOUR('',#31980);
#32000=FILL_AREA_STYLE('',(#31990));
#32010=SURFACE_STYLE_FILL_AREA(#32000);
#32020=SURFACE_SIDE_STYLE('',(#32010));
#32030=SURFACE_STYLE_USAGE(.BOTH.,#32020);
#32040=PRESENTATION_STYLE_ASSIGNMENT((#32030));
#32050=CARTESIAN_POINT('',(-3.8194003587298212E+01,
   1.9228852824316121E+01,-5.0000000000000000E+00));
#32060=DIRECTION('',(1.0000000000000000E+00,0.0000000000000000E+00,
   0.0000000000000000E+00));
#32070=DIRECTION('',(0.0000000000000000E+00,-1.0000000000000000E+00,
   0.0000000000000000E+00));
#32080=AXIS2_PLACEMENT_3D('',#32050,#32060,#32070);
#32090=PLANE('',#32080);
#32100=ORIENTED_EDGE('',*,*,#7680,.F.);
#32110=ORIENTED_EDGE('',*,*,#6130,.T.);
#32120=CARTESIAN_POINT('',(-3.8194003587298212E+01,
   0.0000000000000000E+00,-3.6250000000000018E+00));
#32130=DIRECTION('',(0.0000000000000000E+00,-1.0000000000000000E+00,
   0.0000000000000000E+00));
#32140=VECTOR('',#32130,1.0000000000000000E+00);
#32150=LINE('',#32120,#32140);
#32160=CARTESIAN_POINT('',(-3.8194003587298212E+01,
   1.7278852824316125E+01,-3.6250000000000018E+00));
#32170=VERTEX_POINT('',#32160);
#32180=EDGE_CURVE('',#6040,#32170,#32150,.T.);
#32190=ORIENTED_EDGE('',*,*,#32180,.F.);
#32200=CARTESIAN_POINT('',(-3.8194003587298226E+01,
   1.7278852824316125E+01,-5.0000000000000000E+00));
#32210=DIRECTION('',(0.0000000000000000E+00,0.0000000000000000E+00,
   1.0000000000000000E+00));
#32220=VECTOR('',#32210,1.0000000000000000E+00);
#32230=LINE('',#32200,#32220);
#32240=EDGE_CURVE('',#7670,#32170,#32230,.T.);
#32250=ORIENTED_EDGE('',*,*,#32240,.T.);
#32260=EDGE_LOOP('',(#32250,#32190,#32110,#32100));
#32270=FACE_OUTER_BOUND('',#32260,.T.);
#32280=ADVANCED_FACE('',(#32270),#32090,.F.);
#32290=COLOUR_RGB('',5.0196081399917603E-01,1.0000000000000000E+00,
   5.0196081399917603E-01);
#32300=FILL_AREA_STYLE_COLOUR('',#32290);
#32310=FILL_AREA_STYLE('',(#32300));
#32320=SURFACE_STYLE_FILL_AREA(#32310);
#32330=SURFACE_SIDE_STYLE('',(#32320));
#32340=SURFACE_STYLE_USAGE(.BOTH.,#32330);
#32350=PRESENTATION_STYLE_ASSIGNMENT((#32340));
#32360=CARTESIAN_POINT('',(-3.8194003587298212E+01,
   1.7278852824316125E+01,-5.0000000000000000E+00));
#32370=DIRECTION('',(-0.0000000000000000E+00,-1.0000000000000000E+00,
   -0.0000000000000000E+00));
#32380=DIRECTION('',(-1.0000000000000000E+00,0.0000000000000000E+00,
   0.0000000000000000E+00));
#32390=AXIS2_PLACEMENT_3D('',#32360,#32370,#32380);
#32400=PLANE('',#32390);
#32410=ORIENTED_EDGE('',*,*,#7740,.F.);
#32420=ORIENTED_EDGE('',*,*,#32240,.F.);
#32430=CARTESIAN_POINT('',(0.0000000000000000E+00,1.7278852824316125E+01
   ,-3.6250000000000018E+00));
#32440=DIRECTION('',(-1.0000000000000000E+00,0.0000000000000000E+00,
   0.0000000000000000E+00));
#32450=VECTOR('',#32440,1.0000000000000000E+00);
#32460=LINE('',#32430,#32450);
#32470=EDGE_CURVE('',#32170,#12800,#32460,.T.);
#32480=ORIENTED_EDGE('',*,*,#32470,.F.);
#32490=ORIENTED_EDGE('',*,*,#12940,.T.);
#32500=EDGE_LOOP('',(#32490,#32480,#32420,#32410));
#32510=FACE_OUTER_BOUND('',#32500,.T.);
#32520=ADVANCED_FACE('',(#32510),#32400,.F.);
#32530=COLOUR_RGB('',5.0196081399917603E-01,1.0000000000000000E+00,
   5.0196081399917603E-01);
#32540=FILL_AREA_STYLE_COLOUR('',#32530);
#32550=FILL_AREA_STYLE('',(#32540));
#32560=SURFACE_STYLE_FILL_AREA(#32550);
#32570=SURFACE_SIDE_STYLE('',(#32560));
#32580=SURFACE_STYLE_USAGE(.BOTH.,#32570);
#32590=PRESENTATION_STYLE_ASSIGNMENT((#32580));
#32600=CARTESIAN_POINT('',(-3.8579003587298217E+01,
   1.7278852824316125E+01,-3.6250000000000018E+00));
#32610=DIRECTION('',(3.5305725243424335E-01,-0.0000000000000000E+00,
   9.3560171895074196E-01));
#32620=DIRECTION('',(9.3560171895074196E-01,0.0000000000000000E+00,
   -3.5305725243424335E-01));
#32630=AXIS2_PLACEMENT_3D('',#32600,#32610,#32620);
#32640=PLANE('',#32630);
#32650=CARTESIAN_POINT('',(-3.8579003587298217E+01,
   0.0000000000000000E+00,-3.6250000000000000E+00));
#32660=DIRECTION('',(0.0000000000000000E+00,1.0000000000000000E+00,
   0.0000000000000000E+00));
#32670=VECTOR('',#32660,1.0000000000000000E+00);
#32680=LINE('',#32650,#32670);
#32690=EDGE_CURVE('',#12800,#6020,#32680,.T.);
#32700=ORIENTED_EDGE('',*,*,#32690,.F.);
#32710=ORIENTED_EDGE('',*,*,#29130,.F.);
#32720=CARTESIAN_POINT('',(-3.9359231886085752E+01,
   2.0208852824316125E+01,-3.3305742268726295E+00));
#32730=DIRECTION('',(3.5305725243424335E-01,0.0000000000000000E+00,
   9.3560171895074196E-01));
#32740=DIRECTION('',(9.3560171895074185E-01,0.0000000000000000E+00,
   -3.5305725243424330E-01));
#32750=AXIS2_PLACEMENT_3D('',#32720,#32730,#32740);
#32760=ELLIPSE('',#32750,5.3441543540635905E-01,4.9999999999999867E-01);
#32770=EDGE_CURVE('',#29120,#31860,#32760,.T.);
#32780=ORIENTED_EDGE('',*,*,#32770,.F.);
#32790=ORIENTED_EDGE('',*,*,#31870,.F.);
#32800=CARTESIAN_POINT('',(-3.9904003587298213E+01,
   0.0000000000000000E+00,-3.1250000000000027E+00));
#32810=DIRECTION('',(0.0000000000000000E+00,1.0000000000000000E+00,
   0.0000000000000000E+00));
#32820=VECTOR('',#32810,1.0000000000000000E+00);
#32830=LINE('',#32800,#32820);
#32840=EDGE_CURVE('',#12780,#31780,#32830,.T.);
#32850=ORIENTED_EDGE('',*,*,#32840,.T.);
#32860=ORIENTED_EDGE('',*,*,#12810,.F.);
#32870=EDGE_LOOP('',(#32860,#32850,#32790,#32780,#32710,#32700));
#32880=FACE_OUTER_BOUND('',#32870,.T.);
#32890=ADVANCED_FACE('',(#32880),#32640,.F.);
#32900=COLOUR_RGB('',5.0196081399917603E-01,1.0000000000000000E+00,
   5.0196081399917603E-01);
#32910=FILL_AREA_STYLE_COLOUR('',#32900);
#32920=FILL_AREA_STYLE('',(#32910));
#32930=SURFACE_STYLE_FILL_AREA(#32920);
#32940=SURFACE_SIDE_STYLE('',(#32930));
#32950=SURFACE_STYLE_USAGE(.BOTH.,#32940);
#32960=PRESENTATION_STYLE_ASSIGNMENT((#32950));
#32970=CARTESIAN_POINT('',(-3.9359231886085752E+01,
   2.0208852824316118E+01,-5.0000000000000000E+00));
#32980=DIRECTION('',(0.0000000000000000E+00,0.0000000000000000E+00,
   1.0000000000000000E+00));
#32990=DIRECTION('',(1.0000000000000000E+00,0.0000000000000000E+00,
   0.0000000000000000E+00));
#33000=AXIS2_PLACEMENT_3D('',#32970,#32980,#32990);
#33010=CYLINDRICAL_SURFACE('',#33000,4.9999999999999878E-01);
#33020=ORIENTED_EDGE('',*,*,#6610,.T.);
#33030=ORIENTED_EDGE('',*,*,#31930,.T.);
#33040=ORIENTED_EDGE('',*,*,#32770,.T.);
#33050=ORIENTED_EDGE('',*,*,#29210,.T.);
#33060=EDGE_LOOP('',(#33050,#33040,#33030,#33020));
#33070=FACE_OUTER_BOUND('',#33060,.T.);
#33080=ADVANCED_FACE('',(#33070),#33010,.F.);
#33090=COLOUR_RGB('',5.0196081399917603E-01,1.0000000000000000E+00,
   5.0196081399917603E-01);
#33100=FILL_AREA_STYLE_COLOUR('',#33090);
#33110=FILL_AREA_STYLE('',(#33100));
#33120=SURFACE_STYLE_FILL_AREA(#33110);
#33130=SURFACE_SIDE_STYLE('',(#33120));
#33140=SURFACE_STYLE_USAGE(.BOTH.,#33130);
#33150=PRESENTATION_STYLE_ASSIGNMENT((#33140));
#33160=CARTESIAN_POINT('',(0.0000000000000000E+00,0.0000000000000000E+00
   ,-3.6250000000000000E+00));
#33170=DIRECTION('',(0.0000000000000000E+00,0.0000000000000000E+00,
   1.0000000000000000E+00));
#33180=DIRECTION('',(1.0000000000000000E+00,0.0000000000000000E+00,
   0.0000000000000000E+00));
#33190=AXIS2_PLACEMENT_3D('',#33160,#33170,#33180);
#33200=PLANE('',#33190);
#33210=ORIENTED_EDGE('',*,*,#32470,.T.);
#33220=ORIENTED_EDGE('',*,*,#32180,.T.);
#33230=ORIENTED_EDGE('',*,*,#6050,.T.);
#33240=ORIENTED_EDGE('',*,*,#32690,.T.);
#33250=EDGE_LOOP('',(#33240,#33230,#33220,#33210));
#33260=FACE_OUTER_BOUND('',#33250,.T.);
#33270=ADVANCED_FACE('',(#33260),#33200,.F.);
#33280=COLOUR_RGB('',5.0196081399917603E-01,1.0000000000000000E+00,
   5.0196081399917603E-01);
#33290=FILL_AREA_STYLE_COLOUR('',#33280);
#33300=FILL_AREA_STYLE('',(#33290));
#33310=SURFACE_STYLE_FILL_AREA(#33300);
#33320=SURFACE_SIDE_STYLE('',(#33310));
#33330=SURFACE_STYLE_USAGE(.BOTH.,#33320);
#33340=PRESENTATION_STYLE_ASSIGNMENT((#33330));
#33350=CARTESIAN_POINT('',(-3.5829003587298210E+01,
   2.4373852824316117E+01,5.0000000000000036E+00));
#33360=DIRECTION('',(0.0000000000000000E+00,1.0000000000000000E+00,
   0.0000000000000000E+00));
#33370=DIRECTION('',(1.0000000000000000E+00,0.0000000000000000E+00,
   0.0000000000000000E+00));
#33380=AXIS2_PLACEMENT_3D('',#33350,#33360,#33370);
#33390=CYLINDRICAL_SURFACE('',#33380,1.9150000000000134E+00);
#33400=CARTESIAN_POINT('',(-3.3914003587298197E+01,
   2.4373852824316117E+01,5.0000000000000036E+00));
#33410=DIRECTION('',(0.0000000000000000E+00,1.0000000000000000E+00,
   0.0000000000000000E+00));
#33420=VECTOR('',#33410,1.0000000000000000E+00);
#33430=LINE('',#33400,#33420);
#33440=CARTESIAN_POINT('',(-3.3914003587298197E+01,
   2.5508852824316115E+01,5.0000000000000036E+00));
#33450=VERTEX_POINT('',#33440);
#33460=EDGE_CURVE('',#2600,#33450,#33430,.T.);
#33470=ORIENTED_EDGE('',*,*,#33460,.F.);
#33480=CARTESIAN_POINT('',(-3.5829003587298210E+01,
   2.5508852824316115E+01,5.0000000000000036E+00));
#33490=DIRECTION('',(0.0000000000000000E+00,1.0000000000000000E+00,
   0.0000000000000000E+00));
#33500=DIRECTION('',(1.0000000000000000E+00,0.0000000000000000E+00,
   0.0000000000000000E+00));
#33510=AXIS2_PLACEMENT_3D('',#33480,#33490,#33500);
#33520=CIRCLE('',#33510,1.9150000000000134E+00);
#33530=CARTESIAN_POINT('',(-3.7744003587298224E+01,
   2.5508852824316115E+01,5.0000000000000036E+00));
#33540=VERTEX_POINT('',#33530);
#33550=EDGE_CURVE('',#33540,#33450,#33520,.T.);
#33560=ORIENTED_EDGE('',*,*,#33550,.T.);
#33570=CARTESIAN_POINT('',(-3.7744003587298224E+01,
   2.4373852824316117E+01,5.0000000000000036E+00));
#33580=DIRECTION('',(0.0000000000000000E+00,1.0000000000000000E+00,
   0.0000000000000000E+00));
#33590=VECTOR('',#33580,1.0000000000000000E+00);
#33600=LINE('',#33570,#33590);
#33610=EDGE_CURVE('',#2620,#33540,#33600,.T.);
#33620=ORIENTED_EDGE('',*,*,#33610,.T.);
#33630=ORIENTED_EDGE('',*,*,#2650,.F.);
#33640=EDGE_LOOP('',(#33630,#33620,#33560,#33470));
#33650=FACE_OUTER_BOUND('',#33640,.T.);
#33660=ADVANCED_FACE('',(#33650),#33390,.F.);
#33670=COLOUR_RGB('',5.0196081399917603E-01,1.0000000000000000E+00,
   5.0196081399917603E-01);
#33680=FILL_AREA_STYLE_COLOUR('',#33670);
#33690=FILL_AREA_STYLE('',(#33680));
#33700=SURFACE_STYLE_FILL_AREA(#33690);
#33710=SURFACE_SIDE_STYLE('',(#33700));
#33720=SURFACE_STYLE_USAGE(.BOTH.,#33710);
#33730=PRESENTATION_STYLE_ASSIGNMENT((#33720));
#33740=CARTESIAN_POINT('',(-8.8925674828030196E+01,
   2.4538852824316116E+01,5.0000000000000000E+00));
#33750=DIRECTION('',(-1.0000000000000000E+00,0.0000000000000000E+00,
   0.0000000000000000E+00));
#33760=VECTOR('',#33750,1.0000000000000000E+00);
#33770=LINE('',#33740,#33760);
#33780=CARTESIAN_POINT('',(-3.6323978334128775E+01,
   2.4538852824316116E+01,5.0000000000000000E+00));
#33790=VERTEX_POINT('',#33780);
#33800=CARTESIAN_POINT('',(-3.6504003587298214E+01,
   2.4538852824316116E+01,5.0000000000000000E+00));
#33810=VERTEX_POINT('',#33800);
#33820=EDGE_CURVE('',#33790,#33810,#33770,.T.);
#33830=ORIENTED_EDGE('',*,*,#33820,.T.);
#33840=CARTESIAN_POINT('',(-8.8925674828030196E+01,
   2.4538852824316116E+01,-4.7601696493901414E+01));
#33850=DIRECTION('',(-7.0710678118654757E-01,0.0000000000000000E+00,
   -7.0710678118654746E-01));
#33860=VECTOR('',#33850,1.0000000000000000E+00);
#33870=LINE('',#33840,#33860);
#33880=CARTESIAN_POINT('',(-3.5693983448967970E+01,
   2.4538852824316116E+01,5.6299948851608033E+00));
#33890=VERTEX_POINT('',#33880);
#33900=EDGE_CURVE('',#33890,#33790,#33870,.T.);
#33910=ORIENTED_EDGE('',*,*,#33900,.T.);
#33920=CARTESIAN_POINT('',(-3.5854003587298216E+01,
   2.4538852824316116E+01,5.0000000000000036E+00));
#33930=DIRECTION('',(0.0000000000000000E+00,-1.0000000000000000E+00,
   0.0000000000000000E+00));
#33940=DIRECTION('',(1.0000000000000000E+00,0.0000000000000000E+00,
   0.0000000000000000E+00));
#33950=AXIS2_PLACEMENT_3D('',#33920,#33930,#33940);
#33960=CIRCLE('',#33950,6.5000000000000002E-01);
#33970=EDGE_CURVE('',#33890,#33810,#33960,.T.);
#33980=ORIENTED_EDGE('',*,*,#33970,.F.);
#33990=EDGE_LOOP('',(#33980,#33910,#33830));
#34000=FACE_OUTER_BOUND('',#33990,.T.);
#34010=ADVANCED_FACE('',(#34000),#7910,.T.);
#34020=COLOUR_RGB('',9.4901967048645020E-01,9.4901967048645020E-01,
   1.0000000000000000E+00);
#34030=FILL_AREA_STYLE_COLOUR('',#34020);
#34040=FILL_AREA_STYLE('',(#34030));
#34050=SURFACE_STYLE_FILL_AREA(#34040);
#34060=SURFACE_SIDE_STYLE('',(#34050));
#34070=SURFACE_STYLE_USAGE(.BOTH.,#34060);
#34080=PRESENTATION_STYLE_ASSIGNMENT((#34070));
#34090=CARTESIAN_POINT('',(-3.5581516213882892E+01,
   2.3538852824316109E+01,4.7525126265846858E+00));
#34100=DIRECTION('',(-7.0710678118654746E-01,0.0000000000000000E+00,
   7.0710678118654757E-01));
#34110=DIRECTION('',(0.0000000000000000E+00,1.0000000000000000E+00,
   0.0000000000000000E+00));
#34120=AXIS2_PLACEMENT_3D('',#34090,#34100,#34110);
#34130=PLANE('',#34120);
#34140=ORIENTED_EDGE('',*,*,#8160,.F.);
#34150=ORIENTED_EDGE('',*,*,#26290,.T.);
#34160=CARTESIAN_POINT('',(-8.8925674828030196E+01,
   2.3538852824316109E+01,-4.8591645987562615E+01));
#34170=DIRECTION('',(-7.0710678118654757E-01,0.0000000000000000E+00,
   -7.0710678118654746E-01));
#34180=VECTOR('',#34170,1.0000000000000000E+00);
#34190=LINE('',#34160,#34180);
#34200=CARTESIAN_POINT('',(-3.5214995679261598E+01,
   2.3538852824316109E+01,5.1190331612058708E+00));
#34210=VERTEX_POINT('',#34200);
#34220=EDGE_CURVE('',#26220,#34210,#34190,.T.);
#34230=ORIENTED_EDGE('',*,*,#34220,.F.);
#34240=CARTESIAN_POINT('',(-3.5214995679261612E+01,
   3.5508852824316115E+01,5.1190331612059650E+00));
#34250=DIRECTION('',(0.0000000000000000E+00,-1.0000000000000000E+00,
   0.0000000000000000E+00));
#34260=VECTOR('',#34250,1.0000000000000000E+00);
#34270=LINE('',#34240,#34260);
#34280=EDGE_CURVE('',#8150,#34210,#34270,.T.);
#34290=ORIENTED_EDGE('',*,*,#34280,.T.);
#34300=EDGE_LOOP('',(#34290,#34230,#34150,#34140));
#34310=FACE_OUTER_BOUND('',#34300,.T.);
#34320=ADVANCED_FACE('',(#34310),#34130,.T.);
#34330=COLOUR_RGB('',9.4901967048645020E-01,9.4901967048645020E-01,
   1.0000000000000000E+00);
#34340=FILL_AREA_STYLE_COLOUR('',#34330);
#34350=FILL_AREA_STYLE('',(#34340));
#34360=SURFACE_STYLE_FILL_AREA(#34350);
#34370=SURFACE_SIDE_STYLE('',(#34360));
#34380=SURFACE_STYLE_USAGE(.BOTH.,#34370);
#34390=PRESENTATION_STYLE_ASSIGNMENT((#34380));
#34400=CARTESIAN_POINT('',(-3.5581516213882892E+01,
   2.3538852824316109E+01,4.7525126265846822E+00));
#34410=DIRECTION('',(0.0000000000000000E+00,1.0000000000000000E+00,
   0.0000000000000000E+00));
#34420=DIRECTION('',(7.0710678118654746E-01,0.0000000000000000E+00,
   -7.0710678118654757E-01));
#34430=AXIS2_PLACEMENT_3D('',#34400,#34410,#34420);
#34440=PLANE('',#34430);
#34450=CARTESIAN_POINT('',(-8.8925674828030196E+01,
   2.3538852824316109E+01,-4.8591645987562615E+01));
#34460=DIRECTION('',(-7.0710678118654757E-01,0.0000000000000000E+00,
   -7.0710678118654746E-01));
#34470=VECTOR('',#34460,1.0000000000000000E+00);
#34480=LINE('',#34450,#34470);
#34490=CARTESIAN_POINT('',(-3.5334028840467575E+01,
   2.3538852824316109E+01,5.0000000000000000E+00));
#34500=VERTEX_POINT('',#34490);
#34510=CARTESIAN_POINT('',(-3.5973036748504086E+01,
   2.3538852824316109E+01,4.3609920919633796E+00));
#34520=VERTEX_POINT('',#34510);
#34530=EDGE_CURVE('',#34500,#34520,#34480,.T.);
#34540=ORIENTED_EDGE('',*,*,#34530,.T.);
#34550=CARTESIAN_POINT('',(-8.8925674828030196E+01,
   2.3538852824316109E+01,5.0000000000000000E+00));
#34560=DIRECTION('',(-1.0000000000000000E+00,0.0000000000000000E+00,
   0.0000000000000000E+00));
#34570=VECTOR('',#34560,1.0000000000000000E+00);
#34580=LINE('',#34550,#34570);
#34590=CARTESIAN_POINT('',(-3.6323978334128768E+01,
   2.3538852824316109E+01,5.0000000000000000E+00));
#34600=VERTEX_POINT('',#34590);
#34610=EDGE_CURVE('',#34500,#34600,#34580,.T.);
#34620=ORIENTED_EDGE('',*,*,#34610,.F.);
#34630=EDGE_CURVE('',#34600,#18320,#18300,.T.);
#34640=ORIENTED_EDGE('',*,*,#34630,.F.);
#34650=CARTESIAN_POINT('',(-3.5854003587298216E+01,
   2.3538852824316109E+01,5.0000000000000000E+00));
#34660=DIRECTION('',(0.0000000000000000E+00,-1.0000000000000000E+00,
   0.0000000000000000E+00));
#34670=DIRECTION('',(1.0000000000000000E+00,0.0000000000000000E+00,
   0.0000000000000000E+00));
#34680=AXIS2_PLACEMENT_3D('',#34650,#34660,#34670);
#34690=CIRCLE('',#34680,6.5000000000000002E-01);
#34700=EDGE_CURVE('',#18320,#34520,#34690,.T.);
#34710=ORIENTED_EDGE('',*,*,#34700,.F.);
#34720=EDGE_LOOP('',(#34710,#34640,#34620,#34540));
#34730=FACE_OUTER_BOUND('',#34720,.T.);
#34740=ADVANCED_FACE('',(#34730),#34440,.T.);
#34750=COLOUR_RGB('',9.4901967048645020E-01,9.4901967048645020E-01,
   1.0000000000000000E+00);
#34760=FILL_AREA_STYLE_COLOUR('',#34750);
#34770=FILL_AREA_STYLE('',(#34760));
#34780=SURFACE_STYLE_FILL_AREA(#34770);
#34790=SURFACE_SIDE_STYLE('',(#34780));
#34800=SURFACE_STYLE_USAGE(.BOTH.,#34790);
#34810=PRESENTATION_STYLE_ASSIGNMENT((#34800));
#34820=CARTESIAN_POINT('',(-3.5829003587298210E+01,
   2.4373852824316117E+01,0.0000000000000000E+00));
#34830=DIRECTION('',(0.0000000000000000E+00,1.0000000000000000E+00,
   0.0000000000000000E+00));
#34840=DIRECTION('',(1.0000000000000000E+00,0.0000000000000000E+00,
   0.0000000000000000E+00));
#34850=AXIS2_PLACEMENT_3D('',#34820,#34830,#34840);
#34860=CYLINDRICAL_SURFACE('',#34850,1.9150000000000134E+00);
#34870=CARTESIAN_POINT('',(-3.3914003587298197E+01,
   2.4373852824316117E+01,0.0000000000000000E+00));
#34880=DIRECTION('',(0.0000000000000000E+00,1.0000000000000000E+00,
   0.0000000000000000E+00));
#34890=VECTOR('',#34880,1.0000000000000000E+00);
#34900=LINE('',#34870,#34890);
#34910=CARTESIAN_POINT('',(-3.3914003587298197E+01,
   2.5508852824316115E+01,0.0000000000000000E+00));
#34920=VERTEX_POINT('',#34910);
#34930=EDGE_CURVE('',#28800,#34920,#34900,.T.);
#34940=ORIENTED_EDGE('',*,*,#34930,.F.);
#34950=CARTESIAN_POINT('',(-3.5829003587298210E+01,
   2.5508852824316115E+01,0.0000000000000000E+00));
#34960=DIRECTION('',(0.0000000000000000E+00,1.0000000000000000E+00,
   0.0000000000000000E+00));
#34970=DIRECTION('',(1.0000000000000000E+00,0.0000000000000000E+00,
   0.0000000000000000E+00));
#34980=AXIS2_PLACEMENT_3D('',#34950,#34960,#34970);
#34990=CIRCLE('',#34980,1.9150000000000134E+00);
#35000=CARTESIAN_POINT('',(-3.7744003587298224E+01,
   2.5508852824316115E+01,-2.3451986203671978E-16));
#35010=VERTEX_POINT('',#35000);
#35020=EDGE_CURVE('',#35010,#34920,#34990,.T.);
#35030=ORIENTED_EDGE('',*,*,#35020,.T.);
#35040=CARTESIAN_POINT('',(-3.7744003587298224E+01,
   2.4373852824316117E+01,-2.3451986203671978E-16));
#35050=DIRECTION('',(0.0000000000000000E+00,1.0000000000000000E+00,
   0.0000000000000000E+00));
#35060=VECTOR('',#35050,1.0000000000000000E+00);
#35070=LINE('',#35040,#35060);
#35080=EDGE_CURVE('',#28820,#35010,#35070,.T.);
#35090=ORIENTED_EDGE('',*,*,#35080,.T.);
#35100=ORIENTED_EDGE('',*,*,#28850,.F.);
#35110=EDGE_LOOP('',(#35100,#35090,#35030,#34940));
#35120=FACE_OUTER_BOUND('',#35110,.T.);
#35130=ADVANCED_FACE('',(#35120),#34860,.F.);
#35140=COLOUR_RGB('',5.0196081399917603E-01,1.0000000000000000E+00,
   5.0196081399917603E-01);
#35150=FILL_AREA_STYLE_COLOUR('',#35140);
#35160=FILL_AREA_STYLE('',(#35150));
#35170=SURFACE_STYLE_FILL_AREA(#35160);
#35180=SURFACE_SIDE_STYLE('',(#35170));
#35190=SURFACE_STYLE_USAGE(.BOTH.,#35180);
#35200=PRESENTATION_STYLE_ASSIGNMENT((#35190));
#35210=CARTESIAN_POINT('',(-3.5581516213882892E+01,
   2.3538852824316109E+01,4.7525126265846822E+00));
#35220=DIRECTION('',(-7.0710678118654746E-01,0.0000000000000000E+00,
   7.0710678118654757E-01));
#35230=DIRECTION('',(0.0000000000000000E+00,1.0000000000000000E+00,
   0.0000000000000000E+00));
#35240=AXIS2_PLACEMENT_3D('',#35210,#35220,#35230);
#35250=PLANE('',#35240);
#35260=ORIENTED_EDGE('',*,*,#3450,.F.);
#35270=CARTESIAN_POINT('',(-3.5334028840467575E+01,
   -2.6716239164827719E+01,5.0000000000000000E+00));
#35280=DIRECTION('',(-0.0000000000000000E+00,-1.0000000000000000E+00,
   0.0000000000000000E+00));
#35290=VECTOR('',#35280,1.0000000000000000E+00);
#35300=LINE('',#35270,#35290);
#35310=EDGE_CURVE('',#3360,#34500,#35300,.T.);
#35320=ORIENTED_EDGE('',*,*,#35310,.F.);
#35330=ORIENTED_EDGE('',*,*,#34530,.F.);
#35340=CARTESIAN_POINT('',(-3.5973036748504178E+01,
   3.5508852824316115E+01,4.3609920919633973E+00));
#35350=DIRECTION('',(0.0000000000000000E+00,-1.0000000000000000E+00,
   0.0000000000000000E+00));
#35360=VECTOR('',#35350,1.0000000000000000E+00);
#35370=LINE('',#35340,#35360);
#35380=EDGE_CURVE('',#3440,#34520,#35370,.T.);
#35390=ORIENTED_EDGE('',*,*,#35380,.T.);
#35400=EDGE_LOOP('',(#35390,#35330,#35320,#35260));
#35410=FACE_OUTER_BOUND('',#35400,.T.);
#35420=ADVANCED_FACE('',(#35410),#35250,.T.);
#35430=COLOUR_RGB('',9.4901967048645020E-01,9.4901967048645020E-01,
   1.0000000000000000E+00);
#35440=FILL_AREA_STYLE_COLOUR('',#35430);
#35450=FILL_AREA_STYLE('',(#35440));
#35460=SURFACE_STYLE_FILL_AREA(#35450);
#35470=SURFACE_SIDE_STYLE('',(#35460));
#35480=SURFACE_STYLE_USAGE(.BOTH.,#35470);
#35490=PRESENTATION_STYLE_ASSIGNMENT((#35480));
#35500=CARTESIAN_POINT('',(-3.6076490960713485E+01,
   2.4538852824316109E+01,2.4748737341528226E-01));
#35510=DIRECTION('',(7.0710678118654746E-01,0.0000000000000000E+00,
   -7.0710678118654757E-01));
#35520=DIRECTION('',(0.0000000000000000E+00,-1.0000000000000000E+00,
   0.0000000000000000E+00));
#35530=AXIS2_PLACEMENT_3D('',#35500,#35510,#35520);
#35540=PLANE('',#35530);
#35550=ORIENTED_EDGE('',*,*,#26550,.F.);
#35560=ORIENTED_EDGE('',*,*,#3990,.T.);
#35570=CARTESIAN_POINT('',(-8.8925674828030196E+01,
   2.3538852824316109E+01,-5.2601696493901422E+01));
#35580=DIRECTION('',(-7.0710678118654757E-01,0.0000000000000000E+00,
   -7.0710678118654746E-01));
#35590=VECTOR('',#35580,1.0000000000000000E+00);
#35600=LINE('',#35570,#35590);
#35610=CARTESIAN_POINT('',(-3.5693983448967970E+01,
   2.3538852824316109E+01,6.2999488516079971E-01));
#35620=VERTEX_POINT('',#35610);
#35630=EDGE_CURVE('',#35620,#3920,#35600,.T.);
#35640=ORIENTED_EDGE('',*,*,#35630,.T.);
#35650=CARTESIAN_POINT('',(-3.5693983448967970E+01,
   3.5508852824316115E+01,6.2999488516079971E-01));
#35660=DIRECTION('',(0.0000000000000000E+00,-1.0000000000000000E+00,
   0.0000000000000000E+00));
#35670=VECTOR('',#35660,1.0000000000000000E+00);
#35680=LINE('',#35650,#35670);
#35690=EDGE_CURVE('',#12450,#35620,#35680,.T.);
#35700=ORIENTED_EDGE('',*,*,#35690,.T.);
#35710=EDGE_LOOP('',(#35700,#35640,#35560,#35550));
#35720=FACE_OUTER_BOUND('',#35710,.T.);
#35730=ADVANCED_FACE('',(#35720),#35540,.T.);
#35740=COLOUR_RGB('',9.4901967048645020E-01,9.4901967048645020E-01,
   1.0000000000000000E+00);
#35750=FILL_AREA_STYLE_COLOUR('',#35740);
#35760=FILL_AREA_STYLE('',(#35750));
#35770=SURFACE_STYLE_FILL_AREA(#35760);
#35780=SURFACE_SIDE_STYLE('',(#35770));
#35790=SURFACE_STYLE_USAGE(.BOTH.,#35780);
#35800=PRESENTATION_STYLE_ASSIGNMENT((#35790));
#35810=ORIENTED_EDGE('',*,*,#7950,.F.);
#35820=ORIENTED_EDGE('',*,*,#35380,.F.);
#35830=CARTESIAN_POINT('',(-3.6902027478507286E+01,
   2.3538852824316109E+01,3.4320013619602463E+00));
#35840=VERTEX_POINT('',#35830);
#35850=EDGE_CURVE('',#34520,#35840,#34480,.T.);
#35860=ORIENTED_EDGE('',*,*,#35850,.F.);
#35870=CARTESIAN_POINT('',(-3.6902027478507307E+01,
   2.3082795793605840E+01,3.4320013619602623E+00));
#35880=DIRECTION('',(0.0000000000000000E+00,1.0000000000000000E+00,
   0.0000000000000000E+00));
#35890=VECTOR('',#35880,1.0000000000000000E+00);
#35900=LINE('',#35870,#35890);
#35910=EDGE_CURVE('',#35840,#7940,#35900,.T.);
#35920=ORIENTED_EDGE('',*,*,#35910,.F.);
#35930=EDGE_LOOP('',(#35920,#35860,#35820,#35810));
#35940=FACE_OUTER_BOUND('',#35930,.T.);
#35950=ADVANCED_FACE('',(#35940),#35250,.T.);
#35960=COLOUR_RGB('',9.4901967048645020E-01,9.4901967048645020E-01,
   1.0000000000000000E+00);
#35970=FILL_AREA_STYLE_COLOUR('',#35960);
#35980=FILL_AREA_STYLE('',(#35970));
#35990=SURFACE_STYLE_FILL_AREA(#35980);
#36000=SURFACE_SIDE_STYLE('',(#35990));
#36010=SURFACE_STYLE_USAGE(.BOTH.,#36000);
#36020=PRESENTATION_STYLE_ASSIGNMENT((#36010));
#36030=CARTESIAN_POINT('',(-3.8617044243682152E+01,
   1.5508852824316122E+01,1.6930000000000081E+01));
#36040=DIRECTION('',(1.0000000000000000E+00,-0.0000000000000000E+00,
   0.0000000000000000E+00));
#36050=DIRECTION('',(0.0000000000000000E+00,0.0000000000000000E+00,
   -1.0000000000000000E+00));
#36060=AXIS2_PLACEMENT_3D('',#36030,#36040,#36050);
#36070=PLANE('',#36060);
#36080=CARTESIAN_POINT('',(-3.8617044243682152E+01,
   1.5508852824316122E+01,1.5000000000000004E+01));
#36090=DIRECTION('',(0.0000000000000000E+00,0.0000000000000000E+00,
   1.0000000000000000E+00));
#36100=VECTOR('',#36090,1.0000000000000000E+00);
#36110=LINE('',#36080,#36100);
#36120=CARTESIAN_POINT('',(-3.8617044243682152E+01,
   1.5508852824316122E+01,1.6930000000000081E+01));
#36130=VERTEX_POINT('',#36120);
#36140=CARTESIAN_POINT('',(-3.8617044243682152E+01,
   1.5508852824316122E+01,1.7192974313113154E+01));
#36150=VERTEX_POINT('',#36140);
#36160=EDGE_CURVE('',#36130,#36150,#36110,.T.);
#36170=ORIENTED_EDGE('',*,*,#36160,.T.);
#36180=CARTESIAN_POINT('',(-3.8617044243682152E+01,
   1.5508852824316122E+01,1.6930000000000081E+01));
#36190=DIRECTION('',(0.0000000000000000E+00,1.0000000000000000E+00,
   0.0000000000000000E+00));
#36200=VECTOR('',#36190,1.0000000000000000E+00);
#36210=LINE('',#36180,#36200);
#36220=CARTESIAN_POINT('',(-3.8617044243682152E+01,
   2.0008852824316122E+01,1.6930000000000081E+01));
#36230=VERTEX_POINT('',#36220);
#36240=EDGE_CURVE('',#36130,#36230,#36210,.T.);
#36250=ORIENTED_EDGE('',*,*,#36240,.F.);
#36260=CARTESIAN_POINT('',(-3.8617044243682152E+01,
   2.0008852824316122E+01,1.7192974313113154E+01));
#36270=DIRECTION('',(0.0000000000000000E+00,0.0000000000000000E+00,
   -1.0000000000000000E+00));
#36280=VECTOR('',#36270,1.0000000000000000E+00);
#36290=LINE('',#36260,#36280);
#36300=CARTESIAN_POINT('',(-3.8617044243682152E+01,
   2.0008852824316122E+01,1.7192974313113154E+01));
#36310=VERTEX_POINT('',#36300);
#36320=EDGE_CURVE('',#36310,#36230,#36290,.T.);
#36330=ORIENTED_EDGE('',*,*,#36320,.T.);
#36340=CARTESIAN_POINT('',(-3.8617044243682152E+01,
   1.5508852824316122E+01,1.7192974313113154E+01));
#36350=DIRECTION('',(0.0000000000000000E+00,1.0000000000000000E+00,
   0.0000000000000000E+00));
#36360=VECTOR('',#36350,1.0000000000000000E+00);
#36370=LINE('',#36340,#36360);
#36380=EDGE_CURVE('',#36150,#36310,#36370,.T.);
#36390=ORIENTED_EDGE('',*,*,#36380,.T.);
#36400=EDGE_LOOP('',(#36390,#36330,#36250,#36170));
#36410=FACE_OUTER_BOUND('',#36400,.T.);
#36420=ADVANCED_FACE('',(#36410),#36070,.F.);
#36430=COLOUR_RGB('',5.0196081399917603E-01,1.0000000000000000E+00,
   5.0196081399917603E-01);
#36440=FILL_AREA_STYLE_COLOUR('',#36430);
#36450=FILL_AREA_STYLE('',(#36440));
#36460=SURFACE_STYLE_FILL_AREA(#36450);
#36470=SURFACE_SIDE_STYLE('',(#36460));
#36480=SURFACE_STYLE_USAGE(.BOTH.,#36470);
#36490=PRESENTATION_STYLE_ASSIGNMENT((#36480));
#36500=ORIENTED_EDGE('',*,*,#8680,.F.);
#36510=EDGE_CURVE('',#4630,#8600,#8580,.T.);
#36520=ORIENTED_EDGE('',*,*,#36510,.T.);
#36530=ORIENTED_EDGE('',*,*,#4640,.T.);
#36540=EDGE_LOOP('',(#36530,#36520,#36500));
#36550=FACE_OUTER_BOUND('',#36540,.T.);
#36560=ADVANCED_FACE('',(#36550),#8390,.T.);
#36570=COLOUR_RGB('',9.4901967048645020E-01,9.4901967048645020E-01,
   1.0000000000000000E+00);
#36580=FILL_AREA_STYLE_COLOUR('',#36570);
#36590=FILL_AREA_STYLE('',(#36580));
#36600=SURFACE_STYLE_FILL_AREA(#36590);
#36610=SURFACE_SIDE_STYLE('',(#36600));
#36620=SURFACE_STYLE_USAGE(.BOTH.,#36610);
#36630=PRESENTATION_STYLE_ASSIGNMENT((#36620));
#36640=CARTESIAN_POINT('',(-3.5581516213882892E+01,
   2.3538852824316109E+01,4.7525126265846858E+00));
#36650=DIRECTION('',(0.0000000000000000E+00,1.0000000000000000E+00,
   0.0000000000000000E+00));
#36660=DIRECTION('',(7.0710678118654746E-01,0.0000000000000000E+00,
   -7.0710678118654757E-01));
#36670=AXIS2_PLACEMENT_3D('',#36640,#36650,#36660);
#36680=PLANE('',#36670);
#36690=ORIENTED_EDGE('',*,*,#34220,.T.);
#36700=ORIENTED_EDGE('',*,*,#26230,.T.);
#36710=CARTESIAN_POINT('',(-8.8925674828030196E+01,
   2.3538852824316109E+01,-4.7601696493901414E+01));
#36720=DIRECTION('',(-7.0710678118654757E-01,0.0000000000000000E+00,
   -7.0710678118654746E-01));
#36730=VECTOR('',#36720,1.0000000000000000E+00);
#36740=LINE('',#36710,#36730);
#36750=CARTESIAN_POINT('',(-3.5693983448967970E+01,
   2.3538852824316109E+01,5.6299948851608033E+00));
#36760=VERTEX_POINT('',#36750);
#36770=EDGE_CURVE('',#26130,#36760,#36740,.T.);
#36780=ORIENTED_EDGE('',*,*,#36770,.F.);
#36790=CARTESIAN_POINT('',(-3.5854003587298216E+01,
   2.3538852824316109E+01,5.0000000000000036E+00));
#36800=DIRECTION('',(0.0000000000000000E+00,-1.0000000000000000E+00,
   0.0000000000000000E+00));
#36810=DIRECTION('',(1.0000000000000000E+00,0.0000000000000000E+00,
   0.0000000000000000E+00));
#36820=AXIS2_PLACEMENT_3D('',#36790,#36800,#36810);
#36830=CIRCLE('',#36820,6.5000000000000002E-01);
#36840=EDGE_CURVE('',#34210,#36760,#36830,.T.);
#36850=ORIENTED_EDGE('',*,*,#36840,.T.);
#36860=EDGE_LOOP('',(#36850,#36780,#36700,#36690));
#36870=FACE_OUTER_BOUND('',#36860,.T.);
#36880=ADVANCED_FACE('',(#36870),#36680,.T.);
#36890=COLOUR_RGB('',9.4901967048645020E-01,9.4901967048645020E-01,
   1.0000000000000000E+00);
#36900=FILL_AREA_STYLE_COLOUR('',#36890);
#36910=FILL_AREA_STYLE('',(#36900));
#36920=SURFACE_STYLE_FILL_AREA(#36910);
#36930=SURFACE_SIDE_STYLE('',(#36920));
#36940=SURFACE_STYLE_USAGE(.BOTH.,#36930);
#36950=PRESENTATION_STYLE_ASSIGNMENT((#36940));
#36960=ORIENTED_EDGE('',*,*,#35850,.T.);
#36970=ORIENTED_EDGE('',*,*,#34700,.T.);
#36980=ORIENTED_EDGE('',*,*,#18330,.F.);
#36990=CARTESIAN_POINT('',(-3.5829003587298203E+01,
   2.3538852824316109E+01,5.0000000000000000E+00));
#37000=DIRECTION('',(0.0000000000000000E+00,1.0000000000000000E+00,
   0.0000000000000000E+00));
#37010=DIRECTION('',(-1.0000000000000000E+00,0.0000000000000000E+00,
   0.0000000000000000E+00));
#37020=AXIS2_PLACEMENT_3D('',#36990,#37000,#37010);
#37030=CIRCLE('',#37020,1.8999999999999999E+00);
#37040=EDGE_CURVE('',#35840,#18240,#37030,.T.);
#37050=ORIENTED_EDGE('',*,*,#37040,.T.);
#37060=EDGE_LOOP('',(#37050,#36980,#36970,#36960));
#37070=FACE_OUTER_BOUND('',#37060,.T.);
#37080=ADVANCED_FACE('',(#37070),#34440,.T.);
#37090=COLOUR_RGB('',9.4901967048645020E-01,9.4901967048645020E-01,
   1.0000000000000000E+00);
#37100=FILL_AREA_STYLE_COLOUR('',#37090);
#37110=FILL_AREA_STYLE('',(#37100));
#37120=SURFACE_STYLE_FILL_AREA(#37110);
#37130=SURFACE_SIDE_STYLE('',(#37120));
#37140=SURFACE_STYLE_USAGE(.BOTH.,#37130);
#37150=PRESENTATION_STYLE_ASSIGNMENT((#37140));
#37160=CARTESIAN_POINT('',(-3.8194003587298212E+01,
   1.7278852824316125E+01,1.0000000000000004E+01));
#37170=DIRECTION('',(-0.0000000000000000E+00,-1.0000000000000000E+00,
   -0.0000000000000000E+00));
#37180=DIRECTION('',(-1.0000000000000000E+00,0.0000000000000000E+00,
   0.0000000000000000E+00));
#37190=AXIS2_PLACEMENT_3D('',#37160,#37170,#37180);
#37200=PLANE('',#37190);
#37210=CARTESIAN_POINT('',(0.0000000000000000E+00,1.7278852824316125E+01
   ,8.6250000000000053E+00));
#37220=DIRECTION('',(1.0000000000000000E+00,0.0000000000000000E+00,
   0.0000000000000000E+00));
#37230=VECTOR('',#37220,1.0000000000000000E+00);
#37240=LINE('',#37210,#37230);
#37250=CARTESIAN_POINT('',(-3.8579003587298210E+01,
   1.7278852824316125E+01,8.6250000000000053E+00));
#37260=VERTEX_POINT('',#37250);
#37270=CARTESIAN_POINT('',(-3.8194003587298212E+01,
   1.7278852824316125E+01,8.6250000000000053E+00));
#37280=VERTEX_POINT('',#37270);
#37290=EDGE_CURVE('',#37260,#37280,#37240,.T.);
#37300=ORIENTED_EDGE('',*,*,#37290,.F.);
#37310=CARTESIAN_POINT('',(-3.8194003587298226E+01,
   1.7278852824316125E+01,1.0000000000000004E+01));
#37320=DIRECTION('',(0.0000000000000000E+00,0.0000000000000000E+00,
   1.0000000000000000E+00));
#37330=VECTOR('',#37320,1.0000000000000000E+00);
#37340=LINE('',#37310,#37330);
#37350=CARTESIAN_POINT('',(-3.8194003587298212E+01,
   1.7278852824316125E+01,1.1375000000000002E+01));
#37360=VERTEX_POINT('',#37350);
#37370=EDGE_CURVE('',#37280,#37360,#37340,.T.);
#37380=ORIENTED_EDGE('',*,*,#37370,.F.);
#37390=CARTESIAN_POINT('',(0.0000000000000000E+00,1.7278852824316125E+01
   ,1.1375000000000002E+01));
#37400=DIRECTION('',(-1.0000000000000000E+00,0.0000000000000000E+00,
   0.0000000000000000E+00));
#37410=VECTOR('',#37400,1.0000000000000000E+00);
#37420=LINE('',#37390,#37410);
#37430=CARTESIAN_POINT('',(-3.8579003587298210E+01,
   1.7278852824316125E+01,1.1375000000000004E+01));
#37440=VERTEX_POINT('',#37430);
#37450=EDGE_CURVE('',#37360,#37440,#37420,.T.);
#37460=ORIENTED_EDGE('',*,*,#37450,.F.);
#37470=CARTESIAN_POINT('',(-3.8579003587298210E+01,
   1.7278852824316125E+01,1.0000000000000004E+01));
#37480=DIRECTION('',(0.0000000000000000E+00,0.0000000000000000E+00,
   1.0000000000000000E+00));
#37490=VECTOR('',#37480,1.0000000000000000E+00);
#37500=LINE('',#37470,#37490);
#37510=EDGE_CURVE('',#37260,#37440,#37500,.T.);
#37520=ORIENTED_EDGE('',*,*,#37510,.T.);
#37530=EDGE_LOOP('',(#37520,#37460,#37380,#37300));
#37540=FACE_OUTER_BOUND('',#37530,.T.);
#37550=ADVANCED_FACE('',(#37540),#37200,.F.);
#37560=COLOUR_RGB('',5.0196081399917603E-01,1.0000000000000000E+00,
   5.0196081399917603E-01);
#37570=FILL_AREA_STYLE_COLOUR('',#37560);
#37580=FILL_AREA_STYLE('',(#37570));
#37590=SURFACE_STYLE_FILL_AREA(#37580);
#37600=SURFACE_SIDE_STYLE('',(#37590));
#37610=SURFACE_STYLE_USAGE(.BOTH.,#37600);
#37620=PRESENTATION_STYLE_ASSIGNMENT((#37610));
#37630=CARTESIAN_POINT('',(-3.8579003587298217E+01,
   1.7278852824316125E+01,1.3749999999999982E+00));
#37640=DIRECTION('',(3.5305725243424335E-01,-0.0000000000000000E+00,
   9.3560171895074196E-01));
#37650=DIRECTION('',(9.3560171895074196E-01,0.0000000000000000E+00,
   -3.5305725243424335E-01));
#37660=AXIS2_PLACEMENT_3D('',#37630,#37640,#37650);
#37670=PLANE('',#37660);
#37680=CARTESIAN_POINT('',(-3.8579003587298217E+01,
   0.0000000000000000E+00,1.3750000000000000E+00));
#37690=DIRECTION('',(0.0000000000000000E+00,1.0000000000000000E+00,
   0.0000000000000000E+00));
#37700=VECTOR('',#37690,1.0000000000000000E+00);
#37710=LINE('',#37680,#37700);
#37720=EDGE_CURVE('',#13430,#13790,#37710,.T.);
#37730=ORIENTED_EDGE('',*,*,#37720,.F.);
#37740=ORIENTED_EDGE('',*,*,#14090,.F.);
#37750=ORIENTED_EDGE('',*,*,#10540,.F.);
#37760=ORIENTED_EDGE('',*,*,#11370,.F.);
#37770=CARTESIAN_POINT('',(-3.9904003587298213E+01,
   0.0000000000000000E+00,1.8749999999999973E+00));
#37780=DIRECTION('',(0.0000000000000000E+00,1.0000000000000000E+00,
   0.0000000000000000E+00));
#37790=VECTOR('',#37780,1.0000000000000000E+00);
#37800=LINE('',#37770,#37790);
#37810=EDGE_CURVE('',#13410,#11360,#37800,.T.);
#37820=ORIENTED_EDGE('',*,*,#37810,.T.);
#37830=ORIENTED_EDGE('',*,*,#13440,.F.);
#37840=EDGE_LOOP('',(#37830,#37820,#37760,#37750,#37740,#37730));
#37850=FACE_OUTER_BOUND('',#37840,.T.);
#37860=ADVANCED_FACE('',(#37850),#37670,.F.);
#37870=COLOUR_RGB('',5.0196081399917603E-01,1.0000000000000000E+00,
   5.0196081399917603E-01);
#37880=FILL_AREA_STYLE_COLOUR('',#37870);
#37890=FILL_AREA_STYLE('',(#37880));
#37900=SURFACE_STYLE_FILL_AREA(#37890);
#37910=SURFACE_SIDE_STYLE('',(#37900));
#37920=SURFACE_STYLE_USAGE(.BOTH.,#37910);
#37930=PRESENTATION_STYLE_ASSIGNMENT((#37920));
#37940=CARTESIAN_POINT('',(-3.5829003587298203E+01,
   2.3082795793605840E+01,1.0000000000000004E+01));
#37950=DIRECTION('',(0.0000000000000000E+00,1.0000000000000000E+00,
   0.0000000000000000E+00));
#37960=DIRECTION('',(-1.0000000000000000E+00,0.0000000000000000E+00,
   0.0000000000000000E+00));
#37970=AXIS2_PLACEMENT_3D('',#37940,#37950,#37960);
#37980=CYLINDRICAL_SURFACE('',#37970,1.8999999999999999E+00);
#37990=CARTESIAN_POINT('',(-3.7729003587298202E+01,
   2.3082795793605840E+01,1.0000000000000004E+01));
#38000=DIRECTION('',(0.0000000000000000E+00,1.0000000000000000E+00,
   0.0000000000000000E+00));
#38010=VECTOR('',#38000,1.0000000000000000E+00);
#38020=LINE('',#37990,#38010);
#38030=CARTESIAN_POINT('',(-3.7729003587298202E+01,
   2.3238852824316119E+01,1.0000000000000004E+01));
#38040=VERTEX_POINT('',#38030);
#38050=CARTESIAN_POINT('',(-3.7729003587298202E+01,
   2.4538852824316116E+01,1.0000000000000004E+01));
#38060=VERTEX_POINT('',#38050);
#38070=EDGE_CURVE('',#38040,#38060,#38020,.T.);
#38080=ORIENTED_EDGE('',*,*,#38070,.F.);
#38090=CARTESIAN_POINT('',(-3.5829003587298203E+01,
   2.4538852824316116E+01,1.0000000000000004E+01));
#38100=DIRECTION('',(0.0000000000000000E+00,1.0000000000000000E+00,
   0.0000000000000000E+00));
#38110=DIRECTION('',(-1.0000000000000000E+00,0.0000000000000000E+00,
   0.0000000000000000E+00));
#38120=AXIS2_PLACEMENT_3D('',#38090,#38100,#38110);
#38130=CIRCLE('',#38120,1.8999999999999999E+00);
#38140=CARTESIAN_POINT('',(-3.4755979696089121E+01,
   2.4538852824316116E+01,1.1567998638039757E+01));
#38150=VERTEX_POINT('',#38140);
#38160=EDGE_CURVE('',#38060,#38150,#38130,.T.);
#38170=ORIENTED_EDGE('',*,*,#38160,.F.);
#38180=CARTESIAN_POINT('',(-3.4755979696089057E+01,
   2.3082795793605840E+01,1.1567998638039713E+01));
#38190=DIRECTION('',(0.0000000000000000E+00,1.0000000000000000E+00,
   0.0000000000000000E+00));
#38200=VECTOR('',#38190,1.0000000000000000E+00);
#38210=LINE('',#38180,#38200);
#38220=CARTESIAN_POINT('',(-3.4755979696089057E+01,
   2.3538852824316109E+01,1.1567998638039713E+01));
#38230=VERTEX_POINT('',#38220);
#38240=EDGE_CURVE('',#38230,#38150,#38210,.T.);
#38250=ORIENTED_EDGE('',*,*,#38240,.T.);
#38260=CARTESIAN_POINT('',(-3.5829003587298203E+01,
   2.3538852824316109E+01,1.0000000000000004E+01));
#38270=DIRECTION('',(0.0000000000000000E+00,1.0000000000000000E+00,
   0.0000000000000000E+00));
#38280=DIRECTION('',(-1.0000000000000000E+00,0.0000000000000000E+00,
   0.0000000000000000E+00));
#38290=AXIS2_PLACEMENT_3D('',#38260,#38270,#38280);
#38300=CIRCLE('',#38290,1.8999999999999999E+00);
#38310=CARTESIAN_POINT('',(-3.4261004949258449E+01,
   2.3538852824316109E+01,1.1073023891209081E+01));
#38320=VERTEX_POINT('',#38310);
#38330=EDGE_CURVE('',#38230,#38320,#38300,.T.);
#38340=ORIENTED_EDGE('',*,*,#38330,.F.);
#38350=CARTESIAN_POINT('',(-3.4261004949258471E+01,
   2.3082795793605840E+01,1.1073023891209111E+01));
#38360=DIRECTION('',(0.0000000000000000E+00,1.0000000000000000E+00,
   0.0000000000000000E+00));
#38370=VECTOR('',#38360,1.0000000000000000E+00);
#38380=LINE('',#38350,#38370);
#38390=CARTESIAN_POINT('',(-3.4261004949258471E+01,
   2.4538852824316116E+01,1.1073023891209111E+01));
#38400=VERTEX_POINT('',#38390);
#38410=EDGE_CURVE('',#38320,#38400,#38380,.T.);
#38420=ORIENTED_EDGE('',*,*,#38410,.F.);
#38430=CARTESIAN_POINT('',(-3.5829003587298203E+01,
   2.4538852824316116E+01,1.0000000000000004E+01));
#38440=DIRECTION('',(0.0000000000000000E+00,1.0000000000000000E+00,
   0.0000000000000000E+00));
#38450=DIRECTION('',(-1.0000000000000000E+00,0.0000000000000000E+00,
   0.0000000000000000E+00));
#38460=AXIS2_PLACEMENT_3D('',#38430,#38440,#38450);
#38470=CIRCLE('',#38460,1.8999999999999999E+00);
#38480=CARTESIAN_POINT('',(-3.3929003587298205E+01,
   2.4538852824316116E+01,1.0000000000000004E+01));
#38490=VERTEX_POINT('',#38480);
#38500=EDGE_CURVE('',#38400,#38490,#38470,.T.);
#38510=ORIENTED_EDGE('',*,*,#38500,.F.);
#38520=CARTESIAN_POINT('',(-3.3929003587298205E+01,
   2.3082795793605840E+01,1.0000000000000004E+01));
#38530=DIRECTION('',(0.0000000000000000E+00,1.0000000000000000E+00,
   0.0000000000000000E+00));
#38540=VECTOR('',#38530,1.0000000000000000E+00);
#38550=LINE('',#38520,#38540);
#38560=CARTESIAN_POINT('',(-3.3929003587298205E+01,
   2.3238852824316119E+01,1.0000000000000004E+01));
#38570=VERTEX_POINT('',#38560);
#38580=EDGE_CURVE('',#38570,#38490,#38550,.T.);
#38590=ORIENTED_EDGE('',*,*,#38580,.T.);
#38600=CARTESIAN_POINT('',(-3.5829003587298203E+01,
   2.3238852824316119E+01,1.0000000000000004E+01));
#38610=DIRECTION('',(0.0000000000000000E+00,1.0000000000000000E+00,
   0.0000000000000000E+00));
#38620=DIRECTION('',(-1.0000000000000000E+00,0.0000000000000000E+00,
   0.0000000000000000E+00));
#38630=AXIS2_PLACEMENT_3D('',#38600,#38610,#38620);
#38640=CIRCLE('',#38630,1.8999999999999999E+00);
#38650=EDGE_CURVE('',#38040,#38570,#38640,.T.);
#38660=ORIENTED_EDGE('',*,*,#38650,.T.);
#38670=EDGE_LOOP('',(#38660,#38590,#38510,#38420,#38340,#38250,#38170,
   #38080));
#38680=FACE_OUTER_BOUND('',#38670,.T.);
#38690=ADVANCED_FACE('',(#38680),#37980,.T.);
#38700=COLOUR_RGB('',9.4901967048645020E-01,9.4901967048645020E-01,
   1.0000000000000000E+00);
#38710=FILL_AREA_STYLE_COLOUR('',#38700);
#38720=FILL_AREA_STYLE('',(#38710));
#38730=SURFACE_STYLE_FILL_AREA(#38720);
#38740=SURFACE_SIDE_STYLE('',(#38730));
#38750=SURFACE_STYLE_USAGE(.BOTH.,#38740);
#38760=PRESENTATION_STYLE_ASSIGNMENT((#38750));
#38770=EDGE_CURVE('',#33790,#18140,#18120,.T.);
#38780=ORIENTED_EDGE('',*,*,#38770,.F.);
#38790=ORIENTED_EDGE('',*,*,#18390,.F.);
#38800=ORIENTED_EDGE('',*,*,#34630,.T.);
#38810=CARTESIAN_POINT('',(-3.6323978334128775E+01,
   -2.6716239164827719E+01,5.0000000000000000E+00));
#38820=DIRECTION('',(-0.0000000000000000E+00,1.0000000000000000E+00,
   0.0000000000000000E+00));
#38830=VECTOR('',#38820,1.0000000000000000E+00);
#38840=LINE('',#38810,#38830);
#38850=EDGE_CURVE('',#34600,#33790,#38840,.T.);
#38860=ORIENTED_EDGE('',*,*,#38850,.F.);
#38870=EDGE_LOOP('',(#38860,#38800,#38790,#38780));
#38880=FACE_OUTER_BOUND('',#38870,.T.);
#38890=ADVANCED_FACE('',(#38880),#18080,.T.);
#38900=COLOUR_RGB('',9.4901967048645020E-01,9.4901967048645020E-01,
   1.0000000000000000E+00);
#38910=FILL_AREA_STYLE_COLOUR('',#38900);
#38920=FILL_AREA_STYLE('',(#38910));
#38930=SURFACE_STYLE_FILL_AREA(#38920);
#38940=SURFACE_SIDE_STYLE('',(#38930));
#38950=SURFACE_STYLE_USAGE(.BOTH.,#38940);
#38960=PRESENTATION_STYLE_ASSIGNMENT((#38950));
#38970=CARTESIAN_POINT('',(0.0000000000000000E+00,0.0000000000000000E+00
   ,1.3750000000000000E+00));
#38980=DIRECTION('',(0.0000000000000000E+00,0.0000000000000000E+00,
   1.0000000000000000E+00));
#38990=DIRECTION('',(1.0000000000000000E+00,0.0000000000000000E+00,
   0.0000000000000000E+00));
#39000=AXIS2_PLACEMENT_3D('',#38970,#38980,#38990);
#39010=PLANE('',#39000);
#39020=ORIENTED_EDGE('',*,*,#14330,.T.);
#39030=ORIENTED_EDGE('',*,*,#5040,.T.);
#39040=ORIENTED_EDGE('',*,*,#13800,.T.);
#39050=ORIENTED_EDGE('',*,*,#37720,.T.);
#39060=EDGE_LOOP('',(#39050,#39040,#39030,#39020));
#39070=FACE_OUTER_BOUND('',#39060,.T.);
#39080=ADVANCED_FACE('',(#39070),#39010,.F.);
#39090=COLOUR_RGB('',5.0196081399917603E-01,1.0000000000000000E+00,
   5.0196081399917603E-01);
#39100=FILL_AREA_STYLE_COLOUR('',#39090);
#39110=FILL_AREA_STYLE('',(#39100));
#39120=SURFACE_STYLE_FILL_AREA(#39110);
#39130=SURFACE_SIDE_STYLE('',(#39120));
#39140=SURFACE_STYLE_USAGE(.BOTH.,#39130);
#39150=PRESENTATION_STYLE_ASSIGNMENT((#39140));
#39160=CARTESIAN_POINT('',(-3.5604003587298216E+01,
   1.5008852824316122E+01,4.5000000000000000E+00));
#39170=DIRECTION('',(0.0000000000000000E+00,0.0000000000000000E+00,
   -1.0000000000000000E+00));
#39180=DIRECTION('',(-1.0000000000000000E+00,0.0000000000000000E+00,
   0.0000000000000000E+00));
#39190=AXIS2_PLACEMENT_3D('',#39160,#39170,#39180);
#39200=PLANE('',#39190);
#39210=ORIENTED_EDGE('',*,*,#23750,.F.);
#39220=CARTESIAN_POINT('',(-8.8925674828030196E+01,
   1.3008852824316122E+01,4.5000000000000000E+00));
#39230=DIRECTION('',(-1.0000000000000000E+00,0.0000000000000000E+00,
   0.0000000000000000E+00));
#39240=VECTOR('',#39230,1.0000000000000000E+00);
#39250=LINE('',#39220,#39240);
#39260=CARTESIAN_POINT('',(-3.5604003587298216E+01,
   1.3008852824316122E+01,4.5000000000000000E+00));
#39270=VERTEX_POINT('',#39260);
#39280=EDGE_CURVE('',#39270,#23660,#39250,.T.);
#39290=ORIENTED_EDGE('',*,*,#39280,.T.);
#39300=CARTESIAN_POINT('',(-3.5604003587298216E+01,
   1.5008852824316122E+01,4.5000000000000000E+00));
#39310=DIRECTION('',(0.0000000000000000E+00,-1.0000000000000000E+00,
   0.0000000000000000E+00));
#39320=VECTOR('',#39310,1.0000000000000000E+00);
#39330=LINE('',#39300,#39320);
#39340=CARTESIAN_POINT('',(-3.5604003587298216E+01,
   1.5008852824316122E+01,4.5000000000000000E+00));
#39350=VERTEX_POINT('',#39340);
#39360=EDGE_CURVE('',#39350,#39270,#39330,.T.);
#39370=ORIENTED_EDGE('',*,*,#39360,.T.);
#39380=CARTESIAN_POINT('',(-8.8925674828030196E+01,
   1.5008852824316122E+01,4.5000000000000000E+00));
#39390=DIRECTION('',(1.0000000000000000E+00,0.0000000000000000E+00,
   0.0000000000000000E+00));
#39400=VECTOR('',#39390,1.0000000000000000E+00);
#39410=LINE('',#39380,#39400);
#39420=EDGE_CURVE('',#23740,#39350,#39410,.T.);
#39430=ORIENTED_EDGE('',*,*,#39420,.T.);
#39440=EDGE_LOOP('',(#39430,#39370,#39290,#39210));
#39450=FACE_OUTER_BOUND('',#39440,.T.);
#39460=ADVANCED_FACE('',(#39450),#39200,.T.);
#39470=COLOUR_RGB('',9.4901967048645020E-01,9.4901967048645020E-01,
   1.0000000000000000E+00);
#39480=FILL_AREA_STYLE_COLOUR('',#39470);
#39490=FILL_AREA_STYLE('',(#39480));
#39500=SURFACE_STYLE_FILL_AREA(#39490);
#39510=SURFACE_SIDE_STYLE('',(#39500));
#39520=SURFACE_STYLE_USAGE(.BOTH.,#39510);
#39530=PRESENTATION_STYLE_ASSIGNMENT((#39520));
#39540=CARTESIAN_POINT('',(-3.5854003587298216E+01,
   2.4538852824316116E+01,5.0000000000000000E+00));
#39550=DIRECTION('',(0.0000000000000000E+00,-1.0000000000000000E+00,
   0.0000000000000000E+00));
#39560=DIRECTION('',(1.0000000000000000E+00,0.0000000000000000E+00,
   0.0000000000000000E+00));
#39570=AXIS2_PLACEMENT_3D('',#39540,#39550,#39560);
#39580=CIRCLE('',#39570,6.5000000000000002E-01);
#39590=EDGE_CURVE('',#33810,#18140,#39580,.T.);
#39600=ORIENTED_EDGE('',*,*,#39590,.F.);
#39610=ORIENTED_EDGE('',*,*,#38770,.T.);
#39620=ORIENTED_EDGE('',*,*,#33820,.F.);
#39630=EDGE_LOOP('',(#39620,#39610,#39600));
#39640=FACE_OUTER_BOUND('',#39630,.T.);
#39650=ADVANCED_FACE('',(#39640),#3280,.T.);
#39660=COLOUR_RGB('',9.4901967048645020E-01,9.4901967048645020E-01,
   1.0000000000000000E+00);
#39670=FILL_AREA_STYLE_COLOUR('',#39660);
#39680=FILL_AREA_STYLE('',(#39670));
#39690=SURFACE_STYLE_FILL_AREA(#39680);
#39700=SURFACE_SIDE_STYLE('',(#39690));
#39710=SURFACE_STYLE_USAGE(.BOTH.,#39700);
#39720=PRESENTATION_STYLE_ASSIGNMENT((#39710));
#39730=CARTESIAN_POINT('',(-3.5854003587298216E+01,
   1.2508852824316122E+01,4.6339745962155607E+00));
#39740=DIRECTION('',(0.0000000000000000E+00,2.5881904510252046E-01,
   9.6592582628906842E-01));
#39750=DIRECTION('',(0.0000000000000000E+00,9.6592582628906842E-01,
   -2.5881904510252046E-01));
#39760=AXIS2_PLACEMENT_3D('',#39730,#39740,#39750);
#39770=PLANE('',#39760);
#39780=CARTESIAN_POINT('',(-3.5604003587298216E+01,
   -2.6716239164827719E+01,1.5144306317743141E+01));
#39790=DIRECTION('',(0.0000000000000000E+00,9.6592582628906842E-01,
   -2.5881904510252046E-01));
#39800=VECTOR('',#39790,1.0000000000000000E+00);
#39810=LINE('',#39780,#39800);
#39820=CARTESIAN_POINT('',(-3.5604003587298216E+01,
   1.2008852824316129E+01,4.7679491924311215E+00));
#39830=VERTEX_POINT('',#39820);
#39840=EDGE_CURVE('',#39830,#39270,#39810,.T.);
#39850=ORIENTED_EDGE('',*,*,#39840,.F.);
#39860=ORIENTED_EDGE('',*,*,#39280,.F.);
#39870=ORIENTED_EDGE('',*,*,#23670,.F.);
#39880=CARTESIAN_POINT('',(-8.8925674828030196E+01,
   1.2008852824316122E+01,4.7679491924311215E+00));
#39890=DIRECTION('',(1.0000000000000000E+00,0.0000000000000000E+00,
   0.0000000000000000E+00));
#39900=VECTOR('',#39890,1.0000000000000000E+00);
#39910=LINE('',#39880,#39900);
#39920=EDGE_CURVE('',#23580,#39830,#39910,.T.);
#39930=ORIENTED_EDGE('',*,*,#39920,.F.);
#39940=EDGE_LOOP('',(#39930,#39870,#39860,#39850));
#39950=FACE_OUTER_BOUND('',#39940,.T.);
#39960=ADVANCED_FACE('',(#39950),#39770,.F.);
#39970=COLOUR_RGB('',9.4901967048645020E-01,9.4901967048645020E-01,
   1.0000000000000000E+00);
#39980=FILL_AREA_STYLE_COLOUR('',#39970);
#39990=FILL_AREA_STYLE('',(#39980));
#40000=SURFACE_STYLE_FILL_AREA(#39990);
#40010=SURFACE_SIDE_STYLE('',(#40000));
#40020=SURFACE_STYLE_USAGE(.BOTH.,#40010);
#40030=PRESENTATION_STYLE_ASSIGNMENT((#40020));
#40040=CARTESIAN_POINT('',(-3.9359231886085752E+01,
   2.0708852824316118E+01,5.0000000000000000E+00));
#40050=DIRECTION('',(-0.0000000000000000E+00,1.0000000000000000E+00,
   0.0000000000000000E+00));
#40060=DIRECTION('',(1.0000000000000000E+00,0.0000000000000000E+00,
   0.0000000000000000E+00));
#40070=AXIS2_PLACEMENT_3D('',#40040,#40050,#40060);
#40080=PLANE('',#40070);
#40090=CARTESIAN_POINT('',(0.0000000000000000E+00,2.0708852824316118E+01
   ,-8.1831145612446541E+00));
#40100=DIRECTION('',(-9.3560171895074196E-01,0.0000000000000000E+00,
   3.5305725243424335E-01));
#40110=VECTOR('',#40100,1.0000000000000000E+00);
#40120=LINE('',#40090,#40110);
#40130=CARTESIAN_POINT('',(-3.9359231886085752E+01,
   2.0708852824316118E+01,6.6694257731273741E+00));
#40140=VERTEX_POINT('',#40130);
#40150=CARTESIAN_POINT('',(-3.9904003587298213E+01,
   2.0708852824316118E+01,6.8750000000000018E+00));
#40160=VERTEX_POINT('',#40150);
#40170=EDGE_CURVE('',#40140,#40160,#40120,.T.);
#40180=ORIENTED_EDGE('',*,*,#40170,.T.);
#40190=CARTESIAN_POINT('',(-3.9359231886085752E+01,
   2.0708852824316118E+01,5.0000000000000036E+00));
#40200=DIRECTION('',(0.0000000000000000E+00,0.0000000000000000E+00,
   -1.0000000000000000E+00));
#40210=VECTOR('',#40200,1.0000000000000000E+00);
#40220=LINE('',#40190,#40210);
#40230=CARTESIAN_POINT('',(-3.9359231886085752E+01,
   2.0708852824316118E+01,3.3305742268726295E+00));
#40240=VERTEX_POINT('',#40230);
#40250=EDGE_CURVE('',#40140,#40240,#40220,.T.);
#40260=ORIENTED_EDGE('',*,*,#40250,.F.);
#40270=CARTESIAN_POINT('',(0.0000000000000000E+00,2.0708852824316118E+01
   ,1.8183114561244658E+01));
#40280=DIRECTION('',(9.3560171895074196E-01,0.0000000000000000E+00,
   3.5305725243424335E-01));
#40290=VECTOR('',#40280,1.0000000000000000E+00);
#40300=LINE('',#40270,#40290);
#40310=CARTESIAN_POINT('',(-3.9904003587298213E+01,
   2.0708852824316118E+01,3.1250000000000018E+00));
#40320=VERTEX_POINT('',#40310);
#40330=EDGE_CURVE('',#40320,#40240,#40300,.T.);
#40340=ORIENTED_EDGE('',*,*,#40330,.T.);
#40350=CARTESIAN_POINT('',(-3.9904003587298213E+01,
   2.0708852824316118E+01,5.0000000000000000E+00));
#40360=DIRECTION('',(0.0000000000000000E+00,0.0000000000000000E+00,
   1.0000000000000000E+00));
#40370=VECTOR('',#40360,1.0000000000000000E+00);
#40380=LINE('',#40350,#40370);
#40390=EDGE_CURVE('',#40320,#40160,#40380,.T.);
#40400=ORIENTED_EDGE('',*,*,#40390,.F.);
#40410=EDGE_LOOP('',(#40400,#40340,#40260,#40180));
#40420=FACE_OUTER_BOUND('',#40410,.T.);
#40430=ADVANCED_FACE('',(#40420),#40080,.F.);
#40440=COLOUR_RGB('',5.0196081399917603E-01,1.0000000000000000E+00,
   5.0196081399917603E-01);
#40450=FILL_AREA_STYLE_COLOUR('',#40440);
#40460=FILL_AREA_STYLE('',(#40450));
#40470=SURFACE_STYLE_FILL_AREA(#40460);
#40480=SURFACE_SIDE_STYLE('',(#40470));
#40490=SURFACE_STYLE_USAGE(.BOTH.,#40480);
#40500=PRESENTATION_STYLE_ASSIGNMENT((#40490));
#40510=CARTESIAN_POINT('',(-3.6122820727760129E+01,
   1.2008852824316122E+01,4.3292401152689752E+00));
#40520=DIRECTION('',(0.0000000000000000E+00,-1.0000000000000000E+00,
   0.0000000000000000E+00));
#40530=DIRECTION('',(1.0000000000000000E+00,0.0000000000000000E+00,
   0.0000000000000000E+00));
#40540=AXIS2_PLACEMENT_3D('',#40510,#40520,#40530);
#40550=PLANE('',#40540);
#40560=CARTESIAN_POINT('',(-8.8925674828030196E+01,
   1.2008852824316122E+01,1.0232050807568882E+01));
#40570=DIRECTION('',(1.0000000000000000E+00,0.0000000000000000E+00,
   0.0000000000000000E+00));
#40580=VECTOR('',#40570,1.0000000000000000E+00);
#40590=LINE('',#40560,#40580);
#40600=CARTESIAN_POINT('',(-3.6104003587298216E+01,
   1.2008852824316129E+01,1.0232050807568882E+01));
#40610=VERTEX_POINT('',#40600);
#40620=CARTESIAN_POINT('',(-3.5604003587298216E+01,
   1.2008852824316129E+01,1.0232050807568882E+01));
#40630=VERTEX_POINT('',#40620);
#40640=EDGE_CURVE('',#40610,#40630,#40590,.T.);
#40650=ORIENTED_EDGE('',*,*,#40640,.F.);
#40660=CARTESIAN_POINT('',(-3.5604003587298216E+01,
   1.2008852824316122E+01,1.0500000000000004E+01));
#40670=DIRECTION('',(0.0000000000000000E+00,0.0000000000000000E+00,
   -1.0000000000000000E+00));
#40680=VECTOR('',#40670,1.0000000000000000E+00);
#40690=LINE('',#40660,#40680);
#40700=CARTESIAN_POINT('',(-3.5604003587298216E+01,
   1.2008852824316129E+01,9.7679491924311250E+00));
#40710=VERTEX_POINT('',#40700);
#40720=EDGE_CURVE('',#40630,#40710,#40690,.T.);
#40730=ORIENTED_EDGE('',*,*,#40720,.F.);
#40740=CARTESIAN_POINT('',(-8.8925674828030196E+01,
   1.2008852824316122E+01,9.7679491924311250E+00));
#40750=DIRECTION('',(1.0000000000000000E+00,0.0000000000000000E+00,
   0.0000000000000000E+00));
#40760=VECTOR('',#40750,1.0000000000000000E+00);
#40770=LINE('',#40740,#40760);
#40780=CARTESIAN_POINT('',(-3.6104003587298216E+01,
   1.2008852824316129E+01,9.7679491924311250E+00));
#40790=VERTEX_POINT('',#40780);
#40800=EDGE_CURVE('',#40790,#40710,#40770,.T.);
#40810=ORIENTED_EDGE('',*,*,#40800,.T.);
#40820=CARTESIAN_POINT('',(-3.6104003587298216E+01,
   1.2008852824316122E+01,9.5000000000000036E+00));
#40830=DIRECTION('',(0.0000000000000000E+00,0.0000000000000000E+00,
   1.0000000000000000E+00));
#40840=VECTOR('',#40830,1.0000000000000000E+00);
#40850=LINE('',#40820,#40840);
#40860=EDGE_CURVE('',#40790,#40610,#40850,.T.);
#40870=ORIENTED_EDGE('',*,*,#40860,.F.);
#40880=EDGE_LOOP('',(#40870,#40810,#40730,#40650));
#40890=FACE_OUTER_BOUND('',#40880,.T.);
#40900=ADVANCED_FACE('',(#40890),#40550,.T.);
#40910=COLOUR_RGB('',9.4901967048645020E-01,9.4901967048645020E-01,
   1.0000000000000000E+00);
#40920=FILL_AREA_STYLE_COLOUR('',#40910);
#40930=FILL_AREA_STYLE('',(#40920));
#40940=SURFACE_STYLE_FILL_AREA(#40930);
#40950=SURFACE_SIDE_STYLE('',(#40940));
#40960=SURFACE_STYLE_USAGE(.BOTH.,#40950);
#40970=PRESENTATION_STYLE_ASSIGNMENT((#40960));
#40980=CARTESIAN_POINT('',(-3.8194003587298212E+01,
   1.7278852824316125E+01,5.0000000000000000E+00));
#40990=DIRECTION('',(-0.0000000000000000E+00,-1.0000000000000000E+00,
   -0.0000000000000000E+00));
#41000=DIRECTION('',(-1.0000000000000000E+00,0.0000000000000000E+00,
   0.0000000000000000E+00));
#41010=AXIS2_PLACEMENT_3D('',#40980,#40990,#41000);
#41020=PLANE('',#41010);
#41030=CARTESIAN_POINT('',(0.0000000000000000E+00,1.7278852824316125E+01
   ,6.3750000000000018E+00));
#41040=DIRECTION('',(-1.0000000000000000E+00,0.0000000000000000E+00,
   0.0000000000000000E+00));
#41050=VECTOR('',#41040,1.0000000000000000E+00);
#41060=LINE('',#41030,#41050);
#41070=CARTESIAN_POINT('',(-3.8194003587298212E+01,
   1.7278852824316125E+01,6.3750000000000018E+00));
#41080=VERTEX_POINT('',#41070);
#41090=CARTESIAN_POINT('',(-3.8579003587298210E+01,
   1.7278852824316125E+01,6.3750000000000036E+00));
#41100=VERTEX_POINT('',#41090);
#41110=EDGE_CURVE('',#41080,#41100,#41060,.T.);
#41120=ORIENTED_EDGE('',*,*,#41110,.F.);
#41130=CARTESIAN_POINT('',(-3.8579003587298210E+01,
   1.7278852824316125E+01,5.0000000000000036E+00));
#41140=DIRECTION('',(0.0000000000000000E+00,0.0000000000000000E+00,
   1.0000000000000000E+00));
#41150=VECTOR('',#41140,1.0000000000000000E+00);
#41160=LINE('',#41130,#41150);
#41170=CARTESIAN_POINT('',(-3.8579003587298210E+01,
   1.7278852824316125E+01,3.6250000000000018E+00));
#41180=VERTEX_POINT('',#41170);
#41190=EDGE_CURVE('',#41180,#41100,#41160,.T.);
#41200=ORIENTED_EDGE('',*,*,#41190,.T.);
#41210=CARTESIAN_POINT('',(0.0000000000000000E+00,1.7278852824316125E+01
   ,3.6250000000000018E+00));
#41220=DIRECTION('',(1.0000000000000000E+00,0.0000000000000000E+00,
   0.0000000000000000E+00));
#41230=VECTOR('',#41220,1.0000000000000000E+00);
#41240=LINE('',#41210,#41230);
#41250=CARTESIAN_POINT('',(-3.8194003587298212E+01,
   1.7278852824316125E+01,3.6250000000000018E+00));
#41260=VERTEX_POINT('',#41250);
#41270=EDGE_CURVE('',#41180,#41260,#41240,.T.);
#41280=ORIENTED_EDGE('',*,*,#41270,.F.);
#41290=CARTESIAN_POINT('',(-3.8194003587298226E+01,
   1.7278852824316125E+01,5.0000000000000000E+00));
#41300=DIRECTION('',(0.0000000000000000E+00,0.0000000000000000E+00,
   1.0000000000000000E+00));
#41310=VECTOR('',#41300,1.0000000000000000E+00);
#41320=LINE('',#41290,#41310);
#41330=EDGE_CURVE('',#41260,#41080,#41320,.T.);
#41340=ORIENTED_EDGE('',*,*,#41330,.F.);
#41350=EDGE_LOOP('',(#41340,#41280,#41200,#41120));
#41360=FACE_OUTER_BOUND('',#41350,.T.);
#41370=ADVANCED_FACE('',(#41360),#41020,.F.);
#41380=COLOUR_RGB('',5.0196081399917603E-01,1.0000000000000000E+00,
   5.0196081399917603E-01);
#41390=FILL_AREA_STYLE_COLOUR('',#41380);
#41400=FILL_AREA_STYLE('',(#41390));
#41410=SURFACE_STYLE_FILL_AREA(#41400);
#41420=SURFACE_SIDE_STYLE('',(#41410));
#41430=SURFACE_STYLE_USAGE(.BOTH.,#41420);
#41440=PRESENTATION_STYLE_ASSIGNMENT((#41430));
#41450=CARTESIAN_POINT('',(-3.8579003587298210E+01,
   1.9228852824316121E+01,5.0000000000000000E+00));
#41460=DIRECTION('',(9.6592582628906809E-01,2.5881904510252152E-01,
   0.0000000000000000E+00));
#41470=DIRECTION('',(2.5881904510252152E-01,-9.6592582628906809E-01,
   0.0000000000000000E+00));
#41480=AXIS2_PLACEMENT_3D('',#41450,#41460,#41470);
#41490=PLANE('',#41480);
#41500=CARTESIAN_POINT('',(-3.3426648001645773E+01,
   0.0000000000000000E+00,4.4307148733386983E+00));
#41510=DIRECTION('',(-2.5759337550319977E-01,9.6135156507110675E-01,
   9.7205047359698329E-02));
#41520=VECTOR('',#41510,1.0000000000000000E+00);
#41530=LINE('',#41500,#41520);
#41540=CARTESIAN_POINT('',(-3.8579003587298203E+01,
   1.9228852824316114E+01,6.3750000000000036E+00));
#41550=VERTEX_POINT('',#41540);
#41560=CARTESIAN_POINT('',(-3.8876268972941219E+01,
   2.0338262346867381E+01,6.4871756172237758E+00));
#41570=VERTEX_POINT('',#41560);
#41580=EDGE_CURVE('',#41550,#41570,#41530,.T.);
#41590=ORIENTED_EDGE('',*,*,#41580,.T.);
#41600=CARTESIAN_POINT('',(-3.8579003587298203E+01,
   1.9228852824316114E+01,5.0000000000000036E+00));
#41610=DIRECTION('',(0.0000000000000000E+00,0.0000000000000000E+00,
   -1.0000000000000000E+00));
#41620=VECTOR('',#41610,1.0000000000000000E+00);
#41630=LINE('',#41600,#41620);
#41640=CARTESIAN_POINT('',(-3.8579003587298210E+01,
   1.9228852824316121E+01,3.6250000000000036E+00));
#41650=VERTEX_POINT('',#41640);
#41660=EDGE_CURVE('',#41550,#41650,#41630,.T.);
#41670=ORIENTED_EDGE('',*,*,#41660,.F.);
#41680=CARTESIAN_POINT('',(-3.3426648001645773E+01,
   0.0000000000000000E+00,5.5692851266613053E+00));
#41690=DIRECTION('',(-2.5759337550319977E-01,9.6135156507110675E-01,
   -9.7205047359698329E-02));
#41700=VECTOR('',#41690,1.0000000000000000E+00);
#41710=LINE('',#41680,#41700);
#41720=CARTESIAN_POINT('',(-3.8876268972941219E+01,
   2.0338262346867381E+01,3.5128243827762278E+00));
#41730=VERTEX_POINT('',#41720);
#41740=EDGE_CURVE('',#41650,#41730,#41710,.T.);
#41750=ORIENTED_EDGE('',*,*,#41740,.F.);
#41760=CARTESIAN_POINT('',(-3.8876268972941219E+01,
   2.0338262346867381E+01,5.0000000000000000E+00));
#41770=DIRECTION('',(0.0000000000000000E+00,0.0000000000000000E+00,
   1.0000000000000000E+00));
#41780=VECTOR('',#41770,1.0000000000000000E+00);
#41790=LINE('',#41760,#41780);
#41800=EDGE_CURVE('',#41730,#41570,#41790,.T.);
#41810=ORIENTED_EDGE('',*,*,#41800,.F.);
#41820=EDGE_LOOP('',(#41810,#41750,#41670,#41590));
#41830=FACE_OUTER_BOUND('',#41820,.T.);
#41840=ADVANCED_FACE('',(#41830),#41490,.F.);
#41850=COLOUR_RGB('',5.0196081399917603E-01,1.0000000000000000E+00,
   5.0196081399917603E-01);
#41860=FILL_AREA_STYLE_COLOUR('',#41850);
#41870=FILL_AREA_STYLE('',(#41860));
#41880=SURFACE_STYLE_FILL_AREA(#41870);
#41890=SURFACE_SIDE_STYLE('',(#41880));
#41900=SURFACE_STYLE_USAGE(.BOTH.,#41890);
#41910=PRESENTATION_STYLE_ASSIGNMENT((#41900));
#41920=CARTESIAN_POINT('',(-3.8194003587298212E+01,
   1.9228852824316121E+01,5.0000000000000000E+00));
#41930=DIRECTION('',(-0.0000000000000000E+00,1.0000000000000000E+00,
   0.0000000000000000E+00));
#41940=DIRECTION('',(1.0000000000000000E+00,0.0000000000000000E+00,
   0.0000000000000000E+00));
#41950=AXIS2_PLACEMENT_3D('',#41920,#41930,#41940);
#41960=PLANE('',#41950);
#41970=CARTESIAN_POINT('',(0.0000000000000000E+00,1.9228852824316121E+01
   ,6.3750000000000018E+00));
#41980=DIRECTION('',(1.0000000000000000E+00,0.0000000000000000E+00,
   0.0000000000000000E+00));
#41990=VECTOR('',#41980,1.0000000000000000E+00);
#42000=LINE('',#41970,#41990);
#42010=CARTESIAN_POINT('',(-3.8194003587298212E+01,
   1.9228852824316121E+01,6.3750000000000018E+00));
#42020=VERTEX_POINT('',#42010);
#42030=EDGE_CURVE('',#41550,#42020,#42000,.T.);
#42040=ORIENTED_EDGE('',*,*,#42030,.F.);
#42050=CARTESIAN_POINT('',(-3.8194003587298226E+01,
   1.9228852824316121E+01,5.0000000000000036E+00));
#42060=DIRECTION('',(0.0000000000000000E+00,0.0000000000000000E+00,
   -1.0000000000000000E+00));
#42070=VECTOR('',#42060,1.0000000000000000E+00);
#42080=LINE('',#42050,#42070);
#42090=CARTESIAN_POINT('',(-3.8194003587298212E+01,
   1.9228852824316121E+01,3.6250000000000018E+00));
#42100=VERTEX_POINT('',#42090);
#42110=EDGE_CURVE('',#42020,#42100,#42080,.T.);
#42120=ORIENTED_EDGE('',*,*,#42110,.F.);
#42130=CARTESIAN_POINT('',(0.0000000000000000E+00,1.9228852824316121E+01
   ,3.6250000000000018E+00));
#42140=DIRECTION('',(-1.0000000000000000E+00,0.0000000000000000E+00,
   0.0000000000000000E+00));
#42150=VECTOR('',#42140,1.0000000000000000E+00);
#42160=LINE('',#42130,#42150);
#42170=EDGE_CURVE('',#42100,#41650,#42160,.T.);
#42180=ORIENTED_EDGE('',*,*,#42170,.F.);
#42190=ORIENTED_EDGE('',*,*,#41660,.T.);
#42200=EDGE_LOOP('',(#42190,#42180,#42120,#42040));
#42210=FACE_OUTER_BOUND('',#42200,.T.);
#42220=ADVANCED_FACE('',(#42210),#41960,.F.);
#42230=COLOUR_RGB('',5.0196081399917603E-01,1.0000000000000000E+00,
   5.0196081399917603E-01);
#42240=FILL_AREA_STYLE_COLOUR('',#42230);
#42250=FILL_AREA_STYLE('',(#42240));
#42260=SURFACE_STYLE_FILL_AREA(#42250);
#42270=SURFACE_SIDE_STYLE('',(#42260));
#42280=SURFACE_STYLE_USAGE(.BOTH.,#42270);
#42290=PRESENTATION_STYLE_ASSIGNMENT((#42280));
#42300=CARTESIAN_POINT('',(0.0000000000000000E+00,0.0000000000000000E+00
   ,3.6250000000000000E+00));
#42310=DIRECTION('',(0.0000000000000000E+00,0.0000000000000000E+00,
   1.0000000000000000E+00));
#42320=DIRECTION('',(1.0000000000000000E+00,0.0000000000000000E+00,
   0.0000000000000000E+00));
#42330=AXIS2_PLACEMENT_3D('',#42300,#42310,#42320);
#42340=PLANE('',#42330);
#42350=ORIENTED_EDGE('',*,*,#42170,.T.);
#42360=CARTESIAN_POINT('',(-3.8194003587298212E+01,
   0.0000000000000000E+00,3.6250000000000018E+00));
#42370=DIRECTION('',(0.0000000000000000E+00,1.0000000000000000E+00,
   0.0000000000000000E+00));
#42380=VECTOR('',#42370,1.0000000000000000E+00);
#42390=LINE('',#42360,#42380);
#42400=EDGE_CURVE('',#41260,#42100,#42390,.T.);
#42410=ORIENTED_EDGE('',*,*,#42400,.T.);
#42420=ORIENTED_EDGE('',*,*,#41270,.T.);
#42430=CARTESIAN_POINT('',(-3.8579003587298217E+01,
   0.0000000000000000E+00,3.6250000000000000E+00));
#42440=DIRECTION('',(0.0000000000000000E+00,1.0000000000000000E+00,
   0.0000000000000000E+00));
#42450=VECTOR('',#42440,1.0000000000000000E+00);
#42460=LINE('',#42430,#42450);
#42470=EDGE_CURVE('',#41180,#41650,#42460,.T.);
#42480=ORIENTED_EDGE('',*,*,#42470,.F.);
#42490=EDGE_LOOP('',(#42480,#42420,#42410,#42350));
#42500=FACE_OUTER_BOUND('',#42490,.T.);
#42510=ADVANCED_FACE('',(#42500),#42340,.T.);
#42520=COLOUR_RGB('',5.0196081399917603E-01,1.0000000000000000E+00,
   5.0196081399917603E-01);
#42530=FILL_AREA_STYLE_COLOUR('',#42520);
#42540=FILL_AREA_STYLE('',(#42530));
#42550=SURFACE_STYLE_FILL_AREA(#42540);
#42560=SURFACE_SIDE_STYLE('',(#42550));
#42570=SURFACE_STYLE_USAGE(.BOTH.,#42560);
#42580=PRESENTATION_STYLE_ASSIGNMENT((#42570));
#42590=CARTESIAN_POINT('',(-3.9904003587298213E+01,
   1.7278852824316125E+01,3.1250000000000018E+00));
#42600=DIRECTION('',(3.5305725243424335E-01,0.0000000000000000E+00,
   -9.3560171895074196E-01));
#42610=DIRECTION('',(-9.3560171895074196E-01,0.0000000000000000E+00,
   -3.5305725243424335E-01));
#42620=AXIS2_PLACEMENT_3D('',#42590,#42600,#42610);
#42630=PLANE('',#42620);
#42640=ORIENTED_EDGE('',*,*,#40330,.F.);
#42650=CARTESIAN_POINT('',(-3.9359231886085752E+01,
   2.0208852824316125E+01,3.3305742268726295E+00));
#42660=DIRECTION('',(3.5305725243424335E-01,0.0000000000000000E+00,
   -9.3560171895074196E-01));
#42670=DIRECTION('',(-9.3560171895074185E-01,0.0000000000000000E+00,
   -3.5305725243424330E-01));
#42680=AXIS2_PLACEMENT_3D('',#42650,#42660,#42670);
#42690=ELLIPSE('',#42680,5.3441543540635905E-01,4.9999999999999867E-01);
#42700=EDGE_CURVE('',#40240,#41730,#42690,.T.);
#42710=ORIENTED_EDGE('',*,*,#42700,.F.);
#42720=ORIENTED_EDGE('',*,*,#41740,.T.);
#42730=ORIENTED_EDGE('',*,*,#42470,.T.);
#42740=CARTESIAN_POINT('',(0.0000000000000000E+00,4.4292161952761923E+01
   ,1.8183114561244658E+01));
#42750=DIRECTION('',(-7.8261493238007862E-01,-5.4799287516801631E-01,
   -2.9532638957738910E-01));
#42760=VECTOR('',#42750,1.0000000000000000E+00);
#42770=LINE('',#42740,#42760);
#42780=CARTESIAN_POINT('',(-3.9904003587298213E+01,
   1.6351077836188253E+01,3.1250000000000018E+00));
#42790=VERTEX_POINT('',#42780);
#42800=EDGE_CURVE('',#41180,#42790,#42770,.T.);
#42810=ORIENTED_EDGE('',*,*,#42800,.F.);
#42820=CARTESIAN_POINT('',(-3.9904003587298213E+01,
   0.0000000000000000E+00,3.1250000000000018E+00));
#42830=DIRECTION('',(0.0000000000000000E+00,1.0000000000000000E+00,
   0.0000000000000000E+00));
#42840=VECTOR('',#42830,1.0000000000000000E+00);
#42850=LINE('',#42820,#42840);
#42860=EDGE_CURVE('',#42790,#40320,#42850,.T.);
#42870=ORIENTED_EDGE('',*,*,#42860,.F.);
#42880=EDGE_LOOP('',(#42870,#42810,#42730,#42720,#42710,#42640));
#42890=FACE_OUTER_BOUND('',#42880,.T.);
#42900=ADVANCED_FACE('',(#42890),#42630,.F.);
#42910=COLOUR_RGB('',5.0196081399917603E-01,1.0000000000000000E+00,
   5.0196081399917603E-01);
#42920=FILL_AREA_STYLE_COLOUR('',#42910);
#42930=FILL_AREA_STYLE('',(#42920));
#42940=SURFACE_STYLE_FILL_AREA(#42930);
#42950=SURFACE_SIDE_STYLE('',(#42940));
#42960=SURFACE_STYLE_USAGE(.BOTH.,#42950);
#42970=PRESENTATION_STYLE_ASSIGNMENT((#42960));
#42980=CARTESIAN_POINT('',(-3.9904003587298213E+01,
   1.6351077836188246E+01,5.0000000000000000E+00));
#42990=DIRECTION('',(5.7357643635104816E-01,-8.1915204428899036E-01,
   0.0000000000000000E+00));
#43000=DIRECTION('',(-8.1915204428899036E-01,-5.7357643635104816E-01,
   0.0000000000000000E+00));
#43010=AXIS2_PLACEMENT_3D('',#42980,#42990,#43000);
#43020=PLANE('',#43010);
#43030=CARTESIAN_POINT('',(0.0000000000000000E+00,4.4292161952761923E+01
   ,-8.1831145612446541E+00));
#43040=DIRECTION('',(7.8261493238007862E-01,5.4799287516801631E-01,
   -2.9532638957738910E-01));
#43050=VECTOR('',#43040,1.0000000000000000E+00);
#43060=LINE('',#43030,#43050);
#43070=CARTESIAN_POINT('',(-3.9904003587298213E+01,
   1.6351077836188253E+01,6.8750000000000009E+00));
#43080=VERTEX_POINT('',#43070);
#43090=EDGE_CURVE('',#43080,#41100,#43060,.T.);
#43100=ORIENTED_EDGE('',*,*,#43090,.T.);
#43110=CARTESIAN_POINT('',(-3.9904003587298213E+01,
   1.6351077836188253E+01,5.0000000000000000E+00));
#43120=DIRECTION('',(0.0000000000000000E+00,0.0000000000000000E+00,
   -1.0000000000000000E+00));
#43130=VECTOR('',#43120,1.0000000000000000E+00);
#43140=LINE('',#43110,#43130);
#43150=EDGE_CURVE('',#43080,#42790,#43140,.T.);
#43160=ORIENTED_EDGE('',*,*,#43150,.F.);
#43170=ORIENTED_EDGE('',*,*,#42800,.T.);
#43180=ORIENTED_EDGE('',*,*,#41190,.F.);
#43190=EDGE_LOOP('',(#43180,#43170,#43160,#43100));
#43200=FACE_OUTER_BOUND('',#43190,.T.);
#43210=ADVANCED_FACE('',(#43200),#43020,.F.);
#43220=COLOUR_RGB('',5.0196081399917603E-01,1.0000000000000000E+00,
   5.0196081399917603E-01);
#43230=FILL_AREA_STYLE_COLOUR('',#43220);
#43240=FILL_AREA_STYLE('',(#43230));
#43250=SURFACE_STYLE_FILL_AREA(#43240);
#43260=SURFACE_SIDE_STYLE('',(#43250));
#43270=SURFACE_STYLE_USAGE(.BOTH.,#43260);
#43280=PRESENTATION_STYLE_ASSIGNMENT((#43270));
#43290=CARTESIAN_POINT('',(-3.9359231886085752E+01,
   2.0208852824316118E+01,5.0000000000000000E+00));
#43300=DIRECTION('',(0.0000000000000000E+00,0.0000000000000000E+00,
   1.0000000000000000E+00));
#43310=DIRECTION('',(1.0000000000000000E+00,0.0000000000000000E+00,
   0.0000000000000000E+00));
#43320=AXIS2_PLACEMENT_3D('',#43290,#43300,#43310);
#43330=CYLINDRICAL_SURFACE('',#43320,4.9999999999999878E-01);
#43340=CARTESIAN_POINT('',(-3.9359231886085752E+01,
   2.0208852824316125E+01,6.6694257731273741E+00));
#43350=DIRECTION('',(3.5305725243424335E-01,0.0000000000000000E+00,
   9.3560171895074196E-01));
#43360=DIRECTION('',(9.3560171895074185E-01,0.0000000000000000E+00,
   -3.5305725243424330E-01));
#43370=AXIS2_PLACEMENT_3D('',#43340,#43350,#43360);
#43380=ELLIPSE('',#43370,5.3441543540635905E-01,4.9999999999999867E-01);
#43390=EDGE_CURVE('',#41570,#40140,#43380,.T.);
#43400=ORIENTED_EDGE('',*,*,#43390,.T.);
#43410=ORIENTED_EDGE('',*,*,#41800,.T.);
#43420=ORIENTED_EDGE('',*,*,#42700,.T.);
#43430=ORIENTED_EDGE('',*,*,#40250,.T.);
#43440=EDGE_LOOP('',(#43430,#43420,#43410,#43400));
#43450=FACE_OUTER_BOUND('',#43440,.T.);
#43460=ADVANCED_FACE('',(#43450),#43330,.F.);
#43470=COLOUR_RGB('',5.0196081399917603E-01,1.0000000000000000E+00,
   5.0196081399917603E-01);
#43480=FILL_AREA_STYLE_COLOUR('',#43470);
#43490=FILL_AREA_STYLE('',(#43480));
#43500=SURFACE_STYLE_FILL_AREA(#43490);
#43510=SURFACE_SIDE_STYLE('',(#43500));
#43520=SURFACE_STYLE_USAGE(.BOTH.,#43510);
#43530=PRESENTATION_STYLE_ASSIGNMENT((#43520));
#43540=CARTESIAN_POINT('',(-3.5829003587298210E+01,
   2.5508852824316115E+01,1.0000000000000004E+01));
#43550=DIRECTION('',(-0.0000000000000000E+00,1.0000000000000000E+00,
   0.0000000000000000E+00));
#43560=DIRECTION('',(1.0000000000000000E+00,0.0000000000000000E+00,
   0.0000000000000000E+00));
#43570=AXIS2_PLACEMENT_3D('',#43540,#43550,#43560);
#43580=PLANE('',#43570);
#43590=ORIENTED_EDGE('',*,*,#33550,.F.);
#43600=EDGE_CURVE('',#33450,#33540,#33520,.T.);
#43610=ORIENTED_EDGE('',*,*,#43600,.F.);
#43620=EDGE_LOOP('',(#43610,#43590));
#43630=FACE_BOUND('',#43620,.T.);
#43640=EDGE_CURVE('',#1340,#1430,#1410,.T.);
#43650=ORIENTED_EDGE('',*,*,#43640,.F.);
#43660=ORIENTED_EDGE('',*,*,#1440,.F.);
#43670=EDGE_LOOP('',(#43660,#43650));
#43680=FACE_BOUND('',#43670,.T.);
#43690=ORIENTED_EDGE('',*,*,#35020,.F.);
#43700=EDGE_CURVE('',#34920,#35010,#34990,.T.);
#43710=ORIENTED_EDGE('',*,*,#43700,.F.);
#43720=EDGE_LOOP('',(#43710,#43690));
#43730=FACE_BOUND('',#43720,.T.);
#43740=CARTESIAN_POINT('',(-3.5829003587298210E+01,
   2.5508852824316115E+01,1.0000000000000004E+01));
#43750=DIRECTION('',(0.0000000000000000E+00,1.0000000000000000E+00,
   0.0000000000000000E+00));
#43760=DIRECTION('',(1.0000000000000000E+00,0.0000000000000000E+00,
   0.0000000000000000E+00));
#43770=AXIS2_PLACEMENT_3D('',#43740,#43750,#43760);
#43780=CIRCLE('',#43770,1.9150000000000134E+00);
#43790=CARTESIAN_POINT('',(-3.7744003587298224E+01,
   2.5508852824316115E+01,1.0000000000000004E+01));
#43800=VERTEX_POINT('',#43790);
#43810=CARTESIAN_POINT('',(-3.3914003587298197E+01,
   2.5508852824316115E+01,1.0000000000000004E+01));
#43820=VERTEX_POINT('',#43810);
#43830=EDGE_CURVE('',#43800,#43820,#43780,.T.);
#43840=ORIENTED_EDGE('',*,*,#43830,.F.);
#43850=EDGE_CURVE('',#43820,#43800,#43780,.T.);
#43860=ORIENTED_EDGE('',*,*,#43850,.F.);
#43870=EDGE_LOOP('',(#43860,#43840));
#43880=FACE_BOUND('',#43870,.T.);
#43890=CARTESIAN_POINT('',(-3.5829003587298210E+01,
   2.5508852824316115E+01,1.5000000000000004E+01));
#43900=DIRECTION('',(0.0000000000000000E+00,1.0000000000000000E+00,
   0.0000000000000000E+00));
#43910=DIRECTION('',(1.0000000000000000E+00,0.0000000000000000E+00,
   0.0000000000000000E+00));
#43920=AXIS2_PLACEMENT_3D('',#43890,#43900,#43910);
#43930=CIRCLE('',#43920,1.9150000000000134E+00);
#43940=CARTESIAN_POINT('',(-3.7744003587298224E+01,
   2.5508852824316115E+01,1.5000000000000004E+01));
#43950=VERTEX_POINT('',#43940);
#43960=CARTESIAN_POINT('',(-3.3914003587298197E+01,
   2.5508852824316115E+01,1.5000000000000004E+01));
#43970=VERTEX_POINT('',#43960);
#43980=EDGE_CURVE('',#43950,#43970,#43930,.T.);
#43990=ORIENTED_EDGE('',*,*,#43980,.F.);
#44000=EDGE_CURVE('',#43970,#43950,#43930,.T.);
#44010=ORIENTED_EDGE('',*,*,#44000,.F.);
#44020=EDGE_LOOP('',(#44010,#43990));
#44030=FACE_BOUND('',#44020,.T.);
#44040=CARTESIAN_POINT('',(0.0000000000000000E+00,2.5508852824316115E+01
   ,1.7500000000000004E+01));
#44050=DIRECTION('',(1.0000000000000000E+00,0.0000000000000000E+00,
   0.0000000000000000E+00));
#44060=VECTOR('',#44050,1.0000000000000000E+00);
#44070=LINE('',#44040,#44060);
#44080=CARTESIAN_POINT('',(-3.7809453771709563E+01,
   2.5508852824316115E+01,1.7500000000000004E+01));
#44090=VERTEX_POINT('',#44080);
#44100=CARTESIAN_POINT('',(-3.3812667081287692E+01,
   2.5508852824316115E+01,1.7500000000000004E+01));
#44110=VERTEX_POINT('',#44100);
#44120=EDGE_CURVE('',#44090,#44110,#44070,.T.);
#44130=ORIENTED_EDGE('',*,*,#44120,.T.);
#44140=CARTESIAN_POINT('',(-3.7809453771709563E+01,
   2.5508852824316115E+01,1.5000000000000004E+01));
#44150=DIRECTION('',(0.0000000000000000E+00,0.0000000000000000E+00,
   -1.0000000000000000E+00));
#44160=VECTOR('',#44150,1.0000000000000000E+00);
#44170=LINE('',#44140,#44160);
#44180=EDGE_CURVE('',#44090,#9010,#44170,.T.);
#44190=ORIENTED_EDGE('',*,*,#44180,.F.);
#44200=ORIENTED_EDGE('',*,*,#9020,.F.);
#44210=CARTESIAN_POINT('',(-3.3812667081287692E+01,
   2.5508852824316115E+01,5.0000000000000000E+00));
#44220=DIRECTION('',(0.0000000000000000E+00,0.0000000000000000E+00,
   1.0000000000000000E+00));
#44230=VECTOR('',#44220,1.0000000000000000E+00);
#44240=LINE('',#44210,#44230);
#44250=EDGE_CURVE('',#8930,#44110,#44240,.T.);
#44260=ORIENTED_EDGE('',*,*,#44250,.F.);
#44270=EDGE_LOOP('',(#44260,#44200,#44190,#44130));
#44280=FACE_OUTER_BOUND('',#44270,.T.);
#44290=ADVANCED_FACE('',(#43630,#43680,#43730,#43880,#44030,#44280),
   #43580,.T.);
#44300=COLOUR_RGB('',5.0196081399917603E-01,1.0000000000000000E+00,
   5.0196081399917603E-01);
#44310=FILL_AREA_STYLE_COLOUR('',#44300);
#44320=FILL_AREA_STYLE('',(#44310));
#44330=SURFACE_STYLE_FILL_AREA(#44320);
#44340=SURFACE_SIDE_STYLE('',(#44330));
#44350=SURFACE_STYLE_USAGE(.BOTH.,#44340);
#44360=PRESENTATION_STYLE_ASSIGNMENT((#44350));
#44370=CARTESIAN_POINT('',(-3.8194003587298212E+01,
   1.9228852824316121E+01,1.5000000000000004E+01));
#44380=DIRECTION('',(1.0000000000000000E+00,0.0000000000000000E+00,
   0.0000000000000000E+00));
#44390=DIRECTION('',(0.0000000000000000E+00,-1.0000000000000000E+00,
   0.0000000000000000E+00));
#44400=AXIS2_PLACEMENT_3D('',#44370,#44380,#44390);
#44410=PLANE('',#44400);
#44420=CARTESIAN_POINT('',(-3.8194003587298212E+01,
   0.0000000000000000E+00,1.3625000000000005E+01));
#44430=DIRECTION('',(0.0000000000000000E+00,1.0000000000000000E+00,
   0.0000000000000000E+00));
#44440=VECTOR('',#44430,1.0000000000000000E+00);
#44450=LINE('',#44420,#44440);
#44460=CARTESIAN_POINT('',(-3.8194003587298212E+01,
   1.7278852824316125E+01,1.3625000000000005E+01));
#44470=VERTEX_POINT('',#44460);
#44480=CARTESIAN_POINT('',(-3.8194003587298212E+01,
   1.9228852824316121E+01,1.3625000000000005E+01));
#44490=VERTEX_POINT('',#44480);
#44500=EDGE_CURVE('',#44470,#44490,#44450,.T.);
#44510=ORIENTED_EDGE('',*,*,#44500,.F.);
#44520=CARTESIAN_POINT('',(-3.8194003587298226E+01,
   1.9228852824316121E+01,1.5000000000000004E+01));
#44530=DIRECTION('',(0.0000000000000000E+00,0.0000000000000000E+00,
   -1.0000000000000000E+00));
#44540=VECTOR('',#44530,1.0000000000000000E+00);
#44550=LINE('',#44520,#44540);
#44560=CARTESIAN_POINT('',(-3.8194003587298212E+01,
   1.9228852824316121E+01,1.6375000000000000E+01));
#44570=VERTEX_POINT('',#44560);
#44580=EDGE_CURVE('',#44570,#44490,#44550,.T.);
#44590=ORIENTED_EDGE('',*,*,#44580,.T.);
#44600=CARTESIAN_POINT('',(-3.8194003587298212E+01,
   0.0000000000000000E+00,1.6375000000000000E+01));
#44610=DIRECTION('',(0.0000000000000000E+00,-1.0000000000000000E+00,
   0.0000000000000000E+00));
#44620=VECTOR('',#44610,1.0000000000000000E+00);
#44630=LINE('',#44600,#44620);
#44640=CARTESIAN_POINT('',(-3.8194003587298212E+01,
   1.7278852824316125E+01,1.6375000000000000E+01));
#44650=VERTEX_POINT('',#44640);
#44660=EDGE_CURVE('',#44570,#44650,#44630,.T.);
#44670=ORIENTED_EDGE('',*,*,#44660,.F.);
#44680=CARTESIAN_POINT('',(-3.8194003587298226E+01,
   1.7278852824316125E+01,1.5000000000000004E+01));
#44690=DIRECTION('',(0.0000000000000000E+00,0.0000000000000000E+00,
   1.0000000000000000E+00));
#44700=VECTOR('',#44690,1.0000000000000000E+00);
#44710=LINE('',#44680,#44700);
#44720=EDGE_CURVE('',#44470,#44650,#44710,.T.);
#44730=ORIENTED_EDGE('',*,*,#44720,.T.);
#44740=EDGE_LOOP('',(#44730,#44670,#44590,#44510));
#44750=FACE_OUTER_BOUND('',#44740,.T.);
#44760=ADVANCED_FACE('',(#44750),#44410,.F.);
#44770=COLOUR_RGB('',5.0196081399917603E-01,1.0000000000000000E+00,
   5.0196081399917603E-01);
#44780=FILL_AREA_STYLE_COLOUR('',#44770);
#44790=FILL_AREA_STYLE('',(#44780));
#44800=SURFACE_STYLE_FILL_AREA(#44790);
#44810=SURFACE_SIDE_STYLE('',(#44800));
#44820=SURFACE_STYLE_USAGE(.BOTH.,#44810);
#44830=PRESENTATION_STYLE_ASSIGNMENT((#44820));
#44840=CARTESIAN_POINT('',(-3.6122820727760129E+01,
   1.5008852824316122E+01,-6.7075988473102832E-01));
#44850=DIRECTION('',(0.0000000000000000E+00,-1.0000000000000000E+00,
   0.0000000000000000E+00));
#44860=DIRECTION('',(1.0000000000000000E+00,0.0000000000000000E+00,
   0.0000000000000000E+00));
#44870=AXIS2_PLACEMENT_3D('',#44840,#44850,#44860);
#44880=PLANE('',#44870);
#44890=CARTESIAN_POINT('',(-8.8925674828030196E+01,
   1.5008852824316122E+01,5.0000000000000000E+00));
#44900=DIRECTION('',(1.0000000000000000E+00,0.0000000000000000E+00,
   0.0000000000000000E+00));
#44910=VECTOR('',#44900,1.0000000000000000E+00);
#44920=LINE('',#44890,#44910);
#44930=CARTESIAN_POINT('',(-3.6504003587298214E+01,
   1.5008852824316122E+01,5.0000000000000036E+00));
#44940=VERTEX_POINT('',#44930);
#44950=EDGE_CURVE('',#44940,#23340,#44920,.T.);
#44960=ORIENTED_EDGE('',*,*,#44950,.F.);
#44970=ORIENTED_EDGE('',*,*,#23810,.F.);
#44980=ORIENTED_EDGE('',*,*,#39420,.F.);
#44990=CARTESIAN_POINT('',(-3.5604003587298216E+01,
   1.5008852824316122E+01,5.0000000000000000E+00));
#45000=DIRECTION('',(0.0000000000000000E+00,0.0000000000000000E+00,
   1.0000000000000000E+00));
#45010=VECTOR('',#45000,1.0000000000000000E+00);
#45020=LINE('',#44990,#45010);
#45030=CARTESIAN_POINT('',(-3.5604003587298216E+01,
   1.5008852824316122E+01,5.0000000000000000E+00));
#45040=VERTEX_POINT('',#45030);
#45050=EDGE_CURVE('',#39350,#45040,#45020,.T.);
#45060=ORIENTED_EDGE('',*,*,#45050,.F.);
#45070=CARTESIAN_POINT('',(-3.5204003587298217E+01,
   1.5008852824316122E+01,5.0000000000000036E+00));
#45080=VERTEX_POINT('',#45070);
#45090=EDGE_CURVE('',#45040,#45080,#44920,.T.);
#45100=ORIENTED_EDGE('',*,*,#45090,.F.);
#45110=CARTESIAN_POINT('',(-3.5854003587298216E+01,
   1.5008852824316122E+01,5.0000000000000000E+00));
#45120=DIRECTION('',(0.0000000000000000E+00,-1.0000000000000000E+00,
   0.0000000000000000E+00));
#45130=DIRECTION('',(1.0000000000000000E+00,0.0000000000000000E+00,
   0.0000000000000000E+00));
#45140=AXIS2_PLACEMENT_3D('',#45110,#45120,#45130);
#45150=CIRCLE('',#45140,6.5000000000000002E-01);
#45160=EDGE_CURVE('',#44940,#45080,#45150,.T.);
#45170=ORIENTED_EDGE('',*,*,#45160,.T.);
#45180=EDGE_LOOP('',(#45170,#45100,#45060,#44980,#44970,#44960));
#45190=FACE_OUTER_BOUND('',#45180,.T.);
#45200=ADVANCED_FACE('',(#45190),#44880,.T.);
#45210=COLOUR_RGB('',9.4901967048645020E-01,9.4901967048645020E-01,
   1.0000000000000000E+00);
#45220=FILL_AREA_STYLE_COLOUR('',#45210);
#45230=FILL_AREA_STYLE('',(#45220));
#45240=SURFACE_STYLE_FILL_AREA(#45230);
#45250=SURFACE_SIDE_STYLE('',(#45240));
#45260=SURFACE_STYLE_USAGE(.BOTH.,#45250);
#45270=PRESENTATION_STYLE_ASSIGNMENT((#45260));
#45280=CARTESIAN_POINT('',(-3.8579003587298217E+01,
   1.7278852824316125E+01,1.6375000000000000E+01));
#45290=DIRECTION('',(3.5305725243424335E-01,-0.0000000000000000E+00,
   9.3560171895074196E-01));
#45300=DIRECTION('',(9.3560171895074196E-01,0.0000000000000000E+00,
   -3.5305725243424335E-01));
#45310=AXIS2_PLACEMENT_3D('',#45280,#45290,#45300);
#45320=PLANE('',#45310);
#45330=CARTESIAN_POINT('',(-3.8579003587298217E+01,
   0.0000000000000000E+00,1.6375000000000004E+01));
#45340=DIRECTION('',(0.0000000000000000E+00,1.0000000000000000E+00,
   0.0000000000000000E+00));
#45350=VECTOR('',#45340,1.0000000000000000E+00);
#45360=LINE('',#45330,#45350);
#45370=CARTESIAN_POINT('',(-3.8579003587298210E+01,
   1.7278852824316125E+01,1.6375000000000004E+01));
#45380=VERTEX_POINT('',#45370);
#45390=CARTESIAN_POINT('',(-3.8579003587298203E+01,
   1.9228852824316114E+01,1.6375000000000004E+01));
#45400=VERTEX_POINT('',#45390);
#45410=EDGE_CURVE('',#45380,#45400,#45360,.T.);
#45420=ORIENTED_EDGE('',*,*,#45410,.F.);
#45430=CARTESIAN_POINT('',(-3.3426648001645773E+01,
   0.0000000000000000E+00,1.4430714873338697E+01));
#45440=DIRECTION('',(-2.5759337550319977E-01,9.6135156507110675E-01,
   9.7205047359698329E-02));
#45450=VECTOR('',#45440,1.0000000000000000E+00);
#45460=LINE('',#45430,#45450);
#45470=CARTESIAN_POINT('',(-3.8876268972941219E+01,
   2.0338262346867381E+01,1.6487175617223777E+01));
#45480=VERTEX_POINT('',#45470);
#45490=EDGE_CURVE('',#45400,#45480,#45460,.T.);
#45500=ORIENTED_EDGE('',*,*,#45490,.F.);
#45510=CARTESIAN_POINT('',(-3.9359231886085752E+01,
   2.0208852824316125E+01,1.6669425773127372E+01));
#45520=DIRECTION('',(3.5305725243424335E-01,0.0000000000000000E+00,
   9.3560171895074196E-01));
#45530=DIRECTION('',(9.3560171895074185E-01,0.0000000000000000E+00,
   -3.5305725243424330E-01));
#45540=AXIS2_PLACEMENT_3D('',#45510,#45520,#45530);
#45550=ELLIPSE('',#45540,5.3441543540635905E-01,4.9999999999999867E-01);
#45560=CARTESIAN_POINT('',(-3.9359231886085752E+01,
   2.0708852824316118E+01,1.6669425773127372E+01));
#45570=VERTEX_POINT('',#45560);
#45580=EDGE_CURVE('',#45480,#45570,#45550,.T.);
#45590=ORIENTED_EDGE('',*,*,#45580,.F.);
#45600=CARTESIAN_POINT('',(0.0000000000000000E+00,2.0708852824316118E+01
   ,1.8168854387553459E+00));
#45610=DIRECTION('',(-9.3560171895074196E-01,0.0000000000000000E+00,
   3.5305725243424335E-01));
#45620=VECTOR('',#45610,1.0000000000000000E+00);
#45630=LINE('',#45600,#45620);
#45640=CARTESIAN_POINT('',(-3.9904003587298213E+01,
   2.0708852824316118E+01,1.6875000000000000E+01));
#45650=VERTEX_POINT('',#45640);
#45660=EDGE_CURVE('',#45570,#45650,#45630,.T.);
#45670=ORIENTED_EDGE('',*,*,#45660,.F.);
#45680=CARTESIAN_POINT('',(-3.9904003587298213E+01,
   0.0000000000000000E+00,1.6875000000000000E+01));
#45690=DIRECTION('',(0.0000000000000000E+00,-1.0000000000000000E+00,
   0.0000000000000000E+00));
#45700=VECTOR('',#45690,1.0000000000000000E+00);
#45710=LINE('',#45680,#45700);
#45720=CARTESIAN_POINT('',(-3.9904003587298213E+01,
   1.6351077836188253E+01,1.6875000000000000E+01));
#45730=VERTEX_POINT('',#45720);
#45740=EDGE_CURVE('',#45650,#45730,#45710,.T.);
#45750=ORIENTED_EDGE('',*,*,#45740,.F.);
#45760=CARTESIAN_POINT('',(0.0000000000000000E+00,4.4292161952761923E+01
   ,1.8168854387553459E+00));
#45770=DIRECTION('',(7.8261493238007862E-01,5.4799287516801631E-01,
   -2.9532638957738910E-01));
#45780=VECTOR('',#45770,1.0000000000000000E+00);
#45790=LINE('',#45760,#45780);
#45800=EDGE_CURVE('',#45730,#45380,#45790,.T.);
#45810=ORIENTED_EDGE('',*,*,#45800,.F.);
#45820=EDGE_LOOP('',(#45810,#45750,#45670,#45590,#45500,#45420));
#45830=FACE_OUTER_BOUND('',#45820,.T.);
#45840=ADVANCED_FACE('',(#45830),#45320,.F.);
#45850=COLOUR_RGB('',5.0196081399917603E-01,1.0000000000000000E+00,
   5.0196081399917603E-01);
#45860=FILL_AREA_STYLE_COLOUR('',#45850);
#45870=FILL_AREA_STYLE('',(#45860));
#45880=SURFACE_STYLE_FILL_AREA(#45870);
#45890=SURFACE_SIDE_STYLE('',(#45880));
#45900=SURFACE_STYLE_USAGE(.BOTH.,#45890);
#45910=PRESENTATION_STYLE_ASSIGNMENT((#45900));
#45920=CARTESIAN_POINT('',(-3.6122820727760129E+01,
   1.5008852824316122E+01,-6.7075988473102832E-01));
#45930=DIRECTION('',(0.0000000000000000E+00,-1.0000000000000000E+00,
   0.0000000000000000E+00));
#45940=DIRECTION('',(1.0000000000000000E+00,0.0000000000000000E+00,
   0.0000000000000000E+00));
#45950=AXIS2_PLACEMENT_3D('',#45920,#45930,#45940);
#45960=PLANE('',#45950);
#45970=CARTESIAN_POINT('',(-8.8925674828030196E+01,
   1.5008852824316122E+01,5.0000000000000000E-01));
#45980=DIRECTION('',(-1.0000000000000000E+00,0.0000000000000000E+00,
   0.0000000000000000E+00));
#45990=VECTOR('',#45980,1.0000000000000000E+00);
#46000=LINE('',#45970,#45990);
#46010=CARTESIAN_POINT('',(-3.5604003587298216E+01,
   1.5008852824316122E+01,5.0000000000000000E-01));
#46020=VERTEX_POINT('',#46010);
#46030=EDGE_CURVE('',#46020,#25260,#46000,.T.);
#46040=ORIENTED_EDGE('',*,*,#46030,.F.);
#46050=ORIENTED_EDGE('',*,*,#25270,.F.);
#46060=ORIENTED_EDGE('',*,*,#22830,.T.);
#46070=CARTESIAN_POINT('',(-3.5854003587298216E+01,
   1.5008852824316122E+01,0.0000000000000000E+00));
#46080=DIRECTION('',(0.0000000000000000E+00,-1.0000000000000000E+00,
   0.0000000000000000E+00));
#46090=DIRECTION('',(1.0000000000000000E+00,0.0000000000000000E+00,
   0.0000000000000000E+00));
#46100=AXIS2_PLACEMENT_3D('',#46070,#46080,#46090);
#46110=CIRCLE('',#46100,6.5000000000000002E-01);
#46120=EDGE_CURVE('',#22350,#22520,#46110,.T.);
#46130=ORIENTED_EDGE('',*,*,#46120,.T.);
#46140=ORIENTED_EDGE('',*,*,#23090,.T.);
#46150=CARTESIAN_POINT('',(-3.5604003587298216E+01,
   1.5008852824316122E+01,5.0000000000000000E+00));
#46160=DIRECTION('',(0.0000000000000000E+00,0.0000000000000000E+00,
   1.0000000000000000E+00));
#46170=VECTOR('',#46160,1.0000000000000000E+00);
#46180=LINE('',#46150,#46170);
#46190=EDGE_CURVE('',#23060,#46020,#46180,.T.);
#46200=ORIENTED_EDGE('',*,*,#46190,.F.);
#46210=EDGE_LOOP('',(#46200,#46140,#46130,#46060,#46050,#46040));
#46220=FACE_OUTER_BOUND('',#46210,.T.);
#46230=ADVANCED_FACE('',(#46220),#45960,.T.);
#46240=COLOUR_RGB('',9.4901967048645020E-01,9.4901967048645020E-01,
   1.0000000000000000E+00);
#46250=FILL_AREA_STYLE_COLOUR('',#46240);
#46260=FILL_AREA_STYLE('',(#46250));
#46270=SURFACE_STYLE_FILL_AREA(#46260);
#46280=SURFACE_SIDE_STYLE('',(#46270));
#46290=SURFACE_STYLE_USAGE(.BOTH.,#46280);
#46300=PRESENTATION_STYLE_ASSIGNMENT((#46290));
#46310=CARTESIAN_POINT('',(-3.5581516213882892E+01,
   2.3538852824316109E+01,-2.4748737341531779E-01));
#46320=DIRECTION('',(0.0000000000000000E+00,1.0000000000000000E+00,
   0.0000000000000000E+00));
#46330=DIRECTION('',(7.0710678118654746E-01,0.0000000000000000E+00,
   -7.0710678118654757E-01));
#46340=AXIS2_PLACEMENT_3D('',#46310,#46320,#46330);
#46350=PLANE('',#46340);
#46360=ORIENTED_EDGE('',*,*,#24510,.T.);
#46370=ORIENTED_EDGE('',*,*,#28080,.T.);
#46380=EDGE_CURVE('',#28000,#35620,#35600,.T.);
#46390=ORIENTED_EDGE('',*,*,#46380,.F.);
#46400=CARTESIAN_POINT('',(-3.5854003587298216E+01,
   2.3538852824316109E+01,0.0000000000000000E+00));
#46410=DIRECTION('',(0.0000000000000000E+00,-1.0000000000000000E+00,
   0.0000000000000000E+00));
#46420=DIRECTION('',(1.0000000000000000E+00,0.0000000000000000E+00,
   0.0000000000000000E+00));
#46430=AXIS2_PLACEMENT_3D('',#46400,#46410,#46420);
#46440=CIRCLE('',#46430,6.5000000000000002E-01);
#46450=EDGE_CURVE('',#24500,#35620,#46440,.T.);
#46460=ORIENTED_EDGE('',*,*,#46450,.T.);
#46470=EDGE_LOOP('',(#46460,#46390,#46370,#46360));
#46480=FACE_OUTER_BOUND('',#46470,.T.);
#46490=ADVANCED_FACE('',(#46480),#46350,.T.);
#46500=COLOUR_RGB('',9.4901967048645020E-01,9.4901967048645020E-01,
   1.0000000000000000E+00);
#46510=FILL_AREA_STYLE_COLOUR('',#46500);
#46520=FILL_AREA_STYLE('',(#46510));
#46530=SURFACE_STYLE_FILL_AREA(#46520);
#46540=SURFACE_SIDE_STYLE('',(#46530));
#46550=SURFACE_STYLE_USAGE(.BOTH.,#46540);
#46560=PRESENTATION_STYLE_ASSIGNMENT((#46550));
#46570=CARTESIAN_POINT('',(-3.6104003587298216E+01,
   1.5008852824316122E+01,5.0000000000000000E-01));
#46580=DIRECTION('',(0.0000000000000000E+00,0.0000000000000000E+00,
   1.0000000000000000E+00));
#46590=DIRECTION('',(1.0000000000000000E+00,0.0000000000000000E+00,
   0.0000000000000000E+00));
#46600=AXIS2_PLACEMENT_3D('',#46570,#46580,#46590);
#46610=PLANE('',#46600);
#46620=CARTESIAN_POINT('',(-3.5604003587298216E+01,
   1.5008852824316122E+01,5.0000000000000000E-01));
#46630=DIRECTION('',(0.0000000000000000E+00,-1.0000000000000000E+00,
   0.0000000000000000E+00));
#46640=VECTOR('',#46630,1.0000000000000000E+00);
#46650=LINE('',#46620,#46640);
#46660=CARTESIAN_POINT('',(-3.5604003587298216E+01,
   1.3008852824316122E+01,5.0000000000000000E-01));
#46670=VERTEX_POINT('',#46660);
#46680=EDGE_CURVE('',#46020,#46670,#46650,.T.);
#46690=ORIENTED_EDGE('',*,*,#46680,.F.);
#46700=CARTESIAN_POINT('',(-8.8925674828030196E+01,
   1.3008852824316122E+01,5.0000000000000000E-01));
#46710=DIRECTION('',(-1.0000000000000000E+00,0.0000000000000000E+00,
   0.0000000000000000E+00));
#46720=VECTOR('',#46710,1.0000000000000000E+00);
#46730=LINE('',#46700,#46720);
#46740=EDGE_CURVE('',#46670,#25340,#46730,.T.);
#46750=ORIENTED_EDGE('',*,*,#46740,.F.);
#46760=ORIENTED_EDGE('',*,*,#25350,.T.);
#46770=ORIENTED_EDGE('',*,*,#46030,.T.);
#46780=EDGE_LOOP('',(#46770,#46760,#46750,#46690));
#46790=FACE_OUTER_BOUND('',#46780,.T.);
#46800=ADVANCED_FACE('',(#46790),#46610,.T.);
#46810=COLOUR_RGB('',9.4901967048645020E-01,9.4901967048645020E-01,
   1.0000000000000000E+00);
#46820=FILL_AREA_STYLE_COLOUR('',#46810);
#46830=FILL_AREA_STYLE('',(#46820));
#46840=SURFACE_STYLE_FILL_AREA(#46830);
#46850=SURFACE_SIDE_STYLE('',(#46840));
#46860=SURFACE_STYLE_USAGE(.BOTH.,#46850);
#46870=PRESENTATION_STYLE_ASSIGNMENT((#46860));
#46880=CARTESIAN_POINT('',(-3.5604003587298216E+01,
   1.5008852824316122E+01,5.0000000000000000E-01));
#46890=DIRECTION('',(1.0000000000000000E+00,-0.0000000000000000E+00,
   0.0000000000000000E+00));
#46900=DIRECTION('',(0.0000000000000000E+00,0.0000000000000000E+00,
   -1.0000000000000000E+00));
#46910=AXIS2_PLACEMENT_3D('',#46880,#46890,#46900);
#46920=PLANE('',#46910);
#46930=ORIENTED_EDGE('',*,*,#23070,.T.);
#46940=ORIENTED_EDGE('',*,*,#24180,.F.);
#46950=ORIENTED_EDGE('',*,*,#25710,.T.);
#46960=ORIENTED_EDGE('',*,*,#24900,.F.);
#46970=CARTESIAN_POINT('',(-3.5604003587298216E+01,
   -2.6716239164827719E+01,-1.0144306317743141E+01));
#46980=DIRECTION('',(0.0000000000000000E+00,9.6592582628906842E-01,
   2.5881904510252046E-01));
#46990=VECTOR('',#46980,1.0000000000000000E+00);
#47000=LINE('',#46970,#46990);
#47010=EDGE_CURVE('',#24810,#46670,#47000,.T.);
#47020=ORIENTED_EDGE('',*,*,#47010,.F.);
#47030=ORIENTED_EDGE('',*,*,#46680,.T.);
#47040=ORIENTED_EDGE('',*,*,#46190,.T.);
#47050=EDGE_LOOP('',(#47040,#47030,#47020,#46960,#46950,#46940,#46930));
#47060=FACE_OUTER_BOUND('',#47050,.T.);
#47070=ADVANCED_FACE('',(#47060),#46920,.T.);
#47080=COLOUR_RGB('',9.4901967048645020E-01,9.4901967048645020E-01,
   1.0000000000000000E+00);
#47090=FILL_AREA_STYLE_COLOUR('',#47080);
#47100=FILL_AREA_STYLE('',(#47090));
#47110=SURFACE_STYLE_FILL_AREA(#47100);
#47120=SURFACE_SIDE_STYLE('',(#47110));
#47130=SURFACE_STYLE_USAGE(.BOTH.,#47120);
#47140=PRESENTATION_STYLE_ASSIGNMENT((#47130));
#47150=ORIENTED_EDGE('',*,*,#12540,.F.);
#47160=ORIENTED_EDGE('',*,*,#35690,.F.);
#47170=ORIENTED_EDGE('',*,*,#46380,.T.);
#47180=ORIENTED_EDGE('',*,*,#28010,.F.);
#47190=EDGE_LOOP('',(#47180,#47170,#47160,#47150));
#47200=FACE_OUTER_BOUND('',#47190,.T.);
#47210=ADVANCED_FACE('',(#47200),#35540,.T.);
#47220=COLOUR_RGB('',9.4901967048645020E-01,9.4901967048645020E-01,
   1.0000000000000000E+00);
#47230=FILL_AREA_STYLE_COLOUR('',#47220);
#47240=FILL_AREA_STYLE('',(#47230));
#47250=SURFACE_STYLE_FILL_AREA(#47240);
#47260=SURFACE_SIDE_STYLE('',(#47250));
#47270=SURFACE_STYLE_USAGE(.BOTH.,#47260);
#47280=PRESENTATION_STYLE_ASSIGNMENT((#47270));
#47290=CARTESIAN_POINT('',(-3.5854003587298216E+01,
   1.2508852824316122E+01,3.6602540378443926E-01));
#47300=DIRECTION('',(0.0000000000000000E+00,-2.5881904510252046E-01,
   9.6592582628906842E-01));
#47310=DIRECTION('',(0.0000000000000000E+00,9.6592582628906842E-01,
   2.5881904510252046E-01));
#47320=AXIS2_PLACEMENT_3D('',#47290,#47300,#47310);
#47330=PLANE('',#47320);
#47340=ORIENTED_EDGE('',*,*,#25410,.T.);
#47350=ORIENTED_EDGE('',*,*,#46740,.T.);
#47360=ORIENTED_EDGE('',*,*,#47010,.T.);
#47370=ORIENTED_EDGE('',*,*,#24820,.T.);
#47380=EDGE_LOOP('',(#47370,#47360,#47350,#47340));
#47390=FACE_OUTER_BOUND('',#47380,.T.);
#47400=ADVANCED_FACE('',(#47390),#47330,.T.);
#47410=COLOUR_RGB('',9.4901967048645020E-01,9.4901967048645020E-01,
   1.0000000000000000E+00);
#47420=FILL_AREA_STYLE_COLOUR('',#47410);
#47430=FILL_AREA_STYLE('',(#47420));
#47440=SURFACE_STYLE_FILL_AREA(#47430);
#47450=SURFACE_SIDE_STYLE('',(#47440));
#47460=SURFACE_STYLE_USAGE(.BOTH.,#47450);
#47470=PRESENTATION_STYLE_ASSIGNMENT((#47460));
#47480=CARTESIAN_POINT('',(-3.5854003587298216E+01,
   1.2508852824316122E+01,1.4633974596215564E+01));
#47490=DIRECTION('',(0.0000000000000000E+00,2.5881904510252046E-01,
   9.6592582628906842E-01));
#47500=DIRECTION('',(0.0000000000000000E+00,9.6592582628906842E-01,
   -2.5881904510252046E-01));
#47510=AXIS2_PLACEMENT_3D('',#47480,#47490,#47500);
#47520=PLANE('',#47510);
#47530=CARTESIAN_POINT('',(-3.5604003587298216E+01,
   -2.6716239164827719E+01,2.5144306317743144E+01));
#47540=DIRECTION('',(0.0000000000000000E+00,9.6592582628906842E-01,
   -2.5881904510252046E-01));
#47550=VECTOR('',#47540,1.0000000000000000E+00);
#47560=LINE('',#47530,#47550);
#47570=CARTESIAN_POINT('',(-3.5604003587298216E+01,
   1.2008852824316129E+01,1.4767949192431125E+01));
#47580=VERTEX_POINT('',#47570);
#47590=CARTESIAN_POINT('',(-3.5604003587298216E+01,
   1.3008852824316122E+01,1.4500000000000004E+01));
#47600=VERTEX_POINT('',#47590);
#47610=EDGE_CURVE('',#47580,#47600,#47560,.T.);
#47620=ORIENTED_EDGE('',*,*,#47610,.F.);
#47630=CARTESIAN_POINT('',(-8.8925674828030196E+01,
   1.3008852824316122E+01,1.4500000000000004E+01));
#47640=DIRECTION('',(-1.0000000000000000E+00,0.0000000000000000E+00,
   0.0000000000000000E+00));
#47650=VECTOR('',#47640,1.0000000000000000E+00);
#47660=LINE('',#47630,#47650);
#47670=CARTESIAN_POINT('',(-3.6104003587298216E+01,
   1.3008852824316122E+01,1.4500000000000004E+01));
#47680=VERTEX_POINT('',#47670);
#47690=EDGE_CURVE('',#47600,#47680,#47660,.T.);
#47700=ORIENTED_EDGE('',*,*,#47690,.F.);
#47710=CARTESIAN_POINT('',(-3.6104003587298216E+01,
   -2.6716239164827719E+01,2.5144306317743144E+01));
#47720=DIRECTION('',(0.0000000000000000E+00,-9.6592582628906842E-01,
   2.5881904510252046E-01));
#47730=VECTOR('',#47720,1.0000000000000000E+00);
#47740=LINE('',#47710,#47730);
#47750=CARTESIAN_POINT('',(-3.6104003587298216E+01,
   1.2008852824316129E+01,1.4767949192431125E+01));
#47760=VERTEX_POINT('',#47750);
#47770=EDGE_CURVE('',#47680,#47760,#47740,.T.);
#47780=ORIENTED_EDGE('',*,*,#47770,.F.);
#47790=CARTESIAN_POINT('',(-8.8925674828030196E+01,
   1.2008852824316122E+01,1.4767949192431125E+01));
#47800=DIRECTION('',(1.0000000000000000E+00,0.0000000000000000E+00,
   0.0000000000000000E+00));
#47810=VECTOR('',#47800,1.0000000000000000E+00);
#47820=LINE('',#47790,#47810);
#47830=EDGE_CURVE('',#47760,#47580,#47820,.T.);
#47840=ORIENTED_EDGE('',*,*,#47830,.F.);
#47850=EDGE_LOOP('',(#47840,#47780,#47700,#47620));
#47860=FACE_OUTER_BOUND('',#47850,.T.);
#47870=ADVANCED_FACE('',(#47860),#47520,.F.);
#47880=COLOUR_RGB('',9.4901967048645020E-01,9.4901967048645020E-01,
   1.0000000000000000E+00);
#47890=FILL_AREA_STYLE_COLOUR('',#47880);
#47900=FILL_AREA_STYLE('',(#47890));
#47910=SURFACE_STYLE_FILL_AREA(#47900);
#47920=SURFACE_SIDE_STYLE('',(#47910));
#47930=SURFACE_STYLE_USAGE(.BOTH.,#47920);
#47940=PRESENTATION_STYLE_ASSIGNMENT((#47930));
#47950=EDGE_CURVE('',#24500,#5760,#24480,.T.);
#47960=ORIENTED_EDGE('',*,*,#47950,.T.);
#47970=ORIENTED_EDGE('',*,*,#46450,.F.);
#47980=ORIENTED_EDGE('',*,*,#35630,.F.);
#47990=ORIENTED_EDGE('',*,*,#27670,.T.);
#48000=EDGE_LOOP('',(#47990,#47980,#47970,#47960));
#48010=FACE_OUTER_BOUND('',#48000,.T.);
#48020=ADVANCED_FACE('',(#48010),#46350,.T.);
#48030=COLOUR_RGB('',9.4901967048645020E-01,9.4901967048645020E-01,
   1.0000000000000000E+00);
#48040=FILL_AREA_STYLE_COLOUR('',#48030);
#48050=FILL_AREA_STYLE('',(#48040));
#48060=SURFACE_STYLE_FILL_AREA(#48050);
#48070=SURFACE_SIDE_STYLE('',(#48060));
#48080=SURFACE_STYLE_USAGE(.BOTH.,#48070);
#48090=PRESENTATION_STYLE_ASSIGNMENT((#48080));
#48100=ORIENTED_EDGE('',*,*,#36510,.F.);
#48110=ORIENTED_EDGE('',*,*,#24570,.F.);
#48120=ORIENTED_EDGE('',*,*,#47950,.F.);
#48130=ORIENTED_EDGE('',*,*,#5770,.T.);
#48140=EDGE_LOOP('',(#48130,#48120,#48110,#48100));
#48150=FACE_OUTER_BOUND('',#48140,.T.);
#48160=ADVANCED_FACE('',(#48150),#24350,.T.);
#48170=COLOUR_RGB('',9.4901967048645020E-01,9.4901967048645020E-01,
   1.0000000000000000E+00);
#48180=FILL_AREA_STYLE_COLOUR('',#48170);
#48190=FILL_AREA_STYLE('',(#48180));
#48200=SURFACE_STYLE_FILL_AREA(#48190);
#48210=SURFACE_SIDE_STYLE('',(#48200));
#48220=SURFACE_STYLE_USAGE(.BOTH.,#48210);
#48230=PRESENTATION_STYLE_ASSIGNMENT((#48220));
#48240=CARTESIAN_POINT('',(-3.5854003587298216E+01,
   2.4538852824316116E+01,1.0000000000000004E+01));
#48250=DIRECTION('',(0.0000000000000000E+00,-1.0000000000000000E+00,
   0.0000000000000000E+00));
#48260=DIRECTION('',(1.0000000000000000E+00,0.0000000000000000E+00,
   0.0000000000000000E+00));
#48270=AXIS2_PLACEMENT_3D('',#48240,#48250,#48260);
#48280=CIRCLE('',#48270,6.5000000000000002E-01);
#48290=CARTESIAN_POINT('',(-3.5693983448967970E+01,
   2.4538852824316116E+01,1.0629994885160803E+01));
#48300=VERTEX_POINT('',#48290);
#48310=CARTESIAN_POINT('',(-3.6504003587298214E+01,
   2.4538852824316116E+01,1.0000000000000004E+01));
#48320=VERTEX_POINT('',#48310);
#48330=EDGE_CURVE('',#48300,#48320,#48280,.T.);
#48340=ORIENTED_EDGE('',*,*,#48330,.T.);
#48350=CARTESIAN_POINT('',(-8.8925674828030196E+01,
   2.4538852824316116E+01,-4.2601696493901414E+01));
#48360=DIRECTION('',(-7.0710678118654757E-01,0.0000000000000000E+00,
   -7.0710678118654746E-01));
#48370=VECTOR('',#48360,1.0000000000000000E+00);
#48380=LINE('',#48350,#48370);
#48390=EDGE_CURVE('',#38150,#48300,#48380,.T.);
#48400=ORIENTED_EDGE('',*,*,#48390,.T.);
#48410=ORIENTED_EDGE('',*,*,#38160,.T.);
#48420=EDGE_CURVE('',#26800,#38060,#38130,.T.);
#48430=ORIENTED_EDGE('',*,*,#48420,.T.);
#48440=ORIENTED_EDGE('',*,*,#26810,.T.);
#48450=CARTESIAN_POINT('',(-3.5854003587298216E+01,
   2.4538852824316116E+01,1.0000000000000004E+01));
#48460=DIRECTION('',(0.0000000000000000E+00,-1.0000000000000000E+00,
   0.0000000000000000E+00));
#48470=DIRECTION('',(1.0000000000000000E+00,0.0000000000000000E+00,
   0.0000000000000000E+00));
#48480=AXIS2_PLACEMENT_3D('',#48450,#48460,#48470);
#48490=CIRCLE('',#48480,6.5000000000000002E-01);
#48500=EDGE_CURVE('',#48320,#26780,#48490,.T.);
#48510=ORIENTED_EDGE('',*,*,#48500,.T.);
#48520=EDGE_LOOP('',(#48510,#48440,#48430,#48410,#48400,#48340));
#48530=FACE_OUTER_BOUND('',#48520,.T.);
#48540=ADVANCED_FACE('',(#48530),#4150,.T.);
#48550=COLOUR_RGB('',9.4901967048645020E-01,9.4901967048645020E-01,
   1.0000000000000000E+00);
#48560=FILL_AREA_STYLE_COLOUR('',#48550);
#48570=FILL_AREA_STYLE('',(#48560));
#48580=SURFACE_STYLE_FILL_AREA(#48570);
#48590=SURFACE_SIDE_STYLE('',(#48580));
#48600=SURFACE_STYLE_USAGE(.BOTH.,#48590);
#48610=PRESENTATION_STYLE_ASSIGNMENT((#48600));
#48620=CARTESIAN_POINT('',(-3.6104003587298216E+01,
   1.5008852824316122E+01,1.4500000000000004E+01));
#48630=DIRECTION('',(-1.0000000000000000E+00,0.0000000000000000E+00,
   0.0000000000000000E+00));
#48640=DIRECTION('',(0.0000000000000000E+00,0.0000000000000000E+00,
   1.0000000000000000E+00));
#48650=AXIS2_PLACEMENT_3D('',#48620,#48630,#48640);
#48660=PLANE('',#48650);
#48670=CARTESIAN_POINT('',(-3.6104003587298216E+01,
   1.5008852824316122E+01,1.5000000000000004E+01));
#48680=DIRECTION('',(0.0000000000000000E+00,0.0000000000000000E+00,
   -1.0000000000000000E+00));
#48690=VECTOR('',#48680,1.0000000000000000E+00);
#48700=LINE('',#48670,#48690);
#48710=CARTESIAN_POINT('',(-3.6104003587298216E+01,
   1.5008852824316122E+01,1.5000000000000004E+01));
#48720=VERTEX_POINT('',#48710);
#48730=EDGE_CURVE('',#27430,#48720,#48700,.T.);
#48740=ORIENTED_EDGE('',*,*,#48730,.T.);
#48750=ORIENTED_EDGE('',*,*,#27440,.F.);
#48760=CARTESIAN_POINT('',(-3.6104003587298216E+01,
   -2.6716239164827719E+01,4.8556936822568630E+00));
#48770=DIRECTION('',(0.0000000000000000E+00,9.6592582628906842E-01,
   2.5881904510252046E-01));
#48780=VECTOR('',#48770,1.0000000000000000E+00);
#48790=LINE('',#48760,#48780);
#48800=CARTESIAN_POINT('',(-3.6104003587298216E+01,
   1.2008852824316129E+01,1.5232050807568882E+01));
#48810=VERTEX_POINT('',#48800);
#48820=EDGE_CURVE('',#48810,#27350,#48790,.T.);
#48830=ORIENTED_EDGE('',*,*,#48820,.T.);
#48840=CARTESIAN_POINT('',(-3.6104003587298216E+01,
   1.2008852824316122E+01,1.4500000000000004E+01));
#48850=DIRECTION('',(0.0000000000000000E+00,0.0000000000000000E+00,
   1.0000000000000000E+00));
#48860=VECTOR('',#48850,1.0000000000000000E+00);
#48870=LINE('',#48840,#48860);
#48880=EDGE_CURVE('',#47760,#48810,#48870,.T.);
#48890=ORIENTED_EDGE('',*,*,#48880,.T.);
#48900=ORIENTED_EDGE('',*,*,#47770,.T.);
#48910=CARTESIAN_POINT('',(-3.6104003587298216E+01,
   1.5008852824316122E+01,1.4500000000000004E+01));
#48920=DIRECTION('',(0.0000000000000000E+00,-1.0000000000000000E+00,
   0.0000000000000000E+00));
#48930=VECTOR('',#48920,1.0000000000000000E+00);
#48940=LINE('',#48910,#48930);
#48950=CARTESIAN_POINT('',(-3.6104003587298216E+01,
   1.5008852824316122E+01,1.4500000000000004E+01));
#48960=VERTEX_POINT('',#48950);
#48970=EDGE_CURVE('',#48960,#47680,#48940,.T.);
#48980=ORIENTED_EDGE('',*,*,#48970,.T.);
#48990=CARTESIAN_POINT('',(-3.6104003587298216E+01,
   1.5008852824316122E+01,1.5000000000000004E+01));
#49000=DIRECTION('',(0.0000000000000000E+00,0.0000000000000000E+00,
   -1.0000000000000000E+00));
#49010=VECTOR('',#49000,1.0000000000000000E+00);
#49020=LINE('',#48990,#49010);
#49030=EDGE_CURVE('',#48720,#48960,#49020,.T.);
#49040=ORIENTED_EDGE('',*,*,#49030,.T.);
#49050=EDGE_LOOP('',(#49040,#48980,#48900,#48890,#48830,#48750,#48740));
#49060=FACE_OUTER_BOUND('',#49050,.T.);
#49070=ADVANCED_FACE('',(#49060),#48660,.T.);
#49080=COLOUR_RGB('',9.4901967048645020E-01,9.4901967048645020E-01,
   1.0000000000000000E+00);
#49090=FILL_AREA_STYLE_COLOUR('',#49080);
#49100=FILL_AREA_STYLE('',(#49090));
#49110=SURFACE_STYLE_FILL_AREA(#49100);
#49120=SURFACE_SIDE_STYLE('',(#49110));
#49130=SURFACE_STYLE_USAGE(.BOTH.,#49120);
#49140=PRESENTATION_STYLE_ASSIGNMENT((#49130));
#49150=CARTESIAN_POINT('',(-3.5854003587298216E+01,
   1.5508852824316122E+01,1.0000000000000004E+01));
#49160=DIRECTION('',(0.0000000000000000E+00,-1.0000000000000000E+00,
   0.0000000000000000E+00));
#49170=DIRECTION('',(1.0000000000000000E+00,0.0000000000000000E+00,
   0.0000000000000000E+00));
#49180=AXIS2_PLACEMENT_3D('',#49150,#49160,#49170);
#49190=CYLINDRICAL_SURFACE('',#49180,6.5000000000000002E-01);
#49200=CARTESIAN_POINT('',(-3.5204003587298217E+01,
   1.5508852824316122E+01,1.0000000000000004E+01));
#49210=DIRECTION('',(0.0000000000000000E+00,-1.0000000000000000E+00,
   0.0000000000000000E+00));
#49220=VECTOR('',#49210,1.0000000000000000E+00);
#49230=LINE('',#49200,#49220);
#49240=CARTESIAN_POINT('',(-3.5204003587298217E+01,
   1.5508852824316122E+01,1.0000000000000004E+01));
#49250=VERTEX_POINT('',#49240);
#49260=CARTESIAN_POINT('',(-3.5204003587298217E+01,
   1.5008852824316122E+01,1.0000000000000004E+01));
#49270=VERTEX_POINT('',#49260);
#49280=EDGE_CURVE('',#49250,#49270,#49230,.T.);
#49290=ORIENTED_EDGE('',*,*,#49280,.T.);
#49300=CARTESIAN_POINT('',(-3.5854003587298216E+01,
   1.5508852824316122E+01,1.0000000000000004E+01));
#49310=DIRECTION('',(0.0000000000000000E+00,-1.0000000000000000E+00,
   0.0000000000000000E+00));
#49320=DIRECTION('',(1.0000000000000000E+00,0.0000000000000000E+00,
   0.0000000000000000E+00));
#49330=AXIS2_PLACEMENT_3D('',#49300,#49310,#49320);
#49340=CIRCLE('',#49330,6.5000000000000002E-01);
#49350=CARTESIAN_POINT('',(-3.6504003587298214E+01,
   1.5508852824316122E+01,1.0000000000000004E+01));
#49360=VERTEX_POINT('',#49350);
#49370=EDGE_CURVE('',#49360,#49250,#49340,.T.);
#49380=ORIENTED_EDGE('',*,*,#49370,.T.);
#49390=CARTESIAN_POINT('',(-3.6504003587298214E+01,
   1.5508852824316122E+01,1.0000000000000004E+01));
#49400=DIRECTION('',(0.0000000000000000E+00,-1.0000000000000000E+00,
   0.0000000000000000E+00));
#49410=VECTOR('',#49400,1.0000000000000000E+00);
#49420=LINE('',#49390,#49410);
#49430=CARTESIAN_POINT('',(-3.6504003587298214E+01,
   1.5008852824316122E+01,1.0000000000000004E+01));
#49440=VERTEX_POINT('',#49430);
#49450=EDGE_CURVE('',#49360,#49440,#49420,.T.);
#49460=ORIENTED_EDGE('',*,*,#49450,.F.);
#49470=CARTESIAN_POINT('',(-3.5854003587298216E+01,
   1.5008852824316122E+01,1.0000000000000004E+01));
#49480=DIRECTION('',(0.0000000000000000E+00,-1.0000000000000000E+00,
   0.0000000000000000E+00));
#49490=DIRECTION('',(1.0000000000000000E+00,0.0000000000000000E+00,
   0.0000000000000000E+00));
#49500=AXIS2_PLACEMENT_3D('',#49470,#49480,#49490);
#49510=CIRCLE('',#49500,6.5000000000000002E-01);
#49520=EDGE_CURVE('',#49440,#49270,#49510,.T.);
#49530=ORIENTED_EDGE('',*,*,#49520,.F.);
#49540=EDGE_LOOP('',(#49530,#49460,#49380,#49290));
#49550=FACE_OUTER_BOUND('',#49540,.T.);
#49560=ADVANCED_FACE('',(#49550),#49190,.T.);
#49570=COLOUR_RGB('',9.4901967048645020E-01,9.4901967048645020E-01,
   1.0000000000000000E+00);
#49580=FILL_AREA_STYLE_COLOUR('',#49570);
#49590=FILL_AREA_STYLE('',(#49580));
#49600=SURFACE_STYLE_FILL_AREA(#49590);
#49610=SURFACE_SIDE_STYLE('',(#49600));
#49620=SURFACE_STYLE_USAGE(.BOTH.,#49610);
#49630=PRESENTATION_STYLE_ASSIGNMENT((#49620));
#49640=CARTESIAN_POINT('',(-3.5581516213882892E+01,
   2.3538852824316109E+01,9.7525126265846858E+00));
#49650=DIRECTION('',(0.0000000000000000E+00,1.0000000000000000E+00,
   0.0000000000000000E+00));
#49660=DIRECTION('',(7.0710678118654746E-01,0.0000000000000000E+00,
   -7.0710678118654757E-01));
#49670=AXIS2_PLACEMENT_3D('',#49640,#49650,#49660);
#49680=PLANE('',#49670);
#49690=CARTESIAN_POINT('',(-8.8925674828030196E+01,
   2.3538852824316109E+01,-4.3591645987562615E+01));
#49700=DIRECTION('',(-7.0710678118654757E-01,0.0000000000000000E+00,
   -7.0710678118654746E-01));
#49710=VECTOR('',#49700,1.0000000000000000E+00);
#49720=LINE('',#49690,#49710);
#49730=CARTESIAN_POINT('',(-3.5334028840467575E+01,
   2.3538852824316109E+01,1.0000000000000004E+01));
#49740=VERTEX_POINT('',#49730);
#49750=CARTESIAN_POINT('',(-3.5973036748504086E+01,
   2.3538852824316109E+01,9.3609920919633822E+00));
#49760=VERTEX_POINT('',#49750);
#49770=EDGE_CURVE('',#49740,#49760,#49720,.T.);
#49780=ORIENTED_EDGE('',*,*,#49770,.T.);
#49790=CARTESIAN_POINT('',(-8.8925674828030196E+01,
   2.3538852824316109E+01,1.0000000000000004E+01));
#49800=DIRECTION('',(-1.0000000000000000E+00,0.0000000000000000E+00,
   0.0000000000000000E+00));
#49810=VECTOR('',#49800,1.0000000000000000E+00);
#49820=LINE('',#49790,#49810);
#49830=CARTESIAN_POINT('',(-3.6323978334128768E+01,
   2.3538852824316109E+01,1.0000000000000004E+01));
#49840=VERTEX_POINT('',#49830);
#49850=EDGE_CURVE('',#49740,#49840,#49820,.T.);
#49860=ORIENTED_EDGE('',*,*,#49850,.F.);
#49870=EDGE_CURVE('',#49840,#26960,#26940,.T.);
#49880=ORIENTED_EDGE('',*,*,#49870,.F.);
#49890=CARTESIAN_POINT('',(-3.5854003587298216E+01,
   2.3538852824316109E+01,1.0000000000000004E+01));
#49900=DIRECTION('',(0.0000000000000000E+00,-1.0000000000000000E+00,
   0.0000000000000000E+00));
#49910=DIRECTION('',(1.0000000000000000E+00,0.0000000000000000E+00,
   0.0000000000000000E+00));
#49920=AXIS2_PLACEMENT_3D('',#49890,#49900,#49910);
#49930=CIRCLE('',#49920,6.5000000000000002E-01);
#49940=EDGE_CURVE('',#26960,#49760,#49930,.T.);
#49950=ORIENTED_EDGE('',*,*,#49940,.F.);
#49960=EDGE_LOOP('',(#49950,#49880,#49860,#49780));
#49970=FACE_OUTER_BOUND('',#49960,.T.);
#49980=ADVANCED_FACE('',(#49970),#49680,.T.);
#49990=COLOUR_RGB('',9.4901967048645020E-01,9.4901967048645020E-01,
   1.0000000000000000E+00);
#50000=FILL_AREA_STYLE_COLOUR('',#49990);
#50010=FILL_AREA_STYLE('',(#50000));
#50020=SURFACE_STYLE_FILL_AREA(#50010);
#50030=SURFACE_SIDE_STYLE('',(#50020));
#50040=SURFACE_STYLE_USAGE(.BOTH.,#50030);
#50050=PRESENTATION_STYLE_ASSIGNMENT((#50040));
#50060=ORIENTED_EDGE('',*,*,#8230,.F.);
#50070=EDGE_CURVE('',#3360,#8150,#8130,.T.);
#50080=ORIENTED_EDGE('',*,*,#50070,.T.);
#50090=ORIENTED_EDGE('',*,*,#3370,.T.);
#50100=EDGE_LOOP('',(#50090,#50080,#50060));
#50110=FACE_OUTER_BOUND('',#50100,.T.);
#50120=ADVANCED_FACE('',(#50110),#7910,.T.);
#50130=COLOUR_RGB('',9.4901967048645020E-01,9.4901967048645020E-01,
   1.0000000000000000E+00);
#50140=FILL_AREA_STYLE_COLOUR('',#50130);
#50150=FILL_AREA_STYLE('',(#50140));
#50160=SURFACE_STYLE_FILL_AREA(#50150);
#50170=SURFACE_SIDE_STYLE('',(#50160));
#50180=SURFACE_STYLE_USAGE(.BOTH.,#50170);
#50190=PRESENTATION_STYLE_ASSIGNMENT((#50180));
#50200=CARTESIAN_POINT('',(-3.5581516213882892E+01,
   2.3538852824316109E+01,9.7525126265846858E+00));
#50210=DIRECTION('',(-7.0710678118654746E-01,0.0000000000000000E+00,
   7.0710678118654757E-01));
#50220=DIRECTION('',(0.0000000000000000E+00,1.0000000000000000E+00,
   0.0000000000000000E+00));
#50230=AXIS2_PLACEMENT_3D('',#50200,#50210,#50220);
#50240=PLANE('',#50230);
#50250=ORIENTED_EDGE('',*,*,#4320,.F.);
#50260=CARTESIAN_POINT('',(-3.5334028840467575E+01,
   -2.6716239164827719E+01,1.0000000000000004E+01));
#50270=DIRECTION('',(-0.0000000000000000E+00,-1.0000000000000000E+00,
   0.0000000000000000E+00));
#50280=VECTOR('',#50270,1.0000000000000000E+00);
#50290=LINE('',#50260,#50280);
#50300=EDGE_CURVE('',#4230,#49740,#50290,.T.);
#50310=ORIENTED_EDGE('',*,*,#50300,.F.);
#50320=ORIENTED_EDGE('',*,*,#49770,.F.);
#50330=CARTESIAN_POINT('',(-3.5973036748504178E+01,
   3.5508852824316115E+01,9.3609920919634000E+00));
#50340=DIRECTION('',(0.0000000000000000E+00,-1.0000000000000000E+00,
   0.0000000000000000E+00));
#50350=VECTOR('',#50340,1.0000000000000000E+00);
#50360=LINE('',#50330,#50350);
#50370=EDGE_CURVE('',#4310,#49760,#50360,.T.);
#50380=ORIENTED_EDGE('',*,*,#50370,.T.);
#50390=EDGE_LOOP('',(#50380,#50320,#50310,#50250));
#50400=FACE_OUTER_BOUND('',#50390,.T.);
#50410=ADVANCED_FACE('',(#50400),#50240,.T.);
#50420=COLOUR_RGB('',9.4901967048645020E-01,9.4901967048645020E-01,
   1.0000000000000000E+00);
#50430=FILL_AREA_STYLE_COLOUR('',#50420);
#50440=FILL_AREA_STYLE('',(#50430));
#50450=SURFACE_STYLE_FILL_AREA(#50440);
#50460=SURFACE_SIDE_STYLE('',(#50450));
#50470=SURFACE_STYLE_USAGE(.BOTH.,#50460);
#50480=PRESENTATION_STYLE_ASSIGNMENT((#50470));
#50490=CARTESIAN_POINT('',(-3.6076490960713485E+01,
   2.4538852824316109E+01,5.2474873734152858E+00));
#50500=DIRECTION('',(7.0710678118654746E-01,0.0000000000000000E+00,
   -7.0710678118654757E-01));
#50510=DIRECTION('',(0.0000000000000000E+00,-1.0000000000000000E+00,
   0.0000000000000000E+00));
#50520=AXIS2_PLACEMENT_3D('',#50490,#50500,#50510);
#50530=PLANE('',#50520);
#50540=ORIENTED_EDGE('',*,*,#33900,.F.);
#50550=ORIENTED_EDGE('',*,*,#38850,.T.);
#50560=EDGE_CURVE('',#36760,#34600,#36740,.T.);
#50570=ORIENTED_EDGE('',*,*,#50560,.T.);
#50580=CARTESIAN_POINT('',(-3.5693983448967970E+01,
   3.5508852824316115E+01,5.6299948851608033E+00));
#50590=DIRECTION('',(0.0000000000000000E+00,-1.0000000000000000E+00,
   0.0000000000000000E+00));
#50600=VECTOR('',#50590,1.0000000000000000E+00);
#50610=LINE('',#50580,#50600);
#50620=EDGE_CURVE('',#33890,#36760,#50610,.T.);
#50630=ORIENTED_EDGE('',*,*,#50620,.T.);
#50640=EDGE_LOOP('',(#50630,#50570,#50550,#50540));
#50650=FACE_OUTER_BOUND('',#50640,.T.);
#50660=ADVANCED_FACE('',(#50650),#50530,.T.);
#50670=COLOUR_RGB('',9.4901967048645020E-01,9.4901967048645020E-01,
   1.0000000000000000E+00);
#50680=FILL_AREA_STYLE_COLOUR('',#50670);
#50690=FILL_AREA_STYLE('',(#50680));
#50700=SURFACE_STYLE_FILL_AREA(#50690);
#50710=SURFACE_SIDE_STYLE('',(#50700));
#50720=SURFACE_STYLE_USAGE(.BOTH.,#50710);
#50730=PRESENTATION_STYLE_ASSIGNMENT((#50720));
#50740=CARTESIAN_POINT('',(-3.6902027478507307E+01,
   2.4538852824316116E+01,8.4320013619602658E+00));
#50750=VERTEX_POINT('',#50740);
#50760=EDGE_CURVE('',#50750,#4310,#4290,.T.);
#50770=ORIENTED_EDGE('',*,*,#50760,.F.);
#50780=ORIENTED_EDGE('',*,*,#50370,.F.);
#50790=CARTESIAN_POINT('',(-3.6902027478507286E+01,
   2.3538852824316109E+01,8.4320013619602499E+00));
#50800=VERTEX_POINT('',#50790);
#50810=EDGE_CURVE('',#49760,#50800,#49720,.T.);
#50820=ORIENTED_EDGE('',*,*,#50810,.F.);
#50830=CARTESIAN_POINT('',(-3.6902027478507307E+01,
   2.3082795793605840E+01,8.4320013619602658E+00));
#50840=DIRECTION('',(0.0000000000000000E+00,1.0000000000000000E+00,
   0.0000000000000000E+00));
#50850=VECTOR('',#50840,1.0000000000000000E+00);
#50860=LINE('',#50830,#50850);
#50870=EDGE_CURVE('',#50800,#50750,#50860,.T.);
#50880=ORIENTED_EDGE('',*,*,#50870,.F.);
#50890=EDGE_LOOP('',(#50880,#50820,#50780,#50770));
#50900=FACE_OUTER_BOUND('',#50890,.T.);
#50910=ADVANCED_FACE('',(#50900),#50240,.T.);
#50920=COLOUR_RGB('',9.4901967048645020E-01,9.4901967048645020E-01,
   1.0000000000000000E+00);
#50930=FILL_AREA_STYLE_COLOUR('',#50920);
#50940=FILL_AREA_STYLE('',(#50930));
#50950=SURFACE_STYLE_FILL_AREA(#50940);
#50960=SURFACE_SIDE_STYLE('',(#50950));
#50970=SURFACE_STYLE_USAGE(.BOTH.,#50960);
#50980=PRESENTATION_STYLE_ASSIGNMENT((#50970));
#50990=CARTESIAN_POINT('',(-3.4429932243550240E+01,
   2.0008852824316122E+01,1.3477675262418085E+01));
#51000=DIRECTION('',(0.0000000000000000E+00,-1.0000000000000000E+00,
   0.0000000000000000E+00));
#51010=DIRECTION('',(1.0000000000000000E+00,0.0000000000000000E+00,
   0.0000000000000000E+00));
#51020=AXIS2_PLACEMENT_3D('',#50990,#51000,#51010);
#51030=PLANE('',#51020);
#51040=CARTESIAN_POINT('',(-3.8767003587298184E+01,
   2.0008852824316122E+01,1.7371309300093316E+01));
#51050=DIRECTION('',(6.4358945695697078E-01,0.0000000000000000E+00,
   -7.6537089760052390E-01));
#51060=VECTOR('',#51050,1.0000000000000000E+00);
#51070=LINE('',#51040,#51060);
#51080=CARTESIAN_POINT('',(-3.8767003587298184E+01,
   2.0008852824316122E+01,1.7371309300093316E+01));
#51090=VERTEX_POINT('',#51080);
#51100=EDGE_CURVE('',#51090,#36310,#51070,.T.);
#51110=ORIENTED_EDGE('',*,*,#51100,.F.);
#51120=ORIENTED_EDGE('',*,*,#36320,.F.);
#51130=CARTESIAN_POINT('',(-3.8617044243682152E+01,
   2.0008852824316122E+01,1.6930000000000081E+01));
#51140=DIRECTION('',(-1.0000000000000000E+00,0.0000000000000000E+00,
   0.0000000000000000E+00));
#51150=VECTOR('',#51140,1.0000000000000000E+00);
#51160=LINE('',#51130,#51150);
#51170=CARTESIAN_POINT('',(-3.9330962930914275E+01,
   2.0008852824316122E+01,1.6930000000000081E+01));
#51180=VERTEX_POINT('',#51170);
#51190=EDGE_CURVE('',#36230,#51180,#51160,.T.);
#51200=ORIENTED_EDGE('',*,*,#51190,.F.);
#51210=CARTESIAN_POINT('',(-3.9330962930914275E+01,
   2.0008852824316122E+01,1.6930000000000081E+01));
#51220=DIRECTION('',(5.9105097227002377E-15,0.0000000000000000E+00,
   1.0000000000000000E+00));
#51230=VECTOR('',#51220,1.0000000000000000E+00);
#51240=LINE('',#51210,#51230);
#51250=CARTESIAN_POINT('',(-3.9330962930914275E+01,
   2.0008852824316122E+01,1.7192974313113151E+01));
#51260=VERTEX_POINT('',#51250);
#51270=EDGE_CURVE('',#51180,#51260,#51240,.T.);
#51280=ORIENTED_EDGE('',*,*,#51270,.F.);
#51290=CARTESIAN_POINT('',(-3.9330962930914275E+01,
   2.0008852824316122E+01,1.7192974313113151E+01));
#51300=DIRECTION('',(6.4358945695705005E-01,0.0000000000000000E+00,
   7.6537089760045707E-01));
#51310=VECTOR('',#51300,1.0000000000000000E+00);
#51320=LINE('',#51290,#51310);
#51330=CARTESIAN_POINT('',(-3.9181003587298207E+01,
   2.0008852824316122E+01,1.7371309300093312E+01));
#51340=VERTEX_POINT('',#51330);
#51350=EDGE_CURVE('',#51260,#51340,#51320,.T.);
#51360=ORIENTED_EDGE('',*,*,#51350,.F.);
#51370=CARTESIAN_POINT('',(-3.9181003587298207E+01,
   2.0008852824316122E+01,1.7371309300093312E+01));
#51380=DIRECTION('',(0.0000000000000000E+00,0.0000000000000000E+00,
   1.0000000000000000E+00));
#51390=VECTOR('',#51380,1.0000000000000000E+00);
#51400=LINE('',#51370,#51390);
#51410=CARTESIAN_POINT('',(-3.9181003587298207E+01,
   2.0008852824316122E+01,1.7500000000000004E+01));
#51420=VERTEX_POINT('',#51410);
#51430=EDGE_CURVE('',#51340,#51420,#51400,.T.);
#51440=ORIENTED_EDGE('',*,*,#51430,.F.);
#51450=CARTESIAN_POINT('',(0.0000000000000000E+00,2.0008852824316122E+01
   ,1.7500000000000004E+01));
#51460=DIRECTION('',(-1.0000000000000000E+00,0.0000000000000000E+00,
   0.0000000000000000E+00));
#51470=VECTOR('',#51460,1.0000000000000000E+00);
#51480=LINE('',#51450,#51470);
#51490=CARTESIAN_POINT('',(-3.8767003587298184E+01,
   2.0008852824316122E+01,1.7500000000000004E+01));
#51500=VERTEX_POINT('',#51490);
#51510=EDGE_CURVE('',#51500,#51420,#51480,.T.);
#51520=ORIENTED_EDGE('',*,*,#51510,.T.);
#51530=CARTESIAN_POINT('',(-3.8767003587298184E+01,
   2.0008852824316122E+01,1.7500000000000004E+01));
#51540=DIRECTION('',(-3.7959085713985267E-14,0.0000000000000000E+00,
   -1.0000000000000000E+00));
#51550=VECTOR('',#51540,1.0000000000000000E+00);
#51560=LINE('',#51530,#51550);
#51570=EDGE_CURVE('',#51500,#51090,#51560,.T.);
#51580=ORIENTED_EDGE('',*,*,#51570,.F.);
#51590=EDGE_LOOP('',(#51580,#51520,#51440,#51360,#51280,#51200,#51120,
   #51110));
#51600=FACE_OUTER_BOUND('',#51590,.T.);
#51610=ADVANCED_FACE('',(#51600),#51030,.T.);
#51620=COLOUR_RGB('',5.0196081399917603E-01,1.0000000000000000E+00,
   5.0196081399917603E-01);
#51630=FILL_AREA_STYLE_COLOUR('',#51620);
#51640=FILL_AREA_STYLE('',(#51630));
#51650=SURFACE_STYLE_FILL_AREA(#51640);
#51660=SURFACE_SIDE_STYLE('',(#51650));
#51670=SURFACE_STYLE_USAGE(.BOTH.,#51660);
#51680=PRESENTATION_STYLE_ASSIGNMENT((#51670));
#51690=CARTESIAN_POINT('',(-3.6122820727760129E+01,
   1.5008852824316122E+01,9.3292401152689752E+00));
#51700=DIRECTION('',(0.0000000000000000E+00,-1.0000000000000000E+00,
   0.0000000000000000E+00));
#51710=DIRECTION('',(1.0000000000000000E+00,0.0000000000000000E+00,
   0.0000000000000000E+00));
#51720=AXIS2_PLACEMENT_3D('',#51690,#51700,#51710);
#51730=PLANE('',#51720);
#51740=CARTESIAN_POINT('',(-8.8925674828030196E+01,
   1.5008852824316122E+01,1.5000000000000004E+01));
#51750=DIRECTION('',(1.0000000000000000E+00,0.0000000000000000E+00,
   0.0000000000000000E+00));
#51760=VECTOR('',#51750,1.0000000000000000E+00);
#51770=LINE('',#51740,#51760);
#51780=CARTESIAN_POINT('',(-3.6504003587298214E+01,
   1.5008852824316122E+01,1.5000000000000004E+01));
#51790=VERTEX_POINT('',#51780);
#51800=EDGE_CURVE('',#51790,#48720,#51770,.T.);
#51810=ORIENTED_EDGE('',*,*,#51800,.F.);
#51820=ORIENTED_EDGE('',*,*,#49030,.F.);
#51830=CARTESIAN_POINT('',(-8.8925674828030196E+01,
   1.5008852824316122E+01,1.4500000000000004E+01));
#51840=DIRECTION('',(1.0000000000000000E+00,0.0000000000000000E+00,
   0.0000000000000000E+00));
#51850=VECTOR('',#51840,1.0000000000000000E+00);
#51860=LINE('',#51830,#51850);
#51870=CARTESIAN_POINT('',(-3.5604003587298216E+01,
   1.5008852824316122E+01,1.4500000000000004E+01));
#51880=VERTEX_POINT('',#51870);
#51890=EDGE_CURVE('',#48960,#51880,#51860,.T.);
#51900=ORIENTED_EDGE('',*,*,#51890,.F.);
#51910=CARTESIAN_POINT('',(-3.5604003587298216E+01,
   1.5008852824316122E+01,1.5000000000000004E+01));
#51920=DIRECTION('',(0.0000000000000000E+00,0.0000000000000000E+00,
   1.0000000000000000E+00));
#51930=VECTOR('',#51920,1.0000000000000000E+00);
#51940=LINE('',#51910,#51930);
#51950=CARTESIAN_POINT('',(-3.5604003587298216E+01,
   1.5008852824316122E+01,1.5000000000000004E+01));
#51960=VERTEX_POINT('',#51950);
#51970=EDGE_CURVE('',#51880,#51960,#51940,.T.);
#51980=ORIENTED_EDGE('',*,*,#51970,.F.);
#51990=CARTESIAN_POINT('',(-3.5204003587298217E+01,
   1.5008852824316122E+01,1.5000000000000004E+01));
#52000=VERTEX_POINT('',#51990);
#52010=EDGE_CURVE('',#51960,#52000,#51770,.T.);
#52020=ORIENTED_EDGE('',*,*,#52010,.F.);
#52030=CARTESIAN_POINT('',(-3.5854003587298216E+01,
   1.5008852824316122E+01,1.5000000000000004E+01));
#52040=DIRECTION('',(0.0000000000000000E+00,-1.0000000000000000E+00,
   0.0000000000000000E+00));
#52050=DIRECTION('',(1.0000000000000000E+00,0.0000000000000000E+00,
   0.0000000000000000E+00));
#52060=AXIS2_PLACEMENT_3D('',#52030,#52040,#52050);
#52070=CIRCLE('',#52060,6.5000000000000002E-01);
#52080=EDGE_CURVE('',#51790,#52000,#52070,.T.);
#52090=ORIENTED_EDGE('',*,*,#52080,.T.);
#52100=EDGE_LOOP('',(#52090,#52020,#51980,#51900,#51820,#51810));
#52110=FACE_OUTER_BOUND('',#52100,.T.);
#52120=ADVANCED_FACE('',(#52110),#51730,.T.);
#52130=COLOUR_RGB('',9.4901967048645020E-01,9.4901967048645020E-01,
   1.0000000000000000E+00);
#52140=FILL_AREA_STYLE_COLOUR('',#52130);
#52150=FILL_AREA_STYLE('',(#52140));
#52160=SURFACE_STYLE_FILL_AREA(#52150);
#52170=SURFACE_SIDE_STYLE('',(#52160));
#52180=SURFACE_STYLE_USAGE(.BOTH.,#52170);
#52190=PRESENTATION_STYLE_ASSIGNMENT((#52180));
#52200=ORIENTED_EDGE('',*,*,#50070,.F.);
#52210=ORIENTED_EDGE('',*,*,#34280,.F.);
#52220=EDGE_CURVE('',#34210,#34500,#34190,.T.);
#52230=ORIENTED_EDGE('',*,*,#52220,.F.);
#52240=ORIENTED_EDGE('',*,*,#35310,.T.);
#52250=EDGE_LOOP('',(#52240,#52230,#52210,#52200));
#52260=FACE_OUTER_BOUND('',#52250,.T.);
#52270=ADVANCED_FACE('',(#52260),#34130,.T.);
#52280=COLOUR_RGB('',9.4901967048645020E-01,9.4901967048645020E-01,
   1.0000000000000000E+00);
#52290=FILL_AREA_STYLE_COLOUR('',#52280);
#52300=FILL_AREA_STYLE('',(#52290));
#52310=SURFACE_STYLE_FILL_AREA(#52300);
#52320=SURFACE_SIDE_STYLE('',(#52310));
#52330=SURFACE_STYLE_USAGE(.BOTH.,#52320);
#52340=PRESENTATION_STYLE_ASSIGNMENT((#52330));
#52350=CARTESIAN_POINT('',(-3.5604003587298216E+01,
   1.5008852824316122E+01,1.0500000000000004E+01));
#52360=DIRECTION('',(1.0000000000000000E+00,-0.0000000000000000E+00,
   0.0000000000000000E+00));
#52370=DIRECTION('',(0.0000000000000000E+00,0.0000000000000000E+00,
   -1.0000000000000000E+00));
#52380=AXIS2_PLACEMENT_3D('',#52350,#52360,#52370);
#52390=PLANE('',#52380);
#52400=CARTESIAN_POINT('',(-3.5604003587298216E+01,
   -2.6716239164827719E+01,-1.4430631774313696E-01));
#52410=DIRECTION('',(0.0000000000000000E+00,9.6592582628906842E-01,
   2.5881904510252046E-01));
#52420=VECTOR('',#52410,1.0000000000000000E+00);
#52430=LINE('',#52400,#52420);
#52440=CARTESIAN_POINT('',(-3.5604003587298216E+01,
   1.3008852824316122E+01,1.0500000000000004E+01));
#52450=VERTEX_POINT('',#52440);
#52460=EDGE_CURVE('',#40630,#52450,#52430,.T.);
#52470=ORIENTED_EDGE('',*,*,#52460,.F.);
#52480=CARTESIAN_POINT('',(-3.5604003587298216E+01,
   1.5008852824316122E+01,1.0500000000000004E+01));
#52490=DIRECTION('',(0.0000000000000000E+00,-1.0000000000000000E+00,
   0.0000000000000000E+00));
#52500=VECTOR('',#52490,1.0000000000000000E+00);
#52510=LINE('',#52480,#52500);
#52520=CARTESIAN_POINT('',(-3.5604003587298216E+01,
   1.5008852824316122E+01,1.0500000000000004E+01));
#52530=VERTEX_POINT('',#52520);
#52540=EDGE_CURVE('',#52530,#52450,#52510,.T.);
#52550=ORIENTED_EDGE('',*,*,#52540,.T.);
#52560=CARTESIAN_POINT('',(-3.5604003587298216E+01,
   1.5008852824316122E+01,1.5000000000000004E+01));
#52570=DIRECTION('',(0.0000000000000000E+00,0.0000000000000000E+00,
   1.0000000000000000E+00));
#52580=VECTOR('',#52570,1.0000000000000000E+00);
#52590=LINE('',#52560,#52580);
#52600=CARTESIAN_POINT('',(-3.5604003587298216E+01,
   1.5008852824316122E+01,1.0000000000000004E+01));
#52610=VERTEX_POINT('',#52600);
#52620=EDGE_CURVE('',#52610,#52530,#52590,.T.);
#52630=ORIENTED_EDGE('',*,*,#52620,.T.);
#52640=CARTESIAN_POINT('',(-3.5604003587298216E+01,
   1.5008852824316122E+01,1.0000000000000004E+01));
#52650=DIRECTION('',(0.0000000000000000E+00,0.0000000000000000E+00,
   1.0000000000000000E+00));
#52660=VECTOR('',#52650,1.0000000000000000E+00);
#52670=LINE('',#52640,#52660);
#52680=CARTESIAN_POINT('',(-3.5604003587298216E+01,
   1.5008852824316122E+01,9.5000000000000036E+00));
#52690=VERTEX_POINT('',#52680);
#52700=EDGE_CURVE('',#52690,#52610,#52670,.T.);
#52710=ORIENTED_EDGE('',*,*,#52700,.T.);
#52720=CARTESIAN_POINT('',(-3.5604003587298216E+01,
   1.5008852824316122E+01,9.5000000000000036E+00));
#52730=DIRECTION('',(0.0000000000000000E+00,-1.0000000000000000E+00,
   0.0000000000000000E+00));
#52740=VECTOR('',#52730,1.0000000000000000E+00);
#52750=LINE('',#52720,#52740);
#52760=CARTESIAN_POINT('',(-3.5604003587298216E+01,
   1.3008852824316122E+01,9.5000000000000036E+00));
#52770=VERTEX_POINT('',#52760);
#52780=EDGE_CURVE('',#52690,#52770,#52750,.T.);
#52790=ORIENTED_EDGE('',*,*,#52780,.F.);
#52800=CARTESIAN_POINT('',(-3.5604003587298216E+01,
   -2.6716239164827719E+01,2.0144306317743144E+01));
#52810=DIRECTION('',(0.0000000000000000E+00,9.6592582628906842E-01,
   -2.5881904510252046E-01));
#52820=VECTOR('',#52810,1.0000000000000000E+00);
#52830=LINE('',#52800,#52820);
#52840=EDGE_CURVE('',#40710,#52770,#52830,.T.);
#52850=ORIENTED_EDGE('',*,*,#52840,.T.);
#52860=ORIENTED_EDGE('',*,*,#40720,.T.);
#52870=EDGE_LOOP('',(#52860,#52850,#52790,#52710,#52630,#52550,#52470));
#52880=FACE_OUTER_BOUND('',#52870,.T.);
#52890=ADVANCED_FACE('',(#52880),#52390,.T.);
#52900=COLOUR_RGB('',9.4901967048645020E-01,9.4901967048645020E-01,
   1.0000000000000000E+00);
#52910=FILL_AREA_STYLE_COLOUR('',#52900);
#52920=FILL_AREA_STYLE('',(#52910));
#52930=SURFACE_STYLE_FILL_AREA(#52920);
#52940=SURFACE_SIDE_STYLE('',(#52930));
#52950=SURFACE_STYLE_USAGE(.BOTH.,#52940);
#52960=PRESENTATION_STYLE_ASSIGNMENT((#52950));
#52970=ORIENTED_EDGE('',*,*,#50810,.T.);
#52980=ORIENTED_EDGE('',*,*,#49940,.T.);
#52990=ORIENTED_EDGE('',*,*,#26970,.F.);
#53000=CARTESIAN_POINT('',(-3.5829003587298203E+01,
   2.3538852824316109E+01,1.0000000000000004E+01));
#53010=DIRECTION('',(0.0000000000000000E+00,1.0000000000000000E+00,
   0.0000000000000000E+00));
#53020=DIRECTION('',(-1.0000000000000000E+00,0.0000000000000000E+00,
   0.0000000000000000E+00));
#53030=AXIS2_PLACEMENT_3D('',#53000,#53010,#53020);
#53040=CIRCLE('',#53030,1.8999999999999999E+00);
#53050=EDGE_CURVE('',#50800,#26880,#53040,.T.);
#53060=ORIENTED_EDGE('',*,*,#53050,.T.);
#53070=EDGE_LOOP('',(#53060,#52990,#52980,#52970));
#53080=FACE_OUTER_BOUND('',#53070,.T.);
#53090=ADVANCED_FACE('',(#53080),#49680,.T.);
#53100=COLOUR_RGB('',9.4901967048645020E-01,9.4901967048645020E-01,
   1.0000000000000000E+00);
#53110=FILL_AREA_STYLE_COLOUR('',#53100);
#53120=FILL_AREA_STYLE('',(#53110));
#53130=SURFACE_STYLE_FILL_AREA(#53120);
#53140=SURFACE_SIDE_STYLE('',(#53130));
#53150=SURFACE_STYLE_USAGE(.BOTH.,#53140);
#53160=PRESENTATION_STYLE_ASSIGNMENT((#53150));
#53170=CARTESIAN_POINT('',(-3.5604003587298216E+01,
   1.5008852824316122E+01,1.4500000000000004E+01));
#53180=DIRECTION('',(0.0000000000000000E+00,0.0000000000000000E+00,
   -1.0000000000000000E+00));
#53190=DIRECTION('',(-1.0000000000000000E+00,0.0000000000000000E+00,
   0.0000000000000000E+00));
#53200=AXIS2_PLACEMENT_3D('',#53170,#53180,#53190);
#53210=PLANE('',#53200);
#53220=ORIENTED_EDGE('',*,*,#48970,.F.);
#53230=ORIENTED_EDGE('',*,*,#47690,.T.);
#53240=CARTESIAN_POINT('',(-3.5604003587298216E+01,
   1.5008852824316122E+01,1.4500000000000004E+01));
#53250=DIRECTION('',(0.0000000000000000E+00,-1.0000000000000000E+00,
   0.0000000000000000E+00));
#53260=VECTOR('',#53250,1.0000000000000000E+00);
#53270=LINE('',#53240,#53260);
#53280=EDGE_CURVE('',#51880,#47600,#53270,.T.);
#53290=ORIENTED_EDGE('',*,*,#53280,.T.);
#53300=ORIENTED_EDGE('',*,*,#51890,.T.);
#53310=EDGE_LOOP('',(#53300,#53290,#53230,#53220));
#53320=FACE_OUTER_BOUND('',#53310,.T.);
#53330=ADVANCED_FACE('',(#53320),#53210,.T.);
#53340=COLOUR_RGB('',9.4901967048645020E-01,9.4901967048645020E-01,
   1.0000000000000000E+00);
#53350=FILL_AREA_STYLE_COLOUR('',#53340);
#53360=FILL_AREA_STYLE('',(#53350));
#53370=SURFACE_STYLE_FILL_AREA(#53360);
#53380=SURFACE_SIDE_STYLE('',(#53370));
#53390=SURFACE_STYLE_USAGE(.BOTH.,#53380);
#53400=PRESENTATION_STYLE_ASSIGNMENT((#53390));
#53410=CARTESIAN_POINT('',(-3.8579003587298217E+01,
   1.7278852824316125E+01,6.3750000000000018E+00));
#53420=DIRECTION('',(3.5305725243424335E-01,-0.0000000000000000E+00,
   9.3560171895074196E-01));
#53430=DIRECTION('',(9.3560171895074196E-01,0.0000000000000000E+00,
   -3.5305725243424335E-01));
#53440=AXIS2_PLACEMENT_3D('',#53410,#53420,#53430);
#53450=PLANE('',#53440);
#53460=CARTESIAN_POINT('',(-3.8579003587298217E+01,
   0.0000000000000000E+00,6.3750000000000036E+00));
#53470=DIRECTION('',(0.0000000000000000E+00,1.0000000000000000E+00,
   0.0000000000000000E+00));
#53480=VECTOR('',#53470,1.0000000000000000E+00);
#53490=LINE('',#53460,#53480);
#53500=EDGE_CURVE('',#41100,#41550,#53490,.T.);
#53510=ORIENTED_EDGE('',*,*,#53500,.F.);
#53520=ORIENTED_EDGE('',*,*,#41580,.F.);
#53530=ORIENTED_EDGE('',*,*,#43390,.F.);
#53540=ORIENTED_EDGE('',*,*,#40170,.F.);
#53550=CARTESIAN_POINT('',(-3.9904003587298213E+01,
   0.0000000000000000E+00,6.8750000000000009E+00));
#53560=DIRECTION('',(0.0000000000000000E+00,1.0000000000000000E+00,
   0.0000000000000000E+00));
#53570=VECTOR('',#53560,1.0000000000000000E+00);
#53580=LINE('',#53550,#53570);
#53590=EDGE_CURVE('',#43080,#40160,#53580,.T.);
#53600=ORIENTED_EDGE('',*,*,#53590,.T.);
#53610=ORIENTED_EDGE('',*,*,#43090,.F.);
#53620=EDGE_LOOP('',(#53610,#53600,#53540,#53530,#53520,#53510));
#53630=FACE_OUTER_BOUND('',#53620,.T.);
#53640=ADVANCED_FACE('',(#53630),#53450,.F.);
#53650=COLOUR_RGB('',5.0196081399917603E-01,1.0000000000000000E+00,
   5.0196081399917603E-01);
#53660=FILL_AREA_STYLE_COLOUR('',#53650);
#53670=FILL_AREA_STYLE('',(#53660));
#53680=SURFACE_STYLE_FILL_AREA(#53670);
#53690=SURFACE_SIDE_STYLE('',(#53680));
#53700=SURFACE_STYLE_USAGE(.BOTH.,#53690);
#53710=PRESENTATION_STYLE_ASSIGNMENT((#53700));
#53720=CARTESIAN_POINT('',(-3.8194003587298212E+01,
   1.9228852824316121E+01,5.0000000000000036E+00));
#53730=DIRECTION('',(1.0000000000000000E+00,0.0000000000000000E+00,
   0.0000000000000000E+00));
#53740=DIRECTION('',(0.0000000000000000E+00,-1.0000000000000000E+00,
   0.0000000000000000E+00));
#53750=AXIS2_PLACEMENT_3D('',#53720,#53730,#53740);
#53760=PLANE('',#53750);
#53770=ORIENTED_EDGE('',*,*,#42400,.F.);
#53780=ORIENTED_EDGE('',*,*,#42110,.T.);
#53790=CARTESIAN_POINT('',(-3.8194003587298212E+01,
   0.0000000000000000E+00,6.3750000000000018E+00));
#53800=DIRECTION('',(0.0000000000000000E+00,-1.0000000000000000E+00,
   0.0000000000000000E+00));
#53810=VECTOR('',#53800,1.0000000000000000E+00);
#53820=LINE('',#53790,#53810);
#53830=EDGE_CURVE('',#42020,#41080,#53820,.T.);
#53840=ORIENTED_EDGE('',*,*,#53830,.F.);
#53850=ORIENTED_EDGE('',*,*,#41330,.T.);
#53860=EDGE_LOOP('',(#53850,#53840,#53780,#53770));
#53870=FACE_OUTER_BOUND('',#53860,.T.);
#53880=ADVANCED_FACE('',(#53870),#53760,.F.);
#53890=COLOUR_RGB('',5.0196081399917603E-01,1.0000000000000000E+00,
   5.0196081399917603E-01);
#53900=FILL_AREA_STYLE_COLOUR('',#53890);
#53910=FILL_AREA_STYLE('',(#53900));
#53920=SURFACE_STYLE_FILL_AREA(#53910);
#53930=SURFACE_SIDE_STYLE('',(#53920));
#53940=SURFACE_STYLE_USAGE(.BOTH.,#53930);
#53950=PRESENTATION_STYLE_ASSIGNMENT((#53940));
#53960=CARTESIAN_POINT('',(-3.6323978334128775E+01,
   2.4538852824316116E+01,1.0000000000000004E+01));
#53970=VERTEX_POINT('',#53960);
#53980=EDGE_CURVE('',#53970,#26780,#26760,.T.);
#53990=ORIENTED_EDGE('',*,*,#53980,.F.);
#54000=ORIENTED_EDGE('',*,*,#27030,.F.);
#54010=ORIENTED_EDGE('',*,*,#49870,.T.);
#54020=CARTESIAN_POINT('',(-3.6323978334128775E+01,
   -2.6716239164827719E+01,1.0000000000000004E+01));
#54030=DIRECTION('',(-0.0000000000000000E+00,1.0000000000000000E+00,
   0.0000000000000000E+00));
#54040=VECTOR('',#54030,1.0000000000000000E+00);
#54050=LINE('',#54020,#54040);
#54060=EDGE_CURVE('',#49840,#53970,#54050,.T.);
#54070=ORIENTED_EDGE('',*,*,#54060,.F.);
#54080=EDGE_LOOP('',(#54070,#54010,#54000,#53990));
#54090=FACE_OUTER_BOUND('',#54080,.T.);
#54100=ADVANCED_FACE('',(#54090),#26720,.T.);
#54110=COLOUR_RGB('',9.4901967048645020E-01,9.4901967048645020E-01,
   1.0000000000000000E+00);
#54120=FILL_AREA_STYLE_COLOUR('',#54110);
#54130=FILL_AREA_STYLE('',(#54120));
#54140=SURFACE_STYLE_FILL_AREA(#54130);
#54150=SURFACE_SIDE_STYLE('',(#54140));
#54160=SURFACE_STYLE_USAGE(.BOTH.,#54150);
#54170=PRESENTATION_STYLE_ASSIGNMENT((#54160));
#54180=CARTESIAN_POINT('',(0.0000000000000000E+00,0.0000000000000000E+00
   ,6.3750000000000036E+00));
#54190=DIRECTION('',(0.0000000000000000E+00,0.0000000000000000E+00,
   1.0000000000000000E+00));
#54200=DIRECTION('',(1.0000000000000000E+00,0.0000000000000000E+00,
   0.0000000000000000E+00));
#54210=AXIS2_PLACEMENT_3D('',#54180,#54190,#54200);
#54220=PLANE('',#54210);
#54230=ORIENTED_EDGE('',*,*,#41110,.T.);
#54240=ORIENTED_EDGE('',*,*,#53830,.T.);
#54250=ORIENTED_EDGE('',*,*,#42030,.T.);
#54260=ORIENTED_EDGE('',*,*,#53500,.T.);
#54270=EDGE_LOOP('',(#54260,#54250,#54240,#54230));
#54280=FACE_OUTER_BOUND('',#54270,.T.);
#54290=ADVANCED_FACE('',(#54280),#54220,.F.);
#54300=COLOUR_RGB('',5.0196081399917603E-01,1.0000000000000000E+00,
   5.0196081399917603E-01);
#54310=FILL_AREA_STYLE_COLOUR('',#54300);
#54320=FILL_AREA_STYLE('',(#54310));
#54330=SURFACE_STYLE_FILL_AREA(#54320);
#54340=SURFACE_SIDE_STYLE('',(#54330));
#54350=SURFACE_STYLE_USAGE(.BOTH.,#54340);
#54360=PRESENTATION_STYLE_ASSIGNMENT((#54350));
#54370=CARTESIAN_POINT('',(-3.5604003587298216E+01,
   1.5008852824316122E+01,9.5000000000000036E+00));
#54380=DIRECTION('',(0.0000000000000000E+00,0.0000000000000000E+00,
   -1.0000000000000000E+00));
#54390=DIRECTION('',(-1.0000000000000000E+00,0.0000000000000000E+00,
   0.0000000000000000E+00));
#54400=AXIS2_PLACEMENT_3D('',#54370,#54380,#54390);
#54410=PLANE('',#54400);
#54420=CARTESIAN_POINT('',(-3.6104003587298216E+01,
   1.5008852824316122E+01,9.5000000000000036E+00));
#54430=DIRECTION('',(0.0000000000000000E+00,-1.0000000000000000E+00,
   0.0000000000000000E+00));
#54440=VECTOR('',#54430,1.0000000000000000E+00);
#54450=LINE('',#54420,#54440);
#54460=CARTESIAN_POINT('',(-3.6104003587298216E+01,
   1.5008852824316122E+01,9.5000000000000036E+00));
#54470=VERTEX_POINT('',#54460);
#54480=CARTESIAN_POINT('',(-3.6104003587298216E+01,
   1.3008852824316122E+01,9.5000000000000036E+00));
#54490=VERTEX_POINT('',#54480);
#54500=EDGE_CURVE('',#54470,#54490,#54450,.T.);
#54510=ORIENTED_EDGE('',*,*,#54500,.F.);
#54520=CARTESIAN_POINT('',(-8.8925674828030196E+01,
   1.3008852824316122E+01,9.5000000000000036E+00));
#54530=DIRECTION('',(-1.0000000000000000E+00,0.0000000000000000E+00,
   0.0000000000000000E+00));
#54540=VECTOR('',#54530,1.0000000000000000E+00);
#54550=LINE('',#54520,#54540);
#54560=EDGE_CURVE('',#52770,#54490,#54550,.T.);
#54570=ORIENTED_EDGE('',*,*,#54560,.T.);
#54580=ORIENTED_EDGE('',*,*,#52780,.T.);
#54590=CARTESIAN_POINT('',(-8.8925674828030196E+01,
   1.5008852824316122E+01,9.5000000000000036E+00));
#54600=DIRECTION('',(1.0000000000000000E+00,0.0000000000000000E+00,
   0.0000000000000000E+00));
#54610=VECTOR('',#54600,1.0000000000000000E+00);
#54620=LINE('',#54590,#54610);
#54630=EDGE_CURVE('',#54470,#52690,#54620,.T.);
#54640=ORIENTED_EDGE('',*,*,#54630,.T.);
#54650=EDGE_LOOP('',(#54640,#54580,#54570,#54510));
#54660=FACE_OUTER_BOUND('',#54650,.T.);
#54670=ADVANCED_FACE('',(#54660),#54410,.T.);
#54680=COLOUR_RGB('',9.4901967048645020E-01,9.4901967048645020E-01,
   1.0000000000000000E+00);
#54690=FILL_AREA_STYLE_COLOUR('',#54680);
#54700=FILL_AREA_STYLE('',(#54690));
#54710=SURFACE_STYLE_FILL_AREA(#54700);
#54720=SURFACE_SIDE_STYLE('',(#54710));
#54730=SURFACE_STYLE_USAGE(.BOTH.,#54720);
#54740=PRESENTATION_STYLE_ASSIGNMENT((#54730));
#54750=ORIENTED_EDGE('',*,*,#48500,.F.);
#54760=ORIENTED_EDGE('',*,*,#53980,.T.);
#54770=CARTESIAN_POINT('',(-8.8925674828030196E+01,
   2.4538852824316116E+01,1.0000000000000004E+01));
#54780=DIRECTION('',(-1.0000000000000000E+00,0.0000000000000000E+00,
   0.0000000000000000E+00));
#54790=VECTOR('',#54780,1.0000000000000000E+00);
#54800=LINE('',#54770,#54790);
#54810=EDGE_CURVE('',#53970,#48320,#54800,.T.);
#54820=ORIENTED_EDGE('',*,*,#54810,.F.);
#54830=EDGE_LOOP('',(#54820,#54760,#54750));
#54840=FACE_OUTER_BOUND('',#54830,.T.);
#54850=ADVANCED_FACE('',(#54840),#4150,.T.);
#54860=COLOUR_RGB('',9.4901967048645020E-01,9.4901967048645020E-01,
   1.0000000000000000E+00);
#54870=FILL_AREA_STYLE_COLOUR('',#54860);
#54880=FILL_AREA_STYLE('',(#54870));
#54890=SURFACE_STYLE_FILL_AREA(#54880);
#54900=SURFACE_SIDE_STYLE('',(#54890));
#54910=SURFACE_STYLE_USAGE(.BOTH.,#54900);
#54920=PRESENTATION_STYLE_ASSIGNMENT((#54910));
#54930=CARTESIAN_POINT('',(-3.5854003587298216E+01,
   1.2508852824316122E+01,9.6339745962155643E+00));
#54940=DIRECTION('',(0.0000000000000000E+00,2.5881904510252046E-01,
   9.6592582628906842E-01));
#54950=DIRECTION('',(0.0000000000000000E+00,9.6592582628906842E-01,
   -2.5881904510252046E-01));
#54960=AXIS2_PLACEMENT_3D('',#54930,#54940,#54950);
#54970=PLANE('',#54960);
#54980=ORIENTED_EDGE('',*,*,#52840,.F.);
#54990=ORIENTED_EDGE('',*,*,#54560,.F.);
#55000=CARTESIAN_POINT('',(-3.6104003587298216E+01,
   -2.6716239164827719E+01,2.0144306317743144E+01));
#55010=DIRECTION('',(0.0000000000000000E+00,-9.6592582628906842E-01,
   2.5881904510252046E-01));
#55020=VECTOR('',#55010,1.0000000000000000E+00);
#55030=LINE('',#55000,#55020);
#55040=EDGE_CURVE('',#54490,#40790,#55030,.T.);
#55050=ORIENTED_EDGE('',*,*,#55040,.F.);
#55060=ORIENTED_EDGE('',*,*,#40800,.F.);
#55070=EDGE_LOOP('',(#55060,#55050,#54990,#54980));
#55080=FACE_OUTER_BOUND('',#55070,.T.);
#55090=ADVANCED_FACE('',(#55080),#54970,.F.);
#55100=COLOUR_RGB('',9.4901967048645020E-01,9.4901967048645020E-01,
   1.0000000000000000E+00);
#55110=FILL_AREA_STYLE_COLOUR('',#55100);
#55120=FILL_AREA_STYLE('',(#55110));
#55130=SURFACE_STYLE_FILL_AREA(#55120);
#55140=SURFACE_SIDE_STYLE('',(#55130));
#55150=SURFACE_STYLE_USAGE(.BOTH.,#55140);
#55160=PRESENTATION_STYLE_ASSIGNMENT((#55150));
#55170=CARTESIAN_POINT('',(-3.8579003587298217E+01,
   1.7278852824316125E+01,1.1375000000000002E+01));
#55180=DIRECTION('',(3.5305725243424335E-01,-0.0000000000000000E+00,
   9.3560171895074196E-01));
#55190=DIRECTION('',(9.3560171895074196E-01,0.0000000000000000E+00,
   -3.5305725243424335E-01));
#55200=AXIS2_PLACEMENT_3D('',#55170,#55180,#55190);
#55210=PLANE('',#55200);
#55220=CARTESIAN_POINT('',(-3.8579003587298217E+01,
   0.0000000000000000E+00,1.1375000000000004E+01));
#55230=DIRECTION('',(0.0000000000000000E+00,1.0000000000000000E+00,
   0.0000000000000000E+00));
#55240=VECTOR('',#55230,1.0000000000000000E+00);
#55250=LINE('',#55220,#55240);
#55260=CARTESIAN_POINT('',(-3.8579003587298203E+01,
   1.9228852824316114E+01,1.1375000000000004E+01));
#55270=VERTEX_POINT('',#55260);
#55280=EDGE_CURVE('',#37440,#55270,#55250,.T.);
#55290=ORIENTED_EDGE('',*,*,#55280,.F.);
#55300=CARTESIAN_POINT('',(-3.3426648001645773E+01,
   0.0000000000000000E+00,9.4307148733386974E+00));
#55310=DIRECTION('',(-2.5759337550319977E-01,9.6135156507110675E-01,
   9.7205047359698329E-02));
#55320=VECTOR('',#55310,1.0000000000000000E+00);
#55330=LINE('',#55300,#55320);
#55340=CARTESIAN_POINT('',(-3.8876268972941219E+01,
   2.0338262346867381E+01,1.1487175617223777E+01));
#55350=VERTEX_POINT('',#55340);
#55360=EDGE_CURVE('',#55270,#55350,#55330,.T.);
#55370=ORIENTED_EDGE('',*,*,#55360,.F.);
#55380=CARTESIAN_POINT('',(-3.9359231886085752E+01,
   2.0208852824316125E+01,1.1669425773127374E+01));
#55390=DIRECTION('',(3.5305725243424335E-01,0.0000000000000000E+00,
   9.3560171895074196E-01));
#55400=DIRECTION('',(9.3560171895074185E-01,0.0000000000000000E+00,
   -3.5305725243424330E-01));
#55410=AXIS2_PLACEMENT_3D('',#55380,#55390,#55400);
#55420=ELLIPSE('',#55410,5.3441543540635905E-01,4.9999999999999867E-01);
#55430=EDGE_CURVE('',#55350,#11070,#55420,.T.);
#55440=ORIENTED_EDGE('',*,*,#55430,.F.);
#55450=ORIENTED_EDGE('',*,*,#11080,.F.);
#55460=CARTESIAN_POINT('',(-3.9904003587298213E+01,
   0.0000000000000000E+00,1.1875000000000000E+01));
#55470=DIRECTION('',(0.0000000000000000E+00,1.0000000000000000E+00,
   0.0000000000000000E+00));
#55480=VECTOR('',#55470,1.0000000000000000E+00);
#55490=LINE('',#55460,#55480);
#55500=CARTESIAN_POINT('',(-3.9904003587298213E+01,
   1.6351077836188253E+01,1.1875000000000000E+01));
#55510=VERTEX_POINT('',#55500);
#55520=EDGE_CURVE('',#55510,#10990,#55490,.T.);
#55530=ORIENTED_EDGE('',*,*,#55520,.T.);
#55540=CARTESIAN_POINT('',(0.0000000000000000E+00,4.4292161952761923E+01
   ,-3.1831145612446541E+00));
#55550=DIRECTION('',(7.8261493238007862E-01,5.4799287516801631E-01,
   -2.9532638957738910E-01));
#55560=VECTOR('',#55550,1.0000000000000000E+00);
#55570=LINE('',#55540,#55560);
#55580=EDGE_CURVE('',#55510,#37440,#55570,.T.);
#55590=ORIENTED_EDGE('',*,*,#55580,.F.);
#55600=EDGE_LOOP('',(#55590,#55530,#55450,#55440,#55370,#55290));
#55610=FACE_OUTER_BOUND('',#55600,.T.);
#55620=ADVANCED_FACE('',(#55610),#55210,.F.);
#55630=COLOUR_RGB('',5.0196081399917603E-01,1.0000000000000000E+00,
   5.0196081399917603E-01);
#55640=FILL_AREA_STYLE_COLOUR('',#55630);
#55650=FILL_AREA_STYLE('',(#55640));
#55660=SURFACE_STYLE_FILL_AREA(#55650);
#55670=SURFACE_SIDE_STYLE('',(#55660));
#55680=SURFACE_STYLE_USAGE(.BOTH.,#55670);
#55690=PRESENTATION_STYLE_ASSIGNMENT((#55680));
#55700=CARTESIAN_POINT('',(-3.8194003587298212E+01,
   1.9228852824316121E+01,1.0000000000000004E+01));
#55710=DIRECTION('',(1.0000000000000000E+00,0.0000000000000000E+00,
   0.0000000000000000E+00));
#55720=DIRECTION('',(0.0000000000000000E+00,-1.0000000000000000E+00,
   0.0000000000000000E+00));
#55730=AXIS2_PLACEMENT_3D('',#55700,#55710,#55720);
#55740=PLANE('',#55730);
#55750=CARTESIAN_POINT('',(-3.8194003587298212E+01,
   0.0000000000000000E+00,1.1375000000000002E+01));
#55760=DIRECTION('',(0.0000000000000000E+00,-1.0000000000000000E+00,
   0.0000000000000000E+00));
#55770=VECTOR('',#55760,1.0000000000000000E+00);
#55780=LINE('',#55750,#55770);
#55790=CARTESIAN_POINT('',(-3.8194003587298212E+01,
   1.9228852824316121E+01,1.1375000000000002E+01));
#55800=VERTEX_POINT('',#55790);
#55810=EDGE_CURVE('',#55800,#37360,#55780,.T.);
#55820=ORIENTED_EDGE('',*,*,#55810,.F.);
#55830=ORIENTED_EDGE('',*,*,#37370,.T.);
#55840=CARTESIAN_POINT('',(-3.8194003587298212E+01,
   0.0000000000000000E+00,8.6250000000000053E+00));
#55850=DIRECTION('',(0.0000000000000000E+00,1.0000000000000000E+00,
   0.0000000000000000E+00));
#55860=VECTOR('',#55850,1.0000000000000000E+00);
#55870=LINE('',#55840,#55860);
#55880=CARTESIAN_POINT('',(-3.8194003587298212E+01,
   1.9228852824316121E+01,8.6250000000000053E+00));
#55890=VERTEX_POINT('',#55880);
#55900=EDGE_CURVE('',#37280,#55890,#55870,.T.);
#55910=ORIENTED_EDGE('',*,*,#55900,.F.);
#55920=CARTESIAN_POINT('',(-3.8194003587298226E+01,
   1.9228852824316121E+01,1.0000000000000004E+01));
#55930=DIRECTION('',(0.0000000000000000E+00,0.0000000000000000E+00,
   -1.0000000000000000E+00));
#55940=VECTOR('',#55930,1.0000000000000000E+00);
#55950=LINE('',#55920,#55940);
#55960=EDGE_CURVE('',#55800,#55890,#55950,.T.);
#55970=ORIENTED_EDGE('',*,*,#55960,.T.);
#55980=EDGE_LOOP('',(#55970,#55910,#55830,#55820));
#55990=FACE_OUTER_BOUND('',#55980,.T.);
#56000=ADVANCED_FACE('',(#55990),#55740,.F.);
#56010=COLOUR_RGB('',5.0196081399917603E-01,1.0000000000000000E+00,
   5.0196081399917603E-01);
#56020=FILL_AREA_STYLE_COLOUR('',#56010);
#56030=FILL_AREA_STYLE('',(#56020));
#56040=SURFACE_STYLE_FILL_AREA(#56030);
#56050=SURFACE_SIDE_STYLE('',(#56040));
#56060=SURFACE_STYLE_USAGE(.BOTH.,#56050);
#56070=PRESENTATION_STYLE_ASSIGNMENT((#56060));
#56080=CARTESIAN_POINT('',(0.0000000000000000E+00,0.0000000000000000E+00
   ,1.1375000000000004E+01));
#56090=DIRECTION('',(0.0000000000000000E+00,0.0000000000000000E+00,
   1.0000000000000000E+00));
#56100=DIRECTION('',(1.0000000000000000E+00,0.0000000000000000E+00,
   0.0000000000000000E+00));
#56110=AXIS2_PLACEMENT_3D('',#56080,#56090,#56100);
#56120=PLANE('',#56110);
#56130=ORIENTED_EDGE('',*,*,#37450,.T.);
#56140=ORIENTED_EDGE('',*,*,#55810,.T.);
#56150=CARTESIAN_POINT('',(0.0000000000000000E+00,1.9228852824316121E+01
   ,1.1375000000000002E+01));
#56160=DIRECTION('',(1.0000000000000000E+00,0.0000000000000000E+00,
   0.0000000000000000E+00));
#56170=VECTOR('',#56160,1.0000000000000000E+00);
#56180=LINE('',#56150,#56170);
#56190=EDGE_CURVE('',#55270,#55800,#56180,.T.);
#56200=ORIENTED_EDGE('',*,*,#56190,.T.);
#56210=ORIENTED_EDGE('',*,*,#55280,.T.);
#56220=EDGE_LOOP('',(#56210,#56200,#56140,#56130));
#56230=FACE_OUTER_BOUND('',#56220,.T.);
#56240=ADVANCED_FACE('',(#56230),#56120,.F.);
#56250=COLOUR_RGB('',5.0196081399917603E-01,1.0000000000000000E+00,
   5.0196081399917603E-01);
#56260=FILL_AREA_STYLE_COLOUR('',#56250);
#56270=FILL_AREA_STYLE('',(#56260));
#56280=SURFACE_STYLE_FILL_AREA(#56270);
#56290=SURFACE_SIDE_STYLE('',(#56280));
#56300=SURFACE_STYLE_USAGE(.BOTH.,#56290);
#56310=PRESENTATION_STYLE_ASSIGNMENT((#56300));
#56320=CARTESIAN_POINT('',(-3.8579003587298210E+01,
   1.9228852824316121E+01,1.0000000000000004E+01));
#56330=DIRECTION('',(9.6592582628906809E-01,2.5881904510252152E-01,
   0.0000000000000000E+00));
#56340=DIRECTION('',(2.5881904510252152E-01,-9.6592582628906809E-01,
   0.0000000000000000E+00));
#56350=AXIS2_PLACEMENT_3D('',#56320,#56330,#56340);
#56360=PLANE('',#56350);
#56370=ORIENTED_EDGE('',*,*,#55360,.T.);
#56380=CARTESIAN_POINT('',(-3.8579003587298203E+01,
   1.9228852824316114E+01,1.0000000000000004E+01));
#56390=DIRECTION('',(0.0000000000000000E+00,0.0000000000000000E+00,
   -1.0000000000000000E+00));
#56400=VECTOR('',#56390,1.0000000000000000E+00);
#56410=LINE('',#56380,#56400);
#56420=CARTESIAN_POINT('',(-3.8579003587298210E+01,
   1.9228852824316121E+01,8.6250000000000071E+00));
#56430=VERTEX_POINT('',#56420);
#56440=EDGE_CURVE('',#55270,#56430,#56410,.T.);
#56450=ORIENTED_EDGE('',*,*,#56440,.F.);
#56460=CARTESIAN_POINT('',(-3.3426648001645773E+01,
   0.0000000000000000E+00,1.0569285126661310E+01));
#56470=DIRECTION('',(-2.5759337550319977E-01,9.6135156507110675E-01,
   -9.7205047359698329E-02));
#56480=VECTOR('',#56470,1.0000000000000000E+00);
#56490=LINE('',#56460,#56480);
#56500=CARTESIAN_POINT('',(-3.8876268972941219E+01,
   2.0338262346867381E+01,8.5128243827762304E+00));
#56510=VERTEX_POINT('',#56500);
#56520=EDGE_CURVE('',#56430,#56510,#56490,.T.);
#56530=ORIENTED_EDGE('',*,*,#56520,.F.);
#56540=CARTESIAN_POINT('',(-3.8876268972941219E+01,
   2.0338262346867381E+01,1.0000000000000004E+01));
#56550=DIRECTION('',(0.0000000000000000E+00,0.0000000000000000E+00,
   1.0000000000000000E+00));
#56560=VECTOR('',#56550,1.0000000000000000E+00);
#56570=LINE('',#56540,#56560);
#56580=EDGE_CURVE('',#56510,#55350,#56570,.T.);
#56590=ORIENTED_EDGE('',*,*,#56580,.F.);
#56600=EDGE_LOOP('',(#56590,#56530,#56450,#56370));
#56610=FACE_OUTER_BOUND('',#56600,.T.);
#56620=ADVANCED_FACE('',(#56610),#56360,.F.);
#56630=COLOUR_RGB('',5.0196081399917603E-01,1.0000000000000000E+00,
   5.0196081399917603E-01);
#56640=FILL_AREA_STYLE_COLOUR('',#56630);
#56650=FILL_AREA_STYLE('',(#56640));
#56660=SURFACE_STYLE_FILL_AREA(#56650);
#56670=SURFACE_SIDE_STYLE('',(#56660));
#56680=SURFACE_STYLE_USAGE(.BOTH.,#56670);
#56690=PRESENTATION_STYLE_ASSIGNMENT((#56680));
#56700=CARTESIAN_POINT('',(-3.8194003587298212E+01,
   1.9228852824316121E+01,1.0000000000000004E+01));
#56710=DIRECTION('',(-0.0000000000000000E+00,1.0000000000000000E+00,
   0.0000000000000000E+00));
#56720=DIRECTION('',(1.0000000000000000E+00,0.0000000000000000E+00,
   0.0000000000000000E+00));
#56730=AXIS2_PLACEMENT_3D('',#56700,#56710,#56720);
#56740=PLANE('',#56730);
#56750=ORIENTED_EDGE('',*,*,#56190,.F.);
#56760=ORIENTED_EDGE('',*,*,#55960,.F.);
#56770=CARTESIAN_POINT('',(0.0000000000000000E+00,1.9228852824316121E+01
   ,8.6250000000000053E+00));
#56780=DIRECTION('',(-1.0000000000000000E+00,0.0000000000000000E+00,
   0.0000000000000000E+00));
#56790=VECTOR('',#56780,1.0000000000000000E+00);
#56800=LINE('',#56770,#56790);
#56810=EDGE_CURVE('',#55890,#56430,#56800,.T.);
#56820=ORIENTED_EDGE('',*,*,#56810,.F.);
#56830=ORIENTED_EDGE('',*,*,#56440,.T.);
#56840=EDGE_LOOP('',(#56830,#56820,#56760,#56750));
#56850=FACE_OUTER_BOUND('',#56840,.T.);
#56860=ADVANCED_FACE('',(#56850),#56740,.F.);
#56870=COLOUR_RGB('',5.0196081399917603E-01,1.0000000000000000E+00,
   5.0196081399917603E-01);
#56880=FILL_AREA_STYLE_COLOUR('',#56870);
#56890=FILL_AREA_STYLE('',(#56880));
#56900=SURFACE_STYLE_FILL_AREA(#56890);
#56910=SURFACE_SIDE_STYLE('',(#56900));
#56920=SURFACE_STYLE_USAGE(.BOTH.,#56910);
#56930=PRESENTATION_STYLE_ASSIGNMENT((#56920));
#56940=CARTESIAN_POINT('',(0.0000000000000000E+00,0.0000000000000000E+00
   ,8.6250000000000036E+00));
#56950=DIRECTION('',(0.0000000000000000E+00,0.0000000000000000E+00,
   1.0000000000000000E+00));
#56960=DIRECTION('',(1.0000000000000000E+00,0.0000000000000000E+00,
   0.0000000000000000E+00));
#56970=AXIS2_PLACEMENT_3D('',#56940,#56950,#56960);
#56980=PLANE('',#56970);
#56990=ORIENTED_EDGE('',*,*,#56810,.T.);
#57000=ORIENTED_EDGE('',*,*,#55900,.T.);
#57010=ORIENTED_EDGE('',*,*,#37290,.T.);
#57020=CARTESIAN_POINT('',(-3.8579003587298217E+01,
   0.0000000000000000E+00,8.6250000000000036E+00));
#57030=DIRECTION('',(0.0000000000000000E+00,1.0000000000000000E+00,
   0.0000000000000000E+00));
#57040=VECTOR('',#57030,1.0000000000000000E+00);
#57050=LINE('',#57020,#57040);
#57060=EDGE_CURVE('',#37260,#56430,#57050,.T.);
#57070=ORIENTED_EDGE('',*,*,#57060,.F.);
#57080=EDGE_LOOP('',(#57070,#57010,#57000,#56990));
#57090=FACE_OUTER_BOUND('',#57080,.T.);
#57100=ADVANCED_FACE('',(#57090),#56980,.T.);
#57110=COLOUR_RGB('',5.0196081399917603E-01,1.0000000000000000E+00,
   5.0196081399917603E-01);
#57120=FILL_AREA_STYLE_COLOUR('',#57110);
#57130=FILL_AREA_STYLE('',(#57120));
#57140=SURFACE_STYLE_FILL_AREA(#57130);
#57150=SURFACE_SIDE_STYLE('',(#57140));
#57160=SURFACE_STYLE_USAGE(.BOTH.,#57150);
#57170=PRESENTATION_STYLE_ASSIGNMENT((#57160));
#57180=CARTESIAN_POINT('',(-3.9904003587298213E+01,
   1.7278852824316125E+01,8.1250000000000053E+00));
#57190=DIRECTION('',(3.5305725243424335E-01,0.0000000000000000E+00,
   -9.3560171895074196E-01));
#57200=DIRECTION('',(-9.3560171895074196E-01,0.0000000000000000E+00,
   -3.5305725243424335E-01));
#57210=AXIS2_PLACEMENT_3D('',#57180,#57190,#57200);
#57220=PLANE('',#57210);
#57230=ORIENTED_EDGE('',*,*,#10920,.F.);
#57240=CARTESIAN_POINT('',(-3.9359231886085752E+01,
   2.0208852824316125E+01,8.3305742268726330E+00));
#57250=DIRECTION('',(3.5305725243424335E-01,0.0000000000000000E+00,
   -9.3560171895074196E-01));
#57260=DIRECTION('',(-9.3560171895074185E-01,0.0000000000000000E+00,
   -3.5305725243424330E-01));
#57270=AXIS2_PLACEMENT_3D('',#57240,#57250,#57260);
#57280=ELLIPSE('',#57270,5.3441543540635905E-01,4.9999999999999867E-01);
#57290=EDGE_CURVE('',#10910,#56510,#57280,.T.);
#57300=ORIENTED_EDGE('',*,*,#57290,.F.);
#57310=ORIENTED_EDGE('',*,*,#56520,.T.);
#57320=ORIENTED_EDGE('',*,*,#57060,.T.);
#57330=CARTESIAN_POINT('',(0.0000000000000000E+00,4.4292161952761923E+01
   ,2.3183114561244661E+01));
#57340=DIRECTION('',(-7.8261493238007862E-01,-5.4799287516801631E-01,
   -2.9532638957738910E-01));
#57350=VECTOR('',#57340,1.0000000000000000E+00);
#57360=LINE('',#57330,#57350);
#57370=CARTESIAN_POINT('',(-3.9904003587298213E+01,
   1.6351077836188253E+01,8.1250000000000053E+00));
#57380=VERTEX_POINT('',#57370);
#57390=EDGE_CURVE('',#37260,#57380,#57360,.T.);
#57400=ORIENTED_EDGE('',*,*,#57390,.F.);
#57410=CARTESIAN_POINT('',(-3.9904003587298213E+01,
   0.0000000000000000E+00,8.1250000000000053E+00));
#57420=DIRECTION('',(0.0000000000000000E+00,1.0000000000000000E+00,
   0.0000000000000000E+00));
#57430=VECTOR('',#57420,1.0000000000000000E+00);
#57440=LINE('',#57410,#57430);
#57450=EDGE_CURVE('',#57380,#10890,#57440,.T.);
#57460=ORIENTED_EDGE('',*,*,#57450,.F.);
#57470=EDGE_LOOP('',(#57460,#57400,#57320,#57310,#57300,#57230));
#57480=FACE_OUTER_BOUND('',#57470,.T.);
#57490=ADVANCED_FACE('',(#57480),#57220,.F.);
#57500=COLOUR_RGB('',5.0196081399917603E-01,1.0000000000000000E+00,
   5.0196081399917603E-01);
#57510=FILL_AREA_STYLE_COLOUR('',#57500);
#57520=FILL_AREA_STYLE('',(#57510));
#57530=SURFACE_STYLE_FILL_AREA(#57520);
#57540=SURFACE_SIDE_STYLE('',(#57530));
#57550=SURFACE_STYLE_USAGE(.BOTH.,#57540);
#57560=PRESENTATION_STYLE_ASSIGNMENT((#57550));
#57570=CARTESIAN_POINT('',(-3.5854003587298216E+01,
   1.5508852824316122E+01,1.5000000000000004E+01));
#57580=DIRECTION('',(0.0000000000000000E+00,-1.0000000000000000E+00,
   0.0000000000000000E+00));
#57590=DIRECTION('',(1.0000000000000000E+00,0.0000000000000000E+00,
   0.0000000000000000E+00));
#57600=AXIS2_PLACEMENT_3D('',#57570,#57580,#57590);
#57610=CYLINDRICAL_SURFACE('',#57600,6.5000000000000002E-01);
#57620=CARTESIAN_POINT('',(-3.5204003587298217E+01,
   1.5508852824316122E+01,1.5000000000000004E+01));
#57630=DIRECTION('',(0.0000000000000000E+00,-1.0000000000000000E+00,
   0.0000000000000000E+00));
#57640=VECTOR('',#57630,1.0000000000000000E+00);
#57650=LINE('',#57620,#57640);
#57660=CARTESIAN_POINT('',(-3.5204003587298217E+01,
   1.5508852824316122E+01,1.5000000000000004E+01));
#57670=VERTEX_POINT('',#57660);
#57680=EDGE_CURVE('',#57670,#52000,#57650,.T.);
#57690=ORIENTED_EDGE('',*,*,#57680,.F.);
#57700=CARTESIAN_POINT('',(-3.5854003587298216E+01,
   1.5008852824316122E+01,1.5000000000000004E+01));
#57710=DIRECTION('',(0.0000000000000000E+00,-1.0000000000000000E+00,
   0.0000000000000000E+00));
#57720=DIRECTION('',(1.0000000000000000E+00,0.0000000000000000E+00,
   0.0000000000000000E+00));
#57730=AXIS2_PLACEMENT_3D('',#57700,#57710,#57720);
#57740=CIRCLE('',#57730,6.5000000000000002E-01);
#57750=EDGE_CURVE('',#52000,#51790,#57740,.T.);
#57760=ORIENTED_EDGE('',*,*,#57750,.F.);
#57770=CARTESIAN_POINT('',(-3.6504003587298214E+01,
   1.5508852824316122E+01,1.5000000000000004E+01));
#57780=DIRECTION('',(0.0000000000000000E+00,-1.0000000000000000E+00,
   0.0000000000000000E+00));
#57790=VECTOR('',#57780,1.0000000000000000E+00);
#57800=LINE('',#57770,#57790);
#57810=CARTESIAN_POINT('',(-3.6504003587298214E+01,
   1.5508852824316122E+01,1.5000000000000004E+01));
#57820=VERTEX_POINT('',#57810);
#57830=EDGE_CURVE('',#57820,#51790,#57800,.T.);
#57840=ORIENTED_EDGE('',*,*,#57830,.T.);
#57850=CARTESIAN_POINT('',(-3.5854003587298216E+01,
   1.5508852824316122E+01,1.5000000000000004E+01));
#57860=DIRECTION('',(0.0000000000000000E+00,-1.0000000000000000E+00,
   0.0000000000000000E+00));
#57870=DIRECTION('',(1.0000000000000000E+00,0.0000000000000000E+00,
   0.0000000000000000E+00));
#57880=AXIS2_PLACEMENT_3D('',#57850,#57860,#57870);
#57890=CIRCLE('',#57880,6.5000000000000002E-01);
#57900=EDGE_CURVE('',#57670,#57820,#57890,.T.);
#57910=ORIENTED_EDGE('',*,*,#57900,.T.);
#57920=EDGE_LOOP('',(#57910,#57840,#57760,#57690));
#57930=FACE_OUTER_BOUND('',#57920,.T.);
#57940=ADVANCED_FACE('',(#57930),#57610,.T.);
#57950=COLOUR_RGB('',9.4901967048645020E-01,9.4901967048645020E-01,
   1.0000000000000000E+00);
#57960=FILL_AREA_STYLE_COLOUR('',#57950);
#57970=FILL_AREA_STYLE('',(#57960));
#57980=SURFACE_STYLE_FILL_AREA(#57970);
#57990=SURFACE_SIDE_STYLE('',(#57980));
#58000=SURFACE_STYLE_USAGE(.BOTH.,#57990);
#58010=PRESENTATION_STYLE_ASSIGNMENT((#58000));
#58020=CARTESIAN_POINT('',(-3.9359231886085752E+01,
   2.0208852824316118E+01,1.0000000000000004E+01));
#58030=DIRECTION('',(0.0000000000000000E+00,0.0000000000000000E+00,
   1.0000000000000000E+00));
#58040=DIRECTION('',(1.0000000000000000E+00,0.0000000000000000E+00,
   0.0000000000000000E+00));
#58050=AXIS2_PLACEMENT_3D('',#58020,#58030,#58040);
#58060=CYLINDRICAL_SURFACE('',#58050,4.9999999999999878E-01);
#58070=ORIENTED_EDGE('',*,*,#55430,.T.);
#58080=ORIENTED_EDGE('',*,*,#56580,.T.);
#58090=ORIENTED_EDGE('',*,*,#57290,.T.);
#58100=ORIENTED_EDGE('',*,*,#11140,.T.);
#58110=EDGE_LOOP('',(#58100,#58090,#58080,#58070));
#58120=FACE_OUTER_BOUND('',#58110,.T.);
#58130=ADVANCED_FACE('',(#58120),#58060,.F.);
#58140=COLOUR_RGB('',5.0196081399917603E-01,1.0000000000000000E+00,
   5.0196081399917603E-01);
#58150=FILL_AREA_STYLE_COLOUR('',#58140);
#58160=FILL_AREA_STYLE('',(#58150));
#58170=SURFACE_STYLE_FILL_AREA(#58160);
#58180=SURFACE_SIDE_STYLE('',(#58170));
#58190=SURFACE_STYLE_USAGE(.BOTH.,#58180);
#58200=PRESENTATION_STYLE_ASSIGNMENT((#58190));
#58210=CARTESIAN_POINT('',(-3.8194003587298212E+01,
   1.9228852824316121E+01,1.5000000000000004E+01));
#58220=DIRECTION('',(-0.0000000000000000E+00,1.0000000000000000E+00,
   0.0000000000000000E+00));
#58230=DIRECTION('',(1.0000000000000000E+00,0.0000000000000000E+00,
   0.0000000000000000E+00));
#58240=AXIS2_PLACEMENT_3D('',#58210,#58220,#58230);
#58250=PLANE('',#58240);
#58260=CARTESIAN_POINT('',(0.0000000000000000E+00,1.9228852824316121E+01
   ,1.6375000000000000E+01));
#58270=DIRECTION('',(1.0000000000000000E+00,0.0000000000000000E+00,
   0.0000000000000000E+00));
#58280=VECTOR('',#58270,1.0000000000000000E+00);
#58290=LINE('',#58260,#58280);
#58300=EDGE_CURVE('',#45400,#44570,#58290,.T.);
#58310=ORIENTED_EDGE('',*,*,#58300,.F.);
#58320=ORIENTED_EDGE('',*,*,#44580,.F.);
#58330=CARTESIAN_POINT('',(0.0000000000000000E+00,1.9228852824316121E+01
   ,1.3625000000000005E+01));
#58340=DIRECTION('',(-1.0000000000000000E+00,0.0000000000000000E+00,
   0.0000000000000000E+00));
#58350=VECTOR('',#58340,1.0000000000000000E+00);
#58360=LINE('',#58330,#58350);
#58370=CARTESIAN_POINT('',(-3.8579003587298210E+01,
   1.9228852824316121E+01,1.3625000000000007E+01));
#58380=VERTEX_POINT('',#58370);
#58390=EDGE_CURVE('',#44490,#58380,#58360,.T.);
#58400=ORIENTED_EDGE('',*,*,#58390,.F.);
#58410=CARTESIAN_POINT('',(-3.8579003587298203E+01,
   1.9228852824316114E+01,1.5000000000000004E+01));
#58420=DIRECTION('',(0.0000000000000000E+00,0.0000000000000000E+00,
   -1.0000000000000000E+00));
#58430=VECTOR('',#58420,1.0000000000000000E+00);
#58440=LINE('',#58410,#58430);
#58450=EDGE_CURVE('',#45400,#58380,#58440,.T.);
#58460=ORIENTED_EDGE('',*,*,#58450,.T.);
#58470=EDGE_LOOP('',(#58460,#58400,#58320,#58310));
#58480=FACE_OUTER_BOUND('',#58470,.T.);
#58490=ADVANCED_FACE('',(#58480),#58250,.F.);
#58500=COLOUR_RGB('',5.0196081399917603E-01,1.0000000000000000E+00,
   5.0196081399917603E-01);
#58510=FILL_AREA_STYLE_COLOUR('',#58500);
#58520=FILL_AREA_STYLE('',(#58510));
#58530=SURFACE_STYLE_FILL_AREA(#58520);
#58540=SURFACE_SIDE_STYLE('',(#58530));
#58550=SURFACE_STYLE_USAGE(.BOTH.,#58540);
#58560=PRESENTATION_STYLE_ASSIGNMENT((#58550));
#58570=CARTESIAN_POINT('',(-3.8194003587298212E+01,
   1.7278852824316125E+01,1.5000000000000004E+01));
#58580=DIRECTION('',(-0.0000000000000000E+00,-1.0000000000000000E+00,
   -0.0000000000000000E+00));
#58590=DIRECTION('',(-1.0000000000000000E+00,0.0000000000000000E+00,
   0.0000000000000000E+00));
#58600=AXIS2_PLACEMENT_3D('',#58570,#58580,#58590);
#58610=PLANE('',#58600);
#58620=CARTESIAN_POINT('',(0.0000000000000000E+00,1.7278852824316125E+01
   ,1.6375000000000000E+01));
#58630=DIRECTION('',(-1.0000000000000000E+00,0.0000000000000000E+00,
   0.0000000000000000E+00));
#58640=VECTOR('',#58630,1.0000000000000000E+00);
#58650=LINE('',#58620,#58640);
#58660=EDGE_CURVE('',#44650,#45380,#58650,.T.);
#58670=ORIENTED_EDGE('',*,*,#58660,.F.);
#58680=CARTESIAN_POINT('',(-3.8579003587298210E+01,
   1.7278852824316125E+01,1.5000000000000004E+01));
#58690=DIRECTION('',(0.0000000000000000E+00,0.0000000000000000E+00,
   1.0000000000000000E+00));
#58700=VECTOR('',#58690,1.0000000000000000E+00);
#58710=LINE('',#58680,#58700);
#58720=CARTESIAN_POINT('',(-3.8579003587298210E+01,
   1.7278852824316125E+01,1.3625000000000005E+01));
#58730=VERTEX_POINT('',#58720);
#58740=EDGE_CURVE('',#58730,#45380,#58710,.T.);
#58750=ORIENTED_EDGE('',*,*,#58740,.T.);
#58760=CARTESIAN_POINT('',(0.0000000000000000E+00,1.7278852824316125E+01
   ,1.3625000000000005E+01));
#58770=DIRECTION('',(1.0000000000000000E+00,0.0000000000000000E+00,
   0.0000000000000000E+00));
#58780=VECTOR('',#58770,1.0000000000000000E+00);
#58790=LINE('',#58760,#58780);
#58800=EDGE_CURVE('',#58730,#44470,#58790,.T.);
#58810=ORIENTED_EDGE('',*,*,#58800,.F.);
#58820=ORIENTED_EDGE('',*,*,#44720,.F.);
#58830=EDGE_LOOP('',(#58820,#58810,#58750,#58670));
#58840=FACE_OUTER_BOUND('',#58830,.T.);
#58850=ADVANCED_FACE('',(#58840),#58610,.F.);
#58860=COLOUR_RGB('',5.0196081399917603E-01,1.0000000000000000E+00,
   5.0196081399917603E-01);
#58870=FILL_AREA_STYLE_COLOUR('',#58860);
#58880=FILL_AREA_STYLE('',(#58870));
#58890=SURFACE_STYLE_FILL_AREA(#58880);
#58900=SURFACE_SIDE_STYLE('',(#58890));
#58910=SURFACE_STYLE_USAGE(.BOTH.,#58900);
#58920=PRESENTATION_STYLE_ASSIGNMENT((#58910));
#58930=CARTESIAN_POINT('',(-3.6122820727760129E+01,
   1.5008852824316122E+01,4.3292401152689752E+00));
#58940=DIRECTION('',(0.0000000000000000E+00,-1.0000000000000000E+00,
   0.0000000000000000E+00));
#58950=DIRECTION('',(1.0000000000000000E+00,0.0000000000000000E+00,
   0.0000000000000000E+00));
#58960=AXIS2_PLACEMENT_3D('',#58930,#58940,#58950);
#58970=PLANE('',#58960);
#58980=CARTESIAN_POINT('',(-8.8925674828030196E+01,
   1.5008852824316122E+01,1.0000000000000004E+01));
#58990=DIRECTION('',(1.0000000000000000E+00,0.0000000000000000E+00,
   0.0000000000000000E+00));
#59000=VECTOR('',#58990,1.0000000000000000E+00);
#59010=LINE('',#58980,#59000);
#59020=CARTESIAN_POINT('',(-3.6104003587298216E+01,
   1.5008852824316122E+01,1.0000000000000004E+01));
#59030=VERTEX_POINT('',#59020);
#59040=EDGE_CURVE('',#49440,#59030,#59010,.T.);
#59050=ORIENTED_EDGE('',*,*,#59040,.F.);
#59060=CARTESIAN_POINT('',(-3.6104003587298216E+01,
   1.5008852824316122E+01,1.0000000000000004E+01));
#59070=DIRECTION('',(0.0000000000000000E+00,0.0000000000000000E+00,
   -1.0000000000000000E+00));
#59080=VECTOR('',#59070,1.0000000000000000E+00);
#59090=LINE('',#59060,#59080);
#59100=EDGE_CURVE('',#59030,#54470,#59090,.T.);
#59110=ORIENTED_EDGE('',*,*,#59100,.F.);
#59120=ORIENTED_EDGE('',*,*,#54630,.F.);
#59130=ORIENTED_EDGE('',*,*,#52700,.F.);
#59140=EDGE_CURVE('',#52610,#49270,#59010,.T.);
#59150=ORIENTED_EDGE('',*,*,#59140,.F.);
#59160=ORIENTED_EDGE('',*,*,#49520,.T.);
#59170=EDGE_LOOP('',(#59160,#59150,#59130,#59120,#59110,#59050));
#59180=FACE_OUTER_BOUND('',#59170,.T.);
#59190=ADVANCED_FACE('',(#59180),#58970,.T.);
#59200=COLOUR_RGB('',9.4901967048645020E-01,9.4901967048645020E-01,
   1.0000000000000000E+00);
#59210=FILL_AREA_STYLE_COLOUR('',#59200);
#59220=FILL_AREA_STYLE('',(#59210));
#59230=SURFACE_STYLE_FILL_AREA(#59220);
#59240=SURFACE_SIDE_STYLE('',(#59230));
#59250=SURFACE_STYLE_USAGE(.BOTH.,#59240);
#59260=PRESENTATION_STYLE_ASSIGNMENT((#59250));
#59270=CARTESIAN_POINT('',(-3.5854003587298216E+01,
   1.5508852824316122E+01,5.0000000000000036E+00));
#59280=DIRECTION('',(0.0000000000000000E+00,-1.0000000000000000E+00,
   0.0000000000000000E+00));
#59290=DIRECTION('',(1.0000000000000000E+00,0.0000000000000000E+00,
   0.0000000000000000E+00));
#59300=AXIS2_PLACEMENT_3D('',#59270,#59280,#59290);
#59310=CYLINDRICAL_SURFACE('',#59300,6.5000000000000002E-01);
#59320=CARTESIAN_POINT('',(-3.6504003587298214E+01,
   1.5508852824316122E+01,5.0000000000000036E+00));
#59330=DIRECTION('',(0.0000000000000000E+00,-1.0000000000000000E+00,
   0.0000000000000000E+00));
#59340=VECTOR('',#59330,1.0000000000000000E+00);
#59350=LINE('',#59320,#59340);
#59360=CARTESIAN_POINT('',(-3.6504003587298214E+01,
   1.5508852824316122E+01,5.0000000000000036E+00));
#59370=VERTEX_POINT('',#59360);
#59380=EDGE_CURVE('',#59370,#44940,#59350,.T.);
#59390=ORIENTED_EDGE('',*,*,#59380,.T.);
#59400=CARTESIAN_POINT('',(-3.5854003587298216E+01,
   1.5508852824316122E+01,5.0000000000000000E+00));
#59410=DIRECTION('',(0.0000000000000000E+00,-1.0000000000000000E+00,
   0.0000000000000000E+00));
#59420=DIRECTION('',(1.0000000000000000E+00,0.0000000000000000E+00,
   0.0000000000000000E+00));
#59430=AXIS2_PLACEMENT_3D('',#59400,#59410,#59420);
#59440=CIRCLE('',#59430,6.5000000000000002E-01);
#59450=CARTESIAN_POINT('',(-3.5204003587298217E+01,
   1.5508852824316122E+01,5.0000000000000036E+00));
#59460=VERTEX_POINT('',#59450);
#59470=EDGE_CURVE('',#59460,#59370,#59440,.T.);
#59480=ORIENTED_EDGE('',*,*,#59470,.T.);
#59490=CARTESIAN_POINT('',(-3.5204003587298217E+01,
   1.5508852824316122E+01,5.0000000000000036E+00));
#59500=DIRECTION('',(0.0000000000000000E+00,-1.0000000000000000E+00,
   0.0000000000000000E+00));
#59510=VECTOR('',#59500,1.0000000000000000E+00);
#59520=LINE('',#59490,#59510);
#59530=EDGE_CURVE('',#59460,#45080,#59520,.T.);
#59540=ORIENTED_EDGE('',*,*,#59530,.F.);
#59550=CARTESIAN_POINT('',(-3.5854003587298216E+01,
   1.5008852824316122E+01,5.0000000000000036E+00));
#59560=DIRECTION('',(0.0000000000000000E+00,-1.0000000000000000E+00,
   0.0000000000000000E+00));
#59570=DIRECTION('',(1.0000000000000000E+00,0.0000000000000000E+00,
   0.0000000000000000E+00));
#59580=AXIS2_PLACEMENT_3D('',#59550,#59560,#59570);
#59590=CIRCLE('',#59580,6.5000000000000002E-01);
#59600=EDGE_CURVE('',#45080,#44940,#59590,.T.);
#59610=ORIENTED_EDGE('',*,*,#59600,.F.);
#59620=EDGE_LOOP('',(#59610,#59540,#59480,#59390));
#59630=FACE_OUTER_BOUND('',#59620,.T.);
#59640=ADVANCED_FACE('',(#59630),#59310,.T.);
#59650=COLOUR_RGB('',9.4901967048645020E-01,9.4901967048645020E-01,
   1.0000000000000000E+00);
#59660=FILL_AREA_STYLE_COLOUR('',#59650);
#59670=FILL_AREA_STYLE('',(#59660));
#59680=SURFACE_STYLE_FILL_AREA(#59670);
#59690=SURFACE_SIDE_STYLE('',(#59680));
#59700=SURFACE_STYLE_USAGE(.BOTH.,#59690);
#59710=PRESENTATION_STYLE_ASSIGNMENT((#59700));
#59720=CARTESIAN_POINT('',(-3.6122820727760129E+01,
   1.5008852824316122E+01,4.3292401152689752E+00));
#59730=DIRECTION('',(0.0000000000000000E+00,-1.0000000000000000E+00,
   0.0000000000000000E+00));
#59740=DIRECTION('',(1.0000000000000000E+00,0.0000000000000000E+00,
   0.0000000000000000E+00));
#59750=AXIS2_PLACEMENT_3D('',#59720,#59730,#59740);
#59760=PLANE('',#59750);
#59770=CARTESIAN_POINT('',(-8.8925674828030196E+01,
   1.5008852824316122E+01,5.5000000000000036E+00));
#59780=DIRECTION('',(-1.0000000000000000E+00,0.0000000000000000E+00,
   0.0000000000000000E+00));
#59790=VECTOR('',#59780,1.0000000000000000E+00);
#59800=LINE('',#59770,#59790);
#59810=CARTESIAN_POINT('',(-3.5604003587298216E+01,
   1.5008852824316122E+01,5.5000000000000036E+00));
#59820=VERTEX_POINT('',#59810);
#59830=EDGE_CURVE('',#59820,#23320,#59800,.T.);
#59840=ORIENTED_EDGE('',*,*,#59830,.F.);
#59850=ORIENTED_EDGE('',*,*,#23350,.F.);
#59860=ORIENTED_EDGE('',*,*,#44950,.T.);
#59870=ORIENTED_EDGE('',*,*,#59600,.T.);
#59880=ORIENTED_EDGE('',*,*,#45090,.T.);
#59890=CARTESIAN_POINT('',(-3.5604003587298216E+01,
   1.5008852824316122E+01,1.0000000000000004E+01));
#59900=DIRECTION('',(0.0000000000000000E+00,0.0000000000000000E+00,
   1.0000000000000000E+00));
#59910=VECTOR('',#59900,1.0000000000000000E+00);
#59920=LINE('',#59890,#59910);
#59930=EDGE_CURVE('',#45040,#59820,#59920,.T.);
#59940=ORIENTED_EDGE('',*,*,#59930,.F.);
#59950=EDGE_LOOP('',(#59940,#59880,#59870,#59860,#59850,#59840));
#59960=FACE_OUTER_BOUND('',#59950,.T.);
#59970=ADVANCED_FACE('',(#59960),#59760,.T.);
#59980=COLOUR_RGB('',9.4901967048645020E-01,9.4901967048645020E-01,
   1.0000000000000000E+00);
#59990=FILL_AREA_STYLE_COLOUR('',#59980);
#60000=FILL_AREA_STYLE('',(#59990));
#60010=SURFACE_STYLE_FILL_AREA(#60000);
#60020=SURFACE_SIDE_STYLE('',(#60010));
#60030=SURFACE_STYLE_USAGE(.BOTH.,#60020);
#60040=PRESENTATION_STYLE_ASSIGNMENT((#60030));
#60050=EDGE_CURVE('',#26050,#33890,#33870,.T.);
#60060=ORIENTED_EDGE('',*,*,#60050,.F.);
#60070=ORIENTED_EDGE('',*,*,#50620,.F.);
#60080=ORIENTED_EDGE('',*,*,#36770,.T.);
#60090=ORIENTED_EDGE('',*,*,#26140,.F.);
#60100=EDGE_LOOP('',(#60090,#60080,#60070,#60060));
#60110=FACE_OUTER_BOUND('',#60100,.T.);
#60120=ADVANCED_FACE('',(#60110),#50530,.T.);
#60130=COLOUR_RGB('',9.4901967048645020E-01,9.4901967048645020E-01,
   1.0000000000000000E+00);
#60140=FILL_AREA_STYLE_COLOUR('',#60130);
#60150=FILL_AREA_STYLE('',(#60140));
#60160=SURFACE_STYLE_FILL_AREA(#60150);
#60170=SURFACE_SIDE_STYLE('',(#60160));
#60180=SURFACE_STYLE_USAGE(.BOTH.,#60170);
#60190=PRESENTATION_STYLE_ASSIGNMENT((#60180));
#60200=CARTESIAN_POINT('',(-3.6104003587298216E+01,
   1.5008852824316122E+01,5.5000000000000036E+00));
#60210=DIRECTION('',(0.0000000000000000E+00,0.0000000000000000E+00,
   1.0000000000000000E+00));
#60220=DIRECTION('',(1.0000000000000000E+00,0.0000000000000000E+00,
   0.0000000000000000E+00));
#60230=AXIS2_PLACEMENT_3D('',#60200,#60210,#60220);
#60240=PLANE('',#60230);
#60250=CARTESIAN_POINT('',(-3.5604003587298216E+01,
   1.5008852824316122E+01,5.5000000000000036E+00));
#60260=DIRECTION('',(0.0000000000000000E+00,-1.0000000000000000E+00,
   0.0000000000000000E+00));
#60270=VECTOR('',#60260,1.0000000000000000E+00);
#60280=LINE('',#60250,#60270);
#60290=CARTESIAN_POINT('',(-3.5604003587298216E+01,
   1.3008852824316122E+01,5.5000000000000036E+00));
#60300=VERTEX_POINT('',#60290);
#60310=EDGE_CURVE('',#59820,#60300,#60280,.T.);
#60320=ORIENTED_EDGE('',*,*,#60310,.F.);
#60330=CARTESIAN_POINT('',(-8.8925674828030196E+01,
   1.3008852824316122E+01,5.5000000000000036E+00));
#60340=DIRECTION('',(-1.0000000000000000E+00,0.0000000000000000E+00,
   0.0000000000000000E+00));
#60350=VECTOR('',#60340,1.0000000000000000E+00);
#60360=LINE('',#60330,#60350);
#60370=EDGE_CURVE('',#60300,#23420,#60360,.T.);
#60380=ORIENTED_EDGE('',*,*,#60370,.F.);
#60390=ORIENTED_EDGE('',*,*,#23430,.T.);
#60400=ORIENTED_EDGE('',*,*,#59830,.T.);
#60410=EDGE_LOOP('',(#60400,#60390,#60380,#60320));
#60420=FACE_OUTER_BOUND('',#60410,.T.);
#60430=ADVANCED_FACE('',(#60420),#60240,.T.);
#60440=COLOUR_RGB('',9.4901967048645020E-01,9.4901967048645020E-01,
   1.0000000000000000E+00);
#60450=FILL_AREA_STYLE_COLOUR('',#60440);
#60460=FILL_AREA_STYLE('',(#60450));
#60470=SURFACE_STYLE_FILL_AREA(#60460);
#60480=SURFACE_SIDE_STYLE('',(#60470));
#60490=SURFACE_STYLE_USAGE(.BOTH.,#60480);
#60500=PRESENTATION_STYLE_ASSIGNMENT((#60490));
#60510=CARTESIAN_POINT('',(-3.5604003587298216E+01,
   1.5008852824316122E+01,5.5000000000000036E+00));
#60520=DIRECTION('',(1.0000000000000000E+00,-0.0000000000000000E+00,
   0.0000000000000000E+00));
#60530=DIRECTION('',(0.0000000000000000E+00,0.0000000000000000E+00,
   -1.0000000000000000E+00));
#60540=AXIS2_PLACEMENT_3D('',#60510,#60520,#60530);
#60550=PLANE('',#60540);
#60560=ORIENTED_EDGE('',*,*,#45050,.T.);
#60570=ORIENTED_EDGE('',*,*,#39360,.F.);
#60580=ORIENTED_EDGE('',*,*,#39840,.T.);
#60590=CARTESIAN_POINT('',(-3.5604003587298216E+01,
   1.2008852824316122E+01,4.5000000000000036E+00));
#60600=DIRECTION('',(0.0000000000000000E+00,0.0000000000000000E+00,
   1.0000000000000000E+00));
#60610=VECTOR('',#60600,1.0000000000000000E+00);
#60620=LINE('',#60590,#60610);
#60630=CARTESIAN_POINT('',(-3.5604003587298216E+01,
   1.2008852824316129E+01,5.2320508075688821E+00));
#60640=VERTEX_POINT('',#60630);
#60650=EDGE_CURVE('',#39830,#60640,#60620,.T.);
#60660=ORIENTED_EDGE('',*,*,#60650,.F.);
#60670=CARTESIAN_POINT('',(-3.5604003587298216E+01,
   -2.6716239164827719E+01,-5.1443063177431370E+00));
#60680=DIRECTION('',(0.0000000000000000E+00,9.6592582628906842E-01,
   2.5881904510252046E-01));
#60690=VECTOR('',#60680,1.0000000000000000E+00);
#60700=LINE('',#60670,#60690);
#60710=EDGE_CURVE('',#60640,#60300,#60700,.T.);
#60720=ORIENTED_EDGE('',*,*,#60710,.F.);
#60730=ORIENTED_EDGE('',*,*,#60310,.T.);
#60740=ORIENTED_EDGE('',*,*,#59930,.T.);
#60750=EDGE_LOOP('',(#60740,#60730,#60720,#60660,#60580,#60570,#60560));
#60760=FACE_OUTER_BOUND('',#60750,.T.);
#60770=ADVANCED_FACE('',(#60760),#60550,.T.);
#60780=COLOUR_RGB('',9.4901967048645020E-01,9.4901967048645020E-01,
   1.0000000000000000E+00);
#60790=FILL_AREA_STYLE_COLOUR('',#60780);
#60800=FILL_AREA_STYLE('',(#60790));
#60810=SURFACE_STYLE_FILL_AREA(#60800);
#60820=SURFACE_SIDE_STYLE('',(#60810));
#60830=SURFACE_STYLE_USAGE(.BOTH.,#60820);
#60840=PRESENTATION_STYLE_ASSIGNMENT((#60830));
#60850=CARTESIAN_POINT('',(-3.6122820727760129E+01,
   1.2008852824316122E+01,4.3292401152689752E+00));
#60860=DIRECTION('',(0.0000000000000000E+00,-1.0000000000000000E+00,
   0.0000000000000000E+00));
#60870=DIRECTION('',(1.0000000000000000E+00,0.0000000000000000E+00,
   0.0000000000000000E+00));
#60880=AXIS2_PLACEMENT_3D('',#60850,#60860,#60870);
#60890=PLANE('',#60880);
#60900=ORIENTED_EDGE('',*,*,#60650,.T.);
#60910=ORIENTED_EDGE('',*,*,#39920,.T.);
#60920=ORIENTED_EDGE('',*,*,#23590,.T.);
#60930=CARTESIAN_POINT('',(-8.8925674828030196E+01,
   1.2008852824316122E+01,5.2320508075688821E+00));
#60940=DIRECTION('',(1.0000000000000000E+00,0.0000000000000000E+00,
   0.0000000000000000E+00));
#60950=VECTOR('',#60940,1.0000000000000000E+00);
#60960=LINE('',#60930,#60950);
#60970=EDGE_CURVE('',#23500,#60640,#60960,.T.);
#60980=ORIENTED_EDGE('',*,*,#60970,.F.);
#60990=EDGE_LOOP('',(#60980,#60920,#60910,#60900));
#61000=FACE_OUTER_BOUND('',#60990,.T.);
#61010=ADVANCED_FACE('',(#61000),#60890,.T.);
#61020=COLOUR_RGB('',9.4901967048645020E-01,9.4901967048645020E-01,
   1.0000000000000000E+00);
#61030=FILL_AREA_STYLE_COLOUR('',#61020);
#61040=FILL_AREA_STYLE('',(#61030));
#61050=SURFACE_STYLE_FILL_AREA(#61040);
#61060=SURFACE_SIDE_STYLE('',(#61050));
#61070=SURFACE_STYLE_USAGE(.BOTH.,#61060);
#61080=PRESENTATION_STYLE_ASSIGNMENT((#61070));
#61090=CARTESIAN_POINT('',(-3.5854003587298216E+01,
   1.2508852824316122E+01,5.3660254037844428E+00));
#61100=DIRECTION('',(0.0000000000000000E+00,-2.5881904510252046E-01,
   9.6592582628906842E-01));
#61110=DIRECTION('',(0.0000000000000000E+00,9.6592582628906842E-01,
   2.5881904510252046E-01));
#61120=AXIS2_PLACEMENT_3D('',#61090,#61100,#61110);
#61130=PLANE('',#61120);
#61140=ORIENTED_EDGE('',*,*,#23510,.T.);
#61150=ORIENTED_EDGE('',*,*,#60370,.T.);
#61160=ORIENTED_EDGE('',*,*,#60710,.T.);
#61170=ORIENTED_EDGE('',*,*,#60970,.T.);
#61180=EDGE_LOOP('',(#61170,#61160,#61150,#61140));
#61190=FACE_OUTER_BOUND('',#61180,.T.);
#61200=ADVANCED_FACE('',(#61190),#61130,.T.);
#61210=COLOUR_RGB('',9.4901967048645020E-01,9.4901967048645020E-01,
   1.0000000000000000E+00);
#61220=FILL_AREA_STYLE_COLOUR('',#61210);
#61230=FILL_AREA_STYLE('',(#61220));
#61240=SURFACE_STYLE_FILL_AREA(#61230);
#61250=SURFACE_SIDE_STYLE('',(#61240));
#61260=SURFACE_STYLE_USAGE(.BOTH.,#61250);
#61270=PRESENTATION_STYLE_ASSIGNMENT((#61260));
#61280=EDGE_CURVE('',#18160,#25960,#26030,.T.);
#61290=ORIENTED_EDGE('',*,*,#61280,.T.);
#61300=ORIENTED_EDGE('',*,*,#18170,.T.);
#61310=ORIENTED_EDGE('',*,*,#39590,.T.);
#61320=ORIENTED_EDGE('',*,*,#33970,.T.);
#61330=ORIENTED_EDGE('',*,*,#60050,.T.);
#61340=ORIENTED_EDGE('',*,*,#26060,.T.);
#61350=EDGE_LOOP('',(#61340,#61330,#61320,#61310,#61300,#61290));
#61360=FACE_OUTER_BOUND('',#61350,.T.);
#61370=ADVANCED_FACE('',(#61360),#7910,.T.);
#61380=COLOUR_RGB('',9.4901967048645020E-01,9.4901967048645020E-01,
   1.0000000000000000E+00);
#61390=FILL_AREA_STYLE_COLOUR('',#61380);
#61400=FILL_AREA_STYLE('',(#61390));
#61410=SURFACE_STYLE_FILL_AREA(#61400);
#61420=SURFACE_SIDE_STYLE('',(#61410));
#61430=SURFACE_STYLE_USAGE(.BOTH.,#61420);
#61440=PRESENTATION_STYLE_ASSIGNMENT((#61430));
#61450=ORIENTED_EDGE('',*,*,#52220,.T.);
#61460=ORIENTED_EDGE('',*,*,#36840,.F.);
#61470=ORIENTED_EDGE('',*,*,#50560,.F.);
#61480=ORIENTED_EDGE('',*,*,#34610,.T.);
#61490=EDGE_LOOP('',(#61480,#61470,#61460,#61450));
#61500=FACE_OUTER_BOUND('',#61490,.T.);
#61510=ADVANCED_FACE('',(#61500),#36680,.T.);
#61520=COLOUR_RGB('',9.4901967048645020E-01,9.4901967048645020E-01,
   1.0000000000000000E+00);
#61530=FILL_AREA_STYLE_COLOUR('',#61520);
#61540=FILL_AREA_STYLE('',(#61530));
#61550=SURFACE_STYLE_FILL_AREA(#61540);
#61560=SURFACE_SIDE_STYLE('',(#61550));
#61570=SURFACE_STYLE_USAGE(.BOTH.,#61560);
#61580=PRESENTATION_STYLE_ASSIGNMENT((#61570));
#61590=CARTESIAN_POINT('',(-3.5581516213882892E+01,
   2.3538852824316109E+01,9.7525126265846858E+00));
#61600=DIRECTION('',(0.0000000000000000E+00,1.0000000000000000E+00,
   0.0000000000000000E+00));
#61610=DIRECTION('',(7.0710678118654746E-01,0.0000000000000000E+00,
   -7.0710678118654757E-01));
#61620=AXIS2_PLACEMENT_3D('',#61590,#61600,#61610);
#61630=PLANE('',#61620);
#61640=CARTESIAN_POINT('',(-8.8925674828030196E+01,
   2.3538852824316109E+01,-4.3591645987562615E+01));
#61650=DIRECTION('',(-7.0710678118654757E-01,0.0000000000000000E+00,
   -7.0710678118654746E-01));
#61660=VECTOR('',#61650,1.0000000000000000E+00);
#61670=LINE('',#61640,#61660);
#61680=CARTESIAN_POINT('',(-3.5214995679261598E+01,
   2.3538852824316109E+01,1.0119033161205870E+01));
#61690=VERTEX_POINT('',#61680);
#61700=EDGE_CURVE('',#61690,#49740,#61670,.T.);
#61710=ORIENTED_EDGE('',*,*,#61700,.T.);
#61720=CARTESIAN_POINT('',(-3.5854003587298216E+01,
   2.3538852824316109E+01,1.0000000000000004E+01));
#61730=DIRECTION('',(0.0000000000000000E+00,-1.0000000000000000E+00,
   0.0000000000000000E+00));
#61740=DIRECTION('',(1.0000000000000000E+00,0.0000000000000000E+00,
   0.0000000000000000E+00));
#61750=AXIS2_PLACEMENT_3D('',#61720,#61730,#61740);
#61760=CIRCLE('',#61750,6.5000000000000002E-01);
#61770=CARTESIAN_POINT('',(-3.5693983448967970E+01,
   2.3538852824316109E+01,1.0629994885160803E+01));
#61780=VERTEX_POINT('',#61770);
#61790=EDGE_CURVE('',#61690,#61780,#61760,.T.);
#61800=ORIENTED_EDGE('',*,*,#61790,.F.);
#61810=CARTESIAN_POINT('',(-8.8925674828030196E+01,
   2.3538852824316109E+01,-4.2601696493901414E+01));
#61820=DIRECTION('',(-7.0710678118654757E-01,0.0000000000000000E+00,
   -7.0710678118654746E-01));
#61830=VECTOR('',#61820,1.0000000000000000E+00);
#61840=LINE('',#61810,#61830);
#61850=EDGE_CURVE('',#61780,#49840,#61840,.T.);
#61860=ORIENTED_EDGE('',*,*,#61850,.F.);
#61870=ORIENTED_EDGE('',*,*,#49850,.T.);
#61880=EDGE_LOOP('',(#61870,#61860,#61800,#61710));
#61890=FACE_OUTER_BOUND('',#61880,.T.);
#61900=ADVANCED_FACE('',(#61890),#61630,.T.);
#61910=COLOUR_RGB('',9.4901967048645020E-01,9.4901967048645020E-01,
   1.0000000000000000E+00);
#61920=FILL_AREA_STYLE_COLOUR('',#61910);
#61930=FILL_AREA_STYLE('',(#61920));
#61940=SURFACE_STYLE_FILL_AREA(#61930);
#61950=SURFACE_SIDE_STYLE('',(#61940));
#61960=SURFACE_STYLE_USAGE(.BOTH.,#61950);
#61970=PRESENTATION_STYLE_ASSIGNMENT((#61960));
#61980=CARTESIAN_POINT('',(-3.5581516213882892E+01,
   2.3538852824316109E+01,9.7525126265846858E+00));
#61990=DIRECTION('',(-7.0710678118654746E-01,0.0000000000000000E+00,
   7.0710678118654757E-01));
#62000=DIRECTION('',(0.0000000000000000E+00,1.0000000000000000E+00,
   0.0000000000000000E+00));
#62010=AXIS2_PLACEMENT_3D('',#61980,#61990,#62000);
#62020=PLANE('',#62010);
#62030=CARTESIAN_POINT('',(-8.8925674828030196E+01,
   2.4538852824316116E+01,-4.3591645987562615E+01));
#62040=DIRECTION('',(7.0710678118654757E-01,0.0000000000000000E+00,
   7.0710678118654746E-01));
#62050=VECTOR('',#62040,1.0000000000000000E+00);
#62060=LINE('',#62030,#62050);
#62070=CARTESIAN_POINT('',(-3.5214995679261612E+01,
   2.4538852824316116E+01,1.0119033161205966E+01));
#62080=VERTEX_POINT('',#62070);
#62090=EDGE_CURVE('',#4230,#62080,#62060,.T.);
#62100=ORIENTED_EDGE('',*,*,#62090,.F.);
#62110=CARTESIAN_POINT('',(-3.5214995679261612E+01,
   3.5508852824316115E+01,1.0119033161205966E+01));
#62120=DIRECTION('',(0.0000000000000000E+00,-1.0000000000000000E+00,
   0.0000000000000000E+00));
#62130=VECTOR('',#62120,1.0000000000000000E+00);
#62140=LINE('',#62110,#62130);
#62150=EDGE_CURVE('',#62080,#61690,#62140,.T.);
#62160=ORIENTED_EDGE('',*,*,#62150,.F.);
#62170=ORIENTED_EDGE('',*,*,#61700,.F.);
#62180=ORIENTED_EDGE('',*,*,#50300,.T.);
#62190=EDGE_LOOP('',(#62180,#62170,#62160,#62100));
#62200=FACE_OUTER_BOUND('',#62190,.T.);
#62210=ADVANCED_FACE('',(#62200),#62020,.T.);
#62220=COLOUR_RGB('',9.4901967048645020E-01,9.4901967048645020E-01,
   1.0000000000000000E+00);
#62230=FILL_AREA_STYLE_COLOUR('',#62220);
#62240=FILL_AREA_STYLE('',(#62230));
#62250=SURFACE_STYLE_FILL_AREA(#62240);
#62260=SURFACE_SIDE_STYLE('',(#62250));
#62270=SURFACE_STYLE_USAGE(.BOTH.,#62260);
#62280=PRESENTATION_STYLE_ASSIGNMENT((#62270));
#62290=CARTESIAN_POINT('',(-3.6497744671345409E+01,
   2.4538852824316116E+01,1.0668741084047209E+01));
#62300=DIRECTION('',(0.0000000000000000E+00,1.0000000000000000E+00,
   0.0000000000000000E+00));
#62310=DIRECTION('',(7.0710678118654746E-01,0.0000000000000000E+00,
   -7.0710678118654757E-01));
#62320=AXIS2_PLACEMENT_3D('',#62290,#62300,#62310);
#62330=PLANE('',#62320);
#62340=CARTESIAN_POINT('',(-3.5854003587298216E+01,
   2.4538852824316116E+01,1.0000000000000004E+01));
#62350=DIRECTION('',(0.0000000000000000E+00,-1.0000000000000000E+00,
   0.0000000000000000E+00));
#62360=DIRECTION('',(1.0000000000000000E+00,0.0000000000000000E+00,
   0.0000000000000000E+00));
#62370=AXIS2_PLACEMENT_3D('',#62340,#62350,#62360);
#62380=CIRCLE('',#62370,6.5000000000000002E-01);
#62390=EDGE_CURVE('',#4210,#62080,#62380,.T.);
#62400=ORIENTED_EDGE('',*,*,#62390,.F.);
#62410=ORIENTED_EDGE('',*,*,#62090,.T.);
#62420=ORIENTED_EDGE('',*,*,#4240,.T.);
#62430=EDGE_LOOP('',(#62420,#62410,#62400));
#62440=FACE_OUTER_BOUND('',#62430,.T.);
#62450=ADVANCED_FACE('',(#62440),#62330,.T.);
#62460=COLOUR_RGB('',9.4901967048645020E-01,9.4901967048645020E-01,
   1.0000000000000000E+00);
#62470=FILL_AREA_STYLE_COLOUR('',#62460);
#62480=FILL_AREA_STYLE('',(#62470));
#62490=SURFACE_STYLE_FILL_AREA(#62480);
#62500=SURFACE_SIDE_STYLE('',(#62490));
#62510=SURFACE_STYLE_USAGE(.BOTH.,#62500);
#62520=PRESENTATION_STYLE_ASSIGNMENT((#62510));
#62530=CARTESIAN_POINT('',(-3.6076490960713485E+01,
   2.4538852824316109E+01,1.0247487373415286E+01));
#62540=DIRECTION('',(7.0710678118654746E-01,0.0000000000000000E+00,
   -7.0710678118654757E-01));
#62550=DIRECTION('',(0.0000000000000000E+00,-1.0000000000000000E+00,
   0.0000000000000000E+00));
#62560=AXIS2_PLACEMENT_3D('',#62530,#62540,#62550);
#62570=PLANE('',#62560);
#62580=EDGE_CURVE('',#48300,#53970,#48380,.T.);
#62590=ORIENTED_EDGE('',*,*,#62580,.F.);
#62600=ORIENTED_EDGE('',*,*,#54060,.T.);
#62610=ORIENTED_EDGE('',*,*,#61850,.T.);
#62620=CARTESIAN_POINT('',(-3.5693983448967970E+01,
   3.5508852824316115E+01,1.0629994885160803E+01));
#62630=DIRECTION('',(0.0000000000000000E+00,-1.0000000000000000E+00,
   0.0000000000000000E+00));
#62640=VECTOR('',#62630,1.0000000000000000E+00);
#62650=LINE('',#62620,#62640);
#62660=EDGE_CURVE('',#48300,#61780,#62650,.T.);
#62670=ORIENTED_EDGE('',*,*,#62660,.T.);
#62680=EDGE_LOOP('',(#62670,#62610,#62600,#62590));
#62690=FACE_OUTER_BOUND('',#62680,.T.);
#62700=ADVANCED_FACE('',(#62690),#62570,.T.);
#62710=COLOUR_RGB('',9.4901967048645020E-01,9.4901967048645020E-01,
   1.0000000000000000E+00);
#62720=FILL_AREA_STYLE_COLOUR('',#62710);
#62730=FILL_AREA_STYLE('',(#62720));
#62740=SURFACE_STYLE_FILL_AREA(#62730);
#62750=SURFACE_SIDE_STYLE('',(#62740));
#62760=SURFACE_STYLE_USAGE(.BOTH.,#62750);
#62770=PRESENTATION_STYLE_ASSIGNMENT((#62760));
#62780=CARTESIAN_POINT('',(-3.5829003587298210E+01,
   2.4373852824316117E+01,1.0000000000000004E+01));
#62790=DIRECTION('',(0.0000000000000000E+00,1.0000000000000000E+00,
   0.0000000000000000E+00));
#62800=DIRECTION('',(1.0000000000000000E+00,0.0000000000000000E+00,
   0.0000000000000000E+00));
#62810=AXIS2_PLACEMENT_3D('',#62780,#62790,#62800);
#62820=CYLINDRICAL_SURFACE('',#62810,1.9150000000000134E+00);
#62830=CARTESIAN_POINT('',(-3.3914003587298197E+01,
   2.4373852824316117E+01,1.0000000000000004E+01));
#62840=DIRECTION('',(0.0000000000000000E+00,1.0000000000000000E+00,
   0.0000000000000000E+00));
#62850=VECTOR('',#62840,1.0000000000000000E+00);
#62860=LINE('',#62830,#62850);
#62870=CARTESIAN_POINT('',(-3.3914003587298197E+01,
   2.3238852824316119E+01,1.0000000000000004E+01));
#62880=VERTEX_POINT('',#62870);
#62890=EDGE_CURVE('',#62880,#43820,#62860,.T.);
#62900=ORIENTED_EDGE('',*,*,#62890,.F.);
#62910=ORIENTED_EDGE('',*,*,#43830,.T.);
#62920=CARTESIAN_POINT('',(-3.7744003587298224E+01,
   2.4373852824316117E+01,1.0000000000000004E+01));
#62930=DIRECTION('',(0.0000000000000000E+00,1.0000000000000000E+00,
   0.0000000000000000E+00));
#62940=VECTOR('',#62930,1.0000000000000000E+00);
#62950=LINE('',#62920,#62940);
#62960=CARTESIAN_POINT('',(-3.7744003587298224E+01,
   2.3238852824316119E+01,1.0000000000000004E+01));
#62970=VERTEX_POINT('',#62960);
#62980=EDGE_CURVE('',#62970,#43800,#62950,.T.);
#62990=ORIENTED_EDGE('',*,*,#62980,.T.);
#63000=CARTESIAN_POINT('',(-3.5829003587298210E+01,
   2.3238852824316119E+01,1.0000000000000004E+01));
#63010=DIRECTION('',(0.0000000000000000E+00,1.0000000000000000E+00,
   0.0000000000000000E+00));
#63020=DIRECTION('',(1.0000000000000000E+00,0.0000000000000000E+00,
   0.0000000000000000E+00));
#63030=AXIS2_PLACEMENT_3D('',#63000,#63010,#63020);
#63040=CIRCLE('',#63030,1.9150000000000134E+00);
#63050=EDGE_CURVE('',#62970,#62880,#63040,.T.);
#63060=ORIENTED_EDGE('',*,*,#63050,.F.);
#63070=EDGE_LOOP('',(#63060,#62990,#62910,#62900));
#63080=FACE_OUTER_BOUND('',#63070,.T.);
#63090=ADVANCED_FACE('',(#63080),#62820,.F.);
#63100=COLOUR_RGB('',5.0196081399917603E-01,1.0000000000000000E+00,
   5.0196081399917603E-01);
#63110=FILL_AREA_STYLE_COLOUR('',#63100);
#63120=FILL_AREA_STYLE('',(#63110));
#63130=SURFACE_STYLE_FILL_AREA(#63120);
#63140=SURFACE_SIDE_STYLE('',(#63130));
#63150=SURFACE_STYLE_USAGE(.BOTH.,#63140);
#63160=PRESENTATION_STYLE_ASSIGNMENT((#63150));
#63170=CARTESIAN_POINT('',(-3.4871503587298207E+01,
   2.3238852824316119E+01,1.0000000000000004E+01));
#63180=DIRECTION('',(-0.0000000000000000E+00,-1.0000000000000000E+00,
   -0.0000000000000000E+00));
#63190=DIRECTION('',(-1.0000000000000000E+00,0.0000000000000000E+00,
   0.0000000000000000E+00));
#63200=AXIS2_PLACEMENT_3D('',#63170,#63180,#63190);
#63210=PLANE('',#63200);
#63220=EDGE_CURVE('',#38570,#38040,#38640,.T.);
#63230=ORIENTED_EDGE('',*,*,#63220,.F.);
#63240=ORIENTED_EDGE('',*,*,#38650,.F.);
#63250=EDGE_LOOP('',(#63240,#63230));
#63260=FACE_BOUND('',#63250,.T.);
#63270=EDGE_CURVE('',#62880,#62970,#63040,.T.);
#63280=ORIENTED_EDGE('',*,*,#63270,.T.);
#63290=ORIENTED_EDGE('',*,*,#63050,.T.);
#63300=EDGE_LOOP('',(#63290,#63280));
#63310=FACE_OUTER_BOUND('',#63300,.T.);
#63320=ADVANCED_FACE('',(#63260,#63310),#63210,.F.);
#63330=COLOUR_RGB('',5.0196081399917603E-01,1.0000000000000000E+00,
   5.0196081399917603E-01);
#63340=FILL_AREA_STYLE_COLOUR('',#63330);
#63350=FILL_AREA_STYLE('',(#63340));
#63360=SURFACE_STYLE_FILL_AREA(#63350);
#63370=SURFACE_SIDE_STYLE('',(#63360));
#63380=SURFACE_STYLE_USAGE(.BOTH.,#63370);
#63390=PRESENTATION_STYLE_ASSIGNMENT((#63380));
#63400=ORIENTED_EDGE('',*,*,#4390,.T.);
#63410=ORIENTED_EDGE('',*,*,#50760,.T.);
#63420=EDGE_CURVE('',#38490,#50750,#38470,.T.);
#63430=ORIENTED_EDGE('',*,*,#63420,.T.);
#63440=ORIENTED_EDGE('',*,*,#38500,.T.);
#63450=EDGE_CURVE('',#62080,#38400,#62060,.T.);
#63460=ORIENTED_EDGE('',*,*,#63450,.T.);
#63470=ORIENTED_EDGE('',*,*,#62390,.T.);
#63480=EDGE_LOOP('',(#63470,#63460,#63440,#63430,#63410,#63400));
#63490=FACE_OUTER_BOUND('',#63480,.T.);
#63500=ADVANCED_FACE('',(#63490),#62330,.T.);
#63510=COLOUR_RGB('',9.4901967048645020E-01,9.4901967048645020E-01,
   1.0000000000000000E+00);
#63520=FILL_AREA_STYLE_COLOUR('',#63510);
#63530=FILL_AREA_STYLE('',(#63520));
#63540=SURFACE_STYLE_FILL_AREA(#63530);
#63550=SURFACE_SIDE_STYLE('',(#63540));
#63560=SURFACE_STYLE_USAGE(.BOTH.,#63550);
#63570=PRESENTATION_STYLE_ASSIGNMENT((#63560));
#63580=CARTESIAN_POINT('',(-3.6122820727760129E+01,
   1.2008852824316122E+01,9.3292401152689752E+00));
#63590=DIRECTION('',(0.0000000000000000E+00,-1.0000000000000000E+00,
   0.0000000000000000E+00));
#63600=DIRECTION('',(1.0000000000000000E+00,0.0000000000000000E+00,
   0.0000000000000000E+00));
#63610=AXIS2_PLACEMENT_3D('',#63580,#63590,#63600);
#63620=PLANE('',#63610);
#63630=CARTESIAN_POINT('',(-8.8925674828030196E+01,
   1.2008852824316122E+01,1.5232050807568882E+01));
#63640=DIRECTION('',(-1.0000000000000000E+00,0.0000000000000000E+00,
   0.0000000000000000E+00));
#63650=VECTOR('',#63640,1.0000000000000000E+00);
#63660=LINE('',#63630,#63650);
#63670=CARTESIAN_POINT('',(-3.5604003587298216E+01,
   1.2008852824316129E+01,1.5232050807568882E+01));
#63680=VERTEX_POINT('',#63670);
#63690=EDGE_CURVE('',#63680,#48810,#63660,.T.);
#63700=ORIENTED_EDGE('',*,*,#63690,.T.);
#63710=CARTESIAN_POINT('',(-3.5604003587298216E+01,
   1.2008852824316122E+01,1.5500000000000004E+01));
#63720=DIRECTION('',(0.0000000000000000E+00,0.0000000000000000E+00,
   -1.0000000000000000E+00));
#63730=VECTOR('',#63720,1.0000000000000000E+00);
#63740=LINE('',#63710,#63730);
#63750=EDGE_CURVE('',#63680,#47580,#63740,.T.);
#63760=ORIENTED_EDGE('',*,*,#63750,.F.);
#63770=ORIENTED_EDGE('',*,*,#47830,.T.);
#63780=ORIENTED_EDGE('',*,*,#48880,.F.);
#63790=EDGE_LOOP('',(#63780,#63770,#63760,#63700));
#63800=FACE_OUTER_BOUND('',#63790,.T.);
#63810=ADVANCED_FACE('',(#63800),#63620,.T.);
#63820=COLOUR_RGB('',9.4901967048645020E-01,9.4901967048645020E-01,
   1.0000000000000000E+00);
#63830=FILL_AREA_STYLE_COLOUR('',#63820);
#63840=FILL_AREA_STYLE('',(#63830));
#63850=SURFACE_STYLE_FILL_AREA(#63840);
#63860=SURFACE_SIDE_STYLE('',(#63850));
#63870=SURFACE_STYLE_USAGE(.BOTH.,#63860);
#63880=PRESENTATION_STYLE_ASSIGNMENT((#63870));
#63890=ORIENTED_EDGE('',*,*,#54810,.T.);
#63900=ORIENTED_EDGE('',*,*,#62580,.T.);
#63910=ORIENTED_EDGE('',*,*,#48330,.F.);
#63920=EDGE_LOOP('',(#63910,#63900,#63890));
#63930=FACE_OUTER_BOUND('',#63920,.T.);
#63940=ADVANCED_FACE('',(#63930),#62330,.T.);
#63950=COLOUR_RGB('',9.4901967048645020E-01,9.4901967048645020E-01,
   1.0000000000000000E+00);
#63960=FILL_AREA_STYLE_COLOUR('',#63950);
#63970=FILL_AREA_STYLE('',(#63960));
#63980=SURFACE_STYLE_FILL_AREA(#63970);
#63990=SURFACE_SIDE_STYLE('',(#63980));
#64000=SURFACE_STYLE_USAGE(.BOTH.,#63990);
#64010=PRESENTATION_STYLE_ASSIGNMENT((#64000));
#64020=CARTESIAN_POINT('',(-3.1754003587298214E+01,
   1.9227667721638248E+01,1.5000000000000004E+01));
#64030=DIRECTION('',(1.0000000000000000E+00,2.8660047167381970E-15,
   0.0000000000000000E+00));
#64040=DIRECTION('',(2.8660047167381970E-15,-1.0000000000000000E+00,
   0.0000000000000000E+00));
#64050=AXIS2_PLACEMENT_3D('',#64020,#64030,#64040);
#64060=PLANE('',#64050);
#64070=CARTESIAN_POINT('',(-3.1754003587298158E+01,
   0.0000000000000000E+00,1.7500000000000004E+01));
#64080=DIRECTION('',(2.8660047167381970E-15,-1.0000000000000000E+00,
   0.0000000000000000E+00));
#64090=VECTOR('',#64080,1.0000000000000000E+00);
#64100=LINE('',#64070,#64090);
#64110=CARTESIAN_POINT('',(-3.1754003587298207E+01,
   1.9257667721638242E+01,1.7500000000000004E+01));
#64120=VERTEX_POINT('',#64110);
#64130=CARTESIAN_POINT('',(-3.1754003587298200E+01,
   1.5508852824316122E+01,1.7500000000000004E+01));
#64140=VERTEX_POINT('',#64130);
#64150=EDGE_CURVE('',#64120,#64140,#64100,.T.);
#64160=ORIENTED_EDGE('',*,*,#64150,.T.);
#64170=CARTESIAN_POINT('',(-3.1754003587298214E+01,
   1.9257667721638249E+01,1.5000000000000004E+01));
#64180=DIRECTION('',(0.0000000000000000E+00,0.0000000000000000E+00,
   1.0000000000000000E+00));
#64190=VECTOR('',#64180,1.0000000000000000E+00);
#64200=LINE('',#64170,#64190);
#64210=EDGE_CURVE('',#9870,#64120,#64200,.T.);
#64220=ORIENTED_EDGE('',*,*,#64210,.T.);
#64230=ORIENTED_EDGE('',*,*,#9880,.F.);
#64240=CARTESIAN_POINT('',(-3.1754003587298200E+01,
   1.5508852824316122E+01,1.5000000000000004E+01));
#64250=DIRECTION('',(0.0000000000000000E+00,0.0000000000000000E+00,
   1.0000000000000000E+00));
#64260=VECTOR('',#64250,1.0000000000000000E+00);
#64270=LINE('',#64240,#64260);
#64280=EDGE_CURVE('',#9790,#64140,#64270,.T.);
#64290=ORIENTED_EDGE('',*,*,#64280,.F.);
#64300=EDGE_LOOP('',(#64290,#64230,#64220,#64160));
#64310=FACE_OUTER_BOUND('',#64300,.T.);
#64320=ADVANCED_FACE('',(#64310),#64060,.T.);
#64330=COLOUR_RGB('',5.0196081399917603E-01,1.0000000000000000E+00,
   5.0196081399917603E-01);
#64340=FILL_AREA_STYLE_COLOUR('',#64330);
#64350=FILL_AREA_STYLE('',(#64340));
#64360=SURFACE_STYLE_FILL_AREA(#64350);
#64370=SURFACE_SIDE_STYLE('',(#64360));
#64380=SURFACE_STYLE_USAGE(.BOTH.,#64370);
#64390=PRESENTATION_STYLE_ASSIGNMENT((#64380));
#64400=ORIENTED_EDGE('',*,*,#48390,.F.);
#64410=ORIENTED_EDGE('',*,*,#62660,.F.);
#64420=EDGE_CURVE('',#38230,#61780,#61840,.T.);
#64430=ORIENTED_EDGE('',*,*,#64420,.T.);
#64440=ORIENTED_EDGE('',*,*,#38240,.F.);
#64450=EDGE_LOOP('',(#64440,#64430,#64410,#64400));
#64460=FACE_OUTER_BOUND('',#64450,.T.);
#64470=ADVANCED_FACE('',(#64460),#62570,.T.);
#64480=COLOUR_RGB('',9.4901967048645020E-01,9.4901967048645020E-01,
   1.0000000000000000E+00);
#64490=FILL_AREA_STYLE_COLOUR('',#64480);
#64500=FILL_AREA_STYLE('',(#64490));
#64510=SURFACE_STYLE_FILL_AREA(#64500);
#64520=SURFACE_SIDE_STYLE('',(#64510));
#64530=SURFACE_STYLE_USAGE(.BOTH.,#64520);
#64540=PRESENTATION_STYLE_ASSIGNMENT((#64530));
#64550=EDGE_CURVE('',#38320,#61690,#61670,.T.);
#64560=ORIENTED_EDGE('',*,*,#64550,.T.);
#64570=ORIENTED_EDGE('',*,*,#38330,.T.);
#64580=ORIENTED_EDGE('',*,*,#64420,.F.);
#64590=ORIENTED_EDGE('',*,*,#61790,.T.);
#64600=EDGE_LOOP('',(#64590,#64580,#64570,#64560));
#64610=FACE_OUTER_BOUND('',#64600,.T.);
#64620=ADVANCED_FACE('',(#64610),#61630,.T.);
#64630=COLOUR_RGB('',9.4901967048645020E-01,9.4901967048645020E-01,
   1.0000000000000000E+00);
#64640=FILL_AREA_STYLE_COLOUR('',#64630);
#64650=FILL_AREA_STYLE('',(#64640));
#64660=SURFACE_STYLE_FILL_AREA(#64650);
#64670=SURFACE_SIDE_STYLE('',(#64660));
#64680=SURFACE_STYLE_USAGE(.BOTH.,#64670);
#64690=PRESENTATION_STYLE_ASSIGNMENT((#64680));
#64700=ORIENTED_EDGE('',*,*,#63450,.F.);
#64710=ORIENTED_EDGE('',*,*,#38410,.T.);
#64720=ORIENTED_EDGE('',*,*,#64550,.F.);
#64730=ORIENTED_EDGE('',*,*,#62150,.T.);
#64740=EDGE_LOOP('',(#64730,#64720,#64710,#64700));
#64750=FACE_OUTER_BOUND('',#64740,.T.);
#64760=ADVANCED_FACE('',(#64750),#62020,.T.);
#64770=COLOUR_RGB('',9.4901967048645020E-01,9.4901967048645020E-01,
   1.0000000000000000E+00);
#64780=FILL_AREA_STYLE_COLOUR('',#64770);
#64790=FILL_AREA_STYLE('',(#64780));
#64800=SURFACE_STYLE_FILL_AREA(#64790);
#64810=SURFACE_SIDE_STYLE('',(#64800));
#64820=SURFACE_STYLE_USAGE(.BOTH.,#64810);
#64830=PRESENTATION_STYLE_ASSIGNMENT((#64820));
#64840=CARTESIAN_POINT('',(-3.3329704168143152E+01,
   2.5138262346867378E+01,1.5000000000000004E+01));
#64850=DIRECTION('',(9.6592582628906865E-01,2.5881904510251968E-01,
   0.0000000000000000E+00));
#64860=DIRECTION('',(2.5881904510251968E-01,-9.6592582628906865E-01,
   0.0000000000000000E+00));
#64870=AXIS2_PLACEMENT_3D('',#64840,#64850,#64860);
#64880=PLANE('',#64870);
#64890=ORIENTED_EDGE('',*,*,#9940,.T.);
#64900=ORIENTED_EDGE('',*,*,#64210,.F.);
#64910=CARTESIAN_POINT('',(-2.6593927073178364E+01,
   0.0000000000000000E+00,1.7500000000000004E+01));
#64920=DIRECTION('',(-2.5881904510251968E-01,9.6592582628906865E-01,
   0.0000000000000000E+00));
#64930=VECTOR('',#64920,1.0000000000000000E+00);
#64940=LINE('',#64910,#64930);
#64950=CARTESIAN_POINT('',(-3.3329704168143152E+01,
   2.5138262346867378E+01,1.7500000000000004E+01));
#64960=VERTEX_POINT('',#64950);
#64970=EDGE_CURVE('',#64120,#64960,#64940,.T.);
#64980=ORIENTED_EDGE('',*,*,#64970,.F.);
#64990=CARTESIAN_POINT('',(-3.3329704168143152E+01,
   2.5138262346867378E+01,0.0000000000000000E+00));
#65000=DIRECTION('',(0.0000000000000000E+00,0.0000000000000000E+00,
   1.0000000000000000E+00));
#65010=VECTOR('',#65000,1.0000000000000000E+00);
#65020=LINE('',#64990,#65010);
#65030=EDGE_CURVE('',#8910,#64960,#65020,.T.);
#65040=ORIENTED_EDGE('',*,*,#65030,.T.);
#65050=EDGE_LOOP('',(#65040,#64980,#64900,#64890));
#65060=FACE_OUTER_BOUND('',#65050,.T.);
#65070=ADVANCED_FACE('',(#65060),#64880,.T.);
#65080=COLOUR_RGB('',5.0196081399917603E-01,1.0000000000000000E+00,
   5.0196081399917603E-01);
#65090=FILL_AREA_STYLE_COLOUR('',#65080);
#65100=FILL_AREA_STYLE('',(#65090));
#65110=SURFACE_STYLE_FILL_AREA(#65100);
#65120=SURFACE_SIDE_STYLE('',(#65110));
#65130=SURFACE_STYLE_USAGE(.BOTH.,#65120);
#65140=PRESENTATION_STYLE_ASSIGNMENT((#65130));
#65150=CARTESIAN_POINT('',(-3.8767003587298184E+01,
   1.5508852824316122E+01,1.7371309300093316E+01));
#65160=DIRECTION('',(1.0000000000000000E+00,0.0000000000000000E+00,
   -3.7959085713985267E-14));
#65170=DIRECTION('',(-3.7959085713985267E-14,0.0000000000000000E+00,
   -1.0000000000000000E+00));
#65180=AXIS2_PLACEMENT_3D('',#65150,#65160,#65170);
#65190=PLANE('',#65180);
#65200=CARTESIAN_POINT('',(-3.8767003587298277E+01,
   1.5508852824316122E+01,1.5000000000000004E+01));
#65210=DIRECTION('',(3.7959085713985267E-14,0.0000000000000000E+00,
   1.0000000000000000E+00));
#65220=VECTOR('',#65210,1.0000000000000000E+00);
#65230=LINE('',#65200,#65220);
#65240=CARTESIAN_POINT('',(-3.8767003587298184E+01,
   1.5508852824316122E+01,1.7371309300093316E+01));
#65250=VERTEX_POINT('',#65240);
#65260=CARTESIAN_POINT('',(-3.8767003587298184E+01,
   1.5508852824316122E+01,1.7500000000000004E+01));
#65270=VERTEX_POINT('',#65260);
#65280=EDGE_CURVE('',#65250,#65270,#65230,.T.);
#65290=ORIENTED_EDGE('',*,*,#65280,.T.);
#65300=CARTESIAN_POINT('',(-3.8767003587298184E+01,
   1.5508852824316122E+01,1.7371309300093316E+01));
#65310=DIRECTION('',(0.0000000000000000E+00,1.0000000000000000E+00,
   0.0000000000000000E+00));
#65320=VECTOR('',#65310,1.0000000000000000E+00);
#65330=LINE('',#65300,#65320);
#65340=EDGE_CURVE('',#65250,#51090,#65330,.T.);
#65350=ORIENTED_EDGE('',*,*,#65340,.F.);
#65360=ORIENTED_EDGE('',*,*,#51570,.T.);
#65370=CARTESIAN_POINT('',(-3.8767003587298184E+01,
   0.0000000000000000E+00,1.7500000000000004E+01));
#65380=DIRECTION('',(0.0000000000000000E+00,-1.0000000000000000E+00,
   0.0000000000000000E+00));
#65390=VECTOR('',#65380,1.0000000000000000E+00);
#65400=LINE('',#65370,#65390);
#65410=EDGE_CURVE('',#51500,#65270,#65400,.T.);
#65420=ORIENTED_EDGE('',*,*,#65410,.F.);
#65430=EDGE_LOOP('',(#65420,#65360,#65350,#65290));
#65440=FACE_OUTER_BOUND('',#65430,.T.);
#65450=ADVANCED_FACE('',(#65440),#65190,.F.);
#65460=COLOUR_RGB('',5.0196081399917603E-01,1.0000000000000000E+00,
   5.0196081399917603E-01);
#65470=FILL_AREA_STYLE_COLOUR('',#65460);
#65480=FILL_AREA_STYLE('',(#65470));
#65490=SURFACE_STYLE_FILL_AREA(#65480);
#65500=SURFACE_SIDE_STYLE('',(#65490));
#65510=SURFACE_STYLE_USAGE(.BOTH.,#65500);
#65520=PRESENTATION_STYLE_ASSIGNMENT((#65510));
#65530=CARTESIAN_POINT('',(-3.7809453771709563E+01,
   2.5008852824316115E+01,1.5000000000000004E+01));
#65540=DIRECTION('',(0.0000000000000000E+00,0.0000000000000000E+00,
   1.0000000000000000E+00));
#65550=DIRECTION('',(1.0000000000000000E+00,0.0000000000000000E+00,
   0.0000000000000000E+00));
#65560=AXIS2_PLACEMENT_3D('',#65530,#65540,#65550);
#65570=CYLINDRICAL_SURFACE('',#65560,5.0000000000000000E-01);
#65580=ORIENTED_EDGE('',*,*,#9110,.T.);
#65590=ORIENTED_EDGE('',*,*,#44180,.T.);
#65600=CARTESIAN_POINT('',(-3.7809453771709563E+01,
   2.5008852824316115E+01,1.7500000000000004E+01));
#65610=DIRECTION('',(0.0000000000000000E+00,0.0000000000000000E+00,
   1.0000000000000000E+00));
#65620=DIRECTION('',(1.0000000000000000E+00,0.0000000000000000E+00,
   0.0000000000000000E+00));
#65630=AXIS2_PLACEMENT_3D('',#65600,#65610,#65620);
#65640=CIRCLE('',#65630,5.0000000000000000E-01);
#65650=CARTESIAN_POINT('',(-3.8301857648215666E+01,
   2.5095676913149589E+01,1.7500000000000004E+01));
#65660=VERTEX_POINT('',#65650);
#65670=EDGE_CURVE('',#44090,#65660,#65640,.T.);
#65680=ORIENTED_EDGE('',*,*,#65670,.F.);
#65690=CARTESIAN_POINT('',(-3.8301857648215673E+01,
   2.5095676913149589E+01,1.0000000000000004E+01));
#65700=DIRECTION('',(0.0000000000000000E+00,0.0000000000000000E+00,
   1.0000000000000000E+00));
#65710=VECTOR('',#65700,1.0000000000000000E+00);
#65720=LINE('',#65690,#65710);
#65730=EDGE_CURVE('',#9100,#65660,#65720,.T.);
#65740=ORIENTED_EDGE('',*,*,#65730,.T.);
#65750=EDGE_LOOP('',(#65740,#65680,#65590,#65580));
#65760=FACE_OUTER_BOUND('',#65750,.T.);
#65770=ADVANCED_FACE('',(#65760),#65570,.T.);
#65780=COLOUR_RGB('',5.0196081399917603E-01,1.0000000000000000E+00,
   5.0196081399917603E-01);
#65790=FILL_AREA_STYLE_COLOUR('',#65780);
#65800=FILL_AREA_STYLE('',(#65790));
#65810=SURFACE_STYLE_FILL_AREA(#65800);
#65820=SURFACE_SIDE_STYLE('',(#65810));
#65830=SURFACE_STYLE_USAGE(.BOTH.,#65820);
#65840=PRESENTATION_STYLE_ASSIGNMENT((#65830));
#65850=CARTESIAN_POINT('',(-3.3812667081287692E+01,
   2.5008852824316115E+01,1.5000000000000004E+01));
#65860=DIRECTION('',(0.0000000000000000E+00,0.0000000000000000E+00,
   1.0000000000000000E+00));
#65870=DIRECTION('',(1.0000000000000000E+00,0.0000000000000000E+00,
   0.0000000000000000E+00));
#65880=AXIS2_PLACEMENT_3D('',#65850,#65860,#65870);
#65890=CYLINDRICAL_SURFACE('',#65880,5.0000000000000555E-01);
#65900=CARTESIAN_POINT('',(-3.3812667081287692E+01,
   2.5008852824316115E+01,1.7500000000000004E+01));
#65910=DIRECTION('',(0.0000000000000000E+00,0.0000000000000000E+00,
   1.0000000000000000E+00));
#65920=DIRECTION('',(1.0000000000000000E+00,0.0000000000000000E+00,
   0.0000000000000000E+00));
#65930=AXIS2_PLACEMENT_3D('',#65900,#65910,#65920);
#65940=CIRCLE('',#65930,5.0000000000000555E-01);
#65950=EDGE_CURVE('',#64960,#44110,#65940,.T.);
#65960=ORIENTED_EDGE('',*,*,#65950,.F.);
#65970=ORIENTED_EDGE('',*,*,#44250,.T.);
#65980=ORIENTED_EDGE('',*,*,#8940,.T.);
#65990=ORIENTED_EDGE('',*,*,#65030,.F.);
#66000=EDGE_LOOP('',(#65990,#65980,#65970,#65960));
#66010=FACE_OUTER_BOUND('',#66000,.T.);
#66020=ADVANCED_FACE('',(#66010),#65890,.T.);
#66030=COLOUR_RGB('',5.0196081399917603E-01,1.0000000000000000E+00,
   5.0196081399917603E-01);
#66040=FILL_AREA_STYLE_COLOUR('',#66030);
#66050=FILL_AREA_STYLE('',(#66040));
#66060=SURFACE_STYLE_FILL_AREA(#66050);
#66070=SURFACE_SIDE_STYLE('',(#66060));
#66080=SURFACE_STYLE_USAGE(.BOTH.,#66070);
#66090=PRESENTATION_STYLE_ASSIGNMENT((#66080));
#66100=CARTESIAN_POINT('',(-3.9330962930914275E+01,
   1.5508852824316122E+01,1.6930000000000081E+01));
#66110=DIRECTION('',(0.0000000000000000E+00,0.0000000000000000E+00,
   -1.0000000000000000E+00));
#66120=DIRECTION('',(-1.0000000000000000E+00,0.0000000000000000E+00,
   0.0000000000000000E+00));
#66130=AXIS2_PLACEMENT_3D('',#66100,#66110,#66120);
#66140=PLANE('',#66130);
#66150=CARTESIAN_POINT('',(0.0000000000000000E+00,1.5508852824316122E+01
   ,1.6930000000000081E+01));
#66160=DIRECTION('',(1.0000000000000000E+00,0.0000000000000000E+00,
   0.0000000000000000E+00));
#66170=VECTOR('',#66160,1.0000000000000000E+00);
#66180=LINE('',#66150,#66170);
#66190=CARTESIAN_POINT('',(-3.9330962930914275E+01,
   1.5508852824316122E+01,1.6930000000000081E+01));
#66200=VERTEX_POINT('',#66190);
#66210=EDGE_CURVE('',#66200,#36130,#66180,.T.);
#66220=ORIENTED_EDGE('',*,*,#66210,.T.);
#66230=CARTESIAN_POINT('',(-3.9330962930914275E+01,
   1.5508852824316122E+01,1.6930000000000081E+01));
#66240=DIRECTION('',(0.0000000000000000E+00,1.0000000000000000E+00,
   0.0000000000000000E+00));
#66250=VECTOR('',#66240,1.0000000000000000E+00);
#66260=LINE('',#66230,#66250);
#66270=EDGE_CURVE('',#66200,#51180,#66260,.T.);
#66280=ORIENTED_EDGE('',*,*,#66270,.F.);
#66290=ORIENTED_EDGE('',*,*,#51190,.T.);
#66300=ORIENTED_EDGE('',*,*,#36240,.T.);
#66310=EDGE_LOOP('',(#66300,#66290,#66280,#66220));
#66320=FACE_OUTER_BOUND('',#66310,.T.);
#66330=ADVANCED_FACE('',(#66320),#66140,.F.);
#66340=COLOUR_RGB('',5.0196081399917603E-01,1.0000000000000000E+00,
   5.0196081399917603E-01);
#66350=FILL_AREA_STYLE_COLOUR('',#66340);
#66360=FILL_AREA_STYLE('',(#66350));
#66370=SURFACE_STYLE_FILL_AREA(#66360);
#66380=SURFACE_SIDE_STYLE('',(#66370));
#66390=SURFACE_STYLE_USAGE(.BOTH.,#66380);
#66400=PRESENTATION_STYLE_ASSIGNMENT((#66390));
#66410=CARTESIAN_POINT('',(-3.5829003587298210E+01,
   2.4373852824316117E+01,1.5000000000000004E+01));
#66420=DIRECTION('',(0.0000000000000000E+00,1.0000000000000000E+00,
   0.0000000000000000E+00));
#66430=DIRECTION('',(1.0000000000000000E+00,0.0000000000000000E+00,
   0.0000000000000000E+00));
#66440=AXIS2_PLACEMENT_3D('',#66410,#66420,#66430);
#66450=CYLINDRICAL_SURFACE('',#66440,1.9150000000000134E+00);
#66460=CARTESIAN_POINT('',(-3.7744003587298224E+01,
   2.4373852824316117E+01,1.5000000000000004E+01));
#66470=DIRECTION('',(0.0000000000000000E+00,1.0000000000000000E+00,
   0.0000000000000000E+00));
#66480=VECTOR('',#66470,1.0000000000000000E+00);
#66490=LINE('',#66460,#66480);
#66500=CARTESIAN_POINT('',(-3.7744003587298224E+01,
   2.3238852824316119E+01,1.5000000000000004E+01));
#66510=VERTEX_POINT('',#66500);
#66520=EDGE_CURVE('',#66510,#43950,#66490,.T.);
#66530=ORIENTED_EDGE('',*,*,#66520,.F.);
#66540=ORIENTED_EDGE('',*,*,#44000,.T.);
#66550=CARTESIAN_POINT('',(-3.3914003587298197E+01,
   2.4373852824316117E+01,1.5000000000000004E+01));
#66560=DIRECTION('',(0.0000000000000000E+00,1.0000000000000000E+00,
   0.0000000000000000E+00));
#66570=VECTOR('',#66560,1.0000000000000000E+00);
#66580=LINE('',#66550,#66570);
#66590=CARTESIAN_POINT('',(-3.3914003587298197E+01,
   2.3238852824316119E+01,1.5000000000000004E+01));
#66600=VERTEX_POINT('',#66590);
#66610=EDGE_CURVE('',#66600,#43970,#66580,.T.);
#66620=ORIENTED_EDGE('',*,*,#66610,.T.);
#66630=CARTESIAN_POINT('',(-3.5829003587298210E+01,
   2.3238852824316119E+01,1.5000000000000004E+01));
#66640=DIRECTION('',(0.0000000000000000E+00,1.0000000000000000E+00,
   0.0000000000000000E+00));
#66650=DIRECTION('',(1.0000000000000000E+00,0.0000000000000000E+00,
   0.0000000000000000E+00));
#66660=AXIS2_PLACEMENT_3D('',#66630,#66640,#66650);
#66670=CIRCLE('',#66660,1.9150000000000134E+00);
#66680=EDGE_CURVE('',#66600,#66510,#66670,.T.);
#66690=ORIENTED_EDGE('',*,*,#66680,.F.);
#66700=EDGE_LOOP('',(#66690,#66620,#66540,#66530));
#66710=FACE_OUTER_BOUND('',#66700,.T.);
#66720=ADVANCED_FACE('',(#66710),#66450,.F.);
#66730=COLOUR_RGB('',5.0196081399917603E-01,1.0000000000000000E+00,
   5.0196081399917603E-01);
#66740=FILL_AREA_STYLE_COLOUR('',#66730);
#66750=FILL_AREA_STYLE('',(#66740));
#66760=SURFACE_STYLE_FILL_AREA(#66750);
#66770=SURFACE_SIDE_STYLE('',(#66760));
#66780=SURFACE_STYLE_USAGE(.BOTH.,#66770);
#66790=PRESENTATION_STYLE_ASSIGNMENT((#66780));
#66800=CARTESIAN_POINT('',(-3.6076490960713485E+01,
   2.4538852824316109E+01,1.5247487373415286E+01));
#66810=DIRECTION('',(7.0710678118654746E-01,0.0000000000000000E+00,
   -7.0710678118654757E-01));
#66820=DIRECTION('',(0.0000000000000000E+00,-1.0000000000000000E+00,
   0.0000000000000000E+00));
#66830=AXIS2_PLACEMENT_3D('',#66800,#66810,#66820);
#66840=PLANE('',#66830);
#66850=CARTESIAN_POINT('',(-8.8925674828030196E+01,
   2.4538852824316116E+01,-3.7601696493901414E+01));
#66860=DIRECTION('',(-7.0710678118654757E-01,0.0000000000000000E+00,
   -7.0710678118654746E-01));
#66870=VECTOR('',#66860,1.0000000000000000E+00);
#66880=LINE('',#66850,#66870);
#66890=CARTESIAN_POINT('',(-3.5693983448967970E+01,
   2.4538852824316116E+01,1.5629994885160803E+01));
#66900=VERTEX_POINT('',#66890);
#66910=CARTESIAN_POINT('',(-3.6323978334128775E+01,
   2.4538852824316116E+01,1.5000000000000004E+01));
#66920=VERTEX_POINT('',#66910);
#66930=EDGE_CURVE('',#66900,#66920,#66880,.T.);
#66940=ORIENTED_EDGE('',*,*,#66930,.F.);
#66950=CARTESIAN_POINT('',(-3.6323978334128775E+01,
   -2.6716239164827719E+01,1.5000000000000004E+01));
#66960=DIRECTION('',(-0.0000000000000000E+00,1.0000000000000000E+00,
   0.0000000000000000E+00));
#66970=VECTOR('',#66960,1.0000000000000000E+00);
#66980=LINE('',#66950,#66970);
#66990=CARTESIAN_POINT('',(-3.6323978334128768E+01,
   2.3538852824316109E+01,1.5000000000000007E+01));
#67000=VERTEX_POINT('',#66990);
#67010=EDGE_CURVE('',#67000,#66920,#66980,.T.);
#67020=ORIENTED_EDGE('',*,*,#67010,.T.);
#67030=CARTESIAN_POINT('',(-8.8925674828030196E+01,
   2.3538852824316109E+01,-3.7601696493901414E+01));
#67040=DIRECTION('',(-7.0710678118654757E-01,0.0000000000000000E+00,
   -7.0710678118654746E-01));
#67050=VECTOR('',#67040,1.0000000000000000E+00);
#67060=LINE('',#67030,#67050);
#67070=CARTESIAN_POINT('',(-3.5693983448967970E+01,
   2.3538852824316109E+01,1.5629994885160803E+01));
#67080=VERTEX_POINT('',#67070);
#67090=EDGE_CURVE('',#67080,#67000,#67060,.T.);
#67100=ORIENTED_EDGE('',*,*,#67090,.T.);
#67110=CARTESIAN_POINT('',(-3.5693983448967970E+01,
   3.5508852824316115E+01,1.5629994885160803E+01));
#67120=DIRECTION('',(0.0000000000000000E+00,-1.0000000000000000E+00,
   0.0000000000000000E+00));
#67130=VECTOR('',#67120,1.0000000000000000E+00);
#67140=LINE('',#67110,#67130);
#67150=EDGE_CURVE('',#66900,#67080,#67140,.T.);
#67160=ORIENTED_EDGE('',*,*,#67150,.T.);
#67170=EDGE_LOOP('',(#67160,#67100,#67020,#66940));
#67180=FACE_OUTER_BOUND('',#67170,.T.);
#67190=ADVANCED_FACE('',(#67180),#66840,.T.);
#67200=COLOUR_RGB('',9.4901967048645020E-01,9.4901967048645020E-01,
   1.0000000000000000E+00);
#67210=FILL_AREA_STYLE_COLOUR('',#67200);
#67220=FILL_AREA_STYLE('',(#67210));
#67230=SURFACE_STYLE_FILL_AREA(#67220);
#67240=SURFACE_SIDE_STYLE('',(#67230));
#67250=SURFACE_STYLE_USAGE(.BOTH.,#67240);
#67260=PRESENTATION_STYLE_ASSIGNMENT((#67250));
#67270=CARTESIAN_POINT('',(-3.5854003587298216E+01,
   1.2508852824316122E+01,1.5366025403784443E+01));
#67280=DIRECTION('',(0.0000000000000000E+00,2.5881904510252046E-01,
   -9.6592582628906842E-01));
#67290=DIRECTION('',(0.0000000000000000E+00,9.6592582628906842E-01,
   2.5881904510252046E-01));
#67300=AXIS2_PLACEMENT_3D('',#67270,#67280,#67290);
#67310=PLANE('',#67300);
#67320=ORIENTED_EDGE('',*,*,#48820,.F.);
#67330=ORIENTED_EDGE('',*,*,#27360,.F.);
#67340=CARTESIAN_POINT('',(-3.5604003587298216E+01,
   -2.6716239164827719E+01,4.8556936822568630E+00));
#67350=DIRECTION('',(0.0000000000000000E+00,-9.6592582628906842E-01,
   -2.5881904510252046E-01));
#67360=VECTOR('',#67350,1.0000000000000000E+00);
#67370=LINE('',#67340,#67360);
#67380=EDGE_CURVE('',#27270,#63680,#67370,.T.);
#67390=ORIENTED_EDGE('',*,*,#67380,.F.);
#67400=ORIENTED_EDGE('',*,*,#63690,.F.);
#67410=EDGE_LOOP('',(#67400,#67390,#67330,#67320));
#67420=FACE_OUTER_BOUND('',#67410,.T.);
#67430=ADVANCED_FACE('',(#67420),#67310,.F.);
#67440=COLOUR_RGB('',9.4901967048645020E-01,9.4901967048645020E-01,
   1.0000000000000000E+00);
#67450=FILL_AREA_STYLE_COLOUR('',#67440);
#67460=FILL_AREA_STYLE('',(#67450));
#67470=SURFACE_STYLE_FILL_AREA(#67460);
#67480=SURFACE_SIDE_STYLE('',(#67470));
#67490=SURFACE_STYLE_USAGE(.BOTH.,#67480);
#67500=PRESENTATION_STYLE_ASSIGNMENT((#67490));
#67510=CARTESIAN_POINT('',(-3.6497744671345409E+01,
   2.4538852824316116E+01,1.5668741084047209E+01));
#67520=DIRECTION('',(0.0000000000000000E+00,1.0000000000000000E+00,
   0.0000000000000000E+00));
#67530=DIRECTION('',(7.0710678118654746E-01,0.0000000000000000E+00,
   -7.0710678118654757E-01));
#67540=AXIS2_PLACEMENT_3D('',#67510,#67520,#67530);
#67550=PLANE('',#67540);
#67560=CARTESIAN_POINT('',(-3.5854003587298216E+01,
   2.4538852824316116E+01,1.5000000000000004E+01));
#67570=DIRECTION('',(0.0000000000000000E+00,-1.0000000000000000E+00,
   0.0000000000000000E+00));
#67580=DIRECTION('',(1.0000000000000000E+00,0.0000000000000000E+00,
   0.0000000000000000E+00));
#67590=AXIS2_PLACEMENT_3D('',#67560,#67570,#67580);
#67600=CIRCLE('',#67590,6.5000000000000002E-01);
#67610=CARTESIAN_POINT('',(-3.6504003587298214E+01,
   2.4538852824316116E+01,1.5000000000000004E+01));
#67620=VERTEX_POINT('',#67610);
#67630=EDGE_CURVE('',#66900,#67620,#67600,.T.);
#67640=ORIENTED_EDGE('',*,*,#67630,.T.);
#67650=CARTESIAN_POINT('',(-3.4755979696089121E+01,
   2.4538852824316116E+01,1.6567998638039757E+01));
#67660=VERTEX_POINT('',#67650);
#67670=EDGE_CURVE('',#67660,#66900,#66880,.T.);
#67680=ORIENTED_EDGE('',*,*,#67670,.T.);
#67690=CARTESIAN_POINT('',(-3.5829003587298203E+01,
   2.4538852824316116E+01,1.5000000000000004E+01));
#67700=DIRECTION('',(0.0000000000000000E+00,1.0000000000000000E+00,
   0.0000000000000000E+00));
#67710=DIRECTION('',(-1.0000000000000000E+00,0.0000000000000000E+00,
   0.0000000000000000E+00));
#67720=AXIS2_PLACEMENT_3D('',#67690,#67700,#67710);
#67730=CIRCLE('',#67720,1.8999999999999999E+00);
#67740=CARTESIAN_POINT('',(-3.7729003587298202E+01,
   2.4538852824316116E+01,1.5000000000000004E+01));
#67750=VERTEX_POINT('',#67740);
#67760=EDGE_CURVE('',#67750,#67660,#67730,.T.);
#67770=ORIENTED_EDGE('',*,*,#67760,.T.);
#67780=CARTESIAN_POINT('',(-3.7397002225337957E+01,
   2.4538852824316116E+01,1.3926976108790923E+01));
#67790=VERTEX_POINT('',#67780);
#67800=EDGE_CURVE('',#67790,#67750,#67730,.T.);
#67810=ORIENTED_EDGE('',*,*,#67800,.T.);
#67820=CARTESIAN_POINT('',(-8.8925674828030196E+01,
   2.4538852824316116E+01,-3.7601696493901414E+01));
#67830=DIRECTION('',(-7.0710678118654757E-01,0.0000000000000000E+00,
   -7.0710678118654746E-01));
#67840=VECTOR('',#67830,1.0000000000000000E+00);
#67850=LINE('',#67820,#67840);
#67860=CARTESIAN_POINT('',(-3.6483998472459014E+01,
   2.4538852824316116E+01,1.4839979861669756E+01));
#67870=VERTEX_POINT('',#67860);
#67880=EDGE_CURVE('',#67870,#67790,#67850,.T.);
#67890=ORIENTED_EDGE('',*,*,#67880,.T.);
#67900=CARTESIAN_POINT('',(-3.5854003587298216E+01,
   2.4538852824316116E+01,1.5000000000000004E+01));
#67910=DIRECTION('',(0.0000000000000000E+00,-1.0000000000000000E+00,
   0.0000000000000000E+00));
#67920=DIRECTION('',(1.0000000000000000E+00,0.0000000000000000E+00,
   0.0000000000000000E+00));
#67930=AXIS2_PLACEMENT_3D('',#67900,#67910,#67920);
#67940=CIRCLE('',#67930,6.5000000000000002E-01);
#67950=EDGE_CURVE('',#67620,#67870,#67940,.T.);
#67960=ORIENTED_EDGE('',*,*,#67950,.T.);
#67970=EDGE_LOOP('',(#67960,#67890,#67810,#67770,#67680,#67640));
#67980=FACE_OUTER_BOUND('',#67970,.T.);
#67990=ADVANCED_FACE('',(#67980),#67550,.T.);
#68000=COLOUR_RGB('',9.4901967048645020E-01,9.4901967048645020E-01,
   1.0000000000000000E+00);
#68010=FILL_AREA_STYLE_COLOUR('',#68000);
#68020=FILL_AREA_STYLE('',(#68010));
#68030=SURFACE_STYLE_FILL_AREA(#68020);
#68040=SURFACE_SIDE_STYLE('',(#68030));
#68050=SURFACE_STYLE_USAGE(.BOTH.,#68040);
#68060=PRESENTATION_STYLE_ASSIGNMENT((#68050));
#68070=CARTESIAN_POINT('',(-3.5581516213882892E+01,
   2.3538852824316109E+01,1.4752512626584686E+01));
#68080=DIRECTION('',(0.0000000000000000E+00,1.0000000000000000E+00,
   0.0000000000000000E+00));
#68090=DIRECTION('',(7.0710678118654746E-01,0.0000000000000000E+00,
   -7.0710678118654757E-01));
#68100=AXIS2_PLACEMENT_3D('',#68070,#68080,#68090);
#68110=PLANE('',#68100);
#68120=CARTESIAN_POINT('',(-8.8925674828030196E+01,
   2.3538852824316109E+01,-3.8591645987562615E+01));
#68130=DIRECTION('',(-7.0710678118654757E-01,0.0000000000000000E+00,
   -7.0710678118654746E-01));
#68140=VECTOR('',#68130,1.0000000000000000E+00);
#68150=LINE('',#68120,#68140);
#68160=CARTESIAN_POINT('',(-3.5973036748504086E+01,
   2.3538852824316109E+01,1.4360992091963382E+01));
#68170=VERTEX_POINT('',#68160);
#68180=CARTESIAN_POINT('',(-3.6902027478507286E+01,
   2.3538852824316109E+01,1.3432001361960250E+01));
#68190=VERTEX_POINT('',#68180);
#68200=EDGE_CURVE('',#68170,#68190,#68150,.T.);
#68210=ORIENTED_EDGE('',*,*,#68200,.T.);
#68220=CARTESIAN_POINT('',(-3.5854003587298216E+01,
   2.3538852824316109E+01,1.5000000000000004E+01));
#68230=DIRECTION('',(0.0000000000000000E+00,-1.0000000000000000E+00,
   0.0000000000000000E+00));
#68240=DIRECTION('',(1.0000000000000000E+00,0.0000000000000000E+00,
   0.0000000000000000E+00));
#68250=AXIS2_PLACEMENT_3D('',#68220,#68230,#68240);
#68260=CIRCLE('',#68250,6.5000000000000002E-01);
#68270=CARTESIAN_POINT('',(-3.6483998472459021E+01,
   2.3538852824316109E+01,1.4839979861669768E+01));
#68280=VERTEX_POINT('',#68270);
#68290=EDGE_CURVE('',#68280,#68170,#68260,.T.);
#68300=ORIENTED_EDGE('',*,*,#68290,.T.);
#68310=CARTESIAN_POINT('',(-8.8925674828030196E+01,
   2.3538852824316109E+01,-3.7601696493901414E+01));
#68320=DIRECTION('',(-7.0710678118654757E-01,0.0000000000000000E+00,
   -7.0710678118654746E-01));
#68330=VECTOR('',#68320,1.0000000000000000E+00);
#68340=LINE('',#68310,#68330);
#68350=CARTESIAN_POINT('',(-3.7397002225337914E+01,
   2.3538852824316109E+01,1.3926976108790859E+01));
#68360=VERTEX_POINT('',#68350);
#68370=EDGE_CURVE('',#68280,#68360,#68340,.T.);
#68380=ORIENTED_EDGE('',*,*,#68370,.F.);
#68390=CARTESIAN_POINT('',(-3.5829003587298203E+01,
   2.3538852824316109E+01,1.5000000000000004E+01));
#68400=DIRECTION('',(0.0000000000000000E+00,1.0000000000000000E+00,
   0.0000000000000000E+00));
#68410=DIRECTION('',(-1.0000000000000000E+00,0.0000000000000000E+00,
   0.0000000000000000E+00));
#68420=AXIS2_PLACEMENT_3D('',#68390,#68400,#68410);
#68430=CIRCLE('',#68420,1.8999999999999999E+00);
#68440=EDGE_CURVE('',#68190,#68360,#68430,.T.);
#68450=ORIENTED_EDGE('',*,*,#68440,.T.);
#68460=EDGE_LOOP('',(#68450,#68380,#68300,#68210));
#68470=FACE_OUTER_BOUND('',#68460,.T.);
#68480=ADVANCED_FACE('',(#68470),#68110,.T.);
#68490=COLOUR_RGB('',9.4901967048645020E-01,9.4901967048645020E-01,
   1.0000000000000000E+00);
#68500=FILL_AREA_STYLE_COLOUR('',#68490);
#68510=FILL_AREA_STYLE('',(#68500));
#68520=SURFACE_STYLE_FILL_AREA(#68510);
#68530=SURFACE_SIDE_STYLE('',(#68520));
#68540=SURFACE_STYLE_USAGE(.BOTH.,#68530);
#68550=PRESENTATION_STYLE_ASSIGNMENT((#68540));
#68560=CARTESIAN_POINT('',(-3.5581516213882892E+01,
   2.3538852824316109E+01,1.4752512626584686E+01));
#68570=DIRECTION('',(-7.0710678118654746E-01,0.0000000000000000E+00,
   7.0710678118654757E-01));
#68580=DIRECTION('',(0.0000000000000000E+00,1.0000000000000000E+00,
   0.0000000000000000E+00));
#68590=AXIS2_PLACEMENT_3D('',#68560,#68570,#68580);
#68600=PLANE('',#68590);
#68610=CARTESIAN_POINT('',(-8.8925674828030196E+01,
   2.4538852824316116E+01,-3.8591645987562615E+01));
#68620=DIRECTION('',(7.0710678118654757E-01,0.0000000000000000E+00,
   7.0710678118654746E-01));
#68630=VECTOR('',#68620,1.0000000000000000E+00);
#68640=LINE('',#68610,#68630);
#68650=CARTESIAN_POINT('',(-3.6902027478507307E+01,
   2.4538852824316116E+01,1.3432001361960266E+01));
#68660=VERTEX_POINT('',#68650);
#68670=CARTESIAN_POINT('',(-3.5973036748504178E+01,
   2.4538852824316116E+01,1.4360992091963400E+01));
#68680=VERTEX_POINT('',#68670);
#68690=EDGE_CURVE('',#68660,#68680,#68640,.T.);
#68700=ORIENTED_EDGE('',*,*,#68690,.F.);
#68710=CARTESIAN_POINT('',(-3.5973036748504178E+01,
   3.5508852824316115E+01,1.4360992091963400E+01));
#68720=DIRECTION('',(0.0000000000000000E+00,-1.0000000000000000E+00,
   0.0000000000000000E+00));
#68730=VECTOR('',#68720,1.0000000000000000E+00);
#68740=LINE('',#68710,#68730);
#68750=EDGE_CURVE('',#68680,#68170,#68740,.T.);
#68760=ORIENTED_EDGE('',*,*,#68750,.F.);
#68770=ORIENTED_EDGE('',*,*,#68200,.F.);
#68780=CARTESIAN_POINT('',(-3.6902027478507307E+01,
   2.3082795793605840E+01,1.3432001361960266E+01));
#68790=DIRECTION('',(0.0000000000000000E+00,1.0000000000000000E+00,
   0.0000000000000000E+00));
#68800=VECTOR('',#68790,1.0000000000000000E+00);
#68810=LINE('',#68780,#68800);
#68820=EDGE_CURVE('',#68190,#68660,#68810,.T.);
#68830=ORIENTED_EDGE('',*,*,#68820,.F.);
#68840=EDGE_LOOP('',(#68830,#68770,#68760,#68700));
#68850=FACE_OUTER_BOUND('',#68840,.T.);
#68860=ADVANCED_FACE('',(#68850),#68600,.T.);
#68870=COLOUR_RGB('',9.4901967048645020E-01,9.4901967048645020E-01,
   1.0000000000000000E+00);
#68880=FILL_AREA_STYLE_COLOUR('',#68870);
#68890=FILL_AREA_STYLE('',(#68880));
#68900=SURFACE_STYLE_FILL_AREA(#68890);
#68910=SURFACE_SIDE_STYLE('',(#68900));
#68920=SURFACE_STYLE_USAGE(.BOTH.,#68910);
#68930=PRESENTATION_STYLE_ASSIGNMENT((#68920));
#68940=CARTESIAN_POINT('',(-3.9181003587298207E+01,
   1.5508852824316122E+01,1.7500000000000004E+01));
#68950=DIRECTION('',(-1.0000000000000000E+00,0.0000000000000000E+00,
   0.0000000000000000E+00));
#68960=DIRECTION('',(0.0000000000000000E+00,0.0000000000000000E+00,
   1.0000000000000000E+00));
#68970=AXIS2_PLACEMENT_3D('',#68940,#68950,#68960);
#68980=PLANE('',#68970);
#68990=CARTESIAN_POINT('',(-3.9181003587298207E+01,
   1.5508852824316122E+01,1.5000000000000004E+01));
#69000=DIRECTION('',(0.0000000000000000E+00,0.0000000000000000E+00,
   -1.0000000000000000E+00));
#69010=VECTOR('',#69000,1.0000000000000000E+00);
#69020=LINE('',#68990,#69010);
#69030=CARTESIAN_POINT('',(-3.9181003587298207E+01,
   1.5508852824316122E+01,1.7500000000000004E+01));
#69040=VERTEX_POINT('',#69030);
#69050=CARTESIAN_POINT('',(-3.9181003587298207E+01,
   1.5508852824316122E+01,1.7371309300093312E+01));
#69060=VERTEX_POINT('',#69050);
#69070=EDGE_CURVE('',#69040,#69060,#69020,.T.);
#69080=ORIENTED_EDGE('',*,*,#69070,.T.);
#69090=CARTESIAN_POINT('',(-3.9181003587298207E+01,
   0.0000000000000000E+00,1.7500000000000004E+01));
#69100=DIRECTION('',(0.0000000000000000E+00,1.0000000000000000E+00,
   0.0000000000000000E+00));
#69110=VECTOR('',#69100,1.0000000000000000E+00);
#69120=LINE('',#69090,#69110);
#69130=EDGE_CURVE('',#69040,#51420,#69120,.T.);
#69140=ORIENTED_EDGE('',*,*,#69130,.F.);
#69150=ORIENTED_EDGE('',*,*,#51430,.T.);
#69160=CARTESIAN_POINT('',(-3.9181003587298207E+01,
   1.5508852824316122E+01,1.7371309300093312E+01));
#69170=DIRECTION('',(0.0000000000000000E+00,1.0000000000000000E+00,
   0.0000000000000000E+00));
#69180=VECTOR('',#69170,1.0000000000000000E+00);
#69190=LINE('',#69160,#69180);
#69200=EDGE_CURVE('',#69060,#51340,#69190,.T.);
#69210=ORIENTED_EDGE('',*,*,#69200,.T.);
#69220=EDGE_LOOP('',(#69210,#69150,#69140,#69080));
#69230=FACE_OUTER_BOUND('',#69220,.T.);
#69240=ADVANCED_FACE('',(#69230),#68980,.F.);
#69250=COLOUR_RGB('',5.0196081399917603E-01,1.0000000000000000E+00,
   5.0196081399917603E-01);
#69260=FILL_AREA_STYLE_COLOUR('',#69250);
#69270=FILL_AREA_STYLE('',(#69260));
#69280=SURFACE_STYLE_FILL_AREA(#69270);
#69290=SURFACE_SIDE_STYLE('',(#69280));
#69300=SURFACE_STYLE_USAGE(.BOTH.,#69290);
#69310=PRESENTATION_STYLE_ASSIGNMENT((#69300));
#69320=CARTESIAN_POINT('',(-3.4871503587298207E+01,
   2.3238852824316119E+01,1.5000000000000004E+01));
#69330=DIRECTION('',(-0.0000000000000000E+00,-1.0000000000000000E+00,
   -0.0000000000000000E+00));
#69340=DIRECTION('',(-1.0000000000000000E+00,0.0000000000000000E+00,
   0.0000000000000000E+00));
#69350=AXIS2_PLACEMENT_3D('',#69320,#69330,#69340);
#69360=PLANE('',#69350);
#69370=CARTESIAN_POINT('',(-3.5829003587298203E+01,
   2.3238852824316119E+01,1.5000000000000004E+01));
#69380=DIRECTION('',(0.0000000000000000E+00,1.0000000000000000E+00,
   0.0000000000000000E+00));
#69390=DIRECTION('',(-1.0000000000000000E+00,0.0000000000000000E+00,
   0.0000000000000000E+00));
#69400=AXIS2_PLACEMENT_3D('',#69370,#69380,#69390);
#69410=CIRCLE('',#69400,1.8999999999999999E+00);
#69420=CARTESIAN_POINT('',(-3.3929003587298205E+01,
   2.3238852824316119E+01,1.5000000000000004E+01));
#69430=VERTEX_POINT('',#69420);
#69440=CARTESIAN_POINT('',(-3.7729003587298202E+01,
   2.3238852824316119E+01,1.5000000000000004E+01));
#69450=VERTEX_POINT('',#69440);
#69460=EDGE_CURVE('',#69430,#69450,#69410,.T.);
#69470=ORIENTED_EDGE('',*,*,#69460,.F.);
#69480=EDGE_CURVE('',#69450,#69430,#69410,.T.);
#69490=ORIENTED_EDGE('',*,*,#69480,.F.);
#69500=EDGE_LOOP('',(#69490,#69470));
#69510=FACE_BOUND('',#69500,.T.);
#69520=EDGE_CURVE('',#66510,#66600,#66670,.T.);
#69530=ORIENTED_EDGE('',*,*,#69520,.T.);
#69540=ORIENTED_EDGE('',*,*,#66680,.T.);
#69550=EDGE_LOOP('',(#69540,#69530));
#69560=FACE_OUTER_BOUND('',#69550,.T.);
#69570=ADVANCED_FACE('',(#69510,#69560),#69360,.F.);
#69580=COLOUR_RGB('',5.0196081399917603E-01,1.0000000000000000E+00,
   5.0196081399917603E-01);
#69590=FILL_AREA_STYLE_COLOUR('',#69580);
#69600=FILL_AREA_STYLE('',(#69590));
#69610=SURFACE_STYLE_FILL_AREA(#69600);
#69620=SURFACE_SIDE_STYLE('',(#69610));
#69630=SURFACE_STYLE_USAGE(.BOTH.,#69620);
#69640=PRESENTATION_STYLE_ASSIGNMENT((#69630));
#69650=CARTESIAN_POINT('',(-3.9181003587298207E+01,
   1.5508852824316122E+01,1.7371309300093312E+01));
#69660=DIRECTION('',(-7.6537089760045707E-01,0.0000000000000000E+00,
   6.4358945695705005E-01));
#69670=DIRECTION('',(6.4358945695705005E-01,0.0000000000000000E+00,
   7.6537089760045707E-01));
#69680=AXIS2_PLACEMENT_3D('',#69650,#69660,#69670);
#69690=PLANE('',#69680);
#69700=CARTESIAN_POINT('',(-4.1175003711302061E+01,
   1.5508852824316122E+01,1.5000000000000004E+01));
#69710=DIRECTION('',(-6.4358945695705005E-01,0.0000000000000000E+00,
   -7.6537089760045707E-01));
#69720=VECTOR('',#69710,1.0000000000000000E+00);
#69730=LINE('',#69700,#69720);
#69740=CARTESIAN_POINT('',(-3.9330962930914275E+01,
   1.5508852824316122E+01,1.7192974313113151E+01));
#69750=VERTEX_POINT('',#69740);
#69760=EDGE_CURVE('',#69060,#69750,#69730,.T.);
#69770=ORIENTED_EDGE('',*,*,#69760,.T.);
#69780=ORIENTED_EDGE('',*,*,#69200,.F.);
#69790=ORIENTED_EDGE('',*,*,#51350,.T.);
#69800=CARTESIAN_POINT('',(-3.9330962930914275E+01,
   1.5508852824316122E+01,1.7192974313113151E+01));
#69810=DIRECTION('',(0.0000000000000000E+00,1.0000000000000000E+00,
   0.0000000000000000E+00));
#69820=VECTOR('',#69810,1.0000000000000000E+00);
#69830=LINE('',#69800,#69820);
#69840=EDGE_CURVE('',#69750,#51260,#69830,.T.);
#69850=ORIENTED_EDGE('',*,*,#69840,.T.);
#69860=EDGE_LOOP('',(#69850,#69790,#69780,#69770));
#69870=FACE_OUTER_BOUND('',#69860,.T.);
#69880=ADVANCED_FACE('',(#69870),#69690,.F.);
#69890=COLOUR_RGB('',5.0196081399917603E-01,1.0000000000000000E+00,
   5.0196081399917603E-01);
#69900=FILL_AREA_STYLE_COLOUR('',#69890);
#69910=FILL_AREA_STYLE('',(#69900));
#69920=SURFACE_STYLE_FILL_AREA(#69910);
#69930=SURFACE_SIDE_STYLE('',(#69920));
#69940=SURFACE_STYLE_USAGE(.BOTH.,#69930);
#69950=PRESENTATION_STYLE_ASSIGNMENT((#69940));
#69960=CARTESIAN_POINT('',(-3.5581516213882892E+01,
   2.3538852824316109E+01,1.4752512626584686E+01));
#69970=DIRECTION('',(0.0000000000000000E+00,1.0000000000000000E+00,
   0.0000000000000000E+00));
#69980=DIRECTION('',(7.0710678118654746E-01,0.0000000000000000E+00,
   -7.0710678118654757E-01));
#69990=AXIS2_PLACEMENT_3D('',#69960,#69970,#69980);
#70000=PLANE('',#69990);
#70010=CARTESIAN_POINT('',(-8.8925674828030196E+01,
   2.3538852824316109E+01,-3.8591645987562615E+01));
#70020=DIRECTION('',(-7.0710678118654757E-01,0.0000000000000000E+00,
   -7.0710678118654746E-01));
#70030=VECTOR('',#70020,1.0000000000000000E+00);
#70040=LINE('',#70010,#70030);
#70050=CARTESIAN_POINT('',(-3.5214995679261598E+01,
   2.3538852824316109E+01,1.5119033161205870E+01));
#70060=VERTEX_POINT('',#70050);
#70070=CARTESIAN_POINT('',(-3.5334028840467575E+01,
   2.3538852824316109E+01,1.5000000000000000E+01));
#70080=VERTEX_POINT('',#70070);
#70090=EDGE_CURVE('',#70060,#70080,#70040,.T.);
#70100=ORIENTED_EDGE('',*,*,#70090,.T.);
#70110=CARTESIAN_POINT('',(-3.5854003587298216E+01,
   2.3538852824316109E+01,1.5000000000000004E+01));
#70120=DIRECTION('',(0.0000000000000000E+00,-1.0000000000000000E+00,
   0.0000000000000000E+00));
#70130=DIRECTION('',(1.0000000000000000E+00,0.0000000000000000E+00,
   0.0000000000000000E+00));
#70140=AXIS2_PLACEMENT_3D('',#70110,#70120,#70130);
#70150=CIRCLE('',#70140,6.5000000000000002E-01);
#70160=EDGE_CURVE('',#70060,#67080,#70150,.T.);
#70170=ORIENTED_EDGE('',*,*,#70160,.F.);
#70180=ORIENTED_EDGE('',*,*,#67090,.F.);
#70190=CARTESIAN_POINT('',(-8.8925674828030196E+01,
   2.3538852824316109E+01,1.5000000000000004E+01));
#70200=DIRECTION('',(-1.0000000000000000E+00,0.0000000000000000E+00,
   0.0000000000000000E+00));
#70210=VECTOR('',#70200,1.0000000000000000E+00);
#70220=LINE('',#70190,#70210);
#70230=EDGE_CURVE('',#70080,#67000,#70220,.T.);
#70240=ORIENTED_EDGE('',*,*,#70230,.T.);
#70250=EDGE_LOOP('',(#70240,#70180,#70170,#70100));
#70260=FACE_OUTER_BOUND('',#70250,.T.);
#70270=ADVANCED_FACE('',(#70260),#70000,.T.);
#70280=COLOUR_RGB('',9.4901967048645020E-01,9.4901967048645020E-01,
   1.0000000000000000E+00);
#70290=FILL_AREA_STYLE_COLOUR('',#70280);
#70300=FILL_AREA_STYLE('',(#70290));
#70310=SURFACE_STYLE_FILL_AREA(#70300);
#70320=SURFACE_SIDE_STYLE('',(#70310));
#70330=SURFACE_STYLE_USAGE(.BOTH.,#70320);
#70340=PRESENTATION_STYLE_ASSIGNMENT((#70330));
#70350=CARTESIAN_POINT('',(-3.4261004949258449E+01,
   2.3538852824316109E+01,1.6073023891209083E+01));
#70360=VERTEX_POINT('',#70350);
#70370=EDGE_CURVE('',#70360,#70060,#70040,.T.);
#70380=ORIENTED_EDGE('',*,*,#70370,.T.);
#70390=CARTESIAN_POINT('',(-3.5829003587298203E+01,
   2.3538852824316109E+01,1.5000000000000004E+01));
#70400=DIRECTION('',(0.0000000000000000E+00,1.0000000000000000E+00,
   0.0000000000000000E+00));
#70410=DIRECTION('',(-1.0000000000000000E+00,0.0000000000000000E+00,
   0.0000000000000000E+00));
#70420=AXIS2_PLACEMENT_3D('',#70390,#70400,#70410);
#70430=CIRCLE('',#70420,1.8999999999999999E+00);
#70440=CARTESIAN_POINT('',(-3.4755979696089057E+01,
   2.3538852824316109E+01,1.6567998638039711E+01));
#70450=VERTEX_POINT('',#70440);
#70460=EDGE_CURVE('',#70450,#70360,#70430,.T.);
#70470=ORIENTED_EDGE('',*,*,#70460,.T.);
#70480=EDGE_CURVE('',#70450,#67080,#67060,.T.);
#70490=ORIENTED_EDGE('',*,*,#70480,.F.);
#70500=ORIENTED_EDGE('',*,*,#70160,.T.);
#70510=EDGE_LOOP('',(#70500,#70490,#70470,#70380));
#70520=FACE_OUTER_BOUND('',#70510,.T.);
#70530=ADVANCED_FACE('',(#70520),#70000,.T.);
#70540=COLOUR_RGB('',9.4901967048645020E-01,9.4901967048645020E-01,
   1.0000000000000000E+00);
#70550=FILL_AREA_STYLE_COLOUR('',#70540);
#70560=FILL_AREA_STYLE('',(#70550));
#70570=SURFACE_STYLE_FILL_AREA(#70560);
#70580=SURFACE_SIDE_STYLE('',(#70570));
#70590=SURFACE_STYLE_USAGE(.BOTH.,#70580);
#70600=PRESENTATION_STYLE_ASSIGNMENT((#70590));
#70610=CARTESIAN_POINT('',(-3.5581516213882892E+01,
   2.3538852824316109E+01,1.4752512626584686E+01));
#70620=DIRECTION('',(-7.0710678118654746E-01,0.0000000000000000E+00,
   7.0710678118654757E-01));
#70630=DIRECTION('',(0.0000000000000000E+00,1.0000000000000000E+00,
   0.0000000000000000E+00));
#70640=AXIS2_PLACEMENT_3D('',#70610,#70620,#70630);
#70650=PLANE('',#70640);
#70660=CARTESIAN_POINT('',(-8.8925674828030196E+01,
   2.4538852824316116E+01,-3.8591645987562615E+01));
#70670=DIRECTION('',(7.0710678118654757E-01,0.0000000000000000E+00,
   7.0710678118654746E-01));
#70680=VECTOR('',#70670,1.0000000000000000E+00);
#70690=LINE('',#70660,#70680);
#70700=CARTESIAN_POINT('',(-3.5334028840467575E+01,
   2.4538852824316116E+01,1.5000000000000004E+01));
#70710=VERTEX_POINT('',#70700);
#70720=CARTESIAN_POINT('',(-3.5214995679261612E+01,
   2.4538852824316116E+01,1.5119033161205966E+01));
#70730=VERTEX_POINT('',#70720);
#70740=EDGE_CURVE('',#70710,#70730,#70690,.T.);
#70750=ORIENTED_EDGE('',*,*,#70740,.F.);
#70760=CARTESIAN_POINT('',(-3.5214995679261612E+01,
   3.5508852824316115E+01,1.5119033161205966E+01));
#70770=DIRECTION('',(0.0000000000000000E+00,-1.0000000000000000E+00,
   0.0000000000000000E+00));
#70780=VECTOR('',#70770,1.0000000000000000E+00);
#70790=LINE('',#70760,#70780);
#70800=EDGE_CURVE('',#70730,#70060,#70790,.T.);
#70810=ORIENTED_EDGE('',*,*,#70800,.F.);
#70820=ORIENTED_EDGE('',*,*,#70090,.F.);
#70830=CARTESIAN_POINT('',(-3.5334028840467575E+01,
   -2.6716239164827719E+01,1.5000000000000004E+01));
#70840=DIRECTION('',(0.0000000000000000E+00,1.0000000000000000E+00,
   -0.0000000000000000E+00));
#70850=VECTOR('',#70840,1.0000000000000000E+00);
#70860=LINE('',#70830,#70850);
#70870=EDGE_CURVE('',#70080,#70710,#70860,.T.);
#70880=ORIENTED_EDGE('',*,*,#70870,.F.);
#70890=EDGE_LOOP('',(#70880,#70820,#70810,#70750));
#70900=FACE_OUTER_BOUND('',#70890,.T.);
#70910=ADVANCED_FACE('',(#70900),#70650,.T.);
#70920=COLOUR_RGB('',9.4901967048645020E-01,9.4901967048645020E-01,
   1.0000000000000000E+00);
#70930=FILL_AREA_STYLE_COLOUR('',#70920);
#70940=FILL_AREA_STYLE('',(#70930));
#70950=SURFACE_STYLE_FILL_AREA(#70940);
#70960=SURFACE_SIDE_STYLE('',(#70950));
#70970=SURFACE_STYLE_USAGE(.BOTH.,#70960);
#70980=PRESENTATION_STYLE_ASSIGNMENT((#70970));
#70990=CARTESIAN_POINT('',(-3.4261004949258471E+01,
   2.4538852824316116E+01,1.6073023891209111E+01));
#71000=VERTEX_POINT('',#70990);
#71010=EDGE_CURVE('',#70730,#71000,#70690,.T.);
#71020=ORIENTED_EDGE('',*,*,#71010,.F.);
#71030=CARTESIAN_POINT('',(-3.4261004949258471E+01,
   2.3082795793605840E+01,1.6073023891209111E+01));
#71040=DIRECTION('',(0.0000000000000000E+00,1.0000000000000000E+00,
   0.0000000000000000E+00));
#71050=VECTOR('',#71040,1.0000000000000000E+00);
#71060=LINE('',#71030,#71050);
#71070=EDGE_CURVE('',#70360,#71000,#71060,.T.);
#71080=ORIENTED_EDGE('',*,*,#71070,.T.);
#71090=ORIENTED_EDGE('',*,*,#70370,.F.);
#71100=ORIENTED_EDGE('',*,*,#70800,.T.);
#71110=EDGE_LOOP('',(#71100,#71090,#71080,#71020));
#71120=FACE_OUTER_BOUND('',#71110,.T.);
#71130=ADVANCED_FACE('',(#71120),#70650,.T.);
#71140=COLOUR_RGB('',9.4901967048645020E-01,9.4901967048645020E-01,
   1.0000000000000000E+00);
#71150=FILL_AREA_STYLE_COLOUR('',#71140);
#71160=FILL_AREA_STYLE('',(#71150));
#71170=SURFACE_STYLE_FILL_AREA(#71160);
#71180=SURFACE_SIDE_STYLE('',(#71170));
#71190=SURFACE_STYLE_USAGE(.BOTH.,#71180);
#71200=PRESENTATION_STYLE_ASSIGNMENT((#71190));
#71210=CARTESIAN_POINT('',(-3.8617044243682152E+01,
   1.5508852824316122E+01,1.7192974313113154E+01));
#71220=DIRECTION('',(7.6537089760052390E-01,-0.0000000000000000E+00,
   6.4358945695697078E-01));
#71230=DIRECTION('',(6.4358945695697078E-01,0.0000000000000000E+00,
   -7.6537089760052390E-01));
#71240=AXIS2_PLACEMENT_3D('',#71210,#71220,#71230);
#71250=PLANE('',#71240);
#71260=CARTESIAN_POINT('',(-3.6773003463294749E+01,
   1.5508852824316122E+01,1.5000000000000004E+01));
#71270=DIRECTION('',(-6.4358945695697078E-01,0.0000000000000000E+00,
   7.6537089760052390E-01));
#71280=VECTOR('',#71270,1.0000000000000000E+00);
#71290=LINE('',#71260,#71280);
#71300=EDGE_CURVE('',#36150,#65250,#71290,.T.);
#71310=ORIENTED_EDGE('',*,*,#71300,.T.);
#71320=ORIENTED_EDGE('',*,*,#36380,.F.);
#71330=ORIENTED_EDGE('',*,*,#51100,.T.);
#71340=ORIENTED_EDGE('',*,*,#65340,.T.);
#71350=EDGE_LOOP('',(#71340,#71330,#71320,#71310));
#71360=FACE_OUTER_BOUND('',#71350,.T.);
#71370=ADVANCED_FACE('',(#71360),#71250,.F.);
#71380=COLOUR_RGB('',5.0196081399917603E-01,1.0000000000000000E+00,
   5.0196081399917603E-01);
#71390=FILL_AREA_STYLE_COLOUR('',#71380);
#71400=FILL_AREA_STYLE('',(#71390));
#71410=SURFACE_STYLE_FILL_AREA(#71400);
#71420=SURFACE_SIDE_STYLE('',(#71410));
#71430=SURFACE_STYLE_USAGE(.BOTH.,#71420);
#71440=PRESENTATION_STYLE_ASSIGNMENT((#71430));
#71450=CARTESIAN_POINT('',(-3.5829003587298203E+01,
   2.4538852824316116E+01,1.5000000000000004E+01));
#71460=DIRECTION('',(0.0000000000000000E+00,1.0000000000000000E+00,
   0.0000000000000000E+00));
#71470=DIRECTION('',(-1.0000000000000000E+00,0.0000000000000000E+00,
   0.0000000000000000E+00));
#71480=AXIS2_PLACEMENT_3D('',#71450,#71460,#71470);
#71490=CIRCLE('',#71480,1.8999999999999999E+00);
#71500=CARTESIAN_POINT('',(-3.3929003587298205E+01,
   2.4538852824316116E+01,1.5000000000000004E+01));
#71510=VERTEX_POINT('',#71500);
#71520=EDGE_CURVE('',#71000,#71510,#71490,.T.);
#71530=ORIENTED_EDGE('',*,*,#71520,.T.);
#71540=ORIENTED_EDGE('',*,*,#71010,.T.);
#71550=CARTESIAN_POINT('',(-3.5854003587298216E+01,
   2.4538852824316116E+01,1.5000000000000004E+01));
#71560=DIRECTION('',(0.0000000000000000E+00,-1.0000000000000000E+00,
   0.0000000000000000E+00));
#71570=DIRECTION('',(1.0000000000000000E+00,0.0000000000000000E+00,
   0.0000000000000000E+00));
#71580=AXIS2_PLACEMENT_3D('',#71550,#71560,#71570);
#71590=CIRCLE('',#71580,6.5000000000000002E-01);
#71600=CARTESIAN_POINT('',(-3.5204003587298217E+01,
   2.4538852824316116E+01,1.5000000000000004E+01));
#71610=VERTEX_POINT('',#71600);
#71620=EDGE_CURVE('',#71610,#70730,#71590,.T.);
#71630=ORIENTED_EDGE('',*,*,#71620,.T.);
#71640=CARTESIAN_POINT('',(-3.5854003587298216E+01,
   2.4538852824316116E+01,1.5000000000000004E+01));
#71650=DIRECTION('',(0.0000000000000000E+00,-1.0000000000000000E+00,
   0.0000000000000000E+00));
#71660=DIRECTION('',(1.0000000000000000E+00,0.0000000000000000E+00,
   0.0000000000000000E+00));
#71670=AXIS2_PLACEMENT_3D('',#71640,#71650,#71660);
#71680=CIRCLE('',#71670,6.5000000000000002E-01);
#71690=EDGE_CURVE('',#68680,#71610,#71680,.T.);
#71700=ORIENTED_EDGE('',*,*,#71690,.T.);
#71710=ORIENTED_EDGE('',*,*,#68690,.T.);
#71720=EDGE_CURVE('',#71510,#68660,#71490,.T.);
#71730=ORIENTED_EDGE('',*,*,#71720,.T.);
#71740=EDGE_LOOP('',(#71730,#71710,#71700,#71630,#71540,#71530));
#71750=FACE_OUTER_BOUND('',#71740,.T.);
#71760=ADVANCED_FACE('',(#71750),#67550,.T.);
#71770=COLOUR_RGB('',9.4901967048645020E-01,9.4901967048645020E-01,
   1.0000000000000000E+00);
#71780=FILL_AREA_STYLE_COLOUR('',#71770);
#71790=FILL_AREA_STYLE('',(#71780));
#71800=SURFACE_STYLE_FILL_AREA(#71790);
#71810=SURFACE_SIDE_STYLE('',(#71800));
#71820=SURFACE_STYLE_USAGE(.BOTH.,#71810);
#71830=PRESENTATION_STYLE_ASSIGNMENT((#71820));
#71840=ORIENTED_EDGE('',*,*,#67670,.F.);
#71850=ORIENTED_EDGE('',*,*,#67150,.F.);
#71860=ORIENTED_EDGE('',*,*,#70480,.T.);
#71870=CARTESIAN_POINT('',(-3.4755979696089057E+01,
   2.3082795793605840E+01,1.6567998638039711E+01));
#71880=DIRECTION('',(0.0000000000000000E+00,1.0000000000000000E+00,
   0.0000000000000000E+00));
#71890=VECTOR('',#71880,1.0000000000000000E+00);
#71900=LINE('',#71870,#71890);
#71910=EDGE_CURVE('',#70450,#67660,#71900,.T.);
#71920=ORIENTED_EDGE('',*,*,#71910,.F.);
#71930=EDGE_LOOP('',(#71920,#71860,#71850,#71840));
#71940=FACE_OUTER_BOUND('',#71930,.T.);
#71950=ADVANCED_FACE('',(#71940),#66840,.T.);
#71960=COLOUR_RGB('',9.4901967048645020E-01,9.4901967048645020E-01,
   1.0000000000000000E+00);
#71970=FILL_AREA_STYLE_COLOUR('',#71960);
#71980=FILL_AREA_STYLE('',(#71970));
#71990=SURFACE_STYLE_FILL_AREA(#71980);
#72000=SURFACE_SIDE_STYLE('',(#71990));
#72010=SURFACE_STYLE_USAGE(.BOTH.,#72000);
#72020=PRESENTATION_STYLE_ASSIGNMENT((#72010));
#72030=CARTESIAN_POINT('',(-3.5829003587298203E+01,
   2.3082795793605840E+01,1.5000000000000004E+01));
#72040=DIRECTION('',(0.0000000000000000E+00,1.0000000000000000E+00,
   0.0000000000000000E+00));
#72050=DIRECTION('',(-1.0000000000000000E+00,0.0000000000000000E+00,
   0.0000000000000000E+00));
#72060=AXIS2_PLACEMENT_3D('',#72030,#72040,#72050);
#72070=CYLINDRICAL_SURFACE('',#72060,1.8999999999999999E+00);
#72080=CARTESIAN_POINT('',(-3.7729003587298202E+01,
   2.3082795793605840E+01,1.5000000000000004E+01));
#72090=DIRECTION('',(0.0000000000000000E+00,1.0000000000000000E+00,
   0.0000000000000000E+00));
#72100=VECTOR('',#72090,1.0000000000000000E+00);
#72110=LINE('',#72080,#72100);
#72120=EDGE_CURVE('',#69450,#67750,#72110,.T.);
#72130=ORIENTED_EDGE('',*,*,#72120,.F.);
#72140=ORIENTED_EDGE('',*,*,#67760,.F.);
#72150=ORIENTED_EDGE('',*,*,#71910,.T.);
#72160=ORIENTED_EDGE('',*,*,#70460,.F.);
#72170=ORIENTED_EDGE('',*,*,#71070,.F.);
#72180=ORIENTED_EDGE('',*,*,#71520,.F.);
#72190=CARTESIAN_POINT('',(-3.3929003587298205E+01,
   2.3082795793605840E+01,1.5000000000000004E+01));
#72200=DIRECTION('',(0.0000000000000000E+00,1.0000000000000000E+00,
   0.0000000000000000E+00));
#72210=VECTOR('',#72200,1.0000000000000000E+00);
#72220=LINE('',#72190,#72210);
#72230=EDGE_CURVE('',#69430,#71510,#72220,.T.);
#72240=ORIENTED_EDGE('',*,*,#72230,.T.);
#72250=ORIENTED_EDGE('',*,*,#69480,.T.);
#72260=EDGE_LOOP('',(#72250,#72240,#72180,#72170,#72160,#72150,#72140,
   #72130));
#72270=FACE_OUTER_BOUND('',#72260,.T.);
#72280=ADVANCED_FACE('',(#72270),#72070,.T.);
#72290=COLOUR_RGB('',9.4901967048645020E-01,9.4901967048645020E-01,
   1.0000000000000000E+00);
#72300=FILL_AREA_STYLE_COLOUR('',#72290);
#72310=FILL_AREA_STYLE('',(#72300));
#72320=SURFACE_STYLE_FILL_AREA(#72310);
#72330=SURFACE_SIDE_STYLE('',(#72320));
#72340=SURFACE_STYLE_USAGE(.BOTH.,#72330);
#72350=PRESENTATION_STYLE_ASSIGNMENT((#72340));
#72360=CARTESIAN_POINT('',(-3.6076490960713485E+01,
   2.4538852824316109E+01,1.5247487373415286E+01));
#72370=DIRECTION('',(7.0710678118654746E-01,0.0000000000000000E+00,
   -7.0710678118654757E-01));
#72380=DIRECTION('',(0.0000000000000000E+00,-1.0000000000000000E+00,
   0.0000000000000000E+00));
#72390=AXIS2_PLACEMENT_3D('',#72360,#72370,#72380);
#72400=PLANE('',#72390);
#72410=ORIENTED_EDGE('',*,*,#67880,.F.);
#72420=CARTESIAN_POINT('',(-3.7397002225337914E+01,
   2.3082795793605840E+01,1.3926976108790859E+01));
#72430=DIRECTION('',(0.0000000000000000E+00,1.0000000000000000E+00,
   0.0000000000000000E+00));
#72440=VECTOR('',#72430,1.0000000000000000E+00);
#72450=LINE('',#72420,#72440);
#72460=EDGE_CURVE('',#68360,#67790,#72450,.T.);
#72470=ORIENTED_EDGE('',*,*,#72460,.T.);
#72480=ORIENTED_EDGE('',*,*,#68370,.T.);
#72490=CARTESIAN_POINT('',(-3.6483998472459014E+01,
   3.5508852824316115E+01,1.4839979861669756E+01));
#72500=DIRECTION('',(0.0000000000000000E+00,-1.0000000000000000E+00,
   0.0000000000000000E+00));
#72510=VECTOR('',#72500,1.0000000000000000E+00);
#72520=LINE('',#72490,#72510);
#72530=EDGE_CURVE('',#67870,#68280,#72520,.T.);
#72540=ORIENTED_EDGE('',*,*,#72530,.T.);
#72550=EDGE_LOOP('',(#72540,#72480,#72470,#72410));
#72560=FACE_OUTER_BOUND('',#72550,.T.);
#72570=ADVANCED_FACE('',(#72560),#72400,.T.);
#72580=COLOUR_RGB('',9.4901967048645020E-01,9.4901967048645020E-01,
   1.0000000000000000E+00);
#72590=FILL_AREA_STYLE_COLOUR('',#72580);
#72600=FILL_AREA_STYLE('',(#72590));
#72610=SURFACE_STYLE_FILL_AREA(#72600);
#72620=SURFACE_SIDE_STYLE('',(#72610));
#72630=SURFACE_STYLE_USAGE(.BOTH.,#72620);
#72640=PRESENTATION_STYLE_ASSIGNMENT((#72630));
#72650=ORIENTED_EDGE('',*,*,#67950,.F.);
#72660=EDGE_CURVE('',#66920,#67870,#67850,.T.);
#72670=ORIENTED_EDGE('',*,*,#72660,.T.);
#72680=CARTESIAN_POINT('',(-8.8925674828030196E+01,
   2.4538852824316116E+01,1.5000000000000004E+01));
#72690=DIRECTION('',(-1.0000000000000000E+00,0.0000000000000000E+00,
   0.0000000000000000E+00));
#72700=VECTOR('',#72690,1.0000000000000000E+00);
#72710=LINE('',#72680,#72700);
#72720=EDGE_CURVE('',#66920,#67620,#72710,.T.);
#72730=ORIENTED_EDGE('',*,*,#72720,.F.);
#72740=EDGE_LOOP('',(#72730,#72670,#72650));
#72750=FACE_OUTER_BOUND('',#72740,.T.);
#72760=ADVANCED_FACE('',(#72750),#67550,.T.);
#72770=COLOUR_RGB('',9.4901967048645020E-01,9.4901967048645020E-01,
   1.0000000000000000E+00);
#72780=FILL_AREA_STYLE_COLOUR('',#72770);
#72790=FILL_AREA_STYLE('',(#72780));
#72800=SURFACE_STYLE_FILL_AREA(#72790);
#72810=SURFACE_SIDE_STYLE('',(#72800));
#72820=SURFACE_STYLE_USAGE(.BOTH.,#72810);
#72830=PRESENTATION_STYLE_ASSIGNMENT((#72820));
#72840=CARTESIAN_POINT('',(-3.6497744671345409E+01,
   2.4538852824316116E+01,1.5668741084047209E+01));
#72850=DIRECTION('',(0.0000000000000000E+00,1.0000000000000000E+00,
   0.0000000000000000E+00));
#72860=DIRECTION('',(7.0710678118654746E-01,0.0000000000000000E+00,
   -7.0710678118654757E-01));
#72870=AXIS2_PLACEMENT_3D('',#72840,#72850,#72860);
#72880=PLANE('',#72870);
#72890=ORIENTED_EDGE('',*,*,#72720,.T.);
#72900=ORIENTED_EDGE('',*,*,#66930,.T.);
#72910=ORIENTED_EDGE('',*,*,#67630,.F.);
#72920=EDGE_LOOP('',(#72910,#72900,#72890));
#72930=FACE_OUTER_BOUND('',#72920,.T.);
#72940=ADVANCED_FACE('',(#72930),#72880,.T.);
#72950=COLOUR_RGB('',9.4901967048645020E-01,9.4901967048645020E-01,
   1.0000000000000000E+00);
#72960=FILL_AREA_STYLE_COLOUR('',#72950);
#72970=FILL_AREA_STYLE('',(#72960));
#72980=SURFACE_STYLE_FILL_AREA(#72970);
#72990=SURFACE_SIDE_STYLE('',(#72980));
#73000=SURFACE_STYLE_USAGE(.BOTH.,#72990);
#73010=PRESENTATION_STYLE_ASSIGNMENT((#73000));
#73020=EDGE_CURVE('',#70080,#68170,#68150,.T.);
#73030=ORIENTED_EDGE('',*,*,#73020,.T.);
#73040=ORIENTED_EDGE('',*,*,#70230,.F.);
#73050=EDGE_CURVE('',#67000,#68280,#68340,.T.);
#73060=ORIENTED_EDGE('',*,*,#73050,.F.);
#73070=ORIENTED_EDGE('',*,*,#68290,.F.);
#73080=EDGE_LOOP('',(#73070,#73060,#73040,#73030));
#73090=FACE_OUTER_BOUND('',#73080,.T.);
#73100=ADVANCED_FACE('',(#73090),#68110,.T.);
#73110=COLOUR_RGB('',9.4901967048645020E-01,9.4901967048645020E-01,
   1.0000000000000000E+00);
#73120=FILL_AREA_STYLE_COLOUR('',#73110);
#73130=FILL_AREA_STYLE('',(#73120));
#73140=SURFACE_STYLE_FILL_AREA(#73130);
#73150=SURFACE_SIDE_STYLE('',(#73140));
#73160=SURFACE_STYLE_USAGE(.BOTH.,#73150);
#73170=PRESENTATION_STYLE_ASSIGNMENT((#73160));
#73180=EDGE_CURVE('',#68680,#70710,#68640,.T.);
#73190=ORIENTED_EDGE('',*,*,#73180,.F.);
#73200=ORIENTED_EDGE('',*,*,#70870,.T.);
#73210=ORIENTED_EDGE('',*,*,#73020,.F.);
#73220=ORIENTED_EDGE('',*,*,#68750,.T.);
#73230=EDGE_LOOP('',(#73220,#73210,#73200,#73190));
#73240=FACE_OUTER_BOUND('',#73230,.T.);
#73250=ADVANCED_FACE('',(#73240),#68600,.T.);
#73260=COLOUR_RGB('',9.4901967048645020E-01,9.4901967048645020E-01,
   1.0000000000000000E+00);
#73270=FILL_AREA_STYLE_COLOUR('',#73260);
#73280=FILL_AREA_STYLE('',(#73270));
#73290=SURFACE_STYLE_FILL_AREA(#73280);
#73300=SURFACE_SIDE_STYLE('',(#73290));
#73310=SURFACE_STYLE_USAGE(.BOTH.,#73300);
#73320=PRESENTATION_STYLE_ASSIGNMENT((#73310));
#73330=ORIENTED_EDGE('',*,*,#70740,.T.);
#73340=CARTESIAN_POINT('',(-8.8925674828030196E+01,
   2.4538852824316116E+01,1.5000000000000004E+01));
#73350=DIRECTION('',(1.0000000000000000E+00,-0.0000000000000000E+00,
   0.0000000000000000E+00));
#73360=VECTOR('',#73350,1.0000000000000000E+00);
#73370=LINE('',#73340,#73360);
#73380=EDGE_CURVE('',#70710,#71610,#73370,.T.);
#73390=ORIENTED_EDGE('',*,*,#73380,.F.);
#73400=ORIENTED_EDGE('',*,*,#71620,.F.);
#73410=EDGE_LOOP('',(#73400,#73390,#73330));
#73420=FACE_OUTER_BOUND('',#73410,.T.);
#73430=ADVANCED_FACE('',(#73420),#72880,.T.);
#73440=COLOUR_RGB('',9.4901967048645020E-01,9.4901967048645020E-01,
   1.0000000000000000E+00);
#73450=FILL_AREA_STYLE_COLOUR('',#73440);
#73460=FILL_AREA_STYLE('',(#73450));
#73470=SURFACE_STYLE_FILL_AREA(#73460);
#73480=SURFACE_SIDE_STYLE('',(#73470));
#73490=SURFACE_STYLE_USAGE(.BOTH.,#73480);
#73500=PRESENTATION_STYLE_ASSIGNMENT((#73490));
#73510=ORIENTED_EDGE('',*,*,#73380,.T.);
#73520=ORIENTED_EDGE('',*,*,#73180,.T.);
#73530=ORIENTED_EDGE('',*,*,#71690,.F.);
#73540=EDGE_LOOP('',(#73530,#73520,#73510));
#73550=FACE_OUTER_BOUND('',#73540,.T.);
#73560=ADVANCED_FACE('',(#73550),#67550,.T.);
#73570=COLOUR_RGB('',9.4901967048645020E-01,9.4901967048645020E-01,
   1.0000000000000000E+00);
#73580=FILL_AREA_STYLE_COLOUR('',#73570);
#73590=FILL_AREA_STYLE('',(#73580));
#73600=SURFACE_STYLE_FILL_AREA(#73590);
#73610=SURFACE_SIDE_STYLE('',(#73600));
#73620=SURFACE_STYLE_USAGE(.BOTH.,#73610);
#73630=PRESENTATION_STYLE_ASSIGNMENT((#73620));
#73640=ORIENTED_EDGE('',*,*,#72660,.F.);
#73650=ORIENTED_EDGE('',*,*,#72530,.F.);
#73660=ORIENTED_EDGE('',*,*,#73050,.T.);
#73670=ORIENTED_EDGE('',*,*,#67010,.F.);
#73680=EDGE_LOOP('',(#73670,#73660,#73650,#73640));
#73690=FACE_OUTER_BOUND('',#73680,.T.);
#73700=ADVANCED_FACE('',(#73690),#72400,.T.);
#73710=COLOUR_RGB('',9.4901967048645020E-01,9.4901967048645020E-01,
   1.0000000000000000E+00);
#73720=FILL_AREA_STYLE_COLOUR('',#73710);
#73730=FILL_AREA_STYLE('',(#73720));
#73740=SURFACE_STYLE_FILL_AREA(#73730);
#73750=SURFACE_SIDE_STYLE('',(#73740));
#73760=SURFACE_STYLE_USAGE(.BOTH.,#73750);
#73770=PRESENTATION_STYLE_ASSIGNMENT((#73760));
#73780=CARTESIAN_POINT('',(-3.9330962930914275E+01,
   1.5508852824316122E+01,1.7192974313113151E+01));
#73790=DIRECTION('',(-1.0000000000000000E+00,0.0000000000000000E+00,
   5.9105097227002377E-15));
#73800=DIRECTION('',(5.9105097227002377E-15,0.0000000000000000E+00,
   1.0000000000000000E+00));
#73810=AXIS2_PLACEMENT_3D('',#73780,#73790,#73800);
#73820=PLANE('',#73810);
#73830=CARTESIAN_POINT('',(-3.9330962930914289E+01,
   1.5508852824316122E+01,1.5000000000000004E+01));
#73840=DIRECTION('',(-5.9105097227002377E-15,0.0000000000000000E+00,
   -1.0000000000000000E+00));
#73850=VECTOR('',#73840,1.0000000000000000E+00);
#73860=LINE('',#73830,#73850);
#73870=EDGE_CURVE('',#69750,#66200,#73860,.T.);
#73880=ORIENTED_EDGE('',*,*,#73870,.T.);
#73890=ORIENTED_EDGE('',*,*,#69840,.F.);
#73900=ORIENTED_EDGE('',*,*,#51270,.T.);
#73910=ORIENTED_EDGE('',*,*,#66270,.T.);
#73920=EDGE_LOOP('',(#73910,#73900,#73890,#73880));
#73930=FACE_OUTER_BOUND('',#73920,.T.);
#73940=ADVANCED_FACE('',(#73930),#73820,.F.);
#73950=COLOUR_RGB('',5.0196081399917603E-01,1.0000000000000000E+00,
   5.0196081399917603E-01);
#73960=FILL_AREA_STYLE_COLOUR('',#73950);
#73970=FILL_AREA_STYLE('',(#73960));
#73980=SURFACE_STYLE_FILL_AREA(#73970);
#73990=SURFACE_SIDE_STYLE('',(#73980));
#74000=SURFACE_STYLE_USAGE(.BOTH.,#73990);
#74010=PRESENTATION_STYLE_ASSIGNMENT((#74000));
#74020=CARTESIAN_POINT('',(-3.9904003587298213E+01,
   1.6351077836188246E+01,1.5000000000000004E+01));
#74030=DIRECTION('',(5.7357643635104816E-01,-8.1915204428899036E-01,
   0.0000000000000000E+00));
#74040=DIRECTION('',(-8.1915204428899036E-01,-5.7357643635104816E-01,
   0.0000000000000000E+00));
#74050=AXIS2_PLACEMENT_3D('',#74020,#74030,#74040);
#74060=PLANE('',#74050);
#74070=ORIENTED_EDGE('',*,*,#45800,.T.);
#74080=CARTESIAN_POINT('',(-3.9904003587298213E+01,
   1.6351077836188253E+01,1.5000000000000004E+01));
#74090=DIRECTION('',(0.0000000000000000E+00,0.0000000000000000E+00,
   -1.0000000000000000E+00));
#74100=VECTOR('',#74090,1.0000000000000000E+00);
#74110=LINE('',#74080,#74100);
#74120=CARTESIAN_POINT('',(-3.9904003587298213E+01,
   1.6351077836188253E+01,1.3125000000000005E+01));
#74130=VERTEX_POINT('',#74120);
#74140=EDGE_CURVE('',#45730,#74130,#74110,.T.);
#74150=ORIENTED_EDGE('',*,*,#74140,.F.);
#74160=CARTESIAN_POINT('',(0.0000000000000000E+00,4.4292161952761923E+01
   ,2.8183114561244661E+01));
#74170=DIRECTION('',(-7.8261493238007862E-01,-5.4799287516801631E-01,
   -2.9532638957738910E-01));
#74180=VECTOR('',#74170,1.0000000000000000E+00);
#74190=LINE('',#74160,#74180);
#74200=EDGE_CURVE('',#58730,#74130,#74190,.T.);
#74210=ORIENTED_EDGE('',*,*,#74200,.T.);
#74220=ORIENTED_EDGE('',*,*,#58740,.F.);
#74230=EDGE_LOOP('',(#74220,#74210,#74150,#74070));
#74240=FACE_OUTER_BOUND('',#74230,.T.);
#74250=ADVANCED_FACE('',(#74240),#74060,.F.);
#74260=COLOUR_RGB('',5.0196081399917603E-01,1.0000000000000000E+00,
   5.0196081399917603E-01);
#74270=FILL_AREA_STYLE_COLOUR('',#74260);
#74280=FILL_AREA_STYLE('',(#74270));
#74290=SURFACE_STYLE_FILL_AREA(#74280);
#74300=SURFACE_SIDE_STYLE('',(#74290));
#74310=SURFACE_STYLE_USAGE(.BOTH.,#74300);
#74320=PRESENTATION_STYLE_ASSIGNMENT((#74310));
#74330=CARTESIAN_POINT('',(0.0000000000000000E+00,0.0000000000000000E+00
   ,1.7500000000000004E+01));
#74340=DIRECTION('',(0.0000000000000000E+00,0.0000000000000000E+00,
   1.0000000000000000E+00));
#74350=DIRECTION('',(1.0000000000000000E+00,0.0000000000000000E+00,
   0.0000000000000000E+00));
#74360=AXIS2_PLACEMENT_3D('',#74330,#74340,#74350);
#74370=PLANE('',#74360);
#74380=ORIENTED_EDGE('',*,*,#64970,.T.);
#74390=ORIENTED_EDGE('',*,*,#64150,.F.);
#74400=CARTESIAN_POINT('',(0.0000000000000000E+00,1.5508852824316122E+01
   ,1.7500000000000004E+01));
#74410=DIRECTION('',(-1.0000000000000000E+00,0.0000000000000000E+00,
   0.0000000000000000E+00));
#74420=VECTOR('',#74410,1.0000000000000000E+00);
#74430=LINE('',#74400,#74420);
#74440=EDGE_CURVE('',#64140,#65270,#74430,.T.);
#74450=ORIENTED_EDGE('',*,*,#74440,.F.);
#74460=ORIENTED_EDGE('',*,*,#65410,.T.);
#74470=ORIENTED_EDGE('',*,*,#51510,.F.);
#74480=ORIENTED_EDGE('',*,*,#69130,.T.);
#74490=CARTESIAN_POINT('',(-3.9904003587298213E+01,
   1.5508852824316122E+01,1.7500000000000004E+01));
#74500=VERTEX_POINT('',#74490);
#74510=EDGE_CURVE('',#69040,#74500,#74430,.T.);
#74520=ORIENTED_EDGE('',*,*,#74510,.F.);
#74530=CARTESIAN_POINT('',(-3.9904003587298213E+01,
   0.0000000000000000E+00,1.7500000000000004E+01));
#74540=DIRECTION('',(0.0000000000000000E+00,1.0000000000000000E+00,
   0.0000000000000000E+00));
#74550=VECTOR('',#74540,1.0000000000000000E+00);
#74560=LINE('',#74530,#74550);
#74570=CARTESIAN_POINT('',(-3.9904003587298206E+01,
   2.0938852824316122E+01,1.7500000000000004E+01));
#74580=VERTEX_POINT('',#74570);
#74590=EDGE_CURVE('',#74500,#74580,#74560,.T.);
#74600=ORIENTED_EDGE('',*,*,#74590,.F.);
#74610=CARTESIAN_POINT('',(-3.9604003587298209E+01,
   2.0938852824316122E+01,1.7500000000000004E+01));
#74620=DIRECTION('',(0.0000000000000000E+00,0.0000000000000000E+00,
   1.0000000000000000E+00));
#74630=DIRECTION('',(1.0000000000000000E+00,0.0000000000000000E+00,
   0.0000000000000000E+00));
#74640=AXIS2_PLACEMENT_3D('',#74610,#74620,#74630);
#74650=CIRCLE('',#74640,3.0000000000000071E-01);
#74660=CARTESIAN_POINT('',(-3.9604003587298209E+01,
   2.1238852824316119E+01,1.7500000000000004E+01));
#74670=VERTEX_POINT('',#74660);
#74680=EDGE_CURVE('',#74670,#74580,#74650,.T.);
#74690=ORIENTED_EDGE('',*,*,#74680,.T.);
#74700=CARTESIAN_POINT('',(0.0000000000000000E+00,2.1238852824316119E+01
   ,1.7500000000000004E+01));
#74710=DIRECTION('',(1.0000000000000000E+00,0.0000000000000000E+00,
   0.0000000000000000E+00));
#74720=VECTOR('',#74710,1.0000000000000000E+00);
#74730=LINE('',#74700,#74720);
#74740=CARTESIAN_POINT('',(-3.8981919794923357E+01,
   2.1238852824316119E+01,1.7500000000000004E+01));
#74750=VERTEX_POINT('',#74740);
#74760=EDGE_CURVE('',#74670,#74750,#74730,.T.);
#74770=ORIENTED_EDGE('',*,*,#74760,.F.);
#74780=CARTESIAN_POINT('',(-4.2726902587146483E+01,
   0.0000000000000000E+00,1.7500000000000004E+01));
#74790=DIRECTION('',(1.7364817766693072E-01,9.8480775301220802E-01,
   0.0000000000000000E+00));
#74800=VECTOR('',#74790,1.0000000000000000E+00);
#74810=LINE('',#74780,#74800);
#74820=EDGE_CURVE('',#74750,#65660,#74810,.T.);
#74830=ORIENTED_EDGE('',*,*,#74820,.F.);
#74840=ORIENTED_EDGE('',*,*,#65670,.T.);
#74850=ORIENTED_EDGE('',*,*,#44120,.F.);
#74860=ORIENTED_EDGE('',*,*,#65950,.T.);
#74870=EDGE_LOOP('',(#74860,#74850,#74840,#74830,#74770,#74690,#74600,
   #74520,#74480,#74470,#74460,#74450,#74390,#74380));
#74880=FACE_OUTER_BOUND('',#74870,.T.);
#74890=CARTESIAN_POINT('',(-3.5254003587298193E+01,
   0.0000000000000000E+00,1.7500000000000004E+01));
#74900=DIRECTION('',(0.0000000000000000E+00,-1.0000000000000000E+00,
   0.0000000000000000E+00));
#74910=VECTOR('',#74900,1.0000000000000000E+00);
#74920=LINE('',#74890,#74910);
#74930=CARTESIAN_POINT('',(-3.5254003587298115E+01,
   1.8798057011738202E+01,1.7500000000000004E+01));
#74940=VERTEX_POINT('',#74930);
#74950=CARTESIAN_POINT('',(-3.5254003587298193E+01,
   1.6219648636894043E+01,1.7500000000000004E+01));
#74960=VERTEX_POINT('',#74950);
#74970=EDGE_CURVE('',#74940,#74960,#74920,.T.);
#74980=ORIENTED_EDGE('',*,*,#74970,.F.);
#74990=CARTESIAN_POINT('',(-3.5043207774720194E+01,
   1.6219648636894043E+01,1.7500000000000004E+01));
#75000=DIRECTION('',(0.0000000000000000E+00,0.0000000000000000E+00,
   1.0000000000000000E+00));
#75010=DIRECTION('',(1.0000000000000000E+00,0.0000000000000000E+00,
   0.0000000000000000E+00));
#75020=AXIS2_PLACEMENT_3D('',#74990,#75000,#75010);
#75030=CIRCLE('',#75020,2.1079581257799873E-01);
#75040=CARTESIAN_POINT('',(-3.5043207774720194E+01,
   1.6008852824316122E+01,1.7500000000000004E+01));
#75050=VERTEX_POINT('',#75040);
#75060=EDGE_CURVE('',#74960,#75050,#75030,.T.);
#75070=ORIENTED_EDGE('',*,*,#75060,.F.);
#75080=CARTESIAN_POINT('',(0.0000000000000000E+00,1.6008852824316122E+01
   ,1.7500000000000004E+01));
#75090=DIRECTION('',(1.0000000000000000E+00,0.0000000000000000E+00,
   0.0000000000000000E+00));
#75100=VECTOR('',#75090,1.0000000000000000E+00);
#75110=LINE('',#75080,#75100);
#75120=CARTESIAN_POINT('',(-3.2464799399876192E+01,
   1.6008852824316122E+01,1.7500000000000004E+01));
#75130=VERTEX_POINT('',#75120);
#75140=EDGE_CURVE('',#75050,#75130,#75110,.T.);
#75150=ORIENTED_EDGE('',*,*,#75140,.F.);
#75160=CARTESIAN_POINT('',(-3.2464799399876192E+01,
   1.6219648636894043E+01,1.7500000000000004E+01));
#75170=DIRECTION('',(0.0000000000000000E+00,0.0000000000000000E+00,
   1.0000000000000000E+00));
#75180=DIRECTION('',(1.0000000000000000E+00,0.0000000000000000E+00,
   0.0000000000000000E+00));
#75190=AXIS2_PLACEMENT_3D('',#75160,#75170,#75180);
#75200=CIRCLE('',#75190,2.1079581257792057E-01);
#75210=CARTESIAN_POINT('',(-3.2254003587298271E+01,
   1.6219648636894043E+01,1.7500000000000004E+01));
#75220=VERTEX_POINT('',#75210);
#75230=EDGE_CURVE('',#75130,#75220,#75200,.T.);
#75240=ORIENTED_EDGE('',*,*,#75230,.F.);
#75250=CARTESIAN_POINT('',(-3.2254003587298193E+01,
   0.0000000000000000E+00,1.7500000000000004E+01));
#75260=DIRECTION('',(0.0000000000000000E+00,1.0000000000000000E+00,
   0.0000000000000000E+00));
#75270=VECTOR('',#75260,1.0000000000000000E+00);
#75280=LINE('',#75250,#75270);
#75290=CARTESIAN_POINT('',(-3.2254003587298193E+01,
   1.8798057011738202E+01,1.7500000000000004E+01));
#75300=VERTEX_POINT('',#75290);
#75310=EDGE_CURVE('',#75220,#75300,#75280,.T.);
#75320=ORIENTED_EDGE('',*,*,#75310,.F.);
#75330=CARTESIAN_POINT('',(-3.2464799399876192E+01,
   1.8798057011738202E+01,1.7500000000000004E+01));
#75340=DIRECTION('',(0.0000000000000000E+00,0.0000000000000000E+00,
   1.0000000000000000E+00));
#75350=DIRECTION('',(1.0000000000000000E+00,0.0000000000000000E+00,
   0.0000000000000000E+00));
#75360=AXIS2_PLACEMENT_3D('',#75330,#75340,#75350);
#75370=CIRCLE('',#75360,2.1079581257799873E-01);
#75380=CARTESIAN_POINT('',(-3.2464799399876192E+01,
   1.9008852824316122E+01,1.7500000000000004E+01));
#75390=VERTEX_POINT('',#75380);
#75400=EDGE_CURVE('',#75300,#75390,#75370,.T.);
#75410=ORIENTED_EDGE('',*,*,#75400,.F.);
#75420=CARTESIAN_POINT('',(0.0000000000000000E+00,1.9008852824316122E+01
   ,1.7500000000000004E+01));
#75430=DIRECTION('',(-1.0000000000000000E+00,0.0000000000000000E+00,
   0.0000000000000000E+00));
#75440=VECTOR('',#75430,1.0000000000000000E+00);
#75450=LINE('',#75420,#75440);
#75460=CARTESIAN_POINT('',(-3.5043207774720194E+01,
   1.9008852824316122E+01,1.7500000000000004E+01));
#75470=VERTEX_POINT('',#75460);
#75480=EDGE_CURVE('',#75390,#75470,#75450,.T.);
#75490=ORIENTED_EDGE('',*,*,#75480,.F.);
#75500=CARTESIAN_POINT('',(-3.5043207774720194E+01,
   1.8798057011738202E+01,1.7500000000000004E+01));
#75510=DIRECTION('',(0.0000000000000000E+00,0.0000000000000000E+00,
   1.0000000000000000E+00));
#75520=DIRECTION('',(1.0000000000000000E+00,0.0000000000000000E+00,
   0.0000000000000000E+00));
#75530=AXIS2_PLACEMENT_3D('',#75500,#75510,#75520);
#75540=CIRCLE('',#75530,2.1079581257792057E-01);
#75550=EDGE_CURVE('',#75470,#74940,#75540,.T.);
#75560=ORIENTED_EDGE('',*,*,#75550,.F.);
#75570=EDGE_LOOP('',(#75560,#75490,#75410,#75320,#75240,#75150,#75070,
   #74980));
#75580=FACE_BOUND('',#75570,.T.);
#75590=ADVANCED_FACE('',(#74880,#75580),#74370,.T.);
#75600=COLOUR_RGB('',5.0196081399917603E-01,1.0000000000000000E+00,
   5.0196081399917603E-01);
#75610=FILL_AREA_STYLE_COLOUR('',#75600);
#75620=FILL_AREA_STYLE('',(#75610));
#75630=SURFACE_STYLE_FILL_AREA(#75620);
#75640=SURFACE_SIDE_STYLE('',(#75630));
#75650=SURFACE_STYLE_USAGE(.BOTH.,#75640);
#75660=PRESENTATION_STYLE_ASSIGNMENT((#75650));
#75670=CARTESIAN_POINT('',(-3.2464799399876192E+01,
   1.9008852824316122E+01,1.7500000000000004E+01));
#75680=DIRECTION('',(-0.0000000000000000E+00,1.0000000000000000E+00,
   0.0000000000000000E+00));
#75690=DIRECTION('',(1.0000000000000000E+00,0.0000000000000000E+00,
   0.0000000000000000E+00));
#75700=AXIS2_PLACEMENT_3D('',#75670,#75680,#75690);
#75710=PLANE('',#75700);
#75720=ORIENTED_EDGE('',*,*,#75480,.T.);
#75730=CARTESIAN_POINT('',(-3.2464799399876192E+01,
   1.9008852824316122E+01,1.7500000000000004E+01));
#75740=DIRECTION('',(0.0000000000000000E+00,0.0000000000000000E+00,
   -1.0000000000000000E+00));
#75750=VECTOR('',#75740,1.0000000000000000E+00);
#75760=LINE('',#75730,#75750);
#75770=CARTESIAN_POINT('',(-3.2464799399876192E+01,
   1.9008852824316122E+01,1.7400000000000002E+01));
#75780=VERTEX_POINT('',#75770);
#75790=EDGE_CURVE('',#75390,#75780,#75760,.T.);
#75800=ORIENTED_EDGE('',*,*,#75790,.F.);
#75810=CARTESIAN_POINT('',(-3.5043207774720194E+01,
   1.9008852824316122E+01,1.7400000000000002E+01));
#75820=DIRECTION('',(1.0000000000000000E+00,0.0000000000000000E+00,
   0.0000000000000000E+00));
#75830=VECTOR('',#75820,1.0000000000000000E+00);
#75840=LINE('',#75810,#75830);
#75850=CARTESIAN_POINT('',(-3.5043207774720194E+01,
   1.9008852824316122E+01,1.7400000000000002E+01));
#75860=VERTEX_POINT('',#75850);
#75870=EDGE_CURVE('',#75860,#75780,#75840,.T.);
#75880=ORIENTED_EDGE('',*,*,#75870,.T.);
#75890=CARTESIAN_POINT('',(-3.5043207774720194E+01,
   1.9008852824316122E+01,1.7500000000000004E+01));
#75900=DIRECTION('',(0.0000000000000000E+00,0.0000000000000000E+00,
   -1.0000000000000000E+00));
#75910=VECTOR('',#75900,1.0000000000000000E+00);
#75920=LINE('',#75890,#75910);
#75930=EDGE_CURVE('',#75470,#75860,#75920,.T.);
#75940=ORIENTED_EDGE('',*,*,#75930,.T.);
#75950=EDGE_LOOP('',(#75940,#75880,#75800,#75720));
#75960=FACE_OUTER_BOUND('',#75950,.T.);
#75970=ADVANCED_FACE('',(#75960),#75710,.F.);
#75980=COLOUR_RGB('',5.0196081399917603E-01,1.0000000000000000E+00,
   5.0196081399917603E-01);
#75990=FILL_AREA_STYLE_COLOUR('',#75980);
#76000=FILL_AREA_STYLE('',(#75990));
#76010=SURFACE_STYLE_FILL_AREA(#76000);
#76020=SURFACE_SIDE_STYLE('',(#76010));
#76030=SURFACE_STYLE_USAGE(.BOTH.,#76020);
#76040=PRESENTATION_STYLE_ASSIGNMENT((#76030));
#76050=CARTESIAN_POINT('',(-3.2464799399876192E+01,
   1.8798057011738202E+01,1.7500000000000004E+01));
#76060=DIRECTION('',(0.0000000000000000E+00,0.0000000000000000E+00,
   1.0000000000000000E+00));
#76070=DIRECTION('',(1.0000000000000000E+00,0.0000000000000000E+00,
   0.0000000000000000E+00));
#76080=AXIS2_PLACEMENT_3D('',#76050,#76060,#76070);
#76090=CYLINDRICAL_SURFACE('',#76080,2.1079581257799873E-01);
#76100=ORIENTED_EDGE('',*,*,#75400,.T.);
#76110=CARTESIAN_POINT('',(-3.2254003587298193E+01,
   1.8798057011738202E+01,1.7500000000000004E+01));
#76120=DIRECTION('',(0.0000000000000000E+00,0.0000000000000000E+00,
   1.0000000000000000E+00));
#76130=VECTOR('',#76120,1.0000000000000000E+00);
#76140=LINE('',#76110,#76130);
#76150=CARTESIAN_POINT('',(-3.2254003587298193E+01,
   1.8798057011738202E+01,1.7400000000000002E+01));
#76160=VERTEX_POINT('',#76150);
#76170=EDGE_CURVE('',#76160,#75300,#76140,.T.);
#76180=ORIENTED_EDGE('',*,*,#76170,.T.);
#76190=CARTESIAN_POINT('',(-3.2464799399876192E+01,
   1.8798057011738202E+01,1.7400000000000002E+01));
#76200=DIRECTION('',(0.0000000000000000E+00,0.0000000000000000E+00,
   1.0000000000000000E+00));
#76210=DIRECTION('',(1.0000000000000000E+00,0.0000000000000000E+00,
   0.0000000000000000E+00));
#76220=AXIS2_PLACEMENT_3D('',#76190,#76200,#76210);
#76230=CIRCLE('',#76220,2.1079581257799873E-01);
#76240=EDGE_CURVE('',#76160,#75780,#76230,.T.);
#76250=ORIENTED_EDGE('',*,*,#76240,.F.);
#76260=ORIENTED_EDGE('',*,*,#75790,.T.);
#76270=EDGE_LOOP('',(#76260,#76250,#76180,#76100));
#76280=FACE_OUTER_BOUND('',#76270,.T.);
#76290=ADVANCED_FACE('',(#76280),#76090,.F.);
#76300=COLOUR_RGB('',5.0196081399917603E-01,1.0000000000000000E+00,
   5.0196081399917603E-01);
#76310=FILL_AREA_STYLE_COLOUR('',#76300);
#76320=FILL_AREA_STYLE('',(#76310));
#76330=SURFACE_STYLE_FILL_AREA(#76320);
#76340=SURFACE_SIDE_STYLE('',(#76330));
#76350=SURFACE_STYLE_USAGE(.BOTH.,#76340);
#76360=PRESENTATION_STYLE_ASSIGNMENT((#76350));
#76370=CARTESIAN_POINT('',(-3.2254003587298193E+01,
   1.6219648636894043E+01,1.7500000000000004E+01));
#76380=DIRECTION('',(1.0000000000000000E+00,0.0000000000000000E+00,
   0.0000000000000000E+00));
#76390=DIRECTION('',(0.0000000000000000E+00,-1.0000000000000000E+00,
   0.0000000000000000E+00));
#76400=AXIS2_PLACEMENT_3D('',#76370,#76380,#76390);
#76410=PLANE('',#76400);
#76420=ORIENTED_EDGE('',*,*,#75310,.T.);
#76430=CARTESIAN_POINT('',(-3.2254003587298271E+01,
   1.6219648636894043E+01,1.7500000000000004E+01));
#76440=DIRECTION('',(0.0000000000000000E+00,0.0000000000000000E+00,
   1.0000000000000000E+00));
#76450=VECTOR('',#76440,1.0000000000000000E+00);
#76460=LINE('',#76430,#76450);
#76470=CARTESIAN_POINT('',(-3.2254003587298271E+01,
   1.6219648636894043E+01,1.7400000000000002E+01));
#76480=VERTEX_POINT('',#76470);
#76490=EDGE_CURVE('',#76480,#75220,#76460,.T.);
#76500=ORIENTED_EDGE('',*,*,#76490,.T.);
#76510=CARTESIAN_POINT('',(-3.2254003587298193E+01,
   1.8798057011738202E+01,1.7400000000000002E+01));
#76520=DIRECTION('',(0.0000000000000000E+00,-1.0000000000000000E+00,
   0.0000000000000000E+00));
#76530=VECTOR('',#76520,1.0000000000000000E+00);
#76540=LINE('',#76510,#76530);
#76550=EDGE_CURVE('',#76160,#76480,#76540,.T.);
#76560=ORIENTED_EDGE('',*,*,#76550,.T.);
#76570=ORIENTED_EDGE('',*,*,#76170,.F.);
#76580=EDGE_LOOP('',(#76570,#76560,#76500,#76420));
#76590=FACE_OUTER_BOUND('',#76580,.T.);
#76600=ADVANCED_FACE('',(#76590),#76410,.F.);
#76610=COLOUR_RGB('',5.0196081399917603E-01,1.0000000000000000E+00,
   5.0196081399917603E-01);
#76620=FILL_AREA_STYLE_COLOUR('',#76610);
#76630=FILL_AREA_STYLE('',(#76620));
#76640=SURFACE_STYLE_FILL_AREA(#76630);
#76650=SURFACE_SIDE_STYLE('',(#76640));
#76660=SURFACE_STYLE_USAGE(.BOTH.,#76650);
#76670=PRESENTATION_STYLE_ASSIGNMENT((#76660));
#76680=CARTESIAN_POINT('',(-3.2464799399876192E+01,
   1.6219648636894043E+01,1.7500000000000004E+01));
#76690=DIRECTION('',(0.0000000000000000E+00,0.0000000000000000E+00,
   1.0000000000000000E+00));
#76700=DIRECTION('',(1.0000000000000000E+00,0.0000000000000000E+00,
   0.0000000000000000E+00));
#76710=AXIS2_PLACEMENT_3D('',#76680,#76690,#76700);
#76720=CYLINDRICAL_SURFACE('',#76710,2.1079581257792057E-01);
#76730=ORIENTED_EDGE('',*,*,#75230,.T.);
#76740=CARTESIAN_POINT('',(-3.2464799399876192E+01,
   1.6008852824316122E+01,1.7500000000000004E+01));
#76750=DIRECTION('',(0.0000000000000000E+00,0.0000000000000000E+00,
   -1.0000000000000000E+00));
#76760=VECTOR('',#76750,1.0000000000000000E+00);
#76770=LINE('',#76740,#76760);
#76780=CARTESIAN_POINT('',(-3.2464799399876192E+01,
   1.6008852824316122E+01,1.7400000000000002E+01));
#76790=VERTEX_POINT('',#76780);
#76800=EDGE_CURVE('',#75130,#76790,#76770,.T.);
#76810=ORIENTED_EDGE('',*,*,#76800,.F.);
#76820=CARTESIAN_POINT('',(-3.2464799399876192E+01,
   1.6219648636894043E+01,1.7400000000000002E+01));
#76830=DIRECTION('',(0.0000000000000000E+00,0.0000000000000000E+00,
   1.0000000000000000E+00));
#76840=DIRECTION('',(1.0000000000000000E+00,0.0000000000000000E+00,
   0.0000000000000000E+00));
#76850=AXIS2_PLACEMENT_3D('',#76820,#76830,#76840);
#76860=CIRCLE('',#76850,2.1079581257792057E-01);
#76870=EDGE_CURVE('',#76790,#76480,#76860,.T.);
#76880=ORIENTED_EDGE('',*,*,#76870,.F.);
#76890=ORIENTED_EDGE('',*,*,#76490,.F.);
#76900=EDGE_LOOP('',(#76890,#76880,#76810,#76730));
#76910=FACE_OUTER_BOUND('',#76900,.T.);
#76920=ADVANCED_FACE('',(#76910),#76720,.F.);
#76930=COLOUR_RGB('',5.0196081399917603E-01,1.0000000000000000E+00,
   5.0196081399917603E-01);
#76940=FILL_AREA_STYLE_COLOUR('',#76930);
#76950=FILL_AREA_STYLE('',(#76940));
#76960=SURFACE_STYLE_FILL_AREA(#76950);
#76970=SURFACE_SIDE_STYLE('',(#76960));
#76980=SURFACE_STYLE_USAGE(.BOTH.,#76970);
#76990=PRESENTATION_STYLE_ASSIGNMENT((#76980));
#77000=CARTESIAN_POINT('',(-3.5043207774720194E+01,
   1.6008852824316122E+01,1.7500000000000004E+01));
#77010=DIRECTION('',(-0.0000000000000000E+00,-1.0000000000000000E+00,
   -0.0000000000000000E+00));
#77020=DIRECTION('',(-1.0000000000000000E+00,0.0000000000000000E+00,
   0.0000000000000000E+00));
#77030=AXIS2_PLACEMENT_3D('',#77000,#77010,#77020);
#77040=PLANE('',#77030);
#77050=ORIENTED_EDGE('',*,*,#75140,.T.);
#77060=CARTESIAN_POINT('',(-3.5043207774720194E+01,
   1.6008852824316122E+01,1.7500000000000004E+01));
#77070=DIRECTION('',(0.0000000000000000E+00,0.0000000000000000E+00,
   -1.0000000000000000E+00));
#77080=VECTOR('',#77070,1.0000000000000000E+00);
#77090=LINE('',#77060,#77080);
#77100=CARTESIAN_POINT('',(-3.5043207774720194E+01,
   1.6008852824316122E+01,1.7400000000000002E+01));
#77110=VERTEX_POINT('',#77100);
#77120=EDGE_CURVE('',#75050,#77110,#77090,.T.);
#77130=ORIENTED_EDGE('',*,*,#77120,.F.);
#77140=CARTESIAN_POINT('',(-3.2464799399876192E+01,
   1.6008852824316122E+01,1.7400000000000002E+01));
#77150=DIRECTION('',(-1.0000000000000000E+00,0.0000000000000000E+00,
   0.0000000000000000E+00));
#77160=VECTOR('',#77150,1.0000000000000000E+00);
#77170=LINE('',#77140,#77160);
#77180=EDGE_CURVE('',#76790,#77110,#77170,.T.);
#77190=ORIENTED_EDGE('',*,*,#77180,.T.);
#77200=ORIENTED_EDGE('',*,*,#76800,.T.);
#77210=EDGE_LOOP('',(#77200,#77190,#77130,#77050));
#77220=FACE_OUTER_BOUND('',#77210,.T.);
#77230=ADVANCED_FACE('',(#77220),#77040,.F.);
#77240=COLOUR_RGB('',5.0196081399917603E-01,1.0000000000000000E+00,
   5.0196081399917603E-01);
#77250=FILL_AREA_STYLE_COLOUR('',#77240);
#77260=FILL_AREA_STYLE('',(#77250));
#77270=SURFACE_STYLE_FILL_AREA(#77260);
#77280=SURFACE_SIDE_STYLE('',(#77270));
#77290=SURFACE_STYLE_USAGE(.BOTH.,#77280);
#77300=PRESENTATION_STYLE_ASSIGNMENT((#77290));
#77310=CARTESIAN_POINT('',(-3.5043207774720194E+01,
   1.6219648636894043E+01,1.7500000000000004E+01));
#77320=DIRECTION('',(0.0000000000000000E+00,0.0000000000000000E+00,
   1.0000000000000000E+00));
#77330=DIRECTION('',(1.0000000000000000E+00,0.0000000000000000E+00,
   0.0000000000000000E+00));
#77340=AXIS2_PLACEMENT_3D('',#77310,#77320,#77330);
#77350=CYLINDRICAL_SURFACE('',#77340,2.1079581257799873E-01);
#77360=ORIENTED_EDGE('',*,*,#75060,.T.);
#77370=CARTESIAN_POINT('',(-3.5254003587298193E+01,
   1.6219648636894043E+01,1.7500000000000004E+01));
#77380=DIRECTION('',(0.0000000000000000E+00,0.0000000000000000E+00,
   1.0000000000000000E+00));
#77390=VECTOR('',#77380,1.0000000000000000E+00);
#77400=LINE('',#77370,#77390);
#77410=CARTESIAN_POINT('',(-3.5254003587298193E+01,
   1.6219648636894043E+01,1.7400000000000002E+01));
#77420=VERTEX_POINT('',#77410);
#77430=EDGE_CURVE('',#77420,#74960,#77400,.T.);
#77440=ORIENTED_EDGE('',*,*,#77430,.T.);
#77450=CARTESIAN_POINT('',(-3.5043207774720194E+01,
   1.6219648636894043E+01,1.7400000000000002E+01));
#77460=DIRECTION('',(0.0000000000000000E+00,0.0000000000000000E+00,
   1.0000000000000000E+00));
#77470=DIRECTION('',(1.0000000000000000E+00,0.0000000000000000E+00,
   0.0000000000000000E+00));
#77480=AXIS2_PLACEMENT_3D('',#77450,#77460,#77470);
#77490=CIRCLE('',#77480,2.1079581257799873E-01);
#77500=EDGE_CURVE('',#77420,#77110,#77490,.T.);
#77510=ORIENTED_EDGE('',*,*,#77500,.F.);
#77520=ORIENTED_EDGE('',*,*,#77120,.T.);
#77530=EDGE_LOOP('',(#77520,#77510,#77440,#77360));
#77540=FACE_OUTER_BOUND('',#77530,.T.);
#77550=ADVANCED_FACE('',(#77540),#77350,.F.);
#77560=COLOUR_RGB('',5.0196081399917603E-01,1.0000000000000000E+00,
   5.0196081399917603E-01);
#77570=FILL_AREA_STYLE_COLOUR('',#77560);
#77580=FILL_AREA_STYLE('',(#77570));
#77590=SURFACE_STYLE_FILL_AREA(#77580);
#77600=SURFACE_SIDE_STYLE('',(#77590));
#77610=SURFACE_STYLE_USAGE(.BOTH.,#77600);
#77620=PRESENTATION_STYLE_ASSIGNMENT((#77610));
#77630=CARTESIAN_POINT('',(-3.5254003587298193E+01,
   1.8798057011738202E+01,1.7500000000000004E+01));
#77640=DIRECTION('',(-1.0000000000000000E+00,0.0000000000000000E+00,
   0.0000000000000000E+00));
#77650=DIRECTION('',(0.0000000000000000E+00,1.0000000000000000E+00,
   0.0000000000000000E+00));
#77660=AXIS2_PLACEMENT_3D('',#77630,#77640,#77650);
#77670=PLANE('',#77660);
#77680=ORIENTED_EDGE('',*,*,#74970,.T.);
#77690=CARTESIAN_POINT('',(-3.5254003587298115E+01,
   1.8798057011738202E+01,1.7500000000000004E+01));
#77700=DIRECTION('',(0.0000000000000000E+00,0.0000000000000000E+00,
   1.0000000000000000E+00));
#77710=VECTOR('',#77700,1.0000000000000000E+00);
#77720=LINE('',#77690,#77710);
#77730=CARTESIAN_POINT('',(-3.5254003587298115E+01,
   1.8798057011738202E+01,1.7400000000000002E+01));
#77740=VERTEX_POINT('',#77730);
#77750=EDGE_CURVE('',#77740,#74940,#77720,.T.);
#77760=ORIENTED_EDGE('',*,*,#77750,.T.);
#77770=CARTESIAN_POINT('',(-3.5254003587298193E+01,
   1.8798057011738202E+01,1.7400000000000002E+01));
#77780=DIRECTION('',(0.0000000000000000E+00,-1.0000000000000000E+00,
   0.0000000000000000E+00));
#77790=VECTOR('',#77780,1.0000000000000000E+00);
#77800=LINE('',#77770,#77790);
#77810=EDGE_CURVE('',#77740,#77420,#77800,.T.);
#77820=ORIENTED_EDGE('',*,*,#77810,.F.);
#77830=ORIENTED_EDGE('',*,*,#77430,.F.);
#77840=EDGE_LOOP('',(#77830,#77820,#77760,#77680));
#77850=FACE_OUTER_BOUND('',#77840,.T.);
#77860=ADVANCED_FACE('',(#77850),#77670,.F.);
#77870=COLOUR_RGB('',5.0196081399917603E-01,1.0000000000000000E+00,
   5.0196081399917603E-01);
#77880=FILL_AREA_STYLE_COLOUR('',#77870);
#77890=FILL_AREA_STYLE('',(#77880));
#77900=SURFACE_STYLE_FILL_AREA(#77890);
#77910=SURFACE_SIDE_STYLE('',(#77900));
#77920=SURFACE_STYLE_USAGE(.BOTH.,#77910);
#77930=PRESENTATION_STYLE_ASSIGNMENT((#77920));
#77940=CARTESIAN_POINT('',(-3.5043207774720194E+01,
   1.8798057011738202E+01,1.7500000000000004E+01));
#77950=DIRECTION('',(0.0000000000000000E+00,0.0000000000000000E+00,
   1.0000000000000000E+00));
#77960=DIRECTION('',(1.0000000000000000E+00,0.0000000000000000E+00,
   0.0000000000000000E+00));
#77970=AXIS2_PLACEMENT_3D('',#77940,#77950,#77960);
#77980=CYLINDRICAL_SURFACE('',#77970,2.1079581257792057E-01);
#77990=ORIENTED_EDGE('',*,*,#75550,.T.);
#78000=ORIENTED_EDGE('',*,*,#75930,.F.);
#78010=CARTESIAN_POINT('',(-3.5043207774720194E+01,
   1.8798057011738202E+01,1.7400000000000002E+01));
#78020=DIRECTION('',(0.0000000000000000E+00,0.0000000000000000E+00,
   1.0000000000000000E+00));
#78030=DIRECTION('',(1.0000000000000000E+00,0.0000000000000000E+00,
   0.0000000000000000E+00));
#78040=AXIS2_PLACEMENT_3D('',#78010,#78020,#78030);
#78050=CIRCLE('',#78040,2.1079581257792057E-01);
#78060=EDGE_CURVE('',#75860,#77740,#78050,.T.);
#78070=ORIENTED_EDGE('',*,*,#78060,.F.);
#78080=ORIENTED_EDGE('',*,*,#77750,.F.);
#78090=EDGE_LOOP('',(#78080,#78070,#78000,#77990));
#78100=FACE_OUTER_BOUND('',#78090,.T.);
#78110=ADVANCED_FACE('',(#78100),#77980,.F.);
#78120=COLOUR_RGB('',5.0196081399917603E-01,1.0000000000000000E+00,
   5.0196081399917603E-01);
#78130=FILL_AREA_STYLE_COLOUR('',#78120);
#78140=FILL_AREA_STYLE('',(#78130));
#78150=SURFACE_STYLE_FILL_AREA(#78140);
#78160=SURFACE_SIDE_STYLE('',(#78150));
#78170=SURFACE_STYLE_USAGE(.BOTH.,#78160);
#78180=PRESENTATION_STYLE_ASSIGNMENT((#78170));
#78190=CARTESIAN_POINT('',(-3.2759030502671656E+01,
   1.6586782460179727E+01,1.7400000000000002E+01));
#78200=DIRECTION('',(0.0000000000000000E+00,0.0000000000000000E+00,
   1.0000000000000000E+00));
#78210=DIRECTION('',(1.0000000000000000E+00,0.0000000000000000E+00,
   0.0000000000000000E+00));
#78220=AXIS2_PLACEMENT_3D('',#78190,#78200,#78210);
#78230=PLANE('',#78220);
#78240=ORIENTED_EDGE('',*,*,#77180,.F.);
#78250=ORIENTED_EDGE('',*,*,#77500,.T.);
#78260=ORIENTED_EDGE('',*,*,#77810,.T.);
#78270=ORIENTED_EDGE('',*,*,#78060,.T.);
#78280=ORIENTED_EDGE('',*,*,#75870,.F.);
#78290=ORIENTED_EDGE('',*,*,#76240,.T.);
#78300=ORIENTED_EDGE('',*,*,#76550,.F.);
#78310=ORIENTED_EDGE('',*,*,#76870,.T.);
#78320=EDGE_LOOP('',(#78310,#78300,#78290,#78280,#78270,#78260,#78250,
   #78240));
#78330=FACE_OUTER_BOUND('',#78320,.T.);
#78340=CARTESIAN_POINT('',(-3.3809159874392797E+01,
   1.7732660724090302E+01,1.7400000000000002E+01));
#78350=DIRECTION('',(0.0000000000000000E+00,0.0000000000000000E+00,
   1.0000000000000000E+00));
#78360=DIRECTION('',(1.0000000000000000E+00,0.0000000000000000E+00,
   0.0000000000000000E+00));
#78370=AXIS2_PLACEMENT_3D('',#78340,#78350,#78360);
#78380=CIRCLE('',#78370,4.5672426058546239E-01);
#78390=CARTESIAN_POINT('',(-3.3609770009415591E+01,
   1.7321758385387163E+01,1.7400000000000002E+01));
#78400=VERTEX_POINT('',#78390);
#78410=CARTESIAN_POINT('',(-3.3352435613807337E+01,
   1.7732660724090302E+01,1.7400000000000002E+01));
#78420=VERTEX_POINT('',#78410);
#78430=EDGE_CURVE('',#78400,#78420,#78380,.T.);
#78440=ORIENTED_EDGE('',*,*,#78430,.T.);
#78450=CARTESIAN_POINT('',(-3.3540750440769607E+01,
   1.7179522960451457E+01,1.7400000000000002E+01));
#78460=DIRECTION('',(0.0000000000000000E+00,0.0000000000000000E+00,
   1.0000000000000000E+00));
#78470=DIRECTION('',(1.0000000000000000E+00,0.0000000000000000E+00,
   0.0000000000000000E+00));
#78480=AXIS2_PLACEMENT_3D('',#78450,#78460,#78470);
#78490=CIRCLE('',#78480,1.5809685943344035E-01);
#78500=CARTESIAN_POINT('',(-3.3698847300203049E+01,
   1.7179522960451457E+01,1.7400000000000002E+01));
#78510=VERTEX_POINT('',#78500);
#78520=EDGE_CURVE('',#78400,#78510,#78490,.T.);
#78530=ORIENTED_EDGE('',*,*,#78520,.F.);
#78540=CARTESIAN_POINT('',(-3.3698847300202992E+01,
   1.6939574009478598E+01,1.7400000000000002E+01));
#78550=DIRECTION('',(0.0000000000000000E+00,1.0000000000000000E+00,
   0.0000000000000000E+00));
#78560=VECTOR('',#78550,1.0000000000000000E+00);
#78570=LINE('',#78540,#78560);
#78580=CARTESIAN_POINT('',(-3.3698847300202992E+01,
   1.6939574009478541E+01,1.7400000000000002E+01));
#78590=VERTEX_POINT('',#78580);
#78600=EDGE_CURVE('',#78590,#78510,#78570,.T.);
#78610=ORIENTED_EDGE('',*,*,#78600,.T.);
#78620=CARTESIAN_POINT('',(-3.3540750440769607E+01,
   1.6939574009478541E+01,1.7400000000000002E+01));
#78630=DIRECTION('',(0.0000000000000000E+00,0.0000000000000000E+00,
   1.0000000000000000E+00));
#78640=DIRECTION('',(1.0000000000000000E+00,0.0000000000000000E+00,
   0.0000000000000000E+00));
#78650=AXIS2_PLACEMENT_3D('',#78620,#78630,#78640);
#78660=CIRCLE('',#78650,1.5809685943338536E-01);
#78670=CARTESIAN_POINT('',(-3.3540750440769607E+01,
   1.6781477150045099E+01,1.7400000000000002E+01));
#78680=VERTEX_POINT('',#78670);
#78690=EDGE_CURVE('',#78590,#78680,#78660,.T.);
#78700=ORIENTED_EDGE('',*,*,#78690,.F.);
#78710=CARTESIAN_POINT('',(-3.3528098790955589E+01,
   1.6781477150045099E+01,1.7400000000000002E+01));
#78720=DIRECTION('',(-1.0000000000000000E+00,0.0000000000000000E+00,
   0.0000000000000000E+00));
#78730=VECTOR('',#78720,1.0000000000000000E+00);
#78740=LINE('',#78710,#78730);
#78750=CARTESIAN_POINT('',(-3.3528098790955589E+01,
   1.6781477150045099E+01,1.7400000000000002E+01));
#78760=VERTEX_POINT('',#78750);
#78770=EDGE_CURVE('',#78760,#78680,#78740,.T.);
#78780=ORIENTED_EDGE('',*,*,#78770,.T.);
#78790=CARTESIAN_POINT('',(-3.3528098790955589E+01,
   1.7732660724090302E+01,1.7400000000000002E+01));
#78800=DIRECTION('',(0.0000000000000000E+00,0.0000000000000000E+00,
   1.0000000000000000E+00));
#78810=DIRECTION('',(1.0000000000000000E+00,0.0000000000000000E+00,
   0.0000000000000000E+00));
#78820=AXIS2_PLACEMENT_3D('',#78790,#78800,#78810);
#78830=CIRCLE('',#78820,9.5118357404519926E-01);
#78840=CARTESIAN_POINT('',(-3.2576915216910393E+01,
   1.7732660724090302E+01,1.7400000000000002E+01));
#78850=VERTEX_POINT('',#78840);
#78860=EDGE_CURVE('',#78760,#78850,#78830,.T.);
#78870=ORIENTED_EDGE('',*,*,#78860,.F.);
#78880=CARTESIAN_POINT('',(-3.3528098790955589E+01,
   1.8683844298135483E+01,1.7400000000000002E+01));
#78890=VERTEX_POINT('',#78880);
#78900=EDGE_CURVE('',#78850,#78890,#78830,.T.);
#78910=ORIENTED_EDGE('',*,*,#78900,.F.);
#78920=CARTESIAN_POINT('',(-3.3528098790955589E+01,
   1.8683844298135483E+01,1.7400000000000002E+01));
#78930=DIRECTION('',(-1.0000000000000000E+00,0.0000000000000000E+00,
   0.0000000000000000E+00));
#78940=VECTOR('',#78930,1.0000000000000000E+00);
#78950=LINE('',#78920,#78940);
#78960=CARTESIAN_POINT('',(-3.3540750440769607E+01,
   1.8683844298135483E+01,1.7400000000000002E+01));
#78970=VERTEX_POINT('',#78960);
#78980=EDGE_CURVE('',#78890,#78970,#78950,.T.);
#78990=ORIENTED_EDGE('',*,*,#78980,.F.);
#79000=CARTESIAN_POINT('',(-3.3540750440769607E+01,
   1.8525747438702041E+01,1.7400000000000002E+01));
#79010=DIRECTION('',(0.0000000000000000E+00,0.0000000000000000E+00,
   1.0000000000000000E+00));
#79020=DIRECTION('',(1.0000000000000000E+00,0.0000000000000000E+00,
   0.0000000000000000E+00));
#79030=AXIS2_PLACEMENT_3D('',#79000,#79010,#79020);
#79040=CIRCLE('',#79030,1.5809685943344043E-01);
#79050=CARTESIAN_POINT('',(-3.3698847300203049E+01,
   1.8525747438702041E+01,1.7400000000000002E+01));
#79060=VERTEX_POINT('',#79050);
#79070=EDGE_CURVE('',#78970,#79060,#79040,.T.);
#79080=ORIENTED_EDGE('',*,*,#79070,.F.);
#79090=CARTESIAN_POINT('',(-3.3698847300203191E+01,
   1.8285798487729217E+01,1.7400000000000002E+01));
#79100=DIRECTION('',(0.0000000000000000E+00,1.0000000000000000E+00,
   0.0000000000000000E+00));
#79110=VECTOR('',#79100,1.0000000000000000E+00);
#79120=LINE('',#79090,#79110);
#79130=CARTESIAN_POINT('',(-3.3698847300203191E+01,
   1.8285798487729217E+01,1.7400000000000002E+01));
#79140=VERTEX_POINT('',#79130);
#79150=EDGE_CURVE('',#79140,#79060,#79120,.T.);
#79160=ORIENTED_EDGE('',*,*,#79150,.T.);
#79170=CARTESIAN_POINT('',(-3.3540750440769607E+01,
   1.8285798487729217E+01,1.7400000000000002E+01));
#79180=DIRECTION('',(0.0000000000000000E+00,0.0000000000000000E+00,
   1.0000000000000000E+00));
#79190=DIRECTION('',(1.0000000000000000E+00,0.0000000000000000E+00,
   0.0000000000000000E+00));
#79200=AXIS2_PLACEMENT_3D('',#79170,#79180,#79190);
#79210=CIRCLE('',#79200,1.5809685943358431E-01);
#79220=CARTESIAN_POINT('',(-3.3609770009415591E+01,
   1.8143563062793497E+01,1.7400000000000002E+01));
#79230=VERTEX_POINT('',#79220);
#79240=EDGE_CURVE('',#79140,#79230,#79210,.T.);
#79250=ORIENTED_EDGE('',*,*,#79240,.F.);
#79260=EDGE_CURVE('',#78420,#79230,#78380,.T.);
#79270=ORIENTED_EDGE('',*,*,#79260,.T.);
#79280=EDGE_LOOP('',(#79270,#79250,#79160,#79080,#78990,#78910,#78870,
   #78780,#78700,#78610,#78530,#78440));
#79290=FACE_BOUND('',#79280,.T.);
#79300=CARTESIAN_POINT('',(-3.4077569308015903E+01,
   1.8525747438702041E+01,1.7400000000000002E+01));
#79310=DIRECTION('',(0.0000000000000000E+00,0.0000000000000000E+00,
   1.0000000000000000E+00));
#79320=DIRECTION('',(1.0000000000000000E+00,0.0000000000000000E+00,
   0.0000000000000000E+00));
#79330=AXIS2_PLACEMENT_3D('',#79300,#79310,#79320);
#79340=CIRCLE('',#79330,1.5809685943361274E-01);
#79350=CARTESIAN_POINT('',(-3.3919472448582290E+01,
   1.8525747438702041E+01,1.7400000000000002E+01));
#79360=VERTEX_POINT('',#79350);
#79370=CARTESIAN_POINT('',(-3.4077569308015903E+01,
   1.8683844298135483E+01,1.7400000000000002E+01));
#79380=VERTEX_POINT('',#79370);
#79390=EDGE_CURVE('',#79360,#79380,#79340,.T.);
#79400=ORIENTED_EDGE('',*,*,#79390,.F.);
#79410=CARTESIAN_POINT('',(-3.4754188756857012E+01,
   1.8683844298135504E+01,1.7400000000000002E+01));
#79420=DIRECTION('',(1.0000000000000000E+00,-2.8878751958534577E-14,
   0.0000000000000000E+00));
#79430=VECTOR('',#79420,1.0000000000000000E+00);
#79440=LINE('',#79410,#79430);
#79450=CARTESIAN_POINT('',(-3.4754188756857012E+01,
   1.8683844298135504E+01,1.7400000000000002E+01));
#79460=VERTEX_POINT('',#79450);
#79470=EDGE_CURVE('',#79460,#79380,#79440,.T.);
#79480=ORIENTED_EDGE('',*,*,#79470,.T.);
#79490=CARTESIAN_POINT('',(-3.4754188756857012E+01,
   1.8525747438702062E+01,1.7400000000000002E+01));
#79500=DIRECTION('',(0.0000000000000000E+00,0.0000000000000000E+00,
   1.0000000000000000E+00));
#79510=DIRECTION('',(1.0000000000000000E+00,0.0000000000000000E+00,
   0.0000000000000000E+00));
#79520=AXIS2_PLACEMENT_3D('',#79490,#79500,#79510);
#79530=CIRCLE('',#79520,1.5809685943344043E-01);
#79540=CARTESIAN_POINT('',(-3.4912285616290454E+01,
   1.8525747438702062E+01,1.7400000000000002E+01));
#79550=VERTEX_POINT('',#79540);
#79560=EDGE_CURVE('',#79460,#79550,#79530,.T.);
#79570=ORIENTED_EDGE('',*,*,#79560,.F.);
#79580=CARTESIAN_POINT('',(-3.4912285616290511E+01,
   1.8525747438702062E+01,1.7400000000000002E+01));
#79590=DIRECTION('',(0.0000000000000000E+00,-1.0000000000000000E+00,
   0.0000000000000000E+00));
#79600=VECTOR('',#79590,1.0000000000000000E+00);
#79610=LINE('',#79580,#79600);
#79620=CARTESIAN_POINT('',(-3.4912285616290511E+01,
   1.6491958209937998E+01,1.7400000000000002E+01));
#79630=VERTEX_POINT('',#79620);
#79640=EDGE_CURVE('',#79550,#79630,#79610,.T.);
#79650=ORIENTED_EDGE('',*,*,#79640,.F.);
#79660=CARTESIAN_POINT('',(-3.4754188756857012E+01,
   1.6491958209937998E+01,1.7400000000000002E+01));
#79670=DIRECTION('',(0.0000000000000000E+00,0.0000000000000000E+00,
   1.0000000000000000E+00));
#79680=DIRECTION('',(1.0000000000000000E+00,0.0000000000000000E+00,
   0.0000000000000000E+00));
#79690=AXIS2_PLACEMENT_3D('',#79660,#79670,#79680);
#79700=CIRCLE('',#79690,1.5809685943349905E-01);
#79710=CARTESIAN_POINT('',(-3.4754188756857012E+01,
   1.6333861350504563E+01,1.7400000000000002E+01));
#79720=VERTEX_POINT('',#79710);
#79730=EDGE_CURVE('',#79630,#79720,#79700,.T.);
#79740=ORIENTED_EDGE('',*,*,#79730,.F.);
#79750=CARTESIAN_POINT('',(-3.4077569308015903E+01,
   1.6333861350504563E+01,1.7400000000000002E+01));
#79760=DIRECTION('',(-1.0000000000000000E+00,0.0000000000000000E+00,
   0.0000000000000000E+00));
#79770=VECTOR('',#79760,1.0000000000000000E+00);
#79780=LINE('',#79750,#79770);
#79790=CARTESIAN_POINT('',(-3.4077569308015903E+01,
   1.6333861350504563E+01,1.7400000000000002E+01));
#79800=VERTEX_POINT('',#79790);
#79810=EDGE_CURVE('',#79800,#79720,#79780,.T.);
#79820=ORIENTED_EDGE('',*,*,#79810,.T.);
#79830=CARTESIAN_POINT('',(-3.4077569308015903E+01,
   1.6491958209937998E+01,1.7400000000000002E+01));
#79840=DIRECTION('',(0.0000000000000000E+00,0.0000000000000000E+00,
   1.0000000000000000E+00));
#79850=DIRECTION('',(1.0000000000000000E+00,0.0000000000000000E+00,
   0.0000000000000000E+00));
#79860=AXIS2_PLACEMENT_3D('',#79830,#79840,#79850);
#79870=CIRCLE('',#79860,1.5809685943343865E-01);
#79880=CARTESIAN_POINT('',(-3.3919472448582468E+01,
   1.6491958209937998E+01,1.7400000000000002E+01));
#79890=VERTEX_POINT('',#79880);
#79900=EDGE_CURVE('',#79800,#79890,#79870,.T.);
#79910=ORIENTED_EDGE('',*,*,#79900,.F.);
#79920=CARTESIAN_POINT('',(-3.3919472448582603E+01,
   1.7179522960451457E+01,1.7400000000000002E+01));
#79930=DIRECTION('',(0.0000000000000000E+00,-1.0000000000000000E+00,
   0.0000000000000000E+00));
#79940=VECTOR('',#79930,1.0000000000000000E+00);
#79950=LINE('',#79920,#79940);
#79960=CARTESIAN_POINT('',(-3.3919472448582603E+01,
   1.7179522960451457E+01,1.7400000000000002E+01));
#79970=VERTEX_POINT('',#79960);
#79980=EDGE_CURVE('',#79970,#79890,#79950,.T.);
#79990=ORIENTED_EDGE('',*,*,#79980,.T.);
#80000=CARTESIAN_POINT('',(-3.4077569308015903E+01,
   1.7179522960451457E+01,1.7400000000000002E+01));
#80010=DIRECTION('',(0.0000000000000000E+00,0.0000000000000000E+00,
   1.0000000000000000E+00));
#80020=DIRECTION('',(1.0000000000000000E+00,0.0000000000000000E+00,
   0.0000000000000000E+00));
#80030=AXIS2_PLACEMENT_3D('',#80000,#80010,#80020);
#80040=CIRCLE('',#80030,1.5809685943330010E-01);
#80050=CARTESIAN_POINT('',(-3.4008549739370004E+01,
   1.7321758385387163E+01,1.7400000000000002E+01));
#80060=VERTEX_POINT('',#80050);
#80070=EDGE_CURVE('',#79970,#80060,#80040,.T.);
#80080=ORIENTED_EDGE('',*,*,#80070,.F.);
#80090=CARTESIAN_POINT('',(-3.3809159874392797E+01,
   1.7732660724090302E+01,1.7400000000000002E+01));
#80100=DIRECTION('',(0.0000000000000000E+00,0.0000000000000000E+00,
   1.0000000000000000E+00));
#80110=DIRECTION('',(1.0000000000000000E+00,0.0000000000000000E+00,
   0.0000000000000000E+00));
#80120=AXIS2_PLACEMENT_3D('',#80090,#80100,#80110);
#80130=CIRCLE('',#80120,4.5672426058551835E-01);
#80140=CARTESIAN_POINT('',(-3.4265884134978315E+01,
   1.7732660724090302E+01,1.7400000000000002E+01));
#80150=VERTEX_POINT('',#80140);
#80160=EDGE_CURVE('',#80150,#80060,#80130,.T.);
#80170=ORIENTED_EDGE('',*,*,#80160,.T.);
#80180=CARTESIAN_POINT('',(-3.4008549739370004E+01,
   1.8143563062793497E+01,1.7400000000000002E+01));
#80190=VERTEX_POINT('',#80180);
#80200=EDGE_CURVE('',#80190,#80150,#80130,.T.);
#80210=ORIENTED_EDGE('',*,*,#80200,.T.);
#80220=CARTESIAN_POINT('',(-3.4077569308015903E+01,
   1.8285798487729217E+01,1.7400000000000002E+01));
#80230=DIRECTION('',(0.0000000000000000E+00,0.0000000000000000E+00,
   1.0000000000000000E+00));
#80240=DIRECTION('',(1.0000000000000000E+00,0.0000000000000000E+00,
   0.0000000000000000E+00));
#80250=AXIS2_PLACEMENT_3D('',#80220,#80230,#80240);
#80260=CIRCLE('',#80250,1.5809685943342069E-01);
#80270=CARTESIAN_POINT('',(-3.3919472448582482E+01,
   1.8285798487729217E+01,1.7400000000000002E+01));
#80280=VERTEX_POINT('',#80270);
#80290=EDGE_CURVE('',#80190,#80280,#80260,.T.);
#80300=ORIENTED_EDGE('',*,*,#80290,.F.);
#80310=CARTESIAN_POINT('',(-3.3919472448582290E+01,
   1.8525747438701963E+01,1.7400000000000002E+01));
#80320=DIRECTION('',(0.0000000000000000E+00,-1.0000000000000000E+00,
   0.0000000000000000E+00));
#80330=VECTOR('',#80320,1.0000000000000000E+00);
#80340=LINE('',#80310,#80330);
#80350=EDGE_CURVE('',#79360,#80280,#80340,.T.);
#80360=ORIENTED_EDGE('',*,*,#80350,.T.);
#80370=EDGE_LOOP('',(#80360,#80300,#80210,#80170,#80080,#79990,#79910,
   #79820,#79740,#79650,#79570,#79480,#79400));
#80380=FACE_BOUND('',#80370,.T.);
#80390=CARTESIAN_POINT('',(-3.3809159874392797E+01,
   1.7732660724090302E+01,1.7400000000000002E+01));
#80400=DIRECTION('',(0.0000000000000000E+00,0.0000000000000000E+00,
   1.0000000000000000E+00));
#80410=DIRECTION('',(1.0000000000000000E+00,0.0000000000000000E+00,
   0.0000000000000000E+00));
#80420=AXIS2_PLACEMENT_3D('',#80390,#80400,#80410);
#80430=CIRCLE('',#80420,2.2836213029279406E-01);
#80440=CARTESIAN_POINT('',(-3.3580797744100003E+01,
   1.7732660724090302E+01,1.7400000000000002E+01));
#80450=VERTEX_POINT('',#80440);
#80460=CARTESIAN_POINT('',(-3.4037522004685592E+01,
   1.7732660724090302E+01,1.7400000000000002E+01));
#80470=VERTEX_POINT('',#80460);
#80480=EDGE_CURVE('',#80450,#80470,#80430,.T.);
#80490=ORIENTED_EDGE('',*,*,#80480,.F.);
#80500=EDGE_CURVE('',#80470,#80450,#80430,.T.);
#80510=ORIENTED_EDGE('',*,*,#80500,.F.);
#80520=EDGE_LOOP('',(#80510,#80490));
#80530=FACE_BOUND('',#80520,.T.);
#80540=ADVANCED_FACE('',(#78330,#79290,#80380,#80530),#78230,.T.);
#80550=COLOUR_RGB('',5.0196081399917603E-01,1.0000000000000000E+00,
   5.0196081399917603E-01);
#80560=FILL_AREA_STYLE_COLOUR('',#80550);
#80570=FILL_AREA_STYLE('',(#80560));
#80580=SURFACE_STYLE_FILL_AREA(#80570);
#80590=SURFACE_SIDE_STYLE('',(#80580));
#80600=SURFACE_STYLE_USAGE(.BOTH.,#80590);
#80610=PRESENTATION_STYLE_ASSIGNMENT((#80600));
#80620=CARTESIAN_POINT('',(-3.3809159874392797E+01,
   1.7732660724090302E+01,1.7500000000000004E+01));
#80630=DIRECTION('',(0.0000000000000000E+00,0.0000000000000000E+00,
   1.0000000000000000E+00));
#80640=DIRECTION('',(1.0000000000000000E+00,0.0000000000000000E+00,
   0.0000000000000000E+00));
#80650=AXIS2_PLACEMENT_3D('',#80620,#80630,#80640);
#80660=CYLINDRICAL_SURFACE('',#80650,4.5672426058546239E-01);
#80670=CARTESIAN_POINT('',(-3.3809159874392797E+01,
   1.7732660724090302E+01,1.7500000000000004E+01));
#80680=DIRECTION('',(0.0000000000000000E+00,0.0000000000000000E+00,
   1.0000000000000000E+00));
#80690=DIRECTION('',(1.0000000000000000E+00,0.0000000000000000E+00,
   0.0000000000000000E+00));
#80700=AXIS2_PLACEMENT_3D('',#80670,#80680,#80690);
#80710=CIRCLE('',#80700,4.5672426058546239E-01);
#80720=CARTESIAN_POINT('',(-3.3352435613807337E+01,
   1.7732660724090302E+01,1.7500000000000004E+01));
#80730=VERTEX_POINT('',#80720);
#80740=CARTESIAN_POINT('',(-3.3609770009415648E+01,
   1.8143563062793383E+01,1.7500000000000004E+01));
#80750=VERTEX_POINT('',#80740);
#80760=EDGE_CURVE('',#80730,#80750,#80710,.T.);
#80770=ORIENTED_EDGE('',*,*,#80760,.T.);
#80780=CARTESIAN_POINT('',(-3.3352435613807337E+01,
   1.7732660724090302E+01,1.7500000000000004E+01));
#80790=DIRECTION('',(0.0000000000000000E+00,0.0000000000000000E+00,
   1.0000000000000000E+00));
#80800=VECTOR('',#80790,1.0000000000000000E+00);
#80810=LINE('',#80780,#80800);
#80820=EDGE_CURVE('',#78420,#80730,#80810,.T.);
#80830=ORIENTED_EDGE('',*,*,#80820,.T.);
#80840=ORIENTED_EDGE('',*,*,#79260,.F.);
#80850=CARTESIAN_POINT('',(-3.3609770009415591E+01,
   1.8143563062793497E+01,1.7500000000000004E+01));
#80860=DIRECTION('',(0.0000000000000000E+00,0.0000000000000000E+00,
   -1.0000000000000000E+00));
#80870=VECTOR('',#80860,1.0000000000000000E+00);
#80880=LINE('',#80850,#80870);
#80890=EDGE_CURVE('',#80750,#79230,#80880,.T.);
#80900=ORIENTED_EDGE('',*,*,#80890,.T.);
#80910=EDGE_LOOP('',(#80900,#80840,#80830,#80770));
#80920=FACE_OUTER_BOUND('',#80910,.T.);
#80930=ADVANCED_FACE('',(#80920),#80660,.F.);
#80940=COLOUR_RGB('',5.0196081399917603E-01,1.0000000000000000E+00,
   5.0196081399917603E-01);
#80950=FILL_AREA_STYLE_COLOUR('',#80940);
#80960=FILL_AREA_STYLE('',(#80950));
#80970=SURFACE_STYLE_FILL_AREA(#80960);
#80980=SURFACE_SIDE_STYLE('',(#80970));
#80990=SURFACE_STYLE_USAGE(.BOTH.,#80980);
#81000=PRESENTATION_STYLE_ASSIGNMENT((#80990));
#81010=CARTESIAN_POINT('',(-3.3540750440769607E+01,
   1.8285798487729217E+01,1.7500000000000004E+01));
#81020=DIRECTION('',(0.0000000000000000E+00,0.0000000000000000E+00,
   1.0000000000000000E+00));
#81030=DIRECTION('',(1.0000000000000000E+00,0.0000000000000000E+00,
   0.0000000000000000E+00));
#81040=AXIS2_PLACEMENT_3D('',#81010,#81020,#81030);
#81050=CYLINDRICAL_SURFACE('',#81040,1.5809685943358431E-01);
#81060=CARTESIAN_POINT('',(-3.3540750440769607E+01,
   1.8285798487729217E+01,1.7500000000000004E+01));
#81070=DIRECTION('',(0.0000000000000000E+00,0.0000000000000000E+00,
   1.0000000000000000E+00));
#81080=DIRECTION('',(1.0000000000000000E+00,0.0000000000000000E+00,
   0.0000000000000000E+00));
#81090=AXIS2_PLACEMENT_3D('',#81060,#81070,#81080);
#81100=CIRCLE('',#81090,1.5809685943358431E-01);
#81110=CARTESIAN_POINT('',(-3.3698847300203191E+01,
   1.8285798487729217E+01,1.7500000000000004E+01));
#81120=VERTEX_POINT('',#81110);
#81130=EDGE_CURVE('',#81120,#80750,#81100,.T.);
#81140=ORIENTED_EDGE('',*,*,#81130,.F.);
#81150=ORIENTED_EDGE('',*,*,#80890,.F.);
#81160=ORIENTED_EDGE('',*,*,#79240,.T.);
#81170=CARTESIAN_POINT('',(-3.3698847300203191E+01,
   1.8285798487729217E+01,1.7500000000000004E+01));
#81180=DIRECTION('',(0.0000000000000000E+00,0.0000000000000000E+00,
   1.0000000000000000E+00));
#81190=VECTOR('',#81180,1.0000000000000000E+00);
#81200=LINE('',#81170,#81190);
#81210=EDGE_CURVE('',#79140,#81120,#81200,.T.);
#81220=ORIENTED_EDGE('',*,*,#81210,.F.);
#81230=EDGE_LOOP('',(#81220,#81160,#81150,#81140));
#81240=FACE_OUTER_BOUND('',#81230,.T.);
#81250=ADVANCED_FACE('',(#81240),#81050,.T.);
#81260=COLOUR_RGB('',5.0196081399917603E-01,1.0000000000000000E+00,
   5.0196081399917603E-01);
#81270=FILL_AREA_STYLE_COLOUR('',#81260);
#81280=FILL_AREA_STYLE('',(#81270));
#81290=SURFACE_STYLE_FILL_AREA(#81280);
#81300=SURFACE_SIDE_STYLE('',(#81290));
#81310=SURFACE_STYLE_USAGE(.BOTH.,#81300);
#81320=PRESENTATION_STYLE_ASSIGNMENT((#81310));
#81330=CARTESIAN_POINT('',(-3.3540750440769607E+01,
   1.7179522960451457E+01,1.7500000000000004E+01));
#81340=DIRECTION('',(0.0000000000000000E+00,0.0000000000000000E+00,
   1.0000000000000000E+00));
#81350=DIRECTION('',(1.0000000000000000E+00,0.0000000000000000E+00,
   0.0000000000000000E+00));
#81360=AXIS2_PLACEMENT_3D('',#81330,#81340,#81350);
#81370=CYLINDRICAL_SURFACE('',#81360,1.5809685943344035E-01);
#81380=CARTESIAN_POINT('',(-3.3540750440769607E+01,
   1.7179522960451457E+01,1.7500000000000004E+01));
#81390=DIRECTION('',(0.0000000000000000E+00,0.0000000000000000E+00,
   1.0000000000000000E+00));
#81400=DIRECTION('',(1.0000000000000000E+00,0.0000000000000000E+00,
   0.0000000000000000E+00));
#81410=AXIS2_PLACEMENT_3D('',#81380,#81390,#81400);
#81420=CIRCLE('',#81410,1.5809685943344035E-01);
#81430=CARTESIAN_POINT('',(-3.3609770009415591E+01,
   1.7321758385387163E+01,1.7500000000000004E+01));
#81440=VERTEX_POINT('',#81430);
#81450=CARTESIAN_POINT('',(-3.3698847300203049E+01,
   1.7179522960451457E+01,1.7500000000000004E+01));
#81460=VERTEX_POINT('',#81450);
#81470=EDGE_CURVE('',#81440,#81460,#81420,.T.);
#81480=ORIENTED_EDGE('',*,*,#81470,.F.);
#81490=CARTESIAN_POINT('',(-3.3698847300203049E+01,
   1.7179522960451457E+01,1.7500000000000004E+01));
#81500=DIRECTION('',(0.0000000000000000E+00,0.0000000000000000E+00,
   1.0000000000000000E+00));
#81510=VECTOR('',#81500,1.0000000000000000E+00);
#81520=LINE('',#81490,#81510);
#81530=EDGE_CURVE('',#78510,#81460,#81520,.T.);
#81540=ORIENTED_EDGE('',*,*,#81530,.T.);
#81550=ORIENTED_EDGE('',*,*,#78520,.T.);
#81560=CARTESIAN_POINT('',(-3.3609770009415591E+01,
   1.7321758385387163E+01,1.7500000000000004E+01));
#81570=DIRECTION('',(0.0000000000000000E+00,0.0000000000000000E+00,
   -1.0000000000000000E+00));
#81580=VECTOR('',#81570,1.0000000000000000E+00);
#81590=LINE('',#81560,#81580);
#81600=EDGE_CURVE('',#81440,#78400,#81590,.T.);
#81610=ORIENTED_EDGE('',*,*,#81600,.T.);
#81620=EDGE_LOOP('',(#81610,#81550,#81540,#81480));
#81630=FACE_OUTER_BOUND('',#81620,.T.);
#81640=ADVANCED_FACE('',(#81630),#81370,.T.);
#81650=COLOUR_RGB('',5.0196081399917603E-01,1.0000000000000000E+00,
   5.0196081399917603E-01);
#81660=FILL_AREA_STYLE_COLOUR('',#81650);
#81670=FILL_AREA_STYLE('',(#81660));
#81680=SURFACE_STYLE_FILL_AREA(#81670);
#81690=SURFACE_SIDE_STYLE('',(#81680));
#81700=SURFACE_STYLE_USAGE(.BOTH.,#81690);
#81710=PRESENTATION_STYLE_ASSIGNMENT((#81700));
#81720=CARTESIAN_POINT('',(-3.3698847300202992E+01,
   1.6939574009478598E+01,1.7500000000000004E+01));
#81730=DIRECTION('',(1.0000000000000000E+00,0.0000000000000000E+00,
   0.0000000000000000E+00));
#81740=DIRECTION('',(0.0000000000000000E+00,-1.0000000000000000E+00,
   0.0000000000000000E+00));
#81750=AXIS2_PLACEMENT_3D('',#81720,#81730,#81740);
#81760=PLANE('',#81750);
#81770=CARTESIAN_POINT('',(-3.3698847300202992E+01,
   0.0000000000000000E+00,1.7500000000000004E+01));
#81780=DIRECTION('',(0.0000000000000000E+00,1.0000000000000000E+00,
   0.0000000000000000E+00));
#81790=VECTOR('',#81780,1.0000000000000000E+00);
#81800=LINE('',#81770,#81790);
#81810=CARTESIAN_POINT('',(-3.3698847300202992E+01,
   1.6939574009478541E+01,1.7500000000000004E+01));
#81820=VERTEX_POINT('',#81810);
#81830=EDGE_CURVE('',#81820,#81460,#81800,.T.);
#81840=ORIENTED_EDGE('',*,*,#81830,.T.);
#81850=CARTESIAN_POINT('',(-3.3698847300202992E+01,
   1.6939574009478541E+01,1.7500000000000004E+01));
#81860=DIRECTION('',(0.0000000000000000E+00,0.0000000000000000E+00,
   1.0000000000000000E+00));
#81870=VECTOR('',#81860,1.0000000000000000E+00);
#81880=LINE('',#81850,#81870);
#81890=EDGE_CURVE('',#78590,#81820,#81880,.T.);
#81900=ORIENTED_EDGE('',*,*,#81890,.T.);
#81910=ORIENTED_EDGE('',*,*,#78600,.F.);
#81920=ORIENTED_EDGE('',*,*,#81530,.F.);
#81930=EDGE_LOOP('',(#81920,#81910,#81900,#81840));
#81940=FACE_OUTER_BOUND('',#81930,.T.);
#81950=ADVANCED_FACE('',(#81940),#81760,.F.);
#81960=COLOUR_RGB('',5.0196081399917603E-01,1.0000000000000000E+00,
   5.0196081399917603E-01);
#81970=FILL_AREA_STYLE_COLOUR('',#81960);
#81980=FILL_AREA_STYLE('',(#81970));
#81990=SURFACE_STYLE_FILL_AREA(#81980);
#82000=SURFACE_SIDE_STYLE('',(#81990));
#82010=SURFACE_STYLE_USAGE(.BOTH.,#82000);
#82020=PRESENTATION_STYLE_ASSIGNMENT((#82010));
#82030=CARTESIAN_POINT('',(-3.3540750440769607E+01,
   1.6939574009478541E+01,1.7500000000000004E+01));
#82040=DIRECTION('',(0.0000000000000000E+00,0.0000000000000000E+00,
   1.0000000000000000E+00));
#82050=DIRECTION('',(1.0000000000000000E+00,0.0000000000000000E+00,
   0.0000000000000000E+00));
#82060=AXIS2_PLACEMENT_3D('',#82030,#82040,#82050);
#82070=CYLINDRICAL_SURFACE('',#82060,1.5809685943338536E-01);
#82080=CARTESIAN_POINT('',(-3.3540750440769607E+01,
   1.6939574009478541E+01,1.7500000000000004E+01));
#82090=DIRECTION('',(0.0000000000000000E+00,0.0000000000000000E+00,
   1.0000000000000000E+00));
#82100=DIRECTION('',(1.0000000000000000E+00,0.0000000000000000E+00,
   0.0000000000000000E+00));
#82110=AXIS2_PLACEMENT_3D('',#82080,#82090,#82100);
#82120=CIRCLE('',#82110,1.5809685943338536E-01);
#82130=CARTESIAN_POINT('',(-3.3540750440769607E+01,
   1.6781477150045156E+01,1.7500000000000004E+01));
#82140=VERTEX_POINT('',#82130);
#82150=EDGE_CURVE('',#81820,#82140,#82120,.T.);
#82160=ORIENTED_EDGE('',*,*,#82150,.F.);
#82170=CARTESIAN_POINT('',(-3.3540750440769607E+01,
   1.6781477150045099E+01,1.7500000000000004E+01));
#82180=DIRECTION('',(0.0000000000000000E+00,0.0000000000000000E+00,
   -1.0000000000000000E+00));
#82190=VECTOR('',#82180,1.0000000000000000E+00);
#82200=LINE('',#82170,#82190);
#82210=EDGE_CURVE('',#82140,#78680,#82200,.T.);
#82220=ORIENTED_EDGE('',*,*,#82210,.F.);
#82230=ORIENTED_EDGE('',*,*,#78690,.T.);
#82240=ORIENTED_EDGE('',*,*,#81890,.F.);
#82250=EDGE_LOOP('',(#82240,#82230,#82220,#82160));
#82260=FACE_OUTER_BOUND('',#82250,.T.);
#82270=ADVANCED_FACE('',(#82260),#82070,.T.);
#82280=COLOUR_RGB('',5.0196081399917603E-01,1.0000000000000000E+00,
   5.0196081399917603E-01);
#82290=FILL_AREA_STYLE_COLOUR('',#82280);
#82300=FILL_AREA_STYLE('',(#82290));
#82310=SURFACE_STYLE_FILL_AREA(#82300);
#82320=SURFACE_SIDE_STYLE('',(#82310));
#82330=SURFACE_STYLE_USAGE(.BOTH.,#82320);
#82340=PRESENTATION_STYLE_ASSIGNMENT((#82330));
#82350=CARTESIAN_POINT('',(-3.3528098790955589E+01,
   1.6781477150045099E+01,1.7500000000000004E+01));
#82360=DIRECTION('',(-0.0000000000000000E+00,1.0000000000000000E+00,
   0.0000000000000000E+00));
#82370=DIRECTION('',(1.0000000000000000E+00,0.0000000000000000E+00,
   0.0000000000000000E+00));
#82380=AXIS2_PLACEMENT_3D('',#82350,#82360,#82370);
#82390=PLANE('',#82380);
#82400=CARTESIAN_POINT('',(0.0000000000000000E+00,1.6781477150045099E+01
   ,1.7500000000000004E+01));
#82410=DIRECTION('',(-1.0000000000000000E+00,0.0000000000000000E+00,
   0.0000000000000000E+00));
#82420=VECTOR('',#82410,1.0000000000000000E+00);
#82430=LINE('',#82400,#82420);
#82440=CARTESIAN_POINT('',(-3.3528098790955589E+01,
   1.6781477150045099E+01,1.7500000000000004E+01));
#82450=VERTEX_POINT('',#82440);
#82460=EDGE_CURVE('',#82450,#82140,#82430,.T.);
#82470=ORIENTED_EDGE('',*,*,#82460,.T.);
#82480=CARTESIAN_POINT('',(-3.3528098790955589E+01,
   1.6781477150045099E+01,1.7500000000000004E+01));
#82490=DIRECTION('',(0.0000000000000000E+00,0.0000000000000000E+00,
   -1.0000000000000000E+00));
#82500=VECTOR('',#82490,1.0000000000000000E+00);
#82510=LINE('',#82480,#82500);
#82520=EDGE_CURVE('',#82450,#78760,#82510,.T.);
#82530=ORIENTED_EDGE('',*,*,#82520,.F.);
#82540=ORIENTED_EDGE('',*,*,#78770,.F.);
#82550=ORIENTED_EDGE('',*,*,#82210,.T.);
#82560=EDGE_LOOP('',(#82550,#82540,#82530,#82470));
#82570=FACE_OUTER_BOUND('',#82560,.T.);
#82580=ADVANCED_FACE('',(#82570),#82390,.F.);
#82590=COLOUR_RGB('',5.0196081399917603E-01,1.0000000000000000E+00,
   5.0196081399917603E-01);
#82600=FILL_AREA_STYLE_COLOUR('',#82590);
#82610=FILL_AREA_STYLE('',(#82600));
#82620=SURFACE_STYLE_FILL_AREA(#82610);
#82630=SURFACE_SIDE_STYLE('',(#82620));
#82640=SURFACE_STYLE_USAGE(.BOTH.,#82630);
#82650=PRESENTATION_STYLE_ASSIGNMENT((#82640));
#82660=CARTESIAN_POINT('',(-3.3528098790955589E+01,
   1.7732660724090302E+01,1.7500000000000004E+01));
#82670=DIRECTION('',(0.0000000000000000E+00,0.0000000000000000E+00,
   1.0000000000000000E+00));
#82680=DIRECTION('',(1.0000000000000000E+00,0.0000000000000000E+00,
   0.0000000000000000E+00));
#82690=AXIS2_PLACEMENT_3D('',#82660,#82670,#82680);
#82700=CYLINDRICAL_SURFACE('',#82690,9.5118357404519926E-01);
#82710=CARTESIAN_POINT('',(-3.3528098790955589E+01,
   1.7732660724090302E+01,1.7500000000000004E+01));
#82720=DIRECTION('',(0.0000000000000000E+00,0.0000000000000000E+00,
   1.0000000000000000E+00));
#82730=DIRECTION('',(1.0000000000000000E+00,0.0000000000000000E+00,
   0.0000000000000000E+00));
#82740=AXIS2_PLACEMENT_3D('',#82710,#82720,#82730);
#82750=CIRCLE('',#82740,9.5118357404519926E-01);
#82760=CARTESIAN_POINT('',(-3.2576915216910393E+01,
   1.7732660724090302E+01,1.7500000000000004E+01));
#82770=VERTEX_POINT('',#82760);
#82780=EDGE_CURVE('',#82450,#82770,#82750,.T.);
#82790=ORIENTED_EDGE('',*,*,#82780,.F.);
#82800=CARTESIAN_POINT('',(-3.2576915216910393E+01,
   1.7732660724090302E+01,1.7500000000000004E+01));
#82810=DIRECTION('',(0.0000000000000000E+00,0.0000000000000000E+00,
   1.0000000000000000E+00));
#82820=VECTOR('',#82810,1.0000000000000000E+00);
#82830=LINE('',#82800,#82820);
#82840=EDGE_CURVE('',#78850,#82770,#82830,.T.);
#82850=ORIENTED_EDGE('',*,*,#82840,.T.);
#82860=ORIENTED_EDGE('',*,*,#78860,.T.);
#82870=ORIENTED_EDGE('',*,*,#82520,.T.);
#82880=EDGE_LOOP('',(#82870,#82860,#82850,#82790));
#82890=FACE_OUTER_BOUND('',#82880,.T.);
#82900=ADVANCED_FACE('',(#82890),#82700,.T.);
#82910=COLOUR_RGB('',5.0196081399917603E-01,1.0000000000000000E+00,
   5.0196081399917603E-01);
#82920=FILL_AREA_STYLE_COLOUR('',#82910);
#82930=FILL_AREA_STYLE('',(#82920));
#82940=SURFACE_STYLE_FILL_AREA(#82930);
#82950=SURFACE_SIDE_STYLE('',(#82940));
#82960=SURFACE_STYLE_USAGE(.BOTH.,#82950);
#82970=PRESENTATION_STYLE_ASSIGNMENT((#82960));
#82980=CARTESIAN_POINT('',(-3.3540750440769607E+01,
   1.8683844298135483E+01,1.7500000000000004E+01));
#82990=DIRECTION('',(-0.0000000000000000E+00,-1.0000000000000000E+00,
   -0.0000000000000000E+00));
#83000=DIRECTION('',(-1.0000000000000000E+00,0.0000000000000000E+00,
   0.0000000000000000E+00));
#83010=AXIS2_PLACEMENT_3D('',#82980,#82990,#83000);
#83020=PLANE('',#83010);
#83030=CARTESIAN_POINT('',(0.0000000000000000E+00,1.8683844298135483E+01
   ,1.7500000000000004E+01));
#83040=DIRECTION('',(1.0000000000000000E+00,0.0000000000000000E+00,
   0.0000000000000000E+00));
#83050=VECTOR('',#83040,1.0000000000000000E+00);
#83060=LINE('',#83030,#83050);
#83070=CARTESIAN_POINT('',(-3.3540750440769607E+01,
   1.8683844298135483E+01,1.7500000000000004E+01));
#83080=VERTEX_POINT('',#83070);
#83090=CARTESIAN_POINT('',(-3.3528098790955589E+01,
   1.8683844298135504E+01,1.7500000000000004E+01));
#83100=VERTEX_POINT('',#83090);
#83110=EDGE_CURVE('',#83080,#83100,#83060,.T.);
#83120=ORIENTED_EDGE('',*,*,#83110,.T.);
#83130=CARTESIAN_POINT('',(-3.3540750440769607E+01,
   1.8683844298135483E+01,1.7500000000000004E+01));
#83140=DIRECTION('',(0.0000000000000000E+00,0.0000000000000000E+00,
   -1.0000000000000000E+00));
#83150=VECTOR('',#83140,1.0000000000000000E+00);
#83160=LINE('',#83130,#83150);
#83170=EDGE_CURVE('',#83080,#78970,#83160,.T.);
#83180=ORIENTED_EDGE('',*,*,#83170,.F.);
#83190=ORIENTED_EDGE('',*,*,#78980,.T.);
#83200=CARTESIAN_POINT('',(-3.3528098790955589E+01,
   1.8683844298135483E+01,1.7500000000000004E+01));
#83210=DIRECTION('',(0.0000000000000000E+00,0.0000000000000000E+00,
   -1.0000000000000000E+00));
#83220=VECTOR('',#83210,1.0000000000000000E+00);
#83230=LINE('',#83200,#83220);
#83240=EDGE_CURVE('',#83100,#78890,#83230,.T.);
#83250=ORIENTED_EDGE('',*,*,#83240,.T.);
#83260=EDGE_LOOP('',(#83250,#83190,#83180,#83120));
#83270=FACE_OUTER_BOUND('',#83260,.T.);
#83280=ADVANCED_FACE('',(#83270),#83020,.F.);
#83290=COLOUR_RGB('',5.0196081399917603E-01,1.0000000000000000E+00,
   5.0196081399917603E-01);
#83300=FILL_AREA_STYLE_COLOUR('',#83290);
#83310=FILL_AREA_STYLE('',(#83300));
#83320=SURFACE_STYLE_FILL_AREA(#83310);
#83330=SURFACE_SIDE_STYLE('',(#83320));
#83340=SURFACE_STYLE_USAGE(.BOTH.,#83330);
#83350=PRESENTATION_STYLE_ASSIGNMENT((#83340));
#83360=CARTESIAN_POINT('',(-3.3540750440769607E+01,
   1.8525747438702041E+01,1.7500000000000004E+01));
#83370=DIRECTION('',(0.0000000000000000E+00,0.0000000000000000E+00,
   1.0000000000000000E+00));
#83380=DIRECTION('',(1.0000000000000000E+00,0.0000000000000000E+00,
   0.0000000000000000E+00));
#83390=AXIS2_PLACEMENT_3D('',#83360,#83370,#83380);
#83400=CYLINDRICAL_SURFACE('',#83390,1.5809685943344043E-01);
#83410=CARTESIAN_POINT('',(-3.3540750440769607E+01,
   1.8525747438702041E+01,1.7500000000000004E+01));
#83420=DIRECTION('',(0.0000000000000000E+00,0.0000000000000000E+00,
   1.0000000000000000E+00));
#83430=DIRECTION('',(1.0000000000000000E+00,0.0000000000000000E+00,
   0.0000000000000000E+00));
#83440=AXIS2_PLACEMENT_3D('',#83410,#83420,#83430);
#83450=CIRCLE('',#83440,1.5809685943344043E-01);
#83460=CARTESIAN_POINT('',(-3.3698847300203049E+01,
   1.8525747438702041E+01,1.7500000000000004E+01));
#83470=VERTEX_POINT('',#83460);
#83480=EDGE_CURVE('',#83080,#83470,#83450,.T.);
#83490=ORIENTED_EDGE('',*,*,#83480,.F.);
#83500=CARTESIAN_POINT('',(-3.3698847300203049E+01,
   1.8525747438702041E+01,1.7500000000000004E+01));
#83510=DIRECTION('',(0.0000000000000000E+00,0.0000000000000000E+00,
   1.0000000000000000E+00));
#83520=VECTOR('',#83510,1.0000000000000000E+00);
#83530=LINE('',#83500,#83520);
#83540=EDGE_CURVE('',#79060,#83470,#83530,.T.);
#83550=ORIENTED_EDGE('',*,*,#83540,.T.);
#83560=ORIENTED_EDGE('',*,*,#79070,.T.);
#83570=ORIENTED_EDGE('',*,*,#83170,.T.);
#83580=EDGE_LOOP('',(#83570,#83560,#83550,#83490));
#83590=FACE_OUTER_BOUND('',#83580,.T.);
#83600=ADVANCED_FACE('',(#83590),#83400,.T.);
#83610=COLOUR_RGB('',5.0196081399917603E-01,1.0000000000000000E+00,
   5.0196081399917603E-01);
#83620=FILL_AREA_STYLE_COLOUR('',#83610);
#83630=FILL_AREA_STYLE('',(#83620));
#83640=SURFACE_STYLE_FILL_AREA(#83630);
#83650=SURFACE_SIDE_STYLE('',(#83640));
#83660=SURFACE_STYLE_USAGE(.BOTH.,#83650);
#83670=PRESENTATION_STYLE_ASSIGNMENT((#83660));
#83680=CARTESIAN_POINT('',(-3.3698847300203191E+01,
   1.8285798487729217E+01,1.7500000000000004E+01));
#83690=DIRECTION('',(1.0000000000000000E+00,0.0000000000000000E+00,
   0.0000000000000000E+00));
#83700=DIRECTION('',(0.0000000000000000E+00,-1.0000000000000000E+00,
   0.0000000000000000E+00));
#83710=AXIS2_PLACEMENT_3D('',#83680,#83690,#83700);
#83720=PLANE('',#83710);
#83730=CARTESIAN_POINT('',(-3.3698847300203191E+01,
   0.0000000000000000E+00,1.7500000000000004E+01));
#83740=DIRECTION('',(0.0000000000000000E+00,1.0000000000000000E+00,
   0.0000000000000000E+00));
#83750=VECTOR('',#83740,1.0000000000000000E+00);
#83760=LINE('',#83730,#83750);
#83770=EDGE_CURVE('',#81120,#83470,#83760,.T.);
#83780=ORIENTED_EDGE('',*,*,#83770,.T.);
#83790=ORIENTED_EDGE('',*,*,#81210,.T.);
#83800=ORIENTED_EDGE('',*,*,#79150,.F.);
#83810=ORIENTED_EDGE('',*,*,#83540,.F.);
#83820=EDGE_LOOP('',(#83810,#83800,#83790,#83780));
#83830=FACE_OUTER_BOUND('',#83820,.T.);
#83840=ADVANCED_FACE('',(#83830),#83720,.F.);
#83850=COLOUR_RGB('',5.0196081399917603E-01,1.0000000000000000E+00,
   5.0196081399917603E-01);
#83860=FILL_AREA_STYLE_COLOUR('',#83850);
#83870=FILL_AREA_STYLE('',(#83860));
#83880=SURFACE_STYLE_FILL_AREA(#83870);
#83890=SURFACE_SIDE_STYLE('',(#83880));
#83900=SURFACE_STYLE_USAGE(.BOTH.,#83890);
#83910=PRESENTATION_STYLE_ASSIGNMENT((#83900));
#83920=ORIENTED_EDGE('',*,*,#81470,.T.);
#83930=EDGE_CURVE('',#81440,#80730,#80710,.T.);
#83940=ORIENTED_EDGE('',*,*,#83930,.F.);
#83950=ORIENTED_EDGE('',*,*,#80760,.F.);
#83960=ORIENTED_EDGE('',*,*,#81130,.T.);
#83970=ORIENTED_EDGE('',*,*,#83770,.F.);
#83980=ORIENTED_EDGE('',*,*,#83480,.T.);
#83990=ORIENTED_EDGE('',*,*,#83110,.F.);
#84000=EDGE_CURVE('',#82770,#83100,#82750,.T.);
#84010=ORIENTED_EDGE('',*,*,#84000,.T.);
#84020=ORIENTED_EDGE('',*,*,#82780,.T.);
#84030=ORIENTED_EDGE('',*,*,#82460,.F.);
#84040=ORIENTED_EDGE('',*,*,#82150,.T.);
#84050=ORIENTED_EDGE('',*,*,#81830,.F.);
#84060=EDGE_LOOP('',(#84050,#84040,#84030,#84020,#84010,#83990,#83980,
   #83970,#83960,#83950,#83940,#83920));
#84070=FACE_OUTER_BOUND('',#84060,.T.);
#84080=ADVANCED_FACE('',(#84070),#74370,.T.);
#84090=COLOUR_RGB('',5.0196081399917603E-01,1.0000000000000000E+00,
   5.0196081399917603E-01);
#84100=FILL_AREA_STYLE_COLOUR('',#84090);
#84110=FILL_AREA_STYLE('',(#84100));
#84120=SURFACE_STYLE_FILL_AREA(#84110);
#84130=SURFACE_SIDE_STYLE('',(#84120));
#84140=SURFACE_STYLE_USAGE(.BOTH.,#84130);
#84150=PRESENTATION_STYLE_ASSIGNMENT((#84140));
#84160=CARTESIAN_POINT('',(-3.3919472448582290E+01,
   1.8525747438701963E+01,1.7500000000000004E+01));
#84170=DIRECTION('',(-1.0000000000000000E+00,0.0000000000000000E+00,
   0.0000000000000000E+00));
#84180=DIRECTION('',(0.0000000000000000E+00,1.0000000000000000E+00,
   0.0000000000000000E+00));
#84190=AXIS2_PLACEMENT_3D('',#84160,#84170,#84180);
#84200=PLANE('',#84190);
#84210=CARTESIAN_POINT('',(-3.3919472448582290E+01,
   0.0000000000000000E+00,1.7500000000000004E+01));
#84220=DIRECTION('',(0.0000000000000000E+00,-1.0000000000000000E+00,
   0.0000000000000000E+00));
#84230=VECTOR('',#84220,1.0000000000000000E+00);
#84240=LINE('',#84210,#84230);
#84250=CARTESIAN_POINT('',(-3.3919472448582290E+01,
   1.8525747438702041E+01,1.7500000000000004E+01));
#84260=VERTEX_POINT('',#84250);
#84270=CARTESIAN_POINT('',(-3.3919472448582482E+01,
   1.8285798487729217E+01,1.7500000000000004E+01));
#84280=VERTEX_POINT('',#84270);
#84290=EDGE_CURVE('',#84260,#84280,#84240,.T.);
#84300=ORIENTED_EDGE('',*,*,#84290,.T.);
#84310=CARTESIAN_POINT('',(-3.3919472448582290E+01,
   1.8525747438702041E+01,1.7500000000000004E+01));
#84320=DIRECTION('',(0.0000000000000000E+00,0.0000000000000000E+00,
   1.0000000000000000E+00));
#84330=VECTOR('',#84320,1.0000000000000000E+00);
#84340=LINE('',#84310,#84330);
#84350=EDGE_CURVE('',#79360,#84260,#84340,.T.);
#84360=ORIENTED_EDGE('',*,*,#84350,.T.);
#84370=ORIENTED_EDGE('',*,*,#80350,.F.);
#84380=CARTESIAN_POINT('',(-3.3919472448582482E+01,
   1.8285798487729217E+01,1.7500000000000004E+01));
#84390=DIRECTION('',(0.0000000000000000E+00,0.0000000000000000E+00,
   1.0000000000000000E+00));
#84400=VECTOR('',#84390,1.0000000000000000E+00);
#84410=LINE('',#84380,#84400);
#84420=EDGE_CURVE('',#80280,#84280,#84410,.T.);
#84430=ORIENTED_EDGE('',*,*,#84420,.F.);
#84440=EDGE_LOOP('',(#84430,#84370,#84360,#84300));
#84450=FACE_OUTER_BOUND('',#84440,.T.);
#84460=ADVANCED_FACE('',(#84450),#84200,.F.);
#84470=COLOUR_RGB('',5.0196081399917603E-01,1.0000000000000000E+00,
   5.0196081399917603E-01);
#84480=FILL_AREA_STYLE_COLOUR('',#84470);
#84490=FILL_AREA_STYLE('',(#84480));
#84500=SURFACE_STYLE_FILL_AREA(#84490);
#84510=SURFACE_SIDE_STYLE('',(#84500));
#84520=SURFACE_STYLE_USAGE(.BOTH.,#84510);
#84530=PRESENTATION_STYLE_ASSIGNMENT((#84520));
#84540=CARTESIAN_POINT('',(-3.4077569308015903E+01,
   1.8285798487729217E+01,1.7500000000000004E+01));
#84550=DIRECTION('',(0.0000000000000000E+00,0.0000000000000000E+00,
   1.0000000000000000E+00));
#84560=DIRECTION('',(1.0000000000000000E+00,0.0000000000000000E+00,
   0.0000000000000000E+00));
#84570=AXIS2_PLACEMENT_3D('',#84540,#84550,#84560);
#84580=CYLINDRICAL_SURFACE('',#84570,1.5809685943342069E-01);
#84590=CARTESIAN_POINT('',(-3.4077569308015903E+01,
   1.8285798487729217E+01,1.7500000000000004E+01));
#84600=DIRECTION('',(0.0000000000000000E+00,0.0000000000000000E+00,
   1.0000000000000000E+00));
#84610=DIRECTION('',(1.0000000000000000E+00,0.0000000000000000E+00,
   0.0000000000000000E+00));
#84620=AXIS2_PLACEMENT_3D('',#84590,#84600,#84610);
#84630=CIRCLE('',#84620,1.5809685943342069E-01);
#84640=CARTESIAN_POINT('',(-3.4008549739370004E+01,
   1.8143563062793497E+01,1.7500000000000004E+01));
#84650=VERTEX_POINT('',#84640);
#84660=EDGE_CURVE('',#84650,#84280,#84630,.T.);
#84670=ORIENTED_EDGE('',*,*,#84660,.F.);
#84680=ORIENTED_EDGE('',*,*,#84420,.T.);
#84690=ORIENTED_EDGE('',*,*,#80290,.T.);
#84700=CARTESIAN_POINT('',(-3.4008549739370004E+01,
   1.8143563062793497E+01,1.7500000000000004E+01));
#84710=DIRECTION('',(0.0000000000000000E+00,0.0000000000000000E+00,
   -1.0000000000000000E+00));
#84720=VECTOR('',#84710,1.0000000000000000E+00);
#84730=LINE('',#84700,#84720);
#84740=EDGE_CURVE('',#84650,#80190,#84730,.T.);
#84750=ORIENTED_EDGE('',*,*,#84740,.T.);
#84760=EDGE_LOOP('',(#84750,#84690,#84680,#84670));
#84770=FACE_OUTER_BOUND('',#84760,.T.);
#84780=ADVANCED_FACE('',(#84770),#84580,.T.);
#84790=COLOUR_RGB('',5.0196081399917603E-01,1.0000000000000000E+00,
   5.0196081399917603E-01);
#84800=FILL_AREA_STYLE_COLOUR('',#84790);
#84810=FILL_AREA_STYLE('',(#84800));
#84820=SURFACE_STYLE_FILL_AREA(#84810);
#84830=SURFACE_SIDE_STYLE('',(#84820));
#84840=SURFACE_STYLE_USAGE(.BOTH.,#84830);
#84850=PRESENTATION_STYLE_ASSIGNMENT((#84840));
#84860=CARTESIAN_POINT('',(-3.4077569308015903E+01,
   1.8525747438702041E+01,1.7500000000000004E+01));
#84870=DIRECTION('',(0.0000000000000000E+00,0.0000000000000000E+00,
   1.0000000000000000E+00));
#84880=DIRECTION('',(1.0000000000000000E+00,0.0000000000000000E+00,
   0.0000000000000000E+00));
#84890=AXIS2_PLACEMENT_3D('',#84860,#84870,#84880);
#84900=CYLINDRICAL_SURFACE('',#84890,1.5809685943361274E-01);
#84910=CARTESIAN_POINT('',(-3.4077569308015903E+01,
   1.8525747438702041E+01,1.7500000000000004E+01));
#84920=DIRECTION('',(0.0000000000000000E+00,0.0000000000000000E+00,
   1.0000000000000000E+00));
#84930=DIRECTION('',(1.0000000000000000E+00,0.0000000000000000E+00,
   0.0000000000000000E+00));
#84940=AXIS2_PLACEMENT_3D('',#84910,#84920,#84930);
#84950=CIRCLE('',#84940,1.5809685943361274E-01);
#84960=CARTESIAN_POINT('',(-3.4077569308015903E+01,
   1.8683844298135654E+01,1.7500000000000004E+01));
#84970=VERTEX_POINT('',#84960);
#84980=EDGE_CURVE('',#84260,#84970,#84950,.T.);
#84990=ORIENTED_EDGE('',*,*,#84980,.F.);
#85000=CARTESIAN_POINT('',(-3.4077569308015903E+01,
   1.8683844298135483E+01,1.7500000000000004E+01));
#85010=DIRECTION('',(0.0000000000000000E+00,0.0000000000000000E+00,
   -1.0000000000000000E+00));
#85020=VECTOR('',#85010,1.0000000000000000E+00);
#85030=LINE('',#85000,#85020);
#85040=EDGE_CURVE('',#84970,#79380,#85030,.T.);
#85050=ORIENTED_EDGE('',*,*,#85040,.F.);
#85060=ORIENTED_EDGE('',*,*,#79390,.T.);
#85070=ORIENTED_EDGE('',*,*,#84350,.F.);
#85080=EDGE_LOOP('',(#85070,#85060,#85050,#84990));
#85090=FACE_OUTER_BOUND('',#85080,.T.);
#85100=ADVANCED_FACE('',(#85090),#84900,.T.);
#85110=COLOUR_RGB('',5.0196081399917603E-01,1.0000000000000000E+00,
   5.0196081399917603E-01);
#85120=FILL_AREA_STYLE_COLOUR('',#85110);
#85130=FILL_AREA_STYLE('',(#85120));
#85140=SURFACE_STYLE_FILL_AREA(#85130);
#85150=SURFACE_SIDE_STYLE('',(#85140));
#85160=SURFACE_STYLE_USAGE(.BOTH.,#85150);
#85170=PRESENTATION_STYLE_ASSIGNMENT((#85160));
#85180=CARTESIAN_POINT('',(-3.4754188756857012E+01,
   1.8683844298135504E+01,1.7500000000000004E+01));
#85190=DIRECTION('',(-2.8878751958534577E-14,-1.0000000000000000E+00,
   -0.0000000000000000E+00));
#85200=DIRECTION('',(-1.0000000000000000E+00,2.8878751958534577E-14,
   0.0000000000000000E+00));
#85210=AXIS2_PLACEMENT_3D('',#85180,#85190,#85200);
#85220=PLANE('',#85210);
#85230=CARTESIAN_POINT('',(0.0000000000000000E+00,1.8683844298134495E+01
   ,1.7500000000000004E+01));
#85240=DIRECTION('',(1.0000000000000000E+00,-2.8878751958534577E-14,
   0.0000000000000000E+00));
#85250=VECTOR('',#85240,1.0000000000000000E+00);
#85260=LINE('',#85230,#85250);
#85270=CARTESIAN_POINT('',(-3.4754188756857012E+01,
   1.8683844298135504E+01,1.7500000000000004E+01));
#85280=VERTEX_POINT('',#85270);
#85290=EDGE_CURVE('',#85280,#84970,#85260,.T.);
#85300=ORIENTED_EDGE('',*,*,#85290,.T.);
#85310=CARTESIAN_POINT('',(-3.4754188756857012E+01,
   1.8683844298135504E+01,1.7500000000000004E+01));
#85320=DIRECTION('',(0.0000000000000000E+00,0.0000000000000000E+00,
   -1.0000000000000000E+00));
#85330=VECTOR('',#85320,1.0000000000000000E+00);
#85340=LINE('',#85310,#85330);
#85350=EDGE_CURVE('',#85280,#79460,#85340,.T.);
#85360=ORIENTED_EDGE('',*,*,#85350,.F.);
#85370=ORIENTED_EDGE('',*,*,#79470,.F.);
#85380=ORIENTED_EDGE('',*,*,#85040,.T.);
#85390=EDGE_LOOP('',(#85380,#85370,#85360,#85300));
#85400=FACE_OUTER_BOUND('',#85390,.T.);
#85410=ADVANCED_FACE('',(#85400),#85220,.F.);
#85420=COLOUR_RGB('',5.0196081399917603E-01,1.0000000000000000E+00,
   5.0196081399917603E-01);
#85430=FILL_AREA_STYLE_COLOUR('',#85420);
#85440=FILL_AREA_STYLE('',(#85430));
#85450=SURFACE_STYLE_FILL_AREA(#85440);
#85460=SURFACE_SIDE_STYLE('',(#85450));
#85470=SURFACE_STYLE_USAGE(.BOTH.,#85460);
#85480=PRESENTATION_STYLE_ASSIGNMENT((#85470));
#85490=CARTESIAN_POINT('',(-3.4754188756857012E+01,
   1.8525747438702062E+01,1.7500000000000004E+01));
#85500=DIRECTION('',(0.0000000000000000E+00,0.0000000000000000E+00,
   1.0000000000000000E+00));
#85510=DIRECTION('',(1.0000000000000000E+00,0.0000000000000000E+00,
   0.0000000000000000E+00));
#85520=AXIS2_PLACEMENT_3D('',#85490,#85500,#85510);
#85530=CYLINDRICAL_SURFACE('',#85520,1.5809685943344043E-01);
#85540=CARTESIAN_POINT('',(-3.4754188756857012E+01,
   1.8525747438702062E+01,1.7500000000000004E+01));
#85550=DIRECTION('',(0.0000000000000000E+00,0.0000000000000000E+00,
   1.0000000000000000E+00));
#85560=DIRECTION('',(1.0000000000000000E+00,0.0000000000000000E+00,
   0.0000000000000000E+00));
#85570=AXIS2_PLACEMENT_3D('',#85540,#85550,#85560);
#85580=CIRCLE('',#85570,1.5809685943344043E-01);
#85590=CARTESIAN_POINT('',(-3.4912285616290454E+01,
   1.8525747438702062E+01,1.7500000000000004E+01));
#85600=VERTEX_POINT('',#85590);
#85610=EDGE_CURVE('',#85280,#85600,#85580,.T.);
#85620=ORIENTED_EDGE('',*,*,#85610,.F.);
#85630=CARTESIAN_POINT('',(-3.4912285616290454E+01,
   1.8525747438702062E+01,1.7500000000000004E+01));
#85640=DIRECTION('',(0.0000000000000000E+00,0.0000000000000000E+00,
   1.0000000000000000E+00));
#85650=VECTOR('',#85640,1.0000000000000000E+00);
#85660=LINE('',#85630,#85650);
#85670=EDGE_CURVE('',#79550,#85600,#85660,.T.);
#85680=ORIENTED_EDGE('',*,*,#85670,.T.);
#85690=ORIENTED_EDGE('',*,*,#79560,.T.);
#85700=ORIENTED_EDGE('',*,*,#85350,.T.);
#85710=EDGE_LOOP('',(#85700,#85690,#85680,#85620));
#85720=FACE_OUTER_BOUND('',#85710,.T.);
#85730=ADVANCED_FACE('',(#85720),#85530,.T.);
#85740=COLOUR_RGB('',5.0196081399917603E-01,1.0000000000000000E+00,
   5.0196081399917603E-01);
#85750=FILL_AREA_STYLE_COLOUR('',#85740);
#85760=FILL_AREA_STYLE('',(#85750));
#85770=SURFACE_STYLE_FILL_AREA(#85760);
#85780=SURFACE_SIDE_STYLE('',(#85770));
#85790=SURFACE_STYLE_USAGE(.BOTH.,#85780);
#85800=PRESENTATION_STYLE_ASSIGNMENT((#85790));
#85810=CARTESIAN_POINT('',(-3.4912285616290511E+01,
   1.6491958209937998E+01,1.7500000000000004E+01));
#85820=DIRECTION('',(1.0000000000000000E+00,0.0000000000000000E+00,
   0.0000000000000000E+00));
#85830=DIRECTION('',(0.0000000000000000E+00,-1.0000000000000000E+00,
   0.0000000000000000E+00));
#85840=AXIS2_PLACEMENT_3D('',#85810,#85820,#85830);
#85850=PLANE('',#85840);
#85860=CARTESIAN_POINT('',(-3.4912285616290511E+01,
   0.0000000000000000E+00,1.7500000000000004E+01));
#85870=DIRECTION('',(0.0000000000000000E+00,1.0000000000000000E+00,
   0.0000000000000000E+00));
#85880=VECTOR('',#85870,1.0000000000000000E+00);
#85890=LINE('',#85860,#85880);
#85900=CARTESIAN_POINT('',(-3.4912285616290511E+01,
   1.6491958209937998E+01,1.7500000000000004E+01));
#85910=VERTEX_POINT('',#85900);
#85920=EDGE_CURVE('',#85910,#85600,#85890,.T.);
#85930=ORIENTED_EDGE('',*,*,#85920,.T.);
#85940=CARTESIAN_POINT('',(-3.4912285616290511E+01,
   1.6491958209937998E+01,1.7500000000000004E+01));
#85950=DIRECTION('',(0.0000000000000000E+00,0.0000000000000000E+00,
   1.0000000000000000E+00));
#85960=VECTOR('',#85950,1.0000000000000000E+00);
#85970=LINE('',#85940,#85960);
#85980=EDGE_CURVE('',#79630,#85910,#85970,.T.);
#85990=ORIENTED_EDGE('',*,*,#85980,.T.);
#86000=ORIENTED_EDGE('',*,*,#79640,.T.);
#86010=ORIENTED_EDGE('',*,*,#85670,.F.);
#86020=EDGE_LOOP('',(#86010,#86000,#85990,#85930));
#86030=FACE_OUTER_BOUND('',#86020,.T.);
#86040=ADVANCED_FACE('',(#86030),#85850,.F.);
#86050=COLOUR_RGB('',5.0196081399917603E-01,1.0000000000000000E+00,
   5.0196081399917603E-01);
#86060=FILL_AREA_STYLE_COLOUR('',#86050);
#86070=FILL_AREA_STYLE('',(#86060));
#86080=SURFACE_STYLE_FILL_AREA(#86070);
#86090=SURFACE_SIDE_STYLE('',(#86080));
#86100=SURFACE_STYLE_USAGE(.BOTH.,#86090);
#86110=PRESENTATION_STYLE_ASSIGNMENT((#86100));
#86120=CARTESIAN_POINT('',(-3.4754188756857012E+01,
   1.6491958209937998E+01,1.7500000000000004E+01));
#86130=DIRECTION('',(0.0000000000000000E+00,0.0000000000000000E+00,
   1.0000000000000000E+00));
#86140=DIRECTION('',(1.0000000000000000E+00,0.0000000000000000E+00,
   0.0000000000000000E+00));
#86150=AXIS2_PLACEMENT_3D('',#86120,#86130,#86140);
#86160=CYLINDRICAL_SURFACE('',#86150,1.5809685943349905E-01);
#86170=CARTESIAN_POINT('',(-3.4754188756857012E+01,
   1.6491958209937998E+01,1.7500000000000004E+01));
#86180=DIRECTION('',(0.0000000000000000E+00,0.0000000000000000E+00,
   1.0000000000000000E+00));
#86190=DIRECTION('',(1.0000000000000000E+00,0.0000000000000000E+00,
   0.0000000000000000E+00));
#86200=AXIS2_PLACEMENT_3D('',#86170,#86180,#86190);
#86210=CIRCLE('',#86200,1.5809685943349905E-01);
#86220=CARTESIAN_POINT('',(-3.4754188756857012E+01,
   1.6333861350504499E+01,1.7500000000000004E+01));
#86230=VERTEX_POINT('',#86220);
#86240=EDGE_CURVE('',#85910,#86230,#86210,.T.);
#86250=ORIENTED_EDGE('',*,*,#86240,.F.);
#86260=CARTESIAN_POINT('',(-3.4754188756857012E+01,
   1.6333861350504563E+01,1.7500000000000004E+01));
#86270=DIRECTION('',(0.0000000000000000E+00,0.0000000000000000E+00,
   -1.0000000000000000E+00));
#86280=VECTOR('',#86270,1.0000000000000000E+00);
#86290=LINE('',#86260,#86280);
#86300=EDGE_CURVE('',#86230,#79720,#86290,.T.);
#86310=ORIENTED_EDGE('',*,*,#86300,.F.);
#86320=ORIENTED_EDGE('',*,*,#79730,.T.);
#86330=ORIENTED_EDGE('',*,*,#85980,.F.);
#86340=EDGE_LOOP('',(#86330,#86320,#86310,#86250));
#86350=FACE_OUTER_BOUND('',#86340,.T.);
#86360=ADVANCED_FACE('',(#86350),#86160,.T.);
#86370=COLOUR_RGB('',5.0196081399917603E-01,1.0000000000000000E+00,
   5.0196081399917603E-01);
#86380=FILL_AREA_STYLE_COLOUR('',#86370);
#86390=FILL_AREA_STYLE('',(#86380));
#86400=SURFACE_STYLE_FILL_AREA(#86390);
#86410=SURFACE_SIDE_STYLE('',(#86400));
#86420=SURFACE_STYLE_USAGE(.BOTH.,#86410);
#86430=PRESENTATION_STYLE_ASSIGNMENT((#86420));
#86440=CARTESIAN_POINT('',(-3.4077569308015903E+01,
   1.6333861350504563E+01,1.7500000000000004E+01));
#86450=DIRECTION('',(-0.0000000000000000E+00,1.0000000000000000E+00,
   0.0000000000000000E+00));
#86460=DIRECTION('',(1.0000000000000000E+00,0.0000000000000000E+00,
   0.0000000000000000E+00));
#86470=AXIS2_PLACEMENT_3D('',#86440,#86450,#86460);
#86480=PLANE('',#86470);
#86490=CARTESIAN_POINT('',(0.0000000000000000E+00,1.6333861350504563E+01
   ,1.7500000000000004E+01));
#86500=DIRECTION('',(-1.0000000000000000E+00,0.0000000000000000E+00,
   0.0000000000000000E+00));
#86510=VECTOR('',#86500,1.0000000000000000E+00);
#86520=LINE('',#86490,#86510);
#86530=CARTESIAN_POINT('',(-3.4077569308015903E+01,
   1.6333861350504556E+01,1.7500000000000004E+01));
#86540=VERTEX_POINT('',#86530);
#86550=EDGE_CURVE('',#86540,#86230,#86520,.T.);
#86560=ORIENTED_EDGE('',*,*,#86550,.T.);
#86570=CARTESIAN_POINT('',(-3.4077569308015903E+01,
   1.6333861350504563E+01,1.7500000000000004E+01));
#86580=DIRECTION('',(0.0000000000000000E+00,0.0000000000000000E+00,
   -1.0000000000000000E+00));
#86590=VECTOR('',#86580,1.0000000000000000E+00);
#86600=LINE('',#86570,#86590);
#86610=EDGE_CURVE('',#86540,#79800,#86600,.T.);
#86620=ORIENTED_EDGE('',*,*,#86610,.F.);
#86630=ORIENTED_EDGE('',*,*,#79810,.F.);
#86640=ORIENTED_EDGE('',*,*,#86300,.T.);
#86650=EDGE_LOOP('',(#86640,#86630,#86620,#86560));
#86660=FACE_OUTER_BOUND('',#86650,.T.);
#86670=ADVANCED_FACE('',(#86660),#86480,.F.);
#86680=COLOUR_RGB('',5.0196081399917603E-01,1.0000000000000000E+00,
   5.0196081399917603E-01);
#86690=FILL_AREA_STYLE_COLOUR('',#86680);
#86700=FILL_AREA_STYLE('',(#86690));
#86710=SURFACE_STYLE_FILL_AREA(#86700);
#86720=SURFACE_SIDE_STYLE('',(#86710));
#86730=SURFACE_STYLE_USAGE(.BOTH.,#86720);
#86740=PRESENTATION_STYLE_ASSIGNMENT((#86730));
#86750=CARTESIAN_POINT('',(-3.4077569308015903E+01,
   1.6491958209937998E+01,1.7500000000000004E+01));
#86760=DIRECTION('',(0.0000000000000000E+00,0.0000000000000000E+00,
   1.0000000000000000E+00));
#86770=DIRECTION('',(1.0000000000000000E+00,0.0000000000000000E+00,
   0.0000000000000000E+00));
#86780=AXIS2_PLACEMENT_3D('',#86750,#86760,#86770);
#86790=CYLINDRICAL_SURFACE('',#86780,1.5809685943343865E-01);
#86800=CARTESIAN_POINT('',(-3.4077569308015903E+01,
   1.6491958209937998E+01,1.7500000000000004E+01));
#86810=DIRECTION('',(0.0000000000000000E+00,0.0000000000000000E+00,
   1.0000000000000000E+00));
#86820=DIRECTION('',(1.0000000000000000E+00,0.0000000000000000E+00,
   0.0000000000000000E+00));
#86830=AXIS2_PLACEMENT_3D('',#86800,#86810,#86820);
#86840=CIRCLE('',#86830,1.5809685943343865E-01);
#86850=CARTESIAN_POINT('',(-3.3919472448582468E+01,
   1.6491958209937998E+01,1.7500000000000004E+01));
#86860=VERTEX_POINT('',#86850);
#86870=EDGE_CURVE('',#86540,#86860,#86840,.T.);
#86880=ORIENTED_EDGE('',*,*,#86870,.F.);
#86890=CARTESIAN_POINT('',(-3.3919472448582468E+01,
   1.6491958209937998E+01,1.7500000000000004E+01));
#86900=DIRECTION('',(0.0000000000000000E+00,0.0000000000000000E+00,
   1.0000000000000000E+00));
#86910=VECTOR('',#86900,1.0000000000000000E+00);
#86920=LINE('',#86890,#86910);
#86930=EDGE_CURVE('',#79890,#86860,#86920,.T.);
#86940=ORIENTED_EDGE('',*,*,#86930,.T.);
#86950=ORIENTED_EDGE('',*,*,#79900,.T.);
#86960=ORIENTED_EDGE('',*,*,#86610,.T.);
#86970=EDGE_LOOP('',(#86960,#86950,#86940,#86880));
#86980=FACE_OUTER_BOUND('',#86970,.T.);
#86990=ADVANCED_FACE('',(#86980),#86790,.T.);
#87000=COLOUR_RGB('',5.0196081399917603E-01,1.0000000000000000E+00,
   5.0196081399917603E-01);
#87010=FILL_AREA_STYLE_COLOUR('',#87000);
#87020=FILL_AREA_STYLE('',(#87010));
#87030=SURFACE_STYLE_FILL_AREA(#87020);
#87040=SURFACE_SIDE_STYLE('',(#87030));
#87050=SURFACE_STYLE_USAGE(.BOTH.,#87040);
#87060=PRESENTATION_STYLE_ASSIGNMENT((#87050));
#87070=CARTESIAN_POINT('',(-3.3919472448582603E+01,
   1.7179522960451457E+01,1.7500000000000004E+01));
#87080=DIRECTION('',(-1.0000000000000000E+00,0.0000000000000000E+00,
   0.0000000000000000E+00));
#87090=DIRECTION('',(0.0000000000000000E+00,1.0000000000000000E+00,
   0.0000000000000000E+00));
#87100=AXIS2_PLACEMENT_3D('',#87070,#87080,#87090);
#87110=PLANE('',#87100);
#87120=CARTESIAN_POINT('',(-3.3919472448582603E+01,
   0.0000000000000000E+00,1.7500000000000004E+01));
#87130=DIRECTION('',(0.0000000000000000E+00,-1.0000000000000000E+00,
   0.0000000000000000E+00));
#87140=VECTOR('',#87130,1.0000000000000000E+00);
#87150=LINE('',#87120,#87140);
#87160=CARTESIAN_POINT('',(-3.3919472448582603E+01,
   1.7179522960451457E+01,1.7500000000000004E+01));
#87170=VERTEX_POINT('',#87160);
#87180=EDGE_CURVE('',#87170,#86860,#87150,.T.);
#87190=ORIENTED_EDGE('',*,*,#87180,.T.);
#87200=CARTESIAN_POINT('',(-3.3919472448582603E+01,
   1.7179522960451457E+01,1.7500000000000004E+01));
#87210=DIRECTION('',(0.0000000000000000E+00,0.0000000000000000E+00,
   1.0000000000000000E+00));
#87220=VECTOR('',#87210,1.0000000000000000E+00);
#87230=LINE('',#87200,#87220);
#87240=EDGE_CURVE('',#79970,#87170,#87230,.T.);
#87250=ORIENTED_EDGE('',*,*,#87240,.T.);
#87260=ORIENTED_EDGE('',*,*,#79980,.F.);
#87270=ORIENTED_EDGE('',*,*,#86930,.F.);
#87280=EDGE_LOOP('',(#87270,#87260,#87250,#87190));
#87290=FACE_OUTER_BOUND('',#87280,.T.);
#87300=ADVANCED_FACE('',(#87290),#87110,.F.);
#87310=COLOUR_RGB('',5.0196081399917603E-01,1.0000000000000000E+00,
   5.0196081399917603E-01);
#87320=FILL_AREA_STYLE_COLOUR('',#87310);
#87330=FILL_AREA_STYLE('',(#87320));
#87340=SURFACE_STYLE_FILL_AREA(#87330);
#87350=SURFACE_SIDE_STYLE('',(#87340));
#87360=SURFACE_STYLE_USAGE(.BOTH.,#87350);
#87370=PRESENTATION_STYLE_ASSIGNMENT((#87360));
#87380=CARTESIAN_POINT('',(-3.4077569308015903E+01,
   1.7179522960451457E+01,1.7500000000000004E+01));
#87390=DIRECTION('',(0.0000000000000000E+00,0.0000000000000000E+00,
   1.0000000000000000E+00));
#87400=DIRECTION('',(1.0000000000000000E+00,0.0000000000000000E+00,
   0.0000000000000000E+00));
#87410=AXIS2_PLACEMENT_3D('',#87380,#87390,#87400);
#87420=CYLINDRICAL_SURFACE('',#87410,1.5809685943330010E-01);
#87430=CARTESIAN_POINT('',(-3.4077569308015903E+01,
   1.7179522960451457E+01,1.7500000000000004E+01));
#87440=DIRECTION('',(0.0000000000000000E+00,0.0000000000000000E+00,
   1.0000000000000000E+00));
#87450=DIRECTION('',(1.0000000000000000E+00,0.0000000000000000E+00,
   0.0000000000000000E+00));
#87460=AXIS2_PLACEMENT_3D('',#87430,#87440,#87450);
#87470=CIRCLE('',#87460,1.5809685943330010E-01);
#87480=CARTESIAN_POINT('',(-3.4008549739370046E+01,
   1.7321758385387071E+01,1.7500000000000004E+01));
#87490=VERTEX_POINT('',#87480);
#87500=EDGE_CURVE('',#87170,#87490,#87470,.T.);
#87510=ORIENTED_EDGE('',*,*,#87500,.F.);
#87520=CARTESIAN_POINT('',(-3.4008549739370004E+01,
   1.7321758385387163E+01,1.7500000000000004E+01));
#87530=DIRECTION('',(0.0000000000000000E+00,0.0000000000000000E+00,
   -1.0000000000000000E+00));
#87540=VECTOR('',#87530,1.0000000000000000E+00);
#87550=LINE('',#87520,#87540);
#87560=EDGE_CURVE('',#87490,#80060,#87550,.T.);
#87570=ORIENTED_EDGE('',*,*,#87560,.F.);
#87580=ORIENTED_EDGE('',*,*,#80070,.T.);
#87590=ORIENTED_EDGE('',*,*,#87240,.F.);
#87600=EDGE_LOOP('',(#87590,#87580,#87570,#87510));
#87610=FACE_OUTER_BOUND('',#87600,.T.);
#87620=ADVANCED_FACE('',(#87610),#87420,.T.);
#87630=COLOUR_RGB('',5.0196081399917603E-01,1.0000000000000000E+00,
   5.0196081399917603E-01);
#87640=FILL_AREA_STYLE_COLOUR('',#87630);
#87650=FILL_AREA_STYLE('',(#87640));
#87660=SURFACE_STYLE_FILL_AREA(#87650);
#87670=SURFACE_SIDE_STYLE('',(#87660));
#87680=SURFACE_STYLE_USAGE(.BOTH.,#87670);
#87690=PRESENTATION_STYLE_ASSIGNMENT((#87680));
#87700=CARTESIAN_POINT('',(-3.3809159874392797E+01,
   1.7732660724090302E+01,1.7500000000000004E+01));
#87710=DIRECTION('',(0.0000000000000000E+00,0.0000000000000000E+00,
   1.0000000000000000E+00));
#87720=DIRECTION('',(1.0000000000000000E+00,0.0000000000000000E+00,
   0.0000000000000000E+00));
#87730=AXIS2_PLACEMENT_3D('',#87700,#87710,#87720);
#87740=CYLINDRICAL_SURFACE('',#87730,4.5672426058551835E-01);
#87750=CARTESIAN_POINT('',(-3.3809159874392797E+01,
   1.7732660724090302E+01,1.7500000000000004E+01));
#87760=DIRECTION('',(0.0000000000000000E+00,0.0000000000000000E+00,
   1.0000000000000000E+00));
#87770=DIRECTION('',(1.0000000000000000E+00,0.0000000000000000E+00,
   0.0000000000000000E+00));
#87780=AXIS2_PLACEMENT_3D('',#87750,#87760,#87770);
#87790=CIRCLE('',#87780,4.5672426058551835E-01);
#87800=CARTESIAN_POINT('',(-3.4265884134978315E+01,
   1.7732660724090302E+01,1.7500000000000004E+01));
#87810=VERTEX_POINT('',#87800);
#87820=EDGE_CURVE('',#87810,#87490,#87790,.T.);
#87830=ORIENTED_EDGE('',*,*,#87820,.T.);
#87840=CARTESIAN_POINT('',(-3.4265884134978315E+01,
   1.7732660724090302E+01,1.7500000000000004E+01));
#87850=DIRECTION('',(0.0000000000000000E+00,0.0000000000000000E+00,
   1.0000000000000000E+00));
#87860=VECTOR('',#87850,1.0000000000000000E+00);
#87870=LINE('',#87840,#87860);
#87880=EDGE_CURVE('',#80150,#87810,#87870,.T.);
#87890=ORIENTED_EDGE('',*,*,#87880,.T.);
#87900=ORIENTED_EDGE('',*,*,#80160,.F.);
#87910=ORIENTED_EDGE('',*,*,#87560,.T.);
#87920=EDGE_LOOP('',(#87910,#87900,#87890,#87830));
#87930=FACE_OUTER_BOUND('',#87920,.T.);
#87940=ADVANCED_FACE('',(#87930),#87740,.F.);
#87950=COLOUR_RGB('',5.0196081399917603E-01,1.0000000000000000E+00,
   5.0196081399917603E-01);
#87960=FILL_AREA_STYLE_COLOUR('',#87950);
#87970=FILL_AREA_STYLE('',(#87960));
#87980=SURFACE_STYLE_FILL_AREA(#87970);
#87990=SURFACE_SIDE_STYLE('',(#87980));
#88000=SURFACE_STYLE_USAGE(.BOTH.,#87990);
#88010=PRESENTATION_STYLE_ASSIGNMENT((#88000));
#88020=ORIENTED_EDGE('',*,*,#84660,.T.);
#88030=EDGE_CURVE('',#84650,#87810,#87790,.T.);
#88040=ORIENTED_EDGE('',*,*,#88030,.F.);
#88050=ORIENTED_EDGE('',*,*,#87820,.F.);
#88060=ORIENTED_EDGE('',*,*,#87500,.T.);
#88070=ORIENTED_EDGE('',*,*,#87180,.F.);
#88080=ORIENTED_EDGE('',*,*,#86870,.T.);
#88090=ORIENTED_EDGE('',*,*,#86550,.F.);
#88100=ORIENTED_EDGE('',*,*,#86240,.T.);
#88110=ORIENTED_EDGE('',*,*,#85920,.F.);
#88120=ORIENTED_EDGE('',*,*,#85610,.T.);
#88130=ORIENTED_EDGE('',*,*,#85290,.F.);
#88140=ORIENTED_EDGE('',*,*,#84980,.T.);
#88150=ORIENTED_EDGE('',*,*,#84290,.F.);
#88160=EDGE_LOOP('',(#88150,#88140,#88130,#88120,#88110,#88100,#88090,
   #88080,#88070,#88060,#88050,#88040,#88020));
#88170=FACE_OUTER_BOUND('',#88160,.T.);
#88180=ADVANCED_FACE('',(#88170),#74370,.T.);
#88190=COLOUR_RGB('',5.0196081399917603E-01,1.0000000000000000E+00,
   5.0196081399917603E-01);
#88200=FILL_AREA_STYLE_COLOUR('',#88190);
#88210=FILL_AREA_STYLE('',(#88200));
#88220=SURFACE_STYLE_FILL_AREA(#88210);
#88230=SURFACE_SIDE_STYLE('',(#88220));
#88240=SURFACE_STYLE_USAGE(.BOTH.,#88230);
#88250=PRESENTATION_STYLE_ASSIGNMENT((#88240));
#88260=CARTESIAN_POINT('',(-3.3809159874392797E+01,
   1.7732660724090302E+01,1.7500000000000004E+01));
#88270=DIRECTION('',(0.0000000000000000E+00,0.0000000000000000E+00,
   1.0000000000000000E+00));
#88280=DIRECTION('',(1.0000000000000000E+00,0.0000000000000000E+00,
   0.0000000000000000E+00));
#88290=AXIS2_PLACEMENT_3D('',#88260,#88270,#88280);
#88300=CYLINDRICAL_SURFACE('',#88290,2.2836213029279406E-01);
#88310=CARTESIAN_POINT('',(-3.3580797744100003E+01,
   1.7732660724090302E+01,1.7500000000000004E+01));
#88320=DIRECTION('',(0.0000000000000000E+00,0.0000000000000000E+00,
   1.0000000000000000E+00));
#88330=VECTOR('',#88320,1.0000000000000000E+00);
#88340=LINE('',#88310,#88330);
#88350=CARTESIAN_POINT('',(-3.3580797744100003E+01,
   1.7732660724090302E+01,1.7500000000000004E+01));
#88360=VERTEX_POINT('',#88350);
#88370=EDGE_CURVE('',#80450,#88360,#88340,.T.);
#88380=ORIENTED_EDGE('',*,*,#88370,.T.);
#88390=ORIENTED_EDGE('',*,*,#80500,.T.);
#88400=CARTESIAN_POINT('',(-3.4037522004685592E+01,
   1.7732660724090302E+01,1.7500000000000004E+01));
#88410=DIRECTION('',(0.0000000000000000E+00,0.0000000000000000E+00,
   1.0000000000000000E+00));
#88420=VECTOR('',#88410,1.0000000000000000E+00);
#88430=LINE('',#88400,#88420);
#88440=CARTESIAN_POINT('',(-3.4037522004685592E+01,
   1.7732660724090302E+01,1.7500000000000004E+01));
#88450=VERTEX_POINT('',#88440);
#88460=EDGE_CURVE('',#80470,#88450,#88430,.T.);
#88470=ORIENTED_EDGE('',*,*,#88460,.F.);
#88480=CARTESIAN_POINT('',(-3.3809159874392797E+01,
   1.7732660724090302E+01,1.7500000000000004E+01));
#88490=DIRECTION('',(0.0000000000000000E+00,0.0000000000000000E+00,
   1.0000000000000000E+00));
#88500=DIRECTION('',(1.0000000000000000E+00,0.0000000000000000E+00,
   0.0000000000000000E+00));
#88510=AXIS2_PLACEMENT_3D('',#88480,#88490,#88500);
#88520=CIRCLE('',#88510,2.2836213029279406E-01);
#88530=EDGE_CURVE('',#88450,#88360,#88520,.T.);
#88540=ORIENTED_EDGE('',*,*,#88530,.F.);
#88550=EDGE_LOOP('',(#88540,#88470,#88390,#88380));
#88560=FACE_OUTER_BOUND('',#88550,.T.);
#88570=ADVANCED_FACE('',(#88560),#88300,.T.);
#88580=COLOUR_RGB('',5.0196081399917603E-01,1.0000000000000000E+00,
   5.0196081399917603E-01);
#88590=FILL_AREA_STYLE_COLOUR('',#88580);
#88600=FILL_AREA_STYLE('',(#88590));
#88610=SURFACE_STYLE_FILL_AREA(#88600);
#88620=SURFACE_SIDE_STYLE('',(#88610));
#88630=SURFACE_STYLE_USAGE(.BOTH.,#88620);
#88640=PRESENTATION_STYLE_ASSIGNMENT((#88630));
#88650=EDGE_CURVE('',#88360,#88450,#88520,.T.);
#88660=ORIENTED_EDGE('',*,*,#88650,.T.);
#88670=ORIENTED_EDGE('',*,*,#88530,.T.);
#88680=EDGE_LOOP('',(#88670,#88660));
#88690=FACE_OUTER_BOUND('',#88680,.T.);
#88700=ADVANCED_FACE('',(#88690),#74370,.T.);
#88710=COLOUR_RGB('',5.0196081399917603E-01,1.0000000000000000E+00,
   5.0196081399917603E-01);
#88720=FILL_AREA_STYLE_COLOUR('',#88710);
#88730=FILL_AREA_STYLE('',(#88720));
#88740=SURFACE_STYLE_FILL_AREA(#88730);
#88750=SURFACE_SIDE_STYLE('',(#88740));
#88760=SURFACE_STYLE_USAGE(.BOTH.,#88750);
#88770=PRESENTATION_STYLE_ASSIGNMENT((#88760));
#88780=CARTESIAN_POINT('',(0.0000000000000000E+00,0.0000000000000000E+00
   ,1.6375000000000004E+01));
#88790=DIRECTION('',(0.0000000000000000E+00,0.0000000000000000E+00,
   1.0000000000000000E+00));
#88800=DIRECTION('',(1.0000000000000000E+00,0.0000000000000000E+00,
   0.0000000000000000E+00));
#88810=AXIS2_PLACEMENT_3D('',#88780,#88790,#88800);
#88820=PLANE('',#88810);
#88830=ORIENTED_EDGE('',*,*,#58660,.T.);
#88840=ORIENTED_EDGE('',*,*,#44660,.T.);
#88850=ORIENTED_EDGE('',*,*,#58300,.T.);
#88860=ORIENTED_EDGE('',*,*,#45410,.T.);
#88870=EDGE_LOOP('',(#88860,#88850,#88840,#88830));
#88880=FACE_OUTER_BOUND('',#88870,.T.);
#88890=ADVANCED_FACE('',(#88880),#88820,.F.);
#88900=COLOUR_RGB('',5.0196081399917603E-01,1.0000000000000000E+00,
   5.0196081399917603E-01);
#88910=FILL_AREA_STYLE_COLOUR('',#88900);
#88920=FILL_AREA_STYLE('',(#88910));
#88930=SURFACE_STYLE_FILL_AREA(#88920);
#88940=SURFACE_SIDE_STYLE('',(#88930));
#88950=SURFACE_STYLE_USAGE(.BOTH.,#88940);
#88960=PRESENTATION_STYLE_ASSIGNMENT((#88950));
#88970=CARTESIAN_POINT('',(-3.8579003587298210E+01,
   1.9228852824316121E+01,1.5000000000000004E+01));
#88980=DIRECTION('',(9.6592582628906809E-01,2.5881904510252152E-01,
   0.0000000000000000E+00));
#88990=DIRECTION('',(2.5881904510252152E-01,-9.6592582628906809E-01,
   0.0000000000000000E+00));
#89000=AXIS2_PLACEMENT_3D('',#88970,#88980,#88990);
#89010=PLANE('',#89000);
#89020=ORIENTED_EDGE('',*,*,#45490,.T.);
#89030=ORIENTED_EDGE('',*,*,#58450,.F.);
#89040=CARTESIAN_POINT('',(-3.3426648001645773E+01,
   0.0000000000000000E+00,1.5569285126661310E+01));
#89050=DIRECTION('',(-2.5759337550319977E-01,9.6135156507110675E-01,
   -9.7205047359698329E-02));
#89060=VECTOR('',#89050,1.0000000000000000E+00);
#89070=LINE('',#89040,#89060);
#89080=CARTESIAN_POINT('',(-3.8876268972941219E+01,
   2.0338262346867381E+01,1.3512824382776230E+01));
#89090=VERTEX_POINT('',#89080);
#89100=EDGE_CURVE('',#58380,#89090,#89070,.T.);
#89110=ORIENTED_EDGE('',*,*,#89100,.F.);
#89120=CARTESIAN_POINT('',(-3.8876268972941219E+01,
   2.0338262346867381E+01,1.5000000000000004E+01));
#89130=DIRECTION('',(0.0000000000000000E+00,0.0000000000000000E+00,
   1.0000000000000000E+00));
#89140=VECTOR('',#89130,1.0000000000000000E+00);
#89150=LINE('',#89120,#89140);
#89160=EDGE_CURVE('',#89090,#45480,#89150,.T.);
#89170=ORIENTED_EDGE('',*,*,#89160,.F.);
#89180=EDGE_LOOP('',(#89170,#89110,#89030,#89020));
#89190=FACE_OUTER_BOUND('',#89180,.T.);
#89200=ADVANCED_FACE('',(#89190),#89010,.F.);
#89210=COLOUR_RGB('',5.0196081399917603E-01,1.0000000000000000E+00,
   5.0196081399917603E-01);
#89220=FILL_AREA_STYLE_COLOUR('',#89210);
#89230=FILL_AREA_STYLE('',(#89220));
#89240=SURFACE_STYLE_FILL_AREA(#89230);
#89250=SURFACE_SIDE_STYLE('',(#89240));
#89260=SURFACE_STYLE_USAGE(.BOTH.,#89250);
#89270=PRESENTATION_STYLE_ASSIGNMENT((#89260));
#89280=CARTESIAN_POINT('',(-3.4429932243550240E+01,
   1.5508852824316122E+01,1.3477675262418085E+01));
#89290=DIRECTION('',(0.0000000000000000E+00,-1.0000000000000000E+00,
   0.0000000000000000E+00));
#89300=DIRECTION('',(1.0000000000000000E+00,0.0000000000000000E+00,
   0.0000000000000000E+00));
#89310=AXIS2_PLACEMENT_3D('',#89280,#89290,#89300);
#89320=PLANE('',#89310);
#89330=EDGE_CURVE('',#57820,#57670,#57890,.T.);
#89340=ORIENTED_EDGE('',*,*,#89330,.F.);
#89350=ORIENTED_EDGE('',*,*,#57900,.F.);
#89360=EDGE_LOOP('',(#89350,#89340));
#89370=FACE_BOUND('',#89360,.T.);
#89380=ORIENTED_EDGE('',*,*,#9800,.F.);
#89390=ORIENTED_EDGE('',*,*,#15210,.F.);
#89400=ORIENTED_EDGE('',*,*,#17400,.F.);
#89410=ORIENTED_EDGE('',*,*,#16820,.F.);
#89420=ORIENTED_EDGE('',*,*,#17110,.F.);
#89430=ORIENTED_EDGE('',*,*,#16350,.F.);
#89440=ORIENTED_EDGE('',*,*,#15970,.F.);
#89450=ORIENTED_EDGE('',*,*,#15590,.F.);
#89460=ORIENTED_EDGE('',*,*,#9520,.F.);
#89470=CARTESIAN_POINT('',(-3.9904003587298213E+01,
   1.5508852824316122E+01,1.0000000000000004E+01));
#89480=DIRECTION('',(0.0000000000000000E+00,0.0000000000000000E+00,
   -1.0000000000000000E+00));
#89490=VECTOR('',#89480,1.0000000000000000E+00);
#89500=LINE('',#89470,#89490);
#89510=EDGE_CURVE('',#74500,#9430,#89500,.T.);
#89520=ORIENTED_EDGE('',*,*,#89510,.T.);
#89530=ORIENTED_EDGE('',*,*,#74510,.T.);
#89540=ORIENTED_EDGE('',*,*,#69070,.F.);
#89550=ORIENTED_EDGE('',*,*,#69760,.F.);
#89560=ORIENTED_EDGE('',*,*,#73870,.F.);
#89570=ORIENTED_EDGE('',*,*,#66210,.F.);
#89580=ORIENTED_EDGE('',*,*,#36160,.F.);
#89590=ORIENTED_EDGE('',*,*,#71300,.F.);
#89600=ORIENTED_EDGE('',*,*,#65280,.F.);
#89610=ORIENTED_EDGE('',*,*,#74440,.T.);
#89620=ORIENTED_EDGE('',*,*,#64280,.T.);
#89630=EDGE_LOOP('',(#89620,#89610,#89600,#89590,#89580,#89570,#89560,
   #89550,#89540,#89530,#89520,#89460,#89450,#89440,#89430,#89420,#89410
   ,#89400,#89390,#89380));
#89640=FACE_OUTER_BOUND('',#89630,.T.);
#89650=ORIENTED_EDGE('',*,*,#22450,.F.);
#89660=EDGE_CURVE('',#22330,#22440,#22420,.T.);
#89670=ORIENTED_EDGE('',*,*,#89660,.F.);
#89680=EDGE_LOOP('',(#89670,#89650));
#89690=FACE_BOUND('',#89680,.T.);
#89700=ORIENTED_EDGE('',*,*,#29530,.F.);
#89710=EDGE_CURVE('',#29430,#29520,#29500,.T.);
#89720=ORIENTED_EDGE('',*,*,#89710,.F.);
#89730=EDGE_LOOP('',(#89720,#89700));
#89740=FACE_BOUND('',#89730,.T.);
#89750=EDGE_CURVE('',#59370,#59460,#59440,.T.);
#89760=ORIENTED_EDGE('',*,*,#89750,.F.);
#89770=ORIENTED_EDGE('',*,*,#59470,.F.);
#89780=EDGE_LOOP('',(#89770,#89760));
#89790=FACE_BOUND('',#89780,.T.);
#89800=ORIENTED_EDGE('',*,*,#49370,.F.);
#89810=EDGE_CURVE('',#49250,#49360,#49340,.T.);
#89820=ORIENTED_EDGE('',*,*,#89810,.F.);
#89830=EDGE_LOOP('',(#89820,#89800));
#89840=FACE_BOUND('',#89830,.T.);
#89850=ADVANCED_FACE('',(#89370,#89640,#89690,#89740,#89790,#89840),
   #89320,.T.);
#89860=COLOUR_RGB('',5.0196081399917603E-01,1.0000000000000000E+00,
   5.0196081399917603E-01);
#89870=FILL_AREA_STYLE_COLOUR('',#89860);
#89880=FILL_AREA_STYLE('',(#89870));
#89890=SURFACE_STYLE_FILL_AREA(#89880);
#89900=SURFACE_SIDE_STYLE('',(#89890));
#89910=SURFACE_STYLE_USAGE(.BOTH.,#89900);
#89920=PRESENTATION_STYLE_ASSIGNMENT((#89910));
#89930=CARTESIAN_POINT('',(-3.5604003587298216E+01,
   1.5008852824316122E+01,1.5500000000000004E+01));
#89940=DIRECTION('',(1.0000000000000000E+00,-0.0000000000000000E+00,
   0.0000000000000000E+00));
#89950=DIRECTION('',(0.0000000000000000E+00,0.0000000000000000E+00,
   -1.0000000000000000E+00));
#89960=AXIS2_PLACEMENT_3D('',#89930,#89940,#89950);
#89970=PLANE('',#89960);
#89980=ORIENTED_EDGE('',*,*,#67380,.T.);
#89990=ORIENTED_EDGE('',*,*,#27280,.T.);
#90000=CARTESIAN_POINT('',(-3.5604003587298216E+01,
   1.5008852824316122E+01,1.5000000000000004E+01));
#90010=DIRECTION('',(0.0000000000000000E+00,0.0000000000000000E+00,
   1.0000000000000000E+00));
#90020=VECTOR('',#90010,1.0000000000000000E+00);
#90030=LINE('',#90000,#90020);
#90040=EDGE_CURVE('',#51960,#27250,#90030,.T.);
#90050=ORIENTED_EDGE('',*,*,#90040,.T.);
#90060=ORIENTED_EDGE('',*,*,#51970,.T.);
#90070=ORIENTED_EDGE('',*,*,#53280,.F.);
#90080=ORIENTED_EDGE('',*,*,#47610,.T.);
#90090=ORIENTED_EDGE('',*,*,#63750,.T.);
#90100=EDGE_LOOP('',(#90090,#90080,#90070,#90060,#90050,#89990,#89980));
#90110=FACE_OUTER_BOUND('',#90100,.T.);
#90120=ADVANCED_FACE('',(#90110),#89970,.T.);
#90130=COLOUR_RGB('',9.4901967048645020E-01,9.4901967048645020E-01,
   1.0000000000000000E+00);
#90140=FILL_AREA_STYLE_COLOUR('',#90130);
#90150=FILL_AREA_STYLE('',(#90140));
#90160=SURFACE_STYLE_FILL_AREA(#90150);
#90170=SURFACE_SIDE_STYLE('',(#90160));
#90180=SURFACE_STYLE_USAGE(.BOTH.,#90170);
#90190=PRESENTATION_STYLE_ASSIGNMENT((#90180));
#90200=CARTESIAN_POINT('',(-3.6104003587298216E+01,
   1.5008852824316122E+01,9.5000000000000036E+00));
#90210=DIRECTION('',(-1.0000000000000000E+00,0.0000000000000000E+00,
   0.0000000000000000E+00));
#90220=DIRECTION('',(0.0000000000000000E+00,0.0000000000000000E+00,
   1.0000000000000000E+00));
#90230=AXIS2_PLACEMENT_3D('',#90200,#90210,#90220);
#90240=PLANE('',#90230);
#90250=ORIENTED_EDGE('',*,*,#55040,.T.);
#90260=ORIENTED_EDGE('',*,*,#54500,.T.);
#90270=ORIENTED_EDGE('',*,*,#59100,.T.);
#90280=CARTESIAN_POINT('',(-3.6104003587298216E+01,
   1.5008852824316122E+01,1.5000000000000004E+01));
#90290=DIRECTION('',(0.0000000000000000E+00,0.0000000000000000E+00,
   -1.0000000000000000E+00));
#90300=VECTOR('',#90290,1.0000000000000000E+00);
#90310=LINE('',#90280,#90300);
#90320=CARTESIAN_POINT('',(-3.6104003587298216E+01,
   1.5008852824316122E+01,1.0500000000000004E+01));
#90330=VERTEX_POINT('',#90320);
#90340=EDGE_CURVE('',#90330,#59030,#90310,.T.);
#90350=ORIENTED_EDGE('',*,*,#90340,.T.);
#90360=CARTESIAN_POINT('',(-3.6104003587298216E+01,
   1.5008852824316122E+01,1.0500000000000004E+01));
#90370=DIRECTION('',(0.0000000000000000E+00,-1.0000000000000000E+00,
   0.0000000000000000E+00));
#90380=VECTOR('',#90370,1.0000000000000000E+00);
#90390=LINE('',#90360,#90380);
#90400=CARTESIAN_POINT('',(-3.6104003587298216E+01,
   1.3008852824316122E+01,1.0500000000000004E+01));
#90410=VERTEX_POINT('',#90400);
#90420=EDGE_CURVE('',#90330,#90410,#90390,.T.);
#90430=ORIENTED_EDGE('',*,*,#90420,.F.);
#90440=CARTESIAN_POINT('',(-3.6104003587298216E+01,
   -2.6716239164827719E+01,-1.4430631774313696E-01));
#90450=DIRECTION('',(0.0000000000000000E+00,-9.6592582628906842E-01,
   -2.5881904510252046E-01));
#90460=VECTOR('',#90450,1.0000000000000000E+00);
#90470=LINE('',#90440,#90460);
#90480=EDGE_CURVE('',#90410,#40610,#90470,.T.);
#90490=ORIENTED_EDGE('',*,*,#90480,.F.);
#90500=ORIENTED_EDGE('',*,*,#40860,.T.);
#90510=EDGE_LOOP('',(#90500,#90490,#90430,#90350,#90270,#90260,#90250));
#90520=FACE_OUTER_BOUND('',#90510,.T.);
#90530=ADVANCED_FACE('',(#90520),#90240,.T.);
#90540=COLOUR_RGB('',9.4901967048645020E-01,9.4901967048645020E-01,
   1.0000000000000000E+00);
#90550=FILL_AREA_STYLE_COLOUR('',#90540);
#90560=FILL_AREA_STYLE('',(#90550));
#90570=SURFACE_STYLE_FILL_AREA(#90560);
#90580=SURFACE_SIDE_STYLE('',(#90570));
#90590=SURFACE_STYLE_USAGE(.BOTH.,#90580);
#90600=PRESENTATION_STYLE_ASSIGNMENT((#90590));
#90610=CARTESIAN_POINT('',(-3.9359231886085752E+01,
   2.0708852824316118E+01,1.5000000000000004E+01));
#90620=DIRECTION('',(-0.0000000000000000E+00,1.0000000000000000E+00,
   0.0000000000000000E+00));
#90630=DIRECTION('',(1.0000000000000000E+00,0.0000000000000000E+00,
   0.0000000000000000E+00));
#90640=AXIS2_PLACEMENT_3D('',#90610,#90620,#90630);
#90650=PLANE('',#90640);
#90660=ORIENTED_EDGE('',*,*,#45660,.T.);
#90670=CARTESIAN_POINT('',(-3.9359231886085752E+01,
   2.0708852824316118E+01,1.5000000000000004E+01));
#90680=DIRECTION('',(0.0000000000000000E+00,0.0000000000000000E+00,
   -1.0000000000000000E+00));
#90690=VECTOR('',#90680,1.0000000000000000E+00);
#90700=LINE('',#90670,#90690);
#90710=CARTESIAN_POINT('',(-3.9359231886085752E+01,
   2.0708852824316118E+01,1.3330574226872633E+01));
#90720=VERTEX_POINT('',#90710);
#90730=EDGE_CURVE('',#45570,#90720,#90700,.T.);
#90740=ORIENTED_EDGE('',*,*,#90730,.F.);
#90750=CARTESIAN_POINT('',(0.0000000000000000E+00,2.0708852824316118E+01
   ,2.8183114561244661E+01));
#90760=DIRECTION('',(9.3560171895074196E-01,0.0000000000000000E+00,
   3.5305725243424335E-01));
#90770=VECTOR('',#90760,1.0000000000000000E+00);
#90780=LINE('',#90750,#90770);
#90790=CARTESIAN_POINT('',(-3.9904003587298213E+01,
   2.0708852824316118E+01,1.3125000000000005E+01));
#90800=VERTEX_POINT('',#90790);
#90810=EDGE_CURVE('',#90800,#90720,#90780,.T.);
#90820=ORIENTED_EDGE('',*,*,#90810,.T.);
#90830=CARTESIAN_POINT('',(-3.9904003587298213E+01,
   2.0708852824316118E+01,1.5000000000000004E+01));
#90840=DIRECTION('',(0.0000000000000000E+00,0.0000000000000000E+00,
   1.0000000000000000E+00));
#90850=VECTOR('',#90840,1.0000000000000000E+00);
#90860=LINE('',#90830,#90850);
#90870=EDGE_CURVE('',#90800,#45650,#90860,.T.);
#90880=ORIENTED_EDGE('',*,*,#90870,.F.);
#90890=EDGE_LOOP('',(#90880,#90820,#90740,#90660));
#90900=FACE_OUTER_BOUND('',#90890,.T.);
#90910=ADVANCED_FACE('',(#90900),#90650,.F.);
#90920=COLOUR_RGB('',5.0196081399917603E-01,1.0000000000000000E+00,
   5.0196081399917603E-01);
#90930=FILL_AREA_STYLE_COLOUR('',#90920);
#90940=FILL_AREA_STYLE('',(#90930));
#90950=SURFACE_STYLE_FILL_AREA(#90940);
#90960=SURFACE_SIDE_STYLE('',(#90950));
#90970=SURFACE_STYLE_USAGE(.BOTH.,#90960);
#90980=PRESENTATION_STYLE_ASSIGNMENT((#90970));
#90990=CARTESIAN_POINT('',(-3.5854003587298216E+01,
   1.2508852824316122E+01,1.0366025403784443E+01));
#91000=DIRECTION('',(0.0000000000000000E+00,-2.5881904510252046E-01,
   9.6592582628906842E-01));
#91010=DIRECTION('',(0.0000000000000000E+00,9.6592582628906842E-01,
   2.5881904510252046E-01));
#91020=AXIS2_PLACEMENT_3D('',#90990,#91000,#91010);
#91030=PLANE('',#91020);
#91040=ORIENTED_EDGE('',*,*,#90480,.T.);
#91050=CARTESIAN_POINT('',(-8.8925674828030196E+01,
   1.3008852824316122E+01,1.0500000000000004E+01));
#91060=DIRECTION('',(-1.0000000000000000E+00,0.0000000000000000E+00,
   0.0000000000000000E+00));
#91070=VECTOR('',#91060,1.0000000000000000E+00);
#91080=LINE('',#91050,#91070);
#91090=EDGE_CURVE('',#52450,#90410,#91080,.T.);
#91100=ORIENTED_EDGE('',*,*,#91090,.T.);
#91110=ORIENTED_EDGE('',*,*,#52460,.T.);
#91120=ORIENTED_EDGE('',*,*,#40640,.T.);
#91130=EDGE_LOOP('',(#91120,#91110,#91100,#91040));
#91140=FACE_OUTER_BOUND('',#91130,.T.);
#91150=ADVANCED_FACE('',(#91140),#91030,.T.);
#91160=COLOUR_RGB('',9.4901967048645020E-01,9.4901967048645020E-01,
   1.0000000000000000E+00);
#91170=FILL_AREA_STYLE_COLOUR('',#91160);
#91180=FILL_AREA_STYLE('',(#91170));
#91190=SURFACE_STYLE_FILL_AREA(#91180);
#91200=SURFACE_SIDE_STYLE('',(#91190));
#91210=SURFACE_STYLE_USAGE(.BOTH.,#91200);
#91220=PRESENTATION_STYLE_ASSIGNMENT((#91210));
#91230=CARTESIAN_POINT('',(-3.6122820727760129E+01,
   1.5008852824316122E+01,9.3292401152689752E+00));
#91240=DIRECTION('',(0.0000000000000000E+00,-1.0000000000000000E+00,
   0.0000000000000000E+00));
#91250=DIRECTION('',(1.0000000000000000E+00,0.0000000000000000E+00,
   0.0000000000000000E+00));
#91260=AXIS2_PLACEMENT_3D('',#91230,#91240,#91250);
#91270=PLANE('',#91260);
#91280=CARTESIAN_POINT('',(-8.8925674828030196E+01,
   1.5008852824316122E+01,1.0500000000000004E+01));
#91290=DIRECTION('',(-1.0000000000000000E+00,0.0000000000000000E+00,
   0.0000000000000000E+00));
#91300=VECTOR('',#91290,1.0000000000000000E+00);
#91310=LINE('',#91280,#91300);
#91320=EDGE_CURVE('',#52530,#90330,#91310,.T.);
#91330=ORIENTED_EDGE('',*,*,#91320,.F.);
#91340=ORIENTED_EDGE('',*,*,#90340,.F.);
#91350=ORIENTED_EDGE('',*,*,#59040,.T.);
#91360=CARTESIAN_POINT('',(-3.5854003587298216E+01,
   1.5008852824316122E+01,1.0000000000000004E+01));
#91370=DIRECTION('',(0.0000000000000000E+00,-1.0000000000000000E+00,
   0.0000000000000000E+00));
#91380=DIRECTION('',(1.0000000000000000E+00,0.0000000000000000E+00,
   0.0000000000000000E+00));
#91390=AXIS2_PLACEMENT_3D('',#91360,#91370,#91380);
#91400=CIRCLE('',#91390,6.5000000000000002E-01);
#91410=EDGE_CURVE('',#49270,#49440,#91400,.T.);
#91420=ORIENTED_EDGE('',*,*,#91410,.T.);
#91430=ORIENTED_EDGE('',*,*,#59140,.T.);
#91440=ORIENTED_EDGE('',*,*,#52620,.F.);
#91450=EDGE_LOOP('',(#91440,#91430,#91420,#91350,#91340,#91330));
#91460=FACE_OUTER_BOUND('',#91450,.T.);
#91470=ADVANCED_FACE('',(#91460),#91270,.T.);
#91480=COLOUR_RGB('',9.4901967048645020E-01,9.4901967048645020E-01,
   1.0000000000000000E+00);
#91490=FILL_AREA_STYLE_COLOUR('',#91480);
#91500=FILL_AREA_STYLE('',(#91490));
#91510=SURFACE_STYLE_FILL_AREA(#91500);
#91520=SURFACE_SIDE_STYLE('',(#91510));
#91530=SURFACE_STYLE_USAGE(.BOTH.,#91520);
#91540=PRESENTATION_STYLE_ASSIGNMENT((#91530));
#91550=CARTESIAN_POINT('',(-3.6104003587298216E+01,
   1.5008852824316122E+01,1.0500000000000004E+01));
#91560=DIRECTION('',(0.0000000000000000E+00,0.0000000000000000E+00,
   1.0000000000000000E+00));
#91570=DIRECTION('',(1.0000000000000000E+00,0.0000000000000000E+00,
   0.0000000000000000E+00));
#91580=AXIS2_PLACEMENT_3D('',#91550,#91560,#91570);
#91590=PLANE('',#91580);
#91600=ORIENTED_EDGE('',*,*,#52540,.F.);
#91610=ORIENTED_EDGE('',*,*,#91090,.F.);
#91620=ORIENTED_EDGE('',*,*,#90420,.T.);
#91630=ORIENTED_EDGE('',*,*,#91320,.T.);
#91640=EDGE_LOOP('',(#91630,#91620,#91610,#91600));
#91650=FACE_OUTER_BOUND('',#91640,.T.);
#91660=ADVANCED_FACE('',(#91650),#91590,.T.);
#91670=COLOUR_RGB('',9.4901967048645020E-01,9.4901967048645020E-01,
   1.0000000000000000E+00);
#91680=FILL_AREA_STYLE_COLOUR('',#91670);
#91690=FILL_AREA_STYLE('',(#91680));
#91700=SURFACE_STYLE_FILL_AREA(#91690);
#91710=SURFACE_SIDE_STYLE('',(#91700));
#91720=SURFACE_STYLE_USAGE(.BOTH.,#91710);
#91730=PRESENTATION_STYLE_ASSIGNMENT((#91720));
#91740=CARTESIAN_POINT('',(-3.9359231886085752E+01,
   2.0208852824316118E+01,1.5000000000000004E+01));
#91750=DIRECTION('',(0.0000000000000000E+00,0.0000000000000000E+00,
   1.0000000000000000E+00));
#91760=DIRECTION('',(1.0000000000000000E+00,0.0000000000000000E+00,
   0.0000000000000000E+00));
#91770=AXIS2_PLACEMENT_3D('',#91740,#91750,#91760);
#91780=CYLINDRICAL_SURFACE('',#91770,4.9999999999999878E-01);
#91790=ORIENTED_EDGE('',*,*,#45580,.T.);
#91800=ORIENTED_EDGE('',*,*,#89160,.T.);
#91810=CARTESIAN_POINT('',(-3.9359231886085752E+01,
   2.0208852824316125E+01,1.3330574226872633E+01));
#91820=DIRECTION('',(3.5305725243424335E-01,0.0000000000000000E+00,
   -9.3560171895074196E-01));
#91830=DIRECTION('',(-9.3560171895074185E-01,0.0000000000000000E+00,
   -3.5305725243424330E-01));
#91840=AXIS2_PLACEMENT_3D('',#91810,#91820,#91830);
#91850=ELLIPSE('',#91840,5.3441543540635905E-01,4.9999999999999867E-01);
#91860=EDGE_CURVE('',#90720,#89090,#91850,.T.);
#91870=ORIENTED_EDGE('',*,*,#91860,.T.);
#91880=ORIENTED_EDGE('',*,*,#90730,.T.);
#91890=EDGE_LOOP('',(#91880,#91870,#91800,#91790));
#91900=FACE_OUTER_BOUND('',#91890,.T.);
#91910=ADVANCED_FACE('',(#91900),#91780,.F.);
#91920=COLOUR_RGB('',5.0196081399917603E-01,1.0000000000000000E+00,
   5.0196081399917603E-01);
#91930=FILL_AREA_STYLE_COLOUR('',#91920);
#91940=FILL_AREA_STYLE('',(#91930));
#91950=SURFACE_STYLE_FILL_AREA(#91940);
#91960=SURFACE_SIDE_STYLE('',(#91950));
#91970=SURFACE_STYLE_USAGE(.BOTH.,#91960);
#91980=PRESENTATION_STYLE_ASSIGNMENT((#91970));
#91990=CARTESIAN_POINT('',(-3.9604003587298209E+01,
   2.0938852824316122E+01,1.5000000000000004E+01));
#92000=DIRECTION('',(0.0000000000000000E+00,0.0000000000000000E+00,
   1.0000000000000000E+00));
#92010=DIRECTION('',(1.0000000000000000E+00,0.0000000000000000E+00,
   0.0000000000000000E+00));
#92020=AXIS2_PLACEMENT_3D('',#91990,#92000,#92010);
#92030=CYLINDRICAL_SURFACE('',#92020,3.0000000000000071E-01);
#92040=ORIENTED_EDGE('',*,*,#74680,.F.);
#92050=CARTESIAN_POINT('',(-3.9904003587298206E+01,
   2.0938852824316122E+01,1.5000000000000004E+01));
#92060=DIRECTION('',(0.0000000000000000E+00,0.0000000000000000E+00,
   1.0000000000000000E+00));
#92070=VECTOR('',#92060,1.0000000000000000E+00);
#92080=LINE('',#92050,#92070);
#92090=EDGE_CURVE('',#9350,#74580,#92080,.T.);
#92100=ORIENTED_EDGE('',*,*,#92090,.T.);
#92110=ORIENTED_EDGE('',*,*,#9360,.T.);
#92120=CARTESIAN_POINT('',(-3.9604003587298209E+01,
   2.1238852824316119E+01,1.5000000000000004E+01));
#92130=DIRECTION('',(0.0000000000000000E+00,0.0000000000000000E+00,
   -1.0000000000000000E+00));
#92140=VECTOR('',#92130,1.0000000000000000E+00);
#92150=LINE('',#92120,#92140);
#92160=EDGE_CURVE('',#74670,#9260,#92150,.T.);
#92170=ORIENTED_EDGE('',*,*,#92160,.T.);
#92180=EDGE_LOOP('',(#92170,#92110,#92100,#92040));
#92190=FACE_OUTER_BOUND('',#92180,.T.);
#92200=ADVANCED_FACE('',(#92190),#92030,.T.);
#92210=COLOUR_RGB('',5.0196081399917603E-01,1.0000000000000000E+00,
   5.0196081399917603E-01);
#92220=FILL_AREA_STYLE_COLOUR('',#92210);
#92230=FILL_AREA_STYLE('',(#92220));
#92240=SURFACE_STYLE_FILL_AREA(#92230);
#92250=SURFACE_SIDE_STYLE('',(#92240));
#92260=SURFACE_STYLE_USAGE(.BOTH.,#92250);
#92270=PRESENTATION_STYLE_ASSIGNMENT((#92260));
#92280=CARTESIAN_POINT('',(-3.9604003587298209E+01,
   2.1238852824316119E+01,1.5000000000000004E+01));
#92290=DIRECTION('',(-0.0000000000000000E+00,1.0000000000000000E+00,
   0.0000000000000000E+00));
#92300=DIRECTION('',(1.0000000000000000E+00,0.0000000000000000E+00,
   0.0000000000000000E+00));
#92310=AXIS2_PLACEMENT_3D('',#92280,#92290,#92300);
#92320=PLANE('',#92310);
#92330=ORIENTED_EDGE('',*,*,#74760,.T.);
#92340=ORIENTED_EDGE('',*,*,#92160,.F.);
#92350=ORIENTED_EDGE('',*,*,#9270,.F.);
#92360=CARTESIAN_POINT('',(-3.8981919794923357E+01,
   2.1238852824316119E+01,1.5000000000000004E+01));
#92370=DIRECTION('',(0.0000000000000000E+00,0.0000000000000000E+00,
   -1.0000000000000000E+00));
#92380=VECTOR('',#92370,1.0000000000000000E+00);
#92390=LINE('',#92360,#92380);
#92400=EDGE_CURVE('',#74750,#9180,#92390,.T.);
#92410=ORIENTED_EDGE('',*,*,#92400,.T.);
#92420=EDGE_LOOP('',(#92410,#92350,#92340,#92330));
#92430=FACE_OUTER_BOUND('',#92420,.T.);
#92440=ADVANCED_FACE('',(#92430),#92320,.T.);
#92450=COLOUR_RGB('',5.0196081399917603E-01,1.0000000000000000E+00,
   5.0196081399917603E-01);
#92460=FILL_AREA_STYLE_COLOUR('',#92450);
#92470=FILL_AREA_STYLE('',(#92460));
#92480=SURFACE_STYLE_FILL_AREA(#92470);
#92490=SURFACE_SIDE_STYLE('',(#92480));
#92500=SURFACE_STYLE_USAGE(.BOTH.,#92490);
#92510=PRESENTATION_STYLE_ASSIGNMENT((#92500));
#92520=CARTESIAN_POINT('',(-3.8981919794923357E+01,
   2.1238852824316119E+01,1.5000000000000004E+01));
#92530=DIRECTION('',(-9.8480775301220802E-01,1.7364817766693072E-01,
   0.0000000000000000E+00));
#92540=DIRECTION('',(1.7364817766693072E-01,9.8480775301220802E-01,
   0.0000000000000000E+00));
#92550=AXIS2_PLACEMENT_3D('',#92520,#92530,#92540);
#92560=PLANE('',#92550);
#92570=ORIENTED_EDGE('',*,*,#74820,.T.);
#92580=ORIENTED_EDGE('',*,*,#92400,.F.);
#92590=ORIENTED_EDGE('',*,*,#9190,.F.);
#92600=ORIENTED_EDGE('',*,*,#65730,.F.);
#92610=EDGE_LOOP('',(#92600,#92590,#92580,#92570));
#92620=FACE_OUTER_BOUND('',#92610,.T.);
#92630=ADVANCED_FACE('',(#92620),#92560,.T.);
#92640=COLOUR_RGB('',5.0196081399917603E-01,1.0000000000000000E+00,
   5.0196081399917603E-01);
#92650=FILL_AREA_STYLE_COLOUR('',#92640);
#92660=FILL_AREA_STYLE('',(#92650));
#92670=SURFACE_STYLE_FILL_AREA(#92660);
#92680=SURFACE_SIDE_STYLE('',(#92670));
#92690=SURFACE_STYLE_USAGE(.BOTH.,#92680);
#92700=PRESENTATION_STYLE_ASSIGNMENT((#92690));
#92710=CARTESIAN_POINT('',(-3.6122820727760129E+01,
   1.5008852824316122E+01,9.3292401152689752E+00));
#92720=DIRECTION('',(0.0000000000000000E+00,-1.0000000000000000E+00,
   0.0000000000000000E+00));
#92730=DIRECTION('',(1.0000000000000000E+00,0.0000000000000000E+00,
   0.0000000000000000E+00));
#92740=AXIS2_PLACEMENT_3D('',#92710,#92720,#92730);
#92750=PLANE('',#92740);
#92760=ORIENTED_EDGE('',*,*,#48730,.F.);
#92770=ORIENTED_EDGE('',*,*,#51800,.T.);
#92780=ORIENTED_EDGE('',*,*,#57750,.T.);
#92790=ORIENTED_EDGE('',*,*,#52010,.T.);
#92800=ORIENTED_EDGE('',*,*,#90040,.F.);
#92810=ORIENTED_EDGE('',*,*,#27500,.F.);
#92820=EDGE_LOOP('',(#92810,#92800,#92790,#92780,#92770,#92760));
#92830=FACE_OUTER_BOUND('',#92820,.T.);
#92840=ADVANCED_FACE('',(#92830),#92750,.T.);
#92850=COLOUR_RGB('',9.4901967048645020E-01,9.4901967048645020E-01,
   1.0000000000000000E+00);
#92860=FILL_AREA_STYLE_COLOUR('',#92850);
#92870=FILL_AREA_STYLE('',(#92860));
#92880=SURFACE_STYLE_FILL_AREA(#92870);
#92890=SURFACE_SIDE_STYLE('',(#92880));
#92900=SURFACE_STYLE_USAGE(.BOTH.,#92890);
#92910=PRESENTATION_STYLE_ASSIGNMENT((#92900));
#92920=CARTESIAN_POINT('',(-3.9904003587298213E+01,
   1.6351077836188246E+01,1.0000000000000004E+01));
#92930=DIRECTION('',(5.7357643635104816E-01,-8.1915204428899036E-01,
   0.0000000000000000E+00));
#92940=DIRECTION('',(-8.1915204428899036E-01,-5.7357643635104816E-01,
   0.0000000000000000E+00));
#92950=AXIS2_PLACEMENT_3D('',#92920,#92930,#92940);
#92960=PLANE('',#92950);
#92970=ORIENTED_EDGE('',*,*,#55580,.T.);
#92980=CARTESIAN_POINT('',(-3.9904003587298213E+01,
   1.6351077836188253E+01,1.5000000000000004E+01));
#92990=DIRECTION('',(0.0000000000000000E+00,0.0000000000000000E+00,
   1.0000000000000000E+00));
#93000=VECTOR('',#92990,1.0000000000000000E+00);
#93010=LINE('',#92980,#93000);
#93020=EDGE_CURVE('',#57380,#55510,#93010,.T.);
#93030=ORIENTED_EDGE('',*,*,#93020,.T.);
#93040=ORIENTED_EDGE('',*,*,#57390,.T.);
#93050=ORIENTED_EDGE('',*,*,#37510,.F.);
#93060=EDGE_LOOP('',(#93050,#93040,#93030,#92970));
#93070=FACE_OUTER_BOUND('',#93060,.T.);
#93080=ADVANCED_FACE('',(#93070),#92960,.F.);
#93090=COLOUR_RGB('',5.0196081399917603E-01,1.0000000000000000E+00,
   5.0196081399917603E-01);
#93100=FILL_AREA_STYLE_COLOUR('',#93090);
#93110=FILL_AREA_STYLE('',(#93100));
#93120=SURFACE_STYLE_FILL_AREA(#93110);
#93130=SURFACE_SIDE_STYLE('',(#93120));
#93140=SURFACE_STYLE_USAGE(.BOTH.,#93130);
#93150=PRESENTATION_STYLE_ASSIGNMENT((#93140));
#93160=CARTESIAN_POINT('',(0.0000000000000000E+00,0.0000000000000000E+00
   ,1.3625000000000004E+01));
#93170=DIRECTION('',(0.0000000000000000E+00,0.0000000000000000E+00,
   1.0000000000000000E+00));
#93180=DIRECTION('',(1.0000000000000000E+00,0.0000000000000000E+00,
   0.0000000000000000E+00));
#93190=AXIS2_PLACEMENT_3D('',#93160,#93170,#93180);
#93200=PLANE('',#93190);
#93210=ORIENTED_EDGE('',*,*,#58390,.T.);
#93220=ORIENTED_EDGE('',*,*,#44500,.T.);
#93230=ORIENTED_EDGE('',*,*,#58800,.T.);
#93240=CARTESIAN_POINT('',(-3.8579003587298217E+01,
   0.0000000000000000E+00,1.3625000000000004E+01));
#93250=DIRECTION('',(0.0000000000000000E+00,1.0000000000000000E+00,
   0.0000000000000000E+00));
#93260=VECTOR('',#93250,1.0000000000000000E+00);
#93270=LINE('',#93240,#93260);
#93280=EDGE_CURVE('',#58730,#58380,#93270,.T.);
#93290=ORIENTED_EDGE('',*,*,#93280,.F.);
#93300=EDGE_LOOP('',(#93290,#93230,#93220,#93210));
#93310=FACE_OUTER_BOUND('',#93300,.T.);
#93320=ADVANCED_FACE('',(#93310),#93200,.T.);
#93330=COLOUR_RGB('',5.0196081399917603E-01,1.0000000000000000E+00,
   5.0196081399917603E-01);
#93340=FILL_AREA_STYLE_COLOUR('',#93330);
#93350=FILL_AREA_STYLE('',(#93340));
#93360=SURFACE_STYLE_FILL_AREA(#93350);
#93370=SURFACE_SIDE_STYLE('',(#93360));
#93380=SURFACE_STYLE_USAGE(.BOTH.,#93370);
#93390=PRESENTATION_STYLE_ASSIGNMENT((#93380));
#93400=CARTESIAN_POINT('',(-3.9904003587298213E+01,
   2.0708852824316118E+01,1.5000000000000004E+01));
#93410=DIRECTION('',(-1.0000000000000000E+00,0.0000000000000000E+00,
   0.0000000000000000E+00));
#93420=DIRECTION('',(0.0000000000000000E+00,1.0000000000000000E+00,
   0.0000000000000000E+00));
#93430=AXIS2_PLACEMENT_3D('',#93400,#93410,#93420);
#93440=PLANE('',#93430);
#93450=CARTESIAN_POINT('',(-3.9904003587298213E+01,
   0.0000000000000000E+00,1.3125000000000005E+01));
#93460=DIRECTION('',(0.0000000000000000E+00,1.0000000000000000E+00,
   0.0000000000000000E+00));
#93470=VECTOR('',#93460,1.0000000000000000E+00);
#93480=LINE('',#93450,#93470);
#93490=EDGE_CURVE('',#74130,#90800,#93480,.T.);
#93500=ORIENTED_EDGE('',*,*,#93490,.T.);
#93510=ORIENTED_EDGE('',*,*,#74140,.T.);
#93520=ORIENTED_EDGE('',*,*,#45740,.T.);
#93530=ORIENTED_EDGE('',*,*,#90870,.T.);
#93540=EDGE_LOOP('',(#93530,#93520,#93510,#93500));
#93550=FACE_BOUND('',#93540,.T.);
#93560=ORIENTED_EDGE('',*,*,#74590,.T.);
#93570=ORIENTED_EDGE('',*,*,#89510,.F.);
#93580=ORIENTED_EDGE('',*,*,#9440,.F.);
#93590=ORIENTED_EDGE('',*,*,#92090,.F.);
#93600=EDGE_LOOP('',(#93590,#93580,#93570,#93560));
#93610=FACE_OUTER_BOUND('',#93600,.T.);
#93620=ORIENTED_EDGE('',*,*,#42860,.T.);
#93630=ORIENTED_EDGE('',*,*,#43150,.T.);
#93640=ORIENTED_EDGE('',*,*,#53590,.F.);
#93650=ORIENTED_EDGE('',*,*,#40390,.T.);
#93660=EDGE_LOOP('',(#93650,#93640,#93630,#93620));
#93670=FACE_BOUND('',#93660,.T.);
#93680=ORIENTED_EDGE('',*,*,#32840,.F.);
#93690=ORIENTED_EDGE('',*,*,#31790,.F.);
#93700=ORIENTED_EDGE('',*,*,#6890,.F.);
#93710=ORIENTED_EDGE('',*,*,#12870,.F.);
#93720=EDGE_LOOP('',(#93710,#93700,#93690,#93680));
#93730=FACE_BOUND('',#93720,.T.);
#93740=ORIENTED_EDGE('',*,*,#7440,.T.);
#93750=ORIENTED_EDGE('',*,*,#13500,.T.);
#93760=ORIENTED_EDGE('',*,*,#37810,.F.);
#93770=ORIENTED_EDGE('',*,*,#11450,.T.);
#93780=EDGE_LOOP('',(#93770,#93760,#93750,#93740));
#93790=FACE_BOUND('',#93780,.T.);
#93800=ORIENTED_EDGE('',*,*,#57450,.T.);
#93810=ORIENTED_EDGE('',*,*,#93020,.F.);
#93820=ORIENTED_EDGE('',*,*,#55520,.F.);
#93830=ORIENTED_EDGE('',*,*,#11000,.T.);
#93840=EDGE_LOOP('',(#93830,#93820,#93810,#93800));
#93850=FACE_BOUND('',#93840,.T.);
#93860=ADVANCED_FACE('',(#93550,#93610,#93670,#93730,#93790,#93850),
   #93440,.T.);
#93870=COLOUR_RGB('',5.0196081399917603E-01,1.0000000000000000E+00,
   5.0196081399917603E-01);
#93880=FILL_AREA_STYLE_COLOUR('',#93870);
#93890=FILL_AREA_STYLE('',(#93880));
#93900=SURFACE_STYLE_FILL_AREA(#93890);
#93910=SURFACE_SIDE_STYLE('',(#93900));
#93920=SURFACE_STYLE_USAGE(.BOTH.,#93910);
#93930=PRESENTATION_STYLE_ASSIGNMENT((#93920));
#93940=CARTESIAN_POINT('',(-3.9904003587298213E+01,
   1.7278852824316125E+01,1.3125000000000005E+01));
#93950=DIRECTION('',(3.5305725243424335E-01,0.0000000000000000E+00,
   -9.3560171895074196E-01));
#93960=DIRECTION('',(-9.3560171895074196E-01,0.0000000000000000E+00,
   -3.5305725243424335E-01));
#93970=AXIS2_PLACEMENT_3D('',#93940,#93950,#93960);
#93980=PLANE('',#93970);
#93990=ORIENTED_EDGE('',*,*,#90810,.F.);
#94000=ORIENTED_EDGE('',*,*,#91860,.F.);
#94010=ORIENTED_EDGE('',*,*,#89100,.T.);
#94020=ORIENTED_EDGE('',*,*,#93280,.T.);
#94030=ORIENTED_EDGE('',*,*,#74200,.F.);
#94040=ORIENTED_EDGE('',*,*,#93490,.F.);
#94050=EDGE_LOOP('',(#94040,#94030,#94020,#94010,#94000,#93990));
#94060=FACE_OUTER_BOUND('',#94050,.T.);
#94070=ADVANCED_FACE('',(#94060),#93980,.F.);
#94080=COLOUR_RGB('',5.0196081399917603E-01,1.0000000000000000E+00,
   5.0196081399917603E-01);
#94090=FILL_AREA_STYLE_COLOUR('',#94080);
#94100=FILL_AREA_STYLE('',(#94090));
#94110=SURFACE_STYLE_FILL_AREA(#94100);
#94120=SURFACE_SIDE_STYLE('',(#94110));
#94130=SURFACE_STYLE_USAGE(.BOTH.,#94120);
#94140=PRESENTATION_STYLE_ASSIGNMENT((#94130));
#94150=ORIENTED_EDGE('',*,*,#43980,.T.);
#94160=ORIENTED_EDGE('',*,*,#66520,.T.);
#94170=ORIENTED_EDGE('',*,*,#69520,.F.);
#94180=ORIENTED_EDGE('',*,*,#66610,.F.);
#94190=EDGE_LOOP('',(#94180,#94170,#94160,#94150));
#94200=FACE_OUTER_BOUND('',#94190,.T.);
#94210=ADVANCED_FACE('',(#94200),#66450,.F.);
#94220=COLOUR_RGB('',5.0196081399917603E-01,1.0000000000000000E+00,
   5.0196081399917603E-01);
#94230=FILL_AREA_STYLE_COLOUR('',#94220);
#94240=FILL_AREA_STYLE('',(#94230));
#94250=SURFACE_STYLE_FILL_AREA(#94240);
#94260=SURFACE_SIDE_STYLE('',(#94250));
#94270=SURFACE_STYLE_USAGE(.BOTH.,#94260);
#94280=PRESENTATION_STYLE_ASSIGNMENT((#94270));
#94290=ORIENTED_EDGE('',*,*,#35910,.T.);
#94300=ORIENTED_EDGE('',*,*,#37040,.F.);
#94310=ORIENTED_EDGE('',*,*,#18250,.F.);
#94320=ORIENTED_EDGE('',*,*,#61280,.F.);
#94330=ORIENTED_EDGE('',*,*,#25970,.T.);
#94340=ORIENTED_EDGE('',*,*,#2480,.T.);
#94350=ORIENTED_EDGE('',*,*,#26360,.F.);
#94360=ORIENTED_EDGE('',*,*,#8040,.F.);
#94370=EDGE_LOOP('',(#94360,#94350,#94340,#94330,#94320,#94310,#94300,
   #94290));
#94380=FACE_OUTER_BOUND('',#94370,.T.);
#94390=ADVANCED_FACE('',(#94380),#25900,.T.);
#94400=COLOUR_RGB('',9.4901967048645020E-01,9.4901967048645020E-01,
   1.0000000000000000E+00);
#94410=FILL_AREA_STYLE_COLOUR('',#94400);
#94420=FILL_AREA_STYLE('',(#94410));
#94430=SURFACE_STYLE_FILL_AREA(#94420);
#94440=SURFACE_SIDE_STYLE('',(#94430));
#94450=SURFACE_STYLE_USAGE(.BOTH.,#94440);
#94460=PRESENTATION_STYLE_ASSIGNMENT((#94450));
#94470=ORIENTED_EDGE('',*,*,#50870,.T.);
#94480=ORIENTED_EDGE('',*,*,#53050,.F.);
#94490=ORIENTED_EDGE('',*,*,#26890,.F.);
#94500=ORIENTED_EDGE('',*,*,#48420,.F.);
#94510=ORIENTED_EDGE('',*,*,#38070,.T.);
#94520=ORIENTED_EDGE('',*,*,#63220,.T.);
#94530=ORIENTED_EDGE('',*,*,#38580,.F.);
#94540=ORIENTED_EDGE('',*,*,#63420,.F.);
#94550=EDGE_LOOP('',(#94540,#94530,#94520,#94510,#94500,#94490,#94480,
   #94470));
#94560=FACE_OUTER_BOUND('',#94550,.T.);
#94570=ADVANCED_FACE('',(#94560),#37980,.T.);
#94580=COLOUR_RGB('',9.4901967048645020E-01,9.4901967048645020E-01,
   1.0000000000000000E+00);
#94590=FILL_AREA_STYLE_COLOUR('',#94580);
#94600=FILL_AREA_STYLE('',(#94590));
#94610=SURFACE_STYLE_FILL_AREA(#94600);
#94620=SURFACE_SIDE_STYLE('',(#94610));
#94630=SURFACE_STYLE_USAGE(.BOTH.,#94620);
#94640=PRESENTATION_STYLE_ASSIGNMENT((#94630));
#94650=ORIENTED_EDGE('',*,*,#83930,.T.);
#94660=ORIENTED_EDGE('',*,*,#81600,.F.);
#94670=ORIENTED_EDGE('',*,*,#78430,.F.);
#94680=ORIENTED_EDGE('',*,*,#80820,.F.);
#94690=EDGE_LOOP('',(#94680,#94670,#94660,#94650));
#94700=FACE_OUTER_BOUND('',#94690,.T.);
#94710=ADVANCED_FACE('',(#94700),#80660,.F.);
#94720=COLOUR_RGB('',5.0196081399917603E-01,1.0000000000000000E+00,
   5.0196081399917603E-01);
#94730=FILL_AREA_STYLE_COLOUR('',#94720);
#94740=FILL_AREA_STYLE('',(#94730));
#94750=SURFACE_STYLE_FILL_AREA(#94740);
#94760=SURFACE_SIDE_STYLE('',(#94750));
#94770=SURFACE_STYLE_USAGE(.BOTH.,#94760);
#94780=PRESENTATION_STYLE_ASSIGNMENT((#94770));
#94790=ORIENTED_EDGE('',*,*,#88650,.F.);
#94800=ORIENTED_EDGE('',*,*,#88460,.T.);
#94810=ORIENTED_EDGE('',*,*,#80480,.T.);
#94820=ORIENTED_EDGE('',*,*,#88370,.F.);
#94830=EDGE_LOOP('',(#94820,#94810,#94800,#94790));
#94840=FACE_OUTER_BOUND('',#94830,.T.);
#94850=ADVANCED_FACE('',(#94840),#88300,.T.);
#94860=COLOUR_RGB('',5.0196081399917603E-01,1.0000000000000000E+00,
   5.0196081399917603E-01);
#94870=FILL_AREA_STYLE_COLOUR('',#94860);
#94880=FILL_AREA_STYLE('',(#94870));
#94890=SURFACE_STYLE_FILL_AREA(#94880);
#94900=SURFACE_SIDE_STYLE('',(#94890));
#94910=SURFACE_STYLE_USAGE(.BOTH.,#94900);
#94920=PRESENTATION_STYLE_ASSIGNMENT((#94910));
#94930=ORIENTED_EDGE('',*,*,#33460,.T.);
#94940=ORIENTED_EDGE('',*,*,#2630,.F.);
#94950=ORIENTED_EDGE('',*,*,#33610,.F.);
#94960=ORIENTED_EDGE('',*,*,#43600,.T.);
#94970=EDGE_LOOP('',(#94960,#94950,#94940,#94930));
#94980=FACE_OUTER_BOUND('',#94970,.T.);
#94990=ADVANCED_FACE('',(#94980),#33390,.F.);
#95000=COLOUR_RGB('',5.0196081399917603E-01,1.0000000000000000E+00,
   5.0196081399917603E-01);
#95010=FILL_AREA_STYLE_COLOUR('',#95000);
#95020=FILL_AREA_STYLE('',(#95010));
#95030=SURFACE_STYLE_FILL_AREA(#95020);
#95040=SURFACE_SIDE_STYLE('',(#95030));
#95050=SURFACE_STYLE_USAGE(.BOTH.,#95040);
#95060=PRESENTATION_STYLE_ASSIGNMENT((#95050));
#95070=ORIENTED_EDGE('',*,*,#88030,.T.);
#95080=ORIENTED_EDGE('',*,*,#84740,.F.);
#95090=ORIENTED_EDGE('',*,*,#80200,.F.);
#95100=ORIENTED_EDGE('',*,*,#87880,.F.);
#95110=EDGE_LOOP('',(#95100,#95090,#95080,#95070));
#95120=FACE_OUTER_BOUND('',#95110,.T.);
#95130=ADVANCED_FACE('',(#95120),#87740,.F.);
#95140=COLOUR_RGB('',5.0196081399917603E-01,1.0000000000000000E+00,
   5.0196081399917603E-01);
#95150=FILL_AREA_STYLE_COLOUR('',#95140);
#95160=FILL_AREA_STYLE('',(#95150));
#95170=SURFACE_STYLE_FILL_AREA(#95160);
#95180=SURFACE_SIDE_STYLE('',(#95170));
#95190=SURFACE_STYLE_USAGE(.BOTH.,#95180);
#95200=PRESENTATION_STYLE_ASSIGNMENT((#95190));
#95210=ORIENTED_EDGE('',*,*,#5580,.T.);
#95220=ORIENTED_EDGE('',*,*,#10280,.F.);
#95230=ORIENTED_EDGE('',*,*,#28420,.F.);
#95240=ORIENTED_EDGE('',*,*,#12260,.F.);
#95250=ORIENTED_EDGE('',*,*,#27920,.T.);
#95260=ORIENTED_EDGE('',*,*,#28890,.T.);
#95270=ORIENTED_EDGE('',*,*,#28180,.F.);
#95280=ORIENTED_EDGE('',*,*,#8490,.F.);
#95290=EDGE_LOOP('',(#95280,#95270,#95260,#95250,#95240,#95230,#95220,
   #95210));
#95300=FACE_OUTER_BOUND('',#95290,.T.);
#95310=ADVANCED_FACE('',(#95300),#27850,.T.);
#95320=COLOUR_RGB('',9.4901967048645020E-01,9.4901967048645020E-01,
   1.0000000000000000E+00);
#95330=FILL_AREA_STYLE_COLOUR('',#95320);
#95340=FILL_AREA_STYLE('',(#95330));
#95350=SURFACE_STYLE_FILL_AREA(#95340);
#95360=SURFACE_SIDE_STYLE('',(#95350));
#95370=SURFACE_STYLE_USAGE(.BOTH.,#95360);
#95380=PRESENTATION_STYLE_ASSIGNMENT((#95370));
#95390=ORIENTED_EDGE('',*,*,#62890,.T.);
#95400=ORIENTED_EDGE('',*,*,#63270,.F.);
#95410=ORIENTED_EDGE('',*,*,#62980,.F.);
#95420=ORIENTED_EDGE('',*,*,#43850,.T.);
#95430=EDGE_LOOP('',(#95420,#95410,#95400,#95390));
#95440=FACE_OUTER_BOUND('',#95430,.T.);
#95450=ADVANCED_FACE('',(#95440),#62820,.F.);
#95460=COLOUR_RGB('',5.0196081399917603E-01,1.0000000000000000E+00,
   5.0196081399917603E-01);
#95470=FILL_AREA_STYLE_COLOUR('',#95460);
#95480=FILL_AREA_STYLE('',(#95470));
#95490=SURFACE_STYLE_FILL_AREA(#95480);
#95500=SURFACE_SIDE_STYLE('',(#95490));
#95510=SURFACE_STYLE_USAGE(.BOTH.,#95500);
#95520=PRESENTATION_STYLE_ASSIGNMENT((#95510));
#95530=ORIENTED_EDGE('',*,*,#29440,.F.);
#95540=ORIENTED_EDGE('',*,*,#29990,.F.);
#95550=ORIENTED_EDGE('',*,*,#29590,.T.);
#95560=ORIENTED_EDGE('',*,*,#89710,.T.);
#95570=EDGE_LOOP('',(#95560,#95550,#95540,#95530));
#95580=FACE_OUTER_BOUND('',#95570,.T.);
#95590=ADVANCED_FACE('',(#95580),#29370,.T.);
#95600=COLOUR_RGB('',9.4901967048645020E-01,9.4901967048645020E-01,
   1.0000000000000000E+00);
#95610=FILL_AREA_STYLE_COLOUR('',#95600);
#95620=FILL_AREA_STYLE('',(#95610));
#95630=SURFACE_STYLE_FILL_AREA(#95620);
#95640=SURFACE_SIDE_STYLE('',(#95630));
#95650=SURFACE_STYLE_USAGE(.BOTH.,#95640);
#95660=PRESENTATION_STYLE_ASSIGNMENT((#95650));
#95670=ORIENTED_EDGE('',*,*,#84000,.F.);
#95680=ORIENTED_EDGE('',*,*,#83240,.F.);
#95690=ORIENTED_EDGE('',*,*,#78900,.T.);
#95700=ORIENTED_EDGE('',*,*,#82840,.F.);
#95710=EDGE_LOOP('',(#95700,#95690,#95680,#95670));
#95720=FACE_OUTER_BOUND('',#95710,.T.);
#95730=ADVANCED_FACE('',(#95720),#82700,.T.);
#95740=COLOUR_RGB('',5.0196081399917603E-01,1.0000000000000000E+00,
   5.0196081399917603E-01);
#95750=FILL_AREA_STYLE_COLOUR('',#95740);
#95760=FILL_AREA_STYLE('',(#95750));
#95770=SURFACE_STYLE_FILL_AREA(#95760);
#95780=SURFACE_SIDE_STYLE('',(#95770));
#95790=SURFACE_STYLE_USAGE(.BOTH.,#95780);
#95800=PRESENTATION_STYLE_ASSIGNMENT((#95790));
#95810=ORIENTED_EDGE('',*,*,#49280,.F.);
#95820=ORIENTED_EDGE('',*,*,#91410,.F.);
#95830=ORIENTED_EDGE('',*,*,#49450,.T.);
#95840=ORIENTED_EDGE('',*,*,#89810,.T.);
#95850=EDGE_LOOP('',(#95840,#95830,#95820,#95810));
#95860=FACE_OUTER_BOUND('',#95850,.T.);
#95870=ADVANCED_FACE('',(#95860),#49190,.T.);
#95880=COLOUR_RGB('',9.4901967048645020E-01,9.4901967048645020E-01,
   1.0000000000000000E+00);
#95890=FILL_AREA_STYLE_COLOUR('',#95880);
#95900=FILL_AREA_STYLE('',(#95890));
#95910=SURFACE_STYLE_FILL_AREA(#95900);
#95920=SURFACE_SIDE_STYLE('',(#95910));
#95930=SURFACE_STYLE_USAGE(.BOTH.,#95920);
#95940=PRESENTATION_STYLE_ASSIGNMENT((#95930));
#95950=ORIENTED_EDGE('',*,*,#22360,.F.);
#95960=ORIENTED_EDGE('',*,*,#46120,.F.);
#95970=ORIENTED_EDGE('',*,*,#22530,.T.);
#95980=ORIENTED_EDGE('',*,*,#89660,.T.);
#95990=EDGE_LOOP('',(#95980,#95970,#95960,#95950));
#96000=FACE_OUTER_BOUND('',#95990,.T.);
#96010=ADVANCED_FACE('',(#96000),#22270,.T.);
#96020=COLOUR_RGB('',9.4901967048645020E-01,9.4901967048645020E-01,
   1.0000000000000000E+00);
#96030=FILL_AREA_STYLE_COLOUR('',#96020);
#96040=FILL_AREA_STYLE('',(#96030));
#96050=SURFACE_STYLE_FILL_AREA(#96040);
#96060=SURFACE_SIDE_STYLE('',(#96050));
#96070=SURFACE_STYLE_USAGE(.BOTH.,#96060);
#96080=PRESENTATION_STYLE_ASSIGNMENT((#96070));
#96090=ORIENTED_EDGE('',*,*,#34930,.T.);
#96100=ORIENTED_EDGE('',*,*,#28830,.F.);
#96110=ORIENTED_EDGE('',*,*,#35080,.F.);
#96120=ORIENTED_EDGE('',*,*,#43700,.T.);
#96130=EDGE_LOOP('',(#96120,#96110,#96100,#96090));
#96140=FACE_OUTER_BOUND('',#96130,.T.);
#96150=ADVANCED_FACE('',(#96140),#34860,.F.);
#96160=COLOUR_RGB('',5.0196081399917603E-01,1.0000000000000000E+00,
   5.0196081399917603E-01);
#96170=FILL_AREA_STYLE_COLOUR('',#96160);
#96180=FILL_AREA_STYLE('',(#96170));
#96190=SURFACE_STYLE_FILL_AREA(#96180);
#96200=SURFACE_SIDE_STYLE('',(#96190));
#96210=SURFACE_STYLE_USAGE(.BOTH.,#96200);
#96220=PRESENTATION_STYLE_ASSIGNMENT((#96210));
#96230=ORIENTED_EDGE('',*,*,#45160,.F.);
#96240=ORIENTED_EDGE('',*,*,#59530,.T.);
#96250=ORIENTED_EDGE('',*,*,#89750,.T.);
#96260=ORIENTED_EDGE('',*,*,#59380,.F.);
#96270=EDGE_LOOP('',(#96260,#96250,#96240,#96230));
#96280=FACE_OUTER_BOUND('',#96270,.T.);
#96290=ADVANCED_FACE('',(#96280),#59310,.T.);
#96300=COLOUR_RGB('',9.4901967048645020E-01,9.4901967048645020E-01,
   1.0000000000000000E+00);
#96310=FILL_AREA_STYLE_COLOUR('',#96300);
#96320=FILL_AREA_STYLE('',(#96310));
#96330=SURFACE_STYLE_FILL_AREA(#96320);
#96340=SURFACE_SIDE_STYLE('',(#96330));
#96350=SURFACE_STYLE_USAGE(.BOTH.,#96340);
#96360=PRESENTATION_STYLE_ASSIGNMENT((#96350));
#96370=ORIENTED_EDGE('',*,*,#43640,.T.);
#96380=ORIENTED_EDGE('',*,*,#1350,.T.);
#96390=ORIENTED_EDGE('',*,*,#22100,.F.);
#96400=ORIENTED_EDGE('',*,*,#1520,.F.);
#96410=EDGE_LOOP('',(#96400,#96390,#96380,#96370));
#96420=FACE_OUTER_BOUND('',#96410,.T.);
#96430=ADVANCED_FACE('',(#96420),#1260,.F.);
#96440=COLOUR_RGB('',5.0196081399917603E-01,1.0000000000000000E+00,
   5.0196081399917603E-01);
#96450=FILL_AREA_STYLE_COLOUR('',#96440);
#96460=FILL_AREA_STYLE('',(#96450));
#96470=SURFACE_STYLE_FILL_AREA(#96460);
#96480=SURFACE_SIDE_STYLE('',(#96470));
#96490=SURFACE_STYLE_USAGE(.BOTH.,#96480);
#96500=PRESENTATION_STYLE_ASSIGNMENT((#96490));
#96510=ORIENTED_EDGE('',*,*,#20750,.T.);
#96520=ORIENTED_EDGE('',*,*,#21190,.F.);
#96530=ORIENTED_EDGE('',*,*,#21580,.F.);
#96540=ORIENTED_EDGE('',*,*,#21380,.F.);
#96550=ORIENTED_EDGE('',*,*,#140,.T.);
#96560=ORIENTED_EDGE('',*,*,#22050,.T.);
#96570=ORIENTED_EDGE('',*,*,#650,.F.);
#96580=ORIENTED_EDGE('',*,*,#20980,.F.);
#96590=EDGE_LOOP('',(#96580,#96570,#96560,#96550,#96540,#96530,#96520,
   #96510));
#96600=FACE_OUTER_BOUND('',#96590,.T.);
#96610=ADVANCED_FACE('',(#96600),#50,.T.);
#96620=COLOUR_RGB('',9.4901967048645020E-01,9.4901967048645020E-01,
   1.0000000000000000E+00);
#96630=FILL_AREA_STYLE_COLOUR('',#96620);
#96640=FILL_AREA_STYLE('',(#96630));
#96650=SURFACE_STYLE_FILL_AREA(#96640);
#96660=SURFACE_SIDE_STYLE('',(#96650));
#96670=SURFACE_STYLE_USAGE(.BOTH.,#96660);
#96680=PRESENTATION_STYLE_ASSIGNMENT((#96670));
#96690=ORIENTED_EDGE('',*,*,#69460,.T.);
#96700=ORIENTED_EDGE('',*,*,#72230,.F.);
#96710=ORIENTED_EDGE('',*,*,#71720,.F.);
#96720=ORIENTED_EDGE('',*,*,#68820,.T.);
#96730=ORIENTED_EDGE('',*,*,#68440,.F.);
#96740=ORIENTED_EDGE('',*,*,#72460,.F.);
#96750=ORIENTED_EDGE('',*,*,#67800,.F.);
#96760=ORIENTED_EDGE('',*,*,#72120,.T.);
#96770=EDGE_LOOP('',(#96760,#96750,#96740,#96730,#96720,#96710,#96700,
   #96690));
#96780=FACE_OUTER_BOUND('',#96770,.T.);
#96790=ADVANCED_FACE('',(#96780),#72070,.T.);
#96800=COLOUR_RGB('',9.4901967048645020E-01,9.4901967048645020E-01,
   1.0000000000000000E+00);
#96810=FILL_AREA_STYLE_COLOUR('',#96800);
#96820=FILL_AREA_STYLE('',(#96810));
#96830=SURFACE_STYLE_FILL_AREA(#96820);
#96840=SURFACE_SIDE_STYLE('',(#96830));
#96850=SURFACE_STYLE_USAGE(.BOTH.,#96840);
#96860=PRESENTATION_STYLE_ASSIGNMENT((#96850));
#96870=ORIENTED_EDGE('',*,*,#89330,.T.);
#96880=ORIENTED_EDGE('',*,*,#57830,.F.);
#96890=ORIENTED_EDGE('',*,*,#52080,.F.);
#96900=ORIENTED_EDGE('',*,*,#57680,.T.);
#96910=EDGE_LOOP('',(#96900,#96890,#96880,#96870));
#96920=FACE_OUTER_BOUND('',#96910,.T.);
#96930=ADVANCED_FACE('',(#96920),#57610,.T.);
#96940=COLOUR_RGB('',9.4901967048645020E-01,9.4901967048645020E-01,
   1.0000000000000000E+00);
#96950=FILL_AREA_STYLE_COLOUR('',#96940);
#96960=FILL_AREA_STYLE('',(#96950));
#96970=SURFACE_STYLE_FILL_AREA(#96960);
#96980=SURFACE_SIDE_STYLE('',(#96970));
#96990=SURFACE_STYLE_USAGE(.BOTH.,#96980);
#97000=PRESENTATION_STYLE_ASSIGNMENT((#96990));
#97010=CLOSED_SHELL('',(#760,#1140,#1630,#2010,#2260,#2690,#3160,#3560,
   #4030,#4430,#4830,#5210,#5620,#5840,#6310,#6930,#7480,#7790,#8270,
   #8720,#9980,#10320,#10710,#11180,#11490,#12090,#12600,#12980,#13230,
   #13610,#13920,#14160,#14400,#14870,#15250,#15630,#16010,#16390,#16860
   ,#17150,#17440,#17670,#17960,#18430,#18650,#18870,#19180,#19440,
   #19830,#20140,#20380,#20790,#21020,#21250,#21450,#21640,#21790,#21920
   ,#22150,#22640,#23140,#23850,#24230,#24610,#25080,#25540,#25780,
   #26410,#26600,#27070,#27540,#27730,#28290,#28480,#28610,#28940,#29250
   ,#29640,#30100,#30510,#30820,#31160,#31400,#31590,#31970,#32280,
   #32520,#32890,#33080,#33270,#33660,#34010,#34320,#34740,#35130,#35420
   ,#35730,#35950,#36420,#36560,#36880,#37080,#37550,#37860,#38690,
   #38890,#39080,#39460,#39650,#39960,#40430,#40900,#41370,#41840,#42220
   ,#42510,#42900,#43210,#43460,#44290,#44760,#45200,#45840,#46230,
   #46490,#46800,#47070,#47210,#47400,#47870,#48020,#48160,#48540,#49070
   ,#49560,#49980,#50120,#50410,#50660,#50910,#51610,#52120,#52270,
   #52890,#53090,#53330,#53640,#53880,#54100,#54290,#54670,#54850,#55090
   ,#55620,#56000,#56240,#56620,#56860,#57100,#57490,#57940,#58130,
   #58490,#58850,#59190,#59640,#59970,#60120,#60430,#60770,#61010,#61200
   ,#61370,#61510,#61900,#62210,#62450,#62700,#63090,#63320,#63500,
   #63810,#63940,#64320,#64470,#64620,#64760,#65070,#65450,#65770,#66020
   ,#66330,#66720,#67190,#67430,#67990,#68480,#68860,#69240,#69570,
   #69880,#70270,#70530,#70910,#71130,#71370,#71760,#71950,#72280,#72570
   ,#72760,#72940,#73100,#73250,#73430,#73560,#73700,#73940,#74250,
   #75590,#75970,#76290,#76600,#76920,#77230,#77550,#77860,#78110,#80540
   ,#80930,#81250,#81640,#81950,#82270,#82580,#82900,#83280,#83600,
   #83840,#84080,#84460,#84780,#85100,#85410,#85730,#86040,#86360,#86670
   ,#86990,#87300,#87620,#87940,#88180,#88570,#88700,#88890,#89200,
   #89850,#90120,#90530,#90910,#91150,#91470,#91660,#91910,#92200,#92440
   ,#92630,#92840,#93080,#93320,#93860,#94070,#94210,#94390,#94570,
   #94710,#94850,#94990,#95130,#95310,#95450,#95590,#95730,#95870,#96010
   ,#96150,#96290,#96430,#96610,#96790,#96930));
#97020=MANIFOLD_SOLID_BREP('',#97010);
#97030=CARTESIAN_POINT('',(0.0000000000000000E+00,0.0000000000000000E+00
   ,0.0000000000000000E+00));
#97040=DIRECTION('',(0.0000000000000000E+00,0.0000000000000000E+00,
   1.0000000000000000E+00));
#97050=DIRECTION('',(1.0000000000000000E+00,0.0000000000000000E+00,
   0.0000000000000000E+00));
#97060=AXIS2_PLACEMENT_3D('',#97030,#97040,#97050);
#97070=APPLICATION_CONTEXT(' ');
#97080=APPLICATION_PROTOCOL_DEFINITION(' ','automotive_design',1998,
   #97070);
#97090=MECHANICAL_CONTEXT('',#97070,'mechanical');
#97100=PRODUCT_DEFINITION_CONTEXT('',#97070,'design');
#97110=PRODUCT('mkdsn_1.5-5','mkdsn_1.5-5','',(#97090));
#97120=PRODUCT_TYPE('part',' ',(#97110));
#97130=PRODUCT_DEFINITION_FORMATION_WITH_SPECIFIED_SOURCE('','',#97110,
   .BOUGHT.);
#97140=PRODUCT_DEFINITION('',' ',#97130,#97100);
#97150=PRODUCT_DEFINITION_SHAPE('','',#97140);
#97160=DIMENSIONAL_EXPONENTS(1.0000000000000000E+00,
   0.0000000000000000E+00,0.0000000000000000E+00,0.0000000000000000E+00,
   0.0000000000000000E+00,0.0000000000000000E+00,0.0000000000000000E+00)
   ;
#97170=DIMENSIONAL_EXPONENTS(0.0000000000000000E+00,
   0.0000000000000000E+00,0.0000000000000000E+00,0.0000000000000000E+00,
   0.0000000000000000E+00,0.0000000000000000E+00,0.0000000000000000E+00)
   ;
#97180=DIMENSIONAL_EXPONENTS(0.0000000000000000E+00,
   0.0000000000000000E+00,0.0000000000000000E+00,0.0000000000000000E+00,
   0.0000000000000000E+00,0.0000000000000000E+00,0.0000000000000000E+00)
   ;
#97190=(LENGTH_UNIT() NAMED_UNIT(*) SI_UNIT(.MILLI.,.METRE.));
#97200=(NAMED_UNIT(*) PLANE_ANGLE_UNIT() SI_UNIT($,.RADIAN.));
#97210=(NAMED_UNIT(*) SI_UNIT($,.STERADIAN.) SOLID_ANGLE_UNIT());
#97220=(GEOMETRIC_REPRESENTATION_CONTEXT(3) 
   GLOBAL_UNCERTAINTY_ASSIGNED_CONTEXT((#97230)) 
   GLOBAL_UNIT_ASSIGNED_CONTEXT((#97190,#97200,#97210)) 
   REPRESENTATION_CONTEXT('',''));
#97230=UNCERTAINTY_MEASURE_WITH_UNIT(LENGTH_MEASURE(
   9.9999999999999995E-07),#97190,'distance_accuracy_value',
   'maximum gap value');
#97240=ADVANCED_BREP_SHAPE_REPRESENTATION('',(#97060,#97020),#97220);
#97250=SHAPE_DEFINITION_REPRESENTATION(#97150,#97240);
#97260=COLOUR_RGB('',6.0000002384185791E-01,6.0000002384185791E-01,
   6.0000002384185791E-01);
#97270=FILL_AREA_STYLE_COLOUR('',#97260);
#97280=FILL_AREA_STYLE('',(#97270));
#97290=SURFACE_STYLE_FILL_AREA(#97280);
#97300=SURFACE_SIDE_STYLE('',(#97290));
#97310=SURFACE_STYLE_USAGE(.BOTH.,#97300);
#97320=PRESENTATION_STYLE_ASSIGNMENT((#97310));
#97330=STYLED_ITEM('',(#97320),#97020);
#97340=OVER_RIDING_STYLED_ITEM('',(#830),#760,#97330);
#97350=OVER_RIDING_STYLED_ITEM('',(#1210),#1140,#97330);
#97360=OVER_RIDING_STYLED_ITEM('',(#1700),#1630,#97330);
#97370=OVER_RIDING_STYLED_ITEM('',(#2080),#2010,#97330);
#97380=OVER_RIDING_STYLED_ITEM('',(#2330),#2260,#97330);
#97390=OVER_RIDING_STYLED_ITEM('',(#2760),#2690,#97330);
#97400=OVER_RIDING_STYLED_ITEM('',(#3230),#3160,#97330);
#97410=OVER_RIDING_STYLED_ITEM('',(#3630),#3560,#97330);
#97420=OVER_RIDING_STYLED_ITEM('',(#4100),#4030,#97330);
#97430=OVER_RIDING_STYLED_ITEM('',(#4500),#4430,#97330);
#97440=OVER_RIDING_STYLED_ITEM('',(#4900),#4830,#97330);
#97450=OVER_RIDING_STYLED_ITEM('',(#5280),#5210,#97330);
#97460=OVER_RIDING_STYLED_ITEM('',(#5690),#5620,#97330);
#97470=OVER_RIDING_STYLED_ITEM('',(#5910),#5840,#97330);
#97480=OVER_RIDING_STYLED_ITEM('',(#6380),#6310,#97330);
#97490=OVER_RIDING_STYLED_ITEM('',(#7000),#6930,#97330);
#97500=OVER_RIDING_STYLED_ITEM('',(#7550),#7480,#97330);
#97510=OVER_RIDING_STYLED_ITEM('',(#7860),#7790,#97330);
#97520=OVER_RIDING_STYLED_ITEM('',(#8340),#8270,#97330);
#97530=OVER_RIDING_STYLED_ITEM('',(#8790),#8720,#97330);
#97540=OVER_RIDING_STYLED_ITEM('',(#10050),#9980,#97330);
#97550=OVER_RIDING_STYLED_ITEM('',(#10390),#10320,#97330);
#97560=OVER_RIDING_STYLED_ITEM('',(#10780),#10710,#97330);
#97570=OVER_RIDING_STYLED_ITEM('',(#11250),#11180,#97330);
#97580=OVER_RIDING_STYLED_ITEM('',(#11560),#11490,#97330);
#97590=OVER_RIDING_STYLED_ITEM('',(#12160),#12090,#97330);
#97600=OVER_RIDING_STYLED_ITEM('',(#12670),#12600,#97330);
#97610=OVER_RIDING_STYLED_ITEM('',(#13050),#12980,#97330);
#97620=OVER_RIDING_STYLED_ITEM('',(#13300),#13230,#97330);
#97630=OVER_RIDING_STYLED_ITEM('',(#13680),#13610,#97330);
#97640=OVER_RIDING_STYLED_ITEM('',(#13990),#13920,#97330);
#97650=OVER_RIDING_STYLED_ITEM('',(#14230),#14160,#97330);
#97660=OVER_RIDING_STYLED_ITEM('',(#14470),#14400,#97330);
#97670=OVER_RIDING_STYLED_ITEM('',(#14940),#14870,#97330);
#97680=OVER_RIDING_STYLED_ITEM('',(#15320),#15250,#97330);
#97690=OVER_RIDING_STYLED_ITEM('',(#15700),#15630,#97330);
#97700=OVER_RIDING_STYLED_ITEM('',(#16080),#16010,#97330);
#97710=OVER_RIDING_STYLED_ITEM('',(#16460),#16390,#97330);
#97720=OVER_RIDING_STYLED_ITEM('',(#16930),#16860,#97330);
#97730=OVER_RIDING_STYLED_ITEM('',(#17220),#17150,#97330);
#97740=OVER_RIDING_STYLED_ITEM('',(#17510),#17440,#97330);
#97750=OVER_RIDING_STYLED_ITEM('',(#17740),#17670,#97330);
#97760=OVER_RIDING_STYLED_ITEM('',(#18030),#17960,#97330);
#97770=OVER_RIDING_STYLED_ITEM('',(#18500),#18430,#97330);
#97780=OVER_RIDING_STYLED_ITEM('',(#18720),#18650,#97330);
#97790=OVER_RIDING_STYLED_ITEM('',(#18940),#18870,#97330);
#97800=OVER_RIDING_STYLED_ITEM('',(#19250),#19180,#97330);
#97810=OVER_RIDING_STYLED_ITEM('',(#19510),#19440,#97330);
#97820=OVER_RIDING_STYLED_ITEM('',(#19900),#19830,#97330);
#97830=OVER_RIDING_STYLED_ITEM('',(#20210),#20140,#97330);
#97840=OVER_RIDING_STYLED_ITEM('',(#20450),#20380,#97330);
#97850=OVER_RIDING_STYLED_ITEM('',(#20860),#20790,#97330);
#97860=OVER_RIDING_STYLED_ITEM('',(#21090),#21020,#97330);
#97870=OVER_RIDING_STYLED_ITEM('',(#21320),#21250,#97330);
#97880=OVER_RIDING_STYLED_ITEM('',(#21520),#21450,#97330);
#97890=OVER_RIDING_STYLED_ITEM('',(#21710),#21640,#97330);
#97900=OVER_RIDING_STYLED_ITEM('',(#21860),#21790,#97330);
#97910=OVER_RIDING_STYLED_ITEM('',(#21990),#21920,#97330);
#97920=OVER_RIDING_STYLED_ITEM('',(#22220),#22150,#97330);
#97930=OVER_RIDING_STYLED_ITEM('',(#22710),#22640,#97330);
#97940=OVER_RIDING_STYLED_ITEM('',(#23210),#23140,#97330);
#97950=OVER_RIDING_STYLED_ITEM('',(#23920),#23850,#97330);
#97960=OVER_RIDING_STYLED_ITEM('',(#24300),#24230,#97330);
#97970=OVER_RIDING_STYLED_ITEM('',(#24680),#24610,#97330);
#97980=OVER_RIDING_STYLED_ITEM('',(#25150),#25080,#97330);
#97990=OVER_RIDING_STYLED_ITEM('',(#25610),#25540,#97330);
#98000=OVER_RIDING_STYLED_ITEM('',(#25850),#25780,#97330);
#98010=OVER_RIDING_STYLED_ITEM('',(#26480),#26410,#97330);
#98020=OVER_RIDING_STYLED_ITEM('',(#26670),#26600,#97330);
#98030=OVER_RIDING_STYLED_ITEM('',(#27140),#27070,#97330);
#98040=OVER_RIDING_STYLED_ITEM('',(#27610),#27540,#97330);
#98050=OVER_RIDING_STYLED_ITEM('',(#27800),#27730,#97330);
#98060=OVER_RIDING_STYLED_ITEM('',(#28360),#28290,#97330);
#98070=OVER_RIDING_STYLED_ITEM('',(#28550),#28480,#97330);
#98080=OVER_RIDING_STYLED_ITEM('',(#28680),#28610,#97330);
#98090=OVER_RIDING_STYLED_ITEM('',(#29010),#28940,#97330);
#98100=OVER_RIDING_STYLED_ITEM('',(#29320),#29250,#97330);
#98110=OVER_RIDING_STYLED_ITEM('',(#29710),#29640,#97330);
#98120=OVER_RIDING_STYLED_ITEM('',(#30170),#30100,#97330);
#98130=OVER_RIDING_STYLED_ITEM('',(#30580),#30510,#97330);
#98140=OVER_RIDING_STYLED_ITEM('',(#30890),#30820,#97330);
#98150=OVER_RIDING_STYLED_ITEM('',(#31230),#31160,#97330);
#98160=OVER_RIDING_STYLED_ITEM('',(#31470),#31400,#97330);
#98170=OVER_RIDING_STYLED_ITEM('',(#31660),#31590,#97330);
#98180=OVER_RIDING_STYLED_ITEM('',(#32040),#31970,#97330);
#98190=OVER_RIDING_STYLED_ITEM('',(#32350),#32280,#97330);
#98200=OVER_RIDING_STYLED_ITEM('',(#32590),#32520,#97330);
#98210=OVER_RIDING_STYLED_ITEM('',(#32960),#32890,#97330);
#98220=OVER_RIDING_STYLED_ITEM('',(#33150),#33080,#97330);
#98230=OVER_RIDING_STYLED_ITEM('',(#33340),#33270,#97330);
#98240=OVER_RIDING_STYLED_ITEM('',(#33730),#33660,#97330);
#98250=OVER_RIDING_STYLED_ITEM('',(#34080),#34010,#97330);
#98260=OVER_RIDING_STYLED_ITEM('',(#34390),#34320,#97330);
#98270=OVER_RIDING_STYLED_ITEM('',(#34810),#34740,#97330);
#98280=OVER_RIDING_STYLED_ITEM('',(#35200),#35130,#97330);
#98290=OVER_RIDING_STYLED_ITEM('',(#35490),#35420,#97330);
#98300=OVER_RIDING_STYLED_ITEM('',(#35800),#35730,#97330);
#98310=OVER_RIDING_STYLED_ITEM('',(#36020),#35950,#97330);
#98320=OVER_RIDING_STYLED_ITEM('',(#36490),#36420,#97330);
#98330=OVER_RIDING_STYLED_ITEM('',(#36630),#36560,#97330);
#98340=OVER_RIDING_STYLED_ITEM('',(#36950),#36880,#97330);
#98350=OVER_RIDING_STYLED_ITEM('',(#37150),#37080,#97330);
#98360=OVER_RIDING_STYLED_ITEM('',(#37620),#37550,#97330);
#98370=OVER_RIDING_STYLED_ITEM('',(#37930),#37860,#97330);
#98380=OVER_RIDING_STYLED_ITEM('',(#38760),#38690,#97330);
#98390=OVER_RIDING_STYLED_ITEM('',(#38960),#38890,#97330);
#98400=OVER_RIDING_STYLED_ITEM('',(#39150),#39080,#97330);
#98410=OVER_RIDING_STYLED_ITEM('',(#39530),#39460,#97330);
#98420=OVER_RIDING_STYLED_ITEM('',(#39720),#39650,#97330);
#98430=OVER_RIDING_STYLED_ITEM('',(#40030),#39960,#97330);
#98440=OVER_RIDING_STYLED_ITEM('',(#40500),#40430,#97330);
#98450=OVER_RIDING_STYLED_ITEM('',(#40970),#40900,#97330);
#98460=OVER_RIDING_STYLED_ITEM('',(#41440),#41370,#97330);
#98470=OVER_RIDING_STYLED_ITEM('',(#41910),#41840,#97330);
#98480=OVER_RIDING_STYLED_ITEM('',(#42290),#42220,#97330);
#98490=OVER_RIDING_STYLED_ITEM('',(#42580),#42510,#97330);
#98500=OVER_RIDING_STYLED_ITEM('',(#42970),#42900,#97330);
#98510=OVER_RIDING_STYLED_ITEM('',(#43280),#43210,#97330);
#98520=OVER_RIDING_STYLED_ITEM('',(#43530),#43460,#97330);
#98530=OVER_RIDING_STYLED_ITEM('',(#44360),#44290,#97330);
#98540=OVER_RIDING_STYLED_ITEM('',(#44830),#44760,#97330);
#98550=OVER_RIDING_STYLED_ITEM('',(#45270),#45200,#97330);
#98560=OVER_RIDING_STYLED_ITEM('',(#45910),#45840,#97330);
#98570=OVER_RIDING_STYLED_ITEM('',(#46300),#46230,#97330);
#98580=OVER_RIDING_STYLED_ITEM('',(#46560),#46490,#97330);
#98590=OVER_RIDING_STYLED_ITEM('',(#46870),#46800,#97330);
#98600=OVER_RIDING_STYLED_ITEM('',(#47140),#47070,#97330);
#98610=OVER_RIDING_STYLED_ITEM('',(#47280),#47210,#97330);
#98620=OVER_RIDING_STYLED_ITEM('',(#47470),#47400,#97330);
#98630=OVER_RIDING_STYLED_ITEM('',(#47940),#47870,#97330);
#98640=OVER_RIDING_STYLED_ITEM('',(#48090),#48020,#97330);
#98650=OVER_RIDING_STYLED_ITEM('',(#48230),#48160,#97330);
#98660=OVER_RIDING_STYLED_ITEM('',(#48610),#48540,#97330);
#98670=OVER_RIDING_STYLED_ITEM('',(#49140),#49070,#97330);
#98680=OVER_RIDING_STYLED_ITEM('',(#49630),#49560,#97330);
#98690=OVER_RIDING_STYLED_ITEM('',(#50050),#49980,#97330);
#98700=OVER_RIDING_STYLED_ITEM('',(#50190),#50120,#97330);
#98710=OVER_RIDING_STYLED_ITEM('',(#50480),#50410,#97330);
#98720=OVER_RIDING_STYLED_ITEM('',(#50730),#50660,#97330);
#98730=OVER_RIDING_STYLED_ITEM('',(#50980),#50910,#97330);
#98740=OVER_RIDING_STYLED_ITEM('',(#51680),#51610,#97330);
#98750=OVER_RIDING_STYLED_ITEM('',(#52190),#52120,#97330);
#98760=OVER_RIDING_STYLED_ITEM('',(#52340),#52270,#97330);
#98770=OVER_RIDING_STYLED_ITEM('',(#52960),#52890,#97330);
#98780=OVER_RIDING_STYLED_ITEM('',(#53160),#53090,#97330);
#98790=OVER_RIDING_STYLED_ITEM('',(#53400),#53330,#97330);
#98800=OVER_RIDING_STYLED_ITEM('',(#53710),#53640,#97330);
#98810=OVER_RIDING_STYLED_ITEM('',(#53950),#53880,#97330);
#98820=OVER_RIDING_STYLED_ITEM('',(#54170),#54100,#97330);
#98830=OVER_RIDING_STYLED_ITEM('',(#54360),#54290,#97330);
#98840=OVER_RIDING_STYLED_ITEM('',(#54740),#54670,#97330);
#98850=OVER_RIDING_STYLED_ITEM('',(#54920),#54850,#97330);
#98860=OVER_RIDING_STYLED_ITEM('',(#55160),#55090,#97330);
#98870=OVER_RIDING_STYLED_ITEM('',(#55690),#55620,#97330);
#98880=OVER_RIDING_STYLED_ITEM('',(#56070),#56000,#97330);
#98890=OVER_RIDING_STYLED_ITEM('',(#56310),#56240,#97330);
#98900=OVER_RIDING_STYLED_ITEM('',(#56690),#56620,#97330);
#98910=OVER_RIDING_STYLED_ITEM('',(#56930),#56860,#97330);
#98920=OVER_RIDING_STYLED_ITEM('',(#57170),#57100,#97330);
#98930=OVER_RIDING_STYLED_ITEM('',(#57560),#57490,#97330);
#98940=OVER_RIDING_STYLED_ITEM('',(#58010),#57940,#97330);
#98950=OVER_RIDING_STYLED_ITEM('',(#58200),#58130,#97330);
#98960=OVER_RIDING_STYLED_ITEM('',(#58560),#58490,#97330);
#98970=OVER_RIDING_STYLED_ITEM('',(#58920),#58850,#97330);
#98980=OVER_RIDING_STYLED_ITEM('',(#59260),#59190,#97330);
#98990=OVER_RIDING_STYLED_ITEM('',(#59710),#59640,#97330);
#99000=OVER_RIDING_STYLED_ITEM('',(#60040),#59970,#97330);
#99010=OVER_RIDING_STYLED_ITEM('',(#60190),#60120,#97330);
#99020=OVER_RIDING_STYLED_ITEM('',(#60500),#60430,#97330);
#99030=OVER_RIDING_STYLED_ITEM('',(#60840),#60770,#97330);
#99040=OVER_RIDING_STYLED_ITEM('',(#61080),#61010,#97330);
#99050=OVER_RIDING_STYLED_ITEM('',(#61270),#61200,#97330);
#99060=OVER_RIDING_STYLED_ITEM('',(#61440),#61370,#97330);
#99070=OVER_RIDING_STYLED_ITEM('',(#61580),#61510,#97330);
#99080=OVER_RIDING_STYLED_ITEM('',(#61970),#61900,#97330);
#99090=OVER_RIDING_STYLED_ITEM('',(#62280),#62210,#97330);
#99100=OVER_RIDING_STYLED_ITEM('',(#62520),#62450,#97330);
#99110=OVER_RIDING_STYLED_ITEM('',(#62770),#62700,#97330);
#99120=OVER_RIDING_STYLED_ITEM('',(#63160),#63090,#97330);
#99130=OVER_RIDING_STYLED_ITEM('',(#63390),#63320,#97330);
#99140=OVER_RIDING_STYLED_ITEM('',(#63570),#63500,#97330);
#99150=OVER_RIDING_STYLED_ITEM('',(#63880),#63810,#97330);
#99160=OVER_RIDING_STYLED_ITEM('',(#64010),#63940,#97330);
#99170=OVER_RIDING_STYLED_ITEM('',(#64390),#64320,#97330);
#99180=OVER_RIDING_STYLED_ITEM('',(#64540),#64470,#97330);
#99190=OVER_RIDING_STYLED_ITEM('',(#64690),#64620,#97330);
#99200=OVER_RIDING_STYLED_ITEM('',(#64830),#64760,#97330);
#99210=OVER_RIDING_STYLED_ITEM('',(#65140),#65070,#97330);
#99220=OVER_RIDING_STYLED_ITEM('',(#65520),#65450,#97330);
#99230=OVER_RIDING_STYLED_ITEM('',(#65840),#65770,#97330);
#99240=OVER_RIDING_STYLED_ITEM('',(#66090),#66020,#97330);
#99250=OVER_RIDING_STYLED_ITEM('',(#66400),#66330,#97330);
#99260=OVER_RIDING_STYLED_ITEM('',(#66790),#66720,#97330);
#99270=OVER_RIDING_STYLED_ITEM('',(#67260),#67190,#97330);
#99280=OVER_RIDING_STYLED_ITEM('',(#67500),#67430,#97330);
#99290=OVER_RIDING_STYLED_ITEM('',(#68060),#67990,#97330);
#99300=OVER_RIDING_STYLED_ITEM('',(#68550),#68480,#97330);
#99310=OVER_RIDING_STYLED_ITEM('',(#68930),#68860,#97330);
#99320=OVER_RIDING_STYLED_ITEM('',(#69310),#69240,#97330);
#99330=OVER_RIDING_STYLED_ITEM('',(#69640),#69570,#97330);
#99340=OVER_RIDING_STYLED_ITEM('',(#69950),#69880,#97330);
#99350=OVER_RIDING_STYLED_ITEM('',(#70340),#70270,#97330);
#99360=OVER_RIDING_STYLED_ITEM('',(#70600),#70530,#97330);
#99370=OVER_RIDING_STYLED_ITEM('',(#70980),#70910,#97330);
#99380=OVER_RIDING_STYLED_ITEM('',(#71200),#71130,#97330);
#99390=OVER_RIDING_STYLED_ITEM('',(#71440),#71370,#97330);
#99400=OVER_RIDING_STYLED_ITEM('',(#71830),#71760,#97330);
#99410=OVER_RIDING_STYLED_ITEM('',(#72020),#71950,#97330);
#99420=OVER_RIDING_STYLED_ITEM('',(#72350),#72280,#97330);
#99430=OVER_RIDING_STYLED_ITEM('',(#72640),#72570,#97330);
#99440=OVER_RIDING_STYLED_ITEM('',(#72830),#72760,#97330);
#99450=OVER_RIDING_STYLED_ITEM('',(#73010),#72940,#97330);
#99460=OVER_RIDING_STYLED_ITEM('',(#73170),#73100,#97330);
#99470=OVER_RIDING_STYLED_ITEM('',(#73320),#73250,#97330);
#99480=OVER_RIDING_STYLED_ITEM('',(#73500),#73430,#97330);
#99490=OVER_RIDING_STYLED_ITEM('',(#73630),#73560,#97330);
#99500=OVER_RIDING_STYLED_ITEM('',(#73770),#73700,#97330);
#99510=OVER_RIDING_STYLED_ITEM('',(#74010),#73940,#97330);
#99520=OVER_RIDING_STYLED_ITEM('',(#74320),#74250,#97330);
#99530=OVER_RIDING_STYLED_ITEM('',(#75660),#75590,#97330);
#99540=OVER_RIDING_STYLED_ITEM('',(#76040),#75970,#97330);
#99550=OVER_RIDING_STYLED_ITEM('',(#76360),#76290,#97330);
#99560=OVER_RIDING_STYLED_ITEM('',(#76670),#76600,#97330);
#99570=OVER_RIDING_STYLED_ITEM('',(#76990),#76920,#97330);
#99580=OVER_RIDING_STYLED_ITEM('',(#77300),#77230,#97330);
#99590=OVER_RIDING_STYLED_ITEM('',(#77620),#77550,#97330);
#99600=OVER_RIDING_STYLED_ITEM('',(#77930),#77860,#97330);
#99610=OVER_RIDING_STYLED_ITEM('',(#78180),#78110,#97330);
#99620=OVER_RIDING_STYLED_ITEM('',(#80610),#80540,#97330);
#99630=OVER_RIDING_STYLED_ITEM('',(#81000),#80930,#97330);
#99640=OVER_RIDING_STYLED_ITEM('',(#81320),#81250,#97330);
#99650=OVER_RIDING_STYLED_ITEM('',(#81710),#81640,#97330);
#99660=OVER_RIDING_STYLED_ITEM('',(#82020),#81950,#97330);
#99670=OVER_RIDING_STYLED_ITEM('',(#82340),#82270,#97330);
#99680=OVER_RIDING_STYLED_ITEM('',(#82650),#82580,#97330);
#99690=OVER_RIDING_STYLED_ITEM('',(#82970),#82900,#97330);
#99700=OVER_RIDING_STYLED_ITEM('',(#83350),#83280,#97330);
#99710=OVER_RIDING_STYLED_ITEM('',(#83670),#83600,#97330);
#99720=OVER_RIDING_STYLED_ITEM('',(#83910),#83840,#97330);
#99730=OVER_RIDING_STYLED_ITEM('',(#84150),#84080,#97330);
#99740=OVER_RIDING_STYLED_ITEM('',(#84530),#84460,#97330);
#99750=OVER_RIDING_STYLED_ITEM('',(#84850),#84780,#97330);
#99760=OVER_RIDING_STYLED_ITEM('',(#85170),#85100,#97330);
#99770=OVER_RIDING_STYLED_ITEM('',(#85480),#85410,#97330);
#99780=OVER_RIDING_STYLED_ITEM('',(#85800),#85730,#97330);
#99790=OVER_RIDING_STYLED_ITEM('',(#86110),#86040,#97330);
#99800=OVER_RIDING_STYLED_ITEM('',(#86430),#86360,#97330);
#99810=OVER_RIDING_STYLED_ITEM('',(#86740),#86670,#97330);
#99820=OVER_RIDING_STYLED_ITEM('',(#87060),#86990,#97330);
#99830=OVER_RIDING_STYLED_ITEM('',(#87370),#87300,#97330);
#99840=OVER_RIDING_STYLED_ITEM('',(#87690),#87620,#97330);
#99850=OVER_RIDING_STYLED_ITEM('',(#88010),#87940,#97330);
#99860=OVER_RIDING_STYLED_ITEM('',(#88250),#88180,#97330);
#99870=OVER_RIDING_STYLED_ITEM('',(#88640),#88570,#97330);
#99880=OVER_RIDING_STYLED_ITEM('',(#88770),#88700,#97330);
#99890=OVER_RIDING_STYLED_ITEM('',(#88960),#88890,#97330);
#99900=OVER_RIDING_STYLED_ITEM('',(#89270),#89200,#97330);
#99910=OVER_RIDING_STYLED_ITEM('',(#89920),#89850,#97330);
#99920=OVER_RIDING_STYLED_ITEM('',(#90190),#90120,#97330);
#99930=OVER_RIDING_STYLED_ITEM('',(#90600),#90530,#97330);
#99940=OVER_RIDING_STYLED_ITEM('',(#90980),#90910,#97330);
#99950=OVER_RIDING_STYLED_ITEM('',(#91220),#91150,#97330);
#99960=OVER_RIDING_STYLED_ITEM('',(#91540),#91470,#97330);
#99970=OVER_RIDING_STYLED_ITEM('',(#91730),#91660,#97330);
#99980=OVER_RIDING_STYLED_ITEM('',(#91980),#91910,#97330);
#99990=OVER_RIDING_STYLED_ITEM('',(#92270),#92200,#97330);
#100000=OVER_RIDING_STYLED_ITEM('',(#92510),#92440,#97330);
#100010=OVER_RIDING_STYLED_ITEM('',(#92700),#92630,#97330);
#100020=OVER_RIDING_STYLED_ITEM('',(#92910),#92840,#97330);
#100030=OVER_RIDING_STYLED_ITEM('',(#93150),#93080,#97330);
#100040=OVER_RIDING_STYLED_ITEM('',(#93390),#93320,#97330);
#100050=OVER_RIDING_STYLED_ITEM('',(#93930),#93860,#97330);
#100060=OVER_RIDING_STYLED_ITEM('',(#94140),#94070,#97330);
#100070=OVER_RIDING_STYLED_ITEM('',(#94280),#94210,#97330);
#100080=OVER_RIDING_STYLED_ITEM('',(#94460),#94390,#97330);
#100090=OVER_RIDING_STYLED_ITEM('',(#94640),#94570,#97330);
#100100=OVER_RIDING_STYLED_ITEM('',(#94780),#94710,#97330);
#100110=OVER_RIDING_STYLED_ITEM('',(#94920),#94850,#97330);
#100120=OVER_RIDING_STYLED_ITEM('',(#95060),#94990,#97330);
#100130=OVER_RIDING_STYLED_ITEM('',(#95200),#95130,#97330);
#100140=OVER_RIDING_STYLED_ITEM('',(#95380),#95310,#97330);
#100150=OVER_RIDING_STYLED_ITEM('',(#95520),#95450,#97330);
#100160=OVER_RIDING_STYLED_ITEM('',(#95660),#95590,#97330);
#100170=OVER_RIDING_STYLED_ITEM('',(#95800),#95730,#97330);
#100180=OVER_RIDING_STYLED_ITEM('',(#95940),#95870,#97330);
#100190=OVER_RIDING_STYLED_ITEM('',(#96080),#96010,#97330);
#100200=OVER_RIDING_STYLED_ITEM('',(#96220),#96150,#97330);
#100210=OVER_RIDING_STYLED_ITEM('',(#96360),#96290,#97330);
#100220=OVER_RIDING_STYLED_ITEM('',(#96500),#96430,#97330);
#100230=OVER_RIDING_STYLED_ITEM('',(#96680),#96610,#97330);
#100240=OVER_RIDING_STYLED_ITEM('',(#96860),#96790,#97330);
#100250=OVER_RIDING_STYLED_ITEM('',(#97000),#96930,#97330);
#100260=MECHANICAL_DESIGN_GEOMETRIC_PRESENTATION_REPRESENTATION('',(
   #97330,#97340,#97350,#97360,#97370,#97380,#97390,#97400,#97410,#97420
   ,#97430,#97440,#97450,#97460,#97470,#97480,#97490,#97500,#97510,
   #97520,#97530,#97540,#97550,#97560,#97570,#97580,#97590,#97600,#97610
   ,#97620,#97630,#97640,#97650,#97660,#97670,#97680,#97690,#97700,
   #97710,#97720,#97730,#97740,#97750,#97760,#97770,#97780,#97790,#97800
   ,#97810,#97820,#97830,#97840,#97850,#97860,#97870,#97880,#97890,
   #97900,#97910,#97920,#97930,#97940,#97950,#97960,#97970,#97980,#97990
   ,#98000,#98010,#98020,#98030,#98040,#98050,#98060,#98070,#98080,
   #98090,#98100,#98110,#98120,#98130,#98140,#98150,#98160,#98170,#98180
   ,#98190,#98200,#98210,#98220,#98230,#98240,#98250,#98260,#98270,
   #98280,#98290,#98300,#98310,#98320,#98330,#98340,#98350,#98360,#98370
   ,#98380,#98390,#98400,#98410,#98420,#98430,#98440,#98450,#98460,
   #98470,#98480,#98490,#98500,#98510,#98520,#98530,#98540,#98550,#98560
   ,#98570,#98580,#98590,#98600,#98610,#98620,#98630,#98640,#98650,
   #98660,#98670,#98680,#98690,#98700,#98710,#98720,#98730,#98740,#98750
   ,#98760,#98770,#98780,#98790,#98800,#98810,#98820,#98830,#98840,
   #98850,#98860,#98870,#98880,#98890,#98900,#98910,#98920,#98930,#98940
   ,#98950,#98960,#98970,#98980,#98990,#99000,#99010,#99020,#99030,
   #99040,#99050,#99060,#99070,#99080,#99090,#99100,#99110,#99120,#99130
   ,#99140,#99150,#99160,#99170,#99180,#99190,#99200,#99210,#99220,
   #99230,#99240,#99250,#99260,#99270,#99280,#99290,#99300,#99310,#99320
   ,#99330,#99340,#99350,#99360,#99370,#99380,#99390,#99400,#99410,
   #99420,#99430,#99440,#99450,#99460,#99470,#99480,#99490,#99500,#99510
   ,#99520,#99530,#99540,#99550,#99560,#99570,#99580,#99590,#99600,
   #99610,#99620,#99630,#99640,#99650,#99660,#99670,#99680,#99690,#99700
   ,#99710,#99720,#99730,#99740,#99750,#99760,#99770,#99780,#99790,
   #99800,#99810,#99820,#99830,#99840,#99850,#99860,#99870,#99880,#99890
   ,#99900,#99910,#99920,#99930,#99940,#99950,#99960,#99970,#99980,
   #99990,#100000,#100010,#100020,#100030,#100040,#100050,#100060,
   #100070,#100080,#100090,#100100,#100110,#100120,#100130,#100140,
   #100150,#100160,#100170,#100180,#100190,#100200,#100210,#100220,
   #100230,#100240,#100250),#97220);
#100270=CARTESIAN_POINT('',(-3.9330962930914275E+01,
   -1.5508852824316122E+01,-8.0699999999999275E+00));
#100280=DIRECTION('',(1.2246063538223773E-16,0.0000000000000000E+00,
   -1.0000000000000000E+00));
#100290=DIRECTION('',(-1.0000000000000000E+00,0.0000000000000000E+00,
   -1.2246063538223773E-16));
#100300=AXIS2_PLACEMENT_3D('',#100270,#100280,#100290);
#100310=ITEM_DEFINED_TRANSFORMATION('mkdsn_1.5-5','',#100300,#97060);
#100320=APPLICATION_CONTEXT(' ');
#100330=APPLICATION_PROTOCOL_DEFINITION(' ','automotive_design',1998,
   #100320);
#100340=MECHANICAL_CONTEXT('',#100320,'mechanical');
#100350=PRODUCT_DEFINITION_CONTEXT('',#100320,'design');
#100360=PRODUCT('mkdsn_1.5-5','mkdsn_1.5-5','',(#100340));
#100370=PRODUCT_TYPE('part',' ',(#100360));
#100380=PRODUCT_DEFINITION_FORMATION_WITH_SPECIFIED_SOURCE('','',#100360
   ,.BOUGHT.);
#100390=PRODUCT_DEFINITION('',' ',#100380,#100350);
#100400=PRODUCT_DEFINITION_SHAPE('','',#100390);
#100410=DIMENSIONAL_EXPONENTS(1.0000000000000000E+00,
   0.0000000000000000E+00,0.0000000000000000E+00,0.0000000000000000E+00,
   0.0000000000000000E+00,0.0000000000000000E+00,0.0000000000000000E+00)
   ;
#100420=DIMENSIONAL_EXPONENTS(0.0000000000000000E+00,
   0.0000000000000000E+00,0.0000000000000000E+00,0.0000000000000000E+00,
   0.0000000000000000E+00,0.0000000000000000E+00,0.0000000000000000E+00)
   ;
#100430=DIMENSIONAL_EXPONENTS(0.0000000000000000E+00,
   0.0000000000000000E+00,0.0000000000000000E+00,0.0000000000000000E+00,
   0.0000000000000000E+00,0.0000000000000000E+00,0.0000000000000000E+00)
   ;
#100440=(LENGTH_UNIT() NAMED_UNIT(*) SI_UNIT(.MILLI.,.METRE.));
#100450=(NAMED_UNIT(*) PLANE_ANGLE_UNIT() SI_UNIT($,.RADIAN.));
#100460=(NAMED_UNIT(*) SI_UNIT($,.STERADIAN.) SOLID_ANGLE_UNIT());
#100470=(GEOMETRIC_REPRESENTATION_CONTEXT(3) 
   GLOBAL_UNCERTAINTY_ASSIGNED_CONTEXT((#100480)) 
   GLOBAL_UNIT_ASSIGNED_CONTEXT((#100440,#100450,#100460)) 
   REPRESENTATION_CONTEXT('',''));
#100480=UNCERTAINTY_MEASURE_WITH_UNIT(LENGTH_MEASURE(
   9.9999999999999995E-07),#100440,'distance_accuracy_value',
   'maximum gap value');
#100490=SHAPE_REPRESENTATION('',(#97060,#100300),#100470);
#100500=SHAPE_DEFINITION_REPRESENTATION(#100400,#100490);
#100510=(REPRESENTATION_RELATIONSHIP('','',#100490,#97240) 
   REPRESENTATION_RELATIONSHIP_WITH_TRANSFORMATION(#100310) 
   SHAPE_REPRESENTATION_RELATIONSHIP());
#100520=NEXT_ASSEMBLY_USAGE_OCCURRENCE('1','','mkdsn_1.5-5',#100390,
   #97140,'');
#100530=PRODUCT_DEFINITION_SHAPE('','',#100520);
#100540=CONTEXT_DEPENDENT_SHAPE_REPRESENTATION(#100510,#100530);
ENDSEC;
END-ISO-10303-21;
                
                  
               
                   
                    
     
                
