ISO-10303-21;
HEADER;
FILE_DESCRIPTION (( 'STEP AP214' ),
    '1' );
FILE_NAME ('BPW34.STEP',
    '2021-11-17T12:35:30',
    ( '' ),
    ( '' ),
    'SwSTEP 2.0',
    'SolidWorks 2018',
    '' );
FILE_SCHEMA (( 'AUTOMOTIVE_DESIGN' ));
ENDSEC;

DATA;
#1 = FILL_AREA_STYLE ('',( #706 ) ) ;
#2 = MECHANICAL_DESIGN_GEOMETRIC_PRESENTATION_REPRESENTATION (  '', ( #146 ), #1177 ) ;
#3 = CARTESIAN_POINT ( 'NONE',  ( -2.000000000000000888, 0.000000000000000000, -2.250000000000000444 ) ) ;
#4 = VECTOR ( 'NONE', #1511, 1000.000000000000000 ) ;
#5 =( NAMED_UNIT ( * ) SI_UNIT ( $, .STERADIAN. ) SOLID_ANGLE_UNIT ( ) );
#6 = SURFACE_SIDE_STYLE ('',( #982 ) ) ;
#7 = CIRCLE ( 'NONE', #1947, 0.07499997456977564037 ) ;
#8 = DIRECTION ( 'NONE',  ( -7.228014483236695816E-17, -0.000000000000000000, 1.000000000000000000 ) ) ;
#9 = LINE ( 'NONE', #1972, #1546 ) ;
#10 =( GEOMETRIC_REPRESENTATION_CONTEXT ( 3 ) GLOBAL_UNCERTAINTY_ASSIGNED_CONTEXT ( ( #1895 ) ) GLOBAL_UNIT_ASSIGNED_CONTEXT ( ( #273, #1554, #458 ) ) REPRESENTATION_CONTEXT ( 'NONE', 'WORKASPACE' ) );
#11 =( NAMED_UNIT ( * ) PLANE_ANGLE_UNIT ( ) SI_UNIT ( $, .RADIAN. ) );
#12 = UNCERTAINTY_MEASURE_WITH_UNIT (LENGTH_MEASURE( 1.000000000000000082E-05 ), #573, 'distance_accuracy_value', 'NONE');
#13 = FILL_AREA_STYLE ('',( #1765 ) ) ;
#14 = STYLED_ITEM ( 'NONE', ( #495 ), #2148 ) ;
#15 = EDGE_CURVE ( 'NONE', #1501, #2011, #1846, .T. ) ;
#16 = FILL_AREA_STYLE ('',( #1280 ) ) ;
#17 = VERTEX_POINT ( 'NONE', #175 ) ;
#18 = AXIS2_PLACEMENT_3D ( 'NONE', #789, #1536, #603 ) ;
#19 = ORIENTED_EDGE ( 'NONE', *, *, #2276, .T. ) ;
#20 = EDGE_LOOP ( 'NONE', ( #319, #2296, #268, #1256 ) ) ;
#21 = ORIENTED_EDGE ( 'NONE', *, *, #1875, .F. ) ;
#22 =( NAMED_UNIT ( * ) SI_UNIT ( $, .STERADIAN. ) SOLID_ANGLE_UNIT ( ) );
#23 =( LENGTH_UNIT ( ) NAMED_UNIT ( * ) SI_UNIT ( .MILLI., .METRE. ) );
#24 = FACE_OUTER_BOUND ( 'NONE', #1260, .T. ) ;
#25 = VECTOR ( 'NONE', #1457, 1000.000000000000000 ) ;
#26 = LINE ( 'NONE', #1117, #451 ) ;
#27 = DIRECTION ( 'NONE',  ( 1.000000000000000000, 0.000000000000000000, 0.000000000000000000 ) ) ;
#28 = AXIS2_PLACEMENT_3D ( 'NONE', #861, #2269, #1752 ) ;
#29 = ADVANCED_FACE ( 'NONE', ( #43 ), #715, .F. ) ;
#30 = COLOUR_RGB ( '',0.4980392156862745168, 0.4980392156862745168, 0.4980392156862745168 ) ;
#31 = VECTOR ( 'NONE', #878, 1000.000000000000000 ) ;
#32 = CYLINDRICAL_SURFACE ( 'NONE', #1342, 0.07499997456977564037 ) ;
#33 = DIRECTION ( 'NONE',  ( -1.927470528863119049E-16, -0.000000000000000000, -1.000000000000000000 ) ) ;
#34 = DIRECTION ( 'NONE',  ( 1.000000000000000000, 0.000000000000000000, 0.000000000000000000 ) ) ;
#35 = LINE ( 'NONE', #122, #1566 ) ;
#36 = COLOUR_RGB ( '',0.6666666666666666297, 0.6980392156862744724, 0.7686274509803920907 ) ;
#37 = CARTESIAN_POINT ( 'NONE',  ( -0.1749999999999999889, -4.800000000000026468, -2.700000000000034373 ) ) ;
#38 = LINE ( 'NONE', #414, #848 ) ;
#39 = FACE_OUTER_BOUND ( 'NONE', #1496, .T. ) ;
#40 = UNCERTAINTY_MEASURE_WITH_UNIT (LENGTH_MEASURE( 1.000000000000000082E-05 ), #1061, 'distance_accuracy_value', 'NONE');
#41 = CARTESIAN_POINT ( 'NONE',  ( -2.149999999999999911, 0.000000000000000000, -2.325000000000000178 ) ) ;
#42 = VECTOR ( 'NONE', #1636, 1000.000000000000000 ) ;
#43 = FACE_OUTER_BOUND ( 'NONE', #293, .T. ) ;
#44 = ORIENTED_EDGE ( 'NONE', *, *, #2081, .F. ) ;
#45 = DIRECTION ( 'NONE',  ( 0.9875803063351143996, 0.1571150487351280212, 0.000000000000000000 ) ) ;
#46 = APPLICATION_PROTOCOL_DEFINITION ( 'draft international standard', 'automotive_design', 1998, #1301 ) ;
#47 = VERTEX_POINT ( 'NONE', #1779 ) ;
#48 = DIRECTION ( 'NONE',  ( 0.000000000000000000, 0.000000000000000000, -1.000000000000000000 ) ) ;
#49 = ORIENTED_EDGE ( 'NONE', *, *, #699, .T. ) ;
#50 = CARTESIAN_POINT ( 'NONE',  ( -0.3500000000000004774, -0.2999999999999999889, 2.325000000000000178 ) ) ;
#51 = EDGE_CURVE ( 'NONE', #2253, #1709, #1927, .T. ) ;
#52 = VERTEX_POINT ( 'NONE', #1515 ) ;
#53 = CARTESIAN_POINT ( 'NONE',  ( -1.651666049839539907, -1.300000000000000044, 1.901666049839539019 ) ) ;
#54 = PRESENTATION_LAYER_ASSIGNMENT (  '', '', ( #2241 ) ) ;
#55 = EDGE_LOOP ( 'NONE', ( #721, #821, #289, #1664 ) ) ;
#56 = LINE ( 'NONE', #999, #556 ) ;
#57 = FILL_AREA_STYLE ('',( #1474 ) ) ;
#58 =( GEOMETRIC_REPRESENTATION_CONTEXT ( 3 ) GLOBAL_UNCERTAINTY_ASSIGNED_CONTEXT ( ( #1418 ) ) GLOBAL_UNIT_ASSIGNED_CONTEXT ( ( #824, #300, #484 ) ) REPRESENTATION_CONTEXT ( 'NONE', 'WORKASPACE' ) );
#59 =( NAMED_UNIT ( * ) SI_UNIT ( $, .STERADIAN. ) SOLID_ANGLE_UNIT ( ) );
#60 = VECTOR ( 'NONE', #1052, 1000.000000000000227 ) ;
#61 = EDGE_CURVE ( 'NONE', #635, #605, #1282, .T. ) ;
#62 = FILL_AREA_STYLE_COLOUR ( '', #797 ) ;
#63 = SURFACE_STYLE_FILL_AREA ( #1715 ) ;
#64 = PRESENTATION_STYLE_ASSIGNMENT (( #2044 ) ) ;
#65 = CARTESIAN_POINT ( 'NONE',  ( 1.499999999999999778, -1.300000000000000044, 1.750000000000000000 ) ) ;
#66 =( NAMED_UNIT ( * ) SI_UNIT ( $, .STERADIAN. ) SOLID_ANGLE_UNIT ( ) );
#67 = CARTESIAN_POINT ( 'NONE',  ( -0.7500000000000000000, -1.100000000000000089, 2.400000000000000355 ) ) ;
#68 = LINE ( 'NONE', #2118, #481 ) ;
#69 = ADVANCED_FACE ( 'NONE', ( #369 ), #1179, .F. ) ;
#70 = PRESENTATION_LAYER_ASSIGNMENT (  '', '', ( #1684 ) ) ;
#71 = ORIENTED_EDGE ( 'NONE', *, *, #1306, .F. ) ;
#72 = LINE ( 'NONE', #2140, #1494 ) ;
#73 = SURFACE_SIDE_STYLE ('',( #514 ) ) ;
#74 = DIRECTION ( 'NONE',  ( 0.000000000000000000, -0.000000000000000000, 1.000000000000000000 ) ) ;
#75 = EDGE_LOOP ( 'NONE', ( #576, #182, #266, #2097 ) ) ;
#76 = ORIENTED_EDGE ( 'NONE', *, *, #135, .T. ) ;
#77 = CARTESIAN_POINT ( 'NONE',  ( 0.3499999999999999778, -4.799999999999999822, 2.700000000000000178 ) ) ;
#78 = AXIS2_PLACEMENT_3D ( 'NONE', #1428, #343, #1611 ) ;
#79 =( NAMED_UNIT ( * ) SI_UNIT ( $, .STERADIAN. ) SOLID_ANGLE_UNIT ( ) );
#80 = VERTEX_POINT ( 'NONE', #1096 ) ;
#81 =( GEOMETRIC_REPRESENTATION_CONTEXT ( 3 ) GLOBAL_UNCERTAINTY_ASSIGNED_CONTEXT ( ( #279 ) ) GLOBAL_UNIT_ASSIGNED_CONTEXT ( ( #318, #2279, #1381 ) ) REPRESENTATION_CONTEXT ( 'NONE', 'WORKASPACE' ) );
#82 = VERTEX_POINT ( 'NONE', #1240 ) ;
#83 = FILL_AREA_STYLE ('',( #1325 ) ) ;
#84 = UNCERTAINTY_MEASURE_WITH_UNIT (LENGTH_MEASURE( 1.000000000000000082E-05 ), #1587, 'distance_accuracy_value', 'NONE');
#85 =( LENGTH_UNIT ( ) NAMED_UNIT ( * ) SI_UNIT ( .MILLI., .METRE. ) );
#86 = CARTESIAN_POINT ( 'NONE',  ( -0.8486398024345025437, -0.5656926704116214122, 2.400000000000000355 ) ) ;
#87 = PRESENTATION_LAYER_ASSIGNMENT (  '', '', ( #1071 ) ) ;
#88 = PRESENTATION_STYLE_ASSIGNMENT (( #2084 ) ) ;
#89 = DIRECTION ( 'NONE',  ( -1.000000000000000000, 0.000000000000000000, -0.000000000000000000 ) ) ;
#90 = SURFACE_STYLE_FILL_AREA ( #83 ) ;
#91 = CARTESIAN_POINT ( 'NONE',  ( 1.999999999999999112, 0.000000000000000000, -2.250000000000000444 ) ) ;
#92 = PRESENTATION_LAYER_ASSIGNMENT (  '', '', ( #14 ) ) ;
#93 = EDGE_CURVE ( 'NONE', #1155, #1070, #72, .T. ) ;
#94 = VECTOR ( 'NONE', #953, 1000.000000000000000 ) ;
#95 =( NAMED_UNIT ( * ) SI_UNIT ( $, .STERADIAN. ) SOLID_ANGLE_UNIT ( ) );
#96 = DIRECTION ( 'NONE',  ( 0.000000000000000000, -1.000000000000000000, -9.800697548064683973E-17 ) ) ;
#97 = VECTOR ( 'NONE', #2042, 1000.000000000000114 ) ;
#98 = CARTESIAN_POINT ( 'NONE',  ( 1.999999999999999112, 0.000000000000000000, -2.250000000000000444 ) ) ;
#99 = SURFACE_STYLE_FILL_AREA ( #555 ) ;
#100 =( NAMED_UNIT ( * ) PLANE_ANGLE_UNIT ( ) SI_UNIT ( $, .RADIAN. ) );
#101 = VERTEX_POINT ( 'NONE', #2135 ) ;
#102 = AXIS2_PLACEMENT_3D ( 'NONE', #1680, #1648, #1324 ) ;
#103 = VERTEX_POINT ( 'NONE', #161 ) ;
#104 = SURFACE_SIDE_STYLE ('',( #708 ) ) ;
#105 = EDGE_LOOP ( 'NONE', ( #1435, #1231, #786, #2067, #185, #961 ) ) ;
#106 = PRESENTATION_LAYER_ASSIGNMENT (  '', '', ( #1930 ) ) ;
#107 = ORIENTED_EDGE ( 'NONE', *, *, #1840, .T. ) ;
#108 = PRESENTATION_LAYER_ASSIGNMENT (  '', '', ( #2055 ) ) ;
#109 = DIRECTION ( 'NONE',  ( -0.08682659386424777803, -0.9924325091389669673, 0.08682659386424779191 ) ) ;
#110 = SURFACE_STYLE_FILL_AREA ( #390 ) ;
#111 = UNCERTAINTY_MEASURE_WITH_UNIT (LENGTH_MEASURE( 1.000000000000000082E-05 ), #1135, 'distance_accuracy_value', 'NONE');
#112 = SURFACE_STYLE_USAGE ( .BOTH. , #631 ) ;
#113 = LINE ( 'NONE', #2138, #1329 ) ;
#114 = LINE ( 'NONE', #1041, #1150 ) ;
#115 = STYLED_ITEM ( 'NONE', ( #372 ), #29 ) ;
#116 = FILL_AREA_STYLE ('',( #2051 ) ) ;
#117 = VECTOR ( 'NONE', #1009, 1000.000000000000000 ) ;
#118 = STYLED_ITEM ( 'NONE', ( #502 ), #1480 ) ;
#119 = DIRECTION ( 'NONE',  ( 0.000000000000000000, -0.000000000000000000, 1.000000000000000000 ) ) ;
#120 = LINE ( 'NONE', #598, #2038 ) ;
#121 = VECTOR ( 'NONE', #1360, 1000.000000000000000 ) ;
#122 = CARTESIAN_POINT ( 'NONE',  ( -0.3500000000000000333, -1.100000000000000089, 2.400000000000000355 ) ) ;
#123 = ORIENTED_EDGE ( 'NONE', *, *, #51, .F. ) ;
#124 = DIRECTION ( 'NONE',  ( -1.000000000000000000, 2.710505431213761085E-16, -0.000000000000000000 ) ) ;
#125 = STYLED_ITEM ( 'NONE', ( #64 ), #841 ) ;
#126 = ORIENTED_EDGE ( 'NONE', *, *, #243, .T. ) ;
#127 = DIRECTION ( 'NONE',  ( -0.000000000000000000, -1.000000000000000000, -8.673617379884035472E-15 ) ) ;
#128 = EDGE_CURVE ( 'NONE', #188, #2221, #950, .T. ) ;
#129 = CARTESIAN_POINT ( 'NONE',  ( -2.000000000000000000, 8.329520671485729785E-33, 2.249999999999999556 ) ) ;
#130 = ORIENTED_EDGE ( 'NONE', *, *, #536, .T. ) ;
#131 =( GEOMETRIC_REPRESENTATION_CONTEXT ( 3 ) GLOBAL_UNCERTAINTY_ASSIGNED_CONTEXT ( ( #1526 ) ) GLOBAL_UNIT_ASSIGNED_CONTEXT ( ( #1495, #916, #760 ) ) REPRESENTATION_CONTEXT ( 'NONE', 'WORKASPACE' ) );
#132 = PLANE ( 'NONE',  #762 ) ;
#133 = ORIENTED_EDGE ( 'NONE', *, *, #488, .T. ) ;
#134 = FILL_AREA_STYLE_COLOUR ( '', #1389 ) ;
#135 = EDGE_CURVE ( 'NONE', #1801, #82, #885, .T. ) ;
#136 = CARTESIAN_POINT ( 'NONE',  ( -0.3499999999999999778, -3.699999999999999734, -2.700000000000034373 ) ) ;
#137 = PRESENTATION_STYLE_ASSIGNMENT (( #1868 ) ) ;
#138 = DIRECTION ( 'NONE',  ( -1.000000000000000000, -0.000000000000000000, -0.000000000000000000 ) ) ;
#139 = CARTESIAN_POINT ( 'NONE',  ( 1.500000000000000000, -1.099999999999999867, -1.250000000000000000 ) ) ;
#140 = SURFACE_STYLE_USAGE ( .BOTH. , #2272 ) ;
#141 = PRESENTATION_STYLE_ASSIGNMENT (( #2209 ) ) ;
#142 = SHAPE_DEFINITION_REPRESENTATION ( #1659, #1353 ) ;
#143 = VECTOR ( 'NONE', #865, 1000.000000000000000 ) ;
#144 =( LENGTH_UNIT ( ) NAMED_UNIT ( * ) SI_UNIT ( .MILLI., .METRE. ) );
#145 = CARTESIAN_POINT ( 'NONE',  ( 0.000000000000000000, -1.099999999999999867, 0.000000000000000000 ) ) ;
#146 = STYLED_ITEM ( 'NONE', ( #307 ), #1370 ) ;
#147 = DIRECTION ( 'NONE',  ( 1.000000000000000000, 0.000000000000000000, 0.000000000000000000 ) ) ;
#148 = ORIENTED_EDGE ( 'NONE', *, *, #1271, .T. ) ;
#149 = ORIENTED_EDGE ( 'NONE', *, *, #1869, .T. ) ;
#150 = UNCERTAINTY_MEASURE_WITH_UNIT (LENGTH_MEASURE( 1.000000000000000082E-05 ), #1163, 'distance_accuracy_value', 'NONE');
#151 = DIRECTION ( 'NONE',  ( 1.000000000000000000, 0.000000000000000000, 0.000000000000000000 ) ) ;
#152 = ORIENTED_EDGE ( 'NONE', *, *, #15, .T. ) ;
#153 = PRESENTATION_LAYER_ASSIGNMENT (  '', '', ( #1500 ) ) ;
#154 =( NAMED_UNIT ( * ) SI_UNIT ( $, .STERADIAN. ) SOLID_ANGLE_UNIT ( ) );
#155 = SURFACE_SIDE_STYLE ('',( #476 ) ) ;
#156 = EDGE_LOOP ( 'NONE', ( #2268, #1195, #44, #1817 ) ) ;
#157 =( NAMED_UNIT ( * ) PLANE_ANGLE_UNIT ( ) SI_UNIT ( $, .RADIAN. ) );
#158 = EDGE_LOOP ( 'NONE', ( #1211, #2020, #639, #696 ) ) ;
#159 = PRESENTATION_LAYER_ASSIGNMENT (  '', '', ( #505 ) ) ;
#160 =( NAMED_UNIT ( * ) PLANE_ANGLE_UNIT ( ) SI_UNIT ( $, .RADIAN. ) );
#161 = CARTESIAN_POINT ( 'NONE',  ( 1.500000000000000000, -1.300000000000000044, -1.250000000000000000 ) ) ;
#162 = SURFACE_STYLE_FILL_AREA ( #16 ) ;
#163 = PLANE ( 'NONE',  #2103 ) ;
#164 = EDGE_CURVE ( 'NONE', #605, #434, #663, .T. ) ;
#165 = LINE ( 'NONE', #1074, #362 ) ;
#166 = FILL_AREA_STYLE_COLOUR ( '', #842 ) ;
#167 = DIRECTION ( 'NONE',  ( -0.000000000000000000, 1.000000000000000000, 6.958495259125925386E-15 ) ) ;
#168 = DIRECTION ( 'NONE',  ( 0.000000000000000000, 0.000000000000000000, -1.000000000000000000 ) ) ;
#169 = DIRECTION ( 'NONE',  ( -1.000000000000000000, -0.000000000000000000, -0.000000000000000000 ) ) ;
#170 = CARTESIAN_POINT ( 'NONE',  ( 0.3499999999999999778, -0.3749999745697734088, 2.400000000000000355 ) ) ;
#171 = FILL_AREA_STYLE_COLOUR ( '', #220 ) ;
#172 =( NAMED_UNIT ( * ) PLANE_ANGLE_UNIT ( ) SI_UNIT ( $, .RADIAN. ) );
#173 = STYLED_ITEM ( 'NONE', ( #137 ), #1993 ) ;
#174 = SURFACE_STYLE_USAGE ( .BOTH. , #1257 ) ;
#175 = CARTESIAN_POINT ( 'NONE',  ( 0.1749999999999999889, -4.800000000000026468, 2.700000000000000622 ) ) ;
#176 =( NAMED_UNIT ( * ) PLANE_ANGLE_UNIT ( ) SI_UNIT ( $, .RADIAN. ) );
#177 = UNCERTAINTY_MEASURE_WITH_UNIT (LENGTH_MEASURE( 1.000000000000000082E-05 ), #1965, 'distance_accuracy_value', 'NONE');
#178 = EDGE_LOOP ( 'NONE', ( #76, #582, #233, #2065 ) ) ;
#179 =( LENGTH_UNIT ( ) NAMED_UNIT ( * ) SI_UNIT ( .MILLI., .METRE. ) );
#180 = LINE ( 'NONE', #1623, #2211 ) ;
#181 = ORIENTED_EDGE ( 'NONE', *, *, #1553, .T. ) ;
#182 = ORIENTED_EDGE ( 'NONE', *, *, #2233, .F. ) ;
#183 = SURFACE_STYLE_USAGE ( .BOTH. , #904 ) ;
#184 = DIRECTION ( 'NONE',  ( -1.000000000000000000, -0.000000000000000000, -0.000000000000000000 ) ) ;
#185 = ORIENTED_EDGE ( 'NONE', *, *, #449, .T. ) ;
#186 = SURFACE_SIDE_STYLE ('',( #1341 ) ) ;
#187 = SURFACE_STYLE_USAGE ( .BOTH. , #1108 ) ;
#188 = VERTEX_POINT ( 'NONE', #348 ) ;
#189 = PLANE ( 'NONE',  #915 ) ;
#190 = SURFACE_SIDE_STYLE ('',( #162 ) ) ;
#191 = COLOUR_RGB ( '',0.6666666666666666297, 0.6980392156862744724, 0.7686274509803920907 ) ;
#192 = VECTOR ( 'NONE', #96, 1000.000000000000000 ) ;
#193 = LINE ( 'NONE', #537, #2025 ) ;
#194 =( GEOMETRIC_REPRESENTATION_CONTEXT ( 3 ) GLOBAL_UNCERTAINTY_ASSIGNED_CONTEXT ( ( #677 ) ) GLOBAL_UNIT_ASSIGNED_CONTEXT ( ( #732, #172, #5 ) ) REPRESENTATION_CONTEXT ( 'NONE', 'WORKASPACE' ) );
#195 = MECHANICAL_DESIGN_GEOMETRIC_PRESENTATION_REPRESENTATION (  '', ( #1907 ), #2267 ) ;
#196 = PRODUCT ( 'BPW34', 'BPW34', '', ( #210 ) ) ;
#197 = VECTOR ( 'NONE', #2116, 1000.000000000000000 ) ;
#198 = FILL_AREA_STYLE ('',( #744 ) ) ;
#199 = DIRECTION ( 'NONE',  ( -1.000000000000000000, -0.000000000000000000, -0.000000000000000000 ) ) ;
#200 = CARTESIAN_POINT ( 'NONE',  ( 1.499999999999999778, -1.300000000000000044, 1.750000000000000000 ) ) ;
#201 =( NAMED_UNIT ( * ) PLANE_ANGLE_UNIT ( ) SI_UNIT ( $, .RADIAN. ) );
#202 = EDGE_CURVE ( 'NONE', #668, #52, #2150, .T. ) ;
#203 = CARTESIAN_POINT ( 'NONE',  ( -2.149999999999999467, -0.2999999999999999889, 2.325000000000000178 ) ) ;
#204 = LINE ( 'NONE', #1982, #2039 ) ;
#205 = UNCERTAINTY_MEASURE_WITH_UNIT (LENGTH_MEASURE( 1.000000000000000082E-05 ), #230, 'distance_accuracy_value', 'NONE');
#206 = VERTEX_POINT ( 'NONE', #1075 ) ;
#207 = ORIENTED_EDGE ( 'NONE', *, *, #324, .F. ) ;
#208 = VERTEX_POINT ( 'NONE', #1762 ) ;
#209 = ORIENTED_EDGE ( 'NONE', *, *, #2152, .F. ) ;
#210 = PRODUCT_CONTEXT ( 'NONE', #1301, 'mechanical' ) ;
#211 = DIRECTION ( 'NONE',  ( 0.000000000000000000, -1.000000000000000000, 0.000000000000000000 ) ) ;
#212 = ORIENTED_EDGE ( 'NONE', *, *, #536, .F. ) ;
#213 = ADVANCED_FACE ( 'NONE', ( #1316 ), #1631, .T. ) ;
#214 = CARTESIAN_POINT ( 'NONE',  ( -1.500000000000000000, -1.099999999999999867, -1.250000000000000000 ) ) ;
#215 = PRESENTATION_STYLE_ASSIGNMENT (( #1799 ) ) ;
#216 = CARTESIAN_POINT ( 'NONE',  ( 1.919615242270662270, -0.2999999999999999889, -2.250000000000000444 ) ) ;
#217 = SURFACE_STYLE_FILL_AREA ( #1145 ) ;
#218 = MECHANICAL_DESIGN_GEOMETRIC_PRESENTATION_REPRESENTATION (  '', ( #1930 ), #1443 ) ;
#219 = CARTESIAN_POINT ( 'NONE',  ( 0.000000000000000000, 0.000000000000000000, 0.000000000000000000 ) ) ;
#220 = COLOUR_RGB ( '',0.6666666666666666297, 0.6980392156862744724, 0.7686274509803920907 ) ;
#221 = VECTOR ( 'NONE', #1918, 1000.000000000000000 ) ;
#222 = LINE ( 'NONE', #829, #475 ) ;
#223 = CARTESIAN_POINT ( 'NONE',  ( 0.3499999999999999778, -0.3749999745697734088, -2.325000025430229211 ) ) ;
#224 = DIRECTION ( 'NONE',  ( 1.927470528863119542E-16, 0.000000000000000000, 1.000000000000000000 ) ) ;
#225 = VECTOR ( 'NONE', #1467, 1000.000000000000000 ) ;
#226 =( GEOMETRIC_REPRESENTATION_CONTEXT ( 3 ) GLOBAL_UNCERTAINTY_ASSIGNED_CONTEXT ( ( #596 ) ) GLOBAL_UNIT_ASSIGNED_CONTEXT ( ( #144, #513, #1740 ) ) REPRESENTATION_CONTEXT ( 'NONE', 'WORKASPACE' ) );
#227 =( LENGTH_UNIT ( ) NAMED_UNIT ( * ) SI_UNIT ( .MILLI., .METRE. ) );
#228 = PRESENTATION_LAYER_ASSIGNMENT (  '', '', ( #2142 ) ) ;
#229 = ORIENTED_EDGE ( 'NONE', *, *, #2201, .F. ) ;
#230 =( LENGTH_UNIT ( ) NAMED_UNIT ( * ) SI_UNIT ( .MILLI., .METRE. ) );
#231 = DIRECTION ( 'NONE',  ( -1.000000000000000000, -0.000000000000000000, -0.000000000000000000 ) ) ;
#232 = ORIENTED_EDGE ( 'NONE', *, *, #2115, .F. ) ;
#233 = ORIENTED_EDGE ( 'NONE', *, *, #985, .F. ) ;
#234 = MECHANICAL_DESIGN_GEOMETRIC_PRESENTATION_REPRESENTATION (  '', ( #1508 ), #804 ) ;
#235 = EDGE_CURVE ( 'NONE', #465, #1112, #180, .T. ) ;
#236 = ADVANCED_FACE ( 'NONE', ( #1522 ), #698, .F. ) ;
#237 = STYLED_ITEM ( 'NONE', ( #1641 ), #755 ) ;
#238 = EDGE_LOOP ( 'NONE', ( #785, #2299, #21, #1628 ) ) ;
#239 = PLANE ( 'NONE',  #1473 ) ;
#240 =( NAMED_UNIT ( * ) SI_UNIT ( $, .STERADIAN. ) SOLID_ANGLE_UNIT ( ) );
#241 = FACE_OUTER_BOUND ( 'NONE', #2109, .T. ) ;
#242 =( LENGTH_UNIT ( ) NAMED_UNIT ( * ) SI_UNIT ( .MILLI., .METRE. ) );
#243 = EDGE_CURVE ( 'NONE', #1576, #1906, #720, .T. ) ;
#244 = SURFACE_SIDE_STYLE ('',( #90 ) ) ;
#245 = UNCERTAINTY_MEASURE_WITH_UNIT (LENGTH_MEASURE( 1.000000000000000082E-05 ), #345, 'distance_accuracy_value', 'NONE');
#246 = ADVANCED_FACE ( 'NONE', ( #602 ), #1600, .T. ) ;
#247 = MECHANICAL_DESIGN_GEOMETRIC_PRESENTATION_REPRESENTATION (  '', ( #869 ), #1317 ) ;
#248 = VECTOR ( 'NONE', #557, 1000.000000000000000 ) ;
#249 = EDGE_CURVE ( 'NONE', #1941, #987, #2175, .T. ) ;
#250 =( LENGTH_UNIT ( ) NAMED_UNIT ( * ) SI_UNIT ( .MILLI., .METRE. ) );
#251 = PRESENTATION_STYLE_ASSIGNMENT (( #1637 ) ) ;
#252 = VECTOR ( 'NONE', #231, 1000.000000000000000 ) ;
#253 =( NAMED_UNIT ( * ) SI_UNIT ( $, .STERADIAN. ) SOLID_ANGLE_UNIT ( ) );
#254 = LINE ( 'NONE', #1920, #2234 ) ;
#255 =( NAMED_UNIT ( * ) SI_UNIT ( $, .STERADIAN. ) SOLID_ANGLE_UNIT ( ) );
#256 = SURFACE_STYLE_FILL_AREA ( #57 ) ;
#257 = ADVANCED_FACE ( 'NONE', ( #2094 ), #934, .T. ) ;
#258 = VECTOR ( 'NONE', #33, 1000.000000000000000 ) ;
#259 = CARTESIAN_POINT ( 'NONE',  ( -2.000000000000000000, 0.6999999999999999556, 2.188757935531852272 ) ) ;
#260 = ORIENTED_EDGE ( 'NONE', *, *, #454, .T. ) ;
#261 = CARTESIAN_POINT ( 'NONE',  ( -0.3499999999999999778, -1.099999999999999867, 2.700000000000000622 ) ) ;
#262 = ORIENTED_EDGE ( 'NONE', *, *, #742, .T. ) ;
#263 =( NAMED_UNIT ( * ) SI_UNIT ( $, .STERADIAN. ) SOLID_ANGLE_UNIT ( ) );
#264 = ORIENTED_EDGE ( 'NONE', *, *, #779, .F. ) ;
#265 =( NAMED_UNIT ( * ) PLANE_ANGLE_UNIT ( ) SI_UNIT ( $, .RADIAN. ) );
#266 = ORIENTED_EDGE ( 'NONE', *, *, #994, .T. ) ;
#267 = STYLED_ITEM ( 'NONE', ( #251 ), #1362 ) ;
#268 = ORIENTED_EDGE ( 'NONE', *, *, #2156, .T. ) ;
#269 = CARTESIAN_POINT ( 'NONE',  ( -0.3499999999999999778, -0.9000000000000002442, 2.400000000000000355 ) ) ;
#270 = MECHANICAL_DESIGN_GEOMETRIC_PRESENTATION_REPRESENTATION (  '', ( #928 ), #81 ) ;
#271 = ORIENTED_EDGE ( 'NONE', *, *, #903, .T. ) ;
#272 = FACE_OUTER_BOUND ( 'NONE', #156, .T. ) ;
#273 =( LENGTH_UNIT ( ) NAMED_UNIT ( * ) SI_UNIT ( .MILLI., .METRE. ) );
#274 = DIRECTION ( 'NONE',  ( 0.000000000000000000, -1.000000000000000000, 0.000000000000000000 ) ) ;
#275 = ORIENTED_EDGE ( 'NONE', *, *, #2037, .F. ) ;
#276 = FACE_OUTER_BOUND ( 'NONE', #20, .T. ) ;
#277 = SURFACE_STYLE_FILL_AREA ( #1890 ) ;
#278 = SURFACE_STYLE_USAGE ( .BOTH. , #104 ) ;
#279 = UNCERTAINTY_MEASURE_WITH_UNIT (LENGTH_MEASURE( 1.000000000000000082E-05 ), #318, 'distance_accuracy_value', 'NONE');
#280 = PRESENTATION_STYLE_ASSIGNMENT (( #413 ) ) ;
#281 =( GEOMETRIC_REPRESENTATION_CONTEXT ( 3 ) GLOBAL_UNCERTAINTY_ASSIGNED_CONTEXT ( ( #873 ) ) GLOBAL_UNIT_ASSIGNED_CONTEXT ( ( #1386, #2259, #1721 ) ) REPRESENTATION_CONTEXT ( 'NONE', 'WORKASPACE' ) );
#282 = CYLINDRICAL_SURFACE ( 'NONE', #775, 0.3749999745697740750 ) ;
#283 = EDGE_CURVE ( 'NONE', #1070, #1801, #2239, .T. ) ;
#284 = COLOUR_RGB ( '',0.6666666666666666297, 0.6980392156862744724, 0.7686274509803920907 ) ;
#285 = ADVANCED_FACE ( 'NONE', ( #2127 ), #1304, .T. ) ;
#286 = SURFACE_STYLE_FILL_AREA ( #1274 ) ;
#287 = DIRECTION ( 'NONE',  ( 0.000000000000000000, -1.000000000000000000, -7.056502234606572756E-15 ) ) ;
#288 = FILL_AREA_STYLE_COLOUR ( '', #1087 ) ;
#289 = ORIENTED_EDGE ( 'NONE', *, *, #2111, .T. ) ;
#290 = AXIS2_PLACEMENT_3D ( 'NONE', #2075, #2262, #1225 ) ;
#291 = ORIENTED_EDGE ( 'NONE', *, *, #894, .F. ) ;
#292 = EDGE_CURVE ( 'NONE', #666, #2154, #204, .T. ) ;
#293 = EDGE_LOOP ( 'NONE', ( #758, #1414, #1579, #1897 ) ) ;
#294 = LINE ( 'NONE', #657, #2134 ) ;
#295 = FILL_AREA_STYLE ('',( #1876 ) ) ;
#296 = SURFACE_STYLE_USAGE ( .BOTH. , #833 ) ;
#297 = STYLED_ITEM ( 'NONE', ( #1843 ), #415 ) ;
#298 =( LENGTH_UNIT ( ) NAMED_UNIT ( * ) SI_UNIT ( .MILLI., .METRE. ) );
#299 = DIRECTION ( 'NONE',  ( 0.1571150487351280212, -0.9875803063351143996, -6.968862638507178280E-15 ) ) ;
#300 =( NAMED_UNIT ( * ) PLANE_ANGLE_UNIT ( ) SI_UNIT ( $, .RADIAN. ) );
#301 = DIRECTION ( 'NONE',  ( 9.326470300950574888E-17, 0.000000000000000000, 1.000000000000000000 ) ) ;
#302 = CARTESIAN_POINT ( 'NONE',  ( 0.3499999999999999778, -0.3749999745697734088, 2.400000000000000355 ) ) ;
#303 = VECTOR ( 'NONE', #287, 1000.000000000000000 ) ;
#304 = AXIS2_PLACEMENT_3D ( 'NONE', #890, #169, #1773 ) ;
#305 = VECTOR ( 'NONE', #1380, 1000.000000000000114 ) ;
#306 = PRESENTATION_LAYER_ASSIGNMENT (  '', '', ( #1825 ) ) ;
#307 = PRESENTATION_STYLE_ASSIGNMENT (( #1098 ) ) ;
#308 = SURFACE_STYLE_FILL_AREA ( #1610 ) ;
#309 = CARTESIAN_POINT ( 'NONE',  ( -2.149999999999999467, -0.2999999999999999889, 2.325000000000000178 ) ) ;
#310 = DIRECTION ( 'NONE',  ( -0.000000000000000000, -0.000000000000000000, 1.000000000000000000 ) ) ;
#311 = STYLED_ITEM ( 'NONE', ( #1836 ), #1560 ) ;
#312 = FILL_AREA_STYLE_COLOUR ( '', #541 ) ;
#313 = CARTESIAN_POINT ( 'NONE',  ( -0.7500000000000000000, -1.100000000000000089, 2.700000000000000622 ) ) ;
#314 = FACE_OUTER_BOUND ( 'NONE', #632, .T. ) ;
#315 = DIRECTION ( 'NONE',  ( 1.927470528863119049E-16, 0.000000000000000000, 1.000000000000000000 ) ) ;
#316 = CARTESIAN_POINT ( 'NONE',  ( 0.3499999999999999778, -0.2999999999999999889, 2.325000000000000178 ) ) ;
#317 = ORIENTED_EDGE ( 'NONE', *, *, #1800, .T. ) ;
#318 =( LENGTH_UNIT ( ) NAMED_UNIT ( * ) SI_UNIT ( .MILLI., .METRE. ) );
#319 = ORIENTED_EDGE ( 'NONE', *, *, #1867, .F. ) ;
#320 = CARTESIAN_POINT ( 'NONE',  ( 0.3499999999999999778, -0.3749999745697734088, 2.700000000000000622 ) ) ;
#321 = UNCERTAINTY_MEASURE_WITH_UNIT (LENGTH_MEASURE( 1.000000000000000082E-05 ), #179, 'distance_accuracy_value', 'NONE');
#322 = EDGE_LOOP ( 'NONE', ( #674, #1470, #662, #1358 ) ) ;
#323 = ORIENTED_EDGE ( 'NONE', *, *, #2115, .T. ) ;
#324 = EDGE_CURVE ( 'NONE', #1471, #52, #690, .T. ) ;
#325 =( NAMED_UNIT ( * ) SI_UNIT ( $, .STERADIAN. ) SOLID_ANGLE_UNIT ( ) );
#326 = ORIENTED_EDGE ( 'NONE', *, *, #943, .F. ) ;
#327 = DIRECTION ( 'NONE',  ( 1.000000000000000000, 0.000000000000000000, 0.000000000000000000 ) ) ;
#328 = ORIENTED_EDGE ( 'NONE', *, *, #652, .F. ) ;
#329 = EDGE_CURVE ( 'NONE', #1067, #746, #1551, .T. ) ;
#330 = ORIENTED_EDGE ( 'NONE', *, *, #1621, .F. ) ;
#331 = LINE ( 'NONE', #1653, #1241 ) ;
#332 = COLOUR_RGB ( '',0.4980392156862745168, 0.4980392156862745168, 0.4980392156862745168 ) ;
#333 = CARTESIAN_POINT ( 'NONE',  ( 0.3499999999999999778, -0.3749999745697734088, -2.700000000000003286 ) ) ;
#334 = FACE_OUTER_BOUND ( 'NONE', #105, .T. ) ;
#335 = DIRECTION ( 'NONE',  ( 0.000000000000000000, -1.000000000000000000, 0.000000000000000000 ) ) ;
#336 = DIRECTION ( 'NONE',  ( -1.000000000000000000, -0.000000000000000000, -0.000000000000000000 ) ) ;
#337 = DIRECTION ( 'NONE',  ( 0.000000000000000000, 0.000000000000000000, 1.000000000000000000 ) ) ;
#338 = AXIS2_PLACEMENT_3D ( 'NONE', #1529, #1197, #457 ) ;
#339 = CIRCLE ( 'NONE', #1827, 0.07499997456977564037 ) ;
#340 = CARTESIAN_POINT ( 'NONE',  ( -1.938757935531854049, 0.6999999999999999556, -2.250000000000000444 ) ) ;
#341 = PRESENTATION_LAYER_ASSIGNMENT (  '', '', ( #854 ) ) ;
#342 = DIRECTION ( 'NONE',  ( -0.2505628070857320866, 0.9351131265310290708, 0.2505628070857320866 ) ) ;
#343 = DIRECTION ( 'NONE',  ( -1.000000000000000000, 0.000000000000000000, 0.000000000000000000 ) ) ;
#344 = ORIENTED_EDGE ( 'NONE', *, *, #1113, .T. ) ;
#345 =( LENGTH_UNIT ( ) NAMED_UNIT ( * ) SI_UNIT ( .MILLI., .METRE. ) );
#346 = EDGE_LOOP ( 'NONE', ( #1375, #1655, #1431, #1055, #323, #612, #761, #1581, #2188, #2101 ) ) ;
#347 = CARTESIAN_POINT ( 'NONE',  ( 2.149999999999999911, -0.2999999999999999889, -2.325000000000000178 ) ) ;
#348 = CARTESIAN_POINT ( 'NONE',  ( 1.651666049839539019, -1.300000000000000044, -1.901666049839539907 ) ) ;
#349 = ORIENTED_EDGE ( 'NONE', *, *, #1194, .T. ) ;
#350 =( GEOMETRIC_REPRESENTATION_CONTEXT ( 3 ) GLOBAL_UNCERTAINTY_ASSIGNED_CONTEXT ( ( #177 ) ) GLOBAL_UNIT_ASSIGNED_CONTEXT ( ( #1965, #922, #1093 ) ) REPRESENTATION_CONTEXT ( 'NONE', 'WORKASPACE' ) );
#351 = ORIENTED_EDGE ( 'NONE', *, *, #1917, .T. ) ;
#352 =( LENGTH_UNIT ( ) NAMED_UNIT ( * ) SI_UNIT ( .MILLI., .METRE. ) );
#353 = DIRECTION ( 'NONE',  ( 0.000000000000000000, 0.000000000000000000, 1.000000000000000000 ) ) ;
#354 = EDGE_LOOP ( 'NONE', ( #1877, #1605, #1432, #579 ) ) ;
#355 = DIRECTION ( 'NONE',  ( -1.927470528863119049E-16, 0.000000000000000000, -1.000000000000000000 ) ) ;
#356 = STYLED_ITEM ( 'NONE', ( #1670 ), #1665 ) ;
#357 = EDGE_CURVE ( 'NONE', #1707, #832, #575, .T. ) ;
#358 =( LENGTH_UNIT ( ) NAMED_UNIT ( * ) SI_UNIT ( .MILLI., .METRE. ) );
#359 = DIRECTION ( 'NONE',  ( 0.000000000000000000, -1.000000000000000000, 0.000000000000000000 ) ) ;
#360 = FILL_AREA_STYLE_COLOUR ( '', #450 ) ;
#361 = PRESENTATION_LAYER_ASSIGNMENT (  '', '', ( #685 ) ) ;
#362 = VECTOR ( 'NONE', #1245, 1000.000000000000000 ) ;
#363 = CARTESIAN_POINT ( 'NONE',  ( 0.3499999999999999778, -0.3749999745697734088, 2.325000025430226547 ) ) ;
#364 = LINE ( 'NONE', #1548, #1092 ) ;
#365 = DIRECTION ( 'NONE',  ( 0.000000000000000000, 1.000000000000000000, 0.000000000000000000 ) ) ;
#366 = VECTOR ( 'NONE', #1842, 1000.000000000000000 ) ;
#367 = SURFACE_SIDE_STYLE ('',( #1926 ) ) ;
#368 = EDGE_CURVE ( 'NONE', #832, #1941, #511, .T. ) ;
#369 = FACE_OUTER_BOUND ( 'NONE', #1929, .T. ) ;
#370 = DIRECTION ( 'NONE',  ( 0.000000000000000000, -1.000000000000000000, 0.000000000000000000 ) ) ;
#371 = ORIENTED_EDGE ( 'NONE', *, *, #523, .F. ) ;
#372 = PRESENTATION_STYLE_ASSIGNMENT (( #421 ) ) ;
#373 = SURFACE_STYLE_USAGE ( .BOTH. , #367 ) ;
#374 = PRODUCT_DEFINITION ( 'UNKNOWN', '', #1005, #1853 ) ;
#375 = SURFACE_STYLE_USAGE ( .BOTH. , #1305 ) ;
#376 = ORIENTED_EDGE ( 'NONE', *, *, #2237, .F. ) ;
#377 = DIRECTION ( 'NONE',  ( 0.000000000000000000, 1.000000000000000000, 0.000000000000000000 ) ) ;
#378 = PLANE ( 'NONE',  #519 ) ;
#379 = SURFACE_STYLE_FILL_AREA ( #2062 ) ;
#380 = DIRECTION ( 'NONE',  ( -0.1571150487351212210, -0.9875803063351153988, 0.000000000000000000 ) ) ;
#381 = LINE ( 'NONE', #406, #587 ) ;
#382 = PRESENTATION_LAYER_ASSIGNMENT (  '', '', ( #1748 ) ) ;
#383 = DIRECTION ( 'NONE',  ( -1.000000000000000000, 2.710505431213761085E-16, 0.000000000000000000 ) ) ;
#384 = DIRECTION ( 'NONE',  ( 0.000000000000000000, -6.958495259125926175E-15, 1.000000000000000000 ) ) ;
#385 = COLOUR_RGB ( '',0.4980392156862745168, 0.4980392156862745168, 0.4980392156862745168 ) ;
#386 = SURFACE_STYLE_FILL_AREA ( #1696 ) ;
#387 =( NAMED_UNIT ( * ) PLANE_ANGLE_UNIT ( ) SI_UNIT ( $, .RADIAN. ) );
#388 = SURFACE_SIDE_STYLE ('',( #911 ) ) ;
#389 = PRESENTATION_LAYER_ASSIGNMENT (  '', '', ( #965 ) ) ;
#390 = FILL_AREA_STYLE ('',( #1115 ) ) ;
#391 = UNCERTAINTY_MEASURE_WITH_UNIT (LENGTH_MEASURE( 1.000000000000000082E-05 ), #2196, 'distance_accuracy_value', 'NONE');
#392 = SURFACE_STYLE_FILL_AREA ( #875 ) ;
#393 = DIRECTION ( 'NONE',  ( -0.000000000000000000, -0.000000000000000000, 1.000000000000000000 ) ) ;
#394 = FACE_OUTER_BOUND ( 'NONE', #1936, .T. ) ;
#395 = MECHANICAL_DESIGN_GEOMETRIC_PRESENTATION_REPRESENTATION (  '', ( #881 ), #1866 ) ;
#396 =( LENGTH_UNIT ( ) NAMED_UNIT ( * ) SI_UNIT ( .MILLI., .METRE. ) );
#397 = EDGE_CURVE ( 'NONE', #1530, #1288, #2288, .T. ) ;
#398 = ORIENTED_EDGE ( 'NONE', *, *, #411, .F. ) ;
#399 = ORIENTED_EDGE ( 'NONE', *, *, #1113, .F. ) ;
#400 = ADVANCED_FACE ( 'NONE', ( #1810, #2124 ), #1278, .T. ) ;
#401 =( NAMED_UNIT ( * ) PLANE_ANGLE_UNIT ( ) SI_UNIT ( $, .RADIAN. ) );
#402 = ORIENTED_EDGE ( 'NONE', *, *, #477, .T. ) ;
#403 = ORIENTED_EDGE ( 'NONE', *, *, #1917, .F. ) ;
#404 =( LENGTH_UNIT ( ) NAMED_UNIT ( * ) SI_UNIT ( .MILLI., .METRE. ) );
#405 = MECHANICAL_DESIGN_GEOMETRIC_PRESENTATION_REPRESENTATION (  '', ( #2241 ), #10 ) ;
#406 = CARTESIAN_POINT ( 'NONE',  ( -1.500000000000000000, -1.099999999999999867, -1.250000000000000000 ) ) ;
#407 = EDGE_LOOP ( 'NONE', ( #1477, #1053, #398, #1654 ) ) ;
#408 = PRESENTATION_LAYER_ASSIGNMENT (  '', '', ( #173 ) ) ;
#409 = DIRECTION ( 'NONE',  ( -0.000000000000000000, -0.000000000000000000, 1.000000000000000000 ) ) ;
#410 = EDGE_LOOP ( 'NONE', ( #1141, #1908, #376, #643 ) ) ;
#411 = EDGE_CURVE ( 'NONE', #791, #1989, #1125, .T. ) ;
#412 = COLOUR_RGB ( '',0.6666666666666666297, 0.6980392156862744724, 0.7686274509803920907 ) ;
#413 = SURFACE_STYLE_USAGE ( .BOTH. , #1531 ) ;
#414 = CARTESIAN_POINT ( 'NONE',  ( 0.8659193994118028481, -0.4570780608398272715, 2.400000000000000355 ) ) ;
#415 = ADVANCED_FACE ( 'NONE', ( #572 ), #2189, .T. ) ;
#416 =( NAMED_UNIT ( * ) PLANE_ANGLE_UNIT ( ) SI_UNIT ( $, .RADIAN. ) );
#417 = VECTOR ( 'NONE', #1964, 1000.000000000000000 ) ;
#418 = FILL_AREA_STYLE_COLOUR ( '', #973 ) ;
#419 = PRESENTATION_LAYER_ASSIGNMENT (  '', '', ( #958 ) ) ;
#420 = VECTOR ( 'NONE', #2007, 1000.000000000000000 ) ;
#421 = SURFACE_STYLE_USAGE ( .BOTH. , #626 ) ;
#422 = DIRECTION ( 'NONE',  ( 0.000000000000000000, -0.000000000000000000, -1.000000000000000000 ) ) ;
#423 = UNCERTAINTY_MEASURE_WITH_UNIT (LENGTH_MEASURE( 1.000000000000000082E-05 ), #358, 'distance_accuracy_value', 'NONE');
#424 = DIRECTION ( 'NONE',  ( 1.000000000000000000, 0.000000000000000000, 0.000000000000000000 ) ) ;
#425 =( NAMED_UNIT ( * ) SI_UNIT ( $, .STERADIAN. ) SOLID_ANGLE_UNIT ( ) );
#426 = SURFACE_STYLE_USAGE ( .BOTH. , #1873 ) ;
#427 = COLOUR_RGB ( '',0.1372549019607843257, 0.2941176470588235392, 0.7490196078431372584 ) ;
#428 = AXIS2_PLACEMENT_3D ( 'NONE', #1975, #1646, #27 ) ;
#429 = ADVANCED_FACE ( 'NONE', ( #314 ), #2199, .T. ) ;
#430 = CARTESIAN_POINT ( 'NONE',  ( 0.3499999999999999778, -0.3749999745697734088, 2.700000000000000622 ) ) ;
#431 = CARTESIAN_POINT ( 'NONE',  ( -2.149999999999999911, -0.2999999999999999889, -2.325000000000000178 ) ) ;
#432 =( NAMED_UNIT ( * ) PLANE_ANGLE_UNIT ( ) SI_UNIT ( $, .RADIAN. ) );
#433 = PRESENTATION_LAYER_ASSIGNMENT (  '', '', ( #2261 ) ) ;
#434 = VERTEX_POINT ( 'NONE', #430 ) ;
#435 = CARTESIAN_POINT ( 'NONE',  ( -2.000000000000000000, -0.2999999999999999889, 2.169615242270662492 ) ) ;
#436 = PRESENTATION_STYLE_ASSIGNMENT (( #1925 ) ) ;
#437 = ORIENTED_EDGE ( 'NONE', *, *, #249, .F. ) ;
#438 = PRESENTATION_STYLE_ASSIGNMENT (( #1000 ) ) ;
#439 = STYLED_ITEM ( 'NONE', ( #1387 ), #795 ) ;
#440 = ORIENTED_EDGE ( 'NONE', *, *, #1913, .T. ) ;
#441 = DIRECTION ( 'NONE',  ( 0.000000000000000000, -0.2588190451025213501, -0.9659258262890680902 ) ) ;
#442 = DIRECTION ( 'NONE',  ( 0.000000000000000000, -0.000000000000000000, -1.000000000000000000 ) ) ;
#443 = ADVANCED_FACE ( 'NONE', ( #39 ), #1516, .T. ) ;
#444 = ORIENTED_EDGE ( 'NONE', *, *, #1339, .F. ) ;
#445 = CARTESIAN_POINT ( 'NONE',  ( 2.149999999999999911, 0.000000000000000000, 2.325000000000000178 ) ) ;
#446 = CARTESIAN_POINT ( 'NONE',  ( 0.3499999999999999778, -0.2999999999999999889, -2.325000000000002842 ) ) ;
#447 =( NAMED_UNIT ( * ) PLANE_ANGLE_UNIT ( ) SI_UNIT ( $, .RADIAN. ) );
#448 = LINE ( 'NONE', #570, #1299 ) ;
#449 = EDGE_CURVE ( 'NONE', #1192, #1067, #1279, .T. ) ;
#450 = COLOUR_RGB ( '',0.6666666666666666297, 0.6980392156862744724, 0.7686274509803920907 ) ;
#451 = VECTOR ( 'NONE', #34, 1000.000000000000000 ) ;
#452 = EDGE_CURVE ( 'NONE', #2010, #1501, #1841, .T. ) ;
#453 = FACE_OUTER_BOUND ( 'NONE', #466, .T. ) ;
#454 = EDGE_CURVE ( 'NONE', #1112, #1981, #483, .T. ) ;
#455 = LINE ( 'NONE', #129, #1806 ) ;
#456 = UNCERTAINTY_MEASURE_WITH_UNIT (LENGTH_MEASURE( 1.000000000000000082E-05 ), #1822, 'distance_accuracy_value', 'NONE');
#457 = DIRECTION ( 'NONE',  ( 0.000000000000000000, 0.000000000000000000, 1.000000000000000000 ) ) ;
#458 =( NAMED_UNIT ( * ) SI_UNIT ( $, .STERADIAN. ) SOLID_ANGLE_UNIT ( ) );
#459 = SURFACE_STYLE_FILL_AREA ( #1855 ) ;
#460 = MECHANICAL_DESIGN_GEOMETRIC_PRESENTATION_REPRESENTATION (  '', ( #173 ), #58 ) ;
#461 = VECTOR ( 'NONE', #184, 1000.000000000000000 ) ;
#462 = EDGE_LOOP ( 'NONE', ( #351, #855, #2158, #2178 ) ) ;
#463 =( GEOMETRIC_REPRESENTATION_CONTEXT ( 3 ) GLOBAL_UNCERTAINTY_ASSIGNED_CONTEXT ( ( #493 ) ) GLOBAL_UNIT_ASSIGNED_CONTEXT ( ( #959, #1348, #1502 ) ) REPRESENTATION_CONTEXT ( 'NONE', 'WORKASPACE' ) );
#464 =( NAMED_UNIT ( * ) SI_UNIT ( $, .STERADIAN. ) SOLID_ANGLE_UNIT ( ) );
#465 = VERTEX_POINT ( 'NONE', #269 ) ;
#466 = EDGE_LOOP ( 'NONE', ( #719, #1407, #2041, #1133, #1442, #606 ) ) ;
#467 = ORIENTED_EDGE ( 'NONE', *, *, #903, .F. ) ;
#468 = DIRECTION ( 'NONE',  ( -0.000000000000000000, 0.000000000000000000, 1.000000000000000000 ) ) ;
#469 = STYLED_ITEM ( 'NONE', ( #530 ), #2236 ) ;
#470 = DIRECTION ( 'NONE',  ( 0.000000000000000000, 0.000000000000000000, 1.000000000000000000 ) ) ;
#471 =( GEOMETRIC_REPRESENTATION_CONTEXT ( 3 ) GLOBAL_UNCERTAINTY_ASSIGNED_CONTEXT ( ( #1300 ) ) GLOBAL_UNIT_ASSIGNED_CONTEXT ( ( #250, #966, #1528 ) ) REPRESENTATION_CONTEXT ( 'NONE', 'WORKASPACE' ) );
#472 = VECTOR ( 'NONE', #808, 1000.000000000000000 ) ;
#473 = CARTESIAN_POINT ( 'NONE',  ( 1.999999999999999112, 0.000000000000000000, -2.250000000000000444 ) ) ;
#474 = STYLED_ITEM ( 'NONE', ( #1031 ), #1698 ) ;
#475 = VECTOR ( 'NONE', #838, 1000.000000000000114 ) ;
#476 = SURFACE_STYLE_FILL_AREA ( #2285 ) ;
#477 = EDGE_CURVE ( 'NONE', #2154, #1187, #850, .T. ) ;
#478 = CARTESIAN_POINT ( 'NONE',  ( 0.3499999999999999778, -0.3749999745697734088, -2.400000000000003020 ) ) ;
#479 = COLOUR_RGB ( '',0.6666666666666666297, 0.6980392156862744724, 0.7686274509803920907 ) ;
#480 = FACE_OUTER_BOUND ( 'NONE', #1601, .T. ) ;
#481 = VECTOR ( 'NONE', #1749, 1000.000000000000000 ) ;
#482 = CARTESIAN_POINT ( 'NONE',  ( 0.3499999999999999778, -0.3749999745697734088, -2.325000025430229211 ) ) ;
#483 = LINE ( 'NONE', #814, #1152 ) ;
#484 =( NAMED_UNIT ( * ) SI_UNIT ( $, .STERADIAN. ) SOLID_ANGLE_UNIT ( ) );
#485 = SURFACE_SIDE_STYLE ('',( #277 ) ) ;
#486 = ORIENTED_EDGE ( 'NONE', *, *, #1175, .F. ) ;
#487 = ORIENTED_EDGE ( 'NONE', *, *, #1509, .F. ) ;
#488 = EDGE_CURVE ( 'NONE', #1385, #791, #1042, .T. ) ;
#489 = ORIENTED_EDGE ( 'NONE', *, *, #357, .T. ) ;
#490 = CARTESIAN_POINT ( 'NONE',  ( 0.1749999999999999889, -4.800000000000026468, -2.700000000000034373 ) ) ;
#491 = PRESENTATION_STYLE_ASSIGNMENT (( #880 ) ) ;
#492 = PLANE ( 'NONE',  #2232 ) ;
#493 = UNCERTAINTY_MEASURE_WITH_UNIT (LENGTH_MEASURE( 1.000000000000000082E-05 ), #959, 'distance_accuracy_value', 'NONE');
#494 = EDGE_CURVE ( 'NONE', #1288, #884, #595, .T. ) ;
#495 = PRESENTATION_STYLE_ASSIGNMENT (( #140 ) ) ;
#496 = FACE_OUTER_BOUND ( 'NONE', #2213, .T. ) ;
#497 = DIRECTION ( 'NONE',  ( 0.000000000000000000, 0.000000000000000000, -1.000000000000000000 ) ) ;
#498 = CARTESIAN_POINT ( 'NONE',  ( -2.000000000000000888, 0.000000000000000000, -2.250000000000000444 ) ) ;
#499 = FILL_AREA_STYLE_COLOUR ( '', #1455 ) ;
#500 = PRODUCT_RELATED_PRODUCT_CATEGORY ( 'part', '', ( #196 ) ) ;
#501 = CARTESIAN_POINT ( 'NONE',  ( -2.149999999999999467, -0.2999999999999999889, 2.325000000000000178 ) ) ;
#502 = PRESENTATION_STYLE_ASSIGNMENT (( #278 ) ) ;
#503 = DIRECTION ( 'NONE',  ( 1.000000000000000000, 0.000000000000000000, -0.000000000000000000 ) ) ;
#504 = SURFACE_SIDE_STYLE ('',( #2130 ) ) ;
#505 = STYLED_ITEM ( 'NONE', ( #594 ), #1311 ) ;
#506 = SURFACE_STYLE_FILL_AREA ( #794 ) ;
#507 = VECTOR ( 'NONE', #2166, 1000.000000000000000 ) ;
#508 = AXIS2_PLACEMENT_3D ( 'NONE', #826, #274, #442 ) ;
#509 = COLOUR_RGB ( '',0.4980392156862745168, 0.4980392156862745168, 0.4980392156862745168 ) ;
#510 = DIRECTION ( 'NONE',  ( -0.9875803063351155098, 0.1571150487351212488, 0.000000000000000000 ) ) ;
#511 = LINE ( 'NONE', #768, #42 ) ;
#512 =( GEOMETRIC_REPRESENTATION_CONTEXT ( 3 ) GLOBAL_UNCERTAINTY_ASSIGNED_CONTEXT ( ( #780 ) ) GLOBAL_UNIT_ASSIGNED_CONTEXT ( ( #1399, #1912, #859 ) ) REPRESENTATION_CONTEXT ( 'NONE', 'WORKASPACE' ) );
#513 =( NAMED_UNIT ( * ) PLANE_ANGLE_UNIT ( ) SI_UNIT ( $, .RADIAN. ) );
#514 = SURFACE_STYLE_FILL_AREA ( #981 ) ;
#515 = DIRECTION ( 'NONE',  ( -1.000000000000000000, 2.710505431213761085E-16, -0.000000000000000000 ) ) ;
#516 = SURFACE_SIDE_STYLE ('',( #1487 ) ) ;
#517 = ORIENTED_EDGE ( 'NONE', *, *, #135, .F. ) ;
#518 = ORIENTED_EDGE ( 'NONE', *, *, #1175, .T. ) ;
#519 = AXIS2_PLACEMENT_3D ( 'NONE', #551, #370, #2274 ) ;
#520 =( NAMED_UNIT ( * ) PLANE_ANGLE_UNIT ( ) SI_UNIT ( $, .RADIAN. ) );
#521 = ORIENTED_EDGE ( 'NONE', *, *, #2156, .F. ) ;
#522 = AXIS2_PLACEMENT_3D ( 'NONE', #363, #1264, #532 ) ;
#523 = EDGE_CURVE ( 'NONE', #1906, #635, #2208, .T. ) ;
#524 =( NAMED_UNIT ( * ) SI_UNIT ( $, .STERADIAN. ) SOLID_ANGLE_UNIT ( ) );
#525 = UNCERTAINTY_MEASURE_WITH_UNIT (LENGTH_MEASURE( 1.000000000000000082E-05 ), #1394, 'distance_accuracy_value', 'NONE');
#526 = CARTESIAN_POINT ( 'NONE',  ( 0.3499999999999999778, -0.3749999745697734088, -2.700000000000003286 ) ) ;
#527 = PLANE ( 'NONE',  #1577 ) ;
#528 = SURFACE_SIDE_STYLE ('',( #217 ) ) ;
#529 = PLANE ( 'NONE',  #1609 ) ;
#530 = PRESENTATION_STYLE_ASSIGNMENT (( #939 ) ) ;
#531 = SURFACE_STYLE_USAGE ( .BOTH. , #1083 ) ;
#532 = DIRECTION ( 'NONE',  ( 0.000000000000000000, 0.000000000000000000, -1.000000000000000000 ) ) ;
#533 = CIRCLE ( 'NONE', #1580, 0.3749999745697740750 ) ;
#534 = DIRECTION ( 'NONE',  ( -1.000000000000000000, -0.000000000000000000, -0.000000000000000000 ) ) ;
#535 = PRESENTATION_LAYER_ASSIGNMENT (  '', '', ( #2125 ) ) ;
#536 = EDGE_CURVE ( 'NONE', #47, #2295, #2260, .T. ) ;
#537 = CARTESIAN_POINT ( 'NONE',  ( -2.000000000000000888, 0.6999999999999999556, -2.188757935531853160 ) ) ;
#538 = FACE_OUTER_BOUND ( 'NONE', #725, .T. ) ;
#539 =( NAMED_UNIT ( * ) SI_UNIT ( $, .STERADIAN. ) SOLID_ANGLE_UNIT ( ) );
#540 =( GEOMETRIC_REPRESENTATION_CONTEXT ( 3 ) GLOBAL_UNCERTAINTY_ASSIGNED_CONTEXT ( ( #1593 ) ) GLOBAL_UNIT_ASSIGNED_CONTEXT ( ( #542, #701, #1780 ) ) REPRESENTATION_CONTEXT ( 'NONE', 'WORKASPACE' ) );
#541 = COLOUR_RGB ( '',0.4980392156862745168, 0.4980392156862745168, 0.4980392156862745168 ) ;
#542 =( LENGTH_UNIT ( ) NAMED_UNIT ( * ) SI_UNIT ( .MILLI., .METRE. ) );
#543 = VECTOR ( 'NONE', #1708, 1000.000000000000000 ) ;
#544 = SURFACE_STYLE_USAGE ( .BOTH. , #727 ) ;
#545 =( NAMED_UNIT ( * ) SI_UNIT ( $, .STERADIAN. ) SOLID_ANGLE_UNIT ( ) );
#546 = ORIENTED_EDGE ( 'NONE', *, *, #1867, .T. ) ;
#547 = ORIENTED_EDGE ( 'NONE', *, *, #2277, .T. ) ;
#548 = ADVANCED_FACE ( 'NONE', ( #714 ), #1540, .T. ) ;
#549 =( GEOMETRIC_REPRESENTATION_CONTEXT ( 3 ) GLOBAL_UNCERTAINTY_ASSIGNED_CONTEXT ( ( #2104 ) ) GLOBAL_UNIT_ASSIGNED_CONTEXT ( ( #1089, #2128, #2147 ) ) REPRESENTATION_CONTEXT ( 'NONE', 'WORKASPACE' ) );
#550 = CARTESIAN_POINT ( 'NONE',  ( 0.000000000000000000, 0.6999999999999999556, 0.000000000000000000 ) ) ;
#551 = CARTESIAN_POINT ( 'NONE',  ( 0.000000000000000000, -1.099999999999999867, 0.000000000000000000 ) ) ;
#552 = PRESENTATION_LAYER_ASSIGNMENT (  '', '', ( #1252 ) ) ;
#553 = EDGE_LOOP ( 'NONE', ( #521, #957, #1287, #2273 ) ) ;
#554 = STYLED_ITEM ( 'NONE', ( #1277 ), #1146 ) ;
#555 = FILL_AREA_STYLE ('',( #1642 ) ) ;
#556 = VECTOR ( 'NONE', #1334, 1000.000000000000000 ) ;
#557 = DIRECTION ( 'NONE',  ( 0.000000000000000000, 0.000000000000000000, 1.000000000000000000 ) ) ;
#558 = DIRECTION ( 'NONE',  ( -1.000000000000000000, -0.000000000000000000, -0.000000000000000000 ) ) ;
#559 = AXIS2_PLACEMENT_3D ( 'NONE', #2009, #441, #2195 ) ;
#560 = FACE_OUTER_BOUND ( 'NONE', #1376, .T. ) ;
#561 = CARTESIAN_POINT ( 'NONE',  ( 0.3499999999999999778, -0.3749999745697734088, 2.700000000000000622 ) ) ;
#562 = ADVANCED_FACE ( 'NONE', ( #748 ), #624, .F. ) ;
#563 = LINE ( 'NONE', #772, #933 ) ;
#564 = LINE ( 'NONE', #717, #1114 ) ;
#565 = PRESENTATION_STYLE_ASSIGNMENT (( #1333 ) ) ;
#566 = LINE ( 'NONE', #592, #1485 ) ;
#567 = CARTESIAN_POINT ( 'NONE',  ( 0.3499999999999999778, -0.2999999999999999889, -2.325000000000002842 ) ) ;
#568 = EDGE_CURVE ( 'NONE', #811, #2249, #1726, .T. ) ;
#569 = DIRECTION ( 'NONE',  ( -1.000000000000000000, 0.000000000000000000, 9.326470300950573656E-17 ) ) ;
#570 = CARTESIAN_POINT ( 'NONE',  ( -1.500000000000000000, -1.300000000000000044, 1.750000000000000000 ) ) ;
#571 = UNCERTAINTY_MEASURE_WITH_UNIT (LENGTH_MEASURE( 1.000000000000000082E-05 ), #85, 'distance_accuracy_value', 'NONE');
#572 = FACE_OUTER_BOUND ( 'NONE', #354, .T. ) ;
#573 =( LENGTH_UNIT ( ) NAMED_UNIT ( * ) SI_UNIT ( .MILLI., .METRE. ) );
#574 = EDGE_CURVE ( 'NONE', #2048, #1128, #807, .T. ) ;
#575 = LINE ( 'NONE', #214, #1014 ) ;
#576 = ORIENTED_EDGE ( 'NONE', *, *, #494, .F. ) ;
#577 = CARTESIAN_POINT ( 'NONE',  ( -0.7500000000000000000, -0.9000000000000001332, 2.400000000000000355 ) ) ;
#578 = SURFACE_STYLE_USAGE ( .BOTH. , #388 ) ;
#579 = ORIENTED_EDGE ( 'NONE', *, *, #1484, .T. ) ;
#580 = DIRECTION ( 'NONE',  ( 0.000000000000000000, 0.08715574274765836016, -0.9961946980917455452 ) ) ;
#581 = FILL_AREA_STYLE ('',( #1794 ) ) ;
#582 = ORIENTED_EDGE ( 'NONE', *, *, #1464, .F. ) ;
#583 = EDGE_LOOP ( 'NONE', ( #1328, #130, #751, #1727, #1769, #1679, #2275, #1076, #695, #1524 ) ) ;
#584 = CARTESIAN_POINT ( 'NONE',  ( -0.3499999999999999778, -0.3749999745697734088, -2.400000000000003020 ) ) ;
#585 = AXIS2_PLACEMENT_3D ( 'NONE', #1157, #1174, #74 ) ;
#586 = PLANE ( 'NONE',  #1985 ) ;
#587 = VECTOR ( 'NONE', #211, 1000.000000000000000 ) ;
#588 = LINE ( 'NONE', #866, #964 ) ;
#589 = CARTESIAN_POINT ( 'NONE',  ( 2.000000000000000000, 0.000000000000000000, 2.249999999999999556 ) ) ;
#590 = AXIS2_PLACEMENT_3D ( 'NONE', #309, #2283, #503 ) ;
#591 = SURFACE_STYLE_USAGE ( .BOTH. , #2033 ) ;
#592 = CARTESIAN_POINT ( 'NONE',  ( 0.3499999999999999778, -4.799999999999999822, 2.400000000000000355 ) ) ;
#593 = CARTESIAN_POINT ( 'NONE',  ( 0.3499999999999999778, 0.000000000000000000, 2.325000000000000178 ) ) ;
#594 = PRESENTATION_STYLE_ASSIGNMENT (( #544 ) ) ;
#595 = LINE ( 'NONE', #1697, #121 ) ;
#596 = UNCERTAINTY_MEASURE_WITH_UNIT (LENGTH_MEASURE( 1.000000000000000082E-05 ), #144, 'distance_accuracy_value', 'NONE');
#597 = FILL_AREA_STYLE ('',( #2219 ) ) ;
#598 = CARTESIAN_POINT ( 'NONE',  ( -1.500000000000000000, -1.300000000000000044, 1.750000000000000000 ) ) ;
#599 = AXIS2_PLACEMENT_3D ( 'NONE', #693, #510, #2282 ) ;
#600 = EDGE_CURVE ( 'NONE', #2221, #1068, #294, .T. ) ;
#601 = VERTEX_POINT ( 'NONE', #1565 ) ;
#602 = FACE_OUTER_BOUND ( 'NONE', #1746, .T. ) ;
#603 = DIRECTION ( 'NONE',  ( 0.000000000000000000, 0.000000000000000000, -1.000000000000000000 ) ) ;
#604 = STYLED_ITEM ( 'NONE', ( #438 ), #562 ) ;
#605 = VERTEX_POINT ( 'NONE', #1741 ) ;
#606 = ORIENTED_EDGE ( 'NONE', *, *, #1578, .F. ) ;
#607 =( LENGTH_UNIT ( ) NAMED_UNIT ( * ) SI_UNIT ( .MILLI., .METRE. ) );
#608 = DIRECTION ( 'NONE',  ( 1.000000000000000000, 0.000000000000000000, 0.000000000000000000 ) ) ;
#609 = ADVANCED_FACE ( 'NONE', ( #669 ), #132, .F. ) ;
#610 =( NAMED_UNIT ( * ) SI_UNIT ( $, .STERADIAN. ) SOLID_ANGLE_UNIT ( ) );
#611 = SURFACE_SIDE_STYLE ('',( #99 ) ) ;
#612 = ORIENTED_EDGE ( 'NONE', *, *, #1401, .T. ) ;
#613 = EDGE_CURVE ( 'NONE', #1775, #1385, #1029, .T. ) ;
#614 = CARTESIAN_POINT ( 'NONE',  ( -0.3499999999999999778, -0.3749999745697734088, 2.325000025430226547 ) ) ;
#615 = CARTESIAN_POINT ( 'NONE',  ( -1.500000000000000000, -1.099999999999999867, 1.750000000000000000 ) ) ;
#616 = LINE ( 'NONE', #962, #1974 ) ;
#617 = AXIS2_PLACEMENT_3D ( 'NONE', #91, #1188, #1547 ) ;
#618 = VECTOR ( 'NONE', #1750, 1000.000000000000000 ) ;
#619 = PRESENTATION_STYLE_ASSIGNMENT (( #1232 ) ) ;
#620 = LINE ( 'NONE', #998, #1754 ) ;
#621 = CARTESIAN_POINT ( 'NONE',  ( -1.500000000000000000, -1.099999999999999867, 1.750000000000000000 ) ) ;
#622 = SURFACE_STYLE_FILL_AREA ( #1949 ) ;
#623 = SURFACE_SIDE_STYLE ('',( #2257 ) ) ;
#624 = PLANE ( 'NONE',  #637 ) ;
#625 = VECTOR ( 'NONE', #1586, 1000.000000000000000 ) ;
#626 = SURFACE_SIDE_STYLE ('',( #882 ) ) ;
#627 =( NAMED_UNIT ( * ) SI_UNIT ( $, .STERADIAN. ) SOLID_ANGLE_UNIT ( ) );
#628 = FILL_AREA_STYLE_COLOUR ( '', #1276 ) ;
#629 = UNCERTAINTY_MEASURE_WITH_UNIT (LENGTH_MEASURE( 1.000000000000000082E-05 ), #995, 'distance_accuracy_value', 'NONE');
#630 = DIRECTION ( 'NONE',  ( 7.228014483236695816E-17, 0.000000000000000000, -1.000000000000000000 ) ) ;
#631 = SURFACE_SIDE_STYLE ('',( #1446 ) ) ;
#632 = EDGE_LOOP ( 'NONE', ( #1209, #1102, #1493, #49 ) ) ;
#633 = PRESENTATION_LAYER_ASSIGNMENT (  '', '', ( #554 ) ) ;
#634 = CARTESIAN_POINT ( 'NONE',  ( 0.3499999999999999778, -0.3749999745697733533, -2.700000000000003730 ) ) ;
#635 = VERTEX_POINT ( 'NONE', #1583 ) ;
#636 = ORIENTED_EDGE ( 'NONE', *, *, #699, .F. ) ;
#637 = AXIS2_PLACEMENT_3D ( 'NONE', #840, #1413, #1063 ) ;
#638 = CARTESIAN_POINT ( 'NONE',  ( 0.1749999999999999889, -4.800000000000026468, -2.700000000000034373 ) ) ;
#639 = ORIENTED_EDGE ( 'NONE', *, *, #1267, .T. ) ;
#640 = DIRECTION ( 'NONE',  ( -0.000000000000000000, -1.000000000000000000, -0.000000000000000000 ) ) ;
#641 =( NAMED_UNIT ( * ) SI_UNIT ( $, .STERADIAN. ) SOLID_ANGLE_UNIT ( ) );
#642 = AXIS2_PLACEMENT_3D ( 'NONE', #1441, #1613, #895 ) ;
#643 = ORIENTED_EDGE ( 'NONE', *, *, #51, .T. ) ;
#644 = ADVANCED_FACE ( 'NONE', ( #1733 ), #1668, .F. ) ;
#645 = ORIENTED_EDGE ( 'NONE', *, *, #61, .T. ) ;
#646 =( GEOMETRIC_REPRESENTATION_CONTEXT ( 3 ) GLOBAL_UNCERTAINTY_ASSIGNED_CONTEXT ( ( #84 ) ) GLOBAL_UNIT_ASSIGNED_CONTEXT ( ( #1587, #689, #1361 ) ) REPRESENTATION_CONTEXT ( 'NONE', 'WORKASPACE' ) );
#647 = COLOUR_RGB ( '',0.4980392156862745168, 0.4980392156862745168, 0.4980392156862745168 ) ;
#648 = CARTESIAN_POINT ( 'NONE',  ( -2.000000000000000888, 0.000000000000000000, -2.250000000000000444 ) ) ;
#649 = DIRECTION ( 'NONE',  ( -1.000000000000000000, -0.000000000000000000, -0.000000000000000000 ) ) ;
#650 = LINE ( 'NONE', #676, #1058 ) ;
#651 = MECHANICAL_DESIGN_GEOMETRIC_PRESENTATION_REPRESENTATION (  '', ( #118 ), #281 ) ;
#652 = EDGE_CURVE ( 'NONE', #2295, #1503, #1002, .T. ) ;
#653 = DIRECTION ( 'NONE',  ( 0.1571150487351212210, 0.9875803063351153988, 6.968862638507185380E-15 ) ) ;
#654 = DIRECTION ( 'NONE',  ( -1.000000000000000000, -0.000000000000000000, 0.000000000000000000 ) ) ;
#655 = SURFACE_STYLE_FILL_AREA ( #1644 ) ;
#656 = SURFACE_SIDE_STYLE ('',( #1032 ) ) ;
#657 = CARTESIAN_POINT ( 'NONE',  ( -1.651666049839540129, -1.300000000000000044, 3.183537634589477464E-16 ) ) ;
#658 = ADVANCED_FACE ( 'NONE', ( #936 ), #163, .F. ) ;
#659 = SURFACE_SIDE_STYLE ('',( #1489 ) ) ;
#660 = COLOUR_RGB ( '',0.1372549019607843257, 0.2941176470588235392, 0.7490196078431372584 ) ;
#661 = MECHANICAL_DESIGN_GEOMETRIC_PRESENTATION_REPRESENTATION (  '', ( #2125 ), #2200 ) ;
#662 = ORIENTED_EDGE ( 'NONE', *, *, #292, .T. ) ;
#663 = CIRCLE ( 'NONE', #1896, 0.3749999745697740750 ) ;
#664 =( GEOMETRIC_REPRESENTATION_CONTEXT ( 3 ) GLOBAL_UNCERTAINTY_ASSIGNED_CONTEXT ( ( #12 ) ) GLOBAL_UNIT_ASSIGNED_CONTEXT ( ( #573, #11, #22 ) ) REPRESENTATION_CONTEXT ( 'NONE', 'WORKASPACE' ) );
#665 = SURFACE_STYLE_USAGE ( .BOTH. , #1520 ) ;
#666 = VERTEX_POINT ( 'NONE', #1265 ) ;
#667 = FILL_AREA_STYLE_COLOUR ( '', #1831 ) ;
#668 = VERTEX_POINT ( 'NONE', #584 ) ;
#669 = FACE_OUTER_BOUND ( 'NONE', #583, .T. ) ;
#670 = CARTESIAN_POINT ( 'NONE',  ( -1.500000000000000000, -1.300000000000000044, -1.250000000000000000 ) ) ;
#671 = CARTESIAN_POINT ( 'NONE',  ( 0.3499999999999999778, -0.3749999745697734088, -2.325000025430229211 ) ) ;
#672 = ORIENTED_EDGE ( 'NONE', *, *, #1190, .F. ) ;
#673 = FILL_AREA_STYLE_COLOUR ( '', #1448 ) ;
#674 = ORIENTED_EDGE ( 'NONE', *, *, #851, .F. ) ;
#675 = CARTESIAN_POINT ( 'NONE',  ( -0.1749999999999999889, -4.800000000000026468, -2.700000000000034373 ) ) ;
#676 = CARTESIAN_POINT ( 'NONE',  ( 1.499999999999999778, -1.300000000000000044, 1.750000000000000000 ) ) ;
#677 = UNCERTAINTY_MEASURE_WITH_UNIT (LENGTH_MEASURE( 1.000000000000000082E-05 ), #732, 'distance_accuracy_value', 'NONE');
#678 = CIRCLE ( 'NONE', #338, 0.07499997456977564037 ) ;
#679 =( NAMED_UNIT ( * ) SI_UNIT ( $, .STERADIAN. ) SOLID_ANGLE_UNIT ( ) );
#680 = SURFACE_STYLE_USAGE ( .BOTH. , #485 ) ;
#681 = AXIS2_PLACEMENT_3D ( 'NONE', #615, #468, #424 ) ;
#682 = FACE_OUTER_BOUND ( 'NONE', #1557, .T. ) ;
#683 = CARTESIAN_POINT ( 'NONE',  ( -0.3499999999999999778, -0.3749999745697734088, 2.700000000000000622 ) ) ;
#684 = LINE ( 'NONE', #975, #2032 ) ;
#685 = STYLED_ITEM ( 'NONE', ( #1914 ), #737 ) ;
#686 = LINE ( 'NONE', #2087, #625 ) ;
#687 =( GEOMETRIC_REPRESENTATION_CONTEXT ( 3 ) GLOBAL_UNCERTAINTY_ASSIGNED_CONTEXT ( ( #1828 ) ) GLOBAL_UNIT_ASSIGNED_CONTEXT ( ( #2251, #1724, #263 ) ) REPRESENTATION_CONTEXT ( 'NONE', 'WORKASPACE' ) );
#688 = CARTESIAN_POINT ( 'NONE',  ( 1.651666049839539241, -1.300000000000000044, -3.183537634589475492E-16 ) ) ;
#689 =( NAMED_UNIT ( * ) PLANE_ANGLE_UNIT ( ) SI_UNIT ( $, .RADIAN. ) );
#690 = LINE ( 'NONE', #1967, #1979 ) ;
#691 = COLOUR_RGB ( '',0.4980392156862745168, 0.4980392156862745168, 0.4980392156862745168 ) ;
#692 = ORIENTED_EDGE ( 'NONE', *, *, #1159, .F. ) ;
#693 = CARTESIAN_POINT ( 'NONE',  ( 0.1749999999999999889, -4.800000000000026468, -2.700000000000034373 ) ) ;
#694 = ORIENTED_EDGE ( 'NONE', *, *, #1598, .F. ) ;
#695 = ORIENTED_EDGE ( 'NONE', *, *, #243, .F. ) ;
#696 = ORIENTED_EDGE ( 'NONE', *, *, #1196, .T. ) ;
#697 = EDGE_CURVE ( 'NONE', #2045, #1131, #1171, .T. ) ;
#698 = PLANE ( 'NONE',  #2003 ) ;
#699 = EDGE_CURVE ( 'NONE', #952, #206, #563, .T. ) ;
#700 = ORIENTED_EDGE ( 'NONE', *, *, #1663, .F. ) ;
#701 =( NAMED_UNIT ( * ) PLANE_ANGLE_UNIT ( ) SI_UNIT ( $, .RADIAN. ) );
#702 = COLOUR_RGB ( '',0.4980392156862745168, 0.4980392156862745168, 0.4980392156862745168 ) ;
#703 = UNCERTAINTY_MEASURE_WITH_UNIT (LENGTH_MEASURE( 1.000000000000000082E-05 ), #227, 'distance_accuracy_value', 'NONE');
#704 = CARTESIAN_POINT ( 'NONE',  ( -0.3499999999999999778, -0.3749999745697734088, 2.325000025430226547 ) ) ;
#705 = PLANE ( 'NONE',  #2172 ) ;
#706 = FILL_AREA_STYLE_COLOUR ( '', #1618 ) ;
#707 = CARTESIAN_POINT ( 'NONE',  ( 0.3499999999999999778, -3.699999999999952216, 2.400000000000000355 ) ) ;
#708 = SURFACE_STYLE_FILL_AREA ( #2248 ) ;
#709 = FILL_AREA_STYLE ('',( #2108 ) ) ;
#710 = PRESENTATION_STYLE_ASSIGNMENT (( #183 ) ) ;
#711 = PLANE ( 'NONE',  #522 ) ;
#712 = DIRECTION ( 'NONE',  ( -0.000000000000000000, 1.000000000000000000, -0.000000000000000000 ) ) ;
#713 = PRODUCT_DEFINITION_CONTEXT ( 'detailed design', #1767, 'design' ) ;
#714 = FACE_OUTER_BOUND ( 'NONE', #1681, .T. ) ;
#715 = PLANE ( 'NONE',  #771 ) ;
#716 = MECHANICAL_DESIGN_GEOMETRIC_PRESENTATION_REPRESENTATION (  '', ( #1684 ), #226 ) ;
#717 = CARTESIAN_POINT ( 'NONE',  ( -1.717482258673932005, -1.054370564668484667, 1.967482258673931561 ) ) ;
#718 = DIRECTION ( 'NONE',  ( -0.000000000000000000, 1.000000000000000000, -0.000000000000000000 ) ) ;
#719 = ORIENTED_EDGE ( 'NONE', *, *, #1118, .F. ) ;
#720 = LINE ( 'NONE', #170, #1572 ) ;
#721 = ORIENTED_EDGE ( 'NONE', *, *, #574, .F. ) ;
#722 = FILL_AREA_STYLE ('',( #166 ) ) ;
#723 = PRESENTATION_LAYER_ASSIGNMENT (  '', '', ( #469 ) ) ;
#724 = PRESENTATION_LAYER_ASSIGNMENT (  '', '', ( #474 ) ) ;
#725 = EDGE_LOOP ( 'NONE', ( #929, #126, #1319, #645, #2102, #1713 ) ) ;
#726 = PLANE ( 'NONE',  #2291 ) ;
#727 = SURFACE_SIDE_STYLE ('',( #392 ) ) ;
#728 =( NAMED_UNIT ( * ) PLANE_ANGLE_UNIT ( ) SI_UNIT ( $, .RADIAN. ) );
#729 = ORIENTED_EDGE ( 'NONE', *, *, #1223, .F. ) ;
#730 = DIRECTION ( 'NONE',  ( -1.000000000000000000, 0.000000000000000000, -0.000000000000000000 ) ) ;
#731 = SURFACE_STYLE_USAGE ( .BOTH. , #1465 ) ;
#732 =( LENGTH_UNIT ( ) NAMED_UNIT ( * ) SI_UNIT ( .MILLI., .METRE. ) );
#733 = EDGE_CURVE ( 'NONE', #1478, #897, #1482, .T. ) ;
#734 = SURFACE_STYLE_FILL_AREA ( #1923 ) ;
#735 =( NAMED_UNIT ( * ) PLANE_ANGLE_UNIT ( ) SI_UNIT ( $, .RADIAN. ) );
#736 = STYLED_ITEM ( 'NONE', ( #2287 ), #429 ) ;
#737 = ADVANCED_FACE ( 'NONE', ( #2280 ), #32, .F. ) ;
#738 = COLOUR_RGB ( '',0.7921568627450980005, 0.8196078431372548767, 0.9333333333333333481 ) ;
#739 = LINE ( 'NONE', #1532, #1095 ) ;
#740 =( NAMED_UNIT ( * ) PLANE_ANGLE_UNIT ( ) SI_UNIT ( $, .RADIAN. ) );
#741 = MECHANICAL_DESIGN_GEOMETRIC_PRESENTATION_REPRESENTATION (  '', ( #2021 ), #1737 ) ;
#742 = EDGE_CURVE ( 'NONE', #746, #1478, #616, .T. ) ;
#743 = DIRECTION ( 'NONE',  ( 0.000000000000000000, -1.000000000000000000, 0.000000000000000000 ) ) ;
#744 = FILL_AREA_STYLE_COLOUR ( '', #1608 ) ;
#745 = UNCERTAINTY_MEASURE_WITH_UNIT (LENGTH_MEASURE( 1.000000000000000082E-05 ), #1789, 'distance_accuracy_value', 'NONE');
#746 = VERTEX_POINT ( 'NONE', #1675 ) ;
#747 = CLOSED_SHELL ( 'NONE', ( #1886, #1013, #2246, #1146, #236, #548 ) ) ;
#748 = FACE_OUTER_BOUND ( 'NONE', #1850, .T. ) ;
#749 = DIRECTION ( 'NONE',  ( 0.000000000000000000, 0.000000000000000000, 1.000000000000000000 ) ) ;
#750 = PRODUCT_DEFINITION_FORMATION_WITH_SPECIFIED_SOURCE ( 'ANY', '', #196, .NOT_KNOWN. ) ;
#751 = ORIENTED_EDGE ( 'NONE', *, *, #652, .T. ) ;
#752 = DIRECTION ( 'NONE',  ( -0.000000000000000000, -1.000000000000000000, -0.000000000000000000 ) ) ;
#753 = VERTEX_POINT ( 'NONE', #782 ) ;
#754 = DIRECTION ( 'NONE',  ( -0.1571150487351280212, 0.9875803063351143996, 0.000000000000000000 ) ) ;
#755 = ADVANCED_FACE ( 'NONE', ( #453 ), #705, .F. ) ;
#756 = DIRECTION ( 'NONE',  ( -1.000000000000000000, -0.000000000000000000, -0.000000000000000000 ) ) ;
#757 = ORIENTED_EDGE ( 'NONE', *, *, #1518, .T. ) ;
#758 = ORIENTED_EDGE ( 'NONE', *, *, #2037, .T. ) ;
#759 = MECHANICAL_DESIGN_GEOMETRIC_PRESENTATION_REPRESENTATION (  '', ( #554 ), #2187 ) ;
#760 =( NAMED_UNIT ( * ) SI_UNIT ( $, .STERADIAN. ) SOLID_ANGLE_UNIT ( ) );
#761 = ORIENTED_EDGE ( 'NONE', *, *, #1904, .F. ) ;
#762 = AXIS2_PLACEMENT_3D ( 'NONE', #302, #1406, #1747 ) ;
#763 = SURFACE_STYLE_FILL_AREA ( #1405 ) ;
#764 = VECTOR ( 'NONE', #124, 1000.000000000000000 ) ;
#765 =( GEOMETRIC_REPRESENTATION_CONTEXT ( 3 ) GLOBAL_UNCERTAINTY_ASSIGNED_CONTEXT ( ( #1761 ) ) GLOBAL_UNIT_ASSIGNED_CONTEXT ( ( #1893, #2071, #970 ) ) REPRESENTATION_CONTEXT ( 'NONE', 'WORKASPACE' ) );
#766 = ADVANCED_FACE ( 'NONE', ( #1887 ), #2018, .T. ) ;
#767 = PRESENTATION_STYLE_ASSIGNMENT (( #1097 ) ) ;
#768 = CARTESIAN_POINT ( 'NONE',  ( 1.499999999999999778, -1.099999999999999867, 1.750000000000000000 ) ) ;
#769 = VECTOR ( 'NONE', #1940, 1000.000000000000000 ) ;
#770 = MECHANICAL_DESIGN_GEOMETRIC_PRESENTATION_REPRESENTATION (  '', ( #469 ), #837 ) ;
#771 = AXIS2_PLACEMENT_3D ( 'NONE', #2040, #2005, #1545 ) ;
#772 = CARTESIAN_POINT ( 'NONE',  ( 2.149999999999999911, -0.2999999999999999889, -2.325000000000000178 ) ) ;
#773 = LINE ( 'NONE', #203, #1091 ) ;
#774 = FILL_AREA_STYLE_COLOUR ( '', #738 ) ;
#775 = AXIS2_PLACEMENT_3D ( 'NONE', #482, #2056, #470 ) ;
#776 = DIRECTION ( 'NONE',  ( 1.000000000000000000, 0.000000000000000000, -0.000000000000000000 ) ) ;
#777 = SURFACE_SIDE_STYLE ('',( #256 ) ) ;
#778 = DIRECTION ( 'NONE',  ( 0.000000000000000000, -1.000000000000000000, -6.958495259125926175E-15 ) ) ;
#779 = EDGE_CURVE ( 'NONE', #1709, #1138, #533, .T. ) ;
#780 = UNCERTAINTY_MEASURE_WITH_UNIT (LENGTH_MEASURE( 1.000000000000000082E-05 ), #1399, 'distance_accuracy_value', 'NONE');
#781 = ORIENTED_EDGE ( 'NONE', *, *, #15, .F. ) ;
#782 = CARTESIAN_POINT ( 'NONE',  ( -2.149999999999999467, -0.2999999999999999889, 2.325000000000000178 ) ) ;
#783 = ADVANCED_FACE ( 'NONE', ( #1916 ), #978, .T. ) ;
#784 = PRESENTATION_STYLE_ASSIGNMENT (( #1933 ) ) ;
#785 = ORIENTED_EDGE ( 'NONE', *, *, #2184, .T. ) ;
#786 = ORIENTED_EDGE ( 'NONE', *, *, #1595, .T. ) ;
#787 = SURFACE_STYLE_FILL_AREA ( #1034 ) ;
#788 = FILL_AREA_STYLE ('',( #1629 ) ) ;
#789 = CARTESIAN_POINT ( 'NONE',  ( 2.149999999999999911, -0.2999999999999999889, -2.325000000000000178 ) ) ;
#790 = EDGE_CURVE ( 'NONE', #1989, #601, #56, .T. ) ;
#791 = VERTEX_POINT ( 'NONE', #1506 ) ;
#792 =( NAMED_UNIT ( * ) PLANE_ANGLE_UNIT ( ) SI_UNIT ( $, .RADIAN. ) );
#793 = PRESENTATION_LAYER_ASSIGNMENT (  '', '', ( #297 ) ) ;
#794 = FILL_AREA_STYLE ('',( #418 ) ) ;
#795 = ADVANCED_FACE ( 'NONE', ( #1883 ), #239, .F. ) ;
#796 = DIRECTION ( 'NONE',  ( 0.000000000000000000, 0.000000000000000000, 1.000000000000000000 ) ) ;
#797 = COLOUR_RGB ( '',0.4980392156862745168, 0.4980392156862745168, 0.4980392156862745168 ) ;
#798 = VECTOR ( 'NONE', #653, 1000.000000000000000 ) ;
#799 = CYLINDRICAL_SURFACE ( 'NONE', #304, 0.07499997456977564037 ) ;
#800 = CARTESIAN_POINT ( 'NONE',  ( -0.3499999999999999778, -3.699999999999999734, -2.700000000000034373 ) ) ;
#801 = DIRECTION ( 'NONE',  ( 0.000000000000000000, 0.000000000000000000, -1.000000000000000000 ) ) ;
#802 = ADVANCED_FACE ( 'NONE', ( #2194 ), #2059, .T. ) ;
#803 = PRESENTATION_STYLE_ASSIGNMENT (( #967 ) ) ;
#804 =( GEOMETRIC_REPRESENTATION_CONTEXT ( 3 ) GLOBAL_UNCERTAINTY_ASSIGNED_CONTEXT ( ( #1374 ) ) GLOBAL_UNIT_ASSIGNED_CONTEXT ( ( #2080, #1758, #1934 ) ) REPRESENTATION_CONTEXT ( 'NONE', 'WORKASPACE' ) );
#805 = COLOUR_RGB ( '',0.1372549019607843257, 0.2941176470588235392, 0.7490196078431372584 ) ;
#806 = MECHANICAL_DESIGN_GEOMETRIC_PRESENTATION_REPRESENTATION (  '', ( #685 ), #1607 ) ;
#807 = LINE ( 'NONE', #2270, #1525 ) ;
#808 = DIRECTION ( 'NONE',  ( 0.000000000000000000, 0.000000000000000000, -1.000000000000000000 ) ) ;
#809 =( NAMED_UNIT ( * ) SI_UNIT ( $, .STERADIAN. ) SOLID_ANGLE_UNIT ( ) );
#810 = ORIENTED_EDGE ( 'NONE', *, *, #128, .T. ) ;
#811 = VERTEX_POINT ( 'NONE', #1044 ) ;
#812 = ORIENTED_EDGE ( 'NONE', *, *, #1056, .T. ) ;
#813 = ADVANCED_FACE ( 'NONE', ( #272 ), #1862, .T. ) ;
#814 = CARTESIAN_POINT ( 'NONE',  ( -0.7500000000000000000, -0.9000000000000001332, 2.400000000000000355 ) ) ;
#815 = CARTESIAN_POINT ( 'NONE',  ( -2.000000000000000888, 0.000000000000000000, -2.250000000000000444 ) ) ;
#816 = ORIENTED_EDGE ( 'NONE', *, *, #883, .F. ) ;
#817 = EDGE_CURVE ( 'NONE', #987, #1292, #1781, .T. ) ;
#818 = CARTESIAN_POINT ( 'NONE',  ( 0.3499999999999999778, -0.3749999745697734088, -2.325000025430229211 ) ) ;
#819 = COLOUR_RGB ( '',0.4980392156862745168, 0.4980392156862745168, 0.4980392156862745168 ) ;
#820 = CARTESIAN_POINT ( 'NONE',  ( -1.500000000000000000, -1.099999999999999867, 1.750000000000000000 ) ) ;
#821 = ORIENTED_EDGE ( 'NONE', *, *, #1988, .F. ) ;
#822 = CARTESIAN_POINT ( 'NONE',  ( 2.149999999999999911, 0.000000000000000000, -2.325000000000000178 ) ) ;
#823 = LINE ( 'NONE', #1476, #248 ) ;
#824 =( LENGTH_UNIT ( ) NAMED_UNIT ( * ) SI_UNIT ( .MILLI., .METRE. ) );
#825 = DIRECTION ( 'NONE',  ( -0.9659258262890680902, -0.2588190451025213501, 1.861793563239935185E-16 ) ) ;
#826 = CARTESIAN_POINT ( 'NONE',  ( 0.000000000000000000, -1.300000000000000044, 0.000000000000000000 ) ) ;
#827 = LINE ( 'NONE', #2000, #507 ) ;
#828 = MECHANICAL_DESIGN_GEOMETRIC_PRESENTATION_REPRESENTATION (  '', ( #1956 ), #1996 ) ;
#829 = CARTESIAN_POINT ( 'NONE',  ( 1.966075141690698524, 0.3877629048390846545, 2.216075141690697858 ) ) ;
#830 = SURFACE_STYLE_USAGE ( .BOTH. , #1556 ) ;
#831 = EDGE_LOOP ( 'NONE', ( #152, #1349, #1987, #2163 ) ) ;
#832 = VERTEX_POINT ( 'NONE', #1203 ) ;
#833 = SURFACE_SIDE_STYLE ('',( #2141 ) ) ;
#834 = STYLED_ITEM ( 'NONE', ( #940 ), #947 ) ;
#835 = CARTESIAN_POINT ( 'NONE',  ( 0.3499999999999999778, -4.799999999999999822, -2.700000000000033928 ) ) ;
#836 = EDGE_LOOP ( 'NONE', ( #1983, #2266, #923, #887, #2050, #1963, #1105, #1320 ) ) ;
#837 =( GEOMETRIC_REPRESENTATION_CONTEXT ( 3 ) GLOBAL_UNCERTAINTY_ASSIGNED_CONTEXT ( ( #1687 ) ) GLOBAL_UNIT_ASSIGNED_CONTEXT ( ( #396, #1672, #1142 ) ) REPRESENTATION_CONTEXT ( 'NONE', 'WORKASPACE' ) );
#838 = DIRECTION ( 'NONE',  ( 0.08682659386424780579, -0.9924325091389669673, 0.08682659386424779191 ) ) ;
#839 = PRESENTATION_STYLE_ASSIGNMENT (( #112 ) ) ;
#840 = CARTESIAN_POINT ( 'NONE',  ( -1.500000000000000000, -1.099999999999999867, 1.750000000000000000 ) ) ;
#841 = ADVANCED_FACE ( 'NONE', ( #1423 ), #1023, .T. ) ;
#842 = COLOUR_RGB ( '',0.4980392156862745168, 0.4980392156862745168, 0.4980392156862745168 ) ;
#843 = MECHANICAL_DESIGN_GEOMETRIC_PRESENTATION_REPRESENTATION (  '', ( #474 ), #972 ) ;
#844 = DIRECTION ( 'NONE',  ( -0.000000000000000000, -0.000000000000000000, 1.000000000000000000 ) ) ;
#845 = SURFACE_STYLE_USAGE ( .BOTH. , #155 ) ;
#846 = UNCERTAINTY_MEASURE_WITH_UNIT (LENGTH_MEASURE( 1.000000000000000082E-05 ), #1950, 'distance_accuracy_value', 'NONE');
#847 = VECTOR ( 'NONE', #640, 1000.000000000000000 ) ;
#848 = VECTOR ( 'NONE', #1335, 1000.000000000000000 ) ;
#849 = DIRECTION ( 'NONE',  ( -7.228014483236695816E-17, -0.000000000000000000, 1.000000000000000000 ) ) ;
#850 = LINE ( 'NONE', #621, #1624 ) ;
#851 = EDGE_CURVE ( 'NONE', #2245, #1530, #874, .T. ) ;
#852 = CARTESIAN_POINT ( 'NONE',  ( -2.000000000000000888, 0.000000000000000000, -2.250000000000000444 ) ) ;
#853 = SURFACE_SIDE_STYLE ('',( #2197 ) ) ;
#854 = STYLED_ITEM ( 'NONE', ( #436 ), #246 ) ;
#855 = ORIENTED_EDGE ( 'NONE', *, *, #2277, .F. ) ;
#856 = ORIENTED_EDGE ( 'NONE', *, *, #1481, .F. ) ;
#857 = CARTESIAN_POINT ( 'NONE',  ( -1.500000000000000000, -1.300000000000000044, 1.750000000000000000 ) ) ;
#858 = DIRECTION ( 'NONE',  ( 0.000000000000000000, 1.000000000000000000, 0.000000000000000000 ) ) ;
#859 =( NAMED_UNIT ( * ) SI_UNIT ( $, .STERADIAN. ) SOLID_ANGLE_UNIT ( ) );
#860 = EDGE_CURVE ( 'NONE', #1068, #1775, #1148, .T. ) ;
#861 = CARTESIAN_POINT ( 'NONE',  ( -2.149999999999999911, -0.2999999999999999889, -2.325000000000000178 ) ) ;
#862 = ORIENTED_EDGE ( 'NONE', *, *, #283, .T. ) ;
#863 = CARTESIAN_POINT ( 'NONE',  ( 0.000000000000000000, -1.300000000000000044, 1.901666049839539019 ) ) ;
#864 = ORIENTED_EDGE ( 'NONE', *, *, #1590, .F. ) ;
#865 = DIRECTION ( 'NONE',  ( -1.927470528863119542E-16, 0.000000000000000000, -1.000000000000000000 ) ) ;
#866 = CARTESIAN_POINT ( 'NONE',  ( 0.3499999999999999778, -4.799999999999999822, -2.400000000000034106 ) ) ;
#867 = PRODUCT_RELATED_PRODUCT_CATEGORY ( 'part', '', ( #1227 ) ) ;
#868 = DIRECTION ( 'NONE',  ( 0.000000000000000000, 0.000000000000000000, -1.000000000000000000 ) ) ;
#869 = STYLED_ITEM ( 'NONE', ( #879 ), #443 ) ;
#870 = LINE ( 'NONE', #593, #420 ) ;
#871 = SURFACE_STYLE_FILL_AREA ( #13 ) ;
#872 = DIRECTION ( 'NONE',  ( 0.000000000000000000, -0.000000000000000000, -1.000000000000000000 ) ) ;
#873 = UNCERTAINTY_MEASURE_WITH_UNIT (LENGTH_MEASURE( 1.000000000000000082E-05 ), #1386, 'distance_accuracy_value', 'NONE');
#874 = LINE ( 'NONE', #1924, #221 ) ;
#875 = FILL_AREA_STYLE ('',( #1397 ) ) ;
#876 = MECHANICAL_DESIGN_GEOMETRIC_PRESENTATION_REPRESENTATION (  '', ( #1368 ), #1938 ) ;
#877 = FILL_AREA_STYLE ('',( #1745 ) ) ;
#878 = DIRECTION ( 'NONE',  ( 1.000000000000000000, 0.000000000000000000, -0.000000000000000000 ) ) ;
#879 = PRESENTATION_STYLE_ASSIGNMENT (( #2014 ) ) ;
#880 = SURFACE_STYLE_USAGE ( .BOTH. , #6 ) ;
#881 = STYLED_ITEM ( 'NONE', ( #1882 ), #2218 ) ;
#882 = SURFACE_STYLE_FILL_AREA ( #788 ) ;
#883 = EDGE_CURVE ( 'NONE', #635, #1793, #2057, .T. ) ;
#884 = VERTEX_POINT ( 'NONE', #2278 ) ;
#885 = LINE ( 'NONE', #3, #1047 ) ;
#886 = SURFACE_STYLE_USAGE ( .BOTH. , #1719 ) ;
#887 = ORIENTED_EDGE ( 'NONE', *, *, #1921, .T. ) ;
#888 = EDGE_LOOP ( 'NONE', ( #1262, #977, #1054, #1104 ) ) ;
#889 = AXIS2_PLACEMENT_3D ( 'NONE', #1233, #2271, #909 ) ;
#890 = CARTESIAN_POINT ( 'NONE',  ( 0.3499999999999999778, -0.3749999745697734088, 2.325000025430226547 ) ) ;
#891 = DIRECTION ( 'NONE',  ( -1.000000000000000000, -0.000000000000000000, -0.000000000000000000 ) ) ;
#892 = CARTESIAN_POINT ( 'NONE',  ( -0.3499999999999999778, -0.3749999745697733533, -2.700000000000003730 ) ) ;
#893 = DIRECTION ( 'NONE',  ( 0.000000000000000000, -1.000000000000000000, -9.800697548064683973E-17 ) ) ;
#894 = EDGE_CURVE ( 'NONE', #80, #1813, #165, .T. ) ;
#895 = DIRECTION ( 'NONE',  ( -1.000000000000000000, 0.000000000000000000, -0.000000000000000000 ) ) ;
#896 = ORIENTED_EDGE ( 'NONE', *, *, #93, .T. ) ;
#897 = VERTEX_POINT ( 'NONE', #1412 ) ;
#898 = DIRECTION ( 'NONE',  ( 1.000000000000000000, 0.000000000000000000, 0.000000000000000000 ) ) ;
#899 = SURFACE_STYLE_FILL_AREA ( #198 ) ;
#900 = SURFACE_SIDE_STYLE ('',( #622 ) ) ;
#901 = CARTESIAN_POINT ( 'NONE',  ( -0.1749999999999999889, -4.800000000000026468, -2.700000000000034373 ) ) ;
#902 = LINE ( 'NONE', #498, #60 ) ;
#903 = EDGE_CURVE ( 'NONE', #1478, #753, #997, .T. ) ;
#904 = SURFACE_SIDE_STYLE ('',( #286 ) ) ;
#905 = STYLED_ITEM ( 'NONE', ( #803 ), #400 ) ;
#906 = COLOUR_RGB ( '',0.6666666666666666297, 0.6980392156862744724, 0.7686274509803920907 ) ;
#907 = CARTESIAN_POINT ( 'NONE',  ( -0.3499999999999999778, -0.3749999745697734088, -2.400000000000003020 ) ) ;
#908 = DIRECTION ( 'NONE',  ( 0.000000000000000000, -0.000000000000000000, 1.000000000000000000 ) ) ;
#909 = DIRECTION ( 'NONE',  ( 0.000000000000000000, 0.000000000000000000, 1.000000000000000000 ) ) ;
#910 = LINE ( 'NONE', #2015, #971 ) ;
#911 = SURFACE_STYLE_FILL_AREA ( #1491 ) ;
#912 = FACE_OUTER_BOUND ( 'NONE', #322, .T. ) ;
#913 = VECTOR ( 'NONE', #1563, 1000.000000000000000 ) ;
#914 = FILL_AREA_STYLE_COLOUR ( '', #412 ) ;
#915 = AXIS2_PLACEMENT_3D ( 'NONE', #550, #365, #1937 ) ;
#916 =( NAMED_UNIT ( * ) PLANE_ANGLE_UNIT ( ) SI_UNIT ( $, .RADIAN. ) );
#917 = ORIENTED_EDGE ( 'NONE', *, *, #1998, .F. ) ;
#918 = DIRECTION ( 'NONE',  ( 0.000000000000000000, 1.000000000000000000, 0.000000000000000000 ) ) ;
#919 = ORIENTED_EDGE ( 'NONE', *, *, #1430, .F. ) ;
#920 = DIRECTION ( 'NONE',  ( -0.000000000000000000, -1.000000000000000000, -0.000000000000000000 ) ) ;
#921 = UNCERTAINTY_MEASURE_WITH_UNIT (LENGTH_MEASURE( 1.000000000000000082E-05 ), #1081, 'distance_accuracy_value', 'NONE');
#922 =( NAMED_UNIT ( * ) PLANE_ANGLE_UNIT ( ) SI_UNIT ( $, .RADIAN. ) );
#923 = ORIENTED_EDGE ( 'NONE', *, *, #1705, .T. ) ;
#924 = MECHANICAL_DESIGN_GEOMETRIC_PRESENTATION_REPRESENTATION (  '', ( #505 ), #1059 ) ;
#925 = ORIENTED_EDGE ( 'NONE', *, *, #733, .T. ) ;
#926 = CARTESIAN_POINT ( 'NONE',  ( -1.500000000000000000, -1.099999999999999867, -1.250000000000000000 ) ) ;
#927 = DIRECTION ( 'NONE',  ( 0.000000000000000000, -1.000000000000000000, 0.000000000000000000 ) ) ;
#928 = STYLED_ITEM ( 'NONE', ( #1212 ), #609 ) ;
#929 = ORIENTED_EDGE ( 'NONE', *, *, #1800, .F. ) ;
#930 = SURFACE_STYLE_USAGE ( .BOTH. , #190 ) ;
#931 = SURFACE_STYLE_FILL_AREA ( #2143 ) ;
#932 = ADVANCED_FACE ( 'NONE', ( #496 ), #1898, .T. ) ;
#933 = VECTOR ( 'NONE', #1782, 1000.000000000000000 ) ;
#934 = PLANE ( 'NONE',  #1884 ) ;
#935 = DIRECTION ( 'NONE',  ( -1.000000000000000000, -0.000000000000000000, -0.000000000000000000 ) ) ;
#936 = FACE_OUTER_BOUND ( 'NONE', #1722, .T. ) ;
#937 =( GEOMETRIC_REPRESENTATION_CONTEXT ( 3 ) GLOBAL_UNCERTAINTY_ASSIGNED_CONTEXT ( ( #40 ) ) GLOBAL_UNIT_ASSIGNED_CONTEXT ( ( #1061, #735, #2153 ) ) REPRESENTATION_CONTEXT ( 'NONE', 'WORKASPACE' ) );
#938 = FILL_AREA_STYLE_COLOUR ( '', #284 ) ;
#939 = SURFACE_STYLE_USAGE ( .BOTH. , #1321 ) ;
#940 = PRESENTATION_STYLE_ASSIGNMENT (( #531 ) ) ;
#941 = FILL_AREA_STYLE_COLOUR ( '', #1649 ) ;
#942 = DIRECTION ( 'NONE',  ( -7.228014483236695816E-17, -0.000000000000000000, 1.000000000000000000 ) ) ;
#943 = EDGE_CURVE ( 'NONE', #1068, #791, #564, .T. ) ;
#944 = FACE_OUTER_BOUND ( 'NONE', #2162, .T. ) ;
#945 = COLOUR_RGB ( '',0.4980392156862745168, 0.4980392156862745168, 0.4980392156862745168 ) ;
#946 = DIRECTION ( 'NONE',  ( -1.000000000000000000, -0.000000000000000000, -0.000000000000000000 ) ) ;
#947 = ADVANCED_FACE ( 'NONE', ( #2034 ), #799, .F. ) ;
#948 = SURFACE_STYLE_FILL_AREA ( #581 ) ;
#949 = ORIENTED_EDGE ( 'NONE', *, *, #1598, .T. ) ;
#950 = LINE ( 'NONE', #1246, #1815 ) ;
#951 = DIRECTION ( 'NONE',  ( 0.000000000000000000, 0.000000000000000000, -1.000000000000000000 ) ) ;
#952 = VERTEX_POINT ( 'NONE', #347 ) ;
#953 = DIRECTION ( 'NONE',  ( -1.000000000000000000, -0.000000000000000000, -0.000000000000000000 ) ) ;
#954 = CARTESIAN_POINT ( 'NONE',  ( -0.3499999999999999778, -0.2999999999999999889, 2.325000000000000178 ) ) ;
#955 = UNCERTAINTY_MEASURE_WITH_UNIT (LENGTH_MEASURE( 1.000000000000000082E-05 ), #607, 'distance_accuracy_value', 'NONE');
#956 = CARTESIAN_POINT ( 'NONE',  ( -1.500000000000000000, -1.099999999999999867, 1.750000000000000000 ) ) ;
#957 = ORIENTED_EDGE ( 'NONE', *, *, #994, .F. ) ;
#958 = STYLED_ITEM ( 'NONE', ( #1612 ), #1819 ) ;
#959 =( LENGTH_UNIT ( ) NAMED_UNIT ( * ) SI_UNIT ( .MILLI., .METRE. ) );
#960 =( NAMED_UNIT ( * ) PLANE_ANGLE_UNIT ( ) SI_UNIT ( $, .RADIAN. ) );
#961 = ORIENTED_EDGE ( 'NONE', *, *, #1538, .T. ) ;
#962 = CARTESIAN_POINT ( 'NONE',  ( -2.149999999999999911, -0.2999999999999999889, -2.325000000000000178 ) ) ;
#963 = APPLICATION_PROTOCOL_DEFINITION ( 'draft international standard', 'automotive_design', 1998, #1507 ) ;
#964 = VECTOR ( 'NONE', #2265, 1000.000000000000000 ) ;
#965 = STYLED_ITEM ( 'NONE', ( #491 ), #1001 ) ;
#966 =( NAMED_UNIT ( * ) PLANE_ANGLE_UNIT ( ) SI_UNIT ( $, .RADIAN. ) );
#967 = SURFACE_STYLE_USAGE ( .BOTH. , #611 ) ;
#968 = CARTESIAN_POINT ( 'NONE',  ( 2.149999999999999911, -0.2999999999999999889, -2.325000000000000178 ) ) ;
#969 = VECTOR ( 'NONE', #1771, 1000.000000000000000 ) ;
#970 =( NAMED_UNIT ( * ) SI_UNIT ( $, .STERADIAN. ) SOLID_ANGLE_UNIT ( ) );
#971 = VECTOR ( 'NONE', #1517, 1000.000000000000000 ) ;
#972 =( GEOMETRIC_REPRESENTATION_CONTEXT ( 3 ) GLOBAL_UNCERTAINTY_ASSIGNED_CONTEXT ( ( #1802 ) ) GLOBAL_UNIT_ASSIGNED_CONTEXT ( ( #352, #1103, #539 ) ) REPRESENTATION_CONTEXT ( 'NONE', 'WORKASPACE' ) );
#973 = COLOUR_RGB ( '',0.1372549019607843257, 0.2941176470588235392, 0.7490196078431372584 ) ;
#974 = FILL_AREA_STYLE_COLOUR ( '', #1492 ) ;
#975 = CARTESIAN_POINT ( 'NONE',  ( 1.969844570391731331, 0.3446781376347418657, -2.219844570391732219 ) ) ;
#976 = CARTESIAN_POINT ( 'NONE',  ( -0.7500000000000000000, -0.9000000000000001332, 2.700000000000000622 ) ) ;
#977 = ORIENTED_EDGE ( 'NONE', *, *, #860, .F. ) ;
#978 = PLANE ( 'NONE',  #559 ) ;
#979 =( NAMED_UNIT ( * ) SI_UNIT ( $, .STERADIAN. ) SOLID_ANGLE_UNIT ( ) );
#980 = ADVANCED_FACE ( 'NONE', ( #1888 ), #1622, .F. ) ;
#981 = FILL_AREA_STYLE ('',( #974 ) ) ;
#982 = SURFACE_STYLE_FILL_AREA ( #722 ) ;
#983 = FILL_AREA_STYLE_COLOUR ( '', #509 ) ;
#984 =( NAMED_UNIT ( * ) SI_UNIT ( $, .STERADIAN. ) SOLID_ANGLE_UNIT ( ) );
#985 = EDGE_CURVE ( 'NONE', #2011, #1778, #193, .T. ) ;
#986 = DIRECTION ( 'NONE',  ( 0.000000000000000000, 1.000000000000000000, 0.000000000000000000 ) ) ;
#987 = VERTEX_POINT ( 'NONE', #1109 ) ;
#988 = FILL_AREA_STYLE ('',( #62 ) ) ;
#990 = FILL_AREA_STYLE ('',( #1024 ) ) ;
#989 = PLANE ( 'NONE',  #681 ) ;
#991 =( GEOMETRIC_REPRESENTATION_CONTEXT ( 3 ) GLOBAL_UNCERTAINTY_ASSIGNED_CONTEXT ( ( #629 ) ) GLOBAL_UNIT_ASSIGNED_CONTEXT ( ( #995, #2022, #66 ) ) REPRESENTATION_CONTEXT ( 'NONE', 'WORKASPACE' ) );
#992 = ORIENTED_EDGE ( 'NONE', *, *, #1578, .T. ) ;
#993 = SURFACE_STYLE_FILL_AREA ( #597 ) ;
#994 = EDGE_CURVE ( 'NONE', #1187, #1234, #1849, .T. ) ;
#995 =( LENGTH_UNIT ( ) NAMED_UNIT ( * ) SI_UNIT ( .MILLI., .METRE. ) );
#996 = SURFACE_STYLE_FILL_AREA ( #1410 ) ;
#997 = LINE ( 'NONE', #1396, #2079 ) ;
#998 = CARTESIAN_POINT ( 'NONE',  ( -2.149999999999999911, 0.000000000000000000, -2.325000000000000178 ) ) ;
#999 = CARTESIAN_POINT ( 'NONE',  ( -2.000000000000000888, -0.2999999999999999889, -2.169615242270663380 ) ) ;
#1000 = SURFACE_STYLE_USAGE ( .BOTH. , #1859 ) ;
#1001 = ADVANCED_FACE ( 'NONE', ( #1585 ), #189, .T. ) ;
#1002 = LINE ( 'NONE', #1439, #1419 ) ;
#1003 = VECTOR ( 'NONE', #409, 1000.000000000000000 ) ;
#1004 = UNCERTAINTY_MEASURE_WITH_UNIT (LENGTH_MEASURE( 1.000000000000000082E-05 ), #1183, 'distance_accuracy_value', 'NONE');
#1005 = PRODUCT_DEFINITION_FORMATION_WITH_SPECIFIED_SOURCE ( 'ANY', '', #1227, .NOT_KNOWN. ) ;
#1006 =( GEOMETRIC_REPRESENTATION_CONTEXT ( 3 ) GLOBAL_UNCERTAINTY_ASSIGNED_CONTEXT ( ( #955 ) ) GLOBAL_UNIT_ASSIGNED_CONTEXT ( ( #607, #432, #253 ) ) REPRESENTATION_CONTEXT ( 'NONE', 'WORKASPACE' ) );
#1007 = CARTESIAN_POINT ( 'NONE',  ( 0.3499999999999999778, -0.3749999745697733533, -2.700000000000003730 ) ) ;
#1008 = LINE ( 'NONE', #815, #97 ) ;
#1009 = DIRECTION ( 'NONE',  ( -0.000000000000000000, -0.000000000000000000, -1.000000000000000000 ) ) ;
#1010 = LINE ( 'NONE', #98, #1121 ) ;
#1011 = FILL_AREA_STYLE_COLOUR ( '', #1692 ) ;
#1012 = CARTESIAN_POINT ( 'NONE',  ( 0.3499999999999999778, -4.799999999999999822, 2.700000000000000178 ) ) ;
#1013 = ADVANCED_FACE ( 'NONE', ( #1513 ), #1268, .T. ) ;
#1014 = VECTOR ( 'NONE', #1990, 1000.000000000000000 ) ;
#1015 = PRESENTATION_LAYER_ASSIGNMENT (  '', '', ( #604 ) ) ;
#1016 = VECTOR ( 'NONE', #1330, 1000.000000000000000 ) ;
#1017 = PLANE ( 'NONE',  #28 ) ;
#1018 = SURFACE_SIDE_STYLE ('',( #379 ) ) ;
#1019 = ORIENTED_EDGE ( 'NONE', *, *, #1527, .F. ) ;
#1020 = AXIS2_PLACEMENT_3D ( 'NONE', #648, #825, #2053 ) ;
#1021 = ORIENTED_EDGE ( 'NONE', *, *, #574, .T. ) ;
#1022 =( GEOMETRIC_REPRESENTATION_CONTEXT ( 3 ) GLOBAL_UNCERTAINTY_ASSIGNED_CONTEXT ( ( #2069 ) ) GLOBAL_UNIT_ASSIGNED_CONTEXT ( ( #242, #1693, #610 ) ) REPRESENTATION_CONTEXT ( 'NONE', 'WORKASPACE' ) );
#1023 = PLANE ( 'NONE',  #590 ) ;
#1024 = FILL_AREA_STYLE_COLOUR ( '', #1652 ) ;
#1025 = ADVANCED_FACE ( 'NONE', ( #944 ), #529, .F. ) ;
#1026 =( GEOMETRIC_REPRESENTATION_CONTEXT ( 3 ) GLOBAL_UNCERTAINTY_ASSIGNED_CONTEXT ( ( #245 ) ) GLOBAL_UNIT_ASSIGNED_CONTEXT ( ( #345, #1229, #325 ) ) REPRESENTATION_CONTEXT ( 'NONE', 'WORKASPACE' ) );
#1027 = FACE_OUTER_BOUND ( 'NONE', #178, .T. ) ;
#1028 = COLOUR_RGB ( '',0.6666666666666666297, 0.6980392156862744724, 0.7686274509803920907 ) ;
#1029 = LINE ( 'NONE', #1210, #1332 ) ;
#1030 = CARTESIAN_POINT ( 'NONE',  ( -0.3500000000000000333, -1.100000000000000089, 2.400000000000000355 ) ) ;
#1031 = PRESENTATION_STYLE_ASSIGNMENT (( #1072 ) ) ;
#1032 = SURFACE_STYLE_FILL_AREA ( #1564 ) ;
#1033 = CARTESIAN_POINT ( 'NONE',  ( -0.7500000000000000000, -0.9000000000000001332, 2.700000000000000622 ) ) ;
#1034 = FILL_AREA_STYLE ('',( #2077 ) ) ;
#1035 = LINE ( 'NONE', #333, #1736 ) ;
#1036 = FILL_AREA_STYLE ('',( #2064 ) ) ;
#1037 = UNCERTAINTY_MEASURE_WITH_UNIT (LENGTH_MEASURE( 1.000000000000000082E-05 ), #2220, 'distance_accuracy_value', 'NONE');
#1038 = DIRECTION ( 'NONE',  ( 1.000000000000000000, 0.000000000000000000, 0.000000000000000000 ) ) ;
#1039 = EDGE_CURVE ( 'NONE', #1411, #1503, #1247, .T. ) ;
#1040 = LINE ( 'NONE', #688, #143 ) ;
#1041 = CARTESIAN_POINT ( 'NONE',  ( -0.8486398024345025437, -0.5656926704116214122, -2.400000000000003908 ) ) ;
#1042 = LINE ( 'NONE', #435, #913 ) ;
#1043 = CARTESIAN_POINT ( 'NONE',  ( 1.499999999999999778, -1.099999999999999867, 1.750000000000000000 ) ) ;
#1044 = CARTESIAN_POINT ( 'NONE',  ( 2.149999999999999911, -0.2999999999999999889, 2.325000000000000178 ) ) ;
#1045 = DIRECTION ( 'NONE',  ( 0.2505628070857321421, 0.9351131265310290708, 0.2505628070857320866 ) ) ;
#1046 = ORIENTED_EDGE ( 'NONE', *, *, #851, .T. ) ;
#1047 = VECTOR ( 'NONE', #891, 1000.000000000000000 ) ;
#1048 = ORIENTED_EDGE ( 'NONE', *, *, #742, .F. ) ;
#1049 = ORIENTED_EDGE ( 'NONE', *, *, #357, .F. ) ;
#1050 = DIRECTION ( 'NONE',  ( 0.1571150487351212210, 0.9875803063351153988, 9.678975886815536208E-17 ) ) ;
#1051 = PRESENTATION_LAYER_ASSIGNMENT (  '', '', ( #1094 ) ) ;
#1052 = DIRECTION ( 'NONE',  ( -0.2505628070857321421, 0.9351131265310290708, -0.2505628070857320866 ) ) ;
#1053 = ORIENTED_EDGE ( 'NONE', *, *, #790, .F. ) ;
#1054 = ORIENTED_EDGE ( 'NONE', *, *, #600, .F. ) ;
#1055 = ORIENTED_EDGE ( 'NONE', *, *, #2073, .T. ) ;
#1056 = EDGE_CURVE ( 'NONE', #601, #1385, #1308, .T. ) ;
#1057 = CARTESIAN_POINT ( 'NONE',  ( -2.000000000000000000, 0.000000000000000000, 2.249999999999999556 ) ) ;
#1058 = VECTOR ( 'NONE', #849, 1000.000000000000000 ) ;
#1059 =( GEOMETRIC_REPRESENTATION_CONTEXT ( 3 ) GLOBAL_UNCERTAINTY_ASSIGNED_CONTEXT ( ( #1712 ) ) GLOBAL_UNIT_ASSIGNED_CONTEXT ( ( #2300, #1447, #2293 ) ) REPRESENTATION_CONTEXT ( 'NONE', 'WORKASPACE' ) );
#1060 = VECTOR ( 'NONE', #893, 1000.000000000000000 ) ;
#1061 =( LENGTH_UNIT ( ) NAMED_UNIT ( * ) SI_UNIT ( .MILLI., .METRE. ) );
#1062 = PRESENTATION_LAYER_ASSIGNMENT (  '', '', ( #1368 ) ) ;
#1063 = DIRECTION ( 'NONE',  ( 1.000000000000000000, 0.000000000000000000, -0.000000000000000000 ) ) ;
#1064 = CARTESIAN_POINT ( 'NONE',  ( -2.000000000000000888, 0.000000000000000000, -2.250000000000000444 ) ) ;
#1065 = VERTEX_POINT ( 'NONE', #2173 ) ;
#1066 = CARTESIAN_POINT ( 'NONE',  ( 0.3499999999999999778, -0.3749999745697734088, 2.325000025430226547 ) ) ;
#1067 = VERTEX_POINT ( 'NONE', #1676 ) ;
#1068 = VERTEX_POINT ( 'NONE', #53 ) ;
#1069 = EDGE_CURVE ( 'NONE', #434, #2045, #1673, .T. ) ;
#1070 = VERTEX_POINT ( 'NONE', #589 ) ;
#1071 = STYLED_ITEM ( 'NONE', ( #839 ), #802 ) ;
#1072 = SURFACE_STYLE_USAGE ( .BOTH. , #2112 ) ;
#1073 = ORIENTED_EDGE ( 'NONE', *, *, #235, .T. ) ;
#1074 = CARTESIAN_POINT ( 'NONE',  ( -0.1749999999999999889, -4.800000000000026468, -2.700000000000034373 ) ) ;
#1075 = CARTESIAN_POINT ( 'NONE',  ( 2.149999999999999911, 0.000000000000000000, -2.325000000000000178 ) ) ;
#1076 = ORIENTED_EDGE ( 'NONE', *, *, #1228, .F. ) ;
#1077 = CARTESIAN_POINT ( 'NONE',  ( -1.500000000000000000, -1.099999999999999867, 1.750000000000000000 ) ) ;
#1078 = PLANE ( 'NONE',  #1647 ) ;
#1079 = ORIENTED_EDGE ( 'NONE', *, *, #1663, .T. ) ;
#1080 = FACE_OUTER_BOUND ( 'NONE', #1816, .T. ) ;
#1081 =( LENGTH_UNIT ( ) NAMED_UNIT ( * ) SI_UNIT ( .MILLI., .METRE. ) );
#1082 = PRESENTATION_LAYER_ASSIGNMENT (  '', '', ( #905 ) ) ;
#1083 = SURFACE_SIDE_STYLE ('',( #308 ) ) ;
#1084 = DIRECTION ( 'NONE',  ( -1.000000000000000000, 0.000000000000000000, 0.000000000000000000 ) ) ;
#1085 = CARTESIAN_POINT ( 'NONE',  ( 1.499999999999999778, -1.300000000000000044, 1.750000000000000000 ) ) ;
#1086 = FACE_OUTER_BOUND ( 'NONE', #888, .T. ) ;
#1087 = COLOUR_RGB ( '',0.4980392156862745168, 0.4980392156862745168, 0.4980392156862745168 ) ;
#1088 = SURFACE_SIDE_STYLE ('',( #655 ) ) ;
#1089 =( LENGTH_UNIT ( ) NAMED_UNIT ( * ) SI_UNIT ( .MILLI., .METRE. ) );
#1090 = SURFACE_STYLE_FILL_AREA ( #295 ) ;
#1091 = VECTOR ( 'NONE', #377, 1000.000000000000000 ) ;
#1092 = VECTOR ( 'NONE', #2217, 1000.000000000000114 ) ;
#1093 =( NAMED_UNIT ( * ) SI_UNIT ( $, .STERADIAN. ) SOLID_ANGLE_UNIT ( ) );
#1094 = STYLED_ITEM ( 'NONE', ( #710 ), #1013 ) ;
#1095 = VECTOR ( 'NONE', #844, 1000.000000000000000 ) ;
#1096 = CARTESIAN_POINT ( 'NONE',  ( -0.1749999999999999889, -4.800000000000026468, -2.700000000000034373 ) ) ;
#1097 = SURFACE_STYLE_USAGE ( .BOTH. , #900 ) ;
#1098 = SURFACE_STYLE_USAGE ( .BOTH. , #186 ) ;
#1099 = SURFACE_SIDE_STYLE ('',( #899 ) ) ;
#1100 = MECHANICAL_DESIGN_GEOMETRIC_PRESENTATION_REPRESENTATION (  '', ( #1425 ), #937 ) ;
#1101 = EDGE_CURVE ( 'NONE', #666, #2245, #1809, .T. ) ;
#1102 = ORIENTED_EDGE ( 'NONE', *, *, #568, .F. ) ;
#1103 =( NAMED_UNIT ( * ) PLANE_ANGLE_UNIT ( ) SI_UNIT ( $, .RADIAN. ) );
#1104 = ORIENTED_EDGE ( 'NONE', *, *, #128, .F. ) ;
#1105 = ORIENTED_EDGE ( 'NONE', *, *, #1913, .F. ) ;
#1106 = PRESENTATION_LAYER_ASSIGNMENT (  '', '', ( #1508 ) ) ;
#1107 = PRESENTATION_STYLE_ASSIGNMENT (( #830 ) ) ;
#1108 = SURFACE_SIDE_STYLE ('',( #871 ) ) ;
#1109 = CARTESIAN_POINT ( 'NONE',  ( -1.500000000000000000, -1.099999999999999867, 1.750000000000000000 ) ) ;
#1110 = ORIENTED_EDGE ( 'NONE', *, *, #568, .T. ) ;
#1111 = UNCERTAINTY_MEASURE_WITH_UNIT (LENGTH_MEASURE( 1.000000000000000082E-05 ), #1346, 'distance_accuracy_value', 'NONE');
#1112 = VERTEX_POINT ( 'NONE', #577 ) ;
#1113 = EDGE_CURVE ( 'NONE', #753, #2096, #773, .T. ) ;
#1114 = VECTOR ( 'NONE', #342, 1000.000000000000227 ) ;
#1115 = FILL_AREA_STYLE_COLOUR ( '', #702 ) ;
#1116 = MECHANICAL_DESIGN_GEOMETRIC_PRESENTATION_REPRESENTATION (  '', ( #736 ), #991 ) ;
#1117 = CARTESIAN_POINT ( 'NONE',  ( -2.149999999999999467, 0.000000000000000000, 2.325000000000000178 ) ) ;
#1118 = EDGE_CURVE ( 'NONE', #465, #208, #827, .T. ) ;
#1119 = SURFACE_STYLE_FILL_AREA ( #1856 ) ;
#1120 = CARTESIAN_POINT ( 'NONE',  ( 0.1749999999999999889, -4.800000000000026468, -2.400000000000034106 ) ) ;
#1121 = VECTOR ( 'NONE', #2083, 1000.000000000000227 ) ;
#1122 = FACE_OUTER_BOUND ( 'NONE', #1436, .T. ) ;
#1123 = DIRECTION ( 'NONE',  ( 0.000000000000000000, 0.000000000000000000, -1.000000000000000000 ) ) ;
#1124 = CARTESIAN_POINT ( 'NONE',  ( 0.3499999999999923173, -3.699999999999999734, -2.400000000000018563 ) ) ;
#1125 = LINE ( 'NONE', #1820, #2238 ) ;
#1126 = DIRECTION ( 'NONE',  ( -1.000000000000000000, 0.000000000000000000, -0.000000000000000000 ) ) ;
#1127 = MECHANICAL_DESIGN_GEOMETRIC_PRESENTATION_REPRESENTATION (  '', ( #1732 ), #1006 ) ;
#1128 = VERTEX_POINT ( 'NONE', #1120 ) ;
#1129 = AXIS2_PLACEMENT_3D ( 'NONE', #1977, #1286, #383 ) ;
#1130 = ORIENTED_EDGE ( 'NONE', *, *, #1069, .F. ) ;
#1131 = VERTEX_POINT ( 'NONE', #1669 ) ;
#1132 = DIRECTION ( 'NONE',  ( 0.000000000000000000, 0.9961946980917455452, 0.08715574274765836016 ) ) ;
#1133 = ORIENTED_EDGE ( 'NONE', *, *, #1194, .F. ) ;
#1134 = ADVANCED_FACE ( 'NONE', ( #394 ), #1161, .F. ) ;
#1135 =( LENGTH_UNIT ( ) NAMED_UNIT ( * ) SI_UNIT ( .MILLI., .METRE. ) );
#1136 = ORIENTED_EDGE ( 'NONE', *, *, #1228, .T. ) ;
#1137 = MECHANICAL_DESIGN_GEOMETRIC_PRESENTATION_REPRESENTATION (  '', ( #604 ), #1289 ) ;
#1138 = VERTEX_POINT ( 'NONE', #2028 ) ;
#1139 = UNCERTAINTY_MEASURE_WITH_UNIT (LENGTH_MEASURE( 1.000000000000000082E-05 ), #404, 'distance_accuracy_value', 'NONE');
#1140 =( NAMED_UNIT ( * ) PLANE_ANGLE_UNIT ( ) SI_UNIT ( $, .RADIAN. ) );
#1141 = ORIENTED_EDGE ( 'NONE', *, *, #779, .T. ) ;
#1142 =( NAMED_UNIT ( * ) SI_UNIT ( $, .STERADIAN. ) SOLID_ANGLE_UNIT ( ) );
#1143 = AXIS2_PLACEMENT_3D ( 'NONE', #2177, #1294, #380 ) ;
#1144 = AXIS2_PLACEMENT_3D ( 'NONE', #1755, #327, #168 ) ;
#1145 = FILL_AREA_STYLE ('',( #360 ) ) ;
#1146 = ADVANCED_FACE ( 'NONE', ( #912 ), #989, .T. ) ;
#1147 = VECTOR ( 'NONE', #359, 1000.000000000000000 ) ;
#1148 = LINE ( 'NONE', #863, #31 ) ;
#1149 = MECHANICAL_DESIGN_GEOMETRIC_PRESENTATION_REPRESENTATION (  '', ( #356 ), #1253 ) ;
#1150 = VECTOR ( 'NONE', #299, 1000.000000000000114 ) ;
#1151 = VECTOR ( 'NONE', #946, 1000.000000000000000 ) ;
#1152 = VECTOR ( 'NONE', #1848, 1000.000000000000000 ) ;
#1153 = CARTESIAN_POINT ( 'NONE',  ( -0.3499999999999999778, -0.3749999745697734088, -2.325000025430229211 ) ) ;
#1154 = PLANE ( 'NONE',  #1461 ) ;
#1155 = VERTEX_POINT ( 'NONE', #1214 ) ;
#1156 = COLOUR_RGB ( '',0.6666666666666666297, 0.6980392156862744724, 0.7686274509803920907 ) ;
#1157 = CARTESIAN_POINT ( 'NONE',  ( 0.000000000000000000, 0.000000000000000000, 0.000000000000000000 ) ) ;
#1158 = ORIENTED_EDGE ( 'NONE', *, *, #1633, .T. ) ;
#1159 = EDGE_CURVE ( 'NONE', #1576, #1570, #38, .T. ) ;
#1160 = FILL_AREA_STYLE_COLOUR ( '', #647 ) ;
#1161 = PLANE ( 'NONE',  #1976 ) ;
#1162 = PRESENTATION_LAYER_ASSIGNMENT (  '', '', ( #2205 ) ) ;
#1163 =( LENGTH_UNIT ( ) NAMED_UNIT ( * ) SI_UNIT ( .MILLI., .METRE. ) );
#1164 = VERTEX_POINT ( 'NONE', #670 ) ;
#1165 = EDGE_CURVE ( 'NONE', #47, #1186, #739, .T. ) ;
#1166 = DIRECTION ( 'NONE',  ( 0.08682659386424777803, -0.9924325091389669673, -0.08682659386424779191 ) ) ;
#1167 = EDGE_LOOP ( 'NONE', ( #1230, #1790, #1751, #810 ) ) ;
#1168 = FILL_AREA_STYLE_COLOUR ( '', #2230 ) ;
#1169 = DIRECTION ( 'NONE',  ( 9.326470300950573656E-17, 0.000000000000000000, 1.000000000000000000 ) ) ;
#1170 = VECTOR ( 'NONE', #1416, 1000.000000000000000 ) ;
#1171 = LINE ( 'NONE', #1944, #1060 ) ;
#1172 =( GEOMETRIC_REPRESENTATION_CONTEXT ( 3 ) GLOBAL_UNCERTAINTY_ASSIGNED_CONTEXT ( ( #745 ) ) GLOBAL_UNIT_ASSIGNED_CONTEXT ( ( #1789, #157, #1249 ) ) REPRESENTATION_CONTEXT ( 'NONE', 'WORKASPACE' ) );
#1173 = VECTOR ( 'NONE', #986, 1000.000000000000000 ) ;
#1174 = DIRECTION ( 'NONE',  ( 0.000000000000000000, 1.000000000000000000, 0.000000000000000000 ) ) ;
#1175 = EDGE_CURVE ( 'NONE', #1725, #1292, #120, .T. ) ;
#1176 = CARTESIAN_POINT ( 'NONE',  ( -0.3499999999999999778, -0.3749999745697734088, -2.325000025430229211 ) ) ;
#1177 =( GEOMETRIC_REPRESENTATION_CONTEXT ( 3 ) GLOBAL_UNCERTAINTY_ASSIGNED_CONTEXT ( ( #1928 ) ) GLOBAL_UNIT_ASSIGNED_CONTEXT ( ( #23, #201, #1804 ) ) REPRESENTATION_CONTEXT ( 'NONE', 'WORKASPACE' ) );
#1178 = UNCERTAINTY_MEASURE_WITH_UNIT (LENGTH_MEASURE( 1.000000000000000082E-05 ), #2235, 'distance_accuracy_value', 'NONE');
#1179 = PLANE ( 'NONE',  #1144 ) ;
#1180 = FILL_AREA_STYLE ('',( #1168 ) ) ;
#1181 =( NAMED_UNIT ( * ) PLANE_ANGLE_UNIT ( ) SI_UNIT ( $, .RADIAN. ) );
#1182 = COLOUR_RGB ( '',0.4980392156862745168, 0.4980392156862745168, 0.4980392156862745168 ) ;
#1183 =( LENGTH_UNIT ( ) NAMED_UNIT ( * ) SI_UNIT ( .MILLI., .METRE. ) );
#1184 = ORIENTED_EDGE ( 'NONE', *, *, #1464, .T. ) ;
#1185 = ORIENTED_EDGE ( 'NONE', *, *, #1509, .T. ) ;
#1186 = VERTEX_POINT ( 'NONE', #2019 ) ;
#1187 = VERTEX_POINT ( 'NONE', #1391 ) ;
#1188 = DIRECTION ( 'NONE',  ( 0.9961946980917455452, 0.08715574274765836016, -1.920135921581531982E-16 ) ) ;
#1189 = ORIENTED_EDGE ( 'NONE', *, *, #1702, .F. ) ;
#1190 = EDGE_CURVE ( 'NONE', #2096, #1065, #1865, .T. ) ;
#1191 = CARTESIAN_POINT ( 'NONE',  ( -1.938757935531853160, 0.6999999999999999556, 2.188757935531852272 ) ) ;
#1192 = VERTEX_POINT ( 'NONE', #1327 ) ;
#1193 = FILL_AREA_STYLE_COLOUR ( '', #819 ) ;
#1194 = EDGE_CURVE ( 'NONE', #1065, #2045, #1224, .T. ) ;
#1195 = ORIENTED_EDGE ( 'NONE', *, *, #411, .T. ) ;
#1196 = EDGE_CURVE ( 'NONE', #1411, #101, #68, .T. ) ;
#1197 = DIRECTION ( 'NONE',  ( -1.000000000000000000, -0.000000000000000000, 0.000000000000000000 ) ) ;
#1198 = MECHANICAL_DESIGN_GEOMETRIC_PRESENTATION_REPRESENTATION (  '', ( #439 ), #687 ) ;
#1199 =( NAMED_UNIT ( * ) PLANE_ANGLE_UNIT ( ) SI_UNIT ( $, .RADIAN. ) );
#1200 = LINE ( 'NONE', #340, #969 ) ;
#1201 = DIRECTION ( 'NONE',  ( 0.000000000000000000, 0.000000000000000000, 1.000000000000000000 ) ) ;
#1202 = CARTESIAN_POINT ( 'NONE',  ( 0.3499999999999999778, -0.3749999745697734088, -2.400000000000003020 ) ) ;
#1203 = CARTESIAN_POINT ( 'NONE',  ( 1.500000000000000000, -1.099999999999999867, -1.250000000000000000 ) ) ;
#1204 = PRESENTATION_STYLE_ASSIGNMENT (( #174 ) ) ;
#1205 = UNCERTAINTY_MEASURE_WITH_UNIT (LENGTH_MEASURE( 1.000000000000000082E-05 ), #298, 'distance_accuracy_value', 'NONE');
#1206 = ORIENTED_EDGE ( 'NONE', *, *, #1904, .T. ) ;
#1207 = DIRECTION ( 'NONE',  ( 0.000000000000000000, 0.000000000000000000, 1.000000000000000000 ) ) ;
#1208 = FILL_AREA_STYLE ('',( #1160 ) ) ;
#1209 = ORIENTED_EDGE ( 'NONE', *, *, #1559, .F. ) ;
#1210 = CARTESIAN_POINT ( 'NONE',  ( 1.748873118821272499, -0.9372182797053202341, 1.998873118821272277 ) ) ;
#1211 = ORIENTED_EDGE ( 'NONE', *, *, #1962, .F. ) ;
#1212 = PRESENTATION_STYLE_ASSIGNMENT (( #2070 ) ) ;
#1213 = MECHANICAL_DESIGN_GEOMETRIC_PRESENTATION_REPRESENTATION (  '', ( #1408 ), #1535 ) ;
#1214 = CARTESIAN_POINT ( 'NONE',  ( -2.000000000000000000, 0.000000000000000000, 2.250000000000000444 ) ) ;
#1215 = MECHANICAL_DESIGN_GEOMETRIC_PRESENTATION_REPRESENTATION (  '', ( #14 ), #646 ) ;
#1216 = EDGE_LOOP ( 'NONE', ( #349, #1130, #1954, #440 ) ) ;
#1217 = PRESENTATION_LAYER_ASSIGNMENT (  '', '', ( #146 ) ) ;
#1218 = CARTESIAN_POINT ( 'NONE',  ( -0.3499999999999999778, -0.2999999999999999889, -2.325000000000002842 ) ) ;
#1219 = EDGE_CURVE ( 'NONE', #1138, #746, #1922, .T. ) ;
#1220 = CARTESIAN_POINT ( 'NONE',  ( 0.8659193994118028481, -0.4570780608398272715, -2.400000000000003464 ) ) ;
#1221 = FACE_OUTER_BOUND ( 'NONE', #55, .T. ) ;
#1222 = CARTESIAN_POINT ( 'NONE',  ( -2.149999999999999467, 0.000000000000000000, 2.325000000000000178 ) ) ;
#1223 = EDGE_CURVE ( 'NONE', #80, #1471, #1951, .T. ) ;
#1224 = CIRCLE ( 'NONE', #1541, 0.3749999745697740750 ) ;
#1225 = DIRECTION ( 'NONE',  ( 0.000000000000000000, 1.000000000000000000, 7.056502234606572756E-15 ) ) ;
#1226 = SURFACE_SIDE_STYLE ('',( #787 ) ) ;
#1227 = PRODUCT ( 'BPW34', 'BPW34', '', ( #1318 ) ) ;
#1228 = EDGE_CURVE ( 'NONE', #1906, #208, #254, .T. ) ;
#1229 =( NAMED_UNIT ( * ) PLANE_ANGLE_UNIT ( ) SI_UNIT ( $, .RADIAN. ) );
#1230 = ORIENTED_EDGE ( 'NONE', *, *, #2081, .T. ) ;
#1231 = ORIENTED_EDGE ( 'NONE', *, *, #2111, .F. ) ;
#1232 = SURFACE_STYLE_USAGE ( .BOTH. , #1420 ) ;
#1233 = CARTESIAN_POINT ( 'NONE',  ( 0.3499999999999999778, -0.3749999745697734088, 2.325000025430226547 ) ) ;
#1234 = VERTEX_POINT ( 'NONE', #139 ) ;
#1235 = AXIS2_PLACEMENT_3D ( 'NONE', #1832, #2016, #630 ) ;
#1236 = ORIENTED_EDGE ( 'NONE', *, *, #1383, .F. ) ;
#1237 = SURFACE_SIDE_STYLE ('',( #734 ) ) ;
#1238 = STYLED_ITEM ( 'NONE', ( #1462 ), #257 ) ;
#1239 = EDGE_LOOP ( 'NONE', ( #1377, #149, #672, #399 ) ) ;
#1240 = CARTESIAN_POINT ( 'NONE',  ( -2.000000000000000888, 0.000000000000000000, -2.250000000000000444 ) ) ;
#1241 = VECTOR ( 'NONE', #756, 1000.000000000000000 ) ;
#1242 = VECTOR ( 'NONE', #752, 1000.000000000000000 ) ;
#1243 = VECTOR ( 'NONE', #151, 1000.000000000000000 ) ;
#1244 = PRESENTATION_LAYER_ASSIGNMENT (  '', '', ( #834 ) ) ;
#1245 = DIRECTION ( 'NONE',  ( -0.000000000000000000, -0.000000000000000000, 1.000000000000000000 ) ) ;
#1246 = CARTESIAN_POINT ( 'NONE',  ( 0.000000000000000000, -1.300000000000000044, -1.901666049839539907 ) ) ;
#1247 = LINE ( 'NONE', #1796, #2286 ) ;
#1248 = CARTESIAN_POINT ( 'NONE',  ( -2.149999999999999911, 0.000000000000000000, -2.325000000000000178 ) ) ;
#1249 =( NAMED_UNIT ( * ) SI_UNIT ( $, .STERADIAN. ) SOLID_ANGLE_UNIT ( ) );
#1250 = AXIS2_PLACEMENT_3D ( 'NONE', #1818, #776, #1685 ) ;
#1251 = COLOUR_RGB ( '',0.4980392156862745168, 0.4980392156862745168, 0.4980392156862745168 ) ;
#1252 = STYLED_ITEM ( 'NONE', ( #784 ), #213 ) ;
#1253 =( GEOMETRIC_REPRESENTATION_CONTEXT ( 3 ) GLOBAL_UNCERTAINTY_ASSIGNED_CONTEXT ( ( #921 ) ) GLOBAL_UNIT_ASSIGNED_CONTEXT ( ( #1081, #520, #1592 ) ) REPRESENTATION_CONTEXT ( 'NONE', 'WORKASPACE' ) );
#1254 = ORIENTED_EDGE ( 'NONE', *, *, #1479, .F. ) ;
#1255 =( NAMED_UNIT ( * ) PLANE_ANGLE_UNIT ( ) SI_UNIT ( $, .RADIAN. ) );
#1256 = ORIENTED_EDGE ( 'NONE', *, *, #1101, .T. ) ;
#1257 = SURFACE_SIDE_STYLE ('',( #1620 ) ) ;
#1258 = VECTOR ( 'NONE', #1729, 1000.000000000000000 ) ;
#1259 = CARTESIAN_POINT ( 'NONE',  ( -1.651666049839540573, -1.300000000000000044, -1.901666049839539907 ) ) ;
#1260 = EDGE_LOOP ( 'NONE', ( #1824, #181, #209, #757, #917, #547 ) ) ;
#1261 = SURFACE_SIDE_STYLE ('',( #1744 ) ) ;
#1262 = ORIENTED_EDGE ( 'NONE', *, *, #1271, .F. ) ;
#1263 =( NAMED_UNIT ( * ) PLANE_ANGLE_UNIT ( ) SI_UNIT ( $, .RADIAN. ) );
#1264 = DIRECTION ( 'NONE',  ( 1.000000000000000000, 0.000000000000000000, 0.000000000000000000 ) ) ;
#1265 = CARTESIAN_POINT ( 'NONE',  ( 1.499999999999999778, -1.099999999999999867, 1.750000000000000000 ) ) ;
#1266 = AXIS2_PLACEMENT_3D ( 'NONE', #320, #1424, #1905 ) ;
#1267 = EDGE_CURVE ( 'NONE', #1112, #1411, #1596, .T. ) ;
#1268 = PLANE ( 'NONE',  #642 ) ;
#1269 = UNCERTAINTY_MEASURE_WITH_UNIT (LENGTH_MEASURE( 1.000000000000000082E-05 ), #2036, 'distance_accuracy_value', 'NONE');
#1270 =( GEOMETRIC_REPRESENTATION_CONTEXT ( 3 ) GLOBAL_UNCERTAINTY_ASSIGNED_CONTEXT ( ( #111 ) ) GLOBAL_UNIT_ASSIGNED_CONTEXT ( ( #1135, #740, #2164 ) ) REPRESENTATION_CONTEXT ( 'NONE', 'WORKASPACE' ) );
#1271 = EDGE_CURVE ( 'NONE', #1775, #188, #1040, .T. ) ;
#1272 = COLOUR_RGB ( '',0.1372549019607843257, 0.2941176470588235392, 0.7490196078431372584 ) ;
#1273 = CARTESIAN_POINT ( 'NONE',  ( -2.149999999999999911, -0.2999999999999999889, -2.325000000000000178 ) ) ;
#1274 = FILL_AREA_STYLE ('',( #1639 ) ) ;
#1275 = VECTOR ( 'NONE', #315, 1000.000000000000000 ) ;
#1276 = COLOUR_RGB ( '',0.7921568627450980005, 0.8196078431372548767, 0.9333333333333333481 ) ;
#1277 = PRESENTATION_STYLE_ASSIGNMENT (( #1382 ) ) ;
#1278 = PLANE ( 'NONE',  #585 ) ;
#1279 = LINE ( 'NONE', #446, #1344 ) ;
#1280 = FILL_AREA_STYLE_COLOUR ( '', #2193 ) ;
#1281 = MECHANICAL_DESIGN_GEOMETRIC_PRESENTATION_REPRESENTATION (  '', ( #115 ), #471 ) ;
#1282 = LINE ( 'NONE', #1356, #1016 ) ;
#1283 = ORIENTED_EDGE ( 'NONE', *, *, #2184, .F. ) ;
#1284 = PRESENTATION_LAYER_ASSIGNMENT (  '', '', ( #311 ) ) ;
#1285 = ADVANCED_FACE ( 'NONE', ( #1122 ), #1078, .T. ) ;
#1286 = DIRECTION ( 'NONE',  ( 2.710505431213761085E-16, 1.000000000000000000, -0.000000000000000000 ) ) ;
#1287 = ORIENTED_EDGE ( 'NONE', *, *, #477, .F. ) ;
#1288 = VERTEX_POINT ( 'NONE', #1903 ) ;
#1289 =( GEOMETRIC_REPRESENTATION_CONTEXT ( 3 ) GLOBAL_UNCERTAINTY_ASSIGNED_CONTEXT ( ( #1037 ) ) GLOBAL_UNIT_ASSIGNED_CONTEXT ( ( #2220, #1181, #95 ) ) REPRESENTATION_CONTEXT ( 'NONE', 'WORKASPACE' ) );
#1290 = CARTESIAN_POINT ( 'NONE',  ( 1.499999999999999778, -1.099999999999999867, 1.750000000000000000 ) ) ;
#1291 = PLANE ( 'NONE',  #1143 ) ;
#1292 = VERTEX_POINT ( 'NONE', #857 ) ;
#1293 = MECHANICAL_DESIGN_GEOMETRIC_PRESENTATION_REPRESENTATION (  '', ( #1071 ), #1952 ) ;
#1294 = DIRECTION ( 'NONE',  ( -0.9875803063351155098, 0.1571150487351212488, 0.000000000000000000 ) ) ;
#1295 = ORIENTED_EDGE ( 'NONE', *, *, #494, .T. ) ;
#1296 = CARTESIAN_POINT ( 'NONE',  ( -2.149999999999999467, -0.2999999999999999889, 2.325000000000000178 ) ) ;
#1297 = PRESENTATION_STYLE_ASSIGNMENT (( #1365 ) ) ;
#1298 = ORIENTED_EDGE ( 'NONE', *, *, #2201, .T. ) ;
#1299 = VECTOR ( 'NONE', #1123, 1000.000000000000000 ) ;
#1300 = UNCERTAINTY_MEASURE_WITH_UNIT (LENGTH_MEASURE( 1.000000000000000082E-05 ), #250, 'distance_accuracy_value', 'NONE');
#1301 = APPLICATION_CONTEXT ( 'automotive_design' ) ;
#1302 = VECTOR ( 'NONE', #2254, 1000.000000000000000 ) ;
#1303 = LINE ( 'NONE', #1970, #197 ) ;
#1304 = PLANE ( 'NONE',  #1959 ) ;
#1305 = SURFACE_SIDE_STYLE ('',( #1422 ) ) ;
#1306 = EDGE_CURVE ( 'NONE', #1471, #1709, #686, .T. ) ;
#1307 = FACE_OUTER_BOUND ( 'NONE', #1534, .T. ) ;
#1308 = LINE ( 'NONE', #216, #2061 ) ;
#1309 = CARTESIAN_POINT ( 'NONE',  ( -1.500000000000000000, -1.300000000000000044, -1.250000000000000000 ) ) ;
#1310 = SURFACE_STYLE_FILL_AREA ( #1036 ) ;
#1311 = ADVANCED_FACE ( 'NONE', ( #1807 ), #2169, .T. ) ;
#1312 = PRESENTATION_LAYER_ASSIGNMENT (  '', '', ( #1732 ) ) ;
#1313 = FILL_AREA_STYLE ('',( #2159 ) ) ;
#1314 = ORIENTED_EDGE ( 'NONE', *, *, #1527, .T. ) ;
#1315 = SURFACE_STYLE_USAGE ( .BOTH. , #528 ) ;
#1316 = FACE_OUTER_BOUND ( 'NONE', #158, .T. ) ;
#1317 =( GEOMETRIC_REPRESENTATION_CONTEXT ( 3 ) GLOBAL_UNCERTAINTY_ASSIGNED_CONTEXT ( ( #1994 ) ) GLOBAL_UNIT_ASSIGNED_CONTEXT ( ( #1363, #1357, #627 ) ) REPRESENTATION_CONTEXT ( 'NONE', 'WORKASPACE' ) );
#1318 = PRODUCT_CONTEXT ( 'NONE', #1656, 'mechanical' ) ;
#1319 = ORIENTED_EDGE ( 'NONE', *, *, #523, .T. ) ;
#1320 = ORIENTED_EDGE ( 'NONE', *, *, #1845, .T. ) ;
#1321 = SURFACE_SIDE_STYLE ('',( #110 ) ) ;
#1322 = SURFACE_STYLE_USAGE ( .BOTH. , #777 ) ;
#1323 = ORIENTED_EDGE ( 'NONE', *, *, #397, .T. ) ;
#1324 = DIRECTION ( 'NONE',  ( 0.000000000000000000, -0.9659258262890680902, -0.2588190451025213501 ) ) ;
#1325 = FILL_AREA_STYLE_COLOUR ( '', #1272 ) ;
#1326 = EDGE_LOOP ( 'NONE', ( #486, #275, #1533, #1283 ) ) ;
#1327 = CARTESIAN_POINT ( 'NONE',  ( 0.3499999999999992006, 0.000000000000000000, -2.325000000000000178 ) ) ;
#1328 = ORIENTED_EDGE ( 'NONE', *, *, #1795, .T. ) ;
#1329 = VECTOR ( 'NONE', #8, 1000.000000000000000 ) ;
#1330 = DIRECTION ( 'NONE',  ( 0.000000000000000000, 1.000000000000000000, 0.000000000000000000 ) ) ;
#1331 =( NAMED_UNIT ( * ) SI_UNIT ( $, .STERADIAN. ) SOLID_ANGLE_UNIT ( ) );
#1332 = VECTOR ( 'NONE', #1045, 1000.000000000000227 ) ;
#1333 = SURFACE_STYLE_USAGE ( .BOTH. , #244 ) ;
#1334 = DIRECTION ( 'NONE',  ( 1.000000000000000000, 0.000000000000000000, 0.000000000000000000 ) ) ;
#1335 = DIRECTION ( 'NONE',  ( -0.1571150487351212210, -0.9875803063351153988, 0.000000000000000000 ) ) ;
#1336 = PRESENTATION_LAYER_ASSIGNMENT (  '', '', ( #118 ) ) ;
#1337 = LINE ( 'NONE', #1220, #798 ) ;
#1338 = PRESENTATION_STYLE_ASSIGNMENT (( #1683 ) ) ;
#1339 = EDGE_CURVE ( 'NONE', #952, #1067, #1785, .T. ) ;
#1340 = SURFACE_STYLE_USAGE ( .BOTH. , #73 ) ;
#1341 = SURFACE_STYLE_FILL_AREA ( #1776 ) ;
#1342 = AXIS2_PLACEMENT_3D ( 'NONE', #223, #534, #337 ) ;
#1343 = DIRECTION ( 'NONE',  ( -1.000000000000000000, -0.000000000000000000, -0.000000000000000000 ) ) ;
#1344 = VECTOR ( 'NONE', #2216, 1000.000000000000000 ) ;
#1345 = DIRECTION ( 'NONE',  ( -1.000000000000000000, -0.000000000000000000, 0.000000000000000000 ) ) ;
#1346 =( LENGTH_UNIT ( ) NAMED_UNIT ( * ) SI_UNIT ( .MILLI., .METRE. ) );
#1347 = VECTOR ( 'NONE', #2284, 1000.000000000000000 ) ;
#1348 =( NAMED_UNIT ( * ) PLANE_ANGLE_UNIT ( ) SI_UNIT ( $, .RADIAN. ) );
#1349 = ORIENTED_EDGE ( 'NONE', *, *, #985, .T. ) ;
#1350 = CARTESIAN_POINT ( 'NONE',  ( 1.919615242270662048, -0.3000000000000000444, 2.169615242270662492 ) ) ;
#1351 = EDGE_CURVE ( 'NONE', #1234, #884, #9, .T. ) ;
#1352 = ORIENTED_EDGE ( 'NONE', *, *, #883, .T. ) ;
#1353 = ADVANCED_BREP_SHAPE_REPRESENTATION ( 'BPW34', ( #1450, #2218, #2090 ), #1823 ) ;
#1354 =( LENGTH_UNIT ( ) NAMED_UNIT ( * ) SI_UNIT ( .MILLI., .METRE. ) );
#1355 = EDGE_CURVE ( 'NONE', #897, #2096, #2121, .T. ) ;
#1356 = CARTESIAN_POINT ( 'NONE',  ( 0.3499999999999999778, -0.2999999999999999889, 2.325000000000000178 ) ) ;
#1357 =( NAMED_UNIT ( * ) PLANE_ANGLE_UNIT ( ) SI_UNIT ( $, .RADIAN. ) );
#1358 = ORIENTED_EDGE ( 'NONE', *, *, #1768, .T. ) ;
#1359 =( NAMED_UNIT ( * ) PLANE_ANGLE_UNIT ( ) SI_UNIT ( $, .RADIAN. ) );
#1360 = DIRECTION ( 'NONE',  ( 1.000000000000000000, 0.000000000000000000, 0.000000000000000000 ) ) ;
#1361 =( NAMED_UNIT ( * ) SI_UNIT ( $, .STERADIAN. ) SOLID_ANGLE_UNIT ( ) );
#1362 = ADVANCED_FACE ( 'NONE', ( #538 ), #711, .T. ) ;
#1363 =( LENGTH_UNIT ( ) NAMED_UNIT ( * ) SI_UNIT ( .MILLI., .METRE. ) );
#1364 = MECHANICAL_DESIGN_GEOMETRIC_PRESENTATION_REPRESENTATION (  '', ( #2205 ), #1270 ) ;
#1365 = SURFACE_STYLE_USAGE ( .BOTH. , #1018 ) ;
#1366 = COLOUR_RGB ( '',0.6666666666666666297, 0.6980392156862744724, 0.7686274509803920907 ) ;
#1367 = VECTOR ( 'NONE', #743, 1000.000000000000000 ) ;
#1368 = STYLED_ITEM ( 'NONE', ( #1390 ), #644 ) ;
#1369 = CARTESIAN_POINT ( 'NONE',  ( -0.7500000000000000000, -1.100000000000000089, 2.700000000000000622 ) ) ;
#1370 = ADVANCED_FACE ( 'NONE', ( #1838 ), #527, .T. ) ;
#1371 = VECTOR ( 'NONE', #199, 1000.000000000000000 ) ;
#1372 = PRESENTATION_LAYER_ASSIGNMENT (  '', '', ( #125 ) ) ;
#1373 = VECTOR ( 'NONE', #355, 1000.000000000000000 ) ;
#1374 = UNCERTAINTY_MEASURE_WITH_UNIT (LENGTH_MEASURE( 1.000000000000000082E-05 ), #2080, 'distance_accuracy_value', 'NONE');
#1375 = ORIENTED_EDGE ( 'NONE', *, *, #697, .T. ) ;
#1376 = EDGE_LOOP ( 'NONE', ( #919, #487, #1352, #864, #467, #1048, #1475, #444 ) ) ;
#1377 = ORIENTED_EDGE ( 'NONE', *, *, #1590, .T. ) ;
#1378 = STYLED_ITEM ( 'NONE', ( #1700 ), #2246 ) ;
#1379 = CARTESIAN_POINT ( 'NONE',  ( 0.8659193994118028481, -0.4570780608398272715, 2.700000000000000622 ) ) ;
#1380 = DIRECTION ( 'NONE',  ( -0.1571150487351212488, -0.9875803063351153988, -0.000000000000000000 ) ) ;
#1381 =( NAMED_UNIT ( * ) SI_UNIT ( $, .STERADIAN. ) SOLID_ANGLE_UNIT ( ) );
#1382 = SURFACE_STYLE_USAGE ( .BOTH. , #1731 ) ;
#1383 = EDGE_CURVE ( 'NONE', #832, #103, #910, .T. ) ;
#1384 = EDGE_LOOP ( 'NONE', ( #2151, #812, #1851, #148 ) ) ;
#1385 = VERTEX_POINT ( 'NONE', #1350 ) ;
#1386 =( LENGTH_UNIT ( ) NAMED_UNIT ( * ) SI_UNIT ( .MILLI., .METRE. ) );
#1387 = PRESENTATION_STYLE_ASSIGNMENT (( #665 ) ) ;
#1388 = CARTESIAN_POINT ( 'NONE',  ( 0.3499999999999999778, -3.699999999999999734, -2.700000000000026379 ) ) ;
#1389 = COLOUR_RGB ( '',0.4980392156862745168, 0.4980392156862745168, 0.4980392156862745168 ) ;
#1390 = PRESENTATION_STYLE_ASSIGNMENT (( #680 ) ) ;
#1391 = CARTESIAN_POINT ( 'NONE',  ( -1.500000000000000000, -1.099999999999999867, -1.250000000000000000 ) ) ;
#1392 = EDGE_CURVE ( 'NONE', #2011, #1801, #684, .T. ) ;
#1393 = CARTESIAN_POINT ( 'NONE',  ( 1.938757935531853160, 0.6999999999999999556, 2.188757935531852272 ) ) ;
#1394 =( LENGTH_UNIT ( ) NAMED_UNIT ( * ) SI_UNIT ( .MILLI., .METRE. ) );
#1395 = PRESENTATION_LAYER_ASSIGNMENT (  '', '', ( #736 ) ) ;
#1396 = CARTESIAN_POINT ( 'NONE',  ( -2.149999999999999911, -0.2999999999999999889, -2.325000000000000178 ) ) ;
#1397 = FILL_AREA_STYLE_COLOUR ( '', #1366 ) ;
#1398 = CARTESIAN_POINT ( 'NONE',  ( -0.3499999999999999778, -0.3749999745697734088, 2.700000000000000622 ) ) ;
#1399 =( LENGTH_UNIT ( ) NAMED_UNIT ( * ) SI_UNIT ( .MILLI., .METRE. ) );
#1400 = SURFACE_STYLE_FILL_AREA ( #1878 ) ;
#1401 = EDGE_CURVE ( 'NONE', #2182, #1186, #364, .T. ) ;
#1402 = CARTESIAN_POINT ( 'NONE',  ( 0.1749999999999999889, -4.800000000000026468, 2.400000000000000799 ) ) ;
#1403 = ORIENTED_EDGE ( 'NONE', *, *, #894, .T. ) ;
#1404 = CARTESIAN_POINT ( 'NONE',  ( 1.938757935531852272, 0.6999999999999999556, -2.188757935531853160 ) ) ;
#1405 = FILL_AREA_STYLE ('',( #2095 ) ) ;
#1406 = DIRECTION ( 'NONE',  ( -0.000000000000000000, 0.000000000000000000, 1.000000000000000000 ) ) ;
#1407 = ORIENTED_EDGE ( 'NONE', *, *, #1702, .T. ) ;
#1408 = STYLED_ITEM ( 'NONE', ( #1204 ), #1025 ) ;
#1409 = DIRECTION ( 'NONE',  ( -0.1571150487351280212, 0.9875803063351143996, 0.000000000000000000 ) ) ;
#1410 = FILL_AREA_STYLE ('',( #134 ) ) ;
#1411 = VERTEX_POINT ( 'NONE', #67 ) ;
#1412 = CARTESIAN_POINT ( 'NONE',  ( -2.149999999999999911, 0.000000000000000000, -2.325000000000000178 ) ) ;
#1413 = DIRECTION ( 'NONE',  ( 0.000000000000000000, 0.000000000000000000, 1.000000000000000000 ) ) ;
#1414 = ORIENTED_EDGE ( 'NONE', *, *, #2160, .F. ) ;
#1415 = DIRECTION ( 'NONE',  ( -0.9961946980917455452, 0.08715574274765836016, 1.920135921581531982E-16 ) ) ;
#1416 = DIRECTION ( 'NONE',  ( 1.000000000000000000, 0.000000000000000000, 0.000000000000000000 ) ) ;
#1417 = CARTESIAN_POINT ( 'NONE',  ( 0.1749999999999999889, -4.800000000000026468, -2.700000000000034373 ) ) ;
#1418 = UNCERTAINTY_MEASURE_WITH_UNIT (LENGTH_MEASURE( 1.000000000000000082E-05 ), #824, 'distance_accuracy_value', 'NONE');
#1419 = VECTOR ( 'NONE', #712, 1000.000000000000000 ) ;
#1420 = SURFACE_SIDE_STYLE ('',( #763 ) ) ;
#1421 = FILL_AREA_STYLE_COLOUR ( '', #1156 ) ;
#1422 = SURFACE_STYLE_FILL_AREA ( #1313 ) ;
#1423 = FACE_OUTER_BOUND ( 'NONE', #1239, .T. ) ;
#1424 = DIRECTION ( 'NONE',  ( 0.000000000000000000, 9.800697548064685205E-17, -1.000000000000000000 ) ) ;
#1425 = STYLED_ITEM ( 'NONE', ( #1689 ), #2198 ) ;
#1426 = EDGE_CURVE ( 'NONE', #434, #1602, #1645, .T. ) ;
#1427 = FILL_AREA_STYLE_COLOUR ( '', #1919 ) ;
#1428 = CARTESIAN_POINT ( 'NONE',  ( -0.7500000000000000000, -1.100000000000000089, 2.400000000000000355 ) ) ;
#1429 = DIRECTION ( 'NONE',  ( -0.000000000000000000, -1.000000000000000000, -0.000000000000000000 ) ) ;
#1430 = EDGE_CURVE ( 'NONE', #811, #952, #1720, .T. ) ;
#1431 = ORIENTED_EDGE ( 'NONE', *, *, #1962, .T. ) ;
#1432 = ORIENTED_EDGE ( 'NONE', *, *, #1039, .T. ) ;
#1433 = AXIS2_PLACEMENT_3D ( 'NONE', #473, #1549, #1889 ) ;
#1434 = SURFACE_STYLE_USAGE ( .BOTH. , #1237 ) ;
#1435 = ORIENTED_EDGE ( 'NONE', *, *, #1998, .T. ) ;
#1436 = EDGE_LOOP ( 'NONE', ( #1158, #1019, #330, #1184 ) ) ;
#1437 = SURFACE_STYLE_USAGE ( .BOTH. , #1757 ) ;
#1438 = CARTESIAN_POINT ( 'NONE',  ( 0.000000000000000000, -1.300000000000000044, 0.000000000000000000 ) ) ;
#1439 = CARTESIAN_POINT ( 'NONE',  ( -0.3499999999999999778, -0.3749999745697734088, 2.400000000000000355 ) ) ;
#1440 = VERTEX_POINT ( 'NONE', #261 ) ;
#1441 = CARTESIAN_POINT ( 'NONE',  ( -1.500000000000000000, -1.099999999999999867, -1.250000000000000000 ) ) ;
#1442 = ORIENTED_EDGE ( 'NONE', *, *, #1869, .F. ) ;
#1443 =( GEOMETRIC_REPRESENTATION_CONTEXT ( 3 ) GLOBAL_UNCERTAINTY_ASSIGNED_CONTEXT ( ( #1616 ) ) GLOBAL_UNIT_ASSIGNED_CONTEXT ( ( #1354, #265, #641 ) ) REPRESENTATION_CONTEXT ( 'NONE', 'WORKASPACE' ) );
#1444 = DIRECTION ( 'NONE',  ( 0.000000000000000000, 0.08715574274765836016, 0.9961946980917455452 ) ) ;
#1445 = FILL_AREA_STYLE_COLOUR ( '', #805 ) ;
#1446 = SURFACE_STYLE_FILL_AREA ( #1208 ) ;
#1447 =( NAMED_UNIT ( * ) PLANE_ANGLE_UNIT ( ) SI_UNIT ( $, .RADIAN. ) );
#1448 = COLOUR_RGB ( '',0.6666666666666666297, 0.6980392156862744724, 0.7686274509803920907 ) ;
#1449 =( NAMED_UNIT ( * ) PLANE_ANGLE_UNIT ( ) SI_UNIT ( $, .RADIAN. ) );
#1450 = MANIFOLD_SOLID_BREP ( 'Cut-Extrude2', #1497 ) ;
#1451 = LINE ( 'NONE', #77, #4 ) ;
#1452 = CARTESIAN_POINT ( 'NONE',  ( 1.938757935531852272, 0.6999999999999999556, -2.250000000000000444 ) ) ;
#1453 = LINE ( 'NONE', #1417, #769 ) ;
#1454 = MECHANICAL_DESIGN_GEOMETRIC_PRESENTATION_REPRESENTATION (  '', ( #965 ), #549 ) ;
#1455 = COLOUR_RGB ( '',0.4980392156862745168, 0.4980392156862745168, 0.4980392156862745168 ) ;
#1456 =( NAMED_UNIT ( * ) SI_UNIT ( $, .STERADIAN. ) SOLID_ANGLE_UNIT ( ) );
#1457 = DIRECTION ( 'NONE',  ( 0.000000000000000000, 1.000000000000000000, 0.000000000000000000 ) ) ;
#1458 = CARTESIAN_POINT ( 'NONE',  ( -1.500000000000000000, -1.099999999999999867, -1.250000000000000000 ) ) ;
#1459 = CIRCLE ( 'NONE', #1250, 0.3749999745697740750 ) ;
#1460 = SURFACE_STYLE_USAGE ( .BOTH. , #1099 ) ;
#1461 = AXIS2_PLACEMENT_3D ( 'NONE', #2207, #89, #1701 ) ;
#1462 = PRESENTATION_STYLE_ASSIGNMENT (( #731 ) ) ;
#1463 = MECHANICAL_DESIGN_GEOMETRIC_PRESENTATION_REPRESENTATION (  '', ( #267 ), #194 ) ;
#1464 = EDGE_CURVE ( 'NONE', #1778, #82, #1008, .T. ) ;
#1465 = SURFACE_SIDE_STYLE ('',( #948 ) ) ;
#1466 = ORIENTED_EDGE ( 'NONE', *, *, #2152, .T. ) ;
#1467 = DIRECTION ( 'NONE',  ( 9.326470300950574888E-17, 0.000000000000000000, 1.000000000000000000 ) ) ;
#1468 =( LENGTH_UNIT ( ) NAMED_UNIT ( * ) SI_UNIT ( .MILLI., .METRE. ) );
#1469 =( GEOMETRIC_REPRESENTATION_CONTEXT ( 3 ) GLOBAL_UNCERTAINTY_ASSIGNED_CONTEXT ( ( #1139 ) ) GLOBAL_UNIT_ASSIGNED_CONTEXT ( ( #404, #792, #255 ) ) REPRESENTATION_CONTEXT ( 'NONE', 'WORKASPACE' ) );
#1470 = ORIENTED_EDGE ( 'NONE', *, *, #1101, .F. ) ;
#1471 = VERTEX_POINT ( 'NONE', #800 ) ;
#1472 = SURFACE_STYLE_FILL_AREA ( #990 ) ;
#1473 = AXIS2_PLACEMENT_3D ( 'NONE', #1012, #2242, #1562 ) ;
#1474 = FILL_AREA_STYLE_COLOUR ( '', #2263 ) ;
#1475 = ORIENTED_EDGE ( 'NONE', *, *, #329, .F. ) ;
#1476 = CARTESIAN_POINT ( 'NONE',  ( -0.3499999999999999778, -0.9000000000000002442, 2.400000000000000355 ) ) ;
#1477 = ORIENTED_EDGE ( 'NONE', *, *, #1056, .F. ) ;
#1478 = VERTEX_POINT ( 'NONE', #431 ) ;
#1479 = EDGE_CURVE ( 'NONE', #1501, #1070, #222, .T. ) ;
#1480 = ADVANCED_FACE ( 'NONE', ( #1863 ), #282, .T. ) ;
#1481 = EDGE_CURVE ( 'NONE', #17, #1602, #1614, .T. ) ;
#1482 = LINE ( 'NONE', #1955, #25 ) ;
#1483 = CARTESIAN_POINT ( 'NONE',  ( -2.149999999999999911, -0.2999999999999999889, -2.325000000000000178 ) ) ;
#1484 = EDGE_CURVE ( 'NONE', #1503, #1440, #35, .T. ) ;
#1485 = VECTOR ( 'NONE', #935, 1000.000000000000000 ) ;
#1486 = VECTOR ( 'NONE', #2049, 1000.000000000000000 ) ;
#1487 = SURFACE_STYLE_FILL_AREA ( #1606 ) ;
#1488 = CARTESIAN_POINT ( 'NONE',  ( -1.500000000000000000, -1.099999999999999867, 1.750000000000000000 ) ) ;
#1489 = SURFACE_STYLE_FILL_AREA ( #1512 ) ;
#1490 = MECHANICAL_DESIGN_GEOMETRIC_PRESENTATION_REPRESENTATION (  '', ( #297 ), #1523 ) ;
#1491 = FILL_AREA_STYLE ('',( #774 ) ) ;
#1492 = COLOUR_RGB ( '',0.6666666666666666297, 0.6980392156862744724, 0.7686274509803920907 ) ;
#1493 = ORIENTED_EDGE ( 'NONE', *, *, #1430, .T. ) ;
#1494 = VECTOR ( 'NONE', #898, 1000.000000000000000 ) ;
#1495 =( LENGTH_UNIT ( ) NAMED_UNIT ( * ) SI_UNIT ( .MILLI., .METRE. ) );
#1496 = EDGE_LOOP ( 'NONE', ( #862, #2133, #781, #1932 ) ) ;
#1497 = CLOSED_SHELL ( 'NONE', ( #69, #257, #841, #802, #1819, #813, #783, #1698, #429, #285, #1370, #1560, #2148, #400, #1001, #2236, #1285, #932, #443, #1311, #2031, #795, #609, #947, #1362, #755, #737, #2004, #1134, #1730, #1480, #1993, #766, #658, #1665, #1025, #2222, #415, #213, #246, #29, #980, #644, #562, #2198 ) ) ;
#1498 = AXIS2_PLACEMENT_3D ( 'NONE', #956, #1777, #1935 ) ;
#1499 = DIRECTION ( 'NONE',  ( 1.000000000000000000, 0.000000000000000000, 0.000000000000000000 ) ) ;
#1500 = STYLED_ITEM ( 'NONE', ( #1837 ), #980 ) ;
#1501 = VERTEX_POINT ( 'NONE', #1393 ) ;
#1502 =( NAMED_UNIT ( * ) SI_UNIT ( $, .STERADIAN. ) SOLID_ANGLE_UNIT ( ) );
#1503 = VERTEX_POINT ( 'NONE', #1030 ) ;
#1504 = MECHANICAL_DESIGN_GEOMETRIC_PRESENTATION_REPRESENTATION (  '', ( #1378 ), #1615 ) ;
#1505 = MECHANICAL_DESIGN_GEOMETRIC_PRESENTATION_REPRESENTATION (  '', ( #1252 ), #1617 ) ;
#1506 = CARTESIAN_POINT ( 'NONE',  ( -1.919615242270663158, -0.3000000000000000444, 2.169615242270661604 ) ) ;
#1507 = APPLICATION_CONTEXT ( 'automotive_design' ) ;
#1508 = STYLED_ITEM ( 'NONE', ( #2088 ), #1285 ) ;
#1509 = EDGE_CURVE ( 'NONE', #635, #811, #2231, .T. ) ;
#1510 = SURFACE_STYLE_FILL_AREA ( #877 ) ;
#1511 = DIRECTION ( 'NONE',  ( -1.000000000000000000, -0.000000000000000000, -0.000000000000000000 ) ) ;
#1512 = FILL_AREA_STYLE ('',( #938 ) ) ;
#1513 = FACE_OUTER_BOUND ( 'NONE', #75, .T. ) ;
#1514 = VECTOR ( 'NONE', #1409, 1000.000000000000000 ) ;
#1515 = CARTESIAN_POINT ( 'NONE',  ( -0.3499999999999999778, -3.699999999999999734, -2.400000000000026112 ) ) ;
#1516 = PLANE ( 'NONE',  #617 ) ;
#1517 = DIRECTION ( 'NONE',  ( -0.000000000000000000, -1.000000000000000000, -0.000000000000000000 ) ) ;
#1518 = EDGE_CURVE ( 'NONE', #1128, #2243, #1337, .T. ) ;
#1519 = ORIENTED_EDGE ( 'NONE', *, *, #1795, .F. ) ;
#1520 = SURFACE_SIDE_STYLE ('',( #993 ) ) ;
#1521 = DIRECTION ( 'NONE',  ( -1.000000000000000000, -0.000000000000000000, -0.000000000000000000 ) ) ;
#1522 = FACE_OUTER_BOUND ( 'NONE', #553, .T. ) ;
#1523 =( GEOMETRIC_REPRESENTATION_CONTEXT ( 3 ) GLOBAL_UNCERTAINTY_ASSIGNED_CONTEXT ( ( #703 ) ) GLOBAL_UNIT_ASSIGNED_CONTEXT ( ( #227, #401, #1331 ) ) REPRESENTATION_CONTEXT ( 'NONE', 'WORKASPACE' ) );
#1524 = ORIENTED_EDGE ( 'NONE', *, *, #1159, .T. ) ;
#1525 = VECTOR ( 'NONE', #310, 1000.000000000000000 ) ;
#1526 = UNCERTAINTY_MEASURE_WITH_UNIT (LENGTH_MEASURE( 1.000000000000000082E-05 ), #1495, 'distance_accuracy_value', 'NONE');
#1527 = EDGE_CURVE ( 'NONE', #2010, #1155, #455, .T. ) ;
#1528 =( NAMED_UNIT ( * ) SI_UNIT ( $, .STERADIAN. ) SOLID_ANGLE_UNIT ( ) );
#1529 = CARTESIAN_POINT ( 'NONE',  ( -0.3499999999999999778, -0.3749999745697734088, -2.325000025430229211 ) ) ;
#1530 = VERTEX_POINT ( 'NONE', #1734 ) ;
#1531 = SURFACE_SIDE_STYLE ('',( #1835 ) ) ;
#1532 = CARTESIAN_POINT ( 'NONE',  ( -0.1749999999999999889, -4.800000000000026468, -2.700000000000034373 ) ) ;
#1533 = ORIENTED_EDGE ( 'NONE', *, *, #2276, .F. ) ;
#1534 = EDGE_LOOP ( 'NONE', ( #2072, #1561, #636, #2155 ) ) ;
#1535 =( GEOMETRIC_REPRESENTATION_CONTEXT ( 3 ) GLOBAL_UNCERTAINTY_ASSIGNED_CONTEXT ( ( #2250 ) ) GLOBAL_UNIT_ASSIGNED_CONTEXT ( ( #1770, #1449, #1814 ) ) REPRESENTATION_CONTEXT ( 'NONE', 'WORKASPACE' ) );
#1536 = DIRECTION ( 'NONE',  ( 1.000000000000000000, 0.000000000000000000, 0.000000000000000000 ) ) ;
#1537 = CARTESIAN_POINT ( 'NONE',  ( 0.3499999999999999778, -0.3749999745697734088, 2.700000000000000622 ) ) ;
#1538 = EDGE_CURVE ( 'NONE', #1067, #2212, #7, .T. ) ;
#1539 = DIRECTION ( 'NONE',  ( 0.000000000000000000, 0.000000000000000000, -1.000000000000000000 ) ) ;
#1540 = PLANE ( 'NONE',  #508 ) ;
#1541 = AXIS2_PLACEMENT_3D ( 'NONE', #704, #147, #497 ) ;
#1542 = LINE ( 'NONE', #41, #94 ) ;
#1543 =( NAMED_UNIT ( * ) PLANE_ANGLE_UNIT ( ) SI_UNIT ( $, .RADIAN. ) );
#1544 = COLOUR_RGB ( '',0.6666666666666666297, 0.6980392156862744724, 0.7686274509803920907 ) ;
#1545 = DIRECTION ( 'NONE',  ( 7.228014483236695816E-17, 0.000000000000000000, -1.000000000000000000 ) ) ;
#1546 = VECTOR ( 'NONE', #927, 1000.000000000000000 ) ;
#1547 = DIRECTION ( 'NONE',  ( -0.08715574274765836016, 0.9961946980917455452, 0.000000000000000000 ) ) ;
#1548 = CARTESIAN_POINT ( 'NONE',  ( -0.8486398024345025437, -0.5656926704116214122, 2.700000000000000622 ) ) ;
#1549 = DIRECTION ( 'NONE',  ( 0.9659258262890680902, -0.2588190451025213501, -1.861793563239935185E-16 ) ) ;
#1550 = VECTOR ( 'NONE', #951, 1000.000000000000000 ) ;
#1551 = LINE ( 'NONE', #567, #461 ) ;
#1552 = EDGE_LOOP ( 'NONE', ( #517, #2192, #2129, #2289 ) ) ;
#1553 = EDGE_CURVE ( 'NONE', #52, #1813, #114, .T. ) ;
#1554 =( NAMED_UNIT ( * ) PLANE_ANGLE_UNIT ( ) SI_UNIT ( $, .RADIAN. ) );
#1555 = ORIENTED_EDGE ( 'NONE', *, *, #452, .F. ) ;
#1556 = SURFACE_SIDE_STYLE ('',( #1400 ) ) ;
#1557 = EDGE_LOOP ( 'NONE', ( #1298, #1874, #1706, #123, #2046, #1711 ) ) ;
#1558 = UNCERTAINTY_MEASURE_WITH_UNIT (LENGTH_MEASURE( 1.000000000000000082E-05 ), #1634, 'distance_accuracy_value', 'NONE');
#1559 = EDGE_CURVE ( 'NONE', #2249, #206, #1948, .T. ) ;
#1560 = ADVANCED_FACE ( 'NONE', ( #1307 ), #1017, .T. ) ;
#1561 = ORIENTED_EDGE ( 'NONE', *, *, #1784, .F. ) ;
#1562 = DIRECTION ( 'NONE',  ( 0.000000000000000000, -0.000000000000000000, 1.000000000000000000 ) ) ;
#1563 = DIRECTION ( 'NONE',  ( -1.000000000000000000, 0.000000000000000000, 0.000000000000000000 ) ) ;
#1564 = FILL_AREA_STYLE ('',( #288 ) ) ;
#1565 = CARTESIAN_POINT ( 'NONE',  ( 1.919615242270661382, -0.3000000000000002109, -2.169615242270663380 ) ) ;
#1566 = VECTOR ( 'NONE', #1201, 1000.000000000000000 ) ;
#1567 = CARTESIAN_POINT ( 'NONE',  ( -2.149999999999999467, -0.2999999999999999889, 2.325000000000000178 ) ) ;
#1568 = COLOUR_RGB ( '',0.1372549019607843257, 0.2941176470588235392, 0.7490196078431372584 ) ;
#1569 =( NAMED_UNIT ( * ) PLANE_ANGLE_UNIT ( ) SI_UNIT ( $, .RADIAN. ) );
#1570 = VERTEX_POINT ( 'NONE', #1402 ) ;
#1571 = PRODUCT_DEFINITION ( 'UNKNOWN', '', #750, #713 ) ;
#1572 = VECTOR ( 'NONE', #718, 1000.000000000000000 ) ;
#1573 = ORIENTED_EDGE ( 'NONE', *, *, #1165, .F. ) ;
#1574 = ORIENTED_EDGE ( 'NONE', *, *, #202, .F. ) ;
#1575 = PRESENTATION_LAYER_ASSIGNMENT (  '', '', ( #115 ) ) ;
#1576 = VERTEX_POINT ( 'NONE', #707 ) ;
#1577 = AXIS2_PLACEMENT_3D ( 'NONE', #2161, #569, #1169 ) ;
#1578 = EDGE_CURVE ( 'NONE', #208, #1793, #339, .T. ) ;
#1579 = ORIENTED_EDGE ( 'NONE', *, *, #368, .F. ) ;
#1580 = AXIS2_PLACEMENT_3D ( 'NONE', #1176, #1999, #2203 ) ;
#1581 = ORIENTED_EDGE ( 'NONE', *, *, #1481, .T. ) ;
#1582 = DIRECTION ( 'NONE',  ( -1.000000000000000000, -0.000000000000000000, 0.000000000000000000 ) ) ;
#1583 = CARTESIAN_POINT ( 'NONE',  ( 0.3499999999999992006, -0.2999999999999999889, 2.325000000000000178 ) ) ;
#1584 = LINE ( 'NONE', #1202, #303 ) ;
#1585 = FACE_OUTER_BOUND ( 'NONE', #831, .T. ) ;
#1586 = DIRECTION ( 'NONE',  ( -0.000000000000000000, 1.000000000000000000, 6.958495259125925386E-15 ) ) ;
#1587 =( LENGTH_UNIT ( ) NAMED_UNIT ( * ) SI_UNIT ( .MILLI., .METRE. ) );
#1588 = LINE ( 'NONE', #1682, #472 ) ;
#1589 =( GEOMETRIC_REPRESENTATION_CONTEXT ( 3 ) GLOBAL_UNCERTAINTY_ASSIGNED_CONTEXT ( ( #456 ) ) GLOBAL_UNIT_ASSIGNED_CONTEXT ( ( #1822, #960, #59 ) ) REPRESENTATION_CONTEXT ( 'NONE', 'WORKASPACE' ) );
#1590 = EDGE_CURVE ( 'NONE', #753, #1793, #2202, .T. ) ;
#1591 = LINE ( 'NONE', #1077, #1147 ) ;
#1592 =( NAMED_UNIT ( * ) SI_UNIT ( $, .STERADIAN. ) SOLID_ANGLE_UNIT ( ) );
#1593 = UNCERTAINTY_MEASURE_WITH_UNIT (LENGTH_MEASURE( 1.000000000000000082E-05 ), #542, 'distance_accuracy_value', 'NONE');
#1594 = VECTOR ( 'NONE', #1714, 1000.000000000000000 ) ;
#1595 = EDGE_CURVE ( 'NONE', #1939, #2253, #1035, .T. ) ;
#1596 = LINE ( 'NONE', #2110, #1738 ) ;
#1597 = CARTESIAN_POINT ( 'NONE',  ( 0.3499999999999923173, -3.699999999999999734, -2.700000000000034373 ) ) ;
#1598 = EDGE_CURVE ( 'NONE', #1570, #17, #1453, .T. ) ;
#1599 = PRESENTATION_STYLE_ASSIGNMENT (( #373 ) ) ;
#1600 = PLANE ( 'NONE',  #1129 ) ;
#1601 = EDGE_LOOP ( 'NONE', ( #1881, #1662, #402, #1627 ) ) ;
#1602 = VERTEX_POINT ( 'NONE', #2122 ) ;
#1603 = AXIS2_PLACEMENT_3D ( 'NONE', #2179, #1678, #422 ) ;
#1604 = DIRECTION ( 'NONE',  ( 0.000000000000000000, 0.000000000000000000, -1.000000000000000000 ) ) ;
#1605 = ORIENTED_EDGE ( 'NONE', *, *, #1196, .F. ) ;
#1606 = FILL_AREA_STYLE ('',( #312 ) ) ;
#1607 =( GEOMETRIC_REPRESENTATION_CONTEXT ( 3 ) GLOBAL_UNCERTAINTY_ASSIGNED_CONTEXT ( ( #846 ) ) GLOBAL_UNIT_ASSIGNED_CONTEXT ( ( #1950, #1255, #2119 ) ) REPRESENTATION_CONTEXT ( 'NONE', 'WORKASPACE' ) );
#1608 = COLOUR_RGB ( '',0.7921568627450980005, 0.8196078431372548767, 0.9333333333333333481 ) ;
#1609 = AXIS2_PLACEMENT_3D ( 'NONE', #37, #45, #754 ) ;
#1610 = FILL_AREA_STYLE ('',( #2107 ) ) ;
#1611 = DIRECTION ( 'NONE',  ( 0.000000000000000000, 0.000000000000000000, 1.000000000000000000 ) ) ;
#1612 = PRESENTATION_STYLE_ASSIGNMENT (( #375 ) ) ;
#1613 = DIRECTION ( 'NONE',  ( 0.000000000000000000, 0.000000000000000000, -1.000000000000000000 ) ) ;
#1614 = LINE ( 'NONE', #1379, #1783 ) ;
#1615 =( GEOMETRIC_REPRESENTATION_CONTEXT ( 3 ) GLOBAL_UNCERTAINTY_ASSIGNED_CONTEXT ( ( #150 ) ) GLOBAL_UNIT_ASSIGNED_CONTEXT ( ( #1163, #1543, #979 ) ) REPRESENTATION_CONTEXT ( 'NONE', 'WORKASPACE' ) );
#1616 = UNCERTAINTY_MEASURE_WITH_UNIT (LENGTH_MEASURE( 1.000000000000000082E-05 ), #1354, 'distance_accuracy_value', 'NONE');
#1617 =( GEOMETRIC_REPRESENTATION_CONTEXT ( 3 ) GLOBAL_UNCERTAINTY_ASSIGNED_CONTEXT ( ( #423 ) ) GLOBAL_UNIT_ASSIGNED_CONTEXT ( ( #358, #176, #1456 ) ) REPRESENTATION_CONTEXT ( 'NONE', 'WORKASPACE' ) );
#1618 = COLOUR_RGB ( '',0.6666666666666666297, 0.6980392156862744724, 0.7686274509803920907 ) ;
#1619 = CARTESIAN_POINT ( 'NONE',  ( -0.3499999999999999778, -0.3749999745697734088, 2.325000025430226547 ) ) ;
#1620 = SURFACE_STYLE_FILL_AREA ( #1 ) ;
#1621 = EDGE_CURVE ( 'NONE', #1778, #2010, #1200, .T. ) ;
#1622 = PLANE ( 'NONE',  #2012 ) ;
#1623 = CARTESIAN_POINT ( 'NONE',  ( -0.7500000000000000000, -0.9000000000000001332, 2.400000000000000355 ) ) ;
#1624 = VECTOR ( 'NONE', #48, 1000.000000000000000 ) ;
#1625 = DIRECTION ( 'NONE',  ( -1.000000000000000000, 0.000000000000000000, -0.000000000000000000 ) ) ;
#1626 = CARTESIAN_POINT ( 'NONE',  ( 0.3499999999999999778, -0.3749999745697734088, -2.400000000000003020 ) ) ;
#1627 = ORIENTED_EDGE ( 'NONE', *, *, #2233, .T. ) ;
#1628 = ORIENTED_EDGE ( 'NONE', *, *, #817, .T. ) ;
#1629 = FILL_AREA_STYLE_COLOUR ( '', #691 ) ;
#1630 = COLOUR_RGB ( '',0.6666666666666666297, 0.6980392156862744724, 0.7686274509803920907 ) ;
#1631 = PLANE ( 'NONE',  #78 ) ;
#1632 =( NAMED_UNIT ( * ) SI_UNIT ( $, .STERADIAN. ) SOLID_ANGLE_UNIT ( ) );
#1633 = EDGE_CURVE ( 'NONE', #82, #1155, #2120, .T. ) ;
#1634 =( LENGTH_UNIT ( ) NAMED_UNIT ( * ) SI_UNIT ( .MILLI., .METRE. ) );
#1635 = PRESENTATION_LAYER_ASSIGNMENT (  '', '', ( #869 ) ) ;
#1636 = DIRECTION ( 'NONE',  ( -7.228014483236695816E-17, -0.000000000000000000, 1.000000000000000000 ) ) ;
#1637 = SURFACE_STYLE_USAGE ( .BOTH. , #1088 ) ;
#1638 = LINE ( 'NONE', #313, #1170 ) ;
#1639 = FILL_AREA_STYLE_COLOUR ( '', #660 ) ;
#1640 = CARTESIAN_POINT ( 'NONE',  ( -0.3499999999999999778, -3.699999999999999734, 2.700000000000000178 ) ) ;
#1641 = PRESENTATION_STYLE_ASSIGNMENT (( #2185 ) ) ;
#1642 = FILL_AREA_STYLE_COLOUR ( '', #945 ) ;
#1643 = MECHANICAL_DESIGN_GEOMETRIC_PRESENTATION_REPRESENTATION (  '', ( #1852 ), #2013 ) ;
#1644 = FILL_AREA_STYLE ('',( #1943 ) ) ;
#1645 = LINE ( 'NONE', #1537, #1594 ) ;
#1646 = DIRECTION ( 'NONE',  ( 0.000000000000000000, 0.000000000000000000, 1.000000000000000000 ) ) ;
#1647 = AXIS2_PLACEMENT_3D ( 'NONE', #1064, #1415, #2281 ) ;
#1648 = DIRECTION ( 'NONE',  ( 0.000000000000000000, -0.2588190451025213501, 0.9659258262890680902 ) ) ;
#1649 = COLOUR_RGB ( '',0.4980392156862745168, 0.4980392156862745168, 0.4980392156862745168 ) ;
#1650 = PRESENTATION_LAYER_ASSIGNMENT (  '', '', ( #928 ) ) ;
#1651 = ORIENTED_EDGE ( 'NONE', *, *, #368, .T. ) ;
#1652 = COLOUR_RGB ( '',0.4980392156862745168, 0.4980392156862745168, 0.4980392156862745168 ) ;
#1653 = CARTESIAN_POINT ( 'NONE',  ( 0.3499999999999999778, -4.799999999999999822, -2.700000000000033928 ) ) ;
#1654 = ORIENTED_EDGE ( 'NONE', *, *, #488, .F. ) ;
#1655 = ORIENTED_EDGE ( 'NONE', *, *, #1986, .T. ) ;
#1656 = APPLICATION_CONTEXT ( 'automotive_design' ) ;
#1657 = DIRECTION ( 'NONE',  ( 1.000000000000000000, 0.000000000000000000, -0.000000000000000000 ) ) ;
#1658 = ORIENTED_EDGE ( 'NONE', *, *, #1986, .F. ) ;
#1659 = PRODUCT_DEFINITION_SHAPE ( 'NONE', 'NONE',  #1571 ) ;
#1660 = CARTESIAN_POINT ( 'NONE',  ( -0.1749999999999999889, -4.800000000000026468, -2.400000000000034106 ) ) ;
#1661 = PRESENTATION_LAYER_ASSIGNMENT (  '', '', ( #881 ) ) ;
#1662 = ORIENTED_EDGE ( 'NONE', *, *, #1768, .F. ) ;
#1663 = EDGE_CURVE ( 'NONE', #2295, #2182, #2117, .T. ) ;
#1664 = ORIENTED_EDGE ( 'NONE', *, *, #1518, .F. ) ;
#1665 = ADVANCED_FACE ( 'NONE', ( #1221 ), #2092, .F. ) ;
#1666 = CARTESIAN_POINT ( 'NONE',  ( -1.500000000000000000, -1.300000000000000044, 1.750000000000000000 ) ) ;
#1667 = CARTESIAN_POINT ( 'NONE',  ( 0.3499999999999923173, -3.699999999999999734, -2.700000000000034373 ) ) ;
#1668 = PLANE ( 'NONE',  #1498 ) ;
#1669 = CARTESIAN_POINT ( 'NONE',  ( -0.3499999999999999778, -0.9000000000000002442, 2.700000000000000622 ) ) ;
#1670 = PRESENTATION_STYLE_ASSIGNMENT (( #1434 ) ) ;
#1671 = COLOUR_RGB ( '',0.4980392156862745168, 0.4980392156862745168, 0.4980392156862745168 ) ;
#1672 =( NAMED_UNIT ( * ) PLANE_ANGLE_UNIT ( ) SI_UNIT ( $, .RADIAN. ) );
#1673 = LINE ( 'NONE', #561, #1151 ) ;
#1674 = PRESENTATION_LAYER_ASSIGNMENT (  '', '', ( #1956 ) ) ;
#1675 = CARTESIAN_POINT ( 'NONE',  ( -0.3500000000000004774, -0.2999999999999999889, -2.325000000000000178 ) ) ;
#1676 = CARTESIAN_POINT ( 'NONE',  ( 0.3499999999999999778, -0.2999999999999999889, -2.325000000000002842 ) ) ;
#1677 = ORIENTED_EDGE ( 'NONE', *, *, #61, .F. ) ;
#1678 = DIRECTION ( 'NONE',  ( 0.000000000000000000, -1.000000000000000000, 0.000000000000000000 ) ) ;
#1679 = ORIENTED_EDGE ( 'NONE', *, *, #235, .F. ) ;
#1680 = CARTESIAN_POINT ( 'NONE',  ( -2.000000000000000000, 0.000000000000000000, 2.249999999999999556 ) ) ;
#1681 = EDGE_LOOP ( 'NONE', ( #546, #1046, #1323, #1295 ) ) ;
#1682 = CARTESIAN_POINT ( 'NONE',  ( -1.500000000000000000, -1.099999999999999867, 1.750000000000000000 ) ) ;
#1683 = SURFACE_STYLE_USAGE ( .BOTH. , #623 ) ;
#1684 = STYLED_ITEM ( 'NONE', ( #619 ), #932 ) ;
#1685 = DIRECTION ( 'NONE',  ( 0.000000000000000000, 0.000000000000000000, 1.000000000000000000 ) ) ;
#1686 = ORIENTED_EDGE ( 'NONE', *, *, #733, .F. ) ;
#1687 = UNCERTAINTY_MEASURE_WITH_UNIT (LENGTH_MEASURE( 1.000000000000000082E-05 ), #396, 'distance_accuracy_value', 'NONE');
#1688 = FILL_AREA_STYLE ('',( #983 ) ) ;
#1689 = PRESENTATION_STYLE_ASSIGNMENT (( #930 ) ) ;
#1690 = PRESENTATION_STYLE_ASSIGNMENT (( #296 ) ) ;
#1691 = MECHANICAL_DESIGN_GEOMETRIC_PRESENTATION_REPRESENTATION (  '', ( #1748 ), #2264 ) ;
#1692 = COLOUR_RGB ( '',0.6666666666666666297, 0.6980392156862744724, 0.7686274509803920907 ) ;
#1693 =( NAMED_UNIT ( * ) PLANE_ANGLE_UNIT ( ) SI_UNIT ( $, .RADIAN. ) );
#1694 = AXIS2_PLACEMENT_3D ( 'NONE', #1153, #1345, #796 ) ;
#1695 = FACE_BOUND ( 'NONE', #1326, .T. ) ;
#1696 = FILL_AREA_STYLE ('',( #1847 ) ) ;
#1697 = CARTESIAN_POINT ( 'NONE',  ( -1.500000000000000000, -1.300000000000000044, -1.250000000000000000 ) ) ;
#1698 = ADVANCED_FACE ( 'NONE', ( #1695, #1086 ), #1915, .F. ) ;
#1699 = VECTOR ( 'NONE', #558, 1000.000000000000000 ) ;
#1700 = PRESENTATION_STYLE_ASSIGNMENT (( #426 ) ) ;
#1701 = DIRECTION ( 'NONE',  ( -0.000000000000000000, 0.000000000000000000, 1.000000000000000000 ) ) ;
#1702 = EDGE_CURVE ( 'NONE', #465, #1131, #823, .T. ) ;
#1703 =( NAMED_UNIT ( * ) PLANE_ANGLE_UNIT ( ) SI_UNIT ( $, .RADIAN. ) );
#1704 =( NAMED_UNIT ( * ) SI_UNIT ( $, .STERADIAN. ) SOLID_ANGLE_UNIT ( ) );
#1705 = EDGE_CURVE ( 'NONE', #1192, #1138, #1303, .T. ) ;
#1706 = ORIENTED_EDGE ( 'NONE', *, *, #1306, .T. ) ;
#1707 = VERTEX_POINT ( 'NONE', #2292 ) ;
#1708 = DIRECTION ( 'NONE',  ( 1.000000000000000000, -0.000000000000000000, -0.000000000000000000 ) ) ;
#1709 = VERTEX_POINT ( 'NONE', #892 ) ;
#1710 = ORIENTED_EDGE ( 'NONE', *, *, #1165, .T. ) ;
#1711 = ORIENTED_EDGE ( 'NONE', *, *, #1988, .T. ) ;
#1712 = UNCERTAINTY_MEASURE_WITH_UNIT (LENGTH_MEASURE( 1.000000000000000082E-05 ), #2300, 'distance_accuracy_value', 'NONE');
#1713 = ORIENTED_EDGE ( 'NONE', *, *, #1426, .T. ) ;
#1714 = DIRECTION ( 'NONE',  ( 0.000000000000000000, -1.000000000000000000, -9.800697548064683973E-17 ) ) ;
#1715 = FILL_AREA_STYLE ('',( #1011 ) ) ;
#1716 = MECHANICAL_DESIGN_GEOMETRIC_PRESENTATION_REPRESENTATION (  '', ( #1238 ), #131 ) ;
#1717 = LINE ( 'NONE', #200, #2082 ) ;
#1718 = STYLED_ITEM ( 'NONE', ( #2114 ), #658 ) ;
#1719 = SURFACE_SIDE_STYLE ('',( #1090 ) ) ;
#1720 = LINE ( 'NONE', #968, #117 ) ;
#1721 =( NAMED_UNIT ( * ) SI_UNIT ( $, .STERADIAN. ) SOLID_ANGLE_UNIT ( ) );
#1722 = EDGE_LOOP ( 'NONE', ( #207, #729, #1403, #1792 ) ) ;
#1723 = SURFACE_STYLE_FILL_AREA ( #2290 ) ;
#1724 =( NAMED_UNIT ( * ) PLANE_ANGLE_UNIT ( ) SI_UNIT ( $, .RADIAN. ) );
#1725 = VERTEX_POINT ( 'NONE', #1085 ) ;
#1726 = LINE ( 'NONE', #2252, #1258 ) ;
#1727 = ORIENTED_EDGE ( 'NONE', *, *, #1039, .F. ) ;
#1728 = CARTESIAN_POINT ( 'NONE',  ( -1.919615242270664046, -0.3000000000000000444, -2.169615242270663380 ) ) ;
#1729 = DIRECTION ( 'NONE',  ( 0.000000000000000000, 1.000000000000000000, 0.000000000000000000 ) ) ;
#1730 = ADVANCED_FACE ( 'NONE', ( #682 ), #726, .F. ) ;
#1731 = SURFACE_SIDE_STYLE ('',( #1310 ) ) ;
#1732 = STYLED_ITEM ( 'NONE', ( #565 ), #1886 ) ;
#1733 = FACE_OUTER_BOUND ( 'NONE', #238, .T. ) ;
#1734 = CARTESIAN_POINT ( 'NONE',  ( -1.500000000000000000, -1.300000000000000044, 1.750000000000000000 ) ) ;
#1735 = LINE ( 'NONE', #954, #1173 ) ;
#1736 = VECTOR ( 'NONE', #167, 1000.000000000000000 ) ;
#1737 =( GEOMETRIC_REPRESENTATION_CONTEXT ( 3 ) GLOBAL_UNCERTAINTY_ASSIGNED_CONTEXT ( ( #321 ) ) GLOBAL_UNIT_ASSIGNED_CONTEXT ( ( #179, #1263, #1632 ) ) REPRESENTATION_CONTEXT ( 'NONE', 'WORKASPACE' ) );
#1738 = VECTOR ( 'NONE', #1429, 1000.000000000000000 ) ;
#1739 = PLANE ( 'NONE',  #1266 ) ;
#1740 =( NAMED_UNIT ( * ) SI_UNIT ( $, .STERADIAN. ) SOLID_ANGLE_UNIT ( ) );
#1741 = CARTESIAN_POINT ( 'NONE',  ( 0.3499999999999999778, 0.000000000000000000, 2.325000000000000178 ) ) ;
#1742 = PRESENTATION_LAYER_ASSIGNMENT (  '', '', ( #1408 ) ) ;
#1743 = CARTESIAN_POINT ( 'NONE',  ( 0.000000000000000000, -0.2999999999999999889, 0.000000000000000000 ) ) ;
#1744 = SURFACE_STYLE_FILL_AREA ( #709 ) ;
#1745 = FILL_AREA_STYLE_COLOUR ( '', #385 ) ;
#1746 = EDGE_LOOP ( 'NONE', ( #1658, #1189, #1073, #260 ) ) ;
#1747 = DIRECTION ( 'NONE',  ( 1.000000000000000000, 0.000000000000000000, 0.000000000000000000 ) ) ;
#1748 = STYLED_ITEM ( 'NONE', ( #141 ), #1450 ) ;
#1749 = DIRECTION ( 'NONE',  ( 0.000000000000000000, 0.000000000000000000, 1.000000000000000000 ) ) ;
#1750 = DIRECTION ( 'NONE',  ( -0.000000000000000000, -0.000000000000000000, 1.000000000000000000 ) ) ;
#1751 = ORIENTED_EDGE ( 'NONE', *, *, #2247, .F. ) ;
#1752 = DIRECTION ( 'NONE',  ( -1.000000000000000000, 0.000000000000000000, -0.000000000000000000 ) ) ;
#1753 = STYLED_ITEM ( 'NONE', ( #2001 ), #1134 ) ;
#1754 = VECTOR ( 'NONE', #1343, 1000.000000000000000 ) ;
#1755 = CARTESIAN_POINT ( 'NONE',  ( -0.3499999999999999778, -0.3749999745697734088, 2.325000025430226547 ) ) ;
#1756 = DIRECTION ( 'NONE',  ( -0.000000000000000000, -0.000000000000000000, 1.000000000000000000 ) ) ;
#1757 = SURFACE_SIDE_STYLE ('',( #1723 ) ) ;
#1758 =( NAMED_UNIT ( * ) PLANE_ANGLE_UNIT ( ) SI_UNIT ( $, .RADIAN. ) );
#1759 = VECTOR ( 'NONE', #127, 1000.000000000000000 ) ;
#1760 = DIRECTION ( 'NONE',  ( 0.000000000000000000, 0.000000000000000000, -1.000000000000000000 ) ) ;
#1761 = UNCERTAINTY_MEASURE_WITH_UNIT (LENGTH_MEASURE( 1.000000000000000082E-05 ), #1893, 'distance_accuracy_value', 'NONE');
#1762 = CARTESIAN_POINT ( 'NONE',  ( -0.3499999999999999778, -0.3749999745697734088, 2.400000000000002576 ) ) ;
#1763 = ORIENTED_EDGE ( 'NONE', *, *, #1401, .F. ) ;
#1764 = PRESENTATION_STYLE_ASSIGNMENT (( #1437 ) ) ;
#1765 = FILL_AREA_STYLE_COLOUR ( '', #2228 ) ;
#1766 = ORIENTED_EDGE ( 'NONE', *, *, #2160, .T. ) ;
#1767 = APPLICATION_CONTEXT ( 'automotive_design' ) ;
#1768 = EDGE_CURVE ( 'NONE', #2154, #1530, #1591, .T. ) ;
#1769 = ORIENTED_EDGE ( 'NONE', *, *, #1267, .F. ) ;
#1770 =( LENGTH_UNIT ( ) NAMED_UNIT ( * ) SI_UNIT ( .MILLI., .METRE. ) );
#1771 = DIRECTION ( 'NONE',  ( 1.927470528863119049E-16, -0.000000000000000000, 1.000000000000000000 ) ) ;
#1772 = ORIENTED_EDGE ( 'NONE', *, *, #817, .F. ) ;
#1773 = DIRECTION ( 'NONE',  ( 0.000000000000000000, 0.000000000000000000, 1.000000000000000000 ) ) ;
#1774 = DIRECTION ( 'NONE',  ( 1.000000000000000000, 0.000000000000000000, 0.000000000000000000 ) ) ;
#1775 = VERTEX_POINT ( 'NONE', #1803 ) ;
#1776 = FILL_AREA_STYLE ('',( #2136 ) ) ;
#1777 = DIRECTION ( 'NONE',  ( -1.000000000000000000, 0.000000000000000000, 0.000000000000000000 ) ) ;
#1778 = VERTEX_POINT ( 'NONE', #1997 ) ;
#1779 = CARTESIAN_POINT ( 'NONE',  ( -0.1749999999999999889, -4.800000000000026468, 2.400000000000000799 ) ) ;
#1780 =( NAMED_UNIT ( * ) SI_UNIT ( $, .STERADIAN. ) SOLID_ANGLE_UNIT ( ) );
#1781 = LINE ( 'NONE', #820, #847 ) ;
#1782 = DIRECTION ( 'NONE',  ( 0.000000000000000000, 1.000000000000000000, 0.000000000000000000 ) ) ;
#1783 = VECTOR ( 'NONE', #1050, 1000.000000000000000 ) ;
#1784 = EDGE_CURVE ( 'NONE', #206, #1192, #1542, .T. ) ;
#1785 = LINE ( 'NONE', #1273, #1699 ) ;
#1786 = DIRECTION ( 'NONE',  ( 1.000000000000000000, 0.000000000000000000, 0.000000000000000000 ) ) ;
#1787 = PRESENTATION_LAYER_ASSIGNMENT (  '', '', ( #356 ) ) ;
#1788 = VECTOR ( 'NONE', #2226, 1000.000000000000114 ) ;
#1789 =( LENGTH_UNIT ( ) NAMED_UNIT ( * ) SI_UNIT ( .MILLI., .METRE. ) );
#1790 = ORIENTED_EDGE ( 'NONE', *, *, #790, .T. ) ;
#1791 = PRESENTATION_LAYER_ASSIGNMENT (  '', '', ( #439 ) ) ;
#1792 = ORIENTED_EDGE ( 'NONE', *, *, #1553, .F. ) ;
#1793 = VERTEX_POINT ( 'NONE', #50 ) ;
#1794 = FILL_AREA_STYLE_COLOUR ( '', #1182 ) ;
#1795 = EDGE_CURVE ( 'NONE', #1570, #47, #566, .T. ) ;
#1796 = CARTESIAN_POINT ( 'NONE',  ( -0.7500000000000000000, -1.100000000000000089, 2.400000000000000355 ) ) ;
#1797 = CARTESIAN_POINT ( 'NONE',  ( 1.499999999999999778, -1.099999999999999867, 1.750000000000000000 ) ) ;
#1798 = ORIENTED_EDGE ( 'NONE', *, *, #249, .T. ) ;
#1799 = SURFACE_STYLE_USAGE ( .BOTH. , #2297 ) ;
#1800 = EDGE_CURVE ( 'NONE', #1576, #1602, #1973, .T. ) ;
#1801 = VERTEX_POINT ( 'NONE', #2171 ) ;
#1802 = UNCERTAINTY_MEASURE_WITH_UNIT (LENGTH_MEASURE( 1.000000000000000082E-05 ), #352, 'distance_accuracy_value', 'NONE');
#1803 = CARTESIAN_POINT ( 'NONE',  ( 1.651666049839539685, -1.300000000000000044, 1.901666049839539019 ) ) ;
#1804 =( NAMED_UNIT ( * ) SI_UNIT ( $, .STERADIAN. ) SOLID_ANGLE_UNIT ( ) );
#1805 = VECTOR ( 'NONE', #1756, 1000.000000000000000 ) ;
#1806 = VECTOR ( 'NONE', #109, 1000.000000000000114 ) ;
#1807 = FACE_OUTER_BOUND ( 'NONE', #1216, .T. ) ;
#1808 = AXIS2_PLACEMENT_3D ( 'NONE', #2244, #649, #801 ) ;
#1809 = LINE ( 'NONE', #1290, #1367 ) ;
#1810 = FACE_BOUND ( 'NONE', #1552, .T. ) ;
#1811 = DIRECTION ( 'NONE',  ( -1.000000000000000000, -0.000000000000000000, -0.000000000000000000 ) ) ;
#1812 = PRESENTATION_LAYER_ASSIGNMENT (  '', '', ( #237 ) ) ;
#1813 = VERTEX_POINT ( 'NONE', #1660 ) ;
#1814 =( NAMED_UNIT ( * ) SI_UNIT ( $, .STERADIAN. ) SOLID_ANGLE_UNIT ( ) );
#1815 = VECTOR ( 'NONE', #1084, 1000.000000000000000 ) ;
#1816 = EDGE_LOOP ( 'NONE', ( #1651, #1798, #2214, #489 ) ) ;
#1817 = ORIENTED_EDGE ( 'NONE', *, *, #600, .T. ) ;
#1818 = CARTESIAN_POINT ( 'NONE',  ( 0.3499999999999999778, -0.3749999745697734088, -2.325000025430229211 ) ) ;
#1819 = ADVANCED_FACE ( 'NONE', ( #2030 ), #2181, .T. ) ;
#1820 = CARTESIAN_POINT ( 'NONE',  ( -1.919615242270664046, -0.2999999999999999889, -2.250000000000000444 ) ) ;
#1821 = ORIENTED_EDGE ( 'NONE', *, *, #324, .T. ) ;
#1822 =( LENGTH_UNIT ( ) NAMED_UNIT ( * ) SI_UNIT ( .MILLI., .METRE. ) );
#1823 =( GEOMETRIC_REPRESENTATION_CONTEXT ( 3 ) GLOBAL_UNCERTAINTY_ASSIGNED_CONTEXT ( ( #391 ) ) GLOBAL_UNIT_ASSIGNED_CONTEXT ( ( #2196, #416, #425 ) ) REPRESENTATION_CONTEXT ( 'NONE', 'WORKASPACE' ) );
#1824 = ORIENTED_EDGE ( 'NONE', *, *, #202, .T. ) ;
#1825 = STYLED_ITEM ( 'NONE', ( #1764 ), #236 ) ;
#1826 =( LENGTH_UNIT ( ) NAMED_UNIT ( * ) SI_UNIT ( .MILLI., .METRE. ) );
#1827 = AXIS2_PLACEMENT_3D ( 'NONE', #1619, #2105, #868 ) ;
#1828 = UNCERTAINTY_MEASURE_WITH_UNIT (LENGTH_MEASURE( 1.000000000000000082E-05 ), #2251, 'distance_accuracy_value', 'NONE');
#1829 = DIRECTION ( 'NONE',  ( -1.927470528863119542E-16, 0.000000000000000000, -1.000000000000000000 ) ) ;
#1830 = MECHANICAL_DESIGN_GEOMETRIC_PRESENTATION_REPRESENTATION (  '', ( #2055 ), #2066 ) ;
#1831 = COLOUR_RGB ( '',0.4980392156862745168, 0.4980392156862745168, 0.4980392156862745168 ) ;
#1832 = CARTESIAN_POINT ( 'NONE',  ( 1.499999999999999778, -1.099999999999999867, 1.750000000000000000 ) ) ;
#1833 = SURFACE_SIDE_STYLE ('',( #386 ) ) ;
#1834 = CARTESIAN_POINT ( 'NONE',  ( -2.149999999999999467, 0.000000000000000000, 2.325000000000000178 ) ) ;
#1835 = SURFACE_STYLE_FILL_AREA ( #988 ) ;
#1836 = PRESENTATION_STYLE_ASSIGNMENT (( #886 ) ) ;
#1837 = PRESENTATION_STYLE_ASSIGNMENT (( #845 ) ) ;
#1838 = FACE_OUTER_BOUND ( 'NONE', #1899, .T. ) ;
#1839 = SURFACE_SIDE_STYLE ('',( #2091 ) ) ;
#1840 = EDGE_CURVE ( 'NONE', #1707, #1164, #2029, .T. ) ;
#1841 = LINE ( 'NONE', #259, #543 ) ;
#1842 = DIRECTION ( 'NONE',  ( 1.000000000000000000, 0.000000000000000000, 0.000000000000000000 ) ) ;
#1843 = PRESENTATION_STYLE_ASSIGNMENT (( #1322 ) ) ;
#1844 = ORIENTED_EDGE ( 'NONE', *, *, #1219, .T. ) ;
#1845 = EDGE_CURVE ( 'NONE', #605, #2249, #26, .T. ) ;
#1846 = LINE ( 'NONE', #1452, #1373 ) ;
#1847 = FILL_AREA_STYLE_COLOUR ( '', #1544 ) ;
#1848 = DIRECTION ( 'NONE',  ( 0.000000000000000000, 0.000000000000000000, 1.000000000000000000 ) ) ;
#1849 = LINE ( 'NONE', #1458, #417 ) ;
#1850 = EDGE_LOOP ( 'NONE', ( #518, #1772, #437, #1766 ) ) ;
#1851 = ORIENTED_EDGE ( 'NONE', *, *, #613, .F. ) ;
#1852 = STYLED_ITEM ( 'NONE', ( #2258 ), #1353 ) ;
#1853 = PRODUCT_DEFINITION_CONTEXT ( 'detailed design', #1507, 'design' ) ;
#1854 = ORIENTED_EDGE ( 'NONE', *, *, #613, .T. ) ;
#1855 = FILL_AREA_STYLE ('',( #2006 ) ) ;
#1856 = FILL_AREA_STYLE ('',( #628 ) ) ;
#1857 = ORIENTED_EDGE ( 'NONE', *, *, #860, .T. ) ;
#1858 = PLANE ( 'NONE',  #1235 ) ;
#1859 = SURFACE_SIDE_STYLE ('',( #1472 ) ) ;
#1860 = PRESENTATION_LAYER_ASSIGNMENT (  '', '', ( #1718 ) ) ;
#1861 =( NAMED_UNIT ( * ) PLANE_ANGLE_UNIT ( ) SI_UNIT ( $, .RADIAN. ) );
#1862 = PLANE ( 'NONE',  #1020 ) ;
#1863 = FACE_OUTER_BOUND ( 'NONE', #410, .T. ) ;
#1864 = PRESENTATION_LAYER_ASSIGNMENT (  '', '', ( #1753 ) ) ;
#1865 = LINE ( 'NONE', #1834, #366 ) ;
#1866 =( GEOMETRIC_REPRESENTATION_CONTEXT ( 3 ) GLOBAL_UNCERTAINTY_ASSIGNED_CONTEXT ( ( #1558 ) ) GLOBAL_UNIT_ASSIGNED_CONTEXT ( ( #1634, #387, #2131 ) ) REPRESENTATION_CONTEXT ( 'NONE', 'WORKASPACE' ) );
#1867 = EDGE_CURVE ( 'NONE', #884, #2245, #1717, .T. ) ;
#1868 = SURFACE_STYLE_USAGE ( .BOTH. , #2225 ) ;
#1869 = EDGE_CURVE ( 'NONE', #1793, #1065, #1735, .T. ) ;
#1870 = PRESENTATION_STYLE_ASSIGNMENT (( #1340 ) ) ;
#1871 = EDGE_LOOP ( 'NONE', ( #19, #1236, #1049, #107 ) ) ;
#1872 = COLOUR_RGB ( '',0.6666666666666666297, 0.6980392156862744724, 0.7686274509803920907 ) ;
#1873 = SURFACE_SIDE_STYLE ('',( #506 ) ) ;
#1874 = ORIENTED_EDGE ( 'NONE', *, *, #1223, .T. ) ;
#1875 = EDGE_CURVE ( 'NONE', #987, #1707, #1588, .T. ) ;
#1876 = FILL_AREA_STYLE_COLOUR ( '', #1671 ) ;
#1877 = ORIENTED_EDGE ( 'NONE', *, *, #2073, .F. ) ;
#1878 = FILL_AREA_STYLE ('',( #2210 ) ) ;
#1879 = EDGE_LOOP ( 'NONE', ( #992, #816, #371, #1136 ) ) ;
#1880 = AXIS2_PLACEMENT_3D ( 'NONE', #818, #654, #1207 ) ;
#1881 = ORIENTED_EDGE ( 'NONE', *, *, #397, .F. ) ;
#1882 = PRESENTATION_STYLE_ASSIGNMENT (( #1460 ) ) ;
#1883 = FACE_OUTER_BOUND ( 'NONE', #1901, .T. ) ;
#1884 = AXIS2_PLACEMENT_3D ( 'NONE', #1483, #2170, #1126 ) ;
#1885 = SURFACE_STYLE_USAGE ( .BOTH. , #659 ) ;
#1886 = ADVANCED_FACE ( 'NONE', ( #276 ), #1858, .T. ) ;
#1887 = FACE_OUTER_BOUND ( 'NONE', #1984, .T. ) ;
#1888 = FACE_OUTER_BOUND ( 'NONE', #1871, .T. ) ;
#1889 = DIRECTION ( 'NONE',  ( 0.2588190451025213501, 0.9659258262890680902, 0.000000000000000000 ) ) ;
#1890 = FILL_AREA_STYLE ('',( #667 ) ) ;
#1891 = MECHANICAL_DESIGN_GEOMETRIC_PRESENTATION_REPRESENTATION (  '', ( #1500 ), #512 ) ;
#1892 = VECTOR ( 'NONE', #1038, 1000.000000000000000 ) ;
#1893 =( LENGTH_UNIT ( ) NAMED_UNIT ( * ) SI_UNIT ( .MILLI., .METRE. ) );
#1894 = DIRECTION ( 'NONE',  ( 1.000000000000000000, 0.000000000000000000, 0.000000000000000000 ) ) ;
#1895 = UNCERTAINTY_MEASURE_WITH_UNIT (LENGTH_MEASURE( 1.000000000000000082E-05 ), #273, 'distance_accuracy_value', 'NONE');
#1896 = AXIS2_PLACEMENT_3D ( 'NONE', #1066, #1774, #1604 ) ;
#1897 = ORIENTED_EDGE ( 'NONE', *, *, #1383, .T. ) ;
#1898 = PLANE ( 'NONE',  #1980 ) ;
#1899 = EDGE_LOOP ( 'NONE', ( #2240, #1686, #271, #344 ) ) ;
#1900 = DIRECTION ( 'NONE',  ( 1.927470528863119542E-16, 0.000000000000000000, 1.000000000000000000 ) ) ;
#1901 = EDGE_LOOP ( 'NONE', ( #1206, #1573, #1519, #949 ) ) ;
#1902 = UNCERTAINTY_MEASURE_WITH_UNIT (LENGTH_MEASURE( 1.000000000000000082E-05 ), #1826, 'distance_accuracy_value', 'NONE');
#1903 = CARTESIAN_POINT ( 'NONE',  ( -1.500000000000000000, -1.300000000000000044, -1.250000000000000000 ) ) ;
#1904 = EDGE_CURVE ( 'NONE', #17, #1186, #1451, .T. ) ;
#1905 = DIRECTION ( 'NONE',  ( 0.000000000000000000, 1.000000000000000000, 9.800697548064685205E-17 ) ) ;
#1906 = VERTEX_POINT ( 'NONE', #2026 ) ;
#1907 = STYLED_ITEM ( 'NONE', ( #280 ), #783 ) ;
#1908 = ORIENTED_EDGE ( 'NONE', *, *, #1705, .F. ) ;
#1909 = FILL_AREA_STYLE ('',( #673 ) ) ;
#1910 = EDGE_LOOP ( 'NONE', ( #1677, #1185, #1110, #2017 ) ) ;
#1911 =( NAMED_UNIT ( * ) SI_UNIT ( $, .STERADIAN. ) SOLID_ANGLE_UNIT ( ) );
#1912 =( NAMED_UNIT ( * ) PLANE_ANGLE_UNIT ( ) SI_UNIT ( $, .RADIAN. ) );
#1913 = EDGE_CURVE ( 'NONE', #605, #1065, #870, .T. ) ;
#1914 = PRESENTATION_STYLE_ASSIGNMENT (( #1315 ) ) ;
#1915 = PLANE ( 'NONE',  #2144 ) ;
#1916 = FACE_OUTER_BOUND ( 'NONE', #1167, .T. ) ;
#1917 = EDGE_CURVE ( 'NONE', #746, #668, #678, .T. ) ;
#1918 = DIRECTION ( 'NONE',  ( -1.000000000000000000, -0.000000000000000000, -0.000000000000000000 ) ) ;
#1919 = COLOUR_RGB ( '',0.6666666666666666297, 0.6980392156862744724, 0.7686274509803920907 ) ;
#1920 = CARTESIAN_POINT ( 'NONE',  ( 0.3499999999999999778, -0.3749999745697734088, 2.400000000000002576 ) ) ;
#1921 = EDGE_CURVE ( 'NONE', #1138, #897, #620, .T. ) ;
#1922 = LINE ( 'NONE', #1218, #1759 ) ;
#1923 = FILL_AREA_STYLE ('',( #1427 ) ) ;
#1924 = CARTESIAN_POINT ( 'NONE',  ( -1.500000000000000000, -1.300000000000000044, 1.750000000000000000 ) ) ;
#1925 = SURFACE_STYLE_USAGE ( .BOTH. , #504 ) ;
#1926 = SURFACE_STYLE_FILL_AREA ( #2149 ) ;
#1927 = LINE ( 'NONE', #1007, #1957 ) ;
#1928 = UNCERTAINTY_MEASURE_WITH_UNIT (LENGTH_MEASURE( 1.000000000000000082E-05 ), #23, 'distance_accuracy_value', 'NONE');
#1929 = EDGE_LOOP ( 'NONE', ( #232, #1958, #328, #1079 ) ) ;
#1930 = STYLED_ITEM ( 'NONE', ( #1107 ), #548 ) ;
#1931 = APPLICATION_PROTOCOL_DEFINITION ( 'draft international standard', 'automotive_design', 1998, #1656 ) ;
#1932 = ORIENTED_EDGE ( 'NONE', *, *, #1479, .T. ) ;
#1933 = SURFACE_STYLE_USAGE ( .BOTH. , #1261 ) ;
#1934 =( NAMED_UNIT ( * ) SI_UNIT ( $, .STERADIAN. ) SOLID_ANGLE_UNIT ( ) );
#1935 = DIRECTION ( 'NONE',  ( 0.000000000000000000, 0.000000000000000000, 1.000000000000000000 ) ) ;
#1936 = EDGE_LOOP ( 'NONE', ( #1466, #291, #229, #1021 ) ) ;
#1937 = DIRECTION ( 'NONE',  ( 0.000000000000000000, -0.000000000000000000, 1.000000000000000000 ) ) ;
#1938 =( GEOMETRIC_REPRESENTATION_CONTEXT ( 3 ) GLOBAL_UNCERTAINTY_ASSIGNED_CONTEXT ( ( #2168 ) ) GLOBAL_UNIT_ASSIGNED_CONTEXT ( ( #2085, #1942, #1704 ) ) REPRESENTATION_CONTEXT ( 'NONE', 'WORKASPACE' ) );
#1939 = VERTEX_POINT ( 'NONE', #1388 ) ;
#1940 = DIRECTION ( 'NONE',  ( -0.000000000000000000, -0.000000000000000000, 1.000000000000000000 ) ) ;
#1941 = VERTEX_POINT ( 'NONE', #1043 ) ;
#1942 =( NAMED_UNIT ( * ) PLANE_ANGLE_UNIT ( ) SI_UNIT ( $, .RADIAN. ) );
#1943 = FILL_AREA_STYLE_COLOUR ( '', #479 ) ;
#1944 = CARTESIAN_POINT ( 'NONE',  ( -0.3499999999999999778, -0.3749999745697734088, 2.700000000000000622 ) ) ;
#1945 = PRESENTATION_LAYER_ASSIGNMENT (  '', '', ( #1425 ) ) ;
#1946 = MECHANICAL_DESIGN_GEOMETRIC_PRESENTATION_REPRESENTATION (  '', ( #1825 ), #540 ) ;
#1947 = AXIS2_PLACEMENT_3D ( 'NONE', #671, #1582, #2068 ) ;
#1948 = LINE ( 'NONE', #822, #1486 ) ;
#1949 = FILL_AREA_STYLE ('',( #171 ) ) ;
#1950 =( LENGTH_UNIT ( ) NAMED_UNIT ( * ) SI_UNIT ( .MILLI., .METRE. ) );
#1951 = LINE ( 'NONE', #675, #1514 ) ;
#1952 =( GEOMETRIC_REPRESENTATION_CONTEXT ( 3 ) GLOBAL_UNCERTAINTY_ASSIGNED_CONTEXT ( ( #1205 ) ) GLOBAL_UNIT_ASSIGNED_CONTEXT ( ( #298, #100, #464 ) ) REPRESENTATION_CONTEXT ( 'NONE', 'WORKASPACE' ) );
#1953 = FILL_AREA_STYLE ('',( #1421 ) ) ;
#1954 = ORIENTED_EDGE ( 'NONE', *, *, #164, .F. ) ;
#1955 = CARTESIAN_POINT ( 'NONE',  ( -2.149999999999999911, -0.2999999999999999889, -2.325000000000000178 ) ) ;
#1956 = STYLED_ITEM ( 'NONE', ( #1690 ), #2004 ) ;
#1957 = VECTOR ( 'NONE', #2215, 1000.000000000000000 ) ;
#1958 = ORIENTED_EDGE ( 'NONE', *, *, #1484, .F. ) ;
#1959 = AXIS2_PLACEMENT_3D ( 'NONE', #1296, #749, #1657 ) ;
#1960 = ORIENTED_EDGE ( 'NONE', *, *, #1219, .F. ) ;
#1961 = MECHANICAL_DESIGN_GEOMETRIC_PRESENTATION_REPRESENTATION (  '', ( #958 ), #1589 ) ;
#1962 = EDGE_CURVE ( 'NONE', #1981, #101, #1971, .T. ) ;
#1963 = ORIENTED_EDGE ( 'NONE', *, *, #1190, .T. ) ;
#1964 = DIRECTION ( 'NONE',  ( 1.000000000000000000, 0.000000000000000000, 0.000000000000000000 ) ) ;
#1965 =( LENGTH_UNIT ( ) NAMED_UNIT ( * ) SI_UNIT ( .MILLI., .METRE. ) );
#1966 = FACE_OUTER_BOUND ( 'NONE', #346, .T. ) ;
#1967 = CARTESIAN_POINT ( 'NONE',  ( -0.3499999999999999778, -3.699999999999999734, -2.700000000000034373 ) ) ;
#1968 = UNCERTAINTY_MEASURE_WITH_UNIT (LENGTH_MEASURE( 1.000000000000000082E-05 ), #1468, 'distance_accuracy_value', 'NONE');
#1969 = PRESENTATION_LAYER_ASSIGNMENT (  '', '', ( #1852 ) ) ;
#1970 = CARTESIAN_POINT ( 'NONE',  ( 0.3499999999999999778, 0.000000000000000000, -2.325000000000000178 ) ) ;
#1971 = LINE ( 'NONE', #1369, #1302 ) ;
#1972 = CARTESIAN_POINT ( 'NONE',  ( 1.500000000000000000, -1.099999999999999867, -1.250000000000000000 ) ) ;
#1973 = LINE ( 'NONE', #1667, #1003 ) ;
#1974 = VECTOR ( 'NONE', #2027, 1000.000000000000000 ) ;
#1975 = CARTESIAN_POINT ( 'NONE',  ( 0.000000000000000000, 0.000000000000000000, 0.000000000000000000 ) ) ;
#1976 = AXIS2_PLACEMENT_3D ( 'NONE', #835, #2204, #119 ) ;
#1977 = CARTESIAN_POINT ( 'NONE',  ( -0.7500000000000000000, -0.9000000000000001332, 2.400000000000000355 ) ) ;
#1978 = MECHANICAL_DESIGN_GEOMETRIC_PRESENTATION_REPRESENTATION (  '', ( #1718 ), #2190 ) ;
#1979 = VECTOR ( 'NONE', #393, 1000.000000000000000 ) ;
#1980 = AXIS2_PLACEMENT_3D ( 'NONE', #1057, #1444, #2123 ) ;
#1981 = VERTEX_POINT ( 'NONE', #1033 ) ;
#1982 = CARTESIAN_POINT ( 'NONE',  ( -1.500000000000000000, -1.099999999999999867, 1.750000000000000000 ) ) ;
#1983 = ORIENTED_EDGE ( 'NONE', *, *, #1559, .T. ) ;
#1984 = EDGE_LOOP ( 'NONE', ( #1821, #1574, #403, #1960, #264, #71 ) ) ;
#1985 = AXIS2_PLACEMENT_3D ( 'NONE', #2167, #580, #1132 ) ;
#1986 = EDGE_CURVE ( 'NONE', #1131, #1981, #2165, .T. ) ;
#1987 = ORIENTED_EDGE ( 'NONE', *, *, #1621, .T. ) ;
#1988 = EDGE_CURVE ( 'NONE', #1939, #2048, #2227, .T. ) ;
#1989 = VERTEX_POINT ( 'NONE', #1728 ) ;
#1990 = DIRECTION ( 'NONE',  ( 1.000000000000000000, 0.000000000000000000, 0.000000000000000000 ) ) ;
#1991 = ORIENTED_EDGE ( 'NONE', *, *, #1921, .F. ) ;
#1992 = CARTESIAN_POINT ( 'NONE',  ( -1.500000000000000000, -1.099999999999999867, -1.250000000000000000 ) ) ;
#1993 = ADVANCED_FACE ( 'NONE', ( #334 ), #2058, .F. ) ;
#1994 = UNCERTAINTY_MEASURE_WITH_UNIT (LENGTH_MEASURE( 1.000000000000000082E-05 ), #1363, 'distance_accuracy_value', 'NONE');
#1995 = VECTOR ( 'NONE', #138, 1000.000000000000000 ) ;
#1996 =( GEOMETRIC_REPRESENTATION_CONTEXT ( 3 ) GLOBAL_UNCERTAINTY_ASSIGNED_CONTEXT ( ( #525 ) ) GLOBAL_UNIT_ASSIGNED_CONTEXT ( ( #1394, #1861, #679 ) ) REPRESENTATION_CONTEXT ( 'NONE', 'WORKASPACE' ) );
#1997 = CARTESIAN_POINT ( 'NONE',  ( -1.938757935531854049, 0.6999999999999999556, -2.188757935531853160 ) ) ;
#1998 = EDGE_CURVE ( 'NONE', #2212, #2243, #1584, .T. ) ;
#1999 = DIRECTION ( 'NONE',  ( 1.000000000000000000, 0.000000000000000000, -0.000000000000000000 ) ) ;
#2000 = CARTESIAN_POINT ( 'NONE',  ( -0.3499999999999999778, -0.3749999745697734088, 2.400000000000000355 ) ) ;
#2001 = PRESENTATION_STYLE_ASSIGNMENT (( #1885 ) ) ;
#2002 = COLOUR_RGB ( '',0.4980392156862745168, 0.4980392156862745168, 0.4980392156862745168 ) ;
#2003 = AXIS2_PLACEMENT_3D ( 'NONE', #145, #335, #872 ) ;
#2004 = ADVANCED_FACE ( 'NONE', ( #24 ), #2043, .F. ) ;
#2005 = DIRECTION ( 'NONE',  ( 1.000000000000000000, -0.000000000000000000, 7.228014483236695816E-17 ) ) ;
#2006 = FILL_AREA_STYLE_COLOUR ( '', #1251 ) ;
#2007 = DIRECTION ( 'NONE',  ( -1.000000000000000000, -0.000000000000000000, -0.000000000000000000 ) ) ;
#2008 = EDGE_LOOP ( 'NONE', ( #1991, #1844, #262, #925 ) ) ;
#2009 = CARTESIAN_POINT ( 'NONE',  ( -2.000000000000000888, 0.000000000000000000, -2.250000000000000444 ) ) ;
#2010 = VERTEX_POINT ( 'NONE', #1191 ) ;
#2011 = VERTEX_POINT ( 'NONE', #1404 ) ;
#2012 = AXIS2_PLACEMENT_3D ( 'NONE', #1992, #1760, #1625 ) ;
#2013 =( GEOMETRIC_REPRESENTATION_CONTEXT ( 3 ) GLOBAL_UNCERTAINTY_ASSIGNED_CONTEXT ( ( #1902 ) ) GLOBAL_UNIT_ASSIGNED_CONTEXT ( ( #1826, #1140, #2186 ) ) REPRESENTATION_CONTEXT ( 'NONE', 'WORKASPACE' ) );
#2014 = SURFACE_STYLE_USAGE ( .BOTH. , #1839 ) ;
#2015 = CARTESIAN_POINT ( 'NONE',  ( 1.500000000000000000, -1.099999999999999867, -1.250000000000000000 ) ) ;
#2016 = DIRECTION ( 'NONE',  ( 1.000000000000000000, 0.000000000000000000, 7.228014483236695816E-17 ) ) ;
#2017 = ORIENTED_EDGE ( 'NONE', *, *, #1845, .F. ) ;
#2018 = PLANE ( 'NONE',  #1694 ) ;
#2019 = CARTESIAN_POINT ( 'NONE',  ( -0.1749999999999999889, -4.800000000000026468, 2.700000000000000622 ) ) ;
#2020 = ORIENTED_EDGE ( 'NONE', *, *, #454, .F. ) ;
#2021 = STYLED_ITEM ( 'NONE', ( #767 ), #1730 ) ;
#2022 =( NAMED_UNIT ( * ) PLANE_ANGLE_UNIT ( ) SI_UNIT ( $, .RADIAN. ) );
#2023 = SURFACE_SIDE_STYLE ('',( #1119 ) ) ;
#2024 = FACE_BOUND ( 'NONE', #407, .T. ) ;
#2025 = VECTOR ( 'NONE', #730, 1000.000000000000000 ) ;
#2026 = CARTESIAN_POINT ( 'NONE',  ( 0.3499999999999999778, -0.3749999745697734088, 2.400000000000002576 ) ) ;
#2027 = DIRECTION ( 'NONE',  ( -1.000000000000000000, -0.000000000000000000, -0.000000000000000000 ) ) ;
#2028 = CARTESIAN_POINT ( 'NONE',  ( -0.3500000000000004774, 0.000000000000000000, -2.325000000000000178 ) ) ;
#2029 = LINE ( 'NONE', #926, #1242 ) ;
#2030 = FACE_OUTER_BOUND ( 'NONE', #2180, .T. ) ;
#2031 = ADVANCED_FACE ( 'NONE', ( #1966 ), #1739, .F. ) ;
#2032 = VECTOR ( 'NONE', #1166, 1000.000000000000114 ) ;
#2033 = SURFACE_SIDE_STYLE ('',( #459 ) ) ;
#2034 = FACE_OUTER_BOUND ( 'NONE', #1879, .T. ) ;
#2035 = MECHANICAL_DESIGN_GEOMETRIC_PRESENTATION_REPRESENTATION (  '', ( #2142 ), #350 ) ;
#2036 =( LENGTH_UNIT ( ) NAMED_UNIT ( * ) SI_UNIT ( .MILLI., .METRE. ) );
#2037 = EDGE_CURVE ( 'NONE', #103, #1725, #650, .T. ) ;
#2038 = VECTOR ( 'NONE', #1521, 1000.000000000000000 ) ;
#2039 = VECTOR ( 'NONE', #1811, 1000.000000000000000 ) ;
#2040 = CARTESIAN_POINT ( 'NONE',  ( 1.499999999999999778, -1.099999999999999867, 1.750000000000000000 ) ) ;
#2041 = ORIENTED_EDGE ( 'NONE', *, *, #697, .F. ) ;
#2042 = DIRECTION ( 'NONE',  ( -0.08682659386424780579, -0.9924325091389669673, -0.08682659386424779191 ) ) ;
#2043 = PLANE ( 'NONE',  #290 ) ;
#2044 = SURFACE_STYLE_USAGE ( .BOTH. , #656 ) ;
#2045 = VERTEX_POINT ( 'NONE', #683 ) ;
#2046 = ORIENTED_EDGE ( 'NONE', *, *, #1595, .F. ) ;
#2047 =( NAMED_UNIT ( * ) PLANE_ANGLE_UNIT ( ) SI_UNIT ( $, .RADIAN. ) );
#2048 = VERTEX_POINT ( 'NONE', #490 ) ;
#2049 = DIRECTION ( 'NONE',  ( -0.000000000000000000, -0.000000000000000000, -1.000000000000000000 ) ) ;
#2050 = ORIENTED_EDGE ( 'NONE', *, *, #1355, .T. ) ;
#2051 = FILL_AREA_STYLE_COLOUR ( '', #1028 ) ;
#2052 = PRESENTATION_LAYER_ASSIGNMENT (  '', '', ( #1238 ) ) ;
#2053 = DIRECTION ( 'NONE',  ( 0.2588190451025213501, -0.9659258262890680902, 0.000000000000000000 ) ) ;
#2054 = PRESENTATION_LAYER_ASSIGNMENT (  '', '', ( #2021 ) ) ;
#2055 = STYLED_ITEM ( 'NONE', ( #1338 ), #766 ) ;
#2056 = DIRECTION ( 'NONE',  ( -1.000000000000000000, -0.000000000000000000, -0.000000000000000000 ) ) ;
#2057 = LINE ( 'NONE', #316, #1995 ) ;
#2058 = PLANE ( 'NONE',  #1880 ) ;
#2059 = PLANE ( 'NONE',  #1433 ) ;
#2060 = MECHANICAL_DESIGN_GEOMETRIC_PRESENTATION_REPRESENTATION (  '', ( #834 ), #2176 ) ;
#2061 = VECTOR ( 'NONE', #224, 1000.000000000000000 ) ;
#2062 = FILL_AREA_STYLE ('',( #1193 ) ) ;
#2063 = PRESENTATION_LAYER_ASSIGNMENT (  '', '', ( #267 ) ) ;
#2064 = FILL_AREA_STYLE_COLOUR ( '', #427 ) ;
#2065 = ORIENTED_EDGE ( 'NONE', *, *, #1392, .T. ) ;
#2066 =( GEOMETRIC_REPRESENTATION_CONTEXT ( 3 ) GLOBAL_UNCERTAINTY_ASSIGNED_CONTEXT ( ( #205 ) ) GLOBAL_UNIT_ASSIGNED_CONTEXT ( ( #230, #1359, #79 ) ) REPRESENTATION_CONTEXT ( 'NONE', 'WORKASPACE' ) );
#2067 = ORIENTED_EDGE ( 'NONE', *, *, #2237, .T. ) ;
#2068 = DIRECTION ( 'NONE',  ( 0.000000000000000000, 0.000000000000000000, 1.000000000000000000 ) ) ;
#2069 = UNCERTAINTY_MEASURE_WITH_UNIT (LENGTH_MEASURE( 1.000000000000000082E-05 ), #242, 'distance_accuracy_value', 'NONE');
#2070 = SURFACE_STYLE_USAGE ( .BOTH. , #1226 ) ;
#2071 =( NAMED_UNIT ( * ) PLANE_ANGLE_UNIT ( ) SI_UNIT ( $, .RADIAN. ) );
#2072 = ORIENTED_EDGE ( 'NONE', *, *, #449, .F. ) ;
#2073 = EDGE_CURVE ( 'NONE', #101, #1440, #1638, .T. ) ;
#2074 = VECTOR ( 'NONE', #920, 1000.000000000000000 ) ;
#2075 = CARTESIAN_POINT ( 'NONE',  ( 0.3499999999999999778, -0.3749999745697734088, -2.400000000000003020 ) ) ;
#2076 = MECHANICAL_DESIGN_GEOMETRIC_PRESENTATION_REPRESENTATION (  '', ( #905 ), #463 ) ;
#2077 = FILL_AREA_STYLE_COLOUR ( '', #1630 ) ;
#2078 = LINE ( 'NONE', #1398, #192 ) ;
#2079 = VECTOR ( 'NONE', #301, 1000.000000000000000 ) ;
#2080 =( LENGTH_UNIT ( ) NAMED_UNIT ( * ) SI_UNIT ( .MILLI., .METRE. ) );
#2081 = EDGE_CURVE ( 'NONE', #2221, #1989, #902, .T. ) ;
#2082 = VECTOR ( 'NONE', #942, 1000.000000000000000 ) ;
#2083 = DIRECTION ( 'NONE',  ( 0.2505628070857320866, 0.9351131265310290708, -0.2505628070857320866 ) ) ;
#2084 = SURFACE_STYLE_USAGE ( .BOTH. , #853 ) ;
#2085 =( LENGTH_UNIT ( ) NAMED_UNIT ( * ) SI_UNIT ( .MILLI., .METRE. ) );
#2086 = LINE ( 'NONE', #478, #252 ) ;
#2087 = CARTESIAN_POINT ( 'NONE',  ( -0.3499999999999999778, -0.3749999745697734088, -2.700000000000003286 ) ) ;
#2088 = PRESENTATION_STYLE_ASSIGNMENT (( #2099 ) ) ;
#2089 = DIRECTION ( 'NONE',  ( 0.000000000000000000, -0.000000000000000000, 1.000000000000000000 ) ) ;
#2090 = AXIS2_PLACEMENT_3D ( 'NONE', #219, #353, #1786 ) ;
#2091 = SURFACE_STYLE_FILL_AREA ( #1688 ) ;
#2092 = PLANE ( 'NONE',  #599 ) ;
#2093 = MECHANICAL_DESIGN_GEOMETRIC_PRESENTATION_REPRESENTATION (  '', ( #2261 ), #1022 ) ;
#2094 = FACE_OUTER_BOUND ( 'NONE', #2008, .T. ) ;
#2095 = FILL_AREA_STYLE_COLOUR ( '', #332 ) ;
#2096 = VERTEX_POINT ( 'NONE', #1222 ) ;
#2097 = ORIENTED_EDGE ( 'NONE', *, *, #1351, .T. ) ;
#2098 = MECHANICAL_DESIGN_GEOMETRIC_PRESENTATION_REPRESENTATION (  '', ( #311 ), #1026 ) ;
#2099 = SURFACE_STYLE_USAGE ( .BOTH. , #516 ) ;
#2100 = CARTESIAN_POINT ( 'NONE',  ( -1.500000000000000000, -1.099999999999999867, 1.750000000000000000 ) ) ;
#2101 = ORIENTED_EDGE ( 'NONE', *, *, #1069, .T. ) ;
#2102 = ORIENTED_EDGE ( 'NONE', *, *, #164, .T. ) ;
#2103 = AXIS2_PLACEMENT_3D ( 'NONE', #901, #2294, #2137 ) ;
#2104 = UNCERTAINTY_MEASURE_WITH_UNIT (LENGTH_MEASURE( 1.000000000000000082E-05 ), #1089, 'distance_accuracy_value', 'NONE');
#2105 = DIRECTION ( 'NONE',  ( -1.000000000000000000, -0.000000000000000000, -0.000000000000000000 ) ) ;
#2106 =( GEOMETRIC_REPRESENTATION_CONTEXT ( 3 ) GLOBAL_UNCERTAINTY_ASSIGNED_CONTEXT ( ( #1178 ) ) GLOBAL_UNIT_ASSIGNED_CONTEXT ( ( #2235, #1199, #154 ) ) REPRESENTATION_CONTEXT ( 'NONE', 'WORKASPACE' ) );
#2107 = FILL_AREA_STYLE_COLOUR ( '', #36 ) ;
#2108 = FILL_AREA_STYLE_COLOUR ( '', #1872 ) ;
#2109 = EDGE_LOOP ( 'NONE', ( #694, #692, #317, #856 ) ) ;
#2110 = CARTESIAN_POINT ( 'NONE',  ( -0.7500000000000000000, -1.100000000000000089, 2.400000000000000355 ) ) ;
#2111 = EDGE_CURVE ( 'NONE', #1939, #2243, #2113, .T. ) ;
#2112 = SURFACE_SIDE_STYLE ('',( #1510 ) ) ;
#2113 = LINE ( 'NONE', #1597, #618 ) ;
#2114 = PRESENTATION_STYLE_ASSIGNMENT (( #187 ) ) ;
#2115 = EDGE_CURVE ( 'NONE', #1440, #2182, #2078, .T. ) ;
#2116 = DIRECTION ( 'NONE',  ( -1.000000000000000000, -0.000000000000000000, -0.000000000000000000 ) ) ;
#2117 = LINE ( 'NONE', #136, #1805 ) ;
#2118 = CARTESIAN_POINT ( 'NONE',  ( -0.7500000000000000000, -1.100000000000000089, 2.400000000000000355 ) ) ;
#2119 =( NAMED_UNIT ( * ) SI_UNIT ( $, .STERADIAN. ) SOLID_ANGLE_UNIT ( ) );
#2120 = LINE ( 'NONE', #852, #1275 ) ;
#2121 = LINE ( 'NONE', #1248, #225 ) ;
#2122 = CARTESIAN_POINT ( 'NONE',  ( 0.3499999999999923173, -3.699999999999999734, 2.700000000000000622 ) ) ;
#2123 = DIRECTION ( 'NONE',  ( 0.000000000000000000, -0.9961946980917455452, 0.08715574274765836016 ) ) ;
#2124 = FACE_OUTER_BOUND ( 'NONE', #836, .T. ) ;
#2125 = STYLED_ITEM ( 'NONE', ( #88 ), #2031 ) ;
#2126 = APPLICATION_PROTOCOL_DEFINITION ( 'draft international standard', 'automotive_design', 1998, #1767 ) ;
#2127 = FACE_OUTER_BOUND ( 'NONE', #1910, .T. ) ;
#2128 =( NAMED_UNIT ( * ) PLANE_ANGLE_UNIT ( ) SI_UNIT ( $, .RADIAN. ) );
#2129 = ORIENTED_EDGE ( 'NONE', *, *, #93, .F. ) ;
#2130 = SURFACE_STYLE_FILL_AREA ( #1953 ) ;
#2131 =( NAMED_UNIT ( * ) SI_UNIT ( $, .STERADIAN. ) SOLID_ANGLE_UNIT ( ) );
#2132 = MECHANICAL_DESIGN_GEOMETRIC_PRESENTATION_REPRESENTATION (  '', ( #854 ), #664 ) ;
#2133 = ORIENTED_EDGE ( 'NONE', *, *, #1392, .F. ) ;
#2134 = VECTOR ( 'NONE', #1900, 1000.000000000000000 ) ;
#2135 = CARTESIAN_POINT ( 'NONE',  ( -0.7500000000000000000, -1.100000000000000089, 2.700000000000000622 ) ) ;
#2136 = FILL_AREA_STYLE_COLOUR ( '', #2002 ) ;
#2137 = DIRECTION ( 'NONE',  ( -0.1571150487351280212, 0.9875803063351143996, 0.000000000000000000 ) ) ;
#2138 = CARTESIAN_POINT ( 'NONE',  ( 1.499999999999999778, -1.099999999999999867, 1.750000000000000000 ) ) ;
#2139 = MECHANICAL_DESIGN_GEOMETRIC_PRESENTATION_REPRESENTATION (  '', ( #1094 ), #1172 ) ;
#2140 = CARTESIAN_POINT ( 'NONE',  ( -2.000000000000000000, 0.000000000000000000, 2.249999999999999556 ) ) ;
#2141 = SURFACE_STYLE_FILL_AREA ( #116 ) ;
#2142 = STYLED_ITEM ( 'NONE', ( #215 ), #2222 ) ;
#2143 = FILL_AREA_STYLE ('',( #914 ) ) ;
#2144 = AXIS2_PLACEMENT_3D ( 'NONE', #1438, #918, #908 ) ;
#2145 = UNCERTAINTY_MEASURE_WITH_UNIT (LENGTH_MEASURE( 1.000000000000000082E-05 ), #2298, 'distance_accuracy_value', 'NONE');
#2146 = PRESENTATION_LAYER_ASSIGNMENT (  '', '', ( #1907 ) ) ;
#2147 =( NAMED_UNIT ( * ) SI_UNIT ( $, .STERADIAN. ) SOLID_ANGLE_UNIT ( ) );
#2148 = ADVANCED_FACE ( 'NONE', ( #2024, #560 ), #492, .F. ) ;
#2149 = FILL_AREA_STYLE ('',( #941 ) ) ;
#2150 = LINE ( 'NONE', #907, #1347 ) ;
#2151 = ORIENTED_EDGE ( 'NONE', *, *, #2247, .T. ) ;
#2152 = EDGE_CURVE ( 'NONE', #1128, #1813, #588, .T. ) ;
#2153 =( NAMED_UNIT ( * ) SI_UNIT ( $, .STERADIAN. ) SOLID_ANGLE_UNIT ( ) );
#2154 = VERTEX_POINT ( 'NONE', #2100 ) ;
#2155 = ORIENTED_EDGE ( 'NONE', *, *, #1339, .T. ) ;
#2156 = EDGE_CURVE ( 'NONE', #1234, #666, #113, .T. ) ;
#2157 = CARTESIAN_POINT ( 'NONE',  ( 1.999999999999999112, 0.000000000000000000, -2.250000000000000444 ) ) ;
#2158 = ORIENTED_EDGE ( 'NONE', *, *, #1538, .F. ) ;
#2159 = FILL_AREA_STYLE_COLOUR ( '', #30 ) ;
#2160 = EDGE_CURVE ( 'NONE', #1941, #1725, #2224, .T. ) ;
#2161 = CARTESIAN_POINT ( 'NONE',  ( -2.149999999999999911, -0.2999999999999999889, -2.325000000000000178 ) ) ;
#2162 = EDGE_LOOP ( 'NONE', ( #700, #212, #1710, #1763 ) ) ;
#2163 = ORIENTED_EDGE ( 'NONE', *, *, #452, .T. ) ;
#2164 =( NAMED_UNIT ( * ) SI_UNIT ( $, .STERADIAN. ) SOLID_ANGLE_UNIT ( ) );
#2165 = LINE ( 'NONE', #976, #764 ) ;
#2166 = DIRECTION ( 'NONE',  ( -0.000000000000000000, 1.000000000000000000, -0.000000000000000000 ) ) ;
#2167 = CARTESIAN_POINT ( 'NONE',  ( -2.000000000000000888, 0.000000000000000000, -2.250000000000000444 ) ) ;
#2168 = UNCERTAINTY_MEASURE_WITH_UNIT (LENGTH_MEASURE( 1.000000000000000082E-05 ), #2085, 'distance_accuracy_value', 'NONE');
#2169 = CYLINDRICAL_SURFACE ( 'NONE', #889, 0.3749999745697742415 ) ;
#2170 = DIRECTION ( 'NONE',  ( 0.000000000000000000, 0.000000000000000000, -1.000000000000000000 ) ) ;
#2171 = CARTESIAN_POINT ( 'NONE',  ( 1.999999999999999112, 0.000000000000000000, -2.250000000000000444 ) ) ;
#2172 = AXIS2_PLACEMENT_3D ( 'NONE', #614, #608, #1539 ) ;
#2173 = CARTESIAN_POINT ( 'NONE',  ( -0.3500000000000004774, 0.000000000000000000, 2.325000000000000178 ) ) ;
#2174 = CARTESIAN_POINT ( 'NONE',  ( -0.3499999999999999778, -3.699999999999999734, 2.400000000000000799 ) ) ;
#2175 = LINE ( 'NONE', #1488, #1371 ) ;
#2176 =( GEOMETRIC_REPRESENTATION_CONTEXT ( 3 ) GLOBAL_UNCERTAINTY_ASSIGNED_CONTEXT ( ( #2145 ) ) GLOBAL_UNIT_ASSIGNED_CONTEXT ( ( #2298, #160, #524 ) ) REPRESENTATION_CONTEXT ( 'NONE', 'WORKASPACE' ) );
#2177 = CARTESIAN_POINT ( 'NONE',  ( 0.1749999999999999889, -4.800000000000026468, -2.700000000000034373 ) ) ;
#2178 = ORIENTED_EDGE ( 'NONE', *, *, #329, .T. ) ;
#2179 = CARTESIAN_POINT ( 'NONE',  ( -0.7500000000000000000, -1.100000000000000089, 2.400000000000000355 ) ) ;
#2180 = EDGE_LOOP ( 'NONE', ( #1854, #133, #326, #1857 ) ) ;
#2181 = PLANE ( 'NONE',  #102 ) ;
#2182 = VERTEX_POINT ( 'NONE', #1640 ) ;
#2183 = PRESENTATION_LAYER_ASSIGNMENT (  '', '', ( #1378 ) ) ;
#2184 = EDGE_CURVE ( 'NONE', #1292, #1164, #448, .T. ) ;
#2185 = SURFACE_STYLE_USAGE ( .BOTH. , #1833 ) ;
#2186 =( NAMED_UNIT ( * ) SI_UNIT ( $, .STERADIAN. ) SOLID_ANGLE_UNIT ( ) );
#2187 =( GEOMETRIC_REPRESENTATION_CONTEXT ( 3 ) GLOBAL_UNCERTAINTY_ASSIGNED_CONTEXT ( ( #1111 ) ) GLOBAL_UNIT_ASSIGNED_CONTEXT ( ( #1346, #1569, #240 ) ) REPRESENTATION_CONTEXT ( 'NONE', 'WORKASPACE' ) );
#2188 = ORIENTED_EDGE ( 'NONE', *, *, #1426, .F. ) ;
#2189 = PLANE ( 'NONE',  #1603 ) ;
#2190 =( GEOMETRIC_REPRESENTATION_CONTEXT ( 3 ) GLOBAL_UNCERTAINTY_ASSIGNED_CONTEXT ( ( #1968 ) ) GLOBAL_UNIT_ASSIGNED_CONTEXT ( ( #1468, #728, #545 ) ) REPRESENTATION_CONTEXT ( 'NONE', 'WORKASPACE' ) );
#2191 = FILL_AREA_STYLE_COLOUR ( '', #906 ) ;
#2192 = ORIENTED_EDGE ( 'NONE', *, *, #283, .F. ) ;
#2193 = COLOUR_RGB ( '',0.4980392156862745168, 0.4980392156862745168, 0.4980392156862745168 ) ;
#2194 = FACE_OUTER_BOUND ( 'NONE', #1384, .T. ) ;
#2195 = DIRECTION ( 'NONE',  ( 0.000000000000000000, 0.9659258262890680902, -0.2588190451025213501 ) ) ;
#2196 =( LENGTH_UNIT ( ) NAMED_UNIT ( * ) SI_UNIT ( .MILLI., .METRE. ) );
#2197 = SURFACE_STYLE_FILL_AREA ( #1909 ) ;
#2198 = ADVANCED_FACE ( 'NONE', ( #1080 ), #378, .T. ) ;
#2199 = PLANE ( 'NONE',  #18 ) ;
#2200 =( GEOMETRIC_REPRESENTATION_CONTEXT ( 3 ) GLOBAL_UNCERTAINTY_ASSIGNED_CONTEXT ( ( #1004 ) ) GLOBAL_UNIT_ASSIGNED_CONTEXT ( ( #1183, #2047, #1911 ) ) REPRESENTATION_CONTEXT ( 'NONE', 'WORKASPACE' ) );
#2201 = EDGE_CURVE ( 'NONE', #2048, #80, #331, .T. ) ;
#2202 = LINE ( 'NONE', #501, #1243 ) ;
#2203 = DIRECTION ( 'NONE',  ( 0.000000000000000000, 0.000000000000000000, 1.000000000000000000 ) ) ;
#2204 = DIRECTION ( 'NONE',  ( 0.000000000000000000, 1.000000000000000000, 0.000000000000000000 ) ) ;
#2205 = STYLED_ITEM ( 'NONE', ( #1599 ), #285 ) ;
#2206 = LINE ( 'NONE', #1309, #1892 ) ;
#2207 = CARTESIAN_POINT ( 'NONE',  ( -1.500000000000000000, -1.099999999999999867, 1.750000000000000000 ) ) ;
#2208 = CIRCLE ( 'NONE', #1808, 0.07499997456977564037 ) ;
#2209 = SURFACE_STYLE_USAGE ( .BOTH. , #2023 ) ;
#2210 = FILL_AREA_STYLE_COLOUR ( '', #1568 ) ;
#2211 = VECTOR ( 'NONE', #515, 1000.000000000000000 ) ;
#2212 = VERTEX_POINT ( 'NONE', #1626 ) ;
#2213 = EDGE_LOOP ( 'NONE', ( #896, #1254, #1555, #1314 ) ) ;
#2214 = ORIENTED_EDGE ( 'NONE', *, *, #1875, .T. ) ;
#2215 = DIRECTION ( 'NONE',  ( -1.000000000000000000, -0.000000000000000000, -0.000000000000000000 ) ) ;
#2216 = DIRECTION ( 'NONE',  ( -0.000000000000000000, -1.000000000000000000, -8.673617379884035472E-15 ) ) ;
#2217 = DIRECTION ( 'NONE',  ( 0.1571150487351280212, -0.9875803063351143996, -9.678975886815526348E-17 ) ) ;
#2218 = MANIFOLD_SOLID_BREP ( 'Boss-Extrude6', #747 ) ;
#2219 = FILL_AREA_STYLE_COLOUR ( '', #191 ) ;
#2220 =( LENGTH_UNIT ( ) NAMED_UNIT ( * ) SI_UNIT ( .MILLI., .METRE. ) );
#2221 = VERTEX_POINT ( 'NONE', #1259 ) ;
#2222 = ADVANCED_FACE ( 'NONE', ( #241 ), #1291, .F. ) ;
#2223 = MECHANICAL_DESIGN_GEOMETRIC_PRESENTATION_REPRESENTATION (  '', ( #237 ), #1469 ) ;
#2224 = LINE ( 'NONE', #1797, #2074 ) ;
#2225 = SURFACE_SIDE_STYLE ('',( #63 ) ) ;
#2226 = DIRECTION ( 'NONE',  ( -0.1571150487351280212, 0.9875803063351143996, -0.000000000000000000 ) ) ;
#2227 = LINE ( 'NONE', #638, #305 ) ;
#2228 = COLOUR_RGB ( '',0.6666666666666666297, 0.6980392156862744724, 0.7686274509803920907 ) ;
#2229 = MECHANICAL_DESIGN_GEOMETRIC_PRESENTATION_REPRESENTATION (  '', ( #1753 ), #765 ) ;
#2230 = COLOUR_RGB ( '',0.6666666666666666297, 0.6980392156862744724, 0.7686274509803920907 ) ;
#2231 = LINE ( 'NONE', #1567, #2255 ) ;
#2232 = AXIS2_PLACEMENT_3D ( 'NONE', #1743, #858, #2089 ) ;
#2233 = EDGE_CURVE ( 'NONE', #1187, #1288, #381, .T. ) ;
#2234 = VECTOR ( 'NONE', #336, 1000.000000000000000 ) ;
#2235 =( LENGTH_UNIT ( ) NAMED_UNIT ( * ) SI_UNIT ( .MILLI., .METRE. ) );
#2236 = ADVANCED_FACE ( 'NONE', ( #1027 ), #586, .T. ) ;
#2237 = EDGE_CURVE ( 'NONE', #2253, #1192, #1459, .T. ) ;
#2238 = VECTOR ( 'NONE', #1829, 1000.000000000000000 ) ;
#2239 = LINE ( 'NONE', #2157, #258 ) ;
#2240 = ORIENTED_EDGE ( 'NONE', *, *, #1355, .F. ) ;
#2241 = STYLED_ITEM ( 'NONE', ( #1297 ), #813 ) ;
#2242 = DIRECTION ( 'NONE',  ( -0.000000000000000000, 1.000000000000000000, 0.000000000000000000 ) ) ;
#2243 = VERTEX_POINT ( 'NONE', #1124 ) ;
#2244 = CARTESIAN_POINT ( 'NONE',  ( 0.3499999999999999778, -0.3749999745697734088, 2.325000025430226547 ) ) ;
#2245 = VERTEX_POINT ( 'NONE', #65 ) ;
#2246 = ADVANCED_FACE ( 'NONE', ( #480 ), #1154, .T. ) ;
#2247 = EDGE_CURVE ( 'NONE', #188, #601, #1010, .T. ) ;
#2248 = FILL_AREA_STYLE ('',( #2191 ) ) ;
#2249 = VERTEX_POINT ( 'NONE', #445 ) ;
#2250 = UNCERTAINTY_MEASURE_WITH_UNIT (LENGTH_MEASURE( 1.000000000000000082E-05 ), #1770, 'distance_accuracy_value', 'NONE');
#2251 =( LENGTH_UNIT ( ) NAMED_UNIT ( * ) SI_UNIT ( .MILLI., .METRE. ) );
#2252 = CARTESIAN_POINT ( 'NONE',  ( 2.149999999999999911, -0.2999999999999999889, 2.325000000000000178 ) ) ;
#2253 = VERTEX_POINT ( 'NONE', #634 ) ;
#2254 = DIRECTION ( 'NONE',  ( -0.000000000000000000, -1.000000000000000000, -0.000000000000000000 ) ) ;
#2255 = VECTOR ( 'NONE', #1894, 1000.000000000000000 ) ;
#2256 = MECHANICAL_DESIGN_GEOMETRIC_PRESENTATION_REPRESENTATION (  '', ( #125 ), #2106 ) ;
#2257 = SURFACE_STYLE_FILL_AREA ( #1180 ) ;
#2258 = PRESENTATION_STYLE_ASSIGNMENT (( #578 ) ) ;
#2259 =( NAMED_UNIT ( * ) PLANE_ANGLE_UNIT ( ) SI_UNIT ( $, .RADIAN. ) );
#2260 = LINE ( 'NONE', #86, #1788 ) ;
#2261 = STYLED_ITEM ( 'NONE', ( #1870 ), #69 ) ;
#2262 = DIRECTION ( 'NONE',  ( 0.000000000000000000, 7.056502234606572756E-15, -1.000000000000000000 ) ) ;
#2263 = COLOUR_RGB ( '',0.6666666666666666297, 0.6980392156862744724, 0.7686274509803920907 ) ;
#2264 =( GEOMETRIC_REPRESENTATION_CONTEXT ( 3 ) GLOBAL_UNCERTAINTY_ASSIGNED_CONTEXT ( ( #1269 ) ) GLOBAL_UNIT_ASSIGNED_CONTEXT ( ( #2036, #447, #984 ) ) REPRESENTATION_CONTEXT ( 'NONE', 'WORKASPACE' ) );
#2265 = DIRECTION ( 'NONE',  ( -1.000000000000000000, -0.000000000000000000, -0.000000000000000000 ) ) ;
#2266 = ORIENTED_EDGE ( 'NONE', *, *, #1784, .T. ) ;
#2267 =( GEOMETRIC_REPRESENTATION_CONTEXT ( 3 ) GLOBAL_UNCERTAINTY_ASSIGNED_CONTEXT ( ( #571 ) ) GLOBAL_UNIT_ASSIGNED_CONTEXT ( ( #85, #1703, #809 ) ) REPRESENTATION_CONTEXT ( 'NONE', 'WORKASPACE' ) );
#2268 = ORIENTED_EDGE ( 'NONE', *, *, #943, .T. ) ;
#2269 = DIRECTION ( 'NONE',  ( 0.000000000000000000, 0.000000000000000000, -1.000000000000000000 ) ) ;
#2270 = CARTESIAN_POINT ( 'NONE',  ( 0.1749999999999999889, -4.800000000000026468, -2.700000000000034373 ) ) ;
#2271 = DIRECTION ( 'NONE',  ( -1.000000000000000000, -0.000000000000000000, -0.000000000000000000 ) ) ;
#2272 = SURFACE_SIDE_STYLE ('',( #996 ) ) ;
#2273 = ORIENTED_EDGE ( 'NONE', *, *, #292, .F. ) ;
#2274 = DIRECTION ( 'NONE',  ( 0.000000000000000000, -0.000000000000000000, -1.000000000000000000 ) ) ;
#2275 = ORIENTED_EDGE ( 'NONE', *, *, #1118, .T. ) ;
#2276 = EDGE_CURVE ( 'NONE', #1164, #103, #2206, .T. ) ;
#2277 = EDGE_CURVE ( 'NONE', #2212, #668, #2086, .T. ) ;
#2278 = CARTESIAN_POINT ( 'NONE',  ( 1.500000000000000000, -1.300000000000000044, -1.250000000000000000 ) ) ;
#2279 =( NAMED_UNIT ( * ) PLANE_ANGLE_UNIT ( ) SI_UNIT ( $, .RADIAN. ) );
#2280 = FACE_OUTER_BOUND ( 'NONE', #462, .T. ) ;
#2281 = DIRECTION ( 'NONE',  ( -0.08715574274765836016, -0.9961946980917455452, 0.000000000000000000 ) ) ;
#2282 = DIRECTION ( 'NONE',  ( -0.1571150487351212210, -0.9875803063351153988, 0.000000000000000000 ) ) ;
#2283 = DIRECTION ( 'NONE',  ( 0.000000000000000000, 0.000000000000000000, 1.000000000000000000 ) ) ;
#2284 = DIRECTION ( 'NONE',  ( 0.000000000000000000, -1.000000000000000000, -7.056502234606572756E-15 ) ) ;
#2285 = FILL_AREA_STYLE ('',( #499 ) ) ;
#2286 = VECTOR ( 'NONE', #1499, 1000.000000000000000 ) ;
#2287 = PRESENTATION_STYLE_ASSIGNMENT (( #591 ) ) ;
#2288 = LINE ( 'NONE', #1666, #1550 ) ;
#2289 = ORIENTED_EDGE ( 'NONE', *, *, #1633, .F. ) ;
#2290 = FILL_AREA_STYLE ('',( #1445 ) ) ;
#2291 = AXIS2_PLACEMENT_3D ( 'NONE', #526, #384, #778 ) ;
#2292 = CARTESIAN_POINT ( 'NONE',  ( -1.500000000000000000, -1.099999999999999867, -1.250000000000000000 ) ) ;
#2293 =( NAMED_UNIT ( * ) SI_UNIT ( $, .STERADIAN. ) SOLID_ANGLE_UNIT ( ) );
#2294 = DIRECTION ( 'NONE',  ( 0.9875803063351143996, 0.1571150487351280212, 0.000000000000000000 ) ) ;
#2295 = VERTEX_POINT ( 'NONE', #2174 ) ;
#2296 = ORIENTED_EDGE ( 'NONE', *, *, #1351, .F. ) ;
#2297 = SURFACE_SIDE_STYLE ('',( #931 ) ) ;
#2298 =( LENGTH_UNIT ( ) NAMED_UNIT ( * ) SI_UNIT ( .MILLI., .METRE. ) );
#2299 = ORIENTED_EDGE ( 'NONE', *, *, #1840, .F. ) ;
#2300 =( LENGTH_UNIT ( ) NAMED_UNIT ( * ) SI_UNIT ( .MILLI., .METRE. ) );
#2301 = PRODUCT_DEFINITION_SHAPE ( 'NONE', 'NONE',  #374 ) ;
ENDSEC;
END-ISO-10303-21;
