ISO-10303-21;
HEADER;
/* Generated by software containing ST-Developer
 * from STEP Tools, Inc. (www.steptools.com) 
 */

FILE_DESCRIPTION(
/* description */ (''),
/* implementation_level */ '2;1');

FILE_NAME(
/* name */ 'Money Box.step',
/* time_stamp */ '2026-08-08T16:39:13+10:00',
/* author */ (''),
/* organization */ (''),
/* preprocessor_version */ 'ST-DEVELOPER v20.1',
/* originating_system */ 'Autodesk Translation Framework v15.8.0.0',
/* authorisation */ '');

FILE_SCHEMA (('AUTOMOTIVE_DESIGN { 1 0 10303 214 3 1 1 }'));
ENDSEC;

DATA;
#10=MECHANICAL_DESIGN_GEOMETRIC_PRESENTATION_REPRESENTATION('',(#697,#698,
#699,#700,#701,#702,#703,#704,#705,#706,#707,#708,#709,#710,#711),#13857);
#11=SHAPE_REPRESENTATION_RELATIONSHIP('SRR','None',#13864,#12);
#12=ADVANCED_BREP_SHAPE_REPRESENTATION('',(#712,#713,#714,#715,#716,#717,
#718,#719,#720,#721,#722,#723,#724,#725,#726),#13856);
#13=B_SPLINE_CURVE_WITH_KNOTS('',3,(#8196,#8197,#8198,#8199,#8200),
 .UNSPECIFIED.,.F.,.F.,(4,1,4),(0.,0.0369546682482481,0.0747975580483048),
 .UNSPECIFIED.);
#14=B_SPLINE_CURVE_WITH_KNOTS('',3,(#8202,#8203,#8204,#8205,#8206),
 .UNSPECIFIED.,.F.,.F.,(4,1,4),(0.,0.0369546682482481,0.0747975580483048),
 .UNSPECIFIED.);
#15=B_SPLINE_CURVE_WITH_KNOTS('',3,(#8219,#8220,#8221,#8222,#8223),
 .UNSPECIFIED.,.F.,.F.,(4,1,4),(0.,0.0449931409785445,0.0844270811444893),
 .UNSPECIFIED.);
#16=B_SPLINE_CURVE_WITH_KNOTS('',3,(#8225,#8226,#8227,#8228,#8229),
 .UNSPECIFIED.,.F.,.F.,(4,1,4),(0.,0.0449931409785445,0.0844270811444893),
 .UNSPECIFIED.);
#17=B_SPLINE_CURVE_WITH_KNOTS('',3,(#8242,#8243,#8244,#8245,#8246),
 .UNSPECIFIED.,.F.,.F.,(4,1,4),(0.,0.0640570304543443,0.117367770895237),
 .UNSPECIFIED.);
#18=B_SPLINE_CURVE_WITH_KNOTS('',3,(#8248,#8249,#8250,#8251,#8252),
 .UNSPECIFIED.,.F.,.F.,(4,1,4),(0.,0.0640570304543443,0.117367770895237),
 .UNSPECIFIED.);
#19=B_SPLINE_CURVE_WITH_KNOTS('',3,(#8265,#8266,#8267,#8268,#8269),
 .UNSPECIFIED.,.F.,.F.,(4,1,4),(0.,0.0599800831663679,0.123326173789846),
 .UNSPECIFIED.);
#20=B_SPLINE_CURVE_WITH_KNOTS('',3,(#8271,#8272,#8273,#8274,#8275),
 .UNSPECIFIED.,.F.,.F.,(4,1,4),(0.,0.0599800831663679,0.123326173789846),
 .UNSPECIFIED.);
#21=B_SPLINE_CURVE_WITH_KNOTS('',3,(#8288,#8289,#8290,#8291,#8292),
 .UNSPECIFIED.,.F.,.F.,(4,1,4),(0.,0.0575390279917269,0.115044719598208),
 .UNSPECIFIED.);
#22=B_SPLINE_CURVE_WITH_KNOTS('',3,(#8294,#8295,#8296,#8297,#8298),
 .UNSPECIFIED.,.F.,.F.,(4,1,4),(0.,0.0575390279917269,0.115044719598208),
 .UNSPECIFIED.);
#23=B_SPLINE_CURVE_WITH_KNOTS('',3,(#8311,#8312,#8313,#8314,#8315),
 .UNSPECIFIED.,.F.,.F.,(4,1,4),(0.,0.071733392892291,0.133634922888318),
 .UNSPECIFIED.);
#24=B_SPLINE_CURVE_WITH_KNOTS('',3,(#8317,#8318,#8319,#8320,#8321),
 .UNSPECIFIED.,.F.,.F.,(4,1,4),(0.,0.071733392892291,0.133634922888318),
 .UNSPECIFIED.);
#25=B_SPLINE_CURVE_WITH_KNOTS('',3,(#8334,#8335,#8336,#8337,#8338),
 .UNSPECIFIED.,.F.,.F.,(4,1,4),(0.,0.0684480689130805,0.13896533568452),
 .UNSPECIFIED.);
#26=B_SPLINE_CURVE_WITH_KNOTS('',3,(#8340,#8341,#8342,#8343,#8344),
 .UNSPECIFIED.,.F.,.F.,(4,1,4),(0.,0.0684480689130805,0.13896533568452),
 .UNSPECIFIED.);
#27=B_SPLINE_CURVE_WITH_KNOTS('',3,(#8357,#8358,#8359,#8360,#8361),
 .UNSPECIFIED.,.F.,.F.,(4,1,4),(0.,0.0714992367142971,0.140074516714785),
 .UNSPECIFIED.);
#28=B_SPLINE_CURVE_WITH_KNOTS('',3,(#8363,#8364,#8365,#8366,#8367),
 .UNSPECIFIED.,.F.,.F.,(4,1,4),(0.,0.0714992367142971,0.140074516714785),
 .UNSPECIFIED.);
#29=B_SPLINE_CURVE_WITH_KNOTS('',3,(#8380,#8381,#8382,#8383,#8384),
 .UNSPECIFIED.,.F.,.F.,(4,1,4),(0.,0.0863636968963869,0.163702880126476),
 .UNSPECIFIED.);
#30=B_SPLINE_CURVE_WITH_KNOTS('',3,(#8386,#8387,#8388,#8389,#8390),
 .UNSPECIFIED.,.F.,.F.,(4,1,4),(0.,0.0863636968963869,0.163702880126476),
 .UNSPECIFIED.);
#31=B_SPLINE_CURVE_WITH_KNOTS('',3,(#8403,#8404,#8405,#8406,#8407),
 .UNSPECIFIED.,.F.,.F.,(4,1,4),(0.,0.0959997611941831,0.192517684908669),
 .UNSPECIFIED.);
#32=B_SPLINE_CURVE_WITH_KNOTS('',3,(#8409,#8410,#8411,#8412,#8413),
 .UNSPECIFIED.,.F.,.F.,(4,1,4),(0.,0.0959997611941831,0.192517684908669),
 .UNSPECIFIED.);
#33=B_SPLINE_CURVE_WITH_KNOTS('',3,(#8426,#8427,#8428,#8429,#8430),
 .UNSPECIFIED.,.F.,.F.,(4,1,4),(0.,0.0954172724912518,0.190769878077685),
 .UNSPECIFIED.);
#34=B_SPLINE_CURVE_WITH_KNOTS('',3,(#8432,#8433,#8434,#8435,#8436),
 .UNSPECIFIED.,.F.,.F.,(4,1,4),(0.,0.0954172724912518,0.190769878077685),
 .UNSPECIFIED.);
#35=B_SPLINE_CURVE_WITH_KNOTS('',3,(#8455,#8456,#8457,#8458,#8459),
 .UNSPECIFIED.,.F.,.F.,(4,1,4),(0.,0.0446308849473306,0.0927586201236722),
 .UNSPECIFIED.);
#36=B_SPLINE_CURVE_WITH_KNOTS('',3,(#8461,#8462,#8463,#8464,#8465),
 .UNSPECIFIED.,.F.,.F.,(4,1,4),(0.,0.0446308849473306,0.0927586201236722),
 .UNSPECIFIED.);
#37=B_SPLINE_CURVE_WITH_KNOTS('',3,(#8478,#8479,#8480,#8481,#8482),
 .UNSPECIFIED.,.F.,.F.,(4,1,4),(0.,0.0475153247805087,0.0915438015208744),
 .UNSPECIFIED.);
#38=B_SPLINE_CURVE_WITH_KNOTS('',3,(#8484,#8485,#8486,#8487,#8488),
 .UNSPECIFIED.,.F.,.F.,(4,1,4),(0.,0.0475153247805087,0.0915438015208744),
 .UNSPECIFIED.);
#39=B_SPLINE_CURVE_WITH_KNOTS('',3,(#8501,#8502,#8503,#8504,#8505),
 .UNSPECIFIED.,.F.,.F.,(4,1,4),(0.,0.0391730703868366,0.0831868815894024),
 .UNSPECIFIED.);
#40=B_SPLINE_CURVE_WITH_KNOTS('',3,(#8507,#8508,#8509,#8510,#8511),
 .UNSPECIFIED.,.F.,.F.,(4,1,4),(0.,0.0391730703868366,0.0831868815894024),
 .UNSPECIFIED.);
#41=B_SPLINE_CURVE_WITH_KNOTS('',3,(#8524,#8525,#8526,#8527,#8528),
 .UNSPECIFIED.,.F.,.F.,(4,1,4),(0.,0.0412483081949529,0.0789235110273484),
 .UNSPECIFIED.);
#42=B_SPLINE_CURVE_WITH_KNOTS('',3,(#8530,#8531,#8532,#8533,#8534),
 .UNSPECIFIED.,.F.,.F.,(4,1,4),(0.,0.0412483081949529,0.0789235110273484),
 .UNSPECIFIED.);
#43=B_SPLINE_CURVE_WITH_KNOTS('',3,(#8547,#8548,#8549,#8550,#8551),
 .UNSPECIFIED.,.F.,.F.,(4,1,4),(0.,0.0308697126301742,0.0627010845162156),
 .UNSPECIFIED.);
#44=B_SPLINE_CURVE_WITH_KNOTS('',3,(#8553,#8554,#8555,#8556,#8557),
 .UNSPECIFIED.,.F.,.F.,(4,1,4),(0.,0.0308697126301742,0.0627010845162156),
 .UNSPECIFIED.);
#45=B_SPLINE_CURVE_WITH_KNOTS('',3,(#8570,#8571,#8572,#8573,#8574),
 .UNSPECIFIED.,.F.,.F.,(4,1,4),(0.,0.0341790331309038,0.0663757149512842),
 .UNSPECIFIED.);
#46=B_SPLINE_CURVE_WITH_KNOTS('',3,(#8576,#8577,#8578,#8579,#8580),
 .UNSPECIFIED.,.F.,.F.,(4,1,4),(0.,0.0341790331309038,0.0663757149512842),
 .UNSPECIFIED.);
#47=B_SPLINE_CURVE_WITH_KNOTS('',3,(#8593,#8594,#8595,#8596,#8597),
 .UNSPECIFIED.,.F.,.F.,(4,1,4),(0.,0.0367141393766886,0.0725968633623501),
 .UNSPECIFIED.);
#48=B_SPLINE_CURVE_WITH_KNOTS('',3,(#8599,#8600,#8601,#8602,#8603),
 .UNSPECIFIED.,.F.,.F.,(4,1,4),(0.,0.0367141393766886,0.0725968633623501),
 .UNSPECIFIED.);
#49=B_SPLINE_CURVE_WITH_KNOTS('',3,(#8616,#8617,#8618,#8619,#8620),
 .UNSPECIFIED.,.F.,.F.,(4,1,4),(0.,0.0715051198885398,0.143748314008947),
 .UNSPECIFIED.);
#50=B_SPLINE_CURVE_WITH_KNOTS('',3,(#8622,#8623,#8624,#8625,#8626),
 .UNSPECIFIED.,.F.,.F.,(4,1,4),(0.,0.0715051198885398,0.143748314008947),
 .UNSPECIFIED.);
#51=B_SPLINE_CURVE_WITH_KNOTS('',3,(#8639,#8640,#8641,#8642,#8643),
 .UNSPECIFIED.,.F.,.F.,(4,1,4),(0.,0.0714719576952291,0.142491667138926),
 .UNSPECIFIED.);
#52=B_SPLINE_CURVE_WITH_KNOTS('',3,(#8645,#8646,#8647,#8648,#8649),
 .UNSPECIFIED.,.F.,.F.,(4,1,4),(0.,0.0714719576952291,0.142491667138926),
 .UNSPECIFIED.);
#53=B_SPLINE_CURVE_WITH_KNOTS('',3,(#8662,#8663,#8664,#8665,#8666),
 .UNSPECIFIED.,.F.,.F.,(4,1,4),(0.,0.0779786186349566,0.151606450609306),
 .UNSPECIFIED.);
#54=B_SPLINE_CURVE_WITH_KNOTS('',3,(#8668,#8669,#8670,#8671,#8672),
 .UNSPECIFIED.,.F.,.F.,(4,1,4),(0.,0.0779786186349566,0.151606450609306),
 .UNSPECIFIED.);
#55=B_SPLINE_CURVE_WITH_KNOTS('',3,(#8685,#8686,#8687,#8688,#8689),
 .UNSPECIFIED.,.F.,.F.,(4,1,4),(0.,0.0962010363610643,0.181634367267342),
 .UNSPECIFIED.);
#56=B_SPLINE_CURVE_WITH_KNOTS('',3,(#8691,#8692,#8693,#8694,#8695),
 .UNSPECIFIED.,.F.,.F.,(4,1,4),(0.,0.0962010363610643,0.181634367267342),
 .UNSPECIFIED.);
#57=B_SPLINE_CURVE_WITH_KNOTS('',3,(#8722,#8723,#8724,#8725,#8726),
 .UNSPECIFIED.,.F.,.F.,(4,1,4),(0.,0.0175999220470425,0.0324661336269862),
 .UNSPECIFIED.);
#58=B_SPLINE_CURVE_WITH_KNOTS('',3,(#8728,#8729,#8730,#8731,#8732),
 .UNSPECIFIED.,.F.,.F.,(4,1,4),(0.,0.0175999220470425,0.0324661336269862),
 .UNSPECIFIED.);
#59=B_SPLINE_CURVE_WITH_KNOTS('',3,(#8745,#8746,#8747,#8748,#8749),
 .UNSPECIFIED.,.F.,.F.,(4,1,4),(0.,0.017393140970153,0.0358161066143297),
 .UNSPECIFIED.);
#60=B_SPLINE_CURVE_WITH_KNOTS('',3,(#8751,#8752,#8753,#8754,#8755),
 .UNSPECIFIED.,.F.,.F.,(4,1,4),(0.,0.017393140970153,0.0358161066143297),
 .UNSPECIFIED.);
#61=B_SPLINE_CURVE_WITH_KNOTS('',3,(#8768,#8769,#8770,#8771,#8772),
 .UNSPECIFIED.,.F.,.F.,(4,1,4),(0.,0.0224718459479845,0.0412674389499729),
 .UNSPECIFIED.);
#62=B_SPLINE_CURVE_WITH_KNOTS('',3,(#8774,#8775,#8776,#8777,#8778),
 .UNSPECIFIED.,.F.,.F.,(4,1,4),(0.,0.0224718459479845,0.0412674389499729),
 .UNSPECIFIED.);
#63=B_SPLINE_CURVE_WITH_KNOTS('',3,(#8791,#8792,#8793,#8794,#8795),
 .UNSPECIFIED.,.F.,.F.,(4,1,4),(0.,0.0154261534168723,0.0367760151095559),
 .UNSPECIFIED.);
#64=B_SPLINE_CURVE_WITH_KNOTS('',3,(#8797,#8798,#8799,#8800,#8801),
 .UNSPECIFIED.,.F.,.F.,(4,1,4),(0.,0.0154261534168723,0.0367760151095559),
 .UNSPECIFIED.);
#65=B_SPLINE_CURVE_WITH_KNOTS('',3,(#8844,#8845,#8846,#8847,#8848),
 .UNSPECIFIED.,.F.,.F.,(4,1,4),(0.,0.0188977837843766,0.032480364227934),
 .UNSPECIFIED.);
#66=B_SPLINE_CURVE_WITH_KNOTS('',3,(#8850,#8851,#8852,#8853,#8854),
 .UNSPECIFIED.,.F.,.F.,(4,1,4),(0.,0.0188977837843766,0.032480364227934),
 .UNSPECIFIED.);
#67=B_SPLINE_CURVE_WITH_KNOTS('',3,(#8867,#8868,#8869,#8870,#8871),
 .UNSPECIFIED.,.F.,.F.,(4,1,4),(0.,0.0156004301260908,0.0351643226794873),
 .UNSPECIFIED.);
#68=B_SPLINE_CURVE_WITH_KNOTS('',3,(#8873,#8874,#8875,#8876,#8877),
 .UNSPECIFIED.,.F.,.F.,(4,1,4),(0.,0.0156004301260908,0.0351643226794873),
 .UNSPECIFIED.);
#69=B_SPLINE_CURVE_WITH_KNOTS('',3,(#8890,#8891,#8892,#8893,#8894),
 .UNSPECIFIED.,.F.,.F.,(4,1,4),(0.,0.0220881386753874,0.0405647201135688),
 .UNSPECIFIED.);
#70=B_SPLINE_CURVE_WITH_KNOTS('',3,(#8896,#8897,#8898,#8899,#8900),
 .UNSPECIFIED.,.F.,.F.,(4,1,4),(0.,0.0220881386753874,0.0405647201135688),
 .UNSPECIFIED.);
#71=B_SPLINE_CURVE_WITH_KNOTS('',3,(#8913,#8914,#8915,#8916,#8917),
 .UNSPECIFIED.,.F.,.F.,(4,1,4),(0.,0.0150772226577125,0.0360520744979587),
 .UNSPECIFIED.);
#72=B_SPLINE_CURVE_WITH_KNOTS('',3,(#8919,#8920,#8921,#8922,#8923),
 .UNSPECIFIED.,.F.,.F.,(4,1,4),(0.,0.0150772226577125,0.0360520744979587),
 .UNSPECIFIED.);
#73=B_SPLINE_CURVE_WITH_KNOTS('',3,(#9012,#9013,#9014,#9015,#9016),
 .UNSPECIFIED.,.F.,.F.,(4,1,4),(0.,0.0319883471192788,0.0674701997739098),
 .UNSPECIFIED.);
#74=B_SPLINE_CURVE_WITH_KNOTS('',3,(#9018,#9019,#9020,#9021,#9022),
 .UNSPECIFIED.,.F.,.F.,(4,1,4),(0.,0.0319883471192788,0.0674701997739098),
 .UNSPECIFIED.);
#75=B_SPLINE_CURVE_WITH_KNOTS('',3,(#9035,#9036,#9037,#9038,#9039),
 .UNSPECIFIED.,.F.,.F.,(4,1,4),(0.,0.0335105895245828,0.0650025776763005),
 .UNSPECIFIED.);
#76=B_SPLINE_CURVE_WITH_KNOTS('',3,(#9041,#9042,#9043,#9044,#9045),
 .UNSPECIFIED.,.F.,.F.,(4,1,4),(0.,0.0335105895245828,0.0650025776763005),
 .UNSPECIFIED.);
#77=B_SPLINE_CURVE_WITH_KNOTS('',3,(#9058,#9059,#9060,#9061,#9062),
 .UNSPECIFIED.,.F.,.F.,(4,1,4),(0.,0.0403975345882335,0.0771393581228002),
 .UNSPECIFIED.);
#78=B_SPLINE_CURVE_WITH_KNOTS('',3,(#9064,#9065,#9066,#9067,#9068),
 .UNSPECIFIED.,.F.,.F.,(4,1,4),(0.,0.0403975345882335,0.0771393581228002),
 .UNSPECIFIED.);
#79=B_SPLINE_CURVE_WITH_KNOTS('',3,(#9105,#9106,#9107,#9108,#9109),
 .UNSPECIFIED.,.F.,.F.,(4,1,4),(0.,0.0473347439404911,0.0936963873538959),
 .UNSPECIFIED.);
#80=B_SPLINE_CURVE_WITH_KNOTS('',3,(#9113,#9114,#9115,#9116,#9117),
 .UNSPECIFIED.,.F.,.F.,(4,1,4),(0.,0.0473347439404911,0.0936963873538959),
 .UNSPECIFIED.);
#81=B_SPLINE_CURVE_WITH_KNOTS('',3,(#9130,#9131,#9132,#9133,#9134),
 .UNSPECIFIED.,.F.,.F.,(4,1,4),(0.,0.0504323931278563,0.0994681618933057),
 .UNSPECIFIED.);
#82=B_SPLINE_CURVE_WITH_KNOTS('',3,(#9136,#9137,#9138,#9139,#9140),
 .UNSPECIFIED.,.F.,.F.,(4,1,4),(0.,0.0504323931278563,0.0994681618933057),
 .UNSPECIFIED.);
#83=B_SPLINE_CURVE_WITH_KNOTS('',3,(#9153,#9154,#9155,#9156,#9157),
 .UNSPECIFIED.,.F.,.F.,(4,1,4),(0.,0.0498117920847202,0.100661059436951),
 .UNSPECIFIED.);
#84=B_SPLINE_CURVE_WITH_KNOTS('',3,(#9159,#9160,#9161,#9162,#9163),
 .UNSPECIFIED.,.F.,.F.,(4,1,4),(0.,0.0498117920847202,0.100661059436951),
 .UNSPECIFIED.);
#85=B_SPLINE_CURVE_WITH_KNOTS('',3,(#9176,#9177,#9178,#9179,#9180),
 .UNSPECIFIED.,.F.,.F.,(4,1,4),(0.,0.0504150728629586,0.0983769911138754),
 .UNSPECIFIED.);
#86=B_SPLINE_CURVE_WITH_KNOTS('',3,(#9182,#9183,#9184,#9185,#9186),
 .UNSPECIFIED.,.F.,.F.,(4,1,4),(0.,0.0504150728629586,0.0983769911138754),
 .UNSPECIFIED.);
#87=B_SPLINE_CURVE_WITH_KNOTS('',3,(#9199,#9200,#9201,#9202,#9203),
 .UNSPECIFIED.,.F.,.F.,(4,1,4),(0.,0.0494124092473666,0.100143539447205),
 .UNSPECIFIED.);
#88=B_SPLINE_CURVE_WITH_KNOTS('',3,(#9205,#9206,#9207,#9208,#9209),
 .UNSPECIFIED.,.F.,.F.,(4,1,4),(0.,0.0494124092473666,0.100143539447205),
 .UNSPECIFIED.);
#89=B_SPLINE_CURVE_WITH_KNOTS('',3,(#9222,#9223,#9224,#9225,#9226),
 .UNSPECIFIED.,.F.,.F.,(4,1,4),(0.,0.0468758524007355,0.0946569325772859),
 .UNSPECIFIED.);
#90=B_SPLINE_CURVE_WITH_KNOTS('',3,(#9228,#9229,#9230,#9231,#9232),
 .UNSPECIFIED.,.F.,.F.,(4,1,4),(0.,0.0468758524007355,0.0946569325772859),
 .UNSPECIFIED.);
#91=B_SPLINE_CURVE_WITH_KNOTS('',3,(#9245,#9246,#9247,#9248,#9249),
 .UNSPECIFIED.,.F.,.F.,(4,1,4),(0.,0.0536126750466999,0.101834989899202),
 .UNSPECIFIED.);
#92=B_SPLINE_CURVE_WITH_KNOTS('',3,(#9251,#9252,#9253,#9254,#9255),
 .UNSPECIFIED.,.F.,.F.,(4,1,4),(0.,0.0536126750466999,0.101834989899202),
 .UNSPECIFIED.);
#93=B_SPLINE_CURVE_WITH_KNOTS('',3,(#9268,#9269,#9270,#9271,#9272),
 .UNSPECIFIED.,.F.,.F.,(4,1,4),(0.,0.0479265186839103,0.10150997766515),
 .UNSPECIFIED.);
#94=B_SPLINE_CURVE_WITH_KNOTS('',3,(#9274,#9275,#9276,#9277,#9278),
 .UNSPECIFIED.,.F.,.F.,(4,1,4),(0.,0.0479265186839103,0.10150997766515),
 .UNSPECIFIED.);
#95=B_SPLINE_CURVE_WITH_KNOTS('',3,(#9291,#9292,#9293,#9294,#9295),
 .UNSPECIFIED.,.F.,.F.,(4,1,4),(0.,0.0470523709457172,0.0932911568503002),
 .UNSPECIFIED.);
#96=B_SPLINE_CURVE_WITH_KNOTS('',3,(#9297,#9298,#9299,#9300,#9301),
 .UNSPECIFIED.,.F.,.F.,(4,1,4),(0.,0.0470523709457172,0.0932911568503002),
 .UNSPECIFIED.);
#97=B_SPLINE_CURVE_WITH_KNOTS('',3,(#9314,#9315,#9316,#9317,#9318),
 .UNSPECIFIED.,.F.,.F.,(4,1,4),(0.,0.0505545685630968,0.099428481620373),
 .UNSPECIFIED.);
#98=B_SPLINE_CURVE_WITH_KNOTS('',3,(#9320,#9321,#9322,#9323,#9324),
 .UNSPECIFIED.,.F.,.F.,(4,1,4),(0.,0.0505545685630968,0.099428481620373),
 .UNSPECIFIED.);
#99=B_SPLINE_CURVE_WITH_KNOTS('',3,(#9337,#9338,#9339,#9340,#9341),
 .UNSPECIFIED.,.F.,.F.,(4,1,4),(0.,0.0503692546044293,0.101578755474376),
 .UNSPECIFIED.);
#100=B_SPLINE_CURVE_WITH_KNOTS('',3,(#9343,#9344,#9345,#9346,#9347),
 .UNSPECIFIED.,.F.,.F.,(4,1,4),(0.,0.0503692546044293,0.101578755474376),
 .UNSPECIFIED.);
#101=B_SPLINE_CURVE_WITH_KNOTS('',3,(#9360,#9361,#9362,#9363,#9364),
 .UNSPECIFIED.,.F.,.F.,(4,1,4),(0.,0.0500154595366413,0.0978257107350269),
 .UNSPECIFIED.);
#102=B_SPLINE_CURVE_WITH_KNOTS('',3,(#9366,#9367,#9368,#9369,#9370),
 .UNSPECIFIED.,.F.,.F.,(4,1,4),(0.,0.0500154595366413,0.0978257107350269),
 .UNSPECIFIED.);
#103=B_SPLINE_CURVE_WITH_KNOTS('',3,(#9383,#9384,#9385,#9386,#9387),
 .UNSPECIFIED.,.F.,.F.,(4,1,4),(0.,0.0495521867384537,0.100029301364008),
 .UNSPECIFIED.);
#104=B_SPLINE_CURVE_WITH_KNOTS('',3,(#9389,#9390,#9391,#9392,#9393),
 .UNSPECIFIED.,.F.,.F.,(4,1,4),(0.,0.0495521867384537,0.100029301364008),
 .UNSPECIFIED.);
#105=B_SPLINE_CURVE_WITH_KNOTS('',3,(#9406,#9407,#9408,#9409,#9410),
 .UNSPECIFIED.,.F.,.F.,(4,1,4),(0.,0.0465885115696501,0.0944545804749363),
 .UNSPECIFIED.);
#106=B_SPLINE_CURVE_WITH_KNOTS('',3,(#9412,#9413,#9414,#9415,#9416),
 .UNSPECIFIED.,.F.,.F.,(4,1,4),(0.,0.0465885115696501,0.0944545804749363),
 .UNSPECIFIED.);
#107=B_SPLINE_CURVE_WITH_KNOTS('',3,(#9429,#9430,#9431,#9432,#9433),
 .UNSPECIFIED.,.F.,.F.,(4,1,4),(0.,0.0525665573683772,0.100176647508672),
 .UNSPECIFIED.);
#108=B_SPLINE_CURVE_WITH_KNOTS('',3,(#9435,#9436,#9437,#9438,#9439),
 .UNSPECIFIED.,.F.,.F.,(4,1,4),(0.,0.0525665573683772,0.100176647508672),
 .UNSPECIFIED.);
#109=B_SPLINE_CURVE_WITH_KNOTS('',3,(#9451,#9452,#9453,#9454,#9455),
 .UNSPECIFIED.,.F.,.F.,(4,1,4),(0.,0.0476323053058273,0.100258676199114),
 .UNSPECIFIED.);
#110=B_SPLINE_CURVE_WITH_KNOTS('',3,(#9456,#9457,#9458,#9459,#9460),
 .UNSPECIFIED.,.F.,.F.,(4,1,4),(0.,0.0476323053058273,0.100258676199114),
 .UNSPECIFIED.);
#111=B_SPLINE_CURVE_WITH_KNOTS('',3,(#9473,#9474,#9475,#9476,#9477),
 .UNSPECIFIED.,.F.,.F.,(4,1,4),(0.,0.0813618830747632,0.164401331184935),
 .UNSPECIFIED.);
#112=B_SPLINE_CURVE_WITH_KNOTS('',3,(#9481,#9482,#9483,#9484,#9485),
 .UNSPECIFIED.,.F.,.F.,(4,1,4),(0.,0.0813618830747632,0.164401331184935),
 .UNSPECIFIED.);
#113=B_SPLINE_CURVE_WITH_KNOTS('',3,(#9498,#9499,#9500,#9501,#9502),
 .UNSPECIFIED.,.F.,.F.,(4,1,4),(0.,0.0833582708947112,0.165358709009546),
 .UNSPECIFIED.);
#114=B_SPLINE_CURVE_WITH_KNOTS('',3,(#9504,#9505,#9506,#9507,#9508),
 .UNSPECIFIED.,.F.,.F.,(4,1,4),(0.,0.0833582708947112,0.165358709009546),
 .UNSPECIFIED.);
#115=B_SPLINE_CURVE_WITH_KNOTS('',3,(#9521,#9522,#9523,#9524,#9525),
 .UNSPECIFIED.,.F.,.F.,(4,1,4),(0.,0.0834187101390002,0.167544147709551),
 .UNSPECIFIED.);
#116=B_SPLINE_CURVE_WITH_KNOTS('',3,(#9527,#9528,#9529,#9530,#9531),
 .UNSPECIFIED.,.F.,.F.,(4,1,4),(0.,0.0834187101390002,0.167544147709551),
 .UNSPECIFIED.);
#117=B_SPLINE_CURVE_WITH_KNOTS('',3,(#9544,#9545,#9546,#9547,#9548),
 .UNSPECIFIED.,.F.,.F.,(4,1,4),(0.,0.0841255277559607,0.167544326546584),
 .UNSPECIFIED.);
#118=B_SPLINE_CURVE_WITH_KNOTS('',3,(#9550,#9551,#9552,#9553,#9554),
 .UNSPECIFIED.,.F.,.F.,(4,1,4),(0.,0.0841255277559607,0.167544326546584),
 .UNSPECIFIED.);
#119=B_SPLINE_CURVE_WITH_KNOTS('',3,(#9567,#9568,#9569,#9570,#9571),
 .UNSPECIFIED.,.F.,.F.,(4,1,4),(0.,0.082000607094793,0.165358742904649),
 .UNSPECIFIED.);
#120=B_SPLINE_CURVE_WITH_KNOTS('',3,(#9573,#9574,#9575,#9576,#9577),
 .UNSPECIFIED.,.F.,.F.,(4,1,4),(0.,0.082000607094793,0.165358742904649),
 .UNSPECIFIED.);
#121=B_SPLINE_CURVE_WITH_KNOTS('',3,(#9590,#9591,#9592,#9593,#9594),
 .UNSPECIFIED.,.F.,.F.,(4,1,4),(0.,0.0830394481101717,0.164401375925045),
 .UNSPECIFIED.);
#122=B_SPLINE_CURVE_WITH_KNOTS('',3,(#9596,#9597,#9598,#9599,#9600),
 .UNSPECIFIED.,.F.,.F.,(4,1,4),(0.,0.0830394481101717,0.164401375925045),
 .UNSPECIFIED.);
#123=B_SPLINE_CURVE_WITH_KNOTS('',3,(#9613,#9614,#9615,#9616,#9617),
 .UNSPECIFIED.,.F.,.F.,(4,1,4),(0.,0.101283545302875,0.190437185543778),
 .UNSPECIFIED.);
#124=B_SPLINE_CURVE_WITH_KNOTS('',3,(#9619,#9620,#9621,#9622,#9623),
 .UNSPECIFIED.,.F.,.F.,(4,1,4),(0.,0.101283545302875,0.190437185543778),
 .UNSPECIFIED.);
#125=B_SPLINE_CURVE_WITH_KNOTS('',3,(#9636,#9637,#9638,#9639,#9640),
 .UNSPECIFIED.,.F.,.F.,(4,1,4),(0.,0.0893047825668269,0.189788510605698),
 .UNSPECIFIED.);
#126=B_SPLINE_CURVE_WITH_KNOTS('',3,(#9642,#9643,#9644,#9645,#9646),
 .UNSPECIFIED.,.F.,.F.,(4,1,4),(0.,0.0893047825668269,0.189788510605698),
 .UNSPECIFIED.);
#127=B_SPLINE_CURVE_WITH_KNOTS('',3,(#9659,#9660,#9661,#9662,#9663),
 .UNSPECIFIED.,.F.,.F.,(4,1,4),(0.,0.0814680363799577,0.164903271952401),
 .UNSPECIFIED.);
#128=B_SPLINE_CURVE_WITH_KNOTS('',3,(#9665,#9666,#9667,#9668,#9669),
 .UNSPECIFIED.,.F.,.F.,(4,1,4),(0.,0.0814680363799577,0.164903271952401),
 .UNSPECIFIED.);
#129=B_SPLINE_CURVE_WITH_KNOTS('',3,(#9682,#9683,#9684,#9685,#9686),
 .UNSPECIFIED.,.F.,.F.,(4,1,4),(0.,0.083438281170687,0.165478430518128),
 .UNSPECIFIED.);
#130=B_SPLINE_CURVE_WITH_KNOTS('',3,(#9688,#9689,#9690,#9691,#9692),
 .UNSPECIFIED.,.F.,.F.,(4,1,4),(0.,0.083438281170687,0.165478430518128),
 .UNSPECIFIED.);
#131=B_SPLINE_CURVE_WITH_KNOTS('',3,(#9705,#9706,#9707,#9708,#9709),
 .UNSPECIFIED.,.F.,.F.,(4,1,4),(0.,0.0834240643828192,0.167595351565418),
 .UNSPECIFIED.);
#132=B_SPLINE_CURVE_WITH_KNOTS('',3,(#9711,#9712,#9713,#9714,#9715),
 .UNSPECIFIED.,.F.,.F.,(4,1,4),(0.,0.0834240643828192,0.167595351565418),
 .UNSPECIFIED.);
#133=B_SPLINE_CURVE_WITH_KNOTS('',3,(#9728,#9729,#9730,#9731,#9732),
 .UNSPECIFIED.,.F.,.F.,(4,1,4),(0.,0.0841713584259458,0.167595200273782),
 .UNSPECIFIED.);
#134=B_SPLINE_CURVE_WITH_KNOTS('',3,(#9734,#9735,#9736,#9737,#9738),
 .UNSPECIFIED.,.F.,.F.,(4,1,4),(0.,0.0841713584259458,0.167595200273782),
 .UNSPECIFIED.);
#135=B_SPLINE_CURVE_WITH_KNOTS('',3,(#9751,#9752,#9753,#9754,#9755),
 .UNSPECIFIED.,.F.,.F.,(4,1,4),(0.,0.0820401493474413,0.165478430518128),
 .UNSPECIFIED.);
#136=B_SPLINE_CURVE_WITH_KNOTS('',3,(#9757,#9758,#9759,#9760,#9761),
 .UNSPECIFIED.,.F.,.F.,(4,1,4),(0.,0.0820401493474413,0.165478430518128),
 .UNSPECIFIED.);
#137=B_SPLINE_CURVE_WITH_KNOTS('',3,(#9774,#9775,#9776,#9777,#9778),
 .UNSPECIFIED.,.F.,.F.,(4,1,4),(0.,0.0834352355724437,0.164903227270563),
 .UNSPECIFIED.);
#138=B_SPLINE_CURVE_WITH_KNOTS('',3,(#9780,#9781,#9782,#9783,#9784),
 .UNSPECIFIED.,.F.,.F.,(4,1,4),(0.,0.0834352355724437,0.164903227270563),
 .UNSPECIFIED.);
#139=B_SPLINE_CURVE_WITH_KNOTS('',3,(#9797,#9798,#9799,#9800,#9801),
 .UNSPECIFIED.,.F.,.F.,(4,1,4),(0.,0.100483715931737,0.189788559800755),
 .UNSPECIFIED.);
#140=B_SPLINE_CURVE_WITH_KNOTS('',3,(#9803,#9804,#9805,#9806,#9807),
 .UNSPECIFIED.,.F.,.F.,(4,1,4),(0.,0.100483715931737,0.189788559800755),
 .UNSPECIFIED.);
#141=B_SPLINE_CURVE_WITH_KNOTS('',3,(#9819,#9820,#9821,#9822,#9823),
 .UNSPECIFIED.,.F.,.F.,(4,1,4),(0.,0.0891536811783599,0.190437220475489),
 .UNSPECIFIED.);
#142=B_SPLINE_CURVE_WITH_KNOTS('',3,(#9824,#9825,#9826,#9827,#9828),
 .UNSPECIFIED.,.F.,.F.,(4,1,4),(0.,0.0891536811783599,0.190437220475489),
 .UNSPECIFIED.);
#143=B_SPLINE_CURVE_WITH_KNOTS('',3,(#9877,#9878,#9879,#9880,#9881),
 .UNSPECIFIED.,.F.,.F.,(4,1,4),(0.,0.0175999187833757,0.0324661316538065),
 .UNSPECIFIED.);
#144=B_SPLINE_CURVE_WITH_KNOTS('',3,(#9883,#9884,#9885,#9886,#9887),
 .UNSPECIFIED.,.F.,.F.,(4,1,4),(0.,0.0175999187833757,0.0324661316538065),
 .UNSPECIFIED.);
#145=B_SPLINE_CURVE_WITH_KNOTS('',3,(#9900,#9901,#9902,#9903,#9904),
 .UNSPECIFIED.,.F.,.F.,(4,1,4),(0.,0.0173931685059413,0.0358161341501179),
 .UNSPECIFIED.);
#146=B_SPLINE_CURVE_WITH_KNOTS('',3,(#9906,#9907,#9908,#9909,#9910),
 .UNSPECIFIED.,.F.,.F.,(4,1,4),(0.,0.0173931685059413,0.0358161341501179),
 .UNSPECIFIED.);
#147=B_SPLINE_CURVE_WITH_KNOTS('',3,(#9923,#9924,#9925,#9926,#9927),
 .UNSPECIFIED.,.F.,.F.,(4,1,4),(0.,0.0224718459479845,0.0412674389499729),
 .UNSPECIFIED.);
#148=B_SPLINE_CURVE_WITH_KNOTS('',3,(#9929,#9930,#9931,#9932,#9933),
 .UNSPECIFIED.,.F.,.F.,(4,1,4),(0.,0.0224718459479845,0.0412674389499729),
 .UNSPECIFIED.);
#149=B_SPLINE_CURVE_WITH_KNOTS('',3,(#9946,#9947,#9948,#9949,#9950),
 .UNSPECIFIED.,.F.,.F.,(4,1,4),(0.,0.0154262813385565,0.0367760236815846),
 .UNSPECIFIED.);
#150=B_SPLINE_CURVE_WITH_KNOTS('',3,(#9952,#9953,#9954,#9955,#9956),
 .UNSPECIFIED.,.F.,.F.,(4,1,4),(0.,0.0154262813385565,0.0367760236815846),
 .UNSPECIFIED.);
#151=B_SPLINE_CURVE_WITH_KNOTS('',3,(#9999,#10000,#10001,#10002,#10003),
 .UNSPECIFIED.,.F.,.F.,(4,1,4),(0.,0.0188977746627933,0.0324803593395014),
 .UNSPECIFIED.);
#152=B_SPLINE_CURVE_WITH_KNOTS('',3,(#10005,#10006,#10007,#10008,#10009),
 .UNSPECIFIED.,.F.,.F.,(4,1,4),(0.,0.0188977746627933,0.0324803593395014),
 .UNSPECIFIED.);
#153=B_SPLINE_CURVE_WITH_KNOTS('',3,(#10022,#10023,#10024,#10025,#10026),
 .UNSPECIFIED.,.F.,.F.,(4,1,4),(0.,0.0156004301260908,0.0351643226794873),
 .UNSPECIFIED.);
#154=B_SPLINE_CURVE_WITH_KNOTS('',3,(#10028,#10029,#10030,#10031,#10032),
 .UNSPECIFIED.,.F.,.F.,(4,1,4),(0.,0.0156004301260908,0.0351643226794873),
 .UNSPECIFIED.);
#155=B_SPLINE_CURVE_WITH_KNOTS('',3,(#10045,#10046,#10047,#10048,#10049),
 .UNSPECIFIED.,.F.,.F.,(4,1,4),(0.,0.0220881386753874,0.0405647201135688),
 .UNSPECIFIED.);
#156=B_SPLINE_CURVE_WITH_KNOTS('',3,(#10051,#10052,#10053,#10054,#10055),
 .UNSPECIFIED.,.F.,.F.,(4,1,4),(0.,0.0220881386753874,0.0405647201135688),
 .UNSPECIFIED.);
#157=B_SPLINE_CURVE_WITH_KNOTS('',3,(#10068,#10069,#10070,#10071,#10072),
 .UNSPECIFIED.,.F.,.F.,(4,1,4),(0.,0.0150772226577125,0.0360520744979587),
 .UNSPECIFIED.);
#158=B_SPLINE_CURVE_WITH_KNOTS('',3,(#10074,#10075,#10076,#10077,#10078),
 .UNSPECIFIED.,.F.,.F.,(4,1,4),(0.,0.0150772226577125,0.0360520744979587),
 .UNSPECIFIED.);
#159=B_SPLINE_CURVE_WITH_KNOTS('',3,(#10115,#10116,#10117,#10118,#10119),
 .UNSPECIFIED.,.F.,.F.,(4,1,4),(0.,0.0745683330573818,0.152489193460654),
 .UNSPECIFIED.);
#160=B_SPLINE_CURVE_WITH_KNOTS('',3,(#10123,#10124,#10125,#10126,#10127),
 .UNSPECIFIED.,.F.,.F.,(4,1,4),(0.,0.0745683330573818,0.152489193460654),
 .UNSPECIFIED.);
#161=B_SPLINE_CURVE_WITH_KNOTS('',3,(#10140,#10141,#10142,#10143,#10144),
 .UNSPECIFIED.,.F.,.F.,(4,1,4),(0.,0.0810970575882101,0.156138033122729),
 .UNSPECIFIED.);
#162=B_SPLINE_CURVE_WITH_KNOTS('',3,(#10146,#10147,#10148,#10149,#10150),
 .UNSPECIFIED.,.F.,.F.,(4,1,4),(0.,0.0810970575882101,0.156138033122729),
 .UNSPECIFIED.);
#163=B_SPLINE_CURVE_WITH_KNOTS('',3,(#10163,#10164,#10165,#10166,#10167),
 .UNSPECIFIED.,.F.,.F.,(4,1,4),(0.,0.058191038194658,0.124740411527147),
 .UNSPECIFIED.);
#164=B_SPLINE_CURVE_WITH_KNOTS('',3,(#10169,#10170,#10171,#10172,#10173),
 .UNSPECIFIED.,.F.,.F.,(4,1,4),(0.,0.058191038194658,0.124740411527147),
 .UNSPECIFIED.);
#165=B_SPLINE_CURVE_WITH_KNOTS('',3,(#10186,#10187,#10188,#10189,#10190),
 .UNSPECIFIED.,.F.,.F.,(4,1,4),(0.,0.054487055620897,0.109100760590946),
 .UNSPECIFIED.);
#166=B_SPLINE_CURVE_WITH_KNOTS('',3,(#10192,#10193,#10194,#10195,#10196),
 .UNSPECIFIED.,.F.,.F.,(4,1,4),(0.,0.054487055620897,0.109100760590946),
 .UNSPECIFIED.);
#167=B_SPLINE_CURVE_WITH_KNOTS('',3,(#10209,#10210,#10211,#10212,#10213),
 .UNSPECIFIED.,.F.,.F.,(4,1,4),(0.,0.0578651702248403,0.11388198669547),
 .UNSPECIFIED.);
#168=B_SPLINE_CURVE_WITH_KNOTS('',3,(#10215,#10216,#10217,#10218,#10219),
 .UNSPECIFIED.,.F.,.F.,(4,1,4),(0.,0.0578651702248403,0.11388198669547),
 .UNSPECIFIED.);
#169=B_SPLINE_CURVE_WITH_KNOTS('',3,(#10232,#10233,#10234,#10235,#10236),
 .UNSPECIFIED.,.F.,.F.,(4,1,4),(0.,0.0585083650515271,0.117391241124713),
 .UNSPECIFIED.);
#170=B_SPLINE_CURVE_WITH_KNOTS('',3,(#10238,#10239,#10240,#10241,#10242),
 .UNSPECIFIED.,.F.,.F.,(4,1,4),(0.,0.0585083650515271,0.117391241124713),
 .UNSPECIFIED.);
#171=B_SPLINE_CURVE_WITH_KNOTS('',3,(#10255,#10256,#10257,#10258,#10259),
 .UNSPECIFIED.,.F.,.F.,(4,1,4),(0.,0.0410258540661313,0.0873605813489811),
 .UNSPECIFIED.);
#172=B_SPLINE_CURVE_WITH_KNOTS('',3,(#10261,#10262,#10263,#10264,#10265),
 .UNSPECIFIED.,.F.,.F.,(4,1,4),(0.,0.0410258540661313,0.0873605813489811),
 .UNSPECIFIED.);
#173=B_SPLINE_CURVE_WITH_KNOTS('',3,(#10278,#10279,#10280,#10281,#10282),
 .UNSPECIFIED.,.F.,.F.,(4,1,4),(0.,0.0293803979327375,0.0645716938647489),
 .UNSPECIFIED.);
#174=B_SPLINE_CURVE_WITH_KNOTS('',3,(#10284,#10285,#10286,#10287,#10288),
 .UNSPECIFIED.,.F.,.F.,(4,1,4),(0.,0.0293803979327375,0.0645716938647489),
 .UNSPECIFIED.);
#175=B_SPLINE_CURVE_WITH_KNOTS('',3,(#10301,#10302,#10303,#10304,#10305),
 .UNSPECIFIED.,.F.,.F.,(4,1,4),(0.,0.0237686290096757,0.0485062136905027),
 .UNSPECIFIED.);
#176=B_SPLINE_CURVE_WITH_KNOTS('',3,(#10307,#10308,#10309,#10310,#10311),
 .UNSPECIFIED.,.F.,.F.,(4,1,4),(0.,0.0237686290096757,0.0485062136905027),
 .UNSPECIFIED.);
#177=B_SPLINE_CURVE_WITH_KNOTS('',3,(#10324,#10325,#10326,#10327,#10328),
 .UNSPECIFIED.,.F.,.F.,(4,1,4),(0.,0.0334540692429401,0.068256948136664),
 .UNSPECIFIED.);
#178=B_SPLINE_CURVE_WITH_KNOTS('',3,(#10330,#10331,#10332,#10333,#10334),
 .UNSPECIFIED.,.F.,.F.,(4,1,4),(0.,0.0334540692429401,0.068256948136664),
 .UNSPECIFIED.);
#179=B_SPLINE_CURVE_WITH_KNOTS('',3,(#10347,#10348,#10349,#10350,#10351),
 .UNSPECIFIED.,.F.,.F.,(4,1,4),(0.,0.0491984803835574,0.0884936303435522),
 .UNSPECIFIED.);
#180=B_SPLINE_CURVE_WITH_KNOTS('',3,(#10353,#10354,#10355,#10356,#10357),
 .UNSPECIFIED.,.F.,.F.,(4,1,4),(0.,0.0491984803835574,0.0884936303435522),
 .UNSPECIFIED.);
#181=B_SPLINE_CURVE_WITH_KNOTS('',3,(#10370,#10371,#10372,#10373,#10374),
 .UNSPECIFIED.,.F.,.F.,(4,1,4),(0.,0.0467179572129578,0.10267308626848),
 .UNSPECIFIED.);
#182=B_SPLINE_CURVE_WITH_KNOTS('',3,(#10376,#10377,#10378,#10379,#10380),
 .UNSPECIFIED.,.F.,.F.,(4,1,4),(0.,0.0467179572129578,0.10267308626848),
 .UNSPECIFIED.);
#183=B_SPLINE_CURVE_WITH_KNOTS('',3,(#10393,#10394,#10395,#10396,#10397),
 .UNSPECIFIED.,.F.,.F.,(4,1,4),(0.,0.0440857645988686,0.087895342578246),
 .UNSPECIFIED.);
#184=B_SPLINE_CURVE_WITH_KNOTS('',3,(#10399,#10400,#10401,#10402,#10403),
 .UNSPECIFIED.,.F.,.F.,(4,1,4),(0.,0.0440857645988686,0.087895342578246),
 .UNSPECIFIED.);
#185=B_SPLINE_CURVE_WITH_KNOTS('',3,(#10422,#10423,#10424,#10425,#10426),
 .UNSPECIFIED.,.F.,.F.,(4,1,4),(0.,0.0626275865080882,0.124972501394067),
 .UNSPECIFIED.);
#186=B_SPLINE_CURVE_WITH_KNOTS('',3,(#10428,#10429,#10430,#10431,#10432),
 .UNSPECIFIED.,.F.,.F.,(4,1,4),(0.,0.0626275865080882,0.124972501394067),
 .UNSPECIFIED.);
#187=B_SPLINE_CURVE_WITH_KNOTS('',3,(#10445,#10446,#10447,#10448,#10449),
 .UNSPECIFIED.,.F.,.F.,(4,1,4),(0.,0.0666637162897381,0.130618261633878),
 .UNSPECIFIED.);
#188=B_SPLINE_CURVE_WITH_KNOTS('',3,(#10451,#10452,#10453,#10454,#10455),
 .UNSPECIFIED.,.F.,.F.,(4,1,4),(0.,0.0666637162897381,0.130618261633878),
 .UNSPECIFIED.);
#189=B_SPLINE_CURVE_WITH_KNOTS('',3,(#10468,#10469,#10470,#10471,#10472),
 .UNSPECIFIED.,.F.,.F.,(4,1,4),(0.,0.076833981794726,0.14766148755552),
 .UNSPECIFIED.);
#190=B_SPLINE_CURVE_WITH_KNOTS('',3,(#10474,#10475,#10476,#10477,#10478),
 .UNSPECIFIED.,.F.,.F.,(4,1,4),(0.,0.076833981794726,0.14766148755552),
 .UNSPECIFIED.);
#191=B_SPLINE_CURVE_WITH_KNOTS('',3,(#10491,#10492,#10493,#10494,#10495),
 .UNSPECIFIED.,.F.,.F.,(4,1,4),(0.,0.0805785343696198,0.172021020602181),
 .UNSPECIFIED.);
#192=B_SPLINE_CURVE_WITH_KNOTS('',3,(#10497,#10498,#10499,#10500,#10501),
 .UNSPECIFIED.,.F.,.F.,(4,1,4),(0.,0.0805785343696198,0.172021020602181),
 .UNSPECIFIED.);
#193=B_SPLINE_CURVE_WITH_KNOTS('',3,(#10514,#10515,#10516,#10517,#10518),
 .UNSPECIFIED.,.F.,.F.,(4,1,4),(0.,0.0678378290204904,0.140586076904847),
 .UNSPECIFIED.);
#194=B_SPLINE_CURVE_WITH_KNOTS('',3,(#10520,#10521,#10522,#10523,#10524),
 .UNSPECIFIED.,.F.,.F.,(4,1,4),(0.,0.0678378290204904,0.140586076904847),
 .UNSPECIFIED.);
#195=B_SPLINE_CURVE_WITH_KNOTS('',3,(#10537,#10538,#10539,#10540,#10541),
 .UNSPECIFIED.,.F.,.F.,(4,1,4),(0.,0.0659584202500717,0.131584706850944),
 .UNSPECIFIED.);
#196=B_SPLINE_CURVE_WITH_KNOTS('',3,(#10543,#10544,#10545,#10546,#10547),
 .UNSPECIFIED.,.F.,.F.,(4,1,4),(0.,0.0659584202500717,0.131584706850944),
 .UNSPECIFIED.);
#197=B_SPLINE_CURVE_WITH_KNOTS('',3,(#10560,#10561,#10562,#10563,#10564),
 .UNSPECIFIED.,.F.,.F.,(4,1,4),(0.,0.0556876311842984,0.11926270128218),
 .UNSPECIFIED.);
#198=B_SPLINE_CURVE_WITH_KNOTS('',3,(#10566,#10567,#10568,#10569,#10570),
 .UNSPECIFIED.,.F.,.F.,(4,1,4),(0.,0.0556876311842984,0.11926270128218),
 .UNSPECIFIED.);
#199=B_SPLINE_CURVE_WITH_KNOTS('',3,(#10583,#10584,#10585,#10586,#10587),
 .UNSPECIFIED.,.F.,.F.,(4,1,4),(0.,0.0518050919934319,0.104004358683667),
 .UNSPECIFIED.);
#200=B_SPLINE_CURVE_WITH_KNOTS('',3,(#10589,#10590,#10591,#10592,#10593),
 .UNSPECIFIED.,.F.,.F.,(4,1,4),(0.,0.0518050919934319,0.104004358683667),
 .UNSPECIFIED.);
#201=B_SPLINE_CURVE_WITH_KNOTS('',3,(#10606,#10607,#10608,#10609,#10610),
 .UNSPECIFIED.,.F.,.F.,(4,1,4),(0.,0.0543279179089206,0.107319149486002),
 .UNSPECIFIED.);
#202=B_SPLINE_CURVE_WITH_KNOTS('',3,(#10612,#10613,#10614,#10615,#10616),
 .UNSPECIFIED.,.F.,.F.,(4,1,4),(0.,0.0543279179089206,0.107319149486002),
 .UNSPECIFIED.);
#203=B_SPLINE_CURVE_WITH_KNOTS('',3,(#10629,#10630,#10631,#10632,#10633),
 .UNSPECIFIED.,.F.,.F.,(4,1,4),(0.,0.0534446042807421,0.108098191430945),
 .UNSPECIFIED.);
#204=B_SPLINE_CURVE_WITH_KNOTS('',3,(#10635,#10636,#10637,#10638,#10639),
 .UNSPECIFIED.,.F.,.F.,(4,1,4),(0.,0.0534446042807421,0.108098191430945),
 .UNSPECIFIED.);
#205=B_SPLINE_CURVE_WITH_KNOTS('',3,(#10652,#10653,#10654,#10655,#10656),
 .UNSPECIFIED.,.F.,.F.,(4,1,4),(0.,0.0452147517712481,0.0959137443291883),
 .UNSPECIFIED.);
#206=B_SPLINE_CURVE_WITH_KNOTS('',3,(#10658,#10659,#10660,#10661,#10662),
 .UNSPECIFIED.,.F.,.F.,(4,1,4),(0.,0.0452147517712481,0.0959137443291883),
 .UNSPECIFIED.);
#207=B_SPLINE_CURVE_WITH_KNOTS('',3,(#10675,#10676,#10677,#10678,#10679),
 .UNSPECIFIED.,.F.,.F.,(4,1,4),(0.,0.0336396629543174,0.0729195337555096),
 .UNSPECIFIED.);
#208=B_SPLINE_CURVE_WITH_KNOTS('',3,(#10681,#10682,#10683,#10684,#10685),
 .UNSPECIFIED.,.F.,.F.,(4,1,4),(0.,0.0336396629543174,0.0729195337555096),
 .UNSPECIFIED.);
#209=B_SPLINE_CURVE_WITH_KNOTS('',3,(#10698,#10699,#10700,#10701,#10702),
 .UNSPECIFIED.,.F.,.F.,(4,1,4),(0.,0.0310495130889243,0.0610046556994516),
 .UNSPECIFIED.);
#210=B_SPLINE_CURVE_WITH_KNOTS('',3,(#10704,#10705,#10706,#10707,#10708),
 .UNSPECIFIED.,.F.,.F.,(4,1,4),(0.,0.0310495130889243,0.0610046556994516),
 .UNSPECIFIED.);
#211=B_SPLINE_CURVE_WITH_KNOTS('',3,(#10721,#10722,#10723,#10724,#10725),
 .UNSPECIFIED.,.F.,.F.,(4,1,4),(0.,0.0427683216137531,0.086905766632308),
 .UNSPECIFIED.);
#212=B_SPLINE_CURVE_WITH_KNOTS('',3,(#10727,#10728,#10729,#10730,#10731),
 .UNSPECIFIED.,.F.,.F.,(4,1,4),(0.,0.0427683216137531,0.086905766632308),
 .UNSPECIFIED.);
#213=B_SPLINE_CURVE_WITH_KNOTS('',3,(#10744,#10745,#10746,#10747,#10748),
 .UNSPECIFIED.,.F.,.F.,(4,1,4),(0.,0.0582130876413876,0.107171685207984),
 .UNSPECIFIED.);
#214=B_SPLINE_CURVE_WITH_KNOTS('',3,(#10750,#10751,#10752,#10753,#10754),
 .UNSPECIFIED.,.F.,.F.,(4,1,4),(0.,0.0582130876413876,0.107171685207984),
 .UNSPECIFIED.);
#215=B_SPLINE_CURVE_WITH_KNOTS('',3,(#10767,#10768,#10769,#10770,#10771),
 .UNSPECIFIED.,.F.,.F.,(4,1,4),(0.,0.0615584146639257,0.121865253816584),
 .UNSPECIFIED.);
#216=B_SPLINE_CURVE_WITH_KNOTS('',3,(#10773,#10774,#10775,#10776,#10777),
 .UNSPECIFIED.,.F.,.F.,(4,1,4),(0.,0.0615584146639257,0.121865253816584),
 .UNSPECIFIED.);
#217=B_SPLINE_CURVE_WITH_KNOTS('',3,(#10790,#10791,#10792,#10793,#10794),
 .UNSPECIFIED.,.F.,.F.,(4,1,4),(0.,0.0670740768200091,0.131680341389216),
 .UNSPECIFIED.);
#218=B_SPLINE_CURVE_WITH_KNOTS('',3,(#10796,#10797,#10798,#10799,#10800),
 .UNSPECIFIED.,.F.,.F.,(4,1,4),(0.,0.0670740768200091,0.131680341389216),
 .UNSPECIFIED.);
#219=B_SPLINE_CURVE_WITH_KNOTS('',3,(#10819,#10820,#10821,#10822,#10823),
 .UNSPECIFIED.,.F.,.F.,(4,1,4),(0.,0.076832754437607,0.157248791521353),
 .UNSPECIFIED.);
#220=B_SPLINE_CURVE_WITH_KNOTS('',3,(#10825,#10826,#10827,#10828,#10829),
 .UNSPECIFIED.,.F.,.F.,(4,1,4),(0.,0.076832754437607,0.157248791521353),
 .UNSPECIFIED.);
#221=B_SPLINE_CURVE_WITH_KNOTS('',3,(#10842,#10843,#10844,#10845,#10846),
 .UNSPECIFIED.,.F.,.F.,(4,1,4),(0.,0.0755804962474758,0.150721066962096),
 .UNSPECIFIED.);
#222=B_SPLINE_CURVE_WITH_KNOTS('',3,(#10848,#10849,#10850,#10851,#10852),
 .UNSPECIFIED.,.F.,.F.,(4,1,4),(0.,0.0755804962474758,0.150721066962096),
 .UNSPECIFIED.);
#223=B_SPLINE_CURVE_WITH_KNOTS('',3,(#10865,#10866,#10867,#10868,#10869),
 .UNSPECIFIED.,.F.,.F.,(4,1,4),(0.,0.0826466950604413,0.160726421593448),
 .UNSPECIFIED.);
#224=B_SPLINE_CURVE_WITH_KNOTS('',3,(#10871,#10872,#10873,#10874,#10875),
 .UNSPECIFIED.,.F.,.F.,(4,1,4),(0.,0.0826466950604413,0.160726421593448),
 .UNSPECIFIED.);
#225=B_SPLINE_CURVE_WITH_KNOTS('',3,(#10887,#10888,#10889,#10890,#10891),
 .UNSPECIFIED.,.F.,.F.,(4,1,4),(0.,0.0831191819481003,0.172124002199262),
 .UNSPECIFIED.);
#226=B_SPLINE_CURVE_WITH_KNOTS('',3,(#10892,#10893,#10894,#10895,#10896),
 .UNSPECIFIED.,.F.,.F.,(4,1,4),(0.,0.0831191819481003,0.172124002199262),
 .UNSPECIFIED.);
#227=B_SPLINE_CURVE_WITH_KNOTS('',3,(#10911,#10912,#10913,#10914,#10915),
 .UNSPECIFIED.,.F.,.F.,(4,1,4),(0.,0.0677029721531746,0.135356217695809),
 .UNSPECIFIED.);
#228=B_SPLINE_CURVE_WITH_KNOTS('',3,(#10919,#10920,#10921,#10922,#10923),
 .UNSPECIFIED.,.F.,.F.,(4,1,4),(0.,0.0677029721531746,0.135356217695809),
 .UNSPECIFIED.);
#229=B_SPLINE_CURVE_WITH_KNOTS('',3,(#10936,#10937,#10938,#10939,#10940),
 .UNSPECIFIED.,.F.,.F.,(4,1,4),(0.,0.0714945511159238,0.140859080648271),
 .UNSPECIFIED.);
#230=B_SPLINE_CURVE_WITH_KNOTS('',3,(#10942,#10943,#10944,#10945,#10946),
 .UNSPECIFIED.,.F.,.F.,(4,1,4),(0.,0.0714945511159238,0.140859080648271),
 .UNSPECIFIED.);
#231=B_SPLINE_CURVE_WITH_KNOTS('',3,(#10965,#10966,#10967,#10968,#10969),
 .UNSPECIFIED.,.F.,.F.,(4,1,4),(0.,0.0517677741500274,0.108330368962282),
 .UNSPECIFIED.);
#232=B_SPLINE_CURVE_WITH_KNOTS('',3,(#10971,#10972,#10973,#10974,#10975),
 .UNSPECIFIED.,.F.,.F.,(4,1,4),(0.,0.0517677741500274,0.108330368962282),
 .UNSPECIFIED.);
#233=B_SPLINE_CURVE_WITH_KNOTS('',3,(#10988,#10989,#10990,#10991,#10992),
 .UNSPECIFIED.,.F.,.F.,(4,1,4),(0.,0.0487340810553407,0.0966801147253004),
 .UNSPECIFIED.);
#234=B_SPLINE_CURVE_WITH_KNOTS('',3,(#10994,#10995,#10996,#10997,#10998),
 .UNSPECIFIED.,.F.,.F.,(4,1,4),(0.,0.0487340810553407,0.0966801147253004),
 .UNSPECIFIED.);
#235=B_SPLINE_CURVE_WITH_KNOTS('',3,(#11011,#11012,#11013,#11014,#11015),
 .UNSPECIFIED.,.F.,.F.,(4,1,4),(0.,0.0435221176251751,0.090002251940568),
 .UNSPECIFIED.);
#236=B_SPLINE_CURVE_WITH_KNOTS('',3,(#11017,#11018,#11019,#11020,#11021),
 .UNSPECIFIED.,.F.,.F.,(4,1,4),(0.,0.0435221176251751,0.090002251940568),
 .UNSPECIFIED.);
#237=B_SPLINE_CURVE_WITH_KNOTS('',3,(#11034,#11035,#11036,#11037,#11038),
 .UNSPECIFIED.,.F.,.F.,(4,1,4),(0.,0.0456695436685764,0.0894695576323291),
 .UNSPECIFIED.);
#238=B_SPLINE_CURVE_WITH_KNOTS('',3,(#11040,#11041,#11042,#11043,#11044),
 .UNSPECIFIED.,.F.,.F.,(4,1,4),(0.,0.0456695436685764,0.0894695576323291),
 .UNSPECIFIED.);
#239=B_SPLINE_CURVE_WITH_KNOTS('',3,(#11057,#11058,#11059,#11060,#11061),
 .UNSPECIFIED.,.F.,.F.,(4,1,4),(0.,0.0504653475212735,0.0986688493609416),
 .UNSPECIFIED.);
#240=B_SPLINE_CURVE_WITH_KNOTS('',3,(#11063,#11064,#11065,#11066,#11067),
 .UNSPECIFIED.,.F.,.F.,(4,1,4),(0.,0.0504653475212735,0.0986688493609416),
 .UNSPECIFIED.);
#241=B_SPLINE_CURVE_WITH_KNOTS('',3,(#11080,#11081,#11082,#11083,#11084),
 .UNSPECIFIED.,.F.,.F.,(4,1,4),(0.,0.0503777265729241,0.101661909932653),
 .UNSPECIFIED.);
#242=B_SPLINE_CURVE_WITH_KNOTS('',3,(#11086,#11087,#11088,#11089,#11090),
 .UNSPECIFIED.,.F.,.F.,(4,1,4),(0.,0.0503777265729241,0.101661909932653),
 .UNSPECIFIED.);
#243=B_SPLINE_CURVE_WITH_KNOTS('',3,(#11103,#11104,#11105,#11106,#11107),
 .UNSPECIFIED.,.F.,.F.,(4,1,4),(0.,0.0504231940895679,0.0992596041127492),
 .UNSPECIFIED.);
#244=B_SPLINE_CURVE_WITH_KNOTS('',3,(#11109,#11110,#11111,#11112,#11113),
 .UNSPECIFIED.,.F.,.F.,(4,1,4),(0.,0.0504231940895679,0.0992596041127492),
 .UNSPECIFIED.);
#245=B_SPLINE_CURVE_WITH_KNOTS('',3,(#11126,#11127,#11128,#11129,#11130),
 .UNSPECIFIED.,.F.,.F.,(4,1,4),(0.,0.0486039266195644,0.0988301779257105),
 .UNSPECIFIED.);
#246=B_SPLINE_CURVE_WITH_KNOTS('',3,(#11132,#11133,#11134,#11135,#11136),
 .UNSPECIFIED.,.F.,.F.,(4,1,4),(0.,0.0486039266195644,0.0988301779257105),
 .UNSPECIFIED.);
#247=B_SPLINE_CURVE_WITH_KNOTS('',3,(#11149,#11150,#11151,#11152,#11153),
 .UNSPECIFIED.,.F.,.F.,(4,1,4),(0.,0.0445101188836882,0.0908270685528036),
 .UNSPECIFIED.);
#248=B_SPLINE_CURVE_WITH_KNOTS('',3,(#11155,#11156,#11157,#11158,#11159),
 .UNSPECIFIED.,.F.,.F.,(4,1,4),(0.,0.0445101188836882,0.0908270685528036),
 .UNSPECIFIED.);
#249=B_SPLINE_CURVE_WITH_KNOTS('',3,(#11172,#11173,#11174,#11175,#11176),
 .UNSPECIFIED.,.F.,.F.,(4,1,4),(0.,0.0494588023532033,0.0943812098395818),
 .UNSPECIFIED.);
#250=B_SPLINE_CURVE_WITH_KNOTS('',3,(#11178,#11179,#11180,#11181,#11182),
 .UNSPECIFIED.,.F.,.F.,(4,1,4),(0.,0.0494588023532033,0.0943812098395818),
 .UNSPECIFIED.);
#251=B_SPLINE_CURVE_WITH_KNOTS('',3,(#11195,#11196,#11197,#11198,#11199),
 .UNSPECIFIED.,.F.,.F.,(4,1,4),(0.,0.0314097294637879,0.0659524382893762),
 .UNSPECIFIED.);
#252=B_SPLINE_CURVE_WITH_KNOTS('',3,(#11201,#11202,#11203,#11204,#11205),
 .UNSPECIFIED.,.F.,.F.,(4,1,4),(0.,0.0314097294637879,0.0659524382893762),
 .UNSPECIFIED.);
#253=B_SPLINE_CURVE_WITH_KNOTS('',3,(#11218,#11219,#11220,#11221,#11222),
 .UNSPECIFIED.,.F.,.F.,(4,1,4),(0.,0.0317650794918511,0.0623873742118672),
 .UNSPECIFIED.);
#254=B_SPLINE_CURVE_WITH_KNOTS('',3,(#11224,#11225,#11226,#11227,#11228),
 .UNSPECIFIED.,.F.,.F.,(4,1,4),(0.,0.0317650794918511,0.0623873742118672),
 .UNSPECIFIED.);
#255=B_SPLINE_CURVE_WITH_KNOTS('',3,(#11241,#11242,#11243,#11244,#11245),
 .UNSPECIFIED.,.F.,.F.,(4,1,4),(0.,0.0383191611235261,0.0728517043485983),
 .UNSPECIFIED.);
#256=B_SPLINE_CURVE_WITH_KNOTS('',3,(#11247,#11248,#11249,#11250,#11251),
 .UNSPECIFIED.,.F.,.F.,(4,1,4),(0.,0.0383191611235261,0.0728517043485983),
 .UNSPECIFIED.);
#257=B_SPLINE_CURVE_WITH_KNOTS('',3,(#11270,#11271,#11272,#11273,#11274),
 .UNSPECIFIED.,.F.,.F.,(4,1,4),(0.,0.0622183455797019,0.120913827687908),
 .UNSPECIFIED.);
#258=B_SPLINE_CURVE_WITH_KNOTS('',3,(#11276,#11277,#11278,#11279,#11280),
 .UNSPECIFIED.,.F.,.F.,(4,1,4),(0.,0.0622183455797019,0.120913827687908),
 .UNSPECIFIED.);
#259=B_SPLINE_CURVE_WITH_KNOTS('',3,(#11293,#11294,#11295,#11296,#11297),
 .UNSPECIFIED.,.F.,.F.,(4,1,4),(0.,0.0688844281141153,0.134222780529186),
 .UNSPECIFIED.);
#260=B_SPLINE_CURVE_WITH_KNOTS('',3,(#11299,#11300,#11301,#11302,#11303),
 .UNSPECIFIED.,.F.,.F.,(4,1,4),(0.,0.0688844281141153,0.134222780529186),
 .UNSPECIFIED.);
#261=B_SPLINE_CURVE_WITH_KNOTS('',3,(#11316,#11317,#11318,#11319,#11320),
 .UNSPECIFIED.,.F.,.F.,(4,1,4),(0.,0.0807115444599201,0.154355856630232),
 .UNSPECIFIED.);
#262=B_SPLINE_CURVE_WITH_KNOTS('',3,(#11322,#11323,#11324,#11325,#11326),
 .UNSPECIFIED.,.F.,.F.,(4,1,4),(0.,0.0807115444599201,0.154355856630232),
 .UNSPECIFIED.);
#263=B_SPLINE_CURVE_WITH_KNOTS('',3,(#11339,#11340,#11341,#11342,#11343),
 .UNSPECIFIED.,.F.,.F.,(4,1,4),(0.,0.0867272608768067,0.184056997474021),
 .UNSPECIFIED.);
#264=B_SPLINE_CURVE_WITH_KNOTS('',3,(#11345,#11346,#11347,#11348,#11349),
 .UNSPECIFIED.,.F.,.F.,(4,1,4),(0.,0.0867272608768067,0.184056997474021),
 .UNSPECIFIED.);
#265=B_SPLINE_CURVE_WITH_KNOTS('',3,(#11362,#11363,#11364,#11365,#11366),
 .UNSPECIFIED.,.F.,.F.,(4,1,4),(0.,0.0810772765299967,0.16304144746278),
 .UNSPECIFIED.);
#266=B_SPLINE_CURVE_WITH_KNOTS('',3,(#11368,#11369,#11370,#11371,#11372),
 .UNSPECIFIED.,.F.,.F.,(4,1,4),(0.,0.0810772765299967,0.16304144746278),
 .UNSPECIFIED.);
#267=B_SPLINE_CURVE_WITH_KNOTS('',3,(#11385,#11386,#11387,#11388,#11389),
 .UNSPECIFIED.,.F.,.F.,(4,1,4),(0.,0.0828658350086322,0.164858940215966),
 .UNSPECIFIED.);
#268=B_SPLINE_CURVE_WITH_KNOTS('',3,(#11391,#11392,#11393,#11394,#11395),
 .UNSPECIFIED.,.F.,.F.,(4,1,4),(0.,0.0828658350086322,0.164858940215966),
 .UNSPECIFIED.);
#269=B_SPLINE_CURVE_WITH_KNOTS('',3,(#11408,#11409,#11410,#11411,#11412),
 .UNSPECIFIED.,.F.,.F.,(4,1,4),(0.,0.0793937815186174,0.161647367641768),
 .UNSPECIFIED.);
#270=B_SPLINE_CURVE_WITH_KNOTS('',3,(#11414,#11415,#11416,#11417,#11418),
 .UNSPECIFIED.,.F.,.F.,(4,1,4),(0.,0.0793937815186174,0.161647367641768),
 .UNSPECIFIED.);
#271=B_SPLINE_CURVE_WITH_KNOTS('',3,(#11431,#11432,#11433,#11434,#11435),
 .UNSPECIFIED.,.F.,.F.,(4,1,4),(0.,0.083826741437386,0.167622014548421),
 .UNSPECIFIED.);
#272=B_SPLINE_CURVE_WITH_KNOTS('',3,(#11437,#11438,#11439,#11440,#11441),
 .UNSPECIFIED.,.F.,.F.,(4,1,4),(0.,0.083826741437386,0.167622014548421),
 .UNSPECIFIED.);
#273=B_SPLINE_CURVE_WITH_KNOTS('',3,(#11454,#11455,#11456,#11457,#11458),
 .UNSPECIFIED.,.F.,.F.,(4,1,4),(0.,0.0804996515394401,0.162908431732531),
 .UNSPECIFIED.);
#274=B_SPLINE_CURVE_WITH_KNOTS('',3,(#11460,#11461,#11462,#11463,#11464),
 .UNSPECIFIED.,.F.,.F.,(4,1,4),(0.,0.0804996515394401,0.162908431732531),
 .UNSPECIFIED.);
#275=B_SPLINE_CURVE_WITH_KNOTS('',3,(#11477,#11478,#11479,#11480,#11481),
 .UNSPECIFIED.,.F.,.F.,(4,1,4),(0.,0.080774845515058,0.160186629515221),
 .UNSPECIFIED.);
#276=B_SPLINE_CURVE_WITH_KNOTS('',3,(#11483,#11484,#11485,#11486,#11487),
 .UNSPECIFIED.,.F.,.F.,(4,1,4),(0.,0.080774845515058,0.160186629515221),
 .UNSPECIFIED.);
#277=B_SPLINE_CURVE_WITH_KNOTS('',3,(#11500,#11501,#11502,#11503,#11504),
 .UNSPECIFIED.,.F.,.F.,(4,1,4),(0.,0.0982375830582802,0.184745483018386),
 .UNSPECIFIED.);
#278=B_SPLINE_CURVE_WITH_KNOTS('',3,(#11506,#11507,#11508,#11509,#11510),
 .UNSPECIFIED.,.F.,.F.,(4,1,4),(0.,0.0982375830582802,0.184745483018386),
 .UNSPECIFIED.);
#279=B_SPLINE_CURVE_WITH_KNOTS('',3,(#11522,#11523,#11524,#11525,#11526),
 .UNSPECIFIED.,.F.,.F.,(4,1,4),(0.,0.070516019316601,0.147612513080136),
 .UNSPECIFIED.);
#280=B_SPLINE_CURVE_WITH_KNOTS('',3,(#11527,#11528,#11529,#11530,#11531),
 .UNSPECIFIED.,.F.,.F.,(4,1,4),(0.,0.070516019316601,0.147612513080136),
 .UNSPECIFIED.);
#281=B_SPLINE_CURVE_WITH_KNOTS('',3,(#11554,#11555,#11556,#11557,#11558),
 .UNSPECIFIED.,.F.,.F.,(4,1,4),(0.,0.0615033672106325,0.124234260954814),
 .UNSPECIFIED.);
#282=B_SPLINE_CURVE_WITH_KNOTS('',3,(#11560,#11561,#11562,#11563,#11564),
 .UNSPECIFIED.,.F.,.F.,(4,1,4),(0.,0.0615033672106325,0.124234260954814),
 .UNSPECIFIED.);
#283=B_SPLINE_CURVE_WITH_KNOTS('',3,(#11577,#11578,#11579,#11580,#11581),
 .UNSPECIFIED.,.F.,.F.,(4,1,4),(0.,0.0613479295372695,0.122201974269436),
 .UNSPECIFIED.);
#284=B_SPLINE_CURVE_WITH_KNOTS('',3,(#11583,#11584,#11585,#11586,#11587),
 .UNSPECIFIED.,.F.,.F.,(4,1,4),(0.,0.0613479295372695,0.122201974269436),
 .UNSPECIFIED.);
#285=B_SPLINE_CURVE_WITH_KNOTS('',3,(#11600,#11601,#11602,#11603,#11604),
 .UNSPECIFIED.,.F.,.F.,(4,1,4),(0.,0.0701490431685205,0.134301375812916),
 .UNSPECIFIED.);
#286=B_SPLINE_CURVE_WITH_KNOTS('',3,(#11606,#11607,#11608,#11609,#11610),
 .UNSPECIFIED.,.F.,.F.,(4,1,4),(0.,0.0701490431685205,0.134301375812916),
 .UNSPECIFIED.);
#287=B_SPLINE_CURVE_WITH_KNOTS('',3,(#11623,#11624,#11625,#11626,#11627),
 .UNSPECIFIED.,.F.,.F.,(4,1,4),(0.,0.058928448743808,0.1267115576315),
 .UNSPECIFIED.);
#288=B_SPLINE_CURVE_WITH_KNOTS('',3,(#11629,#11630,#11631,#11632,#11633),
 .UNSPECIFIED.,.F.,.F.,(4,1,4),(0.,0.058928448743808,0.1267115576315),
 .UNSPECIFIED.);
#289=B_SPLINE_CURVE_WITH_KNOTS('',3,(#11646,#11647,#11648,#11649,#11650),
 .UNSPECIFIED.,.F.,.F.,(4,1,4),(0.,0.0519424846206641,0.105971264666813),
 .UNSPECIFIED.);
#290=B_SPLINE_CURVE_WITH_KNOTS('',3,(#11652,#11653,#11654,#11655,#11656),
 .UNSPECIFIED.,.F.,.F.,(4,1,4),(0.,0.0519424846206641,0.105971264666813),
 .UNSPECIFIED.);
#291=B_SPLINE_CURVE_WITH_KNOTS('',3,(#11669,#11670,#11671,#11672,#11673),
 .UNSPECIFIED.,.F.,.F.,(4,1,4),(0.,0.0512480522406891,0.102665161208354),
 .UNSPECIFIED.);
#292=B_SPLINE_CURVE_WITH_KNOTS('',3,(#11675,#11676,#11677,#11678,#11679),
 .UNSPECIFIED.,.F.,.F.,(4,1,4),(0.,0.0512480522406891,0.102665161208354),
 .UNSPECIFIED.);
#293=B_SPLINE_CURVE_WITH_KNOTS('',3,(#11692,#11693,#11694,#11695,#11696),
 .UNSPECIFIED.,.F.,.F.,(4,1,4),(0.,0.0473176377548171,0.0973896451070424),
 .UNSPECIFIED.);
#294=B_SPLINE_CURVE_WITH_KNOTS('',3,(#11698,#11699,#11700,#11701,#11702),
 .UNSPECIFIED.,.F.,.F.,(4,1,4),(0.,0.0473176377548171,0.0973896451070424),
 .UNSPECIFIED.);
#295=B_SPLINE_CURVE_WITH_KNOTS('',3,(#11715,#11716,#11717,#11718,#11719),
 .UNSPECIFIED.,.F.,.F.,(4,1,4),(0.,0.0380944576903347,0.0791154892228337),
 .UNSPECIFIED.);
#296=B_SPLINE_CURVE_WITH_KNOTS('',3,(#11721,#11722,#11723,#11724,#11725),
 .UNSPECIFIED.,.F.,.F.,(4,1,4),(0.,0.0380944576903347,0.0791154892228337),
 .UNSPECIFIED.);
#297=B_SPLINE_CURVE_WITH_KNOTS('',3,(#11738,#11739,#11740,#11741,#11742),
 .UNSPECIFIED.,.F.,.F.,(4,1,4),(0.,0.0296301620469496,0.0637691662723251),
 .UNSPECIFIED.);
#298=B_SPLINE_CURVE_WITH_KNOTS('',3,(#11744,#11745,#11746,#11747,#11748),
 .UNSPECIFIED.,.F.,.F.,(4,1,4),(0.,0.0296301620469496,0.0637691662723251),
 .UNSPECIFIED.);
#299=B_SPLINE_CURVE_WITH_KNOTS('',3,(#11761,#11762,#11763,#11764,#11765),
 .UNSPECIFIED.,.F.,.F.,(4,1,4),(0.,0.0255617225043233,0.0515124634057909),
 .UNSPECIFIED.);
#300=B_SPLINE_CURVE_WITH_KNOTS('',3,(#11767,#11768,#11769,#11770,#11771),
 .UNSPECIFIED.,.F.,.F.,(4,1,4),(0.,0.0255617225043233,0.0515124634057909),
 .UNSPECIFIED.);
#301=B_SPLINE_CURVE_WITH_KNOTS('',3,(#11784,#11785,#11786,#11787,#11788),
 .UNSPECIFIED.,.F.,.F.,(4,1,4),(0.,0.0277222302644846,0.0577754729457352),
 .UNSPECIFIED.);
#302=B_SPLINE_CURVE_WITH_KNOTS('',3,(#11790,#11791,#11792,#11793,#11794),
 .UNSPECIFIED.,.F.,.F.,(4,1,4),(0.,0.0277222302644846,0.0577754729457352),
 .UNSPECIFIED.);
#303=B_SPLINE_CURVE_WITH_KNOTS('',3,(#11807,#11808,#11809,#11810,#11811),
 .UNSPECIFIED.,.F.,.F.,(4,1,4),(0.,0.03738714482268,0.0681903832096893),
 .UNSPECIFIED.);
#304=B_SPLINE_CURVE_WITH_KNOTS('',3,(#11813,#11814,#11815,#11816,#11817),
 .UNSPECIFIED.,.F.,.F.,(4,1,4),(0.,0.03738714482268,0.0681903832096893),
 .UNSPECIFIED.);
#305=B_SPLINE_CURVE_WITH_KNOTS('',3,(#11830,#11831,#11832,#11833,#11834),
 .UNSPECIFIED.,.F.,.F.,(4,1,4),(0.,0.0416638489944775,0.0872036186590621),
 .UNSPECIFIED.);
#306=B_SPLINE_CURVE_WITH_KNOTS('',3,(#11836,#11837,#11838,#11839,#11840),
 .UNSPECIFIED.,.F.,.F.,(4,1,4),(0.,0.0416638489944775,0.0872036186590621),
 .UNSPECIFIED.);
#307=B_SPLINE_CURVE_WITH_KNOTS('',3,(#11853,#11854,#11855,#11856,#11857),
 .UNSPECIFIED.,.F.,.F.,(4,1,4),(0.,0.040845854731046,0.0819872072740264),
 .UNSPECIFIED.);
#308=B_SPLINE_CURVE_WITH_KNOTS('',3,(#11859,#11860,#11861,#11862,#11863),
 .UNSPECIFIED.,.F.,.F.,(4,1,4),(0.,0.040845854731046,0.0819872072740264),
 .UNSPECIFIED.);
#309=B_SPLINE_CURVE_WITH_KNOTS('',3,(#11882,#11883,#11884,#11885,#11886),
 .UNSPECIFIED.,.F.,.F.,(4,1,4),(0.,0.0715481382706918,0.144637825746799),
 .UNSPECIFIED.);
#310=B_SPLINE_CURVE_WITH_KNOTS('',3,(#11888,#11889,#11890,#11891,#11892),
 .UNSPECIFIED.,.F.,.F.,(4,1,4),(0.,0.0715481382706918,0.144637825746799),
 .UNSPECIFIED.);
#311=B_SPLINE_CURVE_WITH_KNOTS('',3,(#11905,#11906,#11907,#11908,#11909),
 .UNSPECIFIED.,.F.,.F.,(4,1,4),(0.,0.0765001813691403,0.148234379137861),
 .UNSPECIFIED.);
#312=B_SPLINE_CURVE_WITH_KNOTS('',3,(#11911,#11912,#11913,#11914,#11915),
 .UNSPECIFIED.,.F.,.F.,(4,1,4),(0.,0.0765001813691403,0.148234379137861),
 .UNSPECIFIED.);
#313=B_SPLINE_CURVE_WITH_KNOTS('',3,(#11946,#11947,#11948,#11949,#11950),
 .UNSPECIFIED.,.F.,.F.,(4,1,4),(0.,0.0825104632982261,0.17269627739268),
 .UNSPECIFIED.);
#314=B_SPLINE_CURVE_WITH_KNOTS('',3,(#11952,#11953,#11954,#11955,#11956),
 .UNSPECIFIED.,.F.,.F.,(4,1,4),(0.,0.0825104632982261,0.17269627739268),
 .UNSPECIFIED.);
#315=B_SPLINE_CURVE_WITH_KNOTS('',3,(#11969,#11970,#11971,#11972,#11973),
 .UNSPECIFIED.,.F.,.F.,(4,1,4),(0.,0.0782599483197012,0.157661753469075),
 .UNSPECIFIED.);
#316=B_SPLINE_CURVE_WITH_KNOTS('',3,(#11975,#11976,#11977,#11978,#11979),
 .UNSPECIFIED.,.F.,.F.,(4,1,4),(0.,0.0782599483197012,0.157661753469075),
 .UNSPECIFIED.);
#317=B_SPLINE_CURVE_WITH_KNOTS('',3,(#11992,#11993,#11994,#11995,#11996),
 .UNSPECIFIED.,.F.,.F.,(4,1,4),(0.,0.0530588493347365,0.11382119964233),
 .UNSPECIFIED.);
#318=B_SPLINE_CURVE_WITH_KNOTS('',3,(#11998,#11999,#12000,#12001,#12002),
 .UNSPECIFIED.,.F.,.F.,(4,1,4),(0.,0.0530588493347365,0.11382119964233),
 .UNSPECIFIED.);
#319=B_SPLINE_CURVE_WITH_KNOTS('',3,(#12015,#12016,#12017,#12018,#12019),
 .UNSPECIFIED.,.F.,.F.,(4,1,4),(0.,0.0475619268509549,0.096505509508406),
 .UNSPECIFIED.);
#320=B_SPLINE_CURVE_WITH_KNOTS('',3,(#12021,#12022,#12023,#12024,#12025),
 .UNSPECIFIED.,.F.,.F.,(4,1,4),(0.,0.0475619268509549,0.096505509508406),
 .UNSPECIFIED.);
#321=B_SPLINE_CURVE_WITH_KNOTS('',3,(#12038,#12039,#12040,#12041,#12042),
 .UNSPECIFIED.,.F.,.F.,(4,1,4),(0.,0.0489775878865845,0.0969453862034728),
 .UNSPECIFIED.);
#322=B_SPLINE_CURVE_WITH_KNOTS('',3,(#12044,#12045,#12046,#12047,#12048),
 .UNSPECIFIED.,.F.,.F.,(4,1,4),(0.,0.0489775878865845,0.0969453862034728),
 .UNSPECIFIED.);
#323=B_SPLINE_CURVE_WITH_KNOTS('',3,(#12061,#12062,#12063,#12064,#12065),
 .UNSPECIFIED.,.F.,.F.,(4,1,4),(0.,0.0494020664110448,0.0990274689109107),
 .UNSPECIFIED.);
#324=B_SPLINE_CURVE_WITH_KNOTS('',3,(#12067,#12068,#12069,#12070,#12071),
 .UNSPECIFIED.,.F.,.F.,(4,1,4),(0.,0.0494020664110448,0.0990274689109107),
 .UNSPECIFIED.);
#325=B_SPLINE_CURVE_WITH_KNOTS('',3,(#12084,#12085,#12086,#12087,#12088),
 .UNSPECIFIED.,.F.,.F.,(4,1,4),(0.,0.0419871373495841,0.0881126474886252),
 .UNSPECIFIED.);
#326=B_SPLINE_CURVE_WITH_KNOTS('',3,(#12090,#12091,#12092,#12093,#12094),
 .UNSPECIFIED.,.F.,.F.,(4,1,4),(0.,0.0419871373495841,0.0881126474886252),
 .UNSPECIFIED.);
#327=B_SPLINE_CURVE_WITH_KNOTS('',3,(#12107,#12108,#12109,#12110,#12111),
 .UNSPECIFIED.,.F.,.F.,(4,1,4),(0.,0.0328811907241291,0.0702010262744855),
 .UNSPECIFIED.);
#328=B_SPLINE_CURVE_WITH_KNOTS('',3,(#12113,#12114,#12115,#12116,#12117),
 .UNSPECIFIED.,.F.,.F.,(4,1,4),(0.,0.0328811907241291,0.0702010262744855),
 .UNSPECIFIED.);
#329=B_SPLINE_CURVE_WITH_KNOTS('',3,(#12130,#12131,#12132,#12133,#12134),
 .UNSPECIFIED.,.F.,.F.,(4,1,4),(0.,0.0327897341879423,0.0633999033726657),
 .UNSPECIFIED.);
#330=B_SPLINE_CURVE_WITH_KNOTS('',3,(#12136,#12137,#12138,#12139,#12140),
 .UNSPECIFIED.,.F.,.F.,(4,1,4),(0.,0.0327897341879423,0.0633999033726657),
 .UNSPECIFIED.);
#331=B_SPLINE_CURVE_WITH_KNOTS('',3,(#12153,#12154,#12155,#12156,#12157),
 .UNSPECIFIED.,.F.,.F.,(4,1,4),(0.,0.0390228311137069,0.0819100230830675),
 .UNSPECIFIED.);
#332=B_SPLINE_CURVE_WITH_KNOTS('',3,(#12159,#12160,#12161,#12162,#12163),
 .UNSPECIFIED.,.F.,.F.,(4,1,4),(0.,0.0390228311137069,0.0819100230830675),
 .UNSPECIFIED.);
#333=B_SPLINE_CURVE_WITH_KNOTS('',3,(#12176,#12177,#12178,#12179,#12180),
 .UNSPECIFIED.,.F.,.F.,(4,1,4),(0.,0.0467410345284576,0.0876958115037713),
 .UNSPECIFIED.);
#334=B_SPLINE_CURVE_WITH_KNOTS('',3,(#12182,#12183,#12184,#12185,#12186),
 .UNSPECIFIED.,.F.,.F.,(4,1,4),(0.,0.0467410345284576,0.0876958115037713),
 .UNSPECIFIED.);
#335=B_SPLINE_CURVE_WITH_KNOTS('',3,(#12199,#12200,#12201,#12202,#12203),
 .UNSPECIFIED.,.F.,.F.,(4,1,4),(0.,0.0551108757428574,0.107149763306691),
 .UNSPECIFIED.);
#336=B_SPLINE_CURVE_WITH_KNOTS('',3,(#12205,#12206,#12207,#12208,#12209),
 .UNSPECIFIED.,.F.,.F.,(4,1,4),(0.,0.0551108757428574,0.107149763306691),
 .UNSPECIFIED.);
#337=B_SPLINE_CURVE_WITH_KNOTS('',3,(#12222,#12223,#12224,#12225,#12226),
 .UNSPECIFIED.,.F.,.F.,(4,1,4),(0.,0.0623340476012181,0.121848182814187),
 .UNSPECIFIED.);
#338=B_SPLINE_CURVE_WITH_KNOTS('',3,(#12228,#12229,#12230,#12231,#12232),
 .UNSPECIFIED.,.F.,.F.,(4,1,4),(0.,0.0623340476012181,0.121848182814187),
 .UNSPECIFIED.);
#339=B_SPLINE_CURVE_WITH_KNOTS('',3,(#12251,#12252,#12253,#12254,#12255),
 .UNSPECIFIED.,.F.,.F.,(4,1,4),(0.,0.0855647328562749,0.176183377302268),
 .UNSPECIFIED.);
#340=B_SPLINE_CURVE_WITH_KNOTS('',3,(#12257,#12258,#12259,#12260,#12261),
 .UNSPECIFIED.,.F.,.F.,(4,1,4),(0.,0.0855647328562749,0.176183377302268),
 .UNSPECIFIED.);
#341=B_SPLINE_CURVE_WITH_KNOTS('',3,(#12274,#12275,#12276,#12277,#12278),
 .UNSPECIFIED.,.F.,.F.,(4,1,4),(0.,0.087305045500244,0.171111884337299),
 .UNSPECIFIED.);
#342=B_SPLINE_CURVE_WITH_KNOTS('',3,(#12280,#12281,#12282,#12283,#12284),
 .UNSPECIFIED.,.F.,.F.,(4,1,4),(0.,0.087305045500244,0.171111884337299),
 .UNSPECIFIED.);
#343=B_SPLINE_CURVE_WITH_KNOTS('',3,(#12365,#12366,#12367,#12368,#12369),
 .UNSPECIFIED.,.F.,.F.,(4,1,4),(0.,0.0473346034929869,0.0936962469063916),
 .UNSPECIFIED.);
#344=B_SPLINE_CURVE_WITH_KNOTS('',3,(#12373,#12374,#12375,#12376,#12377),
 .UNSPECIFIED.,.F.,.F.,(4,1,4),(0.,0.0473346034929869,0.0936962469063916),
 .UNSPECIFIED.);
#345=B_SPLINE_CURVE_WITH_KNOTS('',3,(#12390,#12391,#12392,#12393,#12394),
 .UNSPECIFIED.,.F.,.F.,(4,1,4),(0.,0.0504323270272273,0.0994681965945974),
 .UNSPECIFIED.);
#346=B_SPLINE_CURVE_WITH_KNOTS('',3,(#12396,#12397,#12398,#12399,#12400),
 .UNSPECIFIED.,.F.,.F.,(4,1,4),(0.,0.0504323270272273,0.0994681965945974),
 .UNSPECIFIED.);
#347=B_SPLINE_CURVE_WITH_KNOTS('',3,(#12413,#12414,#12415,#12416,#12417),
 .UNSPECIFIED.,.F.,.F.,(4,1,4),(0.,0.0498117793921232,0.100661084045227),
 .UNSPECIFIED.);
#348=B_SPLINE_CURVE_WITH_KNOTS('',3,(#12419,#12420,#12421,#12422,#12423),
 .UNSPECIFIED.,.F.,.F.,(4,1,4),(0.,0.0498117793921232,0.100661084045227),
 .UNSPECIFIED.);
#349=B_SPLINE_CURVE_WITH_KNOTS('',3,(#12436,#12437,#12438,#12439,#12440),
 .UNSPECIFIED.,.F.,.F.,(4,1,4),(0.,0.0504150728629586,0.0983769783311345),
 .UNSPECIFIED.);
#350=B_SPLINE_CURVE_WITH_KNOTS('',3,(#12442,#12443,#12444,#12445,#12446),
 .UNSPECIFIED.,.F.,.F.,(4,1,4),(0.,0.0504150728629586,0.0983769783311345),
 .UNSPECIFIED.);
#351=B_SPLINE_CURVE_WITH_KNOTS('',3,(#12459,#12460,#12461,#12462,#12463),
 .UNSPECIFIED.,.F.,.F.,(4,1,4),(0.,0.0494125077302184,0.100143573729085),
 .UNSPECIFIED.);
#352=B_SPLINE_CURVE_WITH_KNOTS('',3,(#12465,#12466,#12467,#12468,#12469),
 .UNSPECIFIED.,.F.,.F.,(4,1,4),(0.,0.0494125077302184,0.100143573729085),
 .UNSPECIFIED.);
#353=B_SPLINE_CURVE_WITH_KNOTS('',3,(#12482,#12483,#12484,#12485,#12486),
 .UNSPECIFIED.,.F.,.F.,(4,1,4),(0.,0.0468756725680606,0.0946568906770009),
 .UNSPECIFIED.);
#354=B_SPLINE_CURVE_WITH_KNOTS('',3,(#12488,#12489,#12490,#12491,#12492),
 .UNSPECIFIED.,.F.,.F.,(4,1,4),(0.,0.0468756725680606,0.0946568906770009),
 .UNSPECIFIED.);
#355=B_SPLINE_CURVE_WITH_KNOTS('',3,(#12505,#12506,#12507,#12508,#12509),
 .UNSPECIFIED.,.F.,.F.,(4,1,4),(0.,0.0536129116131627,0.101835009539909),
 .UNSPECIFIED.);
#356=B_SPLINE_CURVE_WITH_KNOTS('',3,(#12511,#12512,#12513,#12514,#12515),
 .UNSPECIFIED.,.F.,.F.,(4,1,4),(0.,0.0536129116131627,0.101835009539909),
 .UNSPECIFIED.);
#357=B_SPLINE_CURVE_WITH_KNOTS('',3,(#12528,#12529,#12530,#12531,#12532),
 .UNSPECIFIED.,.F.,.F.,(4,1,4),(0.,0.0479265186839103,0.10150997766515),
 .UNSPECIFIED.);
#358=B_SPLINE_CURVE_WITH_KNOTS('',3,(#12534,#12535,#12536,#12537,#12538),
 .UNSPECIFIED.,.F.,.F.,(4,1,4),(0.,0.0479265186839103,0.10150997766515),
 .UNSPECIFIED.);
#359=B_SPLINE_CURVE_WITH_KNOTS('',3,(#12551,#12552,#12553,#12554,#12555),
 .UNSPECIFIED.,.F.,.F.,(4,1,4),(0.,0.0470523709457172,0.0932913387456682),
 .UNSPECIFIED.);
#360=B_SPLINE_CURVE_WITH_KNOTS('',3,(#12557,#12558,#12559,#12560,#12561),
 .UNSPECIFIED.,.F.,.F.,(4,1,4),(0.,0.0470523709457172,0.0932913387456682),
 .UNSPECIFIED.);
#361=B_SPLINE_CURVE_WITH_KNOTS('',3,(#12574,#12575,#12576,#12577,#12578),
 .UNSPECIFIED.,.F.,.F.,(4,1,4),(0.,0.0505545685630968,0.0994283832280883),
 .UNSPECIFIED.);
#362=B_SPLINE_CURVE_WITH_KNOTS('',3,(#12580,#12581,#12582,#12583,#12584),
 .UNSPECIFIED.,.F.,.F.,(4,1,4),(0.,0.0505545685630968,0.0994283832280883),
 .UNSPECIFIED.);
#363=B_SPLINE_CURVE_WITH_KNOTS('',3,(#12597,#12598,#12599,#12600,#12601),
 .UNSPECIFIED.,.F.,.F.,(4,1,4),(0.,0.0503692667762319,0.101578731729899),
 .UNSPECIFIED.);
#364=B_SPLINE_CURVE_WITH_KNOTS('',3,(#12603,#12604,#12605,#12606,#12607),
 .UNSPECIFIED.,.F.,.F.,(4,1,4),(0.,0.0503692667762319,0.101578731729899),
 .UNSPECIFIED.);
#365=B_SPLINE_CURVE_WITH_KNOTS('',3,(#12620,#12621,#12622,#12623,#12624),
 .UNSPECIFIED.,.F.,.F.,(4,1,4),(0.,0.050015498608375,0.0978257361821249),
 .UNSPECIFIED.);
#366=B_SPLINE_CURVE_WITH_KNOTS('',3,(#12626,#12627,#12628,#12629,#12630),
 .UNSPECIFIED.,.F.,.F.,(4,1,4),(0.,0.050015498608375,0.0978257361821249),
 .UNSPECIFIED.);
#367=B_SPLINE_CURVE_WITH_KNOTS('',3,(#12643,#12644,#12645,#12646,#12647),
 .UNSPECIFIED.,.F.,.F.,(4,1,4),(0.,0.0495520877600329,0.100029269186572),
 .UNSPECIFIED.);
#368=B_SPLINE_CURVE_WITH_KNOTS('',3,(#12649,#12650,#12651,#12652,#12653),
 .UNSPECIFIED.,.F.,.F.,(4,1,4),(0.,0.0495520877600329,0.100029269186572),
 .UNSPECIFIED.);
#369=B_SPLINE_CURVE_WITH_KNOTS('',3,(#12666,#12667,#12668,#12669,#12670),
 .UNSPECIFIED.,.F.,.F.,(4,1,4),(0.,0.0465883318613718,0.094454400766658),
 .UNSPECIFIED.);
#370=B_SPLINE_CURVE_WITH_KNOTS('',3,(#12672,#12673,#12674,#12675,#12676),
 .UNSPECIFIED.,.F.,.F.,(4,1,4),(0.,0.0465883318613718,0.094454400766658),
 .UNSPECIFIED.);
#371=B_SPLINE_CURVE_WITH_KNOTS('',3,(#12689,#12690,#12691,#12692,#12693),
 .UNSPECIFIED.,.F.,.F.,(4,1,4),(0.,0.0525665573683772,0.100176864405228),
 .UNSPECIFIED.);
#372=B_SPLINE_CURVE_WITH_KNOTS('',3,(#12695,#12696,#12697,#12698,#12699),
 .UNSPECIFIED.,.F.,.F.,(4,1,4),(0.,0.0525665573683772,0.100176864405228),
 .UNSPECIFIED.);
#373=B_SPLINE_CURVE_WITH_KNOTS('',3,(#12711,#12712,#12713,#12714,#12715),
 .UNSPECIFIED.,.F.,.F.,(4,1,4),(0.,0.047632523307727,0.100258657567899),
 .UNSPECIFIED.);
#374=B_SPLINE_CURVE_WITH_KNOTS('',3,(#12716,#12717,#12718,#12719,#12720),
 .UNSPECIFIED.,.F.,.F.,(4,1,4),(0.,0.047632523307727,0.100258657567899),
 .UNSPECIFIED.);
#375=B_SPLINE_CURVE_WITH_KNOTS('',3,(#12733,#12734,#12735,#12736,#12737),
 .UNSPECIFIED.,.F.,.F.,(4,1,4),(0.,0.0813618830747632,0.164401331184935),
 .UNSPECIFIED.);
#376=B_SPLINE_CURVE_WITH_KNOTS('',3,(#12741,#12742,#12743,#12744,#12745),
 .UNSPECIFIED.,.F.,.F.,(4,1,4),(0.,0.0813618830747632,0.164401331184935),
 .UNSPECIFIED.);
#377=B_SPLINE_CURVE_WITH_KNOTS('',3,(#12758,#12759,#12760,#12761,#12762),
 .UNSPECIFIED.,.F.,.F.,(4,1,4),(0.,0.0833582708947112,0.165358826062954),
 .UNSPECIFIED.);
#378=B_SPLINE_CURVE_WITH_KNOTS('',3,(#12764,#12765,#12766,#12767,#12768),
 .UNSPECIFIED.,.F.,.F.,(4,1,4),(0.,0.0833582708947112,0.165358826062954),
 .UNSPECIFIED.);
#379=B_SPLINE_CURVE_WITH_KNOTS('',3,(#12781,#12782,#12783,#12784,#12785),
 .UNSPECIFIED.,.F.,.F.,(4,1,4),(0.,0.0834186949804058,0.167544177643336),
 .UNSPECIFIED.);
#380=B_SPLINE_CURVE_WITH_KNOTS('',3,(#12787,#12788,#12789,#12790,#12791),
 .UNSPECIFIED.,.F.,.F.,(4,1,4),(0.,0.0834186949804058,0.167544177643336),
 .UNSPECIFIED.);
#381=B_SPLINE_CURVE_WITH_KNOTS('',3,(#12804,#12805,#12806,#12807,#12808),
 .UNSPECIFIED.,.F.,.F.,(4,1,4),(0.,0.0841254826629301,0.167544296611448),
 .UNSPECIFIED.);
#382=B_SPLINE_CURVE_WITH_KNOTS('',3,(#12810,#12811,#12812,#12813,#12814),
 .UNSPECIFIED.,.F.,.F.,(4,1,4),(0.,0.0841254826629301,0.167544296611448),
 .UNSPECIFIED.);
#383=B_SPLINE_CURVE_WITH_KNOTS('',3,(#12827,#12828,#12829,#12830,#12831),
 .UNSPECIFIED.,.F.,.F.,(4,1,4),(0.,0.082000607094793,0.165358821737409),
 .UNSPECIFIED.);
#384=B_SPLINE_CURVE_WITH_KNOTS('',3,(#12833,#12834,#12835,#12836,#12837),
 .UNSPECIFIED.,.F.,.F.,(4,1,4),(0.,0.082000607094793,0.165358821737409),
 .UNSPECIFIED.);
#385=B_SPLINE_CURVE_WITH_KNOTS('',3,(#12850,#12851,#12852,#12853,#12854),
 .UNSPECIFIED.,.F.,.F.,(4,1,4),(0.,0.0830394481101717,0.164401375925045),
 .UNSPECIFIED.);
#386=B_SPLINE_CURVE_WITH_KNOTS('',3,(#12856,#12857,#12858,#12859,#12860),
 .UNSPECIFIED.,.F.,.F.,(4,1,4),(0.,0.0830394481101717,0.164401375925045),
 .UNSPECIFIED.);
#387=B_SPLINE_CURVE_WITH_KNOTS('',3,(#12873,#12874,#12875,#12876,#12877),
 .UNSPECIFIED.,.F.,.F.,(4,1,4),(0.,0.101283308097667,0.190437172258104),
 .UNSPECIFIED.);
#388=B_SPLINE_CURVE_WITH_KNOTS('',3,(#12879,#12880,#12881,#12882,#12883),
 .UNSPECIFIED.,.F.,.F.,(4,1,4),(0.,0.101283308097667,0.190437172258104),
 .UNSPECIFIED.);
#389=B_SPLINE_CURVE_WITH_KNOTS('',3,(#12896,#12897,#12898,#12899,#12900),
 .UNSPECIFIED.,.F.,.F.,(4,1,4),(0.,0.0893047825668269,0.189788510605698),
 .UNSPECIFIED.);
#390=B_SPLINE_CURVE_WITH_KNOTS('',3,(#12902,#12903,#12904,#12905,#12906),
 .UNSPECIFIED.,.F.,.F.,(4,1,4),(0.,0.0893047825668269,0.189788510605698),
 .UNSPECIFIED.);
#391=B_SPLINE_CURVE_WITH_KNOTS('',3,(#12919,#12920,#12921,#12922,#12923),
 .UNSPECIFIED.,.F.,.F.,(4,1,4),(0.,0.0814681941772968,0.164903233880934),
 .UNSPECIFIED.);
#392=B_SPLINE_CURVE_WITH_KNOTS('',3,(#12925,#12926,#12927,#12928,#12929),
 .UNSPECIFIED.,.F.,.F.,(4,1,4),(0.,0.0814681941772968,0.164903233880934),
 .UNSPECIFIED.);
#393=B_SPLINE_CURVE_WITH_KNOTS('',3,(#12942,#12943,#12944,#12945,#12946),
 .UNSPECIFIED.,.F.,.F.,(4,1,4),(0.,0.0834383606171629,0.165478392733497),
 .UNSPECIFIED.);
#394=B_SPLINE_CURVE_WITH_KNOTS('',3,(#12948,#12949,#12950,#12951,#12952),
 .UNSPECIFIED.,.F.,.F.,(4,1,4),(0.,0.0834383606171629,0.165478392733497),
 .UNSPECIFIED.);
#395=B_SPLINE_CURVE_WITH_KNOTS('',3,(#12965,#12966,#12967,#12968,#12969),
 .UNSPECIFIED.,.F.,.F.,(4,1,4),(0.,0.0834240643828192,0.167595351565418),
 .UNSPECIFIED.);
#396=B_SPLINE_CURVE_WITH_KNOTS('',3,(#12971,#12972,#12973,#12974,#12975),
 .UNSPECIFIED.,.F.,.F.,(4,1,4),(0.,0.0834240643828192,0.167595351565418),
 .UNSPECIFIED.);
#397=B_SPLINE_CURVE_WITH_KNOTS('',3,(#12988,#12989,#12990,#12991,#12992),
 .UNSPECIFIED.,.F.,.F.,(4,1,4),(0.,0.0841713584259458,0.167595200273782),
 .UNSPECIFIED.);
#398=B_SPLINE_CURVE_WITH_KNOTS('',3,(#12994,#12995,#12996,#12997,#12998),
 .UNSPECIFIED.,.F.,.F.,(4,1,4),(0.,0.0841713584259458,0.167595200273782),
 .UNSPECIFIED.);
#399=B_SPLINE_CURVE_WITH_KNOTS('',3,(#13011,#13012,#13013,#13014,#13015),
 .UNSPECIFIED.,.F.,.F.,(4,1,4),(0.,0.0820400321163341,0.165478392733497),
 .UNSPECIFIED.);
#400=B_SPLINE_CURVE_WITH_KNOTS('',3,(#13017,#13018,#13019,#13020,#13021),
 .UNSPECIFIED.,.F.,.F.,(4,1,4),(0.,0.0820400321163341,0.165478392733497),
 .UNSPECIFIED.);
#401=B_SPLINE_CURVE_WITH_KNOTS('',3,(#13034,#13035,#13036,#13037,#13038),
 .UNSPECIFIED.,.F.,.F.,(4,1,4),(0.,0.0834350397036374,0.164903189199182),
 .UNSPECIFIED.);
#402=B_SPLINE_CURVE_WITH_KNOTS('',3,(#13040,#13041,#13042,#13043,#13044),
 .UNSPECIFIED.,.F.,.F.,(4,1,4),(0.,0.0834350397036374,0.164903189199182),
 .UNSPECIFIED.);
#403=B_SPLINE_CURVE_WITH_KNOTS('',3,(#13057,#13058,#13059,#13060,#13061),
 .UNSPECIFIED.,.F.,.F.,(4,1,4),(0.,0.100483715931737,0.189788559800755),
 .UNSPECIFIED.);
#404=B_SPLINE_CURVE_WITH_KNOTS('',3,(#13063,#13064,#13065,#13066,#13067),
 .UNSPECIFIED.,.F.,.F.,(4,1,4),(0.,0.100483715931737,0.189788559800755),
 .UNSPECIFIED.);
#405=B_SPLINE_CURVE_WITH_KNOTS('',3,(#13079,#13080,#13081,#13082,#13083),
 .UNSPECIFIED.,.F.,.F.,(4,1,4),(0.,0.0891539050977905,0.190437207189698),
 .UNSPECIFIED.);
#406=B_SPLINE_CURVE_WITH_KNOTS('',3,(#13084,#13085,#13086,#13087,#13088),
 .UNSPECIFIED.,.F.,.F.,(4,1,4),(0.,0.0891539050977905,0.190437207189698),
 .UNSPECIFIED.);
#407=B_SPLINE_CURVE_WITH_KNOTS('',3,(#13111,#13112,#13113,#13114,#13115),
 .UNSPECIFIED.,.F.,.F.,(4,1,4),(0.,0.0615033672106325,0.12423420399588),
 .UNSPECIFIED.);
#408=B_SPLINE_CURVE_WITH_KNOTS('',3,(#13117,#13118,#13119,#13120,#13121),
 .UNSPECIFIED.,.F.,.F.,(4,1,4),(0.,0.0615033672106325,0.12423420399588),
 .UNSPECIFIED.);
#409=B_SPLINE_CURVE_WITH_KNOTS('',3,(#13134,#13135,#13136,#13137,#13138),
 .UNSPECIFIED.,.F.,.F.,(4,1,4),(0.,0.0613479977735266,0.122202042505693),
 .UNSPECIFIED.);
#410=B_SPLINE_CURVE_WITH_KNOTS('',3,(#13140,#13141,#13142,#13143,#13144),
 .UNSPECIFIED.,.F.,.F.,(4,1,4),(0.,0.0613479977735266,0.122202042505693),
 .UNSPECIFIED.);
#411=B_SPLINE_CURVE_WITH_KNOTS('',3,(#13157,#13158,#13159,#13160,#13161),
 .UNSPECIFIED.,.F.,.F.,(4,1,4),(0.,0.0701490431685205,0.134301334152246),
 .UNSPECIFIED.);
#412=B_SPLINE_CURVE_WITH_KNOTS('',3,(#13163,#13164,#13165,#13166,#13167),
 .UNSPECIFIED.,.F.,.F.,(4,1,4),(0.,0.0701490431685205,0.134301334152246),
 .UNSPECIFIED.);
#413=B_SPLINE_CURVE_WITH_KNOTS('',3,(#13180,#13181,#13182,#13183,#13184),
 .UNSPECIFIED.,.F.,.F.,(4,1,4),(0.,0.058928448743808,0.1267115576315),
 .UNSPECIFIED.);
#414=B_SPLINE_CURVE_WITH_KNOTS('',3,(#13186,#13187,#13188,#13189,#13190),
 .UNSPECIFIED.,.F.,.F.,(4,1,4),(0.,0.058928448743808,0.1267115576315),
 .UNSPECIFIED.);
#415=B_SPLINE_CURVE_WITH_KNOTS('',3,(#13203,#13204,#13205,#13206,#13207),
 .UNSPECIFIED.,.F.,.F.,(4,1,4),(0.,0.0519424846206641,0.105971264666813),
 .UNSPECIFIED.);
#416=B_SPLINE_CURVE_WITH_KNOTS('',3,(#13209,#13210,#13211,#13212,#13213),
 .UNSPECIFIED.,.F.,.F.,(4,1,4),(0.,0.0519424846206641,0.105971264666813),
 .UNSPECIFIED.);
#417=B_SPLINE_CURVE_WITH_KNOTS('',3,(#13226,#13227,#13228,#13229,#13230),
 .UNSPECIFIED.,.F.,.F.,(4,1,4),(0.,0.0512479477521688,0.102665056719834),
 .UNSPECIFIED.);
#418=B_SPLINE_CURVE_WITH_KNOTS('',3,(#13232,#13233,#13234,#13235,#13236),
 .UNSPECIFIED.,.F.,.F.,(4,1,4),(0.,0.0512479477521688,0.102665056719834),
 .UNSPECIFIED.);
#419=B_SPLINE_CURVE_WITH_KNOTS('',3,(#13249,#13250,#13251,#13252,#13253),
 .UNSPECIFIED.,.F.,.F.,(4,1,4),(0.,0.047317582385433,0.0973896441655817),
 .UNSPECIFIED.);
#420=B_SPLINE_CURVE_WITH_KNOTS('',3,(#13255,#13256,#13257,#13258,#13259),
 .UNSPECIFIED.,.F.,.F.,(4,1,4),(0.,0.047317582385433,0.0973896441655817),
 .UNSPECIFIED.);
#421=B_SPLINE_CURVE_WITH_KNOTS('',3,(#13272,#13273,#13274,#13275,#13276),
 .UNSPECIFIED.,.F.,.F.,(4,1,4),(0.,0.0380945121318033,0.0791155436643022),
 .UNSPECIFIED.);
#422=B_SPLINE_CURVE_WITH_KNOTS('',3,(#13278,#13279,#13280,#13281,#13282),
 .UNSPECIFIED.,.F.,.F.,(4,1,4),(0.,0.0380945121318033,0.0791155436643022),
 .UNSPECIFIED.);
#423=B_SPLINE_CURVE_WITH_KNOTS('',3,(#13295,#13296,#13297,#13298,#13299),
 .UNSPECIFIED.,.F.,.F.,(4,1,4),(0.,0.0296301620469496,0.0637691662723251),
 .UNSPECIFIED.);
#424=B_SPLINE_CURVE_WITH_KNOTS('',3,(#13301,#13302,#13303,#13304,#13305),
 .UNSPECIFIED.,.F.,.F.,(4,1,4),(0.,0.0296301620469496,0.0637691662723251),
 .UNSPECIFIED.);
#425=B_SPLINE_CURVE_WITH_KNOTS('',3,(#13318,#13319,#13320,#13321,#13322),
 .UNSPECIFIED.,.F.,.F.,(4,1,4),(0.,0.0255617225043233,0.0515124634057909),
 .UNSPECIFIED.);
#426=B_SPLINE_CURVE_WITH_KNOTS('',3,(#13324,#13325,#13326,#13327,#13328),
 .UNSPECIFIED.,.F.,.F.,(4,1,4),(0.,0.0255617225043233,0.0515124634057909),
 .UNSPECIFIED.);
#427=B_SPLINE_CURVE_WITH_KNOTS('',3,(#13341,#13342,#13343,#13344,#13345),
 .UNSPECIFIED.,.F.,.F.,(4,1,4),(0.,0.0277222302644846,0.0577754729457352),
 .UNSPECIFIED.);
#428=B_SPLINE_CURVE_WITH_KNOTS('',3,(#13347,#13348,#13349,#13350,#13351),
 .UNSPECIFIED.,.F.,.F.,(4,1,4),(0.,0.0277222302644846,0.0577754729457352),
 .UNSPECIFIED.);
#429=B_SPLINE_CURVE_WITH_KNOTS('',3,(#13364,#13365,#13366,#13367,#13368),
 .UNSPECIFIED.,.F.,.F.,(4,1,4),(0.,0.03738714482268,0.0681903832096893),
 .UNSPECIFIED.);
#430=B_SPLINE_CURVE_WITH_KNOTS('',3,(#13370,#13371,#13372,#13373,#13374),
 .UNSPECIFIED.,.F.,.F.,(4,1,4),(0.,0.03738714482268,0.0681903832096893),
 .UNSPECIFIED.);
#431=B_SPLINE_CURVE_WITH_KNOTS('',3,(#13387,#13388,#13389,#13390,#13391),
 .UNSPECIFIED.,.F.,.F.,(4,1,4),(0.,0.0416638489944775,0.0872036186590621),
 .UNSPECIFIED.);
#432=B_SPLINE_CURVE_WITH_KNOTS('',3,(#13393,#13394,#13395,#13396,#13397),
 .UNSPECIFIED.,.F.,.F.,(4,1,4),(0.,0.0416638489944775,0.0872036186590621),
 .UNSPECIFIED.);
#433=B_SPLINE_CURVE_WITH_KNOTS('',3,(#13410,#13411,#13412,#13413,#13414),
 .UNSPECIFIED.,.F.,.F.,(4,1,4),(0.,0.0408458831083571,0.0819872356513375),
 .UNSPECIFIED.);
#434=B_SPLINE_CURVE_WITH_KNOTS('',3,(#13416,#13417,#13418,#13419,#13420),
 .UNSPECIFIED.,.F.,.F.,(4,1,4),(0.,0.0408458831083571,0.0819872356513375),
 .UNSPECIFIED.);
#435=B_SPLINE_CURVE_WITH_KNOTS('',3,(#13439,#13440,#13441,#13442,#13443),
 .UNSPECIFIED.,.F.,.F.,(4,1,4),(0.,0.0715482057493475,0.144637848139858),
 .UNSPECIFIED.);
#436=B_SPLINE_CURVE_WITH_KNOTS('',3,(#13445,#13446,#13447,#13448,#13449),
 .UNSPECIFIED.,.F.,.F.,(4,1,4),(0.,0.0715482057493475,0.144637848139858),
 .UNSPECIFIED.);
#437=B_SPLINE_CURVE_WITH_KNOTS('',3,(#13462,#13463,#13464,#13465,#13466),
 .UNSPECIFIED.,.F.,.F.,(4,1,4),(0.,0.076500126397787,0.148234324166508),
 .UNSPECIFIED.);
#438=B_SPLINE_CURVE_WITH_KNOTS('',3,(#13468,#13469,#13470,#13471,#13472),
 .UNSPECIFIED.,.F.,.F.,(4,1,4),(0.,0.076500126397787,0.148234324166508),
 .UNSPECIFIED.);
#439=B_SPLINE_CURVE_WITH_KNOTS('',3,(#13503,#13504,#13505,#13506,#13507),
 .UNSPECIFIED.,.F.,.F.,(4,1,4),(0.,0.0825105081121235,0.172696322206577),
 .UNSPECIFIED.);
#440=B_SPLINE_CURVE_WITH_KNOTS('',3,(#13509,#13510,#13511,#13512,#13513),
 .UNSPECIFIED.,.F.,.F.,(4,1,4),(0.,0.0825105081121235,0.172696322206577),
 .UNSPECIFIED.);
#441=B_SPLINE_CURVE_WITH_KNOTS('',3,(#13526,#13527,#13528,#13529,#13530),
 .UNSPECIFIED.,.F.,.F.,(4,1,4),(0.,0.0782599386498077,0.157661743799181),
 .UNSPECIFIED.);
#442=B_SPLINE_CURVE_WITH_KNOTS('',3,(#13532,#13533,#13534,#13535,#13536),
 .UNSPECIFIED.,.F.,.F.,(4,1,4),(0.,0.0782599386498077,0.157661743799181),
 .UNSPECIFIED.);
#443=B_SPLINE_CURVE_WITH_KNOTS('',3,(#13549,#13550,#13551,#13552,#13553),
 .UNSPECIFIED.,.F.,.F.,(4,1,4),(0.,0.0530588119626593,0.113821167709243),
 .UNSPECIFIED.);
#444=B_SPLINE_CURVE_WITH_KNOTS('',3,(#13555,#13556,#13557,#13558,#13559),
 .UNSPECIFIED.,.F.,.F.,(4,1,4),(0.,0.0530588119626593,0.113821167709243),
 .UNSPECIFIED.);
#445=B_SPLINE_CURVE_WITH_KNOTS('',3,(#13572,#13573,#13574,#13575,#13576),
 .UNSPECIFIED.,.F.,.F.,(4,1,4),(0.,0.0475619268509549,0.0965055410195813),
 .UNSPECIFIED.);
#446=B_SPLINE_CURVE_WITH_KNOTS('',3,(#13578,#13579,#13580,#13581,#13582),
 .UNSPECIFIED.,.F.,.F.,(4,1,4),(0.,0.0475619268509549,0.0965055410195813),
 .UNSPECIFIED.);
#447=B_SPLINE_CURVE_WITH_KNOTS('',3,(#13595,#13596,#13597,#13598,#13599),
 .UNSPECIFIED.,.F.,.F.,(4,1,4),(0.,0.0489776402057434,0.0969453900946456),
 .UNSPECIFIED.);
#448=B_SPLINE_CURVE_WITH_KNOTS('',3,(#13601,#13602,#13603,#13604,#13605),
 .UNSPECIFIED.,.F.,.F.,(4,1,4),(0.,0.0489776402057434,0.0969453900946456),
 .UNSPECIFIED.);
#449=B_SPLINE_CURVE_WITH_KNOTS('',3,(#13618,#13619,#13620,#13621,#13622),
 .UNSPECIFIED.,.F.,.F.,(4,1,4),(0.,0.0494020664110448,0.0990274146687034),
 .UNSPECIFIED.);
#450=B_SPLINE_CURVE_WITH_KNOTS('',3,(#13624,#13625,#13626,#13627,#13628),
 .UNSPECIFIED.,.F.,.F.,(4,1,4),(0.,0.0494020664110448,0.0990274146687034),
 .UNSPECIFIED.);
#451=B_SPLINE_CURVE_WITH_KNOTS('',3,(#13641,#13642,#13643,#13644,#13645),
 .UNSPECIFIED.,.F.,.F.,(4,1,4),(0.,0.0419871373495841,0.0881127577661251),
 .UNSPECIFIED.);
#452=B_SPLINE_CURVE_WITH_KNOTS('',3,(#13647,#13648,#13649,#13650,#13651),
 .UNSPECIFIED.,.F.,.F.,(4,1,4),(0.,0.0419871373495841,0.0881127577661251),
 .UNSPECIFIED.);
#453=B_SPLINE_CURVE_WITH_KNOTS('',3,(#13664,#13665,#13666,#13667,#13668),
 .UNSPECIFIED.,.F.,.F.,(4,1,4),(0.,0.0328811024507004,0.0702009380010568),
 .UNSPECIFIED.);
#454=B_SPLINE_CURVE_WITH_KNOTS('',3,(#13670,#13671,#13672,#13673,#13674),
 .UNSPECIFIED.,.F.,.F.,(4,1,4),(0.,0.0328811024507004,0.0702009380010568),
 .UNSPECIFIED.);
#455=B_SPLINE_CURVE_WITH_KNOTS('',3,(#13687,#13688,#13689,#13690,#13691),
 .UNSPECIFIED.,.F.,.F.,(4,1,4),(0.,0.0327897435365077,0.0633999127212311),
 .UNSPECIFIED.);
#456=B_SPLINE_CURVE_WITH_KNOTS('',3,(#13693,#13694,#13695,#13696,#13697),
 .UNSPECIFIED.,.F.,.F.,(4,1,4),(0.,0.0327897435365077,0.0633999127212311),
 .UNSPECIFIED.);
#457=B_SPLINE_CURVE_WITH_KNOTS('',3,(#13710,#13711,#13712,#13713,#13714),
 .UNSPECIFIED.,.F.,.F.,(4,1,4),(0.,0.0390227957645238,0.0819099877338845),
 .UNSPECIFIED.);
#458=B_SPLINE_CURVE_WITH_KNOTS('',3,(#13716,#13717,#13718,#13719,#13720),
 .UNSPECIFIED.,.F.,.F.,(4,1,4),(0.,0.0390227957645238,0.0819099877338845),
 .UNSPECIFIED.);
#459=B_SPLINE_CURVE_WITH_KNOTS('',3,(#13733,#13734,#13735,#13736,#13737),
 .UNSPECIFIED.,.F.,.F.,(4,1,4),(0.,0.0467410935523657,0.0876958705276794),
 .UNSPECIFIED.);
#460=B_SPLINE_CURVE_WITH_KNOTS('',3,(#13739,#13740,#13741,#13742,#13743),
 .UNSPECIFIED.,.F.,.F.,(4,1,4),(0.,0.0467410935523657,0.0876958705276794),
 .UNSPECIFIED.);
#461=B_SPLINE_CURVE_WITH_KNOTS('',3,(#13756,#13757,#13758,#13759,#13760),
 .UNSPECIFIED.,.F.,.F.,(4,1,4),(0.,0.0551108757428574,0.107149763306691),
 .UNSPECIFIED.);
#462=B_SPLINE_CURVE_WITH_KNOTS('',3,(#13762,#13763,#13764,#13765,#13766),
 .UNSPECIFIED.,.F.,.F.,(4,1,4),(0.,0.0551108757428574,0.107149763306691),
 .UNSPECIFIED.);
#463=B_SPLINE_CURVE_WITH_KNOTS('',3,(#13779,#13780,#13781,#13782,#13783),
 .UNSPECIFIED.,.F.,.F.,(4,1,4),(0.,0.0623340476012181,0.121848182814187),
 .UNSPECIFIED.);
#464=B_SPLINE_CURVE_WITH_KNOTS('',3,(#13785,#13786,#13787,#13788,#13789),
 .UNSPECIFIED.,.F.,.F.,(4,1,4),(0.,0.0623340476012181,0.121848182814187),
 .UNSPECIFIED.);
#465=B_SPLINE_CURVE_WITH_KNOTS('',3,(#13808,#13809,#13810,#13811,#13812),
 .UNSPECIFIED.,.F.,.F.,(4,1,4),(0.,0.0855647684576505,0.176183388167432),
 .UNSPECIFIED.);
#466=B_SPLINE_CURVE_WITH_KNOTS('',3,(#13814,#13815,#13816,#13817,#13818),
 .UNSPECIFIED.,.F.,.F.,(4,1,4),(0.,0.0855647684576505,0.176183388167432),
 .UNSPECIFIED.);
#467=B_SPLINE_CURVE_WITH_KNOTS('',3,(#13831,#13832,#13833,#13834,#13835),
 .UNSPECIFIED.,.F.,.F.,(4,1,4),(0.,0.087305045500244,0.171111884337299),
 .UNSPECIFIED.);
#468=B_SPLINE_CURVE_WITH_KNOTS('',3,(#13837,#13838,#13839,#13840,#13841),
 .UNSPECIFIED.,.F.,.F.,(4,1,4),(0.,0.087305045500244,0.171111884337299),
 .UNSPECIFIED.);
#469=B_SPLINE_SURFACE_WITH_KNOTS('',3,1,((#8185,#8186),(#8187,#8188),(#8189,
#8190),(#8191,#8192),(#8193,#8194)),.UNSPECIFIED.,.F.,.F.,.F.,(4,1,4),(2,
2),(0.,0.0369546682482481,0.0747975580483048),(0.,0.0499999999999998),
 .UNSPECIFIED.);
#470=B_SPLINE_SURFACE_WITH_KNOTS('',3,1,((#8208,#8209),(#8210,#8211),(#8212,
#8213),(#8214,#8215),(#8216,#8217)),.UNSPECIFIED.,.F.,.F.,.F.,(4,1,4),(2,
2),(0.,0.0449931409785445,0.0844270811444893),(0.,0.0499999999999998),
 .UNSPECIFIED.);
#471=B_SPLINE_SURFACE_WITH_KNOTS('',3,1,((#8231,#8232),(#8233,#8234),(#8235,
#8236),(#8237,#8238),(#8239,#8240)),.UNSPECIFIED.,.F.,.F.,.F.,(4,1,4),(2,
2),(0.,0.0640570304543443,0.117367770895237),(0.,0.0499999999999998),
 .UNSPECIFIED.);
#472=B_SPLINE_SURFACE_WITH_KNOTS('',3,1,((#8254,#8255),(#8256,#8257),(#8258,
#8259),(#8260,#8261),(#8262,#8263)),.UNSPECIFIED.,.F.,.F.,.F.,(4,1,4),(2,
2),(0.,0.0599800831663679,0.123326173789846),(0.,0.0499999999999998),
 .UNSPECIFIED.);
#473=B_SPLINE_SURFACE_WITH_KNOTS('',3,1,((#8277,#8278),(#8279,#8280),(#8281,
#8282),(#8283,#8284),(#8285,#8286)),.UNSPECIFIED.,.F.,.F.,.F.,(4,1,4),(2,
2),(0.,0.0575390279917269,0.115044719598208),(0.,0.0499999999999998),
 .UNSPECIFIED.);
#474=B_SPLINE_SURFACE_WITH_KNOTS('',3,1,((#8300,#8301),(#8302,#8303),(#8304,
#8305),(#8306,#8307),(#8308,#8309)),.UNSPECIFIED.,.F.,.F.,.F.,(4,1,4),(2,
2),(0.,0.071733392892291,0.133634922888318),(0.,0.0499999999999998),
 .UNSPECIFIED.);
#475=B_SPLINE_SURFACE_WITH_KNOTS('',3,1,((#8323,#8324),(#8325,#8326),(#8327,
#8328),(#8329,#8330),(#8331,#8332)),.UNSPECIFIED.,.F.,.F.,.F.,(4,1,4),(2,
2),(0.,0.0684480689130805,0.13896533568452),(0.,0.0499999999999998),
 .UNSPECIFIED.);
#476=B_SPLINE_SURFACE_WITH_KNOTS('',3,1,((#8346,#8347),(#8348,#8349),(#8350,
#8351),(#8352,#8353),(#8354,#8355)),.UNSPECIFIED.,.F.,.F.,.F.,(4,1,4),(2,
2),(0.,0.0714992367142971,0.140074516714785),(0.,0.0499999999999998),
 .UNSPECIFIED.);
#477=B_SPLINE_SURFACE_WITH_KNOTS('',3,1,((#8369,#8370),(#8371,#8372),(#8373,
#8374),(#8375,#8376),(#8377,#8378)),.UNSPECIFIED.,.F.,.F.,.F.,(4,1,4),(2,
2),(0.,0.0863636968963869,0.163702880126476),(0.,0.0499999999999998),
 .UNSPECIFIED.);
#478=B_SPLINE_SURFACE_WITH_KNOTS('',3,1,((#8392,#8393),(#8394,#8395),(#8396,
#8397),(#8398,#8399),(#8400,#8401)),.UNSPECIFIED.,.F.,.F.,.F.,(4,1,4),(2,
2),(0.,0.0959997611941831,0.192517684908669),(0.,0.0499999999999998),
 .UNSPECIFIED.);
#479=B_SPLINE_SURFACE_WITH_KNOTS('',3,1,((#8415,#8416),(#8417,#8418),(#8419,
#8420),(#8421,#8422),(#8423,#8424)),.UNSPECIFIED.,.F.,.F.,.F.,(4,1,4),(2,
2),(0.,0.0954172724912518,0.190769878077685),(0.,0.0499999999999998),
 .UNSPECIFIED.);
#480=B_SPLINE_SURFACE_WITH_KNOTS('',3,1,((#8444,#8445),(#8446,#8447),(#8448,
#8449),(#8450,#8451),(#8452,#8453)),.UNSPECIFIED.,.F.,.F.,.F.,(4,1,4),(2,
2),(0.,0.0446308849473306,0.0927586201236722),(0.,0.0499999999999998),
 .UNSPECIFIED.);
#481=B_SPLINE_SURFACE_WITH_KNOTS('',3,1,((#8467,#8468),(#8469,#8470),(#8471,
#8472),(#8473,#8474),(#8475,#8476)),.UNSPECIFIED.,.F.,.F.,.F.,(4,1,4),(2,
2),(0.,0.0475153247805087,0.0915438015208744),(0.,0.0499999999999998),
 .UNSPECIFIED.);
#482=B_SPLINE_SURFACE_WITH_KNOTS('',3,1,((#8490,#8491),(#8492,#8493),(#8494,
#8495),(#8496,#8497),(#8498,#8499)),.UNSPECIFIED.,.F.,.F.,.F.,(4,1,4),(2,
2),(0.,0.0391730703868366,0.0831868815894024),(0.,0.0499999999999998),
 .UNSPECIFIED.);
#483=B_SPLINE_SURFACE_WITH_KNOTS('',3,1,((#8513,#8514),(#8515,#8516),(#8517,
#8518),(#8519,#8520),(#8521,#8522)),.UNSPECIFIED.,.F.,.F.,.F.,(4,1,4),(2,
2),(0.,0.0412483081949529,0.0789235110273484),(0.,0.0499999999999998),
 .UNSPECIFIED.);
#484=B_SPLINE_SURFACE_WITH_KNOTS('',3,1,((#8536,#8537),(#8538,#8539),(#8540,
#8541),(#8542,#8543),(#8544,#8545)),.UNSPECIFIED.,.F.,.F.,.F.,(4,1,4),(2,
2),(0.,0.0308697126301742,0.0627010845162156),(0.,0.0499999999999998),
 .UNSPECIFIED.);
#485=B_SPLINE_SURFACE_WITH_KNOTS('',3,1,((#8559,#8560),(#8561,#8562),(#8563,
#8564),(#8565,#8566),(#8567,#8568)),.UNSPECIFIED.,.F.,.F.,.F.,(4,1,4),(2,
2),(0.,0.0341790331309038,0.0663757149512842),(0.,0.0499999999999998),
 .UNSPECIFIED.);
#486=B_SPLINE_SURFACE_WITH_KNOTS('',3,1,((#8582,#8583),(#8584,#8585),(#8586,
#8587),(#8588,#8589),(#8590,#8591)),.UNSPECIFIED.,.F.,.F.,.F.,(4,1,4),(2,
2),(0.,0.0367141393766886,0.0725968633623501),(0.,0.0499999999999998),
 .UNSPECIFIED.);
#487=B_SPLINE_SURFACE_WITH_KNOTS('',3,1,((#8605,#8606),(#8607,#8608),(#8609,
#8610),(#8611,#8612),(#8613,#8614)),.UNSPECIFIED.,.F.,.F.,.F.,(4,1,4),(2,
2),(0.,0.0715051198885398,0.143748314008947),(0.,0.0499999999999998),
 .UNSPECIFIED.);
#488=B_SPLINE_SURFACE_WITH_KNOTS('',3,1,((#8628,#8629),(#8630,#8631),(#8632,
#8633),(#8634,#8635),(#8636,#8637)),.UNSPECIFIED.,.F.,.F.,.F.,(4,1,4),(2,
2),(0.,0.0714719576952291,0.142491667138926),(0.,0.0499999999999998),
 .UNSPECIFIED.);
#489=B_SPLINE_SURFACE_WITH_KNOTS('',3,1,((#8651,#8652),(#8653,#8654),(#8655,
#8656),(#8657,#8658),(#8659,#8660)),.UNSPECIFIED.,.F.,.F.,.F.,(4,1,4),(2,
2),(0.,0.0779786186349566,0.151606450609306),(0.,0.0499999999999998),
 .UNSPECIFIED.);
#490=B_SPLINE_SURFACE_WITH_KNOTS('',3,1,((#8674,#8675),(#8676,#8677),(#8678,
#8679),(#8680,#8681),(#8682,#8683)),.UNSPECIFIED.,.F.,.F.,.F.,(4,1,4),(2,
2),(0.,0.0962010363610643,0.181634367267342),(0.,0.0499999999999998),
 .UNSPECIFIED.);
#491=B_SPLINE_SURFACE_WITH_KNOTS('',3,1,((#8711,#8712),(#8713,#8714),(#8715,
#8716),(#8717,#8718),(#8719,#8720)),.UNSPECIFIED.,.F.,.F.,.F.,(4,1,4),(2,
2),(0.,0.0175999220470425,0.0324661336269862),(0.,0.0499999999999998),
 .UNSPECIFIED.);
#492=B_SPLINE_SURFACE_WITH_KNOTS('',3,1,((#8734,#8735),(#8736,#8737),(#8738,
#8739),(#8740,#8741),(#8742,#8743)),.UNSPECIFIED.,.F.,.F.,.F.,(4,1,4),(2,
2),(0.,0.017393140970153,0.0358161066143297),(0.,0.0499999999999998),
 .UNSPECIFIED.);
#493=B_SPLINE_SURFACE_WITH_KNOTS('',3,1,((#8757,#8758),(#8759,#8760),(#8761,
#8762),(#8763,#8764),(#8765,#8766)),.UNSPECIFIED.,.F.,.F.,.F.,(4,1,4),(2,
2),(0.,0.0224718459479845,0.0412674389499729),(0.,0.0499999999999998),
 .UNSPECIFIED.);
#494=B_SPLINE_SURFACE_WITH_KNOTS('',3,1,((#8780,#8781),(#8782,#8783),(#8784,
#8785),(#8786,#8787),(#8788,#8789)),.UNSPECIFIED.,.F.,.F.,.F.,(4,1,4),(2,
2),(0.,0.0154261534168723,0.0367760151095559),(0.,0.0499999999999998),
 .UNSPECIFIED.);
#495=B_SPLINE_SURFACE_WITH_KNOTS('',3,1,((#8833,#8834),(#8835,#8836),(#8837,
#8838),(#8839,#8840),(#8841,#8842)),.UNSPECIFIED.,.F.,.F.,.F.,(4,1,4),(2,
2),(0.,0.0188977837843766,0.032480364227934),(0.,0.0499999999999998),
 .UNSPECIFIED.);
#496=B_SPLINE_SURFACE_WITH_KNOTS('',3,1,((#8856,#8857),(#8858,#8859),(#8860,
#8861),(#8862,#8863),(#8864,#8865)),.UNSPECIFIED.,.F.,.F.,.F.,(4,1,4),(2,
2),(0.,0.0156004301260908,0.0351643226794873),(0.,0.0499999999999998),
 .UNSPECIFIED.);
#497=B_SPLINE_SURFACE_WITH_KNOTS('',3,1,((#8879,#8880),(#8881,#8882),(#8883,
#8884),(#8885,#8886),(#8887,#8888)),.UNSPECIFIED.,.F.,.F.,.F.,(4,1,4),(2,
2),(0.,0.0220881386753874,0.0405647201135688),(0.,0.0499999999999998),
 .UNSPECIFIED.);
#498=B_SPLINE_SURFACE_WITH_KNOTS('',3,1,((#8902,#8903),(#8904,#8905),(#8906,
#8907),(#8908,#8909),(#8910,#8911)),.UNSPECIFIED.,.F.,.F.,.F.,(4,1,4),(2,
2),(0.,0.0150772226577125,0.0360520744979587),(0.,0.0499999999999998),
 .UNSPECIFIED.);
#499=B_SPLINE_SURFACE_WITH_KNOTS('',3,1,((#9001,#9002),(#9003,#9004),(#9005,
#9006),(#9007,#9008),(#9009,#9010)),.UNSPECIFIED.,.F.,.F.,.F.,(4,1,4),(2,
2),(0.,0.0319883471192788,0.0674701997739098),(0.,0.0499999999999998),
 .UNSPECIFIED.);
#500=B_SPLINE_SURFACE_WITH_KNOTS('',3,1,((#9024,#9025),(#9026,#9027),(#9028,
#9029),(#9030,#9031),(#9032,#9033)),.UNSPECIFIED.,.F.,.F.,.F.,(4,1,4),(2,
2),(0.,0.0335105895245828,0.0650025776763005),(0.,0.0499999999999998),
 .UNSPECIFIED.);
#501=B_SPLINE_SURFACE_WITH_KNOTS('',3,1,((#9047,#9048),(#9049,#9050),(#9051,
#9052),(#9053,#9054),(#9055,#9056)),.UNSPECIFIED.,.F.,.F.,.F.,(4,1,4),(2,
2),(0.,0.0403975345882335,0.0771393581228002),(0.,0.0499999999999998),
 .UNSPECIFIED.);
#502=B_SPLINE_SURFACE_WITH_KNOTS('',3,1,((#9093,#9094),(#9095,#9096),(#9097,
#9098),(#9099,#9100),(#9101,#9102)),.UNSPECIFIED.,.F.,.F.,.F.,(4,1,4),(2,
2),(0.,0.0473347439404911,0.0936963873538959),(0.,0.0499999999999998),
 .UNSPECIFIED.);
#503=B_SPLINE_SURFACE_WITH_KNOTS('',3,1,((#9119,#9120),(#9121,#9122),(#9123,
#9124),(#9125,#9126),(#9127,#9128)),.UNSPECIFIED.,.F.,.F.,.F.,(4,1,4),(2,
2),(0.,0.0504323931278563,0.0994681618933057),(0.,0.0499999999999998),
 .UNSPECIFIED.);
#504=B_SPLINE_SURFACE_WITH_KNOTS('',3,1,((#9142,#9143),(#9144,#9145),(#9146,
#9147),(#9148,#9149),(#9150,#9151)),.UNSPECIFIED.,.F.,.F.,.F.,(4,1,4),(2,
2),(0.,0.0498117920847202,0.100661059436951),(0.,0.0499999999999998),
 .UNSPECIFIED.);
#505=B_SPLINE_SURFACE_WITH_KNOTS('',3,1,((#9165,#9166),(#9167,#9168),(#9169,
#9170),(#9171,#9172),(#9173,#9174)),.UNSPECIFIED.,.F.,.F.,.F.,(4,1,4),(2,
2),(0.,0.0504150728629586,0.0983769911138754),(0.,0.0499999999999998),
 .UNSPECIFIED.);
#506=B_SPLINE_SURFACE_WITH_KNOTS('',3,1,((#9188,#9189),(#9190,#9191),(#9192,
#9193),(#9194,#9195),(#9196,#9197)),.UNSPECIFIED.,.F.,.F.,.F.,(4,1,4),(2,
2),(0.,0.0494124092473666,0.100143539447205),(0.,0.0499999999999998),
 .UNSPECIFIED.);
#507=B_SPLINE_SURFACE_WITH_KNOTS('',3,1,((#9211,#9212),(#9213,#9214),(#9215,
#9216),(#9217,#9218),(#9219,#9220)),.UNSPECIFIED.,.F.,.F.,.F.,(4,1,4),(2,
2),(0.,0.0468758524007355,0.0946569325772859),(0.,0.0499999999999998),
 .UNSPECIFIED.);
#508=B_SPLINE_SURFACE_WITH_KNOTS('',3,1,((#9234,#9235),(#9236,#9237),(#9238,
#9239),(#9240,#9241),(#9242,#9243)),.UNSPECIFIED.,.F.,.F.,.F.,(4,1,4),(2,
2),(0.,0.0536126750466999,0.101834989899202),(0.,0.0499999999999998),
 .UNSPECIFIED.);
#509=B_SPLINE_SURFACE_WITH_KNOTS('',3,1,((#9257,#9258),(#9259,#9260),(#9261,
#9262),(#9263,#9264),(#9265,#9266)),.UNSPECIFIED.,.F.,.F.,.F.,(4,1,4),(2,
2),(0.,0.0479265186839103,0.10150997766515),(0.,0.0499999999999998),
 .UNSPECIFIED.);
#510=B_SPLINE_SURFACE_WITH_KNOTS('',3,1,((#9280,#9281),(#9282,#9283),(#9284,
#9285),(#9286,#9287),(#9288,#9289)),.UNSPECIFIED.,.F.,.F.,.F.,(4,1,4),(2,
2),(0.,0.0470523709457172,0.0932911568503002),(0.,0.0499999999999998),
 .UNSPECIFIED.);
#511=B_SPLINE_SURFACE_WITH_KNOTS('',3,1,((#9303,#9304),(#9305,#9306),(#9307,
#9308),(#9309,#9310),(#9311,#9312)),.UNSPECIFIED.,.F.,.F.,.F.,(4,1,4),(2,
2),(0.,0.0505545685630968,0.099428481620373),(0.,0.0499999999999998),
 .UNSPECIFIED.);
#512=B_SPLINE_SURFACE_WITH_KNOTS('',3,1,((#9326,#9327),(#9328,#9329),(#9330,
#9331),(#9332,#9333),(#9334,#9335)),.UNSPECIFIED.,.F.,.F.,.F.,(4,1,4),(2,
2),(0.,0.0503692546044293,0.101578755474376),(0.,0.0499999999999998),
 .UNSPECIFIED.);
#513=B_SPLINE_SURFACE_WITH_KNOTS('',3,1,((#9349,#9350),(#9351,#9352),(#9353,
#9354),(#9355,#9356),(#9357,#9358)),.UNSPECIFIED.,.F.,.F.,.F.,(4,1,4),(2,
2),(0.,0.0500154595366413,0.0978257107350269),(0.,0.0499999999999998),
 .UNSPECIFIED.);
#514=B_SPLINE_SURFACE_WITH_KNOTS('',3,1,((#9372,#9373),(#9374,#9375),(#9376,
#9377),(#9378,#9379),(#9380,#9381)),.UNSPECIFIED.,.F.,.F.,.F.,(4,1,4),(2,
2),(0.,0.0495521867384537,0.100029301364008),(0.,0.0499999999999998),
 .UNSPECIFIED.);
#515=B_SPLINE_SURFACE_WITH_KNOTS('',3,1,((#9395,#9396),(#9397,#9398),(#9399,
#9400),(#9401,#9402),(#9403,#9404)),.UNSPECIFIED.,.F.,.F.,.F.,(4,1,4),(2,
2),(0.,0.0465885115696501,0.0944545804749363),(0.,0.0499999999999998),
 .UNSPECIFIED.);
#516=B_SPLINE_SURFACE_WITH_KNOTS('',3,1,((#9418,#9419),(#9420,#9421),(#9422,
#9423),(#9424,#9425),(#9426,#9427)),.UNSPECIFIED.,.F.,.F.,.F.,(4,1,4),(2,
2),(0.,0.0525665573683772,0.100176647508672),(0.,0.0499999999999998),
 .UNSPECIFIED.);
#517=B_SPLINE_SURFACE_WITH_KNOTS('',3,1,((#9441,#9442),(#9443,#9444),(#9445,
#9446),(#9447,#9448),(#9449,#9450)),.UNSPECIFIED.,.F.,.F.,.F.,(4,1,4),(2,
2),(0.,0.0476323053058273,0.100258676199114),(0.,0.0499999999999998),
 .UNSPECIFIED.);
#518=B_SPLINE_SURFACE_WITH_KNOTS('',3,1,((#9461,#9462),(#9463,#9464),(#9465,
#9466),(#9467,#9468),(#9469,#9470)),.UNSPECIFIED.,.F.,.F.,.F.,(4,1,4),(2,
2),(0.,0.0813618830747632,0.164401331184935),(0.,0.0499999999999998),
 .UNSPECIFIED.);
#519=B_SPLINE_SURFACE_WITH_KNOTS('',3,1,((#9487,#9488),(#9489,#9490),(#9491,
#9492),(#9493,#9494),(#9495,#9496)),.UNSPECIFIED.,.F.,.F.,.F.,(4,1,4),(2,
2),(0.,0.0833582708947112,0.165358709009546),(0.,0.0499999999999998),
 .UNSPECIFIED.);
#520=B_SPLINE_SURFACE_WITH_KNOTS('',3,1,((#9510,#9511),(#9512,#9513),(#9514,
#9515),(#9516,#9517),(#9518,#9519)),.UNSPECIFIED.,.F.,.F.,.F.,(4,1,4),(2,
2),(0.,0.0834187101390002,0.167544147709551),(0.,0.0499999999999998),
 .UNSPECIFIED.);
#521=B_SPLINE_SURFACE_WITH_KNOTS('',3,1,((#9533,#9534),(#9535,#9536),(#9537,
#9538),(#9539,#9540),(#9541,#9542)),.UNSPECIFIED.,.F.,.F.,.F.,(4,1,4),(2,
2),(0.,0.0841255277559607,0.167544326546584),(0.,0.0499999999999998),
 .UNSPECIFIED.);
#522=B_SPLINE_SURFACE_WITH_KNOTS('',3,1,((#9556,#9557),(#9558,#9559),(#9560,
#9561),(#9562,#9563),(#9564,#9565)),.UNSPECIFIED.,.F.,.F.,.F.,(4,1,4),(2,
2),(0.,0.082000607094793,0.165358742904649),(0.,0.0499999999999998),
 .UNSPECIFIED.);
#523=B_SPLINE_SURFACE_WITH_KNOTS('',3,1,((#9579,#9580),(#9581,#9582),(#9583,
#9584),(#9585,#9586),(#9587,#9588)),.UNSPECIFIED.,.F.,.F.,.F.,(4,1,4),(2,
2),(0.,0.0830394481101717,0.164401375925045),(0.,0.0499999999999998),
 .UNSPECIFIED.);
#524=B_SPLINE_SURFACE_WITH_KNOTS('',3,1,((#9602,#9603),(#9604,#9605),(#9606,
#9607),(#9608,#9609),(#9610,#9611)),.UNSPECIFIED.,.F.,.F.,.F.,(4,1,4),(2,
2),(0.,0.101283545302875,0.190437185543778),(0.,0.0499999999999998),
 .UNSPECIFIED.);
#525=B_SPLINE_SURFACE_WITH_KNOTS('',3,1,((#9625,#9626),(#9627,#9628),(#9629,
#9630),(#9631,#9632),(#9633,#9634)),.UNSPECIFIED.,.F.,.F.,.F.,(4,1,4),(2,
2),(0.,0.0893047825668269,0.189788510605698),(0.,0.0499999999999998),
 .UNSPECIFIED.);
#526=B_SPLINE_SURFACE_WITH_KNOTS('',3,1,((#9648,#9649),(#9650,#9651),(#9652,
#9653),(#9654,#9655),(#9656,#9657)),.UNSPECIFIED.,.F.,.F.,.F.,(4,1,4),(2,
2),(0.,0.0814680363799577,0.164903271952401),(0.,0.0499999999999998),
 .UNSPECIFIED.);
#527=B_SPLINE_SURFACE_WITH_KNOTS('',3,1,((#9671,#9672),(#9673,#9674),(#9675,
#9676),(#9677,#9678),(#9679,#9680)),.UNSPECIFIED.,.F.,.F.,.F.,(4,1,4),(2,
2),(0.,0.083438281170687,0.165478430518128),(0.,0.0499999999999998),
 .UNSPECIFIED.);
#528=B_SPLINE_SURFACE_WITH_KNOTS('',3,1,((#9694,#9695),(#9696,#9697),(#9698,
#9699),(#9700,#9701),(#9702,#9703)),.UNSPECIFIED.,.F.,.F.,.F.,(4,1,4),(2,
2),(0.,0.0834240643828192,0.167595351565418),(0.,0.0499999999999998),
 .UNSPECIFIED.);
#529=B_SPLINE_SURFACE_WITH_KNOTS('',3,1,((#9717,#9718),(#9719,#9720),(#9721,
#9722),(#9723,#9724),(#9725,#9726)),.UNSPECIFIED.,.F.,.F.,.F.,(4,1,4),(2,
2),(0.,0.0841713584259458,0.167595200273782),(0.,0.0499999999999998),
 .UNSPECIFIED.);
#530=B_SPLINE_SURFACE_WITH_KNOTS('',3,1,((#9740,#9741),(#9742,#9743),(#9744,
#9745),(#9746,#9747),(#9748,#9749)),.UNSPECIFIED.,.F.,.F.,.F.,(4,1,4),(2,
2),(0.,0.0820401493474413,0.165478430518128),(0.,0.0499999999999998),
 .UNSPECIFIED.);
#531=B_SPLINE_SURFACE_WITH_KNOTS('',3,1,((#9763,#9764),(#9765,#9766),(#9767,
#9768),(#9769,#9770),(#9771,#9772)),.UNSPECIFIED.,.F.,.F.,.F.,(4,1,4),(2,
2),(0.,0.0834352355724437,0.164903227270563),(0.,0.0499999999999998),
 .UNSPECIFIED.);
#532=B_SPLINE_SURFACE_WITH_KNOTS('',3,1,((#9786,#9787),(#9788,#9789),(#9790,
#9791),(#9792,#9793),(#9794,#9795)),.UNSPECIFIED.,.F.,.F.,.F.,(4,1,4),(2,
2),(0.,0.100483715931737,0.189788559800755),(0.,0.0499999999999998),
 .UNSPECIFIED.);
#533=B_SPLINE_SURFACE_WITH_KNOTS('',3,1,((#9809,#9810),(#9811,#9812),(#9813,
#9814),(#9815,#9816),(#9817,#9818)),.UNSPECIFIED.,.F.,.F.,.F.,(4,1,4),(2,
2),(0.,0.0891536811783599,0.190437220475489),(0.,0.0499999999999998),
 .UNSPECIFIED.);
#534=B_SPLINE_SURFACE_WITH_KNOTS('',3,1,((#9866,#9867),(#9868,#9869),(#9870,
#9871),(#9872,#9873),(#9874,#9875)),.UNSPECIFIED.,.F.,.F.,.F.,(4,1,4),(2,
2),(0.,0.0175999187833757,0.0324661316538065),(0.,0.0499999999999998),
 .UNSPECIFIED.);
#535=B_SPLINE_SURFACE_WITH_KNOTS('',3,1,((#9889,#9890),(#9891,#9892),(#9893,
#9894),(#9895,#9896),(#9897,#9898)),.UNSPECIFIED.,.F.,.F.,.F.,(4,1,4),(2,
2),(0.,0.0173931685059413,0.0358161341501179),(0.,0.0499999999999998),
 .UNSPECIFIED.);
#536=B_SPLINE_SURFACE_WITH_KNOTS('',3,1,((#9912,#9913),(#9914,#9915),(#9916,
#9917),(#9918,#9919),(#9920,#9921)),.UNSPECIFIED.,.F.,.F.,.F.,(4,1,4),(2,
2),(0.,0.0224718459479845,0.0412674389499729),(0.,0.0499999999999998),
 .UNSPECIFIED.);
#537=B_SPLINE_SURFACE_WITH_KNOTS('',3,1,((#9935,#9936),(#9937,#9938),(#9939,
#9940),(#9941,#9942),(#9943,#9944)),.UNSPECIFIED.,.F.,.F.,.F.,(4,1,4),(2,
2),(0.,0.0154262813385565,0.0367760236815846),(0.,0.0499999999999998),
 .UNSPECIFIED.);
#538=B_SPLINE_SURFACE_WITH_KNOTS('',3,1,((#9988,#9989),(#9990,#9991),(#9992,
#9993),(#9994,#9995),(#9996,#9997)),.UNSPECIFIED.,.F.,.F.,.F.,(4,1,4),(2,
2),(0.,0.0188977746627933,0.0324803593395014),(0.,0.0499999999999998),
 .UNSPECIFIED.);
#539=B_SPLINE_SURFACE_WITH_KNOTS('',3,1,((#10011,#10012),(#10013,#10014),
(#10015,#10016),(#10017,#10018),(#10019,#10020)),.UNSPECIFIED.,.F.,.F.,
 .F.,(4,1,4),(2,2),(0.,0.0156004301260908,0.0351643226794873),(0.,0.0499999999999998),
 .UNSPECIFIED.);
#540=B_SPLINE_SURFACE_WITH_KNOTS('',3,1,((#10034,#10035),(#10036,#10037),
(#10038,#10039),(#10040,#10041),(#10042,#10043)),.UNSPECIFIED.,.F.,.F.,
 .F.,(4,1,4),(2,2),(0.,0.0220881386753874,0.0405647201135688),(0.,0.0499999999999998),
 .UNSPECIFIED.);
#541=B_SPLINE_SURFACE_WITH_KNOTS('',3,1,((#10057,#10058),(#10059,#10060),
(#10061,#10062),(#10063,#10064),(#10065,#10066)),.UNSPECIFIED.,.F.,.F.,
 .F.,(4,1,4),(2,2),(0.,0.0150772226577125,0.0360520744979587),(0.,0.0499999999999998),
 .UNSPECIFIED.);
#542=B_SPLINE_SURFACE_WITH_KNOTS('',3,1,((#10103,#10104),(#10105,#10106),
(#10107,#10108),(#10109,#10110),(#10111,#10112)),.UNSPECIFIED.,.F.,.F.,
 .F.,(4,1,4),(2,2),(0.,0.0745683330573818,0.152489193460654),(0.,0.0499999999999998),
 .UNSPECIFIED.);
#543=B_SPLINE_SURFACE_WITH_KNOTS('',3,1,((#10129,#10130),(#10131,#10132),
(#10133,#10134),(#10135,#10136),(#10137,#10138)),.UNSPECIFIED.,.F.,.F.,
 .F.,(4,1,4),(2,2),(0.,0.0810970575882101,0.156138033122729),(0.,0.0499999999999998),
 .UNSPECIFIED.);
#544=B_SPLINE_SURFACE_WITH_KNOTS('',3,1,((#10152,#10153),(#10154,#10155),
(#10156,#10157),(#10158,#10159),(#10160,#10161)),.UNSPECIFIED.,.F.,.F.,
 .F.,(4,1,4),(2,2),(0.,0.058191038194658,0.124740411527147),(0.,0.0499999999999998),
 .UNSPECIFIED.);
#545=B_SPLINE_SURFACE_WITH_KNOTS('',3,1,((#10175,#10176),(#10177,#10178),
(#10179,#10180),(#10181,#10182),(#10183,#10184)),.UNSPECIFIED.,.F.,.F.,
 .F.,(4,1,4),(2,2),(0.,0.054487055620897,0.109100760590946),(0.,0.0499999999999998),
 .UNSPECIFIED.);
#546=B_SPLINE_SURFACE_WITH_KNOTS('',3,1,((#10198,#10199),(#10200,#10201),
(#10202,#10203),(#10204,#10205),(#10206,#10207)),.UNSPECIFIED.,.F.,.F.,
 .F.,(4,1,4),(2,2),(0.,0.0578651702248403,0.11388198669547),(0.,0.0499999999999998),
 .UNSPECIFIED.);
#547=B_SPLINE_SURFACE_WITH_KNOTS('',3,1,((#10221,#10222),(#10223,#10224),
(#10225,#10226),(#10227,#10228),(#10229,#10230)),.UNSPECIFIED.,.F.,.F.,
 .F.,(4,1,4),(2,2),(0.,0.0585083650515271,0.117391241124713),(0.,0.0499999999999998),
 .UNSPECIFIED.);
#548=B_SPLINE_SURFACE_WITH_KNOTS('',3,1,((#10244,#10245),(#10246,#10247),
(#10248,#10249),(#10250,#10251),(#10252,#10253)),.UNSPECIFIED.,.F.,.F.,
 .F.,(4,1,4),(2,2),(0.,0.0410258540661313,0.0873605813489811),(0.,0.0499999999999998),
 .UNSPECIFIED.);
#549=B_SPLINE_SURFACE_WITH_KNOTS('',3,1,((#10267,#10268),(#10269,#10270),
(#10271,#10272),(#10273,#10274),(#10275,#10276)),.UNSPECIFIED.,.F.,.F.,
 .F.,(4,1,4),(2,2),(0.,0.0293803979327375,0.0645716938647489),(0.,0.0499999999999998),
 .UNSPECIFIED.);
#550=B_SPLINE_SURFACE_WITH_KNOTS('',3,1,((#10290,#10291),(#10292,#10293),
(#10294,#10295),(#10296,#10297),(#10298,#10299)),.UNSPECIFIED.,.F.,.F.,
 .F.,(4,1,4),(2,2),(0.,0.0237686290096757,0.0485062136905027),(0.,0.0499999999999998),
 .UNSPECIFIED.);
#551=B_SPLINE_SURFACE_WITH_KNOTS('',3,1,((#10313,#10314),(#10315,#10316),
(#10317,#10318),(#10319,#10320),(#10321,#10322)),.UNSPECIFIED.,.F.,.F.,
 .F.,(4,1,4),(2,2),(0.,0.0334540692429401,0.068256948136664),(0.,0.0499999999999998),
 .UNSPECIFIED.);
#552=B_SPLINE_SURFACE_WITH_KNOTS('',3,1,((#10336,#10337),(#10338,#10339),
(#10340,#10341),(#10342,#10343),(#10344,#10345)),.UNSPECIFIED.,.F.,.F.,
 .F.,(4,1,4),(2,2),(0.,0.0491984803835574,0.0884936303435522),(0.,0.0499999999999998),
 .UNSPECIFIED.);
#553=B_SPLINE_SURFACE_WITH_KNOTS('',3,1,((#10359,#10360),(#10361,#10362),
(#10363,#10364),(#10365,#10366),(#10367,#10368)),.UNSPECIFIED.,.F.,.F.,
 .F.,(4,1,4),(2,2),(0.,0.0467179572129578,0.10267308626848),(0.,0.0499999999999998),
 .UNSPECIFIED.);
#554=B_SPLINE_SURFACE_WITH_KNOTS('',3,1,((#10382,#10383),(#10384,#10385),
(#10386,#10387),(#10388,#10389),(#10390,#10391)),.UNSPECIFIED.,.F.,.F.,
 .F.,(4,1,4),(2,2),(0.,0.0440857645988686,0.087895342578246),(0.,0.0499999999999998),
 .UNSPECIFIED.);
#555=B_SPLINE_SURFACE_WITH_KNOTS('',3,1,((#10411,#10412),(#10413,#10414),
(#10415,#10416),(#10417,#10418),(#10419,#10420)),.UNSPECIFIED.,.F.,.F.,
 .F.,(4,1,4),(2,2),(0.,0.0626275865080882,0.124972501394067),(0.,0.0499999999999998),
 .UNSPECIFIED.);
#556=B_SPLINE_SURFACE_WITH_KNOTS('',3,1,((#10434,#10435),(#10436,#10437),
(#10438,#10439),(#10440,#10441),(#10442,#10443)),.UNSPECIFIED.,.F.,.F.,
 .F.,(4,1,4),(2,2),(0.,0.0666637162897381,0.130618261633878),(0.,0.0499999999999998),
 .UNSPECIFIED.);
#557=B_SPLINE_SURFACE_WITH_KNOTS('',3,1,((#10457,#10458),(#10459,#10460),
(#10461,#10462),(#10463,#10464),(#10465,#10466)),.UNSPECIFIED.,.F.,.F.,
 .F.,(4,1,4),(2,2),(0.,0.076833981794726,0.14766148755552),(0.,0.0499999999999998),
 .UNSPECIFIED.);
#558=B_SPLINE_SURFACE_WITH_KNOTS('',3,1,((#10480,#10481),(#10482,#10483),
(#10484,#10485),(#10486,#10487),(#10488,#10489)),.UNSPECIFIED.,.F.,.F.,
 .F.,(4,1,4),(2,2),(0.,0.0805785343696198,0.172021020602181),(0.,0.0499999999999998),
 .UNSPECIFIED.);
#559=B_SPLINE_SURFACE_WITH_KNOTS('',3,1,((#10503,#10504),(#10505,#10506),
(#10507,#10508),(#10509,#10510),(#10511,#10512)),.UNSPECIFIED.,.F.,.F.,
 .F.,(4,1,4),(2,2),(0.,0.0678378290204904,0.140586076904847),(0.,0.0499999999999998),
 .UNSPECIFIED.);
#560=B_SPLINE_SURFACE_WITH_KNOTS('',3,1,((#10526,#10527),(#10528,#10529),
(#10530,#10531),(#10532,#10533),(#10534,#10535)),.UNSPECIFIED.,.F.,.F.,
 .F.,(4,1,4),(2,2),(0.,0.0659584202500717,0.131584706850944),(0.,0.0499999999999998),
 .UNSPECIFIED.);
#561=B_SPLINE_SURFACE_WITH_KNOTS('',3,1,((#10549,#10550),(#10551,#10552),
(#10553,#10554),(#10555,#10556),(#10557,#10558)),.UNSPECIFIED.,.F.,.F.,
 .F.,(4,1,4),(2,2),(0.,0.0556876311842984,0.11926270128218),(0.,0.0499999999999998),
 .UNSPECIFIED.);
#562=B_SPLINE_SURFACE_WITH_KNOTS('',3,1,((#10572,#10573),(#10574,#10575),
(#10576,#10577),(#10578,#10579),(#10580,#10581)),.UNSPECIFIED.,.F.,.F.,
 .F.,(4,1,4),(2,2),(0.,0.0518050919934319,0.104004358683667),(0.,0.0499999999999998),
 .UNSPECIFIED.);
#563=B_SPLINE_SURFACE_WITH_KNOTS('',3,1,((#10595,#10596),(#10597,#10598),
(#10599,#10600),(#10601,#10602),(#10603,#10604)),.UNSPECIFIED.,.F.,.F.,
 .F.,(4,1,4),(2,2),(0.,0.0543279179089206,0.107319149486002),(0.,0.0499999999999998),
 .UNSPECIFIED.);
#564=B_SPLINE_SURFACE_WITH_KNOTS('',3,1,((#10618,#10619),(#10620,#10621),
(#10622,#10623),(#10624,#10625),(#10626,#10627)),.UNSPECIFIED.,.F.,.F.,
 .F.,(4,1,4),(2,2),(0.,0.0534446042807421,0.108098191430945),(0.,0.0499999999999998),
 .UNSPECIFIED.);
#565=B_SPLINE_SURFACE_WITH_KNOTS('',3,1,((#10641,#10642),(#10643,#10644),
(#10645,#10646),(#10647,#10648),(#10649,#10650)),.UNSPECIFIED.,.F.,.F.,
 .F.,(4,1,4),(2,2),(0.,0.0452147517712481,0.0959137443291883),(0.,0.0499999999999998),
 .UNSPECIFIED.);
#566=B_SPLINE_SURFACE_WITH_KNOTS('',3,1,((#10664,#10665),(#10666,#10667),
(#10668,#10669),(#10670,#10671),(#10672,#10673)),.UNSPECIFIED.,.F.,.F.,
 .F.,(4,1,4),(2,2),(0.,0.0336396629543174,0.0729195337555096),(0.,0.0499999999999998),
 .UNSPECIFIED.);
#567=B_SPLINE_SURFACE_WITH_KNOTS('',3,1,((#10687,#10688),(#10689,#10690),
(#10691,#10692),(#10693,#10694),(#10695,#10696)),.UNSPECIFIED.,.F.,.F.,
 .F.,(4,1,4),(2,2),(0.,0.0310495130889243,0.0610046556994516),(0.,0.0499999999999998),
 .UNSPECIFIED.);
#568=B_SPLINE_SURFACE_WITH_KNOTS('',3,1,((#10710,#10711),(#10712,#10713),
(#10714,#10715),(#10716,#10717),(#10718,#10719)),.UNSPECIFIED.,.F.,.F.,
 .F.,(4,1,4),(2,2),(0.,0.0427683216137531,0.086905766632308),(0.,0.0499999999999998),
 .UNSPECIFIED.);
#569=B_SPLINE_SURFACE_WITH_KNOTS('',3,1,((#10733,#10734),(#10735,#10736),
(#10737,#10738),(#10739,#10740),(#10741,#10742)),.UNSPECIFIED.,.F.,.F.,
 .F.,(4,1,4),(2,2),(0.,0.0582130876413876,0.107171685207984),(0.,0.0499999999999998),
 .UNSPECIFIED.);
#570=B_SPLINE_SURFACE_WITH_KNOTS('',3,1,((#10756,#10757),(#10758,#10759),
(#10760,#10761),(#10762,#10763),(#10764,#10765)),.UNSPECIFIED.,.F.,.F.,
 .F.,(4,1,4),(2,2),(0.,0.0615584146639257,0.121865253816584),(0.,0.0499999999999998),
 .UNSPECIFIED.);
#571=B_SPLINE_SURFACE_WITH_KNOTS('',3,1,((#10779,#10780),(#10781,#10782),
(#10783,#10784),(#10785,#10786),(#10787,#10788)),.UNSPECIFIED.,.F.,.F.,
 .F.,(4,1,4),(2,2),(0.,0.0670740768200091,0.131680341389216),(0.,0.0499999999999998),
 .UNSPECIFIED.);
#572=B_SPLINE_SURFACE_WITH_KNOTS('',3,1,((#10808,#10809),(#10810,#10811),
(#10812,#10813),(#10814,#10815),(#10816,#10817)),.UNSPECIFIED.,.F.,.F.,
 .F.,(4,1,4),(2,2),(0.,0.076832754437607,0.157248791521353),(0.,0.0499999999999998),
 .UNSPECIFIED.);
#573=B_SPLINE_SURFACE_WITH_KNOTS('',3,1,((#10831,#10832),(#10833,#10834),
(#10835,#10836),(#10837,#10838),(#10839,#10840)),.UNSPECIFIED.,.F.,.F.,
 .F.,(4,1,4),(2,2),(0.,0.0755804962474758,0.150721066962096),(0.,0.0499999999999998),
 .UNSPECIFIED.);
#574=B_SPLINE_SURFACE_WITH_KNOTS('',3,1,((#10854,#10855),(#10856,#10857),
(#10858,#10859),(#10860,#10861),(#10862,#10863)),.UNSPECIFIED.,.F.,.F.,
 .F.,(4,1,4),(2,2),(0.,0.0826466950604413,0.160726421593448),(0.,0.0499999999999998),
 .UNSPECIFIED.);
#575=B_SPLINE_SURFACE_WITH_KNOTS('',3,1,((#10877,#10878),(#10879,#10880),
(#10881,#10882),(#10883,#10884),(#10885,#10886)),.UNSPECIFIED.,.F.,.F.,
 .F.,(4,1,4),(2,2),(0.,0.0831191819481003,0.172124002199262),(0.,0.0499999999999998),
 .UNSPECIFIED.);
#576=B_SPLINE_SURFACE_WITH_KNOTS('',3,1,((#10899,#10900),(#10901,#10902),
(#10903,#10904),(#10905,#10906),(#10907,#10908)),.UNSPECIFIED.,.F.,.F.,
 .F.,(4,1,4),(2,2),(0.,0.0677029721531746,0.135356217695809),(0.,0.0499999999999998),
 .UNSPECIFIED.);
#577=B_SPLINE_SURFACE_WITH_KNOTS('',3,1,((#10925,#10926),(#10927,#10928),
(#10929,#10930),(#10931,#10932),(#10933,#10934)),.UNSPECIFIED.,.F.,.F.,
 .F.,(4,1,4),(2,2),(0.,0.0714945511159238,0.140859080648271),(0.,0.0499999999999998),
 .UNSPECIFIED.);
#578=B_SPLINE_SURFACE_WITH_KNOTS('',3,1,((#10954,#10955),(#10956,#10957),
(#10958,#10959),(#10960,#10961),(#10962,#10963)),.UNSPECIFIED.,.F.,.F.,
 .F.,(4,1,4),(2,2),(0.,0.0517677741500274,0.108330368962282),(0.,0.0499999999999998),
 .UNSPECIFIED.);
#579=B_SPLINE_SURFACE_WITH_KNOTS('',3,1,((#10977,#10978),(#10979,#10980),
(#10981,#10982),(#10983,#10984),(#10985,#10986)),.UNSPECIFIED.,.F.,.F.,
 .F.,(4,1,4),(2,2),(0.,0.0487340810553407,0.0966801147253004),(0.,0.0499999999999998),
 .UNSPECIFIED.);
#580=B_SPLINE_SURFACE_WITH_KNOTS('',3,1,((#11000,#11001),(#11002,#11003),
(#11004,#11005),(#11006,#11007),(#11008,#11009)),.UNSPECIFIED.,.F.,.F.,
 .F.,(4,1,4),(2,2),(0.,0.0435221176251751,0.090002251940568),(0.,0.0499999999999998),
 .UNSPECIFIED.);
#581=B_SPLINE_SURFACE_WITH_KNOTS('',3,1,((#11023,#11024),(#11025,#11026),
(#11027,#11028),(#11029,#11030),(#11031,#11032)),.UNSPECIFIED.,.F.,.F.,
 .F.,(4,1,4),(2,2),(0.,0.0456695436685764,0.0894695576323291),(0.,0.0499999999999998),
 .UNSPECIFIED.);
#582=B_SPLINE_SURFACE_WITH_KNOTS('',3,1,((#11046,#11047),(#11048,#11049),
(#11050,#11051),(#11052,#11053),(#11054,#11055)),.UNSPECIFIED.,.F.,.F.,
 .F.,(4,1,4),(2,2),(0.,0.0504653475212735,0.0986688493609416),(0.,0.0499999999999998),
 .UNSPECIFIED.);
#583=B_SPLINE_SURFACE_WITH_KNOTS('',3,1,((#11069,#11070),(#11071,#11072),
(#11073,#11074),(#11075,#11076),(#11077,#11078)),.UNSPECIFIED.,.F.,.F.,
 .F.,(4,1,4),(2,2),(0.,0.0503777265729241,0.101661909932653),(0.,0.0499999999999998),
 .UNSPECIFIED.);
#584=B_SPLINE_SURFACE_WITH_KNOTS('',3,1,((#11092,#11093),(#11094,#11095),
(#11096,#11097),(#11098,#11099),(#11100,#11101)),.UNSPECIFIED.,.F.,.F.,
 .F.,(4,1,4),(2,2),(0.,0.0504231940895679,0.0992596041127492),(0.,0.0499999999999998),
 .UNSPECIFIED.);
#585=B_SPLINE_SURFACE_WITH_KNOTS('',3,1,((#11115,#11116),(#11117,#11118),
(#11119,#11120),(#11121,#11122),(#11123,#11124)),.UNSPECIFIED.,.F.,.F.,
 .F.,(4,1,4),(2,2),(0.,0.0486039266195644,0.0988301779257105),(0.,0.0499999999999998),
 .UNSPECIFIED.);
#586=B_SPLINE_SURFACE_WITH_KNOTS('',3,1,((#11138,#11139),(#11140,#11141),
(#11142,#11143),(#11144,#11145),(#11146,#11147)),.UNSPECIFIED.,.F.,.F.,
 .F.,(4,1,4),(2,2),(0.,0.0445101188836882,0.0908270685528036),(0.,0.0499999999999998),
 .UNSPECIFIED.);
#587=B_SPLINE_SURFACE_WITH_KNOTS('',3,1,((#11161,#11162),(#11163,#11164),
(#11165,#11166),(#11167,#11168),(#11169,#11170)),.UNSPECIFIED.,.F.,.F.,
 .F.,(4,1,4),(2,2),(0.,0.0494588023532033,0.0943812098395818),(0.,0.0499999999999998),
 .UNSPECIFIED.);
#588=B_SPLINE_SURFACE_WITH_KNOTS('',3,1,((#11184,#11185),(#11186,#11187),
(#11188,#11189),(#11190,#11191),(#11192,#11193)),.UNSPECIFIED.,.F.,.F.,
 .F.,(4,1,4),(2,2),(0.,0.0314097294637879,0.0659524382893762),(0.,0.0499999999999998),
 .UNSPECIFIED.);
#589=B_SPLINE_SURFACE_WITH_KNOTS('',3,1,((#11207,#11208),(#11209,#11210),
(#11211,#11212),(#11213,#11214),(#11215,#11216)),.UNSPECIFIED.,.F.,.F.,
 .F.,(4,1,4),(2,2),(0.,0.0317650794918511,0.0623873742118672),(0.,0.0499999999999998),
 .UNSPECIFIED.);
#590=B_SPLINE_SURFACE_WITH_KNOTS('',3,1,((#11230,#11231),(#11232,#11233),
(#11234,#11235),(#11236,#11237),(#11238,#11239)),.UNSPECIFIED.,.F.,.F.,
 .F.,(4,1,4),(2,2),(0.,0.0383191611235261,0.0728517043485983),(0.,0.0499999999999998),
 .UNSPECIFIED.);
#591=B_SPLINE_SURFACE_WITH_KNOTS('',3,1,((#11259,#11260),(#11261,#11262),
(#11263,#11264),(#11265,#11266),(#11267,#11268)),.UNSPECIFIED.,.F.,.F.,
 .F.,(4,1,4),(2,2),(0.,0.0622183455797019,0.120913827687908),(0.,0.0499999999999998),
 .UNSPECIFIED.);
#592=B_SPLINE_SURFACE_WITH_KNOTS('',3,1,((#11282,#11283),(#11284,#11285),
(#11286,#11287),(#11288,#11289),(#11290,#11291)),.UNSPECIFIED.,.F.,.F.,
 .F.,(4,1,4),(2,2),(0.,0.0688844281141153,0.134222780529186),(0.,0.0499999999999998),
 .UNSPECIFIED.);
#593=B_SPLINE_SURFACE_WITH_KNOTS('',3,1,((#11305,#11306),(#11307,#11308),
(#11309,#11310),(#11311,#11312),(#11313,#11314)),.UNSPECIFIED.,.F.,.F.,
 .F.,(4,1,4),(2,2),(0.,0.0807115444599201,0.154355856630232),(0.,0.0499999999999998),
 .UNSPECIFIED.);
#594=B_SPLINE_SURFACE_WITH_KNOTS('',3,1,((#11328,#11329),(#11330,#11331),
(#11332,#11333),(#11334,#11335),(#11336,#11337)),.UNSPECIFIED.,.F.,.F.,
 .F.,(4,1,4),(2,2),(0.,0.0867272608768067,0.184056997474021),(0.,0.0499999999999998),
 .UNSPECIFIED.);
#595=B_SPLINE_SURFACE_WITH_KNOTS('',3,1,((#11351,#11352),(#11353,#11354),
(#11355,#11356),(#11357,#11358),(#11359,#11360)),.UNSPECIFIED.,.F.,.F.,
 .F.,(4,1,4),(2,2),(0.,0.0810772765299967,0.16304144746278),(0.,0.0499999999999998),
 .UNSPECIFIED.);
#596=B_SPLINE_SURFACE_WITH_KNOTS('',3,1,((#11374,#11375),(#11376,#11377),
(#11378,#11379),(#11380,#11381),(#11382,#11383)),.UNSPECIFIED.,.F.,.F.,
 .F.,(4,1,4),(2,2),(0.,0.0828658350086322,0.164858940215966),(0.,0.0499999999999998),
 .UNSPECIFIED.);
#597=B_SPLINE_SURFACE_WITH_KNOTS('',3,1,((#11397,#11398),(#11399,#11400),
(#11401,#11402),(#11403,#11404),(#11405,#11406)),.UNSPECIFIED.,.F.,.F.,
 .F.,(4,1,4),(2,2),(0.,0.0793937815186174,0.161647367641768),(0.,0.0499999999999998),
 .UNSPECIFIED.);
#598=B_SPLINE_SURFACE_WITH_KNOTS('',3,1,((#11420,#11421),(#11422,#11423),
(#11424,#11425),(#11426,#11427),(#11428,#11429)),.UNSPECIFIED.,.F.,.F.,
 .F.,(4,1,4),(2,2),(0.,0.083826741437386,0.167622014548421),(0.,0.0499999999999998),
 .UNSPECIFIED.);
#599=B_SPLINE_SURFACE_WITH_KNOTS('',3,1,((#11443,#11444),(#11445,#11446),
(#11447,#11448),(#11449,#11450),(#11451,#11452)),.UNSPECIFIED.,.F.,.F.,
 .F.,(4,1,4),(2,2),(0.,0.0804996515394401,0.162908431732531),(0.,0.0499999999999998),
 .UNSPECIFIED.);
#600=B_SPLINE_SURFACE_WITH_KNOTS('',3,1,((#11466,#11467),(#11468,#11469),
(#11470,#11471),(#11472,#11473),(#11474,#11475)),.UNSPECIFIED.,.F.,.F.,
 .F.,(4,1,4),(2,2),(0.,0.080774845515058,0.160186629515221),(0.,0.0499999999999998),
 .UNSPECIFIED.);
#601=B_SPLINE_SURFACE_WITH_KNOTS('',3,1,((#11489,#11490),(#11491,#11492),
(#11493,#11494),(#11495,#11496),(#11497,#11498)),.UNSPECIFIED.,.F.,.F.,
 .F.,(4,1,4),(2,2),(0.,0.0982375830582802,0.184745483018386),(0.,0.0499999999999998),
 .UNSPECIFIED.);
#602=B_SPLINE_SURFACE_WITH_KNOTS('',3,1,((#11512,#11513),(#11514,#11515),
(#11516,#11517),(#11518,#11519),(#11520,#11521)),.UNSPECIFIED.,.F.,.F.,
 .F.,(4,1,4),(2,2),(0.,0.070516019316601,0.147612513080136),(0.,0.0499999999999998),
 .UNSPECIFIED.);
#603=B_SPLINE_SURFACE_WITH_KNOTS('',3,1,((#11543,#11544),(#11545,#11546),
(#11547,#11548),(#11549,#11550),(#11551,#11552)),.UNSPECIFIED.,.F.,.F.,
 .F.,(4,1,4),(2,2),(0.,0.0615033672106325,0.124234260954814),(0.,0.0499999999999998),
 .UNSPECIFIED.);
#604=B_SPLINE_SURFACE_WITH_KNOTS('',3,1,((#11566,#11567),(#11568,#11569),
(#11570,#11571),(#11572,#11573),(#11574,#11575)),.UNSPECIFIED.,.F.,.F.,
 .F.,(4,1,4),(2,2),(0.,0.0613479295372695,0.122201974269436),(0.,0.0499999999999998),
 .UNSPECIFIED.);
#605=B_SPLINE_SURFACE_WITH_KNOTS('',3,1,((#11589,#11590),(#11591,#11592),
(#11593,#11594),(#11595,#11596),(#11597,#11598)),.UNSPECIFIED.,.F.,.F.,
 .F.,(4,1,4),(2,2),(0.,0.0701490431685205,0.134301375812916),(0.,0.0499999999999998),
 .UNSPECIFIED.);
#606=B_SPLINE_SURFACE_WITH_KNOTS('',3,1,((#11612,#11613),(#11614,#11615),
(#11616,#11617),(#11618,#11619),(#11620,#11621)),.UNSPECIFIED.,.F.,.F.,
 .F.,(4,1,4),(2,2),(0.,0.058928448743808,0.1267115576315),(0.,0.0499999999999998),
 .UNSPECIFIED.);
#607=B_SPLINE_SURFACE_WITH_KNOTS('',3,1,((#11635,#11636),(#11637,#11638),
(#11639,#11640),(#11641,#11642),(#11643,#11644)),.UNSPECIFIED.,.F.,.F.,
 .F.,(4,1,4),(2,2),(0.,0.0519424846206641,0.105971264666813),(0.,0.0499999999999998),
 .UNSPECIFIED.);
#608=B_SPLINE_SURFACE_WITH_KNOTS('',3,1,((#11658,#11659),(#11660,#11661),
(#11662,#11663),(#11664,#11665),(#11666,#11667)),.UNSPECIFIED.,.F.,.F.,
 .F.,(4,1,4),(2,2),(0.,0.0512480522406891,0.102665161208354),(0.,0.0499999999999998),
 .UNSPECIFIED.);
#609=B_SPLINE_SURFACE_WITH_KNOTS('',3,1,((#11681,#11682),(#11683,#11684),
(#11685,#11686),(#11687,#11688),(#11689,#11690)),.UNSPECIFIED.,.F.,.F.,
 .F.,(4,1,4),(2,2),(0.,0.0473176377548171,0.0973896451070424),(0.,0.0499999999999998),
 .UNSPECIFIED.);
#610=B_SPLINE_SURFACE_WITH_KNOTS('',3,1,((#11704,#11705),(#11706,#11707),
(#11708,#11709),(#11710,#11711),(#11712,#11713)),.UNSPECIFIED.,.F.,.F.,
 .F.,(4,1,4),(2,2),(0.,0.0380944576903347,0.0791154892228337),(0.,0.0499999999999998),
 .UNSPECIFIED.);
#611=B_SPLINE_SURFACE_WITH_KNOTS('',3,1,((#11727,#11728),(#11729,#11730),
(#11731,#11732),(#11733,#11734),(#11735,#11736)),.UNSPECIFIED.,.F.,.F.,
 .F.,(4,1,4),(2,2),(0.,0.0296301620469496,0.0637691662723251),(0.,0.0499999999999998),
 .UNSPECIFIED.);
#612=B_SPLINE_SURFACE_WITH_KNOTS('',3,1,((#11750,#11751),(#11752,#11753),
(#11754,#11755),(#11756,#11757),(#11758,#11759)),.UNSPECIFIED.,.F.,.F.,
 .F.,(4,1,4),(2,2),(0.,0.0255617225043233,0.0515124634057909),(0.,0.0499999999999998),
 .UNSPECIFIED.);
#613=B_SPLINE_SURFACE_WITH_KNOTS('',3,1,((#11773,#11774),(#11775,#11776),
(#11777,#11778),(#11779,#11780),(#11781,#11782)),.UNSPECIFIED.,.F.,.F.,
 .F.,(4,1,4),(2,2),(0.,0.0277222302644846,0.0577754729457352),(0.,0.0499999999999998),
 .UNSPECIFIED.);
#614=B_SPLINE_SURFACE_WITH_KNOTS('',3,1,((#11796,#11797),(#11798,#11799),
(#11800,#11801),(#11802,#11803),(#11804,#11805)),.UNSPECIFIED.,.F.,.F.,
 .F.,(4,1,4),(2,2),(0.,0.03738714482268,0.0681903832096893),(0.,0.0499999999999998),
 .UNSPECIFIED.);
#615=B_SPLINE_SURFACE_WITH_KNOTS('',3,1,((#11819,#11820),(#11821,#11822),
(#11823,#11824),(#11825,#11826),(#11827,#11828)),.UNSPECIFIED.,.F.,.F.,
 .F.,(4,1,4),(2,2),(0.,0.0416638489944775,0.0872036186590621),(0.,0.0499999999999998),
 .UNSPECIFIED.);
#616=B_SPLINE_SURFACE_WITH_KNOTS('',3,1,((#11842,#11843),(#11844,#11845),
(#11846,#11847),(#11848,#11849),(#11850,#11851)),.UNSPECIFIED.,.F.,.F.,
 .F.,(4,1,4),(2,2),(0.,0.040845854731046,0.0819872072740264),(0.,0.0499999999999998),
 .UNSPECIFIED.);
#617=B_SPLINE_SURFACE_WITH_KNOTS('',3,1,((#11871,#11872),(#11873,#11874),
(#11875,#11876),(#11877,#11878),(#11879,#11880)),.UNSPECIFIED.,.F.,.F.,
 .F.,(4,1,4),(2,2),(0.,0.0715481382706918,0.144637825746799),(0.,0.0499999999999998),
 .UNSPECIFIED.);
#618=B_SPLINE_SURFACE_WITH_KNOTS('',3,1,((#11894,#11895),(#11896,#11897),
(#11898,#11899),(#11900,#11901),(#11902,#11903)),.UNSPECIFIED.,.F.,.F.,
 .F.,(4,1,4),(2,2),(0.,0.0765001813691403,0.148234379137861),(0.,0.0499999999999998),
 .UNSPECIFIED.);
#619=B_SPLINE_SURFACE_WITH_KNOTS('',3,1,((#11935,#11936),(#11937,#11938),
(#11939,#11940),(#11941,#11942),(#11943,#11944)),.UNSPECIFIED.,.F.,.F.,
 .F.,(4,1,4),(2,2),(0.,0.0825104632982261,0.17269627739268),(0.,0.0499999999999998),
 .UNSPECIFIED.);
#620=B_SPLINE_SURFACE_WITH_KNOTS('',3,1,((#11958,#11959),(#11960,#11961),
(#11962,#11963),(#11964,#11965),(#11966,#11967)),.UNSPECIFIED.,.F.,.F.,
 .F.,(4,1,4),(2,2),(0.,0.0782599483197012,0.157661753469075),(0.,0.0499999999999998),
 .UNSPECIFIED.);
#621=B_SPLINE_SURFACE_WITH_KNOTS('',3,1,((#11981,#11982),(#11983,#11984),
(#11985,#11986),(#11987,#11988),(#11989,#11990)),.UNSPECIFIED.,.F.,.F.,
 .F.,(4,1,4),(2,2),(0.,0.0530588493347365,0.11382119964233),(0.,0.0499999999999998),
 .UNSPECIFIED.);
#622=B_SPLINE_SURFACE_WITH_KNOTS('',3,1,((#12004,#12005),(#12006,#12007),
(#12008,#12009),(#12010,#12011),(#12012,#12013)),.UNSPECIFIED.,.F.,.F.,
 .F.,(4,1,4),(2,2),(0.,0.0475619268509549,0.096505509508406),(0.,0.0499999999999998),
 .UNSPECIFIED.);
#623=B_SPLINE_SURFACE_WITH_KNOTS('',3,1,((#12027,#12028),(#12029,#12030),
(#12031,#12032),(#12033,#12034),(#12035,#12036)),.UNSPECIFIED.,.F.,.F.,
 .F.,(4,1,4),(2,2),(0.,0.0489775878865845,0.0969453862034728),(0.,0.0499999999999998),
 .UNSPECIFIED.);
#624=B_SPLINE_SURFACE_WITH_KNOTS('',3,1,((#12050,#12051),(#12052,#12053),
(#12054,#12055),(#12056,#12057),(#12058,#12059)),.UNSPECIFIED.,.F.,.F.,
 .F.,(4,1,4),(2,2),(0.,0.0494020664110448,0.0990274689109107),(0.,0.0499999999999998),
 .UNSPECIFIED.);
#625=B_SPLINE_SURFACE_WITH_KNOTS('',3,1,((#12073,#12074),(#12075,#12076),
(#12077,#12078),(#12079,#12080),(#12081,#12082)),.UNSPECIFIED.,.F.,.F.,
 .F.,(4,1,4),(2,2),(0.,0.0419871373495841,0.0881126474886252),(0.,0.0499999999999998),
 .UNSPECIFIED.);
#626=B_SPLINE_SURFACE_WITH_KNOTS('',3,1,((#12096,#12097),(#12098,#12099),
(#12100,#12101),(#12102,#12103),(#12104,#12105)),.UNSPECIFIED.,.F.,.F.,
 .F.,(4,1,4),(2,2),(0.,0.0328811907241291,0.0702010262744855),(0.,0.0499999999999998),
 .UNSPECIFIED.);
#627=B_SPLINE_SURFACE_WITH_KNOTS('',3,1,((#12119,#12120),(#12121,#12122),
(#12123,#12124),(#12125,#12126),(#12127,#12128)),.UNSPECIFIED.,.F.,.F.,
 .F.,(4,1,4),(2,2),(0.,0.0327897341879423,0.0633999033726657),(0.,0.0499999999999998),
 .UNSPECIFIED.);
#628=B_SPLINE_SURFACE_WITH_KNOTS('',3,1,((#12142,#12143),(#12144,#12145),
(#12146,#12147),(#12148,#12149),(#12150,#12151)),.UNSPECIFIED.,.F.,.F.,
 .F.,(4,1,4),(2,2),(0.,0.0390228311137069,0.0819100230830675),(0.,0.0499999999999998),
 .UNSPECIFIED.);
#629=B_SPLINE_SURFACE_WITH_KNOTS('',3,1,((#12165,#12166),(#12167,#12168),
(#12169,#12170),(#12171,#12172),(#12173,#12174)),.UNSPECIFIED.,.F.,.F.,
 .F.,(4,1,4),(2,2),(0.,0.0467410345284576,0.0876958115037713),(0.,0.0499999999999998),
 .UNSPECIFIED.);
#630=B_SPLINE_SURFACE_WITH_KNOTS('',3,1,((#12188,#12189),(#12190,#12191),
(#12192,#12193),(#12194,#12195),(#12196,#12197)),.UNSPECIFIED.,.F.,.F.,
 .F.,(4,1,4),(2,2),(0.,0.0551108757428574,0.107149763306691),(0.,0.0499999999999998),
 .UNSPECIFIED.);
#631=B_SPLINE_SURFACE_WITH_KNOTS('',3,1,((#12211,#12212),(#12213,#12214),
(#12215,#12216),(#12217,#12218),(#12219,#12220)),.UNSPECIFIED.,.F.,.F.,
 .F.,(4,1,4),(2,2),(0.,0.0623340476012181,0.121848182814187),(0.,0.0499999999999998),
 .UNSPECIFIED.);
#632=B_SPLINE_SURFACE_WITH_KNOTS('',3,1,((#12240,#12241),(#12242,#12243),
(#12244,#12245),(#12246,#12247),(#12248,#12249)),.UNSPECIFIED.,.F.,.F.,
 .F.,(4,1,4),(2,2),(0.,0.0855647328562749,0.176183377302268),(0.,0.0499999999999998),
 .UNSPECIFIED.);
#633=B_SPLINE_SURFACE_WITH_KNOTS('',3,1,((#12263,#12264),(#12265,#12266),
(#12267,#12268),(#12269,#12270),(#12271,#12272)),.UNSPECIFIED.,.F.,.F.,
 .F.,(4,1,4),(2,2),(0.,0.087305045500244,0.171111884337299),(0.,0.0499999999999998),
 .UNSPECIFIED.);
#634=B_SPLINE_SURFACE_WITH_KNOTS('',3,1,((#12353,#12354),(#12355,#12356),
(#12357,#12358),(#12359,#12360),(#12361,#12362)),.UNSPECIFIED.,.F.,.F.,
 .F.,(4,1,4),(2,2),(0.,0.0473346034929869,0.0936962469063916),(0.,0.0499999999999998),
 .UNSPECIFIED.);
#635=B_SPLINE_SURFACE_WITH_KNOTS('',3,1,((#12379,#12380),(#12381,#12382),
(#12383,#12384),(#12385,#12386),(#12387,#12388)),.UNSPECIFIED.,.F.,.F.,
 .F.,(4,1,4),(2,2),(0.,0.0504323270272273,0.0994681965945974),(0.,0.0499999999999998),
 .UNSPECIFIED.);
#636=B_SPLINE_SURFACE_WITH_KNOTS('',3,1,((#12402,#12403),(#12404,#12405),
(#12406,#12407),(#12408,#12409),(#12410,#12411)),.UNSPECIFIED.,.F.,.F.,
 .F.,(4,1,4),(2,2),(0.,0.0498117793921232,0.100661084045227),(0.,0.0499999999999998),
 .UNSPECIFIED.);
#637=B_SPLINE_SURFACE_WITH_KNOTS('',3,1,((#12425,#12426),(#12427,#12428),
(#12429,#12430),(#12431,#12432),(#12433,#12434)),.UNSPECIFIED.,.F.,.F.,
 .F.,(4,1,4),(2,2),(0.,0.0504150728629586,0.0983769783311345),(0.,0.0499999999999998),
 .UNSPECIFIED.);
#638=B_SPLINE_SURFACE_WITH_KNOTS('',3,1,((#12448,#12449),(#12450,#12451),
(#12452,#12453),(#12454,#12455),(#12456,#12457)),.UNSPECIFIED.,.F.,.F.,
 .F.,(4,1,4),(2,2),(0.,0.0494125077302184,0.100143573729085),(0.,0.0499999999999998),
 .UNSPECIFIED.);
#639=B_SPLINE_SURFACE_WITH_KNOTS('',3,1,((#12471,#12472),(#12473,#12474),
(#12475,#12476),(#12477,#12478),(#12479,#12480)),.UNSPECIFIED.,.F.,.F.,
 .F.,(4,1,4),(2,2),(0.,0.0468756725680606,0.0946568906770009),(0.,0.0499999999999998),
 .UNSPECIFIED.);
#640=B_SPLINE_SURFACE_WITH_KNOTS('',3,1,((#12494,#12495),(#12496,#12497),
(#12498,#12499),(#12500,#12501),(#12502,#12503)),.UNSPECIFIED.,.F.,.F.,
 .F.,(4,1,4),(2,2),(0.,0.0536129116131627,0.101835009539909),(0.,0.0499999999999998),
 .UNSPECIFIED.);
#641=B_SPLINE_SURFACE_WITH_KNOTS('',3,1,((#12517,#12518),(#12519,#12520),
(#12521,#12522),(#12523,#12524),(#12525,#12526)),.UNSPECIFIED.,.F.,.F.,
 .F.,(4,1,4),(2,2),(0.,0.0479265186839103,0.10150997766515),(0.,0.0499999999999998),
 .UNSPECIFIED.);
#642=B_SPLINE_SURFACE_WITH_KNOTS('',3,1,((#12540,#12541),(#12542,#12543),
(#12544,#12545),(#12546,#12547),(#12548,#12549)),.UNSPECIFIED.,.F.,.F.,
 .F.,(4,1,4),(2,2),(0.,0.0470523709457172,0.0932913387456682),(0.,0.0499999999999998),
 .UNSPECIFIED.);
#643=B_SPLINE_SURFACE_WITH_KNOTS('',3,1,((#12563,#12564),(#12565,#12566),
(#12567,#12568),(#12569,#12570),(#12571,#12572)),.UNSPECIFIED.,.F.,.F.,
 .F.,(4,1,4),(2,2),(0.,0.0505545685630968,0.0994283832280883),(0.,0.0499999999999998),
 .UNSPECIFIED.);
#644=B_SPLINE_SURFACE_WITH_KNOTS('',3,1,((#12586,#12587),(#12588,#12589),
(#12590,#12591),(#12592,#12593),(#12594,#12595)),.UNSPECIFIED.,.F.,.F.,
 .F.,(4,1,4),(2,2),(0.,0.0503692667762319,0.101578731729899),(0.,0.0499999999999998),
 .UNSPECIFIED.);
#645=B_SPLINE_SURFACE_WITH_KNOTS('',3,1,((#12609,#12610),(#12611,#12612),
(#12613,#12614),(#12615,#12616),(#12617,#12618)),.UNSPECIFIED.,.F.,.F.,
 .F.,(4,1,4),(2,2),(0.,0.050015498608375,0.0978257361821249),(0.,0.0499999999999998),
 .UNSPECIFIED.);
#646=B_SPLINE_SURFACE_WITH_KNOTS('',3,1,((#12632,#12633),(#12634,#12635),
(#12636,#12637),(#12638,#12639),(#12640,#12641)),.UNSPECIFIED.,.F.,.F.,
 .F.,(4,1,4),(2,2),(0.,0.0495520877600329,0.100029269186572),(0.,0.0499999999999998),
 .UNSPECIFIED.);
#647=B_SPLINE_SURFACE_WITH_KNOTS('',3,1,((#12655,#12656),(#12657,#12658),
(#12659,#12660),(#12661,#12662),(#12663,#12664)),.UNSPECIFIED.,.F.,.F.,
 .F.,(4,1,4),(2,2),(0.,0.0465883318613718,0.094454400766658),(0.,0.0499999999999998),
 .UNSPECIFIED.);
#648=B_SPLINE_SURFACE_WITH_KNOTS('',3,1,((#12678,#12679),(#12680,#12681),
(#12682,#12683),(#12684,#12685),(#12686,#12687)),.UNSPECIFIED.,.F.,.F.,
 .F.,(4,1,4),(2,2),(0.,0.0525665573683772,0.100176864405228),(0.,0.0499999999999998),
 .UNSPECIFIED.);
#649=B_SPLINE_SURFACE_WITH_KNOTS('',3,1,((#12701,#12702),(#12703,#12704),
(#12705,#12706),(#12707,#12708),(#12709,#12710)),.UNSPECIFIED.,.F.,.F.,
 .F.,(4,1,4),(2,2),(0.,0.047632523307727,0.100258657567899),(0.,0.0499999999999998),
 .UNSPECIFIED.);
#650=B_SPLINE_SURFACE_WITH_KNOTS('',3,1,((#12721,#12722),(#12723,#12724),
(#12725,#12726),(#12727,#12728),(#12729,#12730)),.UNSPECIFIED.,.F.,.F.,
 .F.,(4,1,4),(2,2),(0.,0.0813618830747632,0.164401331184935),(0.,0.0499999999999998),
 .UNSPECIFIED.);
#651=B_SPLINE_SURFACE_WITH_KNOTS('',3,1,((#12747,#12748),(#12749,#12750),
(#12751,#12752),(#12753,#12754),(#12755,#12756)),.UNSPECIFIED.,.F.,.F.,
 .F.,(4,1,4),(2,2),(0.,0.0833582708947112,0.165358826062954),(0.,0.0499999999999998),
 .UNSPECIFIED.);
#652=B_SPLINE_SURFACE_WITH_KNOTS('',3,1,((#12770,#12771),(#12772,#12773),
(#12774,#12775),(#12776,#12777),(#12778,#12779)),.UNSPECIFIED.,.F.,.F.,
 .F.,(4,1,4),(2,2),(0.,0.0834186949804058,0.167544177643336),(0.,0.0499999999999998),
 .UNSPECIFIED.);
#653=B_SPLINE_SURFACE_WITH_KNOTS('',3,1,((#12793,#12794),(#12795,#12796),
(#12797,#12798),(#12799,#12800),(#12801,#12802)),.UNSPECIFIED.,.F.,.F.,
 .F.,(4,1,4),(2,2),(0.,0.0841254826629301,0.167544296611448),(0.,0.0499999999999998),
 .UNSPECIFIED.);
#654=B_SPLINE_SURFACE_WITH_KNOTS('',3,1,((#12816,#12817),(#12818,#12819),
(#12820,#12821),(#12822,#12823),(#12824,#12825)),.UNSPECIFIED.,.F.,.F.,
 .F.,(4,1,4),(2,2),(0.,0.082000607094793,0.165358821737409),(0.,0.0499999999999998),
 .UNSPECIFIED.);
#655=B_SPLINE_SURFACE_WITH_KNOTS('',3,1,((#12839,#12840),(#12841,#12842),
(#12843,#12844),(#12845,#12846),(#12847,#12848)),.UNSPECIFIED.,.F.,.F.,
 .F.,(4,1,4),(2,2),(0.,0.0830394481101717,0.164401375925045),(0.,0.0499999999999998),
 .UNSPECIFIED.);
#656=B_SPLINE_SURFACE_WITH_KNOTS('',3,1,((#12862,#12863),(#12864,#12865),
(#12866,#12867),(#12868,#12869),(#12870,#12871)),.UNSPECIFIED.,.F.,.F.,
 .F.,(4,1,4),(2,2),(0.,0.101283308097667,0.190437172258104),(0.,0.0499999999999998),
 .UNSPECIFIED.);
#657=B_SPLINE_SURFACE_WITH_KNOTS('',3,1,((#12885,#12886),(#12887,#12888),
(#12889,#12890),(#12891,#12892),(#12893,#12894)),.UNSPECIFIED.,.F.,.F.,
 .F.,(4,1,4),(2,2),(0.,0.0893047825668269,0.189788510605698),(0.,0.0499999999999998),
 .UNSPECIFIED.);
#658=B_SPLINE_SURFACE_WITH_KNOTS('',3,1,((#12908,#12909),(#12910,#12911),
(#12912,#12913),(#12914,#12915),(#12916,#12917)),.UNSPECIFIED.,.F.,.F.,
 .F.,(4,1,4),(2,2),(0.,0.0814681941772968,0.164903233880934),(0.,0.0499999999999998),
 .UNSPECIFIED.);
#659=B_SPLINE_SURFACE_WITH_KNOTS('',3,1,((#12931,#12932),(#12933,#12934),
(#12935,#12936),(#12937,#12938),(#12939,#12940)),.UNSPECIFIED.,.F.,.F.,
 .F.,(4,1,4),(2,2),(0.,0.0834383606171629,0.165478392733497),(0.,0.0499999999999998),
 .UNSPECIFIED.);
#660=B_SPLINE_SURFACE_WITH_KNOTS('',3,1,((#12954,#12955),(#12956,#12957),
(#12958,#12959),(#12960,#12961),(#12962,#12963)),.UNSPECIFIED.,.F.,.F.,
 .F.,(4,1,4),(2,2),(0.,0.0834240643828192,0.167595351565418),(0.,0.0499999999999998),
 .UNSPECIFIED.);
#661=B_SPLINE_SURFACE_WITH_KNOTS('',3,1,((#12977,#12978),(#12979,#12980),
(#12981,#12982),(#12983,#12984),(#12985,#12986)),.UNSPECIFIED.,.F.,.F.,
 .F.,(4,1,4),(2,2),(0.,0.0841713584259458,0.167595200273782),(0.,0.0499999999999998),
 .UNSPECIFIED.);
#662=B_SPLINE_SURFACE_WITH_KNOTS('',3,1,((#13000,#13001),(#13002,#13003),
(#13004,#13005),(#13006,#13007),(#13008,#13009)),.UNSPECIFIED.,.F.,.F.,
 .F.,(4,1,4),(2,2),(0.,0.0820400321163341,0.165478392733497),(0.,0.0499999999999998),
 .UNSPECIFIED.);
#663=B_SPLINE_SURFACE_WITH_KNOTS('',3,1,((#13023,#13024),(#13025,#13026),
(#13027,#13028),(#13029,#13030),(#13031,#13032)),.UNSPECIFIED.,.F.,.F.,
 .F.,(4,1,4),(2,2),(0.,0.0834350397036374,0.164903189199182),(0.,0.0499999999999998),
 .UNSPECIFIED.);
#664=B_SPLINE_SURFACE_WITH_KNOTS('',3,1,((#13046,#13047),(#13048,#13049),
(#13050,#13051),(#13052,#13053),(#13054,#13055)),.UNSPECIFIED.,.F.,.F.,
 .F.,(4,1,4),(2,2),(0.,0.100483715931737,0.189788559800755),(0.,0.0499999999999998),
 .UNSPECIFIED.);
#665=B_SPLINE_SURFACE_WITH_KNOTS('',3,1,((#13069,#13070),(#13071,#13072),
(#13073,#13074),(#13075,#13076),(#13077,#13078)),.UNSPECIFIED.,.F.,.F.,
 .F.,(4,1,4),(2,2),(0.,0.0891539050977905,0.190437207189698),(0.,0.0499999999999998),
 .UNSPECIFIED.);
#666=B_SPLINE_SURFACE_WITH_KNOTS('',3,1,((#13100,#13101),(#13102,#13103),
(#13104,#13105),(#13106,#13107),(#13108,#13109)),.UNSPECIFIED.,.F.,.F.,
 .F.,(4,1,4),(2,2),(0.,0.0615033672106325,0.12423420399588),(0.,0.0499999999999998),
 .UNSPECIFIED.);
#667=B_SPLINE_SURFACE_WITH_KNOTS('',3,1,((#13123,#13124),(#13125,#13126),
(#13127,#13128),(#13129,#13130),(#13131,#13132)),.UNSPECIFIED.,.F.,.F.,
 .F.,(4,1,4),(2,2),(0.,0.0613479977735266,0.122202042505693),(0.,0.0499999999999998),
 .UNSPECIFIED.);
#668=B_SPLINE_SURFACE_WITH_KNOTS('',3,1,((#13146,#13147),(#13148,#13149),
(#13150,#13151),(#13152,#13153),(#13154,#13155)),.UNSPECIFIED.,.F.,.F.,
 .F.,(4,1,4),(2,2),(0.,0.0701490431685205,0.134301334152246),(0.,0.0499999999999998),
 .UNSPECIFIED.);
#669=B_SPLINE_SURFACE_WITH_KNOTS('',3,1,((#13169,#13170),(#13171,#13172),
(#13173,#13174),(#13175,#13176),(#13177,#13178)),.UNSPECIFIED.,.F.,.F.,
 .F.,(4,1,4),(2,2),(0.,0.058928448743808,0.1267115576315),(0.,0.0499999999999998),
 .UNSPECIFIED.);
#670=B_SPLINE_SURFACE_WITH_KNOTS('',3,1,((#13192,#13193),(#13194,#13195),
(#13196,#13197),(#13198,#13199),(#13200,#13201)),.UNSPECIFIED.,.F.,.F.,
 .F.,(4,1,4),(2,2),(0.,0.0519424846206641,0.105971264666813),(0.,0.0499999999999998),
 .UNSPECIFIED.);
#671=B_SPLINE_SURFACE_WITH_KNOTS('',3,1,((#13215,#13216),(#13217,#13218),
(#13219,#13220),(#13221,#13222),(#13223,#13224)),.UNSPECIFIED.,.F.,.F.,
 .F.,(4,1,4),(2,2),(0.,0.0512479477521688,0.102665056719834),(0.,0.0499999999999998),
 .UNSPECIFIED.);
#672=B_SPLINE_SURFACE_WITH_KNOTS('',3,1,((#13238,#13239),(#13240,#13241),
(#13242,#13243),(#13244,#13245),(#13246,#13247)),.UNSPECIFIED.,.F.,.F.,
 .F.,(4,1,4),(2,2),(0.,0.047317582385433,0.0973896441655817),(0.,0.0499999999999998),
 .UNSPECIFIED.);
#673=B_SPLINE_SURFACE_WITH_KNOTS('',3,1,((#13261,#13262),(#13263,#13264),
(#13265,#13266),(#13267,#13268),(#13269,#13270)),.UNSPECIFIED.,.F.,.F.,
 .F.,(4,1,4),(2,2),(0.,0.0380945121318033,0.0791155436643022),(0.,0.0499999999999998),
 .UNSPECIFIED.);
#674=B_SPLINE_SURFACE_WITH_KNOTS('',3,1,((#13284,#13285),(#13286,#13287),
(#13288,#13289),(#13290,#13291),(#13292,#13293)),.UNSPECIFIED.,.F.,.F.,
 .F.,(4,1,4),(2,2),(0.,0.0296301620469496,0.0637691662723251),(0.,0.0499999999999998),
 .UNSPECIFIED.);
#675=B_SPLINE_SURFACE_WITH_KNOTS('',3,1,((#13307,#13308),(#13309,#13310),
(#13311,#13312),(#13313,#13314),(#13315,#13316)),.UNSPECIFIED.,.F.,.F.,
 .F.,(4,1,4),(2,2),(0.,0.0255617225043233,0.0515124634057909),(0.,0.0499999999999998),
 .UNSPECIFIED.);
#676=B_SPLINE_SURFACE_WITH_KNOTS('',3,1,((#13330,#13331),(#13332,#13333),
(#13334,#13335),(#13336,#13337),(#13338,#13339)),.UNSPECIFIED.,.F.,.F.,
 .F.,(4,1,4),(2,2),(0.,0.0277222302644846,0.0577754729457352),(0.,0.0499999999999998),
 .UNSPECIFIED.);
#677=B_SPLINE_SURFACE_WITH_KNOTS('',3,1,((#13353,#13354),(#13355,#13356),
(#13357,#13358),(#13359,#13360),(#13361,#13362)),.UNSPECIFIED.,.F.,.F.,
 .F.,(4,1,4),(2,2),(0.,0.03738714482268,0.0681903832096893),(0.,0.0499999999999998),
 .UNSPECIFIED.);
#678=B_SPLINE_SURFACE_WITH_KNOTS('',3,1,((#13376,#13377),(#13378,#13379),
(#13380,#13381),(#13382,#13383),(#13384,#13385)),.UNSPECIFIED.,.F.,.F.,
 .F.,(4,1,4),(2,2),(0.,0.0416638489944775,0.0872036186590621),(0.,0.0499999999999998),
 .UNSPECIFIED.);
#679=B_SPLINE_SURFACE_WITH_KNOTS('',3,1,((#13399,#13400),(#13401,#13402),
(#13403,#13404),(#13405,#13406),(#13407,#13408)),.UNSPECIFIED.,.F.,.F.,
 .F.,(4,1,4),(2,2),(0.,0.0408458831083571,0.0819872356513375),(0.,0.0499999999999998),
 .UNSPECIFIED.);
#680=B_SPLINE_SURFACE_WITH_KNOTS('',3,1,((#13428,#13429),(#13430,#13431),
(#13432,#13433),(#13434,#13435),(#13436,#13437)),.UNSPECIFIED.,.F.,.F.,
 .F.,(4,1,4),(2,2),(0.,0.0715482057493475,0.144637848139858),(0.,0.0499999999999998),
 .UNSPECIFIED.);
#681=B_SPLINE_SURFACE_WITH_KNOTS('',3,1,((#13451,#13452),(#13453,#13454),
(#13455,#13456),(#13457,#13458),(#13459,#13460)),.UNSPECIFIED.,.F.,.F.,
 .F.,(4,1,4),(2,2),(0.,0.076500126397787,0.148234324166508),(0.,0.0499999999999998),
 .UNSPECIFIED.);
#682=B_SPLINE_SURFACE_WITH_KNOTS('',3,1,((#13492,#13493),(#13494,#13495),
(#13496,#13497),(#13498,#13499),(#13500,#13501)),.UNSPECIFIED.,.F.,.F.,
 .F.,(4,1,4),(2,2),(0.,0.0825105081121235,0.172696322206577),(0.,0.0499999999999998),
 .UNSPECIFIED.);
#683=B_SPLINE_SURFACE_WITH_KNOTS('',3,1,((#13515,#13516),(#13517,#13518),
(#13519,#13520),(#13521,#13522),(#13523,#13524)),.UNSPECIFIED.,.F.,.F.,
 .F.,(4,1,4),(2,2),(0.,0.0782599386498077,0.157661743799181),(0.,0.0499999999999998),
 .UNSPECIFIED.);
#684=B_SPLINE_SURFACE_WITH_KNOTS('',3,1,((#13538,#13539),(#13540,#13541),
(#13542,#13543),(#13544,#13545),(#13546,#13547)),.UNSPECIFIED.,.F.,.F.,
 .F.,(4,1,4),(2,2),(0.,0.0530588119626593,0.113821167709243),(0.,0.0499999999999998),
 .UNSPECIFIED.);
#685=B_SPLINE_SURFACE_WITH_KNOTS('',3,1,((#13561,#13562),(#13563,#13564),
(#13565,#13566),(#13567,#13568),(#13569,#13570)),.UNSPECIFIED.,.F.,.F.,
 .F.,(4,1,4),(2,2),(0.,0.0475619268509549,0.0965055410195813),(0.,0.0499999999999998),
 .UNSPECIFIED.);
#686=B_SPLINE_SURFACE_WITH_KNOTS('',3,1,((#13584,#13585),(#13586,#13587),
(#13588,#13589),(#13590,#13591),(#13592,#13593)),.UNSPECIFIED.,.F.,.F.,
 .F.,(4,1,4),(2,2),(0.,0.0489776402057434,0.0969453900946456),(0.,0.0499999999999998),
 .UNSPECIFIED.);
#687=B_SPLINE_SURFACE_WITH_KNOTS('',3,1,((#13607,#13608),(#13609,#13610),
(#13611,#13612),(#13613,#13614),(#13615,#13616)),.UNSPECIFIED.,.F.,.F.,
 .F.,(4,1,4),(2,2),(0.,0.0494020664110448,0.0990274146687034),(0.,0.0499999999999998),
 .UNSPECIFIED.);
#688=B_SPLINE_SURFACE_WITH_KNOTS('',3,1,((#13630,#13631),(#13632,#13633),
(#13634,#13635),(#13636,#13637),(#13638,#13639)),.UNSPECIFIED.,.F.,.F.,
 .F.,(4,1,4),(2,2),(0.,0.0419871373495841,0.0881127577661251),(0.,0.0499999999999998),
 .UNSPECIFIED.);
#689=B_SPLINE_SURFACE_WITH_KNOTS('',3,1,((#13653,#13654),(#13655,#13656),
(#13657,#13658),(#13659,#13660),(#13661,#13662)),.UNSPECIFIED.,.F.,.F.,
 .F.,(4,1,4),(2,2),(0.,0.0328811024507004,0.0702009380010568),(0.,0.0499999999999998),
 .UNSPECIFIED.);
#690=B_SPLINE_SURFACE_WITH_KNOTS('',3,1,((#13676,#13677),(#13678,#13679),
(#13680,#13681),(#13682,#13683),(#13684,#13685)),.UNSPECIFIED.,.F.,.F.,
 .F.,(4,1,4),(2,2),(0.,0.0327897435365077,0.0633999127212311),(0.,0.0499999999999998),
 .UNSPECIFIED.);
#691=B_SPLINE_SURFACE_WITH_KNOTS('',3,1,((#13699,#13700),(#13701,#13702),
(#13703,#13704),(#13705,#13706),(#13707,#13708)),.UNSPECIFIED.,.F.,.F.,
 .F.,(4,1,4),(2,2),(0.,0.0390227957645238,0.0819099877338845),(0.,0.0499999999999998),
 .UNSPECIFIED.);
#692=B_SPLINE_SURFACE_WITH_KNOTS('',3,1,((#13722,#13723),(#13724,#13725),
(#13726,#13727),(#13728,#13729),(#13730,#13731)),.UNSPECIFIED.,.F.,.F.,
 .F.,(4,1,4),(2,2),(0.,0.0467410935523657,0.0876958705276794),(0.,0.0499999999999998),
 .UNSPECIFIED.);
#693=B_SPLINE_SURFACE_WITH_KNOTS('',3,1,((#13745,#13746),(#13747,#13748),
(#13749,#13750),(#13751,#13752),(#13753,#13754)),.UNSPECIFIED.,.F.,.F.,
 .F.,(4,1,4),(2,2),(0.,0.0551108757428574,0.107149763306691),(0.,0.0499999999999998),
 .UNSPECIFIED.);
#694=B_SPLINE_SURFACE_WITH_KNOTS('',3,1,((#13768,#13769),(#13770,#13771),
(#13772,#13773),(#13774,#13775),(#13776,#13777)),.UNSPECIFIED.,.F.,.F.,
 .F.,(4,1,4),(2,2),(0.,0.0623340476012181,0.121848182814187),(0.,0.0499999999999998),
 .UNSPECIFIED.);
#695=B_SPLINE_SURFACE_WITH_KNOTS('',3,1,((#13797,#13798),(#13799,#13800),
(#13801,#13802),(#13803,#13804),(#13805,#13806)),.UNSPECIFIED.,.F.,.F.,
 .F.,(4,1,4),(2,2),(0.,0.0855647684576505,0.176183388167432),(0.,0.0499999999999998),
 .UNSPECIFIED.);
#696=B_SPLINE_SURFACE_WITH_KNOTS('',3,1,((#13820,#13821),(#13822,#13823),
(#13824,#13825),(#13826,#13827),(#13828,#13829)),.UNSPECIFIED.,.F.,.F.,
 .F.,(4,1,4),(2,2),(0.,0.087305045500244,0.171111884337299),(0.,0.0499999999999998),
 .UNSPECIFIED.);
#697=STYLED_ITEM('',(#13873),#712);
#698=STYLED_ITEM('',(#13873),#713);
#699=STYLED_ITEM('',(#13873),#714);
#700=STYLED_ITEM('',(#13873),#715);
#701=STYLED_ITEM('',(#13873),#716);
#702=STYLED_ITEM('',(#13873),#717);
#703=STYLED_ITEM('',(#13873),#718);
#704=STYLED_ITEM('',(#13873),#719);
#705=STYLED_ITEM('',(#13873),#720);
#706=STYLED_ITEM('',(#13873),#721);
#707=STYLED_ITEM('',(#13873),#722);
#708=STYLED_ITEM('',(#13873),#723);
#709=STYLED_ITEM('',(#13873),#724);
#710=STYLED_ITEM('',(#13873),#725);
#711=STYLED_ITEM('',(#13873),#726);
#712=MANIFOLD_SOLID_BREP('Body1',#6837);
#713=MANIFOLD_SOLID_BREP('Body2',#6838);
#714=MANIFOLD_SOLID_BREP('Body34',#6839);
#715=MANIFOLD_SOLID_BREP('Body35',#6840);
#716=MANIFOLD_SOLID_BREP('Body36',#6841);
#717=MANIFOLD_SOLID_BREP('Body37',#6842);
#718=MANIFOLD_SOLID_BREP('Body38',#6843);
#719=MANIFOLD_SOLID_BREP('Body39',#6844);
#720=MANIFOLD_SOLID_BREP('Body40',#6845);
#721=MANIFOLD_SOLID_BREP('Body41',#6846);
#722=MANIFOLD_SOLID_BREP('Body42',#6847);
#723=MANIFOLD_SOLID_BREP('Body43',#6848);
#724=MANIFOLD_SOLID_BREP('Body44',#6849);
#725=MANIFOLD_SOLID_BREP('Body45',#6850);
#726=MANIFOLD_SOLID_BREP('Body46',#6851);
#727=CYLINDRICAL_SURFACE('',#6878,2.15);
#728=CYLINDRICAL_SURFACE('',#6881,2.15);
#729=CYLINDRICAL_SURFACE('',#6882,1.2);
#730=CYLINDRICAL_SURFACE('',#6890,1.2);
#731=CYLINDRICAL_SURFACE('',#6893,1.2);
#732=CYLINDRICAL_SURFACE('',#6895,1.2);
#733=CYLINDRICAL_SURFACE('',#6909,1.2);
#734=CYLINDRICAL_SURFACE('',#6917,1.2);
#735=CYLINDRICAL_SURFACE('',#6923,1.2);
#736=CYLINDRICAL_SURFACE('',#6925,1.2);
#737=FACE_BOUND('',#2207,.T.);
#738=FACE_BOUND('',#2208,.T.);
#739=FACE_BOUND('',#2215,.T.);
#740=FACE_BOUND('',#2221,.T.);
#741=FACE_BOUND('',#2233,.T.);
#742=FACE_BOUND('',#2237,.T.);
#743=FACE_BOUND('',#2241,.T.);
#744=FACE_BOUND('',#2259,.T.);
#745=FACE_BOUND('',#2360,.T.);
#746=FACE_BOUND('',#2362,.T.);
#747=FACE_BOUND('',#2543,.T.);
#748=FACE_BOUND('',#2545,.T.);
#749=CONICAL_SURFACE('',#6873,2.3,0.785398163397448);
#750=CONICAL_SURFACE('',#6879,2.3,0.785398163397444);
#751=LINE('',#7923,#1287);
#752=LINE('',#7925,#1288);
#753=LINE('',#7926,#1289);
#754=LINE('',#7930,#1290);
#755=LINE('',#7931,#1291);
#756=LINE('',#7932,#1292);
#757=LINE('',#7935,#1293);
#758=LINE('',#7936,#1294);
#759=LINE('',#7938,#1295);
#760=LINE('',#7943,#1296);
#761=LINE('',#7948,#1297);
#762=LINE('',#7950,#1298);
#763=LINE('',#7952,#1299);
#764=LINE('',#7953,#1300);
#765=LINE('',#7957,#1301);
#766=LINE('',#7960,#1302);
#767=LINE('',#7963,#1303);
#768=LINE('',#7969,#1304);
#769=LINE('',#7972,#1305);
#770=LINE('',#7975,#1306);
#771=LINE('',#7977,#1307);
#772=LINE('',#7978,#1308);
#773=LINE('',#7981,#1309);
#774=LINE('',#7985,#1310);
#775=LINE('',#7989,#1311);
#776=LINE('',#7993,#1312);
#777=LINE('',#7995,#1313);
#778=LINE('',#7997,#1314);
#779=LINE('',#7998,#1315);
#780=LINE('',#8003,#1316);
#781=LINE('',#8004,#1317);
#782=LINE('',#8007,#1318);
#783=LINE('',#8008,#1319);
#784=LINE('',#8012,#1320);
#785=LINE('',#8016,#1321);
#786=LINE('',#8018,#1322);
#787=LINE('',#8019,#1323);
#788=LINE('',#8022,#1324);
#789=LINE('',#8024,#1325);
#790=LINE('',#8026,#1326);
#791=LINE('',#8027,#1327);
#792=LINE('',#8029,#1328);
#793=LINE('',#8030,#1329);
#794=LINE('',#8032,#1330);
#795=LINE('',#8033,#1331);
#796=LINE('',#8039,#1332);
#797=LINE('',#8040,#1333);
#798=LINE('',#8041,#1334);
#799=LINE('',#8044,#1335);
#800=LINE('',#8045,#1336);
#801=LINE('',#8048,#1337);
#802=LINE('',#8049,#1338);
#803=LINE('',#8051,#1339);
#804=LINE('',#8060,#1340);
#805=LINE('',#8063,#1341);
#806=LINE('',#8066,#1342);
#807=LINE('',#8068,#1343);
#808=LINE('',#8069,#1344);
#809=LINE('',#8072,#1345);
#810=LINE('',#8076,#1346);
#811=LINE('',#8080,#1347);
#812=LINE('',#8084,#1348);
#813=LINE('',#8086,#1349);
#814=LINE('',#8088,#1350);
#815=LINE('',#8089,#1351);
#816=LINE('',#8094,#1352);
#817=LINE('',#8095,#1353);
#818=LINE('',#8098,#1354);
#819=LINE('',#8099,#1355);
#820=LINE('',#8104,#1356);
#821=LINE('',#8106,#1357);
#822=LINE('',#8109,#1358);
#823=LINE('',#8111,#1359);
#824=LINE('',#8113,#1360);
#825=LINE('',#8114,#1361);
#826=LINE('',#8116,#1362);
#827=LINE('',#8118,#1363);
#828=LINE('',#8122,#1364);
#829=LINE('',#8124,#1365);
#830=LINE('',#8125,#1366);
#831=LINE('',#8128,#1367);
#832=LINE('',#8129,#1368);
#833=LINE('',#8132,#1369);
#834=LINE('',#8133,#1370);
#835=LINE('',#8135,#1371);
#836=LINE('',#8138,#1372);
#837=LINE('',#8140,#1373);
#838=LINE('',#8141,#1374);
#839=LINE('',#8144,#1375);
#840=LINE('',#8145,#1376);
#841=LINE('',#8148,#1377);
#842=LINE('',#8149,#1378);
#843=LINE('',#8151,#1379);
#844=LINE('',#8155,#1380);
#845=LINE('',#8157,#1381);
#846=LINE('',#8158,#1382);
#847=LINE('',#8161,#1383);
#848=LINE('',#8162,#1384);
#849=LINE('',#8165,#1385);
#850=LINE('',#8166,#1386);
#851=LINE('',#8168,#1387);
#852=LINE('',#8173,#1388);
#853=LINE('',#8175,#1389);
#854=LINE('',#8177,#1390);
#855=LINE('',#8178,#1391);
#856=LINE('',#8181,#1392);
#857=LINE('',#8183,#1393);
#858=LINE('',#8184,#1394);
#859=LINE('',#8207,#1395);
#860=LINE('',#8230,#1396);
#861=LINE('',#8253,#1397);
#862=LINE('',#8276,#1398);
#863=LINE('',#8299,#1399);
#864=LINE('',#8322,#1400);
#865=LINE('',#8345,#1401);
#866=LINE('',#8368,#1402);
#867=LINE('',#8391,#1403);
#868=LINE('',#8414,#1404);
#869=LINE('',#8437,#1405);
#870=LINE('',#8440,#1406);
#871=LINE('',#8442,#1407);
#872=LINE('',#8443,#1408);
#873=LINE('',#8466,#1409);
#874=LINE('',#8489,#1410);
#875=LINE('',#8512,#1411);
#876=LINE('',#8535,#1412);
#877=LINE('',#8558,#1413);
#878=LINE('',#8581,#1414);
#879=LINE('',#8604,#1415);
#880=LINE('',#8627,#1416);
#881=LINE('',#8650,#1417);
#882=LINE('',#8673,#1418);
#883=LINE('',#8696,#1419);
#884=LINE('',#8698,#1420);
#885=LINE('',#8699,#1421);
#886=LINE('',#8705,#1422);
#887=LINE('',#8707,#1423);
#888=LINE('',#8709,#1424);
#889=LINE('',#8710,#1425);
#890=LINE('',#8733,#1426);
#891=LINE('',#8756,#1427);
#892=LINE('',#8779,#1428);
#893=LINE('',#8802,#1429);
#894=LINE('',#8805,#1430);
#895=LINE('',#8807,#1431);
#896=LINE('',#8808,#1432);
#897=LINE('',#8811,#1433);
#898=LINE('',#8813,#1434);
#899=LINE('',#8814,#1435);
#900=LINE('',#8817,#1436);
#901=LINE('',#8819,#1437);
#902=LINE('',#8820,#1438);
#903=LINE('',#8823,#1439);
#904=LINE('',#8825,#1440);
#905=LINE('',#8826,#1441);
#906=LINE('',#8829,#1442);
#907=LINE('',#8831,#1443);
#908=LINE('',#8832,#1444);
#909=LINE('',#8855,#1445);
#910=LINE('',#8878,#1446);
#911=LINE('',#8901,#1447);
#912=LINE('',#8924,#1448);
#913=LINE('',#8927,#1449);
#914=LINE('',#8929,#1450);
#915=LINE('',#8930,#1451);
#916=LINE('',#8933,#1452);
#917=LINE('',#8935,#1453);
#918=LINE('',#8936,#1454);
#919=LINE('',#8939,#1455);
#920=LINE('',#8941,#1456);
#921=LINE('',#8942,#1457);
#922=LINE('',#8944,#1458);
#923=LINE('',#8945,#1459);
#924=LINE('',#8951,#1460);
#925=LINE('',#8953,#1461);
#926=LINE('',#8955,#1462);
#927=LINE('',#8956,#1463);
#928=LINE('',#8959,#1464);
#929=LINE('',#8961,#1465);
#930=LINE('',#8962,#1466);
#931=LINE('',#8965,#1467);
#932=LINE('',#8967,#1468);
#933=LINE('',#8968,#1469);
#934=LINE('',#8971,#1470);
#935=LINE('',#8973,#1471);
#936=LINE('',#8974,#1472);
#937=LINE('',#8977,#1473);
#938=LINE('',#8979,#1474);
#939=LINE('',#8980,#1475);
#940=LINE('',#8982,#1476);
#941=LINE('',#8983,#1477);
#942=LINE('',#8989,#1478);
#943=LINE('',#8991,#1479);
#944=LINE('',#8993,#1480);
#945=LINE('',#8994,#1481);
#946=LINE('',#8997,#1482);
#947=LINE('',#8999,#1483);
#948=LINE('',#9000,#1484);
#949=LINE('',#9023,#1485);
#950=LINE('',#9046,#1486);
#951=LINE('',#9069,#1487);
#952=LINE('',#9072,#1488);
#953=LINE('',#9074,#1489);
#954=LINE('',#9075,#1490);
#955=LINE('',#9078,#1491);
#956=LINE('',#9080,#1492);
#957=LINE('',#9081,#1493);
#958=LINE('',#9084,#1494);
#959=LINE('',#9086,#1495);
#960=LINE('',#9087,#1496);
#961=LINE('',#9089,#1497);
#962=LINE('',#9090,#1498);
#963=LINE('',#9111,#1499);
#964=LINE('',#9118,#1500);
#965=LINE('',#9141,#1501);
#966=LINE('',#9164,#1502);
#967=LINE('',#9187,#1503);
#968=LINE('',#9210,#1504);
#969=LINE('',#9233,#1505);
#970=LINE('',#9256,#1506);
#971=LINE('',#9279,#1507);
#972=LINE('',#9302,#1508);
#973=LINE('',#9325,#1509);
#974=LINE('',#9348,#1510);
#975=LINE('',#9371,#1511);
#976=LINE('',#9394,#1512);
#977=LINE('',#9417,#1513);
#978=LINE('',#9440,#1514);
#979=LINE('',#9479,#1515);
#980=LINE('',#9486,#1516);
#981=LINE('',#9509,#1517);
#982=LINE('',#9532,#1518);
#983=LINE('',#9555,#1519);
#984=LINE('',#9578,#1520);
#985=LINE('',#9601,#1521);
#986=LINE('',#9624,#1522);
#987=LINE('',#9647,#1523);
#988=LINE('',#9670,#1524);
#989=LINE('',#9693,#1525);
#990=LINE('',#9716,#1526);
#991=LINE('',#9739,#1527);
#992=LINE('',#9762,#1528);
#993=LINE('',#9785,#1529);
#994=LINE('',#9808,#1530);
#995=LINE('',#9834,#1531);
#996=LINE('',#9836,#1532);
#997=LINE('',#9838,#1533);
#998=LINE('',#9839,#1534);
#999=LINE('',#9842,#1535);
#1000=LINE('',#9844,#1536);
#1001=LINE('',#9845,#1537);
#1002=LINE('',#9848,#1538);
#1003=LINE('',#9850,#1539);
#1004=LINE('',#9851,#1540);
#1005=LINE('',#9853,#1541);
#1006=LINE('',#9854,#1542);
#1007=LINE('',#9860,#1543);
#1008=LINE('',#9862,#1544);
#1009=LINE('',#9864,#1545);
#1010=LINE('',#9865,#1546);
#1011=LINE('',#9888,#1547);
#1012=LINE('',#9911,#1548);
#1013=LINE('',#9934,#1549);
#1014=LINE('',#9957,#1550);
#1015=LINE('',#9960,#1551);
#1016=LINE('',#9962,#1552);
#1017=LINE('',#9963,#1553);
#1018=LINE('',#9966,#1554);
#1019=LINE('',#9968,#1555);
#1020=LINE('',#9969,#1556);
#1021=LINE('',#9972,#1557);
#1022=LINE('',#9974,#1558);
#1023=LINE('',#9975,#1559);
#1024=LINE('',#9978,#1560);
#1025=LINE('',#9980,#1561);
#1026=LINE('',#9981,#1562);
#1027=LINE('',#9984,#1563);
#1028=LINE('',#9986,#1564);
#1029=LINE('',#9987,#1565);
#1030=LINE('',#10010,#1566);
#1031=LINE('',#10033,#1567);
#1032=LINE('',#10056,#1568);
#1033=LINE('',#10079,#1569);
#1034=LINE('',#10082,#1570);
#1035=LINE('',#10084,#1571);
#1036=LINE('',#10085,#1572);
#1037=LINE('',#10088,#1573);
#1038=LINE('',#10090,#1574);
#1039=LINE('',#10091,#1575);
#1040=LINE('',#10094,#1576);
#1041=LINE('',#10096,#1577);
#1042=LINE('',#10097,#1578);
#1043=LINE('',#10099,#1579);
#1044=LINE('',#10100,#1580);
#1045=LINE('',#10121,#1581);
#1046=LINE('',#10128,#1582);
#1047=LINE('',#10151,#1583);
#1048=LINE('',#10174,#1584);
#1049=LINE('',#10197,#1585);
#1050=LINE('',#10220,#1586);
#1051=LINE('',#10243,#1587);
#1052=LINE('',#10266,#1588);
#1053=LINE('',#10289,#1589);
#1054=LINE('',#10312,#1590);
#1055=LINE('',#10335,#1591);
#1056=LINE('',#10358,#1592);
#1057=LINE('',#10381,#1593);
#1058=LINE('',#10404,#1594);
#1059=LINE('',#10407,#1595);
#1060=LINE('',#10409,#1596);
#1061=LINE('',#10410,#1597);
#1062=LINE('',#10433,#1598);
#1063=LINE('',#10456,#1599);
#1064=LINE('',#10479,#1600);
#1065=LINE('',#10502,#1601);
#1066=LINE('',#10525,#1602);
#1067=LINE('',#10548,#1603);
#1068=LINE('',#10571,#1604);
#1069=LINE('',#10594,#1605);
#1070=LINE('',#10617,#1606);
#1071=LINE('',#10640,#1607);
#1072=LINE('',#10663,#1608);
#1073=LINE('',#10686,#1609);
#1074=LINE('',#10709,#1610);
#1075=LINE('',#10732,#1611);
#1076=LINE('',#10755,#1612);
#1077=LINE('',#10778,#1613);
#1078=LINE('',#10801,#1614);
#1079=LINE('',#10804,#1615);
#1080=LINE('',#10806,#1616);
#1081=LINE('',#10807,#1617);
#1082=LINE('',#10830,#1618);
#1083=LINE('',#10853,#1619);
#1084=LINE('',#10876,#1620);
#1085=LINE('',#10917,#1621);
#1086=LINE('',#10924,#1622);
#1087=LINE('',#10947,#1623);
#1088=LINE('',#10950,#1624);
#1089=LINE('',#10952,#1625);
#1090=LINE('',#10953,#1626);
#1091=LINE('',#10976,#1627);
#1092=LINE('',#10999,#1628);
#1093=LINE('',#11022,#1629);
#1094=LINE('',#11045,#1630);
#1095=LINE('',#11068,#1631);
#1096=LINE('',#11091,#1632);
#1097=LINE('',#11114,#1633);
#1098=LINE('',#11137,#1634);
#1099=LINE('',#11160,#1635);
#1100=LINE('',#11183,#1636);
#1101=LINE('',#11206,#1637);
#1102=LINE('',#11229,#1638);
#1103=LINE('',#11252,#1639);
#1104=LINE('',#11255,#1640);
#1105=LINE('',#11257,#1641);
#1106=LINE('',#11258,#1642);
#1107=LINE('',#11281,#1643);
#1108=LINE('',#11304,#1644);
#1109=LINE('',#11327,#1645);
#1110=LINE('',#11350,#1646);
#1111=LINE('',#11373,#1647);
#1112=LINE('',#11396,#1648);
#1113=LINE('',#11419,#1649);
#1114=LINE('',#11442,#1650);
#1115=LINE('',#11465,#1651);
#1116=LINE('',#11488,#1652);
#1117=LINE('',#11511,#1653);
#1118=LINE('',#11537,#1654);
#1119=LINE('',#11539,#1655);
#1120=LINE('',#11541,#1656);
#1121=LINE('',#11542,#1657);
#1122=LINE('',#11565,#1658);
#1123=LINE('',#11588,#1659);
#1124=LINE('',#11611,#1660);
#1125=LINE('',#11634,#1661);
#1126=LINE('',#11657,#1662);
#1127=LINE('',#11680,#1663);
#1128=LINE('',#11703,#1664);
#1129=LINE('',#11726,#1665);
#1130=LINE('',#11749,#1666);
#1131=LINE('',#11772,#1667);
#1132=LINE('',#11795,#1668);
#1133=LINE('',#11818,#1669);
#1134=LINE('',#11841,#1670);
#1135=LINE('',#11864,#1671);
#1136=LINE('',#11867,#1672);
#1137=LINE('',#11869,#1673);
#1138=LINE('',#11870,#1674);
#1139=LINE('',#11893,#1675);
#1140=LINE('',#11916,#1676);
#1141=LINE('',#11919,#1677);
#1142=LINE('',#11921,#1678);
#1143=LINE('',#11922,#1679);
#1144=LINE('',#11925,#1680);
#1145=LINE('',#11927,#1681);
#1146=LINE('',#11928,#1682);
#1147=LINE('',#11931,#1683);
#1148=LINE('',#11933,#1684);
#1149=LINE('',#11934,#1685);
#1150=LINE('',#11957,#1686);
#1151=LINE('',#11980,#1687);
#1152=LINE('',#12003,#1688);
#1153=LINE('',#12026,#1689);
#1154=LINE('',#12049,#1690);
#1155=LINE('',#12072,#1691);
#1156=LINE('',#12095,#1692);
#1157=LINE('',#12118,#1693);
#1158=LINE('',#12141,#1694);
#1159=LINE('',#12164,#1695);
#1160=LINE('',#12187,#1696);
#1161=LINE('',#12210,#1697);
#1162=LINE('',#12233,#1698);
#1163=LINE('',#12236,#1699);
#1164=LINE('',#12238,#1700);
#1165=LINE('',#12239,#1701);
#1166=LINE('',#12262,#1702);
#1167=LINE('',#12285,#1703);
#1168=LINE('',#12288,#1704);
#1169=LINE('',#12290,#1705);
#1170=LINE('',#12291,#1706);
#1171=LINE('',#12293,#1707);
#1172=LINE('',#12294,#1708);
#1173=LINE('',#12300,#1709);
#1174=LINE('',#12302,#1710);
#1175=LINE('',#12304,#1711);
#1176=LINE('',#12305,#1712);
#1177=LINE('',#12308,#1713);
#1178=LINE('',#12310,#1714);
#1179=LINE('',#12311,#1715);
#1180=LINE('',#12314,#1716);
#1181=LINE('',#12316,#1717);
#1182=LINE('',#12317,#1718);
#1183=LINE('',#12320,#1719);
#1184=LINE('',#12322,#1720);
#1185=LINE('',#12323,#1721);
#1186=LINE('',#12326,#1722);
#1187=LINE('',#12328,#1723);
#1188=LINE('',#12329,#1724);
#1189=LINE('',#12332,#1725);
#1190=LINE('',#12334,#1726);
#1191=LINE('',#12335,#1727);
#1192=LINE('',#12338,#1728);
#1193=LINE('',#12340,#1729);
#1194=LINE('',#12341,#1730);
#1195=LINE('',#12344,#1731);
#1196=LINE('',#12346,#1732);
#1197=LINE('',#12347,#1733);
#1198=LINE('',#12349,#1734);
#1199=LINE('',#12350,#1735);
#1200=LINE('',#12371,#1736);
#1201=LINE('',#12378,#1737);
#1202=LINE('',#12401,#1738);
#1203=LINE('',#12424,#1739);
#1204=LINE('',#12447,#1740);
#1205=LINE('',#12470,#1741);
#1206=LINE('',#12493,#1742);
#1207=LINE('',#12516,#1743);
#1208=LINE('',#12539,#1744);
#1209=LINE('',#12562,#1745);
#1210=LINE('',#12585,#1746);
#1211=LINE('',#12608,#1747);
#1212=LINE('',#12631,#1748);
#1213=LINE('',#12654,#1749);
#1214=LINE('',#12677,#1750);
#1215=LINE('',#12700,#1751);
#1216=LINE('',#12739,#1752);
#1217=LINE('',#12746,#1753);
#1218=LINE('',#12769,#1754);
#1219=LINE('',#12792,#1755);
#1220=LINE('',#12815,#1756);
#1221=LINE('',#12838,#1757);
#1222=LINE('',#12861,#1758);
#1223=LINE('',#12884,#1759);
#1224=LINE('',#12907,#1760);
#1225=LINE('',#12930,#1761);
#1226=LINE('',#12953,#1762);
#1227=LINE('',#12976,#1763);
#1228=LINE('',#12999,#1764);
#1229=LINE('',#13022,#1765);
#1230=LINE('',#13045,#1766);
#1231=LINE('',#13068,#1767);
#1232=LINE('',#13094,#1768);
#1233=LINE('',#13096,#1769);
#1234=LINE('',#13098,#1770);
#1235=LINE('',#13099,#1771);
#1236=LINE('',#13122,#1772);
#1237=LINE('',#13145,#1773);
#1238=LINE('',#13168,#1774);
#1239=LINE('',#13191,#1775);
#1240=LINE('',#13214,#1776);
#1241=LINE('',#13237,#1777);
#1242=LINE('',#13260,#1778);
#1243=LINE('',#13283,#1779);
#1244=LINE('',#13306,#1780);
#1245=LINE('',#13329,#1781);
#1246=LINE('',#13352,#1782);
#1247=LINE('',#13375,#1783);
#1248=LINE('',#13398,#1784);
#1249=LINE('',#13421,#1785);
#1250=LINE('',#13424,#1786);
#1251=LINE('',#13426,#1787);
#1252=LINE('',#13427,#1788);
#1253=LINE('',#13450,#1789);
#1254=LINE('',#13473,#1790);
#1255=LINE('',#13476,#1791);
#1256=LINE('',#13478,#1792);
#1257=LINE('',#13479,#1793);
#1258=LINE('',#13482,#1794);
#1259=LINE('',#13484,#1795);
#1260=LINE('',#13485,#1796);
#1261=LINE('',#13488,#1797);
#1262=LINE('',#13490,#1798);
#1263=LINE('',#13491,#1799);
#1264=LINE('',#13514,#1800);
#1265=LINE('',#13537,#1801);
#1266=LINE('',#13560,#1802);
#1267=LINE('',#13583,#1803);
#1268=LINE('',#13606,#1804);
#1269=LINE('',#13629,#1805);
#1270=LINE('',#13652,#1806);
#1271=LINE('',#13675,#1807);
#1272=LINE('',#13698,#1808);
#1273=LINE('',#13721,#1809);
#1274=LINE('',#13744,#1810);
#1275=LINE('',#13767,#1811);
#1276=LINE('',#13790,#1812);
#1277=LINE('',#13793,#1813);
#1278=LINE('',#13795,#1814);
#1279=LINE('',#13796,#1815);
#1280=LINE('',#13819,#1816);
#1281=LINE('',#13842,#1817);
#1282=LINE('',#13845,#1818);
#1283=LINE('',#13847,#1819);
#1284=LINE('',#13848,#1820);
#1285=LINE('',#13850,#1821);
#1286=LINE('',#13851,#1822);
#1287=VECTOR('',#7047,10.);
#1288=VECTOR('',#7048,10.);
#1289=VECTOR('',#7049,10.);
#1290=VECTOR('',#7052,10.);
#1291=VECTOR('',#7053,10.);
#1292=VECTOR('',#7054,10.);
#1293=VECTOR('',#7057,10.);
#1294=VECTOR('',#7058,10.);
#1295=VECTOR('',#7061,10.);
#1296=VECTOR('',#7066,2.3);
#1297=VECTOR('',#7071,10.);
#1298=VECTOR('',#7072,10.);
#1299=VECTOR('',#7073,10.);
#1300=VECTOR('',#7074,10.);
#1301=VECTOR('',#7079,2.15);
#1302=VECTOR('',#7082,2.3);
#1303=VECTOR('',#7087,2.15);
#1304=VECTOR('',#7092,10.);
#1305=VECTOR('',#7095,10.);
#1306=VECTOR('',#7098,10.);
#1307=VECTOR('',#7099,10.);
#1308=VECTOR('',#7100,10.);
#1309=VECTOR('',#7103,10.);
#1310=VECTOR('',#7106,10.);
#1311=VECTOR('',#7109,10.);
#1312=VECTOR('',#7112,10.);
#1313=VECTOR('',#7113,10.);
#1314=VECTOR('',#7114,10.);
#1315=VECTOR('',#7115,10.);
#1316=VECTOR('',#7120,10.);
#1317=VECTOR('',#7121,10.);
#1318=VECTOR('',#7124,10.);
#1319=VECTOR('',#7125,10.);
#1320=VECTOR('',#7130,10.);
#1321=VECTOR('',#7135,10.);
#1322=VECTOR('',#7138,10.);
#1323=VECTOR('',#7139,10.);
#1324=VECTOR('',#7140,10.);
#1325=VECTOR('',#7141,10.);
#1326=VECTOR('',#7142,10.);
#1327=VECTOR('',#7143,10.);
#1328=VECTOR('',#7146,10.);
#1329=VECTOR('',#7147,10.);
#1330=VECTOR('',#7150,10.);
#1331=VECTOR('',#7151,10.);
#1332=VECTOR('',#7158,10.);
#1333=VECTOR('',#7159,10.);
#1334=VECTOR('',#7160,10.);
#1335=VECTOR('',#7163,10.);
#1336=VECTOR('',#7164,10.);
#1337=VECTOR('',#7167,10.);
#1338=VECTOR('',#7168,10.);
#1339=VECTOR('',#7171,10.);
#1340=VECTOR('',#7182,10.);
#1341=VECTOR('',#7185,10.);
#1342=VECTOR('',#7188,10.);
#1343=VECTOR('',#7189,10.);
#1344=VECTOR('',#7190,10.);
#1345=VECTOR('',#7193,10.);
#1346=VECTOR('',#7196,10.);
#1347=VECTOR('',#7199,10.);
#1348=VECTOR('',#7202,10.);
#1349=VECTOR('',#7203,10.);
#1350=VECTOR('',#7204,10.);
#1351=VECTOR('',#7205,10.);
#1352=VECTOR('',#7210,10.);
#1353=VECTOR('',#7211,10.);
#1354=VECTOR('',#7214,10.);
#1355=VECTOR('',#7215,10.);
#1356=VECTOR('',#7220,10.);
#1357=VECTOR('',#7223,10.);
#1358=VECTOR('',#7224,10.);
#1359=VECTOR('',#7225,10.);
#1360=VECTOR('',#7226,10.);
#1361=VECTOR('',#7227,10.);
#1362=VECTOR('',#7230,10.);
#1363=VECTOR('',#7233,10.);
#1364=VECTOR('',#7238,10.);
#1365=VECTOR('',#7239,10.);
#1366=VECTOR('',#7240,10.);
#1367=VECTOR('',#7243,10.);
#1368=VECTOR('',#7244,10.);
#1369=VECTOR('',#7247,10.);
#1370=VECTOR('',#7248,10.);
#1371=VECTOR('',#7251,10.);
#1372=VECTOR('',#7254,10.);
#1373=VECTOR('',#7255,10.);
#1374=VECTOR('',#7256,10.);
#1375=VECTOR('',#7259,10.);
#1376=VECTOR('',#7260,10.);
#1377=VECTOR('',#7263,10.);
#1378=VECTOR('',#7264,10.);
#1379=VECTOR('',#7267,10.);
#1380=VECTOR('',#7272,10.);
#1381=VECTOR('',#7273,10.);
#1382=VECTOR('',#7274,10.);
#1383=VECTOR('',#7277,10.);
#1384=VECTOR('',#7278,10.);
#1385=VECTOR('',#7281,10.);
#1386=VECTOR('',#7282,10.);
#1387=VECTOR('',#7285,10.);
#1388=VECTOR('',#7290,10.);
#1389=VECTOR('',#7291,10.);
#1390=VECTOR('',#7292,10.);
#1391=VECTOR('',#7293,10.);
#1392=VECTOR('',#7296,10.);
#1393=VECTOR('',#7297,10.);
#1394=VECTOR('',#7298,10.);
#1395=VECTOR('',#7299,10.);
#1396=VECTOR('',#7300,10.);
#1397=VECTOR('',#7301,10.);
#1398=VECTOR('',#7302,10.);
#1399=VECTOR('',#7303,10.);
#1400=VECTOR('',#7304,10.);
#1401=VECTOR('',#7305,10.);
#1402=VECTOR('',#7306,10.);
#1403=VECTOR('',#7307,10.);
#1404=VECTOR('',#7308,10.);
#1405=VECTOR('',#7309,10.);
#1406=VECTOR('',#7312,10.);
#1407=VECTOR('',#7313,10.);
#1408=VECTOR('',#7314,10.);
#1409=VECTOR('',#7315,10.);
#1410=VECTOR('',#7316,10.);
#1411=VECTOR('',#7317,10.);
#1412=VECTOR('',#7318,10.);
#1413=VECTOR('',#7319,10.);
#1414=VECTOR('',#7320,10.);
#1415=VECTOR('',#7321,10.);
#1416=VECTOR('',#7322,10.);
#1417=VECTOR('',#7323,10.);
#1418=VECTOR('',#7324,10.);
#1419=VECTOR('',#7325,10.);
#1420=VECTOR('',#7328,10.);
#1421=VECTOR('',#7329,10.);
#1422=VECTOR('',#7336,10.);
#1423=VECTOR('',#7337,10.);
#1424=VECTOR('',#7338,10.);
#1425=VECTOR('',#7339,10.);
#1426=VECTOR('',#7340,10.);
#1427=VECTOR('',#7341,10.);
#1428=VECTOR('',#7342,10.);
#1429=VECTOR('',#7343,10.);
#1430=VECTOR('',#7346,10.);
#1431=VECTOR('',#7347,10.);
#1432=VECTOR('',#7348,10.);
#1433=VECTOR('',#7351,10.);
#1434=VECTOR('',#7352,10.);
#1435=VECTOR('',#7353,10.);
#1436=VECTOR('',#7356,10.);
#1437=VECTOR('',#7357,10.);
#1438=VECTOR('',#7358,10.);
#1439=VECTOR('',#7361,10.);
#1440=VECTOR('',#7362,10.);
#1441=VECTOR('',#7363,10.);
#1442=VECTOR('',#7366,10.);
#1443=VECTOR('',#7367,10.);
#1444=VECTOR('',#7368,10.);
#1445=VECTOR('',#7369,10.);
#1446=VECTOR('',#7370,10.);
#1447=VECTOR('',#7371,10.);
#1448=VECTOR('',#7372,10.);
#1449=VECTOR('',#7375,10.);
#1450=VECTOR('',#7376,10.);
#1451=VECTOR('',#7377,10.);
#1452=VECTOR('',#7380,10.);
#1453=VECTOR('',#7381,10.);
#1454=VECTOR('',#7382,10.);
#1455=VECTOR('',#7385,10.);
#1456=VECTOR('',#7386,10.);
#1457=VECTOR('',#7387,10.);
#1458=VECTOR('',#7390,10.);
#1459=VECTOR('',#7391,10.);
#1460=VECTOR('',#7398,10.);
#1461=VECTOR('',#7399,10.);
#1462=VECTOR('',#7400,10.);
#1463=VECTOR('',#7401,10.);
#1464=VECTOR('',#7404,10.);
#1465=VECTOR('',#7405,10.);
#1466=VECTOR('',#7406,10.);
#1467=VECTOR('',#7409,10.);
#1468=VECTOR('',#7410,10.);
#1469=VECTOR('',#7411,10.);
#1470=VECTOR('',#7414,10.);
#1471=VECTOR('',#7415,10.);
#1472=VECTOR('',#7416,10.);
#1473=VECTOR('',#7419,10.);
#1474=VECTOR('',#7420,10.);
#1475=VECTOR('',#7421,10.);
#1476=VECTOR('',#7424,10.);
#1477=VECTOR('',#7425,10.);
#1478=VECTOR('',#7432,10.);
#1479=VECTOR('',#7433,10.);
#1480=VECTOR('',#7434,10.);
#1481=VECTOR('',#7435,10.);
#1482=VECTOR('',#7438,10.);
#1483=VECTOR('',#7439,10.);
#1484=VECTOR('',#7440,10.);
#1485=VECTOR('',#7441,10.);
#1486=VECTOR('',#7442,10.);
#1487=VECTOR('',#7443,10.);
#1488=VECTOR('',#7446,10.);
#1489=VECTOR('',#7447,10.);
#1490=VECTOR('',#7448,10.);
#1491=VECTOR('',#7451,10.);
#1492=VECTOR('',#7452,10.);
#1493=VECTOR('',#7453,10.);
#1494=VECTOR('',#7456,10.);
#1495=VECTOR('',#7457,10.);
#1496=VECTOR('',#7458,10.);
#1497=VECTOR('',#7461,10.);
#1498=VECTOR('',#7462,10.);
#1499=VECTOR('',#7467,10.);
#1500=VECTOR('',#7468,10.);
#1501=VECTOR('',#7469,10.);
#1502=VECTOR('',#7470,10.);
#1503=VECTOR('',#7471,10.);
#1504=VECTOR('',#7472,10.);
#1505=VECTOR('',#7473,10.);
#1506=VECTOR('',#7474,10.);
#1507=VECTOR('',#7475,10.);
#1508=VECTOR('',#7476,10.);
#1509=VECTOR('',#7477,10.);
#1510=VECTOR('',#7478,10.);
#1511=VECTOR('',#7479,10.);
#1512=VECTOR('',#7480,10.);
#1513=VECTOR('',#7481,10.);
#1514=VECTOR('',#7482,10.);
#1515=VECTOR('',#7483,10.);
#1516=VECTOR('',#7484,10.);
#1517=VECTOR('',#7485,10.);
#1518=VECTOR('',#7486,10.);
#1519=VECTOR('',#7487,10.);
#1520=VECTOR('',#7488,10.);
#1521=VECTOR('',#7489,10.);
#1522=VECTOR('',#7490,10.);
#1523=VECTOR('',#7491,10.);
#1524=VECTOR('',#7492,10.);
#1525=VECTOR('',#7493,10.);
#1526=VECTOR('',#7494,10.);
#1527=VECTOR('',#7495,10.);
#1528=VECTOR('',#7496,10.);
#1529=VECTOR('',#7497,10.);
#1530=VECTOR('',#7498,10.);
#1531=VECTOR('',#7505,10.);
#1532=VECTOR('',#7506,10.);
#1533=VECTOR('',#7507,10.);
#1534=VECTOR('',#7508,10.);
#1535=VECTOR('',#7511,10.);
#1536=VECTOR('',#7512,10.);
#1537=VECTOR('',#7513,10.);
#1538=VECTOR('',#7516,10.);
#1539=VECTOR('',#7517,10.);
#1540=VECTOR('',#7518,10.);
#1541=VECTOR('',#7521,10.);
#1542=VECTOR('',#7522,10.);
#1543=VECTOR('',#7529,10.);
#1544=VECTOR('',#7530,10.);
#1545=VECTOR('',#7531,10.);
#1546=VECTOR('',#7532,10.);
#1547=VECTOR('',#7533,10.);
#1548=VECTOR('',#7534,10.);
#1549=VECTOR('',#7535,10.);
#1550=VECTOR('',#7536,10.);
#1551=VECTOR('',#7539,10.);
#1552=VECTOR('',#7540,10.);
#1553=VECTOR('',#7541,10.);
#1554=VECTOR('',#7544,10.);
#1555=VECTOR('',#7545,10.);
#1556=VECTOR('',#7546,10.);
#1557=VECTOR('',#7549,10.);
#1558=VECTOR('',#7550,10.);
#1559=VECTOR('',#7551,10.);
#1560=VECTOR('',#7554,10.);
#1561=VECTOR('',#7555,10.);
#1562=VECTOR('',#7556,10.);
#1563=VECTOR('',#7559,10.);
#1564=VECTOR('',#7560,10.);
#1565=VECTOR('',#7561,10.);
#1566=VECTOR('',#7562,10.);
#1567=VECTOR('',#7563,10.);
#1568=VECTOR('',#7564,10.);
#1569=VECTOR('',#7565,10.);
#1570=VECTOR('',#7568,10.);
#1571=VECTOR('',#7569,10.);
#1572=VECTOR('',#7570,10.);
#1573=VECTOR('',#7573,10.);
#1574=VECTOR('',#7574,10.);
#1575=VECTOR('',#7575,10.);
#1576=VECTOR('',#7578,10.);
#1577=VECTOR('',#7579,10.);
#1578=VECTOR('',#7580,10.);
#1579=VECTOR('',#7583,10.);
#1580=VECTOR('',#7584,10.);
#1581=VECTOR('',#7589,10.);
#1582=VECTOR('',#7590,10.);
#1583=VECTOR('',#7591,10.);
#1584=VECTOR('',#7592,10.);
#1585=VECTOR('',#7593,10.);
#1586=VECTOR('',#7594,10.);
#1587=VECTOR('',#7595,10.);
#1588=VECTOR('',#7596,10.);
#1589=VECTOR('',#7597,10.);
#1590=VECTOR('',#7598,10.);
#1591=VECTOR('',#7599,10.);
#1592=VECTOR('',#7600,10.);
#1593=VECTOR('',#7601,10.);
#1594=VECTOR('',#7602,10.);
#1595=VECTOR('',#7605,10.);
#1596=VECTOR('',#7606,10.);
#1597=VECTOR('',#7607,10.);
#1598=VECTOR('',#7608,10.);
#1599=VECTOR('',#7609,10.);
#1600=VECTOR('',#7610,10.);
#1601=VECTOR('',#7611,10.);
#1602=VECTOR('',#7612,10.);
#1603=VECTOR('',#7613,10.);
#1604=VECTOR('',#7614,10.);
#1605=VECTOR('',#7615,10.);
#1606=VECTOR('',#7616,10.);
#1607=VECTOR('',#7617,10.);
#1608=VECTOR('',#7618,10.);
#1609=VECTOR('',#7619,10.);
#1610=VECTOR('',#7620,10.);
#1611=VECTOR('',#7621,10.);
#1612=VECTOR('',#7622,10.);
#1613=VECTOR('',#7623,10.);
#1614=VECTOR('',#7624,10.);
#1615=VECTOR('',#7627,10.);
#1616=VECTOR('',#7628,10.);
#1617=VECTOR('',#7629,10.);
#1618=VECTOR('',#7630,10.);
#1619=VECTOR('',#7631,10.);
#1620=VECTOR('',#7632,10.);
#1621=VECTOR('',#7637,10.);
#1622=VECTOR('',#7638,10.);
#1623=VECTOR('',#7639,10.);
#1624=VECTOR('',#7642,10.);
#1625=VECTOR('',#7643,10.);
#1626=VECTOR('',#7644,10.);
#1627=VECTOR('',#7645,10.);
#1628=VECTOR('',#7646,10.);
#1629=VECTOR('',#7647,10.);
#1630=VECTOR('',#7648,10.);
#1631=VECTOR('',#7649,10.);
#1632=VECTOR('',#7650,10.);
#1633=VECTOR('',#7651,10.);
#1634=VECTOR('',#7652,10.);
#1635=VECTOR('',#7653,10.);
#1636=VECTOR('',#7654,10.);
#1637=VECTOR('',#7655,10.);
#1638=VECTOR('',#7656,10.);
#1639=VECTOR('',#7657,10.);
#1640=VECTOR('',#7660,10.);
#1641=VECTOR('',#7661,10.);
#1642=VECTOR('',#7662,10.);
#1643=VECTOR('',#7663,10.);
#1644=VECTOR('',#7664,10.);
#1645=VECTOR('',#7665,10.);
#1646=VECTOR('',#7666,10.);
#1647=VECTOR('',#7667,10.);
#1648=VECTOR('',#7668,10.);
#1649=VECTOR('',#7669,10.);
#1650=VECTOR('',#7670,10.);
#1651=VECTOR('',#7671,10.);
#1652=VECTOR('',#7672,10.);
#1653=VECTOR('',#7673,10.);
#1654=VECTOR('',#7680,10.);
#1655=VECTOR('',#7681,10.);
#1656=VECTOR('',#7682,10.);
#1657=VECTOR('',#7683,10.);
#1658=VECTOR('',#7684,10.);
#1659=VECTOR('',#7685,10.);
#1660=VECTOR('',#7686,10.);
#1661=VECTOR('',#7687,10.);
#1662=VECTOR('',#7688,10.);
#1663=VECTOR('',#7689,10.);
#1664=VECTOR('',#7690,10.);
#1665=VECTOR('',#7691,10.);
#1666=VECTOR('',#7692,10.);
#1667=VECTOR('',#7693,10.);
#1668=VECTOR('',#7694,10.);
#1669=VECTOR('',#7695,10.);
#1670=VECTOR('',#7696,10.);
#1671=VECTOR('',#7697,10.);
#1672=VECTOR('',#7700,10.);
#1673=VECTOR('',#7701,10.);
#1674=VECTOR('',#7702,10.);
#1675=VECTOR('',#7703,10.);
#1676=VECTOR('',#7704,10.);
#1677=VECTOR('',#7707,10.);
#1678=VECTOR('',#7708,10.);
#1679=VECTOR('',#7709,10.);
#1680=VECTOR('',#7712,10.);
#1681=VECTOR('',#7713,10.);
#1682=VECTOR('',#7714,10.);
#1683=VECTOR('',#7717,10.);
#1684=VECTOR('',#7718,10.);
#1685=VECTOR('',#7719,10.);
#1686=VECTOR('',#7720,10.);
#1687=VECTOR('',#7721,10.);
#1688=VECTOR('',#7722,10.);
#1689=VECTOR('',#7723,10.);
#1690=VECTOR('',#7724,10.);
#1691=VECTOR('',#7725,10.);
#1692=VECTOR('',#7726,10.);
#1693=VECTOR('',#7727,10.);
#1694=VECTOR('',#7728,10.);
#1695=VECTOR('',#7729,10.);
#1696=VECTOR('',#7730,10.);
#1697=VECTOR('',#7731,10.);
#1698=VECTOR('',#7732,10.);
#1699=VECTOR('',#7735,10.);
#1700=VECTOR('',#7736,10.);
#1701=VECTOR('',#7737,10.);
#1702=VECTOR('',#7738,10.);
#1703=VECTOR('',#7739,10.);
#1704=VECTOR('',#7742,10.);
#1705=VECTOR('',#7743,10.);
#1706=VECTOR('',#7744,10.);
#1707=VECTOR('',#7747,10.);
#1708=VECTOR('',#7748,10.);
#1709=VECTOR('',#7755,10.);
#1710=VECTOR('',#7756,10.);
#1711=VECTOR('',#7757,10.);
#1712=VECTOR('',#7758,10.);
#1713=VECTOR('',#7761,10.);
#1714=VECTOR('',#7762,10.);
#1715=VECTOR('',#7763,10.);
#1716=VECTOR('',#7766,10.);
#1717=VECTOR('',#7767,10.);
#1718=VECTOR('',#7768,10.);
#1719=VECTOR('',#7771,10.);
#1720=VECTOR('',#7772,10.);
#1721=VECTOR('',#7773,10.);
#1722=VECTOR('',#7776,10.);
#1723=VECTOR('',#7777,10.);
#1724=VECTOR('',#7778,10.);
#1725=VECTOR('',#7781,10.);
#1726=VECTOR('',#7782,10.);
#1727=VECTOR('',#7783,10.);
#1728=VECTOR('',#7786,10.);
#1729=VECTOR('',#7787,10.);
#1730=VECTOR('',#7788,10.);
#1731=VECTOR('',#7791,10.);
#1732=VECTOR('',#7792,10.);
#1733=VECTOR('',#7793,10.);
#1734=VECTOR('',#7796,10.);
#1735=VECTOR('',#7797,10.);
#1736=VECTOR('',#7802,10.);
#1737=VECTOR('',#7803,10.);
#1738=VECTOR('',#7804,10.);
#1739=VECTOR('',#7805,10.);
#1740=VECTOR('',#7806,10.);
#1741=VECTOR('',#7807,10.);
#1742=VECTOR('',#7808,10.);
#1743=VECTOR('',#7809,10.);
#1744=VECTOR('',#7810,10.);
#1745=VECTOR('',#7811,10.);
#1746=VECTOR('',#7812,10.);
#1747=VECTOR('',#7813,10.);
#1748=VECTOR('',#7814,10.);
#1749=VECTOR('',#7815,10.);
#1750=VECTOR('',#7816,10.);
#1751=VECTOR('',#7817,10.);
#1752=VECTOR('',#7818,10.);
#1753=VECTOR('',#7819,10.);
#1754=VECTOR('',#7820,10.);
#1755=VECTOR('',#7821,10.);
#1756=VECTOR('',#7822,10.);
#1757=VECTOR('',#7823,10.);
#1758=VECTOR('',#7824,10.);
#1759=VECTOR('',#7825,10.);
#1760=VECTOR('',#7826,10.);
#1761=VECTOR('',#7827,10.);
#1762=VECTOR('',#7828,10.);
#1763=VECTOR('',#7829,10.);
#1764=VECTOR('',#7830,10.);
#1765=VECTOR('',#7831,10.);
#1766=VECTOR('',#7832,10.);
#1767=VECTOR('',#7833,10.);
#1768=VECTOR('',#7840,10.);
#1769=VECTOR('',#7841,10.);
#1770=VECTOR('',#7842,10.);
#1771=VECTOR('',#7843,10.);
#1772=VECTOR('',#7844,10.);
#1773=VECTOR('',#7845,10.);
#1774=VECTOR('',#7846,10.);
#1775=VECTOR('',#7847,10.);
#1776=VECTOR('',#7848,10.);
#1777=VECTOR('',#7849,10.);
#1778=VECTOR('',#7850,10.);
#1779=VECTOR('',#7851,10.);
#1780=VECTOR('',#7852,10.);
#1781=VECTOR('',#7853,10.);
#1782=VECTOR('',#7854,10.);
#1783=VECTOR('',#7855,10.);
#1784=VECTOR('',#7856,10.);
#1785=VECTOR('',#7857,10.);
#1786=VECTOR('',#7860,10.);
#1787=VECTOR('',#7861,10.);
#1788=VECTOR('',#7862,10.);
#1789=VECTOR('',#7863,10.);
#1790=VECTOR('',#7864,10.);
#1791=VECTOR('',#7867,10.);
#1792=VECTOR('',#7868,10.);
#1793=VECTOR('',#7869,10.);
#1794=VECTOR('',#7872,10.);
#1795=VECTOR('',#7873,10.);
#1796=VECTOR('',#7874,10.);
#1797=VECTOR('',#7877,10.);
#1798=VECTOR('',#7878,10.);
#1799=VECTOR('',#7879,10.);
#1800=VECTOR('',#7880,10.);
#1801=VECTOR('',#7881,10.);
#1802=VECTOR('',#7882,10.);
#1803=VECTOR('',#7883,10.);
#1804=VECTOR('',#7884,10.);
#1805=VECTOR('',#7885,10.);
#1806=VECTOR('',#7886,10.);
#1807=VECTOR('',#7887,10.);
#1808=VECTOR('',#7888,10.);
#1809=VECTOR('',#7889,10.);
#1810=VECTOR('',#7890,10.);
#1811=VECTOR('',#7891,10.);
#1812=VECTOR('',#7892,10.);
#1813=VECTOR('',#7895,10.);
#1814=VECTOR('',#7896,10.);
#1815=VECTOR('',#7897,10.);
#1816=VECTOR('',#7898,10.);
#1817=VECTOR('',#7899,10.);
#1818=VECTOR('',#7902,10.);
#1819=VECTOR('',#7903,10.);
#1820=VECTOR('',#7904,10.);
#1821=VECTOR('',#7907,10.);
#1822=VECTOR('',#7908,10.);
#1823=FACE_OUTER_BOUND('',#2199,.T.);
#1824=FACE_OUTER_BOUND('',#2200,.T.);
#1825=FACE_OUTER_BOUND('',#2201,.T.);
#1826=FACE_OUTER_BOUND('',#2202,.T.);
#1827=FACE_OUTER_BOUND('',#2203,.T.);
#1828=FACE_OUTER_BOUND('',#2204,.T.);
#1829=FACE_OUTER_BOUND('',#2205,.T.);
#1830=FACE_OUTER_BOUND('',#2206,.T.);
#1831=FACE_OUTER_BOUND('',#2209,.T.);
#1832=FACE_OUTER_BOUND('',#2210,.T.);
#1833=FACE_OUTER_BOUND('',#2211,.T.);
#1834=FACE_OUTER_BOUND('',#2212,.T.);
#1835=FACE_OUTER_BOUND('',#2213,.T.);
#1836=FACE_OUTER_BOUND('',#2214,.T.);
#1837=FACE_OUTER_BOUND('',#2216,.T.);
#1838=FACE_OUTER_BOUND('',#2217,.T.);
#1839=FACE_OUTER_BOUND('',#2218,.T.);
#1840=FACE_OUTER_BOUND('',#2219,.T.);
#1841=FACE_OUTER_BOUND('',#2220,.T.);
#1842=FACE_OUTER_BOUND('',#2222,.T.);
#1843=FACE_OUTER_BOUND('',#2223,.T.);
#1844=FACE_OUTER_BOUND('',#2224,.T.);
#1845=FACE_OUTER_BOUND('',#2225,.T.);
#1846=FACE_OUTER_BOUND('',#2226,.T.);
#1847=FACE_OUTER_BOUND('',#2227,.T.);
#1848=FACE_OUTER_BOUND('',#2228,.T.);
#1849=FACE_OUTER_BOUND('',#2229,.T.);
#1850=FACE_OUTER_BOUND('',#2230,.T.);
#1851=FACE_OUTER_BOUND('',#2231,.T.);
#1852=FACE_OUTER_BOUND('',#2232,.T.);
#1853=FACE_OUTER_BOUND('',#2234,.T.);
#1854=FACE_OUTER_BOUND('',#2235,.T.);
#1855=FACE_OUTER_BOUND('',#2236,.T.);
#1856=FACE_OUTER_BOUND('',#2238,.T.);
#1857=FACE_OUTER_BOUND('',#2239,.T.);
#1858=FACE_OUTER_BOUND('',#2240,.T.);
#1859=FACE_OUTER_BOUND('',#2242,.T.);
#1860=FACE_OUTER_BOUND('',#2243,.T.);
#1861=FACE_OUTER_BOUND('',#2244,.T.);
#1862=FACE_OUTER_BOUND('',#2245,.T.);
#1863=FACE_OUTER_BOUND('',#2246,.T.);
#1864=FACE_OUTER_BOUND('',#2247,.T.);
#1865=FACE_OUTER_BOUND('',#2248,.T.);
#1866=FACE_OUTER_BOUND('',#2249,.T.);
#1867=FACE_OUTER_BOUND('',#2250,.T.);
#1868=FACE_OUTER_BOUND('',#2251,.T.);
#1869=FACE_OUTER_BOUND('',#2252,.T.);
#1870=FACE_OUTER_BOUND('',#2253,.T.);
#1871=FACE_OUTER_BOUND('',#2254,.T.);
#1872=FACE_OUTER_BOUND('',#2255,.T.);
#1873=FACE_OUTER_BOUND('',#2256,.T.);
#1874=FACE_OUTER_BOUND('',#2257,.T.);
#1875=FACE_OUTER_BOUND('',#2258,.T.);
#1876=FACE_OUTER_BOUND('',#2260,.T.);
#1877=FACE_OUTER_BOUND('',#2261,.T.);
#1878=FACE_OUTER_BOUND('',#2262,.T.);
#1879=FACE_OUTER_BOUND('',#2263,.T.);
#1880=FACE_OUTER_BOUND('',#2264,.T.);
#1881=FACE_OUTER_BOUND('',#2265,.T.);
#1882=FACE_OUTER_BOUND('',#2266,.T.);
#1883=FACE_OUTER_BOUND('',#2267,.T.);
#1884=FACE_OUTER_BOUND('',#2268,.T.);
#1885=FACE_OUTER_BOUND('',#2269,.T.);
#1886=FACE_OUTER_BOUND('',#2270,.T.);
#1887=FACE_OUTER_BOUND('',#2271,.T.);
#1888=FACE_OUTER_BOUND('',#2272,.T.);
#1889=FACE_OUTER_BOUND('',#2273,.T.);
#1890=FACE_OUTER_BOUND('',#2274,.T.);
#1891=FACE_OUTER_BOUND('',#2275,.T.);
#1892=FACE_OUTER_BOUND('',#2276,.T.);
#1893=FACE_OUTER_BOUND('',#2277,.T.);
#1894=FACE_OUTER_BOUND('',#2278,.T.);
#1895=FACE_OUTER_BOUND('',#2279,.T.);
#1896=FACE_OUTER_BOUND('',#2280,.T.);
#1897=FACE_OUTER_BOUND('',#2281,.T.);
#1898=FACE_OUTER_BOUND('',#2282,.T.);
#1899=FACE_OUTER_BOUND('',#2283,.T.);
#1900=FACE_OUTER_BOUND('',#2284,.T.);
#1901=FACE_OUTER_BOUND('',#2285,.T.);
#1902=FACE_OUTER_BOUND('',#2286,.T.);
#1903=FACE_OUTER_BOUND('',#2287,.T.);
#1904=FACE_OUTER_BOUND('',#2288,.T.);
#1905=FACE_OUTER_BOUND('',#2289,.T.);
#1906=FACE_OUTER_BOUND('',#2290,.T.);
#1907=FACE_OUTER_BOUND('',#2291,.T.);
#1908=FACE_OUTER_BOUND('',#2292,.T.);
#1909=FACE_OUTER_BOUND('',#2293,.T.);
#1910=FACE_OUTER_BOUND('',#2294,.T.);
#1911=FACE_OUTER_BOUND('',#2295,.T.);
#1912=FACE_OUTER_BOUND('',#2296,.T.);
#1913=FACE_OUTER_BOUND('',#2297,.T.);
#1914=FACE_OUTER_BOUND('',#2298,.T.);
#1915=FACE_OUTER_BOUND('',#2299,.T.);
#1916=FACE_OUTER_BOUND('',#2300,.T.);
#1917=FACE_OUTER_BOUND('',#2301,.T.);
#1918=FACE_OUTER_BOUND('',#2302,.T.);
#1919=FACE_OUTER_BOUND('',#2303,.T.);
#1920=FACE_OUTER_BOUND('',#2304,.T.);
#1921=FACE_OUTER_BOUND('',#2305,.T.);
#1922=FACE_OUTER_BOUND('',#2306,.T.);
#1923=FACE_OUTER_BOUND('',#2307,.T.);
#1924=FACE_OUTER_BOUND('',#2308,.T.);
#1925=FACE_OUTER_BOUND('',#2309,.T.);
#1926=FACE_OUTER_BOUND('',#2310,.T.);
#1927=FACE_OUTER_BOUND('',#2311,.T.);
#1928=FACE_OUTER_BOUND('',#2312,.T.);
#1929=FACE_OUTER_BOUND('',#2313,.T.);
#1930=FACE_OUTER_BOUND('',#2314,.T.);
#1931=FACE_OUTER_BOUND('',#2315,.T.);
#1932=FACE_OUTER_BOUND('',#2316,.T.);
#1933=FACE_OUTER_BOUND('',#2317,.T.);
#1934=FACE_OUTER_BOUND('',#2318,.T.);
#1935=FACE_OUTER_BOUND('',#2319,.T.);
#1936=FACE_OUTER_BOUND('',#2320,.T.);
#1937=FACE_OUTER_BOUND('',#2321,.T.);
#1938=FACE_OUTER_BOUND('',#2322,.T.);
#1939=FACE_OUTER_BOUND('',#2323,.T.);
#1940=FACE_OUTER_BOUND('',#2324,.T.);
#1941=FACE_OUTER_BOUND('',#2325,.T.);
#1942=FACE_OUTER_BOUND('',#2326,.T.);
#1943=FACE_OUTER_BOUND('',#2327,.T.);
#1944=FACE_OUTER_BOUND('',#2328,.T.);
#1945=FACE_OUTER_BOUND('',#2329,.T.);
#1946=FACE_OUTER_BOUND('',#2330,.T.);
#1947=FACE_OUTER_BOUND('',#2331,.T.);
#1948=FACE_OUTER_BOUND('',#2332,.T.);
#1949=FACE_OUTER_BOUND('',#2333,.T.);
#1950=FACE_OUTER_BOUND('',#2334,.T.);
#1951=FACE_OUTER_BOUND('',#2335,.T.);
#1952=FACE_OUTER_BOUND('',#2336,.T.);
#1953=FACE_OUTER_BOUND('',#2337,.T.);
#1954=FACE_OUTER_BOUND('',#2338,.T.);
#1955=FACE_OUTER_BOUND('',#2339,.T.);
#1956=FACE_OUTER_BOUND('',#2340,.T.);
#1957=FACE_OUTER_BOUND('',#2341,.T.);
#1958=FACE_OUTER_BOUND('',#2342,.T.);
#1959=FACE_OUTER_BOUND('',#2343,.T.);
#1960=FACE_OUTER_BOUND('',#2344,.T.);
#1961=FACE_OUTER_BOUND('',#2345,.T.);
#1962=FACE_OUTER_BOUND('',#2346,.T.);
#1963=FACE_OUTER_BOUND('',#2347,.T.);
#1964=FACE_OUTER_BOUND('',#2348,.T.);
#1965=FACE_OUTER_BOUND('',#2349,.T.);
#1966=FACE_OUTER_BOUND('',#2350,.T.);
#1967=FACE_OUTER_BOUND('',#2351,.T.);
#1968=FACE_OUTER_BOUND('',#2352,.T.);
#1969=FACE_OUTER_BOUND('',#2353,.T.);
#1970=FACE_OUTER_BOUND('',#2354,.T.);
#1971=FACE_OUTER_BOUND('',#2355,.T.);
#1972=FACE_OUTER_BOUND('',#2356,.T.);
#1973=FACE_OUTER_BOUND('',#2357,.T.);
#1974=FACE_OUTER_BOUND('',#2358,.T.);
#1975=FACE_OUTER_BOUND('',#2359,.T.);
#1976=FACE_OUTER_BOUND('',#2361,.T.);
#1977=FACE_OUTER_BOUND('',#2363,.T.);
#1978=FACE_OUTER_BOUND('',#2364,.T.);
#1979=FACE_OUTER_BOUND('',#2365,.T.);
#1980=FACE_OUTER_BOUND('',#2366,.T.);
#1981=FACE_OUTER_BOUND('',#2367,.T.);
#1982=FACE_OUTER_BOUND('',#2368,.T.);
#1983=FACE_OUTER_BOUND('',#2369,.T.);
#1984=FACE_OUTER_BOUND('',#2370,.T.);
#1985=FACE_OUTER_BOUND('',#2371,.T.);
#1986=FACE_OUTER_BOUND('',#2372,.T.);
#1987=FACE_OUTER_BOUND('',#2373,.T.);
#1988=FACE_OUTER_BOUND('',#2374,.T.);
#1989=FACE_OUTER_BOUND('',#2375,.T.);
#1990=FACE_OUTER_BOUND('',#2376,.T.);
#1991=FACE_OUTER_BOUND('',#2377,.T.);
#1992=FACE_OUTER_BOUND('',#2378,.T.);
#1993=FACE_OUTER_BOUND('',#2379,.T.);
#1994=FACE_OUTER_BOUND('',#2380,.T.);
#1995=FACE_OUTER_BOUND('',#2381,.T.);
#1996=FACE_OUTER_BOUND('',#2382,.T.);
#1997=FACE_OUTER_BOUND('',#2383,.T.);
#1998=FACE_OUTER_BOUND('',#2384,.T.);
#1999=FACE_OUTER_BOUND('',#2385,.T.);
#2000=FACE_OUTER_BOUND('',#2386,.T.);
#2001=FACE_OUTER_BOUND('',#2387,.T.);
#2002=FACE_OUTER_BOUND('',#2388,.T.);
#2003=FACE_OUTER_BOUND('',#2389,.T.);
#2004=FACE_OUTER_BOUND('',#2390,.T.);
#2005=FACE_OUTER_BOUND('',#2391,.T.);
#2006=FACE_OUTER_BOUND('',#2392,.T.);
#2007=FACE_OUTER_BOUND('',#2393,.T.);
#2008=FACE_OUTER_BOUND('',#2394,.T.);
#2009=FACE_OUTER_BOUND('',#2395,.T.);
#2010=FACE_OUTER_BOUND('',#2396,.T.);
#2011=FACE_OUTER_BOUND('',#2397,.T.);
#2012=FACE_OUTER_BOUND('',#2398,.T.);
#2013=FACE_OUTER_BOUND('',#2399,.T.);
#2014=FACE_OUTER_BOUND('',#2400,.T.);
#2015=FACE_OUTER_BOUND('',#2401,.T.);
#2016=FACE_OUTER_BOUND('',#2402,.T.);
#2017=FACE_OUTER_BOUND('',#2403,.T.);
#2018=FACE_OUTER_BOUND('',#2404,.T.);
#2019=FACE_OUTER_BOUND('',#2405,.T.);
#2020=FACE_OUTER_BOUND('',#2406,.T.);
#2021=FACE_OUTER_BOUND('',#2407,.T.);
#2022=FACE_OUTER_BOUND('',#2408,.T.);
#2023=FACE_OUTER_BOUND('',#2409,.T.);
#2024=FACE_OUTER_BOUND('',#2410,.T.);
#2025=FACE_OUTER_BOUND('',#2411,.T.);
#2026=FACE_OUTER_BOUND('',#2412,.T.);
#2027=FACE_OUTER_BOUND('',#2413,.T.);
#2028=FACE_OUTER_BOUND('',#2414,.T.);
#2029=FACE_OUTER_BOUND('',#2415,.T.);
#2030=FACE_OUTER_BOUND('',#2416,.T.);
#2031=FACE_OUTER_BOUND('',#2417,.T.);
#2032=FACE_OUTER_BOUND('',#2418,.T.);
#2033=FACE_OUTER_BOUND('',#2419,.T.);
#2034=FACE_OUTER_BOUND('',#2420,.T.);
#2035=FACE_OUTER_BOUND('',#2421,.T.);
#2036=FACE_OUTER_BOUND('',#2422,.T.);
#2037=FACE_OUTER_BOUND('',#2423,.T.);
#2038=FACE_OUTER_BOUND('',#2424,.T.);
#2039=FACE_OUTER_BOUND('',#2425,.T.);
#2040=FACE_OUTER_BOUND('',#2426,.T.);
#2041=FACE_OUTER_BOUND('',#2427,.T.);
#2042=FACE_OUTER_BOUND('',#2428,.T.);
#2043=FACE_OUTER_BOUND('',#2429,.T.);
#2044=FACE_OUTER_BOUND('',#2430,.T.);
#2045=FACE_OUTER_BOUND('',#2431,.T.);
#2046=FACE_OUTER_BOUND('',#2432,.T.);
#2047=FACE_OUTER_BOUND('',#2433,.T.);
#2048=FACE_OUTER_BOUND('',#2434,.T.);
#2049=FACE_OUTER_BOUND('',#2435,.T.);
#2050=FACE_OUTER_BOUND('',#2436,.T.);
#2051=FACE_OUTER_BOUND('',#2437,.T.);
#2052=FACE_OUTER_BOUND('',#2438,.T.);
#2053=FACE_OUTER_BOUND('',#2439,.T.);
#2054=FACE_OUTER_BOUND('',#2440,.T.);
#2055=FACE_OUTER_BOUND('',#2441,.T.);
#2056=FACE_OUTER_BOUND('',#2442,.T.);
#2057=FACE_OUTER_BOUND('',#2443,.T.);
#2058=FACE_OUTER_BOUND('',#2444,.T.);
#2059=FACE_OUTER_BOUND('',#2445,.T.);
#2060=FACE_OUTER_BOUND('',#2446,.T.);
#2061=FACE_OUTER_BOUND('',#2447,.T.);
#2062=FACE_OUTER_BOUND('',#2448,.T.);
#2063=FACE_OUTER_BOUND('',#2449,.T.);
#2064=FACE_OUTER_BOUND('',#2450,.T.);
#2065=FACE_OUTER_BOUND('',#2451,.T.);
#2066=FACE_OUTER_BOUND('',#2452,.T.);
#2067=FACE_OUTER_BOUND('',#2453,.T.);
#2068=FACE_OUTER_BOUND('',#2454,.T.);
#2069=FACE_OUTER_BOUND('',#2455,.T.);
#2070=FACE_OUTER_BOUND('',#2456,.T.);
#2071=FACE_OUTER_BOUND('',#2457,.T.);
#2072=FACE_OUTER_BOUND('',#2458,.T.);
#2073=FACE_OUTER_BOUND('',#2459,.T.);
#2074=FACE_OUTER_BOUND('',#2460,.T.);
#2075=FACE_OUTER_BOUND('',#2461,.T.);
#2076=FACE_OUTER_BOUND('',#2462,.T.);
#2077=FACE_OUTER_BOUND('',#2463,.T.);
#2078=FACE_OUTER_BOUND('',#2464,.T.);
#2079=FACE_OUTER_BOUND('',#2465,.T.);
#2080=FACE_OUTER_BOUND('',#2466,.T.);
#2081=FACE_OUTER_BOUND('',#2467,.T.);
#2082=FACE_OUTER_BOUND('',#2468,.T.);
#2083=FACE_OUTER_BOUND('',#2469,.T.);
#2084=FACE_OUTER_BOUND('',#2470,.T.);
#2085=FACE_OUTER_BOUND('',#2471,.T.);
#2086=FACE_OUTER_BOUND('',#2472,.T.);
#2087=FACE_OUTER_BOUND('',#2473,.T.);
#2088=FACE_OUTER_BOUND('',#2474,.T.);
#2089=FACE_OUTER_BOUND('',#2475,.T.);
#2090=FACE_OUTER_BOUND('',#2476,.T.);
#2091=FACE_OUTER_BOUND('',#2477,.T.);
#2092=FACE_OUTER_BOUND('',#2478,.T.);
#2093=FACE_OUTER_BOUND('',#2479,.T.);
#2094=FACE_OUTER_BOUND('',#2480,.T.);
#2095=FACE_OUTER_BOUND('',#2481,.T.);
#2096=FACE_OUTER_BOUND('',#2482,.T.);
#2097=FACE_OUTER_BOUND('',#2483,.T.);
#2098=FACE_OUTER_BOUND('',#2484,.T.);
#2099=FACE_OUTER_BOUND('',#2485,.T.);
#2100=FACE_OUTER_BOUND('',#2486,.T.);
#2101=FACE_OUTER_BOUND('',#2487,.T.);
#2102=FACE_OUTER_BOUND('',#2488,.T.);
#2103=FACE_OUTER_BOUND('',#2489,.T.);
#2104=FACE_OUTER_BOUND('',#2490,.T.);
#2105=FACE_OUTER_BOUND('',#2491,.T.);
#2106=FACE_OUTER_BOUND('',#2492,.T.);
#2107=FACE_OUTER_BOUND('',#2493,.T.);
#2108=FACE_OUTER_BOUND('',#2494,.T.);
#2109=FACE_OUTER_BOUND('',#2495,.T.);
#2110=FACE_OUTER_BOUND('',#2496,.T.);
#2111=FACE_OUTER_BOUND('',#2497,.T.);
#2112=FACE_OUTER_BOUND('',#2498,.T.);
#2113=FACE_OUTER_BOUND('',#2499,.T.);
#2114=FACE_OUTER_BOUND('',#2500,.T.);
#2115=FACE_OUTER_BOUND('',#2501,.T.);
#2116=FACE_OUTER_BOUND('',#2502,.T.);
#2117=FACE_OUTER_BOUND('',#2503,.T.);
#2118=FACE_OUTER_BOUND('',#2504,.T.);
#2119=FACE_OUTER_BOUND('',#2505,.T.);
#2120=FACE_OUTER_BOUND('',#2506,.T.);
#2121=FACE_OUTER_BOUND('',#2507,.T.);
#2122=FACE_OUTER_BOUND('',#2508,.T.);
#2123=FACE_OUTER_BOUND('',#2509,.T.);
#2124=FACE_OUTER_BOUND('',#2510,.T.);
#2125=FACE_OUTER_BOUND('',#2511,.T.);
#2126=FACE_OUTER_BOUND('',#2512,.T.);
#2127=FACE_OUTER_BOUND('',#2513,.T.);
#2128=FACE_OUTER_BOUND('',#2514,.T.);
#2129=FACE_OUTER_BOUND('',#2515,.T.);
#2130=FACE_OUTER_BOUND('',#2516,.T.);
#2131=FACE_OUTER_BOUND('',#2517,.T.);
#2132=FACE_OUTER_BOUND('',#2518,.T.);
#2133=FACE_OUTER_BOUND('',#2519,.T.);
#2134=FACE_OUTER_BOUND('',#2520,.T.);
#2135=FACE_OUTER_BOUND('',#2521,.T.);
#2136=FACE_OUTER_BOUND('',#2522,.T.);
#2137=FACE_OUTER_BOUND('',#2523,.T.);
#2138=FACE_OUTER_BOUND('',#2524,.T.);
#2139=FACE_OUTER_BOUND('',#2525,.T.);
#2140=FACE_OUTER_BOUND('',#2526,.T.);
#2141=FACE_OUTER_BOUND('',#2527,.T.);
#2142=FACE_OUTER_BOUND('',#2528,.T.);
#2143=FACE_OUTER_BOUND('',#2529,.T.);
#2144=FACE_OUTER_BOUND('',#2530,.T.);
#2145=FACE_OUTER_BOUND('',#2531,.T.);
#2146=FACE_OUTER_BOUND('',#2532,.T.);
#2147=FACE_OUTER_BOUND('',#2533,.T.);
#2148=FACE_OUTER_BOUND('',#2534,.T.);
#2149=FACE_OUTER_BOUND('',#2535,.T.);
#2150=FACE_OUTER_BOUND('',#2536,.T.);
#2151=FACE_OUTER_BOUND('',#2537,.T.);
#2152=FACE_OUTER_BOUND('',#2538,.T.);
#2153=FACE_OUTER_BOUND('',#2539,.T.);
#2154=FACE_OUTER_BOUND('',#2540,.T.);
#2155=FACE_OUTER_BOUND('',#2541,.T.);
#2156=FACE_OUTER_BOUND('',#2542,.T.);
#2157=FACE_OUTER_BOUND('',#2544,.T.);
#2158=FACE_OUTER_BOUND('',#2546,.T.);
#2159=FACE_OUTER_BOUND('',#2547,.T.);
#2160=FACE_OUTER_BOUND('',#2548,.T.);
#2161=FACE_OUTER_BOUND('',#2549,.T.);
#2162=FACE_OUTER_BOUND('',#2550,.T.);
#2163=FACE_OUTER_BOUND('',#2551,.T.);
#2164=FACE_OUTER_BOUND('',#2552,.T.);
#2165=FACE_OUTER_BOUND('',#2553,.T.);
#2166=FACE_OUTER_BOUND('',#2554,.T.);
#2167=FACE_OUTER_BOUND('',#2555,.T.);
#2168=FACE_OUTER_BOUND('',#2556,.T.);
#2169=FACE_OUTER_BOUND('',#2557,.T.);
#2170=FACE_OUTER_BOUND('',#2558,.T.);
#2171=FACE_OUTER_BOUND('',#2559,.T.);
#2172=FACE_OUTER_BOUND('',#2560,.T.);
#2173=FACE_OUTER_BOUND('',#2561,.T.);
#2174=FACE_OUTER_BOUND('',#2562,.T.);
#2175=FACE_OUTER_BOUND('',#2563,.T.);
#2176=FACE_OUTER_BOUND('',#2564,.T.);
#2177=FACE_OUTER_BOUND('',#2565,.T.);
#2178=FACE_OUTER_BOUND('',#2566,.T.);
#2179=FACE_OUTER_BOUND('',#2567,.T.);
#2180=FACE_OUTER_BOUND('',#2568,.T.);
#2181=FACE_OUTER_BOUND('',#2569,.T.);
#2182=FACE_OUTER_BOUND('',#2570,.T.);
#2183=FACE_OUTER_BOUND('',#2571,.T.);
#2184=FACE_OUTER_BOUND('',#2572,.T.);
#2185=FACE_OUTER_BOUND('',#2573,.T.);
#2186=FACE_OUTER_BOUND('',#2574,.T.);
#2187=FACE_OUTER_BOUND('',#2575,.T.);
#2188=FACE_OUTER_BOUND('',#2576,.T.);
#2189=FACE_OUTER_BOUND('',#2577,.T.);
#2190=FACE_OUTER_BOUND('',#2578,.T.);
#2191=FACE_OUTER_BOUND('',#2579,.T.);
#2192=FACE_OUTER_BOUND('',#2580,.T.);
#2193=FACE_OUTER_BOUND('',#2581,.T.);
#2194=FACE_OUTER_BOUND('',#2582,.T.);
#2195=FACE_OUTER_BOUND('',#2583,.T.);
#2196=FACE_OUTER_BOUND('',#2584,.T.);
#2197=FACE_OUTER_BOUND('',#2585,.T.);
#2198=FACE_OUTER_BOUND('',#2586,.T.);
#2199=EDGE_LOOP('',(#4297));
#2200=EDGE_LOOP('',(#4298));
#2201=EDGE_LOOP('',(#4299,#4300,#4301));
#2202=EDGE_LOOP('',(#4302,#4303,#4304,#4305));
#2203=EDGE_LOOP('',(#4306,#4307,#4308));
#2204=EDGE_LOOP('',(#4309,#4310,#4311,#4312));
#2205=EDGE_LOOP('',(#4313,#4314,#4315,#4316));
#2206=EDGE_LOOP('',(#4317,#4318,#4319,#4320));
#2207=EDGE_LOOP('',(#4321));
#2208=EDGE_LOOP('',(#4322));
#2209=EDGE_LOOP('',(#4323,#4324,#4325,#4326));
#2210=EDGE_LOOP('',(#4327,#4328,#4329,#4330));
#2211=EDGE_LOOP('',(#4331,#4332,#4333,#4334));
#2212=EDGE_LOOP('',(#4335,#4336,#4337,#4338));
#2213=EDGE_LOOP('',(#4339,#4340,#4341,#4342));
#2214=EDGE_LOOP('',(#4343,#4344,#4345,#4346,#4347,#4348,#4349,#4350));
#2215=EDGE_LOOP('',(#4351,#4352,#4353,#4354));
#2216=EDGE_LOOP('',(#4355,#4356,#4357,#4358));
#2217=EDGE_LOOP('',(#4359,#4360,#4361,#4362));
#2218=EDGE_LOOP('',(#4363,#4364,#4365,#4366));
#2219=EDGE_LOOP('',(#4367,#4368,#4369,#4370));
#2220=EDGE_LOOP('',(#4371,#4372,#4373,#4374,#4375,#4376,#4377,#4378));
#2221=EDGE_LOOP('',(#4379,#4380,#4381,#4382));
#2222=EDGE_LOOP('',(#4383,#4384,#4385,#4386));
#2223=EDGE_LOOP('',(#4387,#4388,#4389,#4390));
#2224=EDGE_LOOP('',(#4391,#4392,#4393,#4394));
#2225=EDGE_LOOP('',(#4395,#4396,#4397,#4398));
#2226=EDGE_LOOP('',(#4399,#4400,#4401,#4402));
#2227=EDGE_LOOP('',(#4403,#4404,#4405,#4406));
#2228=EDGE_LOOP('',(#4407,#4408,#4409,#4410));
#2229=EDGE_LOOP('',(#4411,#4412,#4413,#4414));
#2230=EDGE_LOOP('',(#4415,#4416,#4417,#4418));
#2231=EDGE_LOOP('',(#4419,#4420,#4421,#4422));
#2232=EDGE_LOOP('',(#4423,#4424,#4425,#4426));
#2233=EDGE_LOOP('',(#4427,#4428,#4429,#4430));
#2234=EDGE_LOOP('',(#4431,#4432,#4433,#4434));
#2235=EDGE_LOOP('',(#4435,#4436,#4437,#4438));
#2236=EDGE_LOOP('',(#4439,#4440,#4441,#4442,#4443,#4444,#4445,#4446));
#2237=EDGE_LOOP('',(#4447,#4448,#4449,#4450));
#2238=EDGE_LOOP('',(#4451,#4452,#4453,#4454));
#2239=EDGE_LOOP('',(#4455,#4456,#4457,#4458));
#2240=EDGE_LOOP('',(#4459,#4460,#4461,#4462,#4463,#4464,#4465,#4466));
#2241=EDGE_LOOP('',(#4467,#4468,#4469,#4470));
#2242=EDGE_LOOP('',(#4471,#4472,#4473,#4474));
#2243=EDGE_LOOP('',(#4475,#4476,#4477,#4478));
#2244=EDGE_LOOP('',(#4479,#4480,#4481,#4482));
#2245=EDGE_LOOP('',(#4483,#4484,#4485,#4486));
#2246=EDGE_LOOP('',(#4487,#4488,#4489,#4490));
#2247=EDGE_LOOP('',(#4491,#4492,#4493,#4494));
#2248=EDGE_LOOP('',(#4495,#4496,#4497,#4498));
#2249=EDGE_LOOP('',(#4499,#4500,#4501,#4502));
#2250=EDGE_LOOP('',(#4503,#4504,#4505,#4506));
#2251=EDGE_LOOP('',(#4507,#4508,#4509,#4510));
#2252=EDGE_LOOP('',(#4511,#4512,#4513,#4514));
#2253=EDGE_LOOP('',(#4515,#4516,#4517,#4518));
#2254=EDGE_LOOP('',(#4519,#4520,#4521,#4522));
#2255=EDGE_LOOP('',(#4523,#4524,#4525,#4526));
#2256=EDGE_LOOP('',(#4527,#4528,#4529,#4530));
#2257=EDGE_LOOP('',(#4531,#4532,#4533,#4534));
#2258=EDGE_LOOP('',(#4535,#4536,#4537,#4538));
#2259=EDGE_LOOP('',(#4539,#4540,#4541,#4542));
#2260=EDGE_LOOP('',(#4543,#4544,#4545,#4546));
#2261=EDGE_LOOP('',(#4547,#4548,#4549,#4550));
#2262=EDGE_LOOP('',(#4551,#4552,#4553,#4554));
#2263=EDGE_LOOP('',(#4555,#4556,#4557,#4558));
#2264=EDGE_LOOP('',(#4559,#4560,#4561,#4562));
#2265=EDGE_LOOP('',(#4563,#4564,#4565,#4566));
#2266=EDGE_LOOP('',(#4567,#4568,#4569,#4570));
#2267=EDGE_LOOP('',(#4571,#4572,#4573,#4574));
#2268=EDGE_LOOP('',(#4575,#4576,#4577,#4578));
#2269=EDGE_LOOP('',(#4579,#4580,#4581,#4582));
#2270=EDGE_LOOP('',(#4583,#4584,#4585,#4586));
#2271=EDGE_LOOP('',(#4587,#4588,#4589,#4590));
#2272=EDGE_LOOP('',(#4591,#4592,#4593,#4594));
#2273=EDGE_LOOP('',(#4595,#4596,#4597,#4598));
#2274=EDGE_LOOP('',(#4599,#4600,#4601,#4602));
#2275=EDGE_LOOP('',(#4603,#4604,#4605,#4606));
#2276=EDGE_LOOP('',(#4607,#4608,#4609,#4610));
#2277=EDGE_LOOP('',(#4611,#4612,#4613,#4614));
#2278=EDGE_LOOP('',(#4615,#4616,#4617,#4618));
#2279=EDGE_LOOP('',(#4619,#4620,#4621,#4622));
#2280=EDGE_LOOP('',(#4623,#4624,#4625,#4626));
#2281=EDGE_LOOP('',(#4627,#4628,#4629,#4630));
#2282=EDGE_LOOP('',(#4631,#4632,#4633,#4634));
#2283=EDGE_LOOP('',(#4635,#4636,#4637,#4638));
#2284=EDGE_LOOP('',(#4639,#4640,#4641,#4642));
#2285=EDGE_LOOP('',(#4643,#4644,#4645,#4646));
#2286=EDGE_LOOP('',(#4647,#4648,#4649,#4650,#4651,#4652,#4653,#4654,#4655,
#4656,#4657,#4658,#4659,#4660,#4661,#4662,#4663,#4664,#4665,#4666,#4667,
#4668,#4669,#4670,#4671,#4672));
#2287=EDGE_LOOP('',(#4673,#4674,#4675,#4676,#4677,#4678,#4679,#4680,#4681,
#4682,#4683,#4684,#4685,#4686,#4687,#4688,#4689,#4690,#4691,#4692,#4693,
#4694,#4695,#4696,#4697,#4698));
#2288=EDGE_LOOP('',(#4699,#4700,#4701,#4702));
#2289=EDGE_LOOP('',(#4703,#4704,#4705,#4706));
#2290=EDGE_LOOP('',(#4707,#4708,#4709,#4710));
#2291=EDGE_LOOP('',(#4711,#4712,#4713,#4714));
#2292=EDGE_LOOP('',(#4715,#4716,#4717,#4718));
#2293=EDGE_LOOP('',(#4719,#4720,#4721,#4722));
#2294=EDGE_LOOP('',(#4723,#4724,#4725,#4726));
#2295=EDGE_LOOP('',(#4727,#4728,#4729,#4730));
#2296=EDGE_LOOP('',(#4731,#4732,#4733,#4734));
#2297=EDGE_LOOP('',(#4735,#4736,#4737,#4738));
#2298=EDGE_LOOP('',(#4739,#4740,#4741,#4742));
#2299=EDGE_LOOP('',(#4743,#4744,#4745,#4746));
#2300=EDGE_LOOP('',(#4747,#4748,#4749,#4750));
#2301=EDGE_LOOP('',(#4751,#4752,#4753,#4754));
#2302=EDGE_LOOP('',(#4755,#4756,#4757,#4758));
#2303=EDGE_LOOP('',(#4759,#4760,#4761,#4762));
#2304=EDGE_LOOP('',(#4763,#4764,#4765,#4766));
#2305=EDGE_LOOP('',(#4767,#4768,#4769,#4770));
#2306=EDGE_LOOP('',(#4771,#4772,#4773,#4774,#4775,#4776,#4777,#4778,#4779,
#4780,#4781,#4782,#4783,#4784,#4785,#4786,#4787,#4788));
#2307=EDGE_LOOP('',(#4789,#4790,#4791,#4792,#4793,#4794,#4795,#4796,#4797,
#4798,#4799,#4800,#4801,#4802,#4803,#4804,#4805,#4806));
#2308=EDGE_LOOP('',(#4807,#4808,#4809,#4810));
#2309=EDGE_LOOP('',(#4811,#4812,#4813,#4814));
#2310=EDGE_LOOP('',(#4815,#4816,#4817,#4818));
#2311=EDGE_LOOP('',(#4819,#4820,#4821,#4822));
#2312=EDGE_LOOP('',(#4823,#4824,#4825,#4826));
#2313=EDGE_LOOP('',(#4827,#4828,#4829,#4830));
#2314=EDGE_LOOP('',(#4831,#4832,#4833,#4834,#4835,#4836));
#2315=EDGE_LOOP('',(#4837,#4838,#4839,#4840,#4841,#4842));
#2316=EDGE_LOOP('',(#4843,#4844,#4845,#4846));
#2317=EDGE_LOOP('',(#4847,#4848,#4849,#4850));
#2318=EDGE_LOOP('',(#4851,#4852,#4853,#4854));
#2319=EDGE_LOOP('',(#4855,#4856,#4857,#4858));
#2320=EDGE_LOOP('',(#4859,#4860,#4861,#4862));
#2321=EDGE_LOOP('',(#4863,#4864,#4865,#4866));
#2322=EDGE_LOOP('',(#4867,#4868,#4869,#4870));
#2323=EDGE_LOOP('',(#4871,#4872,#4873,#4874));
#2324=EDGE_LOOP('',(#4875,#4876,#4877,#4878));
#2325=EDGE_LOOP('',(#4879,#4880,#4881,#4882,#4883,#4884,#4885,#4886,#4887));
#2326=EDGE_LOOP('',(#4888,#4889,#4890,#4891,#4892,#4893,#4894,#4895,#4896));
#2327=EDGE_LOOP('',(#4897,#4898,#4899,#4900));
#2328=EDGE_LOOP('',(#4901,#4902,#4903,#4904));
#2329=EDGE_LOOP('',(#4905,#4906,#4907,#4908));
#2330=EDGE_LOOP('',(#4909,#4910,#4911,#4912));
#2331=EDGE_LOOP('',(#4913,#4914,#4915,#4916));
#2332=EDGE_LOOP('',(#4917,#4918,#4919,#4920));
#2333=EDGE_LOOP('',(#4921,#4922,#4923,#4924));
#2334=EDGE_LOOP('',(#4925,#4926,#4927,#4928));
#2335=EDGE_LOOP('',(#4929,#4930,#4931,#4932));
#2336=EDGE_LOOP('',(#4933,#4934,#4935,#4936));
#2337=EDGE_LOOP('',(#4937,#4938,#4939,#4940));
#2338=EDGE_LOOP('',(#4941,#4942,#4943,#4944));
#2339=EDGE_LOOP('',(#4945,#4946,#4947,#4948));
#2340=EDGE_LOOP('',(#4949,#4950,#4951,#4952));
#2341=EDGE_LOOP('',(#4953,#4954,#4955,#4956));
#2342=EDGE_LOOP('',(#4957,#4958,#4959,#4960));
#2343=EDGE_LOOP('',(#4961,#4962,#4963,#4964));
#2344=EDGE_LOOP('',(#4965,#4966,#4967,#4968));
#2345=EDGE_LOOP('',(#4969,#4970,#4971,#4972));
#2346=EDGE_LOOP('',(#4973,#4974,#4975,#4976));
#2347=EDGE_LOOP('',(#4977,#4978,#4979,#4980));
#2348=EDGE_LOOP('',(#4981,#4982,#4983,#4984));
#2349=EDGE_LOOP('',(#4985,#4986,#4987,#4988));
#2350=EDGE_LOOP('',(#4989,#4990,#4991,#4992));
#2351=EDGE_LOOP('',(#4993,#4994,#4995,#4996));
#2352=EDGE_LOOP('',(#4997,#4998,#4999,#5000));
#2353=EDGE_LOOP('',(#5001,#5002,#5003,#5004));
#2354=EDGE_LOOP('',(#5005,#5006,#5007,#5008));
#2355=EDGE_LOOP('',(#5009,#5010,#5011,#5012));
#2356=EDGE_LOOP('',(#5013,#5014,#5015,#5016));
#2357=EDGE_LOOP('',(#5017,#5018,#5019,#5020));
#2358=EDGE_LOOP('',(#5021,#5022,#5023,#5024));
#2359=EDGE_LOOP('',(#5025,#5026,#5027,#5028,#5029,#5030,#5031,#5032,#5033,
#5034,#5035,#5036,#5037,#5038,#5039,#5040));
#2360=EDGE_LOOP('',(#5041,#5042,#5043,#5044,#5045,#5046,#5047,#5048,#5049,
#5050,#5051,#5052,#5053,#5054,#5055,#5056));
#2361=EDGE_LOOP('',(#5057,#5058,#5059,#5060,#5061,#5062,#5063,#5064,#5065,
#5066,#5067,#5068,#5069,#5070,#5071,#5072));
#2362=EDGE_LOOP('',(#5073,#5074,#5075,#5076,#5077,#5078,#5079,#5080,#5081,
#5082,#5083,#5084,#5085,#5086,#5087,#5088));
#2363=EDGE_LOOP('',(#5089,#5090,#5091,#5092));
#2364=EDGE_LOOP('',(#5093,#5094,#5095,#5096));
#2365=EDGE_LOOP('',(#5097,#5098,#5099,#5100));
#2366=EDGE_LOOP('',(#5101,#5102,#5103,#5104));
#2367=EDGE_LOOP('',(#5105,#5106,#5107,#5108));
#2368=EDGE_LOOP('',(#5109,#5110,#5111,#5112));
#2369=EDGE_LOOP('',(#5113,#5114,#5115,#5116));
#2370=EDGE_LOOP('',(#5117,#5118,#5119,#5120));
#2371=EDGE_LOOP('',(#5121,#5122,#5123,#5124));
#2372=EDGE_LOOP('',(#5125,#5126,#5127,#5128));
#2373=EDGE_LOOP('',(#5129,#5130,#5131,#5132));
#2374=EDGE_LOOP('',(#5133,#5134,#5135,#5136));
#2375=EDGE_LOOP('',(#5137,#5138,#5139,#5140));
#2376=EDGE_LOOP('',(#5141,#5142,#5143,#5144));
#2377=EDGE_LOOP('',(#5145,#5146,#5147,#5148));
#2378=EDGE_LOOP('',(#5149,#5150,#5151,#5152));
#2379=EDGE_LOOP('',(#5153,#5154,#5155,#5156));
#2380=EDGE_LOOP('',(#5157,#5158,#5159,#5160));
#2381=EDGE_LOOP('',(#5161,#5162,#5163,#5164));
#2382=EDGE_LOOP('',(#5165,#5166,#5167,#5168));
#2383=EDGE_LOOP('',(#5169,#5170,#5171,#5172));
#2384=EDGE_LOOP('',(#5173,#5174,#5175,#5176));
#2385=EDGE_LOOP('',(#5177,#5178,#5179,#5180));
#2386=EDGE_LOOP('',(#5181,#5182,#5183,#5184));
#2387=EDGE_LOOP('',(#5185,#5186,#5187,#5188,#5189,#5190,#5191,#5192,#5193,
#5194,#5195,#5196,#5197,#5198,#5199,#5200,#5201,#5202));
#2388=EDGE_LOOP('',(#5203,#5204,#5205,#5206,#5207,#5208,#5209,#5210,#5211,
#5212,#5213,#5214,#5215,#5216,#5217,#5218,#5219,#5220));
#2389=EDGE_LOOP('',(#5221,#5222,#5223,#5224));
#2390=EDGE_LOOP('',(#5225,#5226,#5227,#5228));
#2391=EDGE_LOOP('',(#5229,#5230,#5231,#5232));
#2392=EDGE_LOOP('',(#5233,#5234,#5235,#5236));
#2393=EDGE_LOOP('',(#5237,#5238,#5239,#5240));
#2394=EDGE_LOOP('',(#5241,#5242,#5243,#5244));
#2395=EDGE_LOOP('',(#5245,#5246,#5247,#5248));
#2396=EDGE_LOOP('',(#5249,#5250,#5251,#5252));
#2397=EDGE_LOOP('',(#5253,#5254,#5255,#5256));
#2398=EDGE_LOOP('',(#5257,#5258,#5259,#5260));
#2399=EDGE_LOOP('',(#5261,#5262,#5263,#5264));
#2400=EDGE_LOOP('',(#5265,#5266,#5267,#5268));
#2401=EDGE_LOOP('',(#5269,#5270,#5271,#5272));
#2402=EDGE_LOOP('',(#5273,#5274,#5275,#5276));
#2403=EDGE_LOOP('',(#5277,#5278,#5279,#5280));
#2404=EDGE_LOOP('',(#5281,#5282,#5283,#5284));
#2405=EDGE_LOOP('',(#5285,#5286,#5287,#5288));
#2406=EDGE_LOOP('',(#5289,#5290,#5291,#5292));
#2407=EDGE_LOOP('',(#5293,#5294,#5295,#5296));
#2408=EDGE_LOOP('',(#5297,#5298,#5299,#5300));
#2409=EDGE_LOOP('',(#5301,#5302,#5303,#5304));
#2410=EDGE_LOOP('',(#5305,#5306,#5307,#5308));
#2411=EDGE_LOOP('',(#5309,#5310,#5311,#5312));
#2412=EDGE_LOOP('',(#5313,#5314,#5315,#5316));
#2413=EDGE_LOOP('',(#5317,#5318,#5319,#5320));
#2414=EDGE_LOOP('',(#5321,#5322,#5323,#5324));
#2415=EDGE_LOOP('',(#5325,#5326,#5327,#5328));
#2416=EDGE_LOOP('',(#5329,#5330,#5331,#5332));
#2417=EDGE_LOOP('',(#5333,#5334,#5335,#5336));
#2418=EDGE_LOOP('',(#5337,#5338,#5339,#5340));
#2419=EDGE_LOOP('',(#5341,#5342,#5343,#5344));
#2420=EDGE_LOOP('',(#5345,#5346,#5347,#5348));
#2421=EDGE_LOOP('',(#5349,#5350,#5351,#5352));
#2422=EDGE_LOOP('',(#5353,#5354,#5355,#5356));
#2423=EDGE_LOOP('',(#5357,#5358,#5359,#5360));
#2424=EDGE_LOOP('',(#5361,#5362,#5363,#5364));
#2425=EDGE_LOOP('',(#5365,#5366,#5367,#5368,#5369,#5370,#5371,#5372,#5373,
#5374,#5375,#5376,#5377,#5378,#5379,#5380,#5381,#5382,#5383,#5384,#5385,
#5386,#5387,#5388,#5389,#5390,#5391,#5392,#5393,#5394,#5395,#5396,#5397,
#5398,#5399,#5400));
#2426=EDGE_LOOP('',(#5401,#5402,#5403,#5404,#5405,#5406,#5407,#5408,#5409,
#5410,#5411,#5412,#5413,#5414,#5415,#5416,#5417,#5418,#5419,#5420,#5421,
#5422,#5423,#5424,#5425,#5426,#5427,#5428,#5429,#5430,#5431,#5432,#5433,
#5434,#5435,#5436));
#2427=EDGE_LOOP('',(#5437,#5438,#5439,#5440));
#2428=EDGE_LOOP('',(#5441,#5442,#5443,#5444));
#2429=EDGE_LOOP('',(#5445,#5446,#5447,#5448));
#2430=EDGE_LOOP('',(#5449,#5450,#5451,#5452));
#2431=EDGE_LOOP('',(#5453,#5454,#5455,#5456));
#2432=EDGE_LOOP('',(#5457,#5458,#5459,#5460));
#2433=EDGE_LOOP('',(#5461,#5462,#5463,#5464));
#2434=EDGE_LOOP('',(#5465,#5466,#5467,#5468));
#2435=EDGE_LOOP('',(#5469,#5470,#5471,#5472));
#2436=EDGE_LOOP('',(#5473,#5474,#5475,#5476));
#2437=EDGE_LOOP('',(#5477,#5478,#5479,#5480));
#2438=EDGE_LOOP('',(#5481,#5482,#5483,#5484));
#2439=EDGE_LOOP('',(#5485,#5486,#5487,#5488));
#2440=EDGE_LOOP('',(#5489,#5490,#5491,#5492));
#2441=EDGE_LOOP('',(#5493,#5494,#5495,#5496));
#2442=EDGE_LOOP('',(#5497,#5498,#5499,#5500));
#2443=EDGE_LOOP('',(#5501,#5502,#5503,#5504));
#2444=EDGE_LOOP('',(#5505,#5506,#5507,#5508));
#2445=EDGE_LOOP('',(#5509,#5510,#5511,#5512));
#2446=EDGE_LOOP('',(#5513,#5514,#5515,#5516));
#2447=EDGE_LOOP('',(#5517,#5518,#5519,#5520));
#2448=EDGE_LOOP('',(#5521,#5522,#5523,#5524));
#2449=EDGE_LOOP('',(#5525,#5526,#5527,#5528));
#2450=EDGE_LOOP('',(#5529,#5530,#5531,#5532));
#2451=EDGE_LOOP('',(#5533,#5534,#5535,#5536));
#2452=EDGE_LOOP('',(#5537,#5538,#5539,#5540));
#2453=EDGE_LOOP('',(#5541,#5542,#5543,#5544));
#2454=EDGE_LOOP('',(#5545,#5546,#5547,#5548));
#2455=EDGE_LOOP('',(#5549,#5550,#5551,#5552));
#2456=EDGE_LOOP('',(#5553,#5554,#5555,#5556,#5557,#5558,#5559,#5560,#5561,
#5562,#5563,#5564,#5565,#5566,#5567,#5568,#5569,#5570,#5571,#5572,#5573,
#5574,#5575,#5576,#5577,#5578,#5579,#5580,#5581));
#2457=EDGE_LOOP('',(#5582,#5583,#5584,#5585,#5586,#5587,#5588,#5589,#5590,
#5591,#5592,#5593,#5594,#5595,#5596,#5597,#5598,#5599,#5600,#5601,#5602,
#5603,#5604,#5605,#5606,#5607,#5608,#5609,#5610));
#2458=EDGE_LOOP('',(#5611,#5612,#5613,#5614));
#2459=EDGE_LOOP('',(#5615,#5616,#5617,#5618));
#2460=EDGE_LOOP('',(#5619,#5620,#5621,#5622));
#2461=EDGE_LOOP('',(#5623,#5624,#5625,#5626));
#2462=EDGE_LOOP('',(#5627,#5628,#5629,#5630));
#2463=EDGE_LOOP('',(#5631,#5632,#5633,#5634));
#2464=EDGE_LOOP('',(#5635,#5636,#5637,#5638));
#2465=EDGE_LOOP('',(#5639,#5640,#5641,#5642));
#2466=EDGE_LOOP('',(#5643,#5644,#5645,#5646));
#2467=EDGE_LOOP('',(#5647,#5648,#5649,#5650));
#2468=EDGE_LOOP('',(#5651,#5652,#5653,#5654));
#2469=EDGE_LOOP('',(#5655,#5656,#5657,#5658));
#2470=EDGE_LOOP('',(#5659,#5660,#5661,#5662));
#2471=EDGE_LOOP('',(#5663,#5664,#5665,#5666));
#2472=EDGE_LOOP('',(#5667,#5668,#5669,#5670));
#2473=EDGE_LOOP('',(#5671,#5672,#5673,#5674));
#2474=EDGE_LOOP('',(#5675,#5676,#5677,#5678));
#2475=EDGE_LOOP('',(#5679,#5680,#5681,#5682));
#2476=EDGE_LOOP('',(#5683,#5684,#5685,#5686));
#2477=EDGE_LOOP('',(#5687,#5688,#5689,#5690));
#2478=EDGE_LOOP('',(#5691,#5692,#5693,#5694));
#2479=EDGE_LOOP('',(#5695,#5696,#5697,#5698));
#2480=EDGE_LOOP('',(#5699,#5700,#5701,#5702));
#2481=EDGE_LOOP('',(#5703,#5704,#5705,#5706));
#2482=EDGE_LOOP('',(#5707,#5708,#5709,#5710));
#2483=EDGE_LOOP('',(#5711,#5712,#5713,#5714));
#2484=EDGE_LOOP('',(#5715,#5716,#5717,#5718));
#2485=EDGE_LOOP('',(#5719,#5720,#5721,#5722));
#2486=EDGE_LOOP('',(#5723,#5724,#5725,#5726));
#2487=EDGE_LOOP('',(#5727,#5728,#5729,#5730));
#2488=EDGE_LOOP('',(#5731,#5732,#5733,#5734));
#2489=EDGE_LOOP('',(#5735,#5736,#5737,#5738));
#2490=EDGE_LOOP('',(#5739,#5740,#5741,#5742));
#2491=EDGE_LOOP('',(#5743,#5744,#5745,#5746));
#2492=EDGE_LOOP('',(#5747,#5748,#5749,#5750));
#2493=EDGE_LOOP('',(#5751,#5752,#5753,#5754));
#2494=EDGE_LOOP('',(#5755,#5756,#5757,#5758));
#2495=EDGE_LOOP('',(#5759,#5760,#5761,#5762));
#2496=EDGE_LOOP('',(#5763,#5764,#5765,#5766));
#2497=EDGE_LOOP('',(#5767,#5768,#5769,#5770,#5771,#5772,#5773,#5774,#5775,
#5776,#5777,#5778,#5779,#5780,#5781,#5782,#5783,#5784,#5785,#5786,#5787,
#5788,#5789,#5790,#5791,#5792,#5793,#5794,#5795,#5796,#5797,#5798,#5799,
#5800,#5801,#5802,#5803,#5804,#5805));
#2498=EDGE_LOOP('',(#5806,#5807,#5808,#5809,#5810,#5811,#5812,#5813,#5814,
#5815,#5816,#5817,#5818,#5819,#5820,#5821,#5822,#5823,#5824,#5825,#5826,
#5827,#5828,#5829,#5830,#5831,#5832,#5833,#5834,#5835,#5836,#5837,#5838,
#5839,#5840,#5841,#5842,#5843,#5844));
#2499=EDGE_LOOP('',(#5845,#5846,#5847,#5848));
#2500=EDGE_LOOP('',(#5849,#5850,#5851,#5852));
#2501=EDGE_LOOP('',(#5853,#5854,#5855,#5856));
#2502=EDGE_LOOP('',(#5857,#5858,#5859,#5860));
#2503=EDGE_LOOP('',(#5861,#5862,#5863,#5864));
#2504=EDGE_LOOP('',(#5865,#5866,#5867,#5868));
#2505=EDGE_LOOP('',(#5869,#5870,#5871,#5872));
#2506=EDGE_LOOP('',(#5873,#5874,#5875,#5876));
#2507=EDGE_LOOP('',(#5877,#5878,#5879,#5880));
#2508=EDGE_LOOP('',(#5881,#5882,#5883,#5884,#5885,#5886,#5887,#5888,#5889));
#2509=EDGE_LOOP('',(#5890,#5891,#5892,#5893,#5894,#5895,#5896,#5897,#5898));
#2510=EDGE_LOOP('',(#5899,#5900,#5901,#5902));
#2511=EDGE_LOOP('',(#5903,#5904,#5905,#5906));
#2512=EDGE_LOOP('',(#5907,#5908,#5909,#5910));
#2513=EDGE_LOOP('',(#5911,#5912,#5913,#5914));
#2514=EDGE_LOOP('',(#5915,#5916,#5917,#5918));
#2515=EDGE_LOOP('',(#5919,#5920,#5921,#5922));
#2516=EDGE_LOOP('',(#5923,#5924,#5925,#5926));
#2517=EDGE_LOOP('',(#5927,#5928,#5929,#5930));
#2518=EDGE_LOOP('',(#5931,#5932,#5933,#5934));
#2519=EDGE_LOOP('',(#5935,#5936,#5937,#5938));
#2520=EDGE_LOOP('',(#5939,#5940,#5941,#5942));
#2521=EDGE_LOOP('',(#5943,#5944,#5945,#5946));
#2522=EDGE_LOOP('',(#5947,#5948,#5949,#5950));
#2523=EDGE_LOOP('',(#5951,#5952,#5953,#5954));
#2524=EDGE_LOOP('',(#5955,#5956,#5957,#5958));
#2525=EDGE_LOOP('',(#5959,#5960,#5961,#5962));
#2526=EDGE_LOOP('',(#5963,#5964,#5965,#5966));
#2527=EDGE_LOOP('',(#5967,#5968,#5969,#5970));
#2528=EDGE_LOOP('',(#5971,#5972,#5973,#5974));
#2529=EDGE_LOOP('',(#5975,#5976,#5977,#5978));
#2530=EDGE_LOOP('',(#5979,#5980,#5981,#5982));
#2531=EDGE_LOOP('',(#5983,#5984,#5985,#5986));
#2532=EDGE_LOOP('',(#5987,#5988,#5989,#5990));
#2533=EDGE_LOOP('',(#5991,#5992,#5993,#5994));
#2534=EDGE_LOOP('',(#5995,#5996,#5997,#5998));
#2535=EDGE_LOOP('',(#5999,#6000,#6001,#6002));
#2536=EDGE_LOOP('',(#6003,#6004,#6005,#6006));
#2537=EDGE_LOOP('',(#6007,#6008,#6009,#6010));
#2538=EDGE_LOOP('',(#6011,#6012,#6013,#6014));
#2539=EDGE_LOOP('',(#6015,#6016,#6017,#6018));
#2540=EDGE_LOOP('',(#6019,#6020,#6021,#6022));
#2541=EDGE_LOOP('',(#6023,#6024,#6025,#6026));
#2542=EDGE_LOOP('',(#6027,#6028,#6029,#6030,#6031,#6032,#6033,#6034,#6035,
#6036,#6037,#6038,#6039,#6040,#6041,#6042));
#2543=EDGE_LOOP('',(#6043,#6044,#6045,#6046,#6047,#6048,#6049,#6050,#6051,
#6052,#6053,#6054,#6055,#6056,#6057,#6058));
#2544=EDGE_LOOP('',(#6059,#6060,#6061,#6062,#6063,#6064,#6065,#6066,#6067,
#6068,#6069,#6070,#6071,#6072,#6073,#6074));
#2545=EDGE_LOOP('',(#6075,#6076,#6077,#6078,#6079,#6080,#6081,#6082,#6083,
#6084,#6085,#6086,#6087,#6088,#6089,#6090));
#2546=EDGE_LOOP('',(#6091,#6092,#6093,#6094));
#2547=EDGE_LOOP('',(#6095,#6096,#6097,#6098));
#2548=EDGE_LOOP('',(#6099,#6100,#6101,#6102));
#2549=EDGE_LOOP('',(#6103,#6104,#6105,#6106));
#2550=EDGE_LOOP('',(#6107,#6108,#6109,#6110));
#2551=EDGE_LOOP('',(#6111,#6112,#6113,#6114));
#2552=EDGE_LOOP('',(#6115,#6116,#6117,#6118));
#2553=EDGE_LOOP('',(#6119,#6120,#6121,#6122));
#2554=EDGE_LOOP('',(#6123,#6124,#6125,#6126));
#2555=EDGE_LOOP('',(#6127,#6128,#6129,#6130));
#2556=EDGE_LOOP('',(#6131,#6132,#6133,#6134));
#2557=EDGE_LOOP('',(#6135,#6136,#6137,#6138));
#2558=EDGE_LOOP('',(#6139,#6140,#6141,#6142));
#2559=EDGE_LOOP('',(#6143,#6144,#6145,#6146));
#2560=EDGE_LOOP('',(#6147,#6148,#6149,#6150));
#2561=EDGE_LOOP('',(#6151,#6152,#6153,#6154));
#2562=EDGE_LOOP('',(#6155,#6156,#6157,#6158));
#2563=EDGE_LOOP('',(#6159,#6160,#6161,#6162));
#2564=EDGE_LOOP('',(#6163,#6164,#6165,#6166));
#2565=EDGE_LOOP('',(#6167,#6168,#6169,#6170));
#2566=EDGE_LOOP('',(#6171,#6172,#6173,#6174));
#2567=EDGE_LOOP('',(#6175,#6176,#6177,#6178));
#2568=EDGE_LOOP('',(#6179,#6180,#6181,#6182));
#2569=EDGE_LOOP('',(#6183,#6184,#6185,#6186));
#2570=EDGE_LOOP('',(#6187,#6188,#6189,#6190));
#2571=EDGE_LOOP('',(#6191,#6192,#6193,#6194));
#2572=EDGE_LOOP('',(#6195,#6196,#6197,#6198));
#2573=EDGE_LOOP('',(#6199,#6200,#6201,#6202));
#2574=EDGE_LOOP('',(#6203,#6204,#6205,#6206));
#2575=EDGE_LOOP('',(#6207,#6208,#6209,#6210));
#2576=EDGE_LOOP('',(#6211,#6212,#6213,#6214));
#2577=EDGE_LOOP('',(#6215,#6216,#6217,#6218));
#2578=EDGE_LOOP('',(#6219,#6220,#6221,#6222));
#2579=EDGE_LOOP('',(#6223,#6224,#6225,#6226));
#2580=EDGE_LOOP('',(#6227,#6228,#6229,#6230));
#2581=EDGE_LOOP('',(#6231,#6232,#6233,#6234));
#2582=EDGE_LOOP('',(#6235,#6236,#6237,#6238));
#2583=EDGE_LOOP('',(#6239,#6240,#6241,#6242));
#2584=EDGE_LOOP('',(#6243,#6244,#6245,#6246));
#2585=EDGE_LOOP('',(#6247,#6248,#6249,#6250,#6251,#6252,#6253,#6254,#6255,
#6256,#6257,#6258,#6259,#6260,#6261,#6262,#6263,#6264,#6265,#6266,#6267,
#6268,#6269,#6270,#6271,#6272,#6273,#6274,#6275,#6276,#6277,#6278,#6279,
#6280,#6281,#6282,#6283,#6284,#6285));
#2586=EDGE_LOOP('',(#6286,#6287,#6288,#6289,#6290,#6291,#6292,#6293,#6294,
#6295,#6296,#6297,#6298,#6299,#6300,#6301,#6302,#6303,#6304,#6305,#6306,
#6307,#6308,#6309,#6310,#6311,#6312,#6313,#6314,#6315,#6316,#6317,#6318,
#6319,#6320,#6321,#6322,#6323,#6324));
#2587=CIRCLE('',#6866,2.15);
#2588=CIRCLE('',#6868,2.15);
#2589=CIRCLE('',#6874,2.45);
#2590=CIRCLE('',#6875,2.15);
#2591=CIRCLE('',#6877,2.45);
#2592=CIRCLE('',#6880,2.15);
#2593=CIRCLE('',#6883,1.2);
#2594=CIRCLE('',#6884,1.2);
#2595=CIRCLE('',#6887,1.2);
#2596=CIRCLE('',#6888,1.2);
#2597=CIRCLE('',#6889,1.2);
#2598=CIRCLE('',#6891,1.2);
#2599=CIRCLE('',#6894,1.2);
#2600=CIRCLE('',#6896,1.2);
#2601=CIRCLE('',#6910,1.2);
#2602=CIRCLE('',#6911,1.2);
#2603=CIRCLE('',#6914,1.2);
#2604=CIRCLE('',#6915,1.2);
#2605=CIRCLE('',#6916,1.2);
#2606=CIRCLE('',#6918,1.2);
#2607=CIRCLE('',#6921,1.2);
#2608=CIRCLE('',#6922,1.2);
#2609=VERTEX_POINT('',#7915);
#2610=VERTEX_POINT('',#7918);
#2611=VERTEX_POINT('',#7921);
#2612=VERTEX_POINT('',#7922);
#2613=VERTEX_POINT('',#7924);
#2614=VERTEX_POINT('',#7928);
#2615=VERTEX_POINT('',#7929);
#2616=VERTEX_POINT('',#7934);
#2617=VERTEX_POINT('',#7940);
#2618=VERTEX_POINT('',#7942);
#2619=VERTEX_POINT('',#7946);
#2620=VERTEX_POINT('',#7947);
#2621=VERTEX_POINT('',#7949);
#2622=VERTEX_POINT('',#7951);
#2623=VERTEX_POINT('',#7954);
#2624=VERTEX_POINT('',#7959);
#2625=VERTEX_POINT('',#7965);
#2626=VERTEX_POINT('',#7966);
#2627=VERTEX_POINT('',#7968);
#2628=VERTEX_POINT('',#7970);
#2629=VERTEX_POINT('',#7974);
#2630=VERTEX_POINT('',#7976);
#2631=VERTEX_POINT('',#7980);
#2632=VERTEX_POINT('',#7982);
#2633=VERTEX_POINT('',#7984);
#2634=VERTEX_POINT('',#7986);
#2635=VERTEX_POINT('',#7988);
#2636=VERTEX_POINT('',#7991);
#2637=VERTEX_POINT('',#7992);
#2638=VERTEX_POINT('',#7994);
#2639=VERTEX_POINT('',#7996);
#2640=VERTEX_POINT('',#8000);
#2641=VERTEX_POINT('',#8001);
#2642=VERTEX_POINT('',#8006);
#2643=VERTEX_POINT('',#8010);
#2644=VERTEX_POINT('',#8014);
#2645=VERTEX_POINT('',#8020);
#2646=VERTEX_POINT('',#8021);
#2647=VERTEX_POINT('',#8023);
#2648=VERTEX_POINT('',#8025);
#2649=VERTEX_POINT('',#8037);
#2650=VERTEX_POINT('',#8038);
#2651=VERTEX_POINT('',#8043);
#2652=VERTEX_POINT('',#8047);
#2653=VERTEX_POINT('',#8056);
#2654=VERTEX_POINT('',#8057);
#2655=VERTEX_POINT('',#8059);
#2656=VERTEX_POINT('',#8061);
#2657=VERTEX_POINT('',#8065);
#2658=VERTEX_POINT('',#8067);
#2659=VERTEX_POINT('',#8071);
#2660=VERTEX_POINT('',#8073);
#2661=VERTEX_POINT('',#8075);
#2662=VERTEX_POINT('',#8077);
#2663=VERTEX_POINT('',#8079);
#2664=VERTEX_POINT('',#8082);
#2665=VERTEX_POINT('',#8083);
#2666=VERTEX_POINT('',#8085);
#2667=VERTEX_POINT('',#8087);
#2668=VERTEX_POINT('',#8091);
#2669=VERTEX_POINT('',#8092);
#2670=VERTEX_POINT('',#8097);
#2671=VERTEX_POINT('',#8101);
#2672=VERTEX_POINT('',#8103);
#2673=VERTEX_POINT('',#8107);
#2674=VERTEX_POINT('',#8108);
#2675=VERTEX_POINT('',#8110);
#2676=VERTEX_POINT('',#8112);
#2677=VERTEX_POINT('',#8121);
#2678=VERTEX_POINT('',#8123);
#2679=VERTEX_POINT('',#8127);
#2680=VERTEX_POINT('',#8131);
#2681=VERTEX_POINT('',#8137);
#2682=VERTEX_POINT('',#8139);
#2683=VERTEX_POINT('',#8143);
#2684=VERTEX_POINT('',#8147);
#2685=VERTEX_POINT('',#8154);
#2686=VERTEX_POINT('',#8156);
#2687=VERTEX_POINT('',#8160);
#2688=VERTEX_POINT('',#8164);
#2689=VERTEX_POINT('',#8171);
#2690=VERTEX_POINT('',#8172);
#2691=VERTEX_POINT('',#8174);
#2692=VERTEX_POINT('',#8176);
#2693=VERTEX_POINT('',#8180);
#2694=VERTEX_POINT('',#8182);
#2695=VERTEX_POINT('',#8195);
#2696=VERTEX_POINT('',#8201);
#2697=VERTEX_POINT('',#8218);
#2698=VERTEX_POINT('',#8224);
#2699=VERTEX_POINT('',#8241);
#2700=VERTEX_POINT('',#8247);
#2701=VERTEX_POINT('',#8264);
#2702=VERTEX_POINT('',#8270);
#2703=VERTEX_POINT('',#8287);
#2704=VERTEX_POINT('',#8293);
#2705=VERTEX_POINT('',#8310);
#2706=VERTEX_POINT('',#8316);
#2707=VERTEX_POINT('',#8333);
#2708=VERTEX_POINT('',#8339);
#2709=VERTEX_POINT('',#8356);
#2710=VERTEX_POINT('',#8362);
#2711=VERTEX_POINT('',#8379);
#2712=VERTEX_POINT('',#8385);
#2713=VERTEX_POINT('',#8402);
#2714=VERTEX_POINT('',#8408);
#2715=VERTEX_POINT('',#8425);
#2716=VERTEX_POINT('',#8431);
#2717=VERTEX_POINT('',#8439);
#2718=VERTEX_POINT('',#8441);
#2719=VERTEX_POINT('',#8454);
#2720=VERTEX_POINT('',#8460);
#2721=VERTEX_POINT('',#8477);
#2722=VERTEX_POINT('',#8483);
#2723=VERTEX_POINT('',#8500);
#2724=VERTEX_POINT('',#8506);
#2725=VERTEX_POINT('',#8523);
#2726=VERTEX_POINT('',#8529);
#2727=VERTEX_POINT('',#8546);
#2728=VERTEX_POINT('',#8552);
#2729=VERTEX_POINT('',#8569);
#2730=VERTEX_POINT('',#8575);
#2731=VERTEX_POINT('',#8592);
#2732=VERTEX_POINT('',#8598);
#2733=VERTEX_POINT('',#8615);
#2734=VERTEX_POINT('',#8621);
#2735=VERTEX_POINT('',#8638);
#2736=VERTEX_POINT('',#8644);
#2737=VERTEX_POINT('',#8661);
#2738=VERTEX_POINT('',#8667);
#2739=VERTEX_POINT('',#8684);
#2740=VERTEX_POINT('',#8690);
#2741=VERTEX_POINT('',#8703);
#2742=VERTEX_POINT('',#8704);
#2743=VERTEX_POINT('',#8706);
#2744=VERTEX_POINT('',#8708);
#2745=VERTEX_POINT('',#8721);
#2746=VERTEX_POINT('',#8727);
#2747=VERTEX_POINT('',#8744);
#2748=VERTEX_POINT('',#8750);
#2749=VERTEX_POINT('',#8767);
#2750=VERTEX_POINT('',#8773);
#2751=VERTEX_POINT('',#8790);
#2752=VERTEX_POINT('',#8796);
#2753=VERTEX_POINT('',#8804);
#2754=VERTEX_POINT('',#8806);
#2755=VERTEX_POINT('',#8810);
#2756=VERTEX_POINT('',#8812);
#2757=VERTEX_POINT('',#8816);
#2758=VERTEX_POINT('',#8818);
#2759=VERTEX_POINT('',#8822);
#2760=VERTEX_POINT('',#8824);
#2761=VERTEX_POINT('',#8828);
#2762=VERTEX_POINT('',#8830);
#2763=VERTEX_POINT('',#8843);
#2764=VERTEX_POINT('',#8849);
#2765=VERTEX_POINT('',#8866);
#2766=VERTEX_POINT('',#8872);
#2767=VERTEX_POINT('',#8889);
#2768=VERTEX_POINT('',#8895);
#2769=VERTEX_POINT('',#8912);
#2770=VERTEX_POINT('',#8918);
#2771=VERTEX_POINT('',#8926);
#2772=VERTEX_POINT('',#8928);
#2773=VERTEX_POINT('',#8932);
#2774=VERTEX_POINT('',#8934);
#2775=VERTEX_POINT('',#8938);
#2776=VERTEX_POINT('',#8940);
#2777=VERTEX_POINT('',#8949);
#2778=VERTEX_POINT('',#8950);
#2779=VERTEX_POINT('',#8952);
#2780=VERTEX_POINT('',#8954);
#2781=VERTEX_POINT('',#8958);
#2782=VERTEX_POINT('',#8960);
#2783=VERTEX_POINT('',#8964);
#2784=VERTEX_POINT('',#8966);
#2785=VERTEX_POINT('',#8970);
#2786=VERTEX_POINT('',#8972);
#2787=VERTEX_POINT('',#8976);
#2788=VERTEX_POINT('',#8978);
#2789=VERTEX_POINT('',#8987);
#2790=VERTEX_POINT('',#8988);
#2791=VERTEX_POINT('',#8990);
#2792=VERTEX_POINT('',#8992);
#2793=VERTEX_POINT('',#8996);
#2794=VERTEX_POINT('',#8998);
#2795=VERTEX_POINT('',#9011);
#2796=VERTEX_POINT('',#9017);
#2797=VERTEX_POINT('',#9034);
#2798=VERTEX_POINT('',#9040);
#2799=VERTEX_POINT('',#9057);
#2800=VERTEX_POINT('',#9063);
#2801=VERTEX_POINT('',#9071);
#2802=VERTEX_POINT('',#9073);
#2803=VERTEX_POINT('',#9077);
#2804=VERTEX_POINT('',#9079);
#2805=VERTEX_POINT('',#9083);
#2806=VERTEX_POINT('',#9085);
#2807=VERTEX_POINT('',#9103);
#2808=VERTEX_POINT('',#9104);
#2809=VERTEX_POINT('',#9110);
#2810=VERTEX_POINT('',#9112);
#2811=VERTEX_POINT('',#9129);
#2812=VERTEX_POINT('',#9135);
#2813=VERTEX_POINT('',#9152);
#2814=VERTEX_POINT('',#9158);
#2815=VERTEX_POINT('',#9175);
#2816=VERTEX_POINT('',#9181);
#2817=VERTEX_POINT('',#9198);
#2818=VERTEX_POINT('',#9204);
#2819=VERTEX_POINT('',#9221);
#2820=VERTEX_POINT('',#9227);
#2821=VERTEX_POINT('',#9244);
#2822=VERTEX_POINT('',#9250);
#2823=VERTEX_POINT('',#9267);
#2824=VERTEX_POINT('',#9273);
#2825=VERTEX_POINT('',#9290);
#2826=VERTEX_POINT('',#9296);
#2827=VERTEX_POINT('',#9313);
#2828=VERTEX_POINT('',#9319);
#2829=VERTEX_POINT('',#9336);
#2830=VERTEX_POINT('',#9342);
#2831=VERTEX_POINT('',#9359);
#2832=VERTEX_POINT('',#9365);
#2833=VERTEX_POINT('',#9382);
#2834=VERTEX_POINT('',#9388);
#2835=VERTEX_POINT('',#9405);
#2836=VERTEX_POINT('',#9411);
#2837=VERTEX_POINT('',#9428);
#2838=VERTEX_POINT('',#9434);
#2839=VERTEX_POINT('',#9471);
#2840=VERTEX_POINT('',#9472);
#2841=VERTEX_POINT('',#9478);
#2842=VERTEX_POINT('',#9480);
#2843=VERTEX_POINT('',#9497);
#2844=VERTEX_POINT('',#9503);
#2845=VERTEX_POINT('',#9520);
#2846=VERTEX_POINT('',#9526);
#2847=VERTEX_POINT('',#9543);
#2848=VERTEX_POINT('',#9549);
#2849=VERTEX_POINT('',#9566);
#2850=VERTEX_POINT('',#9572);
#2851=VERTEX_POINT('',#9589);
#2852=VERTEX_POINT('',#9595);
#2853=VERTEX_POINT('',#9612);
#2854=VERTEX_POINT('',#9618);
#2855=VERTEX_POINT('',#9635);
#2856=VERTEX_POINT('',#9641);
#2857=VERTEX_POINT('',#9658);
#2858=VERTEX_POINT('',#9664);
#2859=VERTEX_POINT('',#9681);
#2860=VERTEX_POINT('',#9687);
#2861=VERTEX_POINT('',#9704);
#2862=VERTEX_POINT('',#9710);
#2863=VERTEX_POINT('',#9727);
#2864=VERTEX_POINT('',#9733);
#2865=VERTEX_POINT('',#9750);
#2866=VERTEX_POINT('',#9756);
#2867=VERTEX_POINT('',#9773);
#2868=VERTEX_POINT('',#9779);
#2869=VERTEX_POINT('',#9796);
#2870=VERTEX_POINT('',#9802);
#2871=VERTEX_POINT('',#9832);
#2872=VERTEX_POINT('',#9833);
#2873=VERTEX_POINT('',#9835);
#2874=VERTEX_POINT('',#9837);
#2875=VERTEX_POINT('',#9841);
#2876=VERTEX_POINT('',#9843);
#2877=VERTEX_POINT('',#9847);
#2878=VERTEX_POINT('',#9849);
#2879=VERTEX_POINT('',#9858);
#2880=VERTEX_POINT('',#9859);
#2881=VERTEX_POINT('',#9861);
#2882=VERTEX_POINT('',#9863);
#2883=VERTEX_POINT('',#9876);
#2884=VERTEX_POINT('',#9882);
#2885=VERTEX_POINT('',#9899);
#2886=VERTEX_POINT('',#9905);
#2887=VERTEX_POINT('',#9922);
#2888=VERTEX_POINT('',#9928);
#2889=VERTEX_POINT('',#9945);
#2890=VERTEX_POINT('',#9951);
#2891=VERTEX_POINT('',#9959);
#2892=VERTEX_POINT('',#9961);
#2893=VERTEX_POINT('',#9965);
#2894=VERTEX_POINT('',#9967);
#2895=VERTEX_POINT('',#9971);
#2896=VERTEX_POINT('',#9973);
#2897=VERTEX_POINT('',#9977);
#2898=VERTEX_POINT('',#9979);
#2899=VERTEX_POINT('',#9983);
#2900=VERTEX_POINT('',#9985);
#2901=VERTEX_POINT('',#9998);
#2902=VERTEX_POINT('',#10004);
#2903=VERTEX_POINT('',#10021);
#2904=VERTEX_POINT('',#10027);
#2905=VERTEX_POINT('',#10044);
#2906=VERTEX_POINT('',#10050);
#2907=VERTEX_POINT('',#10067);
#2908=VERTEX_POINT('',#10073);
#2909=VERTEX_POINT('',#10081);
#2910=VERTEX_POINT('',#10083);
#2911=VERTEX_POINT('',#10087);
#2912=VERTEX_POINT('',#10089);
#2913=VERTEX_POINT('',#10093);
#2914=VERTEX_POINT('',#10095);
#2915=VERTEX_POINT('',#10113);
#2916=VERTEX_POINT('',#10114);
#2917=VERTEX_POINT('',#10120);
#2918=VERTEX_POINT('',#10122);
#2919=VERTEX_POINT('',#10139);
#2920=VERTEX_POINT('',#10145);
#2921=VERTEX_POINT('',#10162);
#2922=VERTEX_POINT('',#10168);
#2923=VERTEX_POINT('',#10185);
#2924=VERTEX_POINT('',#10191);
#2925=VERTEX_POINT('',#10208);
#2926=VERTEX_POINT('',#10214);
#2927=VERTEX_POINT('',#10231);
#2928=VERTEX_POINT('',#10237);
#2929=VERTEX_POINT('',#10254);
#2930=VERTEX_POINT('',#10260);
#2931=VERTEX_POINT('',#10277);
#2932=VERTEX_POINT('',#10283);
#2933=VERTEX_POINT('',#10300);
#2934=VERTEX_POINT('',#10306);
#2935=VERTEX_POINT('',#10323);
#2936=VERTEX_POINT('',#10329);
#2937=VERTEX_POINT('',#10346);
#2938=VERTEX_POINT('',#10352);
#2939=VERTEX_POINT('',#10369);
#2940=VERTEX_POINT('',#10375);
#2941=VERTEX_POINT('',#10392);
#2942=VERTEX_POINT('',#10398);
#2943=VERTEX_POINT('',#10406);
#2944=VERTEX_POINT('',#10408);
#2945=VERTEX_POINT('',#10421);
#2946=VERTEX_POINT('',#10427);
#2947=VERTEX_POINT('',#10444);
#2948=VERTEX_POINT('',#10450);
#2949=VERTEX_POINT('',#10467);
#2950=VERTEX_POINT('',#10473);
#2951=VERTEX_POINT('',#10490);
#2952=VERTEX_POINT('',#10496);
#2953=VERTEX_POINT('',#10513);
#2954=VERTEX_POINT('',#10519);
#2955=VERTEX_POINT('',#10536);
#2956=VERTEX_POINT('',#10542);
#2957=VERTEX_POINT('',#10559);
#2958=VERTEX_POINT('',#10565);
#2959=VERTEX_POINT('',#10582);
#2960=VERTEX_POINT('',#10588);
#2961=VERTEX_POINT('',#10605);
#2962=VERTEX_POINT('',#10611);
#2963=VERTEX_POINT('',#10628);
#2964=VERTEX_POINT('',#10634);
#2965=VERTEX_POINT('',#10651);
#2966=VERTEX_POINT('',#10657);
#2967=VERTEX_POINT('',#10674);
#2968=VERTEX_POINT('',#10680);
#2969=VERTEX_POINT('',#10697);
#2970=VERTEX_POINT('',#10703);
#2971=VERTEX_POINT('',#10720);
#2972=VERTEX_POINT('',#10726);
#2973=VERTEX_POINT('',#10743);
#2974=VERTEX_POINT('',#10749);
#2975=VERTEX_POINT('',#10766);
#2976=VERTEX_POINT('',#10772);
#2977=VERTEX_POINT('',#10789);
#2978=VERTEX_POINT('',#10795);
#2979=VERTEX_POINT('',#10803);
#2980=VERTEX_POINT('',#10805);
#2981=VERTEX_POINT('',#10818);
#2982=VERTEX_POINT('',#10824);
#2983=VERTEX_POINT('',#10841);
#2984=VERTEX_POINT('',#10847);
#2985=VERTEX_POINT('',#10864);
#2986=VERTEX_POINT('',#10870);
#2987=VERTEX_POINT('',#10909);
#2988=VERTEX_POINT('',#10910);
#2989=VERTEX_POINT('',#10916);
#2990=VERTEX_POINT('',#10918);
#2991=VERTEX_POINT('',#10935);
#2992=VERTEX_POINT('',#10941);
#2993=VERTEX_POINT('',#10949);
#2994=VERTEX_POINT('',#10951);
#2995=VERTEX_POINT('',#10964);
#2996=VERTEX_POINT('',#10970);
#2997=VERTEX_POINT('',#10987);
#2998=VERTEX_POINT('',#10993);
#2999=VERTEX_POINT('',#11010);
#3000=VERTEX_POINT('',#11016);
#3001=VERTEX_POINT('',#11033);
#3002=VERTEX_POINT('',#11039);
#3003=VERTEX_POINT('',#11056);
#3004=VERTEX_POINT('',#11062);
#3005=VERTEX_POINT('',#11079);
#3006=VERTEX_POINT('',#11085);
#3007=VERTEX_POINT('',#11102);
#3008=VERTEX_POINT('',#11108);
#3009=VERTEX_POINT('',#11125);
#3010=VERTEX_POINT('',#11131);
#3011=VERTEX_POINT('',#11148);
#3012=VERTEX_POINT('',#11154);
#3013=VERTEX_POINT('',#11171);
#3014=VERTEX_POINT('',#11177);
#3015=VERTEX_POINT('',#11194);
#3016=VERTEX_POINT('',#11200);
#3017=VERTEX_POINT('',#11217);
#3018=VERTEX_POINT('',#11223);
#3019=VERTEX_POINT('',#11240);
#3020=VERTEX_POINT('',#11246);
#3021=VERTEX_POINT('',#11254);
#3022=VERTEX_POINT('',#11256);
#3023=VERTEX_POINT('',#11269);
#3024=VERTEX_POINT('',#11275);
#3025=VERTEX_POINT('',#11292);
#3026=VERTEX_POINT('',#11298);
#3027=VERTEX_POINT('',#11315);
#3028=VERTEX_POINT('',#11321);
#3029=VERTEX_POINT('',#11338);
#3030=VERTEX_POINT('',#11344);
#3031=VERTEX_POINT('',#11361);
#3032=VERTEX_POINT('',#11367);
#3033=VERTEX_POINT('',#11384);
#3034=VERTEX_POINT('',#11390);
#3035=VERTEX_POINT('',#11407);
#3036=VERTEX_POINT('',#11413);
#3037=VERTEX_POINT('',#11430);
#3038=VERTEX_POINT('',#11436);
#3039=VERTEX_POINT('',#11453);
#3040=VERTEX_POINT('',#11459);
#3041=VERTEX_POINT('',#11476);
#3042=VERTEX_POINT('',#11482);
#3043=VERTEX_POINT('',#11499);
#3044=VERTEX_POINT('',#11505);
#3045=VERTEX_POINT('',#11535);
#3046=VERTEX_POINT('',#11536);
#3047=VERTEX_POINT('',#11538);
#3048=VERTEX_POINT('',#11540);
#3049=VERTEX_POINT('',#11553);
#3050=VERTEX_POINT('',#11559);
#3051=VERTEX_POINT('',#11576);
#3052=VERTEX_POINT('',#11582);
#3053=VERTEX_POINT('',#11599);
#3054=VERTEX_POINT('',#11605);
#3055=VERTEX_POINT('',#11622);
#3056=VERTEX_POINT('',#11628);
#3057=VERTEX_POINT('',#11645);
#3058=VERTEX_POINT('',#11651);
#3059=VERTEX_POINT('',#11668);
#3060=VERTEX_POINT('',#11674);
#3061=VERTEX_POINT('',#11691);
#3062=VERTEX_POINT('',#11697);
#3063=VERTEX_POINT('',#11714);
#3064=VERTEX_POINT('',#11720);
#3065=VERTEX_POINT('',#11737);
#3066=VERTEX_POINT('',#11743);
#3067=VERTEX_POINT('',#11760);
#3068=VERTEX_POINT('',#11766);
#3069=VERTEX_POINT('',#11783);
#3070=VERTEX_POINT('',#11789);
#3071=VERTEX_POINT('',#11806);
#3072=VERTEX_POINT('',#11812);
#3073=VERTEX_POINT('',#11829);
#3074=VERTEX_POINT('',#11835);
#3075=VERTEX_POINT('',#11852);
#3076=VERTEX_POINT('',#11858);
#3077=VERTEX_POINT('',#11866);
#3078=VERTEX_POINT('',#11868);
#3079=VERTEX_POINT('',#11881);
#3080=VERTEX_POINT('',#11887);
#3081=VERTEX_POINT('',#11904);
#3082=VERTEX_POINT('',#11910);
#3083=VERTEX_POINT('',#11918);
#3084=VERTEX_POINT('',#11920);
#3085=VERTEX_POINT('',#11924);
#3086=VERTEX_POINT('',#11926);
#3087=VERTEX_POINT('',#11930);
#3088=VERTEX_POINT('',#11932);
#3089=VERTEX_POINT('',#11945);
#3090=VERTEX_POINT('',#11951);
#3091=VERTEX_POINT('',#11968);
#3092=VERTEX_POINT('',#11974);
#3093=VERTEX_POINT('',#11991);
#3094=VERTEX_POINT('',#11997);
#3095=VERTEX_POINT('',#12014);
#3096=VERTEX_POINT('',#12020);
#3097=VERTEX_POINT('',#12037);
#3098=VERTEX_POINT('',#12043);
#3099=VERTEX_POINT('',#12060);
#3100=VERTEX_POINT('',#12066);
#3101=VERTEX_POINT('',#12083);
#3102=VERTEX_POINT('',#12089);
#3103=VERTEX_POINT('',#12106);
#3104=VERTEX_POINT('',#12112);
#3105=VERTEX_POINT('',#12129);
#3106=VERTEX_POINT('',#12135);
#3107=VERTEX_POINT('',#12152);
#3108=VERTEX_POINT('',#12158);
#3109=VERTEX_POINT('',#12175);
#3110=VERTEX_POINT('',#12181);
#3111=VERTEX_POINT('',#12198);
#3112=VERTEX_POINT('',#12204);
#3113=VERTEX_POINT('',#12221);
#3114=VERTEX_POINT('',#12227);
#3115=VERTEX_POINT('',#12235);
#3116=VERTEX_POINT('',#12237);
#3117=VERTEX_POINT('',#12250);
#3118=VERTEX_POINT('',#12256);
#3119=VERTEX_POINT('',#12273);
#3120=VERTEX_POINT('',#12279);
#3121=VERTEX_POINT('',#12287);
#3122=VERTEX_POINT('',#12289);
#3123=VERTEX_POINT('',#12298);
#3124=VERTEX_POINT('',#12299);
#3125=VERTEX_POINT('',#12301);
#3126=VERTEX_POINT('',#12303);
#3127=VERTEX_POINT('',#12307);
#3128=VERTEX_POINT('',#12309);
#3129=VERTEX_POINT('',#12313);
#3130=VERTEX_POINT('',#12315);
#3131=VERTEX_POINT('',#12319);
#3132=VERTEX_POINT('',#12321);
#3133=VERTEX_POINT('',#12325);
#3134=VERTEX_POINT('',#12327);
#3135=VERTEX_POINT('',#12331);
#3136=VERTEX_POINT('',#12333);
#3137=VERTEX_POINT('',#12337);
#3138=VERTEX_POINT('',#12339);
#3139=VERTEX_POINT('',#12343);
#3140=VERTEX_POINT('',#12345);
#3141=VERTEX_POINT('',#12363);
#3142=VERTEX_POINT('',#12364);
#3143=VERTEX_POINT('',#12370);
#3144=VERTEX_POINT('',#12372);
#3145=VERTEX_POINT('',#12389);
#3146=VERTEX_POINT('',#12395);
#3147=VERTEX_POINT('',#12412);
#3148=VERTEX_POINT('',#12418);
#3149=VERTEX_POINT('',#12435);
#3150=VERTEX_POINT('',#12441);
#3151=VERTEX_POINT('',#12458);
#3152=VERTEX_POINT('',#12464);
#3153=VERTEX_POINT('',#12481);
#3154=VERTEX_POINT('',#12487);
#3155=VERTEX_POINT('',#12504);
#3156=VERTEX_POINT('',#12510);
#3157=VERTEX_POINT('',#12527);
#3158=VERTEX_POINT('',#12533);
#3159=VERTEX_POINT('',#12550);
#3160=VERTEX_POINT('',#12556);
#3161=VERTEX_POINT('',#12573);
#3162=VERTEX_POINT('',#12579);
#3163=VERTEX_POINT('',#12596);
#3164=VERTEX_POINT('',#12602);
#3165=VERTEX_POINT('',#12619);
#3166=VERTEX_POINT('',#12625);
#3167=VERTEX_POINT('',#12642);
#3168=VERTEX_POINT('',#12648);
#3169=VERTEX_POINT('',#12665);
#3170=VERTEX_POINT('',#12671);
#3171=VERTEX_POINT('',#12688);
#3172=VERTEX_POINT('',#12694);
#3173=VERTEX_POINT('',#12731);
#3174=VERTEX_POINT('',#12732);
#3175=VERTEX_POINT('',#12738);
#3176=VERTEX_POINT('',#12740);
#3177=VERTEX_POINT('',#12757);
#3178=VERTEX_POINT('',#12763);
#3179=VERTEX_POINT('',#12780);
#3180=VERTEX_POINT('',#12786);
#3181=VERTEX_POINT('',#12803);
#3182=VERTEX_POINT('',#12809);
#3183=VERTEX_POINT('',#12826);
#3184=VERTEX_POINT('',#12832);
#3185=VERTEX_POINT('',#12849);
#3186=VERTEX_POINT('',#12855);
#3187=VERTEX_POINT('',#12872);
#3188=VERTEX_POINT('',#12878);
#3189=VERTEX_POINT('',#12895);
#3190=VERTEX_POINT('',#12901);
#3191=VERTEX_POINT('',#12918);
#3192=VERTEX_POINT('',#12924);
#3193=VERTEX_POINT('',#12941);
#3194=VERTEX_POINT('',#12947);
#3195=VERTEX_POINT('',#12964);
#3196=VERTEX_POINT('',#12970);
#3197=VERTEX_POINT('',#12987);
#3198=VERTEX_POINT('',#12993);
#3199=VERTEX_POINT('',#13010);
#3200=VERTEX_POINT('',#13016);
#3201=VERTEX_POINT('',#13033);
#3202=VERTEX_POINT('',#13039);
#3203=VERTEX_POINT('',#13056);
#3204=VERTEX_POINT('',#13062);
#3205=VERTEX_POINT('',#13092);
#3206=VERTEX_POINT('',#13093);
#3207=VERTEX_POINT('',#13095);
#3208=VERTEX_POINT('',#13097);
#3209=VERTEX_POINT('',#13110);
#3210=VERTEX_POINT('',#13116);
#3211=VERTEX_POINT('',#13133);
#3212=VERTEX_POINT('',#13139);
#3213=VERTEX_POINT('',#13156);
#3214=VERTEX_POINT('',#13162);
#3215=VERTEX_POINT('',#13179);
#3216=VERTEX_POINT('',#13185);
#3217=VERTEX_POINT('',#13202);
#3218=VERTEX_POINT('',#13208);
#3219=VERTEX_POINT('',#13225);
#3220=VERTEX_POINT('',#13231);
#3221=VERTEX_POINT('',#13248);
#3222=VERTEX_POINT('',#13254);
#3223=VERTEX_POINT('',#13271);
#3224=VERTEX_POINT('',#13277);
#3225=VERTEX_POINT('',#13294);
#3226=VERTEX_POINT('',#13300);
#3227=VERTEX_POINT('',#13317);
#3228=VERTEX_POINT('',#13323);
#3229=VERTEX_POINT('',#13340);
#3230=VERTEX_POINT('',#13346);
#3231=VERTEX_POINT('',#13363);
#3232=VERTEX_POINT('',#13369);
#3233=VERTEX_POINT('',#13386);
#3234=VERTEX_POINT('',#13392);
#3235=VERTEX_POINT('',#13409);
#3236=VERTEX_POINT('',#13415);
#3237=VERTEX_POINT('',#13423);
#3238=VERTEX_POINT('',#13425);
#3239=VERTEX_POINT('',#13438);
#3240=VERTEX_POINT('',#13444);
#3241=VERTEX_POINT('',#13461);
#3242=VERTEX_POINT('',#13467);
#3243=VERTEX_POINT('',#13475);
#3244=VERTEX_POINT('',#13477);
#3245=VERTEX_POINT('',#13481);
#3246=VERTEX_POINT('',#13483);
#3247=VERTEX_POINT('',#13487);
#3248=VERTEX_POINT('',#13489);
#3249=VERTEX_POINT('',#13502);
#3250=VERTEX_POINT('',#13508);
#3251=VERTEX_POINT('',#13525);
#3252=VERTEX_POINT('',#13531);
#3253=VERTEX_POINT('',#13548);
#3254=VERTEX_POINT('',#13554);
#3255=VERTEX_POINT('',#13571);
#3256=VERTEX_POINT('',#13577);
#3257=VERTEX_POINT('',#13594);
#3258=VERTEX_POINT('',#13600);
#3259=VERTEX_POINT('',#13617);
#3260=VERTEX_POINT('',#13623);
#3261=VERTEX_POINT('',#13640);
#3262=VERTEX_POINT('',#13646);
#3263=VERTEX_POINT('',#13663);
#3264=VERTEX_POINT('',#13669);
#3265=VERTEX_POINT('',#13686);
#3266=VERTEX_POINT('',#13692);
#3267=VERTEX_POINT('',#13709);
#3268=VERTEX_POINT('',#13715);
#3269=VERTEX_POINT('',#13732);
#3270=VERTEX_POINT('',#13738);
#3271=VERTEX_POINT('',#13755);
#3272=VERTEX_POINT('',#13761);
#3273=VERTEX_POINT('',#13778);
#3274=VERTEX_POINT('',#13784);
#3275=VERTEX_POINT('',#13792);
#3276=VERTEX_POINT('',#13794);
#3277=VERTEX_POINT('',#13807);
#3278=VERTEX_POINT('',#13813);
#3279=VERTEX_POINT('',#13830);
#3280=VERTEX_POINT('',#13836);
#3281=VERTEX_POINT('',#13844);
#3282=VERTEX_POINT('',#13846);
#3283=EDGE_CURVE('',#2609,#2609,#2587,.T.);
#3284=EDGE_CURVE('',#2610,#2610,#2588,.T.);
#3285=EDGE_CURVE('',#2611,#2612,#751,.T.);
#3286=EDGE_CURVE('',#2613,#2612,#752,.T.);
#3287=EDGE_CURVE('',#2611,#2613,#753,.T.);
#3288=EDGE_CURVE('',#2614,#2615,#754,.T.);
#3289=EDGE_CURVE('',#2613,#2614,#755,.T.);
#3290=EDGE_CURVE('',#2612,#2615,#756,.F.);
#3291=EDGE_CURVE('',#2616,#2615,#757,.T.);
#3292=EDGE_CURVE('',#2614,#2616,#758,.T.);
#3293=EDGE_CURVE('',#2616,#2611,#759,.T.);
#3294=EDGE_CURVE('',#2617,#2617,#2589,.T.);
#3295=EDGE_CURVE('',#2617,#2618,#760,.T.);
#3296=EDGE_CURVE('',#2618,#2618,#2590,.T.);
#3297=EDGE_CURVE('',#2619,#2620,#761,.T.);
#3298=EDGE_CURVE('',#2620,#2621,#762,.T.);
#3299=EDGE_CURVE('',#2621,#2622,#763,.T.);
#3300=EDGE_CURVE('',#2622,#2619,#764,.T.);
#3301=EDGE_CURVE('',#2623,#2623,#2591,.T.);
#3302=EDGE_CURVE('',#2618,#2610,#765,.T.);
#3303=EDGE_CURVE('',#2623,#2624,#766,.T.);
#3304=EDGE_CURVE('',#2624,#2624,#2592,.T.);
#3305=EDGE_CURVE('',#2624,#2609,#767,.T.);
#3306=EDGE_CURVE('',#2625,#2626,#2593,.T.);
#3307=EDGE_CURVE('',#2626,#2627,#768,.T.);
#3308=EDGE_CURVE('',#2627,#2628,#2594,.T.);
#3309=EDGE_CURVE('',#2628,#2625,#769,.T.);
#3310=EDGE_CURVE('',#2629,#2628,#770,.T.);
#3311=EDGE_CURVE('',#2630,#2629,#771,.T.);
#3312=EDGE_CURVE('',#2625,#2630,#772,.T.);
#3313=EDGE_CURVE('',#2627,#2631,#773,.T.);
#3314=EDGE_CURVE('',#2632,#2631,#2595,.T.);
#3315=EDGE_CURVE('',#2632,#2633,#774,.T.);
#3316=EDGE_CURVE('',#2634,#2633,#2596,.T.);
#3317=EDGE_CURVE('',#2634,#2635,#775,.T.);
#3318=EDGE_CURVE('',#2629,#2635,#2597,.T.);
#3319=EDGE_CURVE('',#2636,#2637,#776,.T.);
#3320=EDGE_CURVE('',#2638,#2636,#777,.T.);
#3321=EDGE_CURVE('',#2639,#2638,#778,.T.);
#3322=EDGE_CURVE('',#2637,#2639,#779,.T.);
#3323=EDGE_CURVE('',#2640,#2641,#2598,.T.);
#3324=EDGE_CURVE('',#2641,#2632,#780,.T.);
#3325=EDGE_CURVE('',#2631,#2640,#781,.T.);
#3326=EDGE_CURVE('',#2642,#2641,#782,.T.);
#3327=EDGE_CURVE('',#2633,#2642,#783,.T.);
#3328=EDGE_CURVE('',#2642,#2643,#2599,.T.);
#3329=EDGE_CURVE('',#2643,#2634,#784,.T.);
#3330=EDGE_CURVE('',#2644,#2630,#2600,.T.);
#3331=EDGE_CURVE('',#2635,#2644,#785,.T.);
#3332=EDGE_CURVE('',#2644,#2643,#786,.T.);
#3333=EDGE_CURVE('',#2640,#2626,#787,.T.);
#3334=EDGE_CURVE('',#2645,#2646,#788,.T.);
#3335=EDGE_CURVE('',#2646,#2647,#789,.T.);
#3336=EDGE_CURVE('',#2647,#2648,#790,.T.);
#3337=EDGE_CURVE('',#2648,#2645,#791,.T.);
#3338=EDGE_CURVE('',#2638,#2619,#792,.T.);
#3339=EDGE_CURVE('',#2622,#2639,#793,.T.);
#3340=EDGE_CURVE('',#2620,#2636,#794,.T.);
#3341=EDGE_CURVE('',#2621,#2637,#795,.T.);
#3342=EDGE_CURVE('',#2649,#2650,#796,.T.);
#3343=EDGE_CURVE('',#2649,#2645,#797,.T.);
#3344=EDGE_CURVE('',#2650,#2648,#798,.F.);
#3345=EDGE_CURVE('',#2651,#2649,#799,.T.);
#3346=EDGE_CURVE('',#2651,#2646,#800,.F.);
#3347=EDGE_CURVE('',#2652,#2651,#801,.T.);
#3348=EDGE_CURVE('',#2652,#2647,#802,.F.);
#3349=EDGE_CURVE('',#2650,#2652,#803,.T.);
#3350=EDGE_CURVE('',#2653,#2654,#2601,.T.);
#3351=EDGE_CURVE('',#2654,#2655,#804,.T.);
#3352=EDGE_CURVE('',#2655,#2656,#2602,.T.);
#3353=EDGE_CURVE('',#2656,#2653,#805,.T.);
#3354=EDGE_CURVE('',#2656,#2657,#806,.T.);
#3355=EDGE_CURVE('',#2658,#2657,#807,.T.);
#3356=EDGE_CURVE('',#2653,#2658,#808,.T.);
#3357=EDGE_CURVE('',#2659,#2655,#809,.T.);
#3358=EDGE_CURVE('',#2660,#2659,#2603,.T.);
#3359=EDGE_CURVE('',#2661,#2660,#810,.T.);
#3360=EDGE_CURVE('',#2662,#2661,#2604,.T.);
#3361=EDGE_CURVE('',#2663,#2662,#811,.T.);
#3362=EDGE_CURVE('',#2657,#2663,#2605,.T.);
#3363=EDGE_CURVE('',#2664,#2665,#812,.T.);
#3364=EDGE_CURVE('',#2666,#2664,#813,.T.);
#3365=EDGE_CURVE('',#2667,#2666,#814,.T.);
#3366=EDGE_CURVE('',#2665,#2667,#815,.T.);
#3367=EDGE_CURVE('',#2668,#2669,#2606,.T.);
#3368=EDGE_CURVE('',#2669,#2660,#816,.T.);
#3369=EDGE_CURVE('',#2659,#2668,#817,.T.);
#3370=EDGE_CURVE('',#2670,#2669,#818,.T.);
#3371=EDGE_CURVE('',#2661,#2670,#819,.T.);
#3372=EDGE_CURVE('',#2671,#2658,#2607,.T.);
#3373=EDGE_CURVE('',#2671,#2672,#820,.T.);
#3374=EDGE_CURVE('',#2670,#2672,#2608,.T.);
#3375=EDGE_CURVE('',#2668,#2654,#821,.T.);
#3376=EDGE_CURVE('',#2673,#2674,#822,.T.);
#3377=EDGE_CURVE('',#2675,#2673,#823,.T.);
#3378=EDGE_CURVE('',#2676,#2675,#824,.T.);
#3379=EDGE_CURVE('',#2674,#2676,#825,.T.);
#3380=EDGE_CURVE('',#2672,#2662,#826,.T.);
#3381=EDGE_CURVE('',#2663,#2671,#827,.T.);
#3382=EDGE_CURVE('',#2674,#2677,#828,.T.);
#3383=EDGE_CURVE('',#2677,#2678,#829,.T.);
#3384=EDGE_CURVE('',#2673,#2678,#830,.T.);
#3385=EDGE_CURVE('',#2676,#2679,#831,.T.);
#3386=EDGE_CURVE('',#2679,#2677,#832,.T.);
#3387=EDGE_CURVE('',#2678,#2680,#833,.T.);
#3388=EDGE_CURVE('',#2680,#2675,#834,.T.);
#3389=EDGE_CURVE('',#2680,#2679,#835,.T.);
#3390=EDGE_CURVE('',#2678,#2681,#836,.T.);
#3391=EDGE_CURVE('',#2682,#2681,#837,.T.);
#3392=EDGE_CURVE('',#2680,#2682,#838,.T.);
#3393=EDGE_CURVE('',#2677,#2683,#839,.T.);
#3394=EDGE_CURVE('',#2681,#2683,#840,.T.);
#3395=EDGE_CURVE('',#2679,#2684,#841,.T.);
#3396=EDGE_CURVE('',#2683,#2684,#842,.T.);
#3397=EDGE_CURVE('',#2684,#2682,#843,.T.);
#3398=EDGE_CURVE('',#2665,#2685,#844,.T.);
#3399=EDGE_CURVE('',#2686,#2685,#845,.T.);
#3400=EDGE_CURVE('',#2664,#2686,#846,.T.);
#3401=EDGE_CURVE('',#2687,#2686,#847,.T.);
#3402=EDGE_CURVE('',#2666,#2687,#848,.T.);
#3403=EDGE_CURVE('',#2688,#2687,#849,.T.);
#3404=EDGE_CURVE('',#2667,#2688,#850,.T.);
#3405=EDGE_CURVE('',#2685,#2688,#851,.T.);
#3406=EDGE_CURVE('',#2689,#2690,#852,.T.);
#3407=EDGE_CURVE('',#2690,#2691,#853,.T.);
#3408=EDGE_CURVE('',#2692,#2691,#854,.T.);
#3409=EDGE_CURVE('',#2689,#2692,#855,.T.);
#3410=EDGE_CURVE('',#2693,#2689,#856,.T.);
#3411=EDGE_CURVE('',#2694,#2692,#857,.T.);
#3412=EDGE_CURVE('',#2693,#2694,#858,.T.);
#3413=EDGE_CURVE('',#2695,#2693,#13,.T.);
#3414=EDGE_CURVE('',#2696,#2694,#14,.T.);
#3415=EDGE_CURVE('',#2695,#2696,#859,.T.);
#3416=EDGE_CURVE('',#2697,#2695,#15,.T.);
#3417=EDGE_CURVE('',#2698,#2696,#16,.T.);
#3418=EDGE_CURVE('',#2697,#2698,#860,.T.);
#3419=EDGE_CURVE('',#2699,#2697,#17,.T.);
#3420=EDGE_CURVE('',#2700,#2698,#18,.T.);
#3421=EDGE_CURVE('',#2699,#2700,#861,.T.);
#3422=EDGE_CURVE('',#2701,#2699,#19,.T.);
#3423=EDGE_CURVE('',#2702,#2700,#20,.T.);
#3424=EDGE_CURVE('',#2701,#2702,#862,.T.);
#3425=EDGE_CURVE('',#2703,#2701,#21,.T.);
#3426=EDGE_CURVE('',#2704,#2702,#22,.T.);
#3427=EDGE_CURVE('',#2703,#2704,#863,.T.);
#3428=EDGE_CURVE('',#2705,#2703,#23,.T.);
#3429=EDGE_CURVE('',#2706,#2704,#24,.T.);
#3430=EDGE_CURVE('',#2705,#2706,#864,.T.);
#3431=EDGE_CURVE('',#2707,#2705,#25,.T.);
#3432=EDGE_CURVE('',#2708,#2706,#26,.T.);
#3433=EDGE_CURVE('',#2707,#2708,#865,.T.);
#3434=EDGE_CURVE('',#2709,#2707,#27,.T.);
#3435=EDGE_CURVE('',#2710,#2708,#28,.T.);
#3436=EDGE_CURVE('',#2709,#2710,#866,.T.);
#3437=EDGE_CURVE('',#2711,#2709,#29,.T.);
#3438=EDGE_CURVE('',#2712,#2710,#30,.T.);
#3439=EDGE_CURVE('',#2711,#2712,#867,.T.);
#3440=EDGE_CURVE('',#2713,#2711,#31,.T.);
#3441=EDGE_CURVE('',#2714,#2712,#32,.T.);
#3442=EDGE_CURVE('',#2713,#2714,#868,.T.);
#3443=EDGE_CURVE('',#2715,#2713,#33,.T.);
#3444=EDGE_CURVE('',#2716,#2714,#34,.T.);
#3445=EDGE_CURVE('',#2715,#2716,#869,.T.);
#3446=EDGE_CURVE('',#2717,#2715,#870,.T.);
#3447=EDGE_CURVE('',#2718,#2716,#871,.T.);
#3448=EDGE_CURVE('',#2717,#2718,#872,.T.);
#3449=EDGE_CURVE('',#2719,#2717,#35,.T.);
#3450=EDGE_CURVE('',#2720,#2718,#36,.T.);
#3451=EDGE_CURVE('',#2719,#2720,#873,.T.);
#3452=EDGE_CURVE('',#2721,#2719,#37,.T.);
#3453=EDGE_CURVE('',#2722,#2720,#38,.T.);
#3454=EDGE_CURVE('',#2721,#2722,#874,.T.);
#3455=EDGE_CURVE('',#2723,#2721,#39,.T.);
#3456=EDGE_CURVE('',#2724,#2722,#40,.T.);
#3457=EDGE_CURVE('',#2723,#2724,#875,.T.);
#3458=EDGE_CURVE('',#2725,#2723,#41,.T.);
#3459=EDGE_CURVE('',#2726,#2724,#42,.T.);
#3460=EDGE_CURVE('',#2725,#2726,#876,.T.);
#3461=EDGE_CURVE('',#2727,#2725,#43,.T.);
#3462=EDGE_CURVE('',#2728,#2726,#44,.T.);
#3463=EDGE_CURVE('',#2727,#2728,#877,.T.);
#3464=EDGE_CURVE('',#2729,#2727,#45,.T.);
#3465=EDGE_CURVE('',#2730,#2728,#46,.T.);
#3466=EDGE_CURVE('',#2729,#2730,#878,.T.);
#3467=EDGE_CURVE('',#2731,#2729,#47,.T.);
#3468=EDGE_CURVE('',#2732,#2730,#48,.T.);
#3469=EDGE_CURVE('',#2731,#2732,#879,.T.);
#3470=EDGE_CURVE('',#2733,#2731,#49,.T.);
#3471=EDGE_CURVE('',#2734,#2732,#50,.T.);
#3472=EDGE_CURVE('',#2733,#2734,#880,.T.);
#3473=EDGE_CURVE('',#2735,#2733,#51,.T.);
#3474=EDGE_CURVE('',#2736,#2734,#52,.T.);
#3475=EDGE_CURVE('',#2735,#2736,#881,.T.);
#3476=EDGE_CURVE('',#2737,#2735,#53,.T.);
#3477=EDGE_CURVE('',#2738,#2736,#54,.T.);
#3478=EDGE_CURVE('',#2737,#2738,#882,.T.);
#3479=EDGE_CURVE('',#2739,#2737,#55,.T.);
#3480=EDGE_CURVE('',#2740,#2738,#56,.T.);
#3481=EDGE_CURVE('',#2739,#2740,#883,.T.);
#3482=EDGE_CURVE('',#2690,#2739,#884,.T.);
#3483=EDGE_CURVE('',#2691,#2740,#885,.T.);
#3484=EDGE_CURVE('',#2741,#2742,#886,.T.);
#3485=EDGE_CURVE('',#2742,#2743,#887,.T.);
#3486=EDGE_CURVE('',#2744,#2743,#888,.T.);
#3487=EDGE_CURVE('',#2741,#2744,#889,.T.);
#3488=EDGE_CURVE('',#2745,#2741,#57,.T.);
#3489=EDGE_CURVE('',#2746,#2744,#58,.T.);
#3490=EDGE_CURVE('',#2745,#2746,#890,.T.);
#3491=EDGE_CURVE('',#2747,#2745,#59,.T.);
#3492=EDGE_CURVE('',#2748,#2746,#60,.T.);
#3493=EDGE_CURVE('',#2747,#2748,#891,.T.);
#3494=EDGE_CURVE('',#2749,#2747,#61,.T.);
#3495=EDGE_CURVE('',#2750,#2748,#62,.T.);
#3496=EDGE_CURVE('',#2749,#2750,#892,.T.);
#3497=EDGE_CURVE('',#2751,#2749,#63,.T.);
#3498=EDGE_CURVE('',#2752,#2750,#64,.T.);
#3499=EDGE_CURVE('',#2751,#2752,#893,.T.);
#3500=EDGE_CURVE('',#2753,#2751,#894,.T.);
#3501=EDGE_CURVE('',#2754,#2752,#895,.T.);
#3502=EDGE_CURVE('',#2753,#2754,#896,.T.);
#3503=EDGE_CURVE('',#2755,#2753,#897,.T.);
#3504=EDGE_CURVE('',#2756,#2754,#898,.T.);
#3505=EDGE_CURVE('',#2755,#2756,#899,.T.);
#3506=EDGE_CURVE('',#2757,#2755,#900,.T.);
#3507=EDGE_CURVE('',#2758,#2756,#901,.T.);
#3508=EDGE_CURVE('',#2757,#2758,#902,.T.);
#3509=EDGE_CURVE('',#2759,#2757,#903,.T.);
#3510=EDGE_CURVE('',#2760,#2758,#904,.T.);
#3511=EDGE_CURVE('',#2759,#2760,#905,.T.);
#3512=EDGE_CURVE('',#2761,#2759,#906,.T.);
#3513=EDGE_CURVE('',#2762,#2760,#907,.T.);
#3514=EDGE_CURVE('',#2761,#2762,#908,.T.);
#3515=EDGE_CURVE('',#2763,#2761,#65,.T.);
#3516=EDGE_CURVE('',#2764,#2762,#66,.T.);
#3517=EDGE_CURVE('',#2763,#2764,#909,.T.);
#3518=EDGE_CURVE('',#2765,#2763,#67,.T.);
#3519=EDGE_CURVE('',#2766,#2764,#68,.T.);
#3520=EDGE_CURVE('',#2765,#2766,#910,.T.);
#3521=EDGE_CURVE('',#2767,#2765,#69,.T.);
#3522=EDGE_CURVE('',#2768,#2766,#70,.T.);
#3523=EDGE_CURVE('',#2767,#2768,#911,.T.);
#3524=EDGE_CURVE('',#2769,#2767,#71,.T.);
#3525=EDGE_CURVE('',#2770,#2768,#72,.T.);
#3526=EDGE_CURVE('',#2769,#2770,#912,.T.);
#3527=EDGE_CURVE('',#2771,#2769,#913,.T.);
#3528=EDGE_CURVE('',#2772,#2770,#914,.T.);
#3529=EDGE_CURVE('',#2771,#2772,#915,.T.);
#3530=EDGE_CURVE('',#2773,#2771,#916,.T.);
#3531=EDGE_CURVE('',#2774,#2772,#917,.T.);
#3532=EDGE_CURVE('',#2773,#2774,#918,.T.);
#3533=EDGE_CURVE('',#2775,#2773,#919,.T.);
#3534=EDGE_CURVE('',#2776,#2774,#920,.T.);
#3535=EDGE_CURVE('',#2775,#2776,#921,.T.);
#3536=EDGE_CURVE('',#2742,#2775,#922,.T.);
#3537=EDGE_CURVE('',#2743,#2776,#923,.T.);
#3538=EDGE_CURVE('',#2777,#2778,#924,.T.);
#3539=EDGE_CURVE('',#2778,#2779,#925,.T.);
#3540=EDGE_CURVE('',#2780,#2779,#926,.T.);
#3541=EDGE_CURVE('',#2777,#2780,#927,.T.);
#3542=EDGE_CURVE('',#2781,#2777,#928,.T.);
#3543=EDGE_CURVE('',#2782,#2780,#929,.T.);
#3544=EDGE_CURVE('',#2781,#2782,#930,.T.);
#3545=EDGE_CURVE('',#2783,#2781,#931,.T.);
#3546=EDGE_CURVE('',#2784,#2782,#932,.T.);
#3547=EDGE_CURVE('',#2783,#2784,#933,.T.);
#3548=EDGE_CURVE('',#2785,#2783,#934,.T.);
#3549=EDGE_CURVE('',#2786,#2784,#935,.T.);
#3550=EDGE_CURVE('',#2785,#2786,#936,.T.);
#3551=EDGE_CURVE('',#2787,#2785,#937,.T.);
#3552=EDGE_CURVE('',#2788,#2786,#938,.T.);
#3553=EDGE_CURVE('',#2787,#2788,#939,.T.);
#3554=EDGE_CURVE('',#2778,#2787,#940,.T.);
#3555=EDGE_CURVE('',#2779,#2788,#941,.T.);
#3556=EDGE_CURVE('',#2789,#2790,#942,.T.);
#3557=EDGE_CURVE('',#2790,#2791,#943,.T.);
#3558=EDGE_CURVE('',#2792,#2791,#944,.T.);
#3559=EDGE_CURVE('',#2789,#2792,#945,.T.);
#3560=EDGE_CURVE('',#2793,#2789,#946,.T.);
#3561=EDGE_CURVE('',#2794,#2792,#947,.T.);
#3562=EDGE_CURVE('',#2793,#2794,#948,.T.);
#3563=EDGE_CURVE('',#2795,#2793,#73,.T.);
#3564=EDGE_CURVE('',#2796,#2794,#74,.T.);
#3565=EDGE_CURVE('',#2795,#2796,#949,.T.);
#3566=EDGE_CURVE('',#2797,#2795,#75,.T.);
#3567=EDGE_CURVE('',#2798,#2796,#76,.T.);
#3568=EDGE_CURVE('',#2797,#2798,#950,.T.);
#3569=EDGE_CURVE('',#2799,#2797,#77,.T.);
#3570=EDGE_CURVE('',#2800,#2798,#78,.T.);
#3571=EDGE_CURVE('',#2799,#2800,#951,.T.);
#3572=EDGE_CURVE('',#2801,#2799,#952,.T.);
#3573=EDGE_CURVE('',#2802,#2800,#953,.T.);
#3574=EDGE_CURVE('',#2801,#2802,#954,.T.);
#3575=EDGE_CURVE('',#2803,#2801,#955,.T.);
#3576=EDGE_CURVE('',#2804,#2802,#956,.T.);
#3577=EDGE_CURVE('',#2803,#2804,#957,.T.);
#3578=EDGE_CURVE('',#2805,#2803,#958,.T.);
#3579=EDGE_CURVE('',#2806,#2804,#959,.T.);
#3580=EDGE_CURVE('',#2805,#2806,#960,.T.);
#3581=EDGE_CURVE('',#2790,#2805,#961,.T.);
#3582=EDGE_CURVE('',#2791,#2806,#962,.T.);
#3583=EDGE_CURVE('',#2807,#2808,#79,.T.);
#3584=EDGE_CURVE('',#2808,#2809,#963,.T.);
#3585=EDGE_CURVE('',#2810,#2809,#80,.T.);
#3586=EDGE_CURVE('',#2807,#2810,#964,.T.);
#3587=EDGE_CURVE('',#2811,#2807,#81,.T.);
#3588=EDGE_CURVE('',#2812,#2810,#82,.T.);
#3589=EDGE_CURVE('',#2811,#2812,#965,.T.);
#3590=EDGE_CURVE('',#2813,#2811,#83,.T.);
#3591=EDGE_CURVE('',#2814,#2812,#84,.T.);
#3592=EDGE_CURVE('',#2813,#2814,#966,.T.);
#3593=EDGE_CURVE('',#2815,#2813,#85,.T.);
#3594=EDGE_CURVE('',#2816,#2814,#86,.T.);
#3595=EDGE_CURVE('',#2815,#2816,#967,.T.);
#3596=EDGE_CURVE('',#2817,#2815,#87,.T.);
#3597=EDGE_CURVE('',#2818,#2816,#88,.T.);
#3598=EDGE_CURVE('',#2817,#2818,#968,.T.);
#3599=EDGE_CURVE('',#2819,#2817,#89,.T.);
#3600=EDGE_CURVE('',#2820,#2818,#90,.T.);
#3601=EDGE_CURVE('',#2819,#2820,#969,.T.);
#3602=EDGE_CURVE('',#2821,#2819,#91,.T.);
#3603=EDGE_CURVE('',#2822,#2820,#92,.T.);
#3604=EDGE_CURVE('',#2821,#2822,#970,.T.);
#3605=EDGE_CURVE('',#2823,#2821,#93,.T.);
#3606=EDGE_CURVE('',#2824,#2822,#94,.T.);
#3607=EDGE_CURVE('',#2823,#2824,#971,.T.);
#3608=EDGE_CURVE('',#2825,#2823,#95,.T.);
#3609=EDGE_CURVE('',#2826,#2824,#96,.T.);
#3610=EDGE_CURVE('',#2825,#2826,#972,.T.);
#3611=EDGE_CURVE('',#2827,#2825,#97,.T.);
#3612=EDGE_CURVE('',#2828,#2826,#98,.T.);
#3613=EDGE_CURVE('',#2827,#2828,#973,.T.);
#3614=EDGE_CURVE('',#2829,#2827,#99,.T.);
#3615=EDGE_CURVE('',#2830,#2828,#100,.T.);
#3616=EDGE_CURVE('',#2829,#2830,#974,.T.);
#3617=EDGE_CURVE('',#2831,#2829,#101,.T.);
#3618=EDGE_CURVE('',#2832,#2830,#102,.T.);
#3619=EDGE_CURVE('',#2831,#2832,#975,.T.);
#3620=EDGE_CURVE('',#2833,#2831,#103,.T.);
#3621=EDGE_CURVE('',#2834,#2832,#104,.T.);
#3622=EDGE_CURVE('',#2833,#2834,#976,.T.);
#3623=EDGE_CURVE('',#2835,#2833,#105,.T.);
#3624=EDGE_CURVE('',#2836,#2834,#106,.T.);
#3625=EDGE_CURVE('',#2835,#2836,#977,.T.);
#3626=EDGE_CURVE('',#2837,#2835,#107,.T.);
#3627=EDGE_CURVE('',#2838,#2836,#108,.T.);
#3628=EDGE_CURVE('',#2837,#2838,#978,.T.);
#3629=EDGE_CURVE('',#2808,#2837,#109,.T.);
#3630=EDGE_CURVE('',#2809,#2838,#110,.T.);
#3631=EDGE_CURVE('',#2839,#2840,#111,.T.);
#3632=EDGE_CURVE('',#2840,#2841,#979,.T.);
#3633=EDGE_CURVE('',#2842,#2841,#112,.T.);
#3634=EDGE_CURVE('',#2839,#2842,#980,.T.);
#3635=EDGE_CURVE('',#2843,#2839,#113,.T.);
#3636=EDGE_CURVE('',#2844,#2842,#114,.T.);
#3637=EDGE_CURVE('',#2843,#2844,#981,.T.);
#3638=EDGE_CURVE('',#2845,#2843,#115,.T.);
#3639=EDGE_CURVE('',#2846,#2844,#116,.T.);
#3640=EDGE_CURVE('',#2845,#2846,#982,.T.);
#3641=EDGE_CURVE('',#2847,#2845,#117,.T.);
#3642=EDGE_CURVE('',#2848,#2846,#118,.T.);
#3643=EDGE_CURVE('',#2847,#2848,#983,.T.);
#3644=EDGE_CURVE('',#2849,#2847,#119,.T.);
#3645=EDGE_CURVE('',#2850,#2848,#120,.T.);
#3646=EDGE_CURVE('',#2849,#2850,#984,.T.);
#3647=EDGE_CURVE('',#2851,#2849,#121,.T.);
#3648=EDGE_CURVE('',#2852,#2850,#122,.T.);
#3649=EDGE_CURVE('',#2851,#2852,#985,.T.);
#3650=EDGE_CURVE('',#2853,#2851,#123,.T.);
#3651=EDGE_CURVE('',#2854,#2852,#124,.T.);
#3652=EDGE_CURVE('',#2853,#2854,#986,.T.);
#3653=EDGE_CURVE('',#2855,#2853,#125,.T.);
#3654=EDGE_CURVE('',#2856,#2854,#126,.T.);
#3655=EDGE_CURVE('',#2855,#2856,#987,.T.);
#3656=EDGE_CURVE('',#2857,#2855,#127,.T.);
#3657=EDGE_CURVE('',#2858,#2856,#128,.T.);
#3658=EDGE_CURVE('',#2857,#2858,#988,.T.);
#3659=EDGE_CURVE('',#2859,#2857,#129,.T.);
#3660=EDGE_CURVE('',#2860,#2858,#130,.T.);
#3661=EDGE_CURVE('',#2859,#2860,#989,.T.);
#3662=EDGE_CURVE('',#2861,#2859,#131,.T.);
#3663=EDGE_CURVE('',#2862,#2860,#132,.T.);
#3664=EDGE_CURVE('',#2861,#2862,#990,.T.);
#3665=EDGE_CURVE('',#2863,#2861,#133,.T.);
#3666=EDGE_CURVE('',#2864,#2862,#134,.T.);
#3667=EDGE_CURVE('',#2863,#2864,#991,.T.);
#3668=EDGE_CURVE('',#2865,#2863,#135,.T.);
#3669=EDGE_CURVE('',#2866,#2864,#136,.T.);
#3670=EDGE_CURVE('',#2865,#2866,#992,.T.);
#3671=EDGE_CURVE('',#2867,#2865,#137,.T.);
#3672=EDGE_CURVE('',#2868,#2866,#138,.T.);
#3673=EDGE_CURVE('',#2867,#2868,#993,.T.);
#3674=EDGE_CURVE('',#2869,#2867,#139,.T.);
#3675=EDGE_CURVE('',#2870,#2868,#140,.T.);
#3676=EDGE_CURVE('',#2869,#2870,#994,.T.);
#3677=EDGE_CURVE('',#2840,#2869,#141,.T.);
#3678=EDGE_CURVE('',#2841,#2870,#142,.T.);
#3679=EDGE_CURVE('',#2871,#2872,#995,.T.);
#3680=EDGE_CURVE('',#2872,#2873,#996,.T.);
#3681=EDGE_CURVE('',#2874,#2873,#997,.T.);
#3682=EDGE_CURVE('',#2871,#2874,#998,.T.);
#3683=EDGE_CURVE('',#2875,#2871,#999,.T.);
#3684=EDGE_CURVE('',#2876,#2874,#1000,.T.);
#3685=EDGE_CURVE('',#2875,#2876,#1001,.T.);
#3686=EDGE_CURVE('',#2877,#2875,#1002,.T.);
#3687=EDGE_CURVE('',#2878,#2876,#1003,.T.);
#3688=EDGE_CURVE('',#2877,#2878,#1004,.T.);
#3689=EDGE_CURVE('',#2872,#2877,#1005,.T.);
#3690=EDGE_CURVE('',#2873,#2878,#1006,.T.);
#3691=EDGE_CURVE('',#2879,#2880,#1007,.T.);
#3692=EDGE_CURVE('',#2880,#2881,#1008,.T.);
#3693=EDGE_CURVE('',#2882,#2881,#1009,.T.);
#3694=EDGE_CURVE('',#2879,#2882,#1010,.T.);
#3695=EDGE_CURVE('',#2883,#2879,#143,.T.);
#3696=EDGE_CURVE('',#2884,#2882,#144,.T.);
#3697=EDGE_CURVE('',#2883,#2884,#1011,.T.);
#3698=EDGE_CURVE('',#2885,#2883,#145,.T.);
#3699=EDGE_CURVE('',#2886,#2884,#146,.T.);
#3700=EDGE_CURVE('',#2885,#2886,#1012,.T.);
#3701=EDGE_CURVE('',#2887,#2885,#147,.T.);
#3702=EDGE_CURVE('',#2888,#2886,#148,.T.);
#3703=EDGE_CURVE('',#2887,#2888,#1013,.T.);
#3704=EDGE_CURVE('',#2889,#2887,#149,.T.);
#3705=EDGE_CURVE('',#2890,#2888,#150,.T.);
#3706=EDGE_CURVE('',#2889,#2890,#1014,.T.);
#3707=EDGE_CURVE('',#2891,#2889,#1015,.T.);
#3708=EDGE_CURVE('',#2892,#2890,#1016,.T.);
#3709=EDGE_CURVE('',#2891,#2892,#1017,.T.);
#3710=EDGE_CURVE('',#2893,#2891,#1018,.T.);
#3711=EDGE_CURVE('',#2894,#2892,#1019,.T.);
#3712=EDGE_CURVE('',#2893,#2894,#1020,.T.);
#3713=EDGE_CURVE('',#2895,#2893,#1021,.T.);
#3714=EDGE_CURVE('',#2896,#2894,#1022,.T.);
#3715=EDGE_CURVE('',#2895,#2896,#1023,.T.);
#3716=EDGE_CURVE('',#2897,#2895,#1024,.T.);
#3717=EDGE_CURVE('',#2898,#2896,#1025,.T.);
#3718=EDGE_CURVE('',#2897,#2898,#1026,.T.);
#3719=EDGE_CURVE('',#2899,#2897,#1027,.T.);
#3720=EDGE_CURVE('',#2900,#2898,#1028,.T.);
#3721=EDGE_CURVE('',#2899,#2900,#1029,.T.);
#3722=EDGE_CURVE('',#2901,#2899,#151,.T.);
#3723=EDGE_CURVE('',#2902,#2900,#152,.T.);
#3724=EDGE_CURVE('',#2901,#2902,#1030,.T.);
#3725=EDGE_CURVE('',#2903,#2901,#153,.T.);
#3726=EDGE_CURVE('',#2904,#2902,#154,.T.);
#3727=EDGE_CURVE('',#2903,#2904,#1031,.T.);
#3728=EDGE_CURVE('',#2905,#2903,#155,.T.);
#3729=EDGE_CURVE('',#2906,#2904,#156,.T.);
#3730=EDGE_CURVE('',#2905,#2906,#1032,.T.);
#3731=EDGE_CURVE('',#2907,#2905,#157,.T.);
#3732=EDGE_CURVE('',#2908,#2906,#158,.T.);
#3733=EDGE_CURVE('',#2907,#2908,#1033,.T.);
#3734=EDGE_CURVE('',#2909,#2907,#1034,.T.);
#3735=EDGE_CURVE('',#2910,#2908,#1035,.T.);
#3736=EDGE_CURVE('',#2909,#2910,#1036,.T.);
#3737=EDGE_CURVE('',#2911,#2909,#1037,.T.);
#3738=EDGE_CURVE('',#2912,#2910,#1038,.T.);
#3739=EDGE_CURVE('',#2911,#2912,#1039,.T.);
#3740=EDGE_CURVE('',#2913,#2911,#1040,.T.);
#3741=EDGE_CURVE('',#2914,#2912,#1041,.T.);
#3742=EDGE_CURVE('',#2913,#2914,#1042,.T.);
#3743=EDGE_CURVE('',#2880,#2913,#1043,.T.);
#3744=EDGE_CURVE('',#2881,#2914,#1044,.T.);
#3745=EDGE_CURVE('',#2915,#2916,#159,.T.);
#3746=EDGE_CURVE('',#2916,#2917,#1045,.T.);
#3747=EDGE_CURVE('',#2918,#2917,#160,.T.);
#3748=EDGE_CURVE('',#2915,#2918,#1046,.T.);
#3749=EDGE_CURVE('',#2919,#2915,#161,.T.);
#3750=EDGE_CURVE('',#2920,#2918,#162,.T.);
#3751=EDGE_CURVE('',#2919,#2920,#1047,.T.);
#3752=EDGE_CURVE('',#2921,#2919,#163,.T.);
#3753=EDGE_CURVE('',#2922,#2920,#164,.T.);
#3754=EDGE_CURVE('',#2921,#2922,#1048,.T.);
#3755=EDGE_CURVE('',#2923,#2921,#165,.T.);
#3756=EDGE_CURVE('',#2924,#2922,#166,.T.);
#3757=EDGE_CURVE('',#2923,#2924,#1049,.T.);
#3758=EDGE_CURVE('',#2925,#2923,#167,.T.);
#3759=EDGE_CURVE('',#2926,#2924,#168,.T.);
#3760=EDGE_CURVE('',#2925,#2926,#1050,.T.);
#3761=EDGE_CURVE('',#2927,#2925,#169,.T.);
#3762=EDGE_CURVE('',#2928,#2926,#170,.T.);
#3763=EDGE_CURVE('',#2927,#2928,#1051,.T.);
#3764=EDGE_CURVE('',#2929,#2927,#171,.T.);
#3765=EDGE_CURVE('',#2930,#2928,#172,.T.);
#3766=EDGE_CURVE('',#2929,#2930,#1052,.T.);
#3767=EDGE_CURVE('',#2931,#2929,#173,.T.);
#3768=EDGE_CURVE('',#2932,#2930,#174,.T.);
#3769=EDGE_CURVE('',#2931,#2932,#1053,.T.);
#3770=EDGE_CURVE('',#2933,#2931,#175,.T.);
#3771=EDGE_CURVE('',#2934,#2932,#176,.T.);
#3772=EDGE_CURVE('',#2933,#2934,#1054,.T.);
#3773=EDGE_CURVE('',#2935,#2933,#177,.T.);
#3774=EDGE_CURVE('',#2936,#2934,#178,.T.);
#3775=EDGE_CURVE('',#2935,#2936,#1055,.T.);
#3776=EDGE_CURVE('',#2937,#2935,#179,.T.);
#3777=EDGE_CURVE('',#2938,#2936,#180,.T.);
#3778=EDGE_CURVE('',#2937,#2938,#1056,.T.);
#3779=EDGE_CURVE('',#2939,#2937,#181,.T.);
#3780=EDGE_CURVE('',#2940,#2938,#182,.T.);
#3781=EDGE_CURVE('',#2939,#2940,#1057,.T.);
#3782=EDGE_CURVE('',#2941,#2939,#183,.T.);
#3783=EDGE_CURVE('',#2942,#2940,#184,.T.);
#3784=EDGE_CURVE('',#2941,#2942,#1058,.T.);
#3785=EDGE_CURVE('',#2943,#2941,#1059,.T.);
#3786=EDGE_CURVE('',#2944,#2942,#1060,.T.);
#3787=EDGE_CURVE('',#2943,#2944,#1061,.T.);
#3788=EDGE_CURVE('',#2945,#2943,#185,.T.);
#3789=EDGE_CURVE('',#2946,#2944,#186,.T.);
#3790=EDGE_CURVE('',#2945,#2946,#1062,.T.);
#3791=EDGE_CURVE('',#2947,#2945,#187,.T.);
#3792=EDGE_CURVE('',#2948,#2946,#188,.T.);
#3793=EDGE_CURVE('',#2947,#2948,#1063,.T.);
#3794=EDGE_CURVE('',#2949,#2947,#189,.T.);
#3795=EDGE_CURVE('',#2950,#2948,#190,.T.);
#3796=EDGE_CURVE('',#2949,#2950,#1064,.T.);
#3797=EDGE_CURVE('',#2951,#2949,#191,.T.);
#3798=EDGE_CURVE('',#2952,#2950,#192,.T.);
#3799=EDGE_CURVE('',#2951,#2952,#1065,.T.);
#3800=EDGE_CURVE('',#2953,#2951,#193,.T.);
#3801=EDGE_CURVE('',#2954,#2952,#194,.T.);
#3802=EDGE_CURVE('',#2953,#2954,#1066,.T.);
#3803=EDGE_CURVE('',#2955,#2953,#195,.T.);
#3804=EDGE_CURVE('',#2956,#2954,#196,.T.);
#3805=EDGE_CURVE('',#2955,#2956,#1067,.T.);
#3806=EDGE_CURVE('',#2957,#2955,#197,.T.);
#3807=EDGE_CURVE('',#2958,#2956,#198,.T.);
#3808=EDGE_CURVE('',#2957,#2958,#1068,.T.);
#3809=EDGE_CURVE('',#2959,#2957,#199,.T.);
#3810=EDGE_CURVE('',#2960,#2958,#200,.T.);
#3811=EDGE_CURVE('',#2959,#2960,#1069,.T.);
#3812=EDGE_CURVE('',#2961,#2959,#201,.T.);
#3813=EDGE_CURVE('',#2962,#2960,#202,.T.);
#3814=EDGE_CURVE('',#2961,#2962,#1070,.T.);
#3815=EDGE_CURVE('',#2963,#2961,#203,.T.);
#3816=EDGE_CURVE('',#2964,#2962,#204,.T.);
#3817=EDGE_CURVE('',#2963,#2964,#1071,.T.);
#3818=EDGE_CURVE('',#2965,#2963,#205,.T.);
#3819=EDGE_CURVE('',#2966,#2964,#206,.T.);
#3820=EDGE_CURVE('',#2965,#2966,#1072,.T.);
#3821=EDGE_CURVE('',#2967,#2965,#207,.T.);
#3822=EDGE_CURVE('',#2968,#2966,#208,.T.);
#3823=EDGE_CURVE('',#2967,#2968,#1073,.T.);
#3824=EDGE_CURVE('',#2969,#2967,#209,.T.);
#3825=EDGE_CURVE('',#2970,#2968,#210,.T.);
#3826=EDGE_CURVE('',#2969,#2970,#1074,.T.);
#3827=EDGE_CURVE('',#2971,#2969,#211,.T.);
#3828=EDGE_CURVE('',#2972,#2970,#212,.T.);
#3829=EDGE_CURVE('',#2971,#2972,#1075,.T.);
#3830=EDGE_CURVE('',#2973,#2971,#213,.T.);
#3831=EDGE_CURVE('',#2974,#2972,#214,.T.);
#3832=EDGE_CURVE('',#2973,#2974,#1076,.T.);
#3833=EDGE_CURVE('',#2975,#2973,#215,.T.);
#3834=EDGE_CURVE('',#2976,#2974,#216,.T.);
#3835=EDGE_CURVE('',#2975,#2976,#1077,.T.);
#3836=EDGE_CURVE('',#2977,#2975,#217,.T.);
#3837=EDGE_CURVE('',#2978,#2976,#218,.T.);
#3838=EDGE_CURVE('',#2977,#2978,#1078,.T.);
#3839=EDGE_CURVE('',#2979,#2977,#1079,.T.);
#3840=EDGE_CURVE('',#2980,#2978,#1080,.T.);
#3841=EDGE_CURVE('',#2979,#2980,#1081,.T.);
#3842=EDGE_CURVE('',#2981,#2979,#219,.T.);
#3843=EDGE_CURVE('',#2982,#2980,#220,.T.);
#3844=EDGE_CURVE('',#2981,#2982,#1082,.T.);
#3845=EDGE_CURVE('',#2983,#2981,#221,.T.);
#3846=EDGE_CURVE('',#2984,#2982,#222,.T.);
#3847=EDGE_CURVE('',#2983,#2984,#1083,.T.);
#3848=EDGE_CURVE('',#2985,#2983,#223,.T.);
#3849=EDGE_CURVE('',#2986,#2984,#224,.T.);
#3850=EDGE_CURVE('',#2985,#2986,#1084,.T.);
#3851=EDGE_CURVE('',#2916,#2985,#225,.T.);
#3852=EDGE_CURVE('',#2917,#2986,#226,.T.);
#3853=EDGE_CURVE('',#2987,#2988,#227,.T.);
#3854=EDGE_CURVE('',#2988,#2989,#1085,.T.);
#3855=EDGE_CURVE('',#2990,#2989,#228,.T.);
#3856=EDGE_CURVE('',#2987,#2990,#1086,.T.);
#3857=EDGE_CURVE('',#2991,#2987,#229,.T.);
#3858=EDGE_CURVE('',#2992,#2990,#230,.T.);
#3859=EDGE_CURVE('',#2991,#2992,#1087,.T.);
#3860=EDGE_CURVE('',#2993,#2991,#1088,.T.);
#3861=EDGE_CURVE('',#2994,#2992,#1089,.T.);
#3862=EDGE_CURVE('',#2993,#2994,#1090,.T.);
#3863=EDGE_CURVE('',#2995,#2993,#231,.T.);
#3864=EDGE_CURVE('',#2996,#2994,#232,.T.);
#3865=EDGE_CURVE('',#2995,#2996,#1091,.T.);
#3866=EDGE_CURVE('',#2997,#2995,#233,.T.);
#3867=EDGE_CURVE('',#2998,#2996,#234,.T.);
#3868=EDGE_CURVE('',#2997,#2998,#1092,.T.);
#3869=EDGE_CURVE('',#2999,#2997,#235,.T.);
#3870=EDGE_CURVE('',#3000,#2998,#236,.T.);
#3871=EDGE_CURVE('',#2999,#3000,#1093,.T.);
#3872=EDGE_CURVE('',#3001,#2999,#237,.T.);
#3873=EDGE_CURVE('',#3002,#3000,#238,.T.);
#3874=EDGE_CURVE('',#3001,#3002,#1094,.T.);
#3875=EDGE_CURVE('',#3003,#3001,#239,.T.);
#3876=EDGE_CURVE('',#3004,#3002,#240,.T.);
#3877=EDGE_CURVE('',#3003,#3004,#1095,.T.);
#3878=EDGE_CURVE('',#3005,#3003,#241,.T.);
#3879=EDGE_CURVE('',#3006,#3004,#242,.T.);
#3880=EDGE_CURVE('',#3005,#3006,#1096,.T.);
#3881=EDGE_CURVE('',#3007,#3005,#243,.T.);
#3882=EDGE_CURVE('',#3008,#3006,#244,.T.);
#3883=EDGE_CURVE('',#3007,#3008,#1097,.T.);
#3884=EDGE_CURVE('',#3009,#3007,#245,.T.);
#3885=EDGE_CURVE('',#3010,#3008,#246,.T.);
#3886=EDGE_CURVE('',#3009,#3010,#1098,.T.);
#3887=EDGE_CURVE('',#3011,#3009,#247,.T.);
#3888=EDGE_CURVE('',#3012,#3010,#248,.T.);
#3889=EDGE_CURVE('',#3011,#3012,#1099,.T.);
#3890=EDGE_CURVE('',#3013,#3011,#249,.T.);
#3891=EDGE_CURVE('',#3014,#3012,#250,.T.);
#3892=EDGE_CURVE('',#3013,#3014,#1100,.T.);
#3893=EDGE_CURVE('',#3015,#3013,#251,.T.);
#3894=EDGE_CURVE('',#3016,#3014,#252,.T.);
#3895=EDGE_CURVE('',#3015,#3016,#1101,.T.);
#3896=EDGE_CURVE('',#3017,#3015,#253,.T.);
#3897=EDGE_CURVE('',#3018,#3016,#254,.T.);
#3898=EDGE_CURVE('',#3017,#3018,#1102,.T.);
#3899=EDGE_CURVE('',#3019,#3017,#255,.T.);
#3900=EDGE_CURVE('',#3020,#3018,#256,.T.);
#3901=EDGE_CURVE('',#3019,#3020,#1103,.T.);
#3902=EDGE_CURVE('',#3021,#3019,#1104,.T.);
#3903=EDGE_CURVE('',#3022,#3020,#1105,.T.);
#3904=EDGE_CURVE('',#3021,#3022,#1106,.T.);
#3905=EDGE_CURVE('',#3023,#3021,#257,.T.);
#3906=EDGE_CURVE('',#3024,#3022,#258,.T.);
#3907=EDGE_CURVE('',#3023,#3024,#1107,.T.);
#3908=EDGE_CURVE('',#3025,#3023,#259,.T.);
#3909=EDGE_CURVE('',#3026,#3024,#260,.T.);
#3910=EDGE_CURVE('',#3025,#3026,#1108,.T.);
#3911=EDGE_CURVE('',#3027,#3025,#261,.T.);
#3912=EDGE_CURVE('',#3028,#3026,#262,.T.);
#3913=EDGE_CURVE('',#3027,#3028,#1109,.T.);
#3914=EDGE_CURVE('',#3029,#3027,#263,.T.);
#3915=EDGE_CURVE('',#3030,#3028,#264,.T.);
#3916=EDGE_CURVE('',#3029,#3030,#1110,.T.);
#3917=EDGE_CURVE('',#3031,#3029,#265,.T.);
#3918=EDGE_CURVE('',#3032,#3030,#266,.T.);
#3919=EDGE_CURVE('',#3031,#3032,#1111,.T.);
#3920=EDGE_CURVE('',#3033,#3031,#267,.T.);
#3921=EDGE_CURVE('',#3034,#3032,#268,.T.);
#3922=EDGE_CURVE('',#3033,#3034,#1112,.T.);
#3923=EDGE_CURVE('',#3035,#3033,#269,.T.);
#3924=EDGE_CURVE('',#3036,#3034,#270,.T.);
#3925=EDGE_CURVE('',#3035,#3036,#1113,.T.);
#3926=EDGE_CURVE('',#3037,#3035,#271,.T.);
#3927=EDGE_CURVE('',#3038,#3036,#272,.T.);
#3928=EDGE_CURVE('',#3037,#3038,#1114,.T.);
#3929=EDGE_CURVE('',#3039,#3037,#273,.T.);
#3930=EDGE_CURVE('',#3040,#3038,#274,.T.);
#3931=EDGE_CURVE('',#3039,#3040,#1115,.T.);
#3932=EDGE_CURVE('',#3041,#3039,#275,.T.);
#3933=EDGE_CURVE('',#3042,#3040,#276,.T.);
#3934=EDGE_CURVE('',#3041,#3042,#1116,.T.);
#3935=EDGE_CURVE('',#3043,#3041,#277,.T.);
#3936=EDGE_CURVE('',#3044,#3042,#278,.T.);
#3937=EDGE_CURVE('',#3043,#3044,#1117,.T.);
#3938=EDGE_CURVE('',#2988,#3043,#279,.T.);
#3939=EDGE_CURVE('',#2989,#3044,#280,.T.);
#3940=EDGE_CURVE('',#3045,#3046,#1118,.T.);
#3941=EDGE_CURVE('',#3046,#3047,#1119,.T.);
#3942=EDGE_CURVE('',#3048,#3047,#1120,.T.);
#3943=EDGE_CURVE('',#3045,#3048,#1121,.T.);
#3944=EDGE_CURVE('',#3049,#3045,#281,.T.);
#3945=EDGE_CURVE('',#3050,#3048,#282,.T.);
#3946=EDGE_CURVE('',#3049,#3050,#1122,.T.);
#3947=EDGE_CURVE('',#3051,#3049,#283,.T.);
#3948=EDGE_CURVE('',#3052,#3050,#284,.T.);
#3949=EDGE_CURVE('',#3051,#3052,#1123,.T.);
#3950=EDGE_CURVE('',#3053,#3051,#285,.T.);
#3951=EDGE_CURVE('',#3054,#3052,#286,.T.);
#3952=EDGE_CURVE('',#3053,#3054,#1124,.T.);
#3953=EDGE_CURVE('',#3055,#3053,#287,.T.);
#3954=EDGE_CURVE('',#3056,#3054,#288,.T.);
#3955=EDGE_CURVE('',#3055,#3056,#1125,.T.);
#3956=EDGE_CURVE('',#3057,#3055,#289,.T.);
#3957=EDGE_CURVE('',#3058,#3056,#290,.T.);
#3958=EDGE_CURVE('',#3057,#3058,#1126,.T.);
#3959=EDGE_CURVE('',#3059,#3057,#291,.T.);
#3960=EDGE_CURVE('',#3060,#3058,#292,.T.);
#3961=EDGE_CURVE('',#3059,#3060,#1127,.T.);
#3962=EDGE_CURVE('',#3061,#3059,#293,.T.);
#3963=EDGE_CURVE('',#3062,#3060,#294,.T.);
#3964=EDGE_CURVE('',#3061,#3062,#1128,.T.);
#3965=EDGE_CURVE('',#3063,#3061,#295,.T.);
#3966=EDGE_CURVE('',#3064,#3062,#296,.T.);
#3967=EDGE_CURVE('',#3063,#3064,#1129,.T.);
#3968=EDGE_CURVE('',#3065,#3063,#297,.T.);
#3969=EDGE_CURVE('',#3066,#3064,#298,.T.);
#3970=EDGE_CURVE('',#3065,#3066,#1130,.T.);
#3971=EDGE_CURVE('',#3067,#3065,#299,.T.);
#3972=EDGE_CURVE('',#3068,#3066,#300,.T.);
#3973=EDGE_CURVE('',#3067,#3068,#1131,.T.);
#3974=EDGE_CURVE('',#3069,#3067,#301,.T.);
#3975=EDGE_CURVE('',#3070,#3068,#302,.T.);
#3976=EDGE_CURVE('',#3069,#3070,#1132,.T.);
#3977=EDGE_CURVE('',#3071,#3069,#303,.T.);
#3978=EDGE_CURVE('',#3072,#3070,#304,.T.);
#3979=EDGE_CURVE('',#3071,#3072,#1133,.T.);
#3980=EDGE_CURVE('',#3073,#3071,#305,.T.);
#3981=EDGE_CURVE('',#3074,#3072,#306,.T.);
#3982=EDGE_CURVE('',#3073,#3074,#1134,.T.);
#3983=EDGE_CURVE('',#3075,#3073,#307,.T.);
#3984=EDGE_CURVE('',#3076,#3074,#308,.T.);
#3985=EDGE_CURVE('',#3075,#3076,#1135,.T.);
#3986=EDGE_CURVE('',#3077,#3075,#1136,.T.);
#3987=EDGE_CURVE('',#3078,#3076,#1137,.T.);
#3988=EDGE_CURVE('',#3077,#3078,#1138,.T.);
#3989=EDGE_CURVE('',#3079,#3077,#309,.T.);
#3990=EDGE_CURVE('',#3080,#3078,#310,.T.);
#3991=EDGE_CURVE('',#3079,#3080,#1139,.T.);
#3992=EDGE_CURVE('',#3081,#3079,#311,.T.);
#3993=EDGE_CURVE('',#3082,#3080,#312,.T.);
#3994=EDGE_CURVE('',#3081,#3082,#1140,.T.);
#3995=EDGE_CURVE('',#3083,#3081,#1141,.T.);
#3996=EDGE_CURVE('',#3084,#3082,#1142,.T.);
#3997=EDGE_CURVE('',#3083,#3084,#1143,.T.);
#3998=EDGE_CURVE('',#3085,#3083,#1144,.T.);
#3999=EDGE_CURVE('',#3086,#3084,#1145,.T.);
#4000=EDGE_CURVE('',#3085,#3086,#1146,.T.);
#4001=EDGE_CURVE('',#3087,#3085,#1147,.T.);
#4002=EDGE_CURVE('',#3088,#3086,#1148,.T.);
#4003=EDGE_CURVE('',#3087,#3088,#1149,.T.);
#4004=EDGE_CURVE('',#3089,#3087,#313,.T.);
#4005=EDGE_CURVE('',#3090,#3088,#314,.T.);
#4006=EDGE_CURVE('',#3089,#3090,#1150,.T.);
#4007=EDGE_CURVE('',#3091,#3089,#315,.T.);
#4008=EDGE_CURVE('',#3092,#3090,#316,.T.);
#4009=EDGE_CURVE('',#3091,#3092,#1151,.T.);
#4010=EDGE_CURVE('',#3093,#3091,#317,.T.);
#4011=EDGE_CURVE('',#3094,#3092,#318,.T.);
#4012=EDGE_CURVE('',#3093,#3094,#1152,.T.);
#4013=EDGE_CURVE('',#3095,#3093,#319,.T.);
#4014=EDGE_CURVE('',#3096,#3094,#320,.T.);
#4015=EDGE_CURVE('',#3095,#3096,#1153,.T.);
#4016=EDGE_CURVE('',#3097,#3095,#321,.T.);
#4017=EDGE_CURVE('',#3098,#3096,#322,.T.);
#4018=EDGE_CURVE('',#3097,#3098,#1154,.T.);
#4019=EDGE_CURVE('',#3099,#3097,#323,.T.);
#4020=EDGE_CURVE('',#3100,#3098,#324,.T.);
#4021=EDGE_CURVE('',#3099,#3100,#1155,.T.);
#4022=EDGE_CURVE('',#3101,#3099,#325,.T.);
#4023=EDGE_CURVE('',#3102,#3100,#326,.T.);
#4024=EDGE_CURVE('',#3101,#3102,#1156,.T.);
#4025=EDGE_CURVE('',#3103,#3101,#327,.T.);
#4026=EDGE_CURVE('',#3104,#3102,#328,.T.);
#4027=EDGE_CURVE('',#3103,#3104,#1157,.T.);
#4028=EDGE_CURVE('',#3105,#3103,#329,.T.);
#4029=EDGE_CURVE('',#3106,#3104,#330,.T.);
#4030=EDGE_CURVE('',#3105,#3106,#1158,.T.);
#4031=EDGE_CURVE('',#3107,#3105,#331,.T.);
#4032=EDGE_CURVE('',#3108,#3106,#332,.T.);
#4033=EDGE_CURVE('',#3107,#3108,#1159,.T.);
#4034=EDGE_CURVE('',#3109,#3107,#333,.T.);
#4035=EDGE_CURVE('',#3110,#3108,#334,.T.);
#4036=EDGE_CURVE('',#3109,#3110,#1160,.T.);
#4037=EDGE_CURVE('',#3111,#3109,#335,.T.);
#4038=EDGE_CURVE('',#3112,#3110,#336,.T.);
#4039=EDGE_CURVE('',#3111,#3112,#1161,.T.);
#4040=EDGE_CURVE('',#3113,#3111,#337,.T.);
#4041=EDGE_CURVE('',#3114,#3112,#338,.T.);
#4042=EDGE_CURVE('',#3113,#3114,#1162,.T.);
#4043=EDGE_CURVE('',#3115,#3113,#1163,.T.);
#4044=EDGE_CURVE('',#3116,#3114,#1164,.T.);
#4045=EDGE_CURVE('',#3115,#3116,#1165,.T.);
#4046=EDGE_CURVE('',#3117,#3115,#339,.T.);
#4047=EDGE_CURVE('',#3118,#3116,#340,.T.);
#4048=EDGE_CURVE('',#3117,#3118,#1166,.T.);
#4049=EDGE_CURVE('',#3119,#3117,#341,.T.);
#4050=EDGE_CURVE('',#3120,#3118,#342,.T.);
#4051=EDGE_CURVE('',#3119,#3120,#1167,.T.);
#4052=EDGE_CURVE('',#3121,#3119,#1168,.T.);
#4053=EDGE_CURVE('',#3122,#3120,#1169,.T.);
#4054=EDGE_CURVE('',#3121,#3122,#1170,.T.);
#4055=EDGE_CURVE('',#3046,#3121,#1171,.T.);
#4056=EDGE_CURVE('',#3047,#3122,#1172,.T.);
#4057=EDGE_CURVE('',#3123,#3124,#1173,.T.);
#4058=EDGE_CURVE('',#3124,#3125,#1174,.T.);
#4059=EDGE_CURVE('',#3126,#3125,#1175,.T.);
#4060=EDGE_CURVE('',#3123,#3126,#1176,.T.);
#4061=EDGE_CURVE('',#3127,#3123,#1177,.T.);
#4062=EDGE_CURVE('',#3128,#3126,#1178,.T.);
#4063=EDGE_CURVE('',#3127,#3128,#1179,.T.);
#4064=EDGE_CURVE('',#3129,#3127,#1180,.T.);
#4065=EDGE_CURVE('',#3130,#3128,#1181,.T.);
#4066=EDGE_CURVE('',#3129,#3130,#1182,.T.);
#4067=EDGE_CURVE('',#3131,#3129,#1183,.T.);
#4068=EDGE_CURVE('',#3132,#3130,#1184,.T.);
#4069=EDGE_CURVE('',#3131,#3132,#1185,.T.);
#4070=EDGE_CURVE('',#3133,#3131,#1186,.T.);
#4071=EDGE_CURVE('',#3134,#3132,#1187,.T.);
#4072=EDGE_CURVE('',#3133,#3134,#1188,.T.);
#4073=EDGE_CURVE('',#3135,#3133,#1189,.T.);
#4074=EDGE_CURVE('',#3136,#3134,#1190,.T.);
#4075=EDGE_CURVE('',#3135,#3136,#1191,.T.);
#4076=EDGE_CURVE('',#3137,#3135,#1192,.T.);
#4077=EDGE_CURVE('',#3138,#3136,#1193,.T.);
#4078=EDGE_CURVE('',#3137,#3138,#1194,.T.);
#4079=EDGE_CURVE('',#3139,#3137,#1195,.T.);
#4080=EDGE_CURVE('',#3140,#3138,#1196,.T.);
#4081=EDGE_CURVE('',#3139,#3140,#1197,.T.);
#4082=EDGE_CURVE('',#3124,#3139,#1198,.T.);
#4083=EDGE_CURVE('',#3125,#3140,#1199,.T.);
#4084=EDGE_CURVE('',#3141,#3142,#343,.T.);
#4085=EDGE_CURVE('',#3142,#3143,#1200,.T.);
#4086=EDGE_CURVE('',#3144,#3143,#344,.T.);
#4087=EDGE_CURVE('',#3141,#3144,#1201,.T.);
#4088=EDGE_CURVE('',#3145,#3141,#345,.T.);
#4089=EDGE_CURVE('',#3146,#3144,#346,.T.);
#4090=EDGE_CURVE('',#3145,#3146,#1202,.T.);
#4091=EDGE_CURVE('',#3147,#3145,#347,.T.);
#4092=EDGE_CURVE('',#3148,#3146,#348,.T.);
#4093=EDGE_CURVE('',#3147,#3148,#1203,.T.);
#4094=EDGE_CURVE('',#3149,#3147,#349,.T.);
#4095=EDGE_CURVE('',#3150,#3148,#350,.T.);
#4096=EDGE_CURVE('',#3149,#3150,#1204,.T.);
#4097=EDGE_CURVE('',#3151,#3149,#351,.T.);
#4098=EDGE_CURVE('',#3152,#3150,#352,.T.);
#4099=EDGE_CURVE('',#3151,#3152,#1205,.T.);
#4100=EDGE_CURVE('',#3153,#3151,#353,.T.);
#4101=EDGE_CURVE('',#3154,#3152,#354,.T.);
#4102=EDGE_CURVE('',#3153,#3154,#1206,.T.);
#4103=EDGE_CURVE('',#3155,#3153,#355,.T.);
#4104=EDGE_CURVE('',#3156,#3154,#356,.T.);
#4105=EDGE_CURVE('',#3155,#3156,#1207,.T.);
#4106=EDGE_CURVE('',#3157,#3155,#357,.T.);
#4107=EDGE_CURVE('',#3158,#3156,#358,.T.);
#4108=EDGE_CURVE('',#3157,#3158,#1208,.T.);
#4109=EDGE_CURVE('',#3159,#3157,#359,.T.);
#4110=EDGE_CURVE('',#3160,#3158,#360,.T.);
#4111=EDGE_CURVE('',#3159,#3160,#1209,.T.);
#4112=EDGE_CURVE('',#3161,#3159,#361,.T.);
#4113=EDGE_CURVE('',#3162,#3160,#362,.T.);
#4114=EDGE_CURVE('',#3161,#3162,#1210,.T.);
#4115=EDGE_CURVE('',#3163,#3161,#363,.T.);
#4116=EDGE_CURVE('',#3164,#3162,#364,.T.);
#4117=EDGE_CURVE('',#3163,#3164,#1211,.T.);
#4118=EDGE_CURVE('',#3165,#3163,#365,.T.);
#4119=EDGE_CURVE('',#3166,#3164,#366,.T.);
#4120=EDGE_CURVE('',#3165,#3166,#1212,.T.);
#4121=EDGE_CURVE('',#3167,#3165,#367,.T.);
#4122=EDGE_CURVE('',#3168,#3166,#368,.T.);
#4123=EDGE_CURVE('',#3167,#3168,#1213,.T.);
#4124=EDGE_CURVE('',#3169,#3167,#369,.T.);
#4125=EDGE_CURVE('',#3170,#3168,#370,.T.);
#4126=EDGE_CURVE('',#3169,#3170,#1214,.T.);
#4127=EDGE_CURVE('',#3171,#3169,#371,.T.);
#4128=EDGE_CURVE('',#3172,#3170,#372,.T.);
#4129=EDGE_CURVE('',#3171,#3172,#1215,.T.);
#4130=EDGE_CURVE('',#3142,#3171,#373,.T.);
#4131=EDGE_CURVE('',#3143,#3172,#374,.T.);
#4132=EDGE_CURVE('',#3173,#3174,#375,.T.);
#4133=EDGE_CURVE('',#3174,#3175,#1216,.T.);
#4134=EDGE_CURVE('',#3176,#3175,#376,.T.);
#4135=EDGE_CURVE('',#3173,#3176,#1217,.T.);
#4136=EDGE_CURVE('',#3177,#3173,#377,.T.);
#4137=EDGE_CURVE('',#3178,#3176,#378,.T.);
#4138=EDGE_CURVE('',#3177,#3178,#1218,.T.);
#4139=EDGE_CURVE('',#3179,#3177,#379,.T.);
#4140=EDGE_CURVE('',#3180,#3178,#380,.T.);
#4141=EDGE_CURVE('',#3179,#3180,#1219,.T.);
#4142=EDGE_CURVE('',#3181,#3179,#381,.T.);
#4143=EDGE_CURVE('',#3182,#3180,#382,.T.);
#4144=EDGE_CURVE('',#3181,#3182,#1220,.T.);
#4145=EDGE_CURVE('',#3183,#3181,#383,.T.);
#4146=EDGE_CURVE('',#3184,#3182,#384,.T.);
#4147=EDGE_CURVE('',#3183,#3184,#1221,.T.);
#4148=EDGE_CURVE('',#3185,#3183,#385,.T.);
#4149=EDGE_CURVE('',#3186,#3184,#386,.T.);
#4150=EDGE_CURVE('',#3185,#3186,#1222,.T.);
#4151=EDGE_CURVE('',#3187,#3185,#387,.T.);
#4152=EDGE_CURVE('',#3188,#3186,#388,.T.);
#4153=EDGE_CURVE('',#3187,#3188,#1223,.T.);
#4154=EDGE_CURVE('',#3189,#3187,#389,.T.);
#4155=EDGE_CURVE('',#3190,#3188,#390,.T.);
#4156=EDGE_CURVE('',#3189,#3190,#1224,.T.);
#4157=EDGE_CURVE('',#3191,#3189,#391,.T.);
#4158=EDGE_CURVE('',#3192,#3190,#392,.T.);
#4159=EDGE_CURVE('',#3191,#3192,#1225,.T.);
#4160=EDGE_CURVE('',#3193,#3191,#393,.T.);
#4161=EDGE_CURVE('',#3194,#3192,#394,.T.);
#4162=EDGE_CURVE('',#3193,#3194,#1226,.T.);
#4163=EDGE_CURVE('',#3195,#3193,#395,.T.);
#4164=EDGE_CURVE('',#3196,#3194,#396,.T.);
#4165=EDGE_CURVE('',#3195,#3196,#1227,.T.);
#4166=EDGE_CURVE('',#3197,#3195,#397,.T.);
#4167=EDGE_CURVE('',#3198,#3196,#398,.T.);
#4168=EDGE_CURVE('',#3197,#3198,#1228,.T.);
#4169=EDGE_CURVE('',#3199,#3197,#399,.T.);
#4170=EDGE_CURVE('',#3200,#3198,#400,.T.);
#4171=EDGE_CURVE('',#3199,#3200,#1229,.T.);
#4172=EDGE_CURVE('',#3201,#3199,#401,.T.);
#4173=EDGE_CURVE('',#3202,#3200,#402,.T.);
#4174=EDGE_CURVE('',#3201,#3202,#1230,.T.);
#4175=EDGE_CURVE('',#3203,#3201,#403,.T.);
#4176=EDGE_CURVE('',#3204,#3202,#404,.T.);
#4177=EDGE_CURVE('',#3203,#3204,#1231,.T.);
#4178=EDGE_CURVE('',#3174,#3203,#405,.T.);
#4179=EDGE_CURVE('',#3175,#3204,#406,.T.);
#4180=EDGE_CURVE('',#3205,#3206,#1232,.T.);
#4181=EDGE_CURVE('',#3206,#3207,#1233,.T.);
#4182=EDGE_CURVE('',#3208,#3207,#1234,.T.);
#4183=EDGE_CURVE('',#3205,#3208,#1235,.T.);
#4184=EDGE_CURVE('',#3209,#3205,#407,.T.);
#4185=EDGE_CURVE('',#3210,#3208,#408,.T.);
#4186=EDGE_CURVE('',#3209,#3210,#1236,.T.);
#4187=EDGE_CURVE('',#3211,#3209,#409,.T.);
#4188=EDGE_CURVE('',#3212,#3210,#410,.T.);
#4189=EDGE_CURVE('',#3211,#3212,#1237,.T.);
#4190=EDGE_CURVE('',#3213,#3211,#411,.T.);
#4191=EDGE_CURVE('',#3214,#3212,#412,.T.);
#4192=EDGE_CURVE('',#3213,#3214,#1238,.T.);
#4193=EDGE_CURVE('',#3215,#3213,#413,.T.);
#4194=EDGE_CURVE('',#3216,#3214,#414,.T.);
#4195=EDGE_CURVE('',#3215,#3216,#1239,.T.);
#4196=EDGE_CURVE('',#3217,#3215,#415,.T.);
#4197=EDGE_CURVE('',#3218,#3216,#416,.T.);
#4198=EDGE_CURVE('',#3217,#3218,#1240,.T.);
#4199=EDGE_CURVE('',#3219,#3217,#417,.T.);
#4200=EDGE_CURVE('',#3220,#3218,#418,.T.);
#4201=EDGE_CURVE('',#3219,#3220,#1241,.T.);
#4202=EDGE_CURVE('',#3221,#3219,#419,.T.);
#4203=EDGE_CURVE('',#3222,#3220,#420,.T.);
#4204=EDGE_CURVE('',#3221,#3222,#1242,.T.);
#4205=EDGE_CURVE('',#3223,#3221,#421,.T.);
#4206=EDGE_CURVE('',#3224,#3222,#422,.T.);
#4207=EDGE_CURVE('',#3223,#3224,#1243,.T.);
#4208=EDGE_CURVE('',#3225,#3223,#423,.T.);
#4209=EDGE_CURVE('',#3226,#3224,#424,.T.);
#4210=EDGE_CURVE('',#3225,#3226,#1244,.T.);
#4211=EDGE_CURVE('',#3227,#3225,#425,.T.);
#4212=EDGE_CURVE('',#3228,#3226,#426,.T.);
#4213=EDGE_CURVE('',#3227,#3228,#1245,.T.);
#4214=EDGE_CURVE('',#3229,#3227,#427,.T.);
#4215=EDGE_CURVE('',#3230,#3228,#428,.T.);
#4216=EDGE_CURVE('',#3229,#3230,#1246,.T.);
#4217=EDGE_CURVE('',#3231,#3229,#429,.T.);
#4218=EDGE_CURVE('',#3232,#3230,#430,.T.);
#4219=EDGE_CURVE('',#3231,#3232,#1247,.T.);
#4220=EDGE_CURVE('',#3233,#3231,#431,.T.);
#4221=EDGE_CURVE('',#3234,#3232,#432,.T.);
#4222=EDGE_CURVE('',#3233,#3234,#1248,.T.);
#4223=EDGE_CURVE('',#3235,#3233,#433,.T.);
#4224=EDGE_CURVE('',#3236,#3234,#434,.T.);
#4225=EDGE_CURVE('',#3235,#3236,#1249,.T.);
#4226=EDGE_CURVE('',#3237,#3235,#1250,.T.);
#4227=EDGE_CURVE('',#3238,#3236,#1251,.T.);
#4228=EDGE_CURVE('',#3237,#3238,#1252,.T.);
#4229=EDGE_CURVE('',#3239,#3237,#435,.T.);
#4230=EDGE_CURVE('',#3240,#3238,#436,.T.);
#4231=EDGE_CURVE('',#3239,#3240,#1253,.T.);
#4232=EDGE_CURVE('',#3241,#3239,#437,.T.);
#4233=EDGE_CURVE('',#3242,#3240,#438,.T.);
#4234=EDGE_CURVE('',#3241,#3242,#1254,.T.);
#4235=EDGE_CURVE('',#3243,#3241,#1255,.T.);
#4236=EDGE_CURVE('',#3244,#3242,#1256,.T.);
#4237=EDGE_CURVE('',#3243,#3244,#1257,.T.);
#4238=EDGE_CURVE('',#3245,#3243,#1258,.T.);
#4239=EDGE_CURVE('',#3246,#3244,#1259,.T.);
#4240=EDGE_CURVE('',#3245,#3246,#1260,.T.);
#4241=EDGE_CURVE('',#3247,#3245,#1261,.T.);
#4242=EDGE_CURVE('',#3248,#3246,#1262,.T.);
#4243=EDGE_CURVE('',#3247,#3248,#1263,.T.);
#4244=EDGE_CURVE('',#3249,#3247,#439,.T.);
#4245=EDGE_CURVE('',#3250,#3248,#440,.T.);
#4246=EDGE_CURVE('',#3249,#3250,#1264,.T.);
#4247=EDGE_CURVE('',#3251,#3249,#441,.T.);
#4248=EDGE_CURVE('',#3252,#3250,#442,.T.);
#4249=EDGE_CURVE('',#3251,#3252,#1265,.T.);
#4250=EDGE_CURVE('',#3253,#3251,#443,.T.);
#4251=EDGE_CURVE('',#3254,#3252,#444,.T.);
#4252=EDGE_CURVE('',#3253,#3254,#1266,.T.);
#4253=EDGE_CURVE('',#3255,#3253,#445,.T.);
#4254=EDGE_CURVE('',#3256,#3254,#446,.T.);
#4255=EDGE_CURVE('',#3255,#3256,#1267,.T.);
#4256=EDGE_CURVE('',#3257,#3255,#447,.T.);
#4257=EDGE_CURVE('',#3258,#3256,#448,.T.);
#4258=EDGE_CURVE('',#3257,#3258,#1268,.T.);
#4259=EDGE_CURVE('',#3259,#3257,#449,.T.);
#4260=EDGE_CURVE('',#3260,#3258,#450,.T.);
#4261=EDGE_CURVE('',#3259,#3260,#1269,.T.);
#4262=EDGE_CURVE('',#3261,#3259,#451,.T.);
#4263=EDGE_CURVE('',#3262,#3260,#452,.T.);
#4264=EDGE_CURVE('',#3261,#3262,#1270,.T.);
#4265=EDGE_CURVE('',#3263,#3261,#453,.T.);
#4266=EDGE_CURVE('',#3264,#3262,#454,.T.);
#4267=EDGE_CURVE('',#3263,#3264,#1271,.T.);
#4268=EDGE_CURVE('',#3265,#3263,#455,.T.);
#4269=EDGE_CURVE('',#3266,#3264,#456,.T.);
#4270=EDGE_CURVE('',#3265,#3266,#1272,.T.);
#4271=EDGE_CURVE('',#3267,#3265,#457,.T.);
#4272=EDGE_CURVE('',#3268,#3266,#458,.T.);
#4273=EDGE_CURVE('',#3267,#3268,#1273,.T.);
#4274=EDGE_CURVE('',#3269,#3267,#459,.T.);
#4275=EDGE_CURVE('',#3270,#3268,#460,.T.);
#4276=EDGE_CURVE('',#3269,#3270,#1274,.T.);
#4277=EDGE_CURVE('',#3271,#3269,#461,.T.);
#4278=EDGE_CURVE('',#3272,#3270,#462,.T.);
#4279=EDGE_CURVE('',#3271,#3272,#1275,.T.);
#4280=EDGE_CURVE('',#3273,#3271,#463,.T.);
#4281=EDGE_CURVE('',#3274,#3272,#464,.T.);
#4282=EDGE_CURVE('',#3273,#3274,#1276,.T.);
#4283=EDGE_CURVE('',#3275,#3273,#1277,.T.);
#4284=EDGE_CURVE('',#3276,#3274,#1278,.T.);
#4285=EDGE_CURVE('',#3275,#3276,#1279,.T.);
#4286=EDGE_CURVE('',#3277,#3275,#465,.T.);
#4287=EDGE_CURVE('',#3278,#3276,#466,.T.);
#4288=EDGE_CURVE('',#3277,#3278,#1280,.T.);
#4289=EDGE_CURVE('',#3279,#3277,#467,.T.);
#4290=EDGE_CURVE('',#3280,#3278,#468,.T.);
#4291=EDGE_CURVE('',#3279,#3280,#1281,.T.);
#4292=EDGE_CURVE('',#3281,#3279,#1282,.T.);
#4293=EDGE_CURVE('',#3282,#3280,#1283,.T.);
#4294=EDGE_CURVE('',#3281,#3282,#1284,.T.);
#4295=EDGE_CURVE('',#3206,#3281,#1285,.T.);
#4296=EDGE_CURVE('',#3207,#3282,#1286,.T.);
#4297=ORIENTED_EDGE('',*,*,#3283,.T.);
#4298=ORIENTED_EDGE('',*,*,#3284,.T.);
#4299=ORIENTED_EDGE('',*,*,#3285,.T.);
#4300=ORIENTED_EDGE('',*,*,#3286,.F.);
#4301=ORIENTED_EDGE('',*,*,#3287,.F.);
#4302=ORIENTED_EDGE('',*,*,#3288,.F.);
#4303=ORIENTED_EDGE('',*,*,#3289,.F.);
#4304=ORIENTED_EDGE('',*,*,#3286,.T.);
#4305=ORIENTED_EDGE('',*,*,#3290,.T.);
#4306=ORIENTED_EDGE('',*,*,#3288,.T.);
#4307=ORIENTED_EDGE('',*,*,#3291,.F.);
#4308=ORIENTED_EDGE('',*,*,#3292,.F.);
#4309=ORIENTED_EDGE('',*,*,#3285,.F.);
#4310=ORIENTED_EDGE('',*,*,#3293,.F.);
#4311=ORIENTED_EDGE('',*,*,#3291,.T.);
#4312=ORIENTED_EDGE('',*,*,#3290,.F.);
#4313=ORIENTED_EDGE('',*,*,#3294,.T.);
#4314=ORIENTED_EDGE('',*,*,#3295,.T.);
#4315=ORIENTED_EDGE('',*,*,#3296,.T.);
#4316=ORIENTED_EDGE('',*,*,#3295,.F.);
#4317=ORIENTED_EDGE('',*,*,#3297,.T.);
#4318=ORIENTED_EDGE('',*,*,#3298,.T.);
#4319=ORIENTED_EDGE('',*,*,#3299,.T.);
#4320=ORIENTED_EDGE('',*,*,#3300,.T.);
#4321=ORIENTED_EDGE('',*,*,#3301,.F.);
#4322=ORIENTED_EDGE('',*,*,#3294,.F.);
#4323=ORIENTED_EDGE('',*,*,#3296,.F.);
#4324=ORIENTED_EDGE('',*,*,#3302,.T.);
#4325=ORIENTED_EDGE('',*,*,#3284,.F.);
#4326=ORIENTED_EDGE('',*,*,#3302,.F.);
#4327=ORIENTED_EDGE('',*,*,#3301,.T.);
#4328=ORIENTED_EDGE('',*,*,#3303,.T.);
#4329=ORIENTED_EDGE('',*,*,#3304,.T.);
#4330=ORIENTED_EDGE('',*,*,#3303,.F.);
#4331=ORIENTED_EDGE('',*,*,#3304,.F.);
#4332=ORIENTED_EDGE('',*,*,#3305,.T.);
#4333=ORIENTED_EDGE('',*,*,#3283,.F.);
#4334=ORIENTED_EDGE('',*,*,#3305,.F.);
#4335=ORIENTED_EDGE('',*,*,#3306,.T.);
#4336=ORIENTED_EDGE('',*,*,#3307,.T.);
#4337=ORIENTED_EDGE('',*,*,#3308,.T.);
#4338=ORIENTED_EDGE('',*,*,#3309,.T.);
#4339=ORIENTED_EDGE('',*,*,#3309,.F.);
#4340=ORIENTED_EDGE('',*,*,#3310,.F.);
#4341=ORIENTED_EDGE('',*,*,#3311,.F.);
#4342=ORIENTED_EDGE('',*,*,#3312,.F.);
#4343=ORIENTED_EDGE('',*,*,#3308,.F.);
#4344=ORIENTED_EDGE('',*,*,#3313,.T.);
#4345=ORIENTED_EDGE('',*,*,#3314,.F.);
#4346=ORIENTED_EDGE('',*,*,#3315,.T.);
#4347=ORIENTED_EDGE('',*,*,#3316,.F.);
#4348=ORIENTED_EDGE('',*,*,#3317,.T.);
#4349=ORIENTED_EDGE('',*,*,#3318,.F.);
#4350=ORIENTED_EDGE('',*,*,#3310,.T.);
#4351=ORIENTED_EDGE('',*,*,#3319,.F.);
#4352=ORIENTED_EDGE('',*,*,#3320,.F.);
#4353=ORIENTED_EDGE('',*,*,#3321,.F.);
#4354=ORIENTED_EDGE('',*,*,#3322,.F.);
#4355=ORIENTED_EDGE('',*,*,#3323,.T.);
#4356=ORIENTED_EDGE('',*,*,#3324,.T.);
#4357=ORIENTED_EDGE('',*,*,#3314,.T.);
#4358=ORIENTED_EDGE('',*,*,#3325,.T.);
#4359=ORIENTED_EDGE('',*,*,#3324,.F.);
#4360=ORIENTED_EDGE('',*,*,#3326,.F.);
#4361=ORIENTED_EDGE('',*,*,#3327,.F.);
#4362=ORIENTED_EDGE('',*,*,#3315,.F.);
#4363=ORIENTED_EDGE('',*,*,#3328,.T.);
#4364=ORIENTED_EDGE('',*,*,#3329,.T.);
#4365=ORIENTED_EDGE('',*,*,#3316,.T.);
#4366=ORIENTED_EDGE('',*,*,#3327,.T.);
#4367=ORIENTED_EDGE('',*,*,#3330,.T.);
#4368=ORIENTED_EDGE('',*,*,#3311,.T.);
#4369=ORIENTED_EDGE('',*,*,#3318,.T.);
#4370=ORIENTED_EDGE('',*,*,#3331,.T.);
#4371=ORIENTED_EDGE('',*,*,#3306,.F.);
#4372=ORIENTED_EDGE('',*,*,#3312,.T.);
#4373=ORIENTED_EDGE('',*,*,#3330,.F.);
#4374=ORIENTED_EDGE('',*,*,#3332,.T.);
#4375=ORIENTED_EDGE('',*,*,#3328,.F.);
#4376=ORIENTED_EDGE('',*,*,#3326,.T.);
#4377=ORIENTED_EDGE('',*,*,#3323,.F.);
#4378=ORIENTED_EDGE('',*,*,#3333,.T.);
#4379=ORIENTED_EDGE('',*,*,#3334,.T.);
#4380=ORIENTED_EDGE('',*,*,#3335,.T.);
#4381=ORIENTED_EDGE('',*,*,#3336,.T.);
#4382=ORIENTED_EDGE('',*,*,#3337,.T.);
#4383=ORIENTED_EDGE('',*,*,#3321,.T.);
#4384=ORIENTED_EDGE('',*,*,#3338,.T.);
#4385=ORIENTED_EDGE('',*,*,#3300,.F.);
#4386=ORIENTED_EDGE('',*,*,#3339,.T.);
#4387=ORIENTED_EDGE('',*,*,#3298,.F.);
#4388=ORIENTED_EDGE('',*,*,#3340,.T.);
#4389=ORIENTED_EDGE('',*,*,#3319,.T.);
#4390=ORIENTED_EDGE('',*,*,#3341,.F.);
#4391=ORIENTED_EDGE('',*,*,#3320,.T.);
#4392=ORIENTED_EDGE('',*,*,#3340,.F.);
#4393=ORIENTED_EDGE('',*,*,#3297,.F.);
#4394=ORIENTED_EDGE('',*,*,#3338,.F.);
#4395=ORIENTED_EDGE('',*,*,#3322,.T.);
#4396=ORIENTED_EDGE('',*,*,#3339,.F.);
#4397=ORIENTED_EDGE('',*,*,#3299,.F.);
#4398=ORIENTED_EDGE('',*,*,#3341,.T.);
#4399=ORIENTED_EDGE('',*,*,#3342,.F.);
#4400=ORIENTED_EDGE('',*,*,#3343,.T.);
#4401=ORIENTED_EDGE('',*,*,#3337,.F.);
#4402=ORIENTED_EDGE('',*,*,#3344,.F.);
#4403=ORIENTED_EDGE('',*,*,#3345,.F.);
#4404=ORIENTED_EDGE('',*,*,#3346,.T.);
#4405=ORIENTED_EDGE('',*,*,#3334,.F.);
#4406=ORIENTED_EDGE('',*,*,#3343,.F.);
#4407=ORIENTED_EDGE('',*,*,#3347,.F.);
#4408=ORIENTED_EDGE('',*,*,#3348,.T.);
#4409=ORIENTED_EDGE('',*,*,#3335,.F.);
#4410=ORIENTED_EDGE('',*,*,#3346,.F.);
#4411=ORIENTED_EDGE('',*,*,#3349,.F.);
#4412=ORIENTED_EDGE('',*,*,#3344,.T.);
#4413=ORIENTED_EDGE('',*,*,#3336,.F.);
#4414=ORIENTED_EDGE('',*,*,#3348,.F.);
#4415=ORIENTED_EDGE('',*,*,#3307,.F.);
#4416=ORIENTED_EDGE('',*,*,#3333,.F.);
#4417=ORIENTED_EDGE('',*,*,#3325,.F.);
#4418=ORIENTED_EDGE('',*,*,#3313,.F.);
#4419=ORIENTED_EDGE('',*,*,#3329,.F.);
#4420=ORIENTED_EDGE('',*,*,#3332,.F.);
#4421=ORIENTED_EDGE('',*,*,#3331,.F.);
#4422=ORIENTED_EDGE('',*,*,#3317,.F.);
#4423=ORIENTED_EDGE('',*,*,#3345,.T.);
#4424=ORIENTED_EDGE('',*,*,#3342,.T.);
#4425=ORIENTED_EDGE('',*,*,#3349,.T.);
#4426=ORIENTED_EDGE('',*,*,#3347,.T.);
#4427=ORIENTED_EDGE('',*,*,#3287,.T.);
#4428=ORIENTED_EDGE('',*,*,#3289,.T.);
#4429=ORIENTED_EDGE('',*,*,#3292,.T.);
#4430=ORIENTED_EDGE('',*,*,#3293,.T.);
#4431=ORIENTED_EDGE('',*,*,#3350,.T.);
#4432=ORIENTED_EDGE('',*,*,#3351,.T.);
#4433=ORIENTED_EDGE('',*,*,#3352,.T.);
#4434=ORIENTED_EDGE('',*,*,#3353,.T.);
#4435=ORIENTED_EDGE('',*,*,#3353,.F.);
#4436=ORIENTED_EDGE('',*,*,#3354,.T.);
#4437=ORIENTED_EDGE('',*,*,#3355,.F.);
#4438=ORIENTED_EDGE('',*,*,#3356,.F.);
#4439=ORIENTED_EDGE('',*,*,#3352,.F.);
#4440=ORIENTED_EDGE('',*,*,#3357,.F.);
#4441=ORIENTED_EDGE('',*,*,#3358,.F.);
#4442=ORIENTED_EDGE('',*,*,#3359,.F.);
#4443=ORIENTED_EDGE('',*,*,#3360,.F.);
#4444=ORIENTED_EDGE('',*,*,#3361,.F.);
#4445=ORIENTED_EDGE('',*,*,#3362,.F.);
#4446=ORIENTED_EDGE('',*,*,#3354,.F.);
#4447=ORIENTED_EDGE('',*,*,#3363,.F.);
#4448=ORIENTED_EDGE('',*,*,#3364,.F.);
#4449=ORIENTED_EDGE('',*,*,#3365,.F.);
#4450=ORIENTED_EDGE('',*,*,#3366,.F.);
#4451=ORIENTED_EDGE('',*,*,#3367,.T.);
#4452=ORIENTED_EDGE('',*,*,#3368,.T.);
#4453=ORIENTED_EDGE('',*,*,#3358,.T.);
#4454=ORIENTED_EDGE('',*,*,#3369,.T.);
#4455=ORIENTED_EDGE('',*,*,#3368,.F.);
#4456=ORIENTED_EDGE('',*,*,#3370,.F.);
#4457=ORIENTED_EDGE('',*,*,#3371,.F.);
#4458=ORIENTED_EDGE('',*,*,#3359,.T.);
#4459=ORIENTED_EDGE('',*,*,#3350,.F.);
#4460=ORIENTED_EDGE('',*,*,#3356,.T.);
#4461=ORIENTED_EDGE('',*,*,#3372,.F.);
#4462=ORIENTED_EDGE('',*,*,#3373,.T.);
#4463=ORIENTED_EDGE('',*,*,#3374,.F.);
#4464=ORIENTED_EDGE('',*,*,#3370,.T.);
#4465=ORIENTED_EDGE('',*,*,#3367,.F.);
#4466=ORIENTED_EDGE('',*,*,#3375,.T.);
#4467=ORIENTED_EDGE('',*,*,#3376,.F.);
#4468=ORIENTED_EDGE('',*,*,#3377,.F.);
#4469=ORIENTED_EDGE('',*,*,#3378,.F.);
#4470=ORIENTED_EDGE('',*,*,#3379,.F.);
#4471=ORIENTED_EDGE('',*,*,#3374,.T.);
#4472=ORIENTED_EDGE('',*,*,#3380,.T.);
#4473=ORIENTED_EDGE('',*,*,#3360,.T.);
#4474=ORIENTED_EDGE('',*,*,#3371,.T.);
#4475=ORIENTED_EDGE('',*,*,#3380,.F.);
#4476=ORIENTED_EDGE('',*,*,#3373,.F.);
#4477=ORIENTED_EDGE('',*,*,#3381,.F.);
#4478=ORIENTED_EDGE('',*,*,#3361,.T.);
#4479=ORIENTED_EDGE('',*,*,#3372,.T.);
#4480=ORIENTED_EDGE('',*,*,#3355,.T.);
#4481=ORIENTED_EDGE('',*,*,#3362,.T.);
#4482=ORIENTED_EDGE('',*,*,#3381,.T.);
#4483=ORIENTED_EDGE('',*,*,#3376,.T.);
#4484=ORIENTED_EDGE('',*,*,#3382,.T.);
#4485=ORIENTED_EDGE('',*,*,#3383,.T.);
#4486=ORIENTED_EDGE('',*,*,#3384,.F.);
#4487=ORIENTED_EDGE('',*,*,#3379,.T.);
#4488=ORIENTED_EDGE('',*,*,#3385,.T.);
#4489=ORIENTED_EDGE('',*,*,#3386,.T.);
#4490=ORIENTED_EDGE('',*,*,#3382,.F.);
#4491=ORIENTED_EDGE('',*,*,#3387,.T.);
#4492=ORIENTED_EDGE('',*,*,#3388,.T.);
#4493=ORIENTED_EDGE('',*,*,#3377,.T.);
#4494=ORIENTED_EDGE('',*,*,#3384,.T.);
#4495=ORIENTED_EDGE('',*,*,#3378,.T.);
#4496=ORIENTED_EDGE('',*,*,#3388,.F.);
#4497=ORIENTED_EDGE('',*,*,#3389,.T.);
#4498=ORIENTED_EDGE('',*,*,#3385,.F.);
#4499=ORIENTED_EDGE('',*,*,#3387,.F.);
#4500=ORIENTED_EDGE('',*,*,#3390,.T.);
#4501=ORIENTED_EDGE('',*,*,#3391,.F.);
#4502=ORIENTED_EDGE('',*,*,#3392,.F.);
#4503=ORIENTED_EDGE('',*,*,#3383,.F.);
#4504=ORIENTED_EDGE('',*,*,#3393,.T.);
#4505=ORIENTED_EDGE('',*,*,#3394,.F.);
#4506=ORIENTED_EDGE('',*,*,#3390,.F.);
#4507=ORIENTED_EDGE('',*,*,#3386,.F.);
#4508=ORIENTED_EDGE('',*,*,#3395,.T.);
#4509=ORIENTED_EDGE('',*,*,#3396,.F.);
#4510=ORIENTED_EDGE('',*,*,#3393,.F.);
#4511=ORIENTED_EDGE('',*,*,#3389,.F.);
#4512=ORIENTED_EDGE('',*,*,#3392,.T.);
#4513=ORIENTED_EDGE('',*,*,#3397,.F.);
#4514=ORIENTED_EDGE('',*,*,#3395,.F.);
#4515=ORIENTED_EDGE('',*,*,#3351,.F.);
#4516=ORIENTED_EDGE('',*,*,#3375,.F.);
#4517=ORIENTED_EDGE('',*,*,#3369,.F.);
#4518=ORIENTED_EDGE('',*,*,#3357,.T.);
#4519=ORIENTED_EDGE('',*,*,#3363,.T.);
#4520=ORIENTED_EDGE('',*,*,#3398,.T.);
#4521=ORIENTED_EDGE('',*,*,#3399,.F.);
#4522=ORIENTED_EDGE('',*,*,#3400,.F.);
#4523=ORIENTED_EDGE('',*,*,#3364,.T.);
#4524=ORIENTED_EDGE('',*,*,#3400,.T.);
#4525=ORIENTED_EDGE('',*,*,#3401,.F.);
#4526=ORIENTED_EDGE('',*,*,#3402,.F.);
#4527=ORIENTED_EDGE('',*,*,#3365,.T.);
#4528=ORIENTED_EDGE('',*,*,#3402,.T.);
#4529=ORIENTED_EDGE('',*,*,#3403,.F.);
#4530=ORIENTED_EDGE('',*,*,#3404,.F.);
#4531=ORIENTED_EDGE('',*,*,#3366,.T.);
#4532=ORIENTED_EDGE('',*,*,#3404,.T.);
#4533=ORIENTED_EDGE('',*,*,#3405,.F.);
#4534=ORIENTED_EDGE('',*,*,#3398,.F.);
#4535=ORIENTED_EDGE('',*,*,#3405,.T.);
#4536=ORIENTED_EDGE('',*,*,#3403,.T.);
#4537=ORIENTED_EDGE('',*,*,#3401,.T.);
#4538=ORIENTED_EDGE('',*,*,#3399,.T.);
#4539=ORIENTED_EDGE('',*,*,#3391,.T.);
#4540=ORIENTED_EDGE('',*,*,#3394,.T.);
#4541=ORIENTED_EDGE('',*,*,#3396,.T.);
#4542=ORIENTED_EDGE('',*,*,#3397,.T.);
#4543=ORIENTED_EDGE('',*,*,#3406,.T.);
#4544=ORIENTED_EDGE('',*,*,#3407,.T.);
#4545=ORIENTED_EDGE('',*,*,#3408,.F.);
#4546=ORIENTED_EDGE('',*,*,#3409,.F.);
#4547=ORIENTED_EDGE('',*,*,#3410,.T.);
#4548=ORIENTED_EDGE('',*,*,#3409,.T.);
#4549=ORIENTED_EDGE('',*,*,#3411,.F.);
#4550=ORIENTED_EDGE('',*,*,#3412,.F.);
#4551=ORIENTED_EDGE('',*,*,#3413,.T.);
#4552=ORIENTED_EDGE('',*,*,#3412,.T.);
#4553=ORIENTED_EDGE('',*,*,#3414,.F.);
#4554=ORIENTED_EDGE('',*,*,#3415,.F.);
#4555=ORIENTED_EDGE('',*,*,#3416,.T.);
#4556=ORIENTED_EDGE('',*,*,#3415,.T.);
#4557=ORIENTED_EDGE('',*,*,#3417,.F.);
#4558=ORIENTED_EDGE('',*,*,#3418,.F.);
#4559=ORIENTED_EDGE('',*,*,#3419,.T.);
#4560=ORIENTED_EDGE('',*,*,#3418,.T.);
#4561=ORIENTED_EDGE('',*,*,#3420,.F.);
#4562=ORIENTED_EDGE('',*,*,#3421,.F.);
#4563=ORIENTED_EDGE('',*,*,#3422,.T.);
#4564=ORIENTED_EDGE('',*,*,#3421,.T.);
#4565=ORIENTED_EDGE('',*,*,#3423,.F.);
#4566=ORIENTED_EDGE('',*,*,#3424,.F.);
#4567=ORIENTED_EDGE('',*,*,#3425,.T.);
#4568=ORIENTED_EDGE('',*,*,#3424,.T.);
#4569=ORIENTED_EDGE('',*,*,#3426,.F.);
#4570=ORIENTED_EDGE('',*,*,#3427,.F.);
#4571=ORIENTED_EDGE('',*,*,#3428,.T.);
#4572=ORIENTED_EDGE('',*,*,#3427,.T.);
#4573=ORIENTED_EDGE('',*,*,#3429,.F.);
#4574=ORIENTED_EDGE('',*,*,#3430,.F.);
#4575=ORIENTED_EDGE('',*,*,#3431,.T.);
#4576=ORIENTED_EDGE('',*,*,#3430,.T.);
#4577=ORIENTED_EDGE('',*,*,#3432,.F.);
#4578=ORIENTED_EDGE('',*,*,#3433,.F.);
#4579=ORIENTED_EDGE('',*,*,#3434,.T.);
#4580=ORIENTED_EDGE('',*,*,#3433,.T.);
#4581=ORIENTED_EDGE('',*,*,#3435,.F.);
#4582=ORIENTED_EDGE('',*,*,#3436,.F.);
#4583=ORIENTED_EDGE('',*,*,#3437,.T.);
#4584=ORIENTED_EDGE('',*,*,#3436,.T.);
#4585=ORIENTED_EDGE('',*,*,#3438,.F.);
#4586=ORIENTED_EDGE('',*,*,#3439,.F.);
#4587=ORIENTED_EDGE('',*,*,#3440,.T.);
#4588=ORIENTED_EDGE('',*,*,#3439,.T.);
#4589=ORIENTED_EDGE('',*,*,#3441,.F.);
#4590=ORIENTED_EDGE('',*,*,#3442,.F.);
#4591=ORIENTED_EDGE('',*,*,#3443,.T.);
#4592=ORIENTED_EDGE('',*,*,#3442,.T.);
#4593=ORIENTED_EDGE('',*,*,#3444,.F.);
#4594=ORIENTED_EDGE('',*,*,#3445,.F.);
#4595=ORIENTED_EDGE('',*,*,#3446,.T.);
#4596=ORIENTED_EDGE('',*,*,#3445,.T.);
#4597=ORIENTED_EDGE('',*,*,#3447,.F.);
#4598=ORIENTED_EDGE('',*,*,#3448,.F.);
#4599=ORIENTED_EDGE('',*,*,#3449,.T.);
#4600=ORIENTED_EDGE('',*,*,#3448,.T.);
#4601=ORIENTED_EDGE('',*,*,#3450,.F.);
#4602=ORIENTED_EDGE('',*,*,#3451,.F.);
#4603=ORIENTED_EDGE('',*,*,#3452,.T.);
#4604=ORIENTED_EDGE('',*,*,#3451,.T.);
#4605=ORIENTED_EDGE('',*,*,#3453,.F.);
#4606=ORIENTED_EDGE('',*,*,#3454,.F.);
#4607=ORIENTED_EDGE('',*,*,#3455,.T.);
#4608=ORIENTED_EDGE('',*,*,#3454,.T.);
#4609=ORIENTED_EDGE('',*,*,#3456,.F.);
#4610=ORIENTED_EDGE('',*,*,#3457,.F.);
#4611=ORIENTED_EDGE('',*,*,#3458,.T.);
#4612=ORIENTED_EDGE('',*,*,#3457,.T.);
#4613=ORIENTED_EDGE('',*,*,#3459,.F.);
#4614=ORIENTED_EDGE('',*,*,#3460,.F.);
#4615=ORIENTED_EDGE('',*,*,#3461,.T.);
#4616=ORIENTED_EDGE('',*,*,#3460,.T.);
#4617=ORIENTED_EDGE('',*,*,#3462,.F.);
#4618=ORIENTED_EDGE('',*,*,#3463,.F.);
#4619=ORIENTED_EDGE('',*,*,#3464,.T.);
#4620=ORIENTED_EDGE('',*,*,#3463,.T.);
#4621=ORIENTED_EDGE('',*,*,#3465,.F.);
#4622=ORIENTED_EDGE('',*,*,#3466,.F.);
#4623=ORIENTED_EDGE('',*,*,#3467,.T.);
#4624=ORIENTED_EDGE('',*,*,#3466,.T.);
#4625=ORIENTED_EDGE('',*,*,#3468,.F.);
#4626=ORIENTED_EDGE('',*,*,#3469,.F.);
#4627=ORIENTED_EDGE('',*,*,#3470,.T.);
#4628=ORIENTED_EDGE('',*,*,#3469,.T.);
#4629=ORIENTED_EDGE('',*,*,#3471,.F.);
#4630=ORIENTED_EDGE('',*,*,#3472,.F.);
#4631=ORIENTED_EDGE('',*,*,#3473,.T.);
#4632=ORIENTED_EDGE('',*,*,#3472,.T.);
#4633=ORIENTED_EDGE('',*,*,#3474,.F.);
#4634=ORIENTED_EDGE('',*,*,#3475,.F.);
#4635=ORIENTED_EDGE('',*,*,#3476,.T.);
#4636=ORIENTED_EDGE('',*,*,#3475,.T.);
#4637=ORIENTED_EDGE('',*,*,#3477,.F.);
#4638=ORIENTED_EDGE('',*,*,#3478,.F.);
#4639=ORIENTED_EDGE('',*,*,#3479,.T.);
#4640=ORIENTED_EDGE('',*,*,#3478,.T.);
#4641=ORIENTED_EDGE('',*,*,#3480,.F.);
#4642=ORIENTED_EDGE('',*,*,#3481,.F.);
#4643=ORIENTED_EDGE('',*,*,#3482,.T.);
#4644=ORIENTED_EDGE('',*,*,#3481,.T.);
#4645=ORIENTED_EDGE('',*,*,#3483,.F.);
#4646=ORIENTED_EDGE('',*,*,#3407,.F.);
#4647=ORIENTED_EDGE('',*,*,#3482,.F.);
#4648=ORIENTED_EDGE('',*,*,#3406,.F.);
#4649=ORIENTED_EDGE('',*,*,#3410,.F.);
#4650=ORIENTED_EDGE('',*,*,#3413,.F.);
#4651=ORIENTED_EDGE('',*,*,#3416,.F.);
#4652=ORIENTED_EDGE('',*,*,#3419,.F.);
#4653=ORIENTED_EDGE('',*,*,#3422,.F.);
#4654=ORIENTED_EDGE('',*,*,#3425,.F.);
#4655=ORIENTED_EDGE('',*,*,#3428,.F.);
#4656=ORIENTED_EDGE('',*,*,#3431,.F.);
#4657=ORIENTED_EDGE('',*,*,#3434,.F.);
#4658=ORIENTED_EDGE('',*,*,#3437,.F.);
#4659=ORIENTED_EDGE('',*,*,#3440,.F.);
#4660=ORIENTED_EDGE('',*,*,#3443,.F.);
#4661=ORIENTED_EDGE('',*,*,#3446,.F.);
#4662=ORIENTED_EDGE('',*,*,#3449,.F.);
#4663=ORIENTED_EDGE('',*,*,#3452,.F.);
#4664=ORIENTED_EDGE('',*,*,#3455,.F.);
#4665=ORIENTED_EDGE('',*,*,#3458,.F.);
#4666=ORIENTED_EDGE('',*,*,#3461,.F.);
#4667=ORIENTED_EDGE('',*,*,#3464,.F.);
#4668=ORIENTED_EDGE('',*,*,#3467,.F.);
#4669=ORIENTED_EDGE('',*,*,#3470,.F.);
#4670=ORIENTED_EDGE('',*,*,#3473,.F.);
#4671=ORIENTED_EDGE('',*,*,#3476,.F.);
#4672=ORIENTED_EDGE('',*,*,#3479,.F.);
#4673=ORIENTED_EDGE('',*,*,#3483,.T.);
#4674=ORIENTED_EDGE('',*,*,#3480,.T.);
#4675=ORIENTED_EDGE('',*,*,#3477,.T.);
#4676=ORIENTED_EDGE('',*,*,#3474,.T.);
#4677=ORIENTED_EDGE('',*,*,#3471,.T.);
#4678=ORIENTED_EDGE('',*,*,#3468,.T.);
#4679=ORIENTED_EDGE('',*,*,#3465,.T.);
#4680=ORIENTED_EDGE('',*,*,#3462,.T.);
#4681=ORIENTED_EDGE('',*,*,#3459,.T.);
#4682=ORIENTED_EDGE('',*,*,#3456,.T.);
#4683=ORIENTED_EDGE('',*,*,#3453,.T.);
#4684=ORIENTED_EDGE('',*,*,#3450,.T.);
#4685=ORIENTED_EDGE('',*,*,#3447,.T.);
#4686=ORIENTED_EDGE('',*,*,#3444,.T.);
#4687=ORIENTED_EDGE('',*,*,#3441,.T.);
#4688=ORIENTED_EDGE('',*,*,#3438,.T.);
#4689=ORIENTED_EDGE('',*,*,#3435,.T.);
#4690=ORIENTED_EDGE('',*,*,#3432,.T.);
#4691=ORIENTED_EDGE('',*,*,#3429,.T.);
#4692=ORIENTED_EDGE('',*,*,#3426,.T.);
#4693=ORIENTED_EDGE('',*,*,#3423,.T.);
#4694=ORIENTED_EDGE('',*,*,#3420,.T.);
#4695=ORIENTED_EDGE('',*,*,#3417,.T.);
#4696=ORIENTED_EDGE('',*,*,#3414,.T.);
#4697=ORIENTED_EDGE('',*,*,#3411,.T.);
#4698=ORIENTED_EDGE('',*,*,#3408,.T.);
#4699=ORIENTED_EDGE('',*,*,#3484,.T.);
#4700=ORIENTED_EDGE('',*,*,#3485,.T.);
#4701=ORIENTED_EDGE('',*,*,#3486,.F.);
#4702=ORIENTED_EDGE('',*,*,#3487,.F.);
#4703=ORIENTED_EDGE('',*,*,#3488,.T.);
#4704=ORIENTED_EDGE('',*,*,#3487,.T.);
#4705=ORIENTED_EDGE('',*,*,#3489,.F.);
#4706=ORIENTED_EDGE('',*,*,#3490,.F.);
#4707=ORIENTED_EDGE('',*,*,#3491,.T.);
#4708=ORIENTED_EDGE('',*,*,#3490,.T.);
#4709=ORIENTED_EDGE('',*,*,#3492,.F.);
#4710=ORIENTED_EDGE('',*,*,#3493,.F.);
#4711=ORIENTED_EDGE('',*,*,#3494,.T.);
#4712=ORIENTED_EDGE('',*,*,#3493,.T.);
#4713=ORIENTED_EDGE('',*,*,#3495,.F.);
#4714=ORIENTED_EDGE('',*,*,#3496,.F.);
#4715=ORIENTED_EDGE('',*,*,#3497,.T.);
#4716=ORIENTED_EDGE('',*,*,#3496,.T.);
#4717=ORIENTED_EDGE('',*,*,#3498,.F.);
#4718=ORIENTED_EDGE('',*,*,#3499,.F.);
#4719=ORIENTED_EDGE('',*,*,#3500,.T.);
#4720=ORIENTED_EDGE('',*,*,#3499,.T.);
#4721=ORIENTED_EDGE('',*,*,#3501,.F.);
#4722=ORIENTED_EDGE('',*,*,#3502,.F.);
#4723=ORIENTED_EDGE('',*,*,#3503,.T.);
#4724=ORIENTED_EDGE('',*,*,#3502,.T.);
#4725=ORIENTED_EDGE('',*,*,#3504,.F.);
#4726=ORIENTED_EDGE('',*,*,#3505,.F.);
#4727=ORIENTED_EDGE('',*,*,#3506,.T.);
#4728=ORIENTED_EDGE('',*,*,#3505,.T.);
#4729=ORIENTED_EDGE('',*,*,#3507,.F.);
#4730=ORIENTED_EDGE('',*,*,#3508,.F.);
#4731=ORIENTED_EDGE('',*,*,#3509,.T.);
#4732=ORIENTED_EDGE('',*,*,#3508,.T.);
#4733=ORIENTED_EDGE('',*,*,#3510,.F.);
#4734=ORIENTED_EDGE('',*,*,#3511,.F.);
#4735=ORIENTED_EDGE('',*,*,#3512,.T.);
#4736=ORIENTED_EDGE('',*,*,#3511,.T.);
#4737=ORIENTED_EDGE('',*,*,#3513,.F.);
#4738=ORIENTED_EDGE('',*,*,#3514,.F.);
#4739=ORIENTED_EDGE('',*,*,#3515,.T.);
#4740=ORIENTED_EDGE('',*,*,#3514,.T.);
#4741=ORIENTED_EDGE('',*,*,#3516,.F.);
#4742=ORIENTED_EDGE('',*,*,#3517,.F.);
#4743=ORIENTED_EDGE('',*,*,#3518,.T.);
#4744=ORIENTED_EDGE('',*,*,#3517,.T.);
#4745=ORIENTED_EDGE('',*,*,#3519,.F.);
#4746=ORIENTED_EDGE('',*,*,#3520,.F.);
#4747=ORIENTED_EDGE('',*,*,#3521,.T.);
#4748=ORIENTED_EDGE('',*,*,#3520,.T.);
#4749=ORIENTED_EDGE('',*,*,#3522,.F.);
#4750=ORIENTED_EDGE('',*,*,#3523,.F.);
#4751=ORIENTED_EDGE('',*,*,#3524,.T.);
#4752=ORIENTED_EDGE('',*,*,#3523,.T.);
#4753=ORIENTED_EDGE('',*,*,#3525,.F.);
#4754=ORIENTED_EDGE('',*,*,#3526,.F.);
#4755=ORIENTED_EDGE('',*,*,#3527,.T.);
#4756=ORIENTED_EDGE('',*,*,#3526,.T.);
#4757=ORIENTED_EDGE('',*,*,#3528,.F.);
#4758=ORIENTED_EDGE('',*,*,#3529,.F.);
#4759=ORIENTED_EDGE('',*,*,#3530,.T.);
#4760=ORIENTED_EDGE('',*,*,#3529,.T.);
#4761=ORIENTED_EDGE('',*,*,#3531,.F.);
#4762=ORIENTED_EDGE('',*,*,#3532,.F.);
#4763=ORIENTED_EDGE('',*,*,#3533,.T.);
#4764=ORIENTED_EDGE('',*,*,#3532,.T.);
#4765=ORIENTED_EDGE('',*,*,#3534,.F.);
#4766=ORIENTED_EDGE('',*,*,#3535,.F.);
#4767=ORIENTED_EDGE('',*,*,#3536,.T.);
#4768=ORIENTED_EDGE('',*,*,#3535,.T.);
#4769=ORIENTED_EDGE('',*,*,#3537,.F.);
#4770=ORIENTED_EDGE('',*,*,#3485,.F.);
#4771=ORIENTED_EDGE('',*,*,#3536,.F.);
#4772=ORIENTED_EDGE('',*,*,#3484,.F.);
#4773=ORIENTED_EDGE('',*,*,#3488,.F.);
#4774=ORIENTED_EDGE('',*,*,#3491,.F.);
#4775=ORIENTED_EDGE('',*,*,#3494,.F.);
#4776=ORIENTED_EDGE('',*,*,#3497,.F.);
#4777=ORIENTED_EDGE('',*,*,#3500,.F.);
#4778=ORIENTED_EDGE('',*,*,#3503,.F.);
#4779=ORIENTED_EDGE('',*,*,#3506,.F.);
#4780=ORIENTED_EDGE('',*,*,#3509,.F.);
#4781=ORIENTED_EDGE('',*,*,#3512,.F.);
#4782=ORIENTED_EDGE('',*,*,#3515,.F.);
#4783=ORIENTED_EDGE('',*,*,#3518,.F.);
#4784=ORIENTED_EDGE('',*,*,#3521,.F.);
#4785=ORIENTED_EDGE('',*,*,#3524,.F.);
#4786=ORIENTED_EDGE('',*,*,#3527,.F.);
#4787=ORIENTED_EDGE('',*,*,#3530,.F.);
#4788=ORIENTED_EDGE('',*,*,#3533,.F.);
#4789=ORIENTED_EDGE('',*,*,#3537,.T.);
#4790=ORIENTED_EDGE('',*,*,#3534,.T.);
#4791=ORIENTED_EDGE('',*,*,#3531,.T.);
#4792=ORIENTED_EDGE('',*,*,#3528,.T.);
#4793=ORIENTED_EDGE('',*,*,#3525,.T.);
#4794=ORIENTED_EDGE('',*,*,#3522,.T.);
#4795=ORIENTED_EDGE('',*,*,#3519,.T.);
#4796=ORIENTED_EDGE('',*,*,#3516,.T.);
#4797=ORIENTED_EDGE('',*,*,#3513,.T.);
#4798=ORIENTED_EDGE('',*,*,#3510,.T.);
#4799=ORIENTED_EDGE('',*,*,#3507,.T.);
#4800=ORIENTED_EDGE('',*,*,#3504,.T.);
#4801=ORIENTED_EDGE('',*,*,#3501,.T.);
#4802=ORIENTED_EDGE('',*,*,#3498,.T.);
#4803=ORIENTED_EDGE('',*,*,#3495,.T.);
#4804=ORIENTED_EDGE('',*,*,#3492,.T.);
#4805=ORIENTED_EDGE('',*,*,#3489,.T.);
#4806=ORIENTED_EDGE('',*,*,#3486,.T.);
#4807=ORIENTED_EDGE('',*,*,#3538,.T.);
#4808=ORIENTED_EDGE('',*,*,#3539,.T.);
#4809=ORIENTED_EDGE('',*,*,#3540,.F.);
#4810=ORIENTED_EDGE('',*,*,#3541,.F.);
#4811=ORIENTED_EDGE('',*,*,#3542,.T.);
#4812=ORIENTED_EDGE('',*,*,#3541,.T.);
#4813=ORIENTED_EDGE('',*,*,#3543,.F.);
#4814=ORIENTED_EDGE('',*,*,#3544,.F.);
#4815=ORIENTED_EDGE('',*,*,#3545,.T.);
#4816=ORIENTED_EDGE('',*,*,#3544,.T.);
#4817=ORIENTED_EDGE('',*,*,#3546,.F.);
#4818=ORIENTED_EDGE('',*,*,#3547,.F.);
#4819=ORIENTED_EDGE('',*,*,#3548,.T.);
#4820=ORIENTED_EDGE('',*,*,#3547,.T.);
#4821=ORIENTED_EDGE('',*,*,#3549,.F.);
#4822=ORIENTED_EDGE('',*,*,#3550,.F.);
#4823=ORIENTED_EDGE('',*,*,#3551,.T.);
#4824=ORIENTED_EDGE('',*,*,#3550,.T.);
#4825=ORIENTED_EDGE('',*,*,#3552,.F.);
#4826=ORIENTED_EDGE('',*,*,#3553,.F.);
#4827=ORIENTED_EDGE('',*,*,#3554,.T.);
#4828=ORIENTED_EDGE('',*,*,#3553,.T.);
#4829=ORIENTED_EDGE('',*,*,#3555,.F.);
#4830=ORIENTED_EDGE('',*,*,#3539,.F.);
#4831=ORIENTED_EDGE('',*,*,#3554,.F.);
#4832=ORIENTED_EDGE('',*,*,#3538,.F.);
#4833=ORIENTED_EDGE('',*,*,#3542,.F.);
#4834=ORIENTED_EDGE('',*,*,#3545,.F.);
#4835=ORIENTED_EDGE('',*,*,#3548,.F.);
#4836=ORIENTED_EDGE('',*,*,#3551,.F.);
#4837=ORIENTED_EDGE('',*,*,#3555,.T.);
#4838=ORIENTED_EDGE('',*,*,#3552,.T.);
#4839=ORIENTED_EDGE('',*,*,#3549,.T.);
#4840=ORIENTED_EDGE('',*,*,#3546,.T.);
#4841=ORIENTED_EDGE('',*,*,#3543,.T.);
#4842=ORIENTED_EDGE('',*,*,#3540,.T.);
#4843=ORIENTED_EDGE('',*,*,#3556,.T.);
#4844=ORIENTED_EDGE('',*,*,#3557,.T.);
#4845=ORIENTED_EDGE('',*,*,#3558,.F.);
#4846=ORIENTED_EDGE('',*,*,#3559,.F.);
#4847=ORIENTED_EDGE('',*,*,#3560,.T.);
#4848=ORIENTED_EDGE('',*,*,#3559,.T.);
#4849=ORIENTED_EDGE('',*,*,#3561,.F.);
#4850=ORIENTED_EDGE('',*,*,#3562,.F.);
#4851=ORIENTED_EDGE('',*,*,#3563,.T.);
#4852=ORIENTED_EDGE('',*,*,#3562,.T.);
#4853=ORIENTED_EDGE('',*,*,#3564,.F.);
#4854=ORIENTED_EDGE('',*,*,#3565,.F.);
#4855=ORIENTED_EDGE('',*,*,#3566,.T.);
#4856=ORIENTED_EDGE('',*,*,#3565,.T.);
#4857=ORIENTED_EDGE('',*,*,#3567,.F.);
#4858=ORIENTED_EDGE('',*,*,#3568,.F.);
#4859=ORIENTED_EDGE('',*,*,#3569,.T.);
#4860=ORIENTED_EDGE('',*,*,#3568,.T.);
#4861=ORIENTED_EDGE('',*,*,#3570,.F.);
#4862=ORIENTED_EDGE('',*,*,#3571,.F.);
#4863=ORIENTED_EDGE('',*,*,#3572,.T.);
#4864=ORIENTED_EDGE('',*,*,#3571,.T.);
#4865=ORIENTED_EDGE('',*,*,#3573,.F.);
#4866=ORIENTED_EDGE('',*,*,#3574,.F.);
#4867=ORIENTED_EDGE('',*,*,#3575,.T.);
#4868=ORIENTED_EDGE('',*,*,#3574,.T.);
#4869=ORIENTED_EDGE('',*,*,#3576,.F.);
#4870=ORIENTED_EDGE('',*,*,#3577,.F.);
#4871=ORIENTED_EDGE('',*,*,#3578,.T.);
#4872=ORIENTED_EDGE('',*,*,#3577,.T.);
#4873=ORIENTED_EDGE('',*,*,#3579,.F.);
#4874=ORIENTED_EDGE('',*,*,#3580,.F.);
#4875=ORIENTED_EDGE('',*,*,#3581,.T.);
#4876=ORIENTED_EDGE('',*,*,#3580,.T.);
#4877=ORIENTED_EDGE('',*,*,#3582,.F.);
#4878=ORIENTED_EDGE('',*,*,#3557,.F.);
#4879=ORIENTED_EDGE('',*,*,#3581,.F.);
#4880=ORIENTED_EDGE('',*,*,#3556,.F.);
#4881=ORIENTED_EDGE('',*,*,#3560,.F.);
#4882=ORIENTED_EDGE('',*,*,#3563,.F.);
#4883=ORIENTED_EDGE('',*,*,#3566,.F.);
#4884=ORIENTED_EDGE('',*,*,#3569,.F.);
#4885=ORIENTED_EDGE('',*,*,#3572,.F.);
#4886=ORIENTED_EDGE('',*,*,#3575,.F.);
#4887=ORIENTED_EDGE('',*,*,#3578,.F.);
#4888=ORIENTED_EDGE('',*,*,#3582,.T.);
#4889=ORIENTED_EDGE('',*,*,#3579,.T.);
#4890=ORIENTED_EDGE('',*,*,#3576,.T.);
#4891=ORIENTED_EDGE('',*,*,#3573,.T.);
#4892=ORIENTED_EDGE('',*,*,#3570,.T.);
#4893=ORIENTED_EDGE('',*,*,#3567,.T.);
#4894=ORIENTED_EDGE('',*,*,#3564,.T.);
#4895=ORIENTED_EDGE('',*,*,#3561,.T.);
#4896=ORIENTED_EDGE('',*,*,#3558,.T.);
#4897=ORIENTED_EDGE('',*,*,#3583,.T.);
#4898=ORIENTED_EDGE('',*,*,#3584,.T.);
#4899=ORIENTED_EDGE('',*,*,#3585,.F.);
#4900=ORIENTED_EDGE('',*,*,#3586,.F.);
#4901=ORIENTED_EDGE('',*,*,#3587,.T.);
#4902=ORIENTED_EDGE('',*,*,#3586,.T.);
#4903=ORIENTED_EDGE('',*,*,#3588,.F.);
#4904=ORIENTED_EDGE('',*,*,#3589,.F.);
#4905=ORIENTED_EDGE('',*,*,#3590,.T.);
#4906=ORIENTED_EDGE('',*,*,#3589,.T.);
#4907=ORIENTED_EDGE('',*,*,#3591,.F.);
#4908=ORIENTED_EDGE('',*,*,#3592,.F.);
#4909=ORIENTED_EDGE('',*,*,#3593,.T.);
#4910=ORIENTED_EDGE('',*,*,#3592,.T.);
#4911=ORIENTED_EDGE('',*,*,#3594,.F.);
#4912=ORIENTED_EDGE('',*,*,#3595,.F.);
#4913=ORIENTED_EDGE('',*,*,#3596,.T.);
#4914=ORIENTED_EDGE('',*,*,#3595,.T.);
#4915=ORIENTED_EDGE('',*,*,#3597,.F.);
#4916=ORIENTED_EDGE('',*,*,#3598,.F.);
#4917=ORIENTED_EDGE('',*,*,#3599,.T.);
#4918=ORIENTED_EDGE('',*,*,#3598,.T.);
#4919=ORIENTED_EDGE('',*,*,#3600,.F.);
#4920=ORIENTED_EDGE('',*,*,#3601,.F.);
#4921=ORIENTED_EDGE('',*,*,#3602,.T.);
#4922=ORIENTED_EDGE('',*,*,#3601,.T.);
#4923=ORIENTED_EDGE('',*,*,#3603,.F.);
#4924=ORIENTED_EDGE('',*,*,#3604,.F.);
#4925=ORIENTED_EDGE('',*,*,#3605,.T.);
#4926=ORIENTED_EDGE('',*,*,#3604,.T.);
#4927=ORIENTED_EDGE('',*,*,#3606,.F.);
#4928=ORIENTED_EDGE('',*,*,#3607,.F.);
#4929=ORIENTED_EDGE('',*,*,#3608,.T.);
#4930=ORIENTED_EDGE('',*,*,#3607,.T.);
#4931=ORIENTED_EDGE('',*,*,#3609,.F.);
#4932=ORIENTED_EDGE('',*,*,#3610,.F.);
#4933=ORIENTED_EDGE('',*,*,#3611,.T.);
#4934=ORIENTED_EDGE('',*,*,#3610,.T.);
#4935=ORIENTED_EDGE('',*,*,#3612,.F.);
#4936=ORIENTED_EDGE('',*,*,#3613,.F.);
#4937=ORIENTED_EDGE('',*,*,#3614,.T.);
#4938=ORIENTED_EDGE('',*,*,#3613,.T.);
#4939=ORIENTED_EDGE('',*,*,#3615,.F.);
#4940=ORIENTED_EDGE('',*,*,#3616,.F.);
#4941=ORIENTED_EDGE('',*,*,#3617,.T.);
#4942=ORIENTED_EDGE('',*,*,#3616,.T.);
#4943=ORIENTED_EDGE('',*,*,#3618,.F.);
#4944=ORIENTED_EDGE('',*,*,#3619,.F.);
#4945=ORIENTED_EDGE('',*,*,#3620,.T.);
#4946=ORIENTED_EDGE('',*,*,#3619,.T.);
#4947=ORIENTED_EDGE('',*,*,#3621,.F.);
#4948=ORIENTED_EDGE('',*,*,#3622,.F.);
#4949=ORIENTED_EDGE('',*,*,#3623,.T.);
#4950=ORIENTED_EDGE('',*,*,#3622,.T.);
#4951=ORIENTED_EDGE('',*,*,#3624,.F.);
#4952=ORIENTED_EDGE('',*,*,#3625,.F.);
#4953=ORIENTED_EDGE('',*,*,#3626,.T.);
#4954=ORIENTED_EDGE('',*,*,#3625,.T.);
#4955=ORIENTED_EDGE('',*,*,#3627,.F.);
#4956=ORIENTED_EDGE('',*,*,#3628,.F.);
#4957=ORIENTED_EDGE('',*,*,#3629,.T.);
#4958=ORIENTED_EDGE('',*,*,#3628,.T.);
#4959=ORIENTED_EDGE('',*,*,#3630,.F.);
#4960=ORIENTED_EDGE('',*,*,#3584,.F.);
#4961=ORIENTED_EDGE('',*,*,#3631,.T.);
#4962=ORIENTED_EDGE('',*,*,#3632,.T.);
#4963=ORIENTED_EDGE('',*,*,#3633,.F.);
#4964=ORIENTED_EDGE('',*,*,#3634,.F.);
#4965=ORIENTED_EDGE('',*,*,#3635,.T.);
#4966=ORIENTED_EDGE('',*,*,#3634,.T.);
#4967=ORIENTED_EDGE('',*,*,#3636,.F.);
#4968=ORIENTED_EDGE('',*,*,#3637,.F.);
#4969=ORIENTED_EDGE('',*,*,#3638,.T.);
#4970=ORIENTED_EDGE('',*,*,#3637,.T.);
#4971=ORIENTED_EDGE('',*,*,#3639,.F.);
#4972=ORIENTED_EDGE('',*,*,#3640,.F.);
#4973=ORIENTED_EDGE('',*,*,#3641,.T.);
#4974=ORIENTED_EDGE('',*,*,#3640,.T.);
#4975=ORIENTED_EDGE('',*,*,#3642,.F.);
#4976=ORIENTED_EDGE('',*,*,#3643,.F.);
#4977=ORIENTED_EDGE('',*,*,#3644,.T.);
#4978=ORIENTED_EDGE('',*,*,#3643,.T.);
#4979=ORIENTED_EDGE('',*,*,#3645,.F.);
#4980=ORIENTED_EDGE('',*,*,#3646,.F.);
#4981=ORIENTED_EDGE('',*,*,#3647,.T.);
#4982=ORIENTED_EDGE('',*,*,#3646,.T.);
#4983=ORIENTED_EDGE('',*,*,#3648,.F.);
#4984=ORIENTED_EDGE('',*,*,#3649,.F.);
#4985=ORIENTED_EDGE('',*,*,#3650,.T.);
#4986=ORIENTED_EDGE('',*,*,#3649,.T.);
#4987=ORIENTED_EDGE('',*,*,#3651,.F.);
#4988=ORIENTED_EDGE('',*,*,#3652,.F.);
#4989=ORIENTED_EDGE('',*,*,#3653,.T.);
#4990=ORIENTED_EDGE('',*,*,#3652,.T.);
#4991=ORIENTED_EDGE('',*,*,#3654,.F.);
#4992=ORIENTED_EDGE('',*,*,#3655,.F.);
#4993=ORIENTED_EDGE('',*,*,#3656,.T.);
#4994=ORIENTED_EDGE('',*,*,#3655,.T.);
#4995=ORIENTED_EDGE('',*,*,#3657,.F.);
#4996=ORIENTED_EDGE('',*,*,#3658,.F.);
#4997=ORIENTED_EDGE('',*,*,#3659,.T.);
#4998=ORIENTED_EDGE('',*,*,#3658,.T.);
#4999=ORIENTED_EDGE('',*,*,#3660,.F.);
#5000=ORIENTED_EDGE('',*,*,#3661,.F.);
#5001=ORIENTED_EDGE('',*,*,#3662,.T.);
#5002=ORIENTED_EDGE('',*,*,#3661,.T.);
#5003=ORIENTED_EDGE('',*,*,#3663,.F.);
#5004=ORIENTED_EDGE('',*,*,#3664,.F.);
#5005=ORIENTED_EDGE('',*,*,#3665,.T.);
#5006=ORIENTED_EDGE('',*,*,#3664,.T.);
#5007=ORIENTED_EDGE('',*,*,#3666,.F.);
#5008=ORIENTED_EDGE('',*,*,#3667,.F.);
#5009=ORIENTED_EDGE('',*,*,#3668,.T.);
#5010=ORIENTED_EDGE('',*,*,#3667,.T.);
#5011=ORIENTED_EDGE('',*,*,#3669,.F.);
#5012=ORIENTED_EDGE('',*,*,#3670,.F.);
#5013=ORIENTED_EDGE('',*,*,#3671,.T.);
#5014=ORIENTED_EDGE('',*,*,#3670,.T.);
#5015=ORIENTED_EDGE('',*,*,#3672,.F.);
#5016=ORIENTED_EDGE('',*,*,#3673,.F.);
#5017=ORIENTED_EDGE('',*,*,#3674,.T.);
#5018=ORIENTED_EDGE('',*,*,#3673,.T.);
#5019=ORIENTED_EDGE('',*,*,#3675,.F.);
#5020=ORIENTED_EDGE('',*,*,#3676,.F.);
#5021=ORIENTED_EDGE('',*,*,#3677,.T.);
#5022=ORIENTED_EDGE('',*,*,#3676,.T.);
#5023=ORIENTED_EDGE('',*,*,#3678,.F.);
#5024=ORIENTED_EDGE('',*,*,#3632,.F.);
#5025=ORIENTED_EDGE('',*,*,#3677,.F.);
#5026=ORIENTED_EDGE('',*,*,#3631,.F.);
#5027=ORIENTED_EDGE('',*,*,#3635,.F.);
#5028=ORIENTED_EDGE('',*,*,#3638,.F.);
#5029=ORIENTED_EDGE('',*,*,#3641,.F.);
#5030=ORIENTED_EDGE('',*,*,#3644,.F.);
#5031=ORIENTED_EDGE('',*,*,#3647,.F.);
#5032=ORIENTED_EDGE('',*,*,#3650,.F.);
#5033=ORIENTED_EDGE('',*,*,#3653,.F.);
#5034=ORIENTED_EDGE('',*,*,#3656,.F.);
#5035=ORIENTED_EDGE('',*,*,#3659,.F.);
#5036=ORIENTED_EDGE('',*,*,#3662,.F.);
#5037=ORIENTED_EDGE('',*,*,#3665,.F.);
#5038=ORIENTED_EDGE('',*,*,#3668,.F.);
#5039=ORIENTED_EDGE('',*,*,#3671,.F.);
#5040=ORIENTED_EDGE('',*,*,#3674,.F.);
#5041=ORIENTED_EDGE('',*,*,#3629,.F.);
#5042=ORIENTED_EDGE('',*,*,#3583,.F.);
#5043=ORIENTED_EDGE('',*,*,#3587,.F.);
#5044=ORIENTED_EDGE('',*,*,#3590,.F.);
#5045=ORIENTED_EDGE('',*,*,#3593,.F.);
#5046=ORIENTED_EDGE('',*,*,#3596,.F.);
#5047=ORIENTED_EDGE('',*,*,#3599,.F.);
#5048=ORIENTED_EDGE('',*,*,#3602,.F.);
#5049=ORIENTED_EDGE('',*,*,#3605,.F.);
#5050=ORIENTED_EDGE('',*,*,#3608,.F.);
#5051=ORIENTED_EDGE('',*,*,#3611,.F.);
#5052=ORIENTED_EDGE('',*,*,#3614,.F.);
#5053=ORIENTED_EDGE('',*,*,#3617,.F.);
#5054=ORIENTED_EDGE('',*,*,#3620,.F.);
#5055=ORIENTED_EDGE('',*,*,#3623,.F.);
#5056=ORIENTED_EDGE('',*,*,#3626,.F.);
#5057=ORIENTED_EDGE('',*,*,#3678,.T.);
#5058=ORIENTED_EDGE('',*,*,#3675,.T.);
#5059=ORIENTED_EDGE('',*,*,#3672,.T.);
#5060=ORIENTED_EDGE('',*,*,#3669,.T.);
#5061=ORIENTED_EDGE('',*,*,#3666,.T.);
#5062=ORIENTED_EDGE('',*,*,#3663,.T.);
#5063=ORIENTED_EDGE('',*,*,#3660,.T.);
#5064=ORIENTED_EDGE('',*,*,#3657,.T.);
#5065=ORIENTED_EDGE('',*,*,#3654,.T.);
#5066=ORIENTED_EDGE('',*,*,#3651,.T.);
#5067=ORIENTED_EDGE('',*,*,#3648,.T.);
#5068=ORIENTED_EDGE('',*,*,#3645,.T.);
#5069=ORIENTED_EDGE('',*,*,#3642,.T.);
#5070=ORIENTED_EDGE('',*,*,#3639,.T.);
#5071=ORIENTED_EDGE('',*,*,#3636,.T.);
#5072=ORIENTED_EDGE('',*,*,#3633,.T.);
#5073=ORIENTED_EDGE('',*,*,#3630,.T.);
#5074=ORIENTED_EDGE('',*,*,#3627,.T.);
#5075=ORIENTED_EDGE('',*,*,#3624,.T.);
#5076=ORIENTED_EDGE('',*,*,#3621,.T.);
#5077=ORIENTED_EDGE('',*,*,#3618,.T.);
#5078=ORIENTED_EDGE('',*,*,#3615,.T.);
#5079=ORIENTED_EDGE('',*,*,#3612,.T.);
#5080=ORIENTED_EDGE('',*,*,#3609,.T.);
#5081=ORIENTED_EDGE('',*,*,#3606,.T.);
#5082=ORIENTED_EDGE('',*,*,#3603,.T.);
#5083=ORIENTED_EDGE('',*,*,#3600,.T.);
#5084=ORIENTED_EDGE('',*,*,#3597,.T.);
#5085=ORIENTED_EDGE('',*,*,#3594,.T.);
#5086=ORIENTED_EDGE('',*,*,#3591,.T.);
#5087=ORIENTED_EDGE('',*,*,#3588,.T.);
#5088=ORIENTED_EDGE('',*,*,#3585,.T.);
#5089=ORIENTED_EDGE('',*,*,#3679,.T.);
#5090=ORIENTED_EDGE('',*,*,#3680,.T.);
#5091=ORIENTED_EDGE('',*,*,#3681,.F.);
#5092=ORIENTED_EDGE('',*,*,#3682,.F.);
#5093=ORIENTED_EDGE('',*,*,#3683,.T.);
#5094=ORIENTED_EDGE('',*,*,#3682,.T.);
#5095=ORIENTED_EDGE('',*,*,#3684,.F.);
#5096=ORIENTED_EDGE('',*,*,#3685,.F.);
#5097=ORIENTED_EDGE('',*,*,#3686,.T.);
#5098=ORIENTED_EDGE('',*,*,#3685,.T.);
#5099=ORIENTED_EDGE('',*,*,#3687,.F.);
#5100=ORIENTED_EDGE('',*,*,#3688,.F.);
#5101=ORIENTED_EDGE('',*,*,#3689,.T.);
#5102=ORIENTED_EDGE('',*,*,#3688,.T.);
#5103=ORIENTED_EDGE('',*,*,#3690,.F.);
#5104=ORIENTED_EDGE('',*,*,#3680,.F.);
#5105=ORIENTED_EDGE('',*,*,#3689,.F.);
#5106=ORIENTED_EDGE('',*,*,#3679,.F.);
#5107=ORIENTED_EDGE('',*,*,#3683,.F.);
#5108=ORIENTED_EDGE('',*,*,#3686,.F.);
#5109=ORIENTED_EDGE('',*,*,#3690,.T.);
#5110=ORIENTED_EDGE('',*,*,#3687,.T.);
#5111=ORIENTED_EDGE('',*,*,#3684,.T.);
#5112=ORIENTED_EDGE('',*,*,#3681,.T.);
#5113=ORIENTED_EDGE('',*,*,#3691,.T.);
#5114=ORIENTED_EDGE('',*,*,#3692,.T.);
#5115=ORIENTED_EDGE('',*,*,#3693,.F.);
#5116=ORIENTED_EDGE('',*,*,#3694,.F.);
#5117=ORIENTED_EDGE('',*,*,#3695,.T.);
#5118=ORIENTED_EDGE('',*,*,#3694,.T.);
#5119=ORIENTED_EDGE('',*,*,#3696,.F.);
#5120=ORIENTED_EDGE('',*,*,#3697,.F.);
#5121=ORIENTED_EDGE('',*,*,#3698,.T.);
#5122=ORIENTED_EDGE('',*,*,#3697,.T.);
#5123=ORIENTED_EDGE('',*,*,#3699,.F.);
#5124=ORIENTED_EDGE('',*,*,#3700,.F.);
#5125=ORIENTED_EDGE('',*,*,#3701,.T.);
#5126=ORIENTED_EDGE('',*,*,#3700,.T.);
#5127=ORIENTED_EDGE('',*,*,#3702,.F.);
#5128=ORIENTED_EDGE('',*,*,#3703,.F.);
#5129=ORIENTED_EDGE('',*,*,#3704,.T.);
#5130=ORIENTED_EDGE('',*,*,#3703,.T.);
#5131=ORIENTED_EDGE('',*,*,#3705,.F.);
#5132=ORIENTED_EDGE('',*,*,#3706,.F.);
#5133=ORIENTED_EDGE('',*,*,#3707,.T.);
#5134=ORIENTED_EDGE('',*,*,#3706,.T.);
#5135=ORIENTED_EDGE('',*,*,#3708,.F.);
#5136=ORIENTED_EDGE('',*,*,#3709,.F.);
#5137=ORIENTED_EDGE('',*,*,#3710,.T.);
#5138=ORIENTED_EDGE('',*,*,#3709,.T.);
#5139=ORIENTED_EDGE('',*,*,#3711,.F.);
#5140=ORIENTED_EDGE('',*,*,#3712,.F.);
#5141=ORIENTED_EDGE('',*,*,#3713,.T.);
#5142=ORIENTED_EDGE('',*,*,#3712,.T.);
#5143=ORIENTED_EDGE('',*,*,#3714,.F.);
#5144=ORIENTED_EDGE('',*,*,#3715,.F.);
#5145=ORIENTED_EDGE('',*,*,#3716,.T.);
#5146=ORIENTED_EDGE('',*,*,#3715,.T.);
#5147=ORIENTED_EDGE('',*,*,#3717,.F.);
#5148=ORIENTED_EDGE('',*,*,#3718,.F.);
#5149=ORIENTED_EDGE('',*,*,#3719,.T.);
#5150=ORIENTED_EDGE('',*,*,#3718,.T.);
#5151=ORIENTED_EDGE('',*,*,#3720,.F.);
#5152=ORIENTED_EDGE('',*,*,#3721,.F.);
#5153=ORIENTED_EDGE('',*,*,#3722,.T.);
#5154=ORIENTED_EDGE('',*,*,#3721,.T.);
#5155=ORIENTED_EDGE('',*,*,#3723,.F.);
#5156=ORIENTED_EDGE('',*,*,#3724,.F.);
#5157=ORIENTED_EDGE('',*,*,#3725,.T.);
#5158=ORIENTED_EDGE('',*,*,#3724,.T.);
#5159=ORIENTED_EDGE('',*,*,#3726,.F.);
#5160=ORIENTED_EDGE('',*,*,#3727,.F.);
#5161=ORIENTED_EDGE('',*,*,#3728,.T.);
#5162=ORIENTED_EDGE('',*,*,#3727,.T.);
#5163=ORIENTED_EDGE('',*,*,#3729,.F.);
#5164=ORIENTED_EDGE('',*,*,#3730,.F.);
#5165=ORIENTED_EDGE('',*,*,#3731,.T.);
#5166=ORIENTED_EDGE('',*,*,#3730,.T.);
#5167=ORIENTED_EDGE('',*,*,#3732,.F.);
#5168=ORIENTED_EDGE('',*,*,#3733,.F.);
#5169=ORIENTED_EDGE('',*,*,#3734,.T.);
#5170=ORIENTED_EDGE('',*,*,#3733,.T.);
#5171=ORIENTED_EDGE('',*,*,#3735,.F.);
#5172=ORIENTED_EDGE('',*,*,#3736,.F.);
#5173=ORIENTED_EDGE('',*,*,#3737,.T.);
#5174=ORIENTED_EDGE('',*,*,#3736,.T.);
#5175=ORIENTED_EDGE('',*,*,#3738,.F.);
#5176=ORIENTED_EDGE('',*,*,#3739,.F.);
#5177=ORIENTED_EDGE('',*,*,#3740,.T.);
#5178=ORIENTED_EDGE('',*,*,#3739,.T.);
#5179=ORIENTED_EDGE('',*,*,#3741,.F.);
#5180=ORIENTED_EDGE('',*,*,#3742,.F.);
#5181=ORIENTED_EDGE('',*,*,#3743,.T.);
#5182=ORIENTED_EDGE('',*,*,#3742,.T.);
#5183=ORIENTED_EDGE('',*,*,#3744,.F.);
#5184=ORIENTED_EDGE('',*,*,#3692,.F.);
#5185=ORIENTED_EDGE('',*,*,#3743,.F.);
#5186=ORIENTED_EDGE('',*,*,#3691,.F.);
#5187=ORIENTED_EDGE('',*,*,#3695,.F.);
#5188=ORIENTED_EDGE('',*,*,#3698,.F.);
#5189=ORIENTED_EDGE('',*,*,#3701,.F.);
#5190=ORIENTED_EDGE('',*,*,#3704,.F.);
#5191=ORIENTED_EDGE('',*,*,#3707,.F.);
#5192=ORIENTED_EDGE('',*,*,#3710,.F.);
#5193=ORIENTED_EDGE('',*,*,#3713,.F.);
#5194=ORIENTED_EDGE('',*,*,#3716,.F.);
#5195=ORIENTED_EDGE('',*,*,#3719,.F.);
#5196=ORIENTED_EDGE('',*,*,#3722,.F.);
#5197=ORIENTED_EDGE('',*,*,#3725,.F.);
#5198=ORIENTED_EDGE('',*,*,#3728,.F.);
#5199=ORIENTED_EDGE('',*,*,#3731,.F.);
#5200=ORIENTED_EDGE('',*,*,#3734,.F.);
#5201=ORIENTED_EDGE('',*,*,#3737,.F.);
#5202=ORIENTED_EDGE('',*,*,#3740,.F.);
#5203=ORIENTED_EDGE('',*,*,#3744,.T.);
#5204=ORIENTED_EDGE('',*,*,#3741,.T.);
#5205=ORIENTED_EDGE('',*,*,#3738,.T.);
#5206=ORIENTED_EDGE('',*,*,#3735,.T.);
#5207=ORIENTED_EDGE('',*,*,#3732,.T.);
#5208=ORIENTED_EDGE('',*,*,#3729,.T.);
#5209=ORIENTED_EDGE('',*,*,#3726,.T.);
#5210=ORIENTED_EDGE('',*,*,#3723,.T.);
#5211=ORIENTED_EDGE('',*,*,#3720,.T.);
#5212=ORIENTED_EDGE('',*,*,#3717,.T.);
#5213=ORIENTED_EDGE('',*,*,#3714,.T.);
#5214=ORIENTED_EDGE('',*,*,#3711,.T.);
#5215=ORIENTED_EDGE('',*,*,#3708,.T.);
#5216=ORIENTED_EDGE('',*,*,#3705,.T.);
#5217=ORIENTED_EDGE('',*,*,#3702,.T.);
#5218=ORIENTED_EDGE('',*,*,#3699,.T.);
#5219=ORIENTED_EDGE('',*,*,#3696,.T.);
#5220=ORIENTED_EDGE('',*,*,#3693,.T.);
#5221=ORIENTED_EDGE('',*,*,#3745,.T.);
#5222=ORIENTED_EDGE('',*,*,#3746,.T.);
#5223=ORIENTED_EDGE('',*,*,#3747,.F.);
#5224=ORIENTED_EDGE('',*,*,#3748,.F.);
#5225=ORIENTED_EDGE('',*,*,#3749,.T.);
#5226=ORIENTED_EDGE('',*,*,#3748,.T.);
#5227=ORIENTED_EDGE('',*,*,#3750,.F.);
#5228=ORIENTED_EDGE('',*,*,#3751,.F.);
#5229=ORIENTED_EDGE('',*,*,#3752,.T.);
#5230=ORIENTED_EDGE('',*,*,#3751,.T.);
#5231=ORIENTED_EDGE('',*,*,#3753,.F.);
#5232=ORIENTED_EDGE('',*,*,#3754,.F.);
#5233=ORIENTED_EDGE('',*,*,#3755,.T.);
#5234=ORIENTED_EDGE('',*,*,#3754,.T.);
#5235=ORIENTED_EDGE('',*,*,#3756,.F.);
#5236=ORIENTED_EDGE('',*,*,#3757,.F.);
#5237=ORIENTED_EDGE('',*,*,#3758,.T.);
#5238=ORIENTED_EDGE('',*,*,#3757,.T.);
#5239=ORIENTED_EDGE('',*,*,#3759,.F.);
#5240=ORIENTED_EDGE('',*,*,#3760,.F.);
#5241=ORIENTED_EDGE('',*,*,#3761,.T.);
#5242=ORIENTED_EDGE('',*,*,#3760,.T.);
#5243=ORIENTED_EDGE('',*,*,#3762,.F.);
#5244=ORIENTED_EDGE('',*,*,#3763,.F.);
#5245=ORIENTED_EDGE('',*,*,#3764,.T.);
#5246=ORIENTED_EDGE('',*,*,#3763,.T.);
#5247=ORIENTED_EDGE('',*,*,#3765,.F.);
#5248=ORIENTED_EDGE('',*,*,#3766,.F.);
#5249=ORIENTED_EDGE('',*,*,#3767,.T.);
#5250=ORIENTED_EDGE('',*,*,#3766,.T.);
#5251=ORIENTED_EDGE('',*,*,#3768,.F.);
#5252=ORIENTED_EDGE('',*,*,#3769,.F.);
#5253=ORIENTED_EDGE('',*,*,#3770,.T.);
#5254=ORIENTED_EDGE('',*,*,#3769,.T.);
#5255=ORIENTED_EDGE('',*,*,#3771,.F.);
#5256=ORIENTED_EDGE('',*,*,#3772,.F.);
#5257=ORIENTED_EDGE('',*,*,#3773,.T.);
#5258=ORIENTED_EDGE('',*,*,#3772,.T.);
#5259=ORIENTED_EDGE('',*,*,#3774,.F.);
#5260=ORIENTED_EDGE('',*,*,#3775,.F.);
#5261=ORIENTED_EDGE('',*,*,#3776,.T.);
#5262=ORIENTED_EDGE('',*,*,#3775,.T.);
#5263=ORIENTED_EDGE('',*,*,#3777,.F.);
#5264=ORIENTED_EDGE('',*,*,#3778,.F.);
#5265=ORIENTED_EDGE('',*,*,#3779,.T.);
#5266=ORIENTED_EDGE('',*,*,#3778,.T.);
#5267=ORIENTED_EDGE('',*,*,#3780,.F.);
#5268=ORIENTED_EDGE('',*,*,#3781,.F.);
#5269=ORIENTED_EDGE('',*,*,#3782,.T.);
#5270=ORIENTED_EDGE('',*,*,#3781,.T.);
#5271=ORIENTED_EDGE('',*,*,#3783,.F.);
#5272=ORIENTED_EDGE('',*,*,#3784,.F.);
#5273=ORIENTED_EDGE('',*,*,#3785,.T.);
#5274=ORIENTED_EDGE('',*,*,#3784,.T.);
#5275=ORIENTED_EDGE('',*,*,#3786,.F.);
#5276=ORIENTED_EDGE('',*,*,#3787,.F.);
#5277=ORIENTED_EDGE('',*,*,#3788,.T.);
#5278=ORIENTED_EDGE('',*,*,#3787,.T.);
#5279=ORIENTED_EDGE('',*,*,#3789,.F.);
#5280=ORIENTED_EDGE('',*,*,#3790,.F.);
#5281=ORIENTED_EDGE('',*,*,#3791,.T.);
#5282=ORIENTED_EDGE('',*,*,#3790,.T.);
#5283=ORIENTED_EDGE('',*,*,#3792,.F.);
#5284=ORIENTED_EDGE('',*,*,#3793,.F.);
#5285=ORIENTED_EDGE('',*,*,#3794,.T.);
#5286=ORIENTED_EDGE('',*,*,#3793,.T.);
#5287=ORIENTED_EDGE('',*,*,#3795,.F.);
#5288=ORIENTED_EDGE('',*,*,#3796,.F.);
#5289=ORIENTED_EDGE('',*,*,#3797,.T.);
#5290=ORIENTED_EDGE('',*,*,#3796,.T.);
#5291=ORIENTED_EDGE('',*,*,#3798,.F.);
#5292=ORIENTED_EDGE('',*,*,#3799,.F.);
#5293=ORIENTED_EDGE('',*,*,#3800,.T.);
#5294=ORIENTED_EDGE('',*,*,#3799,.T.);
#5295=ORIENTED_EDGE('',*,*,#3801,.F.);
#5296=ORIENTED_EDGE('',*,*,#3802,.F.);
#5297=ORIENTED_EDGE('',*,*,#3803,.T.);
#5298=ORIENTED_EDGE('',*,*,#3802,.T.);
#5299=ORIENTED_EDGE('',*,*,#3804,.F.);
#5300=ORIENTED_EDGE('',*,*,#3805,.F.);
#5301=ORIENTED_EDGE('',*,*,#3806,.T.);
#5302=ORIENTED_EDGE('',*,*,#3805,.T.);
#5303=ORIENTED_EDGE('',*,*,#3807,.F.);
#5304=ORIENTED_EDGE('',*,*,#3808,.F.);
#5305=ORIENTED_EDGE('',*,*,#3809,.T.);
#5306=ORIENTED_EDGE('',*,*,#3808,.T.);
#5307=ORIENTED_EDGE('',*,*,#3810,.F.);
#5308=ORIENTED_EDGE('',*,*,#3811,.F.);
#5309=ORIENTED_EDGE('',*,*,#3812,.T.);
#5310=ORIENTED_EDGE('',*,*,#3811,.T.);
#5311=ORIENTED_EDGE('',*,*,#3813,.F.);
#5312=ORIENTED_EDGE('',*,*,#3814,.F.);
#5313=ORIENTED_EDGE('',*,*,#3815,.T.);
#5314=ORIENTED_EDGE('',*,*,#3814,.T.);
#5315=ORIENTED_EDGE('',*,*,#3816,.F.);
#5316=ORIENTED_EDGE('',*,*,#3817,.F.);
#5317=ORIENTED_EDGE('',*,*,#3818,.T.);
#5318=ORIENTED_EDGE('',*,*,#3817,.T.);
#5319=ORIENTED_EDGE('',*,*,#3819,.F.);
#5320=ORIENTED_EDGE('',*,*,#3820,.F.);
#5321=ORIENTED_EDGE('',*,*,#3821,.T.);
#5322=ORIENTED_EDGE('',*,*,#3820,.T.);
#5323=ORIENTED_EDGE('',*,*,#3822,.F.);
#5324=ORIENTED_EDGE('',*,*,#3823,.F.);
#5325=ORIENTED_EDGE('',*,*,#3824,.T.);
#5326=ORIENTED_EDGE('',*,*,#3823,.T.);
#5327=ORIENTED_EDGE('',*,*,#3825,.F.);
#5328=ORIENTED_EDGE('',*,*,#3826,.F.);
#5329=ORIENTED_EDGE('',*,*,#3827,.T.);
#5330=ORIENTED_EDGE('',*,*,#3826,.T.);
#5331=ORIENTED_EDGE('',*,*,#3828,.F.);
#5332=ORIENTED_EDGE('',*,*,#3829,.F.);
#5333=ORIENTED_EDGE('',*,*,#3830,.T.);
#5334=ORIENTED_EDGE('',*,*,#3829,.T.);
#5335=ORIENTED_EDGE('',*,*,#3831,.F.);
#5336=ORIENTED_EDGE('',*,*,#3832,.F.);
#5337=ORIENTED_EDGE('',*,*,#3833,.T.);
#5338=ORIENTED_EDGE('',*,*,#3832,.T.);
#5339=ORIENTED_EDGE('',*,*,#3834,.F.);
#5340=ORIENTED_EDGE('',*,*,#3835,.F.);
#5341=ORIENTED_EDGE('',*,*,#3836,.T.);
#5342=ORIENTED_EDGE('',*,*,#3835,.T.);
#5343=ORIENTED_EDGE('',*,*,#3837,.F.);
#5344=ORIENTED_EDGE('',*,*,#3838,.F.);
#5345=ORIENTED_EDGE('',*,*,#3839,.T.);
#5346=ORIENTED_EDGE('',*,*,#3838,.T.);
#5347=ORIENTED_EDGE('',*,*,#3840,.F.);
#5348=ORIENTED_EDGE('',*,*,#3841,.F.);
#5349=ORIENTED_EDGE('',*,*,#3842,.T.);
#5350=ORIENTED_EDGE('',*,*,#3841,.T.);
#5351=ORIENTED_EDGE('',*,*,#3843,.F.);
#5352=ORIENTED_EDGE('',*,*,#3844,.F.);
#5353=ORIENTED_EDGE('',*,*,#3845,.T.);
#5354=ORIENTED_EDGE('',*,*,#3844,.T.);
#5355=ORIENTED_EDGE('',*,*,#3846,.F.);
#5356=ORIENTED_EDGE('',*,*,#3847,.F.);
#5357=ORIENTED_EDGE('',*,*,#3848,.T.);
#5358=ORIENTED_EDGE('',*,*,#3847,.T.);
#5359=ORIENTED_EDGE('',*,*,#3849,.F.);
#5360=ORIENTED_EDGE('',*,*,#3850,.F.);
#5361=ORIENTED_EDGE('',*,*,#3851,.T.);
#5362=ORIENTED_EDGE('',*,*,#3850,.T.);
#5363=ORIENTED_EDGE('',*,*,#3852,.F.);
#5364=ORIENTED_EDGE('',*,*,#3746,.F.);
#5365=ORIENTED_EDGE('',*,*,#3851,.F.);
#5366=ORIENTED_EDGE('',*,*,#3745,.F.);
#5367=ORIENTED_EDGE('',*,*,#3749,.F.);
#5368=ORIENTED_EDGE('',*,*,#3752,.F.);
#5369=ORIENTED_EDGE('',*,*,#3755,.F.);
#5370=ORIENTED_EDGE('',*,*,#3758,.F.);
#5371=ORIENTED_EDGE('',*,*,#3761,.F.);
#5372=ORIENTED_EDGE('',*,*,#3764,.F.);
#5373=ORIENTED_EDGE('',*,*,#3767,.F.);
#5374=ORIENTED_EDGE('',*,*,#3770,.F.);
#5375=ORIENTED_EDGE('',*,*,#3773,.F.);
#5376=ORIENTED_EDGE('',*,*,#3776,.F.);
#5377=ORIENTED_EDGE('',*,*,#3779,.F.);
#5378=ORIENTED_EDGE('',*,*,#3782,.F.);
#5379=ORIENTED_EDGE('',*,*,#3785,.F.);
#5380=ORIENTED_EDGE('',*,*,#3788,.F.);
#5381=ORIENTED_EDGE('',*,*,#3791,.F.);
#5382=ORIENTED_EDGE('',*,*,#3794,.F.);
#5383=ORIENTED_EDGE('',*,*,#3797,.F.);
#5384=ORIENTED_EDGE('',*,*,#3800,.F.);
#5385=ORIENTED_EDGE('',*,*,#3803,.F.);
#5386=ORIENTED_EDGE('',*,*,#3806,.F.);
#5387=ORIENTED_EDGE('',*,*,#3809,.F.);
#5388=ORIENTED_EDGE('',*,*,#3812,.F.);
#5389=ORIENTED_EDGE('',*,*,#3815,.F.);
#5390=ORIENTED_EDGE('',*,*,#3818,.F.);
#5391=ORIENTED_EDGE('',*,*,#3821,.F.);
#5392=ORIENTED_EDGE('',*,*,#3824,.F.);
#5393=ORIENTED_EDGE('',*,*,#3827,.F.);
#5394=ORIENTED_EDGE('',*,*,#3830,.F.);
#5395=ORIENTED_EDGE('',*,*,#3833,.F.);
#5396=ORIENTED_EDGE('',*,*,#3836,.F.);
#5397=ORIENTED_EDGE('',*,*,#3839,.F.);
#5398=ORIENTED_EDGE('',*,*,#3842,.F.);
#5399=ORIENTED_EDGE('',*,*,#3845,.F.);
#5400=ORIENTED_EDGE('',*,*,#3848,.F.);
#5401=ORIENTED_EDGE('',*,*,#3852,.T.);
#5402=ORIENTED_EDGE('',*,*,#3849,.T.);
#5403=ORIENTED_EDGE('',*,*,#3846,.T.);
#5404=ORIENTED_EDGE('',*,*,#3843,.T.);
#5405=ORIENTED_EDGE('',*,*,#3840,.T.);
#5406=ORIENTED_EDGE('',*,*,#3837,.T.);
#5407=ORIENTED_EDGE('',*,*,#3834,.T.);
#5408=ORIENTED_EDGE('',*,*,#3831,.T.);
#5409=ORIENTED_EDGE('',*,*,#3828,.T.);
#5410=ORIENTED_EDGE('',*,*,#3825,.T.);
#5411=ORIENTED_EDGE('',*,*,#3822,.T.);
#5412=ORIENTED_EDGE('',*,*,#3819,.T.);
#5413=ORIENTED_EDGE('',*,*,#3816,.T.);
#5414=ORIENTED_EDGE('',*,*,#3813,.T.);
#5415=ORIENTED_EDGE('',*,*,#3810,.T.);
#5416=ORIENTED_EDGE('',*,*,#3807,.T.);
#5417=ORIENTED_EDGE('',*,*,#3804,.T.);
#5418=ORIENTED_EDGE('',*,*,#3801,.T.);
#5419=ORIENTED_EDGE('',*,*,#3798,.T.);
#5420=ORIENTED_EDGE('',*,*,#3795,.T.);
#5421=ORIENTED_EDGE('',*,*,#3792,.T.);
#5422=ORIENTED_EDGE('',*,*,#3789,.T.);
#5423=ORIENTED_EDGE('',*,*,#3786,.T.);
#5424=ORIENTED_EDGE('',*,*,#3783,.T.);
#5425=ORIENTED_EDGE('',*,*,#3780,.T.);
#5426=ORIENTED_EDGE('',*,*,#3777,.T.);
#5427=ORIENTED_EDGE('',*,*,#3774,.T.);
#5428=ORIENTED_EDGE('',*,*,#3771,.T.);
#5429=ORIENTED_EDGE('',*,*,#3768,.T.);
#5430=ORIENTED_EDGE('',*,*,#3765,.T.);
#5431=ORIENTED_EDGE('',*,*,#3762,.T.);
#5432=ORIENTED_EDGE('',*,*,#3759,.T.);
#5433=ORIENTED_EDGE('',*,*,#3756,.T.);
#5434=ORIENTED_EDGE('',*,*,#3753,.T.);
#5435=ORIENTED_EDGE('',*,*,#3750,.T.);
#5436=ORIENTED_EDGE('',*,*,#3747,.T.);
#5437=ORIENTED_EDGE('',*,*,#3853,.T.);
#5438=ORIENTED_EDGE('',*,*,#3854,.T.);
#5439=ORIENTED_EDGE('',*,*,#3855,.F.);
#5440=ORIENTED_EDGE('',*,*,#3856,.F.);
#5441=ORIENTED_EDGE('',*,*,#3857,.T.);
#5442=ORIENTED_EDGE('',*,*,#3856,.T.);
#5443=ORIENTED_EDGE('',*,*,#3858,.F.);
#5444=ORIENTED_EDGE('',*,*,#3859,.F.);
#5445=ORIENTED_EDGE('',*,*,#3860,.T.);
#5446=ORIENTED_EDGE('',*,*,#3859,.T.);
#5447=ORIENTED_EDGE('',*,*,#3861,.F.);
#5448=ORIENTED_EDGE('',*,*,#3862,.F.);
#5449=ORIENTED_EDGE('',*,*,#3863,.T.);
#5450=ORIENTED_EDGE('',*,*,#3862,.T.);
#5451=ORIENTED_EDGE('',*,*,#3864,.F.);
#5452=ORIENTED_EDGE('',*,*,#3865,.F.);
#5453=ORIENTED_EDGE('',*,*,#3866,.T.);
#5454=ORIENTED_EDGE('',*,*,#3865,.T.);
#5455=ORIENTED_EDGE('',*,*,#3867,.F.);
#5456=ORIENTED_EDGE('',*,*,#3868,.F.);
#5457=ORIENTED_EDGE('',*,*,#3869,.T.);
#5458=ORIENTED_EDGE('',*,*,#3868,.T.);
#5459=ORIENTED_EDGE('',*,*,#3870,.F.);
#5460=ORIENTED_EDGE('',*,*,#3871,.F.);
#5461=ORIENTED_EDGE('',*,*,#3872,.T.);
#5462=ORIENTED_EDGE('',*,*,#3871,.T.);
#5463=ORIENTED_EDGE('',*,*,#3873,.F.);
#5464=ORIENTED_EDGE('',*,*,#3874,.F.);
#5465=ORIENTED_EDGE('',*,*,#3875,.T.);
#5466=ORIENTED_EDGE('',*,*,#3874,.T.);
#5467=ORIENTED_EDGE('',*,*,#3876,.F.);
#5468=ORIENTED_EDGE('',*,*,#3877,.F.);
#5469=ORIENTED_EDGE('',*,*,#3878,.T.);
#5470=ORIENTED_EDGE('',*,*,#3877,.T.);
#5471=ORIENTED_EDGE('',*,*,#3879,.F.);
#5472=ORIENTED_EDGE('',*,*,#3880,.F.);
#5473=ORIENTED_EDGE('',*,*,#3881,.T.);
#5474=ORIENTED_EDGE('',*,*,#3880,.T.);
#5475=ORIENTED_EDGE('',*,*,#3882,.F.);
#5476=ORIENTED_EDGE('',*,*,#3883,.F.);
#5477=ORIENTED_EDGE('',*,*,#3884,.T.);
#5478=ORIENTED_EDGE('',*,*,#3883,.T.);
#5479=ORIENTED_EDGE('',*,*,#3885,.F.);
#5480=ORIENTED_EDGE('',*,*,#3886,.F.);
#5481=ORIENTED_EDGE('',*,*,#3887,.T.);
#5482=ORIENTED_EDGE('',*,*,#3886,.T.);
#5483=ORIENTED_EDGE('',*,*,#3888,.F.);
#5484=ORIENTED_EDGE('',*,*,#3889,.F.);
#5485=ORIENTED_EDGE('',*,*,#3890,.T.);
#5486=ORIENTED_EDGE('',*,*,#3889,.T.);
#5487=ORIENTED_EDGE('',*,*,#3891,.F.);
#5488=ORIENTED_EDGE('',*,*,#3892,.F.);
#5489=ORIENTED_EDGE('',*,*,#3893,.T.);
#5490=ORIENTED_EDGE('',*,*,#3892,.T.);
#5491=ORIENTED_EDGE('',*,*,#3894,.F.);
#5492=ORIENTED_EDGE('',*,*,#3895,.F.);
#5493=ORIENTED_EDGE('',*,*,#3896,.T.);
#5494=ORIENTED_EDGE('',*,*,#3895,.T.);
#5495=ORIENTED_EDGE('',*,*,#3897,.F.);
#5496=ORIENTED_EDGE('',*,*,#3898,.F.);
#5497=ORIENTED_EDGE('',*,*,#3899,.T.);
#5498=ORIENTED_EDGE('',*,*,#3898,.T.);
#5499=ORIENTED_EDGE('',*,*,#3900,.F.);
#5500=ORIENTED_EDGE('',*,*,#3901,.F.);
#5501=ORIENTED_EDGE('',*,*,#3902,.T.);
#5502=ORIENTED_EDGE('',*,*,#3901,.T.);
#5503=ORIENTED_EDGE('',*,*,#3903,.F.);
#5504=ORIENTED_EDGE('',*,*,#3904,.F.);
#5505=ORIENTED_EDGE('',*,*,#3905,.T.);
#5506=ORIENTED_EDGE('',*,*,#3904,.T.);
#5507=ORIENTED_EDGE('',*,*,#3906,.F.);
#5508=ORIENTED_EDGE('',*,*,#3907,.F.);
#5509=ORIENTED_EDGE('',*,*,#3908,.T.);
#5510=ORIENTED_EDGE('',*,*,#3907,.T.);
#5511=ORIENTED_EDGE('',*,*,#3909,.F.);
#5512=ORIENTED_EDGE('',*,*,#3910,.F.);
#5513=ORIENTED_EDGE('',*,*,#3911,.T.);
#5514=ORIENTED_EDGE('',*,*,#3910,.T.);
#5515=ORIENTED_EDGE('',*,*,#3912,.F.);
#5516=ORIENTED_EDGE('',*,*,#3913,.F.);
#5517=ORIENTED_EDGE('',*,*,#3914,.T.);
#5518=ORIENTED_EDGE('',*,*,#3913,.T.);
#5519=ORIENTED_EDGE('',*,*,#3915,.F.);
#5520=ORIENTED_EDGE('',*,*,#3916,.F.);
#5521=ORIENTED_EDGE('',*,*,#3917,.T.);
#5522=ORIENTED_EDGE('',*,*,#3916,.T.);
#5523=ORIENTED_EDGE('',*,*,#3918,.F.);
#5524=ORIENTED_EDGE('',*,*,#3919,.F.);
#5525=ORIENTED_EDGE('',*,*,#3920,.T.);
#5526=ORIENTED_EDGE('',*,*,#3919,.T.);
#5527=ORIENTED_EDGE('',*,*,#3921,.F.);
#5528=ORIENTED_EDGE('',*,*,#3922,.F.);
#5529=ORIENTED_EDGE('',*,*,#3923,.T.);
#5530=ORIENTED_EDGE('',*,*,#3922,.T.);
#5531=ORIENTED_EDGE('',*,*,#3924,.F.);
#5532=ORIENTED_EDGE('',*,*,#3925,.F.);
#5533=ORIENTED_EDGE('',*,*,#3926,.T.);
#5534=ORIENTED_EDGE('',*,*,#3925,.T.);
#5535=ORIENTED_EDGE('',*,*,#3927,.F.);
#5536=ORIENTED_EDGE('',*,*,#3928,.F.);
#5537=ORIENTED_EDGE('',*,*,#3929,.T.);
#5538=ORIENTED_EDGE('',*,*,#3928,.T.);
#5539=ORIENTED_EDGE('',*,*,#3930,.F.);
#5540=ORIENTED_EDGE('',*,*,#3931,.F.);
#5541=ORIENTED_EDGE('',*,*,#3932,.T.);
#5542=ORIENTED_EDGE('',*,*,#3931,.T.);
#5543=ORIENTED_EDGE('',*,*,#3933,.F.);
#5544=ORIENTED_EDGE('',*,*,#3934,.F.);
#5545=ORIENTED_EDGE('',*,*,#3935,.T.);
#5546=ORIENTED_EDGE('',*,*,#3934,.T.);
#5547=ORIENTED_EDGE('',*,*,#3936,.F.);
#5548=ORIENTED_EDGE('',*,*,#3937,.F.);
#5549=ORIENTED_EDGE('',*,*,#3938,.T.);
#5550=ORIENTED_EDGE('',*,*,#3937,.T.);
#5551=ORIENTED_EDGE('',*,*,#3939,.F.);
#5552=ORIENTED_EDGE('',*,*,#3854,.F.);
#5553=ORIENTED_EDGE('',*,*,#3938,.F.);
#5554=ORIENTED_EDGE('',*,*,#3853,.F.);
#5555=ORIENTED_EDGE('',*,*,#3857,.F.);
#5556=ORIENTED_EDGE('',*,*,#3860,.F.);
#5557=ORIENTED_EDGE('',*,*,#3863,.F.);
#5558=ORIENTED_EDGE('',*,*,#3866,.F.);
#5559=ORIENTED_EDGE('',*,*,#3869,.F.);
#5560=ORIENTED_EDGE('',*,*,#3872,.F.);
#5561=ORIENTED_EDGE('',*,*,#3875,.F.);
#5562=ORIENTED_EDGE('',*,*,#3878,.F.);
#5563=ORIENTED_EDGE('',*,*,#3881,.F.);
#5564=ORIENTED_EDGE('',*,*,#3884,.F.);
#5565=ORIENTED_EDGE('',*,*,#3887,.F.);
#5566=ORIENTED_EDGE('',*,*,#3890,.F.);
#5567=ORIENTED_EDGE('',*,*,#3893,.F.);
#5568=ORIENTED_EDGE('',*,*,#3896,.F.);
#5569=ORIENTED_EDGE('',*,*,#3899,.F.);
#5570=ORIENTED_EDGE('',*,*,#3902,.F.);
#5571=ORIENTED_EDGE('',*,*,#3905,.F.);
#5572=ORIENTED_EDGE('',*,*,#3908,.F.);
#5573=ORIENTED_EDGE('',*,*,#3911,.F.);
#5574=ORIENTED_EDGE('',*,*,#3914,.F.);
#5575=ORIENTED_EDGE('',*,*,#3917,.F.);
#5576=ORIENTED_EDGE('',*,*,#3920,.F.);
#5577=ORIENTED_EDGE('',*,*,#3923,.F.);
#5578=ORIENTED_EDGE('',*,*,#3926,.F.);
#5579=ORIENTED_EDGE('',*,*,#3929,.F.);
#5580=ORIENTED_EDGE('',*,*,#3932,.F.);
#5581=ORIENTED_EDGE('',*,*,#3935,.F.);
#5582=ORIENTED_EDGE('',*,*,#3939,.T.);
#5583=ORIENTED_EDGE('',*,*,#3936,.T.);
#5584=ORIENTED_EDGE('',*,*,#3933,.T.);
#5585=ORIENTED_EDGE('',*,*,#3930,.T.);
#5586=ORIENTED_EDGE('',*,*,#3927,.T.);
#5587=ORIENTED_EDGE('',*,*,#3924,.T.);
#5588=ORIENTED_EDGE('',*,*,#3921,.T.);
#5589=ORIENTED_EDGE('',*,*,#3918,.T.);
#5590=ORIENTED_EDGE('',*,*,#3915,.T.);
#5591=ORIENTED_EDGE('',*,*,#3912,.T.);
#5592=ORIENTED_EDGE('',*,*,#3909,.T.);
#5593=ORIENTED_EDGE('',*,*,#3906,.T.);
#5594=ORIENTED_EDGE('',*,*,#3903,.T.);
#5595=ORIENTED_EDGE('',*,*,#3900,.T.);
#5596=ORIENTED_EDGE('',*,*,#3897,.T.);
#5597=ORIENTED_EDGE('',*,*,#3894,.T.);
#5598=ORIENTED_EDGE('',*,*,#3891,.T.);
#5599=ORIENTED_EDGE('',*,*,#3888,.T.);
#5600=ORIENTED_EDGE('',*,*,#3885,.T.);
#5601=ORIENTED_EDGE('',*,*,#3882,.T.);
#5602=ORIENTED_EDGE('',*,*,#3879,.T.);
#5603=ORIENTED_EDGE('',*,*,#3876,.T.);
#5604=ORIENTED_EDGE('',*,*,#3873,.T.);
#5605=ORIENTED_EDGE('',*,*,#3870,.T.);
#5606=ORIENTED_EDGE('',*,*,#3867,.T.);
#5607=ORIENTED_EDGE('',*,*,#3864,.T.);
#5608=ORIENTED_EDGE('',*,*,#3861,.T.);
#5609=ORIENTED_EDGE('',*,*,#3858,.T.);
#5610=ORIENTED_EDGE('',*,*,#3855,.T.);
#5611=ORIENTED_EDGE('',*,*,#3940,.T.);
#5612=ORIENTED_EDGE('',*,*,#3941,.T.);
#5613=ORIENTED_EDGE('',*,*,#3942,.F.);
#5614=ORIENTED_EDGE('',*,*,#3943,.F.);
#5615=ORIENTED_EDGE('',*,*,#3944,.T.);
#5616=ORIENTED_EDGE('',*,*,#3943,.T.);
#5617=ORIENTED_EDGE('',*,*,#3945,.F.);
#5618=ORIENTED_EDGE('',*,*,#3946,.F.);
#5619=ORIENTED_EDGE('',*,*,#3947,.T.);
#5620=ORIENTED_EDGE('',*,*,#3946,.T.);
#5621=ORIENTED_EDGE('',*,*,#3948,.F.);
#5622=ORIENTED_EDGE('',*,*,#3949,.F.);
#5623=ORIENTED_EDGE('',*,*,#3950,.T.);
#5624=ORIENTED_EDGE('',*,*,#3949,.T.);
#5625=ORIENTED_EDGE('',*,*,#3951,.F.);
#5626=ORIENTED_EDGE('',*,*,#3952,.F.);
#5627=ORIENTED_EDGE('',*,*,#3953,.T.);
#5628=ORIENTED_EDGE('',*,*,#3952,.T.);
#5629=ORIENTED_EDGE('',*,*,#3954,.F.);
#5630=ORIENTED_EDGE('',*,*,#3955,.F.);
#5631=ORIENTED_EDGE('',*,*,#3956,.T.);
#5632=ORIENTED_EDGE('',*,*,#3955,.T.);
#5633=ORIENTED_EDGE('',*,*,#3957,.F.);
#5634=ORIENTED_EDGE('',*,*,#3958,.F.);
#5635=ORIENTED_EDGE('',*,*,#3959,.T.);
#5636=ORIENTED_EDGE('',*,*,#3958,.T.);
#5637=ORIENTED_EDGE('',*,*,#3960,.F.);
#5638=ORIENTED_EDGE('',*,*,#3961,.F.);
#5639=ORIENTED_EDGE('',*,*,#3962,.T.);
#5640=ORIENTED_EDGE('',*,*,#3961,.T.);
#5641=ORIENTED_EDGE('',*,*,#3963,.F.);
#5642=ORIENTED_EDGE('',*,*,#3964,.F.);
#5643=ORIENTED_EDGE('',*,*,#3965,.T.);
#5644=ORIENTED_EDGE('',*,*,#3964,.T.);
#5645=ORIENTED_EDGE('',*,*,#3966,.F.);
#5646=ORIENTED_EDGE('',*,*,#3967,.F.);
#5647=ORIENTED_EDGE('',*,*,#3968,.T.);
#5648=ORIENTED_EDGE('',*,*,#3967,.T.);
#5649=ORIENTED_EDGE('',*,*,#3969,.F.);
#5650=ORIENTED_EDGE('',*,*,#3970,.F.);
#5651=ORIENTED_EDGE('',*,*,#3971,.T.);
#5652=ORIENTED_EDGE('',*,*,#3970,.T.);
#5653=ORIENTED_EDGE('',*,*,#3972,.F.);
#5654=ORIENTED_EDGE('',*,*,#3973,.F.);
#5655=ORIENTED_EDGE('',*,*,#3974,.T.);
#5656=ORIENTED_EDGE('',*,*,#3973,.T.);
#5657=ORIENTED_EDGE('',*,*,#3975,.F.);
#5658=ORIENTED_EDGE('',*,*,#3976,.F.);
#5659=ORIENTED_EDGE('',*,*,#3977,.T.);
#5660=ORIENTED_EDGE('',*,*,#3976,.T.);
#5661=ORIENTED_EDGE('',*,*,#3978,.F.);
#5662=ORIENTED_EDGE('',*,*,#3979,.F.);
#5663=ORIENTED_EDGE('',*,*,#3980,.T.);
#5664=ORIENTED_EDGE('',*,*,#3979,.T.);
#5665=ORIENTED_EDGE('',*,*,#3981,.F.);
#5666=ORIENTED_EDGE('',*,*,#3982,.F.);
#5667=ORIENTED_EDGE('',*,*,#3983,.T.);
#5668=ORIENTED_EDGE('',*,*,#3982,.T.);
#5669=ORIENTED_EDGE('',*,*,#3984,.F.);
#5670=ORIENTED_EDGE('',*,*,#3985,.F.);
#5671=ORIENTED_EDGE('',*,*,#3986,.T.);
#5672=ORIENTED_EDGE('',*,*,#3985,.T.);
#5673=ORIENTED_EDGE('',*,*,#3987,.F.);
#5674=ORIENTED_EDGE('',*,*,#3988,.F.);
#5675=ORIENTED_EDGE('',*,*,#3989,.T.);
#5676=ORIENTED_EDGE('',*,*,#3988,.T.);
#5677=ORIENTED_EDGE('',*,*,#3990,.F.);
#5678=ORIENTED_EDGE('',*,*,#3991,.F.);
#5679=ORIENTED_EDGE('',*,*,#3992,.T.);
#5680=ORIENTED_EDGE('',*,*,#3991,.T.);
#5681=ORIENTED_EDGE('',*,*,#3993,.F.);
#5682=ORIENTED_EDGE('',*,*,#3994,.F.);
#5683=ORIENTED_EDGE('',*,*,#3995,.T.);
#5684=ORIENTED_EDGE('',*,*,#3994,.T.);
#5685=ORIENTED_EDGE('',*,*,#3996,.F.);
#5686=ORIENTED_EDGE('',*,*,#3997,.F.);
#5687=ORIENTED_EDGE('',*,*,#3998,.T.);
#5688=ORIENTED_EDGE('',*,*,#3997,.T.);
#5689=ORIENTED_EDGE('',*,*,#3999,.F.);
#5690=ORIENTED_EDGE('',*,*,#4000,.F.);
#5691=ORIENTED_EDGE('',*,*,#4001,.T.);
#5692=ORIENTED_EDGE('',*,*,#4000,.T.);
#5693=ORIENTED_EDGE('',*,*,#4002,.F.);
#5694=ORIENTED_EDGE('',*,*,#4003,.F.);
#5695=ORIENTED_EDGE('',*,*,#4004,.T.);
#5696=ORIENTED_EDGE('',*,*,#4003,.T.);
#5697=ORIENTED_EDGE('',*,*,#4005,.F.);
#5698=ORIENTED_EDGE('',*,*,#4006,.F.);
#5699=ORIENTED_EDGE('',*,*,#4007,.T.);
#5700=ORIENTED_EDGE('',*,*,#4006,.T.);
#5701=ORIENTED_EDGE('',*,*,#4008,.F.);
#5702=ORIENTED_EDGE('',*,*,#4009,.F.);
#5703=ORIENTED_EDGE('',*,*,#4010,.T.);
#5704=ORIENTED_EDGE('',*,*,#4009,.T.);
#5705=ORIENTED_EDGE('',*,*,#4011,.F.);
#5706=ORIENTED_EDGE('',*,*,#4012,.F.);
#5707=ORIENTED_EDGE('',*,*,#4013,.T.);
#5708=ORIENTED_EDGE('',*,*,#4012,.T.);
#5709=ORIENTED_EDGE('',*,*,#4014,.F.);
#5710=ORIENTED_EDGE('',*,*,#4015,.F.);
#5711=ORIENTED_EDGE('',*,*,#4016,.T.);
#5712=ORIENTED_EDGE('',*,*,#4015,.T.);
#5713=ORIENTED_EDGE('',*,*,#4017,.F.);
#5714=ORIENTED_EDGE('',*,*,#4018,.F.);
#5715=ORIENTED_EDGE('',*,*,#4019,.T.);
#5716=ORIENTED_EDGE('',*,*,#4018,.T.);
#5717=ORIENTED_EDGE('',*,*,#4020,.F.);
#5718=ORIENTED_EDGE('',*,*,#4021,.F.);
#5719=ORIENTED_EDGE('',*,*,#4022,.T.);
#5720=ORIENTED_EDGE('',*,*,#4021,.T.);
#5721=ORIENTED_EDGE('',*,*,#4023,.F.);
#5722=ORIENTED_EDGE('',*,*,#4024,.F.);
#5723=ORIENTED_EDGE('',*,*,#4025,.T.);
#5724=ORIENTED_EDGE('',*,*,#4024,.T.);
#5725=ORIENTED_EDGE('',*,*,#4026,.F.);
#5726=ORIENTED_EDGE('',*,*,#4027,.F.);
#5727=ORIENTED_EDGE('',*,*,#4028,.T.);
#5728=ORIENTED_EDGE('',*,*,#4027,.T.);
#5729=ORIENTED_EDGE('',*,*,#4029,.F.);
#5730=ORIENTED_EDGE('',*,*,#4030,.F.);
#5731=ORIENTED_EDGE('',*,*,#4031,.T.);
#5732=ORIENTED_EDGE('',*,*,#4030,.T.);
#5733=ORIENTED_EDGE('',*,*,#4032,.F.);
#5734=ORIENTED_EDGE('',*,*,#4033,.F.);
#5735=ORIENTED_EDGE('',*,*,#4034,.T.);
#5736=ORIENTED_EDGE('',*,*,#4033,.T.);
#5737=ORIENTED_EDGE('',*,*,#4035,.F.);
#5738=ORIENTED_EDGE('',*,*,#4036,.F.);
#5739=ORIENTED_EDGE('',*,*,#4037,.T.);
#5740=ORIENTED_EDGE('',*,*,#4036,.T.);
#5741=ORIENTED_EDGE('',*,*,#4038,.F.);
#5742=ORIENTED_EDGE('',*,*,#4039,.F.);
#5743=ORIENTED_EDGE('',*,*,#4040,.T.);
#5744=ORIENTED_EDGE('',*,*,#4039,.T.);
#5745=ORIENTED_EDGE('',*,*,#4041,.F.);
#5746=ORIENTED_EDGE('',*,*,#4042,.F.);
#5747=ORIENTED_EDGE('',*,*,#4043,.T.);
#5748=ORIENTED_EDGE('',*,*,#4042,.T.);
#5749=ORIENTED_EDGE('',*,*,#4044,.F.);
#5750=ORIENTED_EDGE('',*,*,#4045,.F.);
#5751=ORIENTED_EDGE('',*,*,#4046,.T.);
#5752=ORIENTED_EDGE('',*,*,#4045,.T.);
#5753=ORIENTED_EDGE('',*,*,#4047,.F.);
#5754=ORIENTED_EDGE('',*,*,#4048,.F.);
#5755=ORIENTED_EDGE('',*,*,#4049,.T.);
#5756=ORIENTED_EDGE('',*,*,#4048,.T.);
#5757=ORIENTED_EDGE('',*,*,#4050,.F.);
#5758=ORIENTED_EDGE('',*,*,#4051,.F.);
#5759=ORIENTED_EDGE('',*,*,#4052,.T.);
#5760=ORIENTED_EDGE('',*,*,#4051,.T.);
#5761=ORIENTED_EDGE('',*,*,#4053,.F.);
#5762=ORIENTED_EDGE('',*,*,#4054,.F.);
#5763=ORIENTED_EDGE('',*,*,#4055,.T.);
#5764=ORIENTED_EDGE('',*,*,#4054,.T.);
#5765=ORIENTED_EDGE('',*,*,#4056,.F.);
#5766=ORIENTED_EDGE('',*,*,#3941,.F.);
#5767=ORIENTED_EDGE('',*,*,#4055,.F.);
#5768=ORIENTED_EDGE('',*,*,#3940,.F.);
#5769=ORIENTED_EDGE('',*,*,#3944,.F.);
#5770=ORIENTED_EDGE('',*,*,#3947,.F.);
#5771=ORIENTED_EDGE('',*,*,#3950,.F.);
#5772=ORIENTED_EDGE('',*,*,#3953,.F.);
#5773=ORIENTED_EDGE('',*,*,#3956,.F.);
#5774=ORIENTED_EDGE('',*,*,#3959,.F.);
#5775=ORIENTED_EDGE('',*,*,#3962,.F.);
#5776=ORIENTED_EDGE('',*,*,#3965,.F.);
#5777=ORIENTED_EDGE('',*,*,#3968,.F.);
#5778=ORIENTED_EDGE('',*,*,#3971,.F.);
#5779=ORIENTED_EDGE('',*,*,#3974,.F.);
#5780=ORIENTED_EDGE('',*,*,#3977,.F.);
#5781=ORIENTED_EDGE('',*,*,#3980,.F.);
#5782=ORIENTED_EDGE('',*,*,#3983,.F.);
#5783=ORIENTED_EDGE('',*,*,#3986,.F.);
#5784=ORIENTED_EDGE('',*,*,#3989,.F.);
#5785=ORIENTED_EDGE('',*,*,#3992,.F.);
#5786=ORIENTED_EDGE('',*,*,#3995,.F.);
#5787=ORIENTED_EDGE('',*,*,#3998,.F.);
#5788=ORIENTED_EDGE('',*,*,#4001,.F.);
#5789=ORIENTED_EDGE('',*,*,#4004,.F.);
#5790=ORIENTED_EDGE('',*,*,#4007,.F.);
#5791=ORIENTED_EDGE('',*,*,#4010,.F.);
#5792=ORIENTED_EDGE('',*,*,#4013,.F.);
#5793=ORIENTED_EDGE('',*,*,#4016,.F.);
#5794=ORIENTED_EDGE('',*,*,#4019,.F.);
#5795=ORIENTED_EDGE('',*,*,#4022,.F.);
#5796=ORIENTED_EDGE('',*,*,#4025,.F.);
#5797=ORIENTED_EDGE('',*,*,#4028,.F.);
#5798=ORIENTED_EDGE('',*,*,#4031,.F.);
#5799=ORIENTED_EDGE('',*,*,#4034,.F.);
#5800=ORIENTED_EDGE('',*,*,#4037,.F.);
#5801=ORIENTED_EDGE('',*,*,#4040,.F.);
#5802=ORIENTED_EDGE('',*,*,#4043,.F.);
#5803=ORIENTED_EDGE('',*,*,#4046,.F.);
#5804=ORIENTED_EDGE('',*,*,#4049,.F.);
#5805=ORIENTED_EDGE('',*,*,#4052,.F.);
#5806=ORIENTED_EDGE('',*,*,#4056,.T.);
#5807=ORIENTED_EDGE('',*,*,#4053,.T.);
#5808=ORIENTED_EDGE('',*,*,#4050,.T.);
#5809=ORIENTED_EDGE('',*,*,#4047,.T.);
#5810=ORIENTED_EDGE('',*,*,#4044,.T.);
#5811=ORIENTED_EDGE('',*,*,#4041,.T.);
#5812=ORIENTED_EDGE('',*,*,#4038,.T.);
#5813=ORIENTED_EDGE('',*,*,#4035,.T.);
#5814=ORIENTED_EDGE('',*,*,#4032,.T.);
#5815=ORIENTED_EDGE('',*,*,#4029,.T.);
#5816=ORIENTED_EDGE('',*,*,#4026,.T.);
#5817=ORIENTED_EDGE('',*,*,#4023,.T.);
#5818=ORIENTED_EDGE('',*,*,#4020,.T.);
#5819=ORIENTED_EDGE('',*,*,#4017,.T.);
#5820=ORIENTED_EDGE('',*,*,#4014,.T.);
#5821=ORIENTED_EDGE('',*,*,#4011,.T.);
#5822=ORIENTED_EDGE('',*,*,#4008,.T.);
#5823=ORIENTED_EDGE('',*,*,#4005,.T.);
#5824=ORIENTED_EDGE('',*,*,#4002,.T.);
#5825=ORIENTED_EDGE('',*,*,#3999,.T.);
#5826=ORIENTED_EDGE('',*,*,#3996,.T.);
#5827=ORIENTED_EDGE('',*,*,#3993,.T.);
#5828=ORIENTED_EDGE('',*,*,#3990,.T.);
#5829=ORIENTED_EDGE('',*,*,#3987,.T.);
#5830=ORIENTED_EDGE('',*,*,#3984,.T.);
#5831=ORIENTED_EDGE('',*,*,#3981,.T.);
#5832=ORIENTED_EDGE('',*,*,#3978,.T.);
#5833=ORIENTED_EDGE('',*,*,#3975,.T.);
#5834=ORIENTED_EDGE('',*,*,#3972,.T.);
#5835=ORIENTED_EDGE('',*,*,#3969,.T.);
#5836=ORIENTED_EDGE('',*,*,#3966,.T.);
#5837=ORIENTED_EDGE('',*,*,#3963,.T.);
#5838=ORIENTED_EDGE('',*,*,#3960,.T.);
#5839=ORIENTED_EDGE('',*,*,#3957,.T.);
#5840=ORIENTED_EDGE('',*,*,#3954,.T.);
#5841=ORIENTED_EDGE('',*,*,#3951,.T.);
#5842=ORIENTED_EDGE('',*,*,#3948,.T.);
#5843=ORIENTED_EDGE('',*,*,#3945,.T.);
#5844=ORIENTED_EDGE('',*,*,#3942,.T.);
#5845=ORIENTED_EDGE('',*,*,#4057,.T.);
#5846=ORIENTED_EDGE('',*,*,#4058,.T.);
#5847=ORIENTED_EDGE('',*,*,#4059,.F.);
#5848=ORIENTED_EDGE('',*,*,#4060,.F.);
#5849=ORIENTED_EDGE('',*,*,#4061,.T.);
#5850=ORIENTED_EDGE('',*,*,#4060,.T.);
#5851=ORIENTED_EDGE('',*,*,#4062,.F.);
#5852=ORIENTED_EDGE('',*,*,#4063,.F.);
#5853=ORIENTED_EDGE('',*,*,#4064,.T.);
#5854=ORIENTED_EDGE('',*,*,#4063,.T.);
#5855=ORIENTED_EDGE('',*,*,#4065,.F.);
#5856=ORIENTED_EDGE('',*,*,#4066,.F.);
#5857=ORIENTED_EDGE('',*,*,#4067,.T.);
#5858=ORIENTED_EDGE('',*,*,#4066,.T.);
#5859=ORIENTED_EDGE('',*,*,#4068,.F.);
#5860=ORIENTED_EDGE('',*,*,#4069,.F.);
#5861=ORIENTED_EDGE('',*,*,#4070,.T.);
#5862=ORIENTED_EDGE('',*,*,#4069,.T.);
#5863=ORIENTED_EDGE('',*,*,#4071,.F.);
#5864=ORIENTED_EDGE('',*,*,#4072,.F.);
#5865=ORIENTED_EDGE('',*,*,#4073,.T.);
#5866=ORIENTED_EDGE('',*,*,#4072,.T.);
#5867=ORIENTED_EDGE('',*,*,#4074,.F.);
#5868=ORIENTED_EDGE('',*,*,#4075,.F.);
#5869=ORIENTED_EDGE('',*,*,#4076,.T.);
#5870=ORIENTED_EDGE('',*,*,#4075,.T.);
#5871=ORIENTED_EDGE('',*,*,#4077,.F.);
#5872=ORIENTED_EDGE('',*,*,#4078,.F.);
#5873=ORIENTED_EDGE('',*,*,#4079,.T.);
#5874=ORIENTED_EDGE('',*,*,#4078,.T.);
#5875=ORIENTED_EDGE('',*,*,#4080,.F.);
#5876=ORIENTED_EDGE('',*,*,#4081,.F.);
#5877=ORIENTED_EDGE('',*,*,#4082,.T.);
#5878=ORIENTED_EDGE('',*,*,#4081,.T.);
#5879=ORIENTED_EDGE('',*,*,#4083,.F.);
#5880=ORIENTED_EDGE('',*,*,#4058,.F.);
#5881=ORIENTED_EDGE('',*,*,#4082,.F.);
#5882=ORIENTED_EDGE('',*,*,#4057,.F.);
#5883=ORIENTED_EDGE('',*,*,#4061,.F.);
#5884=ORIENTED_EDGE('',*,*,#4064,.F.);
#5885=ORIENTED_EDGE('',*,*,#4067,.F.);
#5886=ORIENTED_EDGE('',*,*,#4070,.F.);
#5887=ORIENTED_EDGE('',*,*,#4073,.F.);
#5888=ORIENTED_EDGE('',*,*,#4076,.F.);
#5889=ORIENTED_EDGE('',*,*,#4079,.F.);
#5890=ORIENTED_EDGE('',*,*,#4083,.T.);
#5891=ORIENTED_EDGE('',*,*,#4080,.T.);
#5892=ORIENTED_EDGE('',*,*,#4077,.T.);
#5893=ORIENTED_EDGE('',*,*,#4074,.T.);
#5894=ORIENTED_EDGE('',*,*,#4071,.T.);
#5895=ORIENTED_EDGE('',*,*,#4068,.T.);
#5896=ORIENTED_EDGE('',*,*,#4065,.T.);
#5897=ORIENTED_EDGE('',*,*,#4062,.T.);
#5898=ORIENTED_EDGE('',*,*,#4059,.T.);
#5899=ORIENTED_EDGE('',*,*,#4084,.T.);
#5900=ORIENTED_EDGE('',*,*,#4085,.T.);
#5901=ORIENTED_EDGE('',*,*,#4086,.F.);
#5902=ORIENTED_EDGE('',*,*,#4087,.F.);
#5903=ORIENTED_EDGE('',*,*,#4088,.T.);
#5904=ORIENTED_EDGE('',*,*,#4087,.T.);
#5905=ORIENTED_EDGE('',*,*,#4089,.F.);
#5906=ORIENTED_EDGE('',*,*,#4090,.F.);
#5907=ORIENTED_EDGE('',*,*,#4091,.T.);
#5908=ORIENTED_EDGE('',*,*,#4090,.T.);
#5909=ORIENTED_EDGE('',*,*,#4092,.F.);
#5910=ORIENTED_EDGE('',*,*,#4093,.F.);
#5911=ORIENTED_EDGE('',*,*,#4094,.T.);
#5912=ORIENTED_EDGE('',*,*,#4093,.T.);
#5913=ORIENTED_EDGE('',*,*,#4095,.F.);
#5914=ORIENTED_EDGE('',*,*,#4096,.F.);
#5915=ORIENTED_EDGE('',*,*,#4097,.T.);
#5916=ORIENTED_EDGE('',*,*,#4096,.T.);
#5917=ORIENTED_EDGE('',*,*,#4098,.F.);
#5918=ORIENTED_EDGE('',*,*,#4099,.F.);
#5919=ORIENTED_EDGE('',*,*,#4100,.T.);
#5920=ORIENTED_EDGE('',*,*,#4099,.T.);
#5921=ORIENTED_EDGE('',*,*,#4101,.F.);
#5922=ORIENTED_EDGE('',*,*,#4102,.F.);
#5923=ORIENTED_EDGE('',*,*,#4103,.T.);
#5924=ORIENTED_EDGE('',*,*,#4102,.T.);
#5925=ORIENTED_EDGE('',*,*,#4104,.F.);
#5926=ORIENTED_EDGE('',*,*,#4105,.F.);
#5927=ORIENTED_EDGE('',*,*,#4106,.T.);
#5928=ORIENTED_EDGE('',*,*,#4105,.T.);
#5929=ORIENTED_EDGE('',*,*,#4107,.F.);
#5930=ORIENTED_EDGE('',*,*,#4108,.F.);
#5931=ORIENTED_EDGE('',*,*,#4109,.T.);
#5932=ORIENTED_EDGE('',*,*,#4108,.T.);
#5933=ORIENTED_EDGE('',*,*,#4110,.F.);
#5934=ORIENTED_EDGE('',*,*,#4111,.F.);
#5935=ORIENTED_EDGE('',*,*,#4112,.T.);
#5936=ORIENTED_EDGE('',*,*,#4111,.T.);
#5937=ORIENTED_EDGE('',*,*,#4113,.F.);
#5938=ORIENTED_EDGE('',*,*,#4114,.F.);
#5939=ORIENTED_EDGE('',*,*,#4115,.T.);
#5940=ORIENTED_EDGE('',*,*,#4114,.T.);
#5941=ORIENTED_EDGE('',*,*,#4116,.F.);
#5942=ORIENTED_EDGE('',*,*,#4117,.F.);
#5943=ORIENTED_EDGE('',*,*,#4118,.T.);
#5944=ORIENTED_EDGE('',*,*,#4117,.T.);
#5945=ORIENTED_EDGE('',*,*,#4119,.F.);
#5946=ORIENTED_EDGE('',*,*,#4120,.F.);
#5947=ORIENTED_EDGE('',*,*,#4121,.T.);
#5948=ORIENTED_EDGE('',*,*,#4120,.T.);
#5949=ORIENTED_EDGE('',*,*,#4122,.F.);
#5950=ORIENTED_EDGE('',*,*,#4123,.F.);
#5951=ORIENTED_EDGE('',*,*,#4124,.T.);
#5952=ORIENTED_EDGE('',*,*,#4123,.T.);
#5953=ORIENTED_EDGE('',*,*,#4125,.F.);
#5954=ORIENTED_EDGE('',*,*,#4126,.F.);
#5955=ORIENTED_EDGE('',*,*,#4127,.T.);
#5956=ORIENTED_EDGE('',*,*,#4126,.T.);
#5957=ORIENTED_EDGE('',*,*,#4128,.F.);
#5958=ORIENTED_EDGE('',*,*,#4129,.F.);
#5959=ORIENTED_EDGE('',*,*,#4130,.T.);
#5960=ORIENTED_EDGE('',*,*,#4129,.T.);
#5961=ORIENTED_EDGE('',*,*,#4131,.F.);
#5962=ORIENTED_EDGE('',*,*,#4085,.F.);
#5963=ORIENTED_EDGE('',*,*,#4132,.T.);
#5964=ORIENTED_EDGE('',*,*,#4133,.T.);
#5965=ORIENTED_EDGE('',*,*,#4134,.F.);
#5966=ORIENTED_EDGE('',*,*,#4135,.F.);
#5967=ORIENTED_EDGE('',*,*,#4136,.T.);
#5968=ORIENTED_EDGE('',*,*,#4135,.T.);
#5969=ORIENTED_EDGE('',*,*,#4137,.F.);
#5970=ORIENTED_EDGE('',*,*,#4138,.F.);
#5971=ORIENTED_EDGE('',*,*,#4139,.T.);
#5972=ORIENTED_EDGE('',*,*,#4138,.T.);
#5973=ORIENTED_EDGE('',*,*,#4140,.F.);
#5974=ORIENTED_EDGE('',*,*,#4141,.F.);
#5975=ORIENTED_EDGE('',*,*,#4142,.T.);
#5976=ORIENTED_EDGE('',*,*,#4141,.T.);
#5977=ORIENTED_EDGE('',*,*,#4143,.F.);
#5978=ORIENTED_EDGE('',*,*,#4144,.F.);
#5979=ORIENTED_EDGE('',*,*,#4145,.T.);
#5980=ORIENTED_EDGE('',*,*,#4144,.T.);
#5981=ORIENTED_EDGE('',*,*,#4146,.F.);
#5982=ORIENTED_EDGE('',*,*,#4147,.F.);
#5983=ORIENTED_EDGE('',*,*,#4148,.T.);
#5984=ORIENTED_EDGE('',*,*,#4147,.T.);
#5985=ORIENTED_EDGE('',*,*,#4149,.F.);
#5986=ORIENTED_EDGE('',*,*,#4150,.F.);
#5987=ORIENTED_EDGE('',*,*,#4151,.T.);
#5988=ORIENTED_EDGE('',*,*,#4150,.T.);
#5989=ORIENTED_EDGE('',*,*,#4152,.F.);
#5990=ORIENTED_EDGE('',*,*,#4153,.F.);
#5991=ORIENTED_EDGE('',*,*,#4154,.T.);
#5992=ORIENTED_EDGE('',*,*,#4153,.T.);
#5993=ORIENTED_EDGE('',*,*,#4155,.F.);
#5994=ORIENTED_EDGE('',*,*,#4156,.F.);
#5995=ORIENTED_EDGE('',*,*,#4157,.T.);
#5996=ORIENTED_EDGE('',*,*,#4156,.T.);
#5997=ORIENTED_EDGE('',*,*,#4158,.F.);
#5998=ORIENTED_EDGE('',*,*,#4159,.F.);
#5999=ORIENTED_EDGE('',*,*,#4160,.T.);
#6000=ORIENTED_EDGE('',*,*,#4159,.T.);
#6001=ORIENTED_EDGE('',*,*,#4161,.F.);
#6002=ORIENTED_EDGE('',*,*,#4162,.F.);
#6003=ORIENTED_EDGE('',*,*,#4163,.T.);
#6004=ORIENTED_EDGE('',*,*,#4162,.T.);
#6005=ORIENTED_EDGE('',*,*,#4164,.F.);
#6006=ORIENTED_EDGE('',*,*,#4165,.F.);
#6007=ORIENTED_EDGE('',*,*,#4166,.T.);
#6008=ORIENTED_EDGE('',*,*,#4165,.T.);
#6009=ORIENTED_EDGE('',*,*,#4167,.F.);
#6010=ORIENTED_EDGE('',*,*,#4168,.F.);
#6011=ORIENTED_EDGE('',*,*,#4169,.T.);
#6012=ORIENTED_EDGE('',*,*,#4168,.T.);
#6013=ORIENTED_EDGE('',*,*,#4170,.F.);
#6014=ORIENTED_EDGE('',*,*,#4171,.F.);
#6015=ORIENTED_EDGE('',*,*,#4172,.T.);
#6016=ORIENTED_EDGE('',*,*,#4171,.T.);
#6017=ORIENTED_EDGE('',*,*,#4173,.F.);
#6018=ORIENTED_EDGE('',*,*,#4174,.F.);
#6019=ORIENTED_EDGE('',*,*,#4175,.T.);
#6020=ORIENTED_EDGE('',*,*,#4174,.T.);
#6021=ORIENTED_EDGE('',*,*,#4176,.F.);
#6022=ORIENTED_EDGE('',*,*,#4177,.F.);
#6023=ORIENTED_EDGE('',*,*,#4178,.T.);
#6024=ORIENTED_EDGE('',*,*,#4177,.T.);
#6025=ORIENTED_EDGE('',*,*,#4179,.F.);
#6026=ORIENTED_EDGE('',*,*,#4133,.F.);
#6027=ORIENTED_EDGE('',*,*,#4178,.F.);
#6028=ORIENTED_EDGE('',*,*,#4132,.F.);
#6029=ORIENTED_EDGE('',*,*,#4136,.F.);
#6030=ORIENTED_EDGE('',*,*,#4139,.F.);
#6031=ORIENTED_EDGE('',*,*,#4142,.F.);
#6032=ORIENTED_EDGE('',*,*,#4145,.F.);
#6033=ORIENTED_EDGE('',*,*,#4148,.F.);
#6034=ORIENTED_EDGE('',*,*,#4151,.F.);
#6035=ORIENTED_EDGE('',*,*,#4154,.F.);
#6036=ORIENTED_EDGE('',*,*,#4157,.F.);
#6037=ORIENTED_EDGE('',*,*,#4160,.F.);
#6038=ORIENTED_EDGE('',*,*,#4163,.F.);
#6039=ORIENTED_EDGE('',*,*,#4166,.F.);
#6040=ORIENTED_EDGE('',*,*,#4169,.F.);
#6041=ORIENTED_EDGE('',*,*,#4172,.F.);
#6042=ORIENTED_EDGE('',*,*,#4175,.F.);
#6043=ORIENTED_EDGE('',*,*,#4130,.F.);
#6044=ORIENTED_EDGE('',*,*,#4084,.F.);
#6045=ORIENTED_EDGE('',*,*,#4088,.F.);
#6046=ORIENTED_EDGE('',*,*,#4091,.F.);
#6047=ORIENTED_EDGE('',*,*,#4094,.F.);
#6048=ORIENTED_EDGE('',*,*,#4097,.F.);
#6049=ORIENTED_EDGE('',*,*,#4100,.F.);
#6050=ORIENTED_EDGE('',*,*,#4103,.F.);
#6051=ORIENTED_EDGE('',*,*,#4106,.F.);
#6052=ORIENTED_EDGE('',*,*,#4109,.F.);
#6053=ORIENTED_EDGE('',*,*,#4112,.F.);
#6054=ORIENTED_EDGE('',*,*,#4115,.F.);
#6055=ORIENTED_EDGE('',*,*,#4118,.F.);
#6056=ORIENTED_EDGE('',*,*,#4121,.F.);
#6057=ORIENTED_EDGE('',*,*,#4124,.F.);
#6058=ORIENTED_EDGE('',*,*,#4127,.F.);
#6059=ORIENTED_EDGE('',*,*,#4179,.T.);
#6060=ORIENTED_EDGE('',*,*,#4176,.T.);
#6061=ORIENTED_EDGE('',*,*,#4173,.T.);
#6062=ORIENTED_EDGE('',*,*,#4170,.T.);
#6063=ORIENTED_EDGE('',*,*,#4167,.T.);
#6064=ORIENTED_EDGE('',*,*,#4164,.T.);
#6065=ORIENTED_EDGE('',*,*,#4161,.T.);
#6066=ORIENTED_EDGE('',*,*,#4158,.T.);
#6067=ORIENTED_EDGE('',*,*,#4155,.T.);
#6068=ORIENTED_EDGE('',*,*,#4152,.T.);
#6069=ORIENTED_EDGE('',*,*,#4149,.T.);
#6070=ORIENTED_EDGE('',*,*,#4146,.T.);
#6071=ORIENTED_EDGE('',*,*,#4143,.T.);
#6072=ORIENTED_EDGE('',*,*,#4140,.T.);
#6073=ORIENTED_EDGE('',*,*,#4137,.T.);
#6074=ORIENTED_EDGE('',*,*,#4134,.T.);
#6075=ORIENTED_EDGE('',*,*,#4131,.T.);
#6076=ORIENTED_EDGE('',*,*,#4128,.T.);
#6077=ORIENTED_EDGE('',*,*,#4125,.T.);
#6078=ORIENTED_EDGE('',*,*,#4122,.T.);
#6079=ORIENTED_EDGE('',*,*,#4119,.T.);
#6080=ORIENTED_EDGE('',*,*,#4116,.T.);
#6081=ORIENTED_EDGE('',*,*,#4113,.T.);
#6082=ORIENTED_EDGE('',*,*,#4110,.T.);
#6083=ORIENTED_EDGE('',*,*,#4107,.T.);
#6084=ORIENTED_EDGE('',*,*,#4104,.T.);
#6085=ORIENTED_EDGE('',*,*,#4101,.T.);
#6086=ORIENTED_EDGE('',*,*,#4098,.T.);
#6087=ORIENTED_EDGE('',*,*,#4095,.T.);
#6088=ORIENTED_EDGE('',*,*,#4092,.T.);
#6089=ORIENTED_EDGE('',*,*,#4089,.T.);
#6090=ORIENTED_EDGE('',*,*,#4086,.T.);
#6091=ORIENTED_EDGE('',*,*,#4180,.T.);
#6092=ORIENTED_EDGE('',*,*,#4181,.T.);
#6093=ORIENTED_EDGE('',*,*,#4182,.F.);
#6094=ORIENTED_EDGE('',*,*,#4183,.F.);
#6095=ORIENTED_EDGE('',*,*,#4184,.T.);
#6096=ORIENTED_EDGE('',*,*,#4183,.T.);
#6097=ORIENTED_EDGE('',*,*,#4185,.F.);
#6098=ORIENTED_EDGE('',*,*,#4186,.F.);
#6099=ORIENTED_EDGE('',*,*,#4187,.T.);
#6100=ORIENTED_EDGE('',*,*,#4186,.T.);
#6101=ORIENTED_EDGE('',*,*,#4188,.F.);
#6102=ORIENTED_EDGE('',*,*,#4189,.F.);
#6103=ORIENTED_EDGE('',*,*,#4190,.T.);
#6104=ORIENTED_EDGE('',*,*,#4189,.T.);
#6105=ORIENTED_EDGE('',*,*,#4191,.F.);
#6106=ORIENTED_EDGE('',*,*,#4192,.F.);
#6107=ORIENTED_EDGE('',*,*,#4193,.T.);
#6108=ORIENTED_EDGE('',*,*,#4192,.T.);
#6109=ORIENTED_EDGE('',*,*,#4194,.F.);
#6110=ORIENTED_EDGE('',*,*,#4195,.F.);
#6111=ORIENTED_EDGE('',*,*,#4196,.T.);
#6112=ORIENTED_EDGE('',*,*,#4195,.T.);
#6113=ORIENTED_EDGE('',*,*,#4197,.F.);
#6114=ORIENTED_EDGE('',*,*,#4198,.F.);
#6115=ORIENTED_EDGE('',*,*,#4199,.T.);
#6116=ORIENTED_EDGE('',*,*,#4198,.T.);
#6117=ORIENTED_EDGE('',*,*,#4200,.F.);
#6118=ORIENTED_EDGE('',*,*,#4201,.F.);
#6119=ORIENTED_EDGE('',*,*,#4202,.T.);
#6120=ORIENTED_EDGE('',*,*,#4201,.T.);
#6121=ORIENTED_EDGE('',*,*,#4203,.F.);
#6122=ORIENTED_EDGE('',*,*,#4204,.F.);
#6123=ORIENTED_EDGE('',*,*,#4205,.T.);
#6124=ORIENTED_EDGE('',*,*,#4204,.T.);
#6125=ORIENTED_EDGE('',*,*,#4206,.F.);
#6126=ORIENTED_EDGE('',*,*,#4207,.F.);
#6127=ORIENTED_EDGE('',*,*,#4208,.T.);
#6128=ORIENTED_EDGE('',*,*,#4207,.T.);
#6129=ORIENTED_EDGE('',*,*,#4209,.F.);
#6130=ORIENTED_EDGE('',*,*,#4210,.F.);
#6131=ORIENTED_EDGE('',*,*,#4211,.T.);
#6132=ORIENTED_EDGE('',*,*,#4210,.T.);
#6133=ORIENTED_EDGE('',*,*,#4212,.F.);
#6134=ORIENTED_EDGE('',*,*,#4213,.F.);
#6135=ORIENTED_EDGE('',*,*,#4214,.T.);
#6136=ORIENTED_EDGE('',*,*,#4213,.T.);
#6137=ORIENTED_EDGE('',*,*,#4215,.F.);
#6138=ORIENTED_EDGE('',*,*,#4216,.F.);
#6139=ORIENTED_EDGE('',*,*,#4217,.T.);
#6140=ORIENTED_EDGE('',*,*,#4216,.T.);
#6141=ORIENTED_EDGE('',*,*,#4218,.F.);
#6142=ORIENTED_EDGE('',*,*,#4219,.F.);
#6143=ORIENTED_EDGE('',*,*,#4220,.T.);
#6144=ORIENTED_EDGE('',*,*,#4219,.T.);
#6145=ORIENTED_EDGE('',*,*,#4221,.F.);
#6146=ORIENTED_EDGE('',*,*,#4222,.F.);
#6147=ORIENTED_EDGE('',*,*,#4223,.T.);
#6148=ORIENTED_EDGE('',*,*,#4222,.T.);
#6149=ORIENTED_EDGE('',*,*,#4224,.F.);
#6150=ORIENTED_EDGE('',*,*,#4225,.F.);
#6151=ORIENTED_EDGE('',*,*,#4226,.T.);
#6152=ORIENTED_EDGE('',*,*,#4225,.T.);
#6153=ORIENTED_EDGE('',*,*,#4227,.F.);
#6154=ORIENTED_EDGE('',*,*,#4228,.F.);
#6155=ORIENTED_EDGE('',*,*,#4229,.T.);
#6156=ORIENTED_EDGE('',*,*,#4228,.T.);
#6157=ORIENTED_EDGE('',*,*,#4230,.F.);
#6158=ORIENTED_EDGE('',*,*,#4231,.F.);
#6159=ORIENTED_EDGE('',*,*,#4232,.T.);
#6160=ORIENTED_EDGE('',*,*,#4231,.T.);
#6161=ORIENTED_EDGE('',*,*,#4233,.F.);
#6162=ORIENTED_EDGE('',*,*,#4234,.F.);
#6163=ORIENTED_EDGE('',*,*,#4235,.T.);
#6164=ORIENTED_EDGE('',*,*,#4234,.T.);
#6165=ORIENTED_EDGE('',*,*,#4236,.F.);
#6166=ORIENTED_EDGE('',*,*,#4237,.F.);
#6167=ORIENTED_EDGE('',*,*,#4238,.T.);
#6168=ORIENTED_EDGE('',*,*,#4237,.T.);
#6169=ORIENTED_EDGE('',*,*,#4239,.F.);
#6170=ORIENTED_EDGE('',*,*,#4240,.F.);
#6171=ORIENTED_EDGE('',*,*,#4241,.T.);
#6172=ORIENTED_EDGE('',*,*,#4240,.T.);
#6173=ORIENTED_EDGE('',*,*,#4242,.F.);
#6174=ORIENTED_EDGE('',*,*,#4243,.F.);
#6175=ORIENTED_EDGE('',*,*,#4244,.T.);
#6176=ORIENTED_EDGE('',*,*,#4243,.T.);
#6177=ORIENTED_EDGE('',*,*,#4245,.F.);
#6178=ORIENTED_EDGE('',*,*,#4246,.F.);
#6179=ORIENTED_EDGE('',*,*,#4247,.T.);
#6180=ORIENTED_EDGE('',*,*,#4246,.T.);
#6181=ORIENTED_EDGE('',*,*,#4248,.F.);
#6182=ORIENTED_EDGE('',*,*,#4249,.F.);
#6183=ORIENTED_EDGE('',*,*,#4250,.T.);
#6184=ORIENTED_EDGE('',*,*,#4249,.T.);
#6185=ORIENTED_EDGE('',*,*,#4251,.F.);
#6186=ORIENTED_EDGE('',*,*,#4252,.F.);
#6187=ORIENTED_EDGE('',*,*,#4253,.T.);
#6188=ORIENTED_EDGE('',*,*,#4252,.T.);
#6189=ORIENTED_EDGE('',*,*,#4254,.F.);
#6190=ORIENTED_EDGE('',*,*,#4255,.F.);
#6191=ORIENTED_EDGE('',*,*,#4256,.T.);
#6192=ORIENTED_EDGE('',*,*,#4255,.T.);
#6193=ORIENTED_EDGE('',*,*,#4257,.F.);
#6194=ORIENTED_EDGE('',*,*,#4258,.F.);
#6195=ORIENTED_EDGE('',*,*,#4259,.T.);
#6196=ORIENTED_EDGE('',*,*,#4258,.T.);
#6197=ORIENTED_EDGE('',*,*,#4260,.F.);
#6198=ORIENTED_EDGE('',*,*,#4261,.F.);
#6199=ORIENTED_EDGE('',*,*,#4262,.T.);
#6200=ORIENTED_EDGE('',*,*,#4261,.T.);
#6201=ORIENTED_EDGE('',*,*,#4263,.F.);
#6202=ORIENTED_EDGE('',*,*,#4264,.F.);
#6203=ORIENTED_EDGE('',*,*,#4265,.T.);
#6204=ORIENTED_EDGE('',*,*,#4264,.T.);
#6205=ORIENTED_EDGE('',*,*,#4266,.F.);
#6206=ORIENTED_EDGE('',*,*,#4267,.F.);
#6207=ORIENTED_EDGE('',*,*,#4268,.T.);
#6208=ORIENTED_EDGE('',*,*,#4267,.T.);
#6209=ORIENTED_EDGE('',*,*,#4269,.F.);
#6210=ORIENTED_EDGE('',*,*,#4270,.F.);
#6211=ORIENTED_EDGE('',*,*,#4271,.T.);
#6212=ORIENTED_EDGE('',*,*,#4270,.T.);
#6213=ORIENTED_EDGE('',*,*,#4272,.F.);
#6214=ORIENTED_EDGE('',*,*,#4273,.F.);
#6215=ORIENTED_EDGE('',*,*,#4274,.T.);
#6216=ORIENTED_EDGE('',*,*,#4273,.T.);
#6217=ORIENTED_EDGE('',*,*,#4275,.F.);
#6218=ORIENTED_EDGE('',*,*,#4276,.F.);
#6219=ORIENTED_EDGE('',*,*,#4277,.T.);
#6220=ORIENTED_EDGE('',*,*,#4276,.T.);
#6221=ORIENTED_EDGE('',*,*,#4278,.F.);
#6222=ORIENTED_EDGE('',*,*,#4279,.F.);
#6223=ORIENTED_EDGE('',*,*,#4280,.T.);
#6224=ORIENTED_EDGE('',*,*,#4279,.T.);
#6225=ORIENTED_EDGE('',*,*,#4281,.F.);
#6226=ORIENTED_EDGE('',*,*,#4282,.F.);
#6227=ORIENTED_EDGE('',*,*,#4283,.T.);
#6228=ORIENTED_EDGE('',*,*,#4282,.T.);
#6229=ORIENTED_EDGE('',*,*,#4284,.F.);
#6230=ORIENTED_EDGE('',*,*,#4285,.F.);
#6231=ORIENTED_EDGE('',*,*,#4286,.T.);
#6232=ORIENTED_EDGE('',*,*,#4285,.T.);
#6233=ORIENTED_EDGE('',*,*,#4287,.F.);
#6234=ORIENTED_EDGE('',*,*,#4288,.F.);
#6235=ORIENTED_EDGE('',*,*,#4289,.T.);
#6236=ORIENTED_EDGE('',*,*,#4288,.T.);
#6237=ORIENTED_EDGE('',*,*,#4290,.F.);
#6238=ORIENTED_EDGE('',*,*,#4291,.F.);
#6239=ORIENTED_EDGE('',*,*,#4292,.T.);
#6240=ORIENTED_EDGE('',*,*,#4291,.T.);
#6241=ORIENTED_EDGE('',*,*,#4293,.F.);
#6242=ORIENTED_EDGE('',*,*,#4294,.F.);
#6243=ORIENTED_EDGE('',*,*,#4295,.T.);
#6244=ORIENTED_EDGE('',*,*,#4294,.T.);
#6245=ORIENTED_EDGE('',*,*,#4296,.F.);
#6246=ORIENTED_EDGE('',*,*,#4181,.F.);
#6247=ORIENTED_EDGE('',*,*,#4295,.F.);
#6248=ORIENTED_EDGE('',*,*,#4180,.F.);
#6249=ORIENTED_EDGE('',*,*,#4184,.F.);
#6250=ORIENTED_EDGE('',*,*,#4187,.F.);
#6251=ORIENTED_EDGE('',*,*,#4190,.F.);
#6252=ORIENTED_EDGE('',*,*,#4193,.F.);
#6253=ORIENTED_EDGE('',*,*,#4196,.F.);
#6254=ORIENTED_EDGE('',*,*,#4199,.F.);
#6255=ORIENTED_EDGE('',*,*,#4202,.F.);
#6256=ORIENTED_EDGE('',*,*,#4205,.F.);
#6257=ORIENTED_EDGE('',*,*,#4208,.F.);
#6258=ORIENTED_EDGE('',*,*,#4211,.F.);
#6259=ORIENTED_EDGE('',*,*,#4214,.F.);
#6260=ORIENTED_EDGE('',*,*,#4217,.F.);
#6261=ORIENTED_EDGE('',*,*,#4220,.F.);
#6262=ORIENTED_EDGE('',*,*,#4223,.F.);
#6263=ORIENTED_EDGE('',*,*,#4226,.F.);
#6264=ORIENTED_EDGE('',*,*,#4229,.F.);
#6265=ORIENTED_EDGE('',*,*,#4232,.F.);
#6266=ORIENTED_EDGE('',*,*,#4235,.F.);
#6267=ORIENTED_EDGE('',*,*,#4238,.F.);
#6268=ORIENTED_EDGE('',*,*,#4241,.F.);
#6269=ORIENTED_EDGE('',*,*,#4244,.F.);
#6270=ORIENTED_EDGE('',*,*,#4247,.F.);
#6271=ORIENTED_EDGE('',*,*,#4250,.F.);
#6272=ORIENTED_EDGE('',*,*,#4253,.F.);
#6273=ORIENTED_EDGE('',*,*,#4256,.F.);
#6274=ORIENTED_EDGE('',*,*,#4259,.F.);
#6275=ORIENTED_EDGE('',*,*,#4262,.F.);
#6276=ORIENTED_EDGE('',*,*,#4265,.F.);
#6277=ORIENTED_EDGE('',*,*,#4268,.F.);
#6278=ORIENTED_EDGE('',*,*,#4271,.F.);
#6279=ORIENTED_EDGE('',*,*,#4274,.F.);
#6280=ORIENTED_EDGE('',*,*,#4277,.F.);
#6281=ORIENTED_EDGE('',*,*,#4280,.F.);
#6282=ORIENTED_EDGE('',*,*,#4283,.F.);
#6283=ORIENTED_EDGE('',*,*,#4286,.F.);
#6284=ORIENTED_EDGE('',*,*,#4289,.F.);
#6285=ORIENTED_EDGE('',*,*,#4292,.F.);
#6286=ORIENTED_EDGE('',*,*,#4296,.T.);
#6287=ORIENTED_EDGE('',*,*,#4293,.T.);
#6288=ORIENTED_EDGE('',*,*,#4290,.T.);
#6289=ORIENTED_EDGE('',*,*,#4287,.T.);
#6290=ORIENTED_EDGE('',*,*,#4284,.T.);
#6291=ORIENTED_EDGE('',*,*,#4281,.T.);
#6292=ORIENTED_EDGE('',*,*,#4278,.T.);
#6293=ORIENTED_EDGE('',*,*,#4275,.T.);
#6294=ORIENTED_EDGE('',*,*,#4272,.T.);
#6295=ORIENTED_EDGE('',*,*,#4269,.T.);
#6296=ORIENTED_EDGE('',*,*,#4266,.T.);
#6297=ORIENTED_EDGE('',*,*,#4263,.T.);
#6298=ORIENTED_EDGE('',*,*,#4260,.T.);
#6299=ORIENTED_EDGE('',*,*,#4257,.T.);
#6300=ORIENTED_EDGE('',*,*,#4254,.T.);
#6301=ORIENTED_EDGE('',*,*,#4251,.T.);
#6302=ORIENTED_EDGE('',*,*,#4248,.T.);
#6303=ORIENTED_EDGE('',*,*,#4245,.T.);
#6304=ORIENTED_EDGE('',*,*,#4242,.T.);
#6305=ORIENTED_EDGE('',*,*,#4239,.T.);
#6306=ORIENTED_EDGE('',*,*,#4236,.T.);
#6307=ORIENTED_EDGE('',*,*,#4233,.T.);
#6308=ORIENTED_EDGE('',*,*,#4230,.T.);
#6309=ORIENTED_EDGE('',*,*,#4227,.T.);
#6310=ORIENTED_EDGE('',*,*,#4224,.T.);
#6311=ORIENTED_EDGE('',*,*,#4221,.T.);
#6312=ORIENTED_EDGE('',*,*,#4218,.T.);
#6313=ORIENTED_EDGE('',*,*,#4215,.T.);
#6314=ORIENTED_EDGE('',*,*,#4212,.T.);
#6315=ORIENTED_EDGE('',*,*,#4209,.T.);
#6316=ORIENTED_EDGE('',*,*,#4206,.T.);
#6317=ORIENTED_EDGE('',*,*,#4203,.T.);
#6318=ORIENTED_EDGE('',*,*,#4200,.T.);
#6319=ORIENTED_EDGE('',*,*,#4197,.T.);
#6320=ORIENTED_EDGE('',*,*,#4194,.T.);
#6321=ORIENTED_EDGE('',*,*,#4191,.T.);
#6322=ORIENTED_EDGE('',*,*,#4188,.T.);
#6323=ORIENTED_EDGE('',*,*,#4185,.T.);
#6324=ORIENTED_EDGE('',*,*,#4182,.T.);
#6325=PLANE('',#6865);
#6326=PLANE('',#6867);
#6327=PLANE('',#6869);
#6328=PLANE('',#6870);
#6329=PLANE('',#6871);
#6330=PLANE('',#6872);
#6331=PLANE('',#6876);
#6332=PLANE('',#6885);
#6333=PLANE('',#6886);
#6334=PLANE('',#6892);
#6335=PLANE('',#6897);
#6336=PLANE('',#6898);
#6337=PLANE('',#6899);
#6338=PLANE('',#6900);
#6339=PLANE('',#6901);
#6340=PLANE('',#6902);
#6341=PLANE('',#6903);
#6342=PLANE('',#6904);
#6343=PLANE('',#6905);
#6344=PLANE('',#6906);
#6345=PLANE('',#6907);
#6346=PLANE('',#6908);
#6347=PLANE('',#6912);
#6348=PLANE('',#6913);
#6349=PLANE('',#6919);
#6350=PLANE('',#6920);
#6351=PLANE('',#6924);
#6352=PLANE('',#6926);
#6353=PLANE('',#6927);
#6354=PLANE('',#6928);
#6355=PLANE('',#6929);
#6356=PLANE('',#6930);
#6357=PLANE('',#6931);
#6358=PLANE('',#6932);
#6359=PLANE('',#6933);
#6360=PLANE('',#6934);
#6361=PLANE('',#6935);
#6362=PLANE('',#6936);
#6363=PLANE('',#6937);
#6364=PLANE('',#6938);
#6365=PLANE('',#6939);
#6366=PLANE('',#6940);
#6367=PLANE('',#6941);
#6368=PLANE('',#6942);
#6369=PLANE('',#6943);
#6370=PLANE('',#6944);
#6371=PLANE('',#6945);
#6372=PLANE('',#6946);
#6373=PLANE('',#6947);
#6374=PLANE('',#6948);
#6375=PLANE('',#6949);
#6376=PLANE('',#6950);
#6377=PLANE('',#6951);
#6378=PLANE('',#6952);
#6379=PLANE('',#6953);
#6380=PLANE('',#6954);
#6381=PLANE('',#6955);
#6382=PLANE('',#6956);
#6383=PLANE('',#6957);
#6384=PLANE('',#6958);
#6385=PLANE('',#6959);
#6386=PLANE('',#6960);
#6387=PLANE('',#6961);
#6388=PLANE('',#6962);
#6389=PLANE('',#6963);
#6390=PLANE('',#6964);
#6391=PLANE('',#6965);
#6392=PLANE('',#6966);
#6393=PLANE('',#6967);
#6394=PLANE('',#6968);
#6395=PLANE('',#6969);
#6396=PLANE('',#6970);
#6397=PLANE('',#6971);
#6398=PLANE('',#6972);
#6399=PLANE('',#6973);
#6400=PLANE('',#6974);
#6401=PLANE('',#6975);
#6402=PLANE('',#6976);
#6403=PLANE('',#6977);
#6404=PLANE('',#6978);
#6405=PLANE('',#6979);
#6406=PLANE('',#6980);
#6407=PLANE('',#6981);
#6408=PLANE('',#6982);
#6409=PLANE('',#6983);
#6410=PLANE('',#6984);
#6411=PLANE('',#6985);
#6412=PLANE('',#6986);
#6413=PLANE('',#6987);
#6414=PLANE('',#6988);
#6415=PLANE('',#6989);
#6416=PLANE('',#6990);
#6417=PLANE('',#6991);
#6418=PLANE('',#6992);
#6419=PLANE('',#6993);
#6420=PLANE('',#6994);
#6421=PLANE('',#6995);
#6422=PLANE('',#6996);
#6423=PLANE('',#6997);
#6424=PLANE('',#6998);
#6425=PLANE('',#6999);
#6426=PLANE('',#7000);
#6427=PLANE('',#7001);
#6428=PLANE('',#7002);
#6429=PLANE('',#7003);
#6430=PLANE('',#7004);
#6431=PLANE('',#7005);
#6432=PLANE('',#7006);
#6433=PLANE('',#7007);
#6434=PLANE('',#7008);
#6435=PLANE('',#7009);
#6436=PLANE('',#7010);
#6437=PLANE('',#7011);
#6438=PLANE('',#7012);
#6439=PLANE('',#7013);
#6440=PLANE('',#7014);
#6441=PLANE('',#7015);
#6442=PLANE('',#7016);
#6443=PLANE('',#7017);
#6444=PLANE('',#7018);
#6445=PLANE('',#7019);
#6446=PLANE('',#7020);
#6447=PLANE('',#7021);
#6448=PLANE('',#7022);
#6449=PLANE('',#7023);
#6450=PLANE('',#7024);
#6451=PLANE('',#7025);
#6452=PLANE('',#7026);
#6453=PLANE('',#7027);
#6454=PLANE('',#7028);
#6455=PLANE('',#7029);
#6456=PLANE('',#7030);
#6457=PLANE('',#7031);
#6458=PLANE('',#7032);
#6459=PLANE('',#7033);
#6460=PLANE('',#7034);
#6461=ADVANCED_FACE('',(#1823),#6325,.F.);
#6462=ADVANCED_FACE('',(#1824),#6326,.F.);
#6463=ADVANCED_FACE('',(#1825),#6327,.T.);
#6464=ADVANCED_FACE('',(#1826),#6328,.T.);
#6465=ADVANCED_FACE('',(#1827),#6329,.T.);
#6466=ADVANCED_FACE('',(#1828),#6330,.T.);
#6467=ADVANCED_FACE('',(#1829),#749,.F.);
#6468=ADVANCED_FACE('',(#1830,#737,#738),#6331,.T.);
#6469=ADVANCED_FACE('',(#1831),#727,.F.);
#6470=ADVANCED_FACE('',(#1832),#750,.F.);
#6471=ADVANCED_FACE('',(#1833),#728,.F.);
#6472=ADVANCED_FACE('',(#1834),#729,.T.);
#6473=ADVANCED_FACE('',(#1835),#6332,.T.);
#6474=ADVANCED_FACE('',(#1836,#739),#6333,.F.);
#6475=ADVANCED_FACE('',(#1837),#730,.T.);
#6476=ADVANCED_FACE('',(#1838),#6334,.T.);
#6477=ADVANCED_FACE('',(#1839),#731,.T.);
#6478=ADVANCED_FACE('',(#1840),#732,.T.);
#6479=ADVANCED_FACE('',(#1841,#740),#6335,.T.);
#6480=ADVANCED_FACE('',(#1842),#6336,.T.);
#6481=ADVANCED_FACE('',(#1843),#6337,.T.);
#6482=ADVANCED_FACE('',(#1844),#6338,.T.);
#6483=ADVANCED_FACE('',(#1845),#6339,.T.);
#6484=ADVANCED_FACE('',(#1846),#6340,.F.);
#6485=ADVANCED_FACE('',(#1847),#6341,.F.);
#6486=ADVANCED_FACE('',(#1848),#6342,.F.);
#6487=ADVANCED_FACE('',(#1849),#6343,.F.);
#6488=ADVANCED_FACE('',(#1850),#6344,.T.);
#6489=ADVANCED_FACE('',(#1851),#6345,.T.);
#6490=ADVANCED_FACE('',(#1852,#741),#6346,.T.);
#6491=ADVANCED_FACE('',(#1853),#733,.T.);
#6492=ADVANCED_FACE('',(#1854),#6347,.T.);
#6493=ADVANCED_FACE('',(#1855,#742),#6348,.F.);
#6494=ADVANCED_FACE('',(#1856),#734,.T.);
#6495=ADVANCED_FACE('',(#1857),#6349,.T.);
#6496=ADVANCED_FACE('',(#1858,#743),#6350,.T.);
#6497=ADVANCED_FACE('',(#1859),#735,.T.);
#6498=ADVANCED_FACE('',(#1860),#6351,.T.);
#6499=ADVANCED_FACE('',(#1861),#736,.T.);
#6500=ADVANCED_FACE('',(#1862),#6352,.T.);
#6501=ADVANCED_FACE('',(#1863),#6353,.T.);
#6502=ADVANCED_FACE('',(#1864),#6354,.T.);
#6503=ADVANCED_FACE('',(#1865),#6355,.T.);
#6504=ADVANCED_FACE('',(#1866),#6356,.F.);
#6505=ADVANCED_FACE('',(#1867),#6357,.F.);
#6506=ADVANCED_FACE('',(#1868),#6358,.F.);
#6507=ADVANCED_FACE('',(#1869),#6359,.F.);
#6508=ADVANCED_FACE('',(#1870),#6360,.T.);
#6509=ADVANCED_FACE('',(#1871),#6361,.T.);
#6510=ADVANCED_FACE('',(#1872),#6362,.T.);
#6511=ADVANCED_FACE('',(#1873),#6363,.T.);
#6512=ADVANCED_FACE('',(#1874),#6364,.T.);
#6513=ADVANCED_FACE('',(#1875,#744),#6365,.T.);
#6514=ADVANCED_FACE('',(#1876),#6366,.T.);
#6515=ADVANCED_FACE('',(#1877),#6367,.T.);
#6516=ADVANCED_FACE('',(#1878),#469,.T.);
#6517=ADVANCED_FACE('',(#1879),#470,.T.);
#6518=ADVANCED_FACE('',(#1880),#471,.T.);
#6519=ADVANCED_FACE('',(#1881),#472,.T.);
#6520=ADVANCED_FACE('',(#1882),#473,.T.);
#6521=ADVANCED_FACE('',(#1883),#474,.T.);
#6522=ADVANCED_FACE('',(#1884),#475,.T.);
#6523=ADVANCED_FACE('',(#1885),#476,.T.);
#6524=ADVANCED_FACE('',(#1886),#477,.T.);
#6525=ADVANCED_FACE('',(#1887),#478,.T.);
#6526=ADVANCED_FACE('',(#1888),#479,.T.);
#6527=ADVANCED_FACE('',(#1889),#6368,.T.);
#6528=ADVANCED_FACE('',(#1890),#480,.T.);
#6529=ADVANCED_FACE('',(#1891),#481,.T.);
#6530=ADVANCED_FACE('',(#1892),#482,.T.);
#6531=ADVANCED_FACE('',(#1893),#483,.T.);
#6532=ADVANCED_FACE('',(#1894),#484,.T.);
#6533=ADVANCED_FACE('',(#1895),#485,.T.);
#6534=ADVANCED_FACE('',(#1896),#486,.T.);
#6535=ADVANCED_FACE('',(#1897),#487,.T.);
#6536=ADVANCED_FACE('',(#1898),#488,.T.);
#6537=ADVANCED_FACE('',(#1899),#489,.T.);
#6538=ADVANCED_FACE('',(#1900),#490,.T.);
#6539=ADVANCED_FACE('',(#1901),#6369,.T.);
#6540=ADVANCED_FACE('',(#1902),#6370,.T.);
#6541=ADVANCED_FACE('',(#1903),#6371,.F.);
#6542=ADVANCED_FACE('',(#1904),#6372,.T.);
#6543=ADVANCED_FACE('',(#1905),#491,.T.);
#6544=ADVANCED_FACE('',(#1906),#492,.T.);
#6545=ADVANCED_FACE('',(#1907),#493,.T.);
#6546=ADVANCED_FACE('',(#1908),#494,.T.);
#6547=ADVANCED_FACE('',(#1909),#6373,.T.);
#6548=ADVANCED_FACE('',(#1910),#6374,.T.);
#6549=ADVANCED_FACE('',(#1911),#6375,.T.);
#6550=ADVANCED_FACE('',(#1912),#6376,.T.);
#6551=ADVANCED_FACE('',(#1913),#6377,.T.);
#6552=ADVANCED_FACE('',(#1914),#495,.T.);
#6553=ADVANCED_FACE('',(#1915),#496,.T.);
#6554=ADVANCED_FACE('',(#1916),#497,.T.);
#6555=ADVANCED_FACE('',(#1917),#498,.T.);
#6556=ADVANCED_FACE('',(#1918),#6378,.T.);
#6557=ADVANCED_FACE('',(#1919),#6379,.T.);
#6558=ADVANCED_FACE('',(#1920),#6380,.T.);
#6559=ADVANCED_FACE('',(#1921),#6381,.T.);
#6560=ADVANCED_FACE('',(#1922),#6382,.T.);
#6561=ADVANCED_FACE('',(#1923),#6383,.F.);
#6562=ADVANCED_FACE('',(#1924),#6384,.T.);
#6563=ADVANCED_FACE('',(#1925),#6385,.T.);
#6564=ADVANCED_FACE('',(#1926),#6386,.T.);
#6565=ADVANCED_FACE('',(#1927),#6387,.T.);
#6566=ADVANCED_FACE('',(#1928),#6388,.T.);
#6567=ADVANCED_FACE('',(#1929),#6389,.T.);
#6568=ADVANCED_FACE('',(#1930),#6390,.T.);
#6569=ADVANCED_FACE('',(#1931),#6391,.T.);
#6570=ADVANCED_FACE('',(#1932),#6392,.T.);
#6571=ADVANCED_FACE('',(#1933),#6393,.T.);
#6572=ADVANCED_FACE('',(#1934),#499,.T.);
#6573=ADVANCED_FACE('',(#1935),#500,.T.);
#6574=ADVANCED_FACE('',(#1936),#501,.T.);
#6575=ADVANCED_FACE('',(#1937),#6394,.T.);
#6576=ADVANCED_FACE('',(#1938),#6395,.T.);
#6577=ADVANCED_FACE('',(#1939),#6396,.T.);
#6578=ADVANCED_FACE('',(#1940),#6397,.T.);
#6579=ADVANCED_FACE('',(#1941),#6398,.T.);
#6580=ADVANCED_FACE('',(#1942),#6399,.F.);
#6581=ADVANCED_FACE('',(#1943),#502,.T.);
#6582=ADVANCED_FACE('',(#1944),#503,.T.);
#6583=ADVANCED_FACE('',(#1945),#504,.T.);
#6584=ADVANCED_FACE('',(#1946),#505,.T.);
#6585=ADVANCED_FACE('',(#1947),#506,.T.);
#6586=ADVANCED_FACE('',(#1948),#507,.T.);
#6587=ADVANCED_FACE('',(#1949),#508,.T.);
#6588=ADVANCED_FACE('',(#1950),#509,.T.);
#6589=ADVANCED_FACE('',(#1951),#510,.T.);
#6590=ADVANCED_FACE('',(#1952),#511,.T.);
#6591=ADVANCED_FACE('',(#1953),#512,.T.);
#6592=ADVANCED_FACE('',(#1954),#513,.T.);
#6593=ADVANCED_FACE('',(#1955),#514,.T.);
#6594=ADVANCED_FACE('',(#1956),#515,.T.);
#6595=ADVANCED_FACE('',(#1957),#516,.T.);
#6596=ADVANCED_FACE('',(#1958),#517,.T.);
#6597=ADVANCED_FACE('',(#1959),#518,.T.);
#6598=ADVANCED_FACE('',(#1960),#519,.T.);
#6599=ADVANCED_FACE('',(#1961),#520,.T.);
#6600=ADVANCED_FACE('',(#1962),#521,.T.);
#6601=ADVANCED_FACE('',(#1963),#522,.T.);
#6602=ADVANCED_FACE('',(#1964),#523,.T.);
#6603=ADVANCED_FACE('',(#1965),#524,.T.);
#6604=ADVANCED_FACE('',(#1966),#525,.T.);
#6605=ADVANCED_FACE('',(#1967),#526,.T.);
#6606=ADVANCED_FACE('',(#1968),#527,.T.);
#6607=ADVANCED_FACE('',(#1969),#528,.T.);
#6608=ADVANCED_FACE('',(#1970),#529,.T.);
#6609=ADVANCED_FACE('',(#1971),#530,.T.);
#6610=ADVANCED_FACE('',(#1972),#531,.T.);
#6611=ADVANCED_FACE('',(#1973),#532,.T.);
#6612=ADVANCED_FACE('',(#1974),#533,.T.);
#6613=ADVANCED_FACE('',(#1975,#745),#6400,.T.);
#6614=ADVANCED_FACE('',(#1976,#746),#6401,.F.);
#6615=ADVANCED_FACE('',(#1977),#6402,.T.);
#6616=ADVANCED_FACE('',(#1978),#6403,.T.);
#6617=ADVANCED_FACE('',(#1979),#6404,.T.);
#6618=ADVANCED_FACE('',(#1980),#6405,.T.);
#6619=ADVANCED_FACE('',(#1981),#6406,.T.);
#6620=ADVANCED_FACE('',(#1982),#6407,.T.);
#6621=ADVANCED_FACE('',(#1983),#6408,.T.);
#6622=ADVANCED_FACE('',(#1984),#534,.T.);
#6623=ADVANCED_FACE('',(#1985),#535,.T.);
#6624=ADVANCED_FACE('',(#1986),#536,.T.);
#6625=ADVANCED_FACE('',(#1987),#537,.T.);
#6626=ADVANCED_FACE('',(#1988),#6409,.T.);
#6627=ADVANCED_FACE('',(#1989),#6410,.T.);
#6628=ADVANCED_FACE('',(#1990),#6411,.T.);
#6629=ADVANCED_FACE('',(#1991),#6412,.T.);
#6630=ADVANCED_FACE('',(#1992),#6413,.T.);
#6631=ADVANCED_FACE('',(#1993),#538,.T.);
#6632=ADVANCED_FACE('',(#1994),#539,.T.);
#6633=ADVANCED_FACE('',(#1995),#540,.T.);
#6634=ADVANCED_FACE('',(#1996),#541,.T.);
#6635=ADVANCED_FACE('',(#1997),#6414,.T.);
#6636=ADVANCED_FACE('',(#1998),#6415,.T.);
#6637=ADVANCED_FACE('',(#1999),#6416,.T.);
#6638=ADVANCED_FACE('',(#2000),#6417,.T.);
#6639=ADVANCED_FACE('',(#2001),#6418,.T.);
#6640=ADVANCED_FACE('',(#2002),#6419,.F.);
#6641=ADVANCED_FACE('',(#2003),#542,.T.);
#6642=ADVANCED_FACE('',(#2004),#543,.T.);
#6643=ADVANCED_FACE('',(#2005),#544,.T.);
#6644=ADVANCED_FACE('',(#2006),#545,.T.);
#6645=ADVANCED_FACE('',(#2007),#546,.T.);
#6646=ADVANCED_FACE('',(#2008),#547,.T.);
#6647=ADVANCED_FACE('',(#2009),#548,.T.);
#6648=ADVANCED_FACE('',(#2010),#549,.T.);
#6649=ADVANCED_FACE('',(#2011),#550,.T.);
#6650=ADVANCED_FACE('',(#2012),#551,.T.);
#6651=ADVANCED_FACE('',(#2013),#552,.T.);
#6652=ADVANCED_FACE('',(#2014),#553,.T.);
#6653=ADVANCED_FACE('',(#2015),#554,.T.);
#6654=ADVANCED_FACE('',(#2016),#6420,.T.);
#6655=ADVANCED_FACE('',(#2017),#555,.T.);
#6656=ADVANCED_FACE('',(#2018),#556,.T.);
#6657=ADVANCED_FACE('',(#2019),#557,.T.);
#6658=ADVANCED_FACE('',(#2020),#558,.T.);
#6659=ADVANCED_FACE('',(#2021),#559,.T.);
#6660=ADVANCED_FACE('',(#2022),#560,.T.);
#6661=ADVANCED_FACE('',(#2023),#561,.T.);
#6662=ADVANCED_FACE('',(#2024),#562,.T.);
#6663=ADVANCED_FACE('',(#2025),#563,.T.);
#6664=ADVANCED_FACE('',(#2026),#564,.T.);
#6665=ADVANCED_FACE('',(#2027),#565,.T.);
#6666=ADVANCED_FACE('',(#2028),#566,.T.);
#6667=ADVANCED_FACE('',(#2029),#567,.T.);
#6668=ADVANCED_FACE('',(#2030),#568,.T.);
#6669=ADVANCED_FACE('',(#2031),#569,.T.);
#6670=ADVANCED_FACE('',(#2032),#570,.T.);
#6671=ADVANCED_FACE('',(#2033),#571,.T.);
#6672=ADVANCED_FACE('',(#2034),#6421,.T.);
#6673=ADVANCED_FACE('',(#2035),#572,.T.);
#6674=ADVANCED_FACE('',(#2036),#573,.T.);
#6675=ADVANCED_FACE('',(#2037),#574,.T.);
#6676=ADVANCED_FACE('',(#2038),#575,.T.);
#6677=ADVANCED_FACE('',(#2039),#6422,.T.);
#6678=ADVANCED_FACE('',(#2040),#6423,.F.);
#6679=ADVANCED_FACE('',(#2041),#576,.T.);
#6680=ADVANCED_FACE('',(#2042),#577,.T.);
#6681=ADVANCED_FACE('',(#2043),#6424,.T.);
#6682=ADVANCED_FACE('',(#2044),#578,.T.);
#6683=ADVANCED_FACE('',(#2045),#579,.T.);
#6684=ADVANCED_FACE('',(#2046),#580,.T.);
#6685=ADVANCED_FACE('',(#2047),#581,.T.);
#6686=ADVANCED_FACE('',(#2048),#582,.T.);
#6687=ADVANCED_FACE('',(#2049),#583,.T.);
#6688=ADVANCED_FACE('',(#2050),#584,.T.);
#6689=ADVANCED_FACE('',(#2051),#585,.T.);
#6690=ADVANCED_FACE('',(#2052),#586,.T.);
#6691=ADVANCED_FACE('',(#2053),#587,.T.);
#6692=ADVANCED_FACE('',(#2054),#588,.T.);
#6693=ADVANCED_FACE('',(#2055),#589,.T.);
#6694=ADVANCED_FACE('',(#2056),#590,.T.);
#6695=ADVANCED_FACE('',(#2057),#6425,.T.);
#6696=ADVANCED_FACE('',(#2058),#591,.T.);
#6697=ADVANCED_FACE('',(#2059),#592,.T.);
#6698=ADVANCED_FACE('',(#2060),#593,.T.);
#6699=ADVANCED_FACE('',(#2061),#594,.T.);
#6700=ADVANCED_FACE('',(#2062),#595,.T.);
#6701=ADVANCED_FACE('',(#2063),#596,.T.);
#6702=ADVANCED_FACE('',(#2064),#597,.T.);
#6703=ADVANCED_FACE('',(#2065),#598,.T.);
#6704=ADVANCED_FACE('',(#2066),#599,.T.);
#6705=ADVANCED_FACE('',(#2067),#600,.T.);
#6706=ADVANCED_FACE('',(#2068),#601,.T.);
#6707=ADVANCED_FACE('',(#2069),#602,.T.);
#6708=ADVANCED_FACE('',(#2070),#6426,.T.);
#6709=ADVANCED_FACE('',(#2071),#6427,.F.);
#6710=ADVANCED_FACE('',(#2072),#6428,.T.);
#6711=ADVANCED_FACE('',(#2073),#603,.T.);
#6712=ADVANCED_FACE('',(#2074),#604,.T.);
#6713=ADVANCED_FACE('',(#2075),#605,.T.);
#6714=ADVANCED_FACE('',(#2076),#606,.T.);
#6715=ADVANCED_FACE('',(#2077),#607,.T.);
#6716=ADVANCED_FACE('',(#2078),#608,.T.);
#6717=ADVANCED_FACE('',(#2079),#609,.T.);
#6718=ADVANCED_FACE('',(#2080),#610,.T.);
#6719=ADVANCED_FACE('',(#2081),#611,.T.);
#6720=ADVANCED_FACE('',(#2082),#612,.T.);
#6721=ADVANCED_FACE('',(#2083),#613,.T.);
#6722=ADVANCED_FACE('',(#2084),#614,.T.);
#6723=ADVANCED_FACE('',(#2085),#615,.T.);
#6724=ADVANCED_FACE('',(#2086),#616,.T.);
#6725=ADVANCED_FACE('',(#2087),#6429,.T.);
#6726=ADVANCED_FACE('',(#2088),#617,.T.);
#6727=ADVANCED_FACE('',(#2089),#618,.T.);
#6728=ADVANCED_FACE('',(#2090),#6430,.T.);
#6729=ADVANCED_FACE('',(#2091),#6431,.T.);
#6730=ADVANCED_FACE('',(#2092),#6432,.T.);
#6731=ADVANCED_FACE('',(#2093),#619,.T.);
#6732=ADVANCED_FACE('',(#2094),#620,.T.);
#6733=ADVANCED_FACE('',(#2095),#621,.T.);
#6734=ADVANCED_FACE('',(#2096),#622,.T.);
#6735=ADVANCED_FACE('',(#2097),#623,.T.);
#6736=ADVANCED_FACE('',(#2098),#624,.T.);
#6737=ADVANCED_FACE('',(#2099),#625,.T.);
#6738=ADVANCED_FACE('',(#2100),#626,.T.);
#6739=ADVANCED_FACE('',(#2101),#627,.T.);
#6740=ADVANCED_FACE('',(#2102),#628,.T.);
#6741=ADVANCED_FACE('',(#2103),#629,.T.);
#6742=ADVANCED_FACE('',(#2104),#630,.T.);
#6743=ADVANCED_FACE('',(#2105),#631,.T.);
#6744=ADVANCED_FACE('',(#2106),#6433,.T.);
#6745=ADVANCED_FACE('',(#2107),#632,.T.);
#6746=ADVANCED_FACE('',(#2108),#633,.T.);
#6747=ADVANCED_FACE('',(#2109),#6434,.T.);
#6748=ADVANCED_FACE('',(#2110),#6435,.T.);
#6749=ADVANCED_FACE('',(#2111),#6436,.T.);
#6750=ADVANCED_FACE('',(#2112),#6437,.F.);
#6751=ADVANCED_FACE('',(#2113),#6438,.T.);
#6752=ADVANCED_FACE('',(#2114),#6439,.T.);
#6753=ADVANCED_FACE('',(#2115),#6440,.T.);
#6754=ADVANCED_FACE('',(#2116),#6441,.T.);
#6755=ADVANCED_FACE('',(#2117),#6442,.T.);
#6756=ADVANCED_FACE('',(#2118),#6443,.T.);
#6757=ADVANCED_FACE('',(#2119),#6444,.T.);
#6758=ADVANCED_FACE('',(#2120),#6445,.T.);
#6759=ADVANCED_FACE('',(#2121),#6446,.T.);
#6760=ADVANCED_FACE('',(#2122),#6447,.T.);
#6761=ADVANCED_FACE('',(#2123),#6448,.T.);
#6762=ADVANCED_FACE('',(#2124),#634,.T.);
#6763=ADVANCED_FACE('',(#2125),#635,.T.);
#6764=ADVANCED_FACE('',(#2126),#636,.T.);
#6765=ADVANCED_FACE('',(#2127),#637,.T.);
#6766=ADVANCED_FACE('',(#2128),#638,.T.);
#6767=ADVANCED_FACE('',(#2129),#639,.T.);
#6768=ADVANCED_FACE('',(#2130),#640,.T.);
#6769=ADVANCED_FACE('',(#2131),#641,.T.);
#6770=ADVANCED_FACE('',(#2132),#642,.T.);
#6771=ADVANCED_FACE('',(#2133),#643,.T.);
#6772=ADVANCED_FACE('',(#2134),#644,.T.);
#6773=ADVANCED_FACE('',(#2135),#645,.T.);
#6774=ADVANCED_FACE('',(#2136),#646,.T.);
#6775=ADVANCED_FACE('',(#2137),#647,.T.);
#6776=ADVANCED_FACE('',(#2138),#648,.T.);
#6777=ADVANCED_FACE('',(#2139),#649,.T.);
#6778=ADVANCED_FACE('',(#2140),#650,.T.);
#6779=ADVANCED_FACE('',(#2141),#651,.T.);
#6780=ADVANCED_FACE('',(#2142),#652,.T.);
#6781=ADVANCED_FACE('',(#2143),#653,.T.);
#6782=ADVANCED_FACE('',(#2144),#654,.T.);
#6783=ADVANCED_FACE('',(#2145),#655,.T.);
#6784=ADVANCED_FACE('',(#2146),#656,.T.);
#6785=ADVANCED_FACE('',(#2147),#657,.T.);
#6786=ADVANCED_FACE('',(#2148),#658,.T.);
#6787=ADVANCED_FACE('',(#2149),#659,.T.);
#6788=ADVANCED_FACE('',(#2150),#660,.T.);
#6789=ADVANCED_FACE('',(#2151),#661,.T.);
#6790=ADVANCED_FACE('',(#2152),#662,.T.);
#6791=ADVANCED_FACE('',(#2153),#663,.T.);
#6792=ADVANCED_FACE('',(#2154),#664,.T.);
#6793=ADVANCED_FACE('',(#2155),#665,.T.);
#6794=ADVANCED_FACE('',(#2156,#747),#6449,.T.);
#6795=ADVANCED_FACE('',(#2157,#748),#6450,.F.);
#6796=ADVANCED_FACE('',(#2158),#6451,.T.);
#6797=ADVANCED_FACE('',(#2159),#666,.T.);
#6798=ADVANCED_FACE('',(#2160),#667,.T.);
#6799=ADVANCED_FACE('',(#2161),#668,.T.);
#6800=ADVANCED_FACE('',(#2162),#669,.T.);
#6801=ADVANCED_FACE('',(#2163),#670,.T.);
#6802=ADVANCED_FACE('',(#2164),#671,.T.);
#6803=ADVANCED_FACE('',(#2165),#672,.T.);
#6804=ADVANCED_FACE('',(#2166),#673,.T.);
#6805=ADVANCED_FACE('',(#2167),#674,.T.);
#6806=ADVANCED_FACE('',(#2168),#675,.T.);
#6807=ADVANCED_FACE('',(#2169),#676,.T.);
#6808=ADVANCED_FACE('',(#2170),#677,.T.);
#6809=ADVANCED_FACE('',(#2171),#678,.T.);
#6810=ADVANCED_FACE('',(#2172),#679,.T.);
#6811=ADVANCED_FACE('',(#2173),#6452,.T.);
#6812=ADVANCED_FACE('',(#2174),#680,.T.);
#6813=ADVANCED_FACE('',(#2175),#681,.T.);
#6814=ADVANCED_FACE('',(#2176),#6453,.T.);
#6815=ADVANCED_FACE('',(#2177),#6454,.T.);
#6816=ADVANCED_FACE('',(#2178),#6455,.T.);
#6817=ADVANCED_FACE('',(#2179),#682,.T.);
#6818=ADVANCED_FACE('',(#2180),#683,.T.);
#6819=ADVANCED_FACE('',(#2181),#684,.T.);
#6820=ADVANCED_FACE('',(#2182),#685,.T.);
#6821=ADVANCED_FACE('',(#2183),#686,.T.);
#6822=ADVANCED_FACE('',(#2184),#687,.T.);
#6823=ADVANCED_FACE('',(#2185),#688,.T.);
#6824=ADVANCED_FACE('',(#2186),#689,.T.);
#6825=ADVANCED_FACE('',(#2187),#690,.T.);
#6826=ADVANCED_FACE('',(#2188),#691,.T.);
#6827=ADVANCED_FACE('',(#2189),#692,.T.);
#6828=ADVANCED_FACE('',(#2190),#693,.T.);
#6829=ADVANCED_FACE('',(#2191),#694,.T.);
#6830=ADVANCED_FACE('',(#2192),#6456,.T.);
#6831=ADVANCED_FACE('',(#2193),#695,.T.);
#6832=ADVANCED_FACE('',(#2194),#696,.T.);
#6833=ADVANCED_FACE('',(#2195),#6457,.T.);
#6834=ADVANCED_FACE('',(#2196),#6458,.T.);
#6835=ADVANCED_FACE('',(#2197),#6459,.T.);
#6836=ADVANCED_FACE('',(#2198),#6460,.F.);
#6837=CLOSED_SHELL('',(#6461,#6462,#6463,#6464,#6465,#6466,#6467,#6468,
#6469,#6470,#6471,#6472,#6473,#6474,#6475,#6476,#6477,#6478,#6479,#6480,
#6481,#6482,#6483,#6484,#6485,#6486,#6487,#6488,#6489,#6490));
#6838=CLOSED_SHELL('',(#6491,#6492,#6493,#6494,#6495,#6496,#6497,#6498,
#6499,#6500,#6501,#6502,#6503,#6504,#6505,#6506,#6507,#6508,#6509,#6510,
#6511,#6512,#6513));
#6839=CLOSED_SHELL('',(#6514,#6515,#6516,#6517,#6518,#6519,#6520,#6521,
#6522,#6523,#6524,#6525,#6526,#6527,#6528,#6529,#6530,#6531,#6532,#6533,
#6534,#6535,#6536,#6537,#6538,#6539,#6540,#6541));
#6840=CLOSED_SHELL('',(#6542,#6543,#6544,#6545,#6546,#6547,#6548,#6549,
#6550,#6551,#6552,#6553,#6554,#6555,#6556,#6557,#6558,#6559,#6560,#6561));
#6841=CLOSED_SHELL('',(#6562,#6563,#6564,#6565,#6566,#6567,#6568,#6569));
#6842=CLOSED_SHELL('',(#6570,#6571,#6572,#6573,#6574,#6575,#6576,#6577,
#6578,#6579,#6580));
#6843=CLOSED_SHELL('',(#6581,#6582,#6583,#6584,#6585,#6586,#6587,#6588,
#6589,#6590,#6591,#6592,#6593,#6594,#6595,#6596,#6597,#6598,#6599,#6600,
#6601,#6602,#6603,#6604,#6605,#6606,#6607,#6608,#6609,#6610,#6611,#6612,
#6613,#6614));
#6844=CLOSED_SHELL('',(#6615,#6616,#6617,#6618,#6619,#6620));
#6845=CLOSED_SHELL('',(#6621,#6622,#6623,#6624,#6625,#6626,#6627,#6628,
#6629,#6630,#6631,#6632,#6633,#6634,#6635,#6636,#6637,#6638,#6639,#6640));
#6846=CLOSED_SHELL('',(#6641,#6642,#6643,#6644,#6645,#6646,#6647,#6648,
#6649,#6650,#6651,#6652,#6653,#6654,#6655,#6656,#6657,#6658,#6659,#6660,
#6661,#6662,#6663,#6664,#6665,#6666,#6667,#6668,#6669,#6670,#6671,#6672,
#6673,#6674,#6675,#6676,#6677,#6678));
#6847=CLOSED_SHELL('',(#6679,#6680,#6681,#6682,#6683,#6684,#6685,#6686,
#6687,#6688,#6689,#6690,#6691,#6692,#6693,#6694,#6695,#6696,#6697,#6698,
#6699,#6700,#6701,#6702,#6703,#6704,#6705,#6706,#6707,#6708,#6709));
#6848=CLOSED_SHELL('',(#6710,#6711,#6712,#6713,#6714,#6715,#6716,#6717,
#6718,#6719,#6720,#6721,#6722,#6723,#6724,#6725,#6726,#6727,#6728,#6729,
#6730,#6731,#6732,#6733,#6734,#6735,#6736,#6737,#6738,#6739,#6740,#6741,
#6742,#6743,#6744,#6745,#6746,#6747,#6748,#6749,#6750));
#6849=CLOSED_SHELL('',(#6751,#6752,#6753,#6754,#6755,#6756,#6757,#6758,
#6759,#6760,#6761));
#6850=CLOSED_SHELL('',(#6762,#6763,#6764,#6765,#6766,#6767,#6768,#6769,
#6770,#6771,#6772,#6773,#6774,#6775,#6776,#6777,#6778,#6779,#6780,#6781,
#6782,#6783,#6784,#6785,#6786,#6787,#6788,#6789,#6790,#6791,#6792,#6793,
#6794,#6795));
#6851=CLOSED_SHELL('',(#6796,#6797,#6798,#6799,#6800,#6801,#6802,#6803,
#6804,#6805,#6806,#6807,#6808,#6809,#6810,#6811,#6812,#6813,#6814,#6815,
#6816,#6817,#6818,#6819,#6820,#6821,#6822,#6823,#6824,#6825,#6826,#6827,
#6828,#6829,#6830,#6831,#6832,#6833,#6834,#6835,#6836));
#6852=DERIVED_UNIT_ELEMENT(#6854,1.);
#6853=DERIVED_UNIT_ELEMENT(#13859,-3.);
#6854=(
MASS_UNIT()
NAMED_UNIT(*)
SI_UNIT(.KILO.,.GRAM.)
);
#6855=DERIVED_UNIT((#6852,#6853));
#6856=MEASURE_REPRESENTATION_ITEM('density measure',
POSITIVE_RATIO_MEASURE(7850.),#6855);
#6857=PROPERTY_DEFINITION_REPRESENTATION(#6862,#6859);
#6858=PROPERTY_DEFINITION_REPRESENTATION(#6863,#6860);
#6859=REPRESENTATION('material name',(#6861),#13856);
#6860=REPRESENTATION('density',(#6856),#13856);
#6861=DESCRIPTIVE_REPRESENTATION_ITEM('Steel','Steel');
#6862=PROPERTY_DEFINITION('material property','material name',#13866);
#6863=PROPERTY_DEFINITION('material property','density of part',#13866);
#6864=AXIS2_PLACEMENT_3D('',#7913,#7035,#7036);
#6865=AXIS2_PLACEMENT_3D('',#7914,#7037,#7038);
#6866=AXIS2_PLACEMENT_3D('',#7916,#7039,#7040);
#6867=AXIS2_PLACEMENT_3D('',#7917,#7041,#7042);
#6868=AXIS2_PLACEMENT_3D('',#7919,#7043,#7044);
#6869=AXIS2_PLACEMENT_3D('',#7920,#7045,#7046);
#6870=AXIS2_PLACEMENT_3D('',#7927,#7050,#7051);
#6871=AXIS2_PLACEMENT_3D('',#7933,#7055,#7056);
#6872=AXIS2_PLACEMENT_3D('',#7937,#7059,#7060);
#6873=AXIS2_PLACEMENT_3D('',#7939,#7062,#7063);
#6874=AXIS2_PLACEMENT_3D('',#7941,#7064,#7065);
#6875=AXIS2_PLACEMENT_3D('',#7944,#7067,#7068);
#6876=AXIS2_PLACEMENT_3D('',#7945,#7069,#7070);
#6877=AXIS2_PLACEMENT_3D('',#7955,#7075,#7076);
#6878=AXIS2_PLACEMENT_3D('',#7956,#7077,#7078);
#6879=AXIS2_PLACEMENT_3D('',#7958,#7080,#7081);
#6880=AXIS2_PLACEMENT_3D('',#7961,#7083,#7084);
#6881=AXIS2_PLACEMENT_3D('',#7962,#7085,#7086);
#6882=AXIS2_PLACEMENT_3D('',#7964,#7088,#7089);
#6883=AXIS2_PLACEMENT_3D('',#7967,#7090,#7091);
#6884=AXIS2_PLACEMENT_3D('',#7971,#7093,#7094);
#6885=AXIS2_PLACEMENT_3D('',#7973,#7096,#7097);
#6886=AXIS2_PLACEMENT_3D('',#7979,#7101,#7102);
#6887=AXIS2_PLACEMENT_3D('',#7983,#7104,#7105);
#6888=AXIS2_PLACEMENT_3D('',#7987,#7107,#7108);
#6889=AXIS2_PLACEMENT_3D('',#7990,#7110,#7111);
#6890=AXIS2_PLACEMENT_3D('',#7999,#7116,#7117);
#6891=AXIS2_PLACEMENT_3D('',#8002,#7118,#7119);
#6892=AXIS2_PLACEMENT_3D('',#8005,#7122,#7123);
#6893=AXIS2_PLACEMENT_3D('',#8009,#7126,#7127);
#6894=AXIS2_PLACEMENT_3D('',#8011,#7128,#7129);
#6895=AXIS2_PLACEMENT_3D('',#8013,#7131,#7132);
#6896=AXIS2_PLACEMENT_3D('',#8015,#7133,#7134);
#6897=AXIS2_PLACEMENT_3D('',#8017,#7136,#7137);
#6898=AXIS2_PLACEMENT_3D('',#8028,#7144,#7145);
#6899=AXIS2_PLACEMENT_3D('',#8031,#7148,#7149);
#6900=AXIS2_PLACEMENT_3D('',#8034,#7152,#7153);
#6901=AXIS2_PLACEMENT_3D('',#8035,#7154,#7155);
#6902=AXIS2_PLACEMENT_3D('',#8036,#7156,#7157);
#6903=AXIS2_PLACEMENT_3D('',#8042,#7161,#7162);
#6904=AXIS2_PLACEMENT_3D('',#8046,#7165,#7166);
#6905=AXIS2_PLACEMENT_3D('',#8050,#7169,#7170);
#6906=AXIS2_PLACEMENT_3D('',#8052,#7172,#7173);
#6907=AXIS2_PLACEMENT_3D('',#8053,#7174,#7175);
#6908=AXIS2_PLACEMENT_3D('',#8054,#7176,#7177);
#6909=AXIS2_PLACEMENT_3D('',#8055,#7178,#7179);
#6910=AXIS2_PLACEMENT_3D('',#8058,#7180,#7181);
#6911=AXIS2_PLACEMENT_3D('',#8062,#7183,#7184);
#6912=AXIS2_PLACEMENT_3D('',#8064,#7186,#7187);
#6913=AXIS2_PLACEMENT_3D('',#8070,#7191,#7192);
#6914=AXIS2_PLACEMENT_3D('',#8074,#7194,#7195);
#6915=AXIS2_PLACEMENT_3D('',#8078,#7197,#7198);
#6916=AXIS2_PLACEMENT_3D('',#8081,#7200,#7201);
#6917=AXIS2_PLACEMENT_3D('',#8090,#7206,#7207);
#6918=AXIS2_PLACEMENT_3D('',#8093,#7208,#7209);
#6919=AXIS2_PLACEMENT_3D('',#8096,#7212,#7213);
#6920=AXIS2_PLACEMENT_3D('',#8100,#7216,#7217);
#6921=AXIS2_PLACEMENT_3D('',#8102,#7218,#7219);
#6922=AXIS2_PLACEMENT_3D('',#8105,#7221,#7222);
#6923=AXIS2_PLACEMENT_3D('',#8115,#7228,#7229);
#6924=AXIS2_PLACEMENT_3D('',#8117,#7231,#7232);
#6925=AXIS2_PLACEMENT_3D('',#8119,#7234,#7235);
#6926=AXIS2_PLACEMENT_3D('',#8120,#7236,#7237);
#6927=AXIS2_PLACEMENT_3D('',#8126,#7241,#7242);
#6928=AXIS2_PLACEMENT_3D('',#8130,#7245,#7246);
#6929=AXIS2_PLACEMENT_3D('',#8134,#7249,#7250);
#6930=AXIS2_PLACEMENT_3D('',#8136,#7252,#7253);
#6931=AXIS2_PLACEMENT_3D('',#8142,#7257,#7258);
#6932=AXIS2_PLACEMENT_3D('',#8146,#7261,#7262);
#6933=AXIS2_PLACEMENT_3D('',#8150,#7265,#7266);
#6934=AXIS2_PLACEMENT_3D('',#8152,#7268,#7269);
#6935=AXIS2_PLACEMENT_3D('',#8153,#7270,#7271);
#6936=AXIS2_PLACEMENT_3D('',#8159,#7275,#7276);
#6937=AXIS2_PLACEMENT_3D('',#8163,#7279,#7280);
#6938=AXIS2_PLACEMENT_3D('',#8167,#7283,#7284);
#6939=AXIS2_PLACEMENT_3D('',#8169,#7286,#7287);
#6940=AXIS2_PLACEMENT_3D('',#8170,#7288,#7289);
#6941=AXIS2_PLACEMENT_3D('',#8179,#7294,#7295);
#6942=AXIS2_PLACEMENT_3D('',#8438,#7310,#7311);
#6943=AXIS2_PLACEMENT_3D('',#8697,#7326,#7327);
#6944=AXIS2_PLACEMENT_3D('',#8700,#7330,#7331);
#6945=AXIS2_PLACEMENT_3D('',#8701,#7332,#7333);
#6946=AXIS2_PLACEMENT_3D('',#8702,#7334,#7335);
#6947=AXIS2_PLACEMENT_3D('',#8803,#7344,#7345);
#6948=AXIS2_PLACEMENT_3D('',#8809,#7349,#7350);
#6949=AXIS2_PLACEMENT_3D('',#8815,#7354,#7355);
#6950=AXIS2_PLACEMENT_3D('',#8821,#7359,#7360);
#6951=AXIS2_PLACEMENT_3D('',#8827,#7364,#7365);
#6952=AXIS2_PLACEMENT_3D('',#8925,#7373,#7374);
#6953=AXIS2_PLACEMENT_3D('',#8931,#7378,#7379);
#6954=AXIS2_PLACEMENT_3D('',#8937,#7383,#7384);
#6955=AXIS2_PLACEMENT_3D('',#8943,#7388,#7389);
#6956=AXIS2_PLACEMENT_3D('',#8946,#7392,#7393);
#6957=AXIS2_PLACEMENT_3D('',#8947,#7394,#7395);
#6958=AXIS2_PLACEMENT_3D('',#8948,#7396,#7397);
#6959=AXIS2_PLACEMENT_3D('',#8957,#7402,#7403);
#6960=AXIS2_PLACEMENT_3D('',#8963,#7407,#7408);
#6961=AXIS2_PLACEMENT_3D('',#8969,#7412,#7413);
#6962=AXIS2_PLACEMENT_3D('',#8975,#7417,#7418);
#6963=AXIS2_PLACEMENT_3D('',#8981,#7422,#7423);
#6964=AXIS2_PLACEMENT_3D('',#8984,#7426,#7427);
#6965=AXIS2_PLACEMENT_3D('',#8985,#7428,#7429);
#6966=AXIS2_PLACEMENT_3D('',#8986,#7430,#7431);
#6967=AXIS2_PLACEMENT_3D('',#8995,#7436,#7437);
#6968=AXIS2_PLACEMENT_3D('',#9070,#7444,#7445);
#6969=AXIS2_PLACEMENT_3D('',#9076,#7449,#7450);
#6970=AXIS2_PLACEMENT_3D('',#9082,#7454,#7455);
#6971=AXIS2_PLACEMENT_3D('',#9088,#7459,#7460);
#6972=AXIS2_PLACEMENT_3D('',#9091,#7463,#7464);
#6973=AXIS2_PLACEMENT_3D('',#9092,#7465,#7466);
#6974=AXIS2_PLACEMENT_3D('',#9829,#7499,#7500);
#6975=AXIS2_PLACEMENT_3D('',#9830,#7501,#7502);
#6976=AXIS2_PLACEMENT_3D('',#9831,#7503,#7504);
#6977=AXIS2_PLACEMENT_3D('',#9840,#7509,#7510);
#6978=AXIS2_PLACEMENT_3D('',#9846,#7514,#7515);
#6979=AXIS2_PLACEMENT_3D('',#9852,#7519,#7520);
#6980=AXIS2_PLACEMENT_3D('',#9855,#7523,#7524);
#6981=AXIS2_PLACEMENT_3D('',#9856,#7525,#7526);
#6982=AXIS2_PLACEMENT_3D('',#9857,#7527,#7528);
#6983=AXIS2_PLACEMENT_3D('',#9958,#7537,#7538);
#6984=AXIS2_PLACEMENT_3D('',#9964,#7542,#7543);
#6985=AXIS2_PLACEMENT_3D('',#9970,#7547,#7548);
#6986=AXIS2_PLACEMENT_3D('',#9976,#7552,#7553);
#6987=AXIS2_PLACEMENT_3D('',#9982,#7557,#7558);
#6988=AXIS2_PLACEMENT_3D('',#10080,#7566,#7567);
#6989=AXIS2_PLACEMENT_3D('',#10086,#7571,#7572);
#6990=AXIS2_PLACEMENT_3D('',#10092,#7576,#7577);
#6991=AXIS2_PLACEMENT_3D('',#10098,#7581,#7582);
#6992=AXIS2_PLACEMENT_3D('',#10101,#7585,#7586);
#6993=AXIS2_PLACEMENT_3D('',#10102,#7587,#7588);
#6994=AXIS2_PLACEMENT_3D('',#10405,#7603,#7604);
#6995=AXIS2_PLACEMENT_3D('',#10802,#7625,#7626);
#6996=AXIS2_PLACEMENT_3D('',#10897,#7633,#7634);
#6997=AXIS2_PLACEMENT_3D('',#10898,#7635,#7636);
#6998=AXIS2_PLACEMENT_3D('',#10948,#7640,#7641);
#6999=AXIS2_PLACEMENT_3D('',#11253,#7658,#7659);
#7000=AXIS2_PLACEMENT_3D('',#11532,#7674,#7675);
#7001=AXIS2_PLACEMENT_3D('',#11533,#7676,#7677);
#7002=AXIS2_PLACEMENT_3D('',#11534,#7678,#7679);
#7003=AXIS2_PLACEMENT_3D('',#11865,#7698,#7699);
#7004=AXIS2_PLACEMENT_3D('',#11917,#7705,#7706);
#7005=AXIS2_PLACEMENT_3D('',#11923,#7710,#7711);
#7006=AXIS2_PLACEMENT_3D('',#11929,#7715,#7716);
#7007=AXIS2_PLACEMENT_3D('',#12234,#7733,#7734);
#7008=AXIS2_PLACEMENT_3D('',#12286,#7740,#7741);
#7009=AXIS2_PLACEMENT_3D('',#12292,#7745,#7746);
#7010=AXIS2_PLACEMENT_3D('',#12295,#7749,#7750);
#7011=AXIS2_PLACEMENT_3D('',#12296,#7751,#7752);
#7012=AXIS2_PLACEMENT_3D('',#12297,#7753,#7754);
#7013=AXIS2_PLACEMENT_3D('',#12306,#7759,#7760);
#7014=AXIS2_PLACEMENT_3D('',#12312,#7764,#7765);
#7015=AXIS2_PLACEMENT_3D('',#12318,#7769,#7770);
#7016=AXIS2_PLACEMENT_3D('',#12324,#7774,#7775);
#7017=AXIS2_PLACEMENT_3D('',#12330,#7779,#7780);
#7018=AXIS2_PLACEMENT_3D('',#12336,#7784,#7785);
#7019=AXIS2_PLACEMENT_3D('',#12342,#7789,#7790);
#7020=AXIS2_PLACEMENT_3D('',#12348,#7794,#7795);
#7021=AXIS2_PLACEMENT_3D('',#12351,#7798,#7799);
#7022=AXIS2_PLACEMENT_3D('',#12352,#7800,#7801);
#7023=AXIS2_PLACEMENT_3D('',#13089,#7834,#7835);
#7024=AXIS2_PLACEMENT_3D('',#13090,#7836,#7837);
#7025=AXIS2_PLACEMENT_3D('',#13091,#7838,#7839);
#7026=AXIS2_PLACEMENT_3D('',#13422,#7858,#7859);
#7027=AXIS2_PLACEMENT_3D('',#13474,#7865,#7866);
#7028=AXIS2_PLACEMENT_3D('',#13480,#7870,#7871);
#7029=AXIS2_PLACEMENT_3D('',#13486,#7875,#7876);
#7030=AXIS2_PLACEMENT_3D('',#13791,#7893,#7894);
#7031=AXIS2_PLACEMENT_3D('',#13843,#7900,#7901);
#7032=AXIS2_PLACEMENT_3D('',#13849,#7905,#7906);
#7033=AXIS2_PLACEMENT_3D('',#13852,#7909,#7910);
#7034=AXIS2_PLACEMENT_3D('',#13853,#7911,#7912);
#7035=DIRECTION('axis',(0.,0.,1.));
#7036=DIRECTION('refdir',(1.,0.,0.));
#7037=DIRECTION('center_axis',(0.,0.,1.));
#7038=DIRECTION('ref_axis',(-1.,0.,0.));
#7039=DIRECTION('center_axis',(0.,0.,-1.));
#7040=DIRECTION('ref_axis',(1.,0.,0.));
#7041=DIRECTION('center_axis',(0.,0.,1.));
#7042=DIRECTION('ref_axis',(-1.,0.,0.));
#7043=DIRECTION('center_axis',(0.,0.,-1.));
#7044=DIRECTION('ref_axis',(1.,0.,0.));
#7045=DIRECTION('center_axis',(-0.5,0.,0.866025403784439));
#7046=DIRECTION('ref_axis',(0.,-1.,0.));
#7047=DIRECTION('',(0.654653670707977,0.654653670707977,0.377964473009227));
#7048=DIRECTION('',(0.654653670707977,-0.654653670707977,0.377964473009227));
#7049=DIRECTION('',(0.,1.,0.));
#7050=DIRECTION('center_axis',(0.,0.5,0.866025403784439));
#7051=DIRECTION('ref_axis',(-1.,0.,0.));
#7052=DIRECTION('',(-0.654653670707977,-0.654653670707977,0.377964473009227));
#7053=DIRECTION('',(1.,0.,0.));
#7054=DIRECTION('',(-1.,0.,0.));
#7055=DIRECTION('center_axis',(0.5,0.,0.866025403784439));
#7056=DIRECTION('ref_axis',(0.,1.,0.));
#7057=DIRECTION('',(-0.654653670707977,0.654653670707977,0.377964473009227));
#7058=DIRECTION('',(0.,-1.,0.));
#7059=DIRECTION('center_axis',(0.,-0.5,0.866025403784439));
#7060=DIRECTION('ref_axis',(1.,0.,0.));
#7061=DIRECTION('',(-1.,0.,0.));
#7062=DIRECTION('center_axis',(0.,0.,-1.));
#7063=DIRECTION('ref_axis',(1.,0.,0.));
#7064=DIRECTION('center_axis',(0.,0.,-1.));
#7065=DIRECTION('ref_axis',(1.,0.,0.));
#7066=DIRECTION('',(0.707106781186548,-8.65956056235494E-17,0.707106781186548));
#7067=DIRECTION('center_axis',(0.,0.,1.));
#7068=DIRECTION('ref_axis',(1.,0.,0.));
#7069=DIRECTION('center_axis',(0.,0.,-1.));
#7070=DIRECTION('ref_axis',(1.,0.,0.));
#7071=DIRECTION('',(1.,0.,0.));
#7072=DIRECTION('',(-2.46716227694479E-16,-1.,0.));
#7073=DIRECTION('',(-1.,0.,0.));
#7074=DIRECTION('',(0.,1.,0.));
#7075=DIRECTION('center_axis',(0.,0.,-1.));
#7076=DIRECTION('ref_axis',(1.,0.,0.));
#7077=DIRECTION('center_axis',(0.,0.,1.));
#7078=DIRECTION('ref_axis',(1.,0.,0.));
#7079=DIRECTION('',(0.,0.,1.));
#7080=DIRECTION('center_axis',(0.,0.,-1.));
#7081=DIRECTION('ref_axis',(1.,0.,0.));
#7082=DIRECTION('',(0.707106781186545,-8.6595605623549E-17,0.70710678118655));
#7083=DIRECTION('center_axis',(0.,0.,1.));
#7084=DIRECTION('ref_axis',(1.,0.,0.));
#7085=DIRECTION('center_axis',(0.,0.,1.));
#7086=DIRECTION('ref_axis',(1.,0.,0.));
#7087=DIRECTION('',(0.,0.,1.));
#7088=DIRECTION('center_axis',(0.,0.,1.));
#7089=DIRECTION('ref_axis',(-0.70710678118655,0.707106781186545,0.));
#7090=DIRECTION('center_axis',(0.,0.,-1.));
#7091=DIRECTION('ref_axis',(-0.70710678118655,0.707106781186545,0.));
#7092=DIRECTION('',(0.,0.,-1.));
#7093=DIRECTION('center_axis',(0.,0.,1.));
#7094=DIRECTION('ref_axis',(-0.70710678118655,0.707106781186545,0.));
#7095=DIRECTION('',(0.,0.,1.));
#7096=DIRECTION('center_axis',(-1.,0.,0.));
#7097=DIRECTION('ref_axis',(0.,-1.,0.));
#7098=DIRECTION('',(0.,1.,0.));
#7099=DIRECTION('',(0.,0.,-1.));
#7100=DIRECTION('',(0.,-1.,0.));
#7101=DIRECTION('center_axis',(0.,0.,1.));
#7102=DIRECTION('ref_axis',(1.,0.,0.));
#7103=DIRECTION('',(1.,0.,0.));
#7104=DIRECTION('center_axis',(0.,0.,1.));
#7105=DIRECTION('ref_axis',(0.707106781186547,0.707106781186547,0.));
#7106=DIRECTION('',(0.,-1.,0.));
#7107=DIRECTION('center_axis',(0.,0.,1.));
#7108=DIRECTION('ref_axis',(0.707106781186548,-0.707106781186547,0.));
#7109=DIRECTION('',(-1.,2.07241631263363E-16,0.));
#7110=DIRECTION('center_axis',(0.,0.,1.));
#7111=DIRECTION('ref_axis',(-0.707106781186551,-0.707106781186544,0.));
#7112=DIRECTION('',(-2.46716227694479E-16,-1.,0.));
#7113=DIRECTION('',(1.,0.,0.));
#7114=DIRECTION('',(0.,1.,0.));
#7115=DIRECTION('',(-1.,0.,0.));
#7116=DIRECTION('center_axis',(0.,0.,1.));
#7117=DIRECTION('ref_axis',(0.707106781186547,0.707106781186547,0.));
#7118=DIRECTION('center_axis',(0.,0.,-1.));
#7119=DIRECTION('ref_axis',(0.707106781186547,0.707106781186547,0.));
#7120=DIRECTION('',(0.,0.,-1.));
#7121=DIRECTION('',(0.,0.,1.));
#7122=DIRECTION('center_axis',(1.,0.,0.));
#7123=DIRECTION('ref_axis',(0.,1.,0.));
#7124=DIRECTION('',(0.,1.,0.));
#7125=DIRECTION('',(0.,0.,1.));
#7126=DIRECTION('center_axis',(0.,0.,1.));
#7127=DIRECTION('ref_axis',(0.707106781186548,-0.707106781186547,0.));
#7128=DIRECTION('center_axis',(0.,0.,-1.));
#7129=DIRECTION('ref_axis',(0.707106781186548,-0.707106781186547,0.));
#7130=DIRECTION('',(0.,0.,-1.));
#7131=DIRECTION('center_axis',(0.,0.,1.));
#7132=DIRECTION('ref_axis',(-0.707106781186551,-0.707106781186544,0.));
#7133=DIRECTION('center_axis',(0.,0.,-1.));
#7134=DIRECTION('ref_axis',(-0.707106781186551,-0.707106781186544,0.));
#7135=DIRECTION('',(0.,0.,1.));
#7136=DIRECTION('center_axis',(0.,0.,1.));
#7137=DIRECTION('ref_axis',(1.,0.,0.));
#7138=DIRECTION('',(1.,-2.07241631263363E-16,0.));
#7139=DIRECTION('',(-1.,0.,0.));
#7140=DIRECTION('',(0.,1.,0.));
#7141=DIRECTION('',(1.,0.,0.));
#7142=DIRECTION('',(0.,-1.,0.));
#7143=DIRECTION('',(-1.,2.07241631263363E-16,0.));
#7144=DIRECTION('center_axis',(-0.707106781186547,0.,-0.707106781186548));
#7145=DIRECTION('ref_axis',(-0.707106781186548,0.,0.707106781186547));
#7146=DIRECTION('',(0.577350269189626,-0.577350269189626,-0.577350269189626));
#7147=DIRECTION('',(-0.577350269189626,-0.577350269189626,0.577350269189626));
#7148=DIRECTION('center_axis',(0.707106781186548,-1.74454717631531E-16,
-0.707106781186548));
#7149=DIRECTION('ref_axis',(-0.707106781186548,0.,-0.707106781186548));
#7150=DIRECTION('',(0.577350269189626,0.577350269189626,0.577350269189626));
#7151=DIRECTION('',(0.577350269189626,-0.577350269189626,0.577350269189626));
#7152=DIRECTION('center_axis',(0.,0.707106781186547,-0.707106781186548));
#7153=DIRECTION('ref_axis',(-1.,0.,0.));
#7154=DIRECTION('center_axis',(0.,-0.707106781186548,-0.707106781186548));
#7155=DIRECTION('ref_axis',(-1.,0.,0.));
#7156=DIRECTION('center_axis',(-2.07241631263363E-16,-1.,0.));
#7157=DIRECTION('ref_axis',(1.,-2.07241631263363E-16,0.));
#7158=DIRECTION('',(1.,-2.07241631263363E-16,0.));
#7159=DIRECTION('',(0.,0.,1.));
#7160=DIRECTION('',(0.,0.,-1.));
#7161=DIRECTION('center_axis',(-1.,0.,0.));
#7162=DIRECTION('ref_axis',(0.,-1.,0.));
#7163=DIRECTION('',(0.,-1.,0.));
#7164=DIRECTION('',(0.,0.,-1.));
#7165=DIRECTION('center_axis',(0.,1.,0.));
#7166=DIRECTION('ref_axis',(-1.,0.,0.));
#7167=DIRECTION('',(-1.,0.,0.));
#7168=DIRECTION('',(0.,0.,-1.));
#7169=DIRECTION('center_axis',(1.,0.,0.));
#7170=DIRECTION('ref_axis',(0.,1.,0.));
#7171=DIRECTION('',(0.,1.,0.));
#7172=DIRECTION('center_axis',(0.,1.,0.));
#7173=DIRECTION('ref_axis',(-1.,0.,0.));
#7174=DIRECTION('center_axis',(-2.07241631263363E-16,-1.,0.));
#7175=DIRECTION('ref_axis',(1.,-2.07241631263363E-16,0.));
#7176=DIRECTION('center_axis',(0.,0.,1.));
#7177=DIRECTION('ref_axis',(1.,0.,0.));
#7178=DIRECTION('center_axis',(0.,0.,1.));
#7179=DIRECTION('ref_axis',(-0.70710678118655,0.707106781186545,0.));
#7180=DIRECTION('center_axis',(0.,0.,-1.));
#7181=DIRECTION('ref_axis',(-0.70710678118655,0.707106781186545,0.));
#7182=DIRECTION('',(0.,0.,-1.));
#7183=DIRECTION('center_axis',(0.,0.,1.));
#7184=DIRECTION('ref_axis',(-0.70710678118655,0.707106781186545,0.));
#7185=DIRECTION('',(0.,0.,1.));
#7186=DIRECTION('center_axis',(-1.,0.,0.));
#7187=DIRECTION('ref_axis',(0.,-1.,0.));
#7188=DIRECTION('',(0.,-1.,0.));
#7189=DIRECTION('',(0.,0.,-1.));
#7190=DIRECTION('',(0.,-1.,0.));
#7191=DIRECTION('center_axis',(0.,0.,1.));
#7192=DIRECTION('ref_axis',(-1.,0.,0.));
#7193=DIRECTION('',(-1.,0.,0.));
#7194=DIRECTION('center_axis',(0.,0.,1.));
#7195=DIRECTION('ref_axis',(0.707106781186547,0.707106781186547,0.));
#7196=DIRECTION('',(4.44089209850062E-17,1.,0.));
#7197=DIRECTION('center_axis',(0.,0.,1.));
#7198=DIRECTION('ref_axis',(0.707106781186548,-0.707106781186547,0.));
#7199=DIRECTION('',(1.,-2.07241631263363E-16,0.));
#7200=DIRECTION('center_axis',(0.,0.,1.));
#7201=DIRECTION('ref_axis',(-0.707106781186551,-0.707106781186544,0.));
#7202=DIRECTION('',(-1.42947170552595E-16,-1.,0.));
#7203=DIRECTION('',(1.,0.,0.));
#7204=DIRECTION('',(0.,1.,0.));
#7205=DIRECTION('',(-1.,0.,0.));
#7206=DIRECTION('center_axis',(0.,0.,1.));
#7207=DIRECTION('ref_axis',(0.707106781186547,0.707106781186547,0.));
#7208=DIRECTION('center_axis',(0.,0.,-1.));
#7209=DIRECTION('ref_axis',(0.707106781186547,0.707106781186547,0.));
#7210=DIRECTION('',(0.,0.,-1.));
#7211=DIRECTION('',(0.,0.,1.));
#7212=DIRECTION('center_axis',(1.,-4.44089209850062E-17,0.));
#7213=DIRECTION('ref_axis',(4.44089209850062E-17,1.,0.));
#7214=DIRECTION('',(4.44089209850062E-17,1.,0.));
#7215=DIRECTION('',(0.,0.,1.));
#7216=DIRECTION('center_axis',(0.,0.,1.));
#7217=DIRECTION('ref_axis',(1.,0.,0.));
#7218=DIRECTION('center_axis',(0.,0.,-1.));
#7219=DIRECTION('ref_axis',(-0.707106781186551,-0.707106781186544,0.));
#7220=DIRECTION('',(1.,-2.07241631263363E-16,0.));
#7221=DIRECTION('center_axis',(0.,0.,-1.));
#7222=DIRECTION('ref_axis',(0.707106781186548,-0.707106781186547,0.));
#7223=DIRECTION('',(-1.,0.,0.));
#7224=DIRECTION('',(1.,0.,0.));
#7225=DIRECTION('',(-2.53765262771464E-15,-1.,0.));
#7226=DIRECTION('',(-1.,0.,0.));
#7227=DIRECTION('',(6.34413156928661E-16,1.,0.));
#7228=DIRECTION('center_axis',(0.,0.,1.));
#7229=DIRECTION('ref_axis',(0.707106781186548,-0.707106781186547,0.));
#7230=DIRECTION('',(0.,0.,-1.));
#7231=DIRECTION('center_axis',(-2.07241631263363E-16,-1.,0.));
#7232=DIRECTION('ref_axis',(1.,-2.07241631263363E-16,0.));
#7233=DIRECTION('',(0.,0.,1.));
#7234=DIRECTION('center_axis',(0.,0.,1.));
#7235=DIRECTION('ref_axis',(-0.707106781186551,-0.707106781186544,0.));
#7236=DIRECTION('center_axis',(0.,0.707106781186545,0.70710678118655));
#7237=DIRECTION('ref_axis',(1.,0.,0.));
#7238=DIRECTION('',(-0.577350269189626,0.577350269189628,-0.577350269189624));
#7239=DIRECTION('',(-1.,0.,0.));
#7240=DIRECTION('',(0.577350269189628,0.577350269189627,-0.577350269189623));
#7241=DIRECTION('center_axis',(-0.707106781186546,4.4859784533822E-16,0.707106781186549));
#7242=DIRECTION('ref_axis',(0.707106781186549,0.,0.707106781186546));
#7243=DIRECTION('',(-0.577350269189626,-0.577350269189628,-0.577350269189624));
#7244=DIRECTION('',(-6.34413156928661E-16,-1.,0.));
#7245=DIRECTION('center_axis',(0.707106781186544,-1.79439138135288E-15,
0.707106781186551));
#7246=DIRECTION('ref_axis',(0.707106781186551,0.,-0.707106781186544));
#7247=DIRECTION('',(2.53765262771464E-15,1.,0.));
#7248=DIRECTION('',(-0.577350269189626,0.577350269189628,0.577350269189624));
#7249=DIRECTION('center_axis',(0.,-0.707106781186545,0.70710678118655));
#7250=DIRECTION('ref_axis',(1.,0.,0.));
#7251=DIRECTION('',(1.,0.,0.));
#7252=DIRECTION('center_axis',(-1.,2.53765262771464E-15,0.));
#7253=DIRECTION('ref_axis',(2.53765262771464E-15,1.,0.));
#7254=DIRECTION('',(0.,0.,-1.));
#7255=DIRECTION('',(-2.53765262771464E-15,-1.,0.));
#7256=DIRECTION('',(0.,0.,-1.));
#7257=DIRECTION('center_axis',(0.,-1.,0.));
#7258=DIRECTION('ref_axis',(-1.,0.,0.));
#7259=DIRECTION('',(0.,0.,-1.));
#7260=DIRECTION('',(1.,0.,0.));
#7261=DIRECTION('center_axis',(1.,-6.34413156928661E-16,0.));
#7262=DIRECTION('ref_axis',(-6.34413156928661E-16,-1.,0.));
#7263=DIRECTION('',(0.,0.,-1.));
#7264=DIRECTION('',(6.34413156928661E-16,1.,0.));
#7265=DIRECTION('center_axis',(0.,1.,0.));
#7266=DIRECTION('ref_axis',(1.,0.,0.));
#7267=DIRECTION('',(-1.,0.,0.));
#7268=DIRECTION('center_axis',(0.,1.,0.));
#7269=DIRECTION('ref_axis',(-1.,0.,0.));
#7270=DIRECTION('center_axis',(1.,-1.42947170552595E-16,0.));
#7271=DIRECTION('ref_axis',(-1.42947170552595E-16,-1.,0.));
#7272=DIRECTION('',(0.,0.,-1.));
#7273=DIRECTION('',(-1.42947170552595E-16,-1.,0.));
#7274=DIRECTION('',(0.,0.,-1.));
#7275=DIRECTION('center_axis',(0.,1.,0.));
#7276=DIRECTION('ref_axis',(1.,0.,0.));
#7277=DIRECTION('',(1.,0.,0.));
#7278=DIRECTION('',(0.,0.,-1.));
#7279=DIRECTION('center_axis',(-1.,0.,0.));
#7280=DIRECTION('ref_axis',(0.,1.,0.));
#7281=DIRECTION('',(0.,1.,0.));
#7282=DIRECTION('',(0.,0.,-1.));
#7283=DIRECTION('center_axis',(0.,-1.,0.));
#7284=DIRECTION('ref_axis',(-1.,0.,0.));
#7285=DIRECTION('',(-1.,0.,0.));
#7286=DIRECTION('center_axis',(0.,0.,-1.));
#7287=DIRECTION('ref_axis',(-1.,0.,0.));
#7288=DIRECTION('center_axis',(1.,-6.25729871454347E-16,0.));
#7289=DIRECTION('ref_axis',(-6.25729871454347E-16,-1.,0.));
#7290=DIRECTION('',(-6.25729871454347E-16,-1.,0.));
#7291=DIRECTION('',(0.,0.,-1.));
#7292=DIRECTION('',(-6.25729871454347E-16,-1.,0.));
#7293=DIRECTION('',(0.,0.,-1.));
#7294=DIRECTION('center_axis',(0.,1.,0.));
#7295=DIRECTION('ref_axis',(1.,0.,0.));
#7296=DIRECTION('',(1.,0.,0.));
#7297=DIRECTION('',(1.,0.,0.));
#7298=DIRECTION('',(0.,0.,-1.));
#7299=DIRECTION('',(0.,0.,-1.));
#7300=DIRECTION('',(0.,0.,-1.));
#7301=DIRECTION('',(0.,0.,-1.));
#7302=DIRECTION('',(0.,0.,-1.));
#7303=DIRECTION('',(0.,0.,-1.));
#7304=DIRECTION('',(0.,0.,-1.));
#7305=DIRECTION('',(0.,0.,-1.));
#7306=DIRECTION('',(0.,0.,-1.));
#7307=DIRECTION('',(0.,0.,-1.));
#7308=DIRECTION('',(0.,0.,-1.));
#7309=DIRECTION('',(0.,0.,-1.));
#7310=DIRECTION('center_axis',(-0.417023458764145,-0.90889572275393,0.));
#7311=DIRECTION('ref_axis',(-0.90889572275393,0.417023458764145,0.));
#7312=DIRECTION('',(-0.90889572275393,0.417023458764145,0.));
#7313=DIRECTION('',(-0.90889572275393,0.417023458764145,0.));
#7314=DIRECTION('',(0.,0.,-1.));
#7315=DIRECTION('',(0.,0.,-1.));
#7316=DIRECTION('',(0.,0.,-1.));
#7317=DIRECTION('',(0.,0.,-1.));
#7318=DIRECTION('',(0.,0.,-1.));
#7319=DIRECTION('',(0.,0.,-1.));
#7320=DIRECTION('',(0.,0.,-1.));
#7321=DIRECTION('',(0.,0.,-1.));
#7322=DIRECTION('',(0.,0.,-1.));
#7323=DIRECTION('',(0.,0.,-1.));
#7324=DIRECTION('',(0.,0.,-1.));
#7325=DIRECTION('',(0.,0.,-1.));
#7326=DIRECTION('center_axis',(-3.57559720630069E-16,-1.,0.));
#7327=DIRECTION('ref_axis',(-1.,3.57559720630069E-16,0.));
#7328=DIRECTION('',(-1.,3.57559720630069E-16,0.));
#7329=DIRECTION('',(-1.,3.57559720630069E-16,0.));
#7330=DIRECTION('center_axis',(0.,0.,1.));
#7331=DIRECTION('ref_axis',(-1.,0.,0.));
#7332=DIRECTION('center_axis',(0.,0.,1.));
#7333=DIRECTION('ref_axis',(-1.,0.,0.));
#7334=DIRECTION('center_axis',(1.,0.,0.));
#7335=DIRECTION('ref_axis',(0.,-1.,0.));
#7336=DIRECTION('',(0.,-1.,0.));
#7337=DIRECTION('',(0.,0.,-1.));
#7338=DIRECTION('',(0.,-1.,0.));
#7339=DIRECTION('',(0.,0.,-1.));
#7340=DIRECTION('',(0.,0.,-1.));
#7341=DIRECTION('',(0.,0.,-1.));
#7342=DIRECTION('',(0.,0.,-1.));
#7343=DIRECTION('',(0.,0.,-1.));
#7344=DIRECTION('center_axis',(-0.819779723950829,-0.572678971326085,0.));
#7345=DIRECTION('ref_axis',(-0.572678971326085,0.819779723950829,0.));
#7346=DIRECTION('',(-0.572678971326085,0.819779723950829,0.));
#7347=DIRECTION('',(-0.572678971326085,0.819779723950829,0.));
#7348=DIRECTION('',(0.,0.,-1.));
#7349=DIRECTION('center_axis',(0.,-1.,0.));
#7350=DIRECTION('ref_axis',(-1.,0.,0.));
#7351=DIRECTION('',(-1.,0.,0.));
#7352=DIRECTION('',(-1.,0.,0.));
#7353=DIRECTION('',(0.,0.,-1.));
#7354=DIRECTION('center_axis',(1.,0.,0.));
#7355=DIRECTION('ref_axis',(0.,-1.,0.));
#7356=DIRECTION('',(0.,-1.,0.));
#7357=DIRECTION('',(0.,-1.,0.));
#7358=DIRECTION('',(0.,0.,-1.));
#7359=DIRECTION('center_axis',(2.64184686044321E-16,1.,0.));
#7360=DIRECTION('ref_axis',(1.,-2.64184686044321E-16,0.));
#7361=DIRECTION('',(1.,-2.64184686044321E-16,0.));
#7362=DIRECTION('',(1.,-2.64184686044321E-16,0.));
#7363=DIRECTION('',(0.,0.,-1.));
#7364=DIRECTION('center_axis',(-1.,0.,0.));
#7365=DIRECTION('ref_axis',(0.,1.,0.));
#7366=DIRECTION('',(0.,1.,0.));
#7367=DIRECTION('',(0.,1.,0.));
#7368=DIRECTION('',(0.,0.,-1.));
#7369=DIRECTION('',(0.,0.,-1.));
#7370=DIRECTION('',(0.,0.,-1.));
#7371=DIRECTION('',(0.,0.,-1.));
#7372=DIRECTION('',(0.,0.,-1.));
#7373=DIRECTION('center_axis',(0.823195484485883,0.567758042058457,0.));
#7374=DIRECTION('ref_axis',(0.567758042058457,-0.823195484485883,0.));
#7375=DIRECTION('',(0.567758042058457,-0.823195484485883,0.));
#7376=DIRECTION('',(0.567758042058457,-0.823195484485883,0.));
#7377=DIRECTION('',(0.,0.,-1.));
#7378=DIRECTION('center_axis',(2.86200293042239E-16,1.,0.));
#7379=DIRECTION('ref_axis',(1.,-2.86200293042239E-16,0.));
#7380=DIRECTION('',(1.,-2.86200293042239E-16,0.));
#7381=DIRECTION('',(1.,-2.86200293042239E-16,0.));
#7382=DIRECTION('',(0.,0.,-1.));
#7383=DIRECTION('center_axis',(-1.,0.,0.));
#7384=DIRECTION('ref_axis',(0.,1.,0.));
#7385=DIRECTION('',(0.,1.,0.));
#7386=DIRECTION('',(0.,1.,0.));
#7387=DIRECTION('',(0.,0.,-1.));
#7388=DIRECTION('center_axis',(0.,-1.,0.));
#7389=DIRECTION('ref_axis',(-1.,0.,0.));
#7390=DIRECTION('',(-1.,0.,0.));
#7391=DIRECTION('',(-1.,0.,0.));
#7392=DIRECTION('center_axis',(0.,0.,1.));
#7393=DIRECTION('ref_axis',(-1.,0.,0.));
#7394=DIRECTION('center_axis',(0.,0.,1.));
#7395=DIRECTION('ref_axis',(-1.,0.,0.));
#7396=DIRECTION('center_axis',(1.,0.,0.));
#7397=DIRECTION('ref_axis',(0.,-1.,0.));
#7398=DIRECTION('',(0.,-1.,0.));
#7399=DIRECTION('',(0.,0.,-1.));
#7400=DIRECTION('',(0.,-1.,0.));
#7401=DIRECTION('',(0.,0.,-1.));
#7402=DIRECTION('center_axis',(2.56614156948137E-16,1.,0.));
#7403=DIRECTION('ref_axis',(1.,-2.56614156948137E-16,0.));
#7404=DIRECTION('',(1.,-2.56614156948137E-16,0.));
#7405=DIRECTION('',(1.,-2.56614156948137E-16,0.));
#7406=DIRECTION('',(0.,0.,-1.));
#7407=DIRECTION('center_axis',(1.,0.,0.));
#7408=DIRECTION('ref_axis',(0.,-1.,0.));
#7409=DIRECTION('',(0.,-1.,0.));
#7410=DIRECTION('',(0.,-1.,0.));
#7411=DIRECTION('',(0.,0.,-1.));
#7412=DIRECTION('center_axis',(2.62350637178493E-16,1.,0.));
#7413=DIRECTION('ref_axis',(1.,-2.62350637178493E-16,0.));
#7414=DIRECTION('',(1.,-2.62350637178493E-16,0.));
#7415=DIRECTION('',(1.,-2.62350637178493E-16,0.));
#7416=DIRECTION('',(0.,0.,-1.));
#7417=DIRECTION('center_axis',(-1.,0.,0.));
#7418=DIRECTION('ref_axis',(0.,1.,0.));
#7419=DIRECTION('',(0.,1.,0.));
#7420=DIRECTION('',(0.,1.,0.));
#7421=DIRECTION('',(0.,0.,-1.));
#7422=DIRECTION('center_axis',(-1.79710127165129E-16,-1.,0.));
#7423=DIRECTION('ref_axis',(-1.,1.79710127165129E-16,0.));
#7424=DIRECTION('',(-1.,1.79710127165129E-16,0.));
#7425=DIRECTION('',(-1.,1.79710127165129E-16,0.));
#7426=DIRECTION('center_axis',(0.,0.,1.));
#7427=DIRECTION('ref_axis',(-1.,0.,0.));
#7428=DIRECTION('center_axis',(0.,0.,-1.));
#7429=DIRECTION('ref_axis',(-1.,0.,0.));
#7430=DIRECTION('center_axis',(1.,-9.8686493692091E-16,0.));
#7431=DIRECTION('ref_axis',(-9.8686493692091E-16,-1.,0.));
#7432=DIRECTION('',(-9.8686493692091E-16,-1.,0.));
#7433=DIRECTION('',(0.,0.,-1.));
#7434=DIRECTION('',(-9.8686493692091E-16,-1.,0.));
#7435=DIRECTION('',(0.,0.,-1.));
#7436=DIRECTION('center_axis',(0.,1.,0.));
#7437=DIRECTION('ref_axis',(1.,0.,0.));
#7438=DIRECTION('',(1.,0.,0.));
#7439=DIRECTION('',(1.,0.,0.));
#7440=DIRECTION('',(0.,0.,-1.));
#7441=DIRECTION('',(0.,0.,-1.));
#7442=DIRECTION('',(0.,0.,-1.));
#7443=DIRECTION('',(0.,0.,-1.));
#7444=DIRECTION('center_axis',(-1.,0.,0.));
#7445=DIRECTION('ref_axis',(0.,1.,0.));
#7446=DIRECTION('',(0.,1.,0.));
#7447=DIRECTION('',(0.,1.,0.));
#7448=DIRECTION('',(0.,0.,-1.));
#7449=DIRECTION('center_axis',(0.,-1.,0.));
#7450=DIRECTION('ref_axis',(-1.,0.,0.));
#7451=DIRECTION('',(-1.,0.,0.));
#7452=DIRECTION('',(-1.,0.,0.));
#7453=DIRECTION('',(0.,0.,-1.));
#7454=DIRECTION('center_axis',(-1.,1.35186985264385E-15,0.));
#7455=DIRECTION('ref_axis',(1.35186985264385E-15,1.,0.));
#7456=DIRECTION('',(1.35186985264385E-15,1.,0.));
#7457=DIRECTION('',(1.35186985264385E-15,1.,0.));
#7458=DIRECTION('',(0.,0.,-1.));
#7459=DIRECTION('center_axis',(0.,-1.,0.));
#7460=DIRECTION('ref_axis',(-1.,0.,0.));
#7461=DIRECTION('',(-1.,0.,0.));
#7462=DIRECTION('',(-1.,0.,0.));
#7463=DIRECTION('center_axis',(0.,0.,1.));
#7464=DIRECTION('ref_axis',(-1.,0.,0.));
#7465=DIRECTION('center_axis',(0.,0.,1.));
#7466=DIRECTION('ref_axis',(-1.,0.,0.));
#7467=DIRECTION('',(0.,0.,-1.));
#7468=DIRECTION('',(0.,0.,-1.));
#7469=DIRECTION('',(0.,0.,-1.));
#7470=DIRECTION('',(0.,0.,-1.));
#7471=DIRECTION('',(0.,0.,-1.));
#7472=DIRECTION('',(0.,0.,-1.));
#7473=DIRECTION('',(0.,0.,-1.));
#7474=DIRECTION('',(0.,0.,-1.));
#7475=DIRECTION('',(0.,0.,-1.));
#7476=DIRECTION('',(0.,0.,-1.));
#7477=DIRECTION('',(0.,0.,-1.));
#7478=DIRECTION('',(0.,0.,-1.));
#7479=DIRECTION('',(0.,0.,-1.));
#7480=DIRECTION('',(0.,0.,-1.));
#7481=DIRECTION('',(0.,0.,-1.));
#7482=DIRECTION('',(0.,0.,-1.));
#7483=DIRECTION('',(0.,0.,-1.));
#7484=DIRECTION('',(0.,0.,-1.));
#7485=DIRECTION('',(0.,0.,-1.));
#7486=DIRECTION('',(0.,0.,-1.));
#7487=DIRECTION('',(0.,0.,-1.));
#7488=DIRECTION('',(0.,0.,-1.));
#7489=DIRECTION('',(0.,0.,-1.));
#7490=DIRECTION('',(0.,0.,-1.));
#7491=DIRECTION('',(0.,0.,-1.));
#7492=DIRECTION('',(0.,0.,-1.));
#7493=DIRECTION('',(0.,0.,-1.));
#7494=DIRECTION('',(0.,0.,-1.));
#7495=DIRECTION('',(0.,0.,-1.));
#7496=DIRECTION('',(0.,0.,-1.));
#7497=DIRECTION('',(0.,0.,-1.));
#7498=DIRECTION('',(0.,0.,-1.));
#7499=DIRECTION('center_axis',(0.,0.,1.));
#7500=DIRECTION('ref_axis',(-1.,0.,0.));
#7501=DIRECTION('center_axis',(0.,0.,1.));
#7502=DIRECTION('ref_axis',(-1.,0.,0.));
#7503=DIRECTION('center_axis',(1.,0.,0.));
#7504=DIRECTION('ref_axis',(0.,-1.,0.));
#7505=DIRECTION('',(0.,-1.,0.));
#7506=DIRECTION('',(0.,0.,-1.));
#7507=DIRECTION('',(0.,-1.,0.));
#7508=DIRECTION('',(0.,0.,-1.));
#7509=DIRECTION('center_axis',(0.,1.,0.));
#7510=DIRECTION('ref_axis',(1.,0.,0.));
#7511=DIRECTION('',(1.,0.,0.));
#7512=DIRECTION('',(1.,0.,0.));
#7513=DIRECTION('',(0.,0.,-1.));
#7514=DIRECTION('center_axis',(-1.,0.,0.));
#7515=DIRECTION('ref_axis',(0.,1.,0.));
#7516=DIRECTION('',(0.,1.,0.));
#7517=DIRECTION('',(0.,1.,0.));
#7518=DIRECTION('',(0.,0.,-1.));
#7519=DIRECTION('center_axis',(0.,-1.,0.));
#7520=DIRECTION('ref_axis',(-1.,0.,0.));
#7521=DIRECTION('',(-1.,0.,0.));
#7522=DIRECTION('',(-1.,0.,0.));
#7523=DIRECTION('center_axis',(0.,0.,1.));
#7524=DIRECTION('ref_axis',(-1.,0.,0.));
#7525=DIRECTION('center_axis',(0.,0.,-1.));
#7526=DIRECTION('ref_axis',(-1.,0.,0.));
#7527=DIRECTION('center_axis',(1.,0.,0.));
#7528=DIRECTION('ref_axis',(0.,-1.,0.));
#7529=DIRECTION('',(0.,-1.,0.));
#7530=DIRECTION('',(0.,0.,-1.));
#7531=DIRECTION('',(0.,-1.,0.));
#7532=DIRECTION('',(0.,0.,-1.));
#7533=DIRECTION('',(0.,0.,-1.));
#7534=DIRECTION('',(0.,0.,-1.));
#7535=DIRECTION('',(0.,0.,-1.));
#7536=DIRECTION('',(0.,0.,-1.));
#7537=DIRECTION('center_axis',(-0.819779723950829,-0.572678971326085,0.));
#7538=DIRECTION('ref_axis',(-0.572678971326085,0.819779723950829,0.));
#7539=DIRECTION('',(-0.572678971326085,0.819779723950829,0.));
#7540=DIRECTION('',(-0.572678971326085,0.819779723950829,0.));
#7541=DIRECTION('',(0.,0.,-1.));
#7542=DIRECTION('center_axis',(0.,-1.,0.));
#7543=DIRECTION('ref_axis',(-1.,0.,0.));
#7544=DIRECTION('',(-1.,0.,0.));
#7545=DIRECTION('',(-1.,0.,0.));
#7546=DIRECTION('',(0.,0.,-1.));
#7547=DIRECTION('center_axis',(1.,-2.46716234230227E-16,0.));
#7548=DIRECTION('ref_axis',(-2.46716234230227E-16,-1.,0.));
#7549=DIRECTION('',(-2.46716234230227E-16,-1.,0.));
#7550=DIRECTION('',(-2.46716234230227E-16,-1.,0.));
#7551=DIRECTION('',(0.,0.,-1.));
#7552=DIRECTION('center_axis',(0.,1.,0.));
#7553=DIRECTION('ref_axis',(1.,0.,0.));
#7554=DIRECTION('',(1.,0.,0.));
#7555=DIRECTION('',(1.,0.,0.));
#7556=DIRECTION('',(0.,0.,-1.));
#7557=DIRECTION('center_axis',(-1.,0.,0.));
#7558=DIRECTION('ref_axis',(0.,1.,0.));
#7559=DIRECTION('',(0.,1.,0.));
#7560=DIRECTION('',(0.,1.,0.));
#7561=DIRECTION('',(0.,0.,-1.));
#7562=DIRECTION('',(0.,0.,-1.));
#7563=DIRECTION('',(0.,0.,-1.));
#7564=DIRECTION('',(0.,0.,-1.));
#7565=DIRECTION('',(0.,0.,-1.));
#7566=DIRECTION('center_axis',(0.823195298448805,0.567758311794537,0.));
#7567=DIRECTION('ref_axis',(0.567758311794537,-0.823195298448805,0.));
#7568=DIRECTION('',(0.567758311794537,-0.823195298448805,0.));
#7569=DIRECTION('',(0.567758311794537,-0.823195298448805,0.));
#7570=DIRECTION('',(0.,0.,-1.));
#7571=DIRECTION('center_axis',(0.,1.,0.));
#7572=DIRECTION('ref_axis',(1.,0.,0.));
#7573=DIRECTION('',(1.,0.,0.));
#7574=DIRECTION('',(1.,0.,0.));
#7575=DIRECTION('',(0.,0.,-1.));
#7576=DIRECTION('center_axis',(-1.,0.,0.));
#7577=DIRECTION('ref_axis',(0.,1.,0.));
#7578=DIRECTION('',(0.,1.,0.));
#7579=DIRECTION('',(0.,1.,0.));
#7580=DIRECTION('',(0.,0.,-1.));
#7581=DIRECTION('center_axis',(0.,-1.,0.));
#7582=DIRECTION('ref_axis',(-1.,0.,0.));
#7583=DIRECTION('',(-1.,0.,0.));
#7584=DIRECTION('',(-1.,0.,0.));
#7585=DIRECTION('center_axis',(0.,0.,1.));
#7586=DIRECTION('ref_axis',(-1.,0.,0.));
#7587=DIRECTION('center_axis',(0.,0.,1.));
#7588=DIRECTION('ref_axis',(-1.,0.,0.));
#7589=DIRECTION('',(0.,0.,-1.));
#7590=DIRECTION('',(0.,0.,-1.));
#7591=DIRECTION('',(0.,0.,-1.));
#7592=DIRECTION('',(0.,0.,-1.));
#7593=DIRECTION('',(0.,0.,-1.));
#7594=DIRECTION('',(0.,0.,-1.));
#7595=DIRECTION('',(0.,0.,-1.));
#7596=DIRECTION('',(0.,0.,-1.));
#7597=DIRECTION('',(0.,0.,-1.));
#7598=DIRECTION('',(0.,0.,-1.));
#7599=DIRECTION('',(0.,0.,-1.));
#7600=DIRECTION('',(0.,0.,-1.));
#7601=DIRECTION('',(0.,0.,-1.));
#7602=DIRECTION('',(0.,0.,-1.));
#7603=DIRECTION('center_axis',(0.315115618666155,-0.949053289796019,0.));
#7604=DIRECTION('ref_axis',(-0.949053289796019,-0.315115618666155,0.));
#7605=DIRECTION('',(-0.949053289796019,-0.315115618666155,0.));
#7606=DIRECTION('',(-0.949053289796019,-0.315115618666155,0.));
#7607=DIRECTION('',(0.,0.,-1.));
#7608=DIRECTION('',(0.,0.,-1.));
#7609=DIRECTION('',(0.,0.,-1.));
#7610=DIRECTION('',(0.,0.,-1.));
#7611=DIRECTION('',(0.,0.,-1.));
#7612=DIRECTION('',(0.,0.,-1.));
#7613=DIRECTION('',(0.,0.,-1.));
#7614=DIRECTION('',(0.,0.,-1.));
#7615=DIRECTION('',(0.,0.,-1.));
#7616=DIRECTION('',(0.,0.,-1.));
#7617=DIRECTION('',(0.,0.,-1.));
#7618=DIRECTION('',(0.,0.,-1.));
#7619=DIRECTION('',(0.,0.,-1.));
#7620=DIRECTION('',(0.,0.,-1.));
#7621=DIRECTION('',(0.,0.,-1.));
#7622=DIRECTION('',(0.,0.,-1.));
#7623=DIRECTION('',(0.,0.,-1.));
#7624=DIRECTION('',(0.,0.,-1.));
#7625=DIRECTION('center_axis',(-0.351919284627834,0.936030350526645,0.));
#7626=DIRECTION('ref_axis',(0.936030350526645,0.351919284627834,0.));
#7627=DIRECTION('',(0.936030350526645,0.351919284627834,0.));
#7628=DIRECTION('',(0.936030350526645,0.351919284627834,0.));
#7629=DIRECTION('',(0.,0.,-1.));
#7630=DIRECTION('',(0.,0.,-1.));
#7631=DIRECTION('',(0.,0.,-1.));
#7632=DIRECTION('',(0.,0.,-1.));
#7633=DIRECTION('center_axis',(0.,0.,1.));
#7634=DIRECTION('ref_axis',(-1.,0.,0.));
#7635=DIRECTION('center_axis',(0.,0.,1.));
#7636=DIRECTION('ref_axis',(-1.,0.,0.));
#7637=DIRECTION('',(0.,0.,-1.));
#7638=DIRECTION('',(0.,0.,-1.));
#7639=DIRECTION('',(0.,0.,-1.));
#7640=DIRECTION('center_axis',(0.353469850471496,0.93544591762841,0.));
#7641=DIRECTION('ref_axis',(0.93544591762841,-0.353469850471496,0.));
#7642=DIRECTION('',(0.93544591762841,-0.353469850471496,0.));
#7643=DIRECTION('',(0.93544591762841,-0.353469850471496,0.));
#7644=DIRECTION('',(0.,0.,-1.));
#7645=DIRECTION('',(0.,0.,-1.));
#7646=DIRECTION('',(0.,0.,-1.));
#7647=DIRECTION('',(0.,0.,-1.));
#7648=DIRECTION('',(0.,0.,-1.));
#7649=DIRECTION('',(0.,0.,-1.));
#7650=DIRECTION('',(0.,0.,-1.));
#7651=DIRECTION('',(0.,0.,-1.));
#7652=DIRECTION('',(0.,0.,-1.));
#7653=DIRECTION('',(0.,0.,-1.));
#7654=DIRECTION('',(0.,0.,-1.));
#7655=DIRECTION('',(0.,0.,-1.));
#7656=DIRECTION('',(0.,0.,-1.));
#7657=DIRECTION('',(0.,0.,-1.));
#7658=DIRECTION('center_axis',(0.412730188942315,-0.910853331297438,0.));
#7659=DIRECTION('ref_axis',(-0.910853331297438,-0.412730188942315,0.));
#7660=DIRECTION('',(-0.910853331297438,-0.412730188942315,0.));
#7661=DIRECTION('',(-0.910853331297438,-0.412730188942315,0.));
#7662=DIRECTION('',(0.,0.,-1.));
#7663=DIRECTION('',(0.,0.,-1.));
#7664=DIRECTION('',(0.,0.,-1.));
#7665=DIRECTION('',(0.,0.,-1.));
#7666=DIRECTION('',(0.,0.,-1.));
#7667=DIRECTION('',(0.,0.,-1.));
#7668=DIRECTION('',(0.,0.,-1.));
#7669=DIRECTION('',(0.,0.,-1.));
#7670=DIRECTION('',(0.,0.,-1.));
#7671=DIRECTION('',(0.,0.,-1.));
#7672=DIRECTION('',(0.,0.,-1.));
#7673=DIRECTION('',(0.,0.,-1.));
#7674=DIRECTION('center_axis',(0.,0.,1.));
#7675=DIRECTION('ref_axis',(-1.,0.,0.));
#7676=DIRECTION('center_axis',(0.,0.,1.));
#7677=DIRECTION('ref_axis',(-1.,0.,0.));
#7678=DIRECTION('center_axis',(1.,0.,0.));
#7679=DIRECTION('ref_axis',(0.,-1.,0.));
#7680=DIRECTION('',(0.,-1.,0.));
#7681=DIRECTION('',(0.,0.,-1.));
#7682=DIRECTION('',(0.,-1.,0.));
#7683=DIRECTION('',(0.,0.,-1.));
#7684=DIRECTION('',(0.,0.,-1.));
#7685=DIRECTION('',(0.,0.,-1.));
#7686=DIRECTION('',(0.,0.,-1.));
#7687=DIRECTION('',(0.,0.,-1.));
#7688=DIRECTION('',(0.,0.,-1.));
#7689=DIRECTION('',(0.,0.,-1.));
#7690=DIRECTION('',(0.,0.,-1.));
#7691=DIRECTION('',(0.,0.,-1.));
#7692=DIRECTION('',(0.,0.,-1.));
#7693=DIRECTION('',(0.,0.,-1.));
#7694=DIRECTION('',(0.,0.,-1.));
#7695=DIRECTION('',(0.,0.,-1.));
#7696=DIRECTION('',(0.,0.,-1.));
#7697=DIRECTION('',(0.,0.,-1.));
#7698=DIRECTION('center_axis',(0.315114897884241,-0.949053529118039,0.));
#7699=DIRECTION('ref_axis',(-0.949053529118039,-0.315114897884241,0.));
#7700=DIRECTION('',(-0.949053529118039,-0.315114897884241,0.));
#7701=DIRECTION('',(-0.949053529118039,-0.315114897884241,0.));
#7702=DIRECTION('',(0.,0.,-1.));
#7703=DIRECTION('',(0.,0.,-1.));
#7704=DIRECTION('',(0.,0.,-1.));
#7705=DIRECTION('center_axis',(1.,0.,0.));
#7706=DIRECTION('ref_axis',(0.,-1.,0.));
#7707=DIRECTION('',(0.,-1.,0.));
#7708=DIRECTION('',(0.,-1.,0.));
#7709=DIRECTION('',(0.,0.,-1.));
#7710=DIRECTION('center_axis',(0.,1.,0.));
#7711=DIRECTION('ref_axis',(1.,0.,0.));
#7712=DIRECTION('',(1.,0.,0.));
#7713=DIRECTION('',(1.,0.,0.));
#7714=DIRECTION('',(0.,0.,-1.));
#7715=DIRECTION('center_axis',(-1.,0.,0.));
#7716=DIRECTION('ref_axis',(0.,1.,0.));
#7717=DIRECTION('',(0.,1.,0.));
#7718=DIRECTION('',(0.,1.,0.));
#7719=DIRECTION('',(0.,0.,-1.));
#7720=DIRECTION('',(0.,0.,-1.));
#7721=DIRECTION('',(0.,0.,-1.));
#7722=DIRECTION('',(0.,0.,-1.));
#7723=DIRECTION('',(0.,0.,-1.));
#7724=DIRECTION('',(0.,0.,-1.));
#7725=DIRECTION('',(0.,0.,-1.));
#7726=DIRECTION('',(0.,0.,-1.));
#7727=DIRECTION('',(0.,0.,-1.));
#7728=DIRECTION('',(0.,0.,-1.));
#7729=DIRECTION('',(0.,0.,-1.));
#7730=DIRECTION('',(0.,0.,-1.));
#7731=DIRECTION('',(0.,0.,-1.));
#7732=DIRECTION('',(0.,0.,-1.));
#7733=DIRECTION('center_axis',(-0.346373503021481,0.938096688196173,0.));
#7734=DIRECTION('ref_axis',(0.938096688196173,0.346373503021481,0.));
#7735=DIRECTION('',(0.938096688196173,0.346373503021481,0.));
#7736=DIRECTION('',(0.938096688196173,0.346373503021481,0.));
#7737=DIRECTION('',(0.,0.,-1.));
#7738=DIRECTION('',(0.,0.,-1.));
#7739=DIRECTION('',(0.,0.,-1.));
#7740=DIRECTION('center_axis',(-1.,0.,0.));
#7741=DIRECTION('ref_axis',(0.,1.,0.));
#7742=DIRECTION('',(0.,1.,0.));
#7743=DIRECTION('',(0.,1.,0.));
#7744=DIRECTION('',(0.,0.,-1.));
#7745=DIRECTION('center_axis',(0.,-1.,0.));
#7746=DIRECTION('ref_axis',(-1.,0.,0.));
#7747=DIRECTION('',(-1.,0.,0.));
#7748=DIRECTION('',(-1.,0.,0.));
#7749=DIRECTION('center_axis',(0.,0.,1.));
#7750=DIRECTION('ref_axis',(-1.,0.,0.));
#7751=DIRECTION('center_axis',(0.,0.,1.));
#7752=DIRECTION('ref_axis',(-1.,0.,0.));
#7753=DIRECTION('center_axis',(1.,0.,0.));
#7754=DIRECTION('ref_axis',(0.,-1.,0.));
#7755=DIRECTION('',(0.,-1.,0.));
#7756=DIRECTION('',(0.,0.,-1.));
#7757=DIRECTION('',(0.,-1.,0.));
#7758=DIRECTION('',(0.,0.,-1.));
#7759=DIRECTION('center_axis',(0.85189825400624,-0.523707327446466,0.));
#7760=DIRECTION('ref_axis',(-0.523707327446466,-0.85189825400624,0.));
#7761=DIRECTION('',(-0.523707327446466,-0.85189825400624,0.));
#7762=DIRECTION('',(-0.523707327446466,-0.85189825400624,0.));
#7763=DIRECTION('',(0.,0.,-1.));
#7764=DIRECTION('center_axis',(2.66514933006723E-16,1.,0.));
#7765=DIRECTION('ref_axis',(1.,-2.66514933006723E-16,0.));
#7766=DIRECTION('',(1.,-2.66514933006723E-16,0.));
#7767=DIRECTION('',(1.,-2.66514933006723E-16,0.));
#7768=DIRECTION('',(0.,0.,-1.));
#7769=DIRECTION('center_axis',(-0.849378514830959,0.527784177996607,0.));
#7770=DIRECTION('ref_axis',(0.527784177996607,0.849378514830959,0.));
#7771=DIRECTION('',(0.527784177996607,0.849378514830959,0.));
#7772=DIRECTION('',(0.527784177996607,0.849378514830959,0.));
#7773=DIRECTION('',(0.,0.,-1.));
#7774=DIRECTION('center_axis',(0.848688642710767,0.528892794178325,0.));
#7775=DIRECTION('ref_axis',(0.528892794178325,-0.848688642710767,0.));
#7776=DIRECTION('',(0.528892794178325,-0.848688642710767,0.));
#7777=DIRECTION('',(0.528892794178325,-0.848688642710767,0.));
#7778=DIRECTION('',(0.,0.,-1.));
#7779=DIRECTION('center_axis',(2.66513712722603E-16,1.,0.));
#7780=DIRECTION('ref_axis',(1.,-2.66513712722603E-16,0.));
#7781=DIRECTION('',(1.,-2.66513712722603E-16,0.));
#7782=DIRECTION('',(1.,-2.66513712722603E-16,0.));
#7783=DIRECTION('',(0.,0.,-1.));
#7784=DIRECTION('center_axis',(-0.851726403091999,-0.523986769180258,0.));
#7785=DIRECTION('ref_axis',(-0.523986769180258,0.851726403091999,0.));
#7786=DIRECTION('',(-0.523986769180258,0.851726403091999,0.));
#7787=DIRECTION('',(-0.523986769180258,0.851726403091999,0.));
#7788=DIRECTION('',(0.,0.,-1.));
#7789=DIRECTION('center_axis',(-1.,0.,0.));
#7790=DIRECTION('ref_axis',(0.,1.,0.));
#7791=DIRECTION('',(0.,1.,0.));
#7792=DIRECTION('',(0.,1.,0.));
#7793=DIRECTION('',(0.,0.,-1.));
#7794=DIRECTION('center_axis',(0.,-1.,0.));
#7795=DIRECTION('ref_axis',(-1.,0.,0.));
#7796=DIRECTION('',(-1.,0.,0.));
#7797=DIRECTION('',(-1.,0.,0.));
#7798=DIRECTION('center_axis',(0.,0.,1.));
#7799=DIRECTION('ref_axis',(-1.,0.,0.));
#7800=DIRECTION('center_axis',(0.,0.,-1.));
#7801=DIRECTION('ref_axis',(-1.,0.,0.));
#7802=DIRECTION('',(0.,0.,-1.));
#7803=DIRECTION('',(0.,0.,-1.));
#7804=DIRECTION('',(0.,0.,-1.));
#7805=DIRECTION('',(0.,0.,-1.));
#7806=DIRECTION('',(0.,0.,-1.));
#7807=DIRECTION('',(0.,0.,-1.));
#7808=DIRECTION('',(0.,0.,-1.));
#7809=DIRECTION('',(0.,0.,-1.));
#7810=DIRECTION('',(0.,0.,-1.));
#7811=DIRECTION('',(0.,0.,-1.));
#7812=DIRECTION('',(0.,0.,-1.));
#7813=DIRECTION('',(0.,0.,-1.));
#7814=DIRECTION('',(0.,0.,-1.));
#7815=DIRECTION('',(0.,0.,-1.));
#7816=DIRECTION('',(0.,0.,-1.));
#7817=DIRECTION('',(0.,0.,-1.));
#7818=DIRECTION('',(0.,0.,-1.));
#7819=DIRECTION('',(0.,0.,-1.));
#7820=DIRECTION('',(0.,0.,-1.));
#7821=DIRECTION('',(0.,0.,-1.));
#7822=DIRECTION('',(0.,0.,-1.));
#7823=DIRECTION('',(0.,0.,-1.));
#7824=DIRECTION('',(0.,0.,-1.));
#7825=DIRECTION('',(0.,0.,-1.));
#7826=DIRECTION('',(0.,0.,-1.));
#7827=DIRECTION('',(0.,0.,-1.));
#7828=DIRECTION('',(0.,0.,-1.));
#7829=DIRECTION('',(0.,0.,-1.));
#7830=DIRECTION('',(0.,0.,-1.));
#7831=DIRECTION('',(0.,0.,-1.));
#7832=DIRECTION('',(0.,0.,-1.));
#7833=DIRECTION('',(0.,0.,-1.));
#7834=DIRECTION('center_axis',(0.,0.,1.));
#7835=DIRECTION('ref_axis',(-1.,0.,0.));
#7836=DIRECTION('center_axis',(0.,0.,1.));
#7837=DIRECTION('ref_axis',(-1.,0.,0.));
#7838=DIRECTION('center_axis',(1.,-7.70987925606376E-16,0.));
#7839=DIRECTION('ref_axis',(-7.70987925606376E-16,-1.,0.));
#7840=DIRECTION('',(-7.70987925606376E-16,-1.,0.));
#7841=DIRECTION('',(0.,0.,-1.));
#7842=DIRECTION('',(-7.70987925606376E-16,-1.,0.));
#7843=DIRECTION('',(0.,0.,-1.));
#7844=DIRECTION('',(0.,0.,-1.));
#7845=DIRECTION('',(0.,0.,-1.));
#7846=DIRECTION('',(0.,0.,-1.));
#7847=DIRECTION('',(0.,0.,-1.));
#7848=DIRECTION('',(0.,0.,-1.));
#7849=DIRECTION('',(0.,0.,-1.));
#7850=DIRECTION('',(0.,0.,-1.));
#7851=DIRECTION('',(0.,0.,-1.));
#7852=DIRECTION('',(0.,0.,-1.));
#7853=DIRECTION('',(0.,0.,-1.));
#7854=DIRECTION('',(0.,0.,-1.));
#7855=DIRECTION('',(0.,0.,-1.));
#7856=DIRECTION('',(0.,0.,-1.));
#7857=DIRECTION('',(0.,0.,-1.));
#7858=DIRECTION('center_axis',(0.315115103476155,-0.949053460855189,0.));
#7859=DIRECTION('ref_axis',(-0.949053460855189,-0.315115103476155,0.));
#7860=DIRECTION('',(-0.949053460855189,-0.315115103476155,0.));
#7861=DIRECTION('',(-0.949053460855189,-0.315115103476155,0.));
#7862=DIRECTION('',(0.,0.,-1.));
#7863=DIRECTION('',(0.,0.,-1.));
#7864=DIRECTION('',(0.,0.,-1.));
#7865=DIRECTION('center_axis',(1.,-8.04509371417656E-16,0.));
#7866=DIRECTION('ref_axis',(-8.04509371417656E-16,-1.,0.));
#7867=DIRECTION('',(-8.04509371417656E-16,-1.,0.));
#7868=DIRECTION('',(-8.04509371417656E-16,-1.,0.));
#7869=DIRECTION('',(0.,0.,-1.));
#7870=DIRECTION('center_axis',(0.,1.,0.));
#7871=DIRECTION('ref_axis',(1.,0.,0.));
#7872=DIRECTION('',(1.,0.,0.));
#7873=DIRECTION('',(1.,0.,0.));
#7874=DIRECTION('',(0.,0.,-1.));
#7875=DIRECTION('center_axis',(-1.,5.43085766526876E-16,0.));
#7876=DIRECTION('ref_axis',(5.43085766526876E-16,1.,0.));
#7877=DIRECTION('',(5.43085766526876E-16,1.,0.));
#7878=DIRECTION('',(5.43085766526876E-16,1.,0.));
#7879=DIRECTION('',(0.,0.,-1.));
#7880=DIRECTION('',(0.,0.,-1.));
#7881=DIRECTION('',(0.,0.,-1.));
#7882=DIRECTION('',(0.,0.,-1.));
#7883=DIRECTION('',(0.,0.,-1.));
#7884=DIRECTION('',(0.,0.,-1.));
#7885=DIRECTION('',(0.,0.,-1.));
#7886=DIRECTION('',(0.,0.,-1.));
#7887=DIRECTION('',(0.,0.,-1.));
#7888=DIRECTION('',(0.,0.,-1.));
#7889=DIRECTION('',(0.,0.,-1.));
#7890=DIRECTION('',(0.,0.,-1.));
#7891=DIRECTION('',(0.,0.,-1.));
#7892=DIRECTION('',(0.,0.,-1.));
#7893=DIRECTION('center_axis',(-0.346373503021481,0.938096688196173,0.));
#7894=DIRECTION('ref_axis',(0.938096688196173,0.346373503021481,0.));
#7895=DIRECTION('',(0.938096688196173,0.346373503021481,0.));
#7896=DIRECTION('',(0.938096688196173,0.346373503021481,0.));
#7897=DIRECTION('',(0.,0.,-1.));
#7898=DIRECTION('',(0.,0.,-1.));
#7899=DIRECTION('',(0.,0.,-1.));
#7900=DIRECTION('center_axis',(-1.,4.87856821247202E-16,0.));
#7901=DIRECTION('ref_axis',(4.87856821247202E-16,1.,0.));
#7902=DIRECTION('',(4.87856821247202E-16,1.,0.));
#7903=DIRECTION('',(4.87856821247202E-16,1.,0.));
#7904=DIRECTION('',(0.,0.,-1.));
#7905=DIRECTION('center_axis',(0.,-1.,0.));
#7906=DIRECTION('ref_axis',(-1.,0.,0.));
#7907=DIRECTION('',(-1.,0.,0.));
#7908=DIRECTION('',(-1.,0.,0.));
#7909=DIRECTION('center_axis',(0.,0.,1.));
#7910=DIRECTION('ref_axis',(-1.,0.,0.));
#7911=DIRECTION('center_axis',(0.,0.,1.));
#7912=DIRECTION('ref_axis',(-1.,0.,0.));
#7913=CARTESIAN_POINT('',(0.,0.,0.));
#7914=CARTESIAN_POINT('Origin',(-25.,15.0000000745058,3.2));
#7915=CARTESIAN_POINT('',(-30.15,15.0000000745058,3.2));
#7916=CARTESIAN_POINT('Origin',(-28.,15.0000000745058,3.2));
#7917=CARTESIAN_POINT('Origin',(-25.,15.0000000745058,3.2));
#7918=CARTESIAN_POINT('',(-24.15,15.0000000745058,3.2));
#7919=CARTESIAN_POINT('Origin',(-22.,15.0000000745058,3.2));
#7920=CARTESIAN_POINT('Origin',(-34.0000005066395,9.99999985098839,3.2));
#7921=CARTESIAN_POINT('',(-34.0000005066395,9.99999985098839,3.2));
#7922=CARTESIAN_POINT('',(-29.0000002831221,15.0000000745058,6.08675147499597));
#7923=CARTESIAN_POINT('',(-30.1428574323654,13.8571429252625,5.42692259223504));
#7924=CARTESIAN_POINT('',(-34.0000005066395,20.0000002980232,3.2));
#7925=CARTESIAN_POINT('',(-31.8571432679892,17.8571430593729,4.4371792035697));
#7926=CARTESIAN_POINT('',(-34.0000005066395,12.4999999627471,3.2));
#7927=CARTESIAN_POINT('Origin',(-34.0000005066395,20.0000002980232,3.2));
#7928=CARTESIAN_POINT('',(-15.9999994933605,20.0000002980232,3.2));
#7929=CARTESIAN_POINT('',(-20.9999997168779,15.0000000745058,6.08675147499597));
#7930=CARTESIAN_POINT('',(-19.8571425676346,16.1428572237492,5.42692259223504));
#7931=CARTESIAN_POINT('',(-29.5000002533197,20.0000002980232,3.2));
#7932=CARTESIAN_POINT('',(-25.,15.0000000745058,6.08675147499597));
#7933=CARTESIAN_POINT('Origin',(-15.9999994933605,20.0000002980232,3.2));
#7934=CARTESIAN_POINT('',(-15.9999994933605,9.99999985098839,3.2));
#7935=CARTESIAN_POINT('',(-18.1428567320108,12.1428570896387,4.4371792035697));
#7936=CARTESIAN_POINT('',(-15.9999994933605,17.5000001862645,3.2));
#7937=CARTESIAN_POINT('Origin',(-15.9999994933605,9.99999985098839,3.2));
#7938=CARTESIAN_POINT('',(-20.4999997466802,9.99999985098839,3.2));
#7939=CARTESIAN_POINT('Origin',(-22.,15.0000000745058,-2.85));
#7940=CARTESIAN_POINT('',(-24.45,15.0000000745058,-3.));
#7941=CARTESIAN_POINT('Origin',(-22.,15.0000000745058,-3.));
#7942=CARTESIAN_POINT('',(-24.15,15.0000000745058,-2.7));
#7943=CARTESIAN_POINT('',(-24.3,15.0000000745058,-2.85));
#7944=CARTESIAN_POINT('Origin',(-22.,15.0000000745058,-2.7));
#7945=CARTESIAN_POINT('Origin',(-25.,15.0000000745058,-3.));
#7946=CARTESIAN_POINT('',(-32.5,19.5000000745058,-3.));
#7947=CARTESIAN_POINT('',(-17.5,19.5000000745058,-3.));
#7948=CARTESIAN_POINT('',(-17.5,19.5000000745058,-3.));
#7949=CARTESIAN_POINT('',(-17.5,10.5000000745058,-3.));
#7950=CARTESIAN_POINT('',(-17.5,10.5000000745058,-3.));
#7951=CARTESIAN_POINT('',(-32.5,10.5000000745058,-3.));
#7952=CARTESIAN_POINT('',(-32.5,10.5000000745058,-3.));
#7953=CARTESIAN_POINT('',(-32.5,19.5000000745058,-3.));
#7954=CARTESIAN_POINT('',(-30.45,15.0000000745058,-3.));
#7955=CARTESIAN_POINT('Origin',(-28.,15.0000000745058,-3.));
#7956=CARTESIAN_POINT('Origin',(-22.,15.0000000745058,0.));
#7957=CARTESIAN_POINT('',(-24.15,15.0000000745058,0.));
#7958=CARTESIAN_POINT('Origin',(-28.,15.0000000745058,-2.85));
#7959=CARTESIAN_POINT('',(-30.15,15.0000000745058,-2.7));
#7960=CARTESIAN_POINT('',(-30.3,15.0000000745058,-2.85));
#7961=CARTESIAN_POINT('Origin',(-28.,15.0000000745058,-2.7));
#7962=CARTESIAN_POINT('Origin',(-28.,15.0000000745058,0.));
#7963=CARTESIAN_POINT('',(-30.15,15.0000000745058,0.));
#7964=CARTESIAN_POINT('Origin',(-61.3,38.8000000745058,0.));
#7965=CARTESIAN_POINT('',(-62.5,38.8000000745058,50.));
#7966=CARTESIAN_POINT('',(-61.3,40.0000000745058,50.));
#7967=CARTESIAN_POINT('Origin',(-61.3,38.8000000745058,50.));
#7968=CARTESIAN_POINT('',(-61.3,40.0000000745058,0.));
#7969=CARTESIAN_POINT('',(-61.3,40.0000000745058,0.));
#7970=CARTESIAN_POINT('',(-62.5,38.8000000745058,0.));
#7971=CARTESIAN_POINT('Origin',(-61.3,38.8000000745058,0.));
#7972=CARTESIAN_POINT('',(-62.5,38.8000000745058,0.));
#7973=CARTESIAN_POINT('Origin',(-62.5,40.0000000745058,0.));
#7974=CARTESIAN_POINT('',(-62.5,-8.79999992549419,0.));
#7975=CARTESIAN_POINT('',(-62.5,-9.99999992549419,0.));
#7976=CARTESIAN_POINT('',(-62.5,-8.79999992549419,50.));
#7977=CARTESIAN_POINT('',(-62.5,-8.79999992549419,0.));
#7978=CARTESIAN_POINT('',(-62.5,-9.99999992549419,50.));
#7979=CARTESIAN_POINT('Origin',(-25.,15.0000000745058,0.));
#7980=CARTESIAN_POINT('',(11.3,40.0000000745058,0.));
#7981=CARTESIAN_POINT('',(-62.5,40.0000000745058,0.));
#7982=CARTESIAN_POINT('',(12.5,38.8000000745058,0.));
#7983=CARTESIAN_POINT('Origin',(11.3,38.8000000745058,0.));
#7984=CARTESIAN_POINT('',(12.5,-8.79999992549421,0.));
#7985=CARTESIAN_POINT('',(12.5,40.0000000745058,0.));
#7986=CARTESIAN_POINT('',(11.3,-9.99999992549421,0.));
#7987=CARTESIAN_POINT('Origin',(11.3,-8.79999992549421,0.));
#7988=CARTESIAN_POINT('',(-61.3,-9.99999992549419,0.));
#7989=CARTESIAN_POINT('',(12.5,-9.99999992549421,0.));
#7990=CARTESIAN_POINT('Origin',(-61.3,-8.79999992549419,0.));
#7991=CARTESIAN_POINT('',(-14.4999999999999,22.5000000745058,0.));
#7992=CARTESIAN_POINT('',(-14.5,7.5000000745058,0.));
#7993=CARTESIAN_POINT('',(-14.4999999999999,17.2500000745058,0.));
#7994=CARTESIAN_POINT('',(-35.5,22.5000000745058,0.));
#7995=CARTESIAN_POINT('',(-28.75,22.5000000745058,0.));
#7996=CARTESIAN_POINT('',(-35.5,7.5000000745058,0.));
#7997=CARTESIAN_POINT('',(-35.5,12.7500000745058,0.));
#7998=CARTESIAN_POINT('',(-21.25,7.5000000745058,0.));
#7999=CARTESIAN_POINT('Origin',(11.3,38.8000000745058,0.));
#8000=CARTESIAN_POINT('',(11.3,40.0000000745058,50.));
#8001=CARTESIAN_POINT('',(12.5,38.8000000745058,50.));
#8002=CARTESIAN_POINT('Origin',(11.3,38.8000000745058,50.));
#8003=CARTESIAN_POINT('',(12.5,38.8000000745058,0.));
#8004=CARTESIAN_POINT('',(11.3,40.0000000745058,0.));
#8005=CARTESIAN_POINT('Origin',(12.5,-9.9999999254942,0.));
#8006=CARTESIAN_POINT('',(12.5,-8.79999992549421,50.));
#8007=CARTESIAN_POINT('',(12.5,40.0000000745058,50.));
#8008=CARTESIAN_POINT('',(12.5,-8.79999992549421,0.));
#8009=CARTESIAN_POINT('Origin',(11.3,-8.79999992549421,0.));
#8010=CARTESIAN_POINT('',(11.3,-9.99999992549421,50.));
#8011=CARTESIAN_POINT('Origin',(11.3,-8.79999992549421,50.));
#8012=CARTESIAN_POINT('',(11.3,-9.99999992549421,0.));
#8013=CARTESIAN_POINT('Origin',(-61.3,-8.79999992549419,0.));
#8014=CARTESIAN_POINT('',(-61.3,-9.99999992549419,50.));
#8015=CARTESIAN_POINT('Origin',(-61.3,-8.79999992549419,50.));
#8016=CARTESIAN_POINT('',(-61.3,-9.99999992549419,0.));
#8017=CARTESIAN_POINT('Origin',(-25.,15.0000000745058,50.));
#8018=CARTESIAN_POINT('',(12.5,-9.99999992549421,50.));
#8019=CARTESIAN_POINT('',(-62.5,40.0000000745058,50.));
#8020=CARTESIAN_POINT('',(-61.,-8.49999992549419,50.));
#8021=CARTESIAN_POINT('',(-61.,38.5000000745058,50.));
#8022=CARTESIAN_POINT('',(-61.,27.5000000745058,50.));
#8023=CARTESIAN_POINT('',(11.,38.5000000745058,50.));
#8024=CARTESIAN_POINT('',(-6.24999999999999,38.5000000745058,50.));
#8025=CARTESIAN_POINT('',(11.,-8.49999992549421,50.));
#8026=CARTESIAN_POINT('',(11.,2.5000000745058,50.));
#8027=CARTESIAN_POINT('',(-43.75,-8.49999992549419,50.));
#8028=CARTESIAN_POINT('Origin',(-34.,12.7500000745058,-1.5));
#8029=CARTESIAN_POINT('',(-35.5,22.5000000745058,0.));
#8030=CARTESIAN_POINT('',(-32.5,10.5000000745058,-3.));
#8031=CARTESIAN_POINT('Origin',(-15.9999999999999,17.2500000745058,-1.5));
#8032=CARTESIAN_POINT('',(-17.5,19.5000000745058,-3.));
#8033=CARTESIAN_POINT('',(-17.5,10.5000000745058,-3.));
#8034=CARTESIAN_POINT('Origin',(-28.75,21.0000000745058,-1.5));
#8035=CARTESIAN_POINT('Origin',(-21.25,9.0000000745058,-1.5));
#8036=CARTESIAN_POINT('Origin',(-62.5,-8.49999992549419,0.));
#8037=CARTESIAN_POINT('',(-61.,-8.49999992549419,3.2));
#8038=CARTESIAN_POINT('',(11.,-8.49999992549421,3.2));
#8039=CARTESIAN_POINT('',(-43.75,-8.49999992549419,3.2));
#8040=CARTESIAN_POINT('',(-61.,-8.49999992549419,0.));
#8041=CARTESIAN_POINT('',(11.,-8.49999992549421,0.));
#8042=CARTESIAN_POINT('Origin',(-61.,40.0000000745058,0.));
#8043=CARTESIAN_POINT('',(-61.,38.5000000745058,3.2));
#8044=CARTESIAN_POINT('',(-61.,27.5000000745058,3.2));
#8045=CARTESIAN_POINT('',(-61.,38.5000000745058,0.));
#8046=CARTESIAN_POINT('Origin',(12.5,38.5000000745058,0.));
#8047=CARTESIAN_POINT('',(11.,38.5000000745058,3.2));
#8048=CARTESIAN_POINT('',(-6.24999999999999,38.5000000745058,3.2));
#8049=CARTESIAN_POINT('',(11.,38.5000000745058,0.));
#8050=CARTESIAN_POINT('Origin',(11.,-9.9999999254942,0.));
#8051=CARTESIAN_POINT('',(11.,2.5000000745058,3.2));
#8052=CARTESIAN_POINT('Origin',(12.5,40.0000000745058,0.));
#8053=CARTESIAN_POINT('Origin',(-62.5,-9.99999992549419,0.));
#8054=CARTESIAN_POINT('Origin',(-25.,15.0000000745058,3.2));
#8055=CARTESIAN_POINT('Origin',(-61.3,38.8000000745058,50.));
#8056=CARTESIAN_POINT('',(-62.5,38.8000000745058,51.5));
#8057=CARTESIAN_POINT('',(-61.3,40.0000000745058,51.5));
#8058=CARTESIAN_POINT('Origin',(-61.3,38.8000000745058,51.5));
#8059=CARTESIAN_POINT('',(-61.3,40.0000000745058,50.));
#8060=CARTESIAN_POINT('',(-61.3,40.0000000745058,50.));
#8061=CARTESIAN_POINT('',(-62.5,38.8000000745058,50.));
#8062=CARTESIAN_POINT('Origin',(-61.3,38.8000000745058,50.));
#8063=CARTESIAN_POINT('',(-62.5,38.8000000745058,50.));
#8064=CARTESIAN_POINT('Origin',(-62.5,40.0000000745058,50.));
#8065=CARTESIAN_POINT('',(-62.5,-8.79999992549419,50.));
#8066=CARTESIAN_POINT('',(-62.5,40.0000000745058,50.));
#8067=CARTESIAN_POINT('',(-62.5,-8.79999992549419,51.5));
#8068=CARTESIAN_POINT('',(-62.5,-8.79999992549419,50.));
#8069=CARTESIAN_POINT('',(-62.5,40.0000000745058,51.5));
#8070=CARTESIAN_POINT('Origin',(-25.,15.0000000745058,50.));
#8071=CARTESIAN_POINT('',(11.3,40.0000000745058,50.));
#8072=CARTESIAN_POINT('',(12.5,40.0000000745058,50.));
#8073=CARTESIAN_POINT('',(12.5,38.8000000745058,50.));
#8074=CARTESIAN_POINT('Origin',(11.3,38.8000000745058,50.));
#8075=CARTESIAN_POINT('',(12.5,-8.79999992549421,50.));
#8076=CARTESIAN_POINT('',(12.5,-9.99999992549421,50.));
#8077=CARTESIAN_POINT('',(11.3,-9.99999992549421,50.));
#8078=CARTESIAN_POINT('Origin',(11.3,-8.79999992549421,50.));
#8079=CARTESIAN_POINT('',(-61.3,-9.99999992549419,50.));
#8080=CARTESIAN_POINT('',(-62.5,-9.99999992549419,50.));
#8081=CARTESIAN_POINT('Origin',(-61.3,-8.79999992549419,50.));
#8082=CARTESIAN_POINT('',(10.8,38.3000000745058,50.));
#8083=CARTESIAN_POINT('',(10.8,-8.29999992549421,50.));
#8084=CARTESIAN_POINT('',(10.8,38.3000000745058,50.));
#8085=CARTESIAN_POINT('',(-60.8000003501773,38.3000000745058,50.));
#8086=CARTESIAN_POINT('',(-60.8000003501773,38.3000000745058,50.));
#8087=CARTESIAN_POINT('',(-60.8000003501773,-8.29999992549421,50.));
#8088=CARTESIAN_POINT('',(-60.8000003501773,-8.29999992549421,50.));
#8089=CARTESIAN_POINT('',(10.8,-8.29999992549421,50.));
#8090=CARTESIAN_POINT('Origin',(11.3,38.8000000745058,50.));
#8091=CARTESIAN_POINT('',(11.3,40.0000000745058,51.5));
#8092=CARTESIAN_POINT('',(12.5,38.8000000745058,51.5));
#8093=CARTESIAN_POINT('Origin',(11.3,38.8000000745058,51.5));
#8094=CARTESIAN_POINT('',(12.5,38.8000000745058,50.));
#8095=CARTESIAN_POINT('',(11.3,40.0000000745058,50.));
#8096=CARTESIAN_POINT('Origin',(12.5,-9.99999992549421,50.));
#8097=CARTESIAN_POINT('',(12.5,-8.79999992549421,51.5));
#8098=CARTESIAN_POINT('',(12.5,-9.99999992549421,51.5));
#8099=CARTESIAN_POINT('',(12.5,-8.79999992549421,50.));
#8100=CARTESIAN_POINT('Origin',(-25.,15.0000000745058,51.5));
#8101=CARTESIAN_POINT('',(-61.3,-9.99999992549419,51.5));
#8102=CARTESIAN_POINT('Origin',(-61.3,-8.79999992549419,51.5));
#8103=CARTESIAN_POINT('',(11.3,-9.99999992549421,51.5));
#8104=CARTESIAN_POINT('',(-62.5,-9.99999992549419,51.5));
#8105=CARTESIAN_POINT('Origin',(11.3,-8.79999992549421,51.5));
#8106=CARTESIAN_POINT('',(12.5,40.0000000745058,51.5));
#8107=CARTESIAN_POINT('',(-38.75,12.2500000745058,51.5));
#8108=CARTESIAN_POINT('',(-11.25,12.2500000745058,51.5));
#8109=CARTESIAN_POINT('',(-18.625,12.2500000745058,51.5));
#8110=CARTESIAN_POINT('',(-38.75,17.7500000745058,51.5));
#8111=CARTESIAN_POINT('',(-38.75,14.1250000745058,51.5));
#8112=CARTESIAN_POINT('',(-11.25,17.7500000745058,51.5));
#8113=CARTESIAN_POINT('',(-31.375,17.7500000745058,51.5));
#8114=CARTESIAN_POINT('',(-11.25,15.8750000745058,51.5));
#8115=CARTESIAN_POINT('Origin',(11.3,-8.79999992549421,50.));
#8116=CARTESIAN_POINT('',(11.3,-9.99999992549421,50.));
#8117=CARTESIAN_POINT('Origin',(-62.5,-9.99999992549419,50.));
#8118=CARTESIAN_POINT('',(-61.3,-9.99999992549419,50.));
#8119=CARTESIAN_POINT('Origin',(-61.3,-8.79999992549419,50.));
#8120=CARTESIAN_POINT('Origin',(-18.625,12.7500000745058,51.));
#8121=CARTESIAN_POINT('',(-12.25,13.2500000745058,50.5));
#8122=CARTESIAN_POINT('',(-11.25,12.2500000745058,51.5));
#8123=CARTESIAN_POINT('',(-37.75,13.2500000745058,50.5));
#8124=CARTESIAN_POINT('',(-18.625,13.2500000745058,50.5));
#8125=CARTESIAN_POINT('',(-38.75,12.2500000745058,51.5));
#8126=CARTESIAN_POINT('Origin',(-11.75,15.8750000745058,51.));
#8127=CARTESIAN_POINT('',(-12.25,16.7500000745058,50.5));
#8128=CARTESIAN_POINT('',(-11.25,17.7500000745058,51.5));
#8129=CARTESIAN_POINT('',(-12.25,15.8750000745058,50.5));
#8130=CARTESIAN_POINT('Origin',(-38.25,14.1250000745058,51.));
#8131=CARTESIAN_POINT('',(-37.75,16.7500000745058,50.5));
#8132=CARTESIAN_POINT('',(-37.75,14.1250000745058,50.5));
#8133=CARTESIAN_POINT('',(-37.75,16.7500000745058,50.5));
#8134=CARTESIAN_POINT('Origin',(-31.375,17.2500000745058,51.));
#8135=CARTESIAN_POINT('',(-31.375,16.7500000745058,50.5));
#8136=CARTESIAN_POINT('Origin',(-37.75,13.2500000745058,51.5));
#8137=CARTESIAN_POINT('',(-37.75,13.2500000745058,48.));
#8138=CARTESIAN_POINT('',(-37.75,13.2500000745058,51.5));
#8139=CARTESIAN_POINT('',(-37.75,16.7500000745058,48.));
#8140=CARTESIAN_POINT('',(-37.75,14.1250000745058,48.));
#8141=CARTESIAN_POINT('',(-37.75,16.7500000745058,51.5));
#8142=CARTESIAN_POINT('Origin',(-12.25,13.2500000745058,51.5));
#8143=CARTESIAN_POINT('',(-12.25,13.2500000745058,48.));
#8144=CARTESIAN_POINT('',(-12.25,13.2500000745058,51.5));
#8145=CARTESIAN_POINT('',(-18.6250000875443,13.2500000745058,48.));
#8146=CARTESIAN_POINT('Origin',(-12.25,16.7500000745058,51.5));
#8147=CARTESIAN_POINT('',(-12.25,16.7500000745058,48.));
#8148=CARTESIAN_POINT('',(-12.25,16.7500000745058,51.5));
#8149=CARTESIAN_POINT('',(-12.25,15.8750000745058,48.));
#8150=CARTESIAN_POINT('Origin',(-37.75,16.7500000745058,51.5));
#8151=CARTESIAN_POINT('',(-31.3750000875443,16.7500000745058,48.));
#8152=CARTESIAN_POINT('Origin',(12.5,40.0000000745058,50.));
#8153=CARTESIAN_POINT('Origin',(10.8,38.3000000745058,50.));
#8154=CARTESIAN_POINT('',(10.8,-8.29999992549421,48.));
#8155=CARTESIAN_POINT('',(10.8,-8.29999992549421,50.));
#8156=CARTESIAN_POINT('',(10.8,38.3000000745058,48.));
#8157=CARTESIAN_POINT('',(10.8,38.3000000745058,48.));
#8158=CARTESIAN_POINT('',(10.8,38.3000000745058,50.));
#8159=CARTESIAN_POINT('Origin',(-60.8000003501773,38.3000000745058,50.));
#8160=CARTESIAN_POINT('',(-60.8000003501773,38.3000000745058,48.));
#8161=CARTESIAN_POINT('',(-60.8000003501773,38.3000000745058,48.));
#8162=CARTESIAN_POINT('',(-60.8000003501773,38.3000000745058,50.));
#8163=CARTESIAN_POINT('Origin',(-60.8000003501773,-8.29999992549421,50.));
#8164=CARTESIAN_POINT('',(-60.8000003501773,-8.29999992549421,48.));
#8165=CARTESIAN_POINT('',(-60.8000003501773,-8.29999992549421,48.));
#8166=CARTESIAN_POINT('',(-60.8000003501773,-8.29999992549421,50.));
#8167=CARTESIAN_POINT('Origin',(10.8,-8.29999992549421,50.));
#8168=CARTESIAN_POINT('',(10.8,-8.29999992549421,48.));
#8169=CARTESIAN_POINT('Origin',(-25.0000001750886,15.0000000745058,48.));
#8170=CARTESIAN_POINT('Origin',(7.70447585902426,12.274283722043,51.5));
#8171=CARTESIAN_POINT('',(7.70447585902426,12.274283722043,51.5));
#8172=CARTESIAN_POINT('',(7.70447585902426,10.4999988824129,51.5));
#8173=CARTESIAN_POINT('',(7.70447585902426,12.274283722043,51.5));
#8174=CARTESIAN_POINT('',(7.70447585902426,10.4999988824129,51.));
#8175=CARTESIAN_POINT('',(7.70447585902426,10.4999988824129,51.5));
#8176=CARTESIAN_POINT('',(7.70447585902426,12.274283722043,51.));
#8177=CARTESIAN_POINT('',(7.70447585902426,12.274283722043,51.));
#8178=CARTESIAN_POINT('',(7.70447585902426,12.274283722043,51.5));
#8179=CARTESIAN_POINT('Origin',(3.64161823115561,12.274283722043,51.5));
#8180=CARTESIAN_POINT('',(3.64161823115561,12.274283722043,51.5));
#8181=CARTESIAN_POINT('',(3.64161823115561,12.274283722043,51.5));
#8182=CARTESIAN_POINT('',(3.64161823115561,12.274283722043,51.));
#8183=CARTESIAN_POINT('',(3.64161823115561,12.274283722043,51.));
#8184=CARTESIAN_POINT('',(3.64161823115561,12.274283722043,51.5));
#8185=CARTESIAN_POINT('Ctrl Pts',(4.02411792597983,12.9139273911714,51.5));
#8186=CARTESIAN_POINT('Ctrl Pts',(4.02411792597983,12.9139273911714,51.));
#8187=CARTESIAN_POINT('Ctrl Pts',(3.94764080384177,12.8166679771143,51.5));
#8188=CARTESIAN_POINT('Ctrl Pts',(3.94764080384177,12.8166679771143,51.));
#8189=CARTESIAN_POINT('Ctrl Pts',(3.79284839861539,12.6198114766092,51.5));
#8190=CARTESIAN_POINT('Ctrl Pts',(3.79284839861539,12.6198114766092,51.));
#8191=CARTESIAN_POINT('Ctrl Pts',(3.69242579336745,12.3903678551291,51.5));
#8192=CARTESIAN_POINT('Ctrl Pts',(3.69242579336745,12.3903678551291,51.));
#8193=CARTESIAN_POINT('Ctrl Pts',(3.64161823115561,12.274283722043,51.5));
#8194=CARTESIAN_POINT('Ctrl Pts',(3.64161823115561,12.274283722043,51.));
#8195=CARTESIAN_POINT('',(4.02411792597983,12.9139273911714,51.5));
#8196=CARTESIAN_POINT('Ctrl Pts',(4.02411792597983,12.9139273911714,51.5));
#8197=CARTESIAN_POINT('Ctrl Pts',(3.94764080384177,12.8166679771143,51.5));
#8198=CARTESIAN_POINT('Ctrl Pts',(3.79284839861539,12.6198114766092,51.5));
#8199=CARTESIAN_POINT('Ctrl Pts',(3.69242579336745,12.3903678551291,51.5));
#8200=CARTESIAN_POINT('Ctrl Pts',(3.64161823115561,12.274283722043,51.5));
#8201=CARTESIAN_POINT('',(4.02411792597983,12.9139273911714,51.));
#8202=CARTESIAN_POINT('Ctrl Pts',(4.02411792597983,12.9139273911714,51.));
#8203=CARTESIAN_POINT('Ctrl Pts',(3.94764080384177,12.8166679771143,51.));
#8204=CARTESIAN_POINT('Ctrl Pts',(3.79284839861539,12.6198114766092,51.));
#8205=CARTESIAN_POINT('Ctrl Pts',(3.69242579336745,12.3903678551291,51.));
#8206=CARTESIAN_POINT('Ctrl Pts',(3.64161823115561,12.274283722043,51.));
#8207=CARTESIAN_POINT('',(4.02411792597983,12.9139273911714,51.5));
#8208=CARTESIAN_POINT('Ctrl Pts',(4.65733263812278,13.4699981957674,51.5));
#8209=CARTESIAN_POINT('Ctrl Pts',(4.65733263812278,13.4699981957674,51.));
#8210=CARTESIAN_POINT('Ctrl Pts',(4.53599022404001,13.3812223791334,51.5));
#8211=CARTESIAN_POINT('Ctrl Pts',(4.53599022404001,13.3812223791334,51.));
#8212=CARTESIAN_POINT('Ctrl Pts',(4.30829805547325,13.2146395864761,51.5));
#8213=CARTESIAN_POINT('Ctrl Pts',(4.30829805547325,13.2146395864761,51.));
#8214=CARTESIAN_POINT('Ctrl Pts',(4.11459305773825,13.0096658776731,51.5));
#8215=CARTESIAN_POINT('Ctrl Pts',(4.11459305773825,13.0096658776731,51.));
#8216=CARTESIAN_POINT('Ctrl Pts',(4.02411792597983,12.9139273911714,51.5));
#8217=CARTESIAN_POINT('Ctrl Pts',(4.02411792597983,12.9139273911714,51.));
#8218=CARTESIAN_POINT('',(4.65733263812278,13.4699981957674,51.5));
#8219=CARTESIAN_POINT('Ctrl Pts',(4.65733263812278,13.4699981957674,51.5));
#8220=CARTESIAN_POINT('Ctrl Pts',(4.53599022404001,13.3812223791334,51.5));
#8221=CARTESIAN_POINT('Ctrl Pts',(4.30829805547325,13.2146395864761,51.5));
#8222=CARTESIAN_POINT('Ctrl Pts',(4.11459305773825,13.0096658776731,51.5));
#8223=CARTESIAN_POINT('Ctrl Pts',(4.02411792597983,12.9139273911714,51.5));
#8224=CARTESIAN_POINT('',(4.65733263812278,13.4699981957674,51.));
#8225=CARTESIAN_POINT('Ctrl Pts',(4.65733263812278,13.4699981957674,51.));
#8226=CARTESIAN_POINT('Ctrl Pts',(4.53599022404001,13.3812223791334,51.));
#8227=CARTESIAN_POINT('Ctrl Pts',(4.30829805547325,13.2146395864761,51.));
#8228=CARTESIAN_POINT('Ctrl Pts',(4.11459305773825,13.0096658776731,51.));
#8229=CARTESIAN_POINT('Ctrl Pts',(4.02411792597983,12.9139273911714,51.));
#8230=CARTESIAN_POINT('',(4.65733263812278,13.4699981957674,51.5));
#8231=CARTESIAN_POINT('Ctrl Pts',(5.64733240924094,14.099999025464,51.5));
#8232=CARTESIAN_POINT('Ctrl Pts',(5.64733240924094,14.099999025464,51.));
#8233=CARTESIAN_POINT('Ctrl Pts',(5.46396705183649,13.9904843632095,51.5));
#8234=CARTESIAN_POINT('Ctrl Pts',(5.46396705183649,13.9904843632095,51.));
#8235=CARTESIAN_POINT('Ctrl Pts',(5.12799794578641,13.7898273596301,51.5));
#8236=CARTESIAN_POINT('Ctrl Pts',(5.12799794578641,13.7898273596301,51.));
#8237=CARTESIAN_POINT('Ctrl Pts',(4.80434303711773,13.5698955373052,51.5));
#8238=CARTESIAN_POINT('Ctrl Pts',(4.80434303711773,13.5698955373052,51.));
#8239=CARTESIAN_POINT('Ctrl Pts',(4.65733263812278,13.4699981957674,51.5));
#8240=CARTESIAN_POINT('Ctrl Pts',(4.65733263812278,13.4699981957674,51.));
#8241=CARTESIAN_POINT('',(5.64733240924094,14.099999025464,51.5));
#8242=CARTESIAN_POINT('Ctrl Pts',(5.64733240924094,14.099999025464,51.5));
#8243=CARTESIAN_POINT('Ctrl Pts',(5.46396705183649,13.9904843632095,51.5));
#8244=CARTESIAN_POINT('Ctrl Pts',(5.12799794578641,13.7898273596301,51.5));
#8245=CARTESIAN_POINT('Ctrl Pts',(4.80434303711773,13.5698955373052,51.5));
#8246=CARTESIAN_POINT('Ctrl Pts',(4.65733263812278,13.4699981957674,51.5));
#8247=CARTESIAN_POINT('',(5.64733240924094,14.099999025464,51.));
#8248=CARTESIAN_POINT('Ctrl Pts',(5.64733240924094,14.099999025464,51.));
#8249=CARTESIAN_POINT('Ctrl Pts',(5.46396705183649,13.9904843632095,51.));
#8250=CARTESIAN_POINT('Ctrl Pts',(5.12799794578641,13.7898273596301,51.));
#8251=CARTESIAN_POINT('Ctrl Pts',(4.80434303711773,13.5698955373052,51.));
#8252=CARTESIAN_POINT('Ctrl Pts',(4.65733263812278,13.4699981957674,51.));
#8253=CARTESIAN_POINT('',(5.64733240924094,14.099999025464,51.5));
#8254=CARTESIAN_POINT('Ctrl Pts',(6.65661905131553,14.8071413785219,51.5));
#8255=CARTESIAN_POINT('Ctrl Pts',(6.65661905131553,14.8071413785219,51.));
#8256=CARTESIAN_POINT('Ctrl Pts',(6.49964953972724,14.6830253937236,51.5));
#8257=CARTESIAN_POINT('Ctrl Pts',(6.49964953972724,14.6830253937236,51.));
#8258=CARTESIAN_POINT('Ctrl Pts',(6.17690158334062,14.4278281898638,51.5));
#8259=CARTESIAN_POINT('Ctrl Pts',(6.17690158334062,14.4278281898638,51.));
#8260=CARTESIAN_POINT('Ctrl Pts',(5.82703846787449,14.2112458463153,51.5));
#8261=CARTESIAN_POINT('Ctrl Pts',(5.82703846787449,14.2112458463153,51.));
#8262=CARTESIAN_POINT('Ctrl Pts',(5.64733240924094,14.099999025464,51.5));
#8263=CARTESIAN_POINT('Ctrl Pts',(5.64733240924094,14.099999025464,51.));
#8264=CARTESIAN_POINT('',(6.65661905131553,14.8071413785219,51.5));
#8265=CARTESIAN_POINT('Ctrl Pts',(6.65661905131553,14.8071413785219,51.5));
#8266=CARTESIAN_POINT('Ctrl Pts',(6.49964953972724,14.6830253937236,51.5));
#8267=CARTESIAN_POINT('Ctrl Pts',(6.17690158334062,14.4278281898638,51.5));
#8268=CARTESIAN_POINT('Ctrl Pts',(5.82703846787449,14.2112458463153,51.5));
#8269=CARTESIAN_POINT('Ctrl Pts',(5.64733240924094,14.099999025464,51.5));
#8270=CARTESIAN_POINT('',(6.65661905131553,14.8071413785219,51.));
#8271=CARTESIAN_POINT('Ctrl Pts',(6.65661905131553,14.8071413785219,51.));
#8272=CARTESIAN_POINT('Ctrl Pts',(6.49964953972724,14.6830253937236,51.));
#8273=CARTESIAN_POINT('Ctrl Pts',(6.17690158334062,14.4278281898638,51.));
#8274=CARTESIAN_POINT('Ctrl Pts',(5.82703846787449,14.2112458463153,51.));
#8275=CARTESIAN_POINT('Ctrl Pts',(5.64733240924094,14.099999025464,51.));
#8276=CARTESIAN_POINT('',(6.65661905131553,14.8071413785219,51.5));
#8277=CARTESIAN_POINT('Ctrl Pts',(7.36697528681968,15.7039278298616,51.5));
#8278=CARTESIAN_POINT('Ctrl Pts',(7.36697528681968,15.7039278298616,51.));
#8279=CARTESIAN_POINT('Ctrl Pts',(7.27230968809612,15.5355971982467,51.5));
#8280=CARTESIAN_POINT('Ctrl Pts',(7.27230968809612,15.5355971982467,51.));
#8281=CARTESIAN_POINT('Ctrl Pts',(7.08303333705464,15.1990334607309,51.5));
#8282=CARTESIAN_POINT('Ctrl Pts',(7.08303333705464,15.1990334607309,51.));
#8283=CARTESIAN_POINT('Ctrl Pts',(6.79872968577367,14.9377468350096,51.5));
#8284=CARTESIAN_POINT('Ctrl Pts',(6.79872968577367,14.9377468350096,51.));
#8285=CARTESIAN_POINT('Ctrl Pts',(6.65661905131553,14.8071413785219,51.5));
#8286=CARTESIAN_POINT('Ctrl Pts',(6.65661905131553,14.8071413785219,51.));
#8287=CARTESIAN_POINT('',(7.36697528681968,15.7039278298616,51.5));
#8288=CARTESIAN_POINT('Ctrl Pts',(7.36697528681968,15.7039278298616,51.5));
#8289=CARTESIAN_POINT('Ctrl Pts',(7.27230968809612,15.5355971982467,51.5));
#8290=CARTESIAN_POINT('Ctrl Pts',(7.08303333705464,15.1990334607309,51.5));
#8291=CARTESIAN_POINT('Ctrl Pts',(6.79872968577367,14.9377468350096,51.5));
#8292=CARTESIAN_POINT('Ctrl Pts',(6.65661905131553,14.8071413785219,51.5));
#8293=CARTESIAN_POINT('',(7.36697528681968,15.7039278298616,51.));
#8294=CARTESIAN_POINT('Ctrl Pts',(7.36697528681968,15.7039278298616,51.));
#8295=CARTESIAN_POINT('Ctrl Pts',(7.27230968809612,15.5355971982467,51.));
#8296=CARTESIAN_POINT('Ctrl Pts',(7.08303333705464,15.1990334607309,51.));
#8297=CARTESIAN_POINT('Ctrl Pts',(6.79872968577367,14.9377468350096,51.));
#8298=CARTESIAN_POINT('Ctrl Pts',(6.65661905131553,14.8071413785219,51.));
#8299=CARTESIAN_POINT('',(7.36697528681968,15.7039278298616,51.5));
#8300=CARTESIAN_POINT('Ctrl Pts',(7.62733314357017,17.0057123452425,51.5));
#8301=CARTESIAN_POINT('Ctrl Pts',(7.62733314357017,17.0057123452425,51.));
#8302=CARTESIAN_POINT('Ctrl Pts',(7.62005773579433,16.7645754791674,51.5));
#8303=CARTESIAN_POINT('Ctrl Pts',(7.62005773579433,16.7645754791674,51.));
#8304=CARTESIAN_POINT('Ctrl Pts',(7.60650409615869,16.3153522484769,51.5));
#8305=CARTESIAN_POINT('Ctrl Pts',(7.60650409615869,16.3153522484769,51.));
#8306=CARTESIAN_POINT('Ctrl Pts',(7.44280360198801,15.8974881938292,51.5));
#8307=CARTESIAN_POINT('Ctrl Pts',(7.44280360198801,15.8974881938292,51.));
#8308=CARTESIAN_POINT('Ctrl Pts',(7.36697528681968,15.7039278298616,51.5));
#8309=CARTESIAN_POINT('Ctrl Pts',(7.36697528681968,15.7039278298616,51.));
#8310=CARTESIAN_POINT('',(7.62733314357017,17.0057123452425,51.5));
#8311=CARTESIAN_POINT('Ctrl Pts',(7.62733314357017,17.0057123452425,51.5));
#8312=CARTESIAN_POINT('Ctrl Pts',(7.62005773579433,16.7645754791674,51.5));
#8313=CARTESIAN_POINT('Ctrl Pts',(7.60650409615869,16.3153522484769,51.5));
#8314=CARTESIAN_POINT('Ctrl Pts',(7.44280360198801,15.8974881938292,51.5));
#8315=CARTESIAN_POINT('Ctrl Pts',(7.36697528681968,15.7039278298616,51.5));
#8316=CARTESIAN_POINT('',(7.62733314357017,17.0057123452425,51.));
#8317=CARTESIAN_POINT('Ctrl Pts',(7.62733314357017,17.0057123452425,51.));
#8318=CARTESIAN_POINT('Ctrl Pts',(7.62005773579433,16.7645754791674,51.));
#8319=CARTESIAN_POINT('Ctrl Pts',(7.60650409615869,16.3153522484769,51.));
#8320=CARTESIAN_POINT('Ctrl Pts',(7.44280360198801,15.8974881938292,51.));
#8321=CARTESIAN_POINT('Ctrl Pts',(7.36697528681968,15.7039278298616,51.));
#8322=CARTESIAN_POINT('',(7.62733314357017,17.0057123452425,51.5));
#8323=CARTESIAN_POINT('Ctrl Pts',(7.283404806473,18.3396404534578,51.5));
#8324=CARTESIAN_POINT('Ctrl Pts',(7.283404806473,18.3396404534578,51.));
#8325=CARTESIAN_POINT('Ctrl Pts',(7.3837109769086,18.1320248881146,51.5));
#8326=CARTESIAN_POINT('Ctrl Pts',(7.3837109769086,18.1320248881146,51.));
#8327=CARTESIAN_POINT('Ctrl Pts',(7.58735559197455,17.71051750026,51.5));
#8328=CARTESIAN_POINT('Ctrl Pts',(7.58735559197455,17.71051750026,51.));
#8329=CARTESIAN_POINT('Ctrl Pts',(7.61387566482164,17.242968005405,51.5));
#8330=CARTESIAN_POINT('Ctrl Pts',(7.61387566482164,17.242968005405,51.));
#8331=CARTESIAN_POINT('Ctrl Pts',(7.62733314357017,17.0057123452425,51.5));
#8332=CARTESIAN_POINT('Ctrl Pts',(7.62733314357017,17.0057123452425,51.));
#8333=CARTESIAN_POINT('',(7.283404806473,18.3396404534578,51.5));
#8334=CARTESIAN_POINT('Ctrl Pts',(7.283404806473,18.3396404534578,51.5));
#8335=CARTESIAN_POINT('Ctrl Pts',(7.3837109769086,18.1320248881146,51.5));
#8336=CARTESIAN_POINT('Ctrl Pts',(7.58735559197455,17.71051750026,51.5));
#8337=CARTESIAN_POINT('Ctrl Pts',(7.61387566482164,17.242968005405,51.5));
#8338=CARTESIAN_POINT('Ctrl Pts',(7.62733314357017,17.0057123452425,51.5));
#8339=CARTESIAN_POINT('',(7.283404806473,18.3396404534578,51.));
#8340=CARTESIAN_POINT('Ctrl Pts',(7.283404806473,18.3396404534578,51.));
#8341=CARTESIAN_POINT('Ctrl Pts',(7.3837109769086,18.1320248881146,51.));
#8342=CARTESIAN_POINT('Ctrl Pts',(7.58735559197455,17.71051750026,51.));
#8343=CARTESIAN_POINT('Ctrl Pts',(7.61387566482164,17.242968005405,51.));
#8344=CARTESIAN_POINT('Ctrl Pts',(7.62733314357017,17.0057123452425,51.));
#8345=CARTESIAN_POINT('',(7.283404806473,18.3396404534578,51.5));
#8346=CARTESIAN_POINT('Ctrl Pts',(6.28054712138389,19.2974990159273,51.5));
#8347=CARTESIAN_POINT('Ctrl Pts',(6.28054712138389,19.2974990159273,51.));
#8348=CARTESIAN_POINT('Ctrl Pts',(6.48580625299874,19.1705626422957,51.5));
#8349=CARTESIAN_POINT('Ctrl Pts',(6.48580625299874,19.1705626422957,51.));
#8350=CARTESIAN_POINT('Ctrl Pts',(6.88793045716522,18.9218809499159,51.5));
#8351=CARTESIAN_POINT('Ctrl Pts',(6.88793045716522,18.9218809499159,51.));
#8352=CARTESIAN_POINT('Ctrl Pts',(7.15342737700155,18.531000836745,51.5));
#8353=CARTESIAN_POINT('Ctrl Pts',(7.15342737700155,18.531000836745,51.));
#8354=CARTESIAN_POINT('Ctrl Pts',(7.283404806473,18.3396404534578,51.5));
#8355=CARTESIAN_POINT('Ctrl Pts',(7.283404806473,18.3396404534578,51.));
#8356=CARTESIAN_POINT('',(6.28054712138389,19.2974990159273,51.5));
#8357=CARTESIAN_POINT('Ctrl Pts',(6.28054712138389,19.2974990159273,51.5));
#8358=CARTESIAN_POINT('Ctrl Pts',(6.48580625299874,19.1705626422957,51.5));
#8359=CARTESIAN_POINT('Ctrl Pts',(6.88793045716522,18.9218809499159,51.5));
#8360=CARTESIAN_POINT('Ctrl Pts',(7.15342737700155,18.531000836745,51.5));
#8361=CARTESIAN_POINT('Ctrl Pts',(7.283404806473,18.3396404534578,51.5));
#8362=CARTESIAN_POINT('',(6.28054712138389,19.2974990159273,51.));
#8363=CARTESIAN_POINT('Ctrl Pts',(6.28054712138389,19.2974990159273,51.));
#8364=CARTESIAN_POINT('Ctrl Pts',(6.48580625299874,19.1705626422957,51.));
#8365=CARTESIAN_POINT('Ctrl Pts',(6.88793045716522,18.9218809499159,51.));
#8366=CARTESIAN_POINT('Ctrl Pts',(7.15342737700155,18.531000836745,51.));
#8367=CARTESIAN_POINT('Ctrl Pts',(7.283404806473,18.3396404534578,51.));
#8368=CARTESIAN_POINT('',(6.28054712138389,19.2974990159273,51.5));
#8369=CARTESIAN_POINT('Ctrl Pts',(4.69590399584983,19.6542840749025,51.5));
#8370=CARTESIAN_POINT('Ctrl Pts',(4.69590399584983,19.6542840749025,51.));
#8371=CARTESIAN_POINT('Ctrl Pts',(4.98652757262143,19.6429831762111,51.5));
#8372=CARTESIAN_POINT('Ctrl Pts',(4.98652757262143,19.6429831762111,51.));
#8373=CARTESIAN_POINT('Ctrl Pts',(5.53740622024633,19.6215622582759,51.5));
#8374=CARTESIAN_POINT('Ctrl Pts',(5.53740622024633,19.6215622582759,51.));
#8375=CARTESIAN_POINT('Ctrl Pts',(6.04210778213118,19.4014758327912,51.5));
#8376=CARTESIAN_POINT('Ctrl Pts',(6.04210778213118,19.4014758327912,51.));
#8377=CARTESIAN_POINT('Ctrl Pts',(6.28054712138389,19.2974990159273,51.5));
#8378=CARTESIAN_POINT('Ctrl Pts',(6.28054712138389,19.2974990159273,51.));
#8379=CARTESIAN_POINT('',(4.69590399584983,19.6542840749025,51.5));
#8380=CARTESIAN_POINT('Ctrl Pts',(4.69590399584983,19.6542840749025,51.5));
#8381=CARTESIAN_POINT('Ctrl Pts',(4.98652757262143,19.6429831762111,51.5));
#8382=CARTESIAN_POINT('Ctrl Pts',(5.53740622024633,19.6215622582759,51.5));
#8383=CARTESIAN_POINT('Ctrl Pts',(6.04210778213118,19.4014758327912,51.5));
#8384=CARTESIAN_POINT('Ctrl Pts',(6.28054712138389,19.2974990159273,51.5));
#8385=CARTESIAN_POINT('',(4.69590399584983,19.6542840749025,51.));
#8386=CARTESIAN_POINT('Ctrl Pts',(4.69590399584983,19.6542840749025,51.));
#8387=CARTESIAN_POINT('Ctrl Pts',(4.98652757262143,19.6429831762111,51.));
#8388=CARTESIAN_POINT('Ctrl Pts',(5.53740622024633,19.6215622582759,51.));
#8389=CARTESIAN_POINT('Ctrl Pts',(6.04210778213118,19.4014758327912,51.));
#8390=CARTESIAN_POINT('Ctrl Pts',(6.28054712138389,19.2974990159273,51.));
#8391=CARTESIAN_POINT('',(4.69590399584983,19.6542840749025,51.5));
#8392=CARTESIAN_POINT('Ctrl Pts',(2.86376092753623,19.1303556710481,51.5));
#8393=CARTESIAN_POINT('Ctrl Pts',(2.86376092753623,19.1303556710481,51.));
#8394=CARTESIAN_POINT('Ctrl Pts',(3.14947333779517,19.2831682529691,51.5));
#8395=CARTESIAN_POINT('Ctrl Pts',(3.14947333779517,19.2831682529691,51.));
#8396=CARTESIAN_POINT('Ctrl Pts',(3.72244030238444,19.5896182287856,51.5));
#8397=CARTESIAN_POINT('Ctrl Pts',(3.72244030238444,19.5896182287856,51.));
#8398=CARTESIAN_POINT('Ctrl Pts',(4.37083437916044,19.6326901500841,51.5));
#8399=CARTESIAN_POINT('Ctrl Pts',(4.37083437916044,19.6326901500841,51.));
#8400=CARTESIAN_POINT('Ctrl Pts',(4.69590399584983,19.6542840749025,51.5));
#8401=CARTESIAN_POINT('Ctrl Pts',(4.69590399584983,19.6542840749025,51.));
#8402=CARTESIAN_POINT('',(2.86376092753623,19.1303556710481,51.5));
#8403=CARTESIAN_POINT('Ctrl Pts',(2.86376092753623,19.1303556710481,51.5));
#8404=CARTESIAN_POINT('Ctrl Pts',(3.14947333779517,19.2831682529691,51.5));
#8405=CARTESIAN_POINT('Ctrl Pts',(3.72244030238444,19.5896182287856,51.5));
#8406=CARTESIAN_POINT('Ctrl Pts',(4.37083437916044,19.6326901500841,51.5));
#8407=CARTESIAN_POINT('Ctrl Pts',(4.69590399584983,19.6542840749025,51.5));
#8408=CARTESIAN_POINT('',(2.86376092753623,19.1303556710481,51.));
#8409=CARTESIAN_POINT('Ctrl Pts',(2.86376092753623,19.1303556710481,51.));
#8410=CARTESIAN_POINT('Ctrl Pts',(3.14947333779517,19.2831682529691,51.));
#8411=CARTESIAN_POINT('Ctrl Pts',(3.72244030238444,19.5896182287856,51.));
#8412=CARTESIAN_POINT('Ctrl Pts',(4.37083437916044,19.6326901500841,51.));
#8413=CARTESIAN_POINT('Ctrl Pts',(4.69590399584983,19.6542840749025,51.));
#8414=CARTESIAN_POINT('',(2.86376092753623,19.1303556710481,51.5));
#8415=CARTESIAN_POINT('Ctrl Pts',(1.63590524516319,17.6999991685152,51.5));
#8416=CARTESIAN_POINT('Ctrl Pts',(1.63590524516319,17.6999991685152,51.));
#8417=CARTESIAN_POINT('Ctrl Pts',(1.78505399148603,17.9861747569666,51.5));
#8418=CARTESIAN_POINT('Ctrl Pts',(1.78505399148603,17.9861747569666,51.));
#8419=CARTESIAN_POINT('Ctrl Pts',(2.08325040193214,18.5583319848174,51.5));
#8420=CARTESIAN_POINT('Ctrl Pts',(2.08325040193214,18.5583319848174,51.));
#8421=CARTESIAN_POINT('Ctrl Pts',(2.60364955372559,18.9397242035704,51.5));
#8422=CARTESIAN_POINT('Ctrl Pts',(2.60364955372559,18.9397242035704,51.));
#8423=CARTESIAN_POINT('Ctrl Pts',(2.86376092753623,19.1303556710481,51.5));
#8424=CARTESIAN_POINT('Ctrl Pts',(2.86376092753623,19.1303556710481,51.));
#8425=CARTESIAN_POINT('',(1.63590524516319,17.6999991685152,51.5));
#8426=CARTESIAN_POINT('Ctrl Pts',(1.63590524516319,17.6999991685152,51.5));
#8427=CARTESIAN_POINT('Ctrl Pts',(1.78505399148603,17.9861747569666,51.5));
#8428=CARTESIAN_POINT('Ctrl Pts',(2.08325040193214,18.5583319848174,51.5));
#8429=CARTESIAN_POINT('Ctrl Pts',(2.60364955372559,18.9397242035704,51.5));
#8430=CARTESIAN_POINT('Ctrl Pts',(2.86376092753623,19.1303556710481,51.5));
#8431=CARTESIAN_POINT('',(1.63590524516319,17.6999991685152,51.));
#8432=CARTESIAN_POINT('Ctrl Pts',(1.63590524516319,17.6999991685152,51.));
#8433=CARTESIAN_POINT('Ctrl Pts',(1.78505399148603,17.9861747569666,51.));
#8434=CARTESIAN_POINT('Ctrl Pts',(2.08325040193214,18.5583319848174,51.));
#8435=CARTESIAN_POINT('Ctrl Pts',(2.60364955372559,18.9397242035704,51.));
#8436=CARTESIAN_POINT('Ctrl Pts',(2.86376092753623,19.1303556710481,51.));
#8437=CARTESIAN_POINT('',(1.63590524516319,17.6999991685152,51.5));
#8438=CARTESIAN_POINT('Origin',(3.27519033274863,16.9478553086519,51.5));
#8439=CARTESIAN_POINT('',(3.27519033274863,16.9478553086519,51.5));
#8440=CARTESIAN_POINT('',(3.27519033274863,16.9478553086519,51.5));
#8441=CARTESIAN_POINT('',(3.27519033274863,16.9478553086519,51.));
#8442=CARTESIAN_POINT('',(3.27519033274863,16.9478553086519,51.));
#8443=CARTESIAN_POINT('',(3.27519033274863,16.9478553086519,51.5));
#8444=CARTESIAN_POINT('Ctrl Pts',(3.86018965563987,17.6582127362489,51.5));
#8445=CARTESIAN_POINT('Ctrl Pts',(3.86018965563987,17.6582127362489,51.));
#8446=CARTESIAN_POINT('Ctrl Pts',(3.74451981558614,17.5624493337875,51.5));
#8447=CARTESIAN_POINT('Ctrl Pts',(3.74451981558614,17.5624493337875,51.));
#8448=CARTESIAN_POINT('Ctrl Pts',(3.50411735065693,17.3634194225241,51.5));
#8449=CARTESIAN_POINT('Ctrl Pts',(3.50411735065693,17.3634194225241,51.));
#8450=CARTESIAN_POINT('Ctrl Pts',(3.35339335581029,17.0898148304142,51.5));
#8451=CARTESIAN_POINT('Ctrl Pts',(3.35339335581029,17.0898148304142,51.));
#8452=CARTESIAN_POINT('Ctrl Pts',(3.27519033274863,16.9478553086519,51.5));
#8453=CARTESIAN_POINT('Ctrl Pts',(3.27519033274863,16.9478553086519,51.));
#8454=CARTESIAN_POINT('',(3.86018965563987,17.6582127362489,51.5));
#8455=CARTESIAN_POINT('Ctrl Pts',(3.86018965563987,17.6582127362489,51.5));
#8456=CARTESIAN_POINT('Ctrl Pts',(3.74451981558614,17.5624493337875,51.5));
#8457=CARTESIAN_POINT('Ctrl Pts',(3.50411735065693,17.3634194225241,51.5));
#8458=CARTESIAN_POINT('Ctrl Pts',(3.35339335581029,17.0898148304142,51.5));
#8459=CARTESIAN_POINT('Ctrl Pts',(3.27519033274863,16.9478553086519,51.5));
#8460=CARTESIAN_POINT('',(3.86018965563987,17.6582127362489,51.));
#8461=CARTESIAN_POINT('Ctrl Pts',(3.86018965563987,17.6582127362489,51.));
#8462=CARTESIAN_POINT('Ctrl Pts',(3.74451981558614,17.5624493337875,51.));
#8463=CARTESIAN_POINT('Ctrl Pts',(3.50411735065693,17.3634194225241,51.));
#8464=CARTESIAN_POINT('Ctrl Pts',(3.35339335581029,17.0898148304142,51.));
#8465=CARTESIAN_POINT('Ctrl Pts',(3.27519033274863,16.9478553086519,51.));
#8466=CARTESIAN_POINT('',(3.86018965563987,17.6582127362489,51.5));
#8467=CARTESIAN_POINT('Ctrl Pts',(4.7280475886843,17.9121416360139,51.5));
#8468=CARTESIAN_POINT('Ctrl Pts',(4.7280475886843,17.9121416360139,51.));
#8469=CARTESIAN_POINT('Ctrl Pts',(4.56740733013238,17.9032688590401,51.5));
#8470=CARTESIAN_POINT('Ctrl Pts',(4.56740733013238,17.9032688590401,51.));
#8471=CARTESIAN_POINT('Ctrl Pts',(4.25791518179772,17.8861744218669,51.5));
#8472=CARTESIAN_POINT('Ctrl Pts',(4.25791518179772,17.8861744218669,51.));
#8473=CARTESIAN_POINT('Ctrl Pts',(3.98935506690299,17.7322456130409,51.5));
#8474=CARTESIAN_POINT('Ctrl Pts',(3.98935506690299,17.7322456130409,51.));
#8475=CARTESIAN_POINT('Ctrl Pts',(3.86018965563987,17.6582127362489,51.5));
#8476=CARTESIAN_POINT('Ctrl Pts',(3.86018965563987,17.6582127362489,51.));
#8477=CARTESIAN_POINT('',(4.7280475886843,17.9121416360139,51.5));
#8478=CARTESIAN_POINT('Ctrl Pts',(4.7280475886843,17.9121416360139,51.5));
#8479=CARTESIAN_POINT('Ctrl Pts',(4.56740733013238,17.9032688590401,51.5));
#8480=CARTESIAN_POINT('Ctrl Pts',(4.25791518179772,17.8861744218669,51.5));
#8481=CARTESIAN_POINT('Ctrl Pts',(3.98935506690299,17.7322456130409,51.5));
#8482=CARTESIAN_POINT('Ctrl Pts',(3.86018965563987,17.6582127362489,51.5));
#8483=CARTESIAN_POINT('',(4.7280475886843,17.9121416360139,51.));
#8484=CARTESIAN_POINT('Ctrl Pts',(4.7280475886843,17.9121416360139,51.));
#8485=CARTESIAN_POINT('Ctrl Pts',(4.56740733013238,17.9032688590401,51.));
#8486=CARTESIAN_POINT('Ctrl Pts',(4.25791518179772,17.8861744218669,51.));
#8487=CARTESIAN_POINT('Ctrl Pts',(3.98935506690299,17.7322456130409,51.));
#8488=CARTESIAN_POINT('Ctrl Pts',(3.86018965563987,17.6582127362489,51.));
#8489=CARTESIAN_POINT('',(4.7280475886843,17.9121416360139,51.5));
#8490=CARTESIAN_POINT('Ctrl Pts',(5.50590370021079,17.6582127362489,51.5));
#8491=CARTESIAN_POINT('Ctrl Pts',(5.50590370021079,17.6582127362489,51.));
#8492=CARTESIAN_POINT('Ctrl Pts',(5.39535342863777,17.7322074741126,51.5));
#8493=CARTESIAN_POINT('Ctrl Pts',(5.39535342863777,17.7322074741126,51.));
#8494=CARTESIAN_POINT('Ctrl Pts',(5.16059183705951,17.8893407147834,51.5));
#8495=CARTESIAN_POINT('Ctrl Pts',(5.16059183705951,17.8893407147834,51.));
#8496=CARTESIAN_POINT('Ctrl Pts',(4.87771596286429,17.9042520921737,51.5));
#8497=CARTESIAN_POINT('Ctrl Pts',(4.87771596286429,17.9042520921737,51.));
#8498=CARTESIAN_POINT('Ctrl Pts',(4.7280475886843,17.9121416360139,51.5));
#8499=CARTESIAN_POINT('Ctrl Pts',(4.7280475886843,17.9121416360139,51.));
#8500=CARTESIAN_POINT('',(5.50590370021079,17.6582127362489,51.5));
#8501=CARTESIAN_POINT('Ctrl Pts',(5.50590370021079,17.6582127362489,51.5));
#8502=CARTESIAN_POINT('Ctrl Pts',(5.39535342863777,17.7322074741126,51.5));
#8503=CARTESIAN_POINT('Ctrl Pts',(5.16059183705951,17.8893407147834,51.5));
#8504=CARTESIAN_POINT('Ctrl Pts',(4.87771596286429,17.9042520921737,51.5));
#8505=CARTESIAN_POINT('Ctrl Pts',(4.7280475886843,17.9121416360139,51.5));
#8506=CARTESIAN_POINT('',(5.50590370021079,17.6582127362489,51.));
#8507=CARTESIAN_POINT('Ctrl Pts',(5.50590370021079,17.6582127362489,51.));
#8508=CARTESIAN_POINT('Ctrl Pts',(5.39535342863777,17.7322074741126,51.));
#8509=CARTESIAN_POINT('Ctrl Pts',(5.16059183705951,17.8893407147834,51.));
#8510=CARTESIAN_POINT('Ctrl Pts',(4.87771596286429,17.9042520921737,51.));
#8511=CARTESIAN_POINT('Ctrl Pts',(4.7280475886843,17.9121416360139,51.));
#8512=CARTESIAN_POINT('',(5.50590370021079,17.6582127362489,51.5));
#8513=CARTESIAN_POINT('Ctrl Pts',(5.80161903224204,16.9478553086519,51.5));
#8514=CARTESIAN_POINT('Ctrl Pts',(5.80161903224204,16.9478553086519,51.));
#8515=CARTESIAN_POINT('Ctrl Pts',(5.79168759425785,17.0894268565475,51.5));
#8516=CARTESIAN_POINT('Ctrl Pts',(5.79168759425785,17.0894268565475,51.));
#8517=CARTESIAN_POINT('Ctrl Pts',(5.77268502204185,17.3603064176847,51.5));
#8518=CARTESIAN_POINT('Ctrl Pts',(5.77268502204185,17.3603064176847,51.));
#8519=CARTESIAN_POINT('Ctrl Pts',(5.59210568374185,17.5619536901118,51.5));
#8520=CARTESIAN_POINT('Ctrl Pts',(5.59210568374185,17.5619536901118,51.));
#8521=CARTESIAN_POINT('Ctrl Pts',(5.50590370021079,17.6582127362489,51.5));
#8522=CARTESIAN_POINT('Ctrl Pts',(5.50590370021079,17.6582127362489,51.));
#8523=CARTESIAN_POINT('',(5.80161903224204,16.9478553086519,51.5));
#8524=CARTESIAN_POINT('Ctrl Pts',(5.80161903224204,16.9478553086519,51.5));
#8525=CARTESIAN_POINT('Ctrl Pts',(5.79168759425785,17.0894268565475,51.5));
#8526=CARTESIAN_POINT('Ctrl Pts',(5.77268502204185,17.3603064176847,51.5));
#8527=CARTESIAN_POINT('Ctrl Pts',(5.59210568374185,17.5619536901118,51.5));
#8528=CARTESIAN_POINT('Ctrl Pts',(5.50590370021079,17.6582127362489,51.5));
#8529=CARTESIAN_POINT('',(5.80161903224204,16.9478553086519,51.));
#8530=CARTESIAN_POINT('Ctrl Pts',(5.80161903224204,16.9478553086519,51.));
#8531=CARTESIAN_POINT('Ctrl Pts',(5.79168759425785,17.0894268565475,51.));
#8532=CARTESIAN_POINT('Ctrl Pts',(5.77268502204185,17.3603064176847,51.));
#8533=CARTESIAN_POINT('Ctrl Pts',(5.59210568374185,17.5619536901118,51.));
#8534=CARTESIAN_POINT('Ctrl Pts',(5.50590370021079,17.6582127362489,51.));
#8535=CARTESIAN_POINT('',(5.80161903224204,16.9478553086519,51.5));
#8536=CARTESIAN_POINT('Ctrl Pts',(5.61840389094566,16.3564270287752,51.5));
#8537=CARTESIAN_POINT('Ctrl Pts',(5.61840389094566,16.3564270287752,51.));
#8538=CARTESIAN_POINT('Ctrl Pts',(5.67183810326986,16.4461851540091,51.5));
#8539=CARTESIAN_POINT('Ctrl Pts',(5.67183810326986,16.4461851540091,51.));
#8540=CARTESIAN_POINT('Ctrl Pts',(5.78037112083097,16.6284975669471,51.5));
#8541=CARTESIAN_POINT('Ctrl Pts',(5.78037112083097,16.6284975669471,51.));
#8542=CARTESIAN_POINT('Ctrl Pts',(5.79446434489266,16.8403198078538,51.5));
#8543=CARTESIAN_POINT('Ctrl Pts',(5.79446434489266,16.8403198078538,51.));
#8544=CARTESIAN_POINT('Ctrl Pts',(5.80161903224204,16.9478553086519,51.5));
#8545=CARTESIAN_POINT('Ctrl Pts',(5.80161903224204,16.9478553086519,51.));
#8546=CARTESIAN_POINT('',(5.61840389094566,16.3564270287752,51.5));
#8547=CARTESIAN_POINT('Ctrl Pts',(5.61840389094566,16.3564270287752,51.5));
#8548=CARTESIAN_POINT('Ctrl Pts',(5.67183810326986,16.4461851540091,51.5));
#8549=CARTESIAN_POINT('Ctrl Pts',(5.78037112083097,16.6284975669471,51.5));
#8550=CARTESIAN_POINT('Ctrl Pts',(5.79446434489266,16.8403198078538,51.5));
#8551=CARTESIAN_POINT('Ctrl Pts',(5.80161903224204,16.9478553086519,51.5));
#8552=CARTESIAN_POINT('',(5.61840389094566,16.3564270287752,51.));
#8553=CARTESIAN_POINT('Ctrl Pts',(5.61840389094566,16.3564270287752,51.));
#8554=CARTESIAN_POINT('Ctrl Pts',(5.67183810326986,16.4461851540091,51.));
#8555=CARTESIAN_POINT('Ctrl Pts',(5.78037112083097,16.6284975669471,51.));
#8556=CARTESIAN_POINT('Ctrl Pts',(5.79446434489266,16.8403198078538,51.));
#8557=CARTESIAN_POINT('Ctrl Pts',(5.80161903224204,16.9478553086519,51.));
#8558=CARTESIAN_POINT('',(5.61840389094566,16.3564270287752,51.5));
#8559=CARTESIAN_POINT('Ctrl Pts',(5.14590356669639,15.8935707360506,51.5));
#8560=CARTESIAN_POINT('Ctrl Pts',(5.14590356669639,15.8935707360506,51.));
#8561=CARTESIAN_POINT('Ctrl Pts',(5.23693643103151,15.9629302758209,51.5));
#8562=CARTESIAN_POINT('Ctrl Pts',(5.23693643103151,15.9629302758209,51.));
#8563=CARTESIAN_POINT('Ctrl Pts',(5.41372234042704,16.0976265682326,51.5));
#8564=CARTESIAN_POINT('Ctrl Pts',(5.41372234042704,16.0976265682326,51.));
#8565=CARTESIAN_POINT('Ctrl Pts',(5.55154879791373,16.271895087218,51.5));
#8566=CARTESIAN_POINT('Ctrl Pts',(5.55154879791373,16.271895087218,51.));
#8567=CARTESIAN_POINT('Ctrl Pts',(5.61840389094566,16.3564270287752,51.5));
#8568=CARTESIAN_POINT('Ctrl Pts',(5.61840389094566,16.3564270287752,51.));
#8569=CARTESIAN_POINT('',(5.14590356669639,15.8935707360506,51.5));
#8570=CARTESIAN_POINT('Ctrl Pts',(5.14590356669639,15.8935707360506,51.5));
#8571=CARTESIAN_POINT('Ctrl Pts',(5.23693643103151,15.9629302758209,51.5));
#8572=CARTESIAN_POINT('Ctrl Pts',(5.41372234042704,16.0976265682326,51.5));
#8573=CARTESIAN_POINT('Ctrl Pts',(5.55154879791373,16.271895087218,51.5));
#8574=CARTESIAN_POINT('Ctrl Pts',(5.61840389094566,16.3564270287752,51.5));
#8575=CARTESIAN_POINT('',(5.14590356669639,15.8935707360506,51.));
#8576=CARTESIAN_POINT('Ctrl Pts',(5.14590356669639,15.8935707360506,51.));
#8577=CARTESIAN_POINT('Ctrl Pts',(5.23693643103151,15.9629302758209,51.));
#8578=CARTESIAN_POINT('Ctrl Pts',(5.41372234042704,16.0976265682326,51.));
#8579=CARTESIAN_POINT('Ctrl Pts',(5.55154879791373,16.271895087218,51.));
#8580=CARTESIAN_POINT('Ctrl Pts',(5.61840389094566,16.3564270287752,51.));
#8581=CARTESIAN_POINT('',(5.14590356669639,15.8935707360506,51.5));
#8582=CARTESIAN_POINT('Ctrl Pts',(4.53518960795615,15.5014270097017,51.5));
#8583=CARTESIAN_POINT('Ctrl Pts',(4.53518960795615,15.5014270097017,51.));
#8584=CARTESIAN_POINT('Ctrl Pts',(4.64042849508985,15.563972345256,51.5));
#8585=CARTESIAN_POINT('Ctrl Pts',(4.64042849508985,15.563972345256,51.));
#8586=CARTESIAN_POINT('Ctrl Pts',(4.84852306680958,15.6876466368581,51.5));
#8587=CARTESIAN_POINT('Ctrl Pts',(4.84852306680958,15.6876466368581,51.));
#8588=CARTESIAN_POINT('Ctrl Pts',(5.04753646688504,15.8254554546971,51.5));
#8589=CARTESIAN_POINT('Ctrl Pts',(5.04753646688504,15.8254554546971,51.));
#8590=CARTESIAN_POINT('Ctrl Pts',(5.14590356669639,15.8935707360506,51.5));
#8591=CARTESIAN_POINT('Ctrl Pts',(5.14590356669639,15.8935707360506,51.));
#8592=CARTESIAN_POINT('',(4.53518960795615,15.5014270097017,51.5));
#8593=CARTESIAN_POINT('Ctrl Pts',(4.53518960795615,15.5014270097017,51.5));
#8594=CARTESIAN_POINT('Ctrl Pts',(4.64042849508985,15.563972345256,51.5));
#8595=CARTESIAN_POINT('Ctrl Pts',(4.84852306680958,15.6876466368581,51.5));
#8596=CARTESIAN_POINT('Ctrl Pts',(5.04753646688504,15.8254554546971,51.5));
#8597=CARTESIAN_POINT('Ctrl Pts',(5.14590356669639,15.8935707360506,51.5));
#8598=CARTESIAN_POINT('',(4.53518960795615,15.5014270097017,51.));
#8599=CARTESIAN_POINT('Ctrl Pts',(4.53518960795615,15.5014270097017,51.));
#8600=CARTESIAN_POINT('Ctrl Pts',(4.64042849508985,15.563972345256,51.));
#8601=CARTESIAN_POINT('Ctrl Pts',(4.84852306680958,15.6876466368581,51.));
#8602=CARTESIAN_POINT('Ctrl Pts',(5.04753646688504,15.8254554546971,51.));
#8603=CARTESIAN_POINT('Ctrl Pts',(5.14590356669639,15.8935707360506,51.));
#8604=CARTESIAN_POINT('',(4.53518960795615,15.5014270097017,51.5));
#8605=CARTESIAN_POINT('Ctrl Pts',(3.34269020877097,14.7010701447725,51.5));
#8606=CARTESIAN_POINT('Ctrl Pts',(3.34269020877097,14.7010701447725,51.));
#8607=CARTESIAN_POINT('Ctrl Pts',(3.53193506455902,14.8464137455642,51.5));
#8608=CARTESIAN_POINT('Ctrl Pts',(3.53193506455902,14.8464137455642,51.));
#8609=CARTESIAN_POINT('Ctrl Pts',(3.91237815726067,15.1386011805111,51.5));
#8610=CARTESIAN_POINT('Ctrl Pts',(3.91237815726067,15.1386011805111,51.));
#8611=CARTESIAN_POINT('Ctrl Pts',(4.32687637878022,15.3800717905214,51.5));
#8612=CARTESIAN_POINT('Ctrl Pts',(4.32687637878022,15.3800717905214,51.));
#8613=CARTESIAN_POINT('Ctrl Pts',(4.53518960795615,15.5014270097017,51.5));
#8614=CARTESIAN_POINT('Ctrl Pts',(4.53518960795615,15.5014270097017,51.));
#8615=CARTESIAN_POINT('',(3.34269020877097,14.7010701447725,51.5));
#8616=CARTESIAN_POINT('Ctrl Pts',(3.34269020877097,14.7010701447725,51.5));
#8617=CARTESIAN_POINT('Ctrl Pts',(3.53193506455902,14.8464137455642,51.5));
#8618=CARTESIAN_POINT('Ctrl Pts',(3.91237815726067,15.1386011805111,51.5));
#8619=CARTESIAN_POINT('Ctrl Pts',(4.32687637878022,15.3800717905214,51.5));
#8620=CARTESIAN_POINT('Ctrl Pts',(4.53518960795615,15.5014270097017,51.5));
#8621=CARTESIAN_POINT('',(3.34269020877097,14.7010701447725,51.));
#8622=CARTESIAN_POINT('Ctrl Pts',(3.34269020877097,14.7010701447725,51.));
#8623=CARTESIAN_POINT('Ctrl Pts',(3.53193506455902,14.8464137455642,51.));
#8624=CARTESIAN_POINT('Ctrl Pts',(3.91237815726067,15.1386011805111,51.));
#8625=CARTESIAN_POINT('Ctrl Pts',(4.32687637878022,15.3800717905214,51.));
#8626=CARTESIAN_POINT('Ctrl Pts',(4.53518960795615,15.5014270097017,51.));
#8627=CARTESIAN_POINT('',(3.34269020877097,14.7010701447725,51.5));
#8628=CARTESIAN_POINT('Ctrl Pts',(2.37197611651633,13.6628549844026,51.5));
#8629=CARTESIAN_POINT('Ctrl Pts',(2.37197611651633,13.6628549844026,51.));
#8630=CARTESIAN_POINT('Ctrl Pts',(2.51578715801824,13.8537339489045,51.5));
#8631=CARTESIAN_POINT('Ctrl Pts',(2.51578715801824,13.8537339489045,51.));
#8632=CARTESIAN_POINT('Ctrl Pts',(2.80249925766399,14.2342840660513,51.5));
#8633=CARTESIAN_POINT('Ctrl Pts',(2.80249925766399,14.2342840660513,51.));
#8634=CARTESIAN_POINT('Ctrl Pts',(3.16300795948864,14.5458043588751,51.5));
#8635=CARTESIAN_POINT('Ctrl Pts',(3.16300795948864,14.5458043588751,51.));
#8636=CARTESIAN_POINT('Ctrl Pts',(3.34269020877097,14.7010701447725,51.5));
#8637=CARTESIAN_POINT('Ctrl Pts',(3.34269020877097,14.7010701447725,51.));
#8638=CARTESIAN_POINT('',(2.37197611651633,13.6628549844026,51.5));
#8639=CARTESIAN_POINT('Ctrl Pts',(2.37197611651633,13.6628549844026,51.5));
#8640=CARTESIAN_POINT('Ctrl Pts',(2.51578715801824,13.8537339489045,51.5));
#8641=CARTESIAN_POINT('Ctrl Pts',(2.80249925766399,14.2342840660513,51.5));
#8642=CARTESIAN_POINT('Ctrl Pts',(3.16300795948864,14.5458043588751,51.5));
#8643=CARTESIAN_POINT('Ctrl Pts',(3.34269020877097,14.7010701447725,51.5));
#8644=CARTESIAN_POINT('',(2.37197611651633,13.6628549844026,51.));
#8645=CARTESIAN_POINT('Ctrl Pts',(2.37197611651633,13.6628549844026,51.));
#8646=CARTESIAN_POINT('Ctrl Pts',(2.51578715801824,13.8537339489045,51.));
#8647=CARTESIAN_POINT('Ctrl Pts',(2.80249925766399,14.2342840660513,51.));
#8648=CARTESIAN_POINT('Ctrl Pts',(3.16300795948864,14.5458043588751,51.));
#8649=CARTESIAN_POINT('Ctrl Pts',(3.34269020877097,14.7010701447725,51.));
#8650=CARTESIAN_POINT('',(2.37197611651633,13.6628549844026,51.5));
#8651=CARTESIAN_POINT('Ctrl Pts',(1.72590468249533,12.2967832833528,51.5));
#8652=CARTESIAN_POINT('Ctrl Pts',(1.72590468249533,12.2967832833528,51.));
#8653=CARTESIAN_POINT('Ctrl Pts',(1.80859388364202,12.5443555055595,51.5));
#8654=CARTESIAN_POINT('Ctrl Pts',(1.80859388364202,12.5443555055595,51.));
#8655=CARTESIAN_POINT('Ctrl Pts',(1.96935867415793,13.0256867542435,51.5));
#8656=CARTESIAN_POINT('Ctrl Pts',(1.96935867415793,13.0256867542435,51.));
#8657=CARTESIAN_POINT('Ctrl Pts',(2.24036271798809,13.454568240256,51.5));
#8658=CARTESIAN_POINT('Ctrl Pts',(2.24036271798809,13.454568240256,51.));
#8659=CARTESIAN_POINT('Ctrl Pts',(2.37197611651633,13.6628549844026,51.5));
#8660=CARTESIAN_POINT('Ctrl Pts',(2.37197611651633,13.6628549844026,51.));
#8661=CARTESIAN_POINT('',(1.72590468249533,12.2967832833528,51.5));
#8662=CARTESIAN_POINT('Ctrl Pts',(1.72590468249533,12.2967832833528,51.5));
#8663=CARTESIAN_POINT('Ctrl Pts',(1.80859388364202,12.5443555055595,51.5));
#8664=CARTESIAN_POINT('Ctrl Pts',(1.96935867415793,13.0256867542435,51.5));
#8665=CARTESIAN_POINT('Ctrl Pts',(2.24036271798809,13.454568240256,51.5));
#8666=CARTESIAN_POINT('Ctrl Pts',(2.37197611651633,13.6628549844026,51.5));
#8667=CARTESIAN_POINT('',(1.72590468249533,12.2967832833528,51.));
#8668=CARTESIAN_POINT('Ctrl Pts',(1.72590468249533,12.2967832833528,51.));
#8669=CARTESIAN_POINT('Ctrl Pts',(1.80859388364202,12.5443555055595,51.));
#8670=CARTESIAN_POINT('Ctrl Pts',(1.96935867415793,13.0256867542435,51.));
#8671=CARTESIAN_POINT('Ctrl Pts',(2.24036271798809,13.454568240256,51.));
#8672=CARTESIAN_POINT('Ctrl Pts',(2.37197611651633,13.6628549844026,51.));
#8673=CARTESIAN_POINT('',(1.72590468249533,12.2967832833528,51.5));
#8674=CARTESIAN_POINT('Ctrl Pts',(1.49447534404013,10.4999988824129,51.5));
#8675=CARTESIAN_POINT('Ctrl Pts',(1.49447534404013,10.4999988824129,51.));
#8676=CARTESIAN_POINT('Ctrl Pts',(1.50161531968962,10.8217059051882,51.5));
#8677=CARTESIAN_POINT('Ctrl Pts',(1.50161531968962,10.8217059051882,51.));
#8678=CARTESIAN_POINT('Ctrl Pts',(1.51509609919528,11.4291115396549,51.5));
#8679=CARTESIAN_POINT('Ctrl Pts',(1.51509609919528,11.4291115396549,51.));
#8680=CARTESIAN_POINT('Ctrl Pts',(1.65846829996715,12.0192203743814,51.5));
#8681=CARTESIAN_POINT('Ctrl Pts',(1.65846829996715,12.0192203743814,51.));
#8682=CARTESIAN_POINT('Ctrl Pts',(1.72590468249533,12.2967832833528,51.5));
#8683=CARTESIAN_POINT('Ctrl Pts',(1.72590468249533,12.2967832833528,51.));
#8684=CARTESIAN_POINT('',(1.49447534404013,10.4999988824129,51.5));
#8685=CARTESIAN_POINT('Ctrl Pts',(1.49447534404013,10.4999988824129,51.5));
#8686=CARTESIAN_POINT('Ctrl Pts',(1.50161531968962,10.8217059051882,51.5));
#8687=CARTESIAN_POINT('Ctrl Pts',(1.51509609919528,11.4291115396549,51.5));
#8688=CARTESIAN_POINT('Ctrl Pts',(1.65846829996715,12.0192203743814,51.5));
#8689=CARTESIAN_POINT('Ctrl Pts',(1.72590468249533,12.2967832833528,51.5));
#8690=CARTESIAN_POINT('',(1.49447534404013,10.4999988824129,51.));
#8691=CARTESIAN_POINT('Ctrl Pts',(1.49447534404013,10.4999988824129,51.));
#8692=CARTESIAN_POINT('Ctrl Pts',(1.50161531968962,10.8217059051882,51.));
#8693=CARTESIAN_POINT('Ctrl Pts',(1.51509609919528,11.4291115396549,51.));
#8694=CARTESIAN_POINT('Ctrl Pts',(1.65846829996715,12.0192203743814,51.));
#8695=CARTESIAN_POINT('Ctrl Pts',(1.72590468249533,12.2967832833528,51.));
#8696=CARTESIAN_POINT('',(1.49447534404013,10.4999988824129,51.5));
#8697=CARTESIAN_POINT('Origin',(7.70447585902426,10.4999988824129,51.5));
#8698=CARTESIAN_POINT('',(7.70447585902426,10.4999988824129,51.5));
#8699=CARTESIAN_POINT('',(7.70447585902426,10.4999988824129,51.));
#8700=CARTESIAN_POINT('Origin',(0.610547700741031,14.9582123309373,51.5));
#8701=CARTESIAN_POINT('Origin',(0.610547700741031,14.9582123309373,51.));
#8702=CARTESIAN_POINT('Origin',(-30.5607131868601,-3.53071491420269,51.5));
#8703=CARTESIAN_POINT('',(-30.5607131868601,-3.53071491420269,51.5));
#8704=CARTESIAN_POINT('',(-30.5607131868601,-8.50000064074993,51.5));
#8705=CARTESIAN_POINT('',(-30.5607131868601,-3.53071491420269,51.5));
#8706=CARTESIAN_POINT('',(-30.5607131868601,-8.50000064074993,51.));
#8707=CARTESIAN_POINT('',(-30.5607131868601,-8.50000064074993,51.5));
#8708=CARTESIAN_POINT('',(-30.5607131868601,-3.53071491420269,51.));
#8709=CARTESIAN_POINT('',(-30.5607131868601,-3.53071491420269,51.));
#8710=CARTESIAN_POINT('',(-30.5607131868601,-3.53071491420269,51.5));
#8711=CARTESIAN_POINT('Ctrl Pts',(-30.5639270693064,-3.20607225596905,51.5));
#8712=CARTESIAN_POINT('Ctrl Pts',(-30.5639270693064,-3.20607225596905,51.));
#8713=CARTESIAN_POINT('Ctrl Pts',(-30.562991760373,-3.26473190139422,51.5));
#8714=CARTESIAN_POINT('Ctrl Pts',(-30.562991760373,-3.26473190139422,51.));
#8715=CARTESIAN_POINT('Ctrl Pts',(-30.5612664195032,-3.3729398742361,51.5));
#8716=CARTESIAN_POINT('Ctrl Pts',(-30.5612664195032,-3.3729398742361,51.));
#8717=CARTESIAN_POINT('Ctrl Pts',(-30.5608869469704,-3.48116070099134,51.5));
#8718=CARTESIAN_POINT('Ctrl Pts',(-30.5608869469704,-3.48116070099134,51.));
#8719=CARTESIAN_POINT('Ctrl Pts',(-30.5607131868601,-3.53071491420269,51.5));
#8720=CARTESIAN_POINT('Ctrl Pts',(-30.5607131868601,-3.53071491420269,51.));
#8721=CARTESIAN_POINT('',(-30.5639270693064,-3.20607225596905,51.5));
#8722=CARTESIAN_POINT('Ctrl Pts',(-30.5639270693064,-3.20607225596905,51.5));
#8723=CARTESIAN_POINT('Ctrl Pts',(-30.562991760373,-3.26473190139422,51.5));
#8724=CARTESIAN_POINT('Ctrl Pts',(-30.5612664195032,-3.3729398742361,51.5));
#8725=CARTESIAN_POINT('Ctrl Pts',(-30.5608869469704,-3.48116070099134,51.5));
#8726=CARTESIAN_POINT('Ctrl Pts',(-30.5607131868601,-3.53071491420269,51.5));
#8727=CARTESIAN_POINT('',(-30.5639270693064,-3.20607225596905,51.));
#8728=CARTESIAN_POINT('Ctrl Pts',(-30.5639270693064,-3.20607225596905,51.));
#8729=CARTESIAN_POINT('Ctrl Pts',(-30.562991760373,-3.26473190139422,51.));
#8730=CARTESIAN_POINT('Ctrl Pts',(-30.5612664195032,-3.3729398742361,51.));
#8731=CARTESIAN_POINT('Ctrl Pts',(-30.5608869469704,-3.48116070099134,51.));
#8732=CARTESIAN_POINT('Ctrl Pts',(-30.5607131868601,-3.53071491420269,51.));
#8733=CARTESIAN_POINT('',(-30.5639270693064,-3.20607225596905,51.5));
#8734=CARTESIAN_POINT('Ctrl Pts',(-30.5928543955088,-2.84928719699383,51.5));
#8735=CARTESIAN_POINT('Ctrl Pts',(-30.5928543955088,-2.84928719699383,51.));
#8736=CARTESIAN_POINT('Ctrl Pts',(-30.585208572914,-2.90679843529427,51.5));
#8737=CARTESIAN_POINT('Ctrl Pts',(-30.585208572914,-2.90679843529427,51.));
#8738=CARTESIAN_POINT('Ctrl Pts',(-30.5694642287684,-3.0252260755937,51.5));
#8739=CARTESIAN_POINT('Ctrl Pts',(-30.5694642287684,-3.0252260755937,51.));
#8740=CARTESIAN_POINT('Ctrl Pts',(-30.5658078333808,-3.14464563436209,51.5));
#8741=CARTESIAN_POINT('Ctrl Pts',(-30.5658078333808,-3.14464563436209,51.));
#8742=CARTESIAN_POINT('Ctrl Pts',(-30.5639270693064,-3.20607225596905,51.5));
#8743=CARTESIAN_POINT('Ctrl Pts',(-30.5639270693064,-3.20607225596905,51.));
#8744=CARTESIAN_POINT('',(-30.5928543955088,-2.84928719699383,51.5));
#8745=CARTESIAN_POINT('Ctrl Pts',(-30.5928543955088,-2.84928719699383,51.5));
#8746=CARTESIAN_POINT('Ctrl Pts',(-30.585208572914,-2.90679843529427,51.5));
#8747=CARTESIAN_POINT('Ctrl Pts',(-30.5694642287684,-3.0252260755937,51.5));
#8748=CARTESIAN_POINT('Ctrl Pts',(-30.5658078333808,-3.14464563436209,51.5));
#8749=CARTESIAN_POINT('Ctrl Pts',(-30.5639270693064,-3.20607225596905,51.5));
#8750=CARTESIAN_POINT('',(-30.5928543955088,-2.84928719699383,51.));
#8751=CARTESIAN_POINT('Ctrl Pts',(-30.5928543955088,-2.84928719699383,51.));
#8752=CARTESIAN_POINT('Ctrl Pts',(-30.585208572914,-2.90679843529427,51.));
#8753=CARTESIAN_POINT('Ctrl Pts',(-30.5694642287684,-3.0252260755937,51.));
#8754=CARTESIAN_POINT('Ctrl Pts',(-30.5658078333808,-3.14464563436209,51.));
#8755=CARTESIAN_POINT('Ctrl Pts',(-30.5639270693064,-3.20607225596905,51.));
#8756=CARTESIAN_POINT('',(-30.5928543955088,-2.84928719699383,51.5));
#8757=CARTESIAN_POINT('Ctrl Pts',(-30.4032114893198,-3.21571509540081,51.5));
#8758=CARTESIAN_POINT('Ctrl Pts',(-30.4032114893198,-3.21571509540081,51.));
#8759=CARTESIAN_POINT('Ctrl Pts',(-30.4395543485828,-3.15019273276554,51.5));
#8760=CARTESIAN_POINT('Ctrl Pts',(-30.4395543485828,-3.15019273276554,51.));
#8761=CARTESIAN_POINT('Ctrl Pts',(-30.5062946034499,-3.0298670547519,51.5));
#8762=CARTESIAN_POINT('Ctrl Pts',(-30.5062946034499,-3.0298670547519,51.));
#8763=CARTESIAN_POINT('Ctrl Pts',(-30.5657671411861,-2.90579625756693,51.5));
#8764=CARTESIAN_POINT('Ctrl Pts',(-30.5657671411861,-2.90579625756693,51.));
#8765=CARTESIAN_POINT('Ctrl Pts',(-30.5928543955088,-2.84928719699383,51.5));
#8766=CARTESIAN_POINT('Ctrl Pts',(-30.5928543955088,-2.84928719699383,51.));
#8767=CARTESIAN_POINT('',(-30.4032114893198,-3.21571509540081,51.5));
#8768=CARTESIAN_POINT('Ctrl Pts',(-30.4032114893198,-3.21571509540081,51.5));
#8769=CARTESIAN_POINT('Ctrl Pts',(-30.4395543485828,-3.15019273276554,51.5));
#8770=CARTESIAN_POINT('Ctrl Pts',(-30.5062946034499,-3.0298670547519,51.5));
#8771=CARTESIAN_POINT('Ctrl Pts',(-30.5657671411861,-2.90579625756693,51.5));
#8772=CARTESIAN_POINT('Ctrl Pts',(-30.5928543955088,-2.84928719699383,51.5));
#8773=CARTESIAN_POINT('',(-30.4032114893198,-3.21571509540081,51.));
#8774=CARTESIAN_POINT('Ctrl Pts',(-30.4032114893198,-3.21571509540081,51.));
#8775=CARTESIAN_POINT('Ctrl Pts',(-30.4395543485828,-3.15019273276554,51.));
#8776=CARTESIAN_POINT('Ctrl Pts',(-30.5062946034499,-3.0298670547519,51.));
#8777=CARTESIAN_POINT('Ctrl Pts',(-30.5657671411861,-2.90579625756693,51.));
#8778=CARTESIAN_POINT('Ctrl Pts',(-30.5928543955088,-2.84928719699383,51.));
#8779=CARTESIAN_POINT('',(-30.4032114893198,-3.21571509540081,51.5));
#8780=CARTESIAN_POINT('Ctrl Pts',(-30.2135685831308,-3.53071491420269,51.5));
#8781=CARTESIAN_POINT('Ctrl Pts',(-30.2135685831308,-3.53071491420269,51.));
#8782=CARTESIAN_POINT('Ctrl Pts',(-30.2415452239433,-3.4875575015515,51.5));
#8783=CARTESIAN_POINT('Ctrl Pts',(-30.2415452239433,-3.4875575015515,51.));
#8784=CARTESIAN_POINT('Ctrl Pts',(-30.308241654183,-3.38467004692437,51.5));
#8785=CARTESIAN_POINT('Ctrl Pts',(-30.308241654183,-3.38467004692437,51.));
#8786=CARTESIAN_POINT('Ctrl Pts',(-30.3683286977527,-3.27777290933443,51.5));
#8787=CARTESIAN_POINT('Ctrl Pts',(-30.3683286977527,-3.27777290933443,51.));
#8788=CARTESIAN_POINT('Ctrl Pts',(-30.4032114893198,-3.21571509540081,51.5));
#8789=CARTESIAN_POINT('Ctrl Pts',(-30.4032114893198,-3.21571509540081,51.));
#8790=CARTESIAN_POINT('',(-30.2135685831308,-3.53071491420269,51.5));
#8791=CARTESIAN_POINT('Ctrl Pts',(-30.2135685831308,-3.53071491420269,51.5));
#8792=CARTESIAN_POINT('Ctrl Pts',(-30.2415452239433,-3.4875575015515,51.5));
#8793=CARTESIAN_POINT('Ctrl Pts',(-30.308241654183,-3.38467004692437,51.5));
#8794=CARTESIAN_POINT('Ctrl Pts',(-30.3683286977527,-3.27777290933443,51.5));
#8795=CARTESIAN_POINT('Ctrl Pts',(-30.4032114893198,-3.21571509540081,51.5));
#8796=CARTESIAN_POINT('',(-30.2135685831308,-3.53071491420269,51.));
#8797=CARTESIAN_POINT('Ctrl Pts',(-30.2135685831308,-3.53071491420269,51.));
#8798=CARTESIAN_POINT('Ctrl Pts',(-30.2415452239433,-3.4875575015515,51.));
#8799=CARTESIAN_POINT('Ctrl Pts',(-30.308241654183,-3.38467004692437,51.));
#8800=CARTESIAN_POINT('Ctrl Pts',(-30.3683286977527,-3.27777290933443,51.));
#8801=CARTESIAN_POINT('Ctrl Pts',(-30.4032114893198,-3.21571509540081,51.));
#8802=CARTESIAN_POINT('',(-30.2135685831308,-3.53071491420269,51.5));
#8803=CARTESIAN_POINT('Origin',(-26.7421416193247,-8.50000064074993,51.5));
#8804=CARTESIAN_POINT('',(-26.7421416193247,-8.50000064074994,51.5));
#8805=CARTESIAN_POINT('',(-26.7421416193247,-8.50000064074993,51.5));
#8806=CARTESIAN_POINT('',(-26.7421416193247,-8.50000064074994,51.));
#8807=CARTESIAN_POINT('',(-26.7421416193247,-8.50000064074993,51.));
#8808=CARTESIAN_POINT('',(-26.7421416193247,-8.50000064074994,51.5));
#8809=CARTESIAN_POINT('Origin',(-25.1157120615244,-8.50000064074994,51.5));
#8810=CARTESIAN_POINT('',(-25.1157120615244,-8.50000064074993,51.5));
#8811=CARTESIAN_POINT('',(-25.1157120615244,-8.50000064074994,51.5));
#8812=CARTESIAN_POINT('',(-25.1157120615244,-8.50000064074993,51.));
#8813=CARTESIAN_POINT('',(-25.1157120615244,-8.50000064074994,51.));
#8814=CARTESIAN_POINT('',(-25.1157120615244,-8.50000064074993,51.5));
#8815=CARTESIAN_POINT('Origin',(-25.1157120615244,0.499999120831485,51.5));
#8816=CARTESIAN_POINT('',(-25.1157120615244,0.499999120831485,51.5));
#8817=CARTESIAN_POINT('',(-25.1157120615244,0.499999120831486,51.5));
#8818=CARTESIAN_POINT('',(-25.1157120615244,0.499999120831486,51.));
#8819=CARTESIAN_POINT('',(-25.1157120615244,0.499999120831486,51.));
#8820=CARTESIAN_POINT('',(-25.1157120615244,0.499999120831485,51.5));
#8821=CARTESIAN_POINT('Origin',(-26.9542840868235,0.499999120831486,51.5));
#8822=CARTESIAN_POINT('',(-26.9542840868235,0.499999120831487,51.5));
#8823=CARTESIAN_POINT('',(-26.9542840868235,0.499999120831486,51.5));
#8824=CARTESIAN_POINT('',(-26.9542840868235,0.499999120831487,51.));
#8825=CARTESIAN_POINT('',(-26.9542840868235,0.499999120831486,51.));
#8826=CARTESIAN_POINT('',(-26.9542840868235,0.499999120831487,51.5));
#8827=CARTESIAN_POINT('Origin',(-26.9542840868235,-4.42428629100323,51.5));
#8828=CARTESIAN_POINT('',(-26.9542840868235,-4.42428629100323,51.5));
#8829=CARTESIAN_POINT('',(-26.9542840868235,-4.42428629100323,51.5));
#8830=CARTESIAN_POINT('',(-26.9542840868235,-4.42428629100323,51.));
#8831=CARTESIAN_POINT('',(-26.9542840868235,-4.42428629100323,51.));
#8832=CARTESIAN_POINT('',(-26.9542840868235,-4.42428629100323,51.5));
#8833=CARTESIAN_POINT('Ctrl Pts',(-26.9446424394846,-4.74893014132977,51.5));
#8834=CARTESIAN_POINT('Ctrl Pts',(-26.9446424394846,-4.74893014132977,51.));
#8835=CARTESIAN_POINT('Ctrl Pts',(-26.9474288603688,-4.68599419787649,51.5));
#8836=CARTESIAN_POINT('Ctrl Pts',(-26.9474288603688,-4.68599419787649,51.));
#8837=CARTESIAN_POINT('Ctrl Pts',(-26.9522179915307,-4.577823716633,51.5));
#8838=CARTESIAN_POINT('Ctrl Pts',(-26.9522179915307,-4.577823716633,51.));
#8839=CARTESIAN_POINT('Ctrl Pts',(-26.9536748573068,-4.46955987152627,51.5));
#8840=CARTESIAN_POINT('Ctrl Pts',(-26.9536748573068,-4.46955987152627,51.));
#8841=CARTESIAN_POINT('Ctrl Pts',(-26.9542840868235,-4.42428629100323,51.5));
#8842=CARTESIAN_POINT('Ctrl Pts',(-26.9542840868235,-4.42428629100323,51.));
#8843=CARTESIAN_POINT('',(-26.9446424394846,-4.74893014132977,51.5));
#8844=CARTESIAN_POINT('Ctrl Pts',(-26.9446424394846,-4.74893014132977,51.5));
#8845=CARTESIAN_POINT('Ctrl Pts',(-26.9474288603688,-4.68599419787649,51.5));
#8846=CARTESIAN_POINT('Ctrl Pts',(-26.9522179915307,-4.577823716633,51.5));
#8847=CARTESIAN_POINT('Ctrl Pts',(-26.9536748573068,-4.46955987152627,51.5));
#8848=CARTESIAN_POINT('Ctrl Pts',(-26.9542840868235,-4.42428629100323,51.5));
#8849=CARTESIAN_POINT('',(-26.9446424394846,-4.74893014132977,51.));
#8850=CARTESIAN_POINT('Ctrl Pts',(-26.9446424394846,-4.74893014132977,51.));
#8851=CARTESIAN_POINT('Ctrl Pts',(-26.9474288603688,-4.68599419787649,51.));
#8852=CARTESIAN_POINT('Ctrl Pts',(-26.9522179915307,-4.577823716633,51.));
#8853=CARTESIAN_POINT('Ctrl Pts',(-26.9536748573068,-4.46955987152627,51.));
#8854=CARTESIAN_POINT('Ctrl Pts',(-26.9542840868235,-4.42428629100323,51.));
#8855=CARTESIAN_POINT('',(-26.9446424394846,-4.74893014132977,51.5));
#8856=CARTESIAN_POINT('Ctrl Pts',(-26.9157127290964,-5.09928624331951,51.5));
#8857=CARTESIAN_POINT('Ctrl Pts',(-26.9157127290964,-5.09928624331951,51.));
#8858=CARTESIAN_POINT('Ctrl Pts',(-26.9218748444855,-5.04763571077616,51.5));
#8859=CARTESIAN_POINT('Ctrl Pts',(-26.9218748444855,-5.04763571077616,51.));
#8860=CARTESIAN_POINT('Ctrl Pts',(-26.9357646290734,-4.93121225461232,51.5));
#8861=CARTESIAN_POINT('Ctrl Pts',(-26.9357646290734,-4.93121225461232,51.));
#8862=CARTESIAN_POINT('Ctrl Pts',(-26.9414688565666,-4.81409118602108,51.5));
#8863=CARTESIAN_POINT('Ctrl Pts',(-26.9414688565666,-4.81409118602108,51.));
#8864=CARTESIAN_POINT('Ctrl Pts',(-26.9446424394846,-4.74893014132977,51.5));
#8865=CARTESIAN_POINT('Ctrl Pts',(-26.9446424394846,-4.74893014132977,51.));
#8866=CARTESIAN_POINT('',(-26.9157127290964,-5.09928624331951,51.5));
#8867=CARTESIAN_POINT('Ctrl Pts',(-26.9157127290964,-5.09928624331951,51.5));
#8868=CARTESIAN_POINT('Ctrl Pts',(-26.9218748444855,-5.04763571077616,51.5));
#8869=CARTESIAN_POINT('Ctrl Pts',(-26.9357646290734,-4.93121225461232,51.5));
#8870=CARTESIAN_POINT('Ctrl Pts',(-26.9414688565666,-4.81409118602108,51.5));
#8871=CARTESIAN_POINT('Ctrl Pts',(-26.9446424394846,-4.74893014132977,51.5));
#8872=CARTESIAN_POINT('',(-26.9157127290964,-5.09928624331951,51.));
#8873=CARTESIAN_POINT('Ctrl Pts',(-26.9157127290964,-5.09928624331951,51.));
#8874=CARTESIAN_POINT('Ctrl Pts',(-26.9218748444855,-5.04763571077616,51.));
#8875=CARTESIAN_POINT('Ctrl Pts',(-26.9357646290734,-4.93121225461232,51.));
#8876=CARTESIAN_POINT('Ctrl Pts',(-26.9414688565666,-4.81409118602108,51.));
#8877=CARTESIAN_POINT('Ctrl Pts',(-26.9446424394846,-4.74893014132977,51.));
#8878=CARTESIAN_POINT('',(-26.9157127290964,-5.09928624331951,51.5));
#8879=CARTESIAN_POINT('Ctrl Pts',(-27.1021417528391,-4.73928610980511,51.5));
#8880=CARTESIAN_POINT('Ctrl Pts',(-27.1021417528391,-4.73928610980511,51.));
#8881=CARTESIAN_POINT('Ctrl Pts',(-27.0650201324154,-4.80294029236798,51.5));
#8882=CARTESIAN_POINT('Ctrl Pts',(-27.0650201324154,-4.80294029236798,51.));
#8883=CARTESIAN_POINT('Ctrl Pts',(-26.9968465228244,-4.91984077627332,51.5));
#8884=CARTESIAN_POINT('Ctrl Pts',(-26.9968465228244,-4.91984077627332,51.));
#8885=CARTESIAN_POINT('Ctrl Pts',(-26.9411030085754,-5.04312998154257,51.5));
#8886=CARTESIAN_POINT('Ctrl Pts',(-26.9411030085754,-5.04312998154257,51.));
#8887=CARTESIAN_POINT('Ctrl Pts',(-26.9157127290964,-5.09928624331951,51.5));
#8888=CARTESIAN_POINT('Ctrl Pts',(-26.9157127290964,-5.09928624331951,51.));
#8889=CARTESIAN_POINT('',(-27.1021417528391,-4.73928610980511,51.5));
#8890=CARTESIAN_POINT('Ctrl Pts',(-27.1021417528391,-4.73928610980511,51.5));
#8891=CARTESIAN_POINT('Ctrl Pts',(-27.0650201324154,-4.80294029236798,51.5));
#8892=CARTESIAN_POINT('Ctrl Pts',(-26.9968465228244,-4.91984077627332,51.5));
#8893=CARTESIAN_POINT('Ctrl Pts',(-26.9411030085754,-5.04312998154257,51.5));
#8894=CARTESIAN_POINT('Ctrl Pts',(-26.9157127290964,-5.09928624331951,51.5));
#8895=CARTESIAN_POINT('',(-27.1021417528391,-4.73928610980511,51.));
#8896=CARTESIAN_POINT('Ctrl Pts',(-27.1021417528391,-4.73928610980511,51.));
#8897=CARTESIAN_POINT('Ctrl Pts',(-27.0650201324154,-4.80294029236798,51.));
#8898=CARTESIAN_POINT('Ctrl Pts',(-26.9968465228244,-4.91984077627332,51.));
#8899=CARTESIAN_POINT('Ctrl Pts',(-26.9411030085754,-5.04312998154257,51.));
#8900=CARTESIAN_POINT('Ctrl Pts',(-26.9157127290964,-5.09928624331951,51.));
#8901=CARTESIAN_POINT('',(-27.1021417528391,-4.73928610980511,51.5));
#8902=CARTESIAN_POINT('Ctrl Pts',(-27.2885707765818,-4.4307152479887,51.5));
#8903=CARTESIAN_POINT('Ctrl Pts',(-27.2885707765818,-4.4307152479887,51.));
#8904=CARTESIAN_POINT('Ctrl Pts',(-27.2622269920887,-4.4735157366345,51.5));
#8905=CARTESIAN_POINT('Ctrl Pts',(-27.2622269920887,-4.4735157366345,51.));
#8906=CARTESIAN_POINT('Ctrl Pts',(-27.1992347485792,-4.57585861769675,51.5));
#8907=CARTESIAN_POINT('Ctrl Pts',(-27.1992347485792,-4.57585861769675,51.));
#8908=CARTESIAN_POINT('Ctrl Pts',(-27.1378531497377,-4.67917647995646,51.5));
#8909=CARTESIAN_POINT('Ctrl Pts',(-27.1378531497377,-4.67917647995646,51.));
#8910=CARTESIAN_POINT('Ctrl Pts',(-27.1021417528391,-4.73928610980511,51.5));
#8911=CARTESIAN_POINT('Ctrl Pts',(-27.1021417528391,-4.73928610980511,51.));
#8912=CARTESIAN_POINT('',(-27.2885707765818,-4.4307152479887,51.5));
#8913=CARTESIAN_POINT('Ctrl Pts',(-27.2885707765818,-4.4307152479887,51.5));
#8914=CARTESIAN_POINT('Ctrl Pts',(-27.2622269920887,-4.4735157366345,51.5));
#8915=CARTESIAN_POINT('Ctrl Pts',(-27.1992347485792,-4.57585861769675,51.5));
#8916=CARTESIAN_POINT('Ctrl Pts',(-27.1378531497377,-4.67917647995646,51.5));
#8917=CARTESIAN_POINT('Ctrl Pts',(-27.1021417528391,-4.73928610980511,51.5));
#8918=CARTESIAN_POINT('',(-27.2885707765818,-4.4307152479887,51.));
#8919=CARTESIAN_POINT('Ctrl Pts',(-27.2885707765818,-4.4307152479887,51.));
#8920=CARTESIAN_POINT('Ctrl Pts',(-27.2622269920887,-4.4735157366345,51.));
#8921=CARTESIAN_POINT('Ctrl Pts',(-27.1992347485792,-4.57585861769675,51.));
#8922=CARTESIAN_POINT('Ctrl Pts',(-27.1378531497377,-4.67917647995646,51.));
#8923=CARTESIAN_POINT('Ctrl Pts',(-27.1021417528391,-4.73928610980511,51.));
#8924=CARTESIAN_POINT('',(-27.2885707765818,-4.4307152479887,51.5));
#8925=CARTESIAN_POINT('Origin',(-30.6892851740122,0.499999120831487,51.5));
#8926=CARTESIAN_POINT('',(-30.6892851740122,0.499999120831488,51.5));
#8927=CARTESIAN_POINT('',(-30.6892851740122,0.499999120831487,51.5));
#8928=CARTESIAN_POINT('',(-30.6892851740122,0.499999120831488,51.));
#8929=CARTESIAN_POINT('',(-30.6892851740122,0.499999120831487,51.));
#8930=CARTESIAN_POINT('',(-30.6892851740122,0.499999120831488,51.5));
#8931=CARTESIAN_POINT('Origin',(-32.3864272981882,0.499999120831488,51.5));
#8932=CARTESIAN_POINT('',(-32.3864272981882,0.499999120831487,51.5));
#8933=CARTESIAN_POINT('',(-32.3864272981882,0.499999120831488,51.5));
#8934=CARTESIAN_POINT('',(-32.3864272981882,0.499999120831487,51.));
#8935=CARTESIAN_POINT('',(-32.3864272981882,0.499999120831488,51.));
#8936=CARTESIAN_POINT('',(-32.3864272981882,0.499999120831487,51.5));
#8937=CARTESIAN_POINT('Origin',(-32.3864272981882,-8.50000064074993,51.5));
#8938=CARTESIAN_POINT('',(-32.3864272981882,-8.50000064074993,51.5));
#8939=CARTESIAN_POINT('',(-32.3864272981882,-8.50000064074993,51.5));
#8940=CARTESIAN_POINT('',(-32.3864272981882,-8.50000064074993,51.));
#8941=CARTESIAN_POINT('',(-32.3864272981882,-8.50000064074993,51.));
#8942=CARTESIAN_POINT('',(-32.3864272981882,-8.50000064074993,51.5));
#8943=CARTESIAN_POINT('Origin',(-30.5607131868601,-8.50000064074993,51.5));
#8944=CARTESIAN_POINT('',(-30.5607131868601,-8.50000064074993,51.5));
#8945=CARTESIAN_POINT('',(-30.5607131868601,-8.50000064074993,51.));
#8946=CARTESIAN_POINT('Origin',(-24.9999991804361,-4.00000075995922,51.5));
#8947=CARTESIAN_POINT('Origin',(-24.9999991804361,-4.00000075995922,51.));
#8948=CARTESIAN_POINT('Origin',(-16.9321421533823,-6.71285788714886,51.5));
#8949=CARTESIAN_POINT('',(-16.9321421533823,-6.71285788714886,51.5));
#8950=CARTESIAN_POINT('',(-16.9321421533823,-8.50000064074994,51.5));
#8951=CARTESIAN_POINT('',(-16.9321421533823,-6.71285788714886,51.5));
#8952=CARTESIAN_POINT('',(-16.9321421533823,-8.50000064074994,51.));
#8953=CARTESIAN_POINT('',(-16.9321421533823,-8.50000064074994,51.5));
#8954=CARTESIAN_POINT('',(-16.9321421533823,-6.71285788714886,51.));
#8955=CARTESIAN_POINT('',(-16.9321421533823,-6.71285788714886,51.));
#8956=CARTESIAN_POINT('',(-16.9321421533823,-6.71285788714886,51.5));
#8957=CARTESIAN_POINT('Origin',(-21.2585715204477,-6.71285788714886,51.5));
#8958=CARTESIAN_POINT('',(-21.2585715204477,-6.71285788714886,51.5));
#8959=CARTESIAN_POINT('',(-21.2585715204477,-6.71285788714886,51.5));
#8960=CARTESIAN_POINT('',(-21.2585715204477,-6.71285788714886,51.));
#8961=CARTESIAN_POINT('',(-21.2585715204477,-6.71285788714886,51.));
#8962=CARTESIAN_POINT('',(-21.2585715204477,-6.71285788714886,51.5));
#8963=CARTESIAN_POINT('Origin',(-21.2585715204477,0.499999120831484,51.5));
#8964=CARTESIAN_POINT('',(-21.2585715204477,0.499999120831484,51.5));
#8965=CARTESIAN_POINT('',(-21.2585715204477,0.499999120831485,51.5));
#8966=CARTESIAN_POINT('',(-21.2585715204477,0.499999120831485,51.));
#8967=CARTESIAN_POINT('',(-21.2585715204477,0.499999120831485,51.));
#8968=CARTESIAN_POINT('',(-21.2585715204477,0.499999120831484,51.5));
#8969=CARTESIAN_POINT('Origin',(-23.1099966913462,0.499999120831485,51.5));
#8970=CARTESIAN_POINT('',(-23.1099966913462,0.499999120831485,51.5));
#8971=CARTESIAN_POINT('',(-23.1099966913462,0.499999120831485,51.5));
#8972=CARTESIAN_POINT('',(-23.1099966913462,0.499999120831485,51.));
#8973=CARTESIAN_POINT('',(-23.1099966913462,0.499999120831485,51.));
#8974=CARTESIAN_POINT('',(-23.1099966913462,0.499999120831485,51.5));
#8975=CARTESIAN_POINT('Origin',(-23.1099966913462,-8.50000064074994,51.5));
#8976=CARTESIAN_POINT('',(-23.1099966913462,-8.50000064074994,51.5));
#8977=CARTESIAN_POINT('',(-23.1099966913462,-8.50000064074994,51.5));
#8978=CARTESIAN_POINT('',(-23.1099966913462,-8.50000064074994,51.));
#8979=CARTESIAN_POINT('',(-23.1099966913462,-8.50000064074994,51.));
#8980=CARTESIAN_POINT('',(-23.1099966913462,-8.50000064074994,51.5));
#8981=CARTESIAN_POINT('Origin',(-16.9321421533823,-8.50000064074994,51.5));
#8982=CARTESIAN_POINT('',(-16.9321421533823,-8.50000064074994,51.5));
#8983=CARTESIAN_POINT('',(-16.9321421533823,-8.50000064074994,51.));
#8984=CARTESIAN_POINT('Origin',(-24.9999991804361,-4.00000075995922,51.5));
#8985=CARTESIAN_POINT('Origin',(-24.9999991804361,-4.00000075995922,51.));
#8986=CARTESIAN_POINT('Origin',(-45.2285642921924,19.4999986439943,51.5));
#8987=CARTESIAN_POINT('',(-45.2285642921924,19.4999986439943,51.5));
#8988=CARTESIAN_POINT('',(-45.2285642921925,10.4999988824129,51.5));
#8989=CARTESIAN_POINT('',(-45.2285642921924,19.4999986439943,51.5));
#8990=CARTESIAN_POINT('',(-45.2285642921925,10.4999988824129,51.));
#8991=CARTESIAN_POINT('',(-45.2285642921925,10.4999988824129,51.5));
#8992=CARTESIAN_POINT('',(-45.2285642921924,19.4999986439943,51.));
#8993=CARTESIAN_POINT('',(-45.2285642921924,19.4999986439943,51.));
#8994=CARTESIAN_POINT('',(-45.2285642921924,19.4999986439943,51.5));
#8995=CARTESIAN_POINT('Origin',(-46.7199940979481,19.4999986439943,51.5));
#8996=CARTESIAN_POINT('',(-46.7199940979481,19.4999986439943,51.5));
#8997=CARTESIAN_POINT('',(-46.7199940979481,19.4999986439943,51.5));
#8998=CARTESIAN_POINT('',(-46.7199940979481,19.4999986439943,51.));
#8999=CARTESIAN_POINT('',(-46.7199940979481,19.4999986439943,51.));
#9000=CARTESIAN_POINT('',(-46.7199940979481,19.4999986439943,51.5));
#9001=CARTESIAN_POINT('Ctrl Pts',(-47.0767803490162,18.9342849999666,51.5));
#9002=CARTESIAN_POINT('Ctrl Pts',(-47.0767803490162,18.9342849999666,51.));
#9003=CARTESIAN_POINT('Ctrl Pts',(-47.0023270654182,19.0121188127096,51.5));
#9004=CARTESIAN_POINT('Ctrl Pts',(-47.0023270654182,19.0121188127096,51.));
#9005=CARTESIAN_POINT('Ctrl Pts',(-46.845289319784,19.1762868103668,51.5));
#9006=CARTESIAN_POINT('Ctrl Pts',(-46.845289319784,19.1762868103668,51.));
#9007=CARTESIAN_POINT('Ctrl Pts',(-46.763176399754,19.3884331597481,51.5));
#9008=CARTESIAN_POINT('Ctrl Pts',(-46.763176399754,19.3884331597481,51.));
#9009=CARTESIAN_POINT('Ctrl Pts',(-46.7199940979481,19.4999986439943,51.5));
#9010=CARTESIAN_POINT('Ctrl Pts',(-46.7199940979481,19.4999986439943,51.));
#9011=CARTESIAN_POINT('',(-47.0767803490162,18.9342849999666,51.5));
#9012=CARTESIAN_POINT('Ctrl Pts',(-47.0767803490162,18.9342849999666,51.5));
#9013=CARTESIAN_POINT('Ctrl Pts',(-47.0023270654182,19.0121188127096,51.5));
#9014=CARTESIAN_POINT('Ctrl Pts',(-46.845289319784,19.1762868103668,51.5));
#9015=CARTESIAN_POINT('Ctrl Pts',(-46.763176399754,19.3884331597481,51.5));
#9016=CARTESIAN_POINT('Ctrl Pts',(-46.7199940979481,19.4999986439943,51.5));
#9017=CARTESIAN_POINT('',(-47.0767803490162,18.9342849999666,51.));
#9018=CARTESIAN_POINT('Ctrl Pts',(-47.0767803490162,18.9342849999666,51.));
#9019=CARTESIAN_POINT('Ctrl Pts',(-47.0023270654182,19.0121188127096,51.));
#9020=CARTESIAN_POINT('Ctrl Pts',(-46.845289319784,19.1762868103668,51.));
#9021=CARTESIAN_POINT('Ctrl Pts',(-46.763176399754,19.3884331597481,51.));
#9022=CARTESIAN_POINT('Ctrl Pts',(-46.7199940979481,19.4999986439943,51.));
#9023=CARTESIAN_POINT('',(-47.0767803490162,18.9342849999666,51.5));
#9024=CARTESIAN_POINT('Ctrl Pts',(-47.6521368324756,18.6417835503816,51.5));
#9025=CARTESIAN_POINT('Ctrl Pts',(-47.6521368324756,18.6417835503816,51.));
#9026=CARTESIAN_POINT('Ctrl Pts',(-47.5442861092714,18.6745446974433,51.5));
#9027=CARTESIAN_POINT('Ctrl Pts',(-47.5442861092714,18.6745446974433,51.));
#9028=CARTESIAN_POINT('Ctrl Pts',(-47.3350813440915,18.738093534896,51.5));
#9029=CARTESIAN_POINT('Ctrl Pts',(-47.3350813440915,18.738093534896,51.));
#9030=CARTESIAN_POINT('Ctrl Pts',(-47.1610795197175,18.8702559094116,51.5));
#9031=CARTESIAN_POINT('Ctrl Pts',(-47.1610795197175,18.8702559094116,51.));
#9032=CARTESIAN_POINT('Ctrl Pts',(-47.0767803490162,18.9342849999666,51.5));
#9033=CARTESIAN_POINT('Ctrl Pts',(-47.0767803490162,18.9342849999666,51.));
#9034=CARTESIAN_POINT('',(-47.6521368324756,18.6417835503816,51.5));
#9035=CARTESIAN_POINT('Ctrl Pts',(-47.6521368324756,18.6417835503816,51.5));
#9036=CARTESIAN_POINT('Ctrl Pts',(-47.5442861092714,18.6745446974433,51.5));
#9037=CARTESIAN_POINT('Ctrl Pts',(-47.3350813440915,18.738093534896,51.5));
#9038=CARTESIAN_POINT('Ctrl Pts',(-47.1610795197175,18.8702559094116,51.5));
#9039=CARTESIAN_POINT('Ctrl Pts',(-47.0767803490162,18.9342849999666,51.5));
#9040=CARTESIAN_POINT('',(-47.6521368324756,18.6417835503816,51.));
#9041=CARTESIAN_POINT('Ctrl Pts',(-47.6521368324756,18.6417835503816,51.));
#9042=CARTESIAN_POINT('Ctrl Pts',(-47.5442861092714,18.6745446974433,51.));
#9043=CARTESIAN_POINT('Ctrl Pts',(-47.3350813440915,18.738093534896,51.));
#9044=CARTESIAN_POINT('Ctrl Pts',(-47.1610795197175,18.8702559094116,51.));
#9045=CARTESIAN_POINT('Ctrl Pts',(-47.0767803490162,18.9342849999666,51.));
#9046=CARTESIAN_POINT('',(-47.6521368324756,18.6417835503816,51.5));
#9047=CARTESIAN_POINT('Ctrl Pts',(-48.4171362221241,18.5549991875887,51.5));
#9048=CARTESIAN_POINT('Ctrl Pts',(-48.4171362221241,18.5549991875887,51.));
#9049=CARTESIAN_POINT('Ctrl Pts',(-48.2821653261762,18.5578785849521,51.5));
#9050=CARTESIAN_POINT('Ctrl Pts',(-48.2821653261762,18.5578785849521,51.));
#9051=CARTESIAN_POINT('Ctrl Pts',(-48.0244375122191,18.5633768131649,51.5));
#9052=CARTESIAN_POINT('Ctrl Pts',(-48.0244375122191,18.5633768131649,51.));
#9053=CARTESIAN_POINT('Ctrl Pts',(-47.7722533054333,18.6164869521131,51.5));
#9054=CARTESIAN_POINT('Ctrl Pts',(-47.7722533054333,18.6164869521131,51.));
#9055=CARTESIAN_POINT('Ctrl Pts',(-47.6521368324756,18.6417835503816,51.5));
#9056=CARTESIAN_POINT('Ctrl Pts',(-47.6521368324756,18.6417835503816,51.));
#9057=CARTESIAN_POINT('',(-48.4171362221241,18.5549991875887,51.5));
#9058=CARTESIAN_POINT('Ctrl Pts',(-48.4171362221241,18.5549991875887,51.5));
#9059=CARTESIAN_POINT('Ctrl Pts',(-48.2821653261762,18.5578785849521,51.5));
#9060=CARTESIAN_POINT('Ctrl Pts',(-48.0244375122191,18.5633768131649,51.5));
#9061=CARTESIAN_POINT('Ctrl Pts',(-47.7722533054333,18.6164869521131,51.5));
#9062=CARTESIAN_POINT('Ctrl Pts',(-47.6521368324756,18.6417835503816,51.5));
#9063=CARTESIAN_POINT('',(-48.4171362221241,18.5549991875887,51.));
#9064=CARTESIAN_POINT('Ctrl Pts',(-48.4171362221241,18.5549991875887,51.));
#9065=CARTESIAN_POINT('Ctrl Pts',(-48.2821653261762,18.5578785849521,51.));
#9066=CARTESIAN_POINT('Ctrl Pts',(-48.0244375122191,18.5633768131649,51.));
#9067=CARTESIAN_POINT('Ctrl Pts',(-47.7722533054333,18.6164869521131,51.));
#9068=CARTESIAN_POINT('Ctrl Pts',(-47.6521368324756,18.6417835503816,51.));
#9069=CARTESIAN_POINT('',(-48.4171362221241,18.5549991875887,51.5));
#9070=CARTESIAN_POINT('Origin',(-48.4171362221241,17.0699983388185,51.5));
#9071=CARTESIAN_POINT('',(-48.4171362221241,17.0699983388185,51.5));
#9072=CARTESIAN_POINT('',(-48.4171362221241,17.0699983388185,51.5));
#9073=CARTESIAN_POINT('',(-48.4171362221241,17.0699983388185,51.));
#9074=CARTESIAN_POINT('',(-48.4171362221241,17.0699983388185,51.));
#9075=CARTESIAN_POINT('',(-48.4171362221241,17.0699983388185,51.5));
#9076=CARTESIAN_POINT('Origin',(-47.0799942314625,17.0699983388185,51.5));
#9077=CARTESIAN_POINT('',(-47.0799942314625,17.0699983388185,51.5));
#9078=CARTESIAN_POINT('',(-47.0799942314625,17.0699983388185,51.5));
#9079=CARTESIAN_POINT('',(-47.0799942314625,17.0699983388185,51.));
#9080=CARTESIAN_POINT('',(-47.0799942314625,17.0699983388185,51.));
#9081=CARTESIAN_POINT('',(-47.0799942314625,17.0699983388185,51.5));
#9082=CARTESIAN_POINT('Origin',(-47.0799942314625,10.4999988824129,51.5));
#9083=CARTESIAN_POINT('',(-47.0799942314625,10.4999988824129,51.5));
#9084=CARTESIAN_POINT('',(-47.0799942314625,10.4999988824129,51.5));
#9085=CARTESIAN_POINT('',(-47.0799942314625,10.4999988824129,51.));
#9086=CARTESIAN_POINT('',(-47.0799942314625,10.4999988824129,51.));
#9087=CARTESIAN_POINT('',(-47.0799942314625,10.4999988824129,51.5));
#9088=CARTESIAN_POINT('Origin',(-45.2285642921925,10.4999988824129,51.5));
#9089=CARTESIAN_POINT('',(-45.2285642921925,10.4999988824129,51.5));
#9090=CARTESIAN_POINT('',(-45.2285642921925,10.4999988824129,51.));
#9091=CARTESIAN_POINT('Origin',(-50.6189216673374,14.9582123309374,51.5));
#9092=CARTESIAN_POINT('Origin',(-50.6189216673374,14.9582123309374,51.));
#9093=CARTESIAN_POINT('Ctrl Pts',(-33.071072474122,32.0714271813631,51.5));
#9094=CARTESIAN_POINT('Ctrl Pts',(-33.071072474122,32.0714271813631,51.));
#9095=CARTESIAN_POINT('Ctrl Pts',(-32.9851120883796,31.937418936867,51.5));
#9096=CARTESIAN_POINT('Ctrl Pts',(-32.9851120883796,31.937418936867,51.));
#9097=CARTESIAN_POINT('Ctrl Pts',(-32.8149584775406,31.6721573691546,51.5));
#9098=CARTESIAN_POINT('Ctrl Pts',(-32.8149584775406,31.6721573691546,51.));
#9099=CARTESIAN_POINT('Ctrl Pts',(-32.5626838580996,31.4833986366703,51.5));
#9100=CARTESIAN_POINT('Ctrl Pts',(-32.5626838580996,31.4833986366703,51.));
#9101=CARTESIAN_POINT('Ctrl Pts',(-32.4378565698862,31.3899994641542,51.5));
#9102=CARTESIAN_POINT('Ctrl Pts',(-32.4378565698862,31.3899994641542,51.));
#9103=CARTESIAN_POINT('',(-33.071072474122,32.0714271813631,51.5));
#9104=CARTESIAN_POINT('',(-32.4378565698862,31.3899994641542,51.5));
#9105=CARTESIAN_POINT('Ctrl Pts',(-33.071072474122,32.0714271813631,51.5));
#9106=CARTESIAN_POINT('Ctrl Pts',(-32.9851120883796,31.937418936867,51.5));
#9107=CARTESIAN_POINT('Ctrl Pts',(-32.8149584775406,31.6721573691546,51.5));
#9108=CARTESIAN_POINT('Ctrl Pts',(-32.5626838580996,31.4833986366703,51.5));
#9109=CARTESIAN_POINT('Ctrl Pts',(-32.4378565698862,31.3899994641542,51.5));
#9110=CARTESIAN_POINT('',(-32.4378565698862,31.3899994641542,51.));
#9111=CARTESIAN_POINT('',(-32.4378565698862,31.3899994641542,51.5));
#9112=CARTESIAN_POINT('',(-33.071072474122,32.0714271813631,51.));
#9113=CARTESIAN_POINT('Ctrl Pts',(-33.071072474122,32.0714271813631,51.));
#9114=CARTESIAN_POINT('Ctrl Pts',(-32.9851120883796,31.937418936867,51.));
#9115=CARTESIAN_POINT('Ctrl Pts',(-32.8149584775406,31.6721573691546,51.));
#9116=CARTESIAN_POINT('Ctrl Pts',(-32.5626838580996,31.4833986366703,51.));
#9117=CARTESIAN_POINT('Ctrl Pts',(-32.4378565698862,31.3899994641542,51.));
#9118=CARTESIAN_POINT('',(-33.071072474122,32.0714271813631,51.5));
#9119=CARTESIAN_POINT('Ctrl Pts',(-33.4182146936655,33.0003560334444,51.5));
#9120=CARTESIAN_POINT('Ctrl Pts',(-33.4182146936655,33.0003560334444,51.));
#9121=CARTESIAN_POINT('Ctrl Pts',(-33.3778096848261,32.8365124961989,51.5));
#9122=CARTESIAN_POINT('Ctrl Pts',(-33.3778096848261,32.8365124961989,51.));
#9123=CARTESIAN_POINT('Ctrl Pts',(-33.2981186031369,32.5133627411081,51.5));
#9124=CARTESIAN_POINT('Ctrl Pts',(-33.2981186031369,32.5133627411081,51.));
#9125=CARTESIAN_POINT('Ctrl Pts',(-33.1460427555959,32.2173536212947,51.5));
#9126=CARTESIAN_POINT('Ctrl Pts',(-33.1460427555959,32.2173536212947,51.));
#9127=CARTESIAN_POINT('Ctrl Pts',(-33.071072474122,32.0714271813631,51.5));
#9128=CARTESIAN_POINT('Ctrl Pts',(-33.071072474122,32.0714271813631,51.));
#9129=CARTESIAN_POINT('',(-33.4182146936655,33.0003560334444,51.5));
#9130=CARTESIAN_POINT('Ctrl Pts',(-33.4182146936655,33.0003560334444,51.5));
#9131=CARTESIAN_POINT('Ctrl Pts',(-33.3778096848261,32.8365124961989,51.5));
#9132=CARTESIAN_POINT('Ctrl Pts',(-33.2981186031369,32.5133627411081,51.5));
#9133=CARTESIAN_POINT('Ctrl Pts',(-33.1460427555959,32.2173536212947,51.5));
#9134=CARTESIAN_POINT('Ctrl Pts',(-33.071072474122,32.0714271813631,51.5));
#9135=CARTESIAN_POINT('',(-33.4182146936655,33.0003560334444,51.));
#9136=CARTESIAN_POINT('Ctrl Pts',(-33.4182146936655,33.0003560334444,51.));
#9137=CARTESIAN_POINT('Ctrl Pts',(-33.3778096848261,32.8365124961989,51.));
#9138=CARTESIAN_POINT('Ctrl Pts',(-33.2981186031369,32.5133627411081,51.));
#9139=CARTESIAN_POINT('Ctrl Pts',(-33.1460427555959,32.2173536212947,51.));
#9140=CARTESIAN_POINT('Ctrl Pts',(-33.071072474122,32.0714271813631,51.));
#9141=CARTESIAN_POINT('',(-33.4182146936655,33.0003560334444,51.5));
#9142=CARTESIAN_POINT('Ctrl Pts',(-33.5242871195078,33.9999986439943,51.5));
#9143=CARTESIAN_POINT('Ctrl Pts',(-33.5242871195078,33.9999986439943,51.));
#9144=CARTESIAN_POINT('Ctrl Pts',(-33.5196874232642,33.8337471950718,51.5));
#9145=CARTESIAN_POINT('Ctrl Pts',(-33.5196874232642,33.8337471950718,51.));
#9146=CARTESIAN_POINT('Ctrl Pts',(-33.5103922287412,33.4977816278621,51.5));
#9147=CARTESIAN_POINT('Ctrl Pts',(-33.5103922287412,33.4977816278621,51.));
#9148=CARTESIAN_POINT('Ctrl Pts',(-33.4491509355987,33.1672999479248,51.5));
#9149=CARTESIAN_POINT('Ctrl Pts',(-33.4491509355987,33.1672999479248,51.));
#9150=CARTESIAN_POINT('Ctrl Pts',(-33.4182146936655,33.0003560334444,51.5));
#9151=CARTESIAN_POINT('Ctrl Pts',(-33.4182146936655,33.0003560334444,51.));
#9152=CARTESIAN_POINT('',(-33.5242871195078,33.9999986439943,51.5));
#9153=CARTESIAN_POINT('Ctrl Pts',(-33.5242871195078,33.9999986439943,51.5));
#9154=CARTESIAN_POINT('Ctrl Pts',(-33.5196874232642,33.8337471950718,51.5));
#9155=CARTESIAN_POINT('Ctrl Pts',(-33.5103922287412,33.4977816278621,51.5));
#9156=CARTESIAN_POINT('Ctrl Pts',(-33.4491509355987,33.1672999479248,51.5));
#9157=CARTESIAN_POINT('Ctrl Pts',(-33.4182146936655,33.0003560334444,51.5));
#9158=CARTESIAN_POINT('',(-33.5242871195078,33.9999986439943,51.));
#9159=CARTESIAN_POINT('Ctrl Pts',(-33.5242871195078,33.9999986439943,51.));
#9160=CARTESIAN_POINT('Ctrl Pts',(-33.5196874232642,33.8337471950718,51.));
#9161=CARTESIAN_POINT('Ctrl Pts',(-33.5103922287412,33.4977816278621,51.));
#9162=CARTESIAN_POINT('Ctrl Pts',(-33.4491509355987,33.1672999479248,51.));
#9163=CARTESIAN_POINT('Ctrl Pts',(-33.4182146936655,33.0003560334444,51.));
#9164=CARTESIAN_POINT('',(-33.5242871195078,33.9999986439943,51.5));
#9165=CARTESIAN_POINT('Ctrl Pts',(-33.4214285761118,34.9771416932344,51.5));
#9166=CARTESIAN_POINT('Ctrl Pts',(-33.4214285761118,34.9771416932344,51.));
#9167=CARTESIAN_POINT('Ctrl Pts',(-33.4514229121512,34.8115155817686,51.5));
#9168=CARTESIAN_POINT('Ctrl Pts',(-33.4514229121512,34.8115155817686,51.));
#9169=CARTESIAN_POINT('Ctrl Pts',(-33.509952085322,34.4883225847023,51.5));
#9170=CARTESIAN_POINT('Ctrl Pts',(-33.509952085322,34.4883225847023,51.));
#9171=CARTESIAN_POINT('Ctrl Pts',(-33.5195888766363,34.1600446155398,51.5));
#9172=CARTESIAN_POINT('Ctrl Pts',(-33.5195888766363,34.1600446155398,51.));
#9173=CARTESIAN_POINT('Ctrl Pts',(-33.5242871195078,33.9999986439943,51.5));
#9174=CARTESIAN_POINT('Ctrl Pts',(-33.5242871195078,33.9999986439943,51.));
#9175=CARTESIAN_POINT('',(-33.4214285761118,34.9771416932344,51.5));
#9176=CARTESIAN_POINT('Ctrl Pts',(-33.4214285761118,34.9771416932344,51.5));
#9177=CARTESIAN_POINT('Ctrl Pts',(-33.4514229121512,34.8115155817686,51.5));
#9178=CARTESIAN_POINT('Ctrl Pts',(-33.509952085322,34.4883225847023,51.5));
#9179=CARTESIAN_POINT('Ctrl Pts',(-33.5195888766363,34.1600446155398,51.5));
#9180=CARTESIAN_POINT('Ctrl Pts',(-33.5242871195078,33.9999986439943,51.5));
#9181=CARTESIAN_POINT('',(-33.4214285761118,34.9771416932344,51.));
#9182=CARTESIAN_POINT('Ctrl Pts',(-33.4214285761118,34.9771416932344,51.));
#9183=CARTESIAN_POINT('Ctrl Pts',(-33.4514229121512,34.8115155817686,51.));
#9184=CARTESIAN_POINT('Ctrl Pts',(-33.509952085322,34.4883225847023,51.));
#9185=CARTESIAN_POINT('Ctrl Pts',(-33.5195888766363,34.1600446155398,51.));
#9186=CARTESIAN_POINT('Ctrl Pts',(-33.5242871195078,33.9999986439943,51.));
#9187=CARTESIAN_POINT('',(-33.4214285761118,34.9771416932344,51.5));
#9188=CARTESIAN_POINT('Ctrl Pts',(-33.0807141214609,35.9157133847475,51.5));
#9189=CARTESIAN_POINT('Ctrl Pts',(-33.0807141214609,35.9157133847475,51.));
#9190=CARTESIAN_POINT('Ctrl Pts',(-33.1545918959909,35.7678411741361,51.5));
#9191=CARTESIAN_POINT('Ctrl Pts',(-33.1545918959909,35.7678411741361,51.));
#9192=CARTESIAN_POINT('Ctrl Pts',(-33.3043190989467,35.4681503316522,51.5));
#9193=CARTESIAN_POINT('Ctrl Pts',(-33.3043190989467,35.4681503316522,51.));
#9194=CARTESIAN_POINT('Ctrl Pts',(-33.3820508850282,35.1422417940207,51.5));
#9195=CARTESIAN_POINT('Ctrl Pts',(-33.3820508850282,35.1422417940207,51.));
#9196=CARTESIAN_POINT('Ctrl Pts',(-33.4214285761118,34.9771416932344,51.5));
#9197=CARTESIAN_POINT('Ctrl Pts',(-33.4214285761118,34.9771416932344,51.));
#9198=CARTESIAN_POINT('',(-33.0807141214609,35.9157133847475,51.5));
#9199=CARTESIAN_POINT('Ctrl Pts',(-33.0807141214609,35.9157133847475,51.5));
#9200=CARTESIAN_POINT('Ctrl Pts',(-33.1545918959909,35.7678411741361,51.5));
#9201=CARTESIAN_POINT('Ctrl Pts',(-33.3043190989467,35.4681503316522,51.5));
#9202=CARTESIAN_POINT('Ctrl Pts',(-33.3820508850282,35.1422417940207,51.5));
#9203=CARTESIAN_POINT('Ctrl Pts',(-33.4214285761118,34.9771416932344,51.5));
#9204=CARTESIAN_POINT('',(-33.0807141214609,35.9157133847475,51.));
#9205=CARTESIAN_POINT('Ctrl Pts',(-33.0807141214609,35.9157133847475,51.));
#9206=CARTESIAN_POINT('Ctrl Pts',(-33.1545918959909,35.7678411741361,51.));
#9207=CARTESIAN_POINT('Ctrl Pts',(-33.3043190989467,35.4681503316522,51.));
#9208=CARTESIAN_POINT('Ctrl Pts',(-33.3820508850282,35.1422417940207,51.));
#9209=CARTESIAN_POINT('Ctrl Pts',(-33.4214285761118,34.9771416932344,51.));
#9210=CARTESIAN_POINT('',(-33.0807141214609,35.9157133847475,51.5));
#9211=CARTESIAN_POINT('Ctrl Pts',(-32.4507144838571,36.61321349442,51.5));
#9212=CARTESIAN_POINT('Ctrl Pts',(-32.4507144838571,36.61321349442,51.));
#9213=CARTESIAN_POINT('Ctrl Pts',(-32.5753714618755,36.5167797739886,51.5));
#9214=CARTESIAN_POINT('Ctrl Pts',(-32.5753714618755,36.5167797739886,51.));
#9215=CARTESIAN_POINT('Ctrl Pts',(-32.8270926905948,36.3220500847017,51.5));
#9216=CARTESIAN_POINT('Ctrl Pts',(-32.8270926905948,36.3220500847017,51.));
#9217=CARTESIAN_POINT('Ctrl Pts',(-32.9956363694731,36.0520197405006,51.5));
#9218=CARTESIAN_POINT('Ctrl Pts',(-32.9956363694731,36.0520197405006,51.));
#9219=CARTESIAN_POINT('Ctrl Pts',(-33.0807141214609,35.9157133847475,51.5));
#9220=CARTESIAN_POINT('Ctrl Pts',(-33.0807141214609,35.9157133847475,51.));
#9221=CARTESIAN_POINT('',(-32.4507144838571,36.61321349442,51.5));
#9222=CARTESIAN_POINT('Ctrl Pts',(-32.4507144838571,36.61321349442,51.5));
#9223=CARTESIAN_POINT('Ctrl Pts',(-32.5753714618755,36.5167797739886,51.5));
#9224=CARTESIAN_POINT('Ctrl Pts',(-32.8270926905948,36.3220500847017,51.5));
#9225=CARTESIAN_POINT('Ctrl Pts',(-32.9956363694731,36.0520197405006,51.5));
#9226=CARTESIAN_POINT('Ctrl Pts',(-33.0807141214609,35.9157133847475,51.5));
#9227=CARTESIAN_POINT('',(-32.4507144838571,36.61321349442,51.));
#9228=CARTESIAN_POINT('Ctrl Pts',(-32.4507144838571,36.61321349442,51.));
#9229=CARTESIAN_POINT('Ctrl Pts',(-32.5753714618755,36.5167797739886,51.));
#9230=CARTESIAN_POINT('Ctrl Pts',(-32.8270926905948,36.3220500847017,51.));
#9231=CARTESIAN_POINT('Ctrl Pts',(-32.9956363694731,36.0520197405006,51.));
#9232=CARTESIAN_POINT('Ctrl Pts',(-33.0807141214609,35.9157133847475,51.));
#9233=CARTESIAN_POINT('',(-32.4507144838571,36.61321349442,51.5));
#9234=CARTESIAN_POINT('Ctrl Pts',(-31.4800003916025,36.8799991160631,51.5));
#9235=CARTESIAN_POINT('Ctrl Pts',(-31.4800003916025,36.8799991160631,51.));
#9236=CARTESIAN_POINT('Ctrl Pts',(-31.6611962947001,36.8714339608534,51.5));
#9237=CARTESIAN_POINT('Ctrl Pts',(-31.6611962947001,36.8714339608534,51.));
#9238=CARTESIAN_POINT('Ctrl Pts',(-32.0053701854012,36.8551648137998,51.5));
#9239=CARTESIAN_POINT('Ctrl Pts',(-32.0053701854012,36.8551648137998,51.));
#9240=CARTESIAN_POINT('Ctrl Pts',(-32.3075989386763,36.6909668082052,51.5));
#9241=CARTESIAN_POINT('Ctrl Pts',(-32.3075989386763,36.6909668082052,51.));
#9242=CARTESIAN_POINT('Ctrl Pts',(-32.4507144838571,36.61321349442,51.5));
#9243=CARTESIAN_POINT('Ctrl Pts',(-32.4507144838571,36.61321349442,51.));
#9244=CARTESIAN_POINT('',(-31.4800003916025,36.8799991160631,51.5));
#9245=CARTESIAN_POINT('Ctrl Pts',(-31.4800003916025,36.8799991160631,51.5));
#9246=CARTESIAN_POINT('Ctrl Pts',(-31.6611962947001,36.8714339608534,51.5));
#9247=CARTESIAN_POINT('Ctrl Pts',(-32.0053701854012,36.8551648137998,51.5));
#9248=CARTESIAN_POINT('Ctrl Pts',(-32.3075989386763,36.6909668082052,51.5));
#9249=CARTESIAN_POINT('Ctrl Pts',(-32.4507144838571,36.61321349442,51.5));
#9250=CARTESIAN_POINT('',(-31.4800003916025,36.8799991160631,51.));
#9251=CARTESIAN_POINT('Ctrl Pts',(-31.4800003916025,36.8799991160631,51.));
#9252=CARTESIAN_POINT('Ctrl Pts',(-31.6611962947001,36.8714339608534,51.));
#9253=CARTESIAN_POINT('Ctrl Pts',(-32.0053701854012,36.8551648137998,51.));
#9254=CARTESIAN_POINT('Ctrl Pts',(-32.3075989386763,36.6909668082052,51.));
#9255=CARTESIAN_POINT('Ctrl Pts',(-32.4507144838571,36.61321349442,51.));
#9256=CARTESIAN_POINT('',(-31.4800003916025,36.8799991160631,51.5));
#9257=CARTESIAN_POINT('Ctrl Pts',(-30.5092862993479,36.6228563338518,51.5));
#9258=CARTESIAN_POINT('Ctrl Pts',(-30.5092862993479,36.6228563338518,51.));
#9259=CARTESIAN_POINT('Ctrl Pts',(-30.6526204978408,36.6977931324956,51.5));
#9260=CARTESIAN_POINT('Ctrl Pts',(-30.6526204978408,36.6977931324956,51.));
#9261=CARTESIAN_POINT('Ctrl Pts',(-30.9562071485557,36.8565117910905,51.5));
#9262=CARTESIAN_POINT('Ctrl Pts',(-30.9562071485557,36.8565117910905,51.));
#9263=CARTESIAN_POINT('Ctrl Pts',(-31.2990342955488,36.8718844456975,51.5));
#9264=CARTESIAN_POINT('Ctrl Pts',(-31.2990342955488,36.8718844456975,51.));
#9265=CARTESIAN_POINT('Ctrl Pts',(-31.4800003916025,36.8799991160631,51.5));
#9266=CARTESIAN_POINT('Ctrl Pts',(-31.4800003916025,36.8799991160631,51.));
#9267=CARTESIAN_POINT('',(-30.5092862993479,36.6228563338518,51.5));
#9268=CARTESIAN_POINT('Ctrl Pts',(-30.5092862993479,36.6228563338518,51.5));
#9269=CARTESIAN_POINT('Ctrl Pts',(-30.6526204978408,36.6977931324956,51.5));
#9270=CARTESIAN_POINT('Ctrl Pts',(-30.9562071485557,36.8565117910905,51.5));
#9271=CARTESIAN_POINT('Ctrl Pts',(-31.2990342955488,36.8718844456975,51.5));
#9272=CARTESIAN_POINT('Ctrl Pts',(-31.4800003916025,36.8799991160631,51.5));
#9273=CARTESIAN_POINT('',(-30.5092862993479,36.6228563338518,51.));
#9274=CARTESIAN_POINT('Ctrl Pts',(-30.5092862993479,36.6228563338518,51.));
#9275=CARTESIAN_POINT('Ctrl Pts',(-30.6526204978408,36.6977931324956,51.));
#9276=CARTESIAN_POINT('Ctrl Pts',(-30.9562071485557,36.8565117910905,51.));
#9277=CARTESIAN_POINT('Ctrl Pts',(-31.2990342955488,36.8718844456975,51.));
#9278=CARTESIAN_POINT('Ctrl Pts',(-31.4800003916025,36.8799991160631,51.));
#9279=CARTESIAN_POINT('',(-30.5092862993479,36.6228563338518,51.5));
#9280=CARTESIAN_POINT('Ctrl Pts',(-29.8825005441904,35.9414280205965,51.5));
#9281=CARTESIAN_POINT('Ctrl Pts',(-29.8825005441904,35.9414280205965,51.));
#9282=CARTESIAN_POINT('Ctrl Pts',(-29.9666990260463,36.0755107760886,51.5));
#9283=CARTESIAN_POINT('Ctrl Pts',(-29.9666990260463,36.0755107760886,51.));
#9284=CARTESIAN_POINT('Ctrl Pts',(-30.1336401093435,36.3413578550374,51.5));
#9285=CARTESIAN_POINT('Ctrl Pts',(-30.1336401093435,36.3413578550374,51.));
#9286=CARTESIAN_POINT('Ctrl Pts',(-30.3848010210446,36.5295706373384,51.5));
#9287=CARTESIAN_POINT('Ctrl Pts',(-30.3848010210446,36.5295706373384,51.));
#9288=CARTESIAN_POINT('Ctrl Pts',(-30.5092862993479,36.6228563338518,51.5));
#9289=CARTESIAN_POINT('Ctrl Pts',(-30.5092862993479,36.6228563338518,51.));
#9290=CARTESIAN_POINT('',(-29.8825005441904,35.9414280205965,51.5));
#9291=CARTESIAN_POINT('Ctrl Pts',(-29.8825005441904,35.9414280205965,51.5));
#9292=CARTESIAN_POINT('Ctrl Pts',(-29.9666990260463,36.0755107760886,51.5));
#9293=CARTESIAN_POINT('Ctrl Pts',(-30.1336401093435,36.3413578550374,51.5));
#9294=CARTESIAN_POINT('Ctrl Pts',(-30.3848010210446,36.5295706373384,51.5));
#9295=CARTESIAN_POINT('Ctrl Pts',(-30.5092862993479,36.6228563338518,51.5));
#9296=CARTESIAN_POINT('',(-29.8825005441904,35.9414280205965,51.));
#9297=CARTESIAN_POINT('Ctrl Pts',(-29.8825005441904,35.9414280205965,51.));
#9298=CARTESIAN_POINT('Ctrl Pts',(-29.9666990260463,36.0755107760886,51.));
#9299=CARTESIAN_POINT('Ctrl Pts',(-30.1336401093435,36.3413578550374,51.));
#9300=CARTESIAN_POINT('Ctrl Pts',(-30.3848010210446,36.5295706373384,51.));
#9301=CARTESIAN_POINT('Ctrl Pts',(-30.5092862993479,36.6228563338518,51.));
#9302=CARTESIAN_POINT('',(-29.8825005441904,35.9414280205965,51.5));
#9303=CARTESIAN_POINT('Ctrl Pts',(-29.5449999719858,35.0092852860689,51.5));
#9304=CARTESIAN_POINT('Ctrl Pts',(-29.5449999719858,35.0092852860689,51.));
#9305=CARTESIAN_POINT('Ctrl Pts',(-29.584095957241,35.1738502951658,51.5));
#9306=CARTESIAN_POINT('Ctrl Pts',(-29.584095957241,35.1738502951658,51.));
#9307=CARTESIAN_POINT('Ctrl Pts',(-29.6609882057926,35.4975094509537,51.5));
#9308=CARTESIAN_POINT('Ctrl Pts',(-29.6609882057926,35.4975094509537,51.));
#9309=CARTESIAN_POINT('Ctrl Pts',(-29.8094998701858,35.7951320850225,51.5));
#9310=CARTESIAN_POINT('Ctrl Pts',(-29.8094998701858,35.7951320850225,51.));
#9311=CARTESIAN_POINT('Ctrl Pts',(-29.8825005441904,35.9414280205965,51.5));
#9312=CARTESIAN_POINT('Ctrl Pts',(-29.8825005441904,35.9414280205965,51.));
#9313=CARTESIAN_POINT('',(-29.5449999719858,35.0092852860689,51.5));
#9314=CARTESIAN_POINT('Ctrl Pts',(-29.5449999719858,35.0092852860689,51.5));
#9315=CARTESIAN_POINT('Ctrl Pts',(-29.584095957241,35.1738502951658,51.5));
#9316=CARTESIAN_POINT('Ctrl Pts',(-29.6609882057926,35.4975094509537,51.5));
#9317=CARTESIAN_POINT('Ctrl Pts',(-29.8094998701858,35.7951320850225,51.5));
#9318=CARTESIAN_POINT('Ctrl Pts',(-29.8825005441904,35.9414280205965,51.5));
#9319=CARTESIAN_POINT('',(-29.5449999719858,35.0092852860689,51.));
#9320=CARTESIAN_POINT('Ctrl Pts',(-29.5449999719858,35.0092852860689,51.));
#9321=CARTESIAN_POINT('Ctrl Pts',(-29.584095957241,35.1738502951658,51.));
#9322=CARTESIAN_POINT('Ctrl Pts',(-29.6609882057926,35.4975094509537,51.));
#9323=CARTESIAN_POINT('Ctrl Pts',(-29.8094998701858,35.7951320850225,51.));
#9324=CARTESIAN_POINT('Ctrl Pts',(-29.8825005441904,35.9414280205965,51.));
#9325=CARTESIAN_POINT('',(-29.5449999719858,35.0092852860689,51.5));
#9326=CARTESIAN_POINT('Ctrl Pts',(-29.4421414285898,33.9999986439943,51.5));
#9327=CARTESIAN_POINT('Ctrl Pts',(-29.4421414285898,33.9999986439943,51.));
#9328=CARTESIAN_POINT('Ctrl Pts',(-29.4465666688033,34.1680980203339,51.5));
#9329=CARTESIAN_POINT('Ctrl Pts',(-29.4465666688033,34.1680980203339,51.));
#9330=CARTESIAN_POINT('Ctrl Pts',(-29.455490969889,34.5071009612886,51.5));
#9331=CARTESIAN_POINT('Ctrl Pts',(-29.455490969889,34.5071009612886,51.));
#9332=CARTESIAN_POINT('Ctrl Pts',(-29.5149995555244,34.8409699375466,51.5));
#9333=CARTESIAN_POINT('Ctrl Pts',(-29.5149995555244,34.8409699375466,51.));
#9334=CARTESIAN_POINT('Ctrl Pts',(-29.5449999719858,35.0092852860689,51.5));
#9335=CARTESIAN_POINT('Ctrl Pts',(-29.5449999719858,35.0092852860689,51.));
#9336=CARTESIAN_POINT('',(-29.4421414285898,33.9999986439943,51.5));
#9337=CARTESIAN_POINT('Ctrl Pts',(-29.4421414285898,33.9999986439943,51.5));
#9338=CARTESIAN_POINT('Ctrl Pts',(-29.4465666688033,34.1680980203339,51.5));
#9339=CARTESIAN_POINT('Ctrl Pts',(-29.455490969889,34.5071009612886,51.5));
#9340=CARTESIAN_POINT('Ctrl Pts',(-29.5149995555244,34.8409699375466,51.5));
#9341=CARTESIAN_POINT('Ctrl Pts',(-29.5449999719858,35.0092852860689,51.5));
#9342=CARTESIAN_POINT('',(-29.4421414285898,33.9999986439943,51.));
#9343=CARTESIAN_POINT('Ctrl Pts',(-29.4421414285898,33.9999986439943,51.));
#9344=CARTESIAN_POINT('Ctrl Pts',(-29.4465666688033,34.1680980203339,51.));
#9345=CARTESIAN_POINT('Ctrl Pts',(-29.455490969889,34.5071009612886,51.));
#9346=CARTESIAN_POINT('Ctrl Pts',(-29.5149995555244,34.8409699375466,51.));
#9347=CARTESIAN_POINT('Ctrl Pts',(-29.5449999719858,35.0092852860689,51.));
#9348=CARTESIAN_POINT('',(-29.4421414285898,33.9999986439943,51.5));
#9349=CARTESIAN_POINT('Ctrl Pts',(-29.5514277368784,33.0292845517397,51.5));
#9350=CARTESIAN_POINT('Ctrl Pts',(-29.5514277368784,33.0292845517397,51.));
#9351=CARTESIAN_POINT('Ctrl Pts',(-29.5195579033992,33.19324234621,51.5));
#9352=CARTESIAN_POINT('Ctrl Pts',(-29.5195579033992,33.19324234621,51.));
#9353=CARTESIAN_POINT('Ctrl Pts',(-29.4572233944295,33.5139289483766,51.5));
#9354=CARTESIAN_POINT('Ctrl Pts',(-29.4572233944295,33.5139289483766,51.));
#9355=CARTESIAN_POINT('Ctrl Pts',(-29.4470926272209,33.840428755219,51.5));
#9356=CARTESIAN_POINT('Ctrl Pts',(-29.4470926272209,33.840428755219,51.));
#9357=CARTESIAN_POINT('Ctrl Pts',(-29.4421414285898,33.9999986439943,51.5));
#9358=CARTESIAN_POINT('Ctrl Pts',(-29.4421414285898,33.9999986439943,51.));
#9359=CARTESIAN_POINT('',(-29.5514277368784,33.0292845517397,51.5));
#9360=CARTESIAN_POINT('Ctrl Pts',(-29.5514277368784,33.0292845517397,51.5));
#9361=CARTESIAN_POINT('Ctrl Pts',(-29.5195579033992,33.19324234621,51.5));
#9362=CARTESIAN_POINT('Ctrl Pts',(-29.4572233944295,33.5139289483766,51.5));
#9363=CARTESIAN_POINT('Ctrl Pts',(-29.4470926272209,33.840428755219,51.5));
#9364=CARTESIAN_POINT('Ctrl Pts',(-29.4421414285898,33.9999986439943,51.5));
#9365=CARTESIAN_POINT('',(-29.5514277368784,33.0292845517397,51.));
#9366=CARTESIAN_POINT('Ctrl Pts',(-29.5514277368784,33.0292845517397,51.));
#9367=CARTESIAN_POINT('Ctrl Pts',(-29.5195579033992,33.19324234621,51.));
#9368=CARTESIAN_POINT('Ctrl Pts',(-29.4572233944295,33.5139289483766,51.));
#9369=CARTESIAN_POINT('Ctrl Pts',(-29.4470926272209,33.840428755219,51.));
#9370=CARTESIAN_POINT('Ctrl Pts',(-29.4421414285898,33.9999986439943,51.));
#9371=CARTESIAN_POINT('',(-29.5514277368784,33.0292845517397,51.5));
#9372=CARTESIAN_POINT('Ctrl Pts',(-29.8985699564218,32.0939279347658,51.5));
#9373=CARTESIAN_POINT('Ctrl Pts',(-29.8985699564218,32.0939279347658,51.));
#9374=CARTESIAN_POINT('Ctrl Pts',(-29.8244767002253,32.242142137086,51.5));
#9375=CARTESIAN_POINT('Ctrl Pts',(-29.8244767002253,32.242142137086,51.));
#9376=CARTESIAN_POINT('Ctrl Pts',(-29.6749071828952,32.5413370684535,51.5));
#9377=CARTESIAN_POINT('Ctrl Pts',(-29.6749071828952,32.5413370684535,51.));
#9378=CARTESIAN_POINT('Ctrl Pts',(-29.5928404973213,32.8656358402668,51.5));
#9379=CARTESIAN_POINT('Ctrl Pts',(-29.5928404973213,32.8656358402668,51.));
#9380=CARTESIAN_POINT('Ctrl Pts',(-29.5514277368784,33.0292845517397,51.5));
#9381=CARTESIAN_POINT('Ctrl Pts',(-29.5514277368784,33.0292845517397,51.));
#9382=CARTESIAN_POINT('',(-29.8985699564218,32.0939279347658,51.5));
#9383=CARTESIAN_POINT('Ctrl Pts',(-29.8985699564218,32.0939279347658,51.5));
#9384=CARTESIAN_POINT('Ctrl Pts',(-29.8244767002253,32.242142137086,51.5));
#9385=CARTESIAN_POINT('Ctrl Pts',(-29.6749071828952,32.5413370684535,51.5));
#9386=CARTESIAN_POINT('Ctrl Pts',(-29.5928404973213,32.8656358402668,51.5));
#9387=CARTESIAN_POINT('Ctrl Pts',(-29.5514277368784,33.0292845517397,51.5));
#9388=CARTESIAN_POINT('',(-29.8985699564218,32.0939279347658,51.));
#9389=CARTESIAN_POINT('Ctrl Pts',(-29.8985699564218,32.0939279347658,51.));
#9390=CARTESIAN_POINT('Ctrl Pts',(-29.8244767002253,32.242142137086,51.));
#9391=CARTESIAN_POINT('Ctrl Pts',(-29.6749071828952,32.5413370684535,51.));
#9392=CARTESIAN_POINT('Ctrl Pts',(-29.5928404973213,32.8656358402668,51.));
#9393=CARTESIAN_POINT('Ctrl Pts',(-29.5514277368784,33.0292845517397,51.));
#9394=CARTESIAN_POINT('',(-29.8985699564218,32.0939279347658,51.5));
#9395=CARTESIAN_POINT('Ctrl Pts',(-30.5253580957651,31.3964284211397,51.5));
#9396=CARTESIAN_POINT('Ctrl Pts',(-30.5253580957651,31.3964284211397,51.));
#9397=CARTESIAN_POINT('Ctrl Pts',(-30.4014898488728,31.4923383330885,51.5));
#9398=CARTESIAN_POINT('Ctrl Pts',(-30.4014898488728,31.4923383330885,51.));
#9399=CARTESIAN_POINT('Ctrl Pts',(-30.1503566209548,31.6867882133551,51.5));
#9400=CARTESIAN_POINT('Ctrl Pts',(-30.1503566209548,31.6867882133551,51.));
#9401=CARTESIAN_POINT('Ctrl Pts',(-29.9832522417153,31.9569964491101,51.5));
#9402=CARTESIAN_POINT('Ctrl Pts',(-29.9832522417153,31.9569964491101,51.));
#9403=CARTESIAN_POINT('Ctrl Pts',(-29.8985699564218,32.0939279347658,51.5));
#9404=CARTESIAN_POINT('Ctrl Pts',(-29.8985699564218,32.0939279347658,51.));
#9405=CARTESIAN_POINT('',(-30.5253580957651,31.3964284211397,51.5));
#9406=CARTESIAN_POINT('Ctrl Pts',(-30.5253580957651,31.3964284211397,51.5));
#9407=CARTESIAN_POINT('Ctrl Pts',(-30.4014898488728,31.4923383330885,51.5));
#9408=CARTESIAN_POINT('Ctrl Pts',(-30.1503566209548,31.6867882133551,51.5));
#9409=CARTESIAN_POINT('Ctrl Pts',(-29.9832522417153,31.9569964491101,51.5));
#9410=CARTESIAN_POINT('Ctrl Pts',(-29.8985699564218,32.0939279347658,51.5));
#9411=CARTESIAN_POINT('',(-30.5253580957651,31.3964284211397,51.));
#9412=CARTESIAN_POINT('Ctrl Pts',(-30.5253580957651,31.3964284211397,51.));
#9413=CARTESIAN_POINT('Ctrl Pts',(-30.4014898488728,31.4923383330885,51.));
#9414=CARTESIAN_POINT('Ctrl Pts',(-30.1503566209548,31.6867882133551,51.));
#9415=CARTESIAN_POINT('Ctrl Pts',(-29.9832522417153,31.9569964491101,51.));
#9416=CARTESIAN_POINT('Ctrl Pts',(-29.8985699564218,32.0939279347658,51.));
#9417=CARTESIAN_POINT('',(-30.5253580957651,31.3964284211397,51.5));
#9418=CARTESIAN_POINT('Ctrl Pts',(-31.4800003916025,31.1328566819429,51.5));
#9419=CARTESIAN_POINT('Ctrl Pts',(-31.4800003916025,31.1328566819429,51.));
#9420=CARTESIAN_POINT('Ctrl Pts',(-31.3023733082486,31.1414962836963,51.5));
#9421=CARTESIAN_POINT('Ctrl Pts',(-31.3023733082486,31.1414962836963,51.));
#9422=CARTESIAN_POINT('Ctrl Pts',(-30.9638674861451,31.1579608646541,51.5));
#9423=CARTESIAN_POINT('Ctrl Pts',(-30.9638674861451,31.1579608646541,51.));
#9424=CARTESIAN_POINT('Ctrl Pts',(-30.6666256542449,31.3196051415922,51.5));
#9425=CARTESIAN_POINT('Ctrl Pts',(-30.6666256542449,31.3196051415922,51.));
#9426=CARTESIAN_POINT('Ctrl Pts',(-30.5253580957651,31.3964284211397,51.5));
#9427=CARTESIAN_POINT('Ctrl Pts',(-30.5253580957651,31.3964284211397,51.));
#9428=CARTESIAN_POINT('',(-31.4800003916025,31.1328566819429,51.5));
#9429=CARTESIAN_POINT('Ctrl Pts',(-31.4800003916025,31.1328566819429,51.5));
#9430=CARTESIAN_POINT('Ctrl Pts',(-31.3023733082486,31.1414962836963,51.5));
#9431=CARTESIAN_POINT('Ctrl Pts',(-30.9638674861451,31.1579608646541,51.5));
#9432=CARTESIAN_POINT('Ctrl Pts',(-30.6666256542449,31.3196051415922,51.5));
#9433=CARTESIAN_POINT('Ctrl Pts',(-30.5253580957651,31.3964284211397,51.5));
#9434=CARTESIAN_POINT('',(-31.4800003916025,31.1328566819429,51.));
#9435=CARTESIAN_POINT('Ctrl Pts',(-31.4800003916025,31.1328566819429,51.));
#9436=CARTESIAN_POINT('Ctrl Pts',(-31.3023733082486,31.1414962836963,51.));
#9437=CARTESIAN_POINT('Ctrl Pts',(-30.9638674861451,31.1579608646541,51.));
#9438=CARTESIAN_POINT('Ctrl Pts',(-30.6666256542449,31.3196051415922,51.));
#9439=CARTESIAN_POINT('Ctrl Pts',(-30.5253580957651,31.3964284211397,51.));
#9440=CARTESIAN_POINT('',(-31.4800003916025,31.1328566819429,51.5));
#9441=CARTESIAN_POINT('Ctrl Pts',(-32.4378565698862,31.3899994641542,51.5));
#9442=CARTESIAN_POINT('Ctrl Pts',(-32.4378565698862,31.3899994641542,51.));
#9443=CARTESIAN_POINT('Ctrl Pts',(-32.2956260911807,31.3150496992366,51.5));
#9444=CARTESIAN_POINT('Ctrl Pts',(-32.2956260911807,31.3150496992366,51.));
#9445=CARTESIAN_POINT('Ctrl Pts',(-31.9962528104078,31.1572919723361,51.5));
#9446=CARTESIAN_POINT('Ctrl Pts',(-31.9962528104078,31.1572919723361,51.));
#9447=CARTESIAN_POINT('Ctrl Pts',(-31.6577057446328,31.1412678423512,51.5));
#9448=CARTESIAN_POINT('Ctrl Pts',(-31.6577057446328,31.1412678423512,51.));
#9449=CARTESIAN_POINT('Ctrl Pts',(-31.4800003916025,31.1328566819429,51.5));
#9450=CARTESIAN_POINT('Ctrl Pts',(-31.4800003916025,31.1328566819429,51.));
#9451=CARTESIAN_POINT('Ctrl Pts',(-32.4378565698862,31.3899994641542,51.5));
#9452=CARTESIAN_POINT('Ctrl Pts',(-32.2956260911807,31.3150496992366,51.5));
#9453=CARTESIAN_POINT('Ctrl Pts',(-31.9962528104078,31.1572919723361,51.5));
#9454=CARTESIAN_POINT('Ctrl Pts',(-31.6577057446328,31.1412678423512,51.5));
#9455=CARTESIAN_POINT('Ctrl Pts',(-31.4800003916025,31.1328566819429,51.5));
#9456=CARTESIAN_POINT('Ctrl Pts',(-32.4378565698862,31.3899994641542,51.));
#9457=CARTESIAN_POINT('Ctrl Pts',(-32.2956260911807,31.3150496992366,51.));
#9458=CARTESIAN_POINT('Ctrl Pts',(-31.9962528104078,31.1572919723361,51.));
#9459=CARTESIAN_POINT('Ctrl Pts',(-31.6577057446328,31.1412678423512,51.));
#9460=CARTESIAN_POINT('Ctrl Pts',(-31.4800003916025,31.1328566819429,51.));
#9461=CARTESIAN_POINT('Ctrl Pts',(-28.4167841821909,30.8403564244509,51.5));
#9462=CARTESIAN_POINT('Ctrl Pts',(-28.4167841821909,30.8403564244509,51.));
#9463=CARTESIAN_POINT('Ctrl Pts',(-28.5853174076659,30.6248572275019,51.5));
#9464=CARTESIAN_POINT('Ctrl Pts',(-28.5853174076659,30.6248572275019,51.));
#9465=CARTESIAN_POINT('Ctrl Pts',(-28.9258587713844,30.1894155500379,51.5));
#9466=CARTESIAN_POINT('Ctrl Pts',(-28.9258587713844,30.1894155500379,51.));
#9467=CARTESIAN_POINT('Ctrl Pts',(-29.3970174105844,29.9000748416784,51.5));
#9468=CARTESIAN_POINT('Ctrl Pts',(-29.3970174105844,29.9000748416784,51.));
#9469=CARTESIAN_POINT('Ctrl Pts',(-29.6350006014109,29.7539282590151,51.5));
#9470=CARTESIAN_POINT('Ctrl Pts',(-29.6350006014109,29.7539282590151,51.));
#9471=CARTESIAN_POINT('',(-28.4167841821909,30.8403564244509,51.5));
#9472=CARTESIAN_POINT('',(-29.6350006014109,29.7539282590151,51.5));
#9473=CARTESIAN_POINT('Ctrl Pts',(-28.4167841821909,30.8403564244509,51.5));
#9474=CARTESIAN_POINT('Ctrl Pts',(-28.5853174076659,30.6248572275019,51.5));
#9475=CARTESIAN_POINT('Ctrl Pts',(-28.9258587713844,30.1894155500379,51.5));
#9476=CARTESIAN_POINT('Ctrl Pts',(-29.3970174105844,29.9000748416784,51.5));
#9477=CARTESIAN_POINT('Ctrl Pts',(-29.6350006014109,29.7539282590151,51.5));
#9478=CARTESIAN_POINT('',(-29.6350006014109,29.7539282590151,51.));
#9479=CARTESIAN_POINT('',(-29.6350006014109,29.7539282590151,51.5));
#9480=CARTESIAN_POINT('',(-28.4167841821909,30.8403564244509,51.));
#9481=CARTESIAN_POINT('Ctrl Pts',(-28.4167841821909,30.8403564244509,51.));
#9482=CARTESIAN_POINT('Ctrl Pts',(-28.5853174076659,30.6248572275019,51.));
#9483=CARTESIAN_POINT('Ctrl Pts',(-28.9258587713844,30.1894155500379,51.));
#9484=CARTESIAN_POINT('Ctrl Pts',(-29.3970174105844,29.9000748416784,51.));
#9485=CARTESIAN_POINT('Ctrl Pts',(-29.6350006014109,29.7539282590151,51.));
#9486=CARTESIAN_POINT('',(-28.4167841821909,30.8403564244509,51.5));
#9487=CARTESIAN_POINT('Ctrl Pts',(-27.738573923707,32.3414278775453,51.5));
#9488=CARTESIAN_POINT('Ctrl Pts',(-27.738573923707,32.3414278775453,51.));
#9489=CARTESIAN_POINT('Ctrl Pts',(-27.8192213301491,32.0741132033767,51.5));
#9490=CARTESIAN_POINT('Ctrl Pts',(-27.8192213301491,32.0741132033767,51.));
#9491=CARTESIAN_POINT('Ctrl Pts',(-27.9792024678465,31.5438381755315,51.5));
#9492=CARTESIAN_POINT('Ctrl Pts',(-27.9792024678465,31.5438381755315,51.));
#9493=CARTESIAN_POINT('Ctrl Pts',(-28.2717242856622,31.0735631300246,51.5));
#9494=CARTESIAN_POINT('Ctrl Pts',(-28.2717242856622,31.0735631300246,51.));
#9495=CARTESIAN_POINT('Ctrl Pts',(-28.4167841821909,30.8403564244509,51.5));
#9496=CARTESIAN_POINT('Ctrl Pts',(-28.4167841821909,30.8403564244509,51.));
#9497=CARTESIAN_POINT('',(-27.738573923707,32.3414278775453,51.5));
#9498=CARTESIAN_POINT('Ctrl Pts',(-27.738573923707,32.3414278775453,51.5));
#9499=CARTESIAN_POINT('Ctrl Pts',(-27.8192213301491,32.0741132033767,51.5));
#9500=CARTESIAN_POINT('Ctrl Pts',(-27.9792024678465,31.5438381755315,51.5));
#9501=CARTESIAN_POINT('Ctrl Pts',(-28.2717242856622,31.0735631300246,51.5));
#9502=CARTESIAN_POINT('Ctrl Pts',(-28.4167841821909,30.8403564244509,51.5));
#9503=CARTESIAN_POINT('',(-27.738573923707,32.3414278775453,51.));
#9504=CARTESIAN_POINT('Ctrl Pts',(-27.738573923707,32.3414278775453,51.));
#9505=CARTESIAN_POINT('Ctrl Pts',(-27.8192213301491,32.0741132033767,51.));
#9506=CARTESIAN_POINT('Ctrl Pts',(-27.9792024678465,31.5438381755315,51.));
#9507=CARTESIAN_POINT('Ctrl Pts',(-28.2717242856622,31.0735631300246,51.));
#9508=CARTESIAN_POINT('Ctrl Pts',(-28.4167841821909,30.8403564244509,51.));
#9509=CARTESIAN_POINT('',(-27.738573923707,32.3414278775453,51.5));
#9510=CARTESIAN_POINT('Ctrl Pts',(-27.5264290720224,33.9999986439943,51.5));
#9511=CARTESIAN_POINT('Ctrl Pts',(-27.5264290720224,33.9999986439943,51.));
#9512=CARTESIAN_POINT('Ctrl Pts',(-27.5354178332594,33.7213896301387,51.5));
#9513=CARTESIAN_POINT('Ctrl Pts',(-27.5354178332594,33.7213896301387,51.));
#9514=CARTESIAN_POINT('Ctrl Pts',(-27.5534715089623,33.1618112131044,51.5));
#9515=CARTESIAN_POINT('Ctrl Pts',(-27.5534715089623,33.1618112131044,51.));
#9516=CARTESIAN_POINT('Ctrl Pts',(-27.6766998533125,32.6156569108339,51.5));
#9517=CARTESIAN_POINT('Ctrl Pts',(-27.6766998533125,32.6156569108339,51.));
#9518=CARTESIAN_POINT('Ctrl Pts',(-27.738573923707,32.3414278775453,51.5));
#9519=CARTESIAN_POINT('Ctrl Pts',(-27.738573923707,32.3414278775453,51.));
#9520=CARTESIAN_POINT('',(-27.5264290720224,33.9999986439943,51.5));
#9521=CARTESIAN_POINT('Ctrl Pts',(-27.5264290720224,33.9999986439943,51.5));
#9522=CARTESIAN_POINT('Ctrl Pts',(-27.5354178332594,33.7213896301387,51.5));
#9523=CARTESIAN_POINT('Ctrl Pts',(-27.5534715089623,33.1618112131044,51.5));
#9524=CARTESIAN_POINT('Ctrl Pts',(-27.6766998533125,32.6156569108339,51.5));
#9525=CARTESIAN_POINT('Ctrl Pts',(-27.738573923707,32.3414278775453,51.5));
#9526=CARTESIAN_POINT('',(-27.5264290720224,33.9999986439943,51.));
#9527=CARTESIAN_POINT('Ctrl Pts',(-27.5264290720224,33.9999986439943,51.));
#9528=CARTESIAN_POINT('Ctrl Pts',(-27.5354178332594,33.7213896301387,51.));
#9529=CARTESIAN_POINT('Ctrl Pts',(-27.5534715089623,33.1618112131044,51.));
#9530=CARTESIAN_POINT('Ctrl Pts',(-27.6766998533125,32.6156569108339,51.));
#9531=CARTESIAN_POINT('Ctrl Pts',(-27.738573923707,32.3414278775453,51.));
#9532=CARTESIAN_POINT('',(-27.5264290720224,33.9999986439943,51.5));
#9533=CARTESIAN_POINT('Ctrl Pts',(-27.738573923707,35.6585706025362,51.5));
#9534=CARTESIAN_POINT('Ctrl Pts',(-27.738573923707,35.6585706025362,51.));
#9535=CARTESIAN_POINT('Ctrl Pts',(-27.6766974623945,35.3843416705119,51.5));
#9536=CARTESIAN_POINT('Ctrl Pts',(-27.6766974623945,35.3843416705119,51.));
#9537=CARTESIAN_POINT('Ctrl Pts',(-27.5534643568647,34.8381875724492,51.5));
#9538=CARTESIAN_POINT('Ctrl Pts',(-27.5534643568647,34.8381875724492,51.));
#9539=CARTESIAN_POINT('Ctrl Pts',(-27.5354154559124,34.2786081547635,51.5));
#9540=CARTESIAN_POINT('Ctrl Pts',(-27.5354154559124,34.2786081547635,51.));
#9541=CARTESIAN_POINT('Ctrl Pts',(-27.5264290720224,33.9999986439943,51.5));
#9542=CARTESIAN_POINT('Ctrl Pts',(-27.5264290720224,33.9999986439943,51.));
#9543=CARTESIAN_POINT('',(-27.738573923707,35.6585706025362,51.5));
#9544=CARTESIAN_POINT('Ctrl Pts',(-27.738573923707,35.6585706025362,51.5));
#9545=CARTESIAN_POINT('Ctrl Pts',(-27.6766974623945,35.3843416705119,51.5));
#9546=CARTESIAN_POINT('Ctrl Pts',(-27.5534643568647,34.8381875724492,51.5));
#9547=CARTESIAN_POINT('Ctrl Pts',(-27.5354154559124,34.2786081547635,51.5));
#9548=CARTESIAN_POINT('Ctrl Pts',(-27.5264290720224,33.9999986439943,51.5));
#9549=CARTESIAN_POINT('',(-27.738573923707,35.6585706025362,51.));
#9550=CARTESIAN_POINT('Ctrl Pts',(-27.738573923707,35.6585706025362,51.));
#9551=CARTESIAN_POINT('Ctrl Pts',(-27.6766974623945,35.3843416705119,51.));
#9552=CARTESIAN_POINT('Ctrl Pts',(-27.5534643568647,34.8381875724492,51.));
#9553=CARTESIAN_POINT('Ctrl Pts',(-27.5354154559124,34.2786081547635,51.));
#9554=CARTESIAN_POINT('Ctrl Pts',(-27.5264290720224,33.9999986439943,51.));
#9555=CARTESIAN_POINT('',(-27.738573923707,35.6585706025362,51.5));
#9556=CARTESIAN_POINT('Ctrl Pts',(-28.4167841821909,37.1596420556307,51.5));
#9557=CARTESIAN_POINT('Ctrl Pts',(-28.4167841821909,37.1596420556307,51.));
#9558=CARTESIAN_POINT('Ctrl Pts',(-28.2717231623725,36.9264352982346,51.5));
#9559=CARTESIAN_POINT('Ctrl Pts',(-28.2717231623725,36.9264352982346,51.));
#9560=CARTESIAN_POINT('Ctrl Pts',(-27.9791996222247,36.4561610209318,51.5));
#9561=CARTESIAN_POINT('Ctrl Pts',(-27.9791996222247,36.4561610209318,51.));
#9562=CARTESIAN_POINT('Ctrl Pts',(-27.8192202785505,35.9258851923658,51.5));
#9563=CARTESIAN_POINT('Ctrl Pts',(-27.8192202785505,35.9258851923658,51.));
#9564=CARTESIAN_POINT('Ctrl Pts',(-27.738573923707,35.6585706025362,51.5));
#9565=CARTESIAN_POINT('Ctrl Pts',(-27.738573923707,35.6585706025362,51.));
#9566=CARTESIAN_POINT('',(-28.4167841821909,37.1596420556307,51.5));
#9567=CARTESIAN_POINT('Ctrl Pts',(-28.4167841821909,37.1596420556307,51.5));
#9568=CARTESIAN_POINT('Ctrl Pts',(-28.2717231623725,36.9264352982346,51.5));
#9569=CARTESIAN_POINT('Ctrl Pts',(-27.9791996222247,36.4561610209318,51.5));
#9570=CARTESIAN_POINT('Ctrl Pts',(-27.8192202785505,35.9258851923658,51.5));
#9571=CARTESIAN_POINT('Ctrl Pts',(-27.738573923707,35.6585706025362,51.5));
#9572=CARTESIAN_POINT('',(-28.4167841821909,37.1596420556307,51.));
#9573=CARTESIAN_POINT('Ctrl Pts',(-28.4167841821909,37.1596420556307,51.));
#9574=CARTESIAN_POINT('Ctrl Pts',(-28.2717231623725,36.9264352982346,51.));
#9575=CARTESIAN_POINT('Ctrl Pts',(-27.9791996222247,36.4561610209318,51.));
#9576=CARTESIAN_POINT('Ctrl Pts',(-27.8192202785505,35.9258851923658,51.));
#9577=CARTESIAN_POINT('Ctrl Pts',(-27.738573923707,35.6585706025362,51.));
#9578=CARTESIAN_POINT('',(-28.4167841821909,37.1596420556307,51.5));
#9579=CARTESIAN_POINT('Ctrl Pts',(-29.6350006014109,38.2460708171129,51.5));
#9580=CARTESIAN_POINT('Ctrl Pts',(-29.6350006014109,38.2460708171129,51.));
#9581=CARTESIAN_POINT('Ctrl Pts',(-29.3970173882082,38.0999242534263,51.5));
#9582=CARTESIAN_POINT('Ctrl Pts',(-29.3970173882082,38.0999242534263,51.));
#9583=CARTESIAN_POINT('Ctrl Pts',(-28.9258585764869,37.8105835038958,51.5));
#9584=CARTESIAN_POINT('Ctrl Pts',(-28.9258585764869,37.8105835038958,51.));
#9585=CARTESIAN_POINT('Ctrl Pts',(-28.5853173744568,37.3751414825976,51.5));
#9586=CARTESIAN_POINT('Ctrl Pts',(-28.5853173744568,37.3751414825976,51.));
#9587=CARTESIAN_POINT('Ctrl Pts',(-28.4167841821909,37.1596420556307,51.5));
#9588=CARTESIAN_POINT('Ctrl Pts',(-28.4167841821909,37.1596420556307,51.));
#9589=CARTESIAN_POINT('',(-29.6350006014109,38.2460708171129,51.5));
#9590=CARTESIAN_POINT('Ctrl Pts',(-29.6350006014109,38.2460708171129,51.5));
#9591=CARTESIAN_POINT('Ctrl Pts',(-29.3970173882082,38.0999242534263,51.5));
#9592=CARTESIAN_POINT('Ctrl Pts',(-28.9258585764869,37.8105835038958,51.5));
#9593=CARTESIAN_POINT('Ctrl Pts',(-28.5853173744568,37.3751414825976,51.5));
#9594=CARTESIAN_POINT('Ctrl Pts',(-28.4167841821909,37.1596420556307,51.5));
#9595=CARTESIAN_POINT('',(-29.6350006014109,38.2460708171129,51.));
#9596=CARTESIAN_POINT('Ctrl Pts',(-29.6350006014109,38.2460708171129,51.));
#9597=CARTESIAN_POINT('Ctrl Pts',(-29.3970173882082,38.0999242534263,51.));
#9598=CARTESIAN_POINT('Ctrl Pts',(-28.9258585764869,37.8105835038958,51.));
#9599=CARTESIAN_POINT('Ctrl Pts',(-28.5853173744568,37.3751414825976,51.));
#9600=CARTESIAN_POINT('Ctrl Pts',(-28.4167841821909,37.1596420556307,51.));
#9601=CARTESIAN_POINT('',(-29.6350006014109,38.2460708171129,51.5));
#9602=CARTESIAN_POINT('Ctrl Pts',(-31.4800003916025,38.6542845517397,51.5));
#9603=CARTESIAN_POINT('Ctrl Pts',(-31.4800003916025,38.6542845517397,51.));
#9604=CARTESIAN_POINT('Ctrl Pts',(-31.1391038861517,38.6420514589412,51.5));
#9605=CARTESIAN_POINT('Ctrl Pts',(-31.1391038861517,38.6420514589412,51.));
#9606=CARTESIAN_POINT('Ctrl Pts',(-30.4981372724177,38.6190503312054,51.5));
#9607=CARTESIAN_POINT('Ctrl Pts',(-30.4981372724177,38.6190503312054,51.));
#9608=CARTESIAN_POINT('Ctrl Pts',(-29.9102305773219,38.3650034799544,51.5));
#9609=CARTESIAN_POINT('Ctrl Pts',(-29.9102305773219,38.3650034799544,51.));
#9610=CARTESIAN_POINT('Ctrl Pts',(-29.6350006014109,38.2460708171129,51.5));
#9611=CARTESIAN_POINT('Ctrl Pts',(-29.6350006014109,38.2460708171129,51.));
#9612=CARTESIAN_POINT('',(-31.4800003916025,38.6542845517397,51.5));
#9613=CARTESIAN_POINT('Ctrl Pts',(-31.4800003916025,38.6542845517397,51.5));
#9614=CARTESIAN_POINT('Ctrl Pts',(-31.1391038861517,38.6420514589412,51.5));
#9615=CARTESIAN_POINT('Ctrl Pts',(-30.4981372724177,38.6190503312054,51.5));
#9616=CARTESIAN_POINT('Ctrl Pts',(-29.9102305773219,38.3650034799544,51.5));
#9617=CARTESIAN_POINT('Ctrl Pts',(-29.6350006014109,38.2460708171129,51.5));
#9618=CARTESIAN_POINT('',(-31.4800003916025,38.6542845517397,51.));
#9619=CARTESIAN_POINT('Ctrl Pts',(-31.4800003916025,38.6542845517397,51.));
#9620=CARTESIAN_POINT('Ctrl Pts',(-31.1391038861517,38.6420514589412,51.));
#9621=CARTESIAN_POINT('Ctrl Pts',(-30.4981372724177,38.6190503312054,51.));
#9622=CARTESIAN_POINT('Ctrl Pts',(-29.9102305773219,38.3650034799544,51.));
#9623=CARTESIAN_POINT('Ctrl Pts',(-29.6350006014109,38.2460708171129,51.));
#9624=CARTESIAN_POINT('',(-31.4800003916025,38.6542845517397,51.5));
#9625=CARTESIAN_POINT('Ctrl Pts',(-33.3185700327158,38.2460708171129,51.5));
#9626=CARTESIAN_POINT('Ctrl Pts',(-33.3185700327158,38.2460708171129,51.));
#9627=CARTESIAN_POINT('Ctrl Pts',(-33.0428094607715,38.365021482857,51.5));
#9628=CARTESIAN_POINT('Ctrl Pts',(-33.0428094607715,38.365021482857,51.));
#9629=CARTESIAN_POINT('Ctrl Pts',(-32.4567693100784,38.617812756048,51.5));
#9630=CARTESIAN_POINT('Ctrl Pts',(-32.4567693100784,38.617812756048,51.));
#9631=CARTESIAN_POINT('Ctrl Pts',(-31.8181291179984,38.6416590867056,51.5));
#9632=CARTESIAN_POINT('Ctrl Pts',(-31.8181291179984,38.6416590867056,51.));
#9633=CARTESIAN_POINT('Ctrl Pts',(-31.4800003916025,38.6542845517397,51.5));
#9634=CARTESIAN_POINT('Ctrl Pts',(-31.4800003916025,38.6542845517397,51.));
#9635=CARTESIAN_POINT('',(-33.3185700327158,38.2460708171129,51.5));
#9636=CARTESIAN_POINT('Ctrl Pts',(-33.3185700327158,38.2460708171129,51.5));
#9637=CARTESIAN_POINT('Ctrl Pts',(-33.0428094607715,38.365021482857,51.5));
#9638=CARTESIAN_POINT('Ctrl Pts',(-32.4567693100784,38.617812756048,51.5));
#9639=CARTESIAN_POINT('Ctrl Pts',(-31.8181291179984,38.6416590867056,51.5));
#9640=CARTESIAN_POINT('Ctrl Pts',(-31.4800003916025,38.6542845517397,51.5));
#9641=CARTESIAN_POINT('',(-33.3185700327158,38.2460708171129,51.));
#9642=CARTESIAN_POINT('Ctrl Pts',(-33.3185700327158,38.2460708171129,51.));
#9643=CARTESIAN_POINT('Ctrl Pts',(-33.0428094607715,38.365021482857,51.));
#9644=CARTESIAN_POINT('Ctrl Pts',(-32.4567693100784,38.617812756048,51.));
#9645=CARTESIAN_POINT('Ctrl Pts',(-31.8181291179984,38.6416590867056,51.));
#9646=CARTESIAN_POINT('Ctrl Pts',(-31.4800003916025,38.6542845517397,51.));
#9647=CARTESIAN_POINT('',(-33.3185700327158,38.2460708171129,51.5));
#9648=CARTESIAN_POINT('Ctrl Pts',(-34.5432142168283,37.1596420556307,51.5));
#9649=CARTESIAN_POINT('Ctrl Pts',(-34.5432142168283,37.1596420556307,51.));
#9650=CARTESIAN_POINT('Ctrl Pts',(-34.3741940362262,37.3752529281074,51.5));
#9651=CARTESIAN_POINT('Ctrl Pts',(-34.3741940362262,37.3752529281074,51.));
#9652=CARTESIAN_POINT('Ctrl Pts',(-34.0320723643929,37.8116810037039,51.5));
#9653=CARTESIAN_POINT('Ctrl Pts',(-34.0320723643929,37.8116810037039,51.));
#9654=CARTESIAN_POINT('Ctrl Pts',(-33.5582881324914,38.1001272146757,51.5));
#9655=CARTESIAN_POINT('Ctrl Pts',(-33.5582881324914,38.1001272146757,51.));
#9656=CARTESIAN_POINT('Ctrl Pts',(-33.3185700327158,38.2460708171129,51.5));
#9657=CARTESIAN_POINT('Ctrl Pts',(-33.3185700327158,38.2460708171129,51.));
#9658=CARTESIAN_POINT('',(-34.5432142168283,37.1596420556307,51.5));
#9659=CARTESIAN_POINT('Ctrl Pts',(-34.5432142168283,37.1596420556307,51.5));
#9660=CARTESIAN_POINT('Ctrl Pts',(-34.3741940362262,37.3752529281074,51.5));
#9661=CARTESIAN_POINT('Ctrl Pts',(-34.0320723643929,37.8116810037039,51.5));
#9662=CARTESIAN_POINT('Ctrl Pts',(-33.5582881324914,38.1001272146757,51.5));
#9663=CARTESIAN_POINT('Ctrl Pts',(-33.3185700327158,38.2460708171129,51.5));
#9664=CARTESIAN_POINT('',(-34.5432142168283,37.1596420556307,51.));
#9665=CARTESIAN_POINT('Ctrl Pts',(-34.5432142168283,37.1596420556307,51.));
#9666=CARTESIAN_POINT('Ctrl Pts',(-34.3741940362262,37.3752529281074,51.));
#9667=CARTESIAN_POINT('Ctrl Pts',(-34.0320723643929,37.8116810037039,51.));
#9668=CARTESIAN_POINT('Ctrl Pts',(-33.5582881324914,38.1001272146757,51.));
#9669=CARTESIAN_POINT('Ctrl Pts',(-33.3185700327158,38.2460708171129,51.));
#9670=CARTESIAN_POINT('',(-34.5432142168283,37.1596420556307,51.5));
#9671=CARTESIAN_POINT('Ctrl Pts',(-35.2246431261301,35.6585706025362,51.5));
#9672=CARTESIAN_POINT('Ctrl Pts',(-35.2246431261301,35.6585706025362,51.));
#9673=CARTESIAN_POINT('Ctrl Pts',(-35.1430777575243,35.9258574661165,51.5));
#9674=CARTESIAN_POINT('Ctrl Pts',(-35.1430777575243,35.9258574661165,51.));
#9675=CARTESIAN_POINT('Ctrl Pts',(-34.9813137687156,36.4559524065061,51.5));
#9676=CARTESIAN_POINT('Ctrl Pts',(-34.9813137687156,36.4559524065061,51.));
#9677=CARTESIAN_POINT('Ctrl Pts',(-34.6884225187077,36.926403791498,51.5));
#9678=CARTESIAN_POINT('Ctrl Pts',(-34.6884225187077,36.926403791498,51.));
#9679=CARTESIAN_POINT('Ctrl Pts',(-34.5432142168283,37.1596420556307,51.5));
#9680=CARTESIAN_POINT('Ctrl Pts',(-34.5432142168283,37.1596420556307,51.));
#9681=CARTESIAN_POINT('',(-35.2246431261301,35.6585706025362,51.5));
#9682=CARTESIAN_POINT('Ctrl Pts',(-35.2246431261301,35.6585706025362,51.5));
#9683=CARTESIAN_POINT('Ctrl Pts',(-35.1430777575243,35.9258574661165,51.5));
#9684=CARTESIAN_POINT('Ctrl Pts',(-34.9813137687156,36.4559524065061,51.5));
#9685=CARTESIAN_POINT('Ctrl Pts',(-34.6884225187077,36.926403791498,51.5));
#9686=CARTESIAN_POINT('Ctrl Pts',(-34.5432142168283,37.1596420556307,51.5));
#9687=CARTESIAN_POINT('',(-35.2246431261301,35.6585706025362,51.));
#9688=CARTESIAN_POINT('Ctrl Pts',(-35.2246431261301,35.6585706025362,51.));
#9689=CARTESIAN_POINT('Ctrl Pts',(-35.1430777575243,35.9258574661165,51.));
#9690=CARTESIAN_POINT('Ctrl Pts',(-34.9813137687156,36.4559524065061,51.));
#9691=CARTESIAN_POINT('Ctrl Pts',(-34.6884225187077,36.926403791498,51.));
#9692=CARTESIAN_POINT('Ctrl Pts',(-34.5432142168283,37.1596420556307,51.));
#9693=CARTESIAN_POINT('',(-35.2246431261301,35.6585706025362,51.5));
#9694=CARTESIAN_POINT('Ctrl Pts',(-35.4399994760752,33.9999986439943,51.5));
#9695=CARTESIAN_POINT('Ctrl Pts',(-35.4399994760752,33.9999986439943,51.));
#9696=CARTESIAN_POINT('Ctrl Pts',(-35.4308682242392,34.27864113844,51.5));
#9697=CARTESIAN_POINT('Ctrl Pts',(-35.4308682242392,34.27864113844,51.));
#9698=CARTESIAN_POINT('Ctrl Pts',(-35.412523932661,34.8384219062935,51.5));
#9699=CARTESIAN_POINT('Ctrl Pts',(-35.412523932661,34.8384219062935,51.));
#9700=CARTESIAN_POINT('Ctrl Pts',(-35.2874559332647,35.3843763256965,51.5));
#9701=CARTESIAN_POINT('Ctrl Pts',(-35.2874559332647,35.3843763256965,51.));
#9702=CARTESIAN_POINT('Ctrl Pts',(-35.2246431261301,35.6585706025362,51.5));
#9703=CARTESIAN_POINT('Ctrl Pts',(-35.2246431261301,35.6585706025362,51.));
#9704=CARTESIAN_POINT('',(-35.4399994760752,33.9999986439943,51.5));
#9705=CARTESIAN_POINT('Ctrl Pts',(-35.4399994760752,33.9999986439943,51.5));
#9706=CARTESIAN_POINT('Ctrl Pts',(-35.4308682242392,34.27864113844,51.5));
#9707=CARTESIAN_POINT('Ctrl Pts',(-35.412523932661,34.8384219062935,51.5));
#9708=CARTESIAN_POINT('Ctrl Pts',(-35.2874559332647,35.3843763256965,51.5));
#9709=CARTESIAN_POINT('Ctrl Pts',(-35.2246431261301,35.6585706025362,51.5));
#9710=CARTESIAN_POINT('',(-35.4399994760752,33.9999986439943,51.));
#9711=CARTESIAN_POINT('Ctrl Pts',(-35.4399994760752,33.9999986439943,51.));
#9712=CARTESIAN_POINT('Ctrl Pts',(-35.4308682242392,34.27864113844,51.));
#9713=CARTESIAN_POINT('Ctrl Pts',(-35.412523932661,34.8384219062935,51.));
#9714=CARTESIAN_POINT('Ctrl Pts',(-35.2874559332647,35.3843763256965,51.));
#9715=CARTESIAN_POINT('Ctrl Pts',(-35.2246431261301,35.6585706025362,51.));
#9716=CARTESIAN_POINT('',(-35.4399994760752,33.9999986439943,51.5));
#9717=CARTESIAN_POINT('Ctrl Pts',(-35.2246431261301,32.3414278775453,51.5));
#9718=CARTESIAN_POINT('Ctrl Pts',(-35.2246431261301,32.3414278775453,51.));
#9719=CARTESIAN_POINT('Ctrl Pts',(-35.2874547373292,32.6156226037965,51.5));
#9720=CARTESIAN_POINT('Ctrl Pts',(-35.2874547373292,32.6156226037965,51.));
#9721=CARTESIAN_POINT('Ctrl Pts',(-35.4125201367155,33.1615769630873,51.5));
#9722=CARTESIAN_POINT('Ctrl Pts',(-35.4125201367155,33.1615769630873,51.));
#9723=CARTESIAN_POINT('Ctrl Pts',(-35.4308669734513,33.7213570034295,51.5));
#9724=CARTESIAN_POINT('Ctrl Pts',(-35.4308669734513,33.7213570034295,51.));
#9725=CARTESIAN_POINT('Ctrl Pts',(-35.4399994760752,33.9999986439943,51.5));
#9726=CARTESIAN_POINT('Ctrl Pts',(-35.4399994760752,33.9999986439943,51.));
#9727=CARTESIAN_POINT('',(-35.2246431261301,32.3414278775453,51.5));
#9728=CARTESIAN_POINT('Ctrl Pts',(-35.2246431261301,32.3414278775453,51.5));
#9729=CARTESIAN_POINT('Ctrl Pts',(-35.2874547373292,32.6156226037965,51.5));
#9730=CARTESIAN_POINT('Ctrl Pts',(-35.4125201367155,33.1615769630873,51.5));
#9731=CARTESIAN_POINT('Ctrl Pts',(-35.4308669734513,33.7213570034295,51.5));
#9732=CARTESIAN_POINT('Ctrl Pts',(-35.4399994760752,33.9999986439943,51.5));
#9733=CARTESIAN_POINT('',(-35.2246431261301,32.3414278775453,51.));
#9734=CARTESIAN_POINT('Ctrl Pts',(-35.2246431261301,32.3414278775453,51.));
#9735=CARTESIAN_POINT('Ctrl Pts',(-35.2874547373292,32.6156226037965,51.));
#9736=CARTESIAN_POINT('Ctrl Pts',(-35.4125201367155,33.1615769630873,51.));
#9737=CARTESIAN_POINT('Ctrl Pts',(-35.4308669734513,33.7213570034295,51.));
#9738=CARTESIAN_POINT('Ctrl Pts',(-35.4399994760752,33.9999986439943,51.));
#9739=CARTESIAN_POINT('',(-35.2246431261301,32.3414278775453,51.5));
#9740=CARTESIAN_POINT('Ctrl Pts',(-34.5432142168283,30.8403564244509,51.5));
#9741=CARTESIAN_POINT('Ctrl Pts',(-34.5432142168283,30.8403564244509,51.));
#9742=CARTESIAN_POINT('Ctrl Pts',(-34.6884225187077,31.0735946885835,51.5));
#9743=CARTESIAN_POINT('Ctrl Pts',(-34.6884225187077,31.0735946885835,51.));
#9744=CARTESIAN_POINT('Ctrl Pts',(-34.9813137687156,31.5440460735755,51.5));
#9745=CARTESIAN_POINT('Ctrl Pts',(-34.9813137687156,31.5440460735755,51.));
#9746=CARTESIAN_POINT('Ctrl Pts',(-35.1430777575243,32.074141013965,51.5));
#9747=CARTESIAN_POINT('Ctrl Pts',(-35.1430777575243,32.074141013965,51.));
#9748=CARTESIAN_POINT('Ctrl Pts',(-35.2246431261301,32.3414278775453,51.5));
#9749=CARTESIAN_POINT('Ctrl Pts',(-35.2246431261301,32.3414278775453,51.));
#9750=CARTESIAN_POINT('',(-34.5432142168283,30.8403564244509,51.5));
#9751=CARTESIAN_POINT('Ctrl Pts',(-34.5432142168283,30.8403564244509,51.5));
#9752=CARTESIAN_POINT('Ctrl Pts',(-34.6884225187077,31.0735946885835,51.5));
#9753=CARTESIAN_POINT('Ctrl Pts',(-34.9813137687156,31.5440460735755,51.5));
#9754=CARTESIAN_POINT('Ctrl Pts',(-35.1430777575243,32.074141013965,51.5));
#9755=CARTESIAN_POINT('Ctrl Pts',(-35.2246431261301,32.3414278775453,51.5));
#9756=CARTESIAN_POINT('',(-34.5432142168283,30.8403564244509,51.));
#9757=CARTESIAN_POINT('Ctrl Pts',(-34.5432142168283,30.8403564244509,51.));
#9758=CARTESIAN_POINT('Ctrl Pts',(-34.6884225187077,31.0735946885835,51.));
#9759=CARTESIAN_POINT('Ctrl Pts',(-34.9813137687156,31.5440460735755,51.));
#9760=CARTESIAN_POINT('Ctrl Pts',(-35.1430777575243,32.074141013965,51.));
#9761=CARTESIAN_POINT('Ctrl Pts',(-35.2246431261301,32.3414278775453,51.));
#9762=CARTESIAN_POINT('',(-34.5432142168283,30.8403564244509,51.5));
#9763=CARTESIAN_POINT('Ctrl Pts',(-33.3185700327158,29.7539282590151,51.5));
#9764=CARTESIAN_POINT('Ctrl Pts',(-33.3185700327158,29.7539282590151,51.));
#9765=CARTESIAN_POINT('Ctrl Pts',(-33.5582881099956,29.8998718805798,51.5));
#9766=CARTESIAN_POINT('Ctrl Pts',(-33.5582881099956,29.8998718805798,51.));
#9767=CARTESIAN_POINT('Ctrl Pts',(-34.0320721690604,30.1883180511989,51.5));
#9768=CARTESIAN_POINT('Ctrl Pts',(-34.0320721690604,30.1883180511989,51.));
#9769=CARTESIAN_POINT('Ctrl Pts',(-34.3741940030289,30.6247457820986,51.5));
#9770=CARTESIAN_POINT('Ctrl Pts',(-34.3741940030289,30.6247457820986,51.));
#9771=CARTESIAN_POINT('Ctrl Pts',(-34.5432142168283,30.8403564244509,51.5));
#9772=CARTESIAN_POINT('Ctrl Pts',(-34.5432142168283,30.8403564244509,51.));
#9773=CARTESIAN_POINT('',(-33.3185700327158,29.7539282590151,51.5));
#9774=CARTESIAN_POINT('Ctrl Pts',(-33.3185700327158,29.7539282590151,51.5));
#9775=CARTESIAN_POINT('Ctrl Pts',(-33.5582881099956,29.8998718805798,51.5));
#9776=CARTESIAN_POINT('Ctrl Pts',(-34.0320721690604,30.1883180511989,51.5));
#9777=CARTESIAN_POINT('Ctrl Pts',(-34.3741940030289,30.6247457820986,51.5));
#9778=CARTESIAN_POINT('Ctrl Pts',(-34.5432142168283,30.8403564244509,51.5));
#9779=CARTESIAN_POINT('',(-33.3185700327158,29.7539282590151,51.));
#9780=CARTESIAN_POINT('Ctrl Pts',(-33.3185700327158,29.7539282590151,51.));
#9781=CARTESIAN_POINT('Ctrl Pts',(-33.5582881099956,29.8998718805798,51.));
#9782=CARTESIAN_POINT('Ctrl Pts',(-34.0320721690604,30.1883180511989,51.));
#9783=CARTESIAN_POINT('Ctrl Pts',(-34.3741940030289,30.6247457820986,51.));
#9784=CARTESIAN_POINT('Ctrl Pts',(-34.5432142168283,30.8403564244509,51.));
#9785=CARTESIAN_POINT('',(-33.3185700327158,29.7539282590151,51.5));
#9786=CARTESIAN_POINT('Ctrl Pts',(-31.4800003916025,29.3457139283419,51.5));
#9787=CARTESIAN_POINT('Ctrl Pts',(-31.4800003916025,29.3457139283419,51.));
#9788=CARTESIAN_POINT('Ctrl Pts',(-31.8181291833453,29.3583387459307,51.5));
#9789=CARTESIAN_POINT('Ctrl Pts',(-31.8181291833453,29.3583387459307,51.));
#9790=CARTESIAN_POINT('Ctrl Pts',(-32.45676974134,29.3821838627808,51.5));
#9791=CARTESIAN_POINT('Ctrl Pts',(-32.45676974134,29.3821838627808,51.));
#9792=CARTESIAN_POINT('Ctrl Pts',(-33.0428095186527,29.6349767724218,51.5));
#9793=CARTESIAN_POINT('Ctrl Pts',(-33.0428095186527,29.6349767724218,51.));
#9794=CARTESIAN_POINT('Ctrl Pts',(-33.3185700327158,29.7539282590151,51.5));
#9795=CARTESIAN_POINT('Ctrl Pts',(-33.3185700327158,29.7539282590151,51.));
#9796=CARTESIAN_POINT('',(-31.4800003916025,29.3457139283419,51.5));
#9797=CARTESIAN_POINT('Ctrl Pts',(-31.4800003916025,29.3457139283419,51.5));
#9798=CARTESIAN_POINT('Ctrl Pts',(-31.8181291833453,29.3583387459307,51.5));
#9799=CARTESIAN_POINT('Ctrl Pts',(-32.45676974134,29.3821838627808,51.5));
#9800=CARTESIAN_POINT('Ctrl Pts',(-33.0428095186527,29.6349767724218,51.5));
#9801=CARTESIAN_POINT('Ctrl Pts',(-33.3185700327158,29.7539282590151,51.5));
#9802=CARTESIAN_POINT('',(-31.4800003916025,29.3457139283419,51.));
#9803=CARTESIAN_POINT('Ctrl Pts',(-31.4800003916025,29.3457139283419,51.));
#9804=CARTESIAN_POINT('Ctrl Pts',(-31.8181291833453,29.3583387459307,51.));
#9805=CARTESIAN_POINT('Ctrl Pts',(-32.45676974134,29.3821838627808,51.));
#9806=CARTESIAN_POINT('Ctrl Pts',(-33.0428095186527,29.6349767724218,51.));
#9807=CARTESIAN_POINT('Ctrl Pts',(-33.3185700327158,29.7539282590151,51.));
#9808=CARTESIAN_POINT('',(-31.4800003916025,29.3457139283419,51.5));
#9809=CARTESIAN_POINT('Ctrl Pts',(-29.6350006014109,29.7539282590151,51.5));
#9810=CARTESIAN_POINT('Ctrl Pts',(-29.6350006014109,29.7539282590151,51.));
#9811=CARTESIAN_POINT('Ctrl Pts',(-29.9102305403701,29.6349950638382,51.5));
#9812=CARTESIAN_POINT('Ctrl Pts',(-29.9102305403701,29.6349950638382,51.));
#9813=CARTESIAN_POINT('Ctrl Pts',(-30.4981369944198,29.3809471455428,51.5));
#9814=CARTESIAN_POINT('Ctrl Pts',(-30.4981369944198,29.3809471455428,51.));
#9815=CARTESIAN_POINT('Ctrl Pts',(-31.1391038436486,29.3579466708512,51.5));
#9816=CARTESIAN_POINT('Ctrl Pts',(-31.1391038436486,29.3579466708512,51.));
#9817=CARTESIAN_POINT('Ctrl Pts',(-31.4800003916025,29.3457139283419,51.5));
#9818=CARTESIAN_POINT('Ctrl Pts',(-31.4800003916025,29.3457139283419,51.));
#9819=CARTESIAN_POINT('Ctrl Pts',(-29.6350006014109,29.7539282590151,51.5));
#9820=CARTESIAN_POINT('Ctrl Pts',(-29.9102305403701,29.6349950638382,51.5));
#9821=CARTESIAN_POINT('Ctrl Pts',(-30.4981369944198,29.3809471455428,51.5));
#9822=CARTESIAN_POINT('Ctrl Pts',(-31.1391038436486,29.3579466708512,51.5));
#9823=CARTESIAN_POINT('Ctrl Pts',(-31.4800003916025,29.3457139283419,51.5));
#9824=CARTESIAN_POINT('Ctrl Pts',(-29.6350006014109,29.7539282590151,51.));
#9825=CARTESIAN_POINT('Ctrl Pts',(-29.9102305403701,29.6349950638382,51.));
#9826=CARTESIAN_POINT('Ctrl Pts',(-30.4981369944198,29.3809471455428,51.));
#9827=CARTESIAN_POINT('Ctrl Pts',(-31.1391038436486,29.3579466708512,51.));
#9828=CARTESIAN_POINT('Ctrl Pts',(-31.4800003916025,29.3457139283419,51.));
#9829=CARTESIAN_POINT('Origin',(-25.0000009685755,33.9999992400408,51.5));
#9830=CARTESIAN_POINT('Origin',(-25.0000009685755,33.9999992400408,51.));
#9831=CARTESIAN_POINT('Origin',(-24.0035752207041,38.4999991208315,51.5));
#9832=CARTESIAN_POINT('',(-24.0035752207041,38.4999991208315,51.5));
#9833=CARTESIAN_POINT('',(-24.0035752207041,29.4999993592501,51.5));
#9834=CARTESIAN_POINT('',(-24.0035752207041,38.4999991208315,51.5));
#9835=CARTESIAN_POINT('',(-24.0035752207041,29.4999993592501,51.));
#9836=CARTESIAN_POINT('',(-24.0035752207041,29.4999993592501,51.5));
#9837=CARTESIAN_POINT('',(-24.0035752207041,38.4999991208315,51.));
#9838=CARTESIAN_POINT('',(-24.0035752207041,38.4999991208315,51.));
#9839=CARTESIAN_POINT('',(-24.0035752207041,38.4999991208315,51.5));
#9840=CARTESIAN_POINT('Origin',(-25.8550003916025,38.4999991208315,51.5));
#9841=CARTESIAN_POINT('',(-25.8550003916025,38.4999991208315,51.5));
#9842=CARTESIAN_POINT('',(-25.8550003916025,38.4999991208315,51.5));
#9843=CARTESIAN_POINT('',(-25.8550003916025,38.4999991208315,51.));
#9844=CARTESIAN_POINT('',(-25.8550003916025,38.4999991208315,51.));
#9845=CARTESIAN_POINT('',(-25.8550003916025,38.4999991208315,51.5));
#9846=CARTESIAN_POINT('Origin',(-25.8550003916025,29.4999993592501,51.5));
#9847=CARTESIAN_POINT('',(-25.8550003916025,29.4999993592501,51.5));
#9848=CARTESIAN_POINT('',(-25.8550003916025,29.4999993592501,51.5));
#9849=CARTESIAN_POINT('',(-25.8550003916025,29.4999993592501,51.));
#9850=CARTESIAN_POINT('',(-25.8550003916025,29.4999993592501,51.));
#9851=CARTESIAN_POINT('',(-25.8550003916025,29.4999993592501,51.5));
#9852=CARTESIAN_POINT('Origin',(-24.0035752207041,29.4999993592501,51.5));
#9853=CARTESIAN_POINT('',(-24.0035752207041,29.4999993592501,51.5));
#9854=CARTESIAN_POINT('',(-24.0035752207041,29.4999993592501,51.));
#9855=CARTESIAN_POINT('Origin',(-25.0000009685755,33.9999992400408,51.5));
#9856=CARTESIAN_POINT('Origin',(-25.0000009685755,33.9999992400408,51.));
#9857=CARTESIAN_POINT('Origin',(-20.1721409708261,34.4692850857973,51.5));
#9858=CARTESIAN_POINT('',(-20.1721409708261,34.4692850857973,51.5));
#9859=CARTESIAN_POINT('',(-20.1721409708261,29.4999993592501,51.5));
#9860=CARTESIAN_POINT('',(-20.1721409708261,34.4692850857973,51.5));
#9861=CARTESIAN_POINT('',(-20.1721409708261,29.4999993592501,51.));
#9862=CARTESIAN_POINT('',(-20.1721409708261,29.4999993592501,51.5));
#9863=CARTESIAN_POINT('',(-20.1721409708261,34.4692850857973,51.));
#9864=CARTESIAN_POINT('',(-20.1721409708261,34.4692850857973,51.));
#9865=CARTESIAN_POINT('',(-20.1721409708261,34.4692850857973,51.5));
#9866=CARTESIAN_POINT('Ctrl Pts',(-20.1753548532724,34.7939277440309,51.5));
#9867=CARTESIAN_POINT('Ctrl Pts',(-20.1753548532724,34.7939277440309,51.));
#9868=CARTESIAN_POINT('Ctrl Pts',(-20.1744208094952,34.7352680942766,51.5));
#9869=CARTESIAN_POINT('Ctrl Pts',(-20.1744208094952,34.7352680942766,51.));
#9870=CARTESIAN_POINT('Ctrl Pts',(-20.1726978022123,34.6270600999596,51.5));
#9871=CARTESIAN_POINT('Ctrl Pts',(-20.1726978022123,34.6270600999596,51.));
#9872=CARTESIAN_POINT('Ctrl Pts',(-20.1723158612526,34.5188392959204,51.5));
#9873=CARTESIAN_POINT('Ctrl Pts',(-20.1723158612526,34.5188392959204,51.));
#9874=CARTESIAN_POINT('Ctrl Pts',(-20.1721409708261,34.4692850857973,51.5));
#9875=CARTESIAN_POINT('Ctrl Pts',(-20.1721409708261,34.4692850857973,51.));
#9876=CARTESIAN_POINT('',(-20.1753548532724,34.7939277440309,51.5));
#9877=CARTESIAN_POINT('Ctrl Pts',(-20.1753548532724,34.7939277440309,51.5));
#9878=CARTESIAN_POINT('Ctrl Pts',(-20.1744208094952,34.7352680942766,51.5));
#9879=CARTESIAN_POINT('Ctrl Pts',(-20.1726978022123,34.6270600999596,51.5));
#9880=CARTESIAN_POINT('Ctrl Pts',(-20.1723158612526,34.5188392959204,51.5));
#9881=CARTESIAN_POINT('Ctrl Pts',(-20.1721409708261,34.4692850857973,51.5));
#9882=CARTESIAN_POINT('',(-20.1753548532724,34.7939277440309,51.));
#9883=CARTESIAN_POINT('Ctrl Pts',(-20.1753548532724,34.7939277440309,51.));
#9884=CARTESIAN_POINT('Ctrl Pts',(-20.1744208094952,34.7352680942766,51.));
#9885=CARTESIAN_POINT('Ctrl Pts',(-20.1726978022123,34.6270600999596,51.));
#9886=CARTESIAN_POINT('Ctrl Pts',(-20.1723158612526,34.5188392959204,51.));
#9887=CARTESIAN_POINT('Ctrl Pts',(-20.1721409708261,34.4692850857973,51.));
#9888=CARTESIAN_POINT('',(-20.1753548532724,34.7939277440309,51.5));
#9889=CARTESIAN_POINT('Ctrl Pts',(-20.2042845636606,35.1507128030062,51.5));
#9890=CARTESIAN_POINT('Ctrl Pts',(-20.2042845636606,35.1507128030062,51.));
#9891=CARTESIAN_POINT('Ctrl Pts',(-20.1966377536634,35.0932015870303,51.5));
#9892=CARTESIAN_POINT('Ctrl Pts',(-20.1966377536634,35.0932015870303,51.));
#9893=CARTESIAN_POINT('Ctrl Pts',(-20.1808913890727,34.9747740891408,51.5));
#9894=CARTESIAN_POINT('Ctrl Pts',(-20.1808913890727,34.9747740891408,51.));
#9895=CARTESIAN_POINT('Ctrl Pts',(-20.1772354045578,34.8553543904072,51.5));
#9896=CARTESIAN_POINT('Ctrl Pts',(-20.1772354045578,34.8553543904072,51.));
#9897=CARTESIAN_POINT('Ctrl Pts',(-20.1753548532724,34.7939277440309,51.5));
#9898=CARTESIAN_POINT('Ctrl Pts',(-20.1753548532724,34.7939277440309,51.));
#9899=CARTESIAN_POINT('',(-20.2042845636606,35.1507128030062,51.5));
#9900=CARTESIAN_POINT('Ctrl Pts',(-20.2042845636606,35.1507128030062,51.5));
#9901=CARTESIAN_POINT('Ctrl Pts',(-20.1966377536634,35.0932015870303,51.5));
#9902=CARTESIAN_POINT('Ctrl Pts',(-20.1808913890727,34.9747740891408,51.5));
#9903=CARTESIAN_POINT('Ctrl Pts',(-20.1772354045578,34.8553543904072,51.5));
#9904=CARTESIAN_POINT('Ctrl Pts',(-20.1753548532724,34.7939277440309,51.5));
#9905=CARTESIAN_POINT('',(-20.2042845636606,35.1507128030062,51.));
#9906=CARTESIAN_POINT('Ctrl Pts',(-20.2042845636606,35.1507128030062,51.));
#9907=CARTESIAN_POINT('Ctrl Pts',(-20.1966377536634,35.0932015870303,51.));
#9908=CARTESIAN_POINT('Ctrl Pts',(-20.1808913890727,34.9747740891408,51.));
#9909=CARTESIAN_POINT('Ctrl Pts',(-20.1772354045578,34.8553543904072,51.));
#9910=CARTESIAN_POINT('Ctrl Pts',(-20.1753548532724,34.7939277440309,51.));
#9911=CARTESIAN_POINT('',(-20.2042845636606,35.1507128030062,51.5));
#9912=CARTESIAN_POINT('Ctrl Pts',(-20.0146416574716,34.7842849045992,51.5));
#9913=CARTESIAN_POINT('Ctrl Pts',(-20.0146416574716,34.7842849045992,51.));
#9914=CARTESIAN_POINT('Ctrl Pts',(-20.0509845167347,34.8498072672345,51.5));
#9915=CARTESIAN_POINT('Ctrl Pts',(-20.0509845167347,34.8498072672345,51.));
#9916=CARTESIAN_POINT('Ctrl Pts',(-20.1177247716018,34.9701329452481,51.5));
#9917=CARTESIAN_POINT('Ctrl Pts',(-20.1177247716018,34.9701329452481,51.));
#9918=CARTESIAN_POINT('Ctrl Pts',(-20.1771973093379,35.0942037424331,51.5));
#9919=CARTESIAN_POINT('Ctrl Pts',(-20.1771973093379,35.0942037424331,51.));
#9920=CARTESIAN_POINT('Ctrl Pts',(-20.2042845636606,35.1507128030062,51.5));
#9921=CARTESIAN_POINT('Ctrl Pts',(-20.2042845636606,35.1507128030062,51.));
#9922=CARTESIAN_POINT('',(-20.0146416574716,34.7842849045992,51.5));
#9923=CARTESIAN_POINT('Ctrl Pts',(-20.0146416574716,34.7842849045992,51.5));
#9924=CARTESIAN_POINT('Ctrl Pts',(-20.0509845167347,34.8498072672345,51.5));
#9925=CARTESIAN_POINT('Ctrl Pts',(-20.1177247716018,34.9701329452481,51.5));
#9926=CARTESIAN_POINT('Ctrl Pts',(-20.1771973093379,35.0942037424331,51.5));
#9927=CARTESIAN_POINT('Ctrl Pts',(-20.2042845636606,35.1507128030062,51.5));
#9928=CARTESIAN_POINT('',(-20.0146416574716,34.7842849045992,51.));
#9929=CARTESIAN_POINT('Ctrl Pts',(-20.0146416574716,34.7842849045992,51.));
#9930=CARTESIAN_POINT('Ctrl Pts',(-20.0509845167347,34.8498072672345,51.));
#9931=CARTESIAN_POINT('Ctrl Pts',(-20.1177247716018,34.9701329452481,51.));
#9932=CARTESIAN_POINT('Ctrl Pts',(-20.1771973093379,35.0942037424331,51.));
#9933=CARTESIAN_POINT('Ctrl Pts',(-20.2042845636606,35.1507128030062,51.));
#9934=CARTESIAN_POINT('',(-20.0146416574716,34.7842849045992,51.5));
#9935=CARTESIAN_POINT('Ctrl Pts',(-19.8249987512827,34.4692850857973,51.5));
#9936=CARTESIAN_POINT('Ctrl Pts',(-19.8249987512827,34.4692850857973,51.));
#9937=CARTESIAN_POINT('Ctrl Pts',(-19.8529764021152,34.5124423669433,51.5));
#9938=CARTESIAN_POINT('Ctrl Pts',(-19.8529764021152,34.5124423669433,51.));
#9939=CARTESIAN_POINT('Ctrl Pts',(-19.9196747026967,34.6153286788564,51.5));
#9940=CARTESIAN_POINT('Ctrl Pts',(-19.9196747026967,34.6153286788564,51.));
#9941=CARTESIAN_POINT('Ctrl Pts',(-19.9797600523899,34.7222268512854,51.5));
#9942=CARTESIAN_POINT('Ctrl Pts',(-19.9797600523899,34.7222268512854,51.));
#9943=CARTESIAN_POINT('Ctrl Pts',(-20.0146416574716,34.7842849045992,51.5));
#9944=CARTESIAN_POINT('Ctrl Pts',(-20.0146416574716,34.7842849045992,51.));
#9945=CARTESIAN_POINT('',(-19.8249987512827,34.4692850857973,51.5));
#9946=CARTESIAN_POINT('Ctrl Pts',(-19.8249987512827,34.4692850857973,51.5));
#9947=CARTESIAN_POINT('Ctrl Pts',(-19.8529764021152,34.5124423669433,51.5));
#9948=CARTESIAN_POINT('Ctrl Pts',(-19.9196747026967,34.6153286788564,51.5));
#9949=CARTESIAN_POINT('Ctrl Pts',(-19.9797600523899,34.7222268512854,51.5));
#9950=CARTESIAN_POINT('Ctrl Pts',(-20.0146416574716,34.7842849045992,51.5));
#9951=CARTESIAN_POINT('',(-19.8249987512827,34.4692850857973,51.));
#9952=CARTESIAN_POINT('Ctrl Pts',(-19.8249987512827,34.4692850857973,51.));
#9953=CARTESIAN_POINT('Ctrl Pts',(-19.8529764021152,34.5124423669433,51.));
#9954=CARTESIAN_POINT('Ctrl Pts',(-19.9196747026967,34.6153286788564,51.));
#9955=CARTESIAN_POINT('Ctrl Pts',(-19.9797600523899,34.7222268512854,51.));
#9956=CARTESIAN_POINT('Ctrl Pts',(-20.0146416574716,34.7842849045992,51.));
#9957=CARTESIAN_POINT('',(-19.8249987512827,34.4692850857973,51.5));
#9958=CARTESIAN_POINT('Origin',(-16.3535717874765,29.4999993592501,51.5));
#9959=CARTESIAN_POINT('',(-16.3535717874765,29.4999993592501,51.5));
#9960=CARTESIAN_POINT('',(-16.3535717874765,29.4999993592501,51.5));
#9961=CARTESIAN_POINT('',(-16.3535717874765,29.4999993592501,51.));
#9962=CARTESIAN_POINT('',(-16.3535717874765,29.4999993592501,51.));
#9963=CARTESIAN_POINT('',(-16.3535717874765,29.4999993592501,51.5));
#9964=CARTESIAN_POINT('Origin',(-14.7271422296762,29.4999993592501,51.5));
#9965=CARTESIAN_POINT('',(-14.7271422296762,29.4999993592501,51.5));
#9966=CARTESIAN_POINT('',(-14.7271422296762,29.4999993592501,51.5));
#9967=CARTESIAN_POINT('',(-14.7271422296762,29.4999993592501,51.));
#9968=CARTESIAN_POINT('',(-14.7271422296762,29.4999993592501,51.));
#9969=CARTESIAN_POINT('',(-14.7271422296762,29.4999993592501,51.5));
#9970=CARTESIAN_POINT('Origin',(-14.7271422296762,38.4999991208315,51.5));
#9971=CARTESIAN_POINT('',(-14.7271422296762,38.4999991208315,51.5));
#9972=CARTESIAN_POINT('',(-14.7271422296762,38.4999991208315,51.5));
#9973=CARTESIAN_POINT('',(-14.7271422296762,38.4999991208315,51.));
#9974=CARTESIAN_POINT('',(-14.7271422296762,38.4999991208315,51.));
#9975=CARTESIAN_POINT('',(-14.7271422296762,38.4999991208315,51.5));
#9976=CARTESIAN_POINT('Origin',(-16.5657118707895,38.4999991208315,51.5));
#9977=CARTESIAN_POINT('',(-16.5657118707895,38.4999991208315,51.5));
#9978=CARTESIAN_POINT('',(-16.5657118707895,38.4999991208315,51.5));
#9979=CARTESIAN_POINT('',(-16.5657118707895,38.4999991208315,51.));
#9980=CARTESIAN_POINT('',(-16.5657118707895,38.4999991208315,51.));
#9981=CARTESIAN_POINT('',(-16.5657118707895,38.4999991208315,51.5));
#9982=CARTESIAN_POINT('Origin',(-16.5657118707895,33.5757137089968,51.5));
#9983=CARTESIAN_POINT('',(-16.5657118707895,33.5757137089968,51.5));
#9984=CARTESIAN_POINT('',(-16.5657118707895,33.5757137089968,51.5));
#9985=CARTESIAN_POINT('',(-16.5657118707895,33.5757137089968,51.));
#9986=CARTESIAN_POINT('',(-16.5657118707895,33.5757137089968,51.));
#9987=CARTESIAN_POINT('',(-16.5657118707895,33.5757137089968,51.5));
#9988=CARTESIAN_POINT('Ctrl Pts',(-16.5560702234507,33.2510698586702,51.5));
#9989=CARTESIAN_POINT('Ctrl Pts',(-16.5560702234507,33.2510698586702,51.));
#9990=CARTESIAN_POINT('Ctrl Pts',(-16.5588552968773,33.3140058166812,51.5));
#9991=CARTESIAN_POINT('Ctrl Pts',(-16.5588552968773,33.3140058166812,51.));
#9992=CARTESIAN_POINT('Ctrl Pts',(-16.5636421137008,33.4221763588771,51.5));
#9993=CARTESIAN_POINT('Ctrl Pts',(-16.5636421137008,33.4221763588771,51.));
#9994=CARTESIAN_POINT('Ctrl Pts',(-16.5651015613202,33.5304401359854,51.5));
#9995=CARTESIAN_POINT('Ctrl Pts',(-16.5651015613202,33.5304401359854,51.));
#9996=CARTESIAN_POINT('Ctrl Pts',(-16.5657118707895,33.5757137089968,51.5));
#9997=CARTESIAN_POINT('Ctrl Pts',(-16.5657118707895,33.5757137089968,51.));
#9998=CARTESIAN_POINT('',(-16.5560702234507,33.2510698586702,51.5));
#9999=CARTESIAN_POINT('Ctrl Pts',(-16.5560702234507,33.2510698586702,51.5));
#10000=CARTESIAN_POINT('Ctrl Pts',(-16.5588552968773,33.3140058166812,51.5));
#10001=CARTESIAN_POINT('Ctrl Pts',(-16.5636421137008,33.4221763588771,51.5));
#10002=CARTESIAN_POINT('Ctrl Pts',(-16.5651015613202,33.5304401359854,51.5));
#10003=CARTESIAN_POINT('Ctrl Pts',(-16.5657118707895,33.5757137089968,51.5));
#10004=CARTESIAN_POINT('',(-16.5560702234507,33.2510698586702,51.));
#10005=CARTESIAN_POINT('Ctrl Pts',(-16.5560702234507,33.2510698586702,51.));
#10006=CARTESIAN_POINT('Ctrl Pts',(-16.5588552968773,33.3140058166812,51.));
#10007=CARTESIAN_POINT('Ctrl Pts',(-16.5636421137008,33.4221763588771,51.));
#10008=CARTESIAN_POINT('Ctrl Pts',(-16.5651015613202,33.5304401359854,51.));
#10009=CARTESIAN_POINT('Ctrl Pts',(-16.5657118707895,33.5757137089968,51.));
#10010=CARTESIAN_POINT('',(-16.5560702234507,33.2510698586702,51.5));
#10011=CARTESIAN_POINT('Ctrl Pts',(-16.5271405130625,32.9007137566805,51.5));
#10012=CARTESIAN_POINT('Ctrl Pts',(-16.5271405130625,32.9007137566805,51.));
#10013=CARTESIAN_POINT('Ctrl Pts',(-16.5333026284516,32.9523642892238,51.5));
#10014=CARTESIAN_POINT('Ctrl Pts',(-16.5333026284516,32.9523642892238,51.));
#10015=CARTESIAN_POINT('Ctrl Pts',(-16.5471924130394,33.0687877453877,51.5));
#10016=CARTESIAN_POINT('Ctrl Pts',(-16.5471924130394,33.0687877453877,51.));
#10017=CARTESIAN_POINT('Ctrl Pts',(-16.5528966405327,33.1859088139789,51.5));
#10018=CARTESIAN_POINT('Ctrl Pts',(-16.5528966405327,33.1859088139789,51.));
#10019=CARTESIAN_POINT('Ctrl Pts',(-16.5560702234507,33.2510698586702,51.5));
#10020=CARTESIAN_POINT('Ctrl Pts',(-16.5560702234507,33.2510698586702,51.));
#10021=CARTESIAN_POINT('',(-16.5271405130625,32.9007137566805,51.5));
#10022=CARTESIAN_POINT('Ctrl Pts',(-16.5271405130625,32.9007137566805,51.5));
#10023=CARTESIAN_POINT('Ctrl Pts',(-16.5333026284516,32.9523642892238,51.5));
#10024=CARTESIAN_POINT('Ctrl Pts',(-16.5471924130394,33.0687877453877,51.5));
#10025=CARTESIAN_POINT('Ctrl Pts',(-16.5528966405327,33.1859088139789,51.5));
#10026=CARTESIAN_POINT('Ctrl Pts',(-16.5560702234507,33.2510698586702,51.5));
#10027=CARTESIAN_POINT('',(-16.5271405130625,32.9007137566805,51.));
#10028=CARTESIAN_POINT('Ctrl Pts',(-16.5271405130625,32.9007137566805,51.));
#10029=CARTESIAN_POINT('Ctrl Pts',(-16.5333026284516,32.9523642892238,51.));
#10030=CARTESIAN_POINT('Ctrl Pts',(-16.5471924130394,33.0687877453877,51.));
#10031=CARTESIAN_POINT('Ctrl Pts',(-16.5528966405327,33.1859088139789,51.));
#10032=CARTESIAN_POINT('Ctrl Pts',(-16.5560702234507,33.2510698586702,51.));
#10033=CARTESIAN_POINT('',(-16.5271405130625,32.9007137566805,51.5));
#10034=CARTESIAN_POINT('Ctrl Pts',(-16.7135695368051,33.2607138901949,51.5));
#10035=CARTESIAN_POINT('Ctrl Pts',(-16.7135695368051,33.2607138901949,51.));
#10036=CARTESIAN_POINT('Ctrl Pts',(-16.6764479163815,33.197059707632,51.5));
#10037=CARTESIAN_POINT('Ctrl Pts',(-16.6764479163815,33.197059707632,51.));
#10038=CARTESIAN_POINT('Ctrl Pts',(-16.6082743067905,33.0801592237267,51.5));
#10039=CARTESIAN_POINT('Ctrl Pts',(-16.6082743067905,33.0801592237267,51.));
#10040=CARTESIAN_POINT('Ctrl Pts',(-16.5525307925415,32.9568700184574,51.5));
#10041=CARTESIAN_POINT('Ctrl Pts',(-16.5525307925415,32.9568700184574,51.));
#10042=CARTESIAN_POINT('Ctrl Pts',(-16.5271405130625,32.9007137566805,51.5));
#10043=CARTESIAN_POINT('Ctrl Pts',(-16.5271405130625,32.9007137566805,51.));
#10044=CARTESIAN_POINT('',(-16.7135695368051,33.2607138901949,51.5));
#10045=CARTESIAN_POINT('Ctrl Pts',(-16.7135695368051,33.2607138901949,51.5));
#10046=CARTESIAN_POINT('Ctrl Pts',(-16.6764479163815,33.197059707632,51.5));
#10047=CARTESIAN_POINT('Ctrl Pts',(-16.6082743067905,33.0801592237267,51.5));
#10048=CARTESIAN_POINT('Ctrl Pts',(-16.5525307925415,32.9568700184574,51.5));
#10049=CARTESIAN_POINT('Ctrl Pts',(-16.5271405130625,32.9007137566805,51.5));
#10050=CARTESIAN_POINT('',(-16.7135695368051,33.2607138901949,51.));
#10051=CARTESIAN_POINT('Ctrl Pts',(-16.7135695368051,33.2607138901949,51.));
#10052=CARTESIAN_POINT('Ctrl Pts',(-16.6764479163815,33.197059707632,51.));
#10053=CARTESIAN_POINT('Ctrl Pts',(-16.6082743067905,33.0801592237267,51.));
#10054=CARTESIAN_POINT('Ctrl Pts',(-16.5525307925415,32.9568700184574,51.));
#10055=CARTESIAN_POINT('Ctrl Pts',(-16.5271405130625,32.9007137566805,51.));
#10056=CARTESIAN_POINT('',(-16.7135695368051,33.2607138901949,51.5));
#10057=CARTESIAN_POINT('Ctrl Pts',(-16.8999985605478,33.5692847520113,51.5));
#10058=CARTESIAN_POINT('Ctrl Pts',(-16.8999985605478,33.5692847520113,51.));
#10059=CARTESIAN_POINT('Ctrl Pts',(-16.8736547760548,33.5264842633655,51.5));
#10060=CARTESIAN_POINT('Ctrl Pts',(-16.8736547760548,33.5264842633655,51.));
#10061=CARTESIAN_POINT('Ctrl Pts',(-16.8106625325452,33.4241413823032,51.5));
#10062=CARTESIAN_POINT('Ctrl Pts',(-16.8106625325452,33.4241413823032,51.));
#10063=CARTESIAN_POINT('Ctrl Pts',(-16.7492809337038,33.3208235200435,51.5));
#10064=CARTESIAN_POINT('Ctrl Pts',(-16.7492809337038,33.3208235200435,51.));
#10065=CARTESIAN_POINT('Ctrl Pts',(-16.7135695368051,33.2607138901949,51.5));
#10066=CARTESIAN_POINT('Ctrl Pts',(-16.7135695368051,33.2607138901949,51.));
#10067=CARTESIAN_POINT('',(-16.8999985605478,33.5692847520113,51.5));
#10068=CARTESIAN_POINT('Ctrl Pts',(-16.8999985605478,33.5692847520113,51.5));
#10069=CARTESIAN_POINT('Ctrl Pts',(-16.8736547760548,33.5264842633655,51.5));
#10070=CARTESIAN_POINT('Ctrl Pts',(-16.8106625325452,33.4241413823032,51.5));
#10071=CARTESIAN_POINT('Ctrl Pts',(-16.7492809337038,33.3208235200435,51.5));
#10072=CARTESIAN_POINT('Ctrl Pts',(-16.7135695368051,33.2607138901949,51.5));
#10073=CARTESIAN_POINT('',(-16.8999985605478,33.5692847520113,51.));
#10074=CARTESIAN_POINT('Ctrl Pts',(-16.8999985605478,33.5692847520113,51.));
#10075=CARTESIAN_POINT('Ctrl Pts',(-16.8736547760548,33.5264842633655,51.));
#10076=CARTESIAN_POINT('Ctrl Pts',(-16.8106625325452,33.4241413823032,51.));
#10077=CARTESIAN_POINT('Ctrl Pts',(-16.7492809337038,33.3208235200435,51.));
#10078=CARTESIAN_POINT('Ctrl Pts',(-16.7135695368051,33.2607138901949,51.));
#10079=CARTESIAN_POINT('',(-16.8999985605478,33.5692847520113,51.5));
#10080=CARTESIAN_POINT('Origin',(-20.300715342164,38.4999991208315,51.5));
#10081=CARTESIAN_POINT('',(-20.300715342164,38.4999991208315,51.5));
#10082=CARTESIAN_POINT('',(-20.300715342164,38.4999991208315,51.5));
#10083=CARTESIAN_POINT('',(-20.300715342164,38.4999991208315,51.));
#10084=CARTESIAN_POINT('',(-20.300715342164,38.4999991208315,51.));
#10085=CARTESIAN_POINT('',(-20.300715342164,38.4999991208315,51.5));
#10086=CARTESIAN_POINT('Origin',(-21.9978550821543,38.4999991208315,51.5));
#10087=CARTESIAN_POINT('',(-21.9978550821543,38.4999991208315,51.5));
#10088=CARTESIAN_POINT('',(-21.9978550821543,38.4999991208315,51.5));
#10089=CARTESIAN_POINT('',(-21.9978550821543,38.4999991208315,51.));
#10090=CARTESIAN_POINT('',(-21.9978550821543,38.4999991208315,51.));
#10091=CARTESIAN_POINT('',(-21.9978550821543,38.4999991208315,51.5));
#10092=CARTESIAN_POINT('Origin',(-21.9978550821543,29.4999993592501,51.5));
#10093=CARTESIAN_POINT('',(-21.9978550821543,29.4999993592501,51.5));
#10094=CARTESIAN_POINT('',(-21.9978550821543,29.4999993592501,51.5));
#10095=CARTESIAN_POINT('',(-21.9978550821543,29.4999993592501,51.));
#10096=CARTESIAN_POINT('',(-21.9978550821543,29.4999993592501,51.));
#10097=CARTESIAN_POINT('',(-21.9978550821543,29.4999993592501,51.5));
#10098=CARTESIAN_POINT('Origin',(-20.1721409708261,29.4999993592501,51.5));
#10099=CARTESIAN_POINT('',(-20.1721409708261,29.4999993592501,51.5));
#10100=CARTESIAN_POINT('',(-20.1721409708261,29.4999993592501,51.));
#10101=CARTESIAN_POINT('Origin',(-25.0000009685755,33.9999992400408,51.5));
#10102=CARTESIAN_POINT('Origin',(-25.0000009685755,33.9999992400408,51.));
#10103=CARTESIAN_POINT('Ctrl Pts',(-6.82000435888766,30.6057132035494,51.5));
#10104=CARTESIAN_POINT('Ctrl Pts',(-6.82000435888766,30.6057132035494,51.));
#10105=CARTESIAN_POINT('Ctrl Pts',(-6.98134577950062,30.412934707483,51.5));
#10106=CARTESIAN_POINT('Ctrl Pts',(-6.98134577950062,30.412934707483,51.));
#10107=CARTESIAN_POINT('Ctrl Pts',(-7.31128239055685,30.018710561972,51.5));
#10108=CARTESIAN_POINT('Ctrl Pts',(-7.31128239055685,30.018710561972,51.));
#10109=CARTESIAN_POINT('Ctrl Pts',(-7.7711075263426,29.788164125928,51.5));
#10110=CARTESIAN_POINT('Ctrl Pts',(-7.7711075263426,29.788164125928,51.));
#10111=CARTESIAN_POINT('Ctrl Pts',(-8.00607480108737,29.6703565865755,51.5));
#10112=CARTESIAN_POINT('Ctrl Pts',(-8.00607480108737,29.6703565865755,51.));
#10113=CARTESIAN_POINT('',(-6.82000435888766,30.6057132035494,51.5));
#10114=CARTESIAN_POINT('',(-8.00607480108737,29.6703565865755,51.5));
#10115=CARTESIAN_POINT('Ctrl Pts',(-6.82000435888766,30.6057132035494,51.5));
#10116=CARTESIAN_POINT('Ctrl Pts',(-6.98134577950062,30.412934707483,51.5));
#10117=CARTESIAN_POINT('Ctrl Pts',(-7.31128239055685,30.018710561972,51.5));
#10118=CARTESIAN_POINT('Ctrl Pts',(-7.7711075263426,29.788164125928,51.5));
#10119=CARTESIAN_POINT('Ctrl Pts',(-8.00607480108737,29.6703565865755,51.5));
#10120=CARTESIAN_POINT('',(-8.00607480108737,29.6703565865755,51.));
#10121=CARTESIAN_POINT('',(-8.00607480108737,29.6703565865755,51.5));
#10122=CARTESIAN_POINT('',(-6.82000435888766,30.6057132035494,51.));
#10123=CARTESIAN_POINT('Ctrl Pts',(-6.82000435888766,30.6057132035494,51.));
#10124=CARTESIAN_POINT('Ctrl Pts',(-6.98134577950062,30.412934707483,51.));
#10125=CARTESIAN_POINT('Ctrl Pts',(-7.31128239055685,30.018710561972,51.));
#10126=CARTESIAN_POINT('Ctrl Pts',(-7.7711075263426,29.788164125928,51.));
#10127=CARTESIAN_POINT('Ctrl Pts',(-8.00607480108737,29.6703565865755,51.));
#10128=CARTESIAN_POINT('',(-6.82000435888766,30.6057132035494,51.5));
#10129=CARTESIAN_POINT('Ctrl Pts',(-6.38285912573337,32.084285095334,51.5));
#10130=CARTESIAN_POINT('Ctrl Pts',(-6.38285912573337,32.084285095334,51.));
#10131=CARTESIAN_POINT('Ctrl Pts',(-6.39807655987316,31.8100129205558,51.5));
#10132=CARTESIAN_POINT('Ctrl Pts',(-6.39807655987316,31.8100129205558,51.));
#10133=CARTESIAN_POINT('Ctrl Pts',(-6.42737503637064,31.2819503843339,51.5));
#10134=CARTESIAN_POINT('Ctrl Pts',(-6.42737503637064,31.2819503843339,51.));
#10135=CARTESIAN_POINT('Ctrl Pts',(-6.69255642338405,30.8252205802508,51.5));
#10136=CARTESIAN_POINT('Ctrl Pts',(-6.69255642338405,30.8252205802508,51.));
#10137=CARTESIAN_POINT('Ctrl Pts',(-6.82000435888766,30.6057132035494,51.5));
#10138=CARTESIAN_POINT('Ctrl Pts',(-6.82000435888766,30.6057132035494,51.));
#10139=CARTESIAN_POINT('',(-6.38285912573337,32.084285095334,51.5));
#10140=CARTESIAN_POINT('Ctrl Pts',(-6.38285912573337,32.084285095334,51.5));
#10141=CARTESIAN_POINT('Ctrl Pts',(-6.39807655987316,31.8100129205558,51.5));
#10142=CARTESIAN_POINT('Ctrl Pts',(-6.42737503637064,31.2819503843339,51.5));
#10143=CARTESIAN_POINT('Ctrl Pts',(-6.69255642338405,30.8252205802508,51.5));
#10144=CARTESIAN_POINT('Ctrl Pts',(-6.82000435888766,30.6057132035494,51.5));
#10145=CARTESIAN_POINT('',(-6.38285912573337,32.084285095334,51.));
#10146=CARTESIAN_POINT('Ctrl Pts',(-6.38285912573337,32.084285095334,51.));
#10147=CARTESIAN_POINT('Ctrl Pts',(-6.39807655987316,31.8100129205558,51.));
#10148=CARTESIAN_POINT('Ctrl Pts',(-6.42737503637064,31.2819503843339,51.));
#10149=CARTESIAN_POINT('Ctrl Pts',(-6.69255642338405,30.8252205802508,51.));
#10150=CARTESIAN_POINT('Ctrl Pts',(-6.82000435888766,30.6057132035494,51.));
#10151=CARTESIAN_POINT('',(-6.38285912573337,32.084285095334,51.5));
#10152=CARTESIAN_POINT('Ctrl Pts',(-6.64964474737643,33.2928562909364,51.5));
#10153=CARTESIAN_POINT('Ctrl Pts',(-6.64964474737643,33.2928562909364,51.));
#10154=CARTESIAN_POINT('Ctrl Pts',(-6.57192525240078,33.1132445943238,51.5));
#10155=CARTESIAN_POINT('Ctrl Pts',(-6.57192525240078,33.1132445943238,51.));
#10156=CARTESIAN_POINT('Ctrl Pts',(-6.40532293548533,32.7282224732955,51.5));
#10157=CARTESIAN_POINT('Ctrl Pts',(-6.40532293548533,32.7282224732955,51.));
#10158=CARTESIAN_POINT('Ctrl Pts',(-6.39067424488754,32.3083097550938,51.5));
#10159=CARTESIAN_POINT('Ctrl Pts',(-6.39067424488754,32.3083097550938,51.));
#10160=CARTESIAN_POINT('Ctrl Pts',(-6.38285912573337,32.084285095334,51.5));
#10161=CARTESIAN_POINT('Ctrl Pts',(-6.38285912573337,32.084285095334,51.));
#10162=CARTESIAN_POINT('',(-6.64964474737643,33.2928562909364,51.5));
#10163=CARTESIAN_POINT('Ctrl Pts',(-6.64964474737643,33.2928562909364,51.5));
#10164=CARTESIAN_POINT('Ctrl Pts',(-6.57192525240078,33.1132445943238,51.5));
#10165=CARTESIAN_POINT('Ctrl Pts',(-6.40532293548533,32.7282224732955,51.5));
#10166=CARTESIAN_POINT('Ctrl Pts',(-6.39067424488754,32.3083097550938,51.5));
#10167=CARTESIAN_POINT('Ctrl Pts',(-6.38285912573337,32.084285095334,51.5));
#10168=CARTESIAN_POINT('',(-6.64964474737643,33.2928562909364,51.));
#10169=CARTESIAN_POINT('Ctrl Pts',(-6.64964474737643,33.2928562909364,51.));
#10170=CARTESIAN_POINT('Ctrl Pts',(-6.57192525240078,33.1132445943238,51.));
#10171=CARTESIAN_POINT('Ctrl Pts',(-6.40532293548533,32.7282224732955,51.));
#10172=CARTESIAN_POINT('Ctrl Pts',(-6.39067424488754,32.3083097550938,51.));
#10173=CARTESIAN_POINT('Ctrl Pts',(-6.38285912573337,32.084285095334,51.));
#10174=CARTESIAN_POINT('',(-6.64964474737643,33.2928562909364,51.5));
#10175=CARTESIAN_POINT('Ctrl Pts',(-7.36321724951266,34.1092849522829,51.5));
#10176=CARTESIAN_POINT('Ctrl Pts',(-7.36321724951266,34.1092849522829,51.));
#10177=CARTESIAN_POINT('Ctrl Pts',(-7.22173626986448,33.9932083333199,51.5));
#10178=CARTESIAN_POINT('Ctrl Pts',(-7.22173626986448,33.9932083333199,51.));
#10179=CARTESIAN_POINT('Ctrl Pts',(-6.93844545312142,33.7607852876741,51.5));
#10180=CARTESIAN_POINT('Ctrl Pts',(-6.93844545312142,33.7607852876741,51.));
#10181=CARTESIAN_POINT('Ctrl Pts',(-6.74598612127184,33.4489532863192,51.5));
#10182=CARTESIAN_POINT('Ctrl Pts',(-6.74598612127184,33.4489532863192,51.));
#10183=CARTESIAN_POINT('Ctrl Pts',(-6.64964474737643,33.2928562909364,51.5));
#10184=CARTESIAN_POINT('Ctrl Pts',(-6.64964474737643,33.2928562909364,51.));
#10185=CARTESIAN_POINT('',(-7.36321724951266,34.1092849522829,51.5));
#10186=CARTESIAN_POINT('Ctrl Pts',(-7.36321724951266,34.1092849522829,51.5));
#10187=CARTESIAN_POINT('Ctrl Pts',(-7.22173626986448,33.9932083333199,51.5));
#10188=CARTESIAN_POINT('Ctrl Pts',(-6.93844545312142,33.7607852876741,51.5));
#10189=CARTESIAN_POINT('Ctrl Pts',(-6.74598612127184,33.4489532863192,51.5));
#10190=CARTESIAN_POINT('Ctrl Pts',(-6.64964474737643,33.2928562909364,51.5));
#10191=CARTESIAN_POINT('',(-7.36321724951266,34.1092849522829,51.));
#10192=CARTESIAN_POINT('Ctrl Pts',(-7.36321724951266,34.1092849522829,51.));
#10193=CARTESIAN_POINT('Ctrl Pts',(-7.22173626986448,33.9932083333199,51.));
#10194=CARTESIAN_POINT('Ctrl Pts',(-6.93844545312142,33.7607852876741,51.));
#10195=CARTESIAN_POINT('Ctrl Pts',(-6.74598612127184,33.4489532863192,51.));
#10196=CARTESIAN_POINT('Ctrl Pts',(-6.64964474737643,33.2928562909364,51.));
#10197=CARTESIAN_POINT('',(-7.36321724951266,34.1092849522829,51.5));
#10198=CARTESIAN_POINT('Ctrl Pts',(-8.35643090307712,34.6621430665254,51.5));
#10199=CARTESIAN_POINT('Ctrl Pts',(-8.35643090307712,34.6621430665254,51.));
#10200=CARTESIAN_POINT('Ctrl Pts',(-8.17969100075667,34.5837709130899,51.5));
#10201=CARTESIAN_POINT('Ctrl Pts',(-8.17969100075667,34.5837709130899,51.));
#10202=CARTESIAN_POINT('Ctrl Pts',(-7.83185669686698,34.4295300027086,51.5));
#10203=CARTESIAN_POINT('Ctrl Pts',(-7.83185669686698,34.4295300027086,51.));
#10204=CARTESIAN_POINT('Ctrl Pts',(-7.51773093309453,34.2148719716204,51.5));
#10205=CARTESIAN_POINT('Ctrl Pts',(-7.51773093309453,34.2148719716204,51.));
#10206=CARTESIAN_POINT('Ctrl Pts',(-7.36321724951266,34.1092849522829,51.5));
#10207=CARTESIAN_POINT('Ctrl Pts',(-7.36321724951266,34.1092849522829,51.));
#10208=CARTESIAN_POINT('',(-8.35643090307712,34.6621430665254,51.5));
#10209=CARTESIAN_POINT('Ctrl Pts',(-8.35643090307712,34.6621430665254,51.5));
#10210=CARTESIAN_POINT('Ctrl Pts',(-8.17969100075667,34.5837709130899,51.5));
#10211=CARTESIAN_POINT('Ctrl Pts',(-7.83185669686698,34.4295300027086,51.5));
#10212=CARTESIAN_POINT('Ctrl Pts',(-7.51773093309453,34.2148719716204,51.5));
#10213=CARTESIAN_POINT('Ctrl Pts',(-7.36321724951266,34.1092849522829,51.5));
#10214=CARTESIAN_POINT('',(-8.35643090307712,34.6621430665254,51.));
#10215=CARTESIAN_POINT('Ctrl Pts',(-8.35643090307712,34.6621430665254,51.));
#10216=CARTESIAN_POINT('Ctrl Pts',(-8.17969100075667,34.5837709130899,51.));
#10217=CARTESIAN_POINT('Ctrl Pts',(-7.83185669686698,34.4295300027086,51.));
#10218=CARTESIAN_POINT('Ctrl Pts',(-7.51773093309453,34.2148719716204,51.));
#10219=CARTESIAN_POINT('Ctrl Pts',(-7.36321724951266,34.1092849522829,51.));
#10220=CARTESIAN_POINT('',(-8.35643090307712,34.6621430665254,51.5));
#10221=CARTESIAN_POINT('Ctrl Pts',(-9.45571698248385,35.073570087552,51.5));
#10222=CARTESIAN_POINT('Ctrl Pts',(-9.45571698248385,35.073570087552,51.));
#10223=CARTESIAN_POINT('Ctrl Pts',(-9.27140928536944,35.0097014302992,51.5));
#10224=CARTESIAN_POINT('Ctrl Pts',(-9.27140928536944,35.0097014302992,51.));
#10225=CARTESIAN_POINT('Ctrl Pts',(-8.90161414079403,34.8815552936352,51.5));
#10226=CARTESIAN_POINT('Ctrl Pts',(-8.90161414079403,34.8815552936352,51.));
#10227=CARTESIAN_POINT('Ctrl Pts',(-8.53854474675402,34.7354358628997,51.5));
#10228=CARTESIAN_POINT('Ctrl Pts',(-8.53854474675402,34.7354358628997,51.));
#10229=CARTESIAN_POINT('Ctrl Pts',(-8.35643090307712,34.6621430665254,51.5));
#10230=CARTESIAN_POINT('Ctrl Pts',(-8.35643090307712,34.6621430665254,51.));
#10231=CARTESIAN_POINT('',(-9.45571698248385,35.073570087552,51.5));
#10232=CARTESIAN_POINT('Ctrl Pts',(-9.45571698248385,35.073570087552,51.5));
#10233=CARTESIAN_POINT('Ctrl Pts',(-9.27140928536944,35.0097014302992,51.5));
#10234=CARTESIAN_POINT('Ctrl Pts',(-8.90161414079403,34.8815552936352,51.5));
#10235=CARTESIAN_POINT('Ctrl Pts',(-8.53854474675402,34.7354358628997,51.5));
#10236=CARTESIAN_POINT('Ctrl Pts',(-8.35643090307712,34.6621430665254,51.5));
#10237=CARTESIAN_POINT('',(-9.45571698248385,35.073570087552,51.));
#10238=CARTESIAN_POINT('Ctrl Pts',(-9.45571698248385,35.073570087552,51.));
#10239=CARTESIAN_POINT('Ctrl Pts',(-9.27140928536944,35.0097014302992,51.));
#10240=CARTESIAN_POINT('Ctrl Pts',(-8.90161414079403,34.8815552936352,51.));
#10241=CARTESIAN_POINT('Ctrl Pts',(-8.53854474675402,34.7354358628997,51.));
#10242=CARTESIAN_POINT('Ctrl Pts',(-8.35643090307712,34.6621430665254,51.));
#10243=CARTESIAN_POINT('',(-9.45571698248385,35.073570087552,51.5));
#10244=CARTESIAN_POINT('Ctrl Pts',(-10.2753571420908,35.3757131844759,51.5));
#10245=CARTESIAN_POINT('Ctrl Pts',(-10.2753571420908,35.3757131844759,51.));
#10246=CARTESIAN_POINT('Ctrl Pts',(-10.147826199631,35.3263201462847,51.5));
#10247=CARTESIAN_POINT('Ctrl Pts',(-10.147826199631,35.3263201462847,51.));
#10248=CARTESIAN_POINT('Ctrl Pts',(-9.87626141379363,35.2211424570155,51.5));
#10249=CARTESIAN_POINT('Ctrl Pts',(-9.87626141379363,35.2211424570155,51.));
#10250=CARTESIAN_POINT('Ctrl Pts',(-9.60146489042818,35.1247141820124,51.5));
#10251=CARTESIAN_POINT('Ctrl Pts',(-9.60146489042818,35.1247141820124,51.));
#10252=CARTESIAN_POINT('Ctrl Pts',(-9.45571698248385,35.073570087552,51.5));
#10253=CARTESIAN_POINT('Ctrl Pts',(-9.45571698248385,35.073570087552,51.));
#10254=CARTESIAN_POINT('',(-10.2753571420908,35.3757131844759,51.5));
#10255=CARTESIAN_POINT('Ctrl Pts',(-10.2753571420908,35.3757131844759,51.5));
#10256=CARTESIAN_POINT('Ctrl Pts',(-10.147826199631,35.3263201462847,51.5));
#10257=CARTESIAN_POINT('Ctrl Pts',(-9.87626141379363,35.2211424570155,51.5));
#10258=CARTESIAN_POINT('Ctrl Pts',(-9.60146489042818,35.1247141820124,51.5));
#10259=CARTESIAN_POINT('Ctrl Pts',(-9.45571698248385,35.073570087552,51.5));
#10260=CARTESIAN_POINT('',(-10.2753571420908,35.3757131844759,51.));
#10261=CARTESIAN_POINT('Ctrl Pts',(-10.2753571420908,35.3757131844759,51.));
#10262=CARTESIAN_POINT('Ctrl Pts',(-10.147826199631,35.3263201462847,51.));
#10263=CARTESIAN_POINT('Ctrl Pts',(-9.87626141379363,35.2211424570155,51.));
#10264=CARTESIAN_POINT('Ctrl Pts',(-9.60146489042818,35.1247141820124,51.));
#10265=CARTESIAN_POINT('Ctrl Pts',(-9.45571698248385,35.073570087552,51.));
#10266=CARTESIAN_POINT('',(-10.2753571420908,35.3757131844759,51.5));
#10267=CARTESIAN_POINT('Ctrl Pts',(-10.8346442133188,35.6939280778169,51.5));
#10268=CARTESIAN_POINT('Ctrl Pts',(-10.8346442133188,35.6939280778169,51.));
#10269=CARTESIAN_POINT('Ctrl Pts',(-10.7561533181545,35.6347235052014,51.5));
#10270=CARTESIAN_POINT('Ctrl Pts',(-10.7561533181545,35.6347235052014,51.));
#10271=CARTESIAN_POINT('Ctrl Pts',(-10.5836474839814,35.5046047931583,51.5));
#10272=CARTESIAN_POINT('Ctrl Pts',(-10.5836474839814,35.5046047931583,51.));
#10273=CARTESIAN_POINT('Ctrl Pts',(-10.3841062551292,35.4211795718961,51.5));
#10274=CARTESIAN_POINT('Ctrl Pts',(-10.3841062551292,35.4211795718961,51.));
#10275=CARTESIAN_POINT('Ctrl Pts',(-10.2753571420908,35.3757131844759,51.5));
#10276=CARTESIAN_POINT('Ctrl Pts',(-10.2753571420908,35.3757131844759,51.));
#10277=CARTESIAN_POINT('',(-10.8346442133188,35.6939280778169,51.5));
#10278=CARTESIAN_POINT('Ctrl Pts',(-10.8346442133188,35.6939280778169,51.5));
#10279=CARTESIAN_POINT('Ctrl Pts',(-10.7561533181545,35.6347235052014,51.5));
#10280=CARTESIAN_POINT('Ctrl Pts',(-10.5836474839814,35.5046047931583,51.5));
#10281=CARTESIAN_POINT('Ctrl Pts',(-10.3841062551292,35.4211795718961,51.5));
#10282=CARTESIAN_POINT('Ctrl Pts',(-10.2753571420908,35.3757131844759,51.5));
#10283=CARTESIAN_POINT('',(-10.8346442133188,35.6939280778169,51.));
#10284=CARTESIAN_POINT('Ctrl Pts',(-10.8346442133188,35.6939280778169,51.));
#10285=CARTESIAN_POINT('Ctrl Pts',(-10.7561533181545,35.6347235052014,51.));
#10286=CARTESIAN_POINT('Ctrl Pts',(-10.5836474839814,35.5046047931583,51.));
#10287=CARTESIAN_POINT('Ctrl Pts',(-10.3841062551292,35.4211795718961,51.));
#10288=CARTESIAN_POINT('Ctrl Pts',(-10.2753571420908,35.3757131844759,51.));
#10289=CARTESIAN_POINT('',(-10.8346442133188,35.6939280778169,51.5));
#10290=CARTESIAN_POINT('Ctrl Pts',(-11.0371426492929,36.1214280873537,51.5));
#10291=CARTESIAN_POINT('Ctrl Pts',(-11.0371426492929,36.1214280873537,51.));
#10292=CARTESIAN_POINT('Ctrl Pts',(-11.0280502499578,36.0403738705374,51.5));
#10293=CARTESIAN_POINT('Ctrl Pts',(-11.0280502499578,36.0403738705374,51.));
#10294=CARTESIAN_POINT('Ctrl Pts',(-11.0094947891052,35.874961167945,51.5));
#10295=CARTESIAN_POINT('Ctrl Pts',(-11.0094947891052,35.874961167945,51.));
#10296=CARTESIAN_POINT('Ctrl Pts',(-10.8936987820494,35.7550707478676,51.5));
#10297=CARTESIAN_POINT('Ctrl Pts',(-10.8936987820494,35.7550707478676,51.));
#10298=CARTESIAN_POINT('Ctrl Pts',(-10.8346442133188,35.6939280778169,51.5));
#10299=CARTESIAN_POINT('Ctrl Pts',(-10.8346442133188,35.6939280778169,51.));
#10300=CARTESIAN_POINT('',(-11.0371426492929,36.1214280873537,51.5));
#10301=CARTESIAN_POINT('Ctrl Pts',(-11.0371426492929,36.1214280873537,51.5));
#10302=CARTESIAN_POINT('Ctrl Pts',(-11.0280502499578,36.0403738705374,51.5));
#10303=CARTESIAN_POINT('Ctrl Pts',(-11.0094947891052,35.874961167945,51.5));
#10304=CARTESIAN_POINT('Ctrl Pts',(-10.8936987820494,35.7550707478676,51.5));
#10305=CARTESIAN_POINT('Ctrl Pts',(-10.8346442133188,35.6939280778169,51.5));
#10306=CARTESIAN_POINT('',(-11.0371426492929,36.1214280873537,51.));
#10307=CARTESIAN_POINT('Ctrl Pts',(-11.0371426492929,36.1214280873537,51.));
#10308=CARTESIAN_POINT('Ctrl Pts',(-11.0280502499578,36.0403738705374,51.));
#10309=CARTESIAN_POINT('Ctrl Pts',(-11.0094947891052,35.874961167945,51.));
#10310=CARTESIAN_POINT('Ctrl Pts',(-10.8936987820494,35.7550707478676,51.));
#10311=CARTESIAN_POINT('Ctrl Pts',(-10.8346442133188,35.6939280778169,51.));
#10312=CARTESIAN_POINT('',(-11.0371426492929,36.1214280873537,51.5));
#10313=CARTESIAN_POINT('Ctrl Pts',(-10.738218203187,36.7096418887377,51.5));
#10314=CARTESIAN_POINT('Ctrl Pts',(-10.738218203187,36.7096418887377,51.));
#10315=CARTESIAN_POINT('Ctrl Pts',(-10.8253955496078,36.6332813456117,51.5));
#10316=CARTESIAN_POINT('Ctrl Pts',(-10.8253955496078,36.6332813456117,51.));
#10317=CARTESIAN_POINT('Ctrl Pts',(-11.0032650808187,36.4774815356098,51.5));
#10318=CARTESIAN_POINT('Ctrl Pts',(-11.0032650808187,36.4774815356098,51.));
#10319=CARTESIAN_POINT('Ctrl Pts',(-11.0257023340237,36.2416658695857,51.5));
#10320=CARTESIAN_POINT('Ctrl Pts',(-11.0257023340237,36.2416658695857,51.));
#10321=CARTESIAN_POINT('Ctrl Pts',(-11.0371426492929,36.1214280873537,51.5));
#10322=CARTESIAN_POINT('Ctrl Pts',(-11.0371426492929,36.1214280873537,51.));
#10323=CARTESIAN_POINT('',(-10.738218203187,36.7096418887377,51.5));
#10324=CARTESIAN_POINT('Ctrl Pts',(-10.738218203187,36.7096418887377,51.5));
#10325=CARTESIAN_POINT('Ctrl Pts',(-10.8253955496078,36.6332813456117,51.5));
#10326=CARTESIAN_POINT('Ctrl Pts',(-11.0032650808187,36.4774815356098,51.5));
#10327=CARTESIAN_POINT('Ctrl Pts',(-11.0257023340237,36.2416658695857,51.5));
#10328=CARTESIAN_POINT('Ctrl Pts',(-11.0371426492929,36.1214280873537,51.5));
#10329=CARTESIAN_POINT('',(-10.738218203187,36.7096418887377,51.));
#10330=CARTESIAN_POINT('Ctrl Pts',(-10.738218203187,36.7096418887377,51.));
#10331=CARTESIAN_POINT('Ctrl Pts',(-10.8253955496078,36.6332813456117,51.));
#10332=CARTESIAN_POINT('Ctrl Pts',(-11.0032650808187,36.4774815356098,51.));
#10333=CARTESIAN_POINT('Ctrl Pts',(-11.0257023340237,36.2416658695857,51.));
#10334=CARTESIAN_POINT('Ctrl Pts',(-11.0371426492929,36.1214280873537,51.));
#10335=CARTESIAN_POINT('',(-10.738218203187,36.7096418887377,51.5));
#10336=CARTESIAN_POINT('Ctrl Pts',(-9.88642968237399,36.9121421128511,51.5));
#10337=CARTESIAN_POINT('Ctrl Pts',(-9.88642968237399,36.9121421128511,51.));
#10338=CARTESIAN_POINT('Ctrl Pts',(-10.0528546460676,36.9081954085466,51.5));
#10339=CARTESIAN_POINT('Ctrl Pts',(-10.0528546460676,36.9081954085466,51.));
#10340=CARTESIAN_POINT('Ctrl Pts',(-10.352204323176,36.9010964455486,51.5));
#10341=CARTESIAN_POINT('Ctrl Pts',(-10.352204323176,36.9010964455486,51.));
#10342=CARTESIAN_POINT('Ctrl Pts',(-10.6195186329615,36.7685143148031,51.5));
#10343=CARTESIAN_POINT('Ctrl Pts',(-10.6195186329615,36.7685143148031,51.));
#10344=CARTESIAN_POINT('Ctrl Pts',(-10.738218203187,36.7096418887377,51.5));
#10345=CARTESIAN_POINT('Ctrl Pts',(-10.738218203187,36.7096418887377,51.));
#10346=CARTESIAN_POINT('',(-9.88642968237399,36.9121421128511,51.5));
#10347=CARTESIAN_POINT('Ctrl Pts',(-9.88642968237399,36.9121421128511,51.5));
#10348=CARTESIAN_POINT('Ctrl Pts',(-10.0528546460676,36.9081954085466,51.5));
#10349=CARTESIAN_POINT('Ctrl Pts',(-10.352204323176,36.9010964455486,51.5));
#10350=CARTESIAN_POINT('Ctrl Pts',(-10.6195186329615,36.7685143148031,51.5));
#10351=CARTESIAN_POINT('Ctrl Pts',(-10.738218203187,36.7096418887377,51.5));
#10352=CARTESIAN_POINT('',(-9.88642968237399,36.9121421128511,51.));
#10353=CARTESIAN_POINT('Ctrl Pts',(-9.88642968237399,36.9121421128511,51.));
#10354=CARTESIAN_POINT('Ctrl Pts',(-10.0528546460676,36.9081954085466,51.));
#10355=CARTESIAN_POINT('Ctrl Pts',(-10.352204323176,36.9010964455486,51.));
#10356=CARTESIAN_POINT('Ctrl Pts',(-10.6195186329615,36.7685143148031,51.));
#10357=CARTESIAN_POINT('Ctrl Pts',(-10.738218203187,36.7096418887377,51.));
#10358=CARTESIAN_POINT('',(-9.88642968237399,36.9121421128511,51.5));
#10359=CARTESIAN_POINT('Ctrl Pts',(-8.91250409185885,36.6357136517763,51.5));
#10360=CARTESIAN_POINT('Ctrl Pts',(-8.91250409185885,36.6357136517763,51.));
#10361=CARTESIAN_POINT('Ctrl Pts',(-9.04864842382774,36.7161674169762,51.5));
#10362=CARTESIAN_POINT('Ctrl Pts',(-9.04864842382774,36.7161674169762,51.));
#10363=CARTESIAN_POINT('Ctrl Pts',(-9.3478558287553,36.8929824334663,51.5));
#10364=CARTESIAN_POINT('Ctrl Pts',(-9.3478558287553,36.8929824334663,51.));
#10365=CARTESIAN_POINT('Ctrl Pts',(-9.69645106209126,36.9053836535792,51.5));
#10366=CARTESIAN_POINT('Ctrl Pts',(-9.69645106209126,36.9053836535792,51.));
#10367=CARTESIAN_POINT('Ctrl Pts',(-9.88642968237399,36.9121421128511,51.5));
#10368=CARTESIAN_POINT('Ctrl Pts',(-9.88642968237399,36.9121421128511,51.));
#10369=CARTESIAN_POINT('',(-8.91250409185885,36.6357136517763,51.5));
#10370=CARTESIAN_POINT('Ctrl Pts',(-8.91250409185885,36.6357136517763,51.5));
#10371=CARTESIAN_POINT('Ctrl Pts',(-9.04864842382774,36.7161674169762,51.5));
#10372=CARTESIAN_POINT('Ctrl Pts',(-9.3478558287553,36.8929824334663,51.5));
#10373=CARTESIAN_POINT('Ctrl Pts',(-9.69645106209126,36.9053836535792,51.5));
#10374=CARTESIAN_POINT('Ctrl Pts',(-9.88642968237399,36.9121421128511,51.5));
#10375=CARTESIAN_POINT('',(-8.91250409185885,36.6357136517763,51.));
#10376=CARTESIAN_POINT('Ctrl Pts',(-8.91250409185885,36.6357136517763,51.));
#10377=CARTESIAN_POINT('Ctrl Pts',(-9.04864842382774,36.7161674169762,51.));
#10378=CARTESIAN_POINT('Ctrl Pts',(-9.3478558287553,36.8929824334663,51.));
#10379=CARTESIAN_POINT('Ctrl Pts',(-9.69645106209126,36.9053836535792,51.));
#10380=CARTESIAN_POINT('Ctrl Pts',(-9.88642968237399,36.9121421128511,51.));
#10381=CARTESIAN_POINT('',(-8.91250409185885,36.6357136517763,51.5));
#10382=CARTESIAN_POINT('Ctrl Pts',(-8.37571419775485,35.9478563815355,51.5));
#10383=CARTESIAN_POINT('Ctrl Pts',(-8.37571419775485,35.9478563815355,51.));
#10384=CARTESIAN_POINT('Ctrl Pts',(-8.44450140071891,36.079228288793,51.5));
#10385=CARTESIAN_POINT('Ctrl Pts',(-8.44450140071891,36.079228288793,51.));
#10386=CARTESIAN_POINT('Ctrl Pts',(-8.58164487150904,36.3411490901815,51.5));
#10387=CARTESIAN_POINT('Ctrl Pts',(-8.58164487150904,36.3411490901815,51.));
#10388=CARTESIAN_POINT('Ctrl Pts',(-8.80244895684385,36.5377313662511,51.5));
#10389=CARTESIAN_POINT('Ctrl Pts',(-8.80244895684385,36.5377313662511,51.));
#10390=CARTESIAN_POINT('Ctrl Pts',(-8.91250409185885,36.6357136517763,51.5));
#10391=CARTESIAN_POINT('Ctrl Pts',(-8.91250409185885,36.6357136517763,51.));
#10392=CARTESIAN_POINT('',(-8.37571419775485,35.9478563815355,51.5));
#10393=CARTESIAN_POINT('Ctrl Pts',(-8.37571419775485,35.9478563815355,51.5));
#10394=CARTESIAN_POINT('Ctrl Pts',(-8.44450140071891,36.079228288793,51.5));
#10395=CARTESIAN_POINT('Ctrl Pts',(-8.58164487150904,36.3411490901815,51.5));
#10396=CARTESIAN_POINT('Ctrl Pts',(-8.80244895684385,36.5377313662511,51.5));
#10397=CARTESIAN_POINT('Ctrl Pts',(-8.91250409185885,36.6357136517763,51.5));
#10398=CARTESIAN_POINT('',(-8.37571419775485,35.9478563815355,51.));
#10399=CARTESIAN_POINT('Ctrl Pts',(-8.37571419775485,35.9478563815355,51.));
#10400=CARTESIAN_POINT('Ctrl Pts',(-8.44450140071891,36.079228288793,51.));
#10401=CARTESIAN_POINT('Ctrl Pts',(-8.58164487150904,36.3411490901815,51.));
#10402=CARTESIAN_POINT('Ctrl Pts',(-8.80244895684385,36.5377313662511,51.));
#10403=CARTESIAN_POINT('Ctrl Pts',(-8.91250409185885,36.6357136517763,51.));
#10404=CARTESIAN_POINT('',(-8.37571419775485,35.9478563815355,51.5));
#10405=CARTESIAN_POINT('Origin',(-6.73000134527682,36.4942849427461,51.5));
#10406=CARTESIAN_POINT('',(-6.73000134527682,36.4942849427461,51.5));
#10407=CARTESIAN_POINT('',(-6.73000134527682,36.4942849427461,51.5));
#10408=CARTESIAN_POINT('',(-6.73000134527682,36.4942849427461,51.));
#10409=CARTESIAN_POINT('',(-6.73000134527682,36.4942849427461,51.));
#10410=CARTESIAN_POINT('',(-6.73000134527682,36.4942849427461,51.5));
#10411=CARTESIAN_POINT('Ctrl Pts',(-7.30857171118259,37.5935704261064,51.5));
#10412=CARTESIAN_POINT('Ctrl Pts',(-7.30857171118259,37.5935704261064,51.));
#10413=CARTESIAN_POINT('Ctrl Pts',(-7.18167125684992,37.4258552754026,51.5));
#10414=CARTESIAN_POINT('Ctrl Pts',(-7.18167125684992,37.4258552754026,51.));
#10415=CARTESIAN_POINT('Ctrl Pts',(-6.92844311745882,37.0911819617113,51.5));
#10416=CARTESIAN_POINT('Ctrl Pts',(-6.92844311745882,37.0911819617113,51.));
#10417=CARTESIAN_POINT('Ctrl Pts',(-6.79604878305493,36.6929503662935,51.5));
#10418=CARTESIAN_POINT('Ctrl Pts',(-6.79604878305493,36.6929503662935,51.));
#10419=CARTESIAN_POINT('Ctrl Pts',(-6.73000134527682,36.4942849427461,51.5));
#10420=CARTESIAN_POINT('Ctrl Pts',(-6.73000134527682,36.4942849427461,51.));
#10421=CARTESIAN_POINT('',(-7.30857171118259,37.5935704261064,51.5));
#10422=CARTESIAN_POINT('Ctrl Pts',(-7.30857171118259,37.5935704261064,51.5));
#10423=CARTESIAN_POINT('Ctrl Pts',(-7.18167125684992,37.4258552754026,51.5));
#10424=CARTESIAN_POINT('Ctrl Pts',(-6.92844311745882,37.0911819617113,51.5));
#10425=CARTESIAN_POINT('Ctrl Pts',(-6.79604878305493,36.6929503662935,51.5));
#10426=CARTESIAN_POINT('Ctrl Pts',(-6.73000134527682,36.4942849427461,51.5));
#10427=CARTESIAN_POINT('',(-7.30857171118259,37.5935704261064,51.));
#10428=CARTESIAN_POINT('Ctrl Pts',(-7.30857171118259,37.5935704261064,51.));
#10429=CARTESIAN_POINT('Ctrl Pts',(-7.18167125684992,37.4258552754026,51.));
#10430=CARTESIAN_POINT('Ctrl Pts',(-6.92844311745882,37.0911819617113,51.));
#10431=CARTESIAN_POINT('Ctrl Pts',(-6.79604878305493,36.6929503662935,51.));
#10432=CARTESIAN_POINT('Ctrl Pts',(-6.73000134527682,36.4942849427461,51.));
#10433=CARTESIAN_POINT('',(-7.30857171118259,37.5935704261064,51.5));
#10434=CARTESIAN_POINT('Ctrl Pts',(-8.35000313818454,38.3682132512331,51.5));
#10435=CARTESIAN_POINT('Ctrl Pts',(-8.35000313818454,38.3682132512331,51.));
#10436=CARTESIAN_POINT('Ctrl Pts',(-8.15059894934755,38.2661716183527,51.5));
#10437=CARTESIAN_POINT('Ctrl Pts',(-8.15059894934755,38.2661716183527,51.));
#10438=CARTESIAN_POINT('Ctrl Pts',(-7.75989423082872,38.0662352595216,51.5));
#10439=CARTESIAN_POINT('Ctrl Pts',(-7.75989423082872,38.0662352595216,51.));
#10440=CARTESIAN_POINT('Ctrl Pts',(-7.45691785983428,37.7489316247792,51.5));
#10441=CARTESIAN_POINT('Ctrl Pts',(-7.45691785983428,37.7489316247792,51.));
#10442=CARTESIAN_POINT('Ctrl Pts',(-7.30857171118259,37.5935704261064,51.5));
#10443=CARTESIAN_POINT('Ctrl Pts',(-7.30857171118259,37.5935704261064,51.));
#10444=CARTESIAN_POINT('',(-8.35000313818454,38.3682132512331,51.5));
#10445=CARTESIAN_POINT('Ctrl Pts',(-8.35000313818454,38.3682132512331,51.5));
#10446=CARTESIAN_POINT('Ctrl Pts',(-8.15059894934755,38.2661716183527,51.5));
#10447=CARTESIAN_POINT('Ctrl Pts',(-7.75989423082872,38.0662352595216,51.5));
#10448=CARTESIAN_POINT('Ctrl Pts',(-7.45691785983428,37.7489316247792,51.5));
#10449=CARTESIAN_POINT('Ctrl Pts',(-7.30857171118259,37.5935704261064,51.5));
#10450=CARTESIAN_POINT('',(-8.35000313818454,38.3682132512331,51.));
#10451=CARTESIAN_POINT('Ctrl Pts',(-8.35000313818454,38.3682132512331,51.));
#10452=CARTESIAN_POINT('Ctrl Pts',(-8.15059894934755,38.2661716183527,51.));
#10453=CARTESIAN_POINT('Ctrl Pts',(-7.75989423082872,38.0662352595216,51.));
#10454=CARTESIAN_POINT('Ctrl Pts',(-7.45691785983428,37.7489316247792,51.));
#10455=CARTESIAN_POINT('Ctrl Pts',(-7.30857171118259,37.5935704261064,51.));
#10456=CARTESIAN_POINT('',(-8.35000313818454,38.3682132512331,51.5));
#10457=CARTESIAN_POINT('Ctrl Pts',(-9.79000367224216,38.6542845517397,51.5));
#10458=CARTESIAN_POINT('Ctrl Pts',(-9.79000367224216,38.6542845517397,51.));
#10459=CARTESIAN_POINT('Ctrl Pts',(-9.53216078645311,38.6444280114882,51.5));
#10460=CARTESIAN_POINT('Ctrl Pts',(-9.53216078645311,38.6444280114882,51.));
#10461=CARTESIAN_POINT('Ctrl Pts',(-9.03663181370072,38.6254854633905,51.5));
#10462=CARTESIAN_POINT('Ctrl Pts',(-9.03663181370072,38.6254854633905,51.));
#10463=CARTESIAN_POINT('Ctrl Pts',(-8.57258733216379,38.4516131004067,51.5));
#10464=CARTESIAN_POINT('Ctrl Pts',(-8.57258733216379,38.4516131004067,51.));
#10465=CARTESIAN_POINT('Ctrl Pts',(-8.35000313818454,38.3682132512331,51.5));
#10466=CARTESIAN_POINT('Ctrl Pts',(-8.35000313818454,38.3682132512331,51.));
#10467=CARTESIAN_POINT('',(-9.79000367224216,38.6542845517397,51.5));
#10468=CARTESIAN_POINT('Ctrl Pts',(-9.79000367224216,38.6542845517397,51.5));
#10469=CARTESIAN_POINT('Ctrl Pts',(-9.53216078645311,38.6444280114882,51.5));
#10470=CARTESIAN_POINT('Ctrl Pts',(-9.03663181370072,38.6254854633905,51.5));
#10471=CARTESIAN_POINT('Ctrl Pts',(-8.57258733216379,38.4516131004067,51.5));
#10472=CARTESIAN_POINT('Ctrl Pts',(-8.35000313818454,38.3682132512331,51.5));
#10473=CARTESIAN_POINT('',(-9.79000367224216,38.6542845517397,51.));
#10474=CARTESIAN_POINT('Ctrl Pts',(-9.79000367224216,38.6542845517397,51.));
#10475=CARTESIAN_POINT('Ctrl Pts',(-9.53216078645311,38.6444280114882,51.));
#10476=CARTESIAN_POINT('Ctrl Pts',(-9.03663181370072,38.6254854633905,51.));
#10477=CARTESIAN_POINT('Ctrl Pts',(-8.57258733216379,38.4516131004067,51.));
#10478=CARTESIAN_POINT('Ctrl Pts',(-8.35000313818454,38.3682132512331,51.));
#10479=CARTESIAN_POINT('',(-9.79000367224216,38.6542845517397,51.5));
#10480=CARTESIAN_POINT('Ctrl Pts',(-11.4646462351084,38.3135706931352,51.5));
#10481=CARTESIAN_POINT('Ctrl Pts',(-11.4646462351084,38.3135706931352,51.));
#10482=CARTESIAN_POINT('Ctrl Pts',(-11.2128886292034,38.4128389785959,51.5));
#10483=CARTESIAN_POINT('Ctrl Pts',(-11.2128886292034,38.4128389785959,51.));
#10484=CARTESIAN_POINT('Ctrl Pts',(-10.6754303513763,38.6247593356979,51.5));
#10485=CARTESIAN_POINT('Ctrl Pts',(-10.6754303513763,38.6247593356979,51.));
#10486=CARTESIAN_POINT('Ctrl Pts',(-10.0973161265907,38.6440369876886,51.5));
#10487=CARTESIAN_POINT('Ctrl Pts',(-10.0973161265907,38.6440369876886,51.));
#10488=CARTESIAN_POINT('Ctrl Pts',(-9.79000367224216,38.6542845517397,51.5));
#10489=CARTESIAN_POINT('Ctrl Pts',(-9.79000367224216,38.6542845517397,51.));
#10490=CARTESIAN_POINT('',(-11.4646462351084,38.3135706931352,51.5));
#10491=CARTESIAN_POINT('Ctrl Pts',(-11.4646462351084,38.3135706931352,51.5));
#10492=CARTESIAN_POINT('Ctrl Pts',(-11.2128886292034,38.4128389785959,51.5));
#10493=CARTESIAN_POINT('Ctrl Pts',(-10.6754303513763,38.6247593356979,51.5));
#10494=CARTESIAN_POINT('Ctrl Pts',(-10.0973161265907,38.6440369876886,51.5));
#10495=CARTESIAN_POINT('Ctrl Pts',(-9.79000367224216,38.6542845517397,51.5));
#10496=CARTESIAN_POINT('',(-11.4646462351084,38.3135706931352,51.));
#10497=CARTESIAN_POINT('Ctrl Pts',(-11.4646462351084,38.3135706931352,51.));
#10498=CARTESIAN_POINT('Ctrl Pts',(-11.2128886292034,38.4128389785959,51.));
#10499=CARTESIAN_POINT('Ctrl Pts',(-10.6754303513763,38.6247593356979,51.));
#10500=CARTESIAN_POINT('Ctrl Pts',(-10.0973161265907,38.6440369876886,51.));
#10501=CARTESIAN_POINT('Ctrl Pts',(-9.79000367224216,38.6542845517397,51.));
#10502=CARTESIAN_POINT('',(-11.4646462351084,38.3135706931352,51.5));
#10503=CARTESIAN_POINT('Ctrl Pts',(-12.5189284235239,37.4039275199175,51.5));
#10504=CARTESIAN_POINT('Ctrl Pts',(-12.5189284235239,37.4039275199175,51.));
#10505=CARTESIAN_POINT('Ctrl Pts',(-12.3804140375319,37.5858886252422,51.5));
#10506=CARTESIAN_POINT('Ctrl Pts',(-12.3804140375319,37.5858886252422,51.));
#10507=CARTESIAN_POINT('Ctrl Pts',(-12.0933589474344,37.9629820304446,51.5));
#10508=CARTESIAN_POINT('Ctrl Pts',(-12.0933589474344,37.9629820304446,51.));
#10509=CARTESIAN_POINT('Ctrl Pts',(-11.6790409336152,38.1940179162248,51.5));
#10510=CARTESIAN_POINT('Ctrl Pts',(-11.6790409336152,38.1940179162248,51.));
#10511=CARTESIAN_POINT('Ctrl Pts',(-11.4646462351084,38.3135706931352,51.5));
#10512=CARTESIAN_POINT('Ctrl Pts',(-11.4646462351084,38.3135706931352,51.));
#10513=CARTESIAN_POINT('',(-12.5189284235239,37.4039275199175,51.5));
#10514=CARTESIAN_POINT('Ctrl Pts',(-12.5189284235239,37.4039275199175,51.5));
#10515=CARTESIAN_POINT('Ctrl Pts',(-12.3804140375319,37.5858886252422,51.5));
#10516=CARTESIAN_POINT('Ctrl Pts',(-12.0933589474344,37.9629820304446,51.5));
#10517=CARTESIAN_POINT('Ctrl Pts',(-11.6790409336152,38.1940179162248,51.5));
#10518=CARTESIAN_POINT('Ctrl Pts',(-11.4646462351084,38.3135706931352,51.5));
#10519=CARTESIAN_POINT('',(-12.5189284235239,37.4039275199175,51.));
#10520=CARTESIAN_POINT('Ctrl Pts',(-12.5189284235239,37.4039275199175,51.));
#10521=CARTESIAN_POINT('Ctrl Pts',(-12.3804140375319,37.5858886252422,51.));
#10522=CARTESIAN_POINT('Ctrl Pts',(-12.0933589474344,37.9629820304446,51.));
#10523=CARTESIAN_POINT('Ctrl Pts',(-11.6790409336152,38.1940179162248,51.));
#10524=CARTESIAN_POINT('Ctrl Pts',(-11.4646462351084,38.3135706931352,51.));
#10525=CARTESIAN_POINT('',(-12.5189284235239,37.4039275199175,51.5));
#10526=CARTESIAN_POINT('Ctrl Pts',(-12.8821448236704,36.1535704880953,51.5));
#10527=CARTESIAN_POINT('Ctrl Pts',(-12.8821448236704,36.1535704880953,51.));
#10528=CARTESIAN_POINT('Ctrl Pts',(-12.8671641863879,36.3757853894626,51.5));
#10529=CARTESIAN_POINT('Ctrl Pts',(-12.8671641863879,36.3757853894626,51.));
#10530=CARTESIAN_POINT('Ctrl Pts',(-12.8372783468274,36.8190962289805,51.5));
#10531=CARTESIAN_POINT('Ctrl Pts',(-12.8372783468274,36.8190962289805,51.));
#10532=CARTESIAN_POINT('Ctrl Pts',(-12.6248663478779,37.2093120715573,51.5));
#10533=CARTESIAN_POINT('Ctrl Pts',(-12.6248663478779,37.2093120715573,51.));
#10534=CARTESIAN_POINT('Ctrl Pts',(-12.5189284235239,37.4039275199175,51.5));
#10535=CARTESIAN_POINT('Ctrl Pts',(-12.5189284235239,37.4039275199175,51.));
#10536=CARTESIAN_POINT('',(-12.8821448236704,36.1535704880953,51.5));
#10537=CARTESIAN_POINT('Ctrl Pts',(-12.8821448236704,36.1535704880953,51.5));
#10538=CARTESIAN_POINT('Ctrl Pts',(-12.8671641863879,36.3757853894626,51.5));
#10539=CARTESIAN_POINT('Ctrl Pts',(-12.8372783468274,36.8190962289805,51.5));
#10540=CARTESIAN_POINT('Ctrl Pts',(-12.6248663478779,37.2093120715573,51.5));
#10541=CARTESIAN_POINT('Ctrl Pts',(-12.5189284235239,37.4039275199175,51.5));
#10542=CARTESIAN_POINT('',(-12.8821448236704,36.1535704880953,51.));
#10543=CARTESIAN_POINT('Ctrl Pts',(-12.8821448236704,36.1535704880953,51.));
#10544=CARTESIAN_POINT('Ctrl Pts',(-12.8671641863879,36.3757853894626,51.));
#10545=CARTESIAN_POINT('Ctrl Pts',(-12.8372783468274,36.8190962289805,51.));
#10546=CARTESIAN_POINT('Ctrl Pts',(-12.6248663478779,37.2093120715573,51.));
#10547=CARTESIAN_POINT('Ctrl Pts',(-12.5189284235239,37.4039275199175,51.));
#10548=CARTESIAN_POINT('',(-12.8821448236704,36.1535704880953,51.5));
#10549=CARTESIAN_POINT('Ctrl Pts',(-12.6217869669199,34.9996424466371,51.5));
#10550=CARTESIAN_POINT('Ctrl Pts',(-12.6217869669199,34.9996424466371,51.));
#10551=CARTESIAN_POINT('Ctrl Pts',(-12.6976362362953,35.1709578416938,51.5));
#10552=CARTESIAN_POINT('Ctrl Pts',(-12.6976362362953,35.1709578416938,51.));
#10553=CARTESIAN_POINT('Ctrl Pts',(-12.8600778514909,35.5378532608591,51.5));
#10554=CARTESIAN_POINT('Ctrl Pts',(-12.8600778514909,35.5378532608591,51.));
#10555=CARTESIAN_POINT('Ctrl Pts',(-12.8744718505611,35.9394776035312,51.5));
#10556=CARTESIAN_POINT('Ctrl Pts',(-12.8744718505611,35.9394776035312,51.));
#10557=CARTESIAN_POINT('Ctrl Pts',(-12.8821448236704,36.1535704880953,51.5));
#10558=CARTESIAN_POINT('Ctrl Pts',(-12.8821448236704,36.1535704880953,51.));
#10559=CARTESIAN_POINT('',(-12.6217869669199,34.9996424466371,51.5));
#10560=CARTESIAN_POINT('Ctrl Pts',(-12.6217869669199,34.9996424466371,51.5));
#10561=CARTESIAN_POINT('Ctrl Pts',(-12.6976362362953,35.1709578416938,51.5));
#10562=CARTESIAN_POINT('Ctrl Pts',(-12.8600778514909,35.5378532608591,51.5));
#10563=CARTESIAN_POINT('Ctrl Pts',(-12.8744718505611,35.9394776035312,51.5));
#10564=CARTESIAN_POINT('Ctrl Pts',(-12.8821448236704,36.1535704880953,51.5));
#10565=CARTESIAN_POINT('',(-12.6217869669199,34.9996424466371,51.));
#10566=CARTESIAN_POINT('Ctrl Pts',(-12.6217869669199,34.9996424466371,51.));
#10567=CARTESIAN_POINT('Ctrl Pts',(-12.6976362362953,35.1709578416938,51.));
#10568=CARTESIAN_POINT('Ctrl Pts',(-12.8600778514909,35.5378532608591,51.));
#10569=CARTESIAN_POINT('Ctrl Pts',(-12.8744718505611,35.9394776035312,51.));
#10570=CARTESIAN_POINT('Ctrl Pts',(-12.8821448236704,36.1535704880953,51.));
#10571=CARTESIAN_POINT('',(-12.6217869669199,34.9996424466371,51.5));
#10572=CARTESIAN_POINT('Ctrl Pts',(-11.9307164102793,34.2314279824495,51.5));
#10573=CARTESIAN_POINT('Ctrl Pts',(-11.9307164102793,34.2314279824495,51.));
#10574=CARTESIAN_POINT('Ctrl Pts',(-12.0673533944616,34.3392649167993,51.5));
#10575=CARTESIAN_POINT('Ctrl Pts',(-12.0673533944616,34.3392649167993,51.));
#10576=CARTESIAN_POINT('Ctrl Pts',(-12.3416670066092,34.5557592953998,51.5));
#10577=CARTESIAN_POINT('Ctrl Pts',(-12.3416670066092,34.5557592953998,51.));
#10578=CARTESIAN_POINT('Ctrl Pts',(-12.5281780223226,34.8513080213939,51.5));
#10579=CARTESIAN_POINT('Ctrl Pts',(-12.5281780223226,34.8513080213939,51.));
#10580=CARTESIAN_POINT('Ctrl Pts',(-12.6217869669199,34.9996424466371,51.5));
#10581=CARTESIAN_POINT('Ctrl Pts',(-12.6217869669199,34.9996424466371,51.));
#10582=CARTESIAN_POINT('',(-11.9307164102793,34.2314279824495,51.5));
#10583=CARTESIAN_POINT('Ctrl Pts',(-11.9307164102793,34.2314279824495,51.5));
#10584=CARTESIAN_POINT('Ctrl Pts',(-12.0673533944616,34.3392649167993,51.5));
#10585=CARTESIAN_POINT('Ctrl Pts',(-12.3416670066092,34.5557592953998,51.5));
#10586=CARTESIAN_POINT('Ctrl Pts',(-12.5281780223226,34.8513080213939,51.5));
#10587=CARTESIAN_POINT('Ctrl Pts',(-12.6217869669199,34.9996424466371,51.5));
#10588=CARTESIAN_POINT('',(-11.9307164102793,34.2314279824495,51.));
#10589=CARTESIAN_POINT('Ctrl Pts',(-11.9307164102793,34.2314279824495,51.));
#10590=CARTESIAN_POINT('Ctrl Pts',(-12.0673533944616,34.3392649167993,51.));
#10591=CARTESIAN_POINT('Ctrl Pts',(-12.3416670066092,34.5557592953998,51.));
#10592=CARTESIAN_POINT('Ctrl Pts',(-12.5281780223226,34.8513080213939,51.));
#10593=CARTESIAN_POINT('Ctrl Pts',(-12.6217869669199,34.9996424466371,51.));
#10594=CARTESIAN_POINT('',(-11.9307164102793,34.2314279824495,51.5));
#10595=CARTESIAN_POINT('Ctrl Pts',(-10.9857157617807,33.7267852574587,51.5));
#10596=CARTESIAN_POINT('Ctrl Pts',(-10.9857157617807,33.7267852574587,51.));
#10597=CARTESIAN_POINT('Ctrl Pts',(-11.1527444219261,33.7977953671051,51.5));
#10598=CARTESIAN_POINT('Ctrl Pts',(-11.1527444219261,33.7977953671051,51.));
#10599=CARTESIAN_POINT('Ctrl Pts',(-11.482692162177,33.9380684507328,51.5));
#10600=CARTESIAN_POINT('Ctrl Pts',(-11.482692162177,33.9380684507328,51.));
#10601=CARTESIAN_POINT('Ctrl Pts',(-11.7826202200894,34.1344568270106,51.5));
#10602=CARTESIAN_POINT('Ctrl Pts',(-11.7826202200894,34.1344568270106,51.));
#10603=CARTESIAN_POINT('Ctrl Pts',(-11.9307164102793,34.2314279824495,51.5));
#10604=CARTESIAN_POINT('Ctrl Pts',(-11.9307164102793,34.2314279824495,51.));
#10605=CARTESIAN_POINT('',(-10.9857157617807,33.7267852574587,51.5));
#10606=CARTESIAN_POINT('Ctrl Pts',(-10.9857157617807,33.7267852574587,51.5));
#10607=CARTESIAN_POINT('Ctrl Pts',(-11.1527444219261,33.7977953671051,51.5));
#10608=CARTESIAN_POINT('Ctrl Pts',(-11.482692162177,33.9380684507328,51.5));
#10609=CARTESIAN_POINT('Ctrl Pts',(-11.7826202200894,34.1344568270106,51.5));
#10610=CARTESIAN_POINT('Ctrl Pts',(-11.9307164102793,34.2314279824495,51.5));
#10611=CARTESIAN_POINT('',(-10.9857157617807,33.7267852574587,51.));
#10612=CARTESIAN_POINT('Ctrl Pts',(-10.9857157617807,33.7267852574587,51.));
#10613=CARTESIAN_POINT('Ctrl Pts',(-11.1527444219261,33.7977953671051,51.));
#10614=CARTESIAN_POINT('Ctrl Pts',(-11.482692162177,33.9380684507328,51.));
#10615=CARTESIAN_POINT('Ctrl Pts',(-11.7826202200894,34.1344568270106,51.));
#10616=CARTESIAN_POINT('Ctrl Pts',(-11.9307164102793,34.2314279824495,51.));
#10617=CARTESIAN_POINT('',(-10.9857157617807,33.7267852574587,51.5));
#10618=CARTESIAN_POINT('Ctrl Pts',(-9.97000016272067,33.3571422845125,51.5));
#10619=CARTESIAN_POINT('Ctrl Pts',(-9.97000016272067,33.3571422845125,51.));
#10620=CARTESIAN_POINT('Ctrl Pts',(-10.138615536372,33.4146989454692,51.5));
#10621=CARTESIAN_POINT('Ctrl Pts',(-10.138615536372,33.4146989454692,51.));
#10622=CARTESIAN_POINT('Ctrl Pts',(-10.4796605714034,33.5311142700462,51.5));
#10623=CARTESIAN_POINT('Ctrl Pts',(-10.4796605714034,33.5311142700462,51.));
#10624=CARTESIAN_POINT('Ctrl Pts',(-10.8157776407278,33.6610770885124,51.5));
#10625=CARTESIAN_POINT('Ctrl Pts',(-10.8157776407278,33.6610770885124,51.));
#10626=CARTESIAN_POINT('Ctrl Pts',(-10.9857157617807,33.7267852574587,51.5));
#10627=CARTESIAN_POINT('Ctrl Pts',(-10.9857157617807,33.7267852574587,51.));
#10628=CARTESIAN_POINT('',(-9.97000016272067,33.3571422845125,51.5));
#10629=CARTESIAN_POINT('Ctrl Pts',(-9.97000016272067,33.3571422845125,51.5));
#10630=CARTESIAN_POINT('Ctrl Pts',(-10.138615536372,33.4146989454692,51.5));
#10631=CARTESIAN_POINT('Ctrl Pts',(-10.4796605714034,33.5311142700462,51.5));
#10632=CARTESIAN_POINT('Ctrl Pts',(-10.8157776407278,33.6610770885124,51.5));
#10633=CARTESIAN_POINT('Ctrl Pts',(-10.9857157617807,33.7267852574587,51.5));
#10634=CARTESIAN_POINT('',(-9.97000016272067,33.3571422845125,51.));
#10635=CARTESIAN_POINT('Ctrl Pts',(-9.97000016272067,33.3571422845125,51.));
#10636=CARTESIAN_POINT('Ctrl Pts',(-10.138615536372,33.4146989454692,51.));
#10637=CARTESIAN_POINT('Ctrl Pts',(-10.4796605714034,33.5311142700462,51.));
#10638=CARTESIAN_POINT('Ctrl Pts',(-10.8157776407278,33.6610770885124,51.));
#10639=CARTESIAN_POINT('Ctrl Pts',(-10.9857157617807,33.7267852574587,51.));
#10640=CARTESIAN_POINT('',(-9.97000016272067,33.3571422845125,51.5));
#10641=CARTESIAN_POINT('Ctrl Pts',(-9.07000340521335,33.0260706692934,51.5));
#10642=CARTESIAN_POINT('Ctrl Pts',(-9.07000340521335,33.0260706692934,51.));
#10643=CARTESIAN_POINT('Ctrl Pts',(-9.20988523902825,33.0822686152687,51.5));
#10644=CARTESIAN_POINT('Ctrl Pts',(-9.20988523902825,33.0822686152687,51.));
#10645=CARTESIAN_POINT('Ctrl Pts',(-9.50661561836765,33.2014809344996,51.5));
#10646=CARTESIAN_POINT('Ctrl Pts',(-9.50661561836765,33.2014809344996,51.));
#10647=CARTESIAN_POINT('Ctrl Pts',(-9.80976081336792,33.3033142625178,51.5));
#10648=CARTESIAN_POINT('Ctrl Pts',(-9.80976081336792,33.3033142625178,51.));
#10649=CARTESIAN_POINT('Ctrl Pts',(-9.97000016272067,33.3571422845125,51.5));
#10650=CARTESIAN_POINT('Ctrl Pts',(-9.97000016272067,33.3571422845125,51.));
#10651=CARTESIAN_POINT('',(-9.07000340521335,33.0260706692934,51.5));
#10652=CARTESIAN_POINT('Ctrl Pts',(-9.07000340521335,33.0260706692934,51.5));
#10653=CARTESIAN_POINT('Ctrl Pts',(-9.20988523902825,33.0822686152687,51.5));
#10654=CARTESIAN_POINT('Ctrl Pts',(-9.50661561836765,33.2014809344996,51.5));
#10655=CARTESIAN_POINT('Ctrl Pts',(-9.80976081336792,33.3033142625178,51.5));
#10656=CARTESIAN_POINT('Ctrl Pts',(-9.97000016272067,33.3571422845125,51.5));
#10657=CARTESIAN_POINT('',(-9.07000340521335,33.0260706692934,51.));
#10658=CARTESIAN_POINT('Ctrl Pts',(-9.07000340521335,33.0260706692934,51.));
#10659=CARTESIAN_POINT('Ctrl Pts',(-9.20988523902825,33.0822686152687,51.));
#10660=CARTESIAN_POINT('Ctrl Pts',(-9.50661561836765,33.2014809344996,51.));
#10661=CARTESIAN_POINT('Ctrl Pts',(-9.80976081336792,33.3033142625178,51.));
#10662=CARTESIAN_POINT('Ctrl Pts',(-9.97000016272067,33.3571422845125,51.));
#10663=CARTESIAN_POINT('',(-9.07000340521335,33.0260706692934,51.5));
#10664=CARTESIAN_POINT('Ctrl Pts',(-8.45285691320895,32.6435709744692,51.5));
#10665=CARTESIAN_POINT('Ctrl Pts',(-8.45285691320895,32.6435709744692,51.));
#10666=CARTESIAN_POINT('Ctrl Pts',(-8.53922764576354,32.7159355670516,51.5));
#10667=CARTESIAN_POINT('Ctrl Pts',(-8.53922764576354,32.7159355670516,51.));
#10668=CARTESIAN_POINT('Ctrl Pts',(-8.72645049506958,32.8727977912268,51.5));
#10669=CARTESIAN_POINT('Ctrl Pts',(-8.72645049506958,32.8727977912268,51.));
#10670=CARTESIAN_POINT('Ctrl Pts',(-8.94972902428291,32.9724113930114,51.5));
#10671=CARTESIAN_POINT('Ctrl Pts',(-8.94972902428291,32.9724113930114,51.));
#10672=CARTESIAN_POINT('Ctrl Pts',(-9.07000340521335,33.0260706692934,51.5));
#10673=CARTESIAN_POINT('Ctrl Pts',(-9.07000340521335,33.0260706692934,51.));
#10674=CARTESIAN_POINT('',(-8.45285691320895,32.6435709744692,51.5));
#10675=CARTESIAN_POINT('Ctrl Pts',(-8.45285691320895,32.6435709744692,51.5));
#10676=CARTESIAN_POINT('Ctrl Pts',(-8.53922764576354,32.7159355670516,51.5));
#10677=CARTESIAN_POINT('Ctrl Pts',(-8.72645049506958,32.8727977912268,51.5));
#10678=CARTESIAN_POINT('Ctrl Pts',(-8.94972902428291,32.9724113930114,51.5));
#10679=CARTESIAN_POINT('Ctrl Pts',(-9.07000340521335,33.0260706692934,51.5));
#10680=CARTESIAN_POINT('',(-8.45285691320895,32.6435709744692,51.));
#10681=CARTESIAN_POINT('Ctrl Pts',(-8.45285691320895,32.6435709744692,51.));
#10682=CARTESIAN_POINT('Ctrl Pts',(-8.53922764576354,32.7159355670516,51.));
#10683=CARTESIAN_POINT('Ctrl Pts',(-8.72645049506958,32.8727977912268,51.));
#10684=CARTESIAN_POINT('Ctrl Pts',(-8.94972902428291,32.9724113930114,51.));
#10685=CARTESIAN_POINT('Ctrl Pts',(-9.07000340521335,33.0260706692934,51.));
#10686=CARTESIAN_POINT('',(-8.45285691320895,32.6435709744692,51.5));
#10687=CARTESIAN_POINT('Ctrl Pts',(-8.22786130011081,32.0907128602266,51.5));
#10688=CARTESIAN_POINT('Ctrl Pts',(-8.22786130011081,32.0907128602266,51.));
#10689=CARTESIAN_POINT('Ctrl Pts',(-8.23654679070829,32.1966393035388,51.5));
#10690=CARTESIAN_POINT('Ctrl Pts',(-8.23654679070829,32.1966393035388,51.));
#10691=CARTESIAN_POINT('Ctrl Pts',(-8.25361164328625,32.4047587089937,51.5));
#10692=CARTESIAN_POINT('Ctrl Pts',(-8.25361164328625,32.4047587089937,51.));
#10693=CARTESIAN_POINT('Ctrl Pts',(-8.38724088738326,32.564924631773,51.5));
#10694=CARTESIAN_POINT('Ctrl Pts',(-8.38724088738326,32.564924631773,51.));
#10695=CARTESIAN_POINT('Ctrl Pts',(-8.45285691320895,32.6435709744692,51.5));
#10696=CARTESIAN_POINT('Ctrl Pts',(-8.45285691320895,32.6435709744692,51.));
#10697=CARTESIAN_POINT('',(-8.22786130011081,32.0907128602266,51.5));
#10698=CARTESIAN_POINT('Ctrl Pts',(-8.22786130011081,32.0907128602266,51.5));
#10699=CARTESIAN_POINT('Ctrl Pts',(-8.23654679070829,32.1966393035388,51.5));
#10700=CARTESIAN_POINT('Ctrl Pts',(-8.25361164328625,32.4047587089937,51.5));
#10701=CARTESIAN_POINT('Ctrl Pts',(-8.38724088738326,32.564924631773,51.5));
#10702=CARTESIAN_POINT('Ctrl Pts',(-8.45285691320895,32.6435709744692,51.5));
#10703=CARTESIAN_POINT('',(-8.22786130011081,32.0907128602266,51.));
#10704=CARTESIAN_POINT('Ctrl Pts',(-8.22786130011081,32.0907128602266,51.));
#10705=CARTESIAN_POINT('Ctrl Pts',(-8.23654679070829,32.1966393035388,51.));
#10706=CARTESIAN_POINT('Ctrl Pts',(-8.25361164328625,32.4047587089937,51.));
#10707=CARTESIAN_POINT('Ctrl Pts',(-8.38724088738326,32.564924631773,51.));
#10708=CARTESIAN_POINT('Ctrl Pts',(-8.45285691320895,32.6435709744692,51.));
#10709=CARTESIAN_POINT('',(-8.22786130011081,32.0907128602266,51.5));
#10710=CARTESIAN_POINT('Ctrl Pts',(-8.61357487738132,31.3449991494417,51.5));
#10711=CARTESIAN_POINT('Ctrl Pts',(-8.61357487738132,31.3449991494417,51.));
#10712=CARTESIAN_POINT('Ctrl Pts',(-8.50108175810273,31.4416045926234,51.5));
#10713=CARTESIAN_POINT('Ctrl Pts',(-8.50108175810273,31.4416045926234,51.));
#10714=CARTESIAN_POINT('Ctrl Pts',(-8.27249432696487,31.6379080664045,51.5));
#10715=CARTESIAN_POINT('Ctrl Pts',(-8.27249432696487,31.6379080664045,51.));
#10716=CARTESIAN_POINT('Ctrl Pts',(-8.24289441585915,31.9382009793006,51.5));
#10717=CARTESIAN_POINT('Ctrl Pts',(-8.24289441585915,31.9382009793006,51.));
#10718=CARTESIAN_POINT('Ctrl Pts',(-8.22786130011081,32.0907128602266,51.5));
#10719=CARTESIAN_POINT('Ctrl Pts',(-8.22786130011081,32.0907128602266,51.));
#10720=CARTESIAN_POINT('',(-8.61357487738132,31.3449991494417,51.5));
#10721=CARTESIAN_POINT('Ctrl Pts',(-8.61357487738132,31.3449991494417,51.5));
#10722=CARTESIAN_POINT('Ctrl Pts',(-8.50108175810273,31.4416045926234,51.5));
#10723=CARTESIAN_POINT('Ctrl Pts',(-8.27249432696487,31.6379080664045,51.5));
#10724=CARTESIAN_POINT('Ctrl Pts',(-8.24289441585915,31.9382009793006,51.5));
#10725=CARTESIAN_POINT('Ctrl Pts',(-8.22786130011081,32.0907128602266,51.5));
#10726=CARTESIAN_POINT('',(-8.61357487738132,31.3449991494417,51.));
#10727=CARTESIAN_POINT('Ctrl Pts',(-8.61357487738132,31.3449991494417,51.));
#10728=CARTESIAN_POINT('Ctrl Pts',(-8.50108175810273,31.4416045926234,51.));
#10729=CARTESIAN_POINT('Ctrl Pts',(-8.27249432696487,31.6379080664045,51.));
#10730=CARTESIAN_POINT('Ctrl Pts',(-8.24289441585915,31.9382009793006,51.));
#10731=CARTESIAN_POINT('Ctrl Pts',(-8.22786130011081,32.0907128602266,51.));
#10732=CARTESIAN_POINT('',(-8.61357487738132,31.3449991494417,51.5));
#10733=CARTESIAN_POINT('Ctrl Pts',(-9.64214600622653,31.0878563672304,51.5));
#10734=CARTESIAN_POINT('Ctrl Pts',(-9.64214600622653,31.0878563672304,51.));
#10735=CARTESIAN_POINT('Ctrl Pts',(-9.44535052429635,31.09434534617,51.5));
#10736=CARTESIAN_POINT('Ctrl Pts',(-9.44535052429635,31.09434534617,51.));
#10737=CARTESIAN_POINT('Ctrl Pts',(-9.08304534011333,31.1062917114361,51.5));
#10738=CARTESIAN_POINT('Ctrl Pts',(-9.08304534011333,31.1062917114361,51.));
#10739=CARTESIAN_POINT('Ctrl Pts',(-8.76078921047443,31.270146397075,51.5));
#10740=CARTESIAN_POINT('Ctrl Pts',(-8.76078921047443,31.270146397075,51.));
#10741=CARTESIAN_POINT('Ctrl Pts',(-8.61357487738132,31.3449991494417,51.5));
#10742=CARTESIAN_POINT('Ctrl Pts',(-8.61357487738132,31.3449991494417,51.));
#10743=CARTESIAN_POINT('',(-9.64214600622653,31.0878563672304,51.5));
#10744=CARTESIAN_POINT('Ctrl Pts',(-9.64214600622653,31.0878563672304,51.5));
#10745=CARTESIAN_POINT('Ctrl Pts',(-9.44535052429635,31.09434534617,51.5));
#10746=CARTESIAN_POINT('Ctrl Pts',(-9.08304534011333,31.1062917114361,51.5));
#10747=CARTESIAN_POINT('Ctrl Pts',(-8.76078921047443,31.270146397075,51.5));
#10748=CARTESIAN_POINT('Ctrl Pts',(-8.61357487738132,31.3449991494417,51.5));
#10749=CARTESIAN_POINT('',(-9.64214600622653,31.0878563672304,51.));
#10750=CARTESIAN_POINT('Ctrl Pts',(-9.64214600622653,31.0878563672304,51.));
#10751=CARTESIAN_POINT('Ctrl Pts',(-9.44535052429635,31.09434534617,51.));
#10752=CARTESIAN_POINT('Ctrl Pts',(-9.08304534011333,31.1062917114361,51.));
#10753=CARTESIAN_POINT('Ctrl Pts',(-8.76078921047443,31.270146397075,51.));
#10754=CARTESIAN_POINT('Ctrl Pts',(-8.61357487738132,31.3449991494417,51.));
#10755=CARTESIAN_POINT('',(-9.64214600622653,31.0878563672304,51.5));
#10756=CARTESIAN_POINT('Ctrl Pts',(-10.7735756784677,31.4896417409181,51.5));
#10757=CARTESIAN_POINT('Ctrl Pts',(-10.7735756784677,31.4896417409181,51.));
#10758=CARTESIAN_POINT('Ctrl Pts',(-10.6005574132845,31.3724576083853,51.5));
#10759=CARTESIAN_POINT('Ctrl Pts',(-10.6005574132845,31.3724576083853,51.));
#10760=CARTESIAN_POINT('Ctrl Pts',(-10.2580386054729,31.1404718736592,51.5));
#10761=CARTESIAN_POINT('Ctrl Pts',(-10.2580386054729,31.1404718736592,51.));
#10762=CARTESIAN_POINT('Ctrl Pts',(-9.84603308526634,31.1052743747387,51.5));
#10763=CARTESIAN_POINT('Ctrl Pts',(-9.84603308526634,31.1052743747387,51.));
#10764=CARTESIAN_POINT('Ctrl Pts',(-9.64214600622653,31.0878563672304,51.5));
#10765=CARTESIAN_POINT('Ctrl Pts',(-9.64214600622653,31.0878563672304,51.));
#10766=CARTESIAN_POINT('',(-10.7735756784677,31.4896417409181,51.5));
#10767=CARTESIAN_POINT('Ctrl Pts',(-10.7735756784677,31.4896417409181,51.5));
#10768=CARTESIAN_POINT('Ctrl Pts',(-10.6005574132845,31.3724576083853,51.5));
#10769=CARTESIAN_POINT('Ctrl Pts',(-10.2580386054729,31.1404718736592,51.5));
#10770=CARTESIAN_POINT('Ctrl Pts',(-9.84603308526634,31.1052743747387,51.5));
#10771=CARTESIAN_POINT('Ctrl Pts',(-9.64214600622653,31.0878563672304,51.5));
#10772=CARTESIAN_POINT('',(-10.7735756784677,31.4896417409181,51.));
#10773=CARTESIAN_POINT('Ctrl Pts',(-10.7735756784677,31.4896417409181,51.));
#10774=CARTESIAN_POINT('Ctrl Pts',(-10.6005574132845,31.3724576083853,51.));
#10775=CARTESIAN_POINT('Ctrl Pts',(-10.2580386054729,31.1404718736592,51.));
#10776=CARTESIAN_POINT('Ctrl Pts',(-9.84603308526634,31.1052743747387,51.));
#10777=CARTESIAN_POINT('Ctrl Pts',(-9.64214600622653,31.0878563672304,51.));
#10778=CARTESIAN_POINT('',(-10.7735756784677,31.4896417409181,51.5));
#10779=CARTESIAN_POINT('Ctrl Pts',(-11.5771464258432,32.5214279443025,51.5));
#10780=CARTESIAN_POINT('Ctrl Pts',(-11.5771464258432,32.5214279443025,51.));
#10781=CARTESIAN_POINT('Ctrl Pts',(-11.4713766272756,32.3222468140016,51.5));
#10782=CARTESIAN_POINT('Ctrl Pts',(-11.4713766272756,32.3222468140016,51.));
#10783=CARTESIAN_POINT('Ctrl Pts',(-11.2637285485488,31.9312128933007,51.5));
#10784=CARTESIAN_POINT('Ctrl Pts',(-11.2637285485488,31.9312128933007,51.));
#10785=CARTESIAN_POINT('Ctrl Pts',(-10.9349058204262,31.634981574768,51.5));
#10786=CARTESIAN_POINT('Ctrl Pts',(-10.9349058204262,31.634981574768,51.));
#10787=CARTESIAN_POINT('Ctrl Pts',(-10.7735756784677,31.4896417409181,51.5));
#10788=CARTESIAN_POINT('Ctrl Pts',(-10.7735756784677,31.4896417409181,51.));
#10789=CARTESIAN_POINT('',(-11.5771464258432,32.5214279443025,51.5));
#10790=CARTESIAN_POINT('Ctrl Pts',(-11.5771464258432,32.5214279443025,51.5));
#10791=CARTESIAN_POINT('Ctrl Pts',(-11.4713766272756,32.3222468140016,51.5));
#10792=CARTESIAN_POINT('Ctrl Pts',(-11.2637285485488,31.9312128933007,51.5));
#10793=CARTESIAN_POINT('Ctrl Pts',(-10.9349058204262,31.634981574768,51.5));
#10794=CARTESIAN_POINT('Ctrl Pts',(-10.7735756784677,31.4896417409181,51.5));
#10795=CARTESIAN_POINT('',(-11.5771464258432,32.5214279443025,51.));
#10796=CARTESIAN_POINT('Ctrl Pts',(-11.5771464258432,32.5214279443025,51.));
#10797=CARTESIAN_POINT('Ctrl Pts',(-11.4713766272756,32.3222468140016,51.));
#10798=CARTESIAN_POINT('Ctrl Pts',(-11.2637285485488,31.9312128933007,51.));
#10799=CARTESIAN_POINT('Ctrl Pts',(-10.9349058204262,31.634981574768,51.));
#10800=CARTESIAN_POINT('Ctrl Pts',(-10.7735756784677,31.4896417409181,51.));
#10801=CARTESIAN_POINT('',(-11.5771464258432,32.5214279443025,51.5));
#10802=CARTESIAN_POINT('Origin',(-13.2357148081064,31.8978560715914,51.5));
#10803=CARTESIAN_POINT('',(-13.2357148081064,31.8978560715914,51.5));
#10804=CARTESIAN_POINT('',(-13.2357148081064,31.8978560715914,51.5));
#10805=CARTESIAN_POINT('',(-13.2357148081064,31.8978560715914,51.));
#10806=CARTESIAN_POINT('',(-13.2357148081064,31.8978560715914,51.));
#10807=CARTESIAN_POINT('',(-13.2357148081064,31.8978560715914,51.5));
#10808=CARTESIAN_POINT('Ctrl Pts',(-12.4675015360117,30.5349994450807,51.5));
#10809=CARTESIAN_POINT('Ctrl Pts',(-12.4675015360117,30.5349994450807,51.));
#10810=CARTESIAN_POINT('Ctrl Pts',(-12.6266170185638,30.7376988270723,51.5));
#10811=CARTESIAN_POINT('Ctrl Pts',(-12.6266170185638,30.7376988270723,51.));
#10812=CARTESIAN_POINT('Ctrl Pts',(-12.9522687217574,31.1525509704533,51.5));
#10813=CARTESIAN_POINT('Ctrl Pts',(-12.9522687217574,31.1525509704533,51.));
#10814=CARTESIAN_POINT('Ctrl Pts',(-13.13980826979,31.6456753723958,51.5));
#10815=CARTESIAN_POINT('Ctrl Pts',(-13.13980826979,31.6456753723958,51.));
#10816=CARTESIAN_POINT('Ctrl Pts',(-13.2357148081064,31.8978560715914,51.5));
#10817=CARTESIAN_POINT('Ctrl Pts',(-13.2357148081064,31.8978560715914,51.));
#10818=CARTESIAN_POINT('',(-12.4675015360117,30.5349994450807,51.5));
#10819=CARTESIAN_POINT('Ctrl Pts',(-12.4675015360117,30.5349994450807,51.5));
#10820=CARTESIAN_POINT('Ctrl Pts',(-12.6266170185638,30.7376988270723,51.5));
#10821=CARTESIAN_POINT('Ctrl Pts',(-12.9522687217574,31.1525509704533,51.5));
#10822=CARTESIAN_POINT('Ctrl Pts',(-13.13980826979,31.6456753723958,51.5));
#10823=CARTESIAN_POINT('Ctrl Pts',(-13.2357148081064,31.8978560715914,51.5));
#10824=CARTESIAN_POINT('',(-12.4675015360117,30.5349994450807,51.));
#10825=CARTESIAN_POINT('Ctrl Pts',(-12.4675015360117,30.5349994450807,51.));
#10826=CARTESIAN_POINT('Ctrl Pts',(-12.6266170185638,30.7376988270723,51.));
#10827=CARTESIAN_POINT('Ctrl Pts',(-12.9522687217574,31.1525509704533,51.));
#10828=CARTESIAN_POINT('Ctrl Pts',(-13.13980826979,31.6456753723958,51.));
#10829=CARTESIAN_POINT('Ctrl Pts',(-13.2357148081064,31.8978560715914,51.));
#10830=CARTESIAN_POINT('',(-12.4675015360117,30.5349994450807,51.5));
#10831=CARTESIAN_POINT('Ctrl Pts',(-11.2557152658701,29.6542847901583,51.5));
#10832=CARTESIAN_POINT('Ctrl Pts',(-11.2557152658701,29.6542847901583,51.));
#10833=CARTESIAN_POINT('Ctrl Pts',(-11.482745471524,29.7678446261689,51.5));
#10834=CARTESIAN_POINT('Ctrl Pts',(-11.482745471524,29.7678446261689,51.));
#10835=CARTESIAN_POINT('Ctrl Pts',(-11.9354844257213,29.9943033092599,51.5));
#10836=CARTESIAN_POINT('Ctrl Pts',(-11.9354844257213,29.9943033092599,51.));
#10837=CARTESIAN_POINT('Ctrl Pts',(-12.2905079141272,30.3551184495886,51.5));
#10838=CARTESIAN_POINT('Ctrl Pts',(-12.2905079141272,30.3551184495886,51.));
#10839=CARTESIAN_POINT('Ctrl Pts',(-12.4675015360117,30.5349994450807,51.5));
#10840=CARTESIAN_POINT('Ctrl Pts',(-12.4675015360117,30.5349994450807,51.));
#10841=CARTESIAN_POINT('',(-11.2557152658701,29.6542847901583,51.5));
#10842=CARTESIAN_POINT('Ctrl Pts',(-11.2557152658701,29.6542847901583,51.5));
#10843=CARTESIAN_POINT('Ctrl Pts',(-11.482745471524,29.7678446261689,51.5));
#10844=CARTESIAN_POINT('Ctrl Pts',(-11.9354844257213,29.9943033092599,51.5));
#10845=CARTESIAN_POINT('Ctrl Pts',(-12.2905079141272,30.3551184495886,51.5));
#10846=CARTESIAN_POINT('Ctrl Pts',(-12.4675015360117,30.5349994450807,51.5));
#10847=CARTESIAN_POINT('',(-11.2557152658701,29.6542847901583,51.));
#10848=CARTESIAN_POINT('Ctrl Pts',(-11.2557152658701,29.6542847901583,51.));
#10849=CARTESIAN_POINT('Ctrl Pts',(-11.482745471524,29.7678446261689,51.));
#10850=CARTESIAN_POINT('Ctrl Pts',(-11.9354844257213,29.9943033092599,51.));
#10851=CARTESIAN_POINT('Ctrl Pts',(-12.2905079141272,30.3551184495886,51.));
#10852=CARTESIAN_POINT('Ctrl Pts',(-12.4675015360117,30.5349994450807,51.));
#10853=CARTESIAN_POINT('',(-11.2557152658701,29.6542847901583,51.5));
#10854=CARTESIAN_POINT('Ctrl Pts',(-9.68714512884616,29.3457139283418,51.5));
#10855=CARTESIAN_POINT('Ctrl Pts',(-9.68714512884616,29.3457139283418,51.));
#10856=CARTESIAN_POINT('Ctrl Pts',(-9.9643049617882,29.3570456251701,51.5));
#10857=CARTESIAN_POINT('Ctrl Pts',(-9.9643049617882,29.3570456251701,51.));
#10858=CARTESIAN_POINT('Ctrl Pts',(-10.5033090698851,29.379082841304,51.5));
#10859=CARTESIAN_POINT('Ctrl Pts',(-10.5033090698851,29.379082841304,51.));
#10860=CARTESIAN_POINT('Ctrl Pts',(-11.0097095809865,29.5643051431664,51.5));
#10861=CARTESIAN_POINT('Ctrl Pts',(-11.0097095809865,29.5643051431664,51.));
#10862=CARTESIAN_POINT('Ctrl Pts',(-11.2557152658701,29.6542847901583,51.5));
#10863=CARTESIAN_POINT('Ctrl Pts',(-11.2557152658701,29.6542847901583,51.));
#10864=CARTESIAN_POINT('',(-9.68714512884616,29.3457139283418,51.5));
#10865=CARTESIAN_POINT('Ctrl Pts',(-9.68714512884616,29.3457139283418,51.5));
#10866=CARTESIAN_POINT('Ctrl Pts',(-9.9643049617882,29.3570456251701,51.5));
#10867=CARTESIAN_POINT('Ctrl Pts',(-10.5033090698851,29.379082841304,51.5));
#10868=CARTESIAN_POINT('Ctrl Pts',(-11.0097095809865,29.5643051431664,51.5));
#10869=CARTESIAN_POINT('Ctrl Pts',(-11.2557152658701,29.6542847901583,51.5));
#10870=CARTESIAN_POINT('',(-9.68714512884616,29.3457139283418,51.));
#10871=CARTESIAN_POINT('Ctrl Pts',(-9.68714512884616,29.3457139283418,51.));
#10872=CARTESIAN_POINT('Ctrl Pts',(-9.9643049617882,29.3570456251701,51.));
#10873=CARTESIAN_POINT('Ctrl Pts',(-10.5033090698851,29.379082841304,51.));
#10874=CARTESIAN_POINT('Ctrl Pts',(-11.0097095809865,29.5643051431664,51.));
#10875=CARTESIAN_POINT('Ctrl Pts',(-11.2557152658701,29.6542847901583,51.));
#10876=CARTESIAN_POINT('',(-9.68714512884616,29.3457139283418,51.5));
#10877=CARTESIAN_POINT('Ctrl Pts',(-8.00607480108737,29.6703565865755,51.5));
#10878=CARTESIAN_POINT('Ctrl Pts',(-8.00607480108737,29.6703565865755,51.));
#10879=CARTESIAN_POINT('Ctrl Pts',(-8.26832899577945,29.5756994394067,51.5));
#10880=CARTESIAN_POINT('Ctrl Pts',(-8.26832899577945,29.5756994394067,51.));
#10881=CARTESIAN_POINT('Ctrl Pts',(-8.81140750697234,29.379682507748,51.5));
#10882=CARTESIAN_POINT('Ctrl Pts',(-8.81140750697234,29.379682507748,51.));
#10883=CARTESIAN_POINT('Ctrl Pts',(-9.38865310911956,29.3572919964994,51.5));
#10884=CARTESIAN_POINT('Ctrl Pts',(-9.38865310911956,29.3572919964994,51.));
#10885=CARTESIAN_POINT('Ctrl Pts',(-9.68714512884616,29.3457139283418,51.5));
#10886=CARTESIAN_POINT('Ctrl Pts',(-9.68714512884616,29.3457139283418,51.));
#10887=CARTESIAN_POINT('Ctrl Pts',(-8.00607480108737,29.6703565865755,51.5));
#10888=CARTESIAN_POINT('Ctrl Pts',(-8.26832899577945,29.5756994394067,51.5));
#10889=CARTESIAN_POINT('Ctrl Pts',(-8.81140750697234,29.379682507748,51.5));
#10890=CARTESIAN_POINT('Ctrl Pts',(-9.38865310911956,29.3572919964994,51.5));
#10891=CARTESIAN_POINT('Ctrl Pts',(-9.68714512884616,29.3457139283418,51.5));
#10892=CARTESIAN_POINT('Ctrl Pts',(-8.00607480108737,29.6703565865755,51.));
#10893=CARTESIAN_POINT('Ctrl Pts',(-8.26832899577945,29.5756994394067,51.));
#10894=CARTESIAN_POINT('Ctrl Pts',(-8.81140750697234,29.379682507748,51.));
#10895=CARTESIAN_POINT('Ctrl Pts',(-9.38865310911956,29.3572919964994,51.));
#10896=CARTESIAN_POINT('Ctrl Pts',(-9.68714512884616,29.3457139283418,51.));
#10897=CARTESIAN_POINT('Origin',(-25.0000009685755,33.9999992400408,51.5));
#10898=CARTESIAN_POINT('Origin',(-25.0000009685755,33.9999992400408,51.));
#10899=CARTESIAN_POINT('Ctrl Pts',(-37.3171428591013,30.4771424084902,51.5));
#10900=CARTESIAN_POINT('Ctrl Pts',(-37.3171428591013,30.4771424084902,51.));
#10901=CARTESIAN_POINT('Ctrl Pts',(-37.4742020295428,30.3129640394629,51.5));
#10902=CARTESIAN_POINT('Ctrl Pts',(-37.4742020295428,30.3129640394629,51.));
#10903=CARTESIAN_POINT('Ctrl Pts',(-37.7882050133011,29.9847278874559,51.5));
#10904=CARTESIAN_POINT('Ctrl Pts',(-37.7882050133011,29.9847278874559,51.));
#10905=CARTESIAN_POINT('Ctrl Pts',(-38.187783421671,29.7686920051231,51.5));
#10906=CARTESIAN_POINT('Ctrl Pts',(-38.187783421671,29.7686920051231,51.));
#10907=CARTESIAN_POINT('Ctrl Pts',(-38.3874992281198,29.6607137471437,51.5));
#10908=CARTESIAN_POINT('Ctrl Pts',(-38.3874992281198,29.6607137471437,51.));
#10909=CARTESIAN_POINT('',(-37.3171428591013,30.4771424084902,51.5));
#10910=CARTESIAN_POINT('',(-38.3874992281198,29.6607137471437,51.5));
#10911=CARTESIAN_POINT('Ctrl Pts',(-37.3171428591013,30.4771424084902,51.5));
#10912=CARTESIAN_POINT('Ctrl Pts',(-37.4742020295428,30.3129640394629,51.5));
#10913=CARTESIAN_POINT('Ctrl Pts',(-37.7882050133011,29.9847278874559,51.5));
#10914=CARTESIAN_POINT('Ctrl Pts',(-38.187783421671,29.7686920051231,51.5));
#10915=CARTESIAN_POINT('Ctrl Pts',(-38.3874992281198,29.6607137471437,51.5));
#10916=CARTESIAN_POINT('',(-38.3874992281198,29.6607137471437,51.));
#10917=CARTESIAN_POINT('',(-38.3874992281198,29.6607137471437,51.5));
#10918=CARTESIAN_POINT('',(-37.3171428591013,30.4771424084902,51.));
#10919=CARTESIAN_POINT('Ctrl Pts',(-37.3171428591013,30.4771424084902,51.));
#10920=CARTESIAN_POINT('Ctrl Pts',(-37.4742020295428,30.3129640394629,51.));
#10921=CARTESIAN_POINT('Ctrl Pts',(-37.7882050133011,29.9847278874559,51.));
#10922=CARTESIAN_POINT('Ctrl Pts',(-38.187783421671,29.7686920051231,51.));
#10923=CARTESIAN_POINT('Ctrl Pts',(-38.3874992281198,29.6607137471437,51.));
#10924=CARTESIAN_POINT('',(-37.3171428591013,30.4771424084902,51.5));
#10925=CARTESIAN_POINT('Ctrl Pts',(-36.5585712343454,31.6599989682436,51.5));
#10926=CARTESIAN_POINT('Ctrl Pts',(-36.5585712343454,31.6599989682436,51.));
#10927=CARTESIAN_POINT('Ctrl Pts',(-36.6661548852746,31.4465328466207,51.5));
#10928=CARTESIAN_POINT('Ctrl Pts',(-36.6661548852746,31.4465328466207,51.));
#10929=CARTESIAN_POINT('Ctrl Pts',(-36.878116970862,31.0259603530247,51.5));
#10930=CARTESIAN_POINT('Ctrl Pts',(-36.878116970862,31.0259603530247,51.));
#10931=CARTESIAN_POINT('Ctrl Pts',(-37.1722836581577,30.6582281508996,51.5));
#10932=CARTESIAN_POINT('Ctrl Pts',(-37.1722836581577,30.6582281508996,51.));
#10933=CARTESIAN_POINT('Ctrl Pts',(-37.3171428591013,30.4771424084902,51.5));
#10934=CARTESIAN_POINT('Ctrl Pts',(-37.3171428591013,30.4771424084902,51.));
#10935=CARTESIAN_POINT('',(-36.5585712343454,31.6599989682436,51.5));
#10936=CARTESIAN_POINT('Ctrl Pts',(-36.5585712343454,31.6599989682436,51.5));
#10937=CARTESIAN_POINT('Ctrl Pts',(-36.6661548852746,31.4465328466207,51.5));
#10938=CARTESIAN_POINT('Ctrl Pts',(-36.878116970862,31.0259603530247,51.5));
#10939=CARTESIAN_POINT('Ctrl Pts',(-37.1722836581577,30.6582281508996,51.5));
#10940=CARTESIAN_POINT('Ctrl Pts',(-37.3171428591013,30.4771424084902,51.5));
#10941=CARTESIAN_POINT('',(-36.5585712343454,31.6599989682436,51.));
#10942=CARTESIAN_POINT('Ctrl Pts',(-36.5585712343454,31.6599989682436,51.));
#10943=CARTESIAN_POINT('Ctrl Pts',(-36.6661548852746,31.4465328466207,51.));
#10944=CARTESIAN_POINT('Ctrl Pts',(-36.878116970862,31.0259603530247,51.));
#10945=CARTESIAN_POINT('Ctrl Pts',(-37.1722836581577,30.6582281508996,51.));
#10946=CARTESIAN_POINT('Ctrl Pts',(-37.3171428591013,30.4771424084902,51.));
#10947=CARTESIAN_POINT('',(-36.5585712343454,31.6599989682436,51.5));
#10948=CARTESIAN_POINT('Origin',(-38.2428578287363,32.2964275628328,51.5));
#10949=CARTESIAN_POINT('',(-38.2428578287363,32.2964275628328,51.5));
#10950=CARTESIAN_POINT('',(-38.2428578287363,32.2964275628328,51.5));
#10951=CARTESIAN_POINT('',(-38.2428578287363,32.2964275628328,51.));
#10952=CARTESIAN_POINT('',(-38.2428578287363,32.2964275628328,51.));
#10953=CARTESIAN_POINT('',(-38.2428578287363,32.2964275628328,51.5));
#10954=CARTESIAN_POINT('Ctrl Pts',(-38.9307145029306,31.4639271050692,51.5));
#10955=CARTESIAN_POINT('Ctrl Pts',(-38.9307145029306,31.4639271050692,51.));
#10956=CARTESIAN_POINT('Ctrl Pts',(-38.8051600902739,31.5832327396693,51.5));
#10957=CARTESIAN_POINT('Ctrl Pts',(-38.8051600902739,31.5832327396693,51.));
#10958=CARTESIAN_POINT('Ctrl Pts',(-38.5424221983852,31.8328943028274,51.5));
#10959=CARTESIAN_POINT('Ctrl Pts',(-38.5424221983852,31.8328943028274,51.));
#10960=CARTESIAN_POINT('Ctrl Pts',(-38.3456162343879,32.137423543695,51.5));
#10961=CARTESIAN_POINT('Ctrl Pts',(-38.3456162343879,32.137423543695,51.));
#10962=CARTESIAN_POINT('Ctrl Pts',(-38.2428578287363,32.2964275628328,51.5));
#10963=CARTESIAN_POINT('Ctrl Pts',(-38.2428578287363,32.2964275628328,51.));
#10964=CARTESIAN_POINT('',(-38.9307145029306,31.4639271050692,51.5));
#10965=CARTESIAN_POINT('Ctrl Pts',(-38.9307145029306,31.4639271050692,51.5));
#10966=CARTESIAN_POINT('Ctrl Pts',(-38.8051600902739,31.5832327396693,51.5));
#10967=CARTESIAN_POINT('Ctrl Pts',(-38.5424221983852,31.8328943028274,51.5));
#10968=CARTESIAN_POINT('Ctrl Pts',(-38.3456162343879,32.137423543695,51.5));
#10969=CARTESIAN_POINT('Ctrl Pts',(-38.2428578287363,32.2964275628328,51.5));
#10970=CARTESIAN_POINT('',(-38.9307145029306,31.4639271050692,51.));
#10971=CARTESIAN_POINT('Ctrl Pts',(-38.9307145029306,31.4639271050692,51.));
#10972=CARTESIAN_POINT('Ctrl Pts',(-38.8051600902739,31.5832327396693,51.));
#10973=CARTESIAN_POINT('Ctrl Pts',(-38.5424221983852,31.8328943028274,51.));
#10974=CARTESIAN_POINT('Ctrl Pts',(-38.3456162343879,32.137423543695,51.));
#10975=CARTESIAN_POINT('Ctrl Pts',(-38.2428578287363,32.2964275628328,51.));
#10976=CARTESIAN_POINT('',(-38.9307145029306,31.4639271050692,51.5));
#10977=CARTESIAN_POINT('Ctrl Pts',(-39.8242858797312,31.1392844468355,51.5));
#10978=CARTESIAN_POINT('Ctrl Pts',(-39.8242858797312,31.1392844468355,51.));
#10979=CARTESIAN_POINT('Ctrl Pts',(-39.6590071349924,31.15236505588,51.5));
#10980=CARTESIAN_POINT('Ctrl Pts',(-39.6590071349924,31.15236505588,51.));
#10981=CARTESIAN_POINT('Ctrl Pts',(-39.3311222614712,31.1783147558788,51.5));
#10982=CARTESIAN_POINT('Ctrl Pts',(-39.3311222614712,31.1783147558788,51.));
#10983=CARTESIAN_POINT('Ctrl Pts',(-39.0634565007347,31.3692417424097,51.5));
#10984=CARTESIAN_POINT('Ctrl Pts',(-39.0634565007347,31.3692417424097,51.));
#10985=CARTESIAN_POINT('Ctrl Pts',(-38.9307145029306,31.4639271050692,51.5));
#10986=CARTESIAN_POINT('Ctrl Pts',(-38.9307145029306,31.4639271050692,51.));
#10987=CARTESIAN_POINT('',(-39.8242858797312,31.1392844468355,51.5));
#10988=CARTESIAN_POINT('Ctrl Pts',(-39.8242858797312,31.1392844468355,51.5));
#10989=CARTESIAN_POINT('Ctrl Pts',(-39.6590071349924,31.15236505588,51.5));
#10990=CARTESIAN_POINT('Ctrl Pts',(-39.3311222614712,31.1783147558788,51.5));
#10991=CARTESIAN_POINT('Ctrl Pts',(-39.0634565007347,31.3692417424097,51.5));
#10992=CARTESIAN_POINT('Ctrl Pts',(-38.9307145029306,31.4639271050692,51.5));
#10993=CARTESIAN_POINT('',(-39.8242858797312,31.1392844468355,51.));
#10994=CARTESIAN_POINT('Ctrl Pts',(-39.8242858797312,31.1392844468355,51.));
#10995=CARTESIAN_POINT('Ctrl Pts',(-39.6590071349924,31.15236505588,51.));
#10996=CARTESIAN_POINT('Ctrl Pts',(-39.3311222614712,31.1783147558788,51.));
#10997=CARTESIAN_POINT('Ctrl Pts',(-39.0634565007347,31.3692417424097,51.));
#10998=CARTESIAN_POINT('Ctrl Pts',(-38.9307145029306,31.4639271050692,51.));
#10999=CARTESIAN_POINT('',(-39.8242858797312,31.1392844468355,51.5));
#11000=CARTESIAN_POINT('Ctrl Pts',(-40.6760720163584,31.3932133466005,51.5));
#11001=CARTESIAN_POINT('Ctrl Pts',(-40.6760720163584,31.3932133466005,51.));
#11002=CARTESIAN_POINT('Ctrl Pts',(-40.5488331383643,31.3191724432823,51.5));
#11003=CARTESIAN_POINT('Ctrl Pts',(-40.5488331383643,31.3191724432823,51.));
#11004=CARTESIAN_POINT('Ctrl Pts',(-40.2857074868856,31.1660583854658,51.5));
#11005=CARTESIAN_POINT('Ctrl Pts',(-40.2857074868856,31.1660583854658,51.));
#11006=CARTESIAN_POINT('Ctrl Pts',(-39.9814265838536,31.1484025191218,51.5));
#11007=CARTESIAN_POINT('Ctrl Pts',(-39.9814265838536,31.1484025191218,51.));
#11008=CARTESIAN_POINT('Ctrl Pts',(-39.8242858797312,31.1392844468355,51.5));
#11009=CARTESIAN_POINT('Ctrl Pts',(-39.8242858797312,31.1392844468355,51.));
#11010=CARTESIAN_POINT('',(-40.6760720163584,31.3932133466005,51.5));
#11011=CARTESIAN_POINT('Ctrl Pts',(-40.6760720163584,31.3932133466005,51.5));
#11012=CARTESIAN_POINT('Ctrl Pts',(-40.5488331383643,31.3191724432823,51.5));
#11013=CARTESIAN_POINT('Ctrl Pts',(-40.2857074868856,31.1660583854658,51.5));
#11014=CARTESIAN_POINT('Ctrl Pts',(-39.9814265838536,31.1484025191218,51.5));
#11015=CARTESIAN_POINT('Ctrl Pts',(-39.8242858797312,31.1392844468355,51.5));
#11016=CARTESIAN_POINT('',(-40.6760720163584,31.3932133466005,51.));
#11017=CARTESIAN_POINT('Ctrl Pts',(-40.6760720163584,31.3932133466005,51.));
#11018=CARTESIAN_POINT('Ctrl Pts',(-40.5488331383643,31.3191724432823,51.));
#11019=CARTESIAN_POINT('Ctrl Pts',(-40.2857074868856,31.1660583854658,51.));
#11020=CARTESIAN_POINT('Ctrl Pts',(-39.9814265838536,31.1484025191218,51.));
#11021=CARTESIAN_POINT('Ctrl Pts',(-39.8242858797312,31.1392844468355,51.));
#11022=CARTESIAN_POINT('',(-40.6760720163584,31.3932133466005,51.5));
#11023=CARTESIAN_POINT('Ctrl Pts',(-41.2578562647104,32.0649994164705,51.5));
#11024=CARTESIAN_POINT('Ctrl Pts',(-41.2578562647104,32.0649994164705,51.));
#11025=CARTESIAN_POINT('Ctrl Pts',(-41.1786564438193,31.9334720623212,51.5));
#11026=CARTESIAN_POINT('Ctrl Pts',(-41.1786564438193,31.9334720623212,51.));
#11027=CARTESIAN_POINT('Ctrl Pts',(-41.0234989280991,31.6758015614358,51.5));
#11028=CARTESIAN_POINT('Ctrl Pts',(-41.0234989280991,31.6758015614358,51.));
#11029=CARTESIAN_POINT('Ctrl Pts',(-40.7902563977095,31.4860880186471,51.5));
#11030=CARTESIAN_POINT('Ctrl Pts',(-40.7902563977095,31.4860880186471,51.));
#11031=CARTESIAN_POINT('Ctrl Pts',(-40.6760720163584,31.3932133466005,51.5));
#11032=CARTESIAN_POINT('Ctrl Pts',(-40.6760720163584,31.3932133466005,51.));
#11033=CARTESIAN_POINT('',(-41.2578562647104,32.0649994164705,51.5));
#11034=CARTESIAN_POINT('Ctrl Pts',(-41.2578562647104,32.0649994164705,51.5));
#11035=CARTESIAN_POINT('Ctrl Pts',(-41.1786564438193,31.9334720623212,51.5));
#11036=CARTESIAN_POINT('Ctrl Pts',(-41.0234989280991,31.6758015614358,51.5));
#11037=CARTESIAN_POINT('Ctrl Pts',(-40.7902563977095,31.4860880186471,51.5));
#11038=CARTESIAN_POINT('Ctrl Pts',(-40.6760720163584,31.3932133466005,51.5));
#11039=CARTESIAN_POINT('',(-41.2578562647104,32.0649994164705,51.));
#11040=CARTESIAN_POINT('Ctrl Pts',(-41.2578562647104,32.0649994164705,51.));
#11041=CARTESIAN_POINT('Ctrl Pts',(-41.1786564438193,31.9334720623212,51.));
#11042=CARTESIAN_POINT('Ctrl Pts',(-41.0234989280991,31.6758015614358,51.));
#11043=CARTESIAN_POINT('Ctrl Pts',(-40.7902563977095,31.4860880186471,51.));
#11044=CARTESIAN_POINT('Ctrl Pts',(-40.6760720163584,31.3932133466005,51.));
#11045=CARTESIAN_POINT('',(-41.2578562647104,32.0649994164705,51.5));
#11046=CARTESIAN_POINT('Ctrl Pts',(-41.5921429544687,32.9907131940126,51.5));
#11047=CARTESIAN_POINT('Ctrl Pts',(-41.5921429544687,32.9907131940126,51.));
#11048=CARTESIAN_POINT('Ctrl Pts',(-41.5517869470656,32.8268528931679,51.5));
#11049=CARTESIAN_POINT('Ctrl Pts',(-41.5517869470656,32.8268528931679,51.));
#11050=CARTESIAN_POINT('Ctrl Pts',(-41.4728836795594,32.5064764738145,51.5));
#11051=CARTESIAN_POINT('Ctrl Pts',(-41.4728836795594,32.5064764738145,51.));
#11052=CARTESIAN_POINT('Ctrl Pts',(-41.3284282566648,32.2098921751953,51.5));
#11053=CARTESIAN_POINT('Ctrl Pts',(-41.3284282566648,32.2098921751953,51.));
#11054=CARTESIAN_POINT('Ctrl Pts',(-41.2578562647104,32.0649994164705,51.5));
#11055=CARTESIAN_POINT('Ctrl Pts',(-41.2578562647104,32.0649994164705,51.));
#11056=CARTESIAN_POINT('',(-41.5921429544687,32.9907131940126,51.5));
#11057=CARTESIAN_POINT('Ctrl Pts',(-41.5921429544687,32.9907131940126,51.5));
#11058=CARTESIAN_POINT('Ctrl Pts',(-41.5517869470656,32.8268528931679,51.5));
#11059=CARTESIAN_POINT('Ctrl Pts',(-41.4728836795594,32.5064764738145,51.5));
#11060=CARTESIAN_POINT('Ctrl Pts',(-41.3284282566648,32.2098921751953,51.5));
#11061=CARTESIAN_POINT('Ctrl Pts',(-41.2578562647104,32.0649994164705,51.5));
#11062=CARTESIAN_POINT('',(-41.5921429544687,32.9907131940126,51.));
#11063=CARTESIAN_POINT('Ctrl Pts',(-41.5921429544687,32.9907131940126,51.));
#11064=CARTESIAN_POINT('Ctrl Pts',(-41.5517869470656,32.8268528931679,51.));
#11065=CARTESIAN_POINT('Ctrl Pts',(-41.4728836795594,32.5064764738145,51.));
#11066=CARTESIAN_POINT('Ctrl Pts',(-41.3284282566648,32.2098921751953,51.));
#11067=CARTESIAN_POINT('Ctrl Pts',(-41.2578562647104,32.0649994164705,51.));
#11068=CARTESIAN_POINT('',(-41.5921429544687,32.9907131940126,51.5));
#11069=CARTESIAN_POINT('Ctrl Pts',(-41.7014292627573,33.9999986439943,51.5));
#11070=CARTESIAN_POINT('Ctrl Pts',(-41.7014292627573,33.9999986439943,51.));
#11071=CARTESIAN_POINT('Ctrl Pts',(-41.6967148204887,33.8318464627654,51.5));
#11072=CARTESIAN_POINT('Ctrl Pts',(-41.6967148204887,33.8318464627654,51.));
#11073=CARTESIAN_POINT('Ctrl Pts',(-41.687201108023,33.4925165035557,51.5));
#11074=CARTESIAN_POINT('Ctrl Pts',(-41.687201108023,33.4925165035557,51.));
#11075=CARTESIAN_POINT('Ctrl Pts',(-41.6240167975449,33.1589723001013,51.5));
#11076=CARTESIAN_POINT('Ctrl Pts',(-41.6240167975449,33.1589723001013,51.));
#11077=CARTESIAN_POINT('Ctrl Pts',(-41.5921429544687,32.9907131940126,51.5));
#11078=CARTESIAN_POINT('Ctrl Pts',(-41.5921429544687,32.9907131940126,51.));
#11079=CARTESIAN_POINT('',(-41.7014292627573,33.9999986439943,51.5));
#11080=CARTESIAN_POINT('Ctrl Pts',(-41.7014292627573,33.9999986439943,51.5));
#11081=CARTESIAN_POINT('Ctrl Pts',(-41.6967148204887,33.8318464627654,51.5));
#11082=CARTESIAN_POINT('Ctrl Pts',(-41.687201108023,33.4925165035557,51.5));
#11083=CARTESIAN_POINT('Ctrl Pts',(-41.6240167975449,33.1589723001013,51.5));
#11084=CARTESIAN_POINT('Ctrl Pts',(-41.5921429544687,32.9907131940126,51.5));
#11085=CARTESIAN_POINT('',(-41.7014292627573,33.9999986439943,51.));
#11086=CARTESIAN_POINT('Ctrl Pts',(-41.7014292627573,33.9999986439943,51.));
#11087=CARTESIAN_POINT('Ctrl Pts',(-41.6967148204887,33.8318464627654,51.));
#11088=CARTESIAN_POINT('Ctrl Pts',(-41.687201108023,33.4925165035557,51.));
#11089=CARTESIAN_POINT('Ctrl Pts',(-41.6240167975449,33.1589723001013,51.));
#11090=CARTESIAN_POINT('Ctrl Pts',(-41.5921429544687,32.9907131940126,51.));
#11091=CARTESIAN_POINT('',(-41.7014292627573,33.9999986439943,51.5));
#11092=CARTESIAN_POINT('Ctrl Pts',(-41.6049984842539,34.9867857247591,51.5));
#11093=CARTESIAN_POINT('Ctrl Pts',(-41.6049984842539,34.9867857247591,51.));
#11094=CARTESIAN_POINT('Ctrl Pts',(-41.6331214384754,34.8208356002472,51.5));
#11095=CARTESIAN_POINT('Ctrl Pts',(-41.6331214384754,34.8208356002472,51.));
#11096=CARTESIAN_POINT('Ctrl Pts',(-41.6884823364296,34.4941576902311,51.5));
#11097=CARTESIAN_POINT('Ctrl Pts',(-41.6884823364296,34.4941576902311,51.));
#11098=CARTESIAN_POINT('Ctrl Pts',(-41.6971598608671,34.1629534266702,51.5));
#11099=CARTESIAN_POINT('Ctrl Pts',(-41.6971598608671,34.1629534266702,51.));
#11100=CARTESIAN_POINT('Ctrl Pts',(-41.7014292627573,33.9999986439943,51.5));
#11101=CARTESIAN_POINT('Ctrl Pts',(-41.7014292627573,33.9999986439943,51.));
#11102=CARTESIAN_POINT('',(-41.6049984842539,34.9867857247591,51.5));
#11103=CARTESIAN_POINT('Ctrl Pts',(-41.6049984842539,34.9867857247591,51.5));
#11104=CARTESIAN_POINT('Ctrl Pts',(-41.6331214384754,34.8208356002472,51.5));
#11105=CARTESIAN_POINT('Ctrl Pts',(-41.6884823364296,34.4941576902311,51.5));
#11106=CARTESIAN_POINT('Ctrl Pts',(-41.6971598608671,34.1629534266702,51.5));
#11107=CARTESIAN_POINT('Ctrl Pts',(-41.7014292627573,33.9999986439943,51.5));
#11108=CARTESIAN_POINT('',(-41.6049984842539,34.9867857247591,51.));
#11109=CARTESIAN_POINT('Ctrl Pts',(-41.6049984842539,34.9867857247591,51.));
#11110=CARTESIAN_POINT('Ctrl Pts',(-41.6331214384754,34.8208356002472,51.));
#11111=CARTESIAN_POINT('Ctrl Pts',(-41.6884823364296,34.4941576902311,51.));
#11112=CARTESIAN_POINT('Ctrl Pts',(-41.6971598608671,34.1629534266702,51.));
#11113=CARTESIAN_POINT('Ctrl Pts',(-41.7014292627573,33.9999986439943,51.));
#11114=CARTESIAN_POINT('',(-41.6049984842539,34.9867857247591,51.5));
#11115=CARTESIAN_POINT('Ctrl Pts',(-41.2932137399912,35.922142341733,51.5));
#11116=CARTESIAN_POINT('Ctrl Pts',(-41.2932137399912,35.922142341733,51.));
#11117=CARTESIAN_POINT('Ctrl Pts',(-41.3602959365468,35.7741524070157,51.5));
#11118=CARTESIAN_POINT('Ctrl Pts',(-41.3602959365468,35.7741524070157,51.));
#11119=CARTESIAN_POINT('Ctrl Pts',(-41.4966994307158,35.4732328600457,51.5));
#11120=CARTESIAN_POINT('Ctrl Pts',(-41.4966994307158,35.4732328600457,51.));
#11121=CARTESIAN_POINT('Ctrl Pts',(-41.5685058921043,35.1506995940901,51.5));
#11122=CARTESIAN_POINT('Ctrl Pts',(-41.5685058921043,35.1506995940901,51.));
#11123=CARTESIAN_POINT('Ctrl Pts',(-41.6049984842539,34.9867857247591,51.5));
#11124=CARTESIAN_POINT('Ctrl Pts',(-41.6049984842539,34.9867857247591,51.));
#11125=CARTESIAN_POINT('',(-41.2932137399912,35.922142341733,51.5));
#11126=CARTESIAN_POINT('Ctrl Pts',(-41.2932137399912,35.922142341733,51.5));
#11127=CARTESIAN_POINT('Ctrl Pts',(-41.3602959365468,35.7741524070157,51.5));
#11128=CARTESIAN_POINT('Ctrl Pts',(-41.4966994307158,35.4732328600457,51.5));
#11129=CARTESIAN_POINT('Ctrl Pts',(-41.5685058921043,35.1506995940901,51.5));
#11130=CARTESIAN_POINT('Ctrl Pts',(-41.6049984842539,34.9867857247591,51.5));
#11131=CARTESIAN_POINT('',(-41.2932137399912,35.922142341733,51.));
#11132=CARTESIAN_POINT('Ctrl Pts',(-41.2932137399912,35.922142341733,51.));
#11133=CARTESIAN_POINT('Ctrl Pts',(-41.3602959365468,35.7741524070157,51.));
#11134=CARTESIAN_POINT('Ctrl Pts',(-41.4966994307158,35.4732328600457,51.));
#11135=CARTESIAN_POINT('Ctrl Pts',(-41.5685058921043,35.1506995940901,51.));
#11136=CARTESIAN_POINT('Ctrl Pts',(-41.6049984842539,34.9867857247591,51.));
#11137=CARTESIAN_POINT('',(-41.2932137399912,35.922142341733,51.5));
#11138=CARTESIAN_POINT('Ctrl Pts',(-40.7178572565317,36.6164279729128,51.5));
#11139=CARTESIAN_POINT('Ctrl Pts',(-40.7178572565317,36.6164279729128,51.));
#11140=CARTESIAN_POINT('Ctrl Pts',(-40.8325119629074,36.5202285883973,51.5));
#11141=CARTESIAN_POINT('Ctrl Pts',(-40.8325119629074,36.5202285883973,51.));
#11142=CARTESIAN_POINT('Ctrl Pts',(-41.0664756353724,36.3239247296061,51.5));
#11143=CARTESIAN_POINT('Ctrl Pts',(-41.0664756353724,36.3239247296061,51.));
#11144=CARTESIAN_POINT('Ctrl Pts',(-41.2166386365645,36.0578342579997,51.5));
#11145=CARTESIAN_POINT('Ctrl Pts',(-41.2166386365645,36.0578342579997,51.));
#11146=CARTESIAN_POINT('Ctrl Pts',(-41.2932137399912,35.922142341733,51.5));
#11147=CARTESIAN_POINT('Ctrl Pts',(-41.2932137399912,35.922142341733,51.));
#11148=CARTESIAN_POINT('',(-40.7178572565317,36.6164279729128,51.5));
#11149=CARTESIAN_POINT('Ctrl Pts',(-40.7178572565317,36.6164279729128,51.5));
#11150=CARTESIAN_POINT('Ctrl Pts',(-40.8325119629074,36.5202285883973,51.5));
#11151=CARTESIAN_POINT('Ctrl Pts',(-41.0664756353724,36.3239247296061,51.5));
#11152=CARTESIAN_POINT('Ctrl Pts',(-41.2166386365645,36.0578342579997,51.5));
#11153=CARTESIAN_POINT('Ctrl Pts',(-41.2932137399912,35.922142341733,51.5));
#11154=CARTESIAN_POINT('',(-40.7178572565317,36.6164279729128,51.));
#11155=CARTESIAN_POINT('Ctrl Pts',(-40.7178572565317,36.6164279729128,51.));
#11156=CARTESIAN_POINT('Ctrl Pts',(-40.8325119629074,36.5202285883973,51.));
#11157=CARTESIAN_POINT('Ctrl Pts',(-41.0664756353724,36.3239247296061,51.));
#11158=CARTESIAN_POINT('Ctrl Pts',(-41.2166386365645,36.0578342579997,51.));
#11159=CARTESIAN_POINT('Ctrl Pts',(-41.2932137399912,35.922142341733,51.));
#11160=CARTESIAN_POINT('',(-40.7178572565317,36.6164279729128,51.5));
#11161=CARTESIAN_POINT('Ctrl Pts',(-39.8242858797312,36.8799991160631,51.5));
#11162=CARTESIAN_POINT('Ctrl Pts',(-39.8242858797312,36.8799991160631,51.));
#11163=CARTESIAN_POINT('Ctrl Pts',(-39.9917009375339,36.8712885349435,51.5));
#11164=CARTESIAN_POINT('Ctrl Pts',(-39.9917009375339,36.8712885349435,51.));
#11165=CARTESIAN_POINT('Ctrl Pts',(-40.3111756305914,36.8546663131072,51.5));
#11166=CARTESIAN_POINT('Ctrl Pts',(-40.3111756305914,36.8546663131072,51.));
#11167=CARTESIAN_POINT('Ctrl Pts',(-40.5867112169069,36.6932546914326,51.5));
#11168=CARTESIAN_POINT('Ctrl Pts',(-40.5867112169069,36.6932546914326,51.));
#11169=CARTESIAN_POINT('Ctrl Pts',(-40.7178572565317,36.6164279729128,51.5));
#11170=CARTESIAN_POINT('Ctrl Pts',(-40.7178572565317,36.6164279729128,51.));
#11171=CARTESIAN_POINT('',(-39.8242858797312,36.8799991160631,51.5));
#11172=CARTESIAN_POINT('Ctrl Pts',(-39.8242858797312,36.8799991160631,51.5));
#11173=CARTESIAN_POINT('Ctrl Pts',(-39.9917009375339,36.8712885349435,51.5));
#11174=CARTESIAN_POINT('Ctrl Pts',(-40.3111756305914,36.8546663131072,51.5));
#11175=CARTESIAN_POINT('Ctrl Pts',(-40.5867112169069,36.6932546914326,51.5));
#11176=CARTESIAN_POINT('Ctrl Pts',(-40.7178572565317,36.6164279729128,51.5));
#11177=CARTESIAN_POINT('',(-39.8242858797312,36.8799991160631,51.));
#11178=CARTESIAN_POINT('Ctrl Pts',(-39.8242858797312,36.8799991160631,51.));
#11179=CARTESIAN_POINT('Ctrl Pts',(-39.9917009375339,36.8712885349435,51.));
#11180=CARTESIAN_POINT('Ctrl Pts',(-40.3111756305914,36.8546663131072,51.));
#11181=CARTESIAN_POINT('Ctrl Pts',(-40.5867112169069,36.6932546914326,51.));
#11182=CARTESIAN_POINT('Ctrl Pts',(-40.7178572565317,36.6164279729128,51.));
#11183=CARTESIAN_POINT('',(-39.8242858797312,36.8799991160631,51.5));
#11184=CARTESIAN_POINT('Ctrl Pts',(-39.1814283281565,36.7514277249575,51.5));
#11185=CARTESIAN_POINT('Ctrl Pts',(-39.1814283281565,36.7514277249575,51.));
#11186=CARTESIAN_POINT('Ctrl Pts',(-39.2799756109952,36.7889045604418,51.5));
#11187=CARTESIAN_POINT('Ctrl Pts',(-39.2799756109952,36.7889045604418,51.));
#11188=CARTESIAN_POINT('Ctrl Pts',(-39.4868998252741,36.8675963773329,51.5));
#11189=CARTESIAN_POINT('Ctrl Pts',(-39.4868998252741,36.8675963773329,51.));
#11190=CARTESIAN_POINT('Ctrl Pts',(-39.7083178098741,36.8757359829179,51.5));
#11191=CARTESIAN_POINT('Ctrl Pts',(-39.7083178098741,36.8757359829179,51.));
#11192=CARTESIAN_POINT('Ctrl Pts',(-39.8242858797312,36.8799991160631,51.5));
#11193=CARTESIAN_POINT('Ctrl Pts',(-39.8242858797312,36.8799991160631,51.));
#11194=CARTESIAN_POINT('',(-39.1814283281565,36.7514277249575,51.5));
#11195=CARTESIAN_POINT('Ctrl Pts',(-39.1814283281565,36.7514277249575,51.5));
#11196=CARTESIAN_POINT('Ctrl Pts',(-39.2799756109952,36.7889045604418,51.5));
#11197=CARTESIAN_POINT('Ctrl Pts',(-39.4868998252741,36.8675963773329,51.5));
#11198=CARTESIAN_POINT('Ctrl Pts',(-39.7083178098741,36.8757359829179,51.5));
#11199=CARTESIAN_POINT('Ctrl Pts',(-39.8242858797312,36.8799991160631,51.5));
#11200=CARTESIAN_POINT('',(-39.1814283281565,36.7514277249575,51.));
#11201=CARTESIAN_POINT('Ctrl Pts',(-39.1814283281565,36.7514277249575,51.));
#11202=CARTESIAN_POINT('Ctrl Pts',(-39.2799756109952,36.7889045604418,51.));
#11203=CARTESIAN_POINT('Ctrl Pts',(-39.4868998252741,36.8675963773329,51.));
#11204=CARTESIAN_POINT('Ctrl Pts',(-39.7083178098741,36.8757359829179,51.));
#11205=CARTESIAN_POINT('Ctrl Pts',(-39.8242858797312,36.8799991160631,51.));
#11206=CARTESIAN_POINT('',(-39.1814283281565,36.7514277249575,51.5));
#11207=CARTESIAN_POINT('Ctrl Pts',(-38.679998293519,36.384999230504,51.5));
#11208=CARTESIAN_POINT('Ctrl Pts',(-38.679998293519,36.384999230504,51.));
#11209=CARTESIAN_POINT('Ctrl Pts',(-38.7562676598957,36.4593213063648,51.5));
#11210=CARTESIAN_POINT('Ctrl Pts',(-38.7562676598957,36.4593213063648,51.));
#11211=CARTESIAN_POINT('Ctrl Pts',(-38.9060625156669,36.6052916370898,51.5));
#11212=CARTESIAN_POINT('Ctrl Pts',(-38.9060625156669,36.6052916370898,51.));
#11213=CARTESIAN_POINT('Ctrl Pts',(-39.0907675058709,36.703314207263,51.5));
#11214=CARTESIAN_POINT('Ctrl Pts',(-39.0907675058709,36.703314207263,51.));
#11215=CARTESIAN_POINT('Ctrl Pts',(-39.1814283281565,36.7514277249575,51.5));
#11216=CARTESIAN_POINT('Ctrl Pts',(-39.1814283281565,36.7514277249575,51.));
#11217=CARTESIAN_POINT('',(-38.679998293519,36.384999230504,51.5));
#11218=CARTESIAN_POINT('Ctrl Pts',(-38.679998293519,36.384999230504,51.5));
#11219=CARTESIAN_POINT('Ctrl Pts',(-38.7562676598957,36.4593213063648,51.5));
#11220=CARTESIAN_POINT('Ctrl Pts',(-38.9060625156669,36.6052916370898,51.5));
#11221=CARTESIAN_POINT('Ctrl Pts',(-39.0907675058709,36.703314207263,51.5));
#11222=CARTESIAN_POINT('Ctrl Pts',(-39.1814283281565,36.7514277249575,51.5));
#11223=CARTESIAN_POINT('',(-38.679998293519,36.384999230504,51.));
#11224=CARTESIAN_POINT('Ctrl Pts',(-38.679998293519,36.384999230504,51.));
#11225=CARTESIAN_POINT('Ctrl Pts',(-38.7562676598957,36.4593213063648,51.));
#11226=CARTESIAN_POINT('Ctrl Pts',(-38.9060625156669,36.6052916370898,51.));
#11227=CARTESIAN_POINT('Ctrl Pts',(-39.0907675058709,36.703314207263,51.));
#11228=CARTESIAN_POINT('Ctrl Pts',(-39.1814283281565,36.7514277249575,51.));
#11229=CARTESIAN_POINT('',(-38.679998293519,36.384999230504,51.5));
#11230=CARTESIAN_POINT('Ctrl Pts',(-38.2299999147654,35.8128560334444,51.5));
#11231=CARTESIAN_POINT('Ctrl Pts',(-38.2299999147654,35.8128560334444,51.));
#11232=CARTESIAN_POINT('Ctrl Pts',(-38.3028373999498,35.9179572628578,51.5));
#11233=CARTESIAN_POINT('Ctrl Pts',(-38.3028373999498,35.9179572628578,51.));
#11234=CARTESIAN_POINT('Ctrl Pts',(-38.441314725146,36.1177738420155,51.5));
#11235=CARTESIAN_POINT('Ctrl Pts',(-38.441314725146,36.1177738420155,51.));
#11236=CARTESIAN_POINT('Ctrl Pts',(-38.60324261633,36.2990650968921,51.5));
#11237=CARTESIAN_POINT('Ctrl Pts',(-38.60324261633,36.2990650968921,51.));
#11238=CARTESIAN_POINT('Ctrl Pts',(-38.679998293519,36.384999230504,51.5));
#11239=CARTESIAN_POINT('Ctrl Pts',(-38.679998293519,36.384999230504,51.));
#11240=CARTESIAN_POINT('',(-38.2299999147654,35.8128560334444,51.5));
#11241=CARTESIAN_POINT('Ctrl Pts',(-38.2299999147654,35.8128560334444,51.5));
#11242=CARTESIAN_POINT('Ctrl Pts',(-38.3028373999498,35.9179572628578,51.5));
#11243=CARTESIAN_POINT('Ctrl Pts',(-38.441314725146,36.1177738420155,51.5));
#11244=CARTESIAN_POINT('Ctrl Pts',(-38.60324261633,36.2990650968921,51.5));
#11245=CARTESIAN_POINT('Ctrl Pts',(-38.679998293519,36.384999230504,51.5));
#11246=CARTESIAN_POINT('',(-38.2299999147654,35.8128560334444,51.));
#11247=CARTESIAN_POINT('Ctrl Pts',(-38.2299999147654,35.8128560334444,51.));
#11248=CARTESIAN_POINT('Ctrl Pts',(-38.3028373999498,35.9179572628578,51.));
#11249=CARTESIAN_POINT('Ctrl Pts',(-38.441314725146,36.1177738420155,51.));
#11250=CARTESIAN_POINT('Ctrl Pts',(-38.60324261633,36.2990650968921,51.));
#11251=CARTESIAN_POINT('Ctrl Pts',(-38.679998293519,36.384999230504,51.));
#11252=CARTESIAN_POINT('',(-38.2299999147654,35.8128560334444,51.5));
#11253=CARTESIAN_POINT('Origin',(-36.5842846781015,36.5585703402758,51.5));
#11254=CARTESIAN_POINT('',(-36.5842846781015,36.5585703402758,51.5));
#11255=CARTESIAN_POINT('',(-36.5842846781015,36.5585703402758,51.5));
#11256=CARTESIAN_POINT('',(-36.5842846781015,36.5585703402758,51.));
#11257=CARTESIAN_POINT('',(-36.5842846781015,36.5585703402758,51.));
#11258=CARTESIAN_POINT('',(-36.5842846781015,36.5585703402758,51.5));
#11259=CARTESIAN_POINT('Ctrl Pts',(-37.2367862612009,37.5710708647966,51.5));
#11260=CARTESIAN_POINT('Ctrl Pts',(-37.2367862612009,37.5710708647966,51.));
#11261=CARTESIAN_POINT('Ctrl Pts',(-37.1022575151711,37.4118936628913,51.5));
#11262=CARTESIAN_POINT('Ctrl Pts',(-37.1022575151711,37.4118936628913,51.));
#11263=CARTESIAN_POINT('Ctrl Pts',(-36.8408171720544,37.1025520276599,51.5));
#11264=CARTESIAN_POINT('Ctrl Pts',(-36.8408171720544,37.1025520276599,51.));
#11265=CARTESIAN_POINT('Ctrl Pts',(-36.6681182968938,36.7363410106006,51.5));
#11266=CARTESIAN_POINT('Ctrl Pts',(-36.6681182968938,36.7363410106006,51.));
#11267=CARTESIAN_POINT('Ctrl Pts',(-36.5842846781015,36.5585703402758,51.5));
#11268=CARTESIAN_POINT('Ctrl Pts',(-36.5842846781015,36.5585703402758,51.));
#11269=CARTESIAN_POINT('',(-37.2367862612009,37.5710708647966,51.5));
#11270=CARTESIAN_POINT('Ctrl Pts',(-37.2367862612009,37.5710708647966,51.5));
#11271=CARTESIAN_POINT('Ctrl Pts',(-37.1022575151711,37.4118936628913,51.5));
#11272=CARTESIAN_POINT('Ctrl Pts',(-36.8408171720544,37.1025520276599,51.5));
#11273=CARTESIAN_POINT('Ctrl Pts',(-36.6681182968938,36.7363410106006,51.5));
#11274=CARTESIAN_POINT('Ctrl Pts',(-36.5842846781015,36.5585703402758,51.5));
#11275=CARTESIAN_POINT('',(-37.2367862612009,37.5710708647966,51.));
#11276=CARTESIAN_POINT('Ctrl Pts',(-37.2367862612009,37.5710708647966,51.));
#11277=CARTESIAN_POINT('Ctrl Pts',(-37.1022575151711,37.4118936628913,51.));
#11278=CARTESIAN_POINT('Ctrl Pts',(-36.8408171720544,37.1025520276599,51.));
#11279=CARTESIAN_POINT('Ctrl Pts',(-36.6681182968938,36.7363410106006,51.));
#11280=CARTESIAN_POINT('Ctrl Pts',(-36.5842846781015,36.5585703402758,51.));
#11281=CARTESIAN_POINT('',(-37.2367862612009,37.5710708647966,51.5));
#11282=CARTESIAN_POINT('Ctrl Pts',(-38.3200005441904,38.3521420508623,51.5));
#11283=CARTESIAN_POINT('Ctrl Pts',(-38.3200005441904,38.3521420508623,51.));
#11284=CARTESIAN_POINT('Ctrl Pts',(-38.1145728391319,38.2462743598119,51.5));
#11285=CARTESIAN_POINT('Ctrl Pts',(-38.1145728391319,38.2462743598119,51.));
#11286=CARTESIAN_POINT('Ctrl Pts',(-37.7142925649747,38.0399889009639,51.5));
#11287=CARTESIAN_POINT('Ctrl Pts',(-37.7142925649747,38.0399889009639,51.));
#11288=CARTESIAN_POINT('Ctrl Pts',(-37.3931267003239,37.7245994174204,51.5));
#11289=CARTESIAN_POINT('Ctrl Pts',(-37.3931267003239,37.7245994174204,51.));
#11290=CARTESIAN_POINT('Ctrl Pts',(-37.2367862612009,37.5710708647966,51.5));
#11291=CARTESIAN_POINT('Ctrl Pts',(-37.2367862612009,37.5710708647966,51.));
#11292=CARTESIAN_POINT('',(-38.3200005441904,38.3521420508623,51.5));
#11293=CARTESIAN_POINT('Ctrl Pts',(-38.3200005441904,38.3521420508623,51.5));
#11294=CARTESIAN_POINT('Ctrl Pts',(-38.1145728391319,38.2462743598119,51.5));
#11295=CARTESIAN_POINT('Ctrl Pts',(-37.7142925649747,38.0399889009639,51.5));
#11296=CARTESIAN_POINT('Ctrl Pts',(-37.3931267003239,37.7245994174204,51.5));
#11297=CARTESIAN_POINT('Ctrl Pts',(-37.2367862612009,37.5710708647966,51.5));
#11298=CARTESIAN_POINT('',(-38.3200005441904,38.3521420508623,51.));
#11299=CARTESIAN_POINT('Ctrl Pts',(-38.3200005441904,38.3521420508623,51.));
#11300=CARTESIAN_POINT('Ctrl Pts',(-38.1145728391319,38.2462743598119,51.));
#11301=CARTESIAN_POINT('Ctrl Pts',(-37.7142925649747,38.0399889009639,51.));
#11302=CARTESIAN_POINT('Ctrl Pts',(-37.3931267003239,37.7245994174204,51.));
#11303=CARTESIAN_POINT('Ctrl Pts',(-37.2367862612009,37.5710708647966,51.));
#11304=CARTESIAN_POINT('',(-38.3200005441904,38.3521420508623,51.5));
#11305=CARTESIAN_POINT('Ctrl Pts',(-39.8242858797312,38.6542845517397,51.5));
#11306=CARTESIAN_POINT('Ctrl Pts',(-39.8242858797312,38.6542845517397,51.));
#11307=CARTESIAN_POINT('Ctrl Pts',(-39.5533241475885,38.644167069453,51.5));
#11308=CARTESIAN_POINT('Ctrl Pts',(-39.5533241475885,38.644167069453,51.));
#11309=CARTESIAN_POINT('Ctrl Pts',(-39.0351265271768,38.6248180078565,51.5));
#11310=CARTESIAN_POINT('Ctrl Pts',(-39.0351265271768,38.6248180078565,51.));
#11311=CARTESIAN_POINT('Ctrl Pts',(-38.550987044811,38.4402166931043,51.5));
#11312=CARTESIAN_POINT('Ctrl Pts',(-38.550987044811,38.4402166931043,51.));
#11313=CARTESIAN_POINT('Ctrl Pts',(-38.3200005441904,38.3521420508623,51.5));
#11314=CARTESIAN_POINT('Ctrl Pts',(-38.3200005441904,38.3521420508623,51.));
#11315=CARTESIAN_POINT('',(-39.8242858797312,38.6542845517397,51.5));
#11316=CARTESIAN_POINT('Ctrl Pts',(-39.8242858797312,38.6542845517397,51.5));
#11317=CARTESIAN_POINT('Ctrl Pts',(-39.5533241475885,38.644167069453,51.5));
#11318=CARTESIAN_POINT('Ctrl Pts',(-39.0351265271768,38.6248180078565,51.5));
#11319=CARTESIAN_POINT('Ctrl Pts',(-38.550987044811,38.4402166931043,51.5));
#11320=CARTESIAN_POINT('Ctrl Pts',(-38.3200005441904,38.3521420508623,51.5));
#11321=CARTESIAN_POINT('',(-39.8242858797312,38.6542845517397,51.));
#11322=CARTESIAN_POINT('Ctrl Pts',(-39.8242858797312,38.6542845517397,51.));
#11323=CARTESIAN_POINT('Ctrl Pts',(-39.5533241475885,38.644167069453,51.));
#11324=CARTESIAN_POINT('Ctrl Pts',(-39.0351265271768,38.6248180078565,51.));
#11325=CARTESIAN_POINT('Ctrl Pts',(-38.550987044811,38.4402166931043,51.));
#11326=CARTESIAN_POINT('Ctrl Pts',(-38.3200005441904,38.3521420508623,51.));
#11327=CARTESIAN_POINT('',(-39.8242858797312,38.6542845517397,51.5));
#11328=CARTESIAN_POINT('Ctrl Pts',(-41.5985707193613,38.2299990206957,51.5));
#11329=CARTESIAN_POINT('Ctrl Pts',(-41.5985707193613,38.2299990206957,51.));
#11330=CARTESIAN_POINT('Ctrl Pts',(-41.3339871363685,38.3536381053062,51.5));
#11331=CARTESIAN_POINT('Ctrl Pts',(-41.3339871363685,38.3536381053062,51.));
#11332=CARTESIAN_POINT('Ctrl Pts',(-40.7724744196721,38.6160312496738,51.5));
#11333=CARTESIAN_POINT('Ctrl Pts',(-40.7724744196721,38.6160312496738,51.));
#11334=CARTESIAN_POINT('Ctrl Pts',(-40.1522577762797,38.6410529975716,51.5));
#11335=CARTESIAN_POINT('Ctrl Pts',(-40.1522577762797,38.6410529975716,51.));
#11336=CARTESIAN_POINT('Ctrl Pts',(-39.8242858797312,38.6542845517397,51.5));
#11337=CARTESIAN_POINT('Ctrl Pts',(-39.8242858797312,38.6542845517397,51.));
#11338=CARTESIAN_POINT('',(-41.5985707193613,38.2299990206957,51.5));
#11339=CARTESIAN_POINT('Ctrl Pts',(-41.5985707193613,38.2299990206957,51.5));
#11340=CARTESIAN_POINT('Ctrl Pts',(-41.3339871363685,38.3536381053062,51.5));
#11341=CARTESIAN_POINT('Ctrl Pts',(-40.7724744196721,38.6160312496738,51.5));
#11342=CARTESIAN_POINT('Ctrl Pts',(-40.1522577762797,38.6410529975716,51.5));
#11343=CARTESIAN_POINT('Ctrl Pts',(-39.8242858797312,38.6542845517397,51.5));
#11344=CARTESIAN_POINT('',(-41.5985707193613,38.2299990206957,51.));
#11345=CARTESIAN_POINT('Ctrl Pts',(-41.5985707193613,38.2299990206957,51.));
#11346=CARTESIAN_POINT('Ctrl Pts',(-41.3339871363685,38.3536381053062,51.));
#11347=CARTESIAN_POINT('Ctrl Pts',(-40.7724744196721,38.6160312496738,51.));
#11348=CARTESIAN_POINT('Ctrl Pts',(-40.1522577762797,38.6410529975716,51.));
#11349=CARTESIAN_POINT('Ctrl Pts',(-39.8242858797312,38.6542845517397,51.));
#11350=CARTESIAN_POINT('',(-41.5985707193613,38.2299990206957,51.5));
#11351=CARTESIAN_POINT('Ctrl Pts',(-42.7685717493296,37.1114278584719,51.5));
#11352=CARTESIAN_POINT('Ctrl Pts',(-42.7685717493296,37.1114278584719,51.));
#11353=CARTESIAN_POINT('Ctrl Pts',(-42.6082757054274,37.3319863112278,51.5));
#11354=CARTESIAN_POINT('Ctrl Pts',(-42.6082757054274,37.3319863112278,51.));
#11355=CARTESIAN_POINT('Ctrl Pts',(-42.2859301588218,37.7755158786543,51.5));
#11356=CARTESIAN_POINT('Ctrl Pts',(-42.2859301588218,37.7755158786543,51.));
#11357=CARTESIAN_POINT('Ctrl Pts',(-41.8285199219842,38.077956246394,51.5));
#11358=CARTESIAN_POINT('Ctrl Pts',(-41.8285199219842,38.077956246394,51.));
#11359=CARTESIAN_POINT('Ctrl Pts',(-41.5985707193613,38.2299990206957,51.5));
#11360=CARTESIAN_POINT('Ctrl Pts',(-41.5985707193613,38.2299990206957,51.));
#11361=CARTESIAN_POINT('',(-42.7685717493296,37.1114278584719,51.5));
#11362=CARTESIAN_POINT('Ctrl Pts',(-42.7685717493296,37.1114278584719,51.5));
#11363=CARTESIAN_POINT('Ctrl Pts',(-42.6082757054274,37.3319863112278,51.5));
#11364=CARTESIAN_POINT('Ctrl Pts',(-42.2859301588218,37.7755158786543,51.5));
#11365=CARTESIAN_POINT('Ctrl Pts',(-41.8285199219842,38.077956246394,51.5));
#11366=CARTESIAN_POINT('Ctrl Pts',(-41.5985707193613,38.2299990206957,51.5));
#11367=CARTESIAN_POINT('',(-42.7685717493296,37.1114278584719,51.));
#11368=CARTESIAN_POINT('Ctrl Pts',(-42.7685717493296,37.1114278584719,51.));
#11369=CARTESIAN_POINT('Ctrl Pts',(-42.6082757054274,37.3319863112278,51.));
#11370=CARTESIAN_POINT('Ctrl Pts',(-42.2859301588218,37.7755158786543,51.));
#11371=CARTESIAN_POINT('Ctrl Pts',(-41.8285199219842,38.077956246394,51.));
#11372=CARTESIAN_POINT('Ctrl Pts',(-41.5985707193613,38.2299990206957,51.));
#11373=CARTESIAN_POINT('',(-42.7685717493296,37.1114278584719,51.5));
#11374=CARTESIAN_POINT('Ctrl Pts',(-43.4146419912577,35.6007135659456,51.5));
#11375=CARTESIAN_POINT('Ctrl Pts',(-43.4146419912577,35.6007135659456,51.));
#11376=CARTESIAN_POINT('Ctrl Pts',(-43.3374926021681,35.8671479348833,51.5));
#11377=CARTESIAN_POINT('Ctrl Pts',(-43.3374926021681,35.8671479348833,51.));
#11378=CARTESIAN_POINT('Ctrl Pts',(-43.1840063490906,36.3972106283397,51.5));
#11379=CARTESIAN_POINT('Ctrl Pts',(-43.1840063490906,36.3972106283397,51.));
#11380=CARTESIAN_POINT('Ctrl Pts',(-42.9065603683283,36.8741971383832,51.5));
#11381=CARTESIAN_POINT('Ctrl Pts',(-42.9065603683283,36.8741971383832,51.));
#11382=CARTESIAN_POINT('Ctrl Pts',(-42.7685717493296,37.1114278584719,51.5));
#11383=CARTESIAN_POINT('Ctrl Pts',(-42.7685717493296,37.1114278584719,51.));
#11384=CARTESIAN_POINT('',(-43.4146419912577,35.6007135659456,51.5));
#11385=CARTESIAN_POINT('Ctrl Pts',(-43.4146419912577,35.6007135659456,51.5));
#11386=CARTESIAN_POINT('Ctrl Pts',(-43.3374926021681,35.8671479348833,51.5));
#11387=CARTESIAN_POINT('Ctrl Pts',(-43.1840063490906,36.3972106283397,51.5));
#11388=CARTESIAN_POINT('Ctrl Pts',(-42.9065603683283,36.8741971383832,51.5));
#11389=CARTESIAN_POINT('Ctrl Pts',(-42.7685717493296,37.1114278584719,51.5));
#11390=CARTESIAN_POINT('',(-43.4146419912577,35.6007135659456,51.));
#11391=CARTESIAN_POINT('Ctrl Pts',(-43.4146419912577,35.6007135659456,51.));
#11392=CARTESIAN_POINT('Ctrl Pts',(-43.3374926021681,35.8671479348833,51.));
#11393=CARTESIAN_POINT('Ctrl Pts',(-43.1840063490906,36.3972106283397,51.));
#11394=CARTESIAN_POINT('Ctrl Pts',(-42.9065603683283,36.8741971383832,51.));
#11395=CARTESIAN_POINT('Ctrl Pts',(-42.7685717493296,37.1114278584719,51.));
#11396=CARTESIAN_POINT('',(-43.4146419912577,35.6007135659456,51.5));
#11397=CARTESIAN_POINT('Ctrl Pts',(-43.6171428114176,33.9999986439943,51.5));
#11398=CARTESIAN_POINT('Ctrl Pts',(-43.6171428114176,33.9999986439943,51.));
#11399=CARTESIAN_POINT('Ctrl Pts',(-43.6081240469606,34.265091262026,51.5));
#11400=CARTESIAN_POINT('Ctrl Pts',(-43.6081240469606,34.265091262026,51.));
#11401=CARTESIAN_POINT('Ctrl Pts',(-43.5897616575397,34.8048252697333,51.5));
#11402=CARTESIAN_POINT('Ctrl Pts',(-43.5897616575397,34.8048252697333,51.));
#11403=CARTESIAN_POINT('Ctrl Pts',(-43.4736996551579,35.3323067987461,51.5));
#11404=CARTESIAN_POINT('Ctrl Pts',(-43.4736996551579,35.3323067987461,51.));
#11405=CARTESIAN_POINT('Ctrl Pts',(-43.4146419912577,35.6007135659456,51.5));
#11406=CARTESIAN_POINT('Ctrl Pts',(-43.4146419912577,35.6007135659456,51.));
#11407=CARTESIAN_POINT('',(-43.6171428114176,33.9999986439943,51.5));
#11408=CARTESIAN_POINT('Ctrl Pts',(-43.6171428114176,33.9999986439943,51.5));
#11409=CARTESIAN_POINT('Ctrl Pts',(-43.6081240469606,34.265091262026,51.5));
#11410=CARTESIAN_POINT('Ctrl Pts',(-43.5897616575397,34.8048252697333,51.5));
#11411=CARTESIAN_POINT('Ctrl Pts',(-43.4736996551579,35.3323067987461,51.5));
#11412=CARTESIAN_POINT('Ctrl Pts',(-43.4146419912577,35.6007135659456,51.5));
#11413=CARTESIAN_POINT('',(-43.6171428114176,33.9999986439943,51.));
#11414=CARTESIAN_POINT('Ctrl Pts',(-43.6171428114176,33.9999986439943,51.));
#11415=CARTESIAN_POINT('Ctrl Pts',(-43.6081240469606,34.265091262026,51.));
#11416=CARTESIAN_POINT('Ctrl Pts',(-43.5897616575397,34.8048252697333,51.));
#11417=CARTESIAN_POINT('Ctrl Pts',(-43.4736996551579,35.3323067987461,51.));
#11418=CARTESIAN_POINT('Ctrl Pts',(-43.4146419912577,35.6007135659456,51.));
#11419=CARTESIAN_POINT('',(-43.6171428114176,33.9999986439943,51.5));
#11420=CARTESIAN_POINT('Ctrl Pts',(-43.4210709482431,32.3382128030062,51.5));
#11421=CARTESIAN_POINT('Ctrl Pts',(-43.4210709482431,32.3382128030062,51.));
#11422=CARTESIAN_POINT('Ctrl Pts',(-43.4782587234566,32.6123383050624,51.5));
#11423=CARTESIAN_POINT('Ctrl Pts',(-43.4782587234566,32.6123383050624,51.));
#11424=CARTESIAN_POINT('Ctrl Pts',(-43.5926128057514,33.1604864032214,51.5));
#11425=CARTESIAN_POINT('Ctrl Pts',(-43.5926128057514,33.1604864032214,51.));
#11426=CARTESIAN_POINT('Ctrl Pts',(-43.6089671662845,33.7201962558988,51.5));
#11427=CARTESIAN_POINT('Ctrl Pts',(-43.6089671662845,33.7201962558988,51.));
#11428=CARTESIAN_POINT('Ctrl Pts',(-43.6171428114176,33.9999986439943,51.5));
#11429=CARTESIAN_POINT('Ctrl Pts',(-43.6171428114176,33.9999986439943,51.));
#11430=CARTESIAN_POINT('',(-43.4210709482431,32.3382128030062,51.5));
#11431=CARTESIAN_POINT('Ctrl Pts',(-43.4210709482431,32.3382128030062,51.5));
#11432=CARTESIAN_POINT('Ctrl Pts',(-43.4782587234566,32.6123383050624,51.5));
#11433=CARTESIAN_POINT('Ctrl Pts',(-43.5926128057514,33.1604864032214,51.5));
#11434=CARTESIAN_POINT('Ctrl Pts',(-43.6089671662845,33.7201962558988,51.5));
#11435=CARTESIAN_POINT('Ctrl Pts',(-43.6171428114176,33.9999986439943,51.5));
#11436=CARTESIAN_POINT('',(-43.4210709482431,32.3382128030062,51.));
#11437=CARTESIAN_POINT('Ctrl Pts',(-43.4210709482431,32.3382128030062,51.));
#11438=CARTESIAN_POINT('Ctrl Pts',(-43.4782587234566,32.6123383050624,51.));
#11439=CARTESIAN_POINT('Ctrl Pts',(-43.5926128057514,33.1604864032214,51.));
#11440=CARTESIAN_POINT('Ctrl Pts',(-43.6089671662845,33.7201962558988,51.));
#11441=CARTESIAN_POINT('Ctrl Pts',(-43.6171428114176,33.9999986439943,51.));
#11442=CARTESIAN_POINT('',(-43.4210709482431,32.3382128030062,51.5));
#11443=CARTESIAN_POINT('Ctrl Pts',(-42.7814272791147,30.8467853814363,51.5));
#11444=CARTESIAN_POINT('Ctrl Pts',(-42.7814272791147,30.8467853814363,51.));
#11445=CARTESIAN_POINT('Ctrl Pts',(-42.9193442276427,31.0784398977439,51.5));
#11446=CARTESIAN_POINT('Ctrl Pts',(-42.9193442276427,31.0784398977439,51.));
#11447=CARTESIAN_POINT('Ctrl Pts',(-43.1984489611958,31.5472428457533,51.5));
#11448=CARTESIAN_POINT('Ctrl Pts',(-43.1984489611958,31.5472428457533,51.));
#11449=CARTESIAN_POINT('Ctrl Pts',(-43.3462861165848,32.0725042991677,51.5));
#11450=CARTESIAN_POINT('Ctrl Pts',(-43.3462861165848,32.0725042991677,51.));
#11451=CARTESIAN_POINT('Ctrl Pts',(-43.4210709482431,32.3382128030062,51.5));
#11452=CARTESIAN_POINT('Ctrl Pts',(-43.4210709482431,32.3382128030062,51.));
#11453=CARTESIAN_POINT('',(-42.7814272791147,30.8467853814363,51.5));
#11454=CARTESIAN_POINT('Ctrl Pts',(-42.7814272791147,30.8467853814363,51.5));
#11455=CARTESIAN_POINT('Ctrl Pts',(-42.9193442276427,31.0784398977439,51.5));
#11456=CARTESIAN_POINT('Ctrl Pts',(-43.1984489611958,31.5472428457533,51.5));
#11457=CARTESIAN_POINT('Ctrl Pts',(-43.3462861165848,32.0725042991677,51.5));
#11458=CARTESIAN_POINT('Ctrl Pts',(-43.4210709482431,32.3382128030062,51.5));
#11459=CARTESIAN_POINT('',(-42.7814272791147,30.8467853814363,51.));
#11460=CARTESIAN_POINT('Ctrl Pts',(-42.7814272791147,30.8467853814363,51.));
#11461=CARTESIAN_POINT('Ctrl Pts',(-42.9193442276427,31.0784398977439,51.));
#11462=CARTESIAN_POINT('Ctrl Pts',(-43.1984489611958,31.5472428457533,51.));
#11463=CARTESIAN_POINT('Ctrl Pts',(-43.3462861165848,32.0725042991677,51.));
#11464=CARTESIAN_POINT('Ctrl Pts',(-43.4210709482431,32.3382128030062,51.));
#11465=CARTESIAN_POINT('',(-42.7814272791147,30.8467853814363,51.5));
#11466=CARTESIAN_POINT('Ctrl Pts',(-41.6114286333323,29.7699988633394,51.5));
#11467=CARTESIAN_POINT('Ctrl Pts',(-41.6114286333323,29.7699988633394,51.));
#11468=CARTESIAN_POINT('Ctrl Pts',(-41.8411436935701,29.9151476227952,51.5));
#11469=CARTESIAN_POINT('Ctrl Pts',(-41.8411436935701,29.9151476227952,51.));
#11470=CARTESIAN_POINT('Ctrl Pts',(-42.2966974122278,30.202995781554,51.5));
#11471=CARTESIAN_POINT('Ctrl Pts',(-42.2966974122278,30.202995781554,51.));
#11472=CARTESIAN_POINT('Ctrl Pts',(-42.6207698568769,30.6334096754068,51.5));
#11473=CARTESIAN_POINT('Ctrl Pts',(-42.6207698568769,30.6334096754068,51.));
#11474=CARTESIAN_POINT('Ctrl Pts',(-42.7814272791147,30.8467853814363,51.5));
#11475=CARTESIAN_POINT('Ctrl Pts',(-42.7814272791147,30.8467853814363,51.));
#11476=CARTESIAN_POINT('',(-41.6114286333323,29.7699988633394,51.5));
#11477=CARTESIAN_POINT('Ctrl Pts',(-41.6114286333323,29.7699988633394,51.5));
#11478=CARTESIAN_POINT('Ctrl Pts',(-41.8411436935701,29.9151476227952,51.5));
#11479=CARTESIAN_POINT('Ctrl Pts',(-42.2966974122278,30.202995781554,51.5));
#11480=CARTESIAN_POINT('Ctrl Pts',(-42.6207698568769,30.6334096754068,51.5));
#11481=CARTESIAN_POINT('Ctrl Pts',(-42.7814272791147,30.8467853814363,51.5));
#11482=CARTESIAN_POINT('',(-41.6114286333323,29.7699988633394,51.));
#11483=CARTESIAN_POINT('Ctrl Pts',(-41.6114286333323,29.7699988633394,51.));
#11484=CARTESIAN_POINT('Ctrl Pts',(-41.8411436935701,29.9151476227952,51.));
#11485=CARTESIAN_POINT('Ctrl Pts',(-42.2966974122278,30.202995781554,51.));
#11486=CARTESIAN_POINT('Ctrl Pts',(-42.6207698568769,30.6334096754068,51.));
#11487=CARTESIAN_POINT('Ctrl Pts',(-42.7814272791147,30.8467853814363,51.));
#11488=CARTESIAN_POINT('',(-41.6114286333323,29.7699988633394,51.5));
#11489=CARTESIAN_POINT('Ctrl Pts',(-39.8242858797312,29.3649996072054,51.5));
#11490=CARTESIAN_POINT('Ctrl Pts',(-39.8242858797312,29.3649996072054,51.));
#11491=CARTESIAN_POINT('Ctrl Pts',(-40.1550803306815,29.3771528072576,51.5));
#11492=CARTESIAN_POINT('Ctrl Pts',(-40.1550803306815,29.3771528072576,51.));
#11493=CARTESIAN_POINT('Ctrl Pts',(-40.777171985607,29.4000081009646,51.5));
#11494=CARTESIAN_POINT('Ctrl Pts',(-40.777171985607,29.4000081009646,51.));
#11495=CARTESIAN_POINT('Ctrl Pts',(-41.3453682073571,29.6520017216771,51.5));
#11496=CARTESIAN_POINT('Ctrl Pts',(-41.3453682073571,29.6520017216771,51.));
#11497=CARTESIAN_POINT('Ctrl Pts',(-41.6114286333323,29.7699988633394,51.5));
#11498=CARTESIAN_POINT('Ctrl Pts',(-41.6114286333323,29.7699988633394,51.));
#11499=CARTESIAN_POINT('',(-39.8242858797312,29.3649996072054,51.5));
#11500=CARTESIAN_POINT('Ctrl Pts',(-39.8242858797312,29.3649996072054,51.5));
#11501=CARTESIAN_POINT('Ctrl Pts',(-40.1550803306815,29.3771528072576,51.5));
#11502=CARTESIAN_POINT('Ctrl Pts',(-40.777171985607,29.4000081009646,51.5));
#11503=CARTESIAN_POINT('Ctrl Pts',(-41.3453682073571,29.6520017216771,51.5));
#11504=CARTESIAN_POINT('Ctrl Pts',(-41.6114286333323,29.7699988633394,51.5));
#11505=CARTESIAN_POINT('',(-39.8242858797312,29.3649996072054,51.));
#11506=CARTESIAN_POINT('Ctrl Pts',(-39.8242858797312,29.3649996072054,51.));
#11507=CARTESIAN_POINT('Ctrl Pts',(-40.1550803306815,29.3771528072576,51.));
#11508=CARTESIAN_POINT('Ctrl Pts',(-40.777171985607,29.4000081009646,51.));
#11509=CARTESIAN_POINT('Ctrl Pts',(-41.3453682073571,29.6520017216771,51.));
#11510=CARTESIAN_POINT('Ctrl Pts',(-41.6114286333323,29.7699988633394,51.));
#11511=CARTESIAN_POINT('',(-39.8242858797312,29.3649996072054,51.5));
#11512=CARTESIAN_POINT('Ctrl Pts',(-38.3874992281198,29.6607137471437,51.5));
#11513=CARTESIAN_POINT('Ctrl Pts',(-38.3874992281198,29.6607137471437,51.));
#11514=CARTESIAN_POINT('Ctrl Pts',(-38.6080335691358,29.574510817657,51.5));
#11515=CARTESIAN_POINT('Ctrl Pts',(-38.6080335691358,29.574510817657,51.));
#11516=CARTESIAN_POINT('Ctrl Pts',(-39.0696822641888,29.3940605996821,51.5));
#11517=CARTESIAN_POINT('Ctrl Pts',(-39.0696822641888,29.3940605996821,51.));
#11518=CARTESIAN_POINT('Ctrl Pts',(-39.5653852964534,29.3749702828659,51.5));
#11519=CARTESIAN_POINT('Ctrl Pts',(-39.5653852964534,29.3749702828659,51.));
#11520=CARTESIAN_POINT('Ctrl Pts',(-39.8242858797312,29.3649996072054,51.5));
#11521=CARTESIAN_POINT('Ctrl Pts',(-39.8242858797312,29.3649996072054,51.));
#11522=CARTESIAN_POINT('Ctrl Pts',(-38.3874992281198,29.6607137471437,51.5));
#11523=CARTESIAN_POINT('Ctrl Pts',(-38.6080335691358,29.574510817657,51.5));
#11524=CARTESIAN_POINT('Ctrl Pts',(-39.0696822641888,29.3940605996821,51.5));
#11525=CARTESIAN_POINT('Ctrl Pts',(-39.5653852964534,29.3749702828659,51.5));
#11526=CARTESIAN_POINT('Ctrl Pts',(-39.8242858797312,29.3649996072054,51.5));
#11527=CARTESIAN_POINT('Ctrl Pts',(-38.3874992281198,29.6607137471437,51.));
#11528=CARTESIAN_POINT('Ctrl Pts',(-38.6080335691358,29.574510817657,51.));
#11529=CARTESIAN_POINT('Ctrl Pts',(-39.0696822641888,29.3940605996821,51.));
#11530=CARTESIAN_POINT('Ctrl Pts',(-39.5653852964534,29.3749702828659,51.));
#11531=CARTESIAN_POINT('Ctrl Pts',(-39.8242858797312,29.3649996072054,51.));
#11532=CARTESIAN_POINT('Origin',(-25.0000009685755,33.9999992400408,51.5));
#11533=CARTESIAN_POINT('Origin',(-25.0000009685755,33.9999992400408,51.));
#11534=CARTESIAN_POINT('Origin',(-51.8757076561451,10.4228561669588,51.5));
#11535=CARTESIAN_POINT('',(-51.8757076561451,10.4228561669588,51.5));
#11536=CARTESIAN_POINT('',(-51.8757076561451,9.34285576641558,51.5));
#11537=CARTESIAN_POINT('',(-51.8757076561451,10.4228561669588,51.5));
#11538=CARTESIAN_POINT('',(-51.8757076561451,9.34285576641558,51.));
#11539=CARTESIAN_POINT('',(-51.8757076561451,9.34285576641558,51.5));
#11540=CARTESIAN_POINT('',(-51.8757076561451,10.4228561669588,51.));
#11541=CARTESIAN_POINT('',(-51.8757076561451,10.4228561669588,51.));
#11542=CARTESIAN_POINT('',(-51.8757076561451,10.4228561669588,51.5));
#11543=CARTESIAN_POINT('Ctrl Pts',(-50.7378502190113,10.9049981385469,51.5));
#11544=CARTESIAN_POINT('Ctrl Pts',(-50.7378502190113,10.9049981385469,51.));
#11545=CARTESIAN_POINT('Ctrl Pts',(-50.9132435551311,10.7963109144211,51.5));
#11546=CARTESIAN_POINT('Ctrl Pts',(-50.9132435551311,10.7963109144211,51.));
#11547=CARTESIAN_POINT('Ctrl Pts',(-51.2675308482904,10.5767672117444,51.5));
#11548=CARTESIAN_POINT('Ctrl Pts',(-51.2675308482904,10.5767672117444,51.));
#11549=CARTESIAN_POINT('Ctrl Pts',(-51.6716510511984,10.4744966847443,51.5));
#11550=CARTESIAN_POINT('Ctrl Pts',(-51.6716510511984,10.4744966847443,51.));
#11551=CARTESIAN_POINT('Ctrl Pts',(-51.8757076561451,10.4228561669588,51.5));
#11552=CARTESIAN_POINT('Ctrl Pts',(-51.8757076561451,10.4228561669588,51.));
#11553=CARTESIAN_POINT('',(-50.7378502190113,10.9049981385469,51.5));
#11554=CARTESIAN_POINT('Ctrl Pts',(-50.7378502190113,10.9049981385469,51.5));
#11555=CARTESIAN_POINT('Ctrl Pts',(-50.9132435551311,10.7963109144211,51.5));
#11556=CARTESIAN_POINT('Ctrl Pts',(-51.2675308482904,10.5767672117444,51.5));
#11557=CARTESIAN_POINT('Ctrl Pts',(-51.6716510511984,10.4744966847443,51.5));
#11558=CARTESIAN_POINT('Ctrl Pts',(-51.8757076561451,10.4228561669588,51.5));
#11559=CARTESIAN_POINT('',(-50.7378502190113,10.9049981385469,51.));
#11560=CARTESIAN_POINT('Ctrl Pts',(-50.7378502190113,10.9049981385469,51.));
#11561=CARTESIAN_POINT('Ctrl Pts',(-50.9132435551311,10.7963109144211,51.));
#11562=CARTESIAN_POINT('Ctrl Pts',(-51.2675308482904,10.5767672117444,51.));
#11563=CARTESIAN_POINT('Ctrl Pts',(-51.6716510511984,10.4744966847443,51.));
#11564=CARTESIAN_POINT('Ctrl Pts',(-51.8757076561451,10.4228561669588,51.));
#11565=CARTESIAN_POINT('',(-50.7378502190113,10.9049981385469,51.5));
#11566=CARTESIAN_POINT('Ctrl Pts',(-49.9310655891895,11.8114274293184,51.5));
#11567=CARTESIAN_POINT('Ctrl Pts',(-49.9310655891895,11.8114274293184,51.));
#11568=CARTESIAN_POINT('Ctrl Pts',(-50.0390687438213,11.6356862777116,51.5));
#11569=CARTESIAN_POINT('Ctrl Pts',(-50.0390687438213,11.6356862777116,51.));
#11570=CARTESIAN_POINT('Ctrl Pts',(-50.2542055678818,11.2856187880876,51.5));
#11571=CARTESIAN_POINT('Ctrl Pts',(-50.2542055678818,11.2856187880876,51.));
#11572=CARTESIAN_POINT('Ctrl Pts',(-50.5770702927634,11.0315293837879,51.5));
#11573=CARTESIAN_POINT('Ctrl Pts',(-50.5770702927634,11.0315293837879,51.));
#11574=CARTESIAN_POINT('Ctrl Pts',(-50.7378502190113,10.9049981385469,51.5));
#11575=CARTESIAN_POINT('Ctrl Pts',(-50.7378502190113,10.9049981385469,51.));
#11576=CARTESIAN_POINT('',(-49.9310655891895,11.8114274293184,51.5));
#11577=CARTESIAN_POINT('Ctrl Pts',(-49.9310655891895,11.8114274293184,51.5));
#11578=CARTESIAN_POINT('Ctrl Pts',(-50.0390687438213,11.6356862777116,51.5));
#11579=CARTESIAN_POINT('Ctrl Pts',(-50.2542055678818,11.2856187880876,51.5));
#11580=CARTESIAN_POINT('Ctrl Pts',(-50.5770702927634,11.0315293837879,51.5));
#11581=CARTESIAN_POINT('Ctrl Pts',(-50.7378502190113,10.9049981385469,51.5));
#11582=CARTESIAN_POINT('',(-49.9310655891895,11.8114274293184,51.));
#11583=CARTESIAN_POINT('Ctrl Pts',(-49.9310655891895,11.8114274293184,51.));
#11584=CARTESIAN_POINT('Ctrl Pts',(-50.0390687438213,11.6356862777116,51.));
#11585=CARTESIAN_POINT('Ctrl Pts',(-50.2542055678818,11.2856187880876,51.));
#11586=CARTESIAN_POINT('Ctrl Pts',(-50.5770702927634,11.0315293837879,51.));
#11587=CARTESIAN_POINT('Ctrl Pts',(-50.7378502190113,10.9049981385469,51.));
#11588=CARTESIAN_POINT('',(-49.9310655891895,11.8114274293184,51.5));
#11589=CARTESIAN_POINT('Ctrl Pts',(-49.632136374712,13.109998062253,51.5));
#11590=CARTESIAN_POINT('Ctrl Pts',(-49.632136374712,13.109998062253,51.));
#11591=CARTESIAN_POINT('Ctrl Pts',(-49.6422112104869,12.8739955487879,51.5));
#11592=CARTESIAN_POINT('Ctrl Pts',(-49.6422112104869,12.8739955487879,51.));
#11593=CARTESIAN_POINT('Ctrl Pts',(-49.6614996318902,12.422165262557,51.5));
#11594=CARTESIAN_POINT('Ctrl Pts',(-49.6614996318902,12.422165262557,51.));
#11595=CARTESIAN_POINT('Ctrl Pts',(-49.8439254440307,12.0088551163141,51.5));
#11596=CARTESIAN_POINT('Ctrl Pts',(-49.8439254440307,12.0088551163141,51.));
#11597=CARTESIAN_POINT('Ctrl Pts',(-49.9310655891895,11.8114274293184,51.5));
#11598=CARTESIAN_POINT('Ctrl Pts',(-49.9310655891895,11.8114274293184,51.));
#11599=CARTESIAN_POINT('',(-49.632136374712,13.109998062253,51.5));
#11600=CARTESIAN_POINT('Ctrl Pts',(-49.632136374712,13.109998062253,51.5));
#11601=CARTESIAN_POINT('Ctrl Pts',(-49.6422112104869,12.8739955487879,51.5));
#11602=CARTESIAN_POINT('Ctrl Pts',(-49.6614996318902,12.422165262557,51.5));
#11603=CARTESIAN_POINT('Ctrl Pts',(-49.8439254440307,12.0088551163141,51.5));
#11604=CARTESIAN_POINT('Ctrl Pts',(-49.9310655891895,11.8114274293184,51.5));
#11605=CARTESIAN_POINT('',(-49.632136374712,13.109998062253,51.));
#11606=CARTESIAN_POINT('Ctrl Pts',(-49.632136374712,13.109998062253,51.));
#11607=CARTESIAN_POINT('Ctrl Pts',(-49.6422112104869,12.8739955487879,51.));
#11608=CARTESIAN_POINT('Ctrl Pts',(-49.6614996318902,12.422165262557,51.));
#11609=CARTESIAN_POINT('Ctrl Pts',(-49.8439254440307,12.0088551163141,51.));
#11610=CARTESIAN_POINT('Ctrl Pts',(-49.9310655891895,11.8114274293184,51.));
#11611=CARTESIAN_POINT('',(-49.632136374712,13.109998062253,51.5));
#11612=CARTESIAN_POINT('Ctrl Pts',(-49.8796363174915,14.3442838937044,51.5));
#11613=CARTESIAN_POINT('Ctrl Pts',(-49.8796363174915,14.3442838937044,51.));
#11614=CARTESIAN_POINT('Ctrl Pts',(-49.8075426882129,14.1599902532533,51.5));
#11615=CARTESIAN_POINT('Ctrl Pts',(-49.8075426882129,14.1599902532533,51.));
#11616=CARTESIAN_POINT('Ctrl Pts',(-49.6525225535253,13.7637107865281,51.5));
#11617=CARTESIAN_POINT('Ctrl Pts',(-49.6525225535253,13.7637107865281,51.));
#11618=CARTESIAN_POINT('Ctrl Pts',(-49.6392411380612,13.3378227196784,51.5));
#11619=CARTESIAN_POINT('Ctrl Pts',(-49.6392411380612,13.3378227196784,51.));
#11620=CARTESIAN_POINT('Ctrl Pts',(-49.632136374712,13.109998062253,51.5));
#11621=CARTESIAN_POINT('Ctrl Pts',(-49.632136374712,13.109998062253,51.));
#11622=CARTESIAN_POINT('',(-49.8796363174915,14.3442838937044,51.5));
#11623=CARTESIAN_POINT('Ctrl Pts',(-49.8796363174915,14.3442838937044,51.5));
#11624=CARTESIAN_POINT('Ctrl Pts',(-49.8075426882129,14.1599902532533,51.5));
#11625=CARTESIAN_POINT('Ctrl Pts',(-49.6525225535253,13.7637107865281,51.5));
#11626=CARTESIAN_POINT('Ctrl Pts',(-49.6392411380612,13.3378227196784,51.5));
#11627=CARTESIAN_POINT('Ctrl Pts',(-49.632136374712,13.109998062253,51.5));
#11628=CARTESIAN_POINT('',(-49.8796363174915,14.3442838937044,51.));
#11629=CARTESIAN_POINT('Ctrl Pts',(-49.8796363174915,14.3442838937044,51.));
#11630=CARTESIAN_POINT('Ctrl Pts',(-49.8075426882129,14.1599902532533,51.));
#11631=CARTESIAN_POINT('Ctrl Pts',(-49.6525225535253,13.7637107865281,51.));
#11632=CARTESIAN_POINT('Ctrl Pts',(-49.6392411380612,13.3378227196784,51.));
#11633=CARTESIAN_POINT('Ctrl Pts',(-49.632136374712,13.109998062253,51.));
#11634=CARTESIAN_POINT('',(-49.8796363174915,14.3442838937044,51.5));
#11635=CARTESIAN_POINT('Ctrl Pts',(-50.5257077515125,15.1767843514681,51.5));
#11636=CARTESIAN_POINT('Ctrl Pts',(-50.5257077515125,15.1767843514681,51.));
#11637=CARTESIAN_POINT('Ctrl Pts',(-50.3983692761262,15.057741468304,51.5));
#11638=CARTESIAN_POINT('Ctrl Pts',(-50.3983692761262,15.057741468304,51.));
#11639=CARTESIAN_POINT('Ctrl Pts',(-50.1385777129004,14.8148742860617,51.5));
#11640=CARTESIAN_POINT('Ctrl Pts',(-50.1385777129004,14.8148742860617,51.));
#11641=CARTESIAN_POINT('Ctrl Pts',(-49.9670755911648,14.5031927542995,51.5));
#11642=CARTESIAN_POINT('Ctrl Pts',(-49.9670755911648,14.5031927542995,51.));
#11643=CARTESIAN_POINT('Ctrl Pts',(-49.8796363174915,14.3442838937044,51.5));
#11644=CARTESIAN_POINT('Ctrl Pts',(-49.8796363174915,14.3442838937044,51.));
#11645=CARTESIAN_POINT('',(-50.5257077515125,15.1767843514681,51.5));
#11646=CARTESIAN_POINT('Ctrl Pts',(-50.5257077515125,15.1767843514681,51.5));
#11647=CARTESIAN_POINT('Ctrl Pts',(-50.3983692761262,15.057741468304,51.5));
#11648=CARTESIAN_POINT('Ctrl Pts',(-50.1385777129004,14.8148742860617,51.5));
#11649=CARTESIAN_POINT('Ctrl Pts',(-49.9670755911648,14.5031927542995,51.5));
#11650=CARTESIAN_POINT('Ctrl Pts',(-49.8796363174915,14.3442838937044,51.5));
#11651=CARTESIAN_POINT('',(-50.5257077515125,15.1767843514681,51.));
#11652=CARTESIAN_POINT('Ctrl Pts',(-50.5257077515125,15.1767843514681,51.));
#11653=CARTESIAN_POINT('Ctrl Pts',(-50.3983692761262,15.057741468304,51.));
#11654=CARTESIAN_POINT('Ctrl Pts',(-50.1385777129004,14.8148742860617,51.));
#11655=CARTESIAN_POINT('Ctrl Pts',(-49.9670755911648,14.5031927542995,51.));
#11656=CARTESIAN_POINT('Ctrl Pts',(-49.8796363174915,14.3442838937044,51.));
#11657=CARTESIAN_POINT('',(-50.5257077515125,15.1767843514681,51.5));
#11658=CARTESIAN_POINT('Ctrl Pts',(-51.3903506100178,15.7264261990785,51.5));
#11659=CARTESIAN_POINT('Ctrl Pts',(-51.3903506100178,15.7264261990785,51.));
#11660=CARTESIAN_POINT('Ctrl Pts',(-51.2376971195084,15.6487908626208,51.5));
#11661=CARTESIAN_POINT('Ctrl Pts',(-51.2376971195084,15.6487908626208,51.));
#11662=CARTESIAN_POINT('Ctrl Pts',(-50.9318865661911,15.4932640867842,51.5));
#11663=CARTESIAN_POINT('Ctrl Pts',(-50.9318865661911,15.4932640867842,51.));
#11664=CARTESIAN_POINT('Ctrl Pts',(-50.6612492408145,15.28239334216,51.5));
#11665=CARTESIAN_POINT('Ctrl Pts',(-50.6612492408145,15.28239334216,51.));
#11666=CARTESIAN_POINT('Ctrl Pts',(-50.5257077515125,15.1767843514681,51.5));
#11667=CARTESIAN_POINT('Ctrl Pts',(-50.5257077515125,15.1767843514681,51.));
#11668=CARTESIAN_POINT('',(-51.3903506100178,15.7264261990785,51.5));
#11669=CARTESIAN_POINT('Ctrl Pts',(-51.3903506100178,15.7264261990785,51.5));
#11670=CARTESIAN_POINT('Ctrl Pts',(-51.2376971195084,15.6487908626208,51.5));
#11671=CARTESIAN_POINT('Ctrl Pts',(-50.9318865661911,15.4932640867842,51.5));
#11672=CARTESIAN_POINT('Ctrl Pts',(-50.6612492408145,15.28239334216,51.5));
#11673=CARTESIAN_POINT('Ctrl Pts',(-50.5257077515125,15.1767843514681,51.5));
#11674=CARTESIAN_POINT('',(-51.3903506100178,15.7264261990785,51.));
#11675=CARTESIAN_POINT('Ctrl Pts',(-51.3903506100178,15.7264261990785,51.));
#11676=CARTESIAN_POINT('Ctrl Pts',(-51.2376971195084,15.6487908626208,51.));
#11677=CARTESIAN_POINT('Ctrl Pts',(-50.9318865661911,15.4932640867842,51.));
#11678=CARTESIAN_POINT('Ctrl Pts',(-50.6612492408145,15.28239334216,51.));
#11679=CARTESIAN_POINT('Ctrl Pts',(-50.5257077515125,15.1767843514681,51.));
#11680=CARTESIAN_POINT('',(-51.3903506100178,15.7264261990785,51.5));
#11681=CARTESIAN_POINT('Ctrl Pts',(-52.2871370613575,16.1057120114565,51.5));
#11682=CARTESIAN_POINT('Ctrl Pts',(-52.2871370613575,16.1057120114565,51.));
#11683=CARTESIAN_POINT('Ctrl Pts',(-52.1400136959786,16.0487521980978,51.5));
#11684=CARTESIAN_POINT('Ctrl Pts',(-52.1400136959786,16.0487521980978,51.));
#11685=CARTESIAN_POINT('Ctrl Pts',(-51.8372028833287,15.9315169287231,51.5));
#11686=CARTESIAN_POINT('Ctrl Pts',(-51.8372028833287,15.9315169287231,51.));
#11687=CARTESIAN_POINT('Ctrl Pts',(-51.542083551711,15.796066707993,51.5));
#11688=CARTESIAN_POINT('Ctrl Pts',(-51.542083551711,15.796066707993,51.));
#11689=CARTESIAN_POINT('Ctrl Pts',(-51.3903506100178,15.7264261990785,51.5));
#11690=CARTESIAN_POINT('Ctrl Pts',(-51.3903506100178,15.7264261990785,51.));
#11691=CARTESIAN_POINT('',(-52.2871370613575,16.1057120114565,51.5));
#11692=CARTESIAN_POINT('Ctrl Pts',(-52.2871370613575,16.1057120114565,51.5));
#11693=CARTESIAN_POINT('Ctrl Pts',(-52.1400136959786,16.0487521980978,51.5));
#11694=CARTESIAN_POINT('Ctrl Pts',(-51.8372028833287,15.9315169287231,51.5));
#11695=CARTESIAN_POINT('Ctrl Pts',(-51.542083551711,15.796066707993,51.5));
#11696=CARTESIAN_POINT('Ctrl Pts',(-51.3903506100178,15.7264261990785,51.5));
#11697=CARTESIAN_POINT('',(-52.2871370613575,16.1057120114565,51.));
#11698=CARTESIAN_POINT('Ctrl Pts',(-52.2871370613575,16.1057120114565,51.));
#11699=CARTESIAN_POINT('Ctrl Pts',(-52.1400136959786,16.0487521980978,51.));
#11700=CARTESIAN_POINT('Ctrl Pts',(-51.8372028833287,15.9315169287231,51.));
#11701=CARTESIAN_POINT('Ctrl Pts',(-51.542083551711,15.796066707993,51.));
#11702=CARTESIAN_POINT('Ctrl Pts',(-51.3903506100178,15.7264261990785,51.));
#11703=CARTESIAN_POINT('',(-52.2871370613575,16.1057120114565,51.5));
#11704=CARTESIAN_POINT('Ctrl Pts',(-53.0167789757252,16.4110689908266,51.5));
#11705=CARTESIAN_POINT('Ctrl Pts',(-53.0167789757252,16.4110689908266,51.));
#11706=CARTESIAN_POINT('Ctrl Pts',(-52.9013202402721,16.3581254785373,51.5));
#11707=CARTESIAN_POINT('Ctrl Pts',(-52.9013202402721,16.3581254785373,51.));
#11708=CARTESIAN_POINT('Ctrl Pts',(-52.6615327516386,16.2481711143096,51.5));
#11709=CARTESIAN_POINT('Ctrl Pts',(-52.6615327516386,16.2481711143096,51.));
#11710=CARTESIAN_POINT('Ctrl Pts',(-52.4149757678565,16.15435516604,51.5));
#11711=CARTESIAN_POINT('Ctrl Pts',(-52.4149757678565,16.15435516604,51.));
#11712=CARTESIAN_POINT('Ctrl Pts',(-52.2871370613575,16.1057120114565,51.5));
#11713=CARTESIAN_POINT('Ctrl Pts',(-52.2871370613575,16.1057120114565,51.));
#11714=CARTESIAN_POINT('',(-53.0167789757252,16.4110689908266,51.5));
#11715=CARTESIAN_POINT('Ctrl Pts',(-53.0167789757252,16.4110689908266,51.5));
#11716=CARTESIAN_POINT('Ctrl Pts',(-52.9013202402721,16.3581254785373,51.5));
#11717=CARTESIAN_POINT('Ctrl Pts',(-52.6615327516386,16.2481711143096,51.5));
#11718=CARTESIAN_POINT('Ctrl Pts',(-52.4149757678565,16.15435516604,51.5));
#11719=CARTESIAN_POINT('Ctrl Pts',(-52.2871370613575,16.1057120114565,51.5));
#11720=CARTESIAN_POINT('',(-53.0167789757252,16.4110689908266,51.));
#11721=CARTESIAN_POINT('Ctrl Pts',(-53.0167789757252,16.4110689908266,51.));
#11722=CARTESIAN_POINT('Ctrl Pts',(-52.9013202402721,16.3581254785373,51.));
#11723=CARTESIAN_POINT('Ctrl Pts',(-52.6615327516386,16.2481711143096,51.));
#11724=CARTESIAN_POINT('Ctrl Pts',(-52.4149757678565,16.15435516604,51.));
#11725=CARTESIAN_POINT('Ctrl Pts',(-52.2871370613575,16.1057120114565,51.));
#11726=CARTESIAN_POINT('',(-53.0167789757252,16.4110689908266,51.5));
#11727=CARTESIAN_POINT('Ctrl Pts',(-53.547136336565,16.7614262849092,51.5));
#11728=CARTESIAN_POINT('Ctrl Pts',(-53.547136336565,16.7614262849092,51.));
#11729=CARTESIAN_POINT('Ctrl Pts',(-53.4717792339663,16.6970162983246,51.5));
#11730=CARTESIAN_POINT('Ctrl Pts',(-53.4717792339663,16.6970162983246,51.));
#11731=CARTESIAN_POINT('Ctrl Pts',(-53.3095978865339,16.5583950131084,51.5));
#11732=CARTESIAN_POINT('Ctrl Pts',(-53.3095978865339,16.5583950131084,51.));
#11733=CARTESIAN_POINT('Ctrl Pts',(-53.118880220009,16.4624392050959,51.5));
#11734=CARTESIAN_POINT('Ctrl Pts',(-53.118880220009,16.4624392050959,51.));
#11735=CARTESIAN_POINT('Ctrl Pts',(-53.0167789757252,16.4110689908266,51.5));
#11736=CARTESIAN_POINT('Ctrl Pts',(-53.0167789757252,16.4110689908266,51.));
#11737=CARTESIAN_POINT('',(-53.547136336565,16.7614262849092,51.5));
#11738=CARTESIAN_POINT('Ctrl Pts',(-53.547136336565,16.7614262849092,51.5));
#11739=CARTESIAN_POINT('Ctrl Pts',(-53.4717792339663,16.6970162983246,51.5));
#11740=CARTESIAN_POINT('Ctrl Pts',(-53.3095978865339,16.5583950131084,51.5));
#11741=CARTESIAN_POINT('Ctrl Pts',(-53.118880220009,16.4624392050959,51.5));
#11742=CARTESIAN_POINT('Ctrl Pts',(-53.0167789757252,16.4110689908266,51.5));
#11743=CARTESIAN_POINT('',(-53.547136336565,16.7614262849092,51.));
#11744=CARTESIAN_POINT('Ctrl Pts',(-53.547136336565,16.7614262849092,51.));
#11745=CARTESIAN_POINT('Ctrl Pts',(-53.4717792339663,16.6970162983246,51.));
#11746=CARTESIAN_POINT('Ctrl Pts',(-53.3095978865339,16.5583950131084,51.));
#11747=CARTESIAN_POINT('Ctrl Pts',(-53.118880220009,16.4624392050959,51.));
#11748=CARTESIAN_POINT('Ctrl Pts',(-53.0167789757252,16.4110689908266,51.));
#11749=CARTESIAN_POINT('',(-53.547136336565,16.7614262849092,51.5));
#11750=CARTESIAN_POINT('Ctrl Pts',(-53.7464220821857,17.2242837697267,51.5));
#11751=CARTESIAN_POINT('Ctrl Pts',(-53.7464220821857,17.2242837697267,51.));
#11752=CARTESIAN_POINT('Ctrl Pts',(-53.7378706458958,17.1372589815137,51.5));
#11753=CARTESIAN_POINT('Ctrl Pts',(-53.7378706458958,17.1372589815137,51.));
#11754=CARTESIAN_POINT('Ctrl Pts',(-53.7206376308328,16.9618849934164,51.5));
#11755=CARTESIAN_POINT('Ctrl Pts',(-53.7206376308328,16.9618849934164,51.));
#11756=CARTESIAN_POINT('Ctrl Pts',(-53.6052605411326,16.8285814207242,51.5));
#11757=CARTESIAN_POINT('Ctrl Pts',(-53.6052605411326,16.8285814207242,51.));
#11758=CARTESIAN_POINT('Ctrl Pts',(-53.547136336565,16.7614262849092,51.5));
#11759=CARTESIAN_POINT('Ctrl Pts',(-53.547136336565,16.7614262849092,51.));
#11760=CARTESIAN_POINT('',(-53.7464220821857,17.2242837697267,51.5));
#11761=CARTESIAN_POINT('Ctrl Pts',(-53.7464220821857,17.2242837697267,51.5));
#11762=CARTESIAN_POINT('Ctrl Pts',(-53.7378706458958,17.1372589815137,51.5));
#11763=CARTESIAN_POINT('Ctrl Pts',(-53.7206376308328,16.9618849934164,51.5));
#11764=CARTESIAN_POINT('Ctrl Pts',(-53.6052605411326,16.8285814207242,51.5));
#11765=CARTESIAN_POINT('Ctrl Pts',(-53.547136336565,16.7614262849092,51.5));
#11766=CARTESIAN_POINT('',(-53.7464220821857,17.2242837697267,51.));
#11767=CARTESIAN_POINT('Ctrl Pts',(-53.7464220821857,17.2242837697267,51.));
#11768=CARTESIAN_POINT('Ctrl Pts',(-53.7378706458958,17.1372589815137,51.));
#11769=CARTESIAN_POINT('Ctrl Pts',(-53.7206376308328,16.9618849934164,51.));
#11770=CARTESIAN_POINT('Ctrl Pts',(-53.6052605411326,16.8285814207242,51.));
#11771=CARTESIAN_POINT('Ctrl Pts',(-53.547136336565,16.7614262849092,51.));
#11772=CARTESIAN_POINT('',(-53.7464220821857,17.2242837697267,51.5));
#11773=CARTESIAN_POINT('Ctrl Pts',(-53.514993339777,17.7353542596102,51.5));
#11774=CARTESIAN_POINT('Ctrl Pts',(-53.514993339777,17.7353542596102,51.));
#11775=CARTESIAN_POINT('Ctrl Pts',(-53.5824632863154,17.667769515811,51.5));
#11776=CARTESIAN_POINT('Ctrl Pts',(-53.5824632863154,17.667769515811,51.));
#11777=CARTESIAN_POINT('Ctrl Pts',(-53.7230763623087,17.5269171926157,51.5));
#11778=CARTESIAN_POINT('Ctrl Pts',(-53.7230763623087,17.5269171926157,51.));
#11779=CARTESIAN_POINT('Ctrl Pts',(-53.7384336403643,17.3278389183659,51.5));
#11780=CARTESIAN_POINT('Ctrl Pts',(-53.7384336403643,17.3278389183659,51.));
#11781=CARTESIAN_POINT('Ctrl Pts',(-53.7464220821857,17.2242837697267,51.5));
#11782=CARTESIAN_POINT('Ctrl Pts',(-53.7464220821857,17.2242837697267,51.));
#11783=CARTESIAN_POINT('',(-53.514993339777,17.7353542596102,51.5));
#11784=CARTESIAN_POINT('Ctrl Pts',(-53.514993339777,17.7353542596102,51.5));
#11785=CARTESIAN_POINT('Ctrl Pts',(-53.5824632863154,17.667769515811,51.5));
#11786=CARTESIAN_POINT('Ctrl Pts',(-53.7230763623087,17.5269171926157,51.5));
#11787=CARTESIAN_POINT('Ctrl Pts',(-53.7384336403643,17.3278389183659,51.5));
#11788=CARTESIAN_POINT('Ctrl Pts',(-53.7464220821857,17.2242837697267,51.5));
#11789=CARTESIAN_POINT('',(-53.514993339777,17.7353542596102,51.));
#11790=CARTESIAN_POINT('Ctrl Pts',(-53.514993339777,17.7353542596102,51.));
#11791=CARTESIAN_POINT('Ctrl Pts',(-53.5824632863154,17.667769515811,51.));
#11792=CARTESIAN_POINT('Ctrl Pts',(-53.7230763623087,17.5269171926157,51.));
#11793=CARTESIAN_POINT('Ctrl Pts',(-53.7384336403643,17.3278389183659,51.));
#11794=CARTESIAN_POINT('Ctrl Pts',(-53.7464220821857,17.2242837697267,51.));
#11795=CARTESIAN_POINT('',(-53.514993339777,17.7353542596102,51.5));
#11796=CARTESIAN_POINT('Ctrl Pts',(-52.8657074272632,17.9121404439211,51.5));
#11797=CARTESIAN_POINT('Ctrl Pts',(-52.8657074272632,17.9121404439211,51.));
#11798=CARTESIAN_POINT('Ctrl Pts',(-52.9925447678042,17.908075074964,51.5));
#11799=CARTESIAN_POINT('Ctrl Pts',(-52.9925447678042,17.908075074964,51.));
#11800=CARTESIAN_POINT('Ctrl Pts',(-53.2238832906523,17.9006602518107,51.5));
#11801=CARTESIAN_POINT('Ctrl Pts',(-53.2238832906523,17.9006602518107,51.));
#11802=CARTESIAN_POINT('Ctrl Pts',(-53.4244104103376,17.7867915118535,51.5));
#11803=CARTESIAN_POINT('Ctrl Pts',(-53.4244104103376,17.7867915118535,51.));
#11804=CARTESIAN_POINT('Ctrl Pts',(-53.514993339777,17.7353542596102,51.5));
#11805=CARTESIAN_POINT('Ctrl Pts',(-53.514993339777,17.7353542596102,51.));
#11806=CARTESIAN_POINT('',(-52.8657074272632,17.9121404439211,51.5));
#11807=CARTESIAN_POINT('Ctrl Pts',(-52.8657074272632,17.9121404439211,51.5));
#11808=CARTESIAN_POINT('Ctrl Pts',(-52.9925447678042,17.908075074964,51.5));
#11809=CARTESIAN_POINT('Ctrl Pts',(-53.2238832906523,17.9006602518107,51.5));
#11810=CARTESIAN_POINT('Ctrl Pts',(-53.4244104103376,17.7867915118535,51.5));
#11811=CARTESIAN_POINT('Ctrl Pts',(-53.514993339777,17.7353542596102,51.5));
#11812=CARTESIAN_POINT('',(-52.8657074272632,17.9121404439211,51.));
#11813=CARTESIAN_POINT('Ctrl Pts',(-52.8657074272632,17.9121404439211,51.));
#11814=CARTESIAN_POINT('Ctrl Pts',(-52.9925447678042,17.908075074964,51.));
#11815=CARTESIAN_POINT('Ctrl Pts',(-53.2238832906523,17.9006602518107,51.));
#11816=CARTESIAN_POINT('Ctrl Pts',(-53.4244104103376,17.7867915118535,51.));
#11817=CARTESIAN_POINT('Ctrl Pts',(-53.514993339777,17.7353542596102,51.));
#11818=CARTESIAN_POINT('',(-52.8657074272632,17.9121404439211,51.5));
#11819=CARTESIAN_POINT('Ctrl Pts',(-52.0557077229023,17.6324981003999,51.5));
#11820=CARTESIAN_POINT('Ctrl Pts',(-52.0557077229023,17.6324981003999,51.));
#11821=CARTESIAN_POINT('Ctrl Pts',(-52.1715909520231,17.714016517963,51.5));
#11822=CARTESIAN_POINT('Ctrl Pts',(-52.1715909520231,17.714016517963,51.));
#11823=CARTESIAN_POINT('Ctrl Pts',(-52.4141378401556,17.8846368799896,51.5));
#11824=CARTESIAN_POINT('Ctrl Pts',(-52.4141378401556,17.8846368799896,51.));
#11825=CARTESIAN_POINT('Ctrl Pts',(-52.7107891654642,17.9027049007862,51.5));
#11826=CARTESIAN_POINT('Ctrl Pts',(-52.7107891654642,17.9027049007862,51.));
#11827=CARTESIAN_POINT('Ctrl Pts',(-52.8657074272632,17.9121404439211,51.5));
#11828=CARTESIAN_POINT('Ctrl Pts',(-52.8657074272632,17.9121404439211,51.));
#11829=CARTESIAN_POINT('',(-52.0557077229023,17.6324981003999,51.5));
#11830=CARTESIAN_POINT('Ctrl Pts',(-52.0557077229023,17.6324981003999,51.5));
#11831=CARTESIAN_POINT('Ctrl Pts',(-52.1715909520231,17.714016517963,51.5));
#11832=CARTESIAN_POINT('Ctrl Pts',(-52.4141378401556,17.8846368799896,51.5));
#11833=CARTESIAN_POINT('Ctrl Pts',(-52.7107891654642,17.9027049007862,51.5));
#11834=CARTESIAN_POINT('Ctrl Pts',(-52.8657074272632,17.9121404439211,51.5));
#11835=CARTESIAN_POINT('',(-52.0557077229023,17.6324981003999,51.));
#11836=CARTESIAN_POINT('Ctrl Pts',(-52.0557077229023,17.6324981003999,51.));
#11837=CARTESIAN_POINT('Ctrl Pts',(-52.1715909520231,17.714016517963,51.));
#11838=CARTESIAN_POINT('Ctrl Pts',(-52.4141378401556,17.8846368799896,51.));
#11839=CARTESIAN_POINT('Ctrl Pts',(-52.7107891654642,17.9027049007862,51.));
#11840=CARTESIAN_POINT('Ctrl Pts',(-52.8657074272632,17.9121404439211,51.));
#11841=CARTESIAN_POINT('',(-52.0557077229023,17.6324981003999,51.5));
#11842=CARTESIAN_POINT('Ctrl Pts',(-51.5864224731922,16.9671409875154,51.5));
#11843=CARTESIAN_POINT('Ctrl Pts',(-51.5864224731922,16.9671409875154,51.));
#11844=CARTESIAN_POINT('Ctrl Pts',(-51.6447352686971,17.0914595528399,51.5));
#11845=CARTESIAN_POINT('Ctrl Pts',(-51.6447352686971,17.0914595528399,51.));
#11846=CARTESIAN_POINT('Ctrl Pts',(-51.76178272145,17.3409960615109,51.5));
#11847=CARTESIAN_POINT('Ctrl Pts',(-51.76178272145,17.3409960615109,51.));
#11848=CARTESIAN_POINT('Ctrl Pts',(-51.9574975909563,17.5350975609414,51.5));
#11849=CARTESIAN_POINT('Ctrl Pts',(-51.9574975909563,17.5350975609414,51.));
#11850=CARTESIAN_POINT('Ctrl Pts',(-52.0557077229023,17.6324981003999,51.5));
#11851=CARTESIAN_POINT('Ctrl Pts',(-52.0557077229023,17.6324981003999,51.));
#11852=CARTESIAN_POINT('',(-51.5864224731922,16.9671409875154,51.5));
#11853=CARTESIAN_POINT('Ctrl Pts',(-51.5864224731922,16.9671409875154,51.5));
#11854=CARTESIAN_POINT('Ctrl Pts',(-51.6447352686971,17.0914595528399,51.5));
#11855=CARTESIAN_POINT('Ctrl Pts',(-51.76178272145,17.3409960615109,51.5));
#11856=CARTESIAN_POINT('Ctrl Pts',(-51.9574975909563,17.5350975609414,51.5));
#11857=CARTESIAN_POINT('Ctrl Pts',(-52.0557077229023,17.6324981003999,51.5));
#11858=CARTESIAN_POINT('',(-51.5864224731922,16.9671409875154,51.));
#11859=CARTESIAN_POINT('Ctrl Pts',(-51.5864224731922,16.9671409875154,51.));
#11860=CARTESIAN_POINT('Ctrl Pts',(-51.6447352686971,17.0914595528399,51.));
#11861=CARTESIAN_POINT('Ctrl Pts',(-51.76178272145,17.3409960615109,51.));
#11862=CARTESIAN_POINT('Ctrl Pts',(-51.9574975909563,17.5350975609414,51.));
#11863=CARTESIAN_POINT('Ctrl Pts',(-52.0557077229023,17.6324981003999,51.));
#11864=CARTESIAN_POINT('',(-51.5864224731922,16.9671409875154,51.5));
#11865=CARTESIAN_POINT('Origin',(-49.9407072365284,17.5135689526796,51.5));
#11866=CARTESIAN_POINT('',(-49.9407072365284,17.5135689526796,51.5));
#11867=CARTESIAN_POINT('',(-49.9407072365284,17.5135689526796,51.5));
#11868=CARTESIAN_POINT('',(-49.9407072365284,17.5135689526796,51.));
#11869=CARTESIAN_POINT('',(-49.9407072365284,17.5135689526796,51.));
#11870=CARTESIAN_POINT('',(-49.9407072365284,17.5135689526796,51.5));
#11871=CARTESIAN_POINT('Ctrl Pts',(-50.6221361458301,18.7799971848726,51.5));
#11872=CARTESIAN_POINT('Ctrl Pts',(-50.6221361458301,18.7799971848726,51.));
#11873=CARTESIAN_POINT('Ctrl Pts',(-50.476055776847,18.5893685918274,51.5));
#11874=CARTESIAN_POINT('Ctrl Pts',(-50.476055776847,18.5893685918274,51.));
#11875=CARTESIAN_POINT('Ctrl Pts',(-50.1807476463394,18.2040041939599,51.5));
#11876=CARTESIAN_POINT('Ctrl Pts',(-50.1807476463394,18.2040041939599,51.));
#11877=CARTESIAN_POINT('Ctrl Pts',(-50.0212872159486,17.7453435008783,51.5));
#11878=CARTESIAN_POINT('Ctrl Pts',(-50.0212872159486,17.7453435008783,51.));
#11879=CARTESIAN_POINT('Ctrl Pts',(-49.9407072365284,17.5135689526796,51.5));
#11880=CARTESIAN_POINT('Ctrl Pts',(-49.9407072365284,17.5135689526796,51.));
#11881=CARTESIAN_POINT('',(-50.6221361458301,18.7799971848726,51.5));
#11882=CARTESIAN_POINT('Ctrl Pts',(-50.6221361458301,18.7799971848726,51.5));
#11883=CARTESIAN_POINT('Ctrl Pts',(-50.476055776847,18.5893685918274,51.5));
#11884=CARTESIAN_POINT('Ctrl Pts',(-50.1807476463394,18.2040041939599,51.5));
#11885=CARTESIAN_POINT('Ctrl Pts',(-50.0212872159486,17.7453435008783,51.5));
#11886=CARTESIAN_POINT('Ctrl Pts',(-49.9407072365284,17.5135689526796,51.5));
#11887=CARTESIAN_POINT('',(-50.6221361458301,18.7799971848726,51.));
#11888=CARTESIAN_POINT('Ctrl Pts',(-50.6221361458301,18.7799971848726,51.));
#11889=CARTESIAN_POINT('Ctrl Pts',(-50.476055776847,18.5893685918274,51.));
#11890=CARTESIAN_POINT('Ctrl Pts',(-50.1807476463394,18.2040041939599,51.));
#11891=CARTESIAN_POINT('Ctrl Pts',(-50.0212872159486,17.7453435008783,51.));
#11892=CARTESIAN_POINT('Ctrl Pts',(-49.9407072365284,17.5135689526796,51.));
#11893=CARTESIAN_POINT('',(-50.6221361458301,18.7799971848726,51.5));
#11894=CARTESIAN_POINT('Ctrl Pts',(-51.8757076561451,19.5385688096285,51.5));
#11895=CARTESIAN_POINT('Ctrl Pts',(-51.8757076561451,19.5385688096285,51.));
#11896=CARTESIAN_POINT('Ctrl Pts',(-51.6301140806809,19.4570183227361,51.5));
#11897=CARTESIAN_POINT('Ctrl Pts',(-51.6301140806809,19.4570183227361,51.));
#11898=CARTESIAN_POINT('Ctrl Pts',(-51.1542274810989,19.2989979680583,51.5));
#11899=CARTESIAN_POINT('Ctrl Pts',(-51.1542274810989,19.2989979680583,51.));
#11900=CARTESIAN_POINT('Ctrl Pts',(-50.7956570441874,18.9492491087007,51.5));
#11901=CARTESIAN_POINT('Ctrl Pts',(-50.7956570441874,18.9492491087007,51.));
#11902=CARTESIAN_POINT('Ctrl Pts',(-50.6221361458301,18.7799971848726,51.5));
#11903=CARTESIAN_POINT('Ctrl Pts',(-50.6221361458301,18.7799971848726,51.));
#11904=CARTESIAN_POINT('',(-51.8757076561451,19.5385688096285,51.5));
#11905=CARTESIAN_POINT('Ctrl Pts',(-51.8757076561451,19.5385688096285,51.5));
#11906=CARTESIAN_POINT('Ctrl Pts',(-51.6301140806809,19.4570183227361,51.5));
#11907=CARTESIAN_POINT('Ctrl Pts',(-51.1542274810989,19.2989979680583,51.5));
#11908=CARTESIAN_POINT('Ctrl Pts',(-50.7956570441874,18.9492491087007,51.5));
#11909=CARTESIAN_POINT('Ctrl Pts',(-50.6221361458301,18.7799971848726,51.5));
#11910=CARTESIAN_POINT('',(-51.8757076561451,19.5385688096285,51.));
#11911=CARTESIAN_POINT('Ctrl Pts',(-51.8757076561451,19.5385688096285,51.));
#11912=CARTESIAN_POINT('Ctrl Pts',(-51.6301140806809,19.4570183227361,51.));
#11913=CARTESIAN_POINT('Ctrl Pts',(-51.1542274810989,19.2989979680583,51.));
#11914=CARTESIAN_POINT('Ctrl Pts',(-50.7956570441874,18.9492491087007,51.));
#11915=CARTESIAN_POINT('Ctrl Pts',(-50.6221361458301,18.7799971848726,51.));
#11916=CARTESIAN_POINT('',(-51.8757076561451,19.5385688096285,51.5));
#11917=CARTESIAN_POINT('Origin',(-51.8757076561451,20.5735688954592,51.5));
#11918=CARTESIAN_POINT('',(-51.8757076561451,20.5735688954592,51.5));
#11919=CARTESIAN_POINT('',(-51.8757076561451,20.5735688954592,51.5));
#11920=CARTESIAN_POINT('',(-51.8757076561451,20.5735688954592,51.));
#11921=CARTESIAN_POINT('',(-51.8757076561451,20.5735688954592,51.));
#11922=CARTESIAN_POINT('',(-51.8757076561451,20.5735688954592,51.5));
#11923=CARTESIAN_POINT('Origin',(-53.6628504097462,20.5735688954592,51.5));
#11924=CARTESIAN_POINT('',(-53.6628504097462,20.5735688954592,51.5));
#11925=CARTESIAN_POINT('',(-53.6628504097462,20.5735688954592,51.5));
#11926=CARTESIAN_POINT('',(-53.6628504097462,20.5735688954592,51.));
#11927=CARTESIAN_POINT('',(-53.6628504097462,20.5735688954592,51.));
#11928=CARTESIAN_POINT('',(-53.6628504097462,20.5735688954592,51.5));
#11929=CARTESIAN_POINT('Origin',(-53.6628504097462,19.5514255315065,51.5));
#11930=CARTESIAN_POINT('',(-53.6628504097462,19.5514255315065,51.5));
#11931=CARTESIAN_POINT('',(-53.6628504097462,19.5514255315065,51.5));
#11932=CARTESIAN_POINT('',(-53.6628504097462,19.5514255315065,51.));
#11933=CARTESIAN_POINT('',(-53.6628504097462,19.5514255315065,51.));
#11934=CARTESIAN_POINT('',(-53.6628504097462,19.5514255315065,51.5));
#11935=CARTESIAN_POINT('Ctrl Pts',(-55.1285643875599,18.6932116299867,51.5));
#11936=CARTESIAN_POINT('Ctrl Pts',(-55.1285643875599,18.6932116299867,51.));
#11937=CARTESIAN_POINT('Ctrl Pts',(-54.9339665392619,18.8949806917344,51.5));
#11938=CARTESIAN_POINT('Ctrl Pts',(-54.9339665392619,18.8949806917344,51.));
#11939=CARTESIAN_POINT('Ctrl Pts',(-54.5266688142666,19.3172879296771,51.5));
#11940=CARTESIAN_POINT('Ctrl Pts',(-54.5266688142666,19.3172879296771,51.));
#11941=CARTESIAN_POINT('Ctrl Pts',(-53.9591968272626,19.4711009642769,51.5));
#11942=CARTESIAN_POINT('Ctrl Pts',(-53.9591968272626,19.4711009642769,51.));
#11943=CARTESIAN_POINT('Ctrl Pts',(-53.6628504097462,19.5514255315065,51.5));
#11944=CARTESIAN_POINT('Ctrl Pts',(-53.6628504097462,19.5514255315065,51.));
#11945=CARTESIAN_POINT('',(-55.1285643875599,18.6932116299867,51.5));
#11946=CARTESIAN_POINT('Ctrl Pts',(-55.1285643875599,18.6932116299867,51.5));
#11947=CARTESIAN_POINT('Ctrl Pts',(-54.9339665392619,18.8949806917344,51.5));
#11948=CARTESIAN_POINT('Ctrl Pts',(-54.5266688142666,19.3172879296771,51.5));
#11949=CARTESIAN_POINT('Ctrl Pts',(-53.9591968272626,19.4711009642769,51.5));
#11950=CARTESIAN_POINT('Ctrl Pts',(-53.6628504097462,19.5514255315065,51.5));
#11951=CARTESIAN_POINT('',(-55.1285643875599,18.6932116299867,51.));
#11952=CARTESIAN_POINT('Ctrl Pts',(-55.1285643875599,18.6932116299867,51.));
#11953=CARTESIAN_POINT('Ctrl Pts',(-54.9339665392619,18.8949806917344,51.));
#11954=CARTESIAN_POINT('Ctrl Pts',(-54.5266688142666,19.3172879296771,51.));
#11955=CARTESIAN_POINT('Ctrl Pts',(-53.9591968272626,19.4711009642769,51.));
#11956=CARTESIAN_POINT('Ctrl Pts',(-53.6628504097462,19.5514255315065,51.));
#11957=CARTESIAN_POINT('',(-55.1285643875599,18.6932116299867,51.5));
#11958=CARTESIAN_POINT('Ctrl Pts',(-55.6364215910435,17.2242837697267,51.5));
#11959=CARTESIAN_POINT('Ctrl Pts',(-55.6364215910435,17.2242837697267,51.));
#11960=CARTESIAN_POINT('Ctrl Pts',(-55.6146543904144,17.4887723049721,51.5));
#11961=CARTESIAN_POINT('Ctrl Pts',(-55.6146543904144,17.4887723049721,51.));
#11962=CARTESIAN_POINT('Ctrl Pts',(-55.5708023934099,18.0216084125161,51.5));
#11963=CARTESIAN_POINT('Ctrl Pts',(-55.5708023934099,18.0216084125161,51.));
#11964=CARTESIAN_POINT('Ctrl Pts',(-55.2766870942922,18.4682655939023,51.5));
#11965=CARTESIAN_POINT('Ctrl Pts',(-55.2766870942922,18.4682655939023,51.));
#11966=CARTESIAN_POINT('Ctrl Pts',(-55.1285643875599,18.6932116299867,51.5));
#11967=CARTESIAN_POINT('Ctrl Pts',(-55.1285643875599,18.6932116299867,51.));
#11968=CARTESIAN_POINT('',(-55.6364215910435,17.2242837697267,51.5));
#11969=CARTESIAN_POINT('Ctrl Pts',(-55.6364215910435,17.2242837697267,51.5));
#11970=CARTESIAN_POINT('Ctrl Pts',(-55.6146543904144,17.4887723049721,51.5));
#11971=CARTESIAN_POINT('Ctrl Pts',(-55.5708023934099,18.0216084125161,51.5));
#11972=CARTESIAN_POINT('Ctrl Pts',(-55.2766870942922,18.4682655939023,51.5));
#11973=CARTESIAN_POINT('Ctrl Pts',(-55.1285643875599,18.6932116299867,51.5));
#11974=CARTESIAN_POINT('',(-55.6364215910435,17.2242837697267,51.));
#11975=CARTESIAN_POINT('Ctrl Pts',(-55.6364215910435,17.2242837697267,51.));
#11976=CARTESIAN_POINT('Ctrl Pts',(-55.6146543904144,17.4887723049721,51.));
#11977=CARTESIAN_POINT('Ctrl Pts',(-55.5708023934099,18.0216084125161,51.));
#11978=CARTESIAN_POINT('Ctrl Pts',(-55.2766870942922,18.4682655939023,51.));
#11979=CARTESIAN_POINT('Ctrl Pts',(-55.1285643875599,18.6932116299867,51.));
#11980=CARTESIAN_POINT('',(-55.6364215910435,17.2242837697267,51.5));
#11981=CARTESIAN_POINT('Ctrl Pts',(-55.4146356880665,16.1153548508882,51.5));
#11982=CARTESIAN_POINT('Ctrl Pts',(-55.4146356880665,16.1153548508882,51.));
#11983=CARTESIAN_POINT('Ctrl Pts',(-55.479244163003,16.2813955078033,51.5));
#11984=CARTESIAN_POINT('Ctrl Pts',(-55.479244163003,16.2813955078033,51.));
#11985=CARTESIAN_POINT('Ctrl Pts',(-55.6178414793138,16.6375839098595,51.5));
#11986=CARTESIAN_POINT('Ctrl Pts',(-55.6178414793138,16.6375839098595,51.));
#11987=CARTESIAN_POINT('Ctrl Pts',(-55.6299549379252,17.020087770614,51.5));
#11988=CARTESIAN_POINT('Ctrl Pts',(-55.6299549379252,17.020087770614,51.));
#11989=CARTESIAN_POINT('Ctrl Pts',(-55.6364215910435,17.2242837697267,51.5));
#11990=CARTESIAN_POINT('Ctrl Pts',(-55.6364215910435,17.2242837697267,51.));
#11991=CARTESIAN_POINT('',(-55.4146356880665,16.1153548508882,51.5));
#11992=CARTESIAN_POINT('Ctrl Pts',(-55.4146356880665,16.1153548508882,51.5));
#11993=CARTESIAN_POINT('Ctrl Pts',(-55.479244163003,16.2813955078033,51.5));
#11994=CARTESIAN_POINT('Ctrl Pts',(-55.6178414793138,16.6375839098595,51.5));
#11995=CARTESIAN_POINT('Ctrl Pts',(-55.6299549379252,17.020087770614,51.5));
#11996=CARTESIAN_POINT('Ctrl Pts',(-55.6364215910435,17.2242837697267,51.5));
#11997=CARTESIAN_POINT('',(-55.4146356880665,16.1153548508882,51.));
#11998=CARTESIAN_POINT('Ctrl Pts',(-55.4146356880665,16.1153548508882,51.));
#11999=CARTESIAN_POINT('Ctrl Pts',(-55.479244163003,16.2813955078033,51.));
#12000=CARTESIAN_POINT('Ctrl Pts',(-55.6178414793138,16.6375839098595,51.));
#12001=CARTESIAN_POINT('Ctrl Pts',(-55.6299549379252,17.020087770614,51.));
#12002=CARTESIAN_POINT('Ctrl Pts',(-55.6364215910435,17.2242837697267,51.));
#12003=CARTESIAN_POINT('',(-55.4146356880665,16.1153548508882,51.5));
#12004=CARTESIAN_POINT('Ctrl Pts',(-54.8232074081898,15.3599983006716,51.5));
#12005=CARTESIAN_POINT('Ctrl Pts',(-54.8232074081898,15.3599983006716,51.));
#12006=CARTESIAN_POINT('Ctrl Pts',(-54.9407727786061,15.4680602695386,51.5));
#12007=CARTESIAN_POINT('Ctrl Pts',(-54.9407727786061,15.4680602695386,51.));
#12008=CARTESIAN_POINT('Ctrl Pts',(-55.1793187485396,15.6873233661889,51.5));
#12009=CARTESIAN_POINT('Ctrl Pts',(-55.1793187485396,15.6873233661889,51.));
#12010=CARTESIAN_POINT('Ctrl Pts',(-55.3354515975443,15.9713223647488,51.5));
#12011=CARTESIAN_POINT('Ctrl Pts',(-55.3354515975443,15.9713223647488,51.));
#12012=CARTESIAN_POINT('Ctrl Pts',(-55.4146356880665,16.1153548508882,51.5));
#12013=CARTESIAN_POINT('Ctrl Pts',(-55.4146356880665,16.1153548508882,51.));
#12014=CARTESIAN_POINT('',(-54.8232074081898,15.3599983006716,51.5));
#12015=CARTESIAN_POINT('Ctrl Pts',(-54.8232074081898,15.3599983006716,51.5));
#12016=CARTESIAN_POINT('Ctrl Pts',(-54.9407727786061,15.4680602695386,51.5));
#12017=CARTESIAN_POINT('Ctrl Pts',(-55.1793187485396,15.6873233661889,51.5));
#12018=CARTESIAN_POINT('Ctrl Pts',(-55.3354515975443,15.9713223647488,51.5));
#12019=CARTESIAN_POINT('Ctrl Pts',(-55.4146356880665,16.1153548508882,51.5));
#12020=CARTESIAN_POINT('',(-54.8232074081898,15.3599983006716,51.));
#12021=CARTESIAN_POINT('Ctrl Pts',(-54.8232074081898,15.3599983006716,51.));
#12022=CARTESIAN_POINT('Ctrl Pts',(-54.9407727786061,15.4680602695386,51.));
#12023=CARTESIAN_POINT('Ctrl Pts',(-55.1793187485396,15.6873233661889,51.));
#12024=CARTESIAN_POINT('Ctrl Pts',(-55.3354515975443,15.9713223647488,51.));
#12025=CARTESIAN_POINT('Ctrl Pts',(-55.4146356880665,16.1153548508882,51.));
#12026=CARTESIAN_POINT('',(-54.8232074081898,15.3599983006716,51.5));
#12027=CARTESIAN_POINT('Ctrl Pts',(-54.003564864397,14.8457127362489,51.5));
#12028=CARTESIAN_POINT('Ctrl Pts',(-54.003564864397,14.8457127362489,51.));
#12029=CARTESIAN_POINT('Ctrl Pts',(-54.1495605825369,14.9196424749844,51.5));
#12030=CARTESIAN_POINT('Ctrl Pts',(-54.1495605825369,14.9196424749844,51.));
#12031=CARTESIAN_POINT('Ctrl Pts',(-54.4385419695316,15.065977714895,51.5));
#12032=CARTESIAN_POINT('Ctrl Pts',(-54.4385419695316,15.065977714895,51.));
#12033=CARTESIAN_POINT('Ctrl Pts',(-54.6958790754221,15.2626743738928,51.5));
#12034=CARTESIAN_POINT('Ctrl Pts',(-54.6958790754221,15.2626743738928,51.));
#12035=CARTESIAN_POINT('Ctrl Pts',(-54.8232074081898,15.3599983006716,51.5));
#12036=CARTESIAN_POINT('Ctrl Pts',(-54.8232074081898,15.3599983006716,51.));
#12037=CARTESIAN_POINT('',(-54.003564864397,14.8457127362489,51.5));
#12038=CARTESIAN_POINT('Ctrl Pts',(-54.003564864397,14.8457127362489,51.5));
#12039=CARTESIAN_POINT('Ctrl Pts',(-54.1495605825369,14.9196424749844,51.5));
#12040=CARTESIAN_POINT('Ctrl Pts',(-54.4385419695316,15.065977714895,51.5));
#12041=CARTESIAN_POINT('Ctrl Pts',(-54.6958790754221,15.2626743738928,51.5));
#12042=CARTESIAN_POINT('Ctrl Pts',(-54.8232074081898,15.3599983006716,51.5));
#12043=CARTESIAN_POINT('',(-54.003564864397,14.8457127362489,51.));
#12044=CARTESIAN_POINT('Ctrl Pts',(-54.003564864397,14.8457127362489,51.));
#12045=CARTESIAN_POINT('Ctrl Pts',(-54.1495605825369,14.9196424749844,51.));
#12046=CARTESIAN_POINT('Ctrl Pts',(-54.4385419695316,15.065977714895,51.));
#12047=CARTESIAN_POINT('Ctrl Pts',(-54.6958790754221,15.2626743738928,51.));
#12048=CARTESIAN_POINT('Ctrl Pts',(-54.8232074081898,15.3599983006716,51.));
#12049=CARTESIAN_POINT('',(-54.003564864397,14.8457127362489,51.5));
#12050=CARTESIAN_POINT('Ctrl Pts',(-53.0971355736256,14.4471412450075,51.5));
#12051=CARTESIAN_POINT('Ctrl Pts',(-53.0971355736256,14.4471412450075,51.));
#12052=CARTESIAN_POINT('Ctrl Pts',(-53.2491789761046,14.5104347414593,51.5));
#12053=CARTESIAN_POINT('Ctrl Pts',(-53.2491789761046,14.5104347414593,51.));
#12054=CARTESIAN_POINT('Ctrl Pts',(-53.5539531364976,14.6373078706114,51.5));
#12055=CARTESIAN_POINT('Ctrl Pts',(-53.5539531364976,14.6373078706114,51.));
#12056=CARTESIAN_POINT('Ctrl Pts',(-53.8534691228623,14.7761400785395,51.5));
#12057=CARTESIAN_POINT('Ctrl Pts',(-53.8534691228623,14.7761400785395,51.));
#12058=CARTESIAN_POINT('Ctrl Pts',(-54.003564864397,14.8457127362489,51.5));
#12059=CARTESIAN_POINT('Ctrl Pts',(-54.003564864397,14.8457127362489,51.));
#12060=CARTESIAN_POINT('',(-53.0971355736256,14.4471412450075,51.5));
#12061=CARTESIAN_POINT('Ctrl Pts',(-53.0971355736256,14.4471412450075,51.5));
#12062=CARTESIAN_POINT('Ctrl Pts',(-53.2491789761046,14.5104347414593,51.5));
#12063=CARTESIAN_POINT('Ctrl Pts',(-53.5539531364976,14.6373078706114,51.5));
#12064=CARTESIAN_POINT('Ctrl Pts',(-53.8534691228623,14.7761400785395,51.5));
#12065=CARTESIAN_POINT('Ctrl Pts',(-54.003564864397,14.8457127362489,51.5));
#12066=CARTESIAN_POINT('',(-53.0971355736256,14.4471412450075,51.));
#12067=CARTESIAN_POINT('Ctrl Pts',(-53.0971355736256,14.4471412450075,51.));
#12068=CARTESIAN_POINT('Ctrl Pts',(-53.2491789761046,14.5104347414593,51.));
#12069=CARTESIAN_POINT('Ctrl Pts',(-53.5539531364976,14.6373078706114,51.));
#12070=CARTESIAN_POINT('Ctrl Pts',(-53.8534691228623,14.7761400785395,51.));
#12071=CARTESIAN_POINT('Ctrl Pts',(-54.003564864397,14.8457127362489,51.));
#12072=CARTESIAN_POINT('',(-53.0971355736256,14.4471412450075,51.5));
#12073=CARTESIAN_POINT('Ctrl Pts',(-52.2903509438038,14.0935700684786,51.5));
#12074=CARTESIAN_POINT('Ctrl Pts',(-52.2903509438038,14.0935700684786,51.));
#12075=CARTESIAN_POINT('Ctrl Pts',(-52.4163863610787,14.1545380138086,51.5));
#12076=CARTESIAN_POINT('Ctrl Pts',(-52.4163863610787,14.1545380138086,51.));
#12077=CARTESIAN_POINT('Ctrl Pts',(-52.6808796081643,14.2824830801807,51.5));
#12078=CARTESIAN_POINT('Ctrl Pts',(-52.6808796081643,14.2824830801807,51.));
#12079=CARTESIAN_POINT('Ctrl Pts',(-52.9541060573194,14.3905631305174,51.5));
#12080=CARTESIAN_POINT('Ctrl Pts',(-52.9541060573194,14.3905631305174,51.));
#12081=CARTESIAN_POINT('Ctrl Pts',(-53.0971355736256,14.4471412450075,51.5));
#12082=CARTESIAN_POINT('Ctrl Pts',(-53.0971355736256,14.4471412450075,51.));
#12083=CARTESIAN_POINT('',(-52.2903509438038,14.0935700684786,51.5));
#12084=CARTESIAN_POINT('Ctrl Pts',(-52.2903509438038,14.0935700684786,51.5));
#12085=CARTESIAN_POINT('Ctrl Pts',(-52.4163863610787,14.1545380138086,51.5));
#12086=CARTESIAN_POINT('Ctrl Pts',(-52.6808796081643,14.2824830801807,51.5));
#12087=CARTESIAN_POINT('Ctrl Pts',(-52.9541060573194,14.3905631305174,51.5));
#12088=CARTESIAN_POINT('Ctrl Pts',(-53.0971355736256,14.4471412450075,51.5));
#12089=CARTESIAN_POINT('',(-52.2903509438038,14.0935700684786,51.));
#12090=CARTESIAN_POINT('Ctrl Pts',(-52.2903509438038,14.0935700684786,51.));
#12091=CARTESIAN_POINT('Ctrl Pts',(-52.4163863610787,14.1545380138086,51.));
#12092=CARTESIAN_POINT('Ctrl Pts',(-52.6808796081643,14.2824830801807,51.));
#12093=CARTESIAN_POINT('Ctrl Pts',(-52.9541060573194,14.3905631305174,51.));
#12094=CARTESIAN_POINT('Ctrl Pts',(-53.0971355736256,14.4471412450075,51.));
#12095=CARTESIAN_POINT('',(-52.2903509438038,14.0935700684786,51.5));
#12096=CARTESIAN_POINT('Ctrl Pts',(-51.7278499901295,13.6789267808199,51.5));
#12097=CARTESIAN_POINT('Ctrl Pts',(-51.7278499901295,13.6789267808199,51.));
#12098=CARTESIAN_POINT('Ctrl Pts',(-51.8060761611586,13.7565187841675,51.5));
#12099=CARTESIAN_POINT('Ctrl Pts',(-51.8060761611586,13.7565187841675,51.));
#12100=CARTESIAN_POINT('Ctrl Pts',(-51.9730882847109,13.9221769658129,51.5));
#12101=CARTESIAN_POINT('Ctrl Pts',(-51.9730882847109,13.9221769658129,51.));
#12102=CARTESIAN_POINT('Ctrl Pts',(-52.1802310092844,14.0340805675818,51.5));
#12103=CARTESIAN_POINT('Ctrl Pts',(-52.1802310092844,14.0340805675818,51.));
#12104=CARTESIAN_POINT('Ctrl Pts',(-52.2903509438038,14.0935700684786,51.5));
#12105=CARTESIAN_POINT('Ctrl Pts',(-52.2903509438038,14.0935700684786,51.));
#12106=CARTESIAN_POINT('',(-51.7278499901295,13.6789267808199,51.5));
#12107=CARTESIAN_POINT('Ctrl Pts',(-51.7278499901295,13.6789267808199,51.5));
#12108=CARTESIAN_POINT('Ctrl Pts',(-51.8060761611586,13.7565187841675,51.5));
#12109=CARTESIAN_POINT('Ctrl Pts',(-51.9730882847109,13.9221769658129,51.5));
#12110=CARTESIAN_POINT('Ctrl Pts',(-52.1802310092844,14.0340805675818,51.5));
#12111=CARTESIAN_POINT('Ctrl Pts',(-52.2903509438038,14.0935700684786,51.5));
#12112=CARTESIAN_POINT('',(-51.7278499901295,13.6789267808199,51.));
#12113=CARTESIAN_POINT('Ctrl Pts',(-51.7278499901295,13.6789267808199,51.));
#12114=CARTESIAN_POINT('Ctrl Pts',(-51.8060761611586,13.7565187841675,51.));
#12115=CARTESIAN_POINT('Ctrl Pts',(-51.9730882847109,13.9221769658129,51.));
#12116=CARTESIAN_POINT('Ctrl Pts',(-52.1802310092844,14.0340805675818,51.));
#12117=CARTESIAN_POINT('Ctrl Pts',(-52.2903509438038,14.0935700684786,51.));
#12118=CARTESIAN_POINT('',(-51.7278499901295,13.6789267808199,51.5));
#12119=CARTESIAN_POINT('Ctrl Pts',(-51.5221364796162,13.0907123833895,51.5));
#12120=CARTESIAN_POINT('Ctrl Pts',(-51.5221364796162,13.0907123833895,51.));
#12121=CARTESIAN_POINT('Ctrl Pts',(-51.529466107252,13.2021618227725,51.5));
#12122=CARTESIAN_POINT('Ctrl Pts',(-51.529466107252,13.2021618227725,51.));
#12123=CARTESIAN_POINT('Ctrl Pts',(-51.5436381551622,13.4176525506729,51.5));
#12124=CARTESIAN_POINT('Ctrl Pts',(-51.5436381551622,13.4176525506729,51.));
#12125=CARTESIAN_POINT('Ctrl Pts',(-51.6678696573759,13.5938545308913,51.5));
#12126=CARTESIAN_POINT('Ctrl Pts',(-51.6678696573759,13.5938545308913,51.));
#12127=CARTESIAN_POINT('Ctrl Pts',(-51.7278499901295,13.6789267808199,51.5));
#12128=CARTESIAN_POINT('Ctrl Pts',(-51.7278499901295,13.6789267808199,51.));
#12129=CARTESIAN_POINT('',(-51.5221364796162,13.0907123833895,51.5));
#12130=CARTESIAN_POINT('Ctrl Pts',(-51.5221364796162,13.0907123833895,51.5));
#12131=CARTESIAN_POINT('Ctrl Pts',(-51.529466107252,13.2021618227725,51.5));
#12132=CARTESIAN_POINT('Ctrl Pts',(-51.5436381551622,13.4176525506729,51.5));
#12133=CARTESIAN_POINT('Ctrl Pts',(-51.6678696573759,13.5938545308913,51.5));
#12134=CARTESIAN_POINT('Ctrl Pts',(-51.7278499901295,13.6789267808199,51.5));
#12135=CARTESIAN_POINT('',(-51.5221364796162,13.0907123833895,51.));
#12136=CARTESIAN_POINT('Ctrl Pts',(-51.5221364796162,13.0907123833895,51.));
#12137=CARTESIAN_POINT('Ctrl Pts',(-51.529466107252,13.2021618227725,51.));
#12138=CARTESIAN_POINT('Ctrl Pts',(-51.5436381551622,13.4176525506729,51.));
#12139=CARTESIAN_POINT('Ctrl Pts',(-51.6678696573759,13.5938545308913,51.));
#12140=CARTESIAN_POINT('Ctrl Pts',(-51.7278499901295,13.6789267808199,51.));
#12141=CARTESIAN_POINT('',(-51.5221364796162,13.0907123833895,51.5));
#12142=CARTESIAN_POINT('Ctrl Pts',(-51.8307085335255,12.3546403199434,51.5));
#12143=CARTESIAN_POINT('Ctrl Pts',(-51.8307085335255,12.3546403199434,51.));
#12144=CARTESIAN_POINT('Ctrl Pts',(-51.7407628623718,12.4538402382702,51.5));
#12145=CARTESIAN_POINT('Ctrl Pts',(-51.7407628623718,12.4538402382702,51.));
#12146=CARTESIAN_POINT('Ctrl Pts',(-51.5519643618492,12.6620636646102,51.5));
#12147=CARTESIAN_POINT('Ctrl Pts',(-51.5519643618492,12.6620636646102,51.));
#12148=CARTESIAN_POINT('Ctrl Pts',(-51.5323869816873,12.9434050906587,51.5));
#12149=CARTESIAN_POINT('Ctrl Pts',(-51.5323869816873,12.9434050906587,51.));
#12150=CARTESIAN_POINT('Ctrl Pts',(-51.5221364796162,13.0907123833895,51.5));
#12151=CARTESIAN_POINT('Ctrl Pts',(-51.5221364796162,13.0907123833895,51.));
#12152=CARTESIAN_POINT('',(-51.8307085335255,12.3546403199434,51.5));
#12153=CARTESIAN_POINT('Ctrl Pts',(-51.8307085335255,12.3546403199434,51.5));
#12154=CARTESIAN_POINT('Ctrl Pts',(-51.7407628623718,12.4538402382702,51.5));
#12155=CARTESIAN_POINT('Ctrl Pts',(-51.5519643618492,12.6620636646102,51.5));
#12156=CARTESIAN_POINT('Ctrl Pts',(-51.5323869816873,12.9434050906587,51.5));
#12157=CARTESIAN_POINT('Ctrl Pts',(-51.5221364796162,13.0907123833895,51.5));
#12158=CARTESIAN_POINT('',(-51.8307085335255,12.3546403199434,51.));
#12159=CARTESIAN_POINT('Ctrl Pts',(-51.8307085335255,12.3546403199434,51.));
#12160=CARTESIAN_POINT('Ctrl Pts',(-51.7407628623718,12.4538402382702,51.));
#12161=CARTESIAN_POINT('Ctrl Pts',(-51.5519643618492,12.6620636646102,51.));
#12162=CARTESIAN_POINT('Ctrl Pts',(-51.5323869816873,12.9434050906587,51.));
#12163=CARTESIAN_POINT('Ctrl Pts',(-51.5221364796162,13.0907123833895,51.));
#12164=CARTESIAN_POINT('',(-51.8307085335255,12.3546403199434,51.5));
#12165=CARTESIAN_POINT('Ctrl Pts',(-52.6535649597645,12.0942848473787,51.5));
#12166=CARTESIAN_POINT('Ctrl Pts',(-52.6535649597645,12.0942848473787,51.));
#12167=CARTESIAN_POINT('Ctrl Pts',(-52.4946608219085,12.1019662128506,51.5));
#12168=CARTESIAN_POINT('Ctrl Pts',(-52.4946608219085,12.1019662128506,51.));
#12169=CARTESIAN_POINT('Ctrl Pts',(-52.196523917983,12.1163780371783,51.5));
#12170=CARTESIAN_POINT('Ctrl Pts',(-52.196523917983,12.1163780371783,51.));
#12171=CARTESIAN_POINT('Ctrl Pts',(-51.9471626256654,12.2787916295671,51.5));
#12172=CARTESIAN_POINT('Ctrl Pts',(-51.9471626256654,12.2787916295671,51.));
#12173=CARTESIAN_POINT('Ctrl Pts',(-51.8307085335255,12.3546403199434,51.5));
#12174=CARTESIAN_POINT('Ctrl Pts',(-51.8307085335255,12.3546403199434,51.));
#12175=CARTESIAN_POINT('',(-52.6535649597645,12.0942848473787,51.5));
#12176=CARTESIAN_POINT('Ctrl Pts',(-52.6535649597645,12.0942848473787,51.5));
#12177=CARTESIAN_POINT('Ctrl Pts',(-52.4946608219085,12.1019662128506,51.5));
#12178=CARTESIAN_POINT('Ctrl Pts',(-52.196523917983,12.1163780371783,51.5));
#12179=CARTESIAN_POINT('Ctrl Pts',(-51.9471626256654,12.2787916295671,51.5));
#12180=CARTESIAN_POINT('Ctrl Pts',(-51.8307085335255,12.3546403199434,51.5));
#12181=CARTESIAN_POINT('',(-52.6535649597645,12.0942848473787,51.));
#12182=CARTESIAN_POINT('Ctrl Pts',(-52.6535649597645,12.0942848473787,51.));
#12183=CARTESIAN_POINT('Ctrl Pts',(-52.4946608219085,12.1019662128506,51.));
#12184=CARTESIAN_POINT('Ctrl Pts',(-52.196523917983,12.1163780371783,51.));
#12185=CARTESIAN_POINT('Ctrl Pts',(-51.9471626256654,12.2787916295671,51.));
#12186=CARTESIAN_POINT('Ctrl Pts',(-51.8307085335255,12.3546403199434,51.));
#12187=CARTESIAN_POINT('',(-52.6535649597645,12.0942848473787,51.5));
#12188=CARTESIAN_POINT('Ctrl Pts',(-53.6307074129581,12.4864261895418,51.5));
#12189=CARTESIAN_POINT('Ctrl Pts',(-53.6307074129581,12.4864261895418,51.));
#12190=CARTESIAN_POINT('Ctrl Pts',(-53.4817940123402,12.3720792849837,51.5));
#12191=CARTESIAN_POINT('Ctrl Pts',(-53.4817940123402,12.3720792849837,51.));
#12192=CARTESIAN_POINT('Ctrl Pts',(-53.1922679357841,12.1497593963392,51.5));
#12193=CARTESIAN_POINT('Ctrl Pts',(-53.1922679357841,12.1497593963392,51.));
#12194=CARTESIAN_POINT('Ctrl Pts',(-52.8296673605706,12.1124195184135,51.5));
#12195=CARTESIAN_POINT('Ctrl Pts',(-52.8296673605706,12.1124195184135,51.));
#12196=CARTESIAN_POINT('Ctrl Pts',(-52.6535649597645,12.0942848473787,51.5));
#12197=CARTESIAN_POINT('Ctrl Pts',(-52.6535649597645,12.0942848473787,51.));
#12198=CARTESIAN_POINT('',(-53.6307074129581,12.4864261895418,51.5));
#12199=CARTESIAN_POINT('Ctrl Pts',(-53.6307074129581,12.4864261895418,51.5));
#12200=CARTESIAN_POINT('Ctrl Pts',(-53.4817940123402,12.3720792849837,51.5));
#12201=CARTESIAN_POINT('Ctrl Pts',(-53.1922679357841,12.1497593963392,51.5));
#12202=CARTESIAN_POINT('Ctrl Pts',(-52.8296673605706,12.1124195184135,51.5));
#12203=CARTESIAN_POINT('Ctrl Pts',(-52.6535649597645,12.0942848473787,51.5));
#12204=CARTESIAN_POINT('',(-53.6307074129581,12.4864261895418,51.));
#12205=CARTESIAN_POINT('Ctrl Pts',(-53.6307074129581,12.4864261895418,51.));
#12206=CARTESIAN_POINT('Ctrl Pts',(-53.4817940123402,12.3720792849837,51.));
#12207=CARTESIAN_POINT('Ctrl Pts',(-53.1922679357841,12.1497593963392,51.));
#12208=CARTESIAN_POINT('Ctrl Pts',(-52.8296673605706,12.1124195184135,51.));
#12209=CARTESIAN_POINT('Ctrl Pts',(-52.6535649597645,12.0942848473787,51.));
#12210=CARTESIAN_POINT('',(-53.6307074129581,12.4864261895418,51.5));
#12211=CARTESIAN_POINT('Ctrl Pts',(-54.3378503620624,13.4699981957674,51.5));
#12212=CARTESIAN_POINT('Ctrl Pts',(-54.3378503620624,13.4699981957674,51.));
#12213=CARTESIAN_POINT('Ctrl Pts',(-54.244276972125,13.2827528906906,51.5));
#12214=CARTESIAN_POINT('Ctrl Pts',(-54.244276972125,13.2827528906906,51.));
#12215=CARTESIAN_POINT('Ctrl Pts',(-54.0613633324304,12.9167330180512,51.5));
#12216=CARTESIAN_POINT('Ctrl Pts',(-54.0613633324304,12.9167330180512,51.));
#12217=CARTESIAN_POINT('Ctrl Pts',(-53.7720273679551,12.627631590165,51.5));
#12218=CARTESIAN_POINT('Ctrl Pts',(-53.7720273679551,12.627631590165,51.));
#12219=CARTESIAN_POINT('Ctrl Pts',(-53.6307074129581,12.4864261895418,51.5));
#12220=CARTESIAN_POINT('Ctrl Pts',(-53.6307074129581,12.4864261895418,51.));
#12221=CARTESIAN_POINT('',(-54.3378503620624,13.4699981957674,51.5));
#12222=CARTESIAN_POINT('Ctrl Pts',(-54.3378503620624,13.4699981957674,51.5));
#12223=CARTESIAN_POINT('Ctrl Pts',(-54.244276972125,13.2827528906906,51.5));
#12224=CARTESIAN_POINT('Ctrl Pts',(-54.0613633324304,12.9167330180512,51.5));
#12225=CARTESIAN_POINT('Ctrl Pts',(-53.7720273679551,12.627631590165,51.5));
#12226=CARTESIAN_POINT('Ctrl Pts',(-53.6307074129581,12.4864261895418,51.5));
#12227=CARTESIAN_POINT('',(-54.3378503620624,13.4699981957674,51.));
#12228=CARTESIAN_POINT('Ctrl Pts',(-54.3378503620624,13.4699981957674,51.));
#12229=CARTESIAN_POINT('Ctrl Pts',(-54.244276972125,13.2827528906906,51.));
#12230=CARTESIAN_POINT('Ctrl Pts',(-54.0613633324304,12.9167330180512,51.));
#12231=CARTESIAN_POINT('Ctrl Pts',(-53.7720273679551,12.627631590165,51.));
#12232=CARTESIAN_POINT('Ctrl Pts',(-53.6307074129581,12.4864261895418,51.));
#12233=CARTESIAN_POINT('',(-54.3378503620624,13.4699981957674,51.5));
#12234=CARTESIAN_POINT('Origin',(-56.0092790424824,12.8528564721346,51.5));
#12235=CARTESIAN_POINT('',(-56.0092790424824,12.8528564721346,51.5));
#12236=CARTESIAN_POINT('',(-56.0092790424824,12.8528564721346,51.5));
#12237=CARTESIAN_POINT('',(-56.0092790424824,12.8528564721346,51.));
#12238=CARTESIAN_POINT('',(-56.0092790424824,12.8528564721346,51.));
#12239=CARTESIAN_POINT('',(-56.0092790424824,12.8528564721346,51.5));
#12240=CARTESIAN_POINT('Ctrl Pts',(-55.1221360266209,11.3421409875154,51.5));
#12241=CARTESIAN_POINT('Ctrl Pts',(-55.1221360266209,11.3421409875154,51.));
#12242=CARTESIAN_POINT('Ctrl Pts',(-55.3051179696494,11.5634251677992,51.5));
#12243=CARTESIAN_POINT('Ctrl Pts',(-55.3051179696494,11.5634251677992,51.));
#12244=CARTESIAN_POINT('Ctrl Pts',(-55.6818897497033,12.0190637577245,51.5));
#12245=CARTESIAN_POINT('Ctrl Pts',(-55.6818897497033,12.0190637577245,51.));
#12246=CARTESIAN_POINT('Ctrl Pts',(-55.898082081817,12.5696608462781,51.5));
#12247=CARTESIAN_POINT('Ctrl Pts',(-55.898082081817,12.5696608462781,51.));
#12248=CARTESIAN_POINT('Ctrl Pts',(-56.0092790424824,12.8528564721346,51.5));
#12249=CARTESIAN_POINT('Ctrl Pts',(-56.0092790424824,12.8528564721346,51.));
#12250=CARTESIAN_POINT('',(-55.1221360266209,11.3421409875154,51.5));
#12251=CARTESIAN_POINT('Ctrl Pts',(-55.1221360266209,11.3421409875154,51.5));
#12252=CARTESIAN_POINT('Ctrl Pts',(-55.3051179696494,11.5634251677992,51.5));
#12253=CARTESIAN_POINT('Ctrl Pts',(-55.6818897497033,12.0190637577245,51.5));
#12254=CARTESIAN_POINT('Ctrl Pts',(-55.898082081817,12.5696608462781,51.5));
#12255=CARTESIAN_POINT('Ctrl Pts',(-56.0092790424824,12.8528564721346,51.5));
#12256=CARTESIAN_POINT('',(-55.1221360266209,11.3421409875154,51.));
#12257=CARTESIAN_POINT('Ctrl Pts',(-55.1221360266209,11.3421409875154,51.));
#12258=CARTESIAN_POINT('Ctrl Pts',(-55.3051179696494,11.5634251677992,51.));
#12259=CARTESIAN_POINT('Ctrl Pts',(-55.6818897497033,12.0190637577245,51.));
#12260=CARTESIAN_POINT('Ctrl Pts',(-55.898082081817,12.5696608462781,51.));
#12261=CARTESIAN_POINT('Ctrl Pts',(-56.0092790424824,12.8528564721346,51.));
#12262=CARTESIAN_POINT('',(-55.1221360266209,11.3421409875154,51.5));
#12263=CARTESIAN_POINT('Ctrl Pts',(-53.6628504097462,10.4807132035494,51.5));
#12264=CARTESIAN_POINT('Ctrl Pts',(-53.6628504097462,10.4807132035494,51.));
#12265=CARTESIAN_POINT('Ctrl Pts',(-53.9417680015138,10.5754993153783,51.5));
#12266=CARTESIAN_POINT('Ctrl Pts',(-53.9417680015138,10.5754993153783,51.));
#12267=CARTESIAN_POINT('Ctrl Pts',(-54.4884272974194,10.7612735751718,51.5));
#12268=CARTESIAN_POINT('Ctrl Pts',(-54.4884272974194,10.7612735751718,51.));
#12269=CARTESIAN_POINT('Ctrl Pts',(-54.9137985429065,11.1511755652593,51.5));
#12270=CARTESIAN_POINT('Ctrl Pts',(-54.9137985429065,11.1511755652593,51.));
#12271=CARTESIAN_POINT('Ctrl Pts',(-55.1221360266209,11.3421409875154,51.5));
#12272=CARTESIAN_POINT('Ctrl Pts',(-55.1221360266209,11.3421409875154,51.));
#12273=CARTESIAN_POINT('',(-53.6628504097462,10.4807132035494,51.5));
#12274=CARTESIAN_POINT('Ctrl Pts',(-53.6628504097462,10.4807132035494,51.5));
#12275=CARTESIAN_POINT('Ctrl Pts',(-53.9417680015138,10.5754993153783,51.5));
#12276=CARTESIAN_POINT('Ctrl Pts',(-54.4884272974194,10.7612735751718,51.5));
#12277=CARTESIAN_POINT('Ctrl Pts',(-54.9137985429065,11.1511755652593,51.5));
#12278=CARTESIAN_POINT('Ctrl Pts',(-55.1221360266209,11.3421409875154,51.5));
#12279=CARTESIAN_POINT('',(-53.6628504097462,10.4807132035494,51.));
#12280=CARTESIAN_POINT('Ctrl Pts',(-53.6628504097462,10.4807132035494,51.));
#12281=CARTESIAN_POINT('Ctrl Pts',(-53.9417680015138,10.5754993153783,51.));
#12282=CARTESIAN_POINT('Ctrl Pts',(-54.4884272974194,10.7612735751718,51.));
#12283=CARTESIAN_POINT('Ctrl Pts',(-54.9137985429065,11.1511755652593,51.));
#12284=CARTESIAN_POINT('Ctrl Pts',(-55.1221360266209,11.3421409875154,51.));
#12285=CARTESIAN_POINT('',(-53.6628504097462,10.4807132035494,51.5));
#12286=CARTESIAN_POINT('Origin',(-53.6628504097462,9.34285576641558,51.5));
#12287=CARTESIAN_POINT('',(-53.6628504097462,9.34285576641558,51.5));
#12288=CARTESIAN_POINT('',(-53.6628504097462,9.34285576641558,51.5));
#12289=CARTESIAN_POINT('',(-53.6628504097462,9.34285576641558,51.));
#12290=CARTESIAN_POINT('',(-53.6628504097462,9.34285576641558,51.));
#12291=CARTESIAN_POINT('',(-53.6628504097462,9.34285576641558,51.5));
#12292=CARTESIAN_POINT('Origin',(-51.8757076561451,9.34285576641558,51.5));
#12293=CARTESIAN_POINT('',(-51.8757076561451,9.34285576641558,51.5));
#12294=CARTESIAN_POINT('',(-51.8757076561451,9.34285576641558,51.));
#12295=CARTESIAN_POINT('Origin',(-50.6189216673374,14.9582123309374,51.5));
#12296=CARTESIAN_POINT('Origin',(-50.6189216673374,14.9582123309374,51.));
#12297=CARTESIAN_POINT('Origin',(-11.4035681635141,-4.99000112712384,51.5));
#12298=CARTESIAN_POINT('',(-11.4035681635141,-4.99000112712384,51.5));
#12299=CARTESIAN_POINT('',(-11.4035681635141,-8.50000064074994,51.5));
#12300=CARTESIAN_POINT('',(-11.4035681635141,-4.99000112712384,51.5));
#12301=CARTESIAN_POINT('',(-11.4035681635141,-8.50000064074994,51.));
#12302=CARTESIAN_POINT('',(-11.4035681635141,-8.50000064074994,51.5));
#12303=CARTESIAN_POINT('',(-11.4035681635141,-4.99000112712384,51.));
#12304=CARTESIAN_POINT('',(-11.4035681635141,-4.99000112712384,51.));
#12305=CARTESIAN_POINT('',(-11.4035681635141,-4.99000112712384,51.5));
#12306=CARTESIAN_POINT('Origin',(-8.02857197821139,0.499999120831481,51.5));
#12307=CARTESIAN_POINT('',(-8.02857197821139,0.499999120831481,51.5));
#12308=CARTESIAN_POINT('',(-8.02857197821139,0.499999120831481,51.5));
#12309=CARTESIAN_POINT('',(-8.02857197821139,0.49999912083148,51.));
#12310=CARTESIAN_POINT('',(-8.02857197821139,0.499999120831481,51.));
#12311=CARTESIAN_POINT('',(-8.02857197821139,0.499999120831481,51.5));
#12312=CARTESIAN_POINT('Origin',(-10.1114252954721,0.499999120831481,51.5));
#12313=CARTESIAN_POINT('',(-10.1114252954721,0.499999120831482,51.5));
#12314=CARTESIAN_POINT('',(-10.1114252954721,0.499999120831481,51.5));
#12315=CARTESIAN_POINT('',(-10.1114252954721,0.499999120831482,51.));
#12316=CARTESIAN_POINT('',(-10.1114252954721,0.499999120831481,51.));
#12317=CARTESIAN_POINT('',(-10.1114252954721,0.499999120831482,51.5));
#12318=CARTESIAN_POINT('Origin',(-12.3164252191782,-3.04857175052167,51.5));
#12319=CARTESIAN_POINT('',(-12.3164252191782,-3.04857175052167,51.5));
#12320=CARTESIAN_POINT('',(-12.3164252191782,-3.04857175052167,51.5));
#12321=CARTESIAN_POINT('',(-12.3164252191782,-3.04857175052167,51.));
#12322=CARTESIAN_POINT('',(-12.3164252191782,-3.04857175052167,51.));
#12323=CARTESIAN_POINT('',(-12.3164252191782,-3.04857175052167,51.5));
#12324=CARTESIAN_POINT('Origin',(-14.5278529077768,0.499999120831482,51.5));
#12325=CARTESIAN_POINT('',(-14.5278529077768,0.499999120831483,51.5));
#12326=CARTESIAN_POINT('',(-14.5278529077768,0.499999120831482,51.5));
#12327=CARTESIAN_POINT('',(-14.5278529077768,0.499999120831482,51.));
#12328=CARTESIAN_POINT('',(-14.5278529077768,0.499999120831482,51.));
#12329=CARTESIAN_POINT('',(-14.5278529077768,0.499999120831483,51.5));
#12330=CARTESIAN_POINT('Origin',(-16.6107157617807,0.499999120831484,51.5));
#12331=CARTESIAN_POINT('',(-16.6107157617807,0.499999120831484,51.5));
#12332=CARTESIAN_POINT('',(-16.6107157617807,0.499999120831484,51.5));
#12333=CARTESIAN_POINT('',(-16.6107157617807,0.499999120831484,51.));
#12334=CARTESIAN_POINT('',(-16.6107157617807,0.499999120831484,51.));
#12335=CARTESIAN_POINT('',(-16.6107157617807,0.499999120831484,51.5));
#12336=CARTESIAN_POINT('Origin',(-13.2292822748423,-4.99643008410931,51.5));
#12337=CARTESIAN_POINT('',(-13.2292822748423,-4.99643008410931,51.5));
#12338=CARTESIAN_POINT('',(-13.2292822748423,-4.99643008410931,51.5));
#12339=CARTESIAN_POINT('',(-13.2292822748423,-4.99643008410931,51.));
#12340=CARTESIAN_POINT('',(-13.2292822748423,-4.99643008410931,51.));
#12341=CARTESIAN_POINT('',(-13.2292822748423,-4.99643008410931,51.5));
#12342=CARTESIAN_POINT('Origin',(-13.2292822748423,-8.50000064074994,51.5));
#12343=CARTESIAN_POINT('',(-13.2292822748423,-8.50000064074994,51.5));
#12344=CARTESIAN_POINT('',(-13.2292822748423,-8.50000064074994,51.5));
#12345=CARTESIAN_POINT('',(-13.2292822748423,-8.50000064074994,51.));
#12346=CARTESIAN_POINT('',(-13.2292822748423,-8.50000064074994,51.));
#12347=CARTESIAN_POINT('',(-13.2292822748423,-8.50000064074994,51.5));
#12348=CARTESIAN_POINT('Origin',(-11.4035681635141,-8.50000064074994,51.5));
#12349=CARTESIAN_POINT('',(-11.4035681635141,-8.50000064074994,51.5));
#12350=CARTESIAN_POINT('',(-11.4035681635141,-8.50000064074994,51.));
#12351=CARTESIAN_POINT('Origin',(-24.9999991804361,-4.00000075995922,51.5));
#12352=CARTESIAN_POINT('Origin',(-24.9999991804361,-4.00000075995922,51.));
#12353=CARTESIAN_POINT('Ctrl Pts',(-39.6024969965219,-5.92857281863689,
51.5));
#12354=CARTESIAN_POINT('Ctrl Pts',(-39.6024969965219,-5.92857281863689,
51.));
#12355=CARTESIAN_POINT('Ctrl Pts',(-39.5165375056056,-6.06258112982552,
51.5));
#12356=CARTESIAN_POINT('Ctrl Pts',(-39.5165375056056,-6.06258112982552,
51.));
#12357=CARTESIAN_POINT('Ctrl Pts',(-39.3463854162142,-6.32784321899667,
51.5));
#12358=CARTESIAN_POINT('Ctrl Pts',(-39.3463854162142,-6.32784321899667,
51.));
#12359=CARTESIAN_POINT('Ctrl Pts',(-39.0941109004815,-6.51660146435916,
51.5));
#12360=CARTESIAN_POINT('Ctrl Pts',(-39.0941109004815,-6.51660146435916,
51.));
#12361=CARTESIAN_POINT('Ctrl Pts',(-38.9692834764719,-6.61000053584576,
51.5));
#12362=CARTESIAN_POINT('Ctrl Pts',(-38.9692834764719,-6.61000053584576,
51.));
#12363=CARTESIAN_POINT('',(-39.6024969965219,-5.92857281863689,51.5));
#12364=CARTESIAN_POINT('',(-38.9692834764719,-6.61000053584576,51.5));
#12365=CARTESIAN_POINT('Ctrl Pts',(-39.6024969965219,-5.92857281863689,
51.5));
#12366=CARTESIAN_POINT('Ctrl Pts',(-39.5165375056056,-6.06258112982552,
51.5));
#12367=CARTESIAN_POINT('Ctrl Pts',(-39.3463854162142,-6.32784321899667,
51.5));
#12368=CARTESIAN_POINT('Ctrl Pts',(-39.0941109004815,-6.51660146435916,
51.5));
#12369=CARTESIAN_POINT('Ctrl Pts',(-38.9692834764719,-6.61000053584576,
51.5));
#12370=CARTESIAN_POINT('',(-38.9692834764719,-6.61000053584576,51.));
#12371=CARTESIAN_POINT('',(-38.9692834764719,-6.61000053584576,51.5));
#12372=CARTESIAN_POINT('',(-39.6024969965219,-5.92857281863689,51.));
#12373=CARTESIAN_POINT('Ctrl Pts',(-39.6024969965219,-5.92857281863689,
51.));
#12374=CARTESIAN_POINT('Ctrl Pts',(-39.5165375056056,-6.06258112982552,
51.));
#12375=CARTESIAN_POINT('Ctrl Pts',(-39.3463854162142,-6.32784321899667,
51.));
#12376=CARTESIAN_POINT('Ctrl Pts',(-39.0941109004815,-6.51660146435916,
51.));
#12377=CARTESIAN_POINT('Ctrl Pts',(-38.9692834764719,-6.61000053584576,
51.));
#12378=CARTESIAN_POINT('',(-39.6024969965219,-5.92857281863689,51.5));
#12379=CARTESIAN_POINT('Ctrl Pts',(-39.9496392160654,-4.9996439665556,51.5));
#12380=CARTESIAN_POINT('Ctrl Pts',(-39.9496392160654,-4.9996439665556,51.));
#12381=CARTESIAN_POINT('Ctrl Pts',(-39.9092353396862,-5.16348762995239,
51.5));
#12382=CARTESIAN_POINT('Ctrl Pts',(-39.9092353396862,-5.16348762995239,
51.));
#12383=CARTESIAN_POINT('Ctrl Pts',(-39.8295463593087,-5.48663817013533,
51.5));
#12384=CARTESIAN_POINT('Ctrl Pts',(-39.8295463593087,-5.48663817013533,
51.));
#12385=CARTESIAN_POINT('Ctrl Pts',(-39.6774684314914,-5.78264651277003,
51.5));
#12386=CARTESIAN_POINT('Ctrl Pts',(-39.6774684314914,-5.78264651277003,
51.));
#12387=CARTESIAN_POINT('Ctrl Pts',(-39.6024969965219,-5.92857281863689,
51.5));
#12388=CARTESIAN_POINT('Ctrl Pts',(-39.6024969965219,-5.92857281863689,
51.));
#12389=CARTESIAN_POINT('',(-39.9496392160654,-4.9996439665556,51.5));
#12390=CARTESIAN_POINT('Ctrl Pts',(-39.9496392160654,-4.9996439665556,51.5));
#12391=CARTESIAN_POINT('Ctrl Pts',(-39.9092353396862,-5.16348762995239,
51.5));
#12392=CARTESIAN_POINT('Ctrl Pts',(-39.8295463593087,-5.48663817013533,
51.5));
#12393=CARTESIAN_POINT('Ctrl Pts',(-39.6774684314914,-5.78264651277003,
51.5));
#12394=CARTESIAN_POINT('Ctrl Pts',(-39.6024969965219,-5.92857281863689,
51.5));
#12395=CARTESIAN_POINT('',(-39.9496392160654,-4.9996439665556,51.));
#12396=CARTESIAN_POINT('Ctrl Pts',(-39.9496392160654,-4.9996439665556,51.));
#12397=CARTESIAN_POINT('Ctrl Pts',(-39.9092353396862,-5.16348762995239,
51.));
#12398=CARTESIAN_POINT('Ctrl Pts',(-39.8295463593087,-5.48663817013533,
51.));
#12399=CARTESIAN_POINT('Ctrl Pts',(-39.6774684314914,-5.78264651277003,
51.));
#12400=CARTESIAN_POINT('Ctrl Pts',(-39.6024969965219,-5.92857281863689,
51.));
#12401=CARTESIAN_POINT('',(-39.9496392160654,-4.9996439665556,51.5));
#12402=CARTESIAN_POINT('Ctrl Pts',(-40.0557116419077,-4.00000135600567,
51.5));
#12403=CARTESIAN_POINT('Ctrl Pts',(-40.0557116419077,-4.00000135600567,
51.));
#12404=CARTESIAN_POINT('Ctrl Pts',(-40.0511131211798,-4.16625284480885,
51.5));
#12405=CARTESIAN_POINT('Ctrl Pts',(-40.0511131211798,-4.16625284480885,
51.));
#12406=CARTESIAN_POINT('Ctrl Pts',(-40.0418202975319,-4.50221866035061,
51.5));
#12407=CARTESIAN_POINT('Ctrl Pts',(-40.0418202975319,-4.50221866035061,
51.));
#12408=CARTESIAN_POINT('Ctrl Pts',(-39.9805766582765,-4.83270009455655,
51.5));
#12409=CARTESIAN_POINT('Ctrl Pts',(-39.9805766582765,-4.83270009455655,
51.));
#12410=CARTESIAN_POINT('Ctrl Pts',(-39.9496392160654,-4.9996439665556,51.5));
#12411=CARTESIAN_POINT('Ctrl Pts',(-39.9496392160654,-4.9996439665556,51.));
#12412=CARTESIAN_POINT('',(-40.0557116419077,-4.00000135600567,51.5));
#12413=CARTESIAN_POINT('Ctrl Pts',(-40.0557116419077,-4.00000135600567,
51.5));
#12414=CARTESIAN_POINT('Ctrl Pts',(-40.0511131211798,-4.16625284480885,
51.5));
#12415=CARTESIAN_POINT('Ctrl Pts',(-40.0418202975319,-4.50221866035061,
51.5));
#12416=CARTESIAN_POINT('Ctrl Pts',(-39.9805766582765,-4.83270009455655,
51.5));
#12417=CARTESIAN_POINT('Ctrl Pts',(-39.9496392160654,-4.9996439665556,51.5));
#12418=CARTESIAN_POINT('',(-40.0557116419077,-4.00000135600567,51.));
#12419=CARTESIAN_POINT('Ctrl Pts',(-40.0557116419077,-4.00000135600567,
51.));
#12420=CARTESIAN_POINT('Ctrl Pts',(-40.0511131211798,-4.16625284480885,
51.));
#12421=CARTESIAN_POINT('Ctrl Pts',(-40.0418202975319,-4.50221866035061,
51.));
#12422=CARTESIAN_POINT('Ctrl Pts',(-39.9805766582765,-4.83270009455655,
51.));
#12423=CARTESIAN_POINT('Ctrl Pts',(-39.9496392160654,-4.9996439665556,51.));
#12424=CARTESIAN_POINT('',(-40.0557116419077,-4.00000135600567,51.5));
#12425=CARTESIAN_POINT('Ctrl Pts',(-39.9528554826975,-3.02285830676556,
51.5));
#12426=CARTESIAN_POINT('Ctrl Pts',(-39.9528554826975,-3.02285830676556,
51.));
#12427=CARTESIAN_POINT('Ctrl Pts',(-39.9828500327299,-3.1884844067137,51.5));
#12428=CARTESIAN_POINT('Ctrl Pts',(-39.9828500327299,-3.1884844067137,51.));
#12429=CARTESIAN_POINT('Ctrl Pts',(-40.041379615869,-3.51167733931064,51.5));
#12430=CARTESIAN_POINT('Ctrl Pts',(-40.041379615869,-3.51167733931064,51.));
#12431=CARTESIAN_POINT('Ctrl Pts',(-40.0510143853742,-3.83995537425084,
51.5));
#12432=CARTESIAN_POINT('Ctrl Pts',(-40.0510143853742,-3.83995537425084,
51.));
#12433=CARTESIAN_POINT('Ctrl Pts',(-40.0557116419077,-4.00000135600567,
51.5));
#12434=CARTESIAN_POINT('Ctrl Pts',(-40.0557116419077,-4.00000135600567,
51.));
#12435=CARTESIAN_POINT('',(-39.9528554826975,-3.02285830676556,51.5));
#12436=CARTESIAN_POINT('Ctrl Pts',(-39.9528554826975,-3.02285830676556,
51.5));
#12437=CARTESIAN_POINT('Ctrl Pts',(-39.9828500327299,-3.1884844067137,51.5));
#12438=CARTESIAN_POINT('Ctrl Pts',(-40.041379615869,-3.51167733931064,51.5));
#12439=CARTESIAN_POINT('Ctrl Pts',(-40.0510143853742,-3.83995537425084,
51.5));
#12440=CARTESIAN_POINT('Ctrl Pts',(-40.0557116419077,-4.00000135600567,
51.5));
#12441=CARTESIAN_POINT('',(-39.9528554826975,-3.02285830676556,51.));
#12442=CARTESIAN_POINT('Ctrl Pts',(-39.9528554826975,-3.02285830676556,
51.));
#12443=CARTESIAN_POINT('Ctrl Pts',(-39.9828500327299,-3.1884844067137,51.));
#12444=CARTESIAN_POINT('Ctrl Pts',(-40.041379615869,-3.51167733931064,51.));
#12445=CARTESIAN_POINT('Ctrl Pts',(-40.0510143853742,-3.83995537425084,
51.));
#12446=CARTESIAN_POINT('Ctrl Pts',(-40.0557116419077,-4.00000135600567,
51.));
#12447=CARTESIAN_POINT('',(-39.9528554826975,-3.02285830676556,51.5));
#12448=CARTESIAN_POINT('Ctrl Pts',(-39.6121410280466,-2.0842866152525,51.5));
#12449=CARTESIAN_POINT('Ctrl Pts',(-39.6121410280466,-2.0842866152525,51.));
#12450=CARTESIAN_POINT('Ctrl Pts',(-39.6860199583302,-2.2321586948301,51.5));
#12451=CARTESIAN_POINT('Ctrl Pts',(-39.6860199583302,-2.2321586948301,51.));
#12452=CARTESIAN_POINT('Ctrl Pts',(-39.8357492564721,-2.53184877703569,
51.5));
#12453=CARTESIAN_POINT('Ctrl Pts',(-39.8357492564721,-2.53184877703569,
51.));
#12454=CARTESIAN_POINT('Ctrl Pts',(-39.9134789267552,-2.85775808247529,
51.5));
#12455=CARTESIAN_POINT('Ctrl Pts',(-39.9134789267552,-2.85775808247529,
51.));
#12456=CARTESIAN_POINT('Ctrl Pts',(-39.9528554826975,-3.02285830676556,
51.5));
#12457=CARTESIAN_POINT('Ctrl Pts',(-39.9528554826975,-3.02285830676556,
51.));
#12458=CARTESIAN_POINT('',(-39.6121410280466,-2.0842866152525,51.5));
#12459=CARTESIAN_POINT('Ctrl Pts',(-39.6121410280466,-2.0842866152525,51.5));
#12460=CARTESIAN_POINT('Ctrl Pts',(-39.6860199583302,-2.2321586948301,51.5));
#12461=CARTESIAN_POINT('Ctrl Pts',(-39.8357492564721,-2.53184877703569,
51.5));
#12462=CARTESIAN_POINT('Ctrl Pts',(-39.9134789267552,-2.85775808247529,
51.5));
#12463=CARTESIAN_POINT('Ctrl Pts',(-39.9528554826975,-3.02285830676556,
51.5));
#12464=CARTESIAN_POINT('',(-39.6121410280466,-2.0842866152525,51.));
#12465=CARTESIAN_POINT('Ctrl Pts',(-39.6121410280466,-2.0842866152525,51.));
#12466=CARTESIAN_POINT('Ctrl Pts',(-39.6860199583302,-2.2321586948301,51.));
#12467=CARTESIAN_POINT('Ctrl Pts',(-39.8357492564721,-2.53184877703569,
51.));
#12468=CARTESIAN_POINT('Ctrl Pts',(-39.9134789267552,-2.85775808247529,
51.));
#12469=CARTESIAN_POINT('Ctrl Pts',(-39.9528554826975,-3.02285830676556,
51.));
#12470=CARTESIAN_POINT('',(-39.6121410280466,-2.0842866152525,51.5));
#12471=CARTESIAN_POINT('Ctrl Pts',(-38.9821413904428,-1.38678650557995,
51.5));
#12472=CARTESIAN_POINT('Ctrl Pts',(-38.9821413904428,-1.38678650557995,
51.));
#12473=CARTESIAN_POINT('Ctrl Pts',(-39.1067973113066,-1.48322045906631,
51.5));
#12474=CARTESIAN_POINT('Ctrl Pts',(-39.1067973113066,-1.48322045906631,
51.));
#12475=CARTESIAN_POINT('Ctrl Pts',(-39.3585172595658,-1.67795127982319,
51.5));
#12476=CARTESIAN_POINT('Ctrl Pts',(-39.3585172595658,-1.67795127982319,
51.));
#12477=CARTESIAN_POINT('Ctrl Pts',(-39.5270623036611,-1.94798041564762,
51.5));
#12478=CARTESIAN_POINT('Ctrl Pts',(-39.5270623036611,-1.94798041564762,
51.));
#12479=CARTESIAN_POINT('Ctrl Pts',(-39.6121410280466,-2.0842866152525,51.5));
#12480=CARTESIAN_POINT('Ctrl Pts',(-39.6121410280466,-2.0842866152525,51.));
#12481=CARTESIAN_POINT('',(-38.9821413904428,-1.38678650557995,51.5));
#12482=CARTESIAN_POINT('Ctrl Pts',(-38.9821413904428,-1.38678650557995,
51.5));
#12483=CARTESIAN_POINT('Ctrl Pts',(-39.1067973113066,-1.48322045906631,
51.5));
#12484=CARTESIAN_POINT('Ctrl Pts',(-39.3585172595658,-1.67795127982319,
51.5));
#12485=CARTESIAN_POINT('Ctrl Pts',(-39.5270623036611,-1.94798041564762,
51.5));
#12486=CARTESIAN_POINT('Ctrl Pts',(-39.6121410280466,-2.0842866152525,51.5));
#12487=CARTESIAN_POINT('',(-38.9821413904428,-1.38678650557995,51.));
#12488=CARTESIAN_POINT('Ctrl Pts',(-38.9821413904428,-1.38678650557995,
51.));
#12489=CARTESIAN_POINT('Ctrl Pts',(-39.1067973113066,-1.48322045906631,
51.));
#12490=CARTESIAN_POINT('Ctrl Pts',(-39.3585172595658,-1.67795127982319,
51.));
#12491=CARTESIAN_POINT('Ctrl Pts',(-39.5270623036611,-1.94798041564762,
51.));
#12492=CARTESIAN_POINT('Ctrl Pts',(-39.6121410280466,-2.0842866152525,51.));
#12493=CARTESIAN_POINT('',(-38.9821413904428,-1.38678650557995,51.5));
#12494=CARTESIAN_POINT('Ctrl Pts',(-38.0114272981882,-1.12000088393688,
51.5));
#12495=CARTESIAN_POINT('Ctrl Pts',(-38.0114272981882,-1.12000088393688,
51.));
#12496=CARTESIAN_POINT('Ctrl Pts',(-38.1926240727479,-1.12856580754039,
51.5));
#12497=CARTESIAN_POINT('Ctrl Pts',(-38.1926240727479,-1.12856580754039,
51.));
#12498=CARTESIAN_POINT('Ctrl Pts',(-38.5367981664629,-1.14483444601997,
51.5));
#12499=CARTESIAN_POINT('Ctrl Pts',(-38.5367981664629,-1.14483444601997,
51.));
#12500=CARTESIAN_POINT('Ctrl Pts',(-38.8390266461943,-1.3090332014769,51.5));
#12501=CARTESIAN_POINT('Ctrl Pts',(-38.8390266461943,-1.3090332014769,51.));
#12502=CARTESIAN_POINT('Ctrl Pts',(-38.9821413904428,-1.38678650557995,
51.5));
#12503=CARTESIAN_POINT('Ctrl Pts',(-38.9821413904428,-1.38678650557995,
51.));
#12504=CARTESIAN_POINT('',(-38.0114272981882,-1.12000088393688,51.5));
#12505=CARTESIAN_POINT('Ctrl Pts',(-38.0114272981882,-1.12000088393688,
51.5));
#12506=CARTESIAN_POINT('Ctrl Pts',(-38.1926240727479,-1.12856580754039,
51.5));
#12507=CARTESIAN_POINT('Ctrl Pts',(-38.5367981664629,-1.14483444601997,
51.5));
#12508=CARTESIAN_POINT('Ctrl Pts',(-38.8390266461943,-1.3090332014769,51.5));
#12509=CARTESIAN_POINT('Ctrl Pts',(-38.9821413904428,-1.38678650557995,
51.5));
#12510=CARTESIAN_POINT('',(-38.0114272981882,-1.12000088393688,51.));
#12511=CARTESIAN_POINT('Ctrl Pts',(-38.0114272981882,-1.12000088393688,
51.));
#12512=CARTESIAN_POINT('Ctrl Pts',(-38.1926240727479,-1.12856580754039,
51.));
#12513=CARTESIAN_POINT('Ctrl Pts',(-38.5367981664629,-1.14483444601997,
51.));
#12514=CARTESIAN_POINT('Ctrl Pts',(-38.8390266461943,-1.3090332014769,51.));
#12515=CARTESIAN_POINT('Ctrl Pts',(-38.9821413904428,-1.38678650557995,
51.));
#12516=CARTESIAN_POINT('',(-38.0114272981882,-1.12000088393688,51.5));
#12517=CARTESIAN_POINT('Ctrl Pts',(-37.0407132059336,-1.37714366614819,
51.5));
#12518=CARTESIAN_POINT('Ctrl Pts',(-37.0407132059336,-1.37714366614819,
51.));
#12519=CARTESIAN_POINT('Ctrl Pts',(-37.1840474044265,-1.30220686750437,
51.5));
#12520=CARTESIAN_POINT('Ctrl Pts',(-37.1840474044265,-1.30220686750437,
51.));
#12521=CARTESIAN_POINT('Ctrl Pts',(-37.4876340551414,-1.1434882089095,51.5));
#12522=CARTESIAN_POINT('Ctrl Pts',(-37.4876340551414,-1.1434882089095,51.));
#12523=CARTESIAN_POINT('Ctrl Pts',(-37.8304612021345,-1.12811555430246,
51.5));
#12524=CARTESIAN_POINT('Ctrl Pts',(-37.8304612021345,-1.12811555430246,
51.));
#12525=CARTESIAN_POINT('Ctrl Pts',(-38.0114272981882,-1.12000088393688,
51.5));
#12526=CARTESIAN_POINT('Ctrl Pts',(-38.0114272981882,-1.12000088393688,
51.));
#12527=CARTESIAN_POINT('',(-37.0407132059336,-1.37714366614819,51.5));
#12528=CARTESIAN_POINT('Ctrl Pts',(-37.0407132059336,-1.37714366614819,
51.5));
#12529=CARTESIAN_POINT('Ctrl Pts',(-37.1840474044265,-1.30220686750437,
51.5));
#12530=CARTESIAN_POINT('Ctrl Pts',(-37.4876340551414,-1.1434882089095,51.5));
#12531=CARTESIAN_POINT('Ctrl Pts',(-37.8304612021345,-1.12811555430246,
51.5));
#12532=CARTESIAN_POINT('Ctrl Pts',(-38.0114272981882,-1.12000088393688,
51.5));
#12533=CARTESIAN_POINT('',(-37.0407132059336,-1.37714366614819,51.));
#12534=CARTESIAN_POINT('Ctrl Pts',(-37.0407132059336,-1.37714366614819,
51.));
#12535=CARTESIAN_POINT('Ctrl Pts',(-37.1840474044265,-1.30220686750437,
51.));
#12536=CARTESIAN_POINT('Ctrl Pts',(-37.4876340551414,-1.1434882089095,51.));
#12537=CARTESIAN_POINT('Ctrl Pts',(-37.8304612021345,-1.12811555430246,
51.));
#12538=CARTESIAN_POINT('Ctrl Pts',(-38.0114272981882,-1.12000088393688,
51.));
#12539=CARTESIAN_POINT('',(-37.0407132059336,-1.37714366614819,51.5));
#12540=CARTESIAN_POINT('Ctrl Pts',(-36.4139250665903,-2.0585719794035,51.5));
#12541=CARTESIAN_POINT('Ctrl Pts',(-36.4139250665903,-2.0585719794035,51.));
#12542=CARTESIAN_POINT('Ctrl Pts',(-36.4981234771338,-1.92448913615863,
51.5));
#12543=CARTESIAN_POINT('Ctrl Pts',(-36.4981234771338,-1.92448913615863,
51.));
#12544=CARTESIAN_POINT('Ctrl Pts',(-36.665064744534,-1.65864136488328,51.5));
#12545=CARTESIAN_POINT('Ctrl Pts',(-36.665064744534,-1.65864136488328,51.));
#12546=CARTESIAN_POINT('Ctrl Pts',(-36.9162270097746,-1.47042922790044,
51.5));
#12547=CARTESIAN_POINT('Ctrl Pts',(-36.9162270097746,-1.47042922790044,
51.));
#12548=CARTESIAN_POINT('Ctrl Pts',(-37.0407132059336,-1.37714366614819,
51.5));
#12549=CARTESIAN_POINT('Ctrl Pts',(-37.0407132059336,-1.37714366614819,
51.));
#12550=CARTESIAN_POINT('',(-36.4139250665903,-2.0585719794035,51.5));
#12551=CARTESIAN_POINT('Ctrl Pts',(-36.4139250665903,-2.0585719794035,51.5));
#12552=CARTESIAN_POINT('Ctrl Pts',(-36.4981234771338,-1.92448913615863,
51.5));
#12553=CARTESIAN_POINT('Ctrl Pts',(-36.665064744534,-1.65864136488328,51.5));
#12554=CARTESIAN_POINT('Ctrl Pts',(-36.9162270097746,-1.47042922790044,
51.5));
#12555=CARTESIAN_POINT('Ctrl Pts',(-37.0407132059336,-1.37714366614819,
51.5));
#12556=CARTESIAN_POINT('',(-36.4139250665903,-2.0585719794035,51.));
#12557=CARTESIAN_POINT('Ctrl Pts',(-36.4139250665903,-2.0585719794035,51.));
#12558=CARTESIAN_POINT('Ctrl Pts',(-36.4981234771338,-1.92448913615863,
51.));
#12559=CARTESIAN_POINT('Ctrl Pts',(-36.665064744534,-1.65864136488328,51.));
#12560=CARTESIAN_POINT('Ctrl Pts',(-36.9162270097746,-1.47042922790044,
51.));
#12561=CARTESIAN_POINT('Ctrl Pts',(-37.0407132059336,-1.37714366614819,
51.));
#12562=CARTESIAN_POINT('',(-36.4139250665903,-2.0585719794035,51.5));
#12563=CARTESIAN_POINT('Ctrl Pts',(-36.0764268785715,-2.99071471393108,
51.5));
#12564=CARTESIAN_POINT('Ctrl Pts',(-36.0764268785715,-2.99071471393108,
51.));
#12565=CARTESIAN_POINT('Ctrl Pts',(-36.1155230311148,-2.82614978117381,
51.5));
#12566=CARTESIAN_POINT('Ctrl Pts',(-36.1155230311148,-2.82614978117381,
51.));
#12567=CARTESIAN_POINT('Ctrl Pts',(-36.1924155325902,-2.5024910958134,51.5));
#12568=CARTESIAN_POINT('Ctrl Pts',(-36.1924155325902,-2.5024910958134,51.));
#12569=CARTESIAN_POINT('Ctrl Pts',(-36.3409253668889,-2.20486799476873,
51.5));
#12570=CARTESIAN_POINT('Ctrl Pts',(-36.3409253668889,-2.20486799476873,
51.));
#12571=CARTESIAN_POINT('Ctrl Pts',(-36.4139250665903,-2.0585719794035,51.5));
#12572=CARTESIAN_POINT('Ctrl Pts',(-36.4139250665903,-2.0585719794035,51.));
#12573=CARTESIAN_POINT('',(-36.0764268785715,-2.99071471393108,51.5));
#12574=CARTESIAN_POINT('Ctrl Pts',(-36.0764268785715,-2.99071471393108,
51.5));
#12575=CARTESIAN_POINT('Ctrl Pts',(-36.1155230311148,-2.82614978117381,
51.5));
#12576=CARTESIAN_POINT('Ctrl Pts',(-36.1924155325902,-2.5024910958134,51.5));
#12577=CARTESIAN_POINT('Ctrl Pts',(-36.3409253668889,-2.20486799476873,
51.5));
#12578=CARTESIAN_POINT('Ctrl Pts',(-36.4139250665903,-2.0585719794035,51.5));
#12579=CARTESIAN_POINT('',(-36.0764268785715,-2.99071471393108,51.));
#12580=CARTESIAN_POINT('Ctrl Pts',(-36.0764268785715,-2.99071471393108,
51.));
#12581=CARTESIAN_POINT('Ctrl Pts',(-36.1155230311148,-2.82614978117381,
51.));
#12582=CARTESIAN_POINT('Ctrl Pts',(-36.1924155325902,-2.5024910958134,51.));
#12583=CARTESIAN_POINT('Ctrl Pts',(-36.3409253668889,-2.20486799476873,
51.));
#12584=CARTESIAN_POINT('Ctrl Pts',(-36.4139250665903,-2.0585719794035,51.));
#12585=CARTESIAN_POINT('',(-36.0764268785715,-2.99071471393108,51.5));
#12586=CARTESIAN_POINT('Ctrl Pts',(-35.9735683351755,-4.00000135600567,
51.5));
#12587=CARTESIAN_POINT('Ctrl Pts',(-35.9735683351755,-4.00000135600567,
51.));
#12588=CARTESIAN_POINT('Ctrl Pts',(-35.9779947530777,-3.83190201827296,
51.5));
#12589=CARTESIAN_POINT('Ctrl Pts',(-35.9779947530777,-3.83190201827296,
51.));
#12590=CARTESIAN_POINT('Ctrl Pts',(-35.986921424943,-3.49289931633999,51.5));
#12591=CARTESIAN_POINT('Ctrl Pts',(-35.986921424943,-3.49289931633999,51.));
#12592=CARTESIAN_POINT('Ctrl Pts',(-36.0464276607638,-3.15903010317932,
51.5));
#12593=CARTESIAN_POINT('Ctrl Pts',(-36.0464276607638,-3.15903010317932,
51.));
#12594=CARTESIAN_POINT('Ctrl Pts',(-36.0764268785715,-2.99071471393108,
51.5));
#12595=CARTESIAN_POINT('Ctrl Pts',(-36.0764268785715,-2.99071471393108,
51.));
#12596=CARTESIAN_POINT('',(-35.9735683351755,-4.00000135600567,51.5));
#12597=CARTESIAN_POINT('Ctrl Pts',(-35.9735683351755,-4.00000135600567,
51.5));
#12598=CARTESIAN_POINT('Ctrl Pts',(-35.9779947530777,-3.83190201827296,
51.5));
#12599=CARTESIAN_POINT('Ctrl Pts',(-35.986921424943,-3.49289931633999,51.5));
#12600=CARTESIAN_POINT('Ctrl Pts',(-36.0464276607638,-3.15903010317932,
51.5));
#12601=CARTESIAN_POINT('Ctrl Pts',(-36.0764268785715,-2.99071471393108,
51.5));
#12602=CARTESIAN_POINT('',(-35.9735683351755,-4.00000135600567,51.));
#12603=CARTESIAN_POINT('Ctrl Pts',(-35.9735683351755,-4.00000135600567,
51.));
#12604=CARTESIAN_POINT('Ctrl Pts',(-35.9779947530777,-3.83190201827296,
51.));
#12605=CARTESIAN_POINT('Ctrl Pts',(-35.986921424943,-3.49289931633999,51.));
#12606=CARTESIAN_POINT('Ctrl Pts',(-36.0464276607638,-3.15903010317932,
51.));
#12607=CARTESIAN_POINT('Ctrl Pts',(-36.0764268785715,-2.99071471393108,
51.));
#12608=CARTESIAN_POINT('',(-35.9735683351755,-4.00000135600567,51.5));
#12609=CARTESIAN_POINT('Ctrl Pts',(-36.0828546434641,-4.97071544826031,
51.5));
#12610=CARTESIAN_POINT('Ctrl Pts',(-36.0828546434641,-4.97071544826031,
51.));
#12611=CARTESIAN_POINT('Ctrl Pts',(-36.0509835997901,-4.80675769941872,
51.5));
#12612=CARTESIAN_POINT('Ctrl Pts',(-36.0509835997901,-4.80675769941872,
51.));
#12613=CARTESIAN_POINT('Ctrl Pts',(-35.9886467562705,-4.48607135359659,
51.5));
#12614=CARTESIAN_POINT('Ctrl Pts',(-35.9886467562705,-4.48607135359659,
51.));
#12615=CARTESIAN_POINT('Ctrl Pts',(-35.978518368304,-4.15957128548785,51.5));
#12616=CARTESIAN_POINT('Ctrl Pts',(-35.978518368304,-4.15957128548785,51.));
#12617=CARTESIAN_POINT('Ctrl Pts',(-35.9735683351755,-4.00000135600567,
51.5));
#12618=CARTESIAN_POINT('Ctrl Pts',(-35.9735683351755,-4.00000135600567,
51.));
#12619=CARTESIAN_POINT('',(-36.0828546434641,-4.97071544826031,51.5));
#12620=CARTESIAN_POINT('Ctrl Pts',(-36.0828546434641,-4.97071544826031,
51.5));
#12621=CARTESIAN_POINT('Ctrl Pts',(-36.0509835997901,-4.80675769941872,
51.5));
#12622=CARTESIAN_POINT('Ctrl Pts',(-35.9886467562705,-4.48607135359659,
51.5));
#12623=CARTESIAN_POINT('Ctrl Pts',(-35.978518368304,-4.15957128548785,51.5));
#12624=CARTESIAN_POINT('Ctrl Pts',(-35.9735683351755,-4.00000135600567,
51.5));
#12625=CARTESIAN_POINT('',(-36.0828546434641,-4.97071544826031,51.));
#12626=CARTESIAN_POINT('Ctrl Pts',(-36.0828546434641,-4.97071544826031,
51.));
#12627=CARTESIAN_POINT('Ctrl Pts',(-36.0509835997901,-4.80675769941872,
51.));
#12628=CARTESIAN_POINT('Ctrl Pts',(-35.9886467562705,-4.48607135359659,
51.));
#12629=CARTESIAN_POINT('Ctrl Pts',(-35.978518368304,-4.15957128548785,51.));
#12630=CARTESIAN_POINT('Ctrl Pts',(-35.9735683351755,-4.00000135600567,
51.));
#12631=CARTESIAN_POINT('',(-36.0828546434641,-4.97071544826031,51.5));
#12632=CARTESIAN_POINT('Ctrl Pts',(-36.4299968630075,-5.90607206523418,
51.5));
#12633=CARTESIAN_POINT('Ctrl Pts',(-36.4299968630075,-5.90607206523418,
51.));
#12634=CARTESIAN_POINT('Ctrl Pts',(-36.3559047628088,-5.75785772905331,
51.5));
#12635=CARTESIAN_POINT('Ctrl Pts',(-36.3559047628088,-5.75785772905331,
51.));
#12636=CARTESIAN_POINT('Ctrl Pts',(-36.2063373284099,-5.45866202608027,
51.5));
#12637=CARTESIAN_POINT('Ctrl Pts',(-36.2063373284099,-5.45866202608027,
51.));
#12638=CARTESIAN_POINT('Ctrl Pts',(-36.1242685354644,-5.1343640349803,51.5));
#12639=CARTESIAN_POINT('Ctrl Pts',(-36.1242685354644,-5.1343640349803,51.));
#12640=CARTESIAN_POINT('Ctrl Pts',(-36.0828546434641,-4.97071544826031,
51.5));
#12641=CARTESIAN_POINT('Ctrl Pts',(-36.0828546434641,-4.97071544826031,
51.));
#12642=CARTESIAN_POINT('',(-36.4299968630075,-5.90607206523418,51.5));
#12643=CARTESIAN_POINT('Ctrl Pts',(-36.4299968630075,-5.90607206523418,
51.5));
#12644=CARTESIAN_POINT('Ctrl Pts',(-36.3559047628088,-5.75785772905331,
51.5));
#12645=CARTESIAN_POINT('Ctrl Pts',(-36.2063373284099,-5.45866202608027,
51.5));
#12646=CARTESIAN_POINT('Ctrl Pts',(-36.1242685354644,-5.1343640349803,51.5));
#12647=CARTESIAN_POINT('Ctrl Pts',(-36.0828546434641,-4.97071544826031,
51.5));
#12648=CARTESIAN_POINT('',(-36.4299968630075,-5.90607206523418,51.));
#12649=CARTESIAN_POINT('Ctrl Pts',(-36.4299968630075,-5.90607206523418,
51.));
#12650=CARTESIAN_POINT('Ctrl Pts',(-36.3559047628088,-5.75785772905331,
51.));
#12651=CARTESIAN_POINT('Ctrl Pts',(-36.2063373284099,-5.45866202608027,
51.));
#12652=CARTESIAN_POINT('Ctrl Pts',(-36.1242685354644,-5.1343640349803,51.));
#12653=CARTESIAN_POINT('Ctrl Pts',(-36.0828546434641,-4.97071544826031,
51.));
#12654=CARTESIAN_POINT('',(-36.4299968630075,-5.90607206523418,51.5));
#12655=CARTESIAN_POINT('Ctrl Pts',(-37.056782618165,-6.60357157886028,51.5));
#12656=CARTESIAN_POINT('Ctrl Pts',(-37.056782618165,-6.60357157886028,51.));
#12657=CARTESIAN_POINT('Ctrl Pts',(-36.9329152902484,-6.50766153412158,
51.5));
#12658=CARTESIAN_POINT('Ctrl Pts',(-36.9329152902484,-6.50766153412158,
51.));
#12659=CARTESIAN_POINT('Ctrl Pts',(-36.681783434578,-6.31321100452859,51.5));
#12660=CARTESIAN_POINT('Ctrl Pts',(-36.681783434578,-6.31321100452859,51.));
#12661=CARTESIAN_POINT('Ctrl Pts',(-36.5146792239638,-6.04300346074751,
51.5));
#12662=CARTESIAN_POINT('Ctrl Pts',(-36.5146792239638,-6.04300346074751,
51.));
#12663=CARTESIAN_POINT('Ctrl Pts',(-36.4299968630075,-5.90607206523418,
51.5));
#12664=CARTESIAN_POINT('Ctrl Pts',(-36.4299968630075,-5.90607206523418,
51.));
#12665=CARTESIAN_POINT('',(-37.056782618165,-6.60357157886028,51.5));
#12666=CARTESIAN_POINT('Ctrl Pts',(-37.056782618165,-6.60357157886028,51.5));
#12667=CARTESIAN_POINT('Ctrl Pts',(-36.9329152902484,-6.50766153412158,
51.5));
#12668=CARTESIAN_POINT('Ctrl Pts',(-36.681783434578,-6.31321100452859,51.5));
#12669=CARTESIAN_POINT('Ctrl Pts',(-36.5146792239638,-6.04300346074751,
51.5));
#12670=CARTESIAN_POINT('Ctrl Pts',(-36.4299968630075,-5.90607206523418,
51.5));
#12671=CARTESIAN_POINT('',(-37.056782618165,-6.60357157886028,51.));
#12672=CARTESIAN_POINT('Ctrl Pts',(-37.056782618165,-6.60357157886028,51.));
#12673=CARTESIAN_POINT('Ctrl Pts',(-36.9329152902484,-6.50766153412158,
51.));
#12674=CARTESIAN_POINT('Ctrl Pts',(-36.681783434578,-6.31321100452859,51.));
#12675=CARTESIAN_POINT('Ctrl Pts',(-36.5146792239638,-6.04300346074751,
51.));
#12676=CARTESIAN_POINT('Ctrl Pts',(-36.4299968630075,-5.90607206523418,
51.));
#12677=CARTESIAN_POINT('',(-37.056782618165,-6.60357157886028,51.5));
#12678=CARTESIAN_POINT('Ctrl Pts',(-38.0114272981882,-6.86714331805706,
51.5));
#12679=CARTESIAN_POINT('Ctrl Pts',(-38.0114272981882,-6.86714331805706,
51.));
#12680=CARTESIAN_POINT('Ctrl Pts',(-37.8338002627221,-6.85850360049481,
51.5));
#12681=CARTESIAN_POINT('Ctrl Pts',(-37.8338002627221,-6.85850360049481,
51.));
#12682=CARTESIAN_POINT('Ctrl Pts',(-37.4952937989663,-6.84203876319022,
51.5));
#12683=CARTESIAN_POINT('Ctrl Pts',(-37.4952937989663,-6.84203876319022,
51.));
#12684=CARTESIAN_POINT('Ctrl Pts',(-37.1980509823493,-6.68039486300177,
51.5));
#12685=CARTESIAN_POINT('Ctrl Pts',(-37.1980509823493,-6.68039486300177,
51.));
#12686=CARTESIAN_POINT('Ctrl Pts',(-37.056782618165,-6.60357157886028,51.5));
#12687=CARTESIAN_POINT('Ctrl Pts',(-37.056782618165,-6.60357157886028,51.));
#12688=CARTESIAN_POINT('',(-38.0114272981882,-6.86714331805706,51.5));
#12689=CARTESIAN_POINT('Ctrl Pts',(-38.0114272981882,-6.86714331805706,
51.5));
#12690=CARTESIAN_POINT('Ctrl Pts',(-37.8338002627221,-6.85850360049481,
51.5));
#12691=CARTESIAN_POINT('Ctrl Pts',(-37.4952937989663,-6.84203876319022,
51.5));
#12692=CARTESIAN_POINT('Ctrl Pts',(-37.1980509823493,-6.68039486300177,
51.5));
#12693=CARTESIAN_POINT('Ctrl Pts',(-37.056782618165,-6.60357157886028,51.5));
#12694=CARTESIAN_POINT('',(-38.0114272981882,-6.86714331805706,51.));
#12695=CARTESIAN_POINT('Ctrl Pts',(-38.0114272981882,-6.86714331805706,
51.));
#12696=CARTESIAN_POINT('Ctrl Pts',(-37.8338002627221,-6.85850360049481,
51.));
#12697=CARTESIAN_POINT('Ctrl Pts',(-37.4952937989663,-6.84203876319022,
51.));
#12698=CARTESIAN_POINT('Ctrl Pts',(-37.1980509823493,-6.68039486300177,
51.));
#12699=CARTESIAN_POINT('Ctrl Pts',(-37.056782618165,-6.60357157886028,51.));
#12700=CARTESIAN_POINT('',(-38.0114272981882,-6.86714331805706,51.5));
#12701=CARTESIAN_POINT('Ctrl Pts',(-38.9692834764719,-6.61000053584576,
51.5));
#12702=CARTESIAN_POINT('Ctrl Pts',(-38.9692834764719,-6.61000053584576,
51.));
#12703=CARTESIAN_POINT('Ctrl Pts',(-38.827052197066,-6.68495030974826,51.5));
#12704=CARTESIAN_POINT('Ctrl Pts',(-38.827052197066,-6.68495030974826,51.));
#12705=CARTESIAN_POINT('Ctrl Pts',(-38.5276786567379,-6.84270730422736,
51.5));
#12706=CARTESIAN_POINT('Ctrl Pts',(-38.5276786567379,-6.84270730422736,
51.));
#12707=CARTESIAN_POINT('Ctrl Pts',(-38.1891317839135,-6.85873193240379,
51.5));
#12708=CARTESIAN_POINT('Ctrl Pts',(-38.1891317839135,-6.85873193240379,
51.));
#12709=CARTESIAN_POINT('Ctrl Pts',(-38.0114272981882,-6.86714331805706,
51.5));
#12710=CARTESIAN_POINT('Ctrl Pts',(-38.0114272981882,-6.86714331805706,
51.));
#12711=CARTESIAN_POINT('Ctrl Pts',(-38.9692834764719,-6.61000053584576,
51.5));
#12712=CARTESIAN_POINT('Ctrl Pts',(-38.827052197066,-6.68495030974826,51.5));
#12713=CARTESIAN_POINT('Ctrl Pts',(-38.5276786567379,-6.84270730422736,
51.5));
#12714=CARTESIAN_POINT('Ctrl Pts',(-38.1891317839135,-6.85873193240379,
51.5));
#12715=CARTESIAN_POINT('Ctrl Pts',(-38.0114272981882,-6.86714331805706,
51.5));
#12716=CARTESIAN_POINT('Ctrl Pts',(-38.9692834764719,-6.61000053584576,
51.));
#12717=CARTESIAN_POINT('Ctrl Pts',(-38.827052197066,-6.68495030974826,51.));
#12718=CARTESIAN_POINT('Ctrl Pts',(-38.5276786567379,-6.84270730422736,
51.));
#12719=CARTESIAN_POINT('Ctrl Pts',(-38.1891317839135,-6.85873193240379,
51.));
#12720=CARTESIAN_POINT('Ctrl Pts',(-38.0114272981882,-6.86714331805706,
51.));
#12721=CARTESIAN_POINT('Ctrl Pts',(-34.9482110887766,-7.15964357554913,
51.5));
#12722=CARTESIAN_POINT('Ctrl Pts',(-34.9482110887766,-7.15964357554913,
51.));
#12723=CARTESIAN_POINT('Ctrl Pts',(-35.1167443142516,-7.37514277249812,
51.5));
#12724=CARTESIAN_POINT('Ctrl Pts',(-35.1167443142516,-7.37514277249812,
51.));
#12725=CARTESIAN_POINT('Ctrl Pts',(-35.45728567797,-7.81058444996207,51.5));
#12726=CARTESIAN_POINT('Ctrl Pts',(-35.45728567797,-7.81058444996207,51.));
#12727=CARTESIAN_POINT('Ctrl Pts',(-35.9284443171701,-8.09992515832158,
51.5));
#12728=CARTESIAN_POINT('Ctrl Pts',(-35.9284443171701,-8.09992515832158,
51.));
#12729=CARTESIAN_POINT('Ctrl Pts',(-36.1664275079966,-8.24607174098492,
51.5));
#12730=CARTESIAN_POINT('Ctrl Pts',(-36.1664275079966,-8.24607174098492,
51.));
#12731=CARTESIAN_POINT('',(-34.9482110887766,-7.15964357554913,51.5));
#12732=CARTESIAN_POINT('',(-36.1664275079966,-8.24607174098492,51.5));
#12733=CARTESIAN_POINT('Ctrl Pts',(-34.9482110887766,-7.15964357554913,
51.5));
#12734=CARTESIAN_POINT('Ctrl Pts',(-35.1167443142516,-7.37514277249812,
51.5));
#12735=CARTESIAN_POINT('Ctrl Pts',(-35.45728567797,-7.81058444996207,51.5));
#12736=CARTESIAN_POINT('Ctrl Pts',(-35.9284443171701,-8.09992515832158,
51.5));
#12737=CARTESIAN_POINT('Ctrl Pts',(-36.1664275079966,-8.24607174098492,
51.5));
#12738=CARTESIAN_POINT('',(-36.1664275079966,-8.24607174098492,51.));
#12739=CARTESIAN_POINT('',(-36.1664275079966,-8.24607174098492,51.5));
#12740=CARTESIAN_POINT('',(-34.9482110887766,-7.15964357554913,51.));
#12741=CARTESIAN_POINT('Ctrl Pts',(-34.9482110887766,-7.15964357554913,
51.));
#12742=CARTESIAN_POINT('Ctrl Pts',(-35.1167443142516,-7.37514277249812,
51.));
#12743=CARTESIAN_POINT('Ctrl Pts',(-35.45728567797,-7.81058444996207,51.));
#12744=CARTESIAN_POINT('Ctrl Pts',(-35.9284443171701,-8.09992515832158,
51.));
#12745=CARTESIAN_POINT('Ctrl Pts',(-36.1664275079966,-8.24607174098492,
51.));
#12746=CARTESIAN_POINT('',(-34.9482110887766,-7.15964357554913,51.5));
#12747=CARTESIAN_POINT('Ctrl Pts',(-34.2699984461069,-5.65857212245464,
51.5));
#12748=CARTESIAN_POINT('Ctrl Pts',(-34.2699984461069,-5.65857212245464,
51.));
#12749=CARTESIAN_POINT('Ctrl Pts',(-34.350645705949,-5.92588688012106,51.5));
#12750=CARTESIAN_POINT('Ctrl Pts',(-34.350645705949,-5.92588688012106,51.));
#12751=CARTESIAN_POINT('Ctrl Pts',(-34.5106266660812,-6.45616244897077,
51.5));
#12752=CARTESIAN_POINT('Ctrl Pts',(-34.5106266660812,-6.45616244897077,
51.));
#12753=CARTESIAN_POINT('Ctrl Pts',(-34.8031502246387,-6.92643696481667,
51.5));
#12754=CARTESIAN_POINT('Ctrl Pts',(-34.8031502246387,-6.92643696481667,
51.));
#12755=CARTESIAN_POINT('Ctrl Pts',(-34.9482110887766,-7.15964357554913,
51.5));
#12756=CARTESIAN_POINT('Ctrl Pts',(-34.9482110887766,-7.15964357554913,
51.));
#12757=CARTESIAN_POINT('',(-34.2699984461069,-5.65857212245464,51.5));
#12758=CARTESIAN_POINT('Ctrl Pts',(-34.2699984461069,-5.65857212245464,
51.5));
#12759=CARTESIAN_POINT('Ctrl Pts',(-34.350645705949,-5.92588688012106,51.5));
#12760=CARTESIAN_POINT('Ctrl Pts',(-34.5106266660812,-6.45616244897077,
51.5));
#12761=CARTESIAN_POINT('Ctrl Pts',(-34.8031502246387,-6.92643696481667,
51.5));
#12762=CARTESIAN_POINT('Ctrl Pts',(-34.9482110887766,-7.15964357554913,
51.5));
#12763=CARTESIAN_POINT('',(-34.2699984461069,-5.65857212245464,51.));
#12764=CARTESIAN_POINT('Ctrl Pts',(-34.2699984461069,-5.65857212245464,
51.));
#12765=CARTESIAN_POINT('Ctrl Pts',(-34.350645705949,-5.92588688012106,51.));
#12766=CARTESIAN_POINT('Ctrl Pts',(-34.5106266660812,-6.45616244897077,
51.));
#12767=CARTESIAN_POINT('Ctrl Pts',(-34.8031502246387,-6.92643696481667,
51.));
#12768=CARTESIAN_POINT('Ctrl Pts',(-34.9482110887766,-7.15964357554913,
51.));
#12769=CARTESIAN_POINT('',(-34.2699984461069,-5.65857212245464,51.5));
#12770=CARTESIAN_POINT('Ctrl Pts',(-34.0578535944223,-4.00000135600567,
51.5));
#12771=CARTESIAN_POINT('Ctrl Pts',(-34.0578535944223,-4.00000135600567,
51.));
#12772=CARTESIAN_POINT('Ctrl Pts',(-34.0668411794333,-4.27861041824779,
51.5));
#12773=CARTESIAN_POINT('Ctrl Pts',(-34.0668411794333,-4.27861041824779,
51.));
#12774=CARTESIAN_POINT('Ctrl Pts',(-34.0848924992247,-4.83818913412557,
51.5));
#12775=CARTESIAN_POINT('Ctrl Pts',(-34.0848924992247,-4.83818913412557,
51.));
#12776=CARTESIAN_POINT('Ctrl Pts',(-34.2081231803069,-5.38434313999544,
51.5));
#12777=CARTESIAN_POINT('Ctrl Pts',(-34.2081231803069,-5.38434313999544,
51.));
#12778=CARTESIAN_POINT('Ctrl Pts',(-34.2699984461069,-5.65857212245464,
51.5));
#12779=CARTESIAN_POINT('Ctrl Pts',(-34.2699984461069,-5.65857212245464,
51.));
#12780=CARTESIAN_POINT('',(-34.0578535944223,-4.00000135600567,51.5));
#12781=CARTESIAN_POINT('Ctrl Pts',(-34.0578535944223,-4.00000135600567,
51.5));
#12782=CARTESIAN_POINT('Ctrl Pts',(-34.0668411794333,-4.27861041824779,
51.5));
#12783=CARTESIAN_POINT('Ctrl Pts',(-34.0848924992247,-4.83818913412557,
51.5));
#12784=CARTESIAN_POINT('Ctrl Pts',(-34.2081231803069,-5.38434313999544,
51.5));
#12785=CARTESIAN_POINT('Ctrl Pts',(-34.2699984461069,-5.65857212245464,
51.5));
#12786=CARTESIAN_POINT('',(-34.0578535944223,-4.00000135600567,51.));
#12787=CARTESIAN_POINT('Ctrl Pts',(-34.0578535944223,-4.00000135600567,
51.));
#12788=CARTESIAN_POINT('Ctrl Pts',(-34.0668411794333,-4.27861041824779,
51.));
#12789=CARTESIAN_POINT('Ctrl Pts',(-34.0848924992247,-4.83818913412557,
51.));
#12790=CARTESIAN_POINT('Ctrl Pts',(-34.2081231803069,-5.38434313999544,
51.));
#12791=CARTESIAN_POINT('Ctrl Pts',(-34.2699984461069,-5.65857212245464,
51.));
#12792=CARTESIAN_POINT('',(-34.0578535944223,-4.00000135600567,51.5));
#12793=CARTESIAN_POINT('Ctrl Pts',(-34.2699984461069,-2.3414293974638,51.5));
#12794=CARTESIAN_POINT('Ctrl Pts',(-34.2699984461069,-2.3414293974638,51.));
#12795=CARTESIAN_POINT('Ctrl Pts',(-34.2081231801999,-2.61565838031742,
51.5));
#12796=CARTESIAN_POINT('Ctrl Pts',(-34.2081231801999,-2.61565838031742,
51.));
#12797=CARTESIAN_POINT('Ctrl Pts',(-34.0848924114021,-3.16181277478046,
51.5));
#12798=CARTESIAN_POINT('Ctrl Pts',(-34.0848924114021,-3.16181277478046,
51.));
#12799=CARTESIAN_POINT('Ctrl Pts',(-34.0668411545382,-3.72139189362299,
51.5));
#12800=CARTESIAN_POINT('Ctrl Pts',(-34.0668411545382,-3.72139189362299,
51.));
#12801=CARTESIAN_POINT('Ctrl Pts',(-34.0578535944223,-4.00000135600567,
51.5));
#12802=CARTESIAN_POINT('Ctrl Pts',(-34.0578535944223,-4.00000135600567,
51.));
#12803=CARTESIAN_POINT('',(-34.2699984461069,-2.3414293974638,51.5));
#12804=CARTESIAN_POINT('Ctrl Pts',(-34.2699984461069,-2.3414293974638,51.5));
#12805=CARTESIAN_POINT('Ctrl Pts',(-34.2081231801999,-2.61565838031742,
51.5));
#12806=CARTESIAN_POINT('Ctrl Pts',(-34.0848924114021,-3.16181277478046,
51.5));
#12807=CARTESIAN_POINT('Ctrl Pts',(-34.0668411545382,-3.72139189362299,
51.5));
#12808=CARTESIAN_POINT('Ctrl Pts',(-34.0578535944223,-4.00000135600567,
51.5));
#12809=CARTESIAN_POINT('',(-34.2699984461069,-2.3414293974638,51.));
#12810=CARTESIAN_POINT('Ctrl Pts',(-34.2699984461069,-2.3414293974638,51.));
#12811=CARTESIAN_POINT('Ctrl Pts',(-34.2081231801999,-2.61565838031742,
51.));
#12812=CARTESIAN_POINT('Ctrl Pts',(-34.0848924114021,-3.16181277478046,
51.));
#12813=CARTESIAN_POINT('Ctrl Pts',(-34.0668411545382,-3.72139189362299,
51.));
#12814=CARTESIAN_POINT('Ctrl Pts',(-34.0578535944223,-4.00000135600567,
51.));
#12815=CARTESIAN_POINT('',(-34.2699984461069,-2.3414293974638,51.5));
#12816=CARTESIAN_POINT('Ctrl Pts',(-34.9482110887766,-0.840357944369318,
51.5));
#12817=CARTESIAN_POINT('Ctrl Pts',(-34.9482110887766,-0.840357944369318,
51.));
#12818=CARTESIAN_POINT('Ctrl Pts',(-34.8031502467872,-1.07356476459871,
51.5));
#12819=CARTESIAN_POINT('Ctrl Pts',(-34.8031502467872,-1.07356476459871,
51.));
#12820=CARTESIAN_POINT('Ctrl Pts',(-34.5106269257845,-1.54383939280579,
51.5));
#12821=CARTESIAN_POINT('Ctrl Pts',(-34.5106269257845,-1.54383939280579,
51.));
#12822=CARTESIAN_POINT('Ctrl Pts',(-34.3506457582092,-2.07411486295197,
51.5));
#12823=CARTESIAN_POINT('Ctrl Pts',(-34.3506457582092,-2.07411486295197,
51.));
#12824=CARTESIAN_POINT('Ctrl Pts',(-34.2699984461069,-2.3414293974638,51.5));
#12825=CARTESIAN_POINT('Ctrl Pts',(-34.2699984461069,-2.3414293974638,51.));
#12826=CARTESIAN_POINT('',(-34.9482110887766,-0.840357944369318,51.5));
#12827=CARTESIAN_POINT('Ctrl Pts',(-34.9482110887766,-0.840357944369318,
51.5));
#12828=CARTESIAN_POINT('Ctrl Pts',(-34.8031502467872,-1.07356476459871,
51.5));
#12829=CARTESIAN_POINT('Ctrl Pts',(-34.5106269257845,-1.54383939280579,
51.5));
#12830=CARTESIAN_POINT('Ctrl Pts',(-34.3506457582092,-2.07411486295197,
51.5));
#12831=CARTESIAN_POINT('Ctrl Pts',(-34.2699984461069,-2.3414293974638,51.5));
#12832=CARTESIAN_POINT('',(-34.9482110887766,-0.840357944369318,51.));
#12833=CARTESIAN_POINT('Ctrl Pts',(-34.9482110887766,-0.840357944369318,
51.));
#12834=CARTESIAN_POINT('Ctrl Pts',(-34.8031502467872,-1.07356476459871,
51.));
#12835=CARTESIAN_POINT('Ctrl Pts',(-34.5106269257845,-1.54383939280579,
51.));
#12836=CARTESIAN_POINT('Ctrl Pts',(-34.3506457582092,-2.07411486295197,
51.));
#12837=CARTESIAN_POINT('Ctrl Pts',(-34.2699984461069,-2.3414293974638,51.));
#12838=CARTESIAN_POINT('',(-34.9482110887766,-0.840357944369318,51.5));
#12839=CARTESIAN_POINT('Ctrl Pts',(-36.1664275079966,0.246070817112922,
51.5));
#12840=CARTESIAN_POINT('Ctrl Pts',(-36.1664275079966,0.246070817112922,
51.));
#12841=CARTESIAN_POINT('Ctrl Pts',(-35.9284442947939,0.0999242534263034,
51.5));
#12842=CARTESIAN_POINT('Ctrl Pts',(-35.9284442947939,0.0999242534263034,
51.));
#12843=CARTESIAN_POINT('Ctrl Pts',(-35.4572854830726,-0.189416496104208,
51.5));
#12844=CARTESIAN_POINT('Ctrl Pts',(-35.4572854830726,-0.189416496104208,
51.));
#12845=CARTESIAN_POINT('Ctrl Pts',(-35.1167442810425,-0.624858517402375,
51.5));
#12846=CARTESIAN_POINT('Ctrl Pts',(-35.1167442810425,-0.624858517402375,
51.));
#12847=CARTESIAN_POINT('Ctrl Pts',(-34.9482110887766,-0.840357944369318,
51.5));
#12848=CARTESIAN_POINT('Ctrl Pts',(-34.9482110887766,-0.840357944369318,
51.));
#12849=CARTESIAN_POINT('',(-36.1664275079966,0.246070817112922,51.5));
#12850=CARTESIAN_POINT('Ctrl Pts',(-36.1664275079966,0.246070817112922,
51.5));
#12851=CARTESIAN_POINT('Ctrl Pts',(-35.9284442947939,0.0999242534263034,
51.5));
#12852=CARTESIAN_POINT('Ctrl Pts',(-35.4572854830726,-0.189416496104208,
51.5));
#12853=CARTESIAN_POINT('Ctrl Pts',(-35.1167442810425,-0.624858517402375,
51.5));
#12854=CARTESIAN_POINT('Ctrl Pts',(-34.9482110887766,-0.840357944369318,
51.5));
#12855=CARTESIAN_POINT('',(-36.1664275079966,0.246070817112922,51.));
#12856=CARTESIAN_POINT('Ctrl Pts',(-36.1664275079966,0.246070817112922,
51.));
#12857=CARTESIAN_POINT('Ctrl Pts',(-35.9284442947939,0.0999242534263034,
51.));
#12858=CARTESIAN_POINT('Ctrl Pts',(-35.4572854830726,-0.189416496104208,
51.));
#12859=CARTESIAN_POINT('Ctrl Pts',(-35.1167442810425,-0.624858517402375,
51.));
#12860=CARTESIAN_POINT('Ctrl Pts',(-34.9482110887766,-0.840357944369318,
51.));
#12861=CARTESIAN_POINT('',(-36.1664275079966,0.246070817112922,51.5));
#12862=CARTESIAN_POINT('Ctrl Pts',(-38.0114272981882,0.654284551739692,
51.5));
#12863=CARTESIAN_POINT('Ctrl Pts',(-38.0114272981882,0.654284551739692,
51.));
#12864=CARTESIAN_POINT('Ctrl Pts',(-37.6705316410093,0.642051259801641,
51.5));
#12865=CARTESIAN_POINT('Ctrl Pts',(-37.6705316410093,0.642051259801641,
51.));
#12866=CARTESIAN_POINT('Ctrl Pts',(-37.0295651658069,0.619049705371332,
51.5));
#12867=CARTESIAN_POINT('Ctrl Pts',(-37.0295651658069,0.619049705371332,
51.));
#12868=CARTESIAN_POINT('Ctrl Pts',(-36.4416582824946,0.365003489506334,
51.5));
#12869=CARTESIAN_POINT('Ctrl Pts',(-36.4416582824946,0.365003489506334,
51.));
#12870=CARTESIAN_POINT('Ctrl Pts',(-36.1664275079966,0.246070817112922,
51.5));
#12871=CARTESIAN_POINT('Ctrl Pts',(-36.1664275079966,0.246070817112922,
51.));
#12872=CARTESIAN_POINT('',(-38.0114272981882,0.654284551739692,51.5));
#12873=CARTESIAN_POINT('Ctrl Pts',(-38.0114272981882,0.654284551739692,
51.5));
#12874=CARTESIAN_POINT('Ctrl Pts',(-37.6705316410093,0.642051259801641,
51.5));
#12875=CARTESIAN_POINT('Ctrl Pts',(-37.0295651658069,0.619049705371332,
51.5));
#12876=CARTESIAN_POINT('Ctrl Pts',(-36.4416582824946,0.365003489506334,
51.5));
#12877=CARTESIAN_POINT('Ctrl Pts',(-36.1664275079966,0.246070817112922,
51.5));
#12878=CARTESIAN_POINT('',(-38.0114272981882,0.654284551739692,51.));
#12879=CARTESIAN_POINT('Ctrl Pts',(-38.0114272981882,0.654284551739692,
51.));
#12880=CARTESIAN_POINT('Ctrl Pts',(-37.6705316410093,0.642051259801641,
51.));
#12881=CARTESIAN_POINT('Ctrl Pts',(-37.0295651658069,0.619049705371332,
51.));
#12882=CARTESIAN_POINT('Ctrl Pts',(-36.4416582824946,0.365003489506334,
51.));
#12883=CARTESIAN_POINT('Ctrl Pts',(-36.1664275079966,0.246070817112922,
51.));
#12884=CARTESIAN_POINT('',(-38.0114272981882,0.654284551739692,51.5));
#12885=CARTESIAN_POINT('Ctrl Pts',(-39.8499969393015,0.246070817112922,
51.5));
#12886=CARTESIAN_POINT('Ctrl Pts',(-39.8499969393015,0.246070817112922,
51.));
#12887=CARTESIAN_POINT('Ctrl Pts',(-39.5742363673572,0.365021482856978,
51.5));
#12888=CARTESIAN_POINT('Ctrl Pts',(-39.5742363673572,0.365021482856978,
51.));
#12889=CARTESIAN_POINT('Ctrl Pts',(-38.9881962166641,0.617812756048055,
51.5));
#12890=CARTESIAN_POINT('Ctrl Pts',(-38.9881962166641,0.617812756048055,
51.));
#12891=CARTESIAN_POINT('Ctrl Pts',(-38.349556024584,0.641659086705625,51.5));
#12892=CARTESIAN_POINT('Ctrl Pts',(-38.349556024584,0.641659086705625,51.));
#12893=CARTESIAN_POINT('Ctrl Pts',(-38.0114272981882,0.654284551739692,
51.5));
#12894=CARTESIAN_POINT('Ctrl Pts',(-38.0114272981882,0.654284551739692,
51.));
#12895=CARTESIAN_POINT('',(-39.8499969393015,0.246070817112922,51.5));
#12896=CARTESIAN_POINT('Ctrl Pts',(-39.8499969393015,0.246070817112922,
51.5));
#12897=CARTESIAN_POINT('Ctrl Pts',(-39.5742363673572,0.365021482856978,
51.5));
#12898=CARTESIAN_POINT('Ctrl Pts',(-38.9881962166641,0.617812756048055,
51.5));
#12899=CARTESIAN_POINT('Ctrl Pts',(-38.349556024584,0.641659086705625,51.5));
#12900=CARTESIAN_POINT('Ctrl Pts',(-38.0114272981882,0.654284551739692,
51.5));
#12901=CARTESIAN_POINT('',(-39.8499969393015,0.246070817112922,51.));
#12902=CARTESIAN_POINT('Ctrl Pts',(-39.8499969393015,0.246070817112922,
51.));
#12903=CARTESIAN_POINT('Ctrl Pts',(-39.5742363673572,0.365021482856978,
51.));
#12904=CARTESIAN_POINT('Ctrl Pts',(-38.9881962166641,0.617812756048055,
51.));
#12905=CARTESIAN_POINT('Ctrl Pts',(-38.349556024584,0.641659086705625,51.));
#12906=CARTESIAN_POINT('Ctrl Pts',(-38.0114272981882,0.654284551739692,
51.));
#12907=CARTESIAN_POINT('',(-39.8499969393015,0.246070817112922,51.5));
#12908=CARTESIAN_POINT('Ctrl Pts',(-41.074641123414,-0.840357944369315,
51.5));
#12909=CARTESIAN_POINT('Ctrl Pts',(-41.074641123414,-0.840357944369315,
51.));
#12910=CARTESIAN_POINT('Ctrl Pts',(-40.9056200194196,-0.624747209660319,
51.5));
#12911=CARTESIAN_POINT('Ctrl Pts',(-40.9056200194196,-0.624747209660319,
51.));
#12912=CARTESIAN_POINT('Ctrl Pts',(-40.5634972201569,-0.188320359010107,
51.5));
#12913=CARTESIAN_POINT('Ctrl Pts',(-40.5634972201569,-0.188320359010107,
51.));
#12914=CARTESIAN_POINT('Ctrl Pts',(-40.0897140131236,0.100126961968934,
51.5));
#12915=CARTESIAN_POINT('Ctrl Pts',(-40.0897140131236,0.100126961968934,
51.));
#12916=CARTESIAN_POINT('Ctrl Pts',(-39.8499969393015,0.246070817112922,
51.5));
#12917=CARTESIAN_POINT('Ctrl Pts',(-39.8499969393015,0.246070817112922,
51.));
#12918=CARTESIAN_POINT('',(-41.074641123414,-0.840357944369315,51.5));
#12919=CARTESIAN_POINT('Ctrl Pts',(-41.074641123414,-0.840357944369315,
51.5));
#12920=CARTESIAN_POINT('Ctrl Pts',(-40.9056200194196,-0.624747209660319,
51.5));
#12921=CARTESIAN_POINT('Ctrl Pts',(-40.5634972201569,-0.188320359010107,
51.5));
#12922=CARTESIAN_POINT('Ctrl Pts',(-40.0897140131236,0.100126961968934,
51.5));
#12923=CARTESIAN_POINT('Ctrl Pts',(-39.8499969393015,0.246070817112922,
51.5));
#12924=CARTESIAN_POINT('',(-41.074641123414,-0.840357944369315,51.));
#12925=CARTESIAN_POINT('Ctrl Pts',(-41.074641123414,-0.840357944369315,
51.));
#12926=CARTESIAN_POINT('Ctrl Pts',(-40.9056200194196,-0.624747209660319,
51.));
#12927=CARTESIAN_POINT('Ctrl Pts',(-40.5634972201569,-0.188320359010107,
51.));
#12928=CARTESIAN_POINT('Ctrl Pts',(-40.0897140131236,0.100126961968934,
51.));
#12929=CARTESIAN_POINT('Ctrl Pts',(-39.8499969393015,0.246070817112922,
51.));
#12930=CARTESIAN_POINT('',(-41.074641123414,-0.840357944369315,51.5));
#12931=CARTESIAN_POINT('Ctrl Pts',(-41.7560700327158,-2.3414293974638,51.5));
#12932=CARTESIAN_POINT('Ctrl Pts',(-41.7560700327158,-2.3414293974638,51.));
#12933=CARTESIAN_POINT('Ctrl Pts',(-41.6745035604587,-2.07414267330087,
51.5));
#12934=CARTESIAN_POINT('Ctrl Pts',(-41.6745035604587,-2.07414267330087,
51.));
#12935=CARTESIAN_POINT('Ctrl Pts',(-41.5127375738045,-1.54404863518305,
51.5));
#12936=CARTESIAN_POINT('Ctrl Pts',(-41.5127375738045,-1.54404863518305,
51.));
#12937=CARTESIAN_POINT('Ctrl Pts',(-41.2198482807474,-1.07359636655687,
51.5));
#12938=CARTESIAN_POINT('Ctrl Pts',(-41.2198482807474,-1.07359636655687,
51.));
#12939=CARTESIAN_POINT('Ctrl Pts',(-41.074641123414,-0.840357944369315,
51.5));
#12940=CARTESIAN_POINT('Ctrl Pts',(-41.074641123414,-0.840357944369315,
51.));
#12941=CARTESIAN_POINT('',(-41.7560700327158,-2.3414293974638,51.5));
#12942=CARTESIAN_POINT('Ctrl Pts',(-41.7560700327158,-2.3414293974638,51.5));
#12943=CARTESIAN_POINT('Ctrl Pts',(-41.6745035604587,-2.07414267330087,
51.5));
#12944=CARTESIAN_POINT('Ctrl Pts',(-41.5127375738045,-1.54404863518305,
51.5));
#12945=CARTESIAN_POINT('Ctrl Pts',(-41.2198482807474,-1.07359636655687,
51.5));
#12946=CARTESIAN_POINT('Ctrl Pts',(-41.074641123414,-0.840357944369315,
51.5));
#12947=CARTESIAN_POINT('',(-41.7560700327158,-2.3414293974638,51.));
#12948=CARTESIAN_POINT('Ctrl Pts',(-41.7560700327158,-2.3414293974638,51.));
#12949=CARTESIAN_POINT('Ctrl Pts',(-41.6745035604587,-2.07414267330087,
51.));
#12950=CARTESIAN_POINT('Ctrl Pts',(-41.5127375738045,-1.54404863518305,
51.));
#12951=CARTESIAN_POINT('Ctrl Pts',(-41.2198482807474,-1.07359636655687,
51.));
#12952=CARTESIAN_POINT('Ctrl Pts',(-41.074641123414,-0.840357944369315,
51.));
#12953=CARTESIAN_POINT('',(-41.7560700327158,-2.3414293974638,51.5));
#12954=CARTESIAN_POINT('Ctrl Pts',(-41.9714263826609,-4.00000135600567,
51.5));
#12955=CARTESIAN_POINT('Ctrl Pts',(-41.9714263826609,-4.00000135600567,
51.));
#12956=CARTESIAN_POINT('Ctrl Pts',(-41.9622951308249,-3.72135886156004,
51.5));
#12957=CARTESIAN_POINT('Ctrl Pts',(-41.9622951308249,-3.72135886156004,
51.));
#12958=CARTESIAN_POINT('Ctrl Pts',(-41.9439508392467,-3.16157809370646,
51.5));
#12959=CARTESIAN_POINT('Ctrl Pts',(-41.9439508392467,-3.16157809370646,
51.));
#12960=CARTESIAN_POINT('Ctrl Pts',(-41.8188828398504,-2.6156236743035,51.5));
#12961=CARTESIAN_POINT('Ctrl Pts',(-41.8188828398504,-2.6156236743035,51.));
#12962=CARTESIAN_POINT('Ctrl Pts',(-41.7560700327158,-2.3414293974638,51.5));
#12963=CARTESIAN_POINT('Ctrl Pts',(-41.7560700327158,-2.3414293974638,51.));
#12964=CARTESIAN_POINT('',(-41.9714263826609,-4.00000135600567,51.5));
#12965=CARTESIAN_POINT('Ctrl Pts',(-41.9714263826609,-4.00000135600567,
51.5));
#12966=CARTESIAN_POINT('Ctrl Pts',(-41.9622951308249,-3.72135886156004,
51.5));
#12967=CARTESIAN_POINT('Ctrl Pts',(-41.9439508392467,-3.16157809370646,
51.5));
#12968=CARTESIAN_POINT('Ctrl Pts',(-41.8188828398504,-2.6156236743035,51.5));
#12969=CARTESIAN_POINT('Ctrl Pts',(-41.7560700327158,-2.3414293974638,51.5));
#12970=CARTESIAN_POINT('',(-41.9714263826609,-4.00000135600567,51.));
#12971=CARTESIAN_POINT('Ctrl Pts',(-41.9714263826609,-4.00000135600567,
51.));
#12972=CARTESIAN_POINT('Ctrl Pts',(-41.9622951308249,-3.72135886156004,
51.));
#12973=CARTESIAN_POINT('Ctrl Pts',(-41.9439508392467,-3.16157809370646,
51.));
#12974=CARTESIAN_POINT('Ctrl Pts',(-41.8188828398504,-2.6156236743035,51.));
#12975=CARTESIAN_POINT('Ctrl Pts',(-41.7560700327158,-2.3414293974638,51.));
#12976=CARTESIAN_POINT('',(-41.9714263826609,-4.00000135600567,51.5));
#12977=CARTESIAN_POINT('Ctrl Pts',(-41.7560700327158,-5.65857212245464,
51.5));
#12978=CARTESIAN_POINT('Ctrl Pts',(-41.7560700327158,-5.65857212245464,
51.));
#12979=CARTESIAN_POINT('Ctrl Pts',(-41.8188816439149,-5.38437739620352,
51.5));
#12980=CARTESIAN_POINT('Ctrl Pts',(-41.8188816439149,-5.38437739620352,
51.));
#12981=CARTESIAN_POINT('Ctrl Pts',(-41.9439470433013,-4.83842303691272,
51.5));
#12982=CARTESIAN_POINT('Ctrl Pts',(-41.9439470433013,-4.83842303691272,
51.));
#12983=CARTESIAN_POINT('Ctrl Pts',(-41.962293880037,-4.27864299657053,51.5));
#12984=CARTESIAN_POINT('Ctrl Pts',(-41.962293880037,-4.27864299657053,51.));
#12985=CARTESIAN_POINT('Ctrl Pts',(-41.9714263826609,-4.00000135600567,
51.5));
#12986=CARTESIAN_POINT('Ctrl Pts',(-41.9714263826609,-4.00000135600567,
51.));
#12987=CARTESIAN_POINT('',(-41.7560700327158,-5.65857212245464,51.5));
#12988=CARTESIAN_POINT('Ctrl Pts',(-41.7560700327158,-5.65857212245464,
51.5));
#12989=CARTESIAN_POINT('Ctrl Pts',(-41.8188816439149,-5.38437739620352,
51.5));
#12990=CARTESIAN_POINT('Ctrl Pts',(-41.9439470433013,-4.83842303691272,
51.5));
#12991=CARTESIAN_POINT('Ctrl Pts',(-41.962293880037,-4.27864299657053,51.5));
#12992=CARTESIAN_POINT('Ctrl Pts',(-41.9714263826609,-4.00000135600567,
51.5));
#12993=CARTESIAN_POINT('',(-41.7560700327158,-5.65857212245464,51.));
#12994=CARTESIAN_POINT('Ctrl Pts',(-41.7560700327158,-5.65857212245464,
51.));
#12995=CARTESIAN_POINT('Ctrl Pts',(-41.8188816439149,-5.38437739620352,
51.));
#12996=CARTESIAN_POINT('Ctrl Pts',(-41.9439470433013,-4.83842303691272,
51.));
#12997=CARTESIAN_POINT('Ctrl Pts',(-41.962293880037,-4.27864299657053,51.));
#12998=CARTESIAN_POINT('Ctrl Pts',(-41.9714263826609,-4.00000135600567,
51.));
#12999=CARTESIAN_POINT('',(-41.7560700327158,-5.65857212245464,51.5));
#13000=CARTESIAN_POINT('Ctrl Pts',(-41.074641123414,-7.15964357554913,51.5));
#13001=CARTESIAN_POINT('Ctrl Pts',(-41.074641123414,-7.15964357554913,51.));
#13002=CARTESIAN_POINT('Ctrl Pts',(-41.2198482807474,-6.92640515336157,
51.5));
#13003=CARTESIAN_POINT('Ctrl Pts',(-41.2198482807474,-6.92640515336157,
51.));
#13004=CARTESIAN_POINT('Ctrl Pts',(-41.5127375738045,-6.45595288473539,
51.5));
#13005=CARTESIAN_POINT('Ctrl Pts',(-41.5127375738045,-6.45595288473539,
51.));
#13006=CARTESIAN_POINT('Ctrl Pts',(-41.6745035604587,-5.92585884661757,
51.5));
#13007=CARTESIAN_POINT('Ctrl Pts',(-41.6745035604587,-5.92585884661757,
51.));
#13008=CARTESIAN_POINT('Ctrl Pts',(-41.7560700327158,-5.65857212245464,
51.5));
#13009=CARTESIAN_POINT('Ctrl Pts',(-41.7560700327158,-5.65857212245464,
51.));
#13010=CARTESIAN_POINT('',(-41.074641123414,-7.15964357554913,51.5));
#13011=CARTESIAN_POINT('Ctrl Pts',(-41.074641123414,-7.15964357554913,51.5));
#13012=CARTESIAN_POINT('Ctrl Pts',(-41.2198482807474,-6.92640515336157,
51.5));
#13013=CARTESIAN_POINT('Ctrl Pts',(-41.5127375738045,-6.45595288473539,
51.5));
#13014=CARTESIAN_POINT('Ctrl Pts',(-41.6745035604587,-5.92585884661757,
51.5));
#13015=CARTESIAN_POINT('Ctrl Pts',(-41.7560700327158,-5.65857212245464,
51.5));
#13016=CARTESIAN_POINT('',(-41.074641123414,-7.15964357554913,51.));
#13017=CARTESIAN_POINT('Ctrl Pts',(-41.074641123414,-7.15964357554913,51.));
#13018=CARTESIAN_POINT('Ctrl Pts',(-41.2198482807474,-6.92640515336157,
51.));
#13019=CARTESIAN_POINT('Ctrl Pts',(-41.5127375738045,-6.45595288473539,
51.));
#13020=CARTESIAN_POINT('Ctrl Pts',(-41.6745035604587,-5.92585884661757,
51.));
#13021=CARTESIAN_POINT('Ctrl Pts',(-41.7560700327158,-5.65857212245464,
51.));
#13022=CARTESIAN_POINT('',(-41.074641123414,-7.15964357554913,51.5));
#13023=CARTESIAN_POINT('Ctrl Pts',(-39.8499969393015,-8.24607174098492,
51.5));
#13024=CARTESIAN_POINT('Ctrl Pts',(-39.8499969393015,-8.24607174098492,
51.));
#13025=CARTESIAN_POINT('Ctrl Pts',(-40.0897139906279,-8.10012786671336,
51.5));
#13026=CARTESIAN_POINT('Ctrl Pts',(-40.0897139906279,-8.10012786671336,
51.));
#13027=CARTESIAN_POINT('Ctrl Pts',(-40.563497024825,-7.81168058608701,51.5));
#13028=CARTESIAN_POINT('Ctrl Pts',(-40.563497024825,-7.81168058608701,51.));
#13029=CARTESIAN_POINT('Ctrl Pts',(-40.9056199862224,-7.37525408013363,
51.5));
#13030=CARTESIAN_POINT('Ctrl Pts',(-40.9056199862224,-7.37525408013363,
51.));
#13031=CARTESIAN_POINT('Ctrl Pts',(-41.074641123414,-7.15964357554913,51.5));
#13032=CARTESIAN_POINT('Ctrl Pts',(-41.074641123414,-7.15964357554913,51.));
#13033=CARTESIAN_POINT('',(-39.8499969393015,-8.24607174098492,51.5));
#13034=CARTESIAN_POINT('Ctrl Pts',(-39.8499969393015,-8.24607174098492,
51.5));
#13035=CARTESIAN_POINT('Ctrl Pts',(-40.0897139906279,-8.10012786671336,
51.5));
#13036=CARTESIAN_POINT('Ctrl Pts',(-40.563497024825,-7.81168058608701,51.5));
#13037=CARTESIAN_POINT('Ctrl Pts',(-40.9056199862224,-7.37525408013363,
51.5));
#13038=CARTESIAN_POINT('Ctrl Pts',(-41.074641123414,-7.15964357554913,51.5));
#13039=CARTESIAN_POINT('',(-39.8499969393015,-8.24607174098492,51.));
#13040=CARTESIAN_POINT('Ctrl Pts',(-39.8499969393015,-8.24607174098492,
51.));
#13041=CARTESIAN_POINT('Ctrl Pts',(-40.0897139906279,-8.10012786671336,
51.));
#13042=CARTESIAN_POINT('Ctrl Pts',(-40.563497024825,-7.81168058608701,51.));
#13043=CARTESIAN_POINT('Ctrl Pts',(-40.9056199862224,-7.37525408013363,
51.));
#13044=CARTESIAN_POINT('Ctrl Pts',(-41.074641123414,-7.15964357554913,51.));
#13045=CARTESIAN_POINT('',(-39.8499969393015,-8.24607174098492,51.5));
#13046=CARTESIAN_POINT('Ctrl Pts',(-38.0114272981882,-8.65428607165813,
51.5));
#13047=CARTESIAN_POINT('Ctrl Pts',(-38.0114272981882,-8.65428607165813,
51.));
#13048=CARTESIAN_POINT('Ctrl Pts',(-38.349556089931,-8.64166125406934,51.5));
#13049=CARTESIAN_POINT('Ctrl Pts',(-38.349556089931,-8.64166125406934,51.));
#13050=CARTESIAN_POINT('Ctrl Pts',(-38.9881966479257,-8.61781613721923,
51.5));
#13051=CARTESIAN_POINT('Ctrl Pts',(-38.9881966479257,-8.61781613721923,
51.));
#13052=CARTESIAN_POINT('Ctrl Pts',(-39.5742364252384,-8.36502322757816,
51.5));
#13053=CARTESIAN_POINT('Ctrl Pts',(-39.5742364252384,-8.36502322757816,
51.));
#13054=CARTESIAN_POINT('Ctrl Pts',(-39.8499969393015,-8.24607174098492,
51.5));
#13055=CARTESIAN_POINT('Ctrl Pts',(-39.8499969393015,-8.24607174098492,
51.));
#13056=CARTESIAN_POINT('',(-38.0114272981882,-8.65428607165813,51.5));
#13057=CARTESIAN_POINT('Ctrl Pts',(-38.0114272981882,-8.65428607165813,
51.5));
#13058=CARTESIAN_POINT('Ctrl Pts',(-38.349556089931,-8.64166125406934,51.5));
#13059=CARTESIAN_POINT('Ctrl Pts',(-38.9881966479257,-8.61781613721923,
51.5));
#13060=CARTESIAN_POINT('Ctrl Pts',(-39.5742364252384,-8.36502322757816,
51.5));
#13061=CARTESIAN_POINT('Ctrl Pts',(-39.8499969393015,-8.24607174098492,
51.5));
#13062=CARTESIAN_POINT('',(-38.0114272981882,-8.65428607165813,51.));
#13063=CARTESIAN_POINT('Ctrl Pts',(-38.0114272981882,-8.65428607165813,
51.));
#13064=CARTESIAN_POINT('Ctrl Pts',(-38.349556089931,-8.64166125406934,51.));
#13065=CARTESIAN_POINT('Ctrl Pts',(-38.9881966479257,-8.61781613721923,
51.));
#13066=CARTESIAN_POINT('Ctrl Pts',(-39.5742364252384,-8.36502322757816,
51.));
#13067=CARTESIAN_POINT('Ctrl Pts',(-39.8499969393015,-8.24607174098492,
51.));
#13068=CARTESIAN_POINT('',(-38.0114272981882,-8.65428607165813,51.5));
#13069=CARTESIAN_POINT('Ctrl Pts',(-36.1664275079966,-8.24607174098492,
51.5));
#13070=CARTESIAN_POINT('Ctrl Pts',(-36.1664275079966,-8.24607174098492,
51.));
#13071=CARTESIAN_POINT('Ctrl Pts',(-36.4416582455428,-8.36500494571414,
51.5));
#13072=CARTESIAN_POINT('Ctrl Pts',(-36.4416582455428,-8.36500494571414,
51.));
#13073=CARTESIAN_POINT('Ctrl Pts',(-37.0295648878101,-8.61905222862239,
51.5));
#13074=CARTESIAN_POINT('Ctrl Pts',(-37.0295648878101,-8.61905222862239,
51.));
#13075=CARTESIAN_POINT('Ctrl Pts',(-37.6705315985066,-8.64205313000849,
51.5));
#13076=CARTESIAN_POINT('Ctrl Pts',(-37.6705315985066,-8.64205313000849,
51.));
#13077=CARTESIAN_POINT('Ctrl Pts',(-38.0114272981882,-8.65428607165813,
51.5));
#13078=CARTESIAN_POINT('Ctrl Pts',(-38.0114272981882,-8.65428607165813,
51.));
#13079=CARTESIAN_POINT('Ctrl Pts',(-36.1664275079966,-8.24607174098492,
51.5));
#13080=CARTESIAN_POINT('Ctrl Pts',(-36.4416582455428,-8.36500494571414,
51.5));
#13081=CARTESIAN_POINT('Ctrl Pts',(-37.0295648878101,-8.61905222862239,
51.5));
#13082=CARTESIAN_POINT('Ctrl Pts',(-37.6705315985066,-8.64205313000849,
51.5));
#13083=CARTESIAN_POINT('Ctrl Pts',(-38.0114272981882,-8.65428607165813,
51.5));
#13084=CARTESIAN_POINT('Ctrl Pts',(-36.1664275079966,-8.24607174098492,
51.));
#13085=CARTESIAN_POINT('Ctrl Pts',(-36.4416582455428,-8.36500494571414,
51.));
#13086=CARTESIAN_POINT('Ctrl Pts',(-37.0295648878101,-8.61905222862239,
51.));
#13087=CARTESIAN_POINT('Ctrl Pts',(-37.6705315985066,-8.64205313000849,
51.));
#13088=CARTESIAN_POINT('Ctrl Pts',(-38.0114272981882,-8.65428607165813,
51.));
#13089=CARTESIAN_POINT('Origin',(-24.9999991804361,-4.00000075995922,51.5));
#13090=CARTESIAN_POINT('Origin',(-24.9999991804361,-4.00000075995922,51.));
#13091=CARTESIAN_POINT('Origin',(-2.34980907120492,10.4228561669588,51.5));
#13092=CARTESIAN_POINT('',(-2.34980907120492,10.4228561669588,51.5));
#13093=CARTESIAN_POINT('',(-2.34980907120492,9.34285576641555,51.5));
#13094=CARTESIAN_POINT('',(-2.34980907120492,10.4228561669588,51.5));
#13095=CARTESIAN_POINT('',(-2.34980907120492,9.34285576641555,51.));
#13096=CARTESIAN_POINT('',(-2.34980907120492,9.34285576641555,51.5));
#13097=CARTESIAN_POINT('',(-2.34980907120492,10.4228561669588,51.));
#13098=CARTESIAN_POINT('',(-2.34980907120492,10.4228561669588,51.));
#13099=CARTESIAN_POINT('',(-2.34980907120492,10.4228561669588,51.5));
#13100=CARTESIAN_POINT('Ctrl Pts',(-1.21195223011758,10.9049981385469,51.5));
#13101=CARTESIAN_POINT('Ctrl Pts',(-1.21195223011758,10.9049981385469,51.));
#13102=CARTESIAN_POINT('Ctrl Pts',(-1.38734556855635,10.7963109236041,51.5));
#13103=CARTESIAN_POINT('Ctrl Pts',(-1.38734556855635,10.7963109236041,51.));
#13104=CARTESIAN_POINT('Ctrl Pts',(-1.7416327039663,10.5767673401332,51.5));
#13105=CARTESIAN_POINT('Ctrl Pts',(-1.7416327039663,10.5767673401332,51.));
#13106=CARTESIAN_POINT('Ctrl Pts',(-2.14575267504392,10.4744967123971,51.5));
#13107=CARTESIAN_POINT('Ctrl Pts',(-2.14575267504392,10.4744967123971,51.));
#13108=CARTESIAN_POINT('Ctrl Pts',(-2.34980907120492,10.4228561669588,51.5));
#13109=CARTESIAN_POINT('Ctrl Pts',(-2.34980907120492,10.4228561669588,51.));
#13110=CARTESIAN_POINT('',(-1.21195223011758,10.9049981385469,51.5));
#13111=CARTESIAN_POINT('Ctrl Pts',(-1.21195223011758,10.9049981385469,51.5));
#13112=CARTESIAN_POINT('Ctrl Pts',(-1.38734556855635,10.7963109236041,51.5));
#13113=CARTESIAN_POINT('Ctrl Pts',(-1.7416327039663,10.5767673401332,51.5));
#13114=CARTESIAN_POINT('Ctrl Pts',(-2.14575267504392,10.4744967123971,51.5));
#13115=CARTESIAN_POINT('Ctrl Pts',(-2.34980907120492,10.4228561669588,51.5));
#13116=CARTESIAN_POINT('',(-1.21195223011758,10.9049981385469,51.));
#13117=CARTESIAN_POINT('Ctrl Pts',(-1.21195223011758,10.9049981385469,51.));
#13118=CARTESIAN_POINT('Ctrl Pts',(-1.38734556855635,10.7963109236041,51.));
#13119=CARTESIAN_POINT('Ctrl Pts',(-1.7416327039663,10.5767673401332,51.));
#13120=CARTESIAN_POINT('Ctrl Pts',(-2.14575267504392,10.4744967123971,51.));
#13121=CARTESIAN_POINT('Ctrl Pts',(-2.34980907120492,10.4228561669588,51.));
#13122=CARTESIAN_POINT('',(-1.21195223011758,10.9049981385469,51.5));
#13123=CARTESIAN_POINT('Ctrl Pts',(-0.405166408202908,11.8114274293184,
51.5));
#13124=CARTESIAN_POINT('Ctrl Pts',(-0.405166408202908,11.8114274293184,
51.));
#13125=CARTESIAN_POINT('Ctrl Pts',(-0.513170012182038,11.6356863110921,
51.5));
#13126=CARTESIAN_POINT('Ctrl Pts',(-0.513170012182038,11.6356863110921,
51.));
#13127=CARTESIAN_POINT('Ctrl Pts',(-0.728307612156343,11.2856190818605,
51.5));
#13128=CARTESIAN_POINT('Ctrl Pts',(-0.728307612156343,11.2856190818605,
51.));
#13129=CARTESIAN_POINT('Ctrl Pts',(-1.05117237482852,11.031529434282,51.5));
#13130=CARTESIAN_POINT('Ctrl Pts',(-1.05117237482852,11.031529434282,51.));
#13131=CARTESIAN_POINT('Ctrl Pts',(-1.21195223011758,10.9049981385469,51.5));
#13132=CARTESIAN_POINT('Ctrl Pts',(-1.21195223011758,10.9049981385469,51.));
#13133=CARTESIAN_POINT('',(-0.405166408202908,11.8114274293184,51.5));
#13134=CARTESIAN_POINT('Ctrl Pts',(-0.405166408202908,11.8114274293184,
51.5));
#13135=CARTESIAN_POINT('Ctrl Pts',(-0.513170012182038,11.6356863110921,
51.5));
#13136=CARTESIAN_POINT('Ctrl Pts',(-0.728307612156343,11.2856190818605,
51.5));
#13137=CARTESIAN_POINT('Ctrl Pts',(-1.05117237482852,11.031529434282,51.5));
#13138=CARTESIAN_POINT('Ctrl Pts',(-1.21195223011758,10.9049981385469,51.5));
#13139=CARTESIAN_POINT('',(-0.405166408202908,11.8114274293184,51.));
#13140=CARTESIAN_POINT('Ctrl Pts',(-0.405166408202908,11.8114274293184,
51.));
#13141=CARTESIAN_POINT('Ctrl Pts',(-0.513170012182038,11.6356863110921,
51.));
#13142=CARTESIAN_POINT('Ctrl Pts',(-0.728307612156343,11.2856190818605,
51.));
#13143=CARTESIAN_POINT('Ctrl Pts',(-1.05117237482852,11.031529434282,51.));
#13144=CARTESIAN_POINT('Ctrl Pts',(-1.21195223011758,10.9049981385469,51.));
#13145=CARTESIAN_POINT('',(-0.405166408202908,11.8114274293184,51.5));
#13146=CARTESIAN_POINT('Ctrl Pts',(-0.106238385818263,13.1099980622529,
51.5));
#13147=CARTESIAN_POINT('Ctrl Pts',(-0.106238385818263,13.1099980622529,
51.));
#13148=CARTESIAN_POINT('Ctrl Pts',(-0.116313316609247,12.8739955848582,
51.5));
#13149=CARTESIAN_POINT('Ctrl Pts',(-0.116313316609247,12.8739955848582,
51.));
#13150=CARTESIAN_POINT('Ctrl Pts',(-0.135601913938652,12.4221655078434,
51.5));
#13151=CARTESIAN_POINT('Ctrl Pts',(-0.135601913938652,12.4221655078434,
51.));
#13152=CARTESIAN_POINT('Ctrl Pts',(-0.318026755989085,12.0088551502861,
51.5));
#13153=CARTESIAN_POINT('Ctrl Pts',(-0.318026755989085,12.0088551502861,
51.));
#13154=CARTESIAN_POINT('Ctrl Pts',(-0.405166408202908,11.8114274293184,
51.5));
#13155=CARTESIAN_POINT('Ctrl Pts',(-0.405166408202908,11.8114274293184,
51.));
#13156=CARTESIAN_POINT('',(-0.106238385818263,13.1099980622529,51.5));
#13157=CARTESIAN_POINT('Ctrl Pts',(-0.106238385818263,13.1099980622529,
51.5));
#13158=CARTESIAN_POINT('Ctrl Pts',(-0.116313316609247,12.8739955848582,
51.5));
#13159=CARTESIAN_POINT('Ctrl Pts',(-0.135601913938652,12.4221655078434,
51.5));
#13160=CARTESIAN_POINT('Ctrl Pts',(-0.318026755989085,12.0088551502861,
51.5));
#13161=CARTESIAN_POINT('Ctrl Pts',(-0.405166408202908,11.8114274293184,
51.5));
#13162=CARTESIAN_POINT('',(-0.106238385818263,13.1099980622529,51.));
#13163=CARTESIAN_POINT('Ctrl Pts',(-0.106238385818263,13.1099980622529,
51.));
#13164=CARTESIAN_POINT('Ctrl Pts',(-0.116313316609247,12.8739955848582,
51.));
#13165=CARTESIAN_POINT('Ctrl Pts',(-0.135601913938652,12.4221655078434,
51.));
#13166=CARTESIAN_POINT('Ctrl Pts',(-0.318026755989085,12.0088551502861,
51.));
#13167=CARTESIAN_POINT('Ctrl Pts',(-0.405166408202908,11.8114274293184,
51.));
#13168=CARTESIAN_POINT('',(-0.106238385818263,13.1099980622529,51.5));
#13169=CARTESIAN_POINT('Ctrl Pts',(-0.353738328597804,14.3442838937044,
51.5));
#13170=CARTESIAN_POINT('Ctrl Pts',(-0.353738328597804,14.3442838937044,
51.));
#13171=CARTESIAN_POINT('Ctrl Pts',(-0.281644699319226,14.1599902532533,
51.5));
#13172=CARTESIAN_POINT('Ctrl Pts',(-0.281644699319226,14.1599902532533,
51.));
#13173=CARTESIAN_POINT('Ctrl Pts',(-0.126624564631623,13.763710786528,51.5));
#13174=CARTESIAN_POINT('Ctrl Pts',(-0.126624564631623,13.763710786528,51.));
#13175=CARTESIAN_POINT('Ctrl Pts',(-0.113343149167511,13.3378227196784,
51.5));
#13176=CARTESIAN_POINT('Ctrl Pts',(-0.113343149167511,13.3378227196784,
51.));
#13177=CARTESIAN_POINT('Ctrl Pts',(-0.106238385818263,13.1099980622529,
51.5));
#13178=CARTESIAN_POINT('Ctrl Pts',(-0.106238385818263,13.1099980622529,
51.));
#13179=CARTESIAN_POINT('',(-0.353738328597804,14.3442838937044,51.5));
#13180=CARTESIAN_POINT('Ctrl Pts',(-0.353738328597804,14.3442838937044,
51.5));
#13181=CARTESIAN_POINT('Ctrl Pts',(-0.281644699319226,14.1599902532533,
51.5));
#13182=CARTESIAN_POINT('Ctrl Pts',(-0.126624564631623,13.763710786528,51.5));
#13183=CARTESIAN_POINT('Ctrl Pts',(-0.113343149167511,13.3378227196784,
51.5));
#13184=CARTESIAN_POINT('Ctrl Pts',(-0.106238385818263,13.1099980622529,
51.5));
#13185=CARTESIAN_POINT('',(-0.353738328597804,14.3442838937044,51.));
#13186=CARTESIAN_POINT('Ctrl Pts',(-0.353738328597804,14.3442838937044,
51.));
#13187=CARTESIAN_POINT('Ctrl Pts',(-0.281644699319226,14.1599902532533,
51.));
#13188=CARTESIAN_POINT('Ctrl Pts',(-0.126624564631623,13.763710786528,51.));
#13189=CARTESIAN_POINT('Ctrl Pts',(-0.113343149167511,13.3378227196784,
51.));
#13190=CARTESIAN_POINT('Ctrl Pts',(-0.106238385818263,13.1099980622529,
51.));
#13191=CARTESIAN_POINT('',(-0.353738328597804,14.3442838937044,51.5));
#13192=CARTESIAN_POINT('Ctrl Pts',(-0.9998097626188,15.176784351468,51.5));
#13193=CARTESIAN_POINT('Ctrl Pts',(-0.9998097626188,15.176784351468,51.));
#13194=CARTESIAN_POINT('Ctrl Pts',(-0.872471287232479,15.0577414683039,
51.5));
#13195=CARTESIAN_POINT('Ctrl Pts',(-0.872471287232479,15.0577414683039,
51.));
#13196=CARTESIAN_POINT('Ctrl Pts',(-0.612679724006715,14.8148742860617,
51.5));
#13197=CARTESIAN_POINT('Ctrl Pts',(-0.612679724006715,14.8148742860617,
51.));
#13198=CARTESIAN_POINT('Ctrl Pts',(-0.441177602271066,14.5031927542995,
51.5));
#13199=CARTESIAN_POINT('Ctrl Pts',(-0.441177602271066,14.5031927542995,
51.));
#13200=CARTESIAN_POINT('Ctrl Pts',(-0.353738328597804,14.3442838937044,
51.5));
#13201=CARTESIAN_POINT('Ctrl Pts',(-0.353738328597804,14.3442838937044,
51.));
#13202=CARTESIAN_POINT('',(-0.9998097626188,15.176784351468,51.5));
#13203=CARTESIAN_POINT('Ctrl Pts',(-0.9998097626188,15.176784351468,51.5));
#13204=CARTESIAN_POINT('Ctrl Pts',(-0.872471287232479,15.0577414683039,
51.5));
#13205=CARTESIAN_POINT('Ctrl Pts',(-0.612679724006715,14.8148742860617,
51.5));
#13206=CARTESIAN_POINT('Ctrl Pts',(-0.441177602271066,14.5031927542995,
51.5));
#13207=CARTESIAN_POINT('Ctrl Pts',(-0.353738328597804,14.3442838937044,
51.5));
#13208=CARTESIAN_POINT('',(-0.9998097626188,15.176784351468,51.));
#13209=CARTESIAN_POINT('Ctrl Pts',(-0.9998097626188,15.176784351468,51.));
#13210=CARTESIAN_POINT('Ctrl Pts',(-0.872471287232479,15.0577414683039,
51.));
#13211=CARTESIAN_POINT('Ctrl Pts',(-0.612679724006715,14.8148742860617,
51.));
#13212=CARTESIAN_POINT('Ctrl Pts',(-0.441177602271066,14.5031927542995,
51.));
#13213=CARTESIAN_POINT('Ctrl Pts',(-0.353738328597804,14.3442838937044,
51.));
#13214=CARTESIAN_POINT('',(-0.9998097626188,15.176784351468,51.5));
#13215=CARTESIAN_POINT('Ctrl Pts',(-1.86445142903115,15.7264261990785,51.5));
#13216=CARTESIAN_POINT('Ctrl Pts',(-1.86445142903115,15.7264261990785,51.));
#13217=CARTESIAN_POINT('Ctrl Pts',(-1.71179836780755,15.6487908067083,51.5));
#13218=CARTESIAN_POINT('Ctrl Pts',(-1.71179836780755,15.6487908067083,51.));
#13219=CARTESIAN_POINT('Ctrl Pts',(-1.40598836220954,15.4932637600506,51.5));
#13220=CARTESIAN_POINT('Ctrl Pts',(-1.40598836220954,15.4932637600506,51.));
#13221=CARTESIAN_POINT('Ctrl Pts',(-1.13535127206154,15.2823933047464,51.5));
#13222=CARTESIAN_POINT('Ctrl Pts',(-1.13535127206154,15.2823933047464,51.));
#13223=CARTESIAN_POINT('Ctrl Pts',(-0.9998097626188,15.176784351468,51.5));
#13224=CARTESIAN_POINT('Ctrl Pts',(-0.9998097626188,15.176784351468,51.));
#13225=CARTESIAN_POINT('',(-1.86445142903115,15.7264261990785,51.5));
#13226=CARTESIAN_POINT('Ctrl Pts',(-1.86445142903115,15.7264261990785,51.5));
#13227=CARTESIAN_POINT('Ctrl Pts',(-1.71179836780755,15.6487908067083,51.5));
#13228=CARTESIAN_POINT('Ctrl Pts',(-1.40598836220954,15.4932637600506,51.5));
#13229=CARTESIAN_POINT('Ctrl Pts',(-1.13535127206154,15.2823933047464,51.5));
#13230=CARTESIAN_POINT('Ctrl Pts',(-0.9998097626188,15.176784351468,51.5));
#13231=CARTESIAN_POINT('',(-1.86445142903115,15.7264261990785,51.));
#13232=CARTESIAN_POINT('Ctrl Pts',(-1.86445142903115,15.7264261990785,51.));
#13233=CARTESIAN_POINT('Ctrl Pts',(-1.71179836780755,15.6487908067083,51.));
#13234=CARTESIAN_POINT('Ctrl Pts',(-1.40598836220954,15.4932637600506,51.));
#13235=CARTESIAN_POINT('Ctrl Pts',(-1.13535127206154,15.2823933047464,51.));
#13236=CARTESIAN_POINT('Ctrl Pts',(-0.9998097626188,15.176784351468,51.));
#13237=CARTESIAN_POINT('',(-1.86445142903115,15.7264261990785,51.5));
#13238=CARTESIAN_POINT('Ctrl Pts',(-2.76123788037087,16.1057120114564,51.5));
#13239=CARTESIAN_POINT('Ctrl Pts',(-2.76123788037087,16.1057120114564,51.));
#13240=CARTESIAN_POINT('Ctrl Pts',(-2.61411472927869,16.0487521611808,51.5));
#13241=CARTESIAN_POINT('Ctrl Pts',(-2.61411472927869,16.0487521611808,51.));
#13242=CARTESIAN_POINT('Ctrl Pts',(-2.31130400626511,15.9315166797717,51.5));
#13243=CARTESIAN_POINT('Ctrl Pts',(-2.31130400626511,15.9315166797717,51.));
#13244=CARTESIAN_POINT('Ctrl Pts',(-2.01618458382126,15.7960666738982,51.5));
#13245=CARTESIAN_POINT('Ctrl Pts',(-2.01618458382126,15.7960666738982,51.));
#13246=CARTESIAN_POINT('Ctrl Pts',(-1.86445142903115,15.7264261990785,51.5));
#13247=CARTESIAN_POINT('Ctrl Pts',(-1.86445142903115,15.7264261990785,51.));
#13248=CARTESIAN_POINT('',(-2.76123788037087,16.1057120114564,51.5));
#13249=CARTESIAN_POINT('Ctrl Pts',(-2.76123788037087,16.1057120114564,51.5));
#13250=CARTESIAN_POINT('Ctrl Pts',(-2.61411472927869,16.0487521611808,51.5));
#13251=CARTESIAN_POINT('Ctrl Pts',(-2.31130400626511,15.9315166797717,51.5));
#13252=CARTESIAN_POINT('Ctrl Pts',(-2.01618458382126,15.7960666738982,51.5));
#13253=CARTESIAN_POINT('Ctrl Pts',(-1.86445142903115,15.7264261990785,51.5));
#13254=CARTESIAN_POINT('',(-2.76123788037087,16.1057120114564,51.));
#13255=CARTESIAN_POINT('Ctrl Pts',(-2.76123788037087,16.1057120114564,51.));
#13256=CARTESIAN_POINT('Ctrl Pts',(-2.61411472927869,16.0487521611808,51.));
#13257=CARTESIAN_POINT('Ctrl Pts',(-2.31130400626511,15.9315166797717,51.));
#13258=CARTESIAN_POINT('Ctrl Pts',(-2.01618458382126,15.7960666738982,51.));
#13259=CARTESIAN_POINT('Ctrl Pts',(-1.86445142903115,15.7264261990785,51.));
#13260=CARTESIAN_POINT('',(-2.76123788037087,16.1057120114564,51.5));
#13261=CARTESIAN_POINT('Ctrl Pts',(-3.490880390785,16.4110689908266,51.5));
#13262=CARTESIAN_POINT('Ctrl Pts',(-3.490880390785,16.4110689908266,51.));
#13263=CARTESIAN_POINT('Ctrl Pts',(-3.37542144985704,16.3581254936175,51.5));
#13264=CARTESIAN_POINT('Ctrl Pts',(-3.37542144985704,16.3581254936175,51.));
#13265=CARTESIAN_POINT('Ctrl Pts',(-3.13563371216886,16.2481712421838,51.5));
#13266=CARTESIAN_POINT('Ctrl Pts',(-3.13563371216886,16.2481712421838,51.));
#13267=CARTESIAN_POINT('Ctrl Pts',(-2.8890765772595,16.1543551876598,51.5));
#13268=CARTESIAN_POINT('Ctrl Pts',(-2.8890765772595,16.1543551876598,51.));
#13269=CARTESIAN_POINT('Ctrl Pts',(-2.76123788037087,16.1057120114564,51.5));
#13270=CARTESIAN_POINT('Ctrl Pts',(-2.76123788037087,16.1057120114564,51.));
#13271=CARTESIAN_POINT('',(-3.490880390785,16.4110689908266,51.5));
#13272=CARTESIAN_POINT('Ctrl Pts',(-3.490880390785,16.4110689908266,51.5));
#13273=CARTESIAN_POINT('Ctrl Pts',(-3.37542144985704,16.3581254936175,51.5));
#13274=CARTESIAN_POINT('Ctrl Pts',(-3.13563371216886,16.2481712421838,51.5));
#13275=CARTESIAN_POINT('Ctrl Pts',(-2.8890765772595,16.1543551876598,51.5));
#13276=CARTESIAN_POINT('Ctrl Pts',(-2.76123788037087,16.1057120114564,51.5));
#13277=CARTESIAN_POINT('',(-3.490880390785,16.4110689908266,51.));
#13278=CARTESIAN_POINT('Ctrl Pts',(-3.490880390785,16.4110689908266,51.));
#13279=CARTESIAN_POINT('Ctrl Pts',(-3.37542144985704,16.3581254936175,51.));
#13280=CARTESIAN_POINT('Ctrl Pts',(-3.13563371216886,16.2481712421838,51.));
#13281=CARTESIAN_POINT('Ctrl Pts',(-2.8890765772595,16.1543551876598,51.));
#13282=CARTESIAN_POINT('Ctrl Pts',(-2.76123788037087,16.1057120114564,51.));
#13283=CARTESIAN_POINT('',(-3.490880390785,16.4110689908266,51.5));
#13284=CARTESIAN_POINT('Ctrl Pts',(-4.02123775162484,16.7614262849092,51.5));
#13285=CARTESIAN_POINT('Ctrl Pts',(-4.02123775162484,16.7614262849092,51.));
#13286=CARTESIAN_POINT('Ctrl Pts',(-3.94588064902616,16.6970162983246,51.5));
#13287=CARTESIAN_POINT('Ctrl Pts',(-3.94588064902616,16.6970162983246,51.));
#13288=CARTESIAN_POINT('Ctrl Pts',(-3.78369930159373,16.5583950131084,51.5));
#13289=CARTESIAN_POINT('Ctrl Pts',(-3.78369930159373,16.5583950131084,51.));
#13290=CARTESIAN_POINT('Ctrl Pts',(-3.59298163506883,16.4624392050959,51.5));
#13291=CARTESIAN_POINT('Ctrl Pts',(-3.59298163506883,16.4624392050959,51.));
#13292=CARTESIAN_POINT('Ctrl Pts',(-3.490880390785,16.4110689908266,51.5));
#13293=CARTESIAN_POINT('Ctrl Pts',(-3.490880390785,16.4110689908266,51.));
#13294=CARTESIAN_POINT('',(-4.02123775162484,16.7614262849092,51.5));
#13295=CARTESIAN_POINT('Ctrl Pts',(-4.02123775162484,16.7614262849092,51.5));
#13296=CARTESIAN_POINT('Ctrl Pts',(-3.94588064902616,16.6970162983246,51.5));
#13297=CARTESIAN_POINT('Ctrl Pts',(-3.78369930159373,16.5583950131084,51.5));
#13298=CARTESIAN_POINT('Ctrl Pts',(-3.59298163506883,16.4624392050959,51.5));
#13299=CARTESIAN_POINT('Ctrl Pts',(-3.490880390785,16.4110689908266,51.5));
#13300=CARTESIAN_POINT('',(-4.02123775162484,16.7614262849092,51.));
#13301=CARTESIAN_POINT('Ctrl Pts',(-4.02123775162484,16.7614262849092,51.));
#13302=CARTESIAN_POINT('Ctrl Pts',(-3.94588064902616,16.6970162983246,51.));
#13303=CARTESIAN_POINT('Ctrl Pts',(-3.78369930159373,16.5583950131084,51.));
#13304=CARTESIAN_POINT('Ctrl Pts',(-3.59298163506883,16.4624392050959,51.));
#13305=CARTESIAN_POINT('Ctrl Pts',(-3.490880390785,16.4110689908266,51.));
#13306=CARTESIAN_POINT('',(-4.02123775162484,16.7614262849092,51.5));
#13307=CARTESIAN_POINT('Ctrl Pts',(-4.22052349724557,17.2242837697267,51.5));
#13308=CARTESIAN_POINT('Ctrl Pts',(-4.22052349724557,17.2242837697267,51.));
#13309=CARTESIAN_POINT('Ctrl Pts',(-4.21197206095562,17.1372589815137,51.5));
#13310=CARTESIAN_POINT('Ctrl Pts',(-4.21197206095562,17.1372589815137,51.));
#13311=CARTESIAN_POINT('Ctrl Pts',(-4.19473904589263,16.9618849934164,51.5));
#13312=CARTESIAN_POINT('Ctrl Pts',(-4.19473904589263,16.9618849934164,51.));
#13313=CARTESIAN_POINT('Ctrl Pts',(-4.07936195619239,16.8285814207241,51.5));
#13314=CARTESIAN_POINT('Ctrl Pts',(-4.07936195619239,16.8285814207241,51.));
#13315=CARTESIAN_POINT('Ctrl Pts',(-4.02123775162484,16.7614262849092,51.5));
#13316=CARTESIAN_POINT('Ctrl Pts',(-4.02123775162484,16.7614262849092,51.));
#13317=CARTESIAN_POINT('',(-4.22052349724557,17.2242837697267,51.5));
#13318=CARTESIAN_POINT('Ctrl Pts',(-4.22052349724557,17.2242837697267,51.5));
#13319=CARTESIAN_POINT('Ctrl Pts',(-4.21197206095562,17.1372589815137,51.5));
#13320=CARTESIAN_POINT('Ctrl Pts',(-4.19473904589263,16.9618849934164,51.5));
#13321=CARTESIAN_POINT('Ctrl Pts',(-4.07936195619239,16.8285814207241,51.5));
#13322=CARTESIAN_POINT('Ctrl Pts',(-4.02123775162484,16.7614262849092,51.5));
#13323=CARTESIAN_POINT('',(-4.22052349724557,17.2242837697267,51.));
#13324=CARTESIAN_POINT('Ctrl Pts',(-4.22052349724557,17.2242837697267,51.));
#13325=CARTESIAN_POINT('Ctrl Pts',(-4.21197206095562,17.1372589815137,51.));
#13326=CARTESIAN_POINT('Ctrl Pts',(-4.19473904589263,16.9618849934164,51.));
#13327=CARTESIAN_POINT('Ctrl Pts',(-4.07936195619239,16.8285814207241,51.));
#13328=CARTESIAN_POINT('Ctrl Pts',(-4.02123775162484,16.7614262849092,51.));
#13329=CARTESIAN_POINT('',(-4.22052349724557,17.2242837697267,51.5));
#13330=CARTESIAN_POINT('Ctrl Pts',(-3.98909475483681,17.7353542596101,51.5));
#13331=CARTESIAN_POINT('Ctrl Pts',(-3.98909475483681,17.7353542596101,51.));
#13332=CARTESIAN_POINT('Ctrl Pts',(-4.05656470137526,17.667769515811,51.5));
#13333=CARTESIAN_POINT('Ctrl Pts',(-4.05656470137526,17.667769515811,51.));
#13334=CARTESIAN_POINT('Ctrl Pts',(-4.1971777773685,17.5269171926157,51.5));
#13335=CARTESIAN_POINT('Ctrl Pts',(-4.1971777773685,17.5269171926157,51.));
#13336=CARTESIAN_POINT('Ctrl Pts',(-4.21253505542417,17.3278389183659,51.5));
#13337=CARTESIAN_POINT('Ctrl Pts',(-4.21253505542417,17.3278389183659,51.));
#13338=CARTESIAN_POINT('Ctrl Pts',(-4.22052349724557,17.2242837697267,51.5));
#13339=CARTESIAN_POINT('Ctrl Pts',(-4.22052349724557,17.2242837697267,51.));
#13340=CARTESIAN_POINT('',(-3.98909475483681,17.7353542596101,51.5));
#13341=CARTESIAN_POINT('Ctrl Pts',(-3.98909475483681,17.7353542596101,51.5));
#13342=CARTESIAN_POINT('Ctrl Pts',(-4.05656470137526,17.667769515811,51.5));
#13343=CARTESIAN_POINT('Ctrl Pts',(-4.1971777773685,17.5269171926157,51.5));
#13344=CARTESIAN_POINT('Ctrl Pts',(-4.21253505542417,17.3278389183659,51.5));
#13345=CARTESIAN_POINT('Ctrl Pts',(-4.22052349724557,17.2242837697267,51.5));
#13346=CARTESIAN_POINT('',(-3.98909475483681,17.7353542596101,51.));
#13347=CARTESIAN_POINT('Ctrl Pts',(-3.98909475483681,17.7353542596101,51.));
#13348=CARTESIAN_POINT('Ctrl Pts',(-4.05656470137526,17.667769515811,51.));
#13349=CARTESIAN_POINT('Ctrl Pts',(-4.1971777773685,17.5269171926157,51.));
#13350=CARTESIAN_POINT('Ctrl Pts',(-4.21253505542417,17.3278389183659,51.));
#13351=CARTESIAN_POINT('Ctrl Pts',(-4.22052349724557,17.2242837697267,51.));
#13352=CARTESIAN_POINT('',(-3.98909475483681,17.7353542596101,51.5));
#13353=CARTESIAN_POINT('Ctrl Pts',(-3.33980884232308,17.912140443921,51.5));
#13354=CARTESIAN_POINT('Ctrl Pts',(-3.33980884232308,17.912140443921,51.));
#13355=CARTESIAN_POINT('Ctrl Pts',(-3.46664618286407,17.908075074964,51.5));
#13356=CARTESIAN_POINT('Ctrl Pts',(-3.46664618286407,17.908075074964,51.));
#13357=CARTESIAN_POINT('Ctrl Pts',(-3.69798470571218,17.9006602518107,51.5));
#13358=CARTESIAN_POINT('Ctrl Pts',(-3.69798470571218,17.9006602518107,51.));
#13359=CARTESIAN_POINT('Ctrl Pts',(-3.89851182539746,17.7867915118535,51.5));
#13360=CARTESIAN_POINT('Ctrl Pts',(-3.89851182539746,17.7867915118535,51.));
#13361=CARTESIAN_POINT('Ctrl Pts',(-3.98909475483681,17.7353542596101,51.5));
#13362=CARTESIAN_POINT('Ctrl Pts',(-3.98909475483681,17.7353542596101,51.));
#13363=CARTESIAN_POINT('',(-3.33980884232308,17.912140443921,51.5));
#13364=CARTESIAN_POINT('Ctrl Pts',(-3.33980884232308,17.912140443921,51.5));
#13365=CARTESIAN_POINT('Ctrl Pts',(-3.46664618286407,17.908075074964,51.5));
#13366=CARTESIAN_POINT('Ctrl Pts',(-3.69798470571218,17.9006602518107,51.5));
#13367=CARTESIAN_POINT('Ctrl Pts',(-3.89851182539746,17.7867915118535,51.5));
#13368=CARTESIAN_POINT('Ctrl Pts',(-3.98909475483681,17.7353542596101,51.5));
#13369=CARTESIAN_POINT('',(-3.33980884232308,17.912140443921,51.));
#13370=CARTESIAN_POINT('Ctrl Pts',(-3.33980884232308,17.912140443921,51.));
#13371=CARTESIAN_POINT('Ctrl Pts',(-3.46664618286407,17.908075074964,51.));
#13372=CARTESIAN_POINT('Ctrl Pts',(-3.69798470571218,17.9006602518107,51.));
#13373=CARTESIAN_POINT('Ctrl Pts',(-3.89851182539746,17.7867915118535,51.));
#13374=CARTESIAN_POINT('Ctrl Pts',(-3.98909475483681,17.7353542596101,51.));
#13375=CARTESIAN_POINT('',(-3.33980884232308,17.912140443921,51.5));
#13376=CARTESIAN_POINT('Ctrl Pts',(-2.52980913796212,17.6324981003999,51.5));
#13377=CARTESIAN_POINT('Ctrl Pts',(-2.52980913796212,17.6324981003999,51.));
#13378=CARTESIAN_POINT('Ctrl Pts',(-2.64569236708293,17.714016517963,51.5));
#13379=CARTESIAN_POINT('Ctrl Pts',(-2.64569236708293,17.714016517963,51.));
#13380=CARTESIAN_POINT('Ctrl Pts',(-2.8882392552154,17.8846368799896,51.5));
#13381=CARTESIAN_POINT('Ctrl Pts',(-2.8882392552154,17.8846368799896,51.));
#13382=CARTESIAN_POINT('Ctrl Pts',(-3.18489058052403,17.9027049007862,51.5));
#13383=CARTESIAN_POINT('Ctrl Pts',(-3.18489058052403,17.9027049007862,51.));
#13384=CARTESIAN_POINT('Ctrl Pts',(-3.33980884232308,17.912140443921,51.5));
#13385=CARTESIAN_POINT('Ctrl Pts',(-3.33980884232308,17.912140443921,51.));
#13386=CARTESIAN_POINT('',(-2.52980913796212,17.6324981003999,51.5));
#13387=CARTESIAN_POINT('Ctrl Pts',(-2.52980913796212,17.6324981003999,51.5));
#13388=CARTESIAN_POINT('Ctrl Pts',(-2.64569236708293,17.714016517963,51.5));
#13389=CARTESIAN_POINT('Ctrl Pts',(-2.8882392552154,17.8846368799896,51.5));
#13390=CARTESIAN_POINT('Ctrl Pts',(-3.18489058052403,17.9027049007862,51.5));
#13391=CARTESIAN_POINT('Ctrl Pts',(-3.33980884232308,17.912140443921,51.5));
#13392=CARTESIAN_POINT('',(-2.52980913796212,17.6324981003999,51.));
#13393=CARTESIAN_POINT('Ctrl Pts',(-2.52980913796212,17.6324981003999,51.));
#13394=CARTESIAN_POINT('Ctrl Pts',(-2.64569236708293,17.714016517963,51.));
#13395=CARTESIAN_POINT('Ctrl Pts',(-2.8882392552154,17.8846368799896,51.));
#13396=CARTESIAN_POINT('Ctrl Pts',(-3.18489058052403,17.9027049007862,51.));
#13397=CARTESIAN_POINT('Ctrl Pts',(-3.33980884232308,17.912140443921,51.));
#13398=CARTESIAN_POINT('',(-2.52980913796212,17.6324981003999,51.5));
#13399=CARTESIAN_POINT('Ctrl Pts',(-2.06052329220559,16.9671409875154,51.5));
#13400=CARTESIAN_POINT('Ctrl Pts',(-2.06052329220559,16.9671409875154,51.));
#13401=CARTESIAN_POINT('Ctrl Pts',(-2.11883631787551,17.0914595369043,51.5));
#13402=CARTESIAN_POINT('Ctrl Pts',(-2.11883631787551,17.0914595369043,51.));
#13403=CARTESIAN_POINT('Ctrl Pts',(-2.23588419181815,17.3409959265949,51.5));
#13404=CARTESIAN_POINT('Ctrl Pts',(-2.23588419181815,17.3409959265949,51.));
#13405=CARTESIAN_POINT('Ctrl Pts',(-2.43159904713089,17.5350975383092,51.5));
#13406=CARTESIAN_POINT('Ctrl Pts',(-2.43159904713089,17.5350975383092,51.));
#13407=CARTESIAN_POINT('Ctrl Pts',(-2.52980913796212,17.6324981003999,51.5));
#13408=CARTESIAN_POINT('Ctrl Pts',(-2.52980913796212,17.6324981003999,51.));
#13409=CARTESIAN_POINT('',(-2.06052329220559,16.9671409875154,51.5));
#13410=CARTESIAN_POINT('Ctrl Pts',(-2.06052329220559,16.9671409875154,51.5));
#13411=CARTESIAN_POINT('Ctrl Pts',(-2.11883631787551,17.0914595369043,51.5));
#13412=CARTESIAN_POINT('Ctrl Pts',(-2.23588419181815,17.3409959265949,51.5));
#13413=CARTESIAN_POINT('Ctrl Pts',(-2.43159904713089,17.5350975383092,51.5));
#13414=CARTESIAN_POINT('Ctrl Pts',(-2.52980913796212,17.6324981003999,51.5));
#13415=CARTESIAN_POINT('',(-2.06052329220559,16.9671409875154,51.));
#13416=CARTESIAN_POINT('Ctrl Pts',(-2.06052329220559,16.9671409875154,51.));
#13417=CARTESIAN_POINT('Ctrl Pts',(-2.11883631787551,17.0914595369043,51.));
#13418=CARTESIAN_POINT('Ctrl Pts',(-2.23588419181815,17.3409959265949,51.));
#13419=CARTESIAN_POINT('Ctrl Pts',(-2.43159904713089,17.5350975383092,51.));
#13420=CARTESIAN_POINT('Ctrl Pts',(-2.52980913796212,17.6324981003999,51.));
#13421=CARTESIAN_POINT('',(-2.06052329220559,16.9671409875154,51.5));
#13422=CARTESIAN_POINT('Origin',(-0.414809247634667,17.5135689526796,51.5));
#13423=CARTESIAN_POINT('',(-0.414809247634667,17.5135689526796,51.5));
#13424=CARTESIAN_POINT('',(-0.414809247634667,17.5135689526796,51.5));
#13425=CARTESIAN_POINT('',(-0.414809247634667,17.5135689526796,51.));
#13426=CARTESIAN_POINT('',(-0.414809247634667,17.5135689526796,51.));
#13427=CARTESIAN_POINT('',(-0.414809247634667,17.5135689526796,51.5));
#13428=CARTESIAN_POINT('Ctrl Pts',(-1.09623815693642,18.7799971848726,51.5));
#13429=CARTESIAN_POINT('Ctrl Pts',(-1.09623815693642,18.7799971848726,51.));
#13430=CARTESIAN_POINT('Ctrl Pts',(-0.950157222164594,18.5893686817251,
51.5));
#13431=CARTESIAN_POINT('Ctrl Pts',(-0.950157222164594,18.5893686817251,
51.));
#13432=CARTESIAN_POINT('Ctrl Pts',(-0.65484818068176,18.2040047693726,51.5));
#13433=CARTESIAN_POINT('Ctrl Pts',(-0.65484818068176,18.2040047693726,51.));
#13434=CARTESIAN_POINT('Ctrl Pts',(-0.495388690007676,17.7453435752262,
51.5));
#13435=CARTESIAN_POINT('Ctrl Pts',(-0.495388690007676,17.7453435752262,
51.));
#13436=CARTESIAN_POINT('Ctrl Pts',(-0.414809247634667,17.5135689526796,
51.5));
#13437=CARTESIAN_POINT('Ctrl Pts',(-0.414809247634667,17.5135689526796,
51.));
#13438=CARTESIAN_POINT('',(-1.09623815693642,18.7799971848726,51.5));
#13439=CARTESIAN_POINT('Ctrl Pts',(-1.09623815693642,18.7799971848726,51.5));
#13440=CARTESIAN_POINT('Ctrl Pts',(-0.950157222164594,18.5893686817251,
51.5));
#13441=CARTESIAN_POINT('Ctrl Pts',(-0.65484818068176,18.2040047693726,51.5));
#13442=CARTESIAN_POINT('Ctrl Pts',(-0.495388690007676,17.7453435752262,
51.5));
#13443=CARTESIAN_POINT('Ctrl Pts',(-0.414809247634667,17.5135689526796,
51.5));
#13444=CARTESIAN_POINT('',(-1.09623815693642,18.7799971848726,51.));
#13445=CARTESIAN_POINT('Ctrl Pts',(-1.09623815693642,18.7799971848726,51.));
#13446=CARTESIAN_POINT('Ctrl Pts',(-0.950157222164594,18.5893686817251,
51.));
#13447=CARTESIAN_POINT('Ctrl Pts',(-0.65484818068176,18.2040047693726,51.));
#13448=CARTESIAN_POINT('Ctrl Pts',(-0.495388690007676,17.7453435752262,
51.));
#13449=CARTESIAN_POINT('Ctrl Pts',(-0.414809247634667,17.5135689526796,
51.));
#13450=CARTESIAN_POINT('',(-1.09623815693642,18.7799971848726,51.5));
#13451=CARTESIAN_POINT('Ctrl Pts',(-2.34980907120492,19.5385688096284,51.5));
#13452=CARTESIAN_POINT('Ctrl Pts',(-2.34980907120492,19.5385688096284,51.));
#13453=CARTESIAN_POINT('Ctrl Pts',(-2.10421571318936,19.4570182863088,51.5));
#13454=CARTESIAN_POINT('Ctrl Pts',(-2.10421571318936,19.4570182863088,51.));
#13455=CARTESIAN_POINT('Ctrl Pts',(-1.62832936947384,19.2989978060962,51.5));
#13456=CARTESIAN_POINT('Ctrl Pts',(-1.62832936947384,19.2989978060962,51.));
#13457=CARTESIAN_POINT('Ctrl Pts',(-1.26975905863342,18.94924909818,51.5));
#13458=CARTESIAN_POINT('Ctrl Pts',(-1.26975905863342,18.94924909818,51.));
#13459=CARTESIAN_POINT('Ctrl Pts',(-1.09623815693642,18.7799971848726,51.5));
#13460=CARTESIAN_POINT('Ctrl Pts',(-1.09623815693642,18.7799971848726,51.));
#13461=CARTESIAN_POINT('',(-2.34980907120492,19.5385688096284,51.5));
#13462=CARTESIAN_POINT('Ctrl Pts',(-2.34980907120492,19.5385688096284,51.5));
#13463=CARTESIAN_POINT('Ctrl Pts',(-2.10421571318936,19.4570182863088,51.5));
#13464=CARTESIAN_POINT('Ctrl Pts',(-1.62832936947384,19.2989978060962,51.5));
#13465=CARTESIAN_POINT('Ctrl Pts',(-1.26975905863342,18.94924909818,51.5));
#13466=CARTESIAN_POINT('Ctrl Pts',(-1.09623815693642,18.7799971848726,51.5));
#13467=CARTESIAN_POINT('',(-2.34980907120492,19.5385688096284,51.));
#13468=CARTESIAN_POINT('Ctrl Pts',(-2.34980907120492,19.5385688096284,51.));
#13469=CARTESIAN_POINT('Ctrl Pts',(-2.10421571318936,19.4570182863088,51.));
#13470=CARTESIAN_POINT('Ctrl Pts',(-1.62832936947384,19.2989978060962,51.));
#13471=CARTESIAN_POINT('Ctrl Pts',(-1.26975905863342,18.94924909818,51.));
#13472=CARTESIAN_POINT('Ctrl Pts',(-1.09623815693642,18.7799971848726,51.));
#13473=CARTESIAN_POINT('',(-2.34980907120492,19.5385688096284,51.5));
#13474=CARTESIAN_POINT('Origin',(-2.34980907120492,20.5735688954591,51.5));
#13475=CARTESIAN_POINT('',(-2.34980907120492,20.5735688954591,51.5));
#13476=CARTESIAN_POINT('',(-2.34980907120492,20.5735688954591,51.5));
#13477=CARTESIAN_POINT('',(-2.34980907120492,20.5735688954591,51.));
#13478=CARTESIAN_POINT('',(-2.34980907120492,20.5735688954591,51.));
#13479=CARTESIAN_POINT('',(-2.34980907120492,20.5735688954591,51.5));
#13480=CARTESIAN_POINT('Origin',(-4.13695182480599,20.5735688954591,51.5));
#13481=CARTESIAN_POINT('',(-4.13695182480599,20.5735688954591,51.5));
#13482=CARTESIAN_POINT('',(-4.13695182480599,20.5735688954591,51.5));
#13483=CARTESIAN_POINT('',(-4.13695182480599,20.5735688954591,51.));
#13484=CARTESIAN_POINT('',(-4.13695182480599,20.5735688954591,51.));
#13485=CARTESIAN_POINT('',(-4.13695182480599,20.5735688954591,51.5));
#13486=CARTESIAN_POINT('Origin',(-4.13695182480599,19.5514255315065,51.5));
#13487=CARTESIAN_POINT('',(-4.13695182480599,19.5514255315065,51.5));
#13488=CARTESIAN_POINT('',(-4.13695182480599,19.5514255315065,51.5));
#13489=CARTESIAN_POINT('',(-4.13695182480599,19.5514255315065,51.));
#13490=CARTESIAN_POINT('',(-4.13695182480599,19.5514255315065,51.));
#13491=CARTESIAN_POINT('',(-4.13695182480599,19.5514255315065,51.5));
#13492=CARTESIAN_POINT('Ctrl Pts',(-5.60266639866616,18.6932116299867,51.5));
#13493=CARTESIAN_POINT('Ctrl Pts',(-5.60266639866616,18.6932116299867,51.));
#13494=CARTESIAN_POINT('Ctrl Pts',(-5.40806834112946,18.8949806850968,51.5));
#13495=CARTESIAN_POINT('Ctrl Pts',(-5.40806834112946,18.8949806850968,51.));
#13496=CARTESIAN_POINT('Ctrl Pts',(-5.00077029371634,19.3172877893658,51.5));
#13497=CARTESIAN_POINT('Ctrl Pts',(-5.00077029371634,19.3172877893658,51.));
#13498=CARTESIAN_POINT('Ctrl Pts',(-4.43329821389382,19.471100929834,51.5));
#13499=CARTESIAN_POINT('Ctrl Pts',(-4.43329821389382,19.471100929834,51.));
#13500=CARTESIAN_POINT('Ctrl Pts',(-4.13695182480599,19.5514255315065,51.5));
#13501=CARTESIAN_POINT('Ctrl Pts',(-4.13695182480599,19.5514255315065,51.));
#13502=CARTESIAN_POINT('',(-5.60266639866616,18.6932116299867,51.5));
#13503=CARTESIAN_POINT('Ctrl Pts',(-5.60266639866616,18.6932116299867,51.5));
#13504=CARTESIAN_POINT('Ctrl Pts',(-5.40806834112946,18.8949806850968,51.5));
#13505=CARTESIAN_POINT('Ctrl Pts',(-5.00077029371634,19.3172877893658,51.5));
#13506=CARTESIAN_POINT('Ctrl Pts',(-4.43329821389382,19.471100929834,51.5));
#13507=CARTESIAN_POINT('Ctrl Pts',(-4.13695182480599,19.5514255315065,51.5));
#13508=CARTESIAN_POINT('',(-5.60266639866616,18.6932116299867,51.));
#13509=CARTESIAN_POINT('Ctrl Pts',(-5.60266639866616,18.6932116299867,51.));
#13510=CARTESIAN_POINT('Ctrl Pts',(-5.40806834112946,18.8949806850968,51.));
#13511=CARTESIAN_POINT('Ctrl Pts',(-5.00077029371634,19.3172877893658,51.));
#13512=CARTESIAN_POINT('Ctrl Pts',(-4.43329821389382,19.471100929834,51.));
#13513=CARTESIAN_POINT('Ctrl Pts',(-4.13695182480599,19.5514255315065,51.));
#13514=CARTESIAN_POINT('',(-5.60266639866616,18.6932116299867,51.5));
#13515=CARTESIAN_POINT('Ctrl Pts',(-6.11052300610329,17.2242837697267,51.5));
#13516=CARTESIAN_POINT('Ctrl Pts',(-6.11052300610329,17.2242837697267,51.));
#13517=CARTESIAN_POINT('Ctrl Pts',(-6.08875604835059,17.488772311551,51.5));
#13518=CARTESIAN_POINT('Ctrl Pts',(-6.08875604835059,17.488772311551,51.));
#13519=CARTESIAN_POINT('Ctrl Pts',(-6.04490453791368,18.0216084655061,51.5));
#13520=CARTESIAN_POINT('Ctrl Pts',(-6.04490453791368,18.0216084655061,51.));
#13521=CARTESIAN_POINT('Ctrl Pts',(-5.75078915612042,18.4682656024751,51.5));
#13522=CARTESIAN_POINT('Ctrl Pts',(-5.75078915612042,18.4682656024751,51.));
#13523=CARTESIAN_POINT('Ctrl Pts',(-5.60266639866616,18.6932116299867,51.5));
#13524=CARTESIAN_POINT('Ctrl Pts',(-5.60266639866616,18.6932116299867,51.));
#13525=CARTESIAN_POINT('',(-6.11052300610329,17.2242837697267,51.5));
#13526=CARTESIAN_POINT('Ctrl Pts',(-6.11052300610329,17.2242837697267,51.5));
#13527=CARTESIAN_POINT('Ctrl Pts',(-6.08875604835059,17.488772311551,51.5));
#13528=CARTESIAN_POINT('Ctrl Pts',(-6.04490453791368,18.0216084655061,51.5));
#13529=CARTESIAN_POINT('Ctrl Pts',(-5.75078915612042,18.4682656024751,51.5));
#13530=CARTESIAN_POINT('Ctrl Pts',(-5.60266639866616,18.6932116299867,51.5));
#13531=CARTESIAN_POINT('',(-6.11052300610329,17.2242837697267,51.));
#13532=CARTESIAN_POINT('Ctrl Pts',(-6.11052300610329,17.2242837697267,51.));
#13533=CARTESIAN_POINT('Ctrl Pts',(-6.08875604835059,17.488772311551,51.));
#13534=CARTESIAN_POINT('Ctrl Pts',(-6.04490453791368,18.0216084655061,51.));
#13535=CARTESIAN_POINT('Ctrl Pts',(-5.75078915612042,18.4682656024751,51.));
#13536=CARTESIAN_POINT('Ctrl Pts',(-5.60266639866616,18.6932116299867,51.));
#13537=CARTESIAN_POINT('',(-6.11052300610329,17.2242837697267,51.5));
#13538=CARTESIAN_POINT('Ctrl Pts',(-5.88873769917275,16.1153548508882,51.5));
#13539=CARTESIAN_POINT('Ctrl Pts',(-5.88873769917275,16.1153548508882,51.));
#13540=CARTESIAN_POINT('Ctrl Pts',(-5.95334564279319,16.2813955412002,51.5));
#13541=CARTESIAN_POINT('Ctrl Pts',(-5.95334564279319,16.2813955412002,51.));
#13542=CARTESIAN_POINT('Ctrl Pts',(-6.09194187806786,16.6375841658505,51.5));
#13543=CARTESIAN_POINT('Ctrl Pts',(-6.09194187806786,16.6375841658505,51.));
#13544=CARTESIAN_POINT('Ctrl Pts',(-6.10405599770804,17.0200878104435,51.5));
#13545=CARTESIAN_POINT('Ctrl Pts',(-6.10405599770804,17.0200878104435,51.));
#13546=CARTESIAN_POINT('Ctrl Pts',(-6.11052300610329,17.2242837697267,51.5));
#13547=CARTESIAN_POINT('Ctrl Pts',(-6.11052300610329,17.2242837697267,51.));
#13548=CARTESIAN_POINT('',(-5.88873769917275,16.1153548508882,51.5));
#13549=CARTESIAN_POINT('Ctrl Pts',(-5.88873769917275,16.1153548508882,51.5));
#13550=CARTESIAN_POINT('Ctrl Pts',(-5.95334564279319,16.2813955412002,51.5));
#13551=CARTESIAN_POINT('Ctrl Pts',(-6.09194187806786,16.6375841658505,51.5));
#13552=CARTESIAN_POINT('Ctrl Pts',(-6.10405599770804,17.0200878104435,51.5));
#13553=CARTESIAN_POINT('Ctrl Pts',(-6.11052300610329,17.2242837697267,51.5));
#13554=CARTESIAN_POINT('',(-5.88873769917275,16.1153548508882,51.));
#13555=CARTESIAN_POINT('Ctrl Pts',(-5.88873769917275,16.1153548508882,51.));
#13556=CARTESIAN_POINT('Ctrl Pts',(-5.95334564279319,16.2813955412002,51.));
#13557=CARTESIAN_POINT('Ctrl Pts',(-6.09194187806786,16.6375841658505,51.));
#13558=CARTESIAN_POINT('Ctrl Pts',(-6.10405599770804,17.0200878104435,51.));
#13559=CARTESIAN_POINT('Ctrl Pts',(-6.11052300610329,17.2242837697267,51.));
#13560=CARTESIAN_POINT('',(-5.88873769917275,16.1153548508882,51.5));
#13561=CARTESIAN_POINT('Ctrl Pts',(-5.2973088232496,15.3599983006715,51.5));
#13562=CARTESIAN_POINT('Ctrl Pts',(-5.2973088232496,15.3599983006715,51.));
#13563=CARTESIAN_POINT('Ctrl Pts',(-5.41487415720737,15.4680602926002,51.5));
#13564=CARTESIAN_POINT('Ctrl Pts',(-5.41487415720737,15.4680602926002,51.));
#13565=CARTESIAN_POINT('Ctrl Pts',(-5.65342013105524,15.6873235076381,51.5));
#13566=CARTESIAN_POINT('Ctrl Pts',(-5.65342013105524,15.6873235076381,51.));
#13567=CARTESIAN_POINT('Ctrl Pts',(-5.80955338045918,15.971322382023,51.5));
#13568=CARTESIAN_POINT('Ctrl Pts',(-5.80955338045918,15.971322382023,51.));
#13569=CARTESIAN_POINT('Ctrl Pts',(-5.88873769917275,16.1153548508882,51.5));
#13570=CARTESIAN_POINT('Ctrl Pts',(-5.88873769917275,16.1153548508882,51.));
#13571=CARTESIAN_POINT('',(-5.2973088232496,15.3599983006715,51.5));
#13572=CARTESIAN_POINT('Ctrl Pts',(-5.2973088232496,15.3599983006715,51.5));
#13573=CARTESIAN_POINT('Ctrl Pts',(-5.41487415720737,15.4680602926002,51.5));
#13574=CARTESIAN_POINT('Ctrl Pts',(-5.65342013105524,15.6873235076381,51.5));
#13575=CARTESIAN_POINT('Ctrl Pts',(-5.80955338045918,15.971322382023,51.5));
#13576=CARTESIAN_POINT('Ctrl Pts',(-5.88873769917275,16.1153548508882,51.5));
#13577=CARTESIAN_POINT('',(-5.2973088232496,15.3599983006715,51.));
#13578=CARTESIAN_POINT('Ctrl Pts',(-5.2973088232496,15.3599983006715,51.));
#13579=CARTESIAN_POINT('Ctrl Pts',(-5.41487415720737,15.4680602926002,51.));
#13580=CARTESIAN_POINT('Ctrl Pts',(-5.65342013105524,15.6873235076381,51.));
#13581=CARTESIAN_POINT('Ctrl Pts',(-5.80955338045918,15.971322382023,51.));
#13582=CARTESIAN_POINT('Ctrl Pts',(-5.88873769917275,16.1153548508882,51.));
#13583=CARTESIAN_POINT('',(-5.2973088232496,15.3599983006715,51.5));
#13584=CARTESIAN_POINT('Ctrl Pts',(-4.47766627945687,14.8457127362489,51.5));
#13585=CARTESIAN_POINT('Ctrl Pts',(-4.47766627945687,14.8457127362489,51.));
#13586=CARTESIAN_POINT('Ctrl Pts',(-4.62366223085807,14.9196424206244,51.5));
#13587=CARTESIAN_POINT('Ctrl Pts',(-4.62366223085807,14.9196424206244,51.));
#13588=CARTESIAN_POINT('Ctrl Pts',(-4.91264378246758,15.0659774024906,51.5));
#13589=CARTESIAN_POINT('Ctrl Pts',(-4.91264378246758,15.0659774024906,51.));
#13590=CARTESIAN_POINT('Ctrl Pts',(-5.16998071160057,15.2626743388303,51.5));
#13591=CARTESIAN_POINT('Ctrl Pts',(-5.16998071160057,15.2626743388303,51.));
#13592=CARTESIAN_POINT('Ctrl Pts',(-5.2973088232496,15.3599983006715,51.5));
#13593=CARTESIAN_POINT('Ctrl Pts',(-5.2973088232496,15.3599983006715,51.));
#13594=CARTESIAN_POINT('',(-4.47766627945687,14.8457127362489,51.5));
#13595=CARTESIAN_POINT('Ctrl Pts',(-4.47766627945687,14.8457127362489,51.5));
#13596=CARTESIAN_POINT('Ctrl Pts',(-4.62366223085807,14.9196424206244,51.5));
#13597=CARTESIAN_POINT('Ctrl Pts',(-4.91264378246758,15.0659774024906,51.5));
#13598=CARTESIAN_POINT('Ctrl Pts',(-5.16998071160057,15.2626743388303,51.5));
#13599=CARTESIAN_POINT('Ctrl Pts',(-5.2973088232496,15.3599983006715,51.5));
#13600=CARTESIAN_POINT('',(-4.47766627945687,14.8457127362489,51.));
#13601=CARTESIAN_POINT('Ctrl Pts',(-4.47766627945687,14.8457127362489,51.));
#13602=CARTESIAN_POINT('Ctrl Pts',(-4.62366223085807,14.9196424206244,51.));
#13603=CARTESIAN_POINT('Ctrl Pts',(-4.91264378246758,15.0659774024906,51.));
#13604=CARTESIAN_POINT('Ctrl Pts',(-5.16998071160057,15.2626743388303,51.));
#13605=CARTESIAN_POINT('Ctrl Pts',(-5.2973088232496,15.3599983006715,51.));
#13606=CARTESIAN_POINT('',(-4.47766627945687,14.8457127362489,51.5));
#13607=CARTESIAN_POINT('Ctrl Pts',(-3.57123758473184,14.4471412450075,51.5));
#13608=CARTESIAN_POINT('Ctrl Pts',(-3.57123758473184,14.4471412450075,51.));
#13609=CARTESIAN_POINT('Ctrl Pts',(-3.72328099592761,14.5104347223045,51.5));
#13610=CARTESIAN_POINT('Ctrl Pts',(-3.72328099592761,14.5104347223045,51.));
#13611=CARTESIAN_POINT('Ctrl Pts',(-4.02805500685364,14.6373077435657,51.5));
#13612=CARTESIAN_POINT('Ctrl Pts',(-4.02805500685364,14.6373077435657,51.));
#13613=CARTESIAN_POINT('Ctrl Pts',(-4.32757074443774,14.7761400613995,51.5));
#13614=CARTESIAN_POINT('Ctrl Pts',(-4.32757074443774,14.7761400613995,51.));
#13615=CARTESIAN_POINT('Ctrl Pts',(-4.47766627945687,14.8457127362489,51.5));
#13616=CARTESIAN_POINT('Ctrl Pts',(-4.47766627945687,14.8457127362489,51.));
#13617=CARTESIAN_POINT('',(-3.57123758473184,14.4471412450075,51.5));
#13618=CARTESIAN_POINT('Ctrl Pts',(-3.57123758473184,14.4471412450075,51.5));
#13619=CARTESIAN_POINT('Ctrl Pts',(-3.72328099592761,14.5104347223045,51.5));
#13620=CARTESIAN_POINT('Ctrl Pts',(-4.02805500685364,14.6373077435657,51.5));
#13621=CARTESIAN_POINT('Ctrl Pts',(-4.32757074443774,14.7761400613995,51.5));
#13622=CARTESIAN_POINT('Ctrl Pts',(-4.47766627945687,14.8457127362489,51.5));
#13623=CARTESIAN_POINT('',(-3.57123758473184,14.4471412450075,51.));
#13624=CARTESIAN_POINT('Ctrl Pts',(-3.57123758473184,14.4471412450075,51.));
#13625=CARTESIAN_POINT('Ctrl Pts',(-3.72328099592761,14.5104347223045,51.));
#13626=CARTESIAN_POINT('Ctrl Pts',(-4.02805500685364,14.6373077435657,51.));
#13627=CARTESIAN_POINT('Ctrl Pts',(-4.32757074443774,14.7761400613995,51.));
#13628=CARTESIAN_POINT('Ctrl Pts',(-4.47766627945687,14.8457127362489,51.));
#13629=CARTESIAN_POINT('',(-3.57123758473184,14.4471412450075,51.5));
#13630=CARTESIAN_POINT('Ctrl Pts',(-2.76445176281716,14.0935700684785,51.5));
#13631=CARTESIAN_POINT('Ctrl Pts',(-2.76445176281716,14.0935700684785,51.));
#13632=CARTESIAN_POINT('Ctrl Pts',(-2.89048716848889,14.1545380422046,51.5));
#13633=CARTESIAN_POINT('Ctrl Pts',(-2.89048716848889,14.1545380422046,51.));
#13634=CARTESIAN_POINT('Ctrl Pts',(-3.15498072225144,14.2824833282977,51.5));
#13635=CARTESIAN_POINT('Ctrl Pts',(-3.15498072225144,14.2824833282977,51.));
#13636=CARTESIAN_POINT('Ctrl Pts',(-3.42820765324366,14.3905631734637,51.5));
#13637=CARTESIAN_POINT('Ctrl Pts',(-3.42820765324366,14.3905631734637,51.));
#13638=CARTESIAN_POINT('Ctrl Pts',(-3.57123758473184,14.4471412450075,51.5));
#13639=CARTESIAN_POINT('Ctrl Pts',(-3.57123758473184,14.4471412450075,51.));
#13640=CARTESIAN_POINT('',(-2.76445176281716,14.0935700684785,51.5));
#13641=CARTESIAN_POINT('Ctrl Pts',(-2.76445176281716,14.0935700684785,51.5));
#13642=CARTESIAN_POINT('Ctrl Pts',(-2.89048716848889,14.1545380422046,51.5));
#13643=CARTESIAN_POINT('Ctrl Pts',(-3.15498072225144,14.2824833282977,51.5));
#13644=CARTESIAN_POINT('Ctrl Pts',(-3.42820765324366,14.3905631734637,51.5));
#13645=CARTESIAN_POINT('Ctrl Pts',(-3.57123758473184,14.4471412450075,51.5));
#13646=CARTESIAN_POINT('',(-2.76445176281716,14.0935700684785,51.));
#13647=CARTESIAN_POINT('Ctrl Pts',(-2.76445176281716,14.0935700684785,51.));
#13648=CARTESIAN_POINT('Ctrl Pts',(-2.89048716848889,14.1545380422046,51.));
#13649=CARTESIAN_POINT('Ctrl Pts',(-3.15498072225144,14.2824833282977,51.));
#13650=CARTESIAN_POINT('Ctrl Pts',(-3.42820765324366,14.3905631734637,51.));
#13651=CARTESIAN_POINT('Ctrl Pts',(-3.57123758473184,14.4471412450075,51.));
#13652=CARTESIAN_POINT('',(-2.76445176281716,14.0935700684785,51.5));
#13653=CARTESIAN_POINT('Ctrl Pts',(-2.20195200123574,13.6789267808198,51.5));
#13654=CARTESIAN_POINT('Ctrl Pts',(-2.20195200123574,13.6789267808198,51.));
#13655=CARTESIAN_POINT('Ctrl Pts',(-2.28017774493486,13.756518814316,51.5));
#13656=CARTESIAN_POINT('Ctrl Pts',(-2.28017774493486,13.756518814316,51.));
#13657=CARTESIAN_POINT('Ctrl Pts',(-2.44718919449746,13.9221772967531,51.5));
#13658=CARTESIAN_POINT('Ctrl Pts',(-2.44718919449746,13.9221772967531,51.));
#13659=CARTESIAN_POINT('Ctrl Pts',(-2.65433176939735,14.0340806336089,51.5));
#13660=CARTESIAN_POINT('Ctrl Pts',(-2.65433176939735,14.0340806336089,51.));
#13661=CARTESIAN_POINT('Ctrl Pts',(-2.76445176281716,14.0935700684785,51.5));
#13662=CARTESIAN_POINT('Ctrl Pts',(-2.76445176281716,14.0935700684785,51.));
#13663=CARTESIAN_POINT('',(-2.20195200123574,13.6789267808198,51.5));
#13664=CARTESIAN_POINT('Ctrl Pts',(-2.20195200123574,13.6789267808198,51.5));
#13665=CARTESIAN_POINT('Ctrl Pts',(-2.28017774493486,13.756518814316,51.5));
#13666=CARTESIAN_POINT('Ctrl Pts',(-2.44718919449746,13.9221772967531,51.5));
#13667=CARTESIAN_POINT('Ctrl Pts',(-2.65433176939735,14.0340806336089,51.5));
#13668=CARTESIAN_POINT('Ctrl Pts',(-2.76445176281716,14.0935700684785,51.5));
#13669=CARTESIAN_POINT('',(-2.20195200123574,13.6789267808198,51.));
#13670=CARTESIAN_POINT('Ctrl Pts',(-2.20195200123574,13.6789267808198,51.));
#13671=CARTESIAN_POINT('Ctrl Pts',(-2.28017774493486,13.756518814316,51.));
#13672=CARTESIAN_POINT('Ctrl Pts',(-2.44718919449746,13.9221772967531,51.));
#13673=CARTESIAN_POINT('Ctrl Pts',(-2.65433176939735,14.0340806336089,51.));
#13674=CARTESIAN_POINT('Ctrl Pts',(-2.76445176281716,14.0935700684785,51.));
#13675=CARTESIAN_POINT('',(-2.20195200123574,13.6789267808198,51.5));
#13676=CARTESIAN_POINT('Ctrl Pts',(-1.99623789467599,13.0907123833894,51.5));
#13677=CARTESIAN_POINT('Ctrl Pts',(-1.99623789467599,13.0907123833894,51.));
#13678=CARTESIAN_POINT('Ctrl Pts',(-2.00356776695971,13.2021618162948,51.5));
#13679=CARTESIAN_POINT('Ctrl Pts',(-2.00356776695971,13.2021618162948,51.));
#13680=CARTESIAN_POINT('Ctrl Pts',(-2.01774028595266,13.4176525020078,51.5));
#13681=CARTESIAN_POINT('Ctrl Pts',(-2.01774028595266,13.4176525020078,51.));
#13682=CARTESIAN_POINT('Ctrl Pts',(-2.14197171341657,13.5938545235054,51.5));
#13683=CARTESIAN_POINT('Ctrl Pts',(-2.14197171341657,13.5938545235054,51.));
#13684=CARTESIAN_POINT('Ctrl Pts',(-2.20195200123574,13.6789267808198,51.5));
#13685=CARTESIAN_POINT('Ctrl Pts',(-2.20195200123574,13.6789267808198,51.));
#13686=CARTESIAN_POINT('',(-1.99623789467599,13.0907123833894,51.5));
#13687=CARTESIAN_POINT('Ctrl Pts',(-1.99623789467599,13.0907123833894,51.5));
#13688=CARTESIAN_POINT('Ctrl Pts',(-2.00356776695971,13.2021618162948,51.5));
#13689=CARTESIAN_POINT('Ctrl Pts',(-2.01774028595266,13.4176525020078,51.5));
#13690=CARTESIAN_POINT('Ctrl Pts',(-2.14197171341657,13.5938545235054,51.5));
#13691=CARTESIAN_POINT('Ctrl Pts',(-2.20195200123574,13.6789267808198,51.5));
#13692=CARTESIAN_POINT('',(-1.99623789467599,13.0907123833894,51.));
#13693=CARTESIAN_POINT('Ctrl Pts',(-1.99623789467599,13.0907123833894,51.));
#13694=CARTESIAN_POINT('Ctrl Pts',(-2.00356776695971,13.2021618162948,51.));
#13695=CARTESIAN_POINT('Ctrl Pts',(-2.01774028595266,13.4176525020078,51.));
#13696=CARTESIAN_POINT('Ctrl Pts',(-2.14197171341657,13.5938545235054,51.));
#13697=CARTESIAN_POINT('Ctrl Pts',(-2.20195200123574,13.6789267808198,51.));
#13698=CARTESIAN_POINT('',(-1.99623789467599,13.0907123833894,51.5));
#13699=CARTESIAN_POINT('Ctrl Pts',(-2.30480935253884,12.3546403199434,51.5));
#13700=CARTESIAN_POINT('Ctrl Pts',(-2.30480935253884,12.3546403199434,51.));
#13701=CARTESIAN_POINT('Ctrl Pts',(-2.21486392841807,12.453840268504,51.5));
#13702=CARTESIAN_POINT('Ctrl Pts',(-2.21486392841807,12.453840268504,51.));
#13703=CARTESIAN_POINT('Ctrl Pts',(-2.02606585687781,12.6620638570657,51.5));
#13704=CARTESIAN_POINT('Ctrl Pts',(-2.02606585687781,12.6620638570657,51.));
#13705=CARTESIAN_POINT('Ctrl Pts',(-2.0064884271323,12.9434051150718,51.5));
#13706=CARTESIAN_POINT('Ctrl Pts',(-2.0064884271323,12.9434051150718,51.));
#13707=CARTESIAN_POINT('Ctrl Pts',(-1.99623789467599,13.0907123833894,51.5));
#13708=CARTESIAN_POINT('Ctrl Pts',(-1.99623789467599,13.0907123833894,51.));
#13709=CARTESIAN_POINT('',(-2.30480935253884,12.3546403199434,51.5));
#13710=CARTESIAN_POINT('Ctrl Pts',(-2.30480935253884,12.3546403199434,51.5));
#13711=CARTESIAN_POINT('Ctrl Pts',(-2.21486392841807,12.453840268504,51.5));
#13712=CARTESIAN_POINT('Ctrl Pts',(-2.02606585687781,12.6620638570657,51.5));
#13713=CARTESIAN_POINT('Ctrl Pts',(-2.0064884271323,12.9434051150718,51.5));
#13714=CARTESIAN_POINT('Ctrl Pts',(-1.99623789467599,13.0907123833894,51.5));
#13715=CARTESIAN_POINT('',(-2.30480935253884,12.3546403199434,51.));
#13716=CARTESIAN_POINT('Ctrl Pts',(-2.30480935253884,12.3546403199434,51.));
#13717=CARTESIAN_POINT('Ctrl Pts',(-2.21486392841807,12.453840268504,51.));
#13718=CARTESIAN_POINT('Ctrl Pts',(-2.02606585687781,12.6620638570657,51.));
#13719=CARTESIAN_POINT('Ctrl Pts',(-2.0064884271323,12.9434051150718,51.));
#13720=CARTESIAN_POINT('Ctrl Pts',(-1.99623789467599,13.0907123833894,51.));
#13721=CARTESIAN_POINT('',(-2.30480935253884,12.3546403199434,51.5));
#13722=CARTESIAN_POINT('Ctrl Pts',(-3.12766637482431,12.0942848473787,51.5));
#13723=CARTESIAN_POINT('Ctrl Pts',(-3.12766637482431,12.0942848473787,51.));
#13724=CARTESIAN_POINT('Ctrl Pts',(-2.96876202870319,12.1019661795868,51.5));
#13725=CARTESIAN_POINT('Ctrl Pts',(-2.96876202870319,12.1019661795868,51.));
#13726=CARTESIAN_POINT('Ctrl Pts',(-2.67062490985056,12.1163779330055,51.5));
#13727=CARTESIAN_POINT('Ctrl Pts',(-2.67062490985056,12.1163779330055,51.));
#13728=CARTESIAN_POINT('Ctrl Pts',(-2.42126344627711,12.2787916312034,51.5));
#13729=CARTESIAN_POINT('Ctrl Pts',(-2.42126344627711,12.2787916312034,51.));
#13730=CARTESIAN_POINT('Ctrl Pts',(-2.30480935253884,12.3546403199434,51.5));
#13731=CARTESIAN_POINT('Ctrl Pts',(-2.30480935253884,12.3546403199434,51.));
#13732=CARTESIAN_POINT('',(-3.12766637482431,12.0942848473787,51.5));
#13733=CARTESIAN_POINT('Ctrl Pts',(-3.12766637482431,12.0942848473787,51.5));
#13734=CARTESIAN_POINT('Ctrl Pts',(-2.96876202870319,12.1019661795868,51.5));
#13735=CARTESIAN_POINT('Ctrl Pts',(-2.67062490985056,12.1163779330055,51.5));
#13736=CARTESIAN_POINT('Ctrl Pts',(-2.42126344627711,12.2787916312034,51.5));
#13737=CARTESIAN_POINT('Ctrl Pts',(-2.30480935253884,12.3546403199434,51.5));
#13738=CARTESIAN_POINT('',(-3.12766637482431,12.0942848473787,51.));
#13739=CARTESIAN_POINT('Ctrl Pts',(-3.12766637482431,12.0942848473787,51.));
#13740=CARTESIAN_POINT('Ctrl Pts',(-2.96876202870319,12.1019661795868,51.));
#13741=CARTESIAN_POINT('Ctrl Pts',(-2.67062490985056,12.1163779330055,51.));
#13742=CARTESIAN_POINT('Ctrl Pts',(-2.42126344627711,12.2787916312034,51.));
#13743=CARTESIAN_POINT('Ctrl Pts',(-2.30480935253884,12.3546403199434,51.));
#13744=CARTESIAN_POINT('',(-3.12766637482431,12.0942848473787,51.5));
#13745=CARTESIAN_POINT('Ctrl Pts',(-4.10480882801797,12.4864261895418,51.5));
#13746=CARTESIAN_POINT('Ctrl Pts',(-4.10480882801797,12.4864261895418,51.));
#13747=CARTESIAN_POINT('Ctrl Pts',(-3.95589542740007,12.3720792849837,51.5));
#13748=CARTESIAN_POINT('Ctrl Pts',(-3.95589542740007,12.3720792849837,51.));
#13749=CARTESIAN_POINT('Ctrl Pts',(-3.66636935084394,12.1497593963392,51.5));
#13750=CARTESIAN_POINT('Ctrl Pts',(-3.66636935084394,12.1497593963392,51.));
#13751=CARTESIAN_POINT('Ctrl Pts',(-3.30376877563044,12.1124195184135,51.5));
#13752=CARTESIAN_POINT('Ctrl Pts',(-3.30376877563044,12.1124195184135,51.));
#13753=CARTESIAN_POINT('Ctrl Pts',(-3.12766637482431,12.0942848473787,51.5));
#13754=CARTESIAN_POINT('Ctrl Pts',(-3.12766637482431,12.0942848473787,51.));
#13755=CARTESIAN_POINT('',(-4.10480882801797,12.4864261895418,51.5));
#13756=CARTESIAN_POINT('Ctrl Pts',(-4.10480882801797,12.4864261895418,51.5));
#13757=CARTESIAN_POINT('Ctrl Pts',(-3.95589542740007,12.3720792849837,51.5));
#13758=CARTESIAN_POINT('Ctrl Pts',(-3.66636935084394,12.1497593963392,51.5));
#13759=CARTESIAN_POINT('Ctrl Pts',(-3.30376877563044,12.1124195184135,51.5));
#13760=CARTESIAN_POINT('Ctrl Pts',(-3.12766637482431,12.0942848473787,51.5));
#13761=CARTESIAN_POINT('',(-4.10480882801797,12.4864261895418,51.));
#13762=CARTESIAN_POINT('Ctrl Pts',(-4.10480882801797,12.4864261895418,51.));
#13763=CARTESIAN_POINT('Ctrl Pts',(-3.95589542740007,12.3720792849837,51.));
#13764=CARTESIAN_POINT('Ctrl Pts',(-3.66636935084394,12.1497593963392,51.));
#13765=CARTESIAN_POINT('Ctrl Pts',(-3.30376877563044,12.1124195184135,51.));
#13766=CARTESIAN_POINT('Ctrl Pts',(-3.12766637482431,12.0942848473787,51.));
#13767=CARTESIAN_POINT('',(-4.10480882801797,12.4864261895418,51.5));
#13768=CARTESIAN_POINT('Ctrl Pts',(-4.81195177712228,13.4699981957674,51.5));
#13769=CARTESIAN_POINT('Ctrl Pts',(-4.81195177712228,13.4699981957674,51.));
#13770=CARTESIAN_POINT('Ctrl Pts',(-4.71837838718487,13.2827528906906,51.5));
#13771=CARTESIAN_POINT('Ctrl Pts',(-4.71837838718487,13.2827528906906,51.));
#13772=CARTESIAN_POINT('Ctrl Pts',(-4.53546474749024,12.9167330180512,51.5));
#13773=CARTESIAN_POINT('Ctrl Pts',(-4.53546474749024,12.9167330180512,51.));
#13774=CARTESIAN_POINT('Ctrl Pts',(-4.24612878301491,12.627631590165,51.5));
#13775=CARTESIAN_POINT('Ctrl Pts',(-4.24612878301491,12.627631590165,51.));
#13776=CARTESIAN_POINT('Ctrl Pts',(-4.10480882801797,12.4864261895418,51.5));
#13777=CARTESIAN_POINT('Ctrl Pts',(-4.10480882801797,12.4864261895418,51.));
#13778=CARTESIAN_POINT('',(-4.81195177712228,13.4699981957674,51.5));
#13779=CARTESIAN_POINT('Ctrl Pts',(-4.81195177712228,13.4699981957674,51.5));
#13780=CARTESIAN_POINT('Ctrl Pts',(-4.71837838718487,13.2827528906906,51.5));
#13781=CARTESIAN_POINT('Ctrl Pts',(-4.53546474749024,12.9167330180512,51.5));
#13782=CARTESIAN_POINT('Ctrl Pts',(-4.24612878301491,12.627631590165,51.5));
#13783=CARTESIAN_POINT('Ctrl Pts',(-4.10480882801797,12.4864261895418,51.5));
#13784=CARTESIAN_POINT('',(-4.81195177712228,13.4699981957674,51.));
#13785=CARTESIAN_POINT('Ctrl Pts',(-4.81195177712228,13.4699981957674,51.));
#13786=CARTESIAN_POINT('Ctrl Pts',(-4.71837838718487,13.2827528906906,51.));
#13787=CARTESIAN_POINT('Ctrl Pts',(-4.53546474749024,12.9167330180512,51.));
#13788=CARTESIAN_POINT('Ctrl Pts',(-4.24612878301491,12.627631590165,51.));
#13789=CARTESIAN_POINT('Ctrl Pts',(-4.10480882801797,12.4864261895418,51.));
#13790=CARTESIAN_POINT('',(-4.81195177712228,13.4699981957674,51.5));
#13791=CARTESIAN_POINT('Origin',(-6.4833804575422,12.8528564721345,51.5));
#13792=CARTESIAN_POINT('',(-6.4833804575422,12.8528564721345,51.5));
#13793=CARTESIAN_POINT('',(-6.4833804575422,12.8528564721345,51.5));
#13794=CARTESIAN_POINT('',(-6.4833804575422,12.8528564721345,51.));
#13795=CARTESIAN_POINT('',(-6.4833804575422,12.8528564721345,51.));
#13796=CARTESIAN_POINT('',(-6.4833804575422,12.8528564721345,51.5));
#13797=CARTESIAN_POINT('Ctrl Pts',(-5.59623744168069,11.3421409875154,51.5));
#13798=CARTESIAN_POINT('Ctrl Pts',(-5.59623744168069,11.3421409875154,51.));
#13799=CARTESIAN_POINT('Ctrl Pts',(-5.77921966186146,11.5634251217346,51.5));
#13800=CARTESIAN_POINT('Ctrl Pts',(-5.77921966186146,11.5634251217346,51.));
#13801=CARTESIAN_POINT('Ctrl Pts',(-6.15599187905976,12.0190634553291,51.5));
#13802=CARTESIAN_POINT('Ctrl Pts',(-6.15599187905976,12.0190634553291,51.));
#13803=CARTESIAN_POINT('Ctrl Pts',(-6.37218376405825,12.5696608061509,51.5));
#13804=CARTESIAN_POINT('Ctrl Pts',(-6.37218376405825,12.5696608061509,51.));
#13805=CARTESIAN_POINT('Ctrl Pts',(-6.4833804575422,12.8528564721345,51.5));
#13806=CARTESIAN_POINT('Ctrl Pts',(-6.4833804575422,12.8528564721345,51.));
#13807=CARTESIAN_POINT('',(-5.59623744168069,11.3421409875154,51.5));
#13808=CARTESIAN_POINT('Ctrl Pts',(-5.59623744168069,11.3421409875154,51.5));
#13809=CARTESIAN_POINT('Ctrl Pts',(-5.77921966186146,11.5634251217346,51.5));
#13810=CARTESIAN_POINT('Ctrl Pts',(-6.15599187905976,12.0190634553291,51.5));
#13811=CARTESIAN_POINT('Ctrl Pts',(-6.37218376405825,12.5696608061509,51.5));
#13812=CARTESIAN_POINT('Ctrl Pts',(-6.4833804575422,12.8528564721345,51.5));
#13813=CARTESIAN_POINT('',(-5.59623744168069,11.3421409875154,51.));
#13814=CARTESIAN_POINT('Ctrl Pts',(-5.59623744168069,11.3421409875154,51.));
#13815=CARTESIAN_POINT('Ctrl Pts',(-5.77921966186146,11.5634251217346,51.));
#13816=CARTESIAN_POINT('Ctrl Pts',(-6.15599187905976,12.0190634553291,51.));
#13817=CARTESIAN_POINT('Ctrl Pts',(-6.37218376405825,12.5696608061509,51.));
#13818=CARTESIAN_POINT('Ctrl Pts',(-6.4833804575422,12.8528564721345,51.));
#13819=CARTESIAN_POINT('',(-5.59623744168069,11.3421409875154,51.5));
#13820=CARTESIAN_POINT('Ctrl Pts',(-4.136951824806,10.4807132035493,51.5));
#13821=CARTESIAN_POINT('Ctrl Pts',(-4.136951824806,10.4807132035493,51.));
#13822=CARTESIAN_POINT('Ctrl Pts',(-4.41586941657359,10.5754993153783,51.5));
#13823=CARTESIAN_POINT('Ctrl Pts',(-4.41586941657359,10.5754993153783,51.));
#13824=CARTESIAN_POINT('Ctrl Pts',(-4.96252871247925,10.7612735751718,51.5));
#13825=CARTESIAN_POINT('Ctrl Pts',(-4.96252871247925,10.7612735751718,51.));
#13826=CARTESIAN_POINT('Ctrl Pts',(-5.38789995796634,11.1511755652593,51.5));
#13827=CARTESIAN_POINT('Ctrl Pts',(-5.38789995796634,11.1511755652593,51.));
#13828=CARTESIAN_POINT('Ctrl Pts',(-5.59623744168069,11.3421409875154,51.5));
#13829=CARTESIAN_POINT('Ctrl Pts',(-5.59623744168069,11.3421409875154,51.));
#13830=CARTESIAN_POINT('',(-4.136951824806,10.4807132035493,51.5));
#13831=CARTESIAN_POINT('Ctrl Pts',(-4.136951824806,10.4807132035493,51.5));
#13832=CARTESIAN_POINT('Ctrl Pts',(-4.41586941657359,10.5754993153783,51.5));
#13833=CARTESIAN_POINT('Ctrl Pts',(-4.96252871247925,10.7612735751718,51.5));
#13834=CARTESIAN_POINT('Ctrl Pts',(-5.38789995796634,11.1511755652593,51.5));
#13835=CARTESIAN_POINT('Ctrl Pts',(-5.59623744168069,11.3421409875154,51.5));
#13836=CARTESIAN_POINT('',(-4.136951824806,10.4807132035493,51.));
#13837=CARTESIAN_POINT('Ctrl Pts',(-4.136951824806,10.4807132035493,51.));
#13838=CARTESIAN_POINT('Ctrl Pts',(-4.41586941657359,10.5754993153783,51.));
#13839=CARTESIAN_POINT('Ctrl Pts',(-4.96252871247925,10.7612735751718,51.));
#13840=CARTESIAN_POINT('Ctrl Pts',(-5.38789995796634,11.1511755652593,51.));
#13841=CARTESIAN_POINT('Ctrl Pts',(-5.59623744168069,11.3421409875154,51.));
#13842=CARTESIAN_POINT('',(-4.136951824806,10.4807132035493,51.5));
#13843=CARTESIAN_POINT('Origin',(-4.136951824806,9.34285576641555,51.5));
#13844=CARTESIAN_POINT('',(-4.136951824806,9.34285576641555,51.5));
#13845=CARTESIAN_POINT('',(-4.136951824806,9.34285576641555,51.5));
#13846=CARTESIAN_POINT('',(-4.136951824806,9.34285576641555,51.));
#13847=CARTESIAN_POINT('',(-4.136951824806,9.34285576641555,51.));
#13848=CARTESIAN_POINT('',(-4.136951824806,9.34285576641555,51.5));
#13849=CARTESIAN_POINT('Origin',(-2.34980907120492,9.34285576641555,51.5));
#13850=CARTESIAN_POINT('',(-2.34980907120492,9.34285576641555,51.5));
#13851=CARTESIAN_POINT('',(-2.34980907120492,9.34285576641555,51.));
#13852=CARTESIAN_POINT('Origin',(0.610547700741031,14.9582123309373,51.5));
#13853=CARTESIAN_POINT('Origin',(0.610547700741031,14.9582123309373,51.));
#13854=UNCERTAINTY_MEASURE_WITH_UNIT(LENGTH_MEASURE(0.01),#13858,
'DISTANCE_ACCURACY_VALUE',
'Maximum model space distance between geometric entities at asserted c
onnectivities');
#13855=UNCERTAINTY_MEASURE_WITH_UNIT(LENGTH_MEASURE(0.01),#13858,
'DISTANCE_ACCURACY_VALUE',
'Maximum model space distance between geometric entities at asserted c
onnectivities');
#13856=(
GEOMETRIC_REPRESENTATION_CONTEXT(3)
GLOBAL_UNCERTAINTY_ASSIGNED_CONTEXT((#13854))
GLOBAL_UNIT_ASSIGNED_CONTEXT((#13858,#13860,#13861))
REPRESENTATION_CONTEXT('','3D')
);
#13857=(
GEOMETRIC_REPRESENTATION_CONTEXT(3)
GLOBAL_UNCERTAINTY_ASSIGNED_CONTEXT((#13855))
GLOBAL_UNIT_ASSIGNED_CONTEXT((#13858,#13860,#13861))
REPRESENTATION_CONTEXT('','3D')
);
#13858=(
LENGTH_UNIT()
NAMED_UNIT(*)
SI_UNIT(.MILLI.,.METRE.)
);
#13859=(
LENGTH_UNIT()
NAMED_UNIT(*)
SI_UNIT($,.METRE.)
);
#13860=(
NAMED_UNIT(*)
PLANE_ANGLE_UNIT()
SI_UNIT($,.RADIAN.)
);
#13861=(
NAMED_UNIT(*)
SI_UNIT($,.STERADIAN.)
SOLID_ANGLE_UNIT()
);
#13862=SHAPE_DEFINITION_REPRESENTATION(#13863,#13864);
#13863=PRODUCT_DEFINITION_SHAPE('',$,#13866);
#13864=SHAPE_REPRESENTATION('',(#6864),#13856);
#13865=PRODUCT_DEFINITION_CONTEXT('part definition',#13870,'design');
#13866=PRODUCT_DEFINITION('Money Box','Money Box v10',#13867,#13865);
#13867=PRODUCT_DEFINITION_FORMATION('',$,#13872);
#13868=PRODUCT_RELATED_PRODUCT_CATEGORY('Money Box v10','Money Box v10',
(#13872));
#13869=APPLICATION_PROTOCOL_DEFINITION('international standard',
'automotive_design',2009,#13870);
#13870=APPLICATION_CONTEXT(
'Core Data for Automotive Mechanical Design Process');
#13871=PRODUCT_CONTEXT('part definition',#13870,'mechanical');
#13872=PRODUCT('Money Box','Money Box v10',$,(#13871));
#13873=PRESENTATION_STYLE_ASSIGNMENT((#13874));
#13874=SURFACE_STYLE_USAGE(.BOTH.,#13875);
#13875=SURFACE_SIDE_STYLE('',(#13876));
#13876=SURFACE_STYLE_FILL_AREA(#13877);
#13877=FILL_AREA_STYLE('Steel - Satin',(#13878));
#13878=FILL_AREA_STYLE_COLOUR('Steel - Satin',#13879);
#13879=COLOUR_RGB('Steel - Satin',0.627450980392157,0.627450980392157,0.627450980392157);
ENDSEC;
END-ISO-10303-21;
