ISO-10303-21;
HEADER;
FILE_DESCRIPTION (( 'STEP AP214' ),
    '1' );
FILE_NAME ('1729018.STEP',
    '2022-01-11T10:08:52',
    ( '' ),
    ( '' ),
    'SwSTEP 2.0',
    'SolidWorks 2018',
    '' );
FILE_SCHEMA (( 'AUTOMOTIVE_DESIGN' ));
ENDSEC;

DATA;
#1 = DIRECTION ( 'NONE',  ( -1.000000000000000000, 0.000000000000000000, 0.000000000000000000 ) ) ;
#2 = CARTESIAN_POINT ( 'NONE',  ( 2.499999999999999556, 0.4000000000000010214, 3.252606517456513302E-16 ) ) ;
#3 = ORIENTED_EDGE ( 'NONE', *, *, #6341, .T. ) ;
#4 = FACE_OUTER_BOUND ( 'NONE', #2560, .T. ) ;
#5 = FILL_AREA_STYLE ('',( #5847 ) ) ;
#6 = PRESENTATION_LAYER_ASSIGNMENT (  '', '', ( #6133 ) ) ;
#7 = ADVANCED_FACE ( 'NONE', ( #5197 ), #1919, .T. ) ;
#8 = CARTESIAN_POINT ( 'NONE',  ( -3.511449271362114320E-15, -1.000000000000000000, 2.050000000000008704 ) ) ;
#9 = VERTEX_POINT ( 'NONE', #7182 ) ;
#10 = PRESENTATION_STYLE_ASSIGNMENT (( #3518 ) ) ;
#11 = LINE ( 'NONE', #5383, #5380 ) ;
#12 = SURFACE_STYLE_USAGE ( .BOTH. , #3820 ) ;
#13 = PRESENTATION_STYLE_ASSIGNMENT (( #5878 ) ) ;
#14 = DIRECTION ( 'NONE',  ( -1.000000000000000000, 0.000000000000000000, 0.000000000000000000 ) ) ;
#15 = EDGE_CURVE ( 'NONE', #8128, #2268, #7883, .T. ) ;
#16 = CARTESIAN_POINT ( 'NONE',  ( 0.000000000000000000, -4.250311307314563969, 4.049999999999999822 ) ) ;
#17 = ORIENTED_EDGE ( 'NONE', *, *, #2879, .T. ) ;
#18 = CARTESIAN_POINT ( 'NONE',  ( -5.000000000000001776, 4.792956143736835983, 2.436112300511016127 ) ) ;
#19 = CARTESIAN_POINT ( 'NONE',  ( -2.999999999999999556, 0.9200000000000028155, -3.499999999999999556 ) ) ;
#20 = VERTEX_POINT ( 'NONE', #211 ) ;
#21 = UNCERTAINTY_MEASURE_WITH_UNIT (LENGTH_MEASURE( 1.000000000000000082E-05 ), #6419, 'distance_accuracy_value', 'NONE');
#22 = CARTESIAN_POINT ( 'NONE',  ( -4.350000000000000533, 3.049000000000001265, 5.518203095879116896E-16 ) ) ;
#23 = CYLINDRICAL_SURFACE ( 'NONE', #7001, 0.4000000000000001887 ) ;
#24 = AXIS2_PLACEMENT_3D ( 'NONE', #3292, #5293, #3318 ) ;
#25 = FACE_OUTER_BOUND ( 'NONE', #2630, .T. ) ;
#26 = DIRECTION ( 'NONE',  ( -0.000000000000000000, 0.000000000000000000, -1.000000000000000000 ) ) ;
#27 = DIRECTION ( 'NONE',  ( -1.000000000000000000, 0.000000000000000000, 0.000000000000000000 ) ) ;
#28 = ORIENTED_EDGE ( 'NONE', *, *, #7730, .T. ) ;
#29 = COLOUR_RGB ( '',0.5019607843137254832, 1.000000000000000000, 0.5019607843137254832 ) ;
#30 = VECTOR ( 'NONE', #1902, 1000.000000000000000 ) ;
#31 = SURFACE_STYLE_FILL_AREA ( #8124 ) ;
#32 = LINE ( 'NONE', #4393, #2726 ) ;
#33 =( GEOMETRIC_REPRESENTATION_CONTEXT ( 3 ) GLOBAL_UNCERTAINTY_ASSIGNED_CONTEXT ( ( #4163 ) ) GLOBAL_UNIT_ASSIGNED_CONTEXT ( ( #4932, #7471, #430 ) ) REPRESENTATION_CONTEXT ( 'NONE', 'WORKASPACE' ) );
#34 = PLANE ( 'NONE',  #161 ) ;
#35 = DIRECTION ( 'NONE',  ( 7.760429719096859345E-17, -1.000000000000000000, 0.000000000000000000 ) ) ;
#36 = ORIENTED_EDGE ( 'NONE', *, *, #7243, .T. ) ;
#37 = DIRECTION ( 'NONE',  ( 0.2857183028194121288, 0.5496661281711154867, -0.7850045853212384017 ) ) ;
#38 = DIRECTION ( 'NONE',  ( 0.5063955574051580699, 0.000000000000000000, -0.8623013043248393128 ) ) ;
#39 = ORIENTED_EDGE ( 'NONE', *, *, #4070, .T. ) ;
#40 = CARTESIAN_POINT ( 'NONE',  ( 3.000000000000000444, -1.119999999999998552, -4.049999999999999822 ) ) ;
#41 = MECHANICAL_DESIGN_GEOMETRIC_PRESENTATION_REPRESENTATION (  '', ( #5574 ), #1278 ) ;
#42 = VECTOR ( 'NONE', #7140, 1000.000000000000000 ) ;
#43 = CARTESIAN_POINT ( 'NONE',  ( -5.146815143055379238, -1.000000000000000000, 2.050000000000000266 ) ) ;
#44 = EDGE_CURVE ( 'NONE', #817, #4710, #5912, .T. ) ;
#45 = SURFACE_STYLE_USAGE ( .BOTH. , #7010 ) ;
#46 = FACE_OUTER_BOUND ( 'NONE', #7311, .T. ) ;
#47 = VECTOR ( 'NONE', #3827, 1000.000000000000000 ) ;
#48 = AXIS2_PLACEMENT_3D ( 'NONE', #6079, #392, #6779 ) ;
#49 = AXIS2_PLACEMENT_3D ( 'NONE', #729, #5693, #8240 ) ;
#50 = CARTESIAN_POINT ( 'NONE',  ( -0.8997548783981974552, -5.000000000000000000, 3.200000000000001066 ) ) ;
#51 = B_SPLINE_CURVE_WITH_KNOTS ( 'NONE', 3,
 ( #3559, #4247, #4812, #4184, #1572, #1005 ),
 .UNSPECIFIED., .F., .F.,
 ( 4, 2, 4 ),
 ( 0.002741754766499612372, 0.003134983317741711888, 0.003528211868983811405 ),
 .UNSPECIFIED. ) ;
#52 = ADVANCED_FACE ( 'NONE', ( #5110 ), #4708, .F. ) ;
#53 = DIRECTION ( 'NONE',  ( -7.760429719096859345E-17, 1.000000000000000000, 0.000000000000000000 ) ) ;
#54 = CARTESIAN_POINT ( 'NONE',  ( 0.3749999999999998890, -4.650000000000000355, 3.200000000000001066 ) ) ;
#55 = VECTOR ( 'NONE', #1713, 1000.000000000000000 ) ;
#56 = CARTESIAN_POINT ( 'NONE',  ( 4.445955351399304867, 0.2999999999999991562, 3.299999999999999822 ) ) ;
#57 = CARTESIAN_POINT ( 'NONE',  ( -0.4143438711914707029, 0.6838247314120955433, 3.491912365706051791 ) ) ;
#58 = ORIENTED_EDGE ( 'NONE', *, *, #6758, .T. ) ;
#59 = EDGE_CURVE ( 'NONE', #1415, #3008, #4320, .T. ) ;
#60 = SURFACE_STYLE_FILL_AREA ( #5737 ) ;
#61 = LINE ( 'NONE', #4241, #4952 ) ;
#62 = STYLED_ITEM ( 'NONE', ( #3948 ), #1562 ) ;
#63 = PLANE ( 'NONE',  #5730 ) ;
#64 = ORIENTED_EDGE ( 'NONE', *, *, #1184, .F. ) ;
#65 = PLANE ( 'NONE',  #5873 ) ;
#66 = DIRECTION ( 'NONE',  ( 1.000000000000000000, 0.000000000000000000, 1.224646799147355672E-16 ) ) ;
#67 =( NAMED_UNIT ( * ) SI_UNIT ( $, .STERADIAN. ) SOLID_ANGLE_UNIT ( ) );
#68 = EDGE_CURVE ( 'NONE', #5017, #1340, #846, .T. ) ;
#69 = CARTESIAN_POINT ( 'NONE',  ( 3.900000000000000799, -1.200000000000000400, 2.549999999999994937 ) ) ;
#70 = COLOUR_RGB ( '',0.5019607843137254832, 1.000000000000000000, 0.5019607843137254832 ) ;
#71 = EDGE_LOOP ( 'NONE', ( #454, #7354, #1769, #6613, #6876, #2080 ) ) ;
#72 = FACE_BOUND ( 'NONE', #3047, .T. ) ;
#73 = DIRECTION ( 'NONE',  ( -0.000000000000000000, 1.000000000000000000, -1.505836350674312974E-16 ) ) ;
#74 = VERTEX_POINT ( 'NONE', #5342 ) ;
#75 = DIRECTION ( 'NONE',  ( 7.760429719096859345E-17, -1.000000000000000000, 0.000000000000000000 ) ) ;
#76 = PLANE ( 'NONE',  #2154 ) ;
#77 =( NAMED_UNIT ( * ) SI_UNIT ( $, .STERADIAN. ) SOLID_ANGLE_UNIT ( ) );
#78 = EDGE_LOOP ( 'NONE', ( #1282, #4022, #3336, #4048, #2978, #457 ) ) ;
#79 = CARTESIAN_POINT ( 'NONE',  ( 2.250000000000000888, -2.244443709649962315, -3.500000000000000000 ) ) ;
#80 = UNCERTAINTY_MEASURE_WITH_UNIT (LENGTH_MEASURE( 1.000000000000000082E-05 ), #1552, 'distance_accuracy_value', 'NONE');
#81 = DIRECTION ( 'NONE',  ( 0.000000000000000000, 1.000000000000000000, -1.445602896647339410E-16 ) ) ;
#82 = STYLED_ITEM ( 'NONE', ( #3370 ), #7683 ) ;
#83 = FILL_AREA_STYLE_COLOUR ( '', #3321 ) ;
#84 = ORIENTED_EDGE ( 'NONE', *, *, #1867, .F. ) ;
#85 = CARTESIAN_POINT ( 'NONE',  ( -1.999999999999999556, -5.000000000000000000, -3.099999999999996536 ) ) ;
#86 = STYLED_ITEM ( 'NONE', ( #4159 ), #8176 ) ;
#87 =( LENGTH_UNIT ( ) NAMED_UNIT ( * ) SI_UNIT ( .MILLI., .METRE. ) );
#88 = PRESENTATION_STYLE_ASSIGNMENT (( #1705 ) ) ;
#89 = DIRECTION ( 'NONE',  ( 0.9396926207859079838, -0.3420201433256698231, 0.000000000000000000 ) ) ;
#90 = DIRECTION ( 'NONE',  ( -1.000000000000000000, 0.000000000000000000, -0.000000000000000000 ) ) ;
#91 = DIRECTION ( 'NONE',  ( -0.000000000000000000, 1.000000000000000000, -0.000000000000000000 ) ) ;
#92 = CARTESIAN_POINT ( 'NONE',  ( -2.999999999999999556, -4.900000000000000355, -0.1500000000000000777 ) ) ;
#93 = VERTEX_POINT ( 'NONE', #2850 ) ;
#94 = ORIENTED_EDGE ( 'NONE', *, *, #5735, .F. ) ;
#95 = MECHANICAL_DESIGN_GEOMETRIC_PRESENTATION_REPRESENTATION (  '', ( #2654 ), #1377 ) ;
#96 =( LENGTH_UNIT ( ) NAMED_UNIT ( * ) SI_UNIT ( .MILLI., .METRE. ) );
#97 = PRESENTATION_LAYER_ASSIGNMENT (  '', '', ( #4369 ) ) ;
#98 = CARTESIAN_POINT ( 'NONE',  ( -4.500000000000000000, -4.299999999999999822, 2.250000000000000444 ) ) ;
#99 = ADVANCED_FACE ( 'NONE', ( #6011 ), #7897, .F. ) ;
#100 = DIRECTION ( 'NONE',  ( 1.000000000000000000, -0.000000000000000000, -0.000000000000000000 ) ) ;
#101 = EDGE_CURVE ( 'NONE', #5534, #6842, #4215, .T. ) ;
#102 = FILL_AREA_STYLE ('',( #7003 ) ) ;
#103 = DIRECTION ( 'NONE',  ( -7.760429719096859345E-17, 1.000000000000000000, 0.000000000000000000 ) ) ;
#104 = AXIS2_PLACEMENT_3D ( 'NONE', #3563, #1597, #2176 ) ;
#105 = CARTESIAN_POINT ( 'NONE',  ( 0.8997548783981970111, -4.650000000000000355, 3.200000000000001066 ) ) ;
#106 = STYLED_ITEM ( 'NONE', ( #5319 ), #365 ) ;
#107 = ORIENTED_EDGE ( 'NONE', *, *, #2539, .T. ) ;
#108 = CARTESIAN_POINT ( 'NONE',  ( -0.4999999999999995559, -4.299999999999999822, 2.250000000000000444 ) ) ;
#109 = SURFACE_STYLE_FILL_AREA ( #6775 ) ;
#110 = DIRECTION ( 'NONE',  ( 0.000000000000000000, -1.000000000000000000, -9.227252531791526626E-17 ) ) ;
#111 = PLANE ( 'NONE',  #7067 ) ;
#112 = EDGE_LOOP ( 'NONE', ( #6983, #8110 ) ) ;
#113 = EDGE_CURVE ( 'NONE', #4493, #2116, #5689, .T. ) ;
#114 = EDGE_LOOP ( 'NONE', ( #7989, #3417, #5667, #1259 ) ) ;
#115 = MECHANICAL_DESIGN_GEOMETRIC_PRESENTATION_REPRESENTATION (  '', ( #7772 ), #2931 ) ;
#116 = EDGE_CURVE ( 'NONE', #1333, #4266, #3097, .T. ) ;
#117 = CARTESIAN_POINT ( 'NONE',  ( 2.000000000000000444, -5.000000000000000000, -3.099999999999996980 ) ) ;
#118 = PRESENTATION_STYLE_ASSIGNMENT (( #3872 ) ) ;
#119 = DIRECTION ( 'NONE',  ( -0.000000000000000000, -0.000000000000000000, 1.000000000000000000 ) ) ;
#120 = FILL_AREA_STYLE ('',( #3807 ) ) ;
#121 = FILL_AREA_STYLE ('',( #1422 ) ) ;
#122 = DIRECTION ( 'NONE',  ( -1.000000000000000000, 0.000000000000000000, 0.000000000000000000 ) ) ;
#123 = ORIENTED_EDGE ( 'NONE', *, *, #5436, .T. ) ;
#124 = SURFACE_STYLE_FILL_AREA ( #5595 ) ;
#125 = CARTESIAN_POINT ( 'NONE',  ( 0.6669697220176635799, 3.049000000000001265, 0.2500000000000003331 ) ) ;
#126 = DIRECTION ( 'NONE',  ( 0.000000000000000000, -9.227252531791525393E-17, -1.000000000000000000 ) ) ;
#127 =( LENGTH_UNIT ( ) NAMED_UNIT ( * ) SI_UNIT ( .MILLI., .METRE. ) );
#128 = DIRECTION ( 'NONE',  ( -1.000000000000000000, -7.760429719096859345E-17, 0.000000000000000000 ) ) ;
#129 = VERTEX_POINT ( 'NONE', #410 ) ;
#130 = LINE ( 'NONE', #5726, #6498 ) ;
#131 = VECTOR ( 'NONE', #2564, 1000.000000000000000 ) ;
#132 = COLOUR_RGB ( '',0.5019607843137254832, 1.000000000000000000, 0.5019607843137254832 ) ;
#133 = DIRECTION ( 'NONE',  ( -0.000000000000000000, 1.000000000000000000, -1.147977654433357068E-15 ) ) ;
#134 = STYLED_ITEM ( 'NONE', ( #3399 ), #2511 ) ;
#135 = CARTESIAN_POINT ( 'NONE',  ( -0.3749999999999998890, -4.650000000000000355, 3.200000000000001066 ) ) ;
#136 = ORIENTED_EDGE ( 'NONE', *, *, #3069, .T. ) ;
#137 = CARTESIAN_POINT ( 'NONE',  ( -0.4999999999999995559, -4.299999999999999822, 2.250000000000000444 ) ) ;
#138 = LINE ( 'NONE', #4243, #3813 ) ;
#139 = CIRCLE ( 'NONE', #3229, 1.850000000000000311 ) ;
#140 = ADVANCED_FACE ( 'NONE', ( #440 ), #7813, .F. ) ;
#141 = VERTEX_POINT ( 'NONE', #1054 ) ;
#142 = FILL_AREA_STYLE_COLOUR ( '', #767 ) ;
#143 = ORIENTED_EDGE ( 'NONE', *, *, #7594, .F. ) ;
#144 = DIRECTION ( 'NONE',  ( -0.000000000000000000, -0.000000000000000000, -1.000000000000000000 ) ) ;
#145 =( NAMED_UNIT ( * ) PLANE_ANGLE_UNIT ( ) SI_UNIT ( $, .RADIAN. ) );
#146 = LINE ( 'NONE', #6784, #2725 ) ;
#147 = STYLED_ITEM ( 'NONE', ( #360 ), #3607 ) ;
#148 = ORIENTED_EDGE ( 'NONE', *, *, #7882, .F. ) ;
#149 = DIRECTION ( 'NONE',  ( 0.000000000000000000, -1.445602896647339410E-16, -1.000000000000000000 ) ) ;
#150 = PRESENTATION_STYLE_ASSIGNMENT (( #7825 ) ) ;
#151 =( NAMED_UNIT ( * ) SI_UNIT ( $, .STERADIAN. ) SOLID_ANGLE_UNIT ( ) );
#152 = STYLED_ITEM ( 'NONE', ( #7221 ), #4673 ) ;
#153 = CARTESIAN_POINT ( 'NONE',  ( -1.999999999999999556, 0.9200000000000028155, -3.499999999999999556 ) ) ;
#154 = VECTOR ( 'NONE', #1154, 1000.000000000000000 ) ;
#155 = EDGE_CURVE ( 'NONE', #3715, #6717, #7582, .T. ) ;
#156 = SURFACE_SIDE_STYLE ('',( #3096 ) ) ;
#157 = SURFACE_SIDE_STYLE ('',( #463 ) ) ;
#158 =( NAMED_UNIT ( * ) SI_UNIT ( $, .STERADIAN. ) SOLID_ANGLE_UNIT ( ) );
#159 = SURFACE_STYLE_USAGE ( .BOTH. , #7845 ) ;
#160 = PLANE ( 'NONE',  #2206 ) ;
#161 = AXIS2_PLACEMENT_3D ( 'NONE', #5835, #4464, #7082 ) ;
#162 = CARTESIAN_POINT ( 'NONE',  ( 0.6066987298107773263, 4.975000000000002309, 0.000000000000000000 ) ) ;
#163 = ORIENTED_EDGE ( 'NONE', *, *, #1447, .T. ) ;
#164 = UNCERTAINTY_MEASURE_WITH_UNIT (LENGTH_MEASURE( 1.000000000000000082E-05 ), #305, 'distance_accuracy_value', 'NONE');
#165 = VECTOR ( 'NONE', #1703, 1000.000000000000000 ) ;
#166 = SURFACE_STYLE_FILL_AREA ( #7725 ) ;
#167 = DIRECTION ( 'NONE',  ( 0.000000000000000000, -1.000000000000000000, 0.000000000000000000 ) ) ;
#168 = CARTESIAN_POINT ( 'NONE',  ( 0.5999999999999998668, 2.650000000000000799, 0.000000000000000000 ) ) ;
#169 = ORIENTED_EDGE ( 'NONE', *, *, #5104, .F. ) ;
#170 =( NAMED_UNIT ( * ) PLANE_ANGLE_UNIT ( ) SI_UNIT ( $, .RADIAN. ) );
#171 = DIRECTION ( 'NONE',  ( -0.000000000000000000, 1.000000000000000000, -1.147977654433357068E-15 ) ) ;
#172 = EDGE_CURVE ( 'NONE', #4200, #2388, #2507, .T. ) ;
#173 = AXIS2_PLACEMENT_3D ( 'NONE', #4285, #1791, #4980 ) ;
#174 = PLANE ( 'NONE',  #5252 ) ;
#175 = ORIENTED_EDGE ( 'NONE', *, *, #7568, .F. ) ;
#176 = SURFACE_SIDE_STYLE ('',( #1833 ) ) ;
#177 = CYLINDRICAL_SURFACE ( 'NONE', #3000, 1.199999999999999512 ) ;
#178 = CIRCLE ( 'NONE', #6653, 1.850000000000000311 ) ;
#179 = ORIENTED_EDGE ( 'NONE', *, *, #1950, .F. ) ;
#180 = DIRECTION ( 'NONE',  ( -1.000000000000000000, 0.000000000000000000, 0.000000000000000000 ) ) ;
#181 = FILL_AREA_STYLE_COLOUR ( '', #721 ) ;
#182 = ADVANCED_FACE ( 'NONE', ( #8172 ), #6825, .F. ) ;
#183 = EDGE_CURVE ( 'NONE', #5784, #6052, #4845, .T. ) ;
#184 = PLANE ( 'NONE',  #6529 ) ;
#185 = ORIENTED_EDGE ( 'NONE', *, *, #3955, .T. ) ;
#186 = FILL_AREA_STYLE_COLOUR ( '', #711 ) ;
#187 = UNCERTAINTY_MEASURE_WITH_UNIT (LENGTH_MEASURE( 1.000000000000000082E-05 ), #7149, 'distance_accuracy_value', 'NONE');
#188 = SURFACE_STYLE_USAGE ( .BOTH. , #7192 ) ;
#189 =( NAMED_UNIT ( * ) PLANE_ANGLE_UNIT ( ) SI_UNIT ( $, .RADIAN. ) );
#190 = ORIENTED_EDGE ( 'NONE', *, *, #6176, .F. ) ;
#191 = ADVANCED_FACE ( 'NONE', ( #6310 ), #4017, .T. ) ;
#192 = DIRECTION ( 'NONE',  ( -7.760429719096859345E-17, 1.000000000000000000, 0.000000000000000000 ) ) ;
#193 = CLOSED_SHELL ( 'NONE', ( #7970, #3294, #5261, #1996, #6781, #4153, #7244, #3760, #3337, #3800, #2549, #2079, #4705, #4239, #7194, #5953, #191, #5313, #3882, #2126 ) ) ;
#194 = FILL_AREA_STYLE ('',( #7659 ) ) ;
#195 = FILL_AREA_STYLE_COLOUR ( '', #3362 ) ;
#196 = MECHANICAL_DESIGN_GEOMETRIC_PRESENTATION_REPRESENTATION (  '', ( #1884 ), #6305 ) ;
#197 = AXIS2_PLACEMENT_3D ( 'NONE', #7356, #4892, #2852 ) ;
#198 = SURFACE_STYLE_USAGE ( .BOTH. , #788 ) ;
#199 =( LENGTH_UNIT ( ) NAMED_UNIT ( * ) SI_UNIT ( .MILLI., .METRE. ) );
#200 = ORIENTED_EDGE ( 'NONE', *, *, #7578, .F. ) ;
#201 = EDGE_CURVE ( 'NONE', #5042, #3959, #868, .T. ) ;
#202 = COLOUR_RGB ( '',0.5019607843137254832, 1.000000000000000000, 0.5019607843137254832 ) ;
#203 = MECHANICAL_DESIGN_GEOMETRIC_PRESENTATION_REPRESENTATION (  '', ( #152 ), #1475 ) ;
#204 = LINE ( 'NONE', #5423, #8237 ) ;
#205 = SURFACE_SIDE_STYLE ('',( #882 ) ) ;
#206 = STYLED_ITEM ( 'NONE', ( #5702 ), #7068 ) ;
#207 = CARTESIAN_POINT ( 'NONE',  ( 3.000000000000000444, -4.900000000000000355, -0.1500000000000000777 ) ) ;
#208 = CARTESIAN_POINT ( 'NONE',  ( -5.400000000000002132, -1.000000000000000000, 2.049999999999999822 ) ) ;
#209 = DIRECTION ( 'NONE',  ( -0.000000000000000000, 1.000000000000000000, 0.000000000000000000 ) ) ;
#210 = ORIENTED_EDGE ( 'NONE', *, *, #2915, .T. ) ;
#211 = CARTESIAN_POINT ( 'NONE',  ( 2.750000000000000888, -2.244443709649962315, -3.500000000000000000 ) ) ;
#212 = EDGE_CURVE ( 'NONE', #3008, #3367, #5720, .T. ) ;
#213 = CARTESIAN_POINT ( 'NONE',  ( -2.749999999999999556, -2.999999999999998668, -3.774999999999999911 ) ) ;
#214 = DIRECTION ( 'NONE',  ( 0.000000000000000000, 0.000000000000000000, 1.000000000000000000 ) ) ;
#215 = AXIS2_PLACEMENT_3D ( 'NONE', #1117, #3677, #3705 ) ;
#216 = PRESENTATION_LAYER_ASSIGNMENT (  '', '', ( #4765 ) ) ;
#217 =( LENGTH_UNIT ( ) NAMED_UNIT ( * ) SI_UNIT ( .MILLI., .METRE. ) );
#218 = DIRECTION ( 'NONE',  ( -0.000000000000000000, 1.000000000000000000, 0.000000000000000000 ) ) ;
#219 = ORIENTED_EDGE ( 'NONE', *, *, #5759, .T. ) ;
#220 = DIRECTION ( 'NONE',  ( -0.9396926207859082059, -0.3420201433256693790, 0.000000000000000000 ) ) ;
#221 = ORIENTED_EDGE ( 'NONE', *, *, #2242, .T. ) ;
#222 = SURFACE_STYLE_FILL_AREA ( #7656 ) ;
#223 = CARTESIAN_POINT ( 'NONE',  ( 0.3749999999999998890, -5.000000000000000000, -2.350000000000000089 ) ) ;
#224 = PRESENTATION_STYLE_ASSIGNMENT (( #576 ) ) ;
#225 =( LENGTH_UNIT ( ) NAMED_UNIT ( * ) SI_UNIT ( .MILLI., .METRE. ) );
#226 = SURFACE_STYLE_FILL_AREA ( #566 ) ;
#227 = EDGE_CURVE ( 'NONE', #2282, #2658, #464, .T. ) ;
#228 = ADVANCED_FACE ( 'NONE', ( #8101 ), #3022, .T. ) ;
#229 =( GEOMETRIC_REPRESENTATION_CONTEXT ( 3 ) GLOBAL_UNCERTAINTY_ASSIGNED_CONTEXT ( ( #5205 ) ) GLOBAL_UNIT_ASSIGNED_CONTEXT ( ( #6100, #2340, #2977 ) ) REPRESENTATION_CONTEXT ( 'NONE', 'WORKASPACE' ) );
#230 =( NAMED_UNIT ( * ) SI_UNIT ( $, .STERADIAN. ) SOLID_ANGLE_UNIT ( ) );
#231 = ORIENTED_EDGE ( 'NONE', *, *, #1296, .T. ) ;
#232 = CARTESIAN_POINT ( 'NONE',  ( -2.999999999999999556, -7.499999999999979572, 0.2500000000000004996 ) ) ;
#233 = CARTESIAN_POINT ( 'NONE',  ( 2.250000000000000888, -2.244443709649962315, -3.500000000000000000 ) ) ;
#234 = VECTOR ( 'NONE', #7059, 1000.000000000000000 ) ;
#235 = EDGE_CURVE ( 'NONE', #7252, #3612, #6632, .T. ) ;
#236 = FILL_AREA_STYLE_COLOUR ( '', #5231 ) ;
#237 = ADVANCED_FACE ( 'NONE', ( #46 ), #4838, .T. ) ;
#238 = VERTEX_POINT ( 'NONE', #6726 ) ;
#239 = SURFACE_STYLE_USAGE ( .BOTH. , #2190 ) ;
#240 = DIRECTION ( 'NONE',  ( 0.000000000000000000, 1.000000000000000000, -0.000000000000000000 ) ) ;
#241 = UNCERTAINTY_MEASURE_WITH_UNIT (LENGTH_MEASURE( 1.000000000000000082E-05 ), #2042, 'distance_accuracy_value', 'NONE');
#242 = VECTOR ( 'NONE', #866, 1000.000000000000000 ) ;
#243 = SURFACE_STYLE_FILL_AREA ( #4412 ) ;
#244 =( NAMED_UNIT ( * ) PLANE_ANGLE_UNIT ( ) SI_UNIT ( $, .RADIAN. ) );
#245 = DIRECTION ( 'NONE',  ( -0.000000000000000000, 1.000000000000000000, -1.106328747434187728E-16 ) ) ;
#246 = ORIENTED_EDGE ( 'NONE', *, *, #2780, .T. ) ;
#247 = SURFACE_SIDE_STYLE ('',( #2380 ) ) ;
#248 = EDGE_LOOP ( 'NONE', ( #4478, #2990 ) ) ;
#249 = LINE ( 'NONE', #4990, #3307 ) ;
#250 = CARTESIAN_POINT ( 'NONE',  ( 2.499999999999999556, 3.949000000000001176, 3.252606517456513795E-16 ) ) ;
#251 = ORIENTED_EDGE ( 'NONE', *, *, #348, .T. ) ;
#252 = STYLED_ITEM ( 'NONE', ( #8072 ), #2589 ) ;
#253 = DIRECTION ( 'NONE',  ( 1.000000000000000000, -0.000000000000000000, -0.000000000000000000 ) ) ;
#254 = VERTEX_POINT ( 'NONE', #5446 ) ;
#255 =( GEOMETRIC_REPRESENTATION_CONTEXT ( 3 ) GLOBAL_UNCERTAINTY_ASSIGNED_CONTEXT ( ( #2631 ) ) GLOBAL_UNIT_ASSIGNED_CONTEXT ( ( #7441, #3636, #563 ) ) REPRESENTATION_CONTEXT ( 'NONE', 'WORKASPACE' ) );
#256 = VECTOR ( 'NONE', #3670, 1000.000000000000000 ) ;
#257 = COLOUR_RGB ( '',1.000000000000000000, 1.000000000000000000, 0.7529411764705882248 ) ;
#258 = PRESENTATION_STYLE_ASSIGNMENT (( #3251 ) ) ;
#259 = VECTOR ( 'NONE', #979, 1000.000000000000000 ) ;
#260 = MECHANICAL_DESIGN_GEOMETRIC_PRESENTATION_REPRESENTATION (  '', ( #6367 ), #3757 ) ;
#261 = DIRECTION ( 'NONE',  ( -7.760429719096859345E-17, 1.000000000000000000, -0.000000000000000000 ) ) ;
#262 = CARTESIAN_POINT ( 'NONE',  ( 3.000000000000000444, -1.119999999999998552, -4.049999999999999822 ) ) ;
#263 =( NAMED_UNIT ( * ) PLANE_ANGLE_UNIT ( ) SI_UNIT ( $, .RADIAN. ) );
#264 = MECHANICAL_DESIGN_GEOMETRIC_PRESENTATION_REPRESENTATION (  '', ( #8224 ), #424 ) ;
#265 = MECHANICAL_DESIGN_GEOMETRIC_PRESENTATION_REPRESENTATION (  '', ( #3500 ), #7345 ) ;
#266 = CIRCLE ( 'NONE', #1700, 0.1000000000000002554 ) ;
#267 = PRESENTATION_STYLE_ASSIGNMENT (( #1805 ) ) ;
#268 = COLOUR_RGB ( '',0.5019607843137254832, 1.000000000000000000, 0.5019607843137254832 ) ;
#269 = FILL_AREA_STYLE_COLOUR ( '', #2936 ) ;
#270 = EDGE_CURVE ( 'NONE', #5375, #5755, #4240, .T. ) ;
#271 = FACE_OUTER_BOUND ( 'NONE', #7157, .T. ) ;
#272 = STYLED_ITEM ( 'NONE', ( #6611 ), #5102 ) ;
#273 = DIRECTION ( 'NONE',  ( -7.760429719096859345E-17, 1.000000000000000000, -0.000000000000000000 ) ) ;
#274 = EDGE_LOOP ( 'NONE', ( #4233, #5136 ) ) ;
#275 = FILL_AREA_STYLE_COLOUR ( '', #6153 ) ;
#276 = AXIS2_PLACEMENT_3D ( 'NONE', #6670, #1483, #2164 ) ;
#277 = CARTESIAN_POINT ( 'NONE',  ( -5.000000000000001776, -5.000000000000000000, 4.049999999999999822 ) ) ;
#278 = CARTESIAN_POINT ( 'NONE',  ( -5.000000000000001776, -1.000000000000000000, 0.000000000000000000 ) ) ;
#279 = ORIENTED_EDGE ( 'NONE', *, *, #7100, .F. ) ;
#280 = DIRECTION ( 'NONE',  ( -1.000000000000000000, 0.000000000000000000, 0.000000000000000000 ) ) ;
#281 = CARTESIAN_POINT ( 'NONE',  ( -1.042259872831066136, 3.949000000000004729, 0.2500000000000003331 ) ) ;
#282 = UNCERTAINTY_MEASURE_WITH_UNIT (LENGTH_MEASURE( 1.000000000000000082E-05 ), #4015, 'distance_accuracy_value', 'NONE');
#283 = EDGE_CURVE ( 'NONE', #5534, #1506, #5397, .T. ) ;
#284 = LINE ( 'NONE', #7490, #3535 ) ;
#285 = ORIENTED_EDGE ( 'NONE', *, *, #7865, .T. ) ;
#286 = COLOUR_RGB ( '',0.7921568627450980005, 0.8196078431372548767, 0.9333333333333333481 ) ;
#287 = STYLED_ITEM ( 'NONE', ( #5928 ), #1431 ) ;
#288 = ADVANCED_FACE ( 'NONE', ( #4238 ), #1588, .T. ) ;
#289 = SURFACE_STYLE_USAGE ( .BOTH. , #3487 ) ;
#290 = DIRECTION ( 'NONE',  ( -0.000000000000000000, -0.000000000000000000, -1.000000000000000000 ) ) ;
#291 = VERTEX_POINT ( 'NONE', #4158 ) ;
#292 = DIRECTION ( 'NONE',  ( 0.000000000000000000, 1.000000000000000000, 0.000000000000000000 ) ) ;
#293 = CARTESIAN_POINT ( 'NONE',  ( 4.999999999999998224, -5.000000000000000000, 4.049999999999999822 ) ) ;
#294 =( NAMED_UNIT ( * ) SI_UNIT ( $, .STERADIAN. ) SOLID_ANGLE_UNIT ( ) );
#295 = ORIENTED_EDGE ( 'NONE', *, *, #5915, .T. ) ;
#296 = EDGE_LOOP ( 'NONE', ( #185, #5831, #1835, #4868, #6496, #7696, #285, #3188, #4256 ) ) ;
#297 = DIRECTION ( 'NONE',  ( -0.000000000000000000, -0.000000000000000000, 1.000000000000000000 ) ) ;
#298 = CARTESIAN_POINT ( 'NONE',  ( -1.999999999999999556, -1.699999999999999734, -2.999999999999999556 ) ) ;
#299 = SURFACE_SIDE_STYLE ('',( #6264 ) ) ;
#300 = DIRECTION ( 'NONE',  ( -1.000000000000000000, 0.000000000000000000, -0.000000000000000000 ) ) ;
#301 = DIRECTION ( 'NONE',  ( 0.000000000000000000, -1.000000000000000000, 1.548860246407863583E-16 ) ) ;
#302 = ORIENTED_EDGE ( 'NONE', *, *, #3232, .F. ) ;
#303 = ORIENTED_EDGE ( 'NONE', *, *, #1821, .F. ) ;
#304 = VERTEX_POINT ( 'NONE', #40 ) ;
#305 =( LENGTH_UNIT ( ) NAMED_UNIT ( * ) SI_UNIT ( .MILLI., .METRE. ) );
#306 = CARTESIAN_POINT ( 'NONE',  ( -0.6669697220176644681, 3.448999999999818655, 0.2500000000000003331 ) ) ;
#307 = SURFACE_STYLE_FILL_AREA ( #2715 ) ;
#308 = DIRECTION ( 'NONE',  ( -7.760429719096859345E-17, 1.000000000000000000, 0.000000000000000000 ) ) ;
#309 = FILL_AREA_STYLE_COLOUR ( '', #2218 ) ;
#310 = STYLED_ITEM ( 'NONE', ( #7962 ), #6068 ) ;
#311 = VECTOR ( 'NONE', #6114, 1000.000000000000000 ) ;
#312 = ORIENTED_EDGE ( 'NONE', *, *, #2879, .F. ) ;
#313 = MECHANICAL_DESIGN_GEOMETRIC_PRESENTATION_REPRESENTATION (  '', ( #6813 ), #5561 ) ;
#314 = LINE ( 'NONE', #2625, #6582 ) ;
#315 = CARTESIAN_POINT ( 'NONE',  ( -2.500000000000000444, 5.000000000000000888, 0.000000000000000000 ) ) ;
#316 = CARTESIAN_POINT ( 'NONE',  ( -2.500000000000000888, 3.049000000000001265, 3.252606517456513795E-16 ) ) ;
#317 = UNCERTAINTY_MEASURE_WITH_UNIT (LENGTH_MEASURE( 1.000000000000000082E-05 ), #3206, 'distance_accuracy_value', 'NONE');
#318 = PRESENTATION_LAYER_ASSIGNMENT (  '', '', ( #8012 ) ) ;
#319 = ORIENTED_EDGE ( 'NONE', *, *, #5232, .T. ) ;
#320 = ORIENTED_EDGE ( 'NONE', *, *, #3549, .T. ) ;
#321 = ADVANCED_FACE ( 'NONE', ( #5717, #2843 ), #7707, .F. ) ;
#322 = VECTOR ( 'NONE', #7688, 1000.000000000000000 ) ;
#323 = DIRECTION ( 'NONE',  ( -1.000000000000000000, -7.760429719096859345E-17, 0.000000000000000000 ) ) ;
#324 = DIRECTION ( 'NONE',  ( 1.000000000000000000, 0.000000000000000000, 0.000000000000000000 ) ) ;
#325 = PRESENTATION_STYLE_ASSIGNMENT (( #651 ) ) ;
#326 =( NAMED_UNIT ( * ) SI_UNIT ( $, .STERADIAN. ) SOLID_ANGLE_UNIT ( ) );
#327 = FACE_OUTER_BOUND ( 'NONE', #5740, .T. ) ;
#328 = ORIENTED_EDGE ( 'NONE', *, *, #3069, .F. ) ;
#329 = DIRECTION ( 'NONE',  ( -1.000000000000000000, -7.760429719096859345E-17, 0.000000000000000000 ) ) ;
#330 = AXIS2_PLACEMENT_3D ( 'NONE', #7458, #6239, #2561 ) ;
#331 = SURFACE_STYLE_USAGE ( .BOTH. , #390 ) ;
#332 = PLANE ( 'NONE',  #7431 ) ;
#333 = DIRECTION ( 'NONE',  ( -1.000000000000000000, 0.000000000000000000, 0.000000000000000000 ) ) ;
#334 = ORIENTED_EDGE ( 'NONE', *, *, #1812, .F. ) ;
#335 = SURFACE_STYLE_FILL_AREA ( #8076 ) ;
#336 = VECTOR ( 'NONE', #4596, 1000.000000000000000 ) ;
#337 = DIRECTION ( 'NONE',  ( 1.000000000000000000, -0.000000000000000000, -0.000000000000000000 ) ) ;
#338 = EDGE_CURVE ( 'NONE', #2802, #8115, #3121, .T. ) ;
#339 = ORIENTED_EDGE ( 'NONE', *, *, #625, .T. ) ;
#340 =( GEOMETRIC_REPRESENTATION_CONTEXT ( 3 ) GLOBAL_UNCERTAINTY_ASSIGNED_CONTEXT ( ( #1393 ) ) GLOBAL_UNIT_ASSIGNED_CONTEXT ( ( #503, #6952, #3063 ) ) REPRESENTATION_CONTEXT ( 'NONE', 'WORKASPACE' ) );
#341 = CARTESIAN_POINT ( 'NONE',  ( 2.499999999999999556, 6.043112549695427660, -4.905093330490148259E-16 ) ) ;
#342 = ORIENTED_EDGE ( 'NONE', *, *, #1875, .T. ) ;
#343 = DIRECTION ( 'NONE',  ( -7.760429719096859345E-17, 1.000000000000000000, 0.000000000000000000 ) ) ;
#344 = ORIENTED_EDGE ( 'NONE', *, *, #5930, .F. ) ;
#345 = VECTOR ( 'NONE', #2529, 1000.000000000000000 ) ;
#346 = SURFACE_STYLE_FILL_AREA ( #1011 ) ;
#347 = UNCERTAINTY_MEASURE_WITH_UNIT (LENGTH_MEASURE( 1.000000000000000082E-05 ), #2722, 'distance_accuracy_value', 'NONE');
#348 = EDGE_CURVE ( 'NONE', #1663, #1321, #5753, .T. ) ;
#349 = ORIENTED_EDGE ( 'NONE', *, *, #7625, .F. ) ;
#350 = ORIENTED_EDGE ( 'NONE', *, *, #1432, .T. ) ;
#351 =( NAMED_UNIT ( * ) SI_UNIT ( $, .STERADIAN. ) SOLID_ANGLE_UNIT ( ) );
#352 = DIRECTION ( 'NONE',  ( -1.000000000000000000, 0.000000000000000000, 0.000000000000000000 ) ) ;
#353 = PRESENTATION_STYLE_ASSIGNMENT (( #2831 ) ) ;
#354 = CARTESIAN_POINT ( 'NONE',  ( -2.999999999999999556, -7.499999999999979572, -0.2499999999999997780 ) ) ;
#355 = COLOUR_RGB ( '',1.000000000000000000, 1.000000000000000000, 0.7529411764705882248 ) ;
#356 = EDGE_LOOP ( 'NONE', ( #339, #5679, #2085, #3221 ) ) ;
#357 = CARTESIAN_POINT ( 'NONE',  ( 3.000000000000000444, 0.9200000000000028155, -3.499999999999999556 ) ) ;
#358 = FACE_OUTER_BOUND ( 'NONE', #7547, .T. ) ;
#360 = PRESENTATION_STYLE_ASSIGNMENT (( #6392 ) ) ;
#359 = MECHANICAL_DESIGN_GEOMETRIC_PRESENTATION_REPRESENTATION (  '', ( #82 ), #5348 ) ;
#361 = COLOUR_RGB ( '',1.000000000000000000, 1.000000000000000000, 0.7529411764705882248 ) ;
#362 = SURFACE_STYLE_FILL_AREA ( #2586 ) ;
#363 = CARTESIAN_POINT ( 'NONE',  ( 4.999999999999998224, -2.701238771532896710, -4.476314374677986763 ) ) ;
#364 = STYLED_ITEM ( 'NONE', ( #4662 ), #3294 ) ;
#365 = ADVANCED_FACE ( 'NONE', ( #2328 ), #2000, .F. ) ;
#366 = CARTESIAN_POINT ( 'NONE',  ( 2.499999999999999556, 3.949000000000001176, 3.252606517456513795E-16 ) ) ;
#367 = CARTESIAN_POINT ( 'NONE',  ( -4.333030277982336642, 3.949000000000001176, -0.2499999999999996669 ) ) ;
#368 =( GEOMETRIC_REPRESENTATION_CONTEXT ( 3 ) GLOBAL_UNCERTAINTY_ASSIGNED_CONTEXT ( ( #3847 ) ) GLOBAL_UNIT_ASSIGNED_CONTEXT ( ( #3876, #1877, #77 ) ) REPRESENTATION_CONTEXT ( 'NONE', 'WORKASPACE' ) );
#369 = EDGE_CURVE ( 'NONE', #1593, #3196, #4938, .T. ) ;
#370 =( NAMED_UNIT ( * ) SI_UNIT ( $, .STERADIAN. ) SOLID_ANGLE_UNIT ( ) );
#371 = DIRECTION ( 'NONE',  ( 1.000000000000000000, -0.000000000000000000, -0.000000000000000000 ) ) ;
#372 = FILL_AREA_STYLE ('',( #4172 ) ) ;
#373 = VECTOR ( 'NONE', #7799, 1000.000000000000000 ) ;
#374 = STYLED_ITEM ( 'NONE', ( #13 ), #6609 ) ;
#375 = PRESENTATION_LAYER_ASSIGNMENT (  '', '', ( #7757 ) ) ;
#376 = ORIENTED_EDGE ( 'NONE', *, *, #4012, .T. ) ;
#377 = SURFACE_STYLE_FILL_AREA ( #1139 ) ;
#378 = VECTOR ( 'NONE', #122, 1000.000000000000000 ) ;
#379 = EDGE_CURVE ( 'NONE', #6552, #4745, #5829, .T. ) ;
#380 = ORIENTED_EDGE ( 'NONE', *, *, #4929, .F. ) ;
#381 = CARTESIAN_POINT ( 'NONE',  ( -4.500000000000000000, -4.299999999999999822, 2.250000000000000444 ) ) ;
#382 =( GEOMETRIC_REPRESENTATION_CONTEXT ( 3 ) GLOBAL_UNCERTAINTY_ASSIGNED_CONTEXT ( ( #7713 ) ) GLOBAL_UNIT_ASSIGNED_CONTEXT ( ( #7973, #7424, #466 ) ) REPRESENTATION_CONTEXT ( 'NONE', 'WORKASPACE' ) );
#383 = DIRECTION ( 'NONE',  ( -1.000000000000000000, 0.000000000000000000, 0.000000000000000000 ) ) ;
#384 = ORIENTED_EDGE ( 'NONE', *, *, #4046, .T. ) ;
#385 =( LENGTH_UNIT ( ) NAMED_UNIT ( * ) SI_UNIT ( .MILLI., .METRE. ) );
#386 = LINE ( 'NONE', #232, #8122 ) ;
#387 = VECTOR ( 'NONE', #3770, 1000.000000000000000 ) ;
#388 = VERTEX_POINT ( 'NONE', #3849 ) ;
#389 = FILL_AREA_STYLE_COLOUR ( '', #1787 ) ;
#390 = SURFACE_SIDE_STYLE ('',( #3137 ) ) ;
#391 = EDGE_CURVE ( 'NONE', #3179, #7231, #4750, .T. ) ;
#392 = DIRECTION ( 'NONE',  ( 0.000000000000000000, 1.000000000000000000, 1.204669080539449837E-16 ) ) ;
#393 = AXIS2_PLACEMENT_3D ( 'NONE', #4739, #6697, #2874 ) ;
#394 = EDGE_CURVE ( 'NONE', #1128, #1138, #3020, .T. ) ;
#395 = SURFACE_SIDE_STYLE ('',( #7278 ) ) ;
#396 = COLOUR_RGB ( '',0.5019607843137254832, 1.000000000000000000, 0.5019607843137254832 ) ;
#397 = VERTEX_POINT ( 'NONE', #3939 ) ;
#398 =( NAMED_UNIT ( * ) PLANE_ANGLE_UNIT ( ) SI_UNIT ( $, .RADIAN. ) );
#399 = EDGE_CURVE ( 'NONE', #7911, #3959, #3224, .T. ) ;
#400 = SURFACE_SIDE_STYLE ('',( #335 ) ) ;
#401 = PLANE ( 'NONE',  #2866 ) ;
#402 = DIRECTION ( 'NONE',  ( -0.000000000000000000, -1.000000000000000000, -0.000000000000000000 ) ) ;
#403 = EDGE_LOOP ( 'NONE', ( #3360, #4667, #5776, #912 ) ) ;
#404 = ORIENTED_EDGE ( 'NONE', *, *, #1344, .F. ) ;
#405 = VECTOR ( 'NONE', #3687, 1000.000000000000000 ) ;
#406 = CARTESIAN_POINT ( 'NONE',  ( -0.6000000000000003109, 5.000000000000001776, 2.326828918379971365E-16 ) ) ;
#407 =( NAMED_UNIT ( * ) SI_UNIT ( $, .STERADIAN. ) SOLID_ANGLE_UNIT ( ) );
#408 = CARTESIAN_POINT ( 'NONE',  ( -1.999999999999999556, -1.699999999999999067, -2.899999999999999911 ) ) ;
#409 = SURFACE_SIDE_STYLE ('',( #5976 ) ) ;
#410 = CARTESIAN_POINT ( 'NONE',  ( 0.3749999999999998890, -5.000000000000000000, 3.200000000000001066 ) ) ;
#411 = FACE_BOUND ( 'NONE', #248, .T. ) ;
#412 = AXIS2_PLACEMENT_3D ( 'NONE', #6058, #292, #7939 ) ;
#413 = FILL_AREA_STYLE ('',( #2279 ) ) ;
#414 = DIRECTION ( 'NONE',  ( -0.000000000000000000, -1.000000000000000000, -0.000000000000000000 ) ) ;
#415 = COLOUR_RGB ( '',0.5019607843137254832, 1.000000000000000000, 0.5019607843137254832 ) ;
#416 = ORIENTED_EDGE ( 'NONE', *, *, #3076, .T. ) ;
#417 = CARTESIAN_POINT ( 'NONE',  ( -0.3749999999999998890, -5.000000000000000000, -2.350000000000000089 ) ) ;
#418 = LINE ( 'NONE', #871, #1197 ) ;
#419 =( LENGTH_UNIT ( ) NAMED_UNIT ( * ) SI_UNIT ( .MILLI., .METRE. ) );
#420 = LINE ( 'NONE', #3935, #7564 ) ;
#421 = FILL_AREA_STYLE ('',( #4226 ) ) ;
#422 =( NAMED_UNIT ( * ) PLANE_ANGLE_UNIT ( ) SI_UNIT ( $, .RADIAN. ) );
#423 = COLOUR_RGB ( '',0.5019607843137254832, 1.000000000000000000, 0.5019607843137254832 ) ;
#424 =( GEOMETRIC_REPRESENTATION_CONTEXT ( 3 ) GLOBAL_UNCERTAINTY_ASSIGNED_CONTEXT ( ( #3127 ) ) GLOBAL_UNIT_ASSIGNED_CONTEXT ( ( #4643, #1946, #2588 ) ) REPRESENTATION_CONTEXT ( 'NONE', 'WORKASPACE' ) );
#425 = STYLED_ITEM ( 'NONE', ( #5722 ), #3517 ) ;
#426 = ORIENTED_EDGE ( 'NONE', *, *, #5048, .F. ) ;
#427 = DIRECTION ( 'NONE',  ( 7.760429719096859345E-17, -1.000000000000000000, 0.000000000000000000 ) ) ;
#428 = ORIENTED_EDGE ( 'NONE', *, *, #3193, .F. ) ;
#429 = FACE_OUTER_BOUND ( 'NONE', #7948, .T. ) ;
#430 =( NAMED_UNIT ( * ) SI_UNIT ( $, .STERADIAN. ) SOLID_ANGLE_UNIT ( ) );
#431 = EDGE_CURVE ( 'NONE', #2440, #4763, #5123, .T. ) ;
#432 = UNCERTAINTY_MEASURE_WITH_UNIT (LENGTH_MEASURE( 1.000000000000000082E-05 ), #7359, 'distance_accuracy_value', 'NONE');
#433 = AXIS2_PLACEMENT_3D ( 'NONE', #4924, #1143, #451 ) ;
#434 = CIRCLE ( 'NONE', #1079, 1.574999999999999956 ) ;
#435 =( BOUNDED_CURVE ( )  B_SPLINE_CURVE ( 3, ( #6074, #2256, #2231, #6696 ),
 .UNSPECIFIED., .F., .T. ) 
 B_SPLINE_CURVE_WITH_KNOTS ( ( 4, 4 ),
 ( 3.141592653589793116, 4.248741371383875531 ),
 .UNSPECIFIED. ) 
 CURVE ( )  GEOMETRIC_REPRESENTATION_ITEM ( )  RATIONAL_B_SPLINE_CURVE ( ( 1.000000000000000000, 0.9004338722346947321, 0.9004338722346947321, 1.000000000000000000 ) ) 
 REPRESENTATION_ITEM ( '' )  );
#436 = MECHANICAL_DESIGN_GEOMETRIC_PRESENTATION_REPRESENTATION (  '', ( #1646 ), #982 ) ;
#437 = ORIENTED_EDGE ( 'NONE', *, *, #7090, .F. ) ;
#438 = CARTESIAN_POINT ( 'NONE',  ( 2.250000000000000888, -2.999999999999998668, -3.774999999999999911 ) ) ;
#439 =( NAMED_UNIT ( * ) PLANE_ANGLE_UNIT ( ) SI_UNIT ( $, .RADIAN. ) );
#440 = FACE_OUTER_BOUND ( 'NONE', #2261, .T. ) ;
#441 = STYLED_ITEM ( 'NONE', ( #2377 ), #7323 ) ;
#442 = PRESENTATION_LAYER_ASSIGNMENT (  '', '', ( #2711 ) ) ;
#443 =( LENGTH_UNIT ( ) NAMED_UNIT ( * ) SI_UNIT ( .MILLI., .METRE. ) );
#444 = ORIENTED_EDGE ( 'NONE', *, *, #4853, .F. ) ;
#445 = PRESENTATION_STYLE_ASSIGNMENT (( #1579 ) ) ;
#446 = SURFACE_SIDE_STYLE ('',( #6128 ) ) ;
#447 = VECTOR ( 'NONE', #1872, 1000.000000000000000 ) ;
#448 = VERTEX_POINT ( 'NONE', #2106 ) ;
#449 = DIRECTION ( 'NONE',  ( -1.000000000000000000, -0.000000000000000000, -0.000000000000000000 ) ) ;
#450 = SURFACE_STYLE_FILL_AREA ( #5028 ) ;
#451 = DIRECTION ( 'NONE',  ( -1.000000000000000000, 0.000000000000000000, 0.000000000000000000 ) ) ;
#452 = PLANE ( 'NONE',  #3567 ) ;
#453 = UNCERTAINTY_MEASURE_WITH_UNIT (LENGTH_MEASURE( 1.000000000000000082E-05 ), #5978, 'distance_accuracy_value', 'NONE');
#454 = ORIENTED_EDGE ( 'NONE', *, *, #3232, .T. ) ;
#455 = COLOUR_RGB ( '',0.7921568627450980005, 0.8196078431372548767, 0.9333333333333333481 ) ;
#456 = STYLED_ITEM ( 'NONE', ( #7304 ), #2126 ) ;
#457 = ORIENTED_EDGE ( 'NONE', *, *, #6739, .T. ) ;
#458 = DIRECTION ( 'NONE',  ( -1.000000000000000000, -7.760429719096859345E-17, 0.000000000000000000 ) ) ;
#459 = CARTESIAN_POINT ( 'NONE',  ( 2.000000000000000444, -1.699999999999999067, -2.899999999999999911 ) ) ;
#460 = ORIENTED_EDGE ( 'NONE', *, *, #7201, .T. ) ;
#461 = VECTOR ( 'NONE', #3141, 1000.000000000000000 ) ;
#462 = EDGE_CURVE ( 'NONE', #2276, #5336, #1345, .T. ) ;
#463 = SURFACE_STYLE_FILL_AREA ( #6073 ) ;
#464 = CIRCLE ( 'NONE', #3507, 1.850000000000000089 ) ;
#465 = DIRECTION ( 'NONE',  ( -0.8623013043248394238, 0.000000000000000000, -0.5063955574051581809 ) ) ;
#466 =( NAMED_UNIT ( * ) SI_UNIT ( $, .STERADIAN. ) SOLID_ANGLE_UNIT ( ) );
#467 = DIRECTION ( 'NONE',  ( 0.000000000000000000, 1.000000000000000000, -1.147977654433357068E-15 ) ) ;
#468 = FACE_OUTER_BOUND ( 'NONE', #5544, .T. ) ;
#469 = SURFACE_SIDE_STYLE ('',( #2684 ) ) ;
#470 =( NAMED_UNIT ( * ) SI_UNIT ( $, .STERADIAN. ) SOLID_ANGLE_UNIT ( ) );
#471 = ORIENTED_EDGE ( 'NONE', *, *, #7933, .T. ) ;
#472 = PRESENTATION_LAYER_ASSIGNMENT (  '', '', ( #7698 ) ) ;
#473 = SURFACE_SIDE_STYLE ('',( #7898 ) ) ;
#474 = MECHANICAL_DESIGN_GEOMETRIC_PRESENTATION_REPRESENTATION (  '', ( #6149 ), #1730 ) ;
#475 = FILL_AREA_STYLE ('',( #2313 ) ) ;
#476 = DIRECTION ( 'NONE',  ( 0.000000000000000000, 0.000000000000000000, -1.000000000000000000 ) ) ;
#477 = ORIENTED_EDGE ( 'NONE', *, *, #6038, .F. ) ;
#478 = AXIS2_PLACEMENT_3D ( 'NONE', #3977, #6566, #7855 ) ;
#479 = ORIENTED_EDGE ( 'NONE', *, *, #15, .T. ) ;
#480 = FILL_AREA_STYLE_COLOUR ( '', #4846 ) ;
#481 = SURFACE_STYLE_FILL_AREA ( #4434 ) ;
#482 = CARTESIAN_POINT ( 'NONE',  ( -0.5912855468219261335, 0.1976814730569577960, 3.248840736528478601 ) ) ;
#483 = CARTESIAN_POINT ( 'NONE',  ( -2.999999999999999556, -1.099999999999998979, -2.250000000000000000 ) ) ;
#484 = ORIENTED_EDGE ( 'NONE', *, *, #1765, .F. ) ;
#485 = STYLED_ITEM ( 'NONE', ( #5577 ), #7113 ) ;
#486 = EDGE_CURVE ( 'NONE', #4659, #6579, #1932, .T. ) ;
#487 = ADVANCED_FACE ( 'NONE', ( #2424 ), #3522, .T. ) ;
#488 = VECTOR ( 'NONE', #4092, 1000.000000000000000 ) ;
#489 = VECTOR ( 'NONE', #3157, 1000.000000000000000 ) ;
#490 = EDGE_LOOP ( 'NONE', ( #1255, #3073 ) ) ;
#491 =( GEOMETRIC_REPRESENTATION_CONTEXT ( 3 ) GLOBAL_UNCERTAINTY_ASSIGNED_CONTEXT ( ( #3361 ) ) GLOBAL_UNIT_ASSIGNED_CONTEXT ( ( #5394, #7325, #945 ) ) REPRESENTATION_CONTEXT ( 'NONE', 'WORKASPACE' ) );
#492 = DIRECTION ( 'NONE',  ( -0.5063955574051580699, 0.000000000000000000, 0.8623013043248393128 ) ) ;
#493 = STYLED_ITEM ( 'NONE', ( #6785 ), #5547 ) ;
#494 = DIRECTION ( 'NONE',  ( -0.000000000000000000, 0.000000000000000000, 1.000000000000000000 ) ) ;
#495 = DIRECTION ( 'NONE',  ( -1.000000000000000000, -0.000000000000000000, -0.000000000000000000 ) ) ;
#496 = ORIENTED_EDGE ( 'NONE', *, *, #5468, .T. ) ;
#497 = CARTESIAN_POINT ( 'NONE',  ( -3.899999999999999911, -3.199999999999999734, 2.350000000000000089 ) ) ;
#499 = EDGE_CURVE ( 'NONE', #3367, #890, #6299, .T. ) ;
#498 = UNCERTAINTY_MEASURE_WITH_UNIT (LENGTH_MEASURE( 1.000000000000000082E-05 ), #3489, 'distance_accuracy_value', 'NONE');
#500 =( LENGTH_UNIT ( ) NAMED_UNIT ( * ) SI_UNIT ( .MILLI., .METRE. ) );
#501 = PRESENTATION_LAYER_ASSIGNMENT (  '', '', ( #3892 ) ) ;
#502 = ORIENTED_EDGE ( 'NONE', *, *, #5285, .F. ) ;
#503 =( LENGTH_UNIT ( ) NAMED_UNIT ( * ) SI_UNIT ( .MILLI., .METRE. ) );
#504 = ORIENTED_EDGE ( 'NONE', *, *, #6183, .T. ) ;
#505 = COLOUR_RGB ( '',1.000000000000000000, 1.000000000000000000, 0.7529411764705882248 ) ;
#506 = EDGE_CURVE ( 'NONE', #6895, #2528, #6622, .T. ) ;
#507 =( NAMED_UNIT ( * ) PLANE_ANGLE_UNIT ( ) SI_UNIT ( $, .RADIAN. ) );
#508 = DIRECTION ( 'NONE',  ( 0.000000000000000000, -1.000000000000000000, 1.445602896647339410E-16 ) ) ;
#509 = DIRECTION ( 'NONE',  ( 0.000000000000000000, 0.000000000000000000, -1.000000000000000000 ) ) ;
#510 = VECTOR ( 'NONE', #4127, 1000.000000000000000 ) ;
#511 = ORIENTED_EDGE ( 'NONE', *, *, #5021, .F. ) ;
#512 = COLOUR_RGB ( '',1.000000000000000000, 1.000000000000000000, 0.7529411764705882248 ) ;
#513 = DIRECTION ( 'NONE',  ( 0.000000000000000000, 0.000000000000000000, -1.000000000000000000 ) ) ;
#514 =( LENGTH_UNIT ( ) NAMED_UNIT ( * ) SI_UNIT ( .MILLI., .METRE. ) );
#515 = ORIENTED_EDGE ( 'NONE', *, *, #5484, .T. ) ;
#516 = PRESENTATION_LAYER_ASSIGNMENT (  '', '', ( #7169 ) ) ;
#517 = CARTESIAN_POINT ( 'NONE',  ( 1.300000000000000266, 2.650000000000000799, 3.252606517456513795E-16 ) ) ;
#518 = ORIENTED_EDGE ( 'NONE', *, *, #4371, .T. ) ;
#519 = PRESENTATION_LAYER_ASSIGNMENT (  '', '', ( #1250 ) ) ;
#520 = AXIS2_PLACEMENT_3D ( 'NONE', #1799, #4934, #6219 ) ;
#521 = FILL_AREA_STYLE_COLOUR ( '', #4152 ) ;
#522 =( GEOMETRIC_REPRESENTATION_CONTEXT ( 3 ) GLOBAL_UNCERTAINTY_ASSIGNED_CONTEXT ( ( #1909 ) ) GLOBAL_UNIT_ASSIGNED_CONTEXT ( ( #4454, #7019, #6990 ) ) REPRESENTATION_CONTEXT ( 'NONE', 'WORKASPACE' ) );
#523 = FILL_AREA_STYLE_COLOUR ( '', #3927 ) ;
#524 = SURFACE_STYLE_FILL_AREA ( #6397 ) ;
#525 = DIRECTION ( 'NONE',  ( -0.000000000000000000, -0.9396926207859107594, -0.3420201433256621071 ) ) ;
#526 = CARTESIAN_POINT ( 'NONE',  ( -0.5540446486006944671, 0.2999999999999991562, 3.609016994374945053 ) ) ;
#527 = ORIENTED_EDGE ( 'NONE', *, *, #1484, .T. ) ;
#528 = VECTOR ( 'NONE', #5925, 1000.000000000000000 ) ;
#529 =( NAMED_UNIT ( * ) PLANE_ANGLE_UNIT ( ) SI_UNIT ( $, .RADIAN. ) );
#530 = MECHANICAL_DESIGN_GEOMETRIC_PRESENTATION_REPRESENTATION (  '', ( #3767 ), #1635 ) ;
#531 = LINE ( 'NONE', #3282, #2994 ) ;
#532 = UNCERTAINTY_MEASURE_WITH_UNIT (LENGTH_MEASURE( 1.000000000000000082E-05 ), #8010, 'distance_accuracy_value', 'NONE');
#533 = DIRECTION ( 'NONE',  ( 0.000000000000000000, 1.594414959537506434E-16, 1.000000000000000000 ) ) ;
#534 = FILL_AREA_STYLE ('',( #4960 ) ) ;
#535 = EDGE_CURVE ( 'NONE', #652, #5375, #5922, .T. ) ;
#536 = EDGE_LOOP ( 'NONE', ( #219, #7371, #1754, #7667 ) ) ;
#537 = LINE ( 'NONE', #1341, #3604 ) ;
#538 = PRESENTATION_STYLE_ASSIGNMENT (( #7601 ) ) ;
#539 = AXIS2_PLACEMENT_3D ( 'NONE', #7655, #6465, #7061 ) ;
#540 = ORIENTED_EDGE ( 'NONE', *, *, #4046, .F. ) ;
#541 = CARTESIAN_POINT ( 'NONE',  ( 2.000000000000000444, -5.000000000000000000, -0.3500000000000007550 ) ) ;
#542 =( LENGTH_UNIT ( ) NAMED_UNIT ( * ) SI_UNIT ( .MILLI., .METRE. ) );
#543 = ORIENTED_EDGE ( 'NONE', *, *, #3422, .T. ) ;
#544 = SURFACE_STYLE_FILL_AREA ( #2415 ) ;
#545 = CARTESIAN_POINT ( 'NONE',  ( 2.000000000000000444, -7.499999999999981348, 0.2500000000000004996 ) ) ;
#546 = PRESENTATION_STYLE_ASSIGNMENT (( #3039 ) ) ;
#548 = EDGE_CURVE ( 'NONE', #3996, #1797, #4230, .T. ) ;
#547 = DIRECTION ( 'NONE',  ( 1.000000000000000000, -0.000000000000000000, -0.000000000000000000 ) ) ;
#549 = VERTEX_POINT ( 'NONE', #5363 ) ;
#550 = FACE_OUTER_BOUND ( 'NONE', #4260, .T. ) ;
#551 = ORIENTED_EDGE ( 'NONE', *, *, #6158, .T. ) ;
#552 =( LENGTH_UNIT ( ) NAMED_UNIT ( * ) SI_UNIT ( .MILLI., .METRE. ) );
#553 = CARTESIAN_POINT ( 'NONE',  ( -0.3749999999999998890, -4.650000000000000355, 3.200000000000001066 ) ) ;
#554 = SURFACE_STYLE_FILL_AREA ( #1162 ) ;
#555 = CARTESIAN_POINT ( 'NONE',  ( -2.500000000000000444, 4.975000000000002309, 0.000000000000000000 ) ) ;
#556 = ORIENTED_EDGE ( 'NONE', *, *, #2219, .F. ) ;
#557 = CARTESIAN_POINT ( 'NONE',  ( -0.6000000000000003109, 5.000000000000000888, 2.326828918379971365E-16 ) ) ;
#558 = PRESENTATION_STYLE_ASSIGNMENT (( #159 ) ) ;
#559 = CIRCLE ( 'NONE', #6110, 1.900000000000000577 ) ;
#560 = LINE ( 'NONE', #4490, #3623 ) ;
#561 = CARTESIAN_POINT ( 'NONE',  ( -1.999999999999999556, -1.000000000000000000, -2.349999999999999645 ) ) ;
#562 =( NAMED_UNIT ( * ) SI_UNIT ( $, .STERADIAN. ) SOLID_ANGLE_UNIT ( ) );
#563 =( NAMED_UNIT ( * ) SI_UNIT ( $, .STERADIAN. ) SOLID_ANGLE_UNIT ( ) );
#564 = CIRCLE ( 'NONE', #3131, 0.4000000000000001887 ) ;
#565 = STYLED_ITEM ( 'NONE', ( #5489 ), #2461 ) ;
#566 = FILL_AREA_STYLE ('',( #2919 ) ) ;
#567 = VECTOR ( 'NONE', #1913, 1000.000000000000000 ) ;
#568 = CARTESIAN_POINT ( 'NONE',  ( -2.999999999999999556, -1.120000000000001217, -4.049999999999999822 ) ) ;
#569 = ORIENTED_EDGE ( 'NONE', *, *, #6880, .T. ) ;
#570 = CARTESIAN_POINT ( 'NONE',  ( 3.826649916142160102, 3.949000000000001176, 0.2500000000000003331 ) ) ;
#571 = ORIENTED_EDGE ( 'NONE', *, *, #5442, .T. ) ;
#572 = DIRECTION ( 'NONE',  ( 0.000000000000000000, -1.000000000000000000, 0.000000000000000000 ) ) ;
#573 = AXIS2_PLACEMENT_3D ( 'NONE', #3679, #8040, #6806 ) ;
#574 = AXIS2_PLACEMENT_3D ( 'NONE', #6960, #5089, #1338 ) ;
#575 = DIRECTION ( 'NONE',  ( 0.000000000000000000, -1.000000000000000000, 1.398970545142588514E-16 ) ) ;
#576 = SURFACE_STYLE_USAGE ( .BOTH. , #5026 ) ;
#577 = DIRECTION ( 'NONE',  ( 0.000000000000000000, 0.000000000000000000, 1.000000000000000000 ) ) ;
#578 = EDGE_LOOP ( 'NONE', ( #2851, #4602, #416, #7943 ) ) ;
#579 = ORIENTED_EDGE ( 'NONE', *, *, #7394, .T. ) ;
#580 = FILL_AREA_STYLE_COLOUR ( '', #6508 ) ;
#581 = PRESENTATION_LAYER_ASSIGNMENT (  '', '', ( #3234 ) ) ;
#582 = EDGE_CURVE ( 'NONE', #4695, #652, #6909, .T. ) ;
#583 = EDGE_LOOP ( 'NONE', ( #6804, #5277, #7076, #4954 ) ) ;
#584 = ORIENTED_EDGE ( 'NONE', *, *, #1021, .T. ) ;
#585 = MECHANICAL_DESIGN_GEOMETRIC_PRESENTATION_REPRESENTATION (  '', ( #5426 ), #4161 ) ;
#586 = DIRECTION ( 'NONE',  ( 0.1736481776669273336, -0.9848077530122086864, 1.482959312911674525E-16 ) ) ;
#587 = ORIENTED_EDGE ( 'NONE', *, *, #4062, .F. ) ;
#588 = FILL_AREA_STYLE ('',( #4805 ) ) ;
#589 = DIRECTION ( 'NONE',  ( 0.000000000000000000, 0.000000000000000000, 1.000000000000000000 ) ) ;
#590 = CARTESIAN_POINT ( 'NONE',  ( -5.000000000000001776, 0.6999999999999992895, 3.149999999999999467 ) ) ;
#591 = UNCERTAINTY_MEASURE_WITH_UNIT (LENGTH_MEASURE( 1.000000000000000082E-05 ), #6241, 'distance_accuracy_value', 'NONE');
#592 = SURFACE_SIDE_STYLE ('',( #1463 ) ) ;
#593 = DIRECTION ( 'NONE',  ( 0.000000000000000000, -0.000000000000000000, -1.000000000000000000 ) ) ;
#594 = EDGE_CURVE ( 'NONE', #3441, #7842, #5607, .T. ) ;
#595 = VERTEX_POINT ( 'NONE', #5282 ) ;
#596 = SURFACE_SIDE_STYLE ('',( #3731 ) ) ;
#597 =( NAMED_UNIT ( * ) PLANE_ANGLE_UNIT ( ) SI_UNIT ( $, .RADIAN. ) );
#598 = PRESENTATION_LAYER_ASSIGNMENT (  '', '', ( #1761 ) ) ;
#599 = ADVANCED_FACE ( 'NONE', ( #3316 ), #2120, .T. ) ;
#600 = FACE_OUTER_BOUND ( 'NONE', #6588, .T. ) ;
#601 = CARTESIAN_POINT ( 'NONE',  ( 1.100000000000000533, 0.000000000000000000, 0.000000000000000000 ) ) ;
#602 = LINE ( 'NONE', #4759, #1401 ) ;
#603 = DIRECTION ( 'NONE',  ( -1.000000000000000000, 0.000000000000000000, 0.000000000000000000 ) ) ;
#604 =( NAMED_UNIT ( * ) SI_UNIT ( $, .STERADIAN. ) SOLID_ANGLE_UNIT ( ) );
#605 = COLOUR_RGB ( '',0.5019607843137254832, 1.000000000000000000, 0.5019607843137254832 ) ;
#606 = EDGE_CURVE ( 'NONE', #4131, #8092, #3720, .T. ) ;
#607 = ORIENTED_EDGE ( 'NONE', *, *, #2818, .T. ) ;
#608 = SURFACE_SIDE_STYLE ('',( #4543 ) ) ;
#609 = CARTESIAN_POINT ( 'NONE',  ( 2.250000000000000888, -2.999999999999998668, -3.774999999999999911 ) ) ;
#610 = ORIENTED_EDGE ( 'NONE', *, *, #1498, .F. ) ;
#611 = ORIENTED_EDGE ( 'NONE', *, *, #3779, .F. ) ;
#612 = LINE ( 'NONE', #3685, #4809 ) ;
#613 = LINE ( 'NONE', #4923, #3792 ) ;
#614 = FILL_AREA_STYLE_COLOUR ( '', #7530 ) ;
#615 = DIRECTION ( 'NONE',  ( 1.000000000000000000, -0.000000000000000000, -0.000000000000000000 ) ) ;
#616 =( NAMED_UNIT ( * ) PLANE_ANGLE_UNIT ( ) SI_UNIT ( $, .RADIAN. ) );
#617 = LINE ( 'NONE', #6827, #1212 ) ;
#618 = STYLED_ITEM ( 'NONE', ( #4697 ), #7715 ) ;
#619 = PRESENTATION_LAYER_ASSIGNMENT (  '', '', ( #909 ) ) ;
#620 = DIRECTION ( 'NONE',  ( 0.000000000000000000, 0.000000000000000000, 1.000000000000000000 ) ) ;
#621 = VERTEX_POINT ( 'NONE', #406 ) ;
#622 = MECHANICAL_DESIGN_GEOMETRIC_PRESENTATION_REPRESENTATION (  '', ( #5002 ), #3006 ) ;
#623 = COLOUR_RGB ( '',1.000000000000000000, 1.000000000000000000, 0.7529411764705882248 ) ;
#624 = VECTOR ( 'NONE', #5433, 1000.000000000000000 ) ;
#625 = EDGE_CURVE ( 'NONE', #5880, #74, #6109, .T. ) ;
#626 = AXIS2_PLACEMENT_3D ( 'NONE', #7827, #2693, #2131 ) ;
#627 = CARTESIAN_POINT ( 'NONE',  ( -2.999999999999999556, -5.100000000000000533, -0.2500000000000000555 ) ) ;
#628 = LINE ( 'NONE', #8177, #6182 ) ;
#629 = FILL_AREA_STYLE ('',( #2510 ) ) ;
#630 = CARTESIAN_POINT ( 'NONE',  ( -0.6000000000000005329, 2.650000000000000799, 2.326828918379970872E-16 ) ) ;
#631 = DIRECTION ( 'NONE',  ( -0.000000000000000000, -1.000000000000000000, -0.000000000000000000 ) ) ;
#632 = ORIENTED_EDGE ( 'NONE', *, *, #2233, .T. ) ;
#633 = CIRCLE ( 'NONE', #7077, 1.525000000000001243 ) ;
#635 = COLOUR_RGB ( '',0.5019607843137254832, 1.000000000000000000, 0.5019607843137254832 ) ;
#634 = MECHANICAL_DESIGN_GEOMETRIC_PRESENTATION_REPRESENTATION (  '', ( #6022 ), #2911 ) ;
#636 = CARTESIAN_POINT ( 'NONE',  ( 3.000000000000000444, -1.099999999999999201, -3.099999999999996980 ) ) ;
#637 = AXIS2_PLACEMENT_3D ( 'NONE', #56, #706, #3162 ) ;
#638 = VECTOR ( 'NONE', #3654, 1000.000000000000000 ) ;
#639 = DIRECTION ( 'NONE',  ( 1.000000000000000000, -0.000000000000000000, -0.000000000000000000 ) ) ;
#640 = EDGE_CURVE ( 'NONE', #5755, #4695, #851, .T. ) ;
#641 = SURFACE_SIDE_STYLE ('',( #5147 ) ) ;
#642 = VERTEX_POINT ( 'NONE', #5444 ) ;
#643 = STYLED_ITEM ( 'NONE', ( #6724 ), #827 ) ;
#644 = MECHANICAL_DESIGN_GEOMETRIC_PRESENTATION_REPRESENTATION (  '', ( #2060 ), #5062 ) ;
#645 = FACE_OUTER_BOUND ( 'NONE', #7050, .T. ) ;
#646 = FACE_OUTER_BOUND ( 'NONE', #4777, .T. ) ;
#647 = FACE_OUTER_BOUND ( 'NONE', #7241, .T. ) ;
#648 = ADVANCED_FACE ( 'NONE', ( #1834 ), #1642, .F. ) ;
#649 = VERTEX_POINT ( 'NONE', #4861 ) ;
#650 = CARTESIAN_POINT ( 'NONE',  ( -2.999999999999999556, -7.499999999999978684, 0.2500000000000002220 ) ) ;
#651 = SURFACE_STYLE_USAGE ( .BOTH. , #7611 ) ;
#652 = VERTEX_POINT ( 'NONE', #381 ) ;
#653 = ADVANCED_BREP_SHAPE_REPRESENTATION ( '1729018', ( #3607, #673, #5972, #5346, #6584, #6838, #940, #6211, #6312 ), #1471 ) ;
#654 = PLANE ( 'NONE',  #689 ) ;
#655 = DIRECTION ( 'NONE',  ( -1.000000000000000000, 0.000000000000000000, 0.000000000000000000 ) ) ;
#656 = LINE ( 'NONE', #2034, #3934 ) ;
#657 = EDGE_CURVE ( 'NONE', #2058, #5570, #7595, .T. ) ;
#658 = VECTOR ( 'NONE', #5670, 1000.000000000000000 ) ;
#659 = AXIS2_PLACEMENT_3D ( 'NONE', #7593, #1176, #6343 ) ;
#660 = DIRECTION ( 'NONE',  ( 1.000000000000000000, 0.000000000000000000, -0.000000000000000000 ) ) ;
#661 = CARTESIAN_POINT ( 'NONE',  ( 3.900000000000000799, -1.200000000000000400, 2.350000000000000089 ) ) ;
#662 =( NAMED_UNIT ( * ) PLANE_ANGLE_UNIT ( ) SI_UNIT ( $, .RADIAN. ) );
#663 = EDGE_CURVE ( 'NONE', #7316, #1333, #32, .T. ) ;
#664 = VECTOR ( 'NONE', #741, 1000.000000000000000 ) ;
#665 = FILL_AREA_STYLE ('',( #1265 ) ) ;
#666 = CARTESIAN_POINT ( 'NONE',  ( 4.399999999999999467, 2.650000000000000799, 2.326828918379971858E-16 ) ) ;
#667 = VECTOR ( 'NONE', #1876, 1000.000000000000000 ) ;
#668 = VERTEX_POINT ( 'NONE', #4689 ) ;
#669 = COLOUR_RGB ( '',0.5019607843137254832, 1.000000000000000000, 0.5019607843137254832 ) ;
#670 = DIRECTION ( 'NONE',  ( -1.000000000000000000, -7.760429719096859345E-17, 0.000000000000000000 ) ) ;
#671 = DIRECTION ( 'NONE',  ( 7.760429719096859345E-17, -1.000000000000000000, 0.000000000000000000 ) ) ;
#672 = EDGE_LOOP ( 'NONE', ( #2587, #2858, #6980, #6691, #5192, #4079 ) ) ;
#673 = MANIFOLD_SOLID_BREP ( 'Chamfer8', #193 ) ;
#674 = SURFACE_SIDE_STYLE ('',( #7749 ) ) ;
#675 = MECHANICAL_DESIGN_GEOMETRIC_PRESENTATION_REPRESENTATION (  '', ( #1414 ), #1836 ) ;
#676 = ORIENTED_EDGE ( 'NONE', *, *, #7028, .F. ) ;
#677 = VECTOR ( 'NONE', #6879, 1000.000000000000000 ) ;
#678 = CARTESIAN_POINT ( 'NONE',  ( 3.900000000000000799, -1.200000000000000178, 2.549999999999986500 ) ) ;
#679 = PRESENTATION_LAYER_ASSIGNMENT (  '', '', ( #2900 ) ) ;
#680 = ORIENTED_EDGE ( 'NONE', *, *, #2767, .T. ) ;
#681 = SURFACE_SIDE_STYLE ('',( #7199 ) ) ;
#682 = PLANE ( 'NONE',  #5465 ) ;
#683 =( GEOMETRIC_REPRESENTATION_CONTEXT ( 3 ) GLOBAL_UNCERTAINTY_ASSIGNED_CONTEXT ( ( #187 ) ) GLOBAL_UNIT_ASSIGNED_CONTEXT ( ( #7149, #2071, #230 ) ) REPRESENTATION_CONTEXT ( 'NONE', 'WORKASPACE' ) );
#684 =( NAMED_UNIT ( * ) PLANE_ANGLE_UNIT ( ) SI_UNIT ( $, .RADIAN. ) );
#685 = TOROIDAL_SURFACE ( 'NONE', #520, 1.943301270189222274, 0.05000000000000006523 ) ;
#686 = ORIENTED_EDGE ( 'NONE', *, *, #3622, .F. ) ;
#687 = MECHANICAL_DESIGN_GEOMETRIC_PRESENTATION_REPRESENTATION (  '', ( #1534 ), #3657 ) ;
#688 = SURFACE_STYLE_USAGE ( .BOTH. , #1994 ) ;
#689 = AXIS2_PLACEMENT_3D ( 'NONE', #6363, #7642, #5789 ) ;
#690 = DIRECTION ( 'NONE',  ( -1.000000000000000000, -7.760429719096859345E-17, 0.000000000000000000 ) ) ;
#691 = ADVANCED_FACE ( 'NONE', ( #647 ), #7432, .T. ) ;
#692 = EDGE_CURVE ( 'NONE', #6842, #4475, #4541, .T. ) ;
#693 = ORIENTED_EDGE ( 'NONE', *, *, #4114, .T. ) ;
#694 = DIRECTION ( 'NONE',  ( -1.000000000000000000, -7.760429719096859345E-17, 0.000000000000000000 ) ) ;
#695 = MECHANICAL_DESIGN_GEOMETRIC_PRESENTATION_REPRESENTATION (  '', ( #272 ), #3984 ) ;
#696 = DIRECTION ( 'NONE',  ( 0.000000000000000000, 1.000000000000000000, -1.445602896647339410E-16 ) ) ;
#697 = AXIS2_PLACEMENT_3D ( 'NONE', #3233, #75, #6747 ) ;
#698 = FILL_AREA_STYLE_COLOUR ( '', #7318 ) ;
#699 = DIRECTION ( 'NONE',  ( -0.000000000000000000, -0.9396926207859107594, -0.3420201433256621071 ) ) ;
#700 = PLANE ( 'NONE',  #6257 ) ;
#701 = CLOSED_SHELL ( 'NONE', ( #908, #6945, #8214, #864, #5063 ) ) ;
#702 = UNCERTAINTY_MEASURE_WITH_UNIT (LENGTH_MEASURE( 1.000000000000000082E-05 ), #2667, 'distance_accuracy_value', 'NONE');
#703 = CARTESIAN_POINT ( 'NONE',  ( -1.999999999999999556, -5.100000000000000533, -0.2499999999999998890 ) ) ;
#704 = B_SPLINE_CURVE_WITH_KNOTS ( 'NONE', 3,
 ( #570, #2975, #6832, #7429, #7453, #8137 ),
 .UNSPECIFIED., .F., .F.,
 ( 4, 2, 4 ),
 ( 0.0006068275796603298227, 0.001000185506340196557, 0.001393543433020063508 ),
 .UNSPECIFIED. ) ;
#705 = EDGE_CURVE ( 'NONE', #1673, #6052, #6415, .T. ) ;
#706 = DIRECTION ( 'NONE',  ( 0.000000000000000000, 1.000000000000000000, 0.000000000000000000 ) ) ;
#707 = DIRECTION ( 'NONE',  ( -1.000000000000000000, -0.000000000000000000, -0.000000000000000000 ) ) ;
#708 = PRODUCT_DEFINITION_CONTEXT ( 'detailed design', #4115, 'design' ) ;
#709 = SURFACE_STYLE_FILL_AREA ( #372 ) ;
#710 = ORIENTED_EDGE ( 'NONE', *, *, #4419, .T. ) ;
#711 = COLOUR_RGB ( '',0.5019607843137254832, 1.000000000000000000, 0.5019607843137254832 ) ;
#712 = SURFACE_SIDE_STYLE ('',( #6920 ) ) ;
#713 = ORIENTED_EDGE ( 'NONE', *, *, #2288, .T. ) ;
#714 = FACE_OUTER_BOUND ( 'NONE', #2349, .T. ) ;
#715 = CARTESIAN_POINT ( 'NONE',  ( 0.3749999999999998890, 8.736600034718932761, -2.350000000000000089 ) ) ;
#716 = ORIENTED_EDGE ( 'NONE', *, *, #7028, .T. ) ;
#717 = PLANE ( 'NONE',  #5635 ) ;
#718 = VERTEX_POINT ( 'NONE', #1729 ) ;
#719 = VECTOR ( 'NONE', #1596, 1000.000000000000000 ) ;
#720 = VECTOR ( 'NONE', #4143, 999.9999999999998863 ) ;
#721 = COLOUR_RGB ( '',1.000000000000000000, 1.000000000000000000, 0.7529411764705882248 ) ;
#722 = CARTESIAN_POINT ( 'NONE',  ( -4.333030277982336642, 3.049000000000001265, -0.2499999999999996669 ) ) ;
#723 = DIRECTION ( 'NONE',  ( 0.2857183028194121288, -0.5496661281711154867, 0.7850045853212384017 ) ) ;
#724 = EDGE_LOOP ( 'NONE', ( #251, #822, #527, #2352, #7040, #319 ) ) ;
#725 = FACE_OUTER_BOUND ( 'NONE', #1979, .T. ) ;
#726 = FILL_AREA_STYLE ('',( #5815 ) ) ;
#727 = CARTESIAN_POINT ( 'NONE',  ( 2.499999999999999556, 4.975000000000002309, 0.000000000000000000 ) ) ;
#728 = ADVANCED_FACE ( 'NONE', ( #3424 ), #6835, .F. ) ;
#729 = CARTESIAN_POINT ( 'NONE',  ( 3.900000000000000799, -1.200000000000000400, 3.299999999999999822 ) ) ;
#730 = EDGE_LOOP ( 'NONE', ( #2419, #4860, #6407, #556 ) ) ;
#731 = FILL_AREA_STYLE_COLOUR ( '', #2010 ) ;
#732 = VECTOR ( 'NONE', #5772, 1000.000000000000000 ) ;
#733 = AXIS2_PLACEMENT_3D ( 'NONE', #3404, #7848, #5889 ) ;
#734 = ORIENTED_EDGE ( 'NONE', *, *, #5735, .T. ) ;
#735 =( GEOMETRIC_REPRESENTATION_CONTEXT ( 3 ) GLOBAL_UNCERTAINTY_ASSIGNED_CONTEXT ( ( #3438 ) ) GLOBAL_UNIT_ASSIGNED_CONTEXT ( ( #3692, #1130, #7447 ) ) REPRESENTATION_CONTEXT ( 'NONE', 'WORKASPACE' ) );
#736 =( NAMED_UNIT ( * ) PLANE_ANGLE_UNIT ( ) SI_UNIT ( $, .RADIAN. ) );
#737 = ORIENTED_EDGE ( 'NONE', *, *, #2347, .F. ) ;
#738 = DIRECTION ( 'NONE',  ( -7.760429719096859345E-17, 1.000000000000000000, -0.000000000000000000 ) ) ;
#739 = EDGE_LOOP ( 'NONE', ( #169, #3205, #5087, #8147 ) ) ;
#740 = STYLED_ITEM ( 'NONE', ( #7523 ), #4529 ) ;
#741 = DIRECTION ( 'NONE',  ( 0.000000000000000000, -0.9863939238321436376, -0.1643989873053577078 ) ) ;
#742 = SURFACE_SIDE_STYLE ('',( #1693 ) ) ;
#743 = ORIENTED_EDGE ( 'NONE', *, *, #5822, .T. ) ;
#744 = FACE_OUTER_BOUND ( 'NONE', #7686, .T. ) ;
#745 = CARTESIAN_POINT ( 'NONE',  ( -5.000000000000001776, -5.000000000000000000, 2.799999999999999378 ) ) ;
#746 = ORIENTED_EDGE ( 'NONE', *, *, #4062, .T. ) ;
#747 = B_SPLINE_CURVE_WITH_KNOTS ( 'NONE', 3,
 ( #6247, #8154, #8080, #5543, #7555, #4372 ),
 .UNSPECIFIED., .F., .F.,
 ( 4, 2, 4 ),
 ( 0.001764678251793508562, 0.002158165738172445128, 0.002551653224551381476 ),
 .UNSPECIFIED. ) ;
#748 =( NAMED_UNIT ( * ) PLANE_ANGLE_UNIT ( ) SI_UNIT ( $, .RADIAN. ) );
#749 = LINE ( 'NONE', #2481, #7400 ) ;
#750 = COLOUR_RGB ( '',0.5019607843137254832, 1.000000000000000000, 0.5019607843137254832 ) ;
#751 = EDGE_LOOP ( 'NONE', ( #3964, #444, #3136, #1461 ) ) ;
#752 = CYLINDRICAL_SURFACE ( 'NONE', #7596, 1.900000000000000577 ) ;
#753 = PRESENTATION_LAYER_ASSIGNMENT (  '', '', ( #1487 ) ) ;
#754 = FILL_AREA_STYLE ('',( #2605 ) ) ;
#755 = VECTOR ( 'NONE', #2620, 1000.000000000000000 ) ;
#756 = DIRECTION ( 'NONE',  ( 1.000000000000000000, 0.000000000000000000, -0.000000000000000000 ) ) ;
#757 = LINE ( 'NONE', #3044, #55 ) ;
#758 = DIRECTION ( 'NONE',  ( 1.000000000000000000, 0.000000000000000000, 0.000000000000000000 ) ) ;
#759 = DIRECTION ( 'NONE',  ( -0.000000000000000000, -0.000000000000000000, 1.000000000000000000 ) ) ;
#760 =( NAMED_UNIT ( * ) SI_UNIT ( $, .STERADIAN. ) SOLID_ANGLE_UNIT ( ) );
#761 = EDGE_CURVE ( 'NONE', #649, #6090, #5322, .T. ) ;
#762 = LINE ( 'NONE', #4605, #3736 ) ;
#763 = PRESENTATION_LAYER_ASSIGNMENT (  '', '', ( #456 ) ) ;
#764 = CARTESIAN_POINT ( 'NONE',  ( 2.499999999999999556, 6.043112549695427660, -4.905093330490148259E-16 ) ) ;
#765 = ORIENTED_EDGE ( 'NONE', *, *, #2671, .F. ) ;
#766 =( LENGTH_UNIT ( ) NAMED_UNIT ( * ) SI_UNIT ( .MILLI., .METRE. ) );
#767 = COLOUR_RGB ( '',0.5019607843137254832, 1.000000000000000000, 0.5019607843137254832 ) ;
#768 = ORIENTED_EDGE ( 'NONE', *, *, #2833, .T. ) ;
#769 =( LENGTH_UNIT ( ) NAMED_UNIT ( * ) SI_UNIT ( .MILLI., .METRE. ) );
#770 = ADVANCED_FACE ( 'NONE', ( #5830 ), #6731, .F. ) ;
#771 = EDGE_CURVE ( 'NONE', #1138, #2282, #4032, .T. ) ;
#772 = SURFACE_SIDE_STYLE ('',( #6797 ) ) ;
#773 = FACE_OUTER_BOUND ( 'NONE', #2160, .T. ) ;
#774 = CARTESIAN_POINT ( 'NONE',  ( 3.000000000000000444, -1.000000000000000000, -2.349999999999999645 ) ) ;
#775 = EDGE_LOOP ( 'NONE', ( #7116, #4329, #2205, #1871 ) ) ;
#776 = DIRECTION ( 'NONE',  ( -1.000000000000000000, 0.000000000000000000, 0.000000000000000000 ) ) ;
#777 =( NAMED_UNIT ( * ) SI_UNIT ( $, .STERADIAN. ) SOLID_ANGLE_UNIT ( ) );
#778 = FILL_AREA_STYLE ('',( #3286 ) ) ;
#779 = SURFACE_STYLE_USAGE ( .BOTH. , #3346 ) ;
#780 = ORIENTED_EDGE ( 'NONE', *, *, #5308, .F. ) ;
#781 = EDGE_LOOP ( 'NONE', ( #3159, #991, #5447, #4455 ) ) ;
#782 = CARTESIAN_POINT ( 'NONE',  ( 0.5912855468219275767, 0.1976814730569577683, 3.248840736528478601 ) ) ;
#783 = AXIS2_PLACEMENT_3D ( 'NONE', #2008, #6471, #5246 ) ;
#784 = UNCERTAINTY_MEASURE_WITH_UNIT (LENGTH_MEASURE( 1.000000000000000082E-05 ), #7156, 'distance_accuracy_value', 'NONE');
#785 =( GEOMETRIC_REPRESENTATION_CONTEXT ( 3 ) GLOBAL_UNCERTAINTY_ASSIGNED_CONTEXT ( ( #5453 ) ) GLOBAL_UNIT_ASSIGNED_CONTEXT ( ( #217, #5291, #2147 ) ) REPRESENTATION_CONTEXT ( 'NONE', 'WORKASPACE' ) );
#786 = CARTESIAN_POINT ( 'NONE',  ( -2.999999999999999556, -3.799999999999999822, -3.499999999999999112 ) ) ;
#787 = MECHANICAL_DESIGN_GEOMETRIC_PRESENTATION_REPRESENTATION (  '', ( #6203 ), #7229 ) ;
#788 = SURFACE_SIDE_STYLE ('',( #5008 ) ) ;
#789 = PLANE ( 'NONE',  #2548 ) ;
#790 = ORIENTED_EDGE ( 'NONE', *, *, #3181, .T. ) ;
#791 = EDGE_CURVE ( 'NONE', #6717, #1366, #6118, .T. ) ;
#792 = STYLED_ITEM ( 'NONE', ( #3691 ), #6035 ) ;
#793 = CARTESIAN_POINT ( 'NONE',  ( -2.500000000000000444, 4.975000000000002309, 0.000000000000000000 ) ) ;
#794 = DIRECTION ( 'NONE',  ( 0.5063955574051595132, 0.000000000000000000, 0.8623013043248385356 ) ) ;
#795 = ORIENTED_EDGE ( 'NONE', *, *, #4221, .F. ) ;
#796 = ORIENTED_EDGE ( 'NONE', *, *, #6635, .T. ) ;
#797 = AXIS2_PLACEMENT_3D ( 'NONE', #2140, #920, #7298 ) ;
#798 = CARTESIAN_POINT ( 'NONE',  ( -0.9749999999999995337, 2.651000000000001133, 1.445602896649105965E-19 ) ) ;
#799 =( GEOMETRIC_REPRESENTATION_CONTEXT ( 3 ) GLOBAL_UNCERTAINTY_ASSIGNED_CONTEXT ( ( #7864 ) ) GLOBAL_UNIT_ASSIGNED_CONTEXT ( ( #87, #6991, #3888 ) ) REPRESENTATION_CONTEXT ( 'NONE', 'WORKASPACE' ) );
#800 = DIRECTION ( 'NONE',  ( 0.000000000000000000, -1.000000000000000000, 1.548860246407863583E-16 ) ) ;
#801 = EDGE_CURVE ( 'NONE', #6274, #1623, #4740, .T. ) ;
#802 =( NAMED_UNIT ( * ) PLANE_ANGLE_UNIT ( ) SI_UNIT ( $, .RADIAN. ) );
#803 = CARTESIAN_POINT ( 'NONE',  ( -4.089161985856200943, 3.896595837312157418, 0.2500000000000002776 ) ) ;
#804 = AXIS2_PLACEMENT_3D ( 'NONE', #6162, #3554, #8054 ) ;
#805 = FILL_AREA_STYLE ('',( #5810 ) ) ;
#806 = UNCERTAINTY_MEASURE_WITH_UNIT (LENGTH_MEASURE( 1.000000000000000082E-05 ), #910, 'distance_accuracy_value', 'NONE');
#807 =( NAMED_UNIT ( * ) SI_UNIT ( $, .STERADIAN. ) SOLID_ANGLE_UNIT ( ) );
#808 = SURFACE_STYLE_FILL_AREA ( #1910 ) ;
#809 =( GEOMETRIC_REPRESENTATION_CONTEXT ( 3 ) GLOBAL_UNCERTAINTY_ASSIGNED_CONTEXT ( ( #317 ) ) GLOBAL_UNIT_ASSIGNED_CONTEXT ( ( #3206, #748, #1385 ) ) REPRESENTATION_CONTEXT ( 'NONE', 'WORKASPACE' ) );
#810 = EDGE_LOOP ( 'NONE', ( #8009, #2952, #6778, #2187 ) ) ;
#811 = VECTOR ( 'NONE', #4216, 1000.000000000000000 ) ;
#812 = LINE ( 'NONE', #4045, #6072 ) ;
#813 = CARTESIAN_POINT ( 'NONE',  ( 4.393301270189222230, 4.975000000000002309, 2.318625340358848902E-16 ) ) ;
#814 = PLANE ( 'NONE',  #783 ) ;
#815 = EDGE_CURVE ( 'NONE', #2886, #6738, #7314, .T. ) ;
#816 = ADVANCED_FACE ( 'NONE', ( #1246 ), #8037, .F. ) ;
#817 = VERTEX_POINT ( 'NONE', #5536 ) ;
#818 = MECHANICAL_DESIGN_GEOMETRIC_PRESENTATION_REPRESENTATION (  '', ( #62 ), #6677 ) ;
#819 = EDGE_CURVE ( 'NONE', #1366, #3723, #4834, .T. ) ;
#820 = COLOUR_RGB ( '',0.5019607843137254832, 1.000000000000000000, 0.5019607843137254832 ) ;
#821 = DIRECTION ( 'NONE',  ( -1.000000000000000000, 0.000000000000000000, 0.000000000000000000 ) ) ;
#822 = ORIENTED_EDGE ( 'NONE', *, *, #6494, .T. ) ;
#823 = PRESENTATION_STYLE_ASSIGNMENT (( #7829 ) ) ;
#824 = EDGE_CURVE ( 'NONE', #3690, #20, #1629, .T. ) ;
#825 = ORIENTED_EDGE ( 'NONE', *, *, #1474, .T. ) ;
#826 =( NAMED_UNIT ( * ) PLANE_ANGLE_UNIT ( ) SI_UNIT ( $, .RADIAN. ) );
#827 = ADVANCED_FACE ( 'NONE', ( #5024 ), #1845, .T. ) ;
#828 = SURFACE_SIDE_STYLE ('',( #6641 ) ) ;
#829 = DIRECTION ( 'NONE',  ( -1.000000000000000000, 0.000000000000000000, 0.000000000000000000 ) ) ;
#830 = CARTESIAN_POINT ( 'NONE',  ( -2.500000000000000444, 4.975000000000002309, 0.000000000000000000 ) ) ;
#831 = DIRECTION ( 'NONE',  ( 0.000000000000000000, -0.9851275630313911513, 0.1718245749473357453 ) ) ;
#832 = ORIENTED_EDGE ( 'NONE', *, *, #7346, .T. ) ;
#833 = TOROIDAL_SURFACE ( 'NONE', #1202, 1.943301270189222274, 0.05000000000000006523 ) ;
#834 = CARTESIAN_POINT ( 'NONE',  ( -2.999999999999999556, -1.699999999999999067, -2.899999999999999911 ) ) ;
#835 = CARTESIAN_POINT ( 'NONE',  ( -0.7219025143045775250, 3.711189580658139420, -0.2499999999999997224 ) ) ;
#836 = DIRECTION ( 'NONE',  ( 0.000000000000000000, -1.000000000000000000, 0.000000000000000000 ) ) ;
#837 = SURFACE_STYLE_FILL_AREA ( #5478 ) ;
#838 = VECTOR ( 'NONE', #1107, 1000.000000000000114 ) ;
#839 = PLANE ( 'NONE',  #3593 ) ;
#840 = AXIS2_PLACEMENT_3D ( 'NONE', #1410, #7734, #1357 ) ;
#841 = FILL_AREA_STYLE ('',( #878 ) ) ;
#842 = VERTEX_POINT ( 'NONE', #553 ) ;
#843 = CARTESIAN_POINT ( 'NONE',  ( -1.999999999999999556, 0.9200000000000028155, -3.499999999999999556 ) ) ;
#844 = CYLINDRICAL_SURFACE ( 'NONE', #4206, 1.900000000000000133 ) ;
#845 = VECTOR ( 'NONE', #1900, 1000.000000000000000 ) ;
#846 = LINE ( 'NONE', #277, #4732 ) ;
#847 = CIRCLE ( 'NONE', #4702, 0.1000000000000001582 ) ;
#848 = CARTESIAN_POINT ( 'NONE',  ( 0.5000000000000004441, 0.4000000000000005218, -2.250000000000000000 ) ) ;
#849 = CARTESIAN_POINT ( 'NONE',  ( 4.500000000000000888, 0.4000000000000011324, 2.250000000000000000 ) ) ;
#850 =( GEOMETRIC_REPRESENTATION_CONTEXT ( 3 ) GLOBAL_UNCERTAINTY_ASSIGNED_CONTEXT ( ( #6719 ) ) GLOBAL_UNIT_ASSIGNED_CONTEXT ( ( #6668, #7837, #326 ) ) REPRESENTATION_CONTEXT ( 'NONE', 'WORKASPACE' ) );
#851 = LINE ( 'NONE', #6687, #4928 ) ;
#852 = MECHANICAL_DESIGN_GEOMETRIC_PRESENTATION_REPRESENTATION (  '', ( #4575 ), #4997 ) ;
#853 = ORIENTED_EDGE ( 'NONE', *, *, #6314, .F. ) ;
#854 = DIRECTION ( 'NONE',  ( -1.000000000000000000, -7.760429719096859345E-17, 0.000000000000000000 ) ) ;
#855 = CIRCLE ( 'NONE', #2107, 0.4000000000000001887 ) ;
#856 = EDGE_CURVE ( 'NONE', #3959, #7911, #2021, .T. ) ;
#857 = VERTEX_POINT ( 'NONE', #5560 ) ;
#858 = DIRECTION ( 'NONE',  ( 1.000000000000000000, -0.000000000000000000, -0.000000000000000000 ) ) ;
#859 = STYLED_ITEM ( 'NONE', ( #150 ), #4716 ) ;
#860 = CARTESIAN_POINT ( 'NONE',  ( 2.499999999999999556, 0.4010000000000008558, 3.251160914559866785E-16 ) ) ;
#861 = LINE ( 'NONE', #2689, #7408 ) ;
#862 = CARTESIAN_POINT ( 'NONE',  ( 4.999999999999998224, -1.119999999999998552, -4.049999999999999822 ) ) ;
#863 = UNCERTAINTY_MEASURE_WITH_UNIT (LENGTH_MEASURE( 1.000000000000000082E-05 ), #5120, 'distance_accuracy_value', 'NONE');
#864 = ADVANCED_FACE ( 'NONE', ( #4425 ), #1786, .T. ) ;
#865 = MECHANICAL_DESIGN_GEOMETRIC_PRESENTATION_REPRESENTATION (  '', ( #5811 ), #7352 ) ;
#866 = DIRECTION ( 'NONE',  ( 1.000000000000000000, -0.000000000000000000, -0.000000000000000000 ) ) ;
#867 = COLOUR_RGB ( '',0.5019607843137254832, 1.000000000000000000, 0.5019607843137254832 ) ;
#868 = LINE ( 'NONE', #6614, #3226 ) ;
#869 = LINE ( 'NONE', #6955, #3829 ) ;
#870 = FILL_AREA_STYLE ('',( #7868 ) ) ;
#871 = CARTESIAN_POINT ( 'NONE',  ( 3.000000000000000444, -1.699999999999999734, -2.999999999999999556 ) ) ;
#872 = CARTESIAN_POINT ( 'NONE',  ( 4.075000000000000178, 2.400000000000001243, 1.928818708657081837E-16 ) ) ;
#873 = FACE_OUTER_BOUND ( 'NONE', #2096, .T. ) ;
#874 = PRESENTATION_LAYER_ASSIGNMENT (  '', '', ( #441 ) ) ;
#875 = MECHANICAL_DESIGN_GEOMETRIC_PRESENTATION_REPRESENTATION (  '', ( #2711 ), #5379 ) ;
#876 = ADVANCED_FACE ( 'NONE', ( #6034 ), #7907, .F. ) ;
#877 = CARTESIAN_POINT ( 'NONE',  ( 2.499999999999999556, 4.975000000000002309, 0.000000000000000000 ) ) ;
#878 = FILL_AREA_STYLE_COLOUR ( '', #4742 ) ;
#879 = SURFACE_STYLE_FILL_AREA ( #5303 ) ;
#880 = SURFACE_STYLE_USAGE ( .BOTH. , #3521 ) ;
#881 = EDGE_LOOP ( 'NONE', ( #2368, #2015, #6151, #6335 ) ) ;
#882 = SURFACE_STYLE_FILL_AREA ( #5253 ) ;
#883 = ORIENTED_EDGE ( 'NONE', *, *, #1746, .T. ) ;
#884 = CARTESIAN_POINT ( 'NONE',  ( 0.3749999999999998890, -4.049999999999999822, 2.350000000000000977 ) ) ;
#885 =( NAMED_UNIT ( * ) PLANE_ANGLE_UNIT ( ) SI_UNIT ( $, .RADIAN. ) );
#886 = AXIS2_PLACEMENT_3D ( 'NONE', #1659, #7384, #2287 ) ;
#887 = ORIENTED_EDGE ( 'NONE', *, *, #771, .T. ) ;
#888 =( LENGTH_UNIT ( ) NAMED_UNIT ( * ) SI_UNIT ( .MILLI., .METRE. ) );
#889 = ORIENTED_EDGE ( 'NONE', *, *, #893, .T. ) ;
#890 = VERTEX_POINT ( 'NONE', #7543 ) ;
#891 =( LENGTH_UNIT ( ) NAMED_UNIT ( * ) SI_UNIT ( .MILLI., .METRE. ) );
#892 = SURFACE_SIDE_STYLE ('',( #7372 ) ) ;
#893 = EDGE_CURVE ( 'NONE', #1673, #1102, #2134, .T. ) ;
#894 = FILL_AREA_STYLE ('',( #7270 ) ) ;
#895 = DIRECTION ( 'NONE',  ( -7.760429719096859345E-17, 1.000000000000000000, -0.000000000000000000 ) ) ;
#896 = LINE ( 'NONE', #7941, #4774 ) ;
#897 = EDGE_LOOP ( 'NONE', ( #6280, #5238, #4008, #5587 ) ) ;
#898 = DIRECTION ( 'NONE',  ( 0.000000000000000000, -1.000000000000000000, 0.000000000000000000 ) ) ;
#899 = DIRECTION ( 'NONE',  ( 0.000000000000000000, 1.000000000000000000, 0.000000000000000000 ) ) ;
#900 = UNCERTAINTY_MEASURE_WITH_UNIT (LENGTH_MEASURE( 1.000000000000000082E-05 ), #7141, 'distance_accuracy_value', 'NONE');
#901 = CARTESIAN_POINT ( 'NONE',  ( 2.250000000000000888, -2.999999999999998668, -3.774999999999999911 ) ) ;
#902 = ORIENTED_EDGE ( 'NONE', *, *, #6152, .F. ) ;
#903 = CARTESIAN_POINT ( 'NONE',  ( -2.999999999999999556, -5.000000000000000000, -2.350000000000000089 ) ) ;
#904 = ORIENTED_EDGE ( 'NONE', *, *, #2657, .F. ) ;
#905 = CIRCLE ( 'NONE', #2954, 1.900000000000000577 ) ;
#906 = CARTESIAN_POINT ( 'NONE',  ( -2.500000000000000444, 0.4000000000000010214, 3.252606517456513302E-16 ) ) ;
#907 = PRESENTATION_LAYER_ASSIGNMENT (  '', '', ( #792 ) ) ;
#908 = ADVANCED_FACE ( 'NONE', ( #8104 ), #1351, .F. ) ;
#909 = STYLED_ITEM ( 'NONE', ( #4987 ), #2932 ) ;
#910 =( LENGTH_UNIT ( ) NAMED_UNIT ( * ) SI_UNIT ( .MILLI., .METRE. ) );
#911 = DIRECTION ( 'NONE',  ( 0.000000000000000000, -1.000000000000000000, 2.168404344971008868E-16 ) ) ;
#912 = ORIENTED_EDGE ( 'NONE', *, *, #1549, .T. ) ;
#913 = COLOUR_RGB ( '',0.5019607843137254832, 1.000000000000000000, 0.5019607843137254832 ) ;
#914 = MECHANICAL_DESIGN_GEOMETRIC_PRESENTATION_REPRESENTATION (  '', ( #5736 ), #5416 ) ;
#915 = COLOUR_RGB ( '',1.000000000000000000, 1.000000000000000000, 0.7529411764705882248 ) ;
#916 = FILL_AREA_STYLE ('',( #269 ) ) ;
#917 = ADVANCED_FACE ( 'NONE', ( #468 ), #34, .F. ) ;
#918 = MECHANICAL_DESIGN_GEOMETRIC_PRESENTATION_REPRESENTATION (  '', ( #4639 ), #4470 ) ;
#919 = CIRCLE ( 'NONE', #1364, 0.2500000000000002220 ) ;
#920 = DIRECTION ( 'NONE',  ( 1.000000000000000000, -0.000000000000000000, -0.000000000000000000 ) ) ;
#921 = EDGE_LOOP ( 'NONE', ( #5763, #1575, #1939, #5441 ) ) ;
#922 = DIRECTION ( 'NONE',  ( 0.000000000000000000, 0.000000000000000000, -1.000000000000000000 ) ) ;
#923 = EDGE_CURVE ( 'NONE', #3270, #3469, #7322, .T. ) ;
#924 = CARTESIAN_POINT ( 'NONE',  ( 3.000000000000000444, -1.000000000000000000, -2.349999999999999645 ) ) ;
#925 = AXIS2_PLACEMENT_3D ( 'NONE', #8067, #2258, #5454 ) ;
#926 = AXIS2_PLACEMENT_3D ( 'NONE', #8, #7573, #4497 ) ;
#927 = CARTESIAN_POINT ( 'NONE',  ( -1.041479881741760094, 3.949000000000005617, -0.2499999999999997224 ) ) ;
#928 = VERTEX_POINT ( 'NONE', #1291 ) ;
#929 = ORIENTED_EDGE ( 'NONE', *, *, #227, .F. ) ;
#930 = CLOSED_SHELL ( 'NONE', ( #8007, #599, #1478, #827, #7838, #3517, #6474, #6985, #6035, #3639, #4073, #4529, #648, #6609, #4282, #5988, #5767, #5390 ) ) ;
#931 = PRESENTATION_STYLE_ASSIGNMENT (( #4193 ) ) ;
#932 = CARTESIAN_POINT ( 'NONE',  ( -1.999999999999999556, -3.799999999999999822, -3.499999999999999112 ) ) ;
#933 = FILL_AREA_STYLE_COLOUR ( '', #7770 ) ;
#934 = EDGE_CURVE ( 'NONE', #1004, #6511, #5420, .T. ) ;
#935 =( GEOMETRIC_REPRESENTATION_CONTEXT ( 3 ) GLOBAL_UNCERTAINTY_ASSIGNED_CONTEXT ( ( #4098 ) ) GLOBAL_UNIT_ASSIGNED_CONTEXT ( ( #2075, #826, #1591 ) ) REPRESENTATION_CONTEXT ( 'NONE', 'WORKASPACE' ) );
#936 = SURFACE_STYLE_USAGE ( .BOTH. , #2211 ) ;
#937 = VERTEX_POINT ( 'NONE', #3785 ) ;
#938 = VECTOR ( 'NONE', #7690, 1000.000000000000000 ) ;
#939 = CARTESIAN_POINT ( 'NONE',  ( 3.000000000000000444, -7.499999999999984901, 0.2500000000000003331 ) ) ;
#940 = BREP_WITH_VOIDS ( 'NONE', #5386, ( #1440 ) );
#941 = EDGE_CURVE ( 'NONE', #2268, #6951, #5526, .T. ) ;
#942 = ORIENTED_EDGE ( 'NONE', *, *, #5932, .F. ) ;
#943 = LINE ( 'NONE', #6085, #4009 ) ;
#944 = VECTOR ( 'NONE', #911, 1000.000000000000000 ) ;
#945 =( NAMED_UNIT ( * ) SI_UNIT ( $, .STERADIAN. ) SOLID_ANGLE_UNIT ( ) );
#946 = CARTESIAN_POINT ( 'NONE',  ( 0.3750000000000003886, 2.400000000000001243, -2.350000000000000089 ) ) ;
#947 = LINE ( 'NONE', #3762, #4123 ) ;
#948 = CARTESIAN_POINT ( 'NONE',  ( -5.400000000000002132, -5.000000000000000000, 0.000000000000000000 ) ) ;
#949 = VERTEX_POINT ( 'NONE', #1318 ) ;
#950 = EDGE_LOOP ( 'NONE', ( #4819, #3011, #344, #825 ) ) ;
#951 = FACE_OUTER_BOUND ( 'NONE', #4292, .T. ) ;
#952 = DIRECTION ( 'NONE',  ( -7.760429719096859345E-17, 1.000000000000000000, 0.000000000000000000 ) ) ;
#953 = COLOUR_RGB ( '',0.5019607843137254832, 1.000000000000000000, 0.5019607843137254832 ) ;
#954 = FACE_OUTER_BOUND ( 'NONE', #1898, .T. ) ;
#955 = MECHANICAL_DESIGN_GEOMETRIC_PRESENTATION_REPRESENTATION (  '', ( #7169 ), #3645 ) ;
#956 = DIRECTION ( 'NONE',  ( 0.000000000000000000, -0.9396926207859107594, -0.3420201433256621071 ) ) ;
#957 = ORIENTED_EDGE ( 'NONE', *, *, #4387, .F. ) ;
#958 =( GEOMETRIC_REPRESENTATION_CONTEXT ( 3 ) GLOBAL_UNCERTAINTY_ASSIGNED_CONTEXT ( ( #164 ) ) GLOBAL_UNIT_ASSIGNED_CONTEXT ( ( #305, #4681, #5920 ) ) REPRESENTATION_CONTEXT ( 'NONE', 'WORKASPACE' ) );
#959 = ADVANCED_FACE ( 'NONE', ( #7525 ), #7913, .F. ) ;
#960 =( NAMED_UNIT ( * ) PLANE_ANGLE_UNIT ( ) SI_UNIT ( $, .RADIAN. ) );
#961 = ORIENTED_EDGE ( 'NONE', *, *, #183, .F. ) ;
#962 = PRESENTATION_LAYER_ASSIGNMENT (  '', '', ( #86 ) ) ;
#963 = CARTESIAN_POINT ( 'NONE',  ( 4.999999999999998224, 4.750000000000000000, 2.189830409753168894 ) ) ;
#964 = VECTOR ( 'NONE', #6575, 1000.000000000000000 ) ;
#965 = STYLED_ITEM ( 'NONE', ( #445 ), #5904 ) ;
#966 = EDGE_LOOP ( 'NONE', ( #5081, #1289 ) ) ;
#967 = DIRECTION ( 'NONE',  ( -1.000000000000000000, 0.000000000000000000, 0.000000000000000000 ) ) ;
#968 = FACE_OUTER_BOUND ( 'NONE', #4871, .T. ) ;
#969 = DIRECTION ( 'NONE',  ( 0.000000000000000000, -1.000000000000000000, 0.000000000000000000 ) ) ;
#970 = UNCERTAINTY_MEASURE_WITH_UNIT (LENGTH_MEASURE( 1.000000000000000082E-05 ), #1510, 'distance_accuracy_value', 'NONE');
#971 = AXIS2_PLACEMENT_3D ( 'NONE', #4180, #7326, #6095 ) ;
#972 =( GEOMETRIC_REPRESENTATION_CONTEXT ( 3 ) GLOBAL_UNCERTAINTY_ASSIGNED_CONTEXT ( ( #241 ) ) GLOBAL_UNIT_ASSIGNED_CONTEXT ( ( #2042, #7773, #3951 ) ) REPRESENTATION_CONTEXT ( 'NONE', 'WORKASPACE' ) );
#973 = VECTOR ( 'NONE', #6166, 1000.000000000000000 ) ;
#974 = VECTOR ( 'NONE', #1838, 1000.000000000000000 ) ;
#975 = CIRCLE ( 'NONE', #6234, 0.4000000000000001887 ) ;
#976 = PRESENTATION_STYLE_ASSIGNMENT (( #5050 ) ) ;
#977 = EDGE_CURVE ( 'NONE', #3367, #7574, #5333, .T. ) ;
#978 = VECTOR ( 'NONE', #3686, 1000.000000000000000 ) ;
#979 = DIRECTION ( 'NONE',  ( 0.000000000000000000, 0.000000000000000000, -1.000000000000000000 ) ) ;
#980 = AXIS2_PLACEMENT_3D ( 'NONE', #1680, #1706, #8069 ) ;
#981 = SURFACE_SIDE_STYLE ('',( #7413 ) ) ;
#982 =( GEOMETRIC_REPRESENTATION_CONTEXT ( 3 ) GLOBAL_UNCERTAINTY_ASSIGNED_CONTEXT ( ( #2497 ) ) GLOBAL_UNIT_ASSIGNED_CONTEXT ( ( #3474, #5909, #1481 ) ) REPRESENTATION_CONTEXT ( 'NONE', 'WORKASPACE' ) );
#983 = VECTOR ( 'NONE', #7809, 1000.000000000000000 ) ;
#984 = ORIENTED_EDGE ( 'NONE', *, *, #5619, .T. ) ;
#985 =( NAMED_UNIT ( * ) PLANE_ANGLE_UNIT ( ) SI_UNIT ( $, .RADIAN. ) );
#986 = FACE_OUTER_BOUND ( 'NONE', #296, .T. ) ;
#987 = FILL_AREA_STYLE ('',( #6002 ) ) ;
#988 = EDGE_CURVE ( 'NONE', #6329, #4149, #6224, .T. ) ;
#989 = FACE_OUTER_BOUND ( 'NONE', #5314, .T. ) ;
#990 =( GEOMETRIC_REPRESENTATION_CONTEXT ( 3 ) GLOBAL_UNCERTAINTY_ASSIGNED_CONTEXT ( ( #1146 ) ) GLOBAL_UNIT_ASSIGNED_CONTEXT ( ( #5239, #7163, #3369 ) ) REPRESENTATION_CONTEXT ( 'NONE', 'WORKASPACE' ) );
#991 = ORIENTED_EDGE ( 'NONE', *, *, #3741, .T. ) ;
#992 = FILL_AREA_STYLE_COLOUR ( '', #5090 ) ;
#993 = FILL_AREA_STYLE ('',( #7886 ) ) ;
#994 = SURFACE_SIDE_STYLE ('',( #5748 ) ) ;
#995 = CARTESIAN_POINT ( 'NONE',  ( 4.625000000000000888, -5.000000000000000000, 3.200000000000001066 ) ) ;
#996 = ORIENTED_EDGE ( 'NONE', *, *, #705, .T. ) ;
#997 = ADVANCED_FACE ( 'NONE', ( #6426 ), #1452, .F. ) ;
#998 = SURFACE_STYLE_FILL_AREA ( #629 ) ;
#999 = SURFACE_STYLE_USAGE ( .BOTH. , #2137 ) ;
#1000 = CARTESIAN_POINT ( 'NONE',  ( -1.999999999999999556, -1.099999999999999201, -3.099999999999996980 ) ) ;
#1001 = PRESENTATION_LAYER_ASSIGNMENT (  '', '', ( #1518 ) ) ;
#1002 = DIRECTION ( 'NONE',  ( -0.000000000000000000, 1.000000000000000000, 1.084202172485504434E-16 ) ) ;
#1003 = ORIENTED_EDGE ( 'NONE', *, *, #6443, .F. ) ;
#1004 = VERTEX_POINT ( 'NONE', #5316 ) ;
#1005 = CARTESIAN_POINT ( 'NONE',  ( -4.333030277982336642, 3.448999999999740496, -0.2499999999999996669 ) ) ;
#1006 = PLANE ( 'NONE',  #3353 ) ;
#1007 = SURFACE_STYLE_FILL_AREA ( #3046 ) ;
#1008 = FILL_AREA_STYLE_COLOUR ( '', #2738 ) ;
#1009 =( NAMED_UNIT ( * ) SI_UNIT ( $, .STERADIAN. ) SOLID_ANGLE_UNIT ( ) );
#1010 = SURFACE_SIDE_STYLE ('',( #2719 ) ) ;
#1011 = FILL_AREA_STYLE ('',( #6106 ) ) ;
#1012 = VECTOR ( 'NONE', #6448, 1000.000000000000000 ) ;
#1013 = VERTEX_POINT ( 'NONE', #3277 ) ;
#1014 = AXIS2_PLACEMENT_3D ( 'NONE', #1402, #3358, #7804 ) ;
#1015 = DIRECTION ( 'NONE',  ( -7.760429719096859345E-17, 1.000000000000000000, 0.000000000000000000 ) ) ;
#1016 = CARTESIAN_POINT ( 'NONE',  ( 3.900000000000000799, -3.200000000000000178, 4.049999999999999822 ) ) ;
#1017 = CARTESIAN_POINT ( 'NONE',  ( -1.999999999999999556, -3.799999999999999822, -3.499999999999999112 ) ) ;
#1018 =( BOUNDED_CURVE ( )  B_SPLINE_CURVE ( 3, ( #7472, #8019, #482, #3545 ),
 .UNSPECIFIED., .F., .T. ) 
 B_SPLINE_CURVE_WITH_KNOTS ( ( 4, 4 ),
 ( 0.000000000000000000, 1.107148717794083526 ),
 .UNSPECIFIED. ) 
 CURVE ( )  GEOMETRIC_REPRESENTATION_ITEM ( )  RATIONAL_B_SPLINE_CURVE ( ( 1.000000000000000000, 0.9004338722346943991, 0.9004338722346943991, 1.000000000000000000 ) ) 
 REPRESENTATION_ITEM ( '' )  );
#1019 = AXIS2_PLACEMENT_3D ( 'NONE', #2777, #1933, #7227 ) ;
#1020 = LINE ( 'NONE', #7888, #2790 ) ;
#1021 = EDGE_CURVE ( 'NONE', #8033, #1554, #4347, .T. ) ;
#1022 = ORIENTED_EDGE ( 'NONE', *, *, #7201, .F. ) ;
#1023 = FACE_OUTER_BOUND ( 'NONE', #6893, .T. ) ;
#1024 = CARTESIAN_POINT ( 'NONE',  ( -5.000000000000001776, 4.792956143736834207, 2.436112300511016571 ) ) ;
#1025 = ORIENTED_EDGE ( 'NONE', *, *, #3819, .F. ) ;
#1026 = ORIENTED_EDGE ( 'NONE', *, *, #8039, .T. ) ;
#1027 = LINE ( 'NONE', #2746, #2098 ) ;
#1028 = DIRECTION ( 'NONE',  ( -0.000000000000000000, 0.000000000000000000, -1.000000000000000000 ) ) ;
#1029 = CARTESIAN_POINT ( 'NONE',  ( 3.000000000000000444, -1.500000000000002220, -3.499999999999999556 ) ) ;
#1030 = CARTESIAN_POINT ( 'NONE',  ( 2.499999999999999556, 2.651000000000001133, 0.000000000000000000 ) ) ;
#1031 = CARTESIAN_POINT ( 'NONE',  ( -0.8997548783981974552, -4.650000000000000355, 3.200000000000001066 ) ) ;
#1032 = ADVANCED_FACE ( 'NONE', ( #6836 ), #2763, .F. ) ;
#1033 = CARTESIAN_POINT ( 'NONE',  ( -0.3749999999999998890, -5.000000000000000000, -2.350000000000000089 ) ) ;
#1034 = CARTESIAN_POINT ( 'NONE',  ( 2.000000000000000444, -5.000000000000000000, -0.3500000000000007550 ) ) ;
#1035 = ORIENTED_EDGE ( 'NONE', *, *, #761, .T. ) ;
#1036 = LINE ( 'NONE', #7685, #131 ) ;
#1037 = EDGE_CURVE ( 'NONE', #1106, #1795, #2438, .T. ) ;
#1038 = FACE_OUTER_BOUND ( 'NONE', #5996, .T. ) ;
#1039 = MECHANICAL_DESIGN_GEOMETRIC_PRESENTATION_REPRESENTATION (  '', ( #1761 ), #4007 ) ;
#1040 =( LENGTH_UNIT ( ) NAMED_UNIT ( * ) SI_UNIT ( .MILLI., .METRE. ) );
#1041 = FILL_AREA_STYLE_COLOUR ( '', #7828 ) ;
#1042 = CARTESIAN_POINT ( 'NONE',  ( -2.500000000000000888, 3.049000000000001265, 3.252606517456513795E-16 ) ) ;
#1043 = ORIENTED_EDGE ( 'NONE', *, *, #8150, .T. ) ;
#1044 = UNCERTAINTY_MEASURE_WITH_UNIT (LENGTH_MEASURE( 1.000000000000000082E-05 ), #6316, 'distance_accuracy_value', 'NONE');
#1045 = FACE_OUTER_BOUND ( 'NONE', #6157, .T. ) ;
#1046 = UNCERTAINTY_MEASURE_WITH_UNIT (LENGTH_MEASURE( 1.000000000000000082E-05 ), #3531, 'distance_accuracy_value', 'NONE');
#1047 = EDGE_CURVE ( 'NONE', #2058, #3989, #6039, .T. ) ;
#1048 = VERTEX_POINT ( 'NONE', #5857 ) ;
#1049 = FACE_OUTER_BOUND ( 'NONE', #7020, .T. ) ;
#1050 = EDGE_LOOP ( 'NONE', ( #7330, #569 ) ) ;
#1051 = DIRECTION ( 'NONE',  ( 1.000000000000000000, 0.000000000000000000, 0.000000000000000000 ) ) ;
#1052 = CARTESIAN_POINT ( 'NONE',  ( -5.000000000000001776, 5.000000000000000000, -2.208475283291302382 ) ) ;
#1053 = CARTESIAN_POINT ( 'NONE',  ( -2.999999999999999556, -5.000000000000000000, -3.099999999999996980 ) ) ;
#1054 = CARTESIAN_POINT ( 'NONE',  ( 2.000000000000000000, -1.120000000000001217, -4.049999999999999822 ) ) ;
#1055 = ORIENTED_EDGE ( 'NONE', *, *, #4114, .F. ) ;
#1056 = ORIENTED_EDGE ( 'NONE', *, *, #172, .T. ) ;
#1058 = VECTOR ( 'NONE', #1222, 1000.000000000000000 ) ;
#1057 =( GEOMETRIC_REPRESENTATION_CONTEXT ( 3 ) GLOBAL_UNCERTAINTY_ASSIGNED_CONTEXT ( ( #3585 ) ) GLOBAL_UNIT_ASSIGNED_CONTEXT ( ( #7650, #8203, #3787 ) ) REPRESENTATION_CONTEXT ( 'NONE', 'WORKASPACE' ) );
#1059 = VECTOR ( 'NONE', #6238, 1000.000000000000000 ) ;
#1060 = CARTESIAN_POINT ( 'NONE',  ( -4.333030277982336642, 3.049000000000001265, -0.2499999999999996669 ) ) ;
#1061 = PRESENTATION_LAYER_ASSIGNMENT (  '', '', ( #5044 ) ) ;
#1062 = DIRECTION ( 'NONE',  ( 0.000000000000000000, 0.9863939238321436376, 0.1643989873053576800 ) ) ;
#1063 = COLOUR_RGB ( '',0.5019607843137254832, 1.000000000000000000, 0.5019607843137254832 ) ;
#1064 = PRODUCT_DEFINITION_FORMATION_WITH_SPECIFIED_SOURCE ( 'ANY', '', #7706, .NOT_KNOWN. ) ;
#1065 = FILL_AREA_STYLE_COLOUR ( '', #7987 ) ;
#1066 = UNCERTAINTY_MEASURE_WITH_UNIT (LENGTH_MEASURE( 1.000000000000000082E-05 ), #1470, 'distance_accuracy_value', 'NONE');
#1067 = PRESENTATION_LAYER_ASSIGNMENT (  '', '', ( #2047 ) ) ;
#1068 = MECHANICAL_DESIGN_GEOMETRIC_PRESENTATION_REPRESENTATION (  '', ( #2585 ), #33 ) ;
#1069 = CIRCLE ( 'NONE', #7803, 0.09999999999999982514 ) ;
#1070 = FILL_AREA_STYLE ('',( #2348 ) ) ;
#1071 =( LENGTH_UNIT ( ) NAMED_UNIT ( * ) SI_UNIT ( .MILLI., .METRE. ) );
#1072 = DIRECTION ( 'NONE',  ( 1.000000000000000000, 0.000000000000000000, 0.000000000000000000 ) ) ;
#1073 = AXIS2_PLACEMENT_3D ( 'NONE', #8161, #5015, #6899 ) ;
#1074 = ORIENTED_EDGE ( 'NONE', *, *, #923, .F. ) ;
#1075 = COLOUR_RGB ( '',0.5019607843137254832, 1.000000000000000000, 0.5019607843137254832 ) ;
#1076 = EDGE_CURVE ( 'NONE', #5398, #1554, #564, .T. ) ;
#1077 = ORIENTED_EDGE ( 'NONE', *, *, #7007, .T. ) ;
#1078 = PRESENTATION_LAYER_ASSIGNMENT (  '', '', ( #5750 ) ) ;
#1079 = AXIS2_PLACEMENT_3D ( 'NONE', #5474, #4242, #3576 ) ;
#1080 = DIRECTION ( 'NONE',  ( 1.000000000000000000, -0.000000000000000000, -0.000000000000000000 ) ) ;
#1081 = DIRECTION ( 'NONE',  ( 0.000000000000000000, -1.275531967630005492E-16, -1.000000000000000000 ) ) ;
#1082 = ORIENTED_EDGE ( 'NONE', *, *, #4822, .T. ) ;
#1083 = ORIENTED_EDGE ( 'NONE', *, *, #2317, .T. ) ;
#1084 = LINE ( 'NONE', #2468, #2951 ) ;
#1085 = LINE ( 'NONE', #5292, #4265 ) ;
#1086 = ORIENTED_EDGE ( 'NONE', *, *, #819, .T. ) ;
#1087 = CARTESIAN_POINT ( 'NONE',  ( -5.400000000000002132, -1.000000000000000000, 0.000000000000000000 ) ) ;
#1088 = ORIENTED_EDGE ( 'NONE', *, *, #7811, .F. ) ;
#1089 = SURFACE_STYLE_USAGE ( .BOTH. , #3586 ) ;
#1090 = EDGE_CURVE ( 'NONE', #7728, #2770, #7132, .T. ) ;
#1091 = DIRECTION ( 'NONE',  ( 0.000000000000000000, 0.000000000000000000, -1.000000000000000000 ) ) ;
#1092 = CARTESIAN_POINT ( 'NONE',  ( -0.3749999999999998890, 8.736600034718932761, -2.350000000000000089 ) ) ;
#1093 = DIRECTION ( 'NONE',  ( 1.000000000000000000, 0.000000000000000000, 0.000000000000000000 ) ) ;
#1094 = LINE ( 'NONE', #6711, #7930 ) ;
#1095 = COLOUR_RGB ( '',1.000000000000000000, 1.000000000000000000, 0.7529411764705882248 ) ;
#1096 = ORIENTED_EDGE ( 'NONE', *, *, #6142, .F. ) ;
#1097 = SURFACE_STYLE_USAGE ( .BOTH. , #1734 ) ;
#1098 = EDGE_CURVE ( 'NONE', #7826, #3708, #762, .T. ) ;
#1099 = PLANE ( 'NONE',  #1116 ) ;
#1100 = DIRECTION ( 'NONE',  ( 0.000000000000000000, -0.2603129250215355794, 0.9655243037162412056 ) ) ;
#1101 =( NAMED_UNIT ( * ) PLANE_ANGLE_UNIT ( ) SI_UNIT ( $, .RADIAN. ) );
#1102 = VERTEX_POINT ( 'NONE', #2705 ) ;
#1103 = EDGE_LOOP ( 'NONE', ( #5812, #2565 ) ) ;
#1104 = SURFACE_STYLE_FILL_AREA ( #1238 ) ;
#1105 = FILL_AREA_STYLE ('',( #1748 ) ) ;
#1106 = VERTEX_POINT ( 'NONE', #7784 ) ;
#1107 = DIRECTION ( 'NONE',  ( 0.2857183028194119623, -0.5496661281711155977, 0.7850045853212385127 ) ) ;
#1108 = DIRECTION ( 'NONE',  ( -1.000000000000000000, 0.000000000000000000, 0.000000000000000000 ) ) ;
#1109 =( NAMED_UNIT ( * ) SI_UNIT ( $, .STERADIAN. ) SOLID_ANGLE_UNIT ( ) );
#1110 = PRESENTATION_STYLE_ASSIGNMENT (( #5943 ) ) ;
#1111 =( LENGTH_UNIT ( ) NAMED_UNIT ( * ) SI_UNIT ( .MILLI., .METRE. ) );
#1112 = AXIS2_PLACEMENT_3D ( 'NONE', #2545, #1905, #6981 ) ;
#1113 = LINE ( 'NONE', #1687, #4390 ) ;
#1114 = UNCERTAINTY_MEASURE_WITH_UNIT (LENGTH_MEASURE( 1.000000000000000082E-05 ), #4275, 'distance_accuracy_value', 'NONE');
#1115 = VERTEX_POINT ( 'NONE', #3932 ) ;
#1116 = AXIS2_PLACEMENT_3D ( 'NONE', #7990, #1685, #2292 ) ;
#1117 = CARTESIAN_POINT ( 'NONE',  ( -1.999999999999999556, -4.900000000000000355, -0.1500000000000000777 ) ) ;
#1118 = ADVANCED_FACE ( 'NONE', ( #6928 ), #3631, .T. ) ;
#1119 = CARTESIAN_POINT ( 'NONE',  ( 0.9249999999999993783, 2.400000000000001243, 0.000000000000000000 ) ) ;
#1120 =( NAMED_UNIT ( * ) PLANE_ANGLE_UNIT ( ) SI_UNIT ( $, .RADIAN. ) );
#1121 = MECHANICAL_DESIGN_GEOMETRIC_PRESENTATION_REPRESENTATION (  '', ( #7238 ), #6490 ) ;
#1122 = ORIENTED_EDGE ( 'NONE', *, *, #2165, .T. ) ;
#1123 = ORIENTED_EDGE ( 'NONE', *, *, #2141, .F. ) ;
#1124 = EDGE_LOOP ( 'NONE', ( #5060, #7425, #7185, #4784 ) ) ;
#1125 = CARTESIAN_POINT ( 'NONE',  ( -1.999999999999999556, -1.000000000000000000, -3.499999999999999556 ) ) ;
#1126 = EDGE_CURVE ( 'NONE', #5531, #621, #6526, .T. ) ;
#1127 = VECTOR ( 'NONE', #5529, 1000.000000000000000 ) ;
#1128 = VERTEX_POINT ( 'NONE', #5967 ) ;
#1129 = COLOUR_RGB ( '',1.000000000000000000, 1.000000000000000000, 0.7529411764705882248 ) ;
#1130 =( NAMED_UNIT ( * ) PLANE_ANGLE_UNIT ( ) SI_UNIT ( $, .RADIAN. ) );
#1131 = SURFACE_STYLE_FILL_AREA ( #5355 ) ;
#1132 = DIRECTION ( 'NONE',  ( 0.000000000000000000, 0.000000000000000000, 1.000000000000000000 ) ) ;
#1133 =( NAMED_UNIT ( * ) PLANE_ANGLE_UNIT ( ) SI_UNIT ( $, .RADIAN. ) );
#1135 = EDGE_CURVE ( 'NONE', #928, #6147, #5937, .T. ) ;
#1134 =( NAMED_UNIT ( * ) PLANE_ANGLE_UNIT ( ) SI_UNIT ( $, .RADIAN. ) );
#1136 = AXIS2_PLACEMENT_3D ( 'NONE', #2773, #6500, #2681 ) ;
#1137 = CARTESIAN_POINT ( 'NONE',  ( 2.000000000000000444, -3.799999999999999822, -3.499999999999999112 ) ) ;
#1138 = VERTEX_POINT ( 'NONE', #7112 ) ;
#1139 = FILL_AREA_STYLE ('',( #2956 ) ) ;
#1140 = LINE ( 'NONE', #262, #2614 ) ;
#1141 = FILL_AREA_STYLE_COLOUR ( '', #355 ) ;
#1142 = CARTESIAN_POINT ( 'NONE',  ( 2.000000000000000444, -4.900000000000003020, 0.2499999999999999445 ) ) ;
#1143 = DIRECTION ( 'NONE',  ( -7.760429719096859345E-17, 1.000000000000000000, -0.000000000000000000 ) ) ;
#1144 = SURFACE_SIDE_STYLE ('',( #2119 ) ) ;
#1145 = VERTEX_POINT ( 'NONE', #208 ) ;
#1146 = UNCERTAINTY_MEASURE_WITH_UNIT (LENGTH_MEASURE( 1.000000000000000082E-05 ), #5239, 'distance_accuracy_value', 'NONE');
#1147 = ORIENTED_EDGE ( 'NONE', *, *, #7053, .T. ) ;
#1148 = CARTESIAN_POINT ( 'NONE',  ( -5.000000000000001776, 0.9420263882977530923, -3.494061512958939186 ) ) ;
#1149 = FILL_AREA_STYLE_COLOUR ( '', #913 ) ;
#1150 = DIRECTION ( 'NONE',  ( -0.000000000000000000, 0.000000000000000000, -1.000000000000000000 ) ) ;
#1151 = EDGE_LOOP ( 'NONE', ( #610, #328, #961, #3106, #2484, #1025, #7263, #676, #8070 ) ) ;
#1152 = SURFACE_STYLE_FILL_AREA ( #2659 ) ;
#1153 = ORIENTED_EDGE ( 'NONE', *, *, #4814, .F. ) ;
#1154 = DIRECTION ( 'NONE',  ( 0.000000000000000000, -1.204669080539449837E-16, 1.000000000000000000 ) ) ;
#1155 = SURFACE_SIDE_STYLE ('',( #4813 ) ) ;
#1156 =( NAMED_UNIT ( * ) SI_UNIT ( $, .STERADIAN. ) SOLID_ANGLE_UNIT ( ) );
#1157 =( LENGTH_UNIT ( ) NAMED_UNIT ( * ) SI_UNIT ( .MILLI., .METRE. ) );
#1158 = LINE ( 'NONE', #946, #3128 ) ;
#1159 = FACE_OUTER_BOUND ( 'NONE', #6043, .T. ) ;
#1160 = DIRECTION ( 'NONE',  ( 0.000000000000000000, 1.398970545142588514E-16, 1.000000000000000000 ) ) ;
#1161 = PRESENTATION_LAYER_ASSIGNMENT (  '', '', ( #1726 ) ) ;
#1162 = FILL_AREA_STYLE ('',( #523 ) ) ;
#1163 = STYLED_ITEM ( 'NONE', ( #267 ), #3550 ) ;
#1164 = CARTESIAN_POINT ( 'NONE',  ( -3.899999999999999911, -3.200000000000000178, 2.549999999999986500 ) ) ;
#1165 = EDGE_LOOP ( 'NONE', ( #4072, #4626, #2871, #2756, #713, #1774 ) ) ;
#1166 = DIRECTION ( 'NONE',  ( 1.000000000000000000, -0.000000000000000000, -0.000000000000000000 ) ) ;
#1167 = STYLED_ITEM ( 'NONE', ( #6633 ), #4609 ) ;
#1168 = DIRECTION ( 'NONE',  ( -7.760429719096859345E-17, 1.000000000000000000, 0.000000000000000000 ) ) ;
#1169 = DIRECTION ( 'NONE',  ( -1.000000000000000000, 0.000000000000000000, 0.000000000000000000 ) ) ;
#1170 = ORIENTED_EDGE ( 'NONE', *, *, #8199, .T. ) ;
#1171 = PRESENTATION_STYLE_ASSIGNMENT (( #45 ) ) ;
#1172 = ORIENTED_EDGE ( 'NONE', *, *, #771, .F. ) ;
#1173 = MECHANICAL_DESIGN_GEOMETRIC_PRESENTATION_REPRESENTATION (  '', ( #1589 ), #491 ) ;
#1174 = CARTESIAN_POINT ( 'NONE',  ( -1.099999999999999867, -1.200000000000000400, 2.350000000000000089 ) ) ;
#1175 = SURFACE_STYLE_USAGE ( .BOTH. , #5664 ) ;
#1176 = DIRECTION ( 'NONE',  ( 0.000000000000000000, -1.000000000000000000, 0.000000000000000000 ) ) ;
#1177 = EDGE_CURVE ( 'NONE', #7087, #6534, #4940, .T. ) ;
#1178 = DIRECTION ( 'NONE',  ( 0.000000000000000000, -1.000000000000000000, 0.000000000000000000 ) ) ;
#1179 = CARTESIAN_POINT ( 'NONE',  ( 0.3749999999999998890, -5.000000000000000000, -2.350000000000000089 ) ) ;
#1180 = ORIENTED_EDGE ( 'NONE', *, *, #4778, .F. ) ;
#1181 = SURFACE_STYLE_USAGE ( .BOTH. , #2514 ) ;
#1182 = VERTEX_POINT ( 'NONE', #298 ) ;
#1183 = CARTESIAN_POINT ( 'NONE',  ( 4.585656128808528464, 0.6838247314120952103, 3.491912365706051791 ) ) ;
#1184 = EDGE_CURVE ( 'NONE', #6568, #1797, #266, .T. ) ;
#1185 = DIRECTION ( 'NONE',  ( -7.760429719096859345E-17, 1.000000000000000000, 0.000000000000000000 ) ) ;
#1186 = DIRECTION ( 'NONE',  ( -1.000000000000000000, 0.000000000000000000, 0.000000000000000000 ) ) ;
#1187 =( NAMED_UNIT ( * ) PLANE_ANGLE_UNIT ( ) SI_UNIT ( $, .RADIAN. ) );
#1188 = ORIENTED_EDGE ( 'NONE', *, *, #6769, .T. ) ;
#1189 = COLOUR_RGB ( '',0.5019607843137254832, 1.000000000000000000, 0.5019607843137254832 ) ;
#1190 = CARTESIAN_POINT ( 'NONE',  ( -3.511449271362114320E-15, -5.000000000000000000, 2.050000000000008704 ) ) ;
#1191 = DIRECTION ( 'NONE',  ( 0.000000000000000000, 0.000000000000000000, -1.000000000000000000 ) ) ;
#1192 =( GEOMETRIC_REPRESENTATION_CONTEXT ( 3 ) GLOBAL_UNCERTAINTY_ASSIGNED_CONTEXT ( ( #1253 ) ) GLOBAL_UNIT_ASSIGNED_CONTEXT ( ( #7168, #5221, #3999 ) ) REPRESENTATION_CONTEXT ( 'NONE', 'WORKASPACE' ) );
#1193 = LINE ( 'NONE', #2670, #1303 ) ;
#1194 = UNCERTAINTY_MEASURE_WITH_UNIT (LENGTH_MEASURE( 1.000000000000000082E-05 ), #2135, 'distance_accuracy_value', 'NONE');
#1195 = ORIENTED_EDGE ( 'NONE', *, *, #3606, .F. ) ;
#1196 = MECHANICAL_DESIGN_GEOMETRIC_PRESENTATION_REPRESENTATION (  '', ( #2749 ), #3590 ) ;
#1197 = VECTOR ( 'NONE', #6617, 1000.000000000000000 ) ;
#1198 = SURFACE_STYLE_FILL_AREA ( #2451 ) ;
#1199 = SURFACE_SIDE_STYLE ('',( #481 ) ) ;
#1200 = PRESENTATION_LAYER_ASSIGNMENT (  '', '', ( #6480 ) ) ;
#1201 = AXIS2_PLACEMENT_3D ( 'NONE', #4107, #5263, #922 ) ;
#1202 = AXIS2_PLACEMENT_3D ( 'NONE', #6216, #3569, #458 ) ;
#1203 = SURFACE_STYLE_USAGE ( .BOTH. , #6259 ) ;
#1204 = CIRCLE ( 'NONE', #3334, 1.525000000000001243 ) ;
#1205 =( NAMED_UNIT ( * ) SI_UNIT ( $, .STERADIAN. ) SOLID_ANGLE_UNIT ( ) );
#1206 = DIRECTION ( 'NONE',  ( -1.000000000000000000, 0.000000000000000000, 0.000000000000000000 ) ) ;
#1207 = ORIENTED_EDGE ( 'NONE', *, *, #7865, .F. ) ;
#1208 =( LENGTH_UNIT ( ) NAMED_UNIT ( * ) SI_UNIT ( .MILLI., .METRE. ) );
#1209 =( GEOMETRIC_REPRESENTATION_CONTEXT ( 3 ) GLOBAL_UNCERTAINTY_ASSIGNED_CONTEXT ( ( #3897 ) ) GLOBAL_UNIT_ASSIGNED_CONTEXT ( ( #6318, #2428, #4364 ) ) REPRESENTATION_CONTEXT ( 'NONE', 'WORKASPACE' ) );
#1210 = SURFACE_STYLE_USAGE ( .BOTH. , #3119 ) ;
#1211 = AXIS2_PLACEMENT_3D ( 'NONE', #6889, #6268, #5030 ) ;
#1212 = VECTOR ( 'NONE', #3643, 1000.000000000000000 ) ;
#1213 = SURFACE_SIDE_STYLE ('',( #5521 ) ) ;
#1214 = EDGE_CURVE ( 'NONE', #1856, #7235, #1158, .T. ) ;
#1215 = CARTESIAN_POINT ( 'NONE',  ( 3.000000000000000444, -3.799999999999999822, -3.499999999999999112 ) ) ;
#1216 = VERTEX_POINT ( 'NONE', #3418 ) ;
#1217 = AXIS2_PLACEMENT_3D ( 'NONE', #1237, #1760, #4384 ) ;
#1218 = LINE ( 'NONE', #4442, #2208 ) ;
#1219 =( GEOMETRIC_REPRESENTATION_CONTEXT ( 3 ) GLOBAL_UNCERTAINTY_ASSIGNED_CONTEXT ( ( #1114 ) ) GLOBAL_UNIT_ASSIGNED_CONTEXT ( ( #4275, #439, #7399 ) ) REPRESENTATION_CONTEXT ( 'NONE', 'WORKASPACE' ) );
#1220 = PRESENTATION_STYLE_ASSIGNMENT (( #7187 ) ) ;
#1221 = ADVANCED_FACE ( 'NONE', ( #1647 ), #5340, .F. ) ;
#1222 = DIRECTION ( 'NONE',  ( 1.000000000000000000, -0.000000000000000000, -0.000000000000000000 ) ) ;
#1223 = DIRECTION ( 'NONE',  ( 1.000000000000000000, 0.000000000000000000, -0.000000000000000000 ) ) ;
#1224 = ORIENTED_EDGE ( 'NONE', *, *, #2299, .T. ) ;
#1225 = SURFACE_STYLE_FILL_AREA ( #4261 ) ;
#1226 = DIRECTION ( 'NONE',  ( -7.760429719096859345E-17, 1.000000000000000000, -0.000000000000000000 ) ) ;
#1227 = CARTESIAN_POINT ( 'NONE',  ( -2.999999999999999556, -1.699999999999999067, -2.899999999999999911 ) ) ;
#1228 = EDGE_CURVE ( 'NONE', #7084, #2058, #3430, .T. ) ;
#1229 = ORIENTED_EDGE ( 'NONE', *, *, #1798, .F. ) ;
#1230 = LINE ( 'NONE', #367, #5018 ) ;
#1231 = MECHANICAL_DESIGN_GEOMETRIC_PRESENTATION_REPRESENTATION (  '', ( #1500 ), #5645 ) ;
#1232 = EDGE_CURVE ( 'NONE', #4016, #6606, #7664, .T. ) ;
#1233 = SURFACE_STYLE_USAGE ( .BOTH. , #592 ) ;
#1234 = ORIENTED_EDGE ( 'NONE', *, *, #7619, .T. ) ;
#1235 = DIRECTION ( 'NONE',  ( -1.000000000000000000, 0.000000000000000000, 0.000000000000000000 ) ) ;
#1236 = LINE ( 'NONE', #3714, #7789 ) ;
#1237 = CARTESIAN_POINT ( 'NONE',  ( 4.999999999999998224, 4.750000000000000000, -2.208475283291302382 ) ) ;
#1238 = FILL_AREA_STYLE ('',( #3201 ) ) ;
#1239 = SURFACE_SIDE_STYLE ('',( #1308 ) ) ;
#1240 = EDGE_CURVE ( 'NONE', #2169, #8109, #7224, .T. ) ;
#1241 = EDGE_LOOP ( 'NONE', ( #7737, #2546, #4794, #5097 ) ) ;
#1242 = CARTESIAN_POINT ( 'NONE',  ( 3.000000000000000444, -4.599999999999999645, -3.099999999999999645 ) ) ;
#1243 = DIRECTION ( 'NONE',  ( -1.000000000000000000, 0.000000000000000000, -0.000000000000000000 ) ) ;
#1244 = SURFACE_STYLE_FILL_AREA ( #778 ) ;
#1245 = FILL_AREA_STYLE ('',( #5082 ) ) ;
#1246 = FACE_OUTER_BOUND ( 'NONE', #1360, .T. ) ;
#1247 = CARTESIAN_POINT ( 'NONE',  ( 0.000000000000000000, -1.000000000000000000, 3.049999999999999822 ) ) ;
#1248 = LINE ( 'NONE', #6230, #5036 ) ;
#1249 = COLOUR_RGB ( '',1.000000000000000000, 1.000000000000000000, 0.7529411764705882248 ) ;
#1250 = STYLED_ITEM ( 'NONE', ( #118 ), #2765 ) ;
#1251 = CARTESIAN_POINT ( 'NONE',  ( -0.6500000000000005773, 3.949000000000001176, 3.252606517456513795E-16 ) ) ;
#1252 = CARTESIAN_POINT ( 'NONE',  ( -5.000000000000001776, -5.000000000000000000, -4.049999999999999822 ) ) ;
#1253 = UNCERTAINTY_MEASURE_WITH_UNIT (LENGTH_MEASURE( 1.000000000000000082E-05 ), #7168, 'distance_accuracy_value', 'NONE');
#1254 =( NAMED_UNIT ( * ) SI_UNIT ( $, .STERADIAN. ) SOLID_ANGLE_UNIT ( ) );
#1255 = ORIENTED_EDGE ( 'NONE', *, *, #7723, .T. ) ;
#1256 = LINE ( 'NONE', #5505, #1656 ) ;
#1257 = LINE ( 'NONE', #1448, #378 ) ;
#1258 = FILL_AREA_STYLE_COLOUR ( '', #4560 ) ;
#1259 = ORIENTED_EDGE ( 'NONE', *, *, #4884, .T. ) ;
#1260 =( GEOMETRIC_REPRESENTATION_CONTEXT ( 3 ) GLOBAL_UNCERTAINTY_ASSIGNED_CONTEXT ( ( #2411 ) ) GLOBAL_UNIT_ASSIGNED_CONTEXT ( ( #3279, #5204, #6406 ) ) REPRESENTATION_CONTEXT ( 'NONE', 'WORKASPACE' ) );
#1261 = STYLED_ITEM ( 'NONE', ( #7023 ), #3760 ) ;
#1262 =( LENGTH_UNIT ( ) NAMED_UNIT ( * ) SI_UNIT ( .MILLI., .METRE. ) );
#1263 = ADVANCED_FACE ( 'NONE', ( #6030 ), #7998, .T. ) ;
#1264 = ORIENTED_EDGE ( 'NONE', *, *, #5048, .T. ) ;
#1265 = FILL_AREA_STYLE_COLOUR ( '', #4821 ) ;
#1266 = EDGE_LOOP ( 'NONE', ( #6353, #6344, #2246, #4992 ) ) ;
#1267 = PRESENTATION_STYLE_ASSIGNMENT (( #7620 ) ) ;
#1268 = ORIENTED_EDGE ( 'NONE', *, *, #6235, .F. ) ;
#1269 = EDGE_CURVE ( 'NONE', #1489, #6959, #6420, .T. ) ;
#1270 = ORIENTED_EDGE ( 'NONE', *, *, #6787, .F. ) ;
#1271 = PRESENTATION_LAYER_ASSIGNMENT (  '', '', ( #8232 ) ) ;
#1272 = CARTESIAN_POINT ( 'NONE',  ( -2.249999999999999556, -2.244443709649962315, -3.500000000000000000 ) ) ;
#1273 = AXIS2_PLACEMENT_3D ( 'NONE', #207, #6638, #1564 ) ;
#1274 =( NAMED_UNIT ( * ) PLANE_ANGLE_UNIT ( ) SI_UNIT ( $, .RADIAN. ) );
#1275 =( LENGTH_UNIT ( ) NAMED_UNIT ( * ) SI_UNIT ( .MILLI., .METRE. ) );
#1276 = VERTEX_POINT ( 'NONE', #1542 ) ;
#1277 = SURFACE_STYLE_USAGE ( .BOTH. , #5721 ) ;
#1278 =( GEOMETRIC_REPRESENTATION_CONTEXT ( 3 ) GLOBAL_UNCERTAINTY_ASSIGNED_CONTEXT ( ( #4274 ) ) GLOBAL_UNIT_ASSIGNED_CONTEXT ( ( #199, #145, #5229 ) ) REPRESENTATION_CONTEXT ( 'NONE', 'WORKASPACE' ) );
#1279 = VERTEX_POINT ( 'NONE', #2386 ) ;
#1280 =( GEOMETRIC_REPRESENTATION_CONTEXT ( 3 ) GLOBAL_UNCERTAINTY_ASSIGNED_CONTEXT ( ( #5404 ) ) GLOBAL_UNIT_ASSIGNED_CONTEXT ( ( #5149, #5797, #1969 ) ) REPRESENTATION_CONTEXT ( 'NONE', 'WORKASPACE' ) );
#1281 = CARTESIAN_POINT ( 'NONE',  ( 4.999999999999998224, 4.792956143736835095, 2.436112300511016127 ) ) ;
#1282 = ORIENTED_EDGE ( 'NONE', *, *, #2915, .F. ) ;
#1283 = DIRECTION ( 'NONE',  ( 0.000000000000000000, 0.5766831975986558279, -0.8169678632647612293 ) ) ;
#1284 = CARTESIAN_POINT ( 'NONE',  ( 2.000000000000000444, -7.499999999999981348, -0.2499999999999996669 ) ) ;
#1285 = VECTOR ( 'NONE', #575, 1000.000000000000000 ) ;
#1286 = DIRECTION ( 'NONE',  ( -0.000000000000000000, -0.000000000000000000, -1.000000000000000000 ) ) ;
#1287 =( NAMED_UNIT ( * ) PLANE_ANGLE_UNIT ( ) SI_UNIT ( $, .RADIAN. ) );
#1288 = CARTESIAN_POINT ( 'NONE',  ( 4.999999999999998224, 5.000000000000000000, 4.049999999999999822 ) ) ;
#1289 = ORIENTED_EDGE ( 'NONE', *, *, #5879, .F. ) ;
#1290 = LINE ( 'NONE', #3187, #6569 ) ;
#1291 = CARTESIAN_POINT ( 'NONE',  ( 0.6499999999999995781, 3.049000000000001265, 5.518203095879116896E-16 ) ) ;
#1292 = DIRECTION ( 'NONE',  ( -1.000000000000000000, 0.000000000000000000, 0.000000000000000000 ) ) ;
#1293 =( LENGTH_UNIT ( ) NAMED_UNIT ( * ) SI_UNIT ( .MILLI., .METRE. ) );
#1294 = DIRECTION ( 'NONE',  ( -0.3095546484237469698, -0.8504944066314574780, -0.4252472033157365661 ) ) ;
#1295 = LINE ( 'NONE', #6712, #4893 ) ;
#1296 = EDGE_CURVE ( 'NONE', #4695, #3348, #1248, .T. ) ;
#1297 = ORIENTED_EDGE ( 'NONE', *, *, #2272, .T. ) ;
#1298 = CARTESIAN_POINT ( 'NONE',  ( -5.400000000000002132, -1.000000000000000000, 2.049999999999999822 ) ) ;
#1299 =( NAMED_UNIT ( * ) SI_UNIT ( $, .STERADIAN. ) SOLID_ANGLE_UNIT ( ) );
#1300 = UNCERTAINTY_MEASURE_WITH_UNIT (LENGTH_MEASURE( 1.000000000000000082E-05 ), #4730, 'distance_accuracy_value', 'NONE');
#1301 = CARTESIAN_POINT ( 'NONE',  ( 4.333030277982335754, 3.049000000000001265, 0.2500000000000003331 ) ) ;
#1302 = ORIENTED_EDGE ( 'NONE', *, *, #4343, .T. ) ;
#1303 = VECTOR ( 'NONE', #4003, 1000.000000000000000 ) ;
#1304 = ADVANCED_FACE ( 'NONE', ( #873 ), #4076, .F. ) ;
#1305 = VERTEX_POINT ( 'NONE', #517 ) ;
#1306 = ORIENTED_EDGE ( 'NONE', *, *, #2186, .F. ) ;
#1307 =( NAMED_UNIT ( * ) SI_UNIT ( $, .STERADIAN. ) SOLID_ANGLE_UNIT ( ) );
#1308 = SURFACE_STYLE_FILL_AREA ( #8204 ) ;
#1309 = DIRECTION ( 'NONE',  ( 1.000000000000000000, 7.760429719096859345E-17, 0.000000000000000000 ) ) ;
#1310 = SURFACE_SIDE_STYLE ('',( #524 ) ) ;
#1311 = AXIS2_PLACEMENT_3D ( 'NONE', #6470, #8152, #1331 ) ;
#1312 = MECHANICAL_DESIGN_GEOMETRIC_PRESENTATION_REPRESENTATION (  '', ( #8006 ), #785 ) ;
#1313 = SURFACE_STYLE_USAGE ( .BOTH. , #4489 ) ;
#1314 = EDGE_LOOP ( 'NONE', ( #746, #4173, #1270, #584 ) ) ;
#1315 = COLOUR_RGB ( '',0.5019607843137254832, 1.000000000000000000, 0.5019607843137254832 ) ;
#1316 = CIRCLE ( 'NONE', #3979, 1.850000000000000089 ) ;
#1317 = AXIS2_PLACEMENT_3D ( 'NONE', #1148, #1100, #1686 ) ;
#1318 = CARTESIAN_POINT ( 'NONE',  ( 2.499999999999999556, 2.650000000000000799, -1.525000000000001243 ) ) ;
#1319 = DIRECTION ( 'NONE',  ( 0.000000000000000000, -0.8169678632647613403, -0.5766831975986559389 ) ) ;
#1320 = CARTESIAN_POINT ( 'NONE',  ( 4.999999999999998224, 0.6999999999999992895, 3.799999999999999378 ) ) ;
#1321 = VERTEX_POINT ( 'NONE', #8112 ) ;
#1322 = VECTOR ( 'NONE', #2782, 1000.000000000000000 ) ;
#1323 = CARTESIAN_POINT ( 'NONE',  ( -4.722148461407567055, -1.000000000000000000, 2.773131607561133194 ) ) ;
#1324 = STYLED_ITEM ( 'NONE', ( #7275 ), #7279 ) ;
#1325 = PRESENTATION_STYLE_ASSIGNMENT (( #7091 ) ) ;
#1326 = SURFACE_STYLE_USAGE ( .BOTH. , #7708 ) ;
#1327 = SURFACE_SIDE_STYLE ('',( #2025 ) ) ;
#1328 = EDGE_CURVE ( 'NONE', #6897, #6191, #5506, .T. ) ;
#1329 = CARTESIAN_POINT ( 'NONE',  ( -0.3749999999999998890, 8.736600034718932761, -2.350000000000000089 ) ) ;
#1330 = MECHANICAL_DESIGN_GEOMETRIC_PRESENTATION_REPRESENTATION (  '', ( #8028 ), #5161 ) ;
#1331 = DIRECTION ( 'NONE',  ( -1.000000000000000000, -7.760429719096859345E-17, 0.000000000000000000 ) ) ;
#1332 = STYLED_ITEM ( 'NONE', ( #3587 ), #5346 ) ;
#1333 = VERTEX_POINT ( 'NONE', #3589 ) ;
#1334 =( NAMED_UNIT ( * ) SI_UNIT ( $, .STERADIAN. ) SOLID_ANGLE_UNIT ( ) );
#1335 = VECTOR ( 'NONE', #7463, 1000.000000000000000 ) ;
#1336 = VERTEX_POINT ( 'NONE', #1567 ) ;
#1337 = CIRCLE ( 'NONE', #980, 0.4000000000000001887 ) ;
#1338 = DIRECTION ( 'NONE',  ( 1.000000000000000000, 0.000000000000000000, 0.000000000000000000 ) ) ;
#1339 = CARTESIAN_POINT ( 'NONE',  ( -4.350000000000000533, 3.949000000000001176, 5.518203095879116896E-16 ) ) ;
#1340 = VERTEX_POINT ( 'NONE', #7089 ) ;
#1341 = CARTESIAN_POINT ( 'NONE',  ( -2.495154158168236158, -5.000000000000000000, -1.465305658706754333 ) ) ;
#1342 = FILL_AREA_STYLE ('',( #6965 ) ) ;
#1343 = VECTOR ( 'NONE', #3511, 1000.000000000000000 ) ;
#1344 = EDGE_CURVE ( 'NONE', #6191, #5880, #5713, .T. ) ;
#1345 = LINE ( 'NONE', #4042, #259 ) ;
#1346 = AXIS2_PLACEMENT_3D ( 'NONE', #6757, #6734, #7957 ) ;
#1347 = SURFACE_STYLE_FILL_AREA ( #870 ) ;
#1348 = SURFACE_SIDE_STYLE ('',( #6937 ) ) ;
#1349 = TOROIDAL_SURFACE ( 'NONE', #1583, 1.943301270189222274, 0.05000000000000006523 ) ;
#1350 = DIRECTION ( 'NONE',  ( 0.000000000000000000, 0.000000000000000000, 1.000000000000000000 ) ) ;
#1351 = PLANE ( 'NONE',  #1860 ) ;
#1352 = DIRECTION ( 'NONE',  ( 1.000000000000000000, 0.000000000000000000, 0.000000000000000000 ) ) ;
#1353 = ADVANCED_FACE ( 'NONE', ( #2935 ), #5417, .T. ) ;
#1354 = EDGE_CURVE ( 'NONE', #5531, #8128, #2326, .T. ) ;
#1355 = FILL_AREA_STYLE ('',( #8206 ) ) ;
#1356 = LINE ( 'NONE', #7417, #6220 ) ;
#1357 = DIRECTION ( 'NONE',  ( -1.000000000000000000, 0.000000000000000000, 0.000000000000000000 ) ) ;
#1358 = ORIENTED_EDGE ( 'NONE', *, *, #5376, .T. ) ;
#1359 = CARTESIAN_POINT ( 'NONE',  ( 0.3749999999999998890, -5.000000000000000000, -2.350000000000000089 ) ) ;
#1360 = EDGE_LOOP ( 'NONE', ( #1530, #6807, #6243, #3616 ) ) ;
#1361 = CARTESIAN_POINT ( 'NONE',  ( -0.6669697220176644681, 3.448999999999818655, 0.2500000000000003331 ) ) ;
#1362 = LINE ( 'NONE', #5788, #3944 ) ;
#1363 = DIRECTION ( 'NONE',  ( 0.000000000000000000, 1.355252715606881036E-16, 1.000000000000000000 ) ) ;
#1364 = AXIS2_PLACEMENT_3D ( 'NONE', #8048, #4825, #5440 ) ;
#1365 = PRESENTATION_LAYER_ASSIGNMENT (  '', '', ( #565 ) ) ;
#1366 = VERTEX_POINT ( 'NONE', #3966 ) ;
#1367 = SURFACE_STYLE_FILL_AREA ( #5699 ) ;
#1368 = PLANE ( 'NONE',  #3658 ) ;
#1369 = DIRECTION ( 'NONE',  ( -0.000000000000000000, 0.000000000000000000, 1.000000000000000000 ) ) ;
#1370 = ORIENTED_EDGE ( 'NONE', *, *, #4197, .F. ) ;
#1371 = FILL_AREA_STYLE_COLOUR ( '', #635 ) ;
#1372 = MECHANICAL_DESIGN_GEOMETRIC_PRESENTATION_REPRESENTATION (  '', ( #493 ), #522 ) ;
#1373 =( NAMED_UNIT ( * ) SI_UNIT ( $, .STERADIAN. ) SOLID_ANGLE_UNIT ( ) );
#1374 = DIRECTION ( 'NONE',  ( -1.000000000000000000, -0.000000000000000000, -0.000000000000000000 ) ) ;
#1375 = PRESENTATION_STYLE_ASSIGNMENT (( #5463 ) ) ;
#1376 = ORIENTED_EDGE ( 'NONE', *, *, #3659, .F. ) ;
#1377 =( GEOMETRIC_REPRESENTATION_CONTEXT ( 3 ) GLOBAL_UNCERTAINTY_ASSIGNED_CONTEXT ( ( #2263 ) ) GLOBAL_UNIT_ASSIGNED_CONTEXT ( ( #4833, #4806, #4864 ) ) REPRESENTATION_CONTEXT ( 'NONE', 'WORKASPACE' ) );
#1378 = CARTESIAN_POINT ( 'NONE',  ( 3.000000000000000444, -3.799999999999999822, -3.499999999999999112 ) ) ;
#1379 = AXIS2_PLACEMENT_3D ( 'NONE', #5166, #5823, #7718 ) ;
#1380 = FILL_AREA_STYLE ('',( #5237 ) ) ;
#1381 = DIRECTION ( 'NONE',  ( -7.760429719096859345E-17, 1.000000000000000000, -0.000000000000000000 ) ) ;
#1382 = EDGE_CURVE ( 'NONE', #7666, #4674, #656, .T. ) ;
#1383 = DIRECTION ( 'NONE',  ( 0.000000000000000000, -1.000000000000000000, 1.445602896647339410E-16 ) ) ;
#1384 = ORIENTED_EDGE ( 'NONE', *, *, #8139, .F. ) ;
#1385 =( NAMED_UNIT ( * ) SI_UNIT ( $, .STERADIAN. ) SOLID_ANGLE_UNIT ( ) );
#1386 = AXIS2_PLACEMENT_3D ( 'NONE', #2857, #7334, #1576 ) ;
#1387 = DIRECTION ( 'NONE',  ( 1.000000000000000000, 7.760429719096859345E-17, 0.000000000000000000 ) ) ;
#1388 = AXIS2_PLACEMENT_3D ( 'NONE', #1451, #4132, #323 ) ;
#1389 = CARTESIAN_POINT ( 'NONE',  ( -4.445955351399303979, 0.2999999999999991562, 3.299999999999999822 ) ) ;
#1390 = EDGE_LOOP ( 'NONE', ( #8140, #6226, #5132, #4883 ) ) ;
#1391 = DIRECTION ( 'NONE',  ( 0.000000000000000000, -0.000000000000000000, -1.000000000000000000 ) ) ;
#1392 = ORIENTED_EDGE ( 'NONE', *, *, #6046, .F. ) ;
#1393 = UNCERTAINTY_MEASURE_WITH_UNIT (LENGTH_MEASURE( 1.000000000000000082E-05 ), #503, 'distance_accuracy_value', 'NONE');
#1394 = EDGE_CURVE ( 'NONE', #129, #6274, #6116, .T. ) ;
#1395 = ADVANCED_FACE ( 'NONE', ( #2232, #7122 ), #4616, .T. ) ;
#1396 = AXIS2_PLACEMENT_3D ( 'NONE', #5199, #738, #5762 ) ;
#1397 = SURFACE_SIDE_STYLE ('',( #2926 ) ) ;
#1398 = CARTESIAN_POINT ( 'NONE',  ( 2.000000000000000444, -2.999999999999998668, -3.499999999999999112 ) ) ;
#1399 = SURFACE_STYLE_USAGE ( .BOTH. , #3923 ) ;
#1400 = ORIENTED_EDGE ( 'NONE', *, *, #1765, .T. ) ;
#1401 = VECTOR ( 'NONE', #7267, 1000.000000000000000 ) ;
#1402 = CARTESIAN_POINT ( 'NONE',  ( 2.499999999999999556, 0.4010000000000011888, 3.251160914559867278E-16 ) ) ;
#1403 = CARTESIAN_POINT ( 'NONE',  ( -0.3749999999999998890, 8.736600034718932761, 2.350000000000000089 ) ) ;
#1404 = CARTESIAN_POINT ( 'NONE',  ( -1.999999999999999556, -1.499999999999999334, -3.099999999999999645 ) ) ;
#1405 = FILL_AREA_STYLE ('',( #7758 ) ) ;
#1406 = ORIENTED_EDGE ( 'NONE', *, *, #4660, .F. ) ;
#1407 = SURFACE_STYLE_USAGE ( .BOTH. , #5179 ) ;
#1408 = LINE ( 'NONE', #2597, #4303 ) ;
#1409 = CARTESIAN_POINT ( 'NONE',  ( 0.3749999999999998890, 2.400000000000001243, 2.350000000000000089 ) ) ;
#1410 = CARTESIAN_POINT ( 'NONE',  ( 2.499999999999999556, 2.400000000000001243, 0.000000000000000000 ) ) ;
#1411 = VECTOR ( 'NONE', #7672, 1000.000000000000000 ) ;
#1412 = DIRECTION ( 'NONE',  ( 7.760429719096859345E-17, -1.000000000000000000, -0.000000000000000000 ) ) ;
#1413 = FILL_AREA_STYLE_COLOUR ( '', #2759 ) ;
#1414 = STYLED_ITEM ( 'NONE', ( #3390 ), #2679 ) ;
#1415 = VERTEX_POINT ( 'NONE', #7766 ) ;
#1416 = COLOUR_RGB ( '',0.7921568627450980005, 0.8196078431372548767, 0.9333333333333333481 ) ;
#1417 = FACE_BOUND ( 'NONE', #7700, .T. ) ;
#1418 = TOROIDAL_SURFACE ( 'NONE', #573, 1.349999999999999867, 0.5000000000000000000 ) ;
#1419 = DIRECTION ( 'NONE',  ( 0.000000000000000000, -1.000000000000000000, 1.594414959537506434E-16 ) ) ;
#1420 = ORIENTED_EDGE ( 'NONE', *, *, #8079, .F. ) ;
#1421 = SURFACE_STYLE_USAGE ( .BOTH. , #2753 ) ;
#1422 = FILL_AREA_STYLE_COLOUR ( '', #5567 ) ;
#1423 = PRESENTATION_LAYER_ASSIGNMENT (  '', '', ( #2695 ) ) ;
#1424 = PRESENTATION_STYLE_ASSIGNMENT (( #5552 ) ) ;
#1425 = MECHANICAL_DESIGN_GEOMETRIC_PRESENTATION_REPRESENTATION (  '', ( #2426 ), #7131 ) ;
#1426 = DIRECTION ( 'NONE',  ( 0.000000000000000000, -1.000000000000000000, 1.445602896647339410E-16 ) ) ;
#1427 =( NAMED_UNIT ( * ) PLANE_ANGLE_UNIT ( ) SI_UNIT ( $, .RADIAN. ) );
#1428 = EDGE_LOOP ( 'NONE', ( #7293, #1083, #6167, #6661 ) ) ;
#1429 = LINE ( 'NONE', #5029, #4416 ) ;
#1430 = CARTESIAN_POINT ( 'NONE',  ( 2.823673019291535802, -8.500000000000000000, 0.2500000000000004996 ) ) ;
#1431 = ADVANCED_FACE ( 'NONE', ( #358 ), #6554, .F. ) ;
#1432 = EDGE_CURVE ( 'NONE', #4266, #5754, #1930, .T. ) ;
#1433 = ORIENTED_EDGE ( 'NONE', *, *, #2706, .F. ) ;
#1434 = CARTESIAN_POINT ( 'NONE',  ( 3.000000000000000444, -4.500000000000000888, -0.1500000000000028255 ) ) ;
#1435 = VERTEX_POINT ( 'NONE', #7223 ) ;
#1436 = SURFACE_SIDE_STYLE ('',( #1152 ) ) ;
#1437 = CARTESIAN_POINT ( 'NONE',  ( -2.999999999999999556, -4.399999999999999467, -3.000000000000000000 ) ) ;
#1438 = DIRECTION ( 'NONE',  ( 0.3420201433256693790, -0.9396926207859082059, 0.000000000000000000 ) ) ;
#1439 = EDGE_LOOP ( 'NONE', ( #8229, #148, #7895, #6131 ) ) ;
#1440 = ORIENTED_CLOSED_SHELL ( 'NONE', *, #8013, .F. );
#1441 =( NAMED_UNIT ( * ) SI_UNIT ( $, .STERADIAN. ) SOLID_ANGLE_UNIT ( ) );
#1442 = VECTOR ( 'NONE', #6587, 1000.000000000000000 ) ;
#1443 = COLOUR_RGB ( '',0.5019607843137254832, 1.000000000000000000, 0.5019607843137254832 ) ;
#1444 = PRESENTATION_STYLE_ASSIGNMENT (( #3454 ) ) ;
#1445 = DIRECTION ( 'NONE',  ( -0.000000000000000000, -0.000000000000000000, 1.000000000000000000 ) ) ;
#1446 = PLANE ( 'NONE',  #2973 ) ;
#1447 = EDGE_CURVE ( 'NONE', #5309, #4686, #7992, .T. ) ;
#1448 = CARTESIAN_POINT ( 'NONE',  ( 0.8997548783981970111, -5.000000000000000000, 3.200000000000001066 ) ) ;
#1449 = DIRECTION ( 'NONE',  ( -0.8623013043248385356, 0.000000000000000000, 0.5063955574051595132 ) ) ;
#1450 = LINE ( 'NONE', #786, #6532 ) ;
#1451 = CARTESIAN_POINT ( 'NONE',  ( -2.500000000000000444, 4.975000000000002309, 0.000000000000000000 ) ) ;
#1452 = PLANE ( 'NONE',  #6123 ) ;
#1453 = ORIENTED_EDGE ( 'NONE', *, *, #7553, .T. ) ;
#1454 = CARTESIAN_POINT ( 'NONE',  ( -2.500000000000000444, 2.651000000000001133, 1.445602896649105965E-19 ) ) ;
#1455 = UNCERTAINTY_MEASURE_WITH_UNIT (LENGTH_MEASURE( 1.000000000000000082E-05 ), #2093, 'distance_accuracy_value', 'NONE');
#1456 = EDGE_CURVE ( 'NONE', #3482, #7487, #4139, .T. ) ;
#1457 = SURFACE_SIDE_STYLE ('',( #5290 ) ) ;
#1458 = ORIENTED_EDGE ( 'NONE', *, *, #4532, .T. ) ;
#1459 = DIRECTION ( 'NONE',  ( -1.000000000000000000, 0.000000000000000000, 0.000000000000000000 ) ) ;
#1460 = SURFACE_SIDE_STYLE ('',( #6445 ) ) ;
#1461 = ORIENTED_EDGE ( 'NONE', *, *, #499, .T. ) ;
#1462 = ORIENTED_EDGE ( 'NONE', *, *, #4037, .T. ) ;
#1463 = SURFACE_STYLE_FILL_AREA ( #7591 ) ;
#1464 = CIRCLE ( 'NONE', #2044, 0.1000000000000002554 ) ;
#1465 = EDGE_LOOP ( 'NONE', ( #5540, #6017, #1828, #5566, #36, #6440 ) ) ;
#1466 = ORIENTED_EDGE ( 'NONE', *, *, #1184, .T. ) ;
#1467 = AXIS2_PLACEMENT_3D ( 'NONE', #459, #5464, #1714 ) ;
#1468 = ADVANCED_FACE ( 'NONE', ( #5122 ), #2893, .F. ) ;
#1469 = PRESENTATION_LAYER_ASSIGNMENT (  '', '', ( #2749 ) ) ;
#1470 =( LENGTH_UNIT ( ) NAMED_UNIT ( * ) SI_UNIT ( .MILLI., .METRE. ) );
#1471 =( GEOMETRIC_REPRESENTATION_CONTEXT ( 3 ) GLOBAL_UNCERTAINTY_ASSIGNED_CONTEXT ( ( #3333 ) ) GLOBAL_UNIT_ASSIGNED_CONTEXT ( ( #7306, #3460, #6004 ) ) REPRESENTATION_CONTEXT ( 'NONE', 'WORKASPACE' ) );
#1472 =( NAMED_UNIT ( * ) SI_UNIT ( $, .STERADIAN. ) SOLID_ANGLE_UNIT ( ) );
#1473 = ORIENTED_EDGE ( 'NONE', *, *, #7995, .F. ) ;
#1474 = EDGE_CURVE ( 'NONE', #6459, #4981, #6205, .T. ) ;
#1475 =( GEOMETRIC_REPRESENTATION_CONTEXT ( 3 ) GLOBAL_UNCERTAINTY_ASSIGNED_CONTEXT ( ( #6399 ) ) GLOBAL_UNIT_ASSIGNED_CONTEXT ( ( #8235, #1274, #1903 ) ) REPRESENTATION_CONTEXT ( 'NONE', 'WORKASPACE' ) );
#1476 = DIRECTION ( 'NONE',  ( -1.000000000000000000, 0.000000000000000000, 0.000000000000000000 ) ) ;
#1477 = EDGE_LOOP ( 'NONE', ( #7710, #5304 ) ) ;
#1478 = ADVANCED_FACE ( 'NONE', ( #7118 ), #1006, .T. ) ;
#1479 = VERTEX_POINT ( 'NONE', #872 ) ;
#1480 = AXIS2_PLACEMENT_3D ( 'NONE', #8242, #4457, #655 ) ;
#1481 =( NAMED_UNIT ( * ) SI_UNIT ( $, .STERADIAN. ) SOLID_ANGLE_UNIT ( ) );
#1482 = DIRECTION ( 'NONE',  ( 0.000000000000000000, 0.9851275630313911513, -0.1718245749473356898 ) ) ;
#1483 = DIRECTION ( 'NONE',  ( 1.000000000000000000, -0.000000000000000000, -0.000000000000000000 ) ) ;
#1484 = EDGE_CURVE ( 'NONE', #4856, #6027, #6388, .T. ) ;
#1485 = DIRECTION ( 'NONE',  ( 0.000000000000000000, 1.000000000000000000, -9.227252531791525393E-17 ) ) ;
#1486 = FILL_AREA_STYLE_COLOUR ( '', #7900 ) ;
#1487 = STYLED_ITEM ( 'NONE', ( #7402 ), #648 ) ;
#1488 = PRESENTATION_LAYER_ASSIGNMENT (  '', '', ( #1332 ) ) ;
#1489 = VERTEX_POINT ( 'NONE', #2854 ) ;
#1490 = CARTESIAN_POINT ( 'NONE',  ( 2.000000000000000444, -1.599999999999998979, -2.250000000000000000 ) ) ;
#1491 = COLOUR_RGB ( '',0.5019607843137254832, 1.000000000000000000, 0.5019607843137254832 ) ;
#1492 = SURFACE_SIDE_STYLE ('',( #6051 ) ) ;
#1493 = CIRCLE ( 'NONE', #7500, 1.349999999999999645 ) ;
#1494 = DIRECTION ( 'NONE',  ( 0.000000000000000000, -1.000000000000000000, 0.000000000000000000 ) ) ;
#1495 = CARTESIAN_POINT ( 'NONE',  ( -5.000000000000001776, -5.000000000000000000, 4.049999999999999822 ) ) ;
#1496 = CARTESIAN_POINT ( 'NONE',  ( -4.625000000000000888, -4.049999999999999822, 2.350000000000000977 ) ) ;
#1497 = VECTOR ( 'NONE', #6683, 1000.000000000000000 ) ;
#1498 = EDGE_CURVE ( 'NONE', #857, #2563, #2017, .T. ) ;
#1499 = ORIENTED_EDGE ( 'NONE', *, *, #1076, .F. ) ;
#1500 = STYLED_ITEM ( 'NONE', ( #5507 ), #1678 ) ;
#1501 =( NAMED_UNIT ( * ) SI_UNIT ( $, .STERADIAN. ) SOLID_ANGLE_UNIT ( ) );
#1502 = EDGE_LOOP ( 'NONE', ( #2063, #7158, #7047, #3386 ) ) ;
#1503 = COLOUR_RGB ( '',0.5019607843137254832, 1.000000000000000000, 0.5019607843137254832 ) ;
#1504 = EDGE_CURVE ( 'NONE', #7152, #4404, #3018, .T. ) ;
#1505 = SURFACE_SIDE_STYLE ('',( #4147 ) ) ;
#1506 = VERTEX_POINT ( 'NONE', #5428 ) ;
#1507 = VECTOR ( 'NONE', #1494, 1000.000000000000000 ) ;
#1508 = UNCERTAINTY_MEASURE_WITH_UNIT (LENGTH_MEASURE( 1.000000000000000082E-05 ), #3967, 'distance_accuracy_value', 'NONE');
#1509 = DIRECTION ( 'NONE',  ( 0.000000000000000000, 0.000000000000000000, 1.000000000000000000 ) ) ;
#1510 =( LENGTH_UNIT ( ) NAMED_UNIT ( * ) SI_UNIT ( .MILLI., .METRE. ) );
#1511 = ADVANCED_FACE ( 'NONE', ( #3242 ), #4138, .T. ) ;
#1512 = CARTESIAN_POINT ( 'NONE',  ( -4.400000000000001243, 4.950000000000001066, 0.000000000000000000 ) ) ;
#1513 = ORIENTED_EDGE ( 'NONE', *, *, #4065, .T. ) ;
#1514 =( LENGTH_UNIT ( ) NAMED_UNIT ( * ) SI_UNIT ( .MILLI., .METRE. ) );
#1515 = CARTESIAN_POINT ( 'NONE',  ( -1.173350083857840787, 3.949000000000001176, -0.2499999999999996669 ) ) ;
#1516 = FILL_AREA_STYLE ('',( #7254 ) ) ;
#1517 = DIRECTION ( 'NONE',  ( 0.000000000000000000, -0.3420201433256621071, 0.9396926207859107594 ) ) ;
#1518 = STYLED_ITEM ( 'NONE', ( #6694 ), #2549 ) ;
#1519 = ADVANCED_FACE ( 'NONE', ( #6232, #5409 ), #2257, .F. ) ;
#1520 = CARTESIAN_POINT ( 'NONE',  ( -0.6500000000000007994, 3.049000000000001265, 3.252606517456513795E-16 ) ) ;
#1521 = DIRECTION ( 'NONE',  ( -0.000000000000000000, -0.000000000000000000, -1.000000000000000000 ) ) ;
#1522 = ORIENTED_EDGE ( 'NONE', *, *, #934, .F. ) ;
#1523 = AXIS2_PLACEMENT_3D ( 'NONE', #5705, #6376, #690 ) ;
#1524 = FACE_OUTER_BOUND ( 'NONE', #7139, .T. ) ;
#1525 = FACE_OUTER_BOUND ( 'NONE', #5578, .T. ) ;
#1526 = VECTOR ( 'NONE', #7497, 1000.000000000000000 ) ;
#1527 = DIRECTION ( 'NONE',  ( 0.000000000000000000, -1.421904488505578422E-16, -1.000000000000000000 ) ) ;
#1528 =( GEOMETRIC_REPRESENTATION_CONTEXT ( 3 ) GLOBAL_UNCERTAINTY_ASSIGNED_CONTEXT ( ( #6861 ) ) GLOBAL_UNIT_ASSIGNED_CONTEXT ( ( #7387, #8014, #7469 ) ) REPRESENTATION_CONTEXT ( 'NONE', 'WORKASPACE' ) );
#1529 = DIRECTION ( 'NONE',  ( -7.760429719096859345E-17, 1.000000000000000000, -0.000000000000000000 ) ) ;
#1530 = ORIENTED_EDGE ( 'NONE', *, *, #2989, .T. ) ;
#1531 = DIRECTION ( 'NONE',  ( -0.000000000000000000, -0.9655243037162412056, -0.2603129250215355239 ) ) ;
#1532 = CARTESIAN_POINT ( 'NONE',  ( -2.749999999999999556, 0.000000000000000000, 0.000000000000000000 ) ) ;
#1533 = ORIENTED_EDGE ( 'NONE', *, *, #3142, .T. ) ;
#1535 = LINE ( 'NONE', #7051, #345 ) ;
#1534 = STYLED_ITEM ( 'NONE', ( #1977 ), #6701 ) ;
#1536 = SURFACE_STYLE_FILL_AREA ( #1669 ) ;
#1537 = PRESENTATION_LAYER_ASSIGNMENT (  '', '', ( #5466 ) ) ;
#1538 = ORIENTED_EDGE ( 'NONE', *, *, #606, .F. ) ;
#1539 = EDGE_CURVE ( 'NONE', #3441, #3980, #284, .T. ) ;
#1540 = ORIENTED_EDGE ( 'NONE', *, *, #4232, .F. ) ;
#1541 = AXIS2_PLACEMENT_3D ( 'NONE', #2239, #7938, #7956 ) ;
#1542 = CARTESIAN_POINT ( 'NONE',  ( -0.6500000000000005773, 2.651000000000001133, 3.252606517456513795E-16 ) ) ;
#1543 =( NAMED_UNIT ( * ) SI_UNIT ( $, .STERADIAN. ) SOLID_ANGLE_UNIT ( ) );
#1544 = STYLED_ITEM ( 'NONE', ( #1424 ), #140 ) ;
#1545 = LINE ( 'NONE', #4392, #6417 ) ;
#1546 =( NAMED_UNIT ( * ) PLANE_ANGLE_UNIT ( ) SI_UNIT ( $, .RADIAN. ) );
#1547 = CARTESIAN_POINT ( 'NONE',  ( -5.000000000000001776, 0.4499999999999992339, 4.049999999999999822 ) ) ;
#1548 = DIRECTION ( 'NONE',  ( 7.760429719096859345E-17, -1.000000000000000000, 0.000000000000000000 ) ) ;
#1549 = EDGE_CURVE ( 'NONE', #4286, #7231, #7716, .T. ) ;
#1550 =( NAMED_UNIT ( * ) PLANE_ANGLE_UNIT ( ) SI_UNIT ( $, .RADIAN. ) );
#1551 = PRESENTATION_LAYER_ASSIGNMENT (  '', '', ( #287 ) ) ;
#1552 =( LENGTH_UNIT ( ) NAMED_UNIT ( * ) SI_UNIT ( .MILLI., .METRE. ) );
#1553 = SURFACE_STYLE_USAGE ( .BOTH. , #6706 ) ;
#1554 = VERTEX_POINT ( 'NONE', #4917 ) ;
#1555 = VECTOR ( 'NONE', #4703, 1000.000000000000000 ) ;
#1556 = CARTESIAN_POINT ( 'NONE',  ( -1.099999999999999867, -1.200000000000000400, 2.350000000000000089 ) ) ;
#1557 = ORIENTED_EDGE ( 'NONE', *, *, #116, .F. ) ;
#1558 = CARTESIAN_POINT ( 'NONE',  ( 0.3749999999999998890, 8.736600034718932761, -2.350000000000000089 ) ) ;
#1559 = UNCERTAINTY_MEASURE_WITH_UNIT (LENGTH_MEASURE( 1.000000000000000082E-05 ), #2637, 'distance_accuracy_value', 'NONE');
#1560 = ORIENTED_EDGE ( 'NONE', *, *, #3513, .F. ) ;
#1561 = LINE ( 'NONE', #5096, #3045 ) ;
#1562 = ADVANCED_FACE ( 'NONE', ( #773 ), #2363, .F. ) ;
#1563 = VERTEX_POINT ( 'NONE', #6125 ) ;
#1564 = DIRECTION ( 'NONE',  ( 0.000000000000000000, 0.000000000000000000, -1.000000000000000000 ) ) ;
#1565 = FILL_AREA_STYLE ('',( #4943 ) ) ;
#1566 = CARTESIAN_POINT ( 'NONE',  ( -1.999999999999999556, -4.500000000000000888, -0.1500000000000028255 ) ) ;
#1567 = CARTESIAN_POINT ( 'NONE',  ( 2.000000000000000444, -1.099999999999999201, -3.099999999999996980 ) ) ;
#1568 = DIRECTION ( 'NONE',  ( -7.760429719096859345E-17, 1.000000000000000000, -0.000000000000000000 ) ) ;
#1569 = LINE ( 'NONE', #4824, #2353 ) ;
#1570 = COLOUR_RGB ( '',1.000000000000000000, 1.000000000000000000, 0.7529411764705882248 ) ;
#1571 = EDGE_LOOP ( 'NONE', ( #2948, #6518, #765, #7269 ) ) ;
#1572 = CARTESIAN_POINT ( 'NONE',  ( -4.333030277982416578, 3.580670084156468924, -0.2499999999999997224 ) ) ;
#1573 = DIRECTION ( 'NONE',  ( 1.000000000000000000, 0.000000000000000000, 0.000000000000000000 ) ) ;
#1574 = FILL_AREA_STYLE_COLOUR ( '', #3581 ) ;
#1575 = ORIENTED_EDGE ( 'NONE', *, *, #2903, .T. ) ;
#1576 = DIRECTION ( 'NONE',  ( 0.000000000000000000, 0.000000000000000000, 1.000000000000000000 ) ) ;
#1577 =( LENGTH_UNIT ( ) NAMED_UNIT ( * ) SI_UNIT ( .MILLI., .METRE. ) );
#1578 =( GEOMETRIC_REPRESENTATION_CONTEXT ( 3 ) GLOBAL_UNCERTAINTY_ASSIGNED_CONTEXT ( ( #7968 ) ) GLOBAL_UNIT_ASSIGNED_CONTEXT ( ( #6896, #3725, #6276 ) ) REPRESENTATION_CONTEXT ( 'NONE', 'WORKASPACE' ) );
#1579 = SURFACE_STYLE_USAGE ( .BOTH. , #6061 ) ;
#1580 = CARTESIAN_POINT ( 'NONE',  ( 2.499999999999999556, 0.4000000000000012434, 1.525000000000001688 ) ) ;
#1581 = ORIENTED_EDGE ( 'NONE', *, *, #2754, .F. ) ;
#1582 = ORIENTED_EDGE ( 'NONE', *, *, #1893, .T. ) ;
#1583 = AXIS2_PLACEMENT_3D ( 'NONE', #5630, #4446, #670 ) ;
#1584 = CARTESIAN_POINT ( 'NONE',  ( -2.500000000000000444, 2.650000000000000799, 0.000000000000000000 ) ) ;
#1585 = CARTESIAN_POINT ( 'NONE',  ( 3.000000000000000444, -4.400000000000000355, -2.899999999999999911 ) ) ;
#1586 = FILL_AREA_STYLE_COLOUR ( '', #1615 ) ;
#1587 = EDGE_LOOP ( 'NONE', ( #7376, #4277, #2325, #686, #5153, #5804, #7502, #2981 ) ) ;
#1588 = PLANE ( 'NONE',  #7928 ) ;
#1589 = STYLED_ITEM ( 'NONE', ( #6404 ), #673 ) ;
#1590 = CARTESIAN_POINT ( 'NONE',  ( -1.099999999999999867, -1.200000000000000400, 2.549999999999994937 ) ) ;
#1591 =( NAMED_UNIT ( * ) SI_UNIT ( $, .STERADIAN. ) SOLID_ANGLE_UNIT ( ) );
#1592 = VERTEX_POINT ( 'NONE', #4872 ) ;
#1593 = VERTEX_POINT ( 'NONE', #4281 ) ;
#1594 = ADVANCED_FACE ( 'NONE', ( #2942 ), #1753, .T. ) ;
#1595 = VECTOR ( 'NONE', #3941, 1000.000000000000114 ) ;
#1596 = DIRECTION ( 'NONE',  ( 1.000000000000000000, -0.000000000000000000, -0.000000000000000000 ) ) ;
#1597 = DIRECTION ( 'NONE',  ( -1.000000000000000000, 0.000000000000000000, 0.000000000000000000 ) ) ;
#1598 = EDGE_CURVE ( 'NONE', #4136, #4686, #3338, .T. ) ;
#1599 = COLOUR_RGB ( '',0.5019607843137254832, 1.000000000000000000, 0.5019607843137254832 ) ;
#1600 = AXIS2_PLACEMENT_3D ( 'NONE', #4389, #2455, #7529 ) ;
#1601 = VERTEX_POINT ( 'NONE', #4976 ) ;
#1602 = VECTOR ( 'NONE', #3911, 1000.000000000000000 ) ;
#1603 = SURFACE_STYLE_USAGE ( .BOTH. , #994 ) ;
#1604 = COLOUR_RGB ( '',1.000000000000000000, 1.000000000000000000, 0.7529411764705882248 ) ;
#1605 = EDGE_CURVE ( 'NONE', #1182, #5942, #6436, .T. ) ;
#1606 = EDGE_LOOP ( 'NONE', ( #2718, #6126, #3306, #2367 ) ) ;
#1607 = SURFACE_STYLE_FILL_AREA ( #1070 ) ;
#1608 = PRESENTATION_STYLE_ASSIGNMENT (( #198 ) ) ;
#1609 = CARTESIAN_POINT ( 'NONE',  ( -5.000000000000001776, -5.000000000000000000, -4.049999999999999822 ) ) ;
#1610 = CARTESIAN_POINT ( 'NONE',  ( 2.000000000000000444, -4.500000000000000888, -2.899999999999999023 ) ) ;
#1611 = VECTOR ( 'NONE', #4736, 1000.000000000000000 ) ;
#1612 = VECTOR ( 'NONE', #5103, 1000.000000000000000 ) ;
#1613 = DIRECTION ( 'NONE',  ( 1.000000000000000000, 7.760429719096859345E-17, 0.000000000000000000 ) ) ;
#1614 = EDGE_LOOP ( 'NONE', ( #246, #1771, #2039, #7768 ) ) ;
#1615 = COLOUR_RGB ( '',1.000000000000000000, 1.000000000000000000, 0.7529411764705882248 ) ;
#1616 = SURFACE_STYLE_USAGE ( .BOTH. , #4785 ) ;
#1617 = LINE ( 'NONE', #545, #7111 ) ;
#1618 = AXIS2_PLACEMENT_3D ( 'NONE', #727, #5752, #7714 ) ;
#1619 = VERTEX_POINT ( 'NONE', #8096 ) ;
#1620 =( NAMED_UNIT ( * ) SI_UNIT ( $, .STERADIAN. ) SOLID_ANGLE_UNIT ( ) );
#1621 = CIRCLE ( 'NONE', #4536, 0.05000000000000002359 ) ;
#1622 = DIRECTION ( 'NONE',  ( 0.000000000000000000, -1.000000000000000000, -9.227252531791526626E-17 ) ) ;
#1623 = VERTEX_POINT ( 'NONE', #4332 ) ;
#1624 = AXIS2_PLACEMENT_3D ( 'NONE', #3828, #671, #5112 ) ;
#1625 = FILL_AREA_STYLE ('',( #1065 ) ) ;
#1626 = EDGE_CURVE ( 'NONE', #5654, #6351, #1256, .T. ) ;
#1627 = COLOUR_RGB ( '',1.000000000000000000, 1.000000000000000000, 0.7529411764705882248 ) ;
#1628 = MECHANICAL_DESIGN_GEOMETRIC_PRESENTATION_REPRESENTATION (  '', ( #965 ), #3493 ) ;
#1629 = LINE ( 'NONE', #8099, #2227 ) ;
#1630 = ORIENTED_EDGE ( 'NONE', *, *, #6979, .F. ) ;
#1631 = DIRECTION ( 'NONE',  ( -1.000000000000000000, -7.760429719096859345E-17, 0.000000000000000000 ) ) ;
#1632 = PLANE ( 'NONE',  #6431 ) ;
#1633 = FILL_AREA_STYLE_COLOUR ( '', #5877 ) ;
#1634 = AXIS2_PLACEMENT_3D ( 'NONE', #555, #4558, #7088 ) ;
#1635 =( GEOMETRIC_REPRESENTATION_CONTEXT ( 3 ) GLOBAL_UNCERTAINTY_ASSIGNED_CONTEXT ( ( #5272 ) ) GLOBAL_UNIT_ASSIGNED_CONTEXT ( ( #2542, #3065, #7006 ) ) REPRESENTATION_CONTEXT ( 'NONE', 'WORKASPACE' ) );
#1636 = UNCERTAINTY_MEASURE_WITH_UNIT (LENGTH_MEASURE( 1.000000000000000082E-05 ), #1954, 'distance_accuracy_value', 'NONE');
#1637 = VECTOR ( 'NONE', #5701, 1000.000000000000114 ) ;
#1638 = EDGE_CURVE ( 'NONE', #2139, #6191, #6841, .T. ) ;
#1639 = ADVANCED_FACE ( 'NONE', ( #7812 ), #4219, .F. ) ;
#1640 = FACE_OUTER_BOUND ( 'NONE', #4125, .T. ) ;
#1641 =( GEOMETRIC_REPRESENTATION_CONTEXT ( 3 ) GLOBAL_UNCERTAINTY_ASSIGNED_CONTEXT ( ( #8049 ) ) GLOBAL_UNIT_ASSIGNED_CONTEXT ( ( #2247, #4210, #351 ) ) REPRESENTATION_CONTEXT ( 'NONE', 'WORKASPACE' ) );
#1642 = PLANE ( 'NONE',  #3771 ) ;
#1643 = MECHANICAL_DESIGN_GEOMETRIC_PRESENTATION_REPRESENTATION (  '', ( #4765 ), #3610 ) ;
#1644 = SURFACE_STYLE_USAGE ( .BOTH. , #2946 ) ;
#1645 = DIRECTION ( 'NONE',  ( 0.000000000000000000, -1.147977654433357068E-15, -1.000000000000000000 ) ) ;
#1646 = STYLED_ITEM ( 'NONE', ( #6308 ), #487 ) ;
#1647 = FACE_OUTER_BOUND ( 'NONE', #5171, .T. ) ;
#1648 = FACE_OUTER_BOUND ( 'NONE', #2212, .T. ) ;
#1649 = SURFACE_STYLE_USAGE ( .BOTH. , #4183 ) ;
#1650 = CARTESIAN_POINT ( 'NONE',  ( -1.999999999999999556, -4.399999999999999467, -3.000000000000000000 ) ) ;
#1651 = VECTOR ( 'NONE', #4482, 1000.000000000000000 ) ;
#1652 = CARTESIAN_POINT ( 'NONE',  ( 3.900000000000000799, -1.200000000000000178, 4.049999999999999822 ) ) ;
#1653 = ORIENTED_EDGE ( 'NONE', *, *, #6545, .T. ) ;
#1654 = EDGE_CURVE ( 'NONE', #2180, #595, #2641, .T. ) ;
#1655 = SURFACE_STYLE_USAGE ( .BOTH. , #4921 ) ;
#1656 = VECTOR ( 'NONE', #414, 1000.000000000000000 ) ;
#1657 = SURFACE_SIDE_STYLE ('',( #1837 ) ) ;
#1658 = VERTEX_POINT ( 'NONE', #5070 ) ;
#1659 = CARTESIAN_POINT ( 'NONE',  ( 2.823673019291535802, -8.500000000000000000, -0.2499999999999995282 ) ) ;
#1660 = UNCERTAINTY_MEASURE_WITH_UNIT (LENGTH_MEASURE( 1.000000000000000082E-05 ), #5249, 'distance_accuracy_value', 'NONE');
#1661 = EDGE_CURVE ( 'NONE', #7978, #4383, #2929, .T. ) ;
#1662 = DIRECTION ( 'NONE',  ( 7.760429719096859345E-17, -1.000000000000000000, -0.000000000000000000 ) ) ;
#1663 = VERTEX_POINT ( 'NONE', #7541 ) ;
#1664 =( LENGTH_UNIT ( ) NAMED_UNIT ( * ) SI_UNIT ( .MILLI., .METRE. ) );
#1665 = LINE ( 'NONE', #5555, #6543 ) ;
#1666 = ORIENTED_EDGE ( 'NONE', *, *, #4899, .F. ) ;
#1667 = CYLINDRICAL_SURFACE ( 'NONE', #5617, 1.525000000000001021 ) ;
#1668 = ORIENTED_EDGE ( 'NONE', *, *, #3033, .F. ) ;
#1669 = FILL_AREA_STYLE ('',( #4155 ) ) ;
#1670 = PLANE ( 'NONE',  #2696 ) ;
#1671 = CARTESIAN_POINT ( 'NONE',  ( -0.9250000000000004885, 5.000000000000000888, 1.928818708657081344E-16 ) ) ;
#1672 = AXIS2_PLACEMENT_3D ( 'NONE', #5210, #4611, #5287 ) ;
#1673 = VERTEX_POINT ( 'NONE', #6996 ) ;
#1674 = EDGE_LOOP ( 'NONE', ( #2968, #4514, #3158, #4835 ) ) ;
#1675 = PRESENTATION_LAYER_ASSIGNMENT (  '', '', ( #7488 ) ) ;
#1676 = DIRECTION ( 'NONE',  ( -0.000000000000000000, -0.000000000000000000, 1.000000000000000000 ) ) ;
#1677 = DIRECTION ( 'NONE',  ( -7.760429719096859345E-17, 1.000000000000000000, -0.000000000000000000 ) ) ;
#1678 = ADVANCED_FACE ( 'NONE', ( #4843 ), #6907, .F. ) ;
#1679 = CARTESIAN_POINT ( 'NONE',  ( 4.500000000000000888, -4.299999999999999822, 2.250000000000000444 ) ) ;
#1680 = CARTESIAN_POINT ( 'NONE',  ( -2.999999999999999556, -1.499999999999999334, -3.099999999999999645 ) ) ;
#1681 =( NAMED_UNIT ( * ) SI_UNIT ( $, .STERADIAN. ) SOLID_ANGLE_UNIT ( ) );
#1682 = VERTEX_POINT ( 'NONE', #661 ) ;
#1683 = LINE ( 'NONE', #3212, #1012 ) ;
#1684 = PRESENTATION_LAYER_ASSIGNMENT (  '', '', ( #2426 ) ) ;
#1685 = DIRECTION ( 'NONE',  ( 0.000000000000000000, 1.000000000000000000, 0.000000000000000000 ) ) ;
#1686 = DIRECTION ( 'NONE',  ( 0.000000000000000000, -0.9655243037162412056, -0.2603129250215355794 ) ) ;
#1687 = CARTESIAN_POINT ( 'NONE',  ( -1.999999999999999556, -1.599999999999998979, -2.250000000000000000 ) ) ;
#1688 = EDGE_CURVE ( 'NONE', #1795, #3989, #4342, .T. ) ;
#1689 = MECHANICAL_DESIGN_GEOMETRIC_PRESENTATION_REPRESENTATION (  '', ( #8232 ), #4269 ) ;
#1690 = STYLED_ITEM ( 'NONE', ( #4021 ), #599 ) ;
#1691 = ORIENTED_EDGE ( 'NONE', *, *, #4037, .F. ) ;
#1692 = COLOUR_RGB ( '',0.5019607843137254832, 1.000000000000000000, 0.5019607843137254832 ) ;
#1693 = SURFACE_STYLE_FILL_AREA ( #1405 ) ;
#1694 =( NAMED_UNIT ( * ) PLANE_ANGLE_UNIT ( ) SI_UNIT ( $, .RADIAN. ) );
#1695 = LINE ( 'NONE', #85, #5085 ) ;
#1696 = CARTESIAN_POINT ( 'NONE',  ( -2.999999999999999556, -3.799999999999999822, -3.499999999999999112 ) ) ;
#1697 = MECHANICAL_DESIGN_GEOMETRIC_PRESENTATION_REPRESENTATION (  '', ( #441 ), #3402 ) ;
#1698 = ORIENTED_EDGE ( 'NONE', *, *, #462, .F. ) ;
#1699 = ORIENTED_EDGE ( 'NONE', *, *, #5332, .F. ) ;
#1700 = AXIS2_PLACEMENT_3D ( 'NONE', #1585, #4133, #6198 ) ;
#1701 = SURFACE_STYLE_FILL_AREA ( #2672 ) ;
#1702 = CARTESIAN_POINT ( 'NONE',  ( 3.699999999999999289, 2.650000000000000799, 4.722182676433336855E-16 ) ) ;
#1703 = DIRECTION ( 'NONE',  ( -0.000000000000000000, -0.000000000000000000, 1.000000000000000000 ) ) ;
#1704 = UNCERTAINTY_MEASURE_WITH_UNIT (LENGTH_MEASURE( 1.000000000000000082E-05 ), #1293, 'distance_accuracy_value', 'NONE');
#1705 = SURFACE_STYLE_USAGE ( .BOTH. , #6558 ) ;
#1706 = DIRECTION ( 'NONE',  ( -1.000000000000000000, 0.000000000000000000, 0.000000000000000000 ) ) ;
#1707 = EDGE_LOOP ( 'NONE', ( #1957, #6764, #5604, #6134, #1433, #7064, #384, #8051, #5927, #7646 ) ) ;
#1708 = VECTOR ( 'NONE', #3699, 1000.000000000000000 ) ;
#1709 = UNCERTAINTY_MEASURE_WITH_UNIT (LENGTH_MEASURE( 1.000000000000000082E-05 ), #7030, 'distance_accuracy_value', 'NONE');
#1710 = PRESENTATION_STYLE_ASSIGNMENT (( #3231 ) ) ;
#1711 = PRESENTATION_LAYER_ASSIGNMENT (  '', '', ( #5437 ) ) ;
#1712 = CARTESIAN_POINT ( 'NONE',  ( 4.333030277982335754, 3.449000000000001176, -0.2499999999999996669 ) ) ;
#1713 = DIRECTION ( 'NONE',  ( -0.000000000000000000, -1.000000000000000000, 1.445602896647339410E-16 ) ) ;
#1714 = DIRECTION ( 'NONE',  ( 0.000000000000000000, 0.000000000000000000, 1.000000000000000000 ) ) ;
#1715 = EDGE_LOOP ( 'NONE', ( #39, #7633, #7581, #4886 ) ) ;
#1716 = VECTOR ( 'NONE', #4533, 1000.000000000000000 ) ;
#1717 = EDGE_CURVE ( 'NONE', #1435, #8115, #4644, .T. ) ;
#1718 = VERTEX_POINT ( 'NONE', #1843 ) ;
#1719 = FILL_AREA_STYLE ('',( #5611 ) ) ;
#1720 = ORIENTED_EDGE ( 'NONE', *, *, #3756, .F. ) ;
#1721 = LINE ( 'NONE', #1183, #3109 ) ;
#1722 = CARTESIAN_POINT ( 'NONE',  ( -1.999999999999999556, -4.599999999999999645, -3.099999999999999645 ) ) ;
#1723 = ORIENTED_EDGE ( 'NONE', *, *, #8079, .T. ) ;
#1724 = ORIENTED_EDGE ( 'NONE', *, *, #3513, .T. ) ;
#1725 = VECTOR ( 'NONE', #836, 1000.000000000000000 ) ;
#1727 = CIRCLE ( 'NONE', #5851, 1.525000000000001243 ) ;
#1726 = STYLED_ITEM ( 'NONE', ( #10 ), #6390 ) ;
#1728 = VECTOR ( 'NONE', #7412, 1000.000000000000000 ) ;
#1729 = CARTESIAN_POINT ( 'NONE',  ( -2.999999999999999556, -7.499999999999979572, 0.2500000000000003331 ) ) ;
#1730 =( GEOMETRIC_REPRESENTATION_CONTEXT ( 3 ) GLOBAL_UNCERTAINTY_ASSIGNED_CONTEXT ( ( #3214 ) ) GLOBAL_UNIT_ASSIGNED_CONTEXT ( ( #5761, #3304, #1373 ) ) REPRESENTATION_CONTEXT ( 'NONE', 'WORKASPACE' ) );
#1731 = CARTESIAN_POINT ( 'NONE',  ( -2.749999999999999556, -2.999999999999998668, -3.774999999999999911 ) ) ;
#1732 = COLOUR_RGB ( '',0.5019607843137254832, 1.000000000000000000, 0.5019607843137254832 ) ;
#1733 = FILL_AREA_STYLE ('',( #4978 ) ) ;
#1734 = SURFACE_SIDE_STYLE ('',( #6901 ) ) ;
#1735 = MECHANICAL_DESIGN_GEOMETRIC_PRESENTATION_REPRESENTATION (  '', ( #740 ), #5565 ) ;
#1736 = VECTOR ( 'NONE', #3449, 1000.000000000000000 ) ;
#1737 = LINE ( 'NONE', #1174, #7032 ) ;
#1738 = UNCERTAINTY_MEASURE_WITH_UNIT (LENGTH_MEASURE( 1.000000000000000082E-05 ), #4586, 'distance_accuracy_value', 'NONE');
#1739 = PRESENTATION_STYLE_ASSIGNMENT (( #688 ) ) ;
#1740 =( NAMED_UNIT ( * ) PLANE_ANGLE_UNIT ( ) SI_UNIT ( $, .RADIAN. ) );
#1741 = CARTESIAN_POINT ( 'NONE',  ( -2.999999999999999556, -2.999999999999998668, -4.049999999999999822 ) ) ;
#1742 = PLANE ( 'NONE',  #4515 ) ;
#1743 = MECHANICAL_DESIGN_GEOMETRIC_PRESENTATION_REPRESENTATION (  '', ( #206 ), #4906 ) ;
#1744 = ORIENTED_EDGE ( 'NONE', *, *, #1135, .T. ) ;
#1745 = LINE ( 'NONE', #5581, #8202 ) ;
#1746 = EDGE_CURVE ( 'NONE', #4200, #448, #2127, .T. ) ;
#1747 = EDGE_LOOP ( 'NONE', ( #7063, #1653, #6665, #4059 ) ) ;
#1748 = FILL_AREA_STYLE_COLOUR ( '', #1249 ) ;
#1749 = MECHANICAL_DESIGN_GEOMETRIC_PRESENTATION_REPRESENTATION (  '', ( #3025 ), #4323 ) ;
#1750 = FILL_AREA_STYLE_COLOUR ( '', #423 ) ;
#1751 = DIRECTION ( 'NONE',  ( 0.000000000000000000, 0.000000000000000000, 1.000000000000000000 ) ) ;
#1752 = SURFACE_SIDE_STYLE ('',( #4437 ) ) ;
#1753 = CYLINDRICAL_SURFACE ( 'NONE', #5760, 0.2500000000000002220 ) ;
#1754 = ORIENTED_EDGE ( 'NONE', *, *, #369, .F. ) ;
#1755 = PRESENTATION_STYLE_ASSIGNMENT (( #1233 ) ) ;
#1756 = CARTESIAN_POINT ( 'NONE',  ( 0.6669697220176635799, 3.049000000000001265, 0.2500000000000003331 ) ) ;
#1757 = UNCERTAINTY_MEASURE_WITH_UNIT (LENGTH_MEASURE( 1.000000000000000082E-05 ), #6700, 'distance_accuracy_value', 'NONE');
#1758 = ORIENTED_EDGE ( 'NONE', *, *, #235, .T. ) ;
#1759 = EDGE_CURVE ( 'NONE', #7235, #2454, #6307, .T. ) ;
#1760 = DIRECTION ( 'NONE',  ( 1.000000000000000000, -0.000000000000000000, -0.000000000000000000 ) ) ;
#1761 = STYLED_ITEM ( 'NONE', ( #6101 ), #2174 ) ;
#1762 =( NAMED_UNIT ( * ) PLANE_ANGLE_UNIT ( ) SI_UNIT ( $, .RADIAN. ) );
#1763 = CIRCLE ( 'NONE', #3597, 1.849999999999999645 ) ;
#1764 = ORIENTED_EDGE ( 'NONE', *, *, #6218, .F. ) ;
#1765 = EDGE_CURVE ( 'NONE', #3216, #2360, #2435, .T. ) ;
#1766 = CARTESIAN_POINT ( 'NONE',  ( 2.499999999999999112, 3.049000000000001265, 3.252606517456513795E-16 ) ) ;
#1767 = CARTESIAN_POINT ( 'NONE',  ( -0.9749999999999995337, 2.651000000000001133, 1.445602896649105965E-19 ) ) ;
#1768 = CARTESIAN_POINT ( 'NONE',  ( 3.000000000000000444, -5.000000000000000000, -3.699999999999999734 ) ) ;
#1769 = ORIENTED_EDGE ( 'NONE', *, *, #3040, .T. ) ;
#1770 = SURFACE_STYLE_FILL_AREA ( #7794 ) ;
#1771 = ORIENTED_EDGE ( 'NONE', *, *, #7043, .F. ) ;
#1772 = UNCERTAINTY_MEASURE_WITH_UNIT (LENGTH_MEASURE( 1.000000000000000082E-05 ), #385, 'distance_accuracy_value', 'NONE');
#1773 = SURFACE_SIDE_STYLE ('',( #2434 ) ) ;
#1774 = ORIENTED_EDGE ( 'NONE', *, *, #2599, .T. ) ;
#1775 =( NAMED_UNIT ( * ) SI_UNIT ( $, .STERADIAN. ) SOLID_ANGLE_UNIT ( ) );
#1776 = DIRECTION ( 'NONE',  ( -7.760429719096859345E-17, 1.000000000000000000, 0.000000000000000000 ) ) ;
#1777 = FACE_OUTER_BOUND ( 'NONE', #7044, .T. ) ;
#1778 = MECHANICAL_DESIGN_GEOMETRIC_PRESENTATION_REPRESENTATION (  '', ( #3483 ), #1192 ) ;
#1779 = DIRECTION ( 'NONE',  ( 0.000000000000000000, 1.000000000000000000, -1.445602896647339410E-16 ) ) ;
#1780 = AXIS2_PLACEMENT_3D ( 'NONE', #6642, #3453, #2779 ) ;
#1781 = CARTESIAN_POINT ( 'NONE',  ( 0.3750000000000003886, 2.400000000000001243, 2.350000000000000089 ) ) ;
#1782 = STYLED_ITEM ( 'NONE', ( #4775 ), #8214 ) ;
#1783 = DIRECTION ( 'NONE',  ( 1.000000000000000000, -0.000000000000000000, -0.000000000000000000 ) ) ;
#1784 = EDGE_LOOP ( 'NONE', ( #7365, #4160, #2409, #1582 ) ) ;
#1785 = PRESENTATION_LAYER_ASSIGNMENT (  '', '', ( #6367 ) ) ;
#1786 = PLANE ( 'NONE',  #5061 ) ;
#1787 = COLOUR_RGB ( '',0.5019607843137254832, 1.000000000000000000, 0.5019607843137254832 ) ;
#1788 = SURFACE_STYLE_USAGE ( .BOTH. , #6782 ) ;
#1789 = CIRCLE ( 'NONE', #971, 1.199999999999999734 ) ;
#1790 = SURFACE_SIDE_STYLE ('',( #7396 ) ) ;
#1791 = DIRECTION ( 'NONE',  ( -7.760429719096859345E-17, 1.000000000000000000, -0.000000000000000000 ) ) ;
#1792 = STYLED_ITEM ( 'NONE', ( #6359 ), #6781 ) ;
#1793 = CARTESIAN_POINT ( 'NONE',  ( 3.900000000000000799, 0.000000000000000000, 2.549999999999986500 ) ) ;
#1794 = MECHANICAL_DESIGN_GEOMETRIC_PRESENTATION_REPRESENTATION (  '', ( #8075 ), #7501 ) ;
#1795 = VERTEX_POINT ( 'NONE', #4361 ) ;
#1796 = LINE ( 'NONE', #7130, #4298 ) ;
#1797 = VERTEX_POINT ( 'NONE', #6281 ) ;
#1798 = EDGE_CURVE ( 'NONE', #1276, #1923, #7994, .T. ) ;
#1799 = CARTESIAN_POINT ( 'NONE',  ( 2.499999999999999556, 4.975000000000002309, 0.000000000000000000 ) ) ;
#1800 = SURFACE_STYLE_FILL_AREA ( #805 ) ;
#1801 = MECHANICAL_DESIGN_GEOMETRIC_PRESENTATION_REPRESENTATION (  '', ( #2541 ), #7925 ) ;
#1802 = LINE ( 'NONE', #54, #5671 ) ;
#1803 = VERTEX_POINT ( 'NONE', #5647 ) ;
#1804 = LINE ( 'NONE', #3716, #7679 ) ;
#1805 = SURFACE_STYLE_USAGE ( .BOTH. , #1773 ) ;
#1806 =( NAMED_UNIT ( * ) SI_UNIT ( $, .STERADIAN. ) SOLID_ANGLE_UNIT ( ) );
#1807 = DIRECTION ( 'NONE',  ( 1.000000000000000000, -0.000000000000000000, -0.000000000000000000 ) ) ;
#1808 = DIRECTION ( 'NONE',  ( -0.000000000000000000, -0.8191520442889931308, -0.5735764363510441610 ) ) ;
#1809 = LINE ( 'NONE', #1024, #1127 ) ;
#1811 = EDGE_CURVE ( 'NONE', #7487, #1623, #6730, .T. ) ;
#1810 = UNCERTAINTY_MEASURE_WITH_UNIT (LENGTH_MEASURE( 1.000000000000000082E-05 ), #7398, 'distance_accuracy_value', 'NONE');
#1812 = EDGE_CURVE ( 'NONE', #4349, #6140, #975, .T. ) ;
#1813 = SURFACE_STYLE_USAGE ( .BOTH. , #469 ) ;
#1814 = ORIENTED_EDGE ( 'NONE', *, *, #3955, .F. ) ;
#1815 = DIRECTION ( 'NONE',  ( 0.000000000000000000, -1.275531967630005492E-16, -1.000000000000000000 ) ) ;
#1816 = FACE_OUTER_BOUND ( 'NONE', #3790, .T. ) ;
#1817 = LINE ( 'NONE', #5743, #234 ) ;
#1818 = SURFACE_STYLE_FILL_AREA ( #894 ) ;
#1819 =( NAMED_UNIT ( * ) PLANE_ANGLE_UNIT ( ) SI_UNIT ( $, .RADIAN. ) );
#1820 = DIRECTION ( 'NONE',  ( 0.000000000000000000, -0.3420201433256621071, 0.9396926207859107594 ) ) ;
#1821 = EDGE_CURVE ( 'NONE', #6544, #5960, #3730, .T. ) ;
#1822 = DIRECTION ( 'NONE',  ( 1.000000000000000000, 0.000000000000000000, 0.000000000000000000 ) ) ;
#1823 = DIRECTION ( 'NONE',  ( 1.000000000000000000, -0.000000000000000000, -0.000000000000000000 ) ) ;
#1824 = ORIENTED_EDGE ( 'NONE', *, *, #1432, .F. ) ;
#1825 = CIRCLE ( 'NONE', #3335, 0.2500000000000002220 ) ;
#1826 = FACE_OUTER_BOUND ( 'NONE', #1606, .T. ) ;
#1827 = FILL_AREA_STYLE ('',( #5079 ) ) ;
#1828 = ORIENTED_EDGE ( 'NONE', *, *, #1456, .T. ) ;
#1829 = SURFACE_STYLE_USAGE ( .BOTH. , #5005 ) ;
#1830 = SURFACE_STYLE_FILL_AREA ( #421 ) ;
#1831 = CARTESIAN_POINT ( 'NONE',  ( -0.8997548783981974552, -4.049999999999999822, 2.350000000000000977 ) ) ;
#1832 = ORIENTED_EDGE ( 'NONE', *, *, #1126, .T. ) ;
#1833 = SURFACE_STYLE_FILL_AREA ( #2730 ) ;
#1834 = FACE_OUTER_BOUND ( 'NONE', #3952, .T. ) ;
#1835 = ORIENTED_EDGE ( 'NONE', *, *, #6462, .T. ) ;
#1836 =( GEOMETRIC_REPRESENTATION_CONTEXT ( 3 ) GLOBAL_UNCERTAINTY_ASSIGNED_CONTEXT ( ( #6326 ) ) GLOBAL_UNIT_ASSIGNED_CONTEXT ( ( #5125, #1427, #158 ) ) REPRESENTATION_CONTEXT ( 'NONE', 'WORKASPACE' ) );
#1837 = SURFACE_STYLE_FILL_AREA ( #194 ) ;
#1838 = DIRECTION ( 'NONE',  ( -0.000000000000000000, 1.000000000000000000, -1.106328747434187728E-16 ) ) ;
#1839 = DIRECTION ( 'NONE',  ( -1.000000000000000000, 0.000000000000000000, 0.000000000000000000 ) ) ;
#1840 = DIRECTION ( 'NONE',  ( -1.000000000000000000, 0.000000000000000000, 0.000000000000000000 ) ) ;
#1841 = DIRECTION ( 'NONE',  ( 1.000000000000000000, 0.000000000000000000, 1.224646799147363807E-16 ) ) ;
#1842 = VECTOR ( 'NONE', #5542, 1000.000000000000000 ) ;
#1843 = CARTESIAN_POINT ( 'NONE',  ( -5.000000000000001776, 0.4499999999999990119, 4.049999999999999822 ) ) ;
#1844 = AXIS2_PLACEMENT_3D ( 'NONE', #4057, #192, #4590 ) ;
#1845 = PLANE ( 'NONE',  #3608 ) ;
#1846 = AXIS2_PLACEMENT_3D ( 'NONE', #8053, #4669, #1476 ) ;
#1847 = SURFACE_SIDE_STYLE ('',( #1104 ) ) ;
#1848 =( NAMED_UNIT ( * ) PLANE_ANGLE_UNIT ( ) SI_UNIT ( $, .RADIAN. ) );
#1849 = CARTESIAN_POINT ( 'NONE',  ( 4.445955351399304867, 0.2999999999999991562, 3.609016994374945053 ) ) ;
#1850 =( GEOMETRIC_REPRESENTATION_CONTEXT ( 3 ) GLOBAL_UNCERTAINTY_ASSIGNED_CONTEXT ( ( #5892 ) ) GLOBAL_UNIT_ASSIGNED_CONTEXT ( ( #3463, #7363, #4195 ) ) REPRESENTATION_CONTEXT ( 'NONE', 'WORKASPACE' ) );
#1851 = DIRECTION ( 'NONE',  ( -0.000000000000000000, -0.9655243037162412056, -0.2603129250215355239 ) ) ;
#1852 = ORIENTED_EDGE ( 'NONE', *, *, #3947, .T. ) ;
#1853 = EDGE_CURVE ( 'NONE', #949, #7629, #4237, .T. ) ;
#1854 = PRESENTATION_STYLE_ASSIGNMENT (( #2924 ) ) ;
#1855 = FILL_AREA_STYLE_COLOUR ( '', #1095 ) ;
#1856 = VERTEX_POINT ( 'NONE', #2505 ) ;
#1857 = ORIENTED_EDGE ( 'NONE', *, *, #113, .F. ) ;
#1858 = CIRCLE ( 'NONE', #4357, 0.04999999999999969746 ) ;
#1859 = ORIENTED_EDGE ( 'NONE', *, *, #155, .F. ) ;
#1860 = AXIS2_PLACEMENT_3D ( 'NONE', #6405, #3143, #7597 ) ;
#1861 = CARTESIAN_POINT ( 'NONE',  ( 3.000000000000000444, -4.900000000000003020, 0.2499999999999999445 ) ) ;
#1862 =( LENGTH_UNIT ( ) NAMED_UNIT ( * ) SI_UNIT ( .MILLI., .METRE. ) );
#1863 = SURFACE_STYLE_USAGE ( .BOTH. , #5758 ) ;
#1864 =( NAMED_UNIT ( * ) SI_UNIT ( $, .STERADIAN. ) SOLID_ANGLE_UNIT ( ) );
#1865 = DIRECTION ( 'NONE',  ( -7.760429719096859345E-17, 1.000000000000000000, 0.000000000000000000 ) ) ;
#1866 = ORIENTED_EDGE ( 'NONE', *, *, #1090, .T. ) ;
#1867 = EDGE_CURVE ( 'NONE', #6511, #5700, #2532, .T. ) ;
#1868 = CARTESIAN_POINT ( 'NONE',  ( 2.499999999999999556, 2.650000000000000799, 0.000000000000000000 ) ) ;
#1869 = SURFACE_STYLE_USAGE ( .BOTH. , #1239 ) ;
#1870 = CARTESIAN_POINT ( 'NONE',  ( 3.699999999999999289, 2.650000000000000799, 4.722182676433336855E-16 ) ) ;
#1871 = ORIENTED_EDGE ( 'NONE', *, *, #5492, .T. ) ;
#1872 = DIRECTION ( 'NONE',  ( -1.000000000000000000, 0.000000000000000000, 0.000000000000000000 ) ) ;
#1873 = ORIENTED_EDGE ( 'NONE', *, *, #7366, .F. ) ;
#1874 = FILL_AREA_STYLE_COLOUR ( '', #4229 ) ;
#1875 = EDGE_CURVE ( 'NONE', #4444, #6429, #5033, .T. ) ;
#1876 = DIRECTION ( 'NONE',  ( 1.000000000000000000, 0.000000000000000000, 0.000000000000000000 ) ) ;
#1877 =( NAMED_UNIT ( * ) PLANE_ANGLE_UNIT ( ) SI_UNIT ( $, .RADIAN. ) );
#1878 = ORIENTED_EDGE ( 'NONE', *, *, #7771, .F. ) ;
#1879 = ADVANCED_FACE ( 'NONE', ( #2030 ), #1966, .F. ) ;
#1880 = VECTOR ( 'NONE', #2734, 1000.000000000000114 ) ;
#1881 = DIRECTION ( 'NONE',  ( 7.760429719096859345E-17, -1.000000000000000000, -0.000000000000000000 ) ) ;
#1882 = FILL_AREA_STYLE ('',( #614 ) ) ;
#1883 = UNCERTAINTY_MEASURE_WITH_UNIT (LENGTH_MEASURE( 1.000000000000000082E-05 ), #2895, 'distance_accuracy_value', 'NONE');
#1884 = STYLED_ITEM ( 'NONE', ( #2281 ), #7599 ) ;
#1885 = CIRCLE ( 'NONE', #5191, 0.04999999999999969746 ) ;
#1886 = UNCERTAINTY_MEASURE_WITH_UNIT (LENGTH_MEASURE( 1.000000000000000082E-05 ), #5045, 'distance_accuracy_value', 'NONE');
#1887 = EDGE_LOOP ( 'NONE', ( #734, #437, #3264, #8223 ) ) ;
#1888 = MECHANICAL_DESIGN_GEOMETRIC_PRESENTATION_REPRESENTATION (  '', ( #8164 ), #6309 ) ;
#1889 = LINE ( 'NONE', #1430, #3680 ) ;
#1890 = CARTESIAN_POINT ( 'NONE',  ( -1.099999999999999867, -3.200000000000000178, 2.549999999999982947 ) ) ;
#1891 = CARTESIAN_POINT ( 'NONE',  ( -2.999999999999999556, -4.599999999999999645, -3.099999999999999645 ) ) ;
#1892 = FACE_OUTER_BOUND ( 'NONE', #921, .T. ) ;
#1893 = EDGE_CURVE ( 'NONE', #2397, #6951, #2735, .T. ) ;
#1894 = CARTESIAN_POINT ( 'NONE',  ( 0.9038433570372466086, -0.2000000000000008438, 3.609016994374945053 ) ) ;
#1895 = ORIENTED_EDGE ( 'NONE', *, *, #5255, .T. ) ;
#1896 =( NAMED_UNIT ( * ) PLANE_ANGLE_UNIT ( ) SI_UNIT ( $, .RADIAN. ) );
#1897 =( NAMED_UNIT ( * ) SI_UNIT ( $, .STERADIAN. ) SOLID_ANGLE_UNIT ( ) );
#1898 = EDGE_LOOP ( 'NONE', ( #5653, #7830, #1195, #2065 ) ) ;
#1899 = COLOUR_RGB ( '',0.5019607843137254832, 1.000000000000000000, 0.5019607843137254832 ) ;
#1900 = DIRECTION ( 'NONE',  ( 1.000000000000000000, -0.000000000000000000, -0.000000000000000000 ) ) ;
#1901 =( GEOMETRIC_REPRESENTATION_CONTEXT ( 3 ) GLOBAL_UNCERTAINTY_ASSIGNED_CONTEXT ( ( #5230 ) ) GLOBAL_UNIT_ASSIGNED_CONTEXT ( ( #5643, #3751, #6851 ) ) REPRESENTATION_CONTEXT ( 'NONE', 'WORKASPACE' ) );
#1902 = DIRECTION ( 'NONE',  ( -0.000000000000000000, 1.000000000000000000, -1.147977654433357068E-15 ) ) ;
#1903 =( NAMED_UNIT ( * ) SI_UNIT ( $, .STERADIAN. ) SOLID_ANGLE_UNIT ( ) );
#1904 = EDGE_CURVE ( 'NONE', #2454, #4316, #560, .T. ) ;
#1905 = DIRECTION ( 'NONE',  ( -7.760429719096859345E-17, 1.000000000000000000, -0.000000000000000000 ) ) ;
#1906 = ORIENTED_EDGE ( 'NONE', *, *, #1811, .F. ) ;
#1907 = MECHANICAL_DESIGN_GEOMETRIC_PRESENTATION_REPRESENTATION (  '', ( #5750 ), #6869 ) ;
#1908 = LINE ( 'NONE', #7281, #624 ) ;
#1909 = UNCERTAINTY_MEASURE_WITH_UNIT (LENGTH_MEASURE( 1.000000000000000082E-05 ), #4454, 'distance_accuracy_value', 'NONE');
#1910 = FILL_AREA_STYLE ('',( #3913 ) ) ;
#1911 = LINE ( 'NONE', #1970, #4409 ) ;
#1912 = DIRECTION ( 'NONE',  ( -1.000000000000000000, 0.000000000000000000, 0.000000000000000000 ) ) ;
#1913 = DIRECTION ( 'NONE',  ( 7.760429719096859345E-17, -1.000000000000000000, -0.000000000000000000 ) ) ;
#1914 = ORIENTED_EDGE ( 'NONE', *, *, #815, .T. ) ;
#1915 =( NAMED_UNIT ( * ) SI_UNIT ( $, .STERADIAN. ) SOLID_ANGLE_UNIT ( ) );
#1916 =( LENGTH_UNIT ( ) NAMED_UNIT ( * ) SI_UNIT ( .MILLI., .METRE. ) );
#1917 = VECTOR ( 'NONE', #1166, 1000.000000000000000 ) ;
#1918 = EDGE_CURVE ( 'NONE', #6624, #2967, #2327, .T. ) ;
#1919 = CYLINDRICAL_SURFACE ( 'NONE', #1201, 1.525000000000001243 ) ;
#1920 = PRESENTATION_LAYER_ASSIGNMENT (  '', '', ( #1500 ) ) ;
#1921 = FILL_AREA_STYLE_COLOUR ( '', #6438 ) ;
#1922 = ORIENTED_EDGE ( 'NONE', *, *, #657, .F. ) ;
#1923 = VERTEX_POINT ( 'NONE', #7080 ) ;
#1924 = VECTOR ( 'NONE', #858, 1000.000000000000000 ) ;
#1925 =( NAMED_UNIT ( * ) PLANE_ANGLE_UNIT ( ) SI_UNIT ( $, .RADIAN. ) );
#1926 = ADVANCED_FACE ( 'NONE', ( #7605, #5318 ), #65, .F. ) ;
#1927 = EDGE_CURVE ( 'NONE', #2228, #1435, #5606, .T. ) ;
#1928 = ORIENTED_EDGE ( 'NONE', *, *, #462, .T. ) ;
#1929 = ORIENTED_EDGE ( 'NONE', *, *, #5321, .T. ) ;
#1930 = LINE ( 'NONE', #2117, #1442 ) ;
#1931 = COLOUR_RGB ( '',0.5019607843137254832, 1.000000000000000000, 0.5019607843137254832 ) ;
#1932 = LINE ( 'NONE', #4675, #4134 ) ;
#1933 = DIRECTION ( 'NONE',  ( 1.000000000000000000, -0.000000000000000000, -0.000000000000000000 ) ) ;
#1934 =( LENGTH_UNIT ( ) NAMED_UNIT ( * ) SI_UNIT ( .MILLI., .METRE. ) );
#1935 = SURFACE_STYLE_FILL_AREA ( #4137 ) ;
#1936 =( NAMED_UNIT ( * ) PLANE_ANGLE_UNIT ( ) SI_UNIT ( $, .RADIAN. ) );
#1937 = AXIS2_PLACEMENT_3D ( 'NONE', #2566, #7039, #6442 ) ;
#1938 = MECHANICAL_DESIGN_GEOMETRIC_PRESENTATION_REPRESENTATION (  '', ( #8166 ), #255 ) ;
#1939 = ORIENTED_EDGE ( 'NONE', *, *, #3891, .T. ) ;
#1940 = PLANE ( 'NONE',  #2896 ) ;
#1941 = ORIENTED_EDGE ( 'NONE', *, *, #2767, .F. ) ;
#1942 = DIRECTION ( 'NONE',  ( 1.000000000000000000, 0.000000000000000000, -0.000000000000000000 ) ) ;
#1943 = MECHANICAL_DESIGN_GEOMETRIC_PRESENTATION_REPRESENTATION (  '', ( #6107 ), #1209 ) ;
#1944 = CARTESIAN_POINT ( 'NONE',  ( -0.5566987298107781701, 4.975000000000002309, 2.379857680316216674E-16 ) ) ;
#1945 = MECHANICAL_DESIGN_GEOMETRIC_PRESENTATION_REPRESENTATION (  '', ( #5466 ), #2816 ) ;
#1946 =( NAMED_UNIT ( * ) PLANE_ANGLE_UNIT ( ) SI_UNIT ( $, .RADIAN. ) );
#1947 = DIRECTION ( 'NONE',  ( -1.000000000000000000, 0.000000000000000000, 0.000000000000000000 ) ) ;
#1948 = ORIENTED_EDGE ( 'NONE', *, *, #4920, .F. ) ;
#1949 = LINE ( 'NONE', #1087, #5243 ) ;
#1950 = EDGE_CURVE ( 'NONE', #4414, #6429, #8189, .T. ) ;
#1951 = DIRECTION ( 'NONE',  ( 1.000000000000000000, -0.000000000000000000, -0.000000000000000000 ) ) ;
#1952 = ORIENTED_EDGE ( 'NONE', *, *, #4473, .T. ) ;
#1953 = MECHANICAL_DESIGN_GEOMETRIC_PRESENTATION_REPRESENTATION (  '', ( #2704 ), #2821 ) ;
#1954 =( LENGTH_UNIT ( ) NAMED_UNIT ( * ) SI_UNIT ( .MILLI., .METRE. ) );
#1955 = UNCERTAINTY_MEASURE_WITH_UNIT (LENGTH_MEASURE( 1.000000000000000082E-05 ), #1862, 'distance_accuracy_value', 'NONE');
#1956 =( GEOMETRIC_REPRESENTATION_CONTEXT ( 3 ) GLOBAL_UNCERTAINTY_ASSIGNED_CONTEXT ( ( #2381 ) ) GLOBAL_UNIT_ASSIGNED_CONTEXT ( ( #8194, #1287, #760 ) ) REPRESENTATION_CONTEXT ( 'NONE', 'WORKASPACE' ) );
#1957 = ORIENTED_EDGE ( 'NONE', *, *, #3501, .T. ) ;
#1958 = DIRECTION ( 'NONE',  ( 1.000000000000000000, -0.000000000000000000, -0.000000000000000000 ) ) ;
#1959 = CARTESIAN_POINT ( 'NONE',  ( -0.5540446486006944671, 0.2999999999999991562, 3.299999999999999822 ) ) ;
#1960 = EDGE_CURVE ( 'NONE', #668, #5309, #4937, .T. ) ;
#1961 = ADVANCED_FACE ( 'NONE', ( #4539 ), #5254, .F. ) ;
#1962 = AXIS2_PLACEMENT_3D ( 'NONE', #1944, #7703, #66 ) ;
#1963 = EDGE_LOOP ( 'NONE', ( #5020, #4217 ) ) ;
#1964 = DIRECTION ( 'NONE',  ( -1.000000000000000000, -7.760429719096859345E-17, 0.000000000000000000 ) ) ;
#1965 =( LENGTH_UNIT ( ) NAMED_UNIT ( * ) SI_UNIT ( .MILLI., .METRE. ) );
#1966 = PLANE ( 'NONE',  #4816 ) ;
#1967 = ORIENTED_EDGE ( 'NONE', *, *, #1717, .F. ) ;
#1968 = ORIENTED_EDGE ( 'NONE', *, *, #2928, .T. ) ;
#1969 =( NAMED_UNIT ( * ) SI_UNIT ( $, .STERADIAN. ) SOLID_ANGLE_UNIT ( ) );
#1970 = CARTESIAN_POINT ( 'NONE',  ( -4.333030277982336642, 3.049000000000001265, 0.2499999999999995282 ) ) ;
#1971 =( NAMED_UNIT ( * ) PLANE_ANGLE_UNIT ( ) SI_UNIT ( $, .RADIAN. ) );
#1972 = SURFACE_STYLE_USAGE ( .BOTH. , #157 ) ;
#1973 = CIRCLE ( 'NONE', #6902, 1.849999999999999645 ) ;
#1974 = ORIENTED_EDGE ( 'NONE', *, *, #6787, .T. ) ;
#1975 = CARTESIAN_POINT ( 'NONE',  ( -2.749999999999999556, -2.244443709649962315, -3.500000000000000000 ) ) ;
#1976 = LINE ( 'NONE', #5503, #4386 ) ;
#1977 = PRESENTATION_STYLE_ASSIGNMENT (( #2109 ) ) ;
#1978 = SURFACE_STYLE_USAGE ( .BOTH. , #2006 ) ;
#1979 = EDGE_LOOP ( 'NONE', ( #1914, #4530, #303, #1297 ) ) ;
#1980 = PRESENTATION_STYLE_ASSIGNMENT (( #3954 ) ) ;
#1981 = UNCERTAINTY_MEASURE_WITH_UNIT (LENGTH_MEASURE( 1.000000000000000082E-05 ), #766, 'distance_accuracy_value', 'NONE');
#1982 = ORIENTED_EDGE ( 'NONE', *, *, #1598, .F. ) ;
#1983 = FILL_AREA_STYLE ('',( #83 ) ) ;
#1984 = LINE ( 'NONE', #6412, #322 ) ;
#1985 = PLANE ( 'NONE',  #4795 ) ;
#1986 =( NAMED_UNIT ( * ) PLANE_ANGLE_UNIT ( ) SI_UNIT ( $, .RADIAN. ) );
#1987 = DIRECTION ( 'NONE',  ( 0.000000000000000000, 0.000000000000000000, 1.000000000000000000 ) ) ;
#1988 = MECHANICAL_DESIGN_GEOMETRIC_PRESENTATION_REPRESENTATION (  '', ( #3108 ), #8117 ) ;
#1989 =( GEOMETRIC_REPRESENTATION_CONTEXT ( 3 ) GLOBAL_UNCERTAINTY_ASSIGNED_CONTEXT ( ( #2927 ) ) GLOBAL_UNIT_ASSIGNED_CONTEXT ( ( #8239, #8218, #1307 ) ) REPRESENTATION_CONTEXT ( 'NONE', 'WORKASPACE' ) );
#1990 = ORIENTED_EDGE ( 'NONE', *, *, #2671, .T. ) ;
#1991 =( NAMED_UNIT ( * ) PLANE_ANGLE_UNIT ( ) SI_UNIT ( $, .RADIAN. ) );
#1992 = VECTOR ( 'NONE', #8068, 1000.000000000000000 ) ;
#1993 = STYLED_ITEM ( 'NONE', ( #5323 ), #4661 ) ;
#1994 = SURFACE_SIDE_STYLE ('',( #362 ) ) ;
#1995 = CARTESIAN_POINT ( 'NONE',  ( 0.6669697220176635799, 3.448999999999740940, -0.2499999999999996669 ) ) ;
#1996 = ADVANCED_FACE ( 'NONE', ( #2225 ), #7680, .F. ) ;
#1997 = DIRECTION ( 'NONE',  ( 0.9396926207859092051, 0.000000000000000000, 0.3420201433256665480 ) ) ;
#1998 = FILL_AREA_STYLE ('',( #3903 ) ) ;
#1999 = ORIENTED_EDGE ( 'NONE', *, *, #5209, .F. ) ;
#2000 = PLANE ( 'NONE',  #539 ) ;
#2001 = LINE ( 'NONE', #3397, #4212 ) ;
#2002 = DIRECTION ( 'NONE',  ( -1.000000000000000000, 0.000000000000000000, 0.000000000000000000 ) ) ;
#2003 = EDGE_LOOP ( 'NONE', ( #4469, #6905, #5300, #2429 ) ) ;
#2004 = EDGE_LOOP ( 'NONE', ( #2007, #4078, #4375, #1967 ) ) ;
#2005 = MECHANICAL_DESIGN_GEOMETRIC_PRESENTATION_REPRESENTATION (  '', ( #7869 ), #2771 ) ;
#2006 = SURFACE_SIDE_STYLE ('',( #5387 ) ) ;
#2007 = ORIENTED_EDGE ( 'NONE', *, *, #1927, .F. ) ;
#2008 = CARTESIAN_POINT ( 'NONE',  ( 0.5000000000000004441, 0.000000000000000000, 0.000000000000000000 ) ) ;
#2009 = LINE ( 'NONE', #4968, #7499 ) ;
#2010 = COLOUR_RGB ( '',0.5019607843137254832, 1.000000000000000000, 0.5019607843137254832 ) ;
#2011 = COLOUR_RGB ( '',1.000000000000000000, 1.000000000000000000, 0.7529411764705882248 ) ;
#2012 = EDGE_LOOP ( 'NONE', ( #1122, #4592, #2760, #221 ) ) ;
#2013 = CARTESIAN_POINT ( 'NONE',  ( 2.000000000000000444, -7.499999999999981348, -0.2499999999999997780 ) ) ;
#2014 = CARTESIAN_POINT ( 'NONE',  ( -3.899999999999999911, -3.200000000000000178, 4.049999999999999822 ) ) ;
#2015 = ORIENTED_EDGE ( 'NONE', *, *, #5459, .T. ) ;
#2016 = PLANE ( 'NONE',  #2912 ) ;
#2017 = LINE ( 'NONE', #6053, #8097 ) ;
#2018 = EDGE_CURVE ( 'NONE', #6552, #5336, #146, .T. ) ;
#2019 = SURFACE_STYLE_FILL_AREA ( #3332 ) ;
#2020 = VECTOR ( 'NONE', #7246, 1000.000000000000000 ) ;
#2021 = CIRCLE ( 'NONE', #7188, 1.574999999999999956 ) ;
#2022 = STYLED_ITEM ( 'NONE', ( #546 ), #2136 ) ;
#2023 = ORIENTED_EDGE ( 'NONE', *, *, #4208, .F. ) ;
#2024 = DIRECTION ( 'NONE',  ( 0.000000000000000000, -1.000000000000000000, 2.551063935260019366E-16 ) ) ;
#2025 = SURFACE_STYLE_FILL_AREA ( #3405 ) ;
#2026 = DIRECTION ( 'NONE',  ( -1.000000000000000000, 0.000000000000000000, 0.000000000000000000 ) ) ;
#2027 = DIRECTION ( 'NONE',  ( -1.000000000000000000, -0.000000000000000000, -0.000000000000000000 ) ) ;
#2028 = COLOUR_RGB ( '',0.7921568627450980005, 0.8196078431372548767, 0.9333333333333333481 ) ;
#2029 = DIRECTION ( 'NONE',  ( 0.000000000000000000, 0.000000000000000000, 1.000000000000000000 ) ) ;
#2030 = FACE_OUTER_BOUND ( 'NONE', #1571, .T. ) ;
#2031 = EDGE_CURVE ( 'NONE', #1658, #4738, #6298, .T. ) ;
#2032 = SURFACE_STYLE_FILL_AREA ( #6137 ) ;
#2033 = CARTESIAN_POINT ( 'NONE',  ( 2.499999999999999556, 0.4000000000000008549, 3.252606517456513795E-16 ) ) ;
#2034 = CARTESIAN_POINT ( 'NONE',  ( 4.333030277982335754, 3.049000000000001265, 0.2500000000000003331 ) ) ;
#2035 = PRESENTATION_STYLE_ASSIGNMENT (( #7832 ) ) ;
#2036 = CARTESIAN_POINT ( 'NONE',  ( -2.999999999999999556, -2.999999999999998668, -3.499999999999999112 ) ) ;
#2037 = FILL_AREA_STYLE_COLOUR ( '', #2390 ) ;
#2038 = CARTESIAN_POINT ( 'NONE',  ( 0.5540446486006957993, 0.2999999999999991562, 3.414395590801142077 ) ) ;
#2039 = ORIENTED_EDGE ( 'NONE', *, *, #6924, .F. ) ;
#2040 = ADVANCED_FACE ( 'NONE', ( #3110 ), #452, .F. ) ;
#2041 = LINE ( 'NONE', #5173, #3838 ) ;
#2042 =( LENGTH_UNIT ( ) NAMED_UNIT ( * ) SI_UNIT ( .MILLI., .METRE. ) );
#2043 = SURFACE_SIDE_STYLE ('',( #879 ) ) ;
#2044 = AXIS2_PLACEMENT_3D ( 'NONE', #4683, #6555, #2087 ) ;
#2045 = ORIENTED_EDGE ( 'NONE', *, *, #3329, .F. ) ;
#2046 = DIRECTION ( 'NONE',  ( -0.000000000000000000, 0.000000000000000000, -1.000000000000000000 ) ) ;
#2047 = STYLED_ITEM ( 'NONE', ( #6400 ), #52 ) ;
#2048 =( GEOMETRIC_REPRESENTATION_CONTEXT ( 3 ) GLOBAL_UNCERTAINTY_ASSIGNED_CONTEXT ( ( #4005 ) ) GLOBAL_UNIT_ASSIGNED_CONTEXT ( ( #8105, #507, #7368 ) ) REPRESENTATION_CONTEXT ( 'NONE', 'WORKASPACE' ) );
#2049 = ORIENTED_EDGE ( 'NONE', *, *, #6769, .F. ) ;
#2050 =( NAMED_UNIT ( * ) SI_UNIT ( $, .STERADIAN. ) SOLID_ANGLE_UNIT ( ) );
#2051 = PRESENTATION_STYLE_ASSIGNMENT (( #1421 ) ) ;
#2052 = ORIENTED_EDGE ( 'NONE', *, *, #3938, .F. ) ;
#2053 = AXIS2_PLACEMENT_3D ( 'NONE', #3328, #6454, #1987 ) ;
#2054 = DIRECTION ( 'NONE',  ( -7.760429719096859345E-17, 1.000000000000000000, 0.000000000000000000 ) ) ;
#2055 = UNCERTAINTY_MEASURE_WITH_UNIT (LENGTH_MEASURE( 1.000000000000000082E-05 ), #7126, 'distance_accuracy_value', 'NONE');
#2056 = EDGE_CURVE ( 'NONE', #6248, #2139, #4526, .T. ) ;
#2057 = FILL_AREA_STYLE_COLOUR ( '', #455 ) ;
#2058 = VERTEX_POINT ( 'NONE', #2960 ) ;
#2059 = PRESENTATION_LAYER_ASSIGNMENT (  '', '', ( #8028 ) ) ;
#2060 = STYLED_ITEM ( 'NONE', ( #3698 ), #5261 ) ;
#2061 = SURFACE_SIDE_STYLE ('',( #4293 ) ) ;
#2062 = CARTESIAN_POINT ( 'NONE',  ( 0.5540446486006960214, -1.200000000000000178, 4.049999999999999822 ) ) ;
#2063 = ORIENTED_EDGE ( 'NONE', *, *, #6235, .T. ) ;
#2064 = FILL_AREA_STYLE ('',( #4620 ) ) ;
#2065 = ORIENTED_EDGE ( 'NONE', *, *, #4321, .F. ) ;
#2066 = FILL_AREA_STYLE_COLOUR ( '', #8192 ) ;
#2067 = DIRECTION ( 'NONE',  ( -0.000000000000000000, -0.000000000000000000, 1.000000000000000000 ) ) ;
#2068 = COLOUR_RGB ( '',0.5019607843137254832, 1.000000000000000000, 0.5019607843137254832 ) ;
#2069 = EDGE_CURVE ( 'NONE', #7924, #4659, #7015, .T. ) ;
#2070 = STYLED_ITEM ( 'NONE', ( #5214 ), #1478 ) ;
#2071 =( NAMED_UNIT ( * ) PLANE_ANGLE_UNIT ( ) SI_UNIT ( $, .RADIAN. ) );
#2072 =( NAMED_UNIT ( * ) SI_UNIT ( $, .STERADIAN. ) SOLID_ANGLE_UNIT ( ) );
#2073 = VECTOR ( 'NONE', #8000, 1000.000000000000000 ) ;
#2074 = EDGE_CURVE ( 'NONE', #4894, #6329, #6621, .T. ) ;
#2075 =( LENGTH_UNIT ( ) NAMED_UNIT ( * ) SI_UNIT ( .MILLI., .METRE. ) );
#2076 = CARTESIAN_POINT ( 'NONE',  ( -2.999999999999999556, -1.599999999999998979, -2.250000000000000000 ) ) ;
#2077 = CARTESIAN_POINT ( 'NONE',  ( -2.999999999999999556, -1.500000000000002220, -3.499999999999999556 ) ) ;
#2078 = FILL_AREA_STYLE ('',( #275 ) ) ;
#2079 = ADVANCED_FACE ( 'NONE', ( #3712 ), #5458, .F. ) ;
#2080 = ORIENTED_EDGE ( 'NONE', *, *, #7212, .T. ) ;
#2081 = CARTESIAN_POINT ( 'NONE',  ( 0.5000000000000004441, -4.299999999999999822, 2.250000000000000444 ) ) ;
#2082 = SURFACE_STYLE_USAGE ( .BOTH. , #156 ) ;
#2083 = PRESENTATION_STYLE_ASSIGNMENT (( #3961 ) ) ;
#2084 = CARTESIAN_POINT ( 'NONE',  ( 0.5000000000000004441, 0.4000000000000005218, -2.250000000000000000 ) ) ;
#2085 = ORIENTED_EDGE ( 'NONE', *, *, #1328, .T. ) ;
#2086 = FACE_OUTER_BOUND ( 'NONE', #3484, .T. ) ;
#2087 = DIRECTION ( 'NONE',  ( 0.000000000000000000, 0.000000000000000000, 1.000000000000000000 ) ) ;
#2088 = AXIS2_PLACEMENT_3D ( 'NONE', #7138, #6581, #2739 ) ;
#2089 = EDGE_LOOP ( 'NONE', ( #4268, #3538, #3837, #2385 ) ) ;
#2090 = LINE ( 'NONE', #3432, #6601 ) ;
#2091 = ADVANCED_FACE ( 'NONE', ( #1826 ), #2346, .F. ) ;
#2092 =( NAMED_UNIT ( * ) SI_UNIT ( $, .STERADIAN. ) SOLID_ANGLE_UNIT ( ) );
#2093 =( LENGTH_UNIT ( ) NAMED_UNIT ( * ) SI_UNIT ( .MILLI., .METRE. ) );
#2094 = STYLED_ITEM ( 'NONE', ( #1171 ), #8052 ) ;
#2095 = CARTESIAN_POINT ( 'NONE',  ( -0.4999999999999995559, 0.000000000000000000, 0.000000000000000000 ) ) ;
#2096 = EDGE_LOOP ( 'NONE', ( #7336, #1302, #7108, #5160 ) ) ;
#2097 = CARTESIAN_POINT ( 'NONE',  ( -0.3749999999999998890, 8.736600034718932761, -2.350000000000000089 ) ) ;
#2098 = VECTOR ( 'NONE', #7824, 1000.000000000000000 ) ;
#2099 = PRESENTATION_LAYER_ASSIGNMENT (  '', '', ( #4525 ) ) ;
#2100 = VECTOR ( 'NONE', #7929, 1000.000000000000000 ) ;
#2101 = STYLED_ITEM ( 'NONE', ( #3129 ), #3473 ) ;
#2102 = SURFACE_STYLE_USAGE ( .BOTH. , #205 ) ;
#2103 = EDGE_CURVE ( 'NONE', #1479, #7911, #2319, .T. ) ;
#2104 = ORIENTED_EDGE ( 'NONE', *, *, #7505, .T. ) ;
#2105 = UNCERTAINTY_MEASURE_WITH_UNIT (LENGTH_MEASURE( 1.000000000000000082E-05 ), #2634, 'distance_accuracy_value', 'NONE');
#2106 = CARTESIAN_POINT ( 'NONE',  ( 0.5000000000000004441, -4.299999999999999822, -2.250000000000000444 ) ) ;
#2107 = AXIS2_PLACEMENT_3D ( 'NONE', #6560, #6384, #2569 ) ;
#2108 = CARTESIAN_POINT ( 'NONE',  ( 2.000000000000000444, -5.100000000000000533, -0.2500000000000000555 ) ) ;
#2109 = SURFACE_STYLE_USAGE ( .BOTH. , #892 ) ;
#2110 =( GEOMETRIC_REPRESENTATION_CONTEXT ( 3 ) GLOBAL_UNCERTAINTY_ASSIGNED_CONTEXT ( ( #1772 ) ) GLOBAL_UNIT_ASSIGNED_CONTEXT ( ( #385, #985, #2277 ) ) REPRESENTATION_CONTEXT ( 'NONE', 'WORKASPACE' ) );
#2111 = VERTEX_POINT ( 'NONE', #7576 ) ;
#2112 = VECTOR ( 'NONE', #5487, 1000.000000000000000 ) ;
#2113 = FILL_AREA_STYLE ('',( #2144 ) ) ;
#2114 = SURFACE_SIDE_STYLE ('',( #6502 ) ) ;
#2115 = DIRECTION ( 'NONE',  ( -7.760429719096859345E-17, 1.000000000000000000, -0.000000000000000000 ) ) ;
#2116 = VERTEX_POINT ( 'NONE', #3539 ) ;
#2117 = CARTESIAN_POINT ( 'NONE',  ( -1.999999999999999556, -7.499999999999981348, -2.899999999999999911 ) ) ;
#2118 = CYLINDRICAL_SURFACE ( 'NONE', #7083, 0.2499999999999997780 ) ;
#2119 = SURFACE_STYLE_FILL_AREA ( #5623 ) ;
#2120 = CYLINDRICAL_SURFACE ( 'NONE', #7608, 1.849999999999999867 ) ;
#2121 = ORIENTED_EDGE ( 'NONE', *, *, #1661, .F. ) ;
#2122 = AXIS2_PLACEMENT_3D ( 'NONE', #860, #3985, #4043 ) ;
#2123 =( NAMED_UNIT ( * ) PLANE_ANGLE_UNIT ( ) SI_UNIT ( $, .RADIAN. ) );
#2124 = DIRECTION ( 'NONE',  ( 0.000000000000000000, 0.000000000000000000, -1.000000000000000000 ) ) ;
#2125 = ORIENTED_EDGE ( 'NONE', *, *, #5819, .T. ) ;
#2126 = ADVANCED_FACE ( 'NONE', ( #954 ), #4340, .T. ) ;
#2127 = LINE ( 'NONE', #3733, #461 ) ;
#2128 = VECTOR ( 'NONE', #301, 1000.000000000000000 ) ;
#2129 = DIRECTION ( 'NONE',  ( -1.000000000000000000, 0.000000000000000000, -0.000000000000000000 ) ) ;
#2130 = LINE ( 'NONE', #7554, #47 ) ;
#2131 = DIRECTION ( 'NONE',  ( -1.000000000000000000, 0.000000000000000000, 0.000000000000000000 ) ) ;
#2132 = DIRECTION ( 'NONE',  ( -1.224646799147353207E-16, -9.503785415499962024E-33, 1.000000000000000000 ) ) ;
#2133 = AXIS2_PLACEMENT_3D ( 'NONE', #7662, #2458, #110 ) ;
#2134 = LINE ( 'NONE', #1378, #664 ) ;
#2135 =( LENGTH_UNIT ( ) NAMED_UNIT ( * ) SI_UNIT ( .MILLI., .METRE. ) );
#2136 = ADVANCED_FACE ( 'NONE', ( #646 ), #7200, .T. ) ;
#2137 = SURFACE_SIDE_STYLE ('',( #4634 ) ) ;
#2138 = SURFACE_STYLE_USAGE ( .BOTH. , #828 ) ;
#2139 = VERTEX_POINT ( 'NONE', #1849 ) ;
#2140 = CARTESIAN_POINT ( 'NONE',  ( -2.999999999999999556, -4.599999999999999645, -3.099999999999999645 ) ) ;
#2141 = EDGE_CURVE ( 'NONE', #5816, #4074, #5808, .T. ) ;
#2142 = CARTESIAN_POINT ( 'NONE',  ( 0.9038433570372466086, 0.2999999999999991562, 3.299999999999999822 ) ) ;
#2143 = FACE_OUTER_BOUND ( 'NONE', #1747, .T. ) ;
#2144 = FILL_AREA_STYLE_COLOUR ( '', #7189 ) ;
#2145 = ORIENTED_EDGE ( 'NONE', *, *, #5716, .T. ) ;
#2146 =( LENGTH_UNIT ( ) NAMED_UNIT ( * ) SI_UNIT ( .MILLI., .METRE. ) );
#2147 =( NAMED_UNIT ( * ) SI_UNIT ( $, .STERADIAN. ) SOLID_ANGLE_UNIT ( ) );
#2148 = APPLICATION_PROTOCOL_DEFINITION ( 'draft international standard', 'automotive_design', 1998, #4115 ) ;
#2149 = ORIENTED_EDGE ( 'NONE', *, *, #5819, .F. ) ;
#2150 = CARTESIAN_POINT ( 'NONE',  ( 3.900000000000000799, -1.200000000000000400, 2.350000000000000089 ) ) ;
#2151 = CARTESIAN_POINT ( 'NONE',  ( 3.000000000000000444, -4.500000000000000888, -2.899999999999999023 ) ) ;
#2152 = ORIENTED_EDGE ( 'NONE', *, *, #3596, .T. ) ;
#2153 = STYLED_ITEM ( 'NONE', ( #6695 ), #6434 ) ;
#2154 = AXIS2_PLACEMENT_3D ( 'NONE', #7816, #3991, #3428 ) ;
#2155 = FILL_AREA_STYLE ('',( #3495 ) ) ;
#2156 = ORIENTED_EDGE ( 'NONE', *, *, #3122, .T. ) ;
#2157 = UNCERTAINTY_MEASURE_WITH_UNIT (LENGTH_MEASURE( 1.000000000000000082E-05 ), #769, 'distance_accuracy_value', 'NONE');
#2158 = PRESENTATION_LAYER_ASSIGNMENT (  '', '', ( #5736 ) ) ;
#2159 =( NAMED_UNIT ( * ) PLANE_ANGLE_UNIT ( ) SI_UNIT ( $, .RADIAN. ) );
#2160 = EDGE_LOOP ( 'NONE', ( #7355, #1895, #2697, #3446 ) ) ;
#2161 =( GEOMETRIC_REPRESENTATION_CONTEXT ( 3 ) GLOBAL_UNCERTAINTY_ASSIGNED_CONTEXT ( ( #3745 ) ) GLOBAL_UNIT_ASSIGNED_CONTEXT ( ( #2615, #3164, #3249 ) ) REPRESENTATION_CONTEXT ( 'NONE', 'WORKASPACE' ) );
#2162 = CARTESIAN_POINT ( 'NONE',  ( 2.000000000000000444, -4.399999999999999467, -3.000000000000000000 ) ) ;
#2163 = DIRECTION ( 'NONE',  ( -1.000000000000000000, -7.760429719096859345E-17, 0.000000000000000000 ) ) ;
#2164 = DIRECTION ( 'NONE',  ( 0.000000000000000000, 0.000000000000000000, 1.000000000000000000 ) ) ;
#2165 = EDGE_CURVE ( 'NONE', #3928, #3348, #1429, .T. ) ;
#2166 =( NAMED_UNIT ( * ) SI_UNIT ( $, .STERADIAN. ) SOLID_ANGLE_UNIT ( ) );
#2167 = PRESENTATION_LAYER_ASSIGNMENT (  '', '', ( #643 ) ) ;
#2168 = AXIS2_PLACEMENT_3D ( 'NONE', #5052, #167, #3965 ) ;
#2169 = VERTEX_POINT ( 'NONE', #8207 ) ;
#2170 =( NAMED_UNIT ( * ) SI_UNIT ( $, .STERADIAN. ) SOLID_ANGLE_UNIT ( ) );
#2171 =( NAMED_UNIT ( * ) PLANE_ANGLE_UNIT ( ) SI_UNIT ( $, .RADIAN. ) );
#2172 = FACE_OUTER_BOUND ( 'NONE', #2699, .T. ) ;
#2173 = APPLICATION_CONTEXT ( 'automotive_design' ) ;
#2174 = ADVANCED_FACE ( 'NONE', ( #6292 ), #6888, .F. ) ;
#2175 =( NAMED_UNIT ( * ) PLANE_ANGLE_UNIT ( ) SI_UNIT ( $, .RADIAN. ) );
#2176 = DIRECTION ( 'NONE',  ( 0.000000000000000000, 0.000000000000000000, 1.000000000000000000 ) ) ;
#2177 = CARTESIAN_POINT ( 'NONE',  ( 2.000000000000000444, -4.400000000000000355, -2.899999999999999911 ) ) ;
#2178 = CIRCLE ( 'NONE', #6765, 1.850000000000000533 ) ;
#2179 = EDGE_CURVE ( 'NONE', #5865, #5984, #7005, .T. ) ;
#2180 = VERTEX_POINT ( 'NONE', #6266 ) ;
#2181 = MECHANICAL_DESIGN_GEOMETRIC_PRESENTATION_REPRESENTATION (  '', ( #5437 ), #6286 ) ;
#2182 = FILL_AREA_STYLE_COLOUR ( '', #5091 ) ;
#2183 = DIRECTION ( 'NONE',  ( 0.000000000000000000, 0.000000000000000000, 1.000000000000000000 ) ) ;
#2184 = CARTESIAN_POINT ( 'NONE',  ( -2.500000000000000888, 3.049000000000001265, 3.252606517456513795E-16 ) ) ;
#2185 = VERTEX_POINT ( 'NONE', #3089 ) ;
#2186 = EDGE_CURVE ( 'NONE', #8109, #6858, #5297, .T. ) ;
#2187 = ORIENTED_EDGE ( 'NONE', *, *, #2501, .T. ) ;
#2188 = COLOUR_RGB ( '',0.5019607843137254832, 1.000000000000000000, 0.5019607843137254832 ) ;
#2189 = LINE ( 'NONE', #3850, #1595 ) ;
#2190 = SURFACE_SIDE_STYLE ('',( #3825 ) ) ;
#2191 = CARTESIAN_POINT ( 'NONE',  ( 0.6669697220175840879, 3.580670084156469368, -0.2499999999999997224 ) ) ;
#2192 = FACE_OUTER_BOUND ( 'NONE', #5850, .T. ) ;
#2193 = FILL_AREA_STYLE ('',( #5341 ) ) ;
#2194 = SURFACE_SIDE_STYLE ('',( #3908 ) ) ;
#2195 = COLOUR_RGB ( '',1.000000000000000000, 1.000000000000000000, 0.7529411764705882248 ) ;
#2196 = VERTEX_POINT ( 'NONE', #7548 ) ;
#2197 = VECTOR ( 'NONE', #5954, 1000.000000000000000 ) ;
#2198 = SURFACE_SIDE_STYLE ('',( #1347 ) ) ;
#2199 = PRESENTATION_STYLE_ASSIGNMENT (( #1553 ) ) ;
#2200 = SURFACE_SIDE_STYLE ('',( #109 ) ) ;
#2201 =( NAMED_UNIT ( * ) SI_UNIT ( $, .STERADIAN. ) SOLID_ANGLE_UNIT ( ) );
#2202 = MECHANICAL_DESIGN_GEOMETRIC_PRESENTATION_REPRESENTATION (  '', ( #5891 ), #1057 ) ;
#2203 = FILL_AREA_STYLE_COLOUR ( '', #286 ) ;
#2204 = MECHANICAL_DESIGN_GEOMETRIC_PRESENTATION_REPRESENTATION (  '', ( #3098 ), #5950 ) ;
#2205 = ORIENTED_EDGE ( 'NONE', *, *, #7183, .F. ) ;
#2206 = AXIS2_PLACEMENT_3D ( 'NONE', #1389, #220, #1438 ) ;
#2207 = VECTOR ( 'NONE', #1531, 1000.000000000000114 ) ;
#2208 = VECTOR ( 'NONE', #631, 1000.000000000000000 ) ;
#2209 =( LENGTH_UNIT ( ) NAMED_UNIT ( * ) SI_UNIT ( .MILLI., .METRE. ) );
#2210 = ORIENTED_EDGE ( 'NONE', *, *, #6630, .F. ) ;
#2211 = SURFACE_SIDE_STYLE ('',( #2612 ) ) ;
#2212 = EDGE_LOOP ( 'NONE', ( #28, #6338, #5957, #7442 ) ) ;
#2213 = FILL_AREA_STYLE ('',( #6660 ) ) ;
#2214 = ORIENTED_EDGE ( 'NONE', *, *, #7578, .T. ) ;
#2216 = FACE_OUTER_BOUND ( 'NONE', #4222, .T. ) ;
#2215 = MECHANICAL_DESIGN_GEOMETRIC_PRESENTATION_REPRESENTATION (  '', ( #374 ), #1260 ) ;
#2217 = ORIENTED_EDGE ( 'NONE', *, *, #4814, .T. ) ;
#2218 = COLOUR_RGB ( '',1.000000000000000000, 1.000000000000000000, 0.7529411764705882248 ) ;
#2219 = EDGE_CURVE ( 'NONE', #4486, #2889, #8182, .T. ) ;
#2220 = ADVANCED_FACE ( 'NONE', ( #3207 ), #23, .T. ) ;
#2221 = EDGE_LOOP ( 'NONE', ( #2404, #1096, #6894, #4826 ) ) ;
#2222 = DIRECTION ( 'NONE',  ( -1.000000000000000000, 0.000000000000000000, 0.000000000000000000 ) ) ;
#2223 = MECHANICAL_DESIGN_GEOMETRIC_PRESENTATION_REPRESENTATION (  '', ( #2321 ), #5809 ) ;
#2224 = FILL_AREA_STYLE ('',( #5284 ) ) ;
#2225 = FACE_OUTER_BOUND ( 'NONE', #1314, .T. ) ;
#2226 =( GEOMETRIC_REPRESENTATION_CONTEXT ( 3 ) GLOBAL_UNCERTAINTY_ASSIGNED_CONTEXT ( ( #2991 ) ) GLOBAL_UNIT_ASSIGNED_CONTEXT ( ( #5914, #244, #3423 ) ) REPRESENTATION_CONTEXT ( 'NONE', 'WORKASPACE' ) );
#2227 = VECTOR ( 'NONE', #3652, 1000.000000000000000 ) ;
#2228 = VERTEX_POINT ( 'NONE', #666 ) ;
#2229 = FACE_OUTER_BOUND ( 'NONE', #5744, .T. ) ;
#2230 = CARTESIAN_POINT ( 'NONE',  ( -4.500000000000000000, 0.4000000000000011324, 2.250000000000000000 ) ) ;
#2231 = CARTESIAN_POINT ( 'NONE',  ( 4.408714453178073533, 0.1976814730569580736, 3.248840736528478601 ) ) ;
#2232 = FACE_OUTER_BOUND ( 'NONE', #6941, .T. ) ;
#2233 = EDGE_CURVE ( 'NONE', #2185, #3179, #4318, .T. ) ;
#2234 = CARTESIAN_POINT ( 'NONE',  ( 0.000000000000000000, 0.000000000000000000, 0.000000000000000000 ) ) ;
#2235 = VECTOR ( 'NONE', #2535, 1000.000000000000000 ) ;
#2236 = AXIS2_PLACEMENT_3D ( 'NONE', #1030, #5974, #6620 ) ;
#2237 = EDGE_CURVE ( 'NONE', #6248, #6897, #3409, .T. ) ;
#2238 = CARTESIAN_POINT ( 'NONE',  ( -0.6669697220176644681, 3.049000000000001265, -0.2499999999999996669 ) ) ;
#2239 = CARTESIAN_POINT ( 'NONE',  ( -0.5566987298107781701, 4.975000000000002309, 2.379857680316216674E-16 ) ) ;
#2240 = LINE ( 'NONE', #4126, #4346 ) ;
#2241 = CARTESIAN_POINT ( 'NONE',  ( -5.000000000000001776, -1.000000000000000000, 0.000000000000000000 ) ) ;
#2242 = EDGE_CURVE ( 'NONE', #5755, #3928, #6398, .T. ) ;
#2243 = SURFACE_SIDE_STYLE ('',( #709 ) ) ;
#2244 = ORIENTED_EDGE ( 'NONE', *, *, #2599, .F. ) ;
#2245 = UNCERTAINTY_MEASURE_WITH_UNIT (LENGTH_MEASURE( 1.000000000000000082E-05 ), #5853, 'distance_accuracy_value', 'NONE');
#2246 = ORIENTED_EDGE ( 'NONE', *, *, #6462, .F. ) ;
#2247 =( LENGTH_UNIT ( ) NAMED_UNIT ( * ) SI_UNIT ( .MILLI., .METRE. ) );
#2248 = CARTESIAN_POINT ( 'NONE',  ( -2.749999999999999556, -2.999999999999998668, -3.499999999999999112 ) ) ;
#2249 = CARTESIAN_POINT ( 'NONE',  ( -2.500000000000000444, 3.949000000000001176, 3.252606517456513795E-16 ) ) ;
#2250 = STYLED_ITEM ( 'NONE', ( #8061 ), #2717 ) ;
#2251 = ORIENTED_EDGE ( 'NONE', *, *, #3632, .F. ) ;
#2252 = FILL_AREA_STYLE_COLOUR ( '', #3628 ) ;
#2253 = FACE_OUTER_BOUND ( 'NONE', #897, .T. ) ;
#2254 = LINE ( 'NONE', #1329, #6334 ) ;
#2255 = ORIENTED_EDGE ( 'NONE', *, *, #5337, .T. ) ;
#2256 = CARTESIAN_POINT ( 'NONE',  ( 4.445955351399304867, 0.2999999999999991562, 3.414395590801142966 ) ) ;
#2257 = PLANE ( 'NONE',  #2236 ) ;
#2258 = DIRECTION ( 'NONE',  ( 0.000000000000000000, -0.000000000000000000, -1.000000000000000000 ) ) ;
#2259 = ADVANCED_FACE ( 'NONE', ( #6608 ), #2594, .F. ) ;
#2260 = CARTESIAN_POINT ( 'NONE',  ( 4.500000000000000888, 0.4000000000000011324, 2.250000000000000000 ) ) ;
#2261 = EDGE_LOOP ( 'NONE', ( #5338, #8056, #4903 ) ) ;
#2262 =( NAMED_UNIT ( * ) SI_UNIT ( $, .STERADIAN. ) SOLID_ANGLE_UNIT ( ) );
#2263 = UNCERTAINTY_MEASURE_WITH_UNIT (LENGTH_MEASURE( 1.000000000000000082E-05 ), #4833, 'distance_accuracy_value', 'NONE');
#2264 =( GEOMETRIC_REPRESENTATION_CONTEXT ( 3 ) GLOBAL_UNCERTAINTY_ASSIGNED_CONTEXT ( ( #6345 ) ) GLOBAL_UNIT_ASSIGNED_CONTEXT ( ( #2837, #2175, #2856 ) ) REPRESENTATION_CONTEXT ( 'NONE', 'WORKASPACE' ) );
#2265 =( GEOMETRIC_REPRESENTATION_CONTEXT ( 3 ) GLOBAL_UNCERTAINTY_ASSIGNED_CONTEXT ( ( #5791 ) ) GLOBAL_UNIT_ASSIGNED_CONTEXT ( ( #4885, #2159, #407 ) ) REPRESENTATION_CONTEXT ( 'NONE', 'WORKASPACE' ) );
#2266 = DIRECTION ( 'NONE',  ( 1.000000000000000000, -0.000000000000000000, 0.000000000000000000 ) ) ;
#2267 = EDGE_CURVE ( 'NONE', #6511, #4659, #1817, .T. ) ;
#2268 = VERTEX_POINT ( 'NONE', #6380 ) ;
#2269 = ORIENTED_EDGE ( 'NONE', *, *, #5068, .T. ) ;
#2270 = VECTOR ( 'NONE', #2067, 1000.000000000000000 ) ;
#2271 = MECHANICAL_DESIGN_GEOMETRIC_PRESENTATION_REPRESENTATION (  '', ( #3234 ), #3118 ) ;
#2272 = EDGE_CURVE ( 'NONE', #6544, #2886, #7296, .T. ) ;
#2273 = DIRECTION ( 'NONE',  ( 7.760429719096859345E-17, -1.000000000000000000, 0.000000000000000000 ) ) ;
#2274 = FACE_OUTER_BOUND ( 'NONE', #7791, .T. ) ;
#2275 = CARTESIAN_POINT ( 'NONE',  ( 2.000000000000000444, -1.699999999999999734, -2.999999999999999556 ) ) ;
#2276 = VERTEX_POINT ( 'NONE', #745 ) ;
#2277 =( NAMED_UNIT ( * ) SI_UNIT ( $, .STERADIAN. ) SOLID_ANGLE_UNIT ( ) );
#2278 = PRESENTATION_LAYER_ASSIGNMENT (  '', '', ( #8094 ) ) ;
#2279 = FILL_AREA_STYLE_COLOUR ( '', #1189 ) ;
#2280 = CARTESIAN_POINT ( 'NONE',  ( -1.999999999999999556, -1.699999999999999067, -2.899999999999999911 ) ) ;
#2281 = PRESENTATION_STYLE_ASSIGNMENT (( #4905 ) ) ;
#2282 = VERTEX_POINT ( 'NONE', #7036 ) ;
#2283 = SURFACE_STYLE_FILL_AREA ( #7253 ) ;
#2284 = PLANE ( 'NONE',  #3540 ) ;
#2285 = LINE ( 'NONE', #4607, #4896 ) ;
#2286 = SURFACE_STYLE_USAGE ( .BOTH. , #1010 ) ;
#2287 = DIRECTION ( 'NONE',  ( 0.000000000000000000, 0.000000000000000000, 1.000000000000000000 ) ) ;
#2288 = EDGE_CURVE ( 'NONE', #7397, #6078, #7777, .T. ) ;
#2289 = VERTEX_POINT ( 'NONE', #6439 ) ;
#2290 = SURFACE_STYLE_FILL_AREA ( #1342 ) ;
#2291 = AXIS2_PLACEMENT_3D ( 'NONE', #5056, #8145, #1243 ) ;
#2292 = DIRECTION ( 'NONE',  ( 0.000000000000000000, -0.000000000000000000, 1.000000000000000000 ) ) ;
#2293 = ORIENTED_EDGE ( 'NONE', *, *, #3769, .T. ) ;
#2294 = CIRCLE ( 'NONE', #6424, 1.349999999999999645 ) ;
#2295 = CARTESIAN_POINT ( 'NONE',  ( 3.000000000000000444, -4.599999999999996980, -3.499999999999999112 ) ) ;
#2296 = DIRECTION ( 'NONE',  ( 0.000000000000000000, -0.000000000000000000, -1.000000000000000000 ) ) ;
#2297 = LINE ( 'NONE', #4308, #1992 ) ;
#2298 = PRESENTATION_STYLE_ASSIGNMENT (( #6962 ) ) ;
#2299 = EDGE_CURVE ( 'NONE', #718, #6544, #3798, .T. ) ;
#2300 = ORIENTED_EDGE ( 'NONE', *, *, #1539, .T. ) ;
#2301 = DIRECTION ( 'NONE',  ( 0.000000000000000000, 0.000000000000000000, 1.000000000000000000 ) ) ;
#2302 = DIRECTION ( 'NONE',  ( -0.000000000000000000, 1.000000000000000000, -0.000000000000000000 ) ) ;
#2303 = VECTOR ( 'NONE', #1822, 1000.000000000000000 ) ;
#2304 = PLANE ( 'NONE',  #5894 ) ;
#2305 = ORIENTED_EDGE ( 'NONE', *, *, #3523, .T. ) ;
#2306 = CIRCLE ( 'NONE', #3225, 1.899999999999999689 ) ;
#2307 = PRESENTATION_LAYER_ASSIGNMENT (  '', '', ( #4512 ) ) ;
#2308 = UNCERTAINTY_MEASURE_WITH_UNIT (LENGTH_MEASURE( 1.000000000000000082E-05 ), #4718, 'distance_accuracy_value', 'NONE');
#2309 = COLOUR_RGB ( '',0.5019607843137254832, 1.000000000000000000, 0.5019607843137254832 ) ;
#2310 =( NAMED_UNIT ( * ) SI_UNIT ( $, .STERADIAN. ) SOLID_ANGLE_UNIT ( ) );
#2311 = STYLED_ITEM ( 'NONE', ( #1267 ), #3174 ) ;
#2312 = LINE ( 'NONE', #8121, #2112 ) ;
#2313 = FILL_AREA_STYLE_COLOUR ( '', #2398 ) ;
#2314 =( NAMED_UNIT ( * ) PLANE_ANGLE_UNIT ( ) SI_UNIT ( $, .RADIAN. ) );
#2315 = ORIENTED_EDGE ( 'NONE', *, *, #4961, .T. ) ;
#2316 = CARTESIAN_POINT ( 'NONE',  ( 3.000000000000000444, 0.9200000000000028155, -3.499999999999999556 ) ) ;
#2317 = EDGE_CURVE ( 'NONE', #1048, #3496, #1036, .T. ) ;
#2318 = COLOUR_RGB ( '',1.000000000000000000, 1.000000000000000000, 0.7529411764705882248 ) ;
#2319 = LINE ( 'NONE', #3007, #1335 ) ;
#2320 = SURFACE_STYLE_FILL_AREA ( #5773 ) ;
#2321 = STYLED_ITEM ( 'NONE', ( #2431 ), #4705 ) ;
#2322 = VERTEX_POINT ( 'NONE', #8230 ) ;
#2323 =( NAMED_UNIT ( * ) SI_UNIT ( $, .STERADIAN. ) SOLID_ANGLE_UNIT ( ) );
#2324 = FACE_OUTER_BOUND ( 'NONE', #8213, .T. ) ;
#2325 = ORIENTED_EDGE ( 'NONE', *, *, #6817, .T. ) ;
#2326 = CIRCLE ( 'NONE', #4869, 0.04999999999999969746 ) ;
#2327 = LINE ( 'NONE', #3275, #7218 ) ;
#2328 = FACE_OUTER_BOUND ( 'NONE', #3765, .T. ) ;
#2329 = EDGE_CURVE ( 'NONE', #141, #2196, #1218, .T. ) ;
#2330 = VECTOR ( 'NONE', #7409, 1000.000000000000114 ) ;
#2331 = FACE_OUTER_BOUND ( 'NONE', #4394, .T. ) ;
#2332 = STYLED_ITEM ( 'NONE', ( #8197 ), #908 ) ;
#2333 = SURFACE_STYLE_USAGE ( .BOTH. , #2757 ) ;
#2334 = PRESENTATION_LAYER_ASSIGNMENT (  '', '', ( #7190 ) ) ;
#2335 = CARTESIAN_POINT ( 'NONE',  ( 0.000000000000000000, -5.000000000000000000, 3.049999999999999822 ) ) ;
#2336 = VECTOR ( 'NONE', #6227, 1000.000000000000000 ) ;
#2337 = COLOUR_RGB ( '',1.000000000000000000, 1.000000000000000000, 0.7529411764705882248 ) ;
#2338 = DIRECTION ( 'NONE',  ( -0.2492435693639526995, -0.6847910787717350622, -0.6847910787717373937 ) ) ;
#2339 = COLOUR_RGB ( '',0.5019607843137254832, 1.000000000000000000, 0.5019607843137254832 ) ;
#2340 =( NAMED_UNIT ( * ) PLANE_ANGLE_UNIT ( ) SI_UNIT ( $, .RADIAN. ) );
#2341 = ORIENTED_EDGE ( 'NONE', *, *, #2885, .T. ) ;
#2342 = EDGE_CURVE ( 'NONE', #3565, #6959, #5196, .T. ) ;
#2343 = FILL_AREA_STYLE_COLOUR ( '', #4135 ) ;
#2344 = ADVANCED_FACE ( 'NONE', ( #3504 ), #5840, .T. ) ;
#2345 = VERTEX_POINT ( 'NONE', #6464 ) ;
#2346 = PLANE ( 'NONE',  #886 ) ;
#2347 = EDGE_CURVE ( 'NONE', #4044, #3456, #2407, .T. ) ;
#2348 = FILL_AREA_STYLE_COLOUR ( '', #3503 ) ;
#2349 = EDGE_LOOP ( 'NONE', ( #7407, #7245, #4828 ) ) ;
#2350 = LINE ( 'NONE', #7054, #3244 ) ;
#2351 = VECTOR ( 'NONE', #3995, 1000.000000000000000 ) ;
#2352 = ORIENTED_EDGE ( 'NONE', *, *, #6328, .F. ) ;
#2353 = VECTOR ( 'NONE', #2884, 1000.000000000000000 ) ;
#2354 = CIRCLE ( 'NONE', #1624, 1.574999999999999734 ) ;
#2355 = ORIENTED_EDGE ( 'NONE', *, *, #4731, .F. ) ;
#2356 = DIRECTION ( 'NONE',  ( 1.000000000000000000, -0.000000000000000000, -0.000000000000000000 ) ) ;
#2357 = DIRECTION ( 'NONE',  ( 0.000000000000000000, 0.000000000000000000, 1.000000000000000000 ) ) ;
#2358 = CARTESIAN_POINT ( 'NONE',  ( 2.499999999999999556, 3.949000000000001176, 3.252606517456513795E-16 ) ) ;
#2359 = PRESENTATION_LAYER_ASSIGNMENT (  '', '', ( #134 ) ) ;
#2360 = VERTEX_POINT ( 'NONE', #6550 ) ;
#2361 = DIRECTION ( 'NONE',  ( -0.000000000000000000, -0.000000000000000000, 1.000000000000000000 ) ) ;
#2362 = PRESENTATION_LAYER_ASSIGNMENT (  '', '', ( #3057 ) ) ;
#2363 = PLANE ( 'NONE',  #3950 ) ;
#2364 = STYLED_ITEM ( 'NONE', ( #3197 ), #5972 ) ;
#2365 = CARTESIAN_POINT ( 'NONE',  ( -1.999999999999999556, -1.000000000000000000, -3.499999999999999556 ) ) ;
#2366 = CARTESIAN_POINT ( 'NONE',  ( 2.000000000000000444, -1.099999999999998979, -2.250000000000000000 ) ) ;
#2367 = ORIENTED_EDGE ( 'NONE', *, *, #7321, .F. ) ;
#2368 = ORIENTED_EDGE ( 'NONE', *, *, #369, .T. ) ;
#2369 =( GEOMETRIC_REPRESENTATION_CONTEXT ( 3 ) GLOBAL_UNCERTAINTY_ASSIGNED_CONTEXT ( ( #2157 ) ) GLOBAL_UNIT_ASSIGNED_CONTEXT ( ( #769, #3256, #3868 ) ) REPRESENTATION_CONTEXT ( 'NONE', 'WORKASPACE' ) );
#2370 = MECHANICAL_DESIGN_GEOMETRIC_PRESENTATION_REPRESENTATION (  '', ( #4369 ), #2655 ) ;
#2371 = SURFACE_SIDE_STYLE ('',( #1607 ) ) ;
#2372 = SURFACE_STYLE_USAGE ( .BOTH. , #4881 ) ;
#2373 = FILL_AREA_STYLE ('',( #1633 ) ) ;
#2374 = EDGE_CURVE ( 'NONE', #7691, #7011, #3199, .T. ) ;
#2375 = DIRECTION ( 'NONE',  ( 0.000000000000000000, 0.1643989873053576800, -0.9863939238321436376 ) ) ;
#2376 = AXIS2_PLACEMENT_3D ( 'NONE', #7626, #1206, #6377 ) ;
#2377 = PRESENTATION_STYLE_ASSIGNMENT (( #3526 ) ) ;
#2378 = MECHANICAL_DESIGN_GEOMETRIC_PRESENTATION_REPRESENTATION (  '', ( #6669 ), #6223 ) ;
#2379 = ORIENTED_EDGE ( 'NONE', *, *, #2701, .F. ) ;
#2380 = SURFACE_STYLE_FILL_AREA ( #5746 ) ;
#2381 = UNCERTAINTY_MEASURE_WITH_UNIT (LENGTH_MEASURE( 1.000000000000000082E-05 ), #8194, 'distance_accuracy_value', 'NONE');
#2382 = CARTESIAN_POINT ( 'NONE',  ( 2.499999999999999556, 0.4000000000000010214, 1.199999999999999956 ) ) ;
#2383 = DIRECTION ( 'NONE',  ( -7.760429719096859345E-17, 1.000000000000000000, 0.000000000000000000 ) ) ;
#2384 = SURFACE_STYLE_USAGE ( .BOTH. , #3669 ) ;
#2385 = ORIENTED_EDGE ( 'NONE', *, *, #2018, .T. ) ;
#2387 = EDGE_CURVE ( 'NONE', #8185, #7528, #2001, .T. ) ;
#2386 = CARTESIAN_POINT ( 'NONE',  ( 3.000000000000000444, -2.999999999999998668, -3.499999999999999112 ) ) ;
#2388 = VERTEX_POINT ( 'NONE', #3962 ) ;
#2389 = ORIENTED_EDGE ( 'NONE', *, *, #4435, .F. ) ;
#2390 = COLOUR_RGB ( '',1.000000000000000000, 1.000000000000000000, 0.7529411764705882248 ) ;
#2391 = AXIS2_PLACEMENT_3D ( 'NONE', #4104, #4299, #4781 ) ;
#2392 = CARTESIAN_POINT ( 'NONE',  ( 2.000000000000000444, -1.499999999999999334, -3.099999999999999645 ) ) ;
#2393 =( NAMED_UNIT ( * ) SI_UNIT ( $, .STERADIAN. ) SOLID_ANGLE_UNIT ( ) );
#2394 = COLOUR_RGB ( '',0.5019607843137254832, 1.000000000000000000, 0.5019607843137254832 ) ;
#2395 = DIRECTION ( 'NONE',  ( -1.000000000000000000, 0.000000000000000000, -0.000000000000000000 ) ) ;
#2396 = CARTESIAN_POINT ( 'NONE',  ( 2.499999999999999556, 2.650000000000000799, 3.252606517456513795E-16 ) ) ;
#2397 = VERTEX_POINT ( 'NONE', #1512 ) ;
#2398 = COLOUR_RGB ( '',1.000000000000000000, 1.000000000000000000, 0.7529411764705882248 ) ;
#2399 = LINE ( 'NONE', #1179, #2303 ) ;
#2400 = CARTESIAN_POINT ( 'NONE',  ( 2.823673019291535802, -8.500000000000000000, 0.2500000000000004996 ) ) ;
#2401 = CARTESIAN_POINT ( 'NONE',  ( 2.000000000000000444, -5.100000000000000533, -0.2500000000000000555 ) ) ;
#2402 = CARTESIAN_POINT ( 'NONE',  ( 2.499999999999999556, 0.4000000000000008549, 3.252606517456513795E-16 ) ) ;
#2403 =( LENGTH_UNIT ( ) NAMED_UNIT ( * ) SI_UNIT ( .MILLI., .METRE. ) );
#2404 = ORIENTED_EDGE ( 'NONE', *, *, #1232, .F. ) ;
#2405 = CYLINDRICAL_SURFACE ( 'NONE', #3330, 1.574999999999999956 ) ;
#2406 = LINE ( 'NONE', #2668, #2207 ) ;
#2407 = LINE ( 'NONE', #1320, #6997 ) ;
#2408 = FACE_OUTER_BOUND ( 'NONE', #2714, .T. ) ;
#2409 = ORIENTED_EDGE ( 'NONE', *, *, #5222, .T. ) ;
#2410 = SURFACE_STYLE_USAGE ( .BOTH. , #2442 ) ;
#2411 = UNCERTAINTY_MEASURE_WITH_UNIT (LENGTH_MEASURE( 1.000000000000000082E-05 ), #3279, 'distance_accuracy_value', 'NONE');
#2412 = CARTESIAN_POINT ( 'NONE',  ( -4.500000000000000000, 0.4000000000000011324, 2.250000000000000000 ) ) ;
#2413 = ORIENTED_EDGE ( 'NONE', *, *, #4907, .F. ) ;
#2414 = SURFACE_STYLE_FILL_AREA ( #4378 ) ;
#2415 = FILL_AREA_STYLE ('',( #3029 ) ) ;
#2416 = DIRECTION ( 'NONE',  ( 0.000000000000000000, 1.356383034802549850E-16, 1.000000000000000000 ) ) ;
#2417 = ORIENTED_EDGE ( 'NONE', *, *, #7053, .F. ) ;
#2418 = DIRECTION ( 'NONE',  ( 0.000000000000000000, -0.9863939238321436376, -0.1643989873053577078 ) ) ;
#2419 = ORIENTED_EDGE ( 'NONE', *, *, #4435, .T. ) ;
#2420 = DIRECTION ( 'NONE',  ( -1.000000000000000000, 0.000000000000000000, 0.000000000000000000 ) ) ;
#2422 = SURFACE_STYLE_FILL_AREA ( #6978 ) ;
#2421 =( GEOMETRIC_REPRESENTATION_CONTEXT ( 3 ) GLOBAL_UNCERTAINTY_ASSIGNED_CONTEXT ( ( #6001 ) ) GLOBAL_UNIT_ASSIGNED_CONTEXT ( ( #6753, #1762, #2933 ) ) REPRESENTATION_CONTEXT ( 'NONE', 'WORKASPACE' ) );
#2423 = PRESENTATION_STYLE_ASSIGNMENT (( #2700 ) ) ;
#2424 = FACE_OUTER_BOUND ( 'NONE', #6301, .T. ) ;
#2425 = SURFACE_SIDE_STYLE ('',( #4231 ) ) ;
#2426 = STYLED_ITEM ( 'NONE', ( #6929 ), #3431 ) ;
#2427 = PRESENTATION_STYLE_ASSIGNMENT (( #4844 ) ) ;
#2428 =( NAMED_UNIT ( * ) PLANE_ANGLE_UNIT ( ) SI_UNIT ( $, .RADIAN. ) );
#2429 = ORIENTED_EDGE ( 'NONE', *, *, #4413, .T. ) ;
#2430 = DIRECTION ( 'NONE',  ( -1.000000000000000000, -0.000000000000000000, -0.000000000000000000 ) ) ;
#2431 = PRESENTATION_STYLE_ASSIGNMENT (( #5777 ) ) ;
#2432 = STYLED_ITEM ( 'NONE', ( #2051 ), #4282 ) ;
#2433 = SURFACE_STYLE_USAGE ( .BOTH. , #3823 ) ;
#2434 = SURFACE_STYLE_FILL_AREA ( #5011 ) ;
#2435 = LINE ( 'NONE', #3080, #7520 ) ;
#2436 = CARTESIAN_POINT ( 'NONE',  ( 4.333030277982335754, 3.448999999999818655, 0.2500000000000003331 ) ) ;
#2437 = COLOUR_RGB ( '',1.000000000000000000, 1.000000000000000000, 0.7529411764705882248 ) ;
#2438 = LINE ( 'NONE', #153, #5134 ) ;
#2439 = FACE_OUTER_BOUND ( 'NONE', #4252, .T. ) ;
#2440 = VERTEX_POINT ( 'NONE', #213 ) ;
#2441 = PRESENTATION_LAYER_ASSIGNMENT (  '', '', ( #7869 ) ) ;
#2442 = SURFACE_SIDE_STYLE ('',( #4761 ) ) ;
#2443 = DIRECTION ( 'NONE',  ( -0.000000000000000000, 1.000000000000000000, -1.505836350674312974E-16 ) ) ;
#2444 = CARTESIAN_POINT ( 'NONE',  ( 4.500000000000000888, -4.299999999999999822, 2.250000000000000444 ) ) ;
#2445 = VERTEX_POINT ( 'NONE', #774 ) ;
#2446 = DIRECTION ( 'NONE',  ( -7.760429719096859345E-17, 1.000000000000000000, -0.000000000000000000 ) ) ;
#2447 = EDGE_CURVE ( 'NONE', #2360, #7750, #4911, .T. ) ;
#2448 = DIRECTION ( 'NONE',  ( -1.000000000000000000, -7.760429719096859345E-17, 0.000000000000000000 ) ) ;
#2449 = DIRECTION ( 'NONE',  ( -0.1736481776669271948, -0.9848077530122086864, 1.570192213671183109E-16 ) ) ;
#2450 = AXIS2_PLACEMENT_3D ( 'NONE', #6520, #1449, #794 ) ;
#2451 = FILL_AREA_STYLE ('',( #5622 ) ) ;
#2452 = CARTESIAN_POINT ( 'NONE',  ( -1.999999999999999556, -1.099999999999998979, -2.250000000000000000 ) ) ;
#2453 = ORIENTED_EDGE ( 'NONE', *, *, #6612, .T. ) ;
#2454 = VERTEX_POINT ( 'NONE', #1409 ) ;
#2455 = DIRECTION ( 'NONE',  ( -0.9848077530122086864, -0.1736481776669273336, -0.000000000000000000 ) ) ;
#2456 = PLANE ( 'NONE',  #5798 ) ;
#2457 = EDGE_CURVE ( 'NONE', #3216, #3270, #3594, .T. ) ;
#2458 = DIRECTION ( 'NONE',  ( 0.000000000000000000, -9.227252531791526626E-17, 1.000000000000000000 ) ) ;
#2459 = PRESENTATION_STYLE_ASSIGNMENT (( #3816 ) ) ;
#2460 = ORIENTED_EDGE ( 'NONE', *, *, #3626, .F. ) ;
#2461 = ADVANCED_FACE ( 'NONE', ( #2506 ), #3990, .T. ) ;
#2462 = ORIENTED_EDGE ( 'NONE', *, *, #1605, .F. ) ;
#2463 = ORIENTED_EDGE ( 'NONE', *, *, #6578, .T. ) ;
#2464 = DIRECTION ( 'NONE',  ( 0.000000000000000000, -1.000000000000000000, 1.445602896647339410E-16 ) ) ;
#2465 = UNCERTAINTY_MEASURE_WITH_UNIT (LENGTH_MEASURE( 1.000000000000000082E-05 ), #6599, 'distance_accuracy_value', 'NONE');
#2466 =( LENGTH_UNIT ( ) NAMED_UNIT ( * ) SI_UNIT ( .MILLI., .METRE. ) );
#2467 =( GEOMETRIC_REPRESENTATION_CONTEXT ( 3 ) GLOBAL_UNCERTAINTY_ASSIGNED_CONTEXT ( ( #4120 ) ) GLOBAL_UNIT_ASSIGNED_CONTEXT ( ( #2547, #3265, #7013 ) ) REPRESENTATION_CONTEXT ( 'NONE', 'WORKASPACE' ) );
#2468 = CARTESIAN_POINT ( 'NONE',  ( -2.999999999999999556, -1.099999999999999201, -3.099999999999996980 ) ) ;
#2469 = MECHANICAL_DESIGN_GEOMETRIC_PRESENTATION_REPRESENTATION (  '', ( #6362 ), #7641 ) ;
#2470 = DIRECTION ( 'NONE',  ( 0.000000000000000000, -1.421904488505578422E-16, -1.000000000000000000 ) ) ;
#2471 = EDGE_CURVE ( 'NONE', #6194, #3612, #6499, .T. ) ;
#2472 = ORIENTED_EDGE ( 'NONE', *, *, #2513, .F. ) ;
#2473 = MECHANICAL_DESIGN_GEOMETRIC_PRESENTATION_REPRESENTATION (  '', ( #2648 ), #5095 ) ;
#2474 = DIRECTION ( 'NONE',  ( -1.000000000000000000, 0.000000000000000000, -0.000000000000000000 ) ) ;
#2475 = CARTESIAN_POINT ( 'NONE',  ( -3.826649916142160102, 3.949000000000001176, -0.2499999999999996669 ) ) ;
#2476 = CARTESIAN_POINT ( 'NONE',  ( 3.000000000000000444, -4.500000000000000888, -2.899999999999999023 ) ) ;
#2477 =( NAMED_UNIT ( * ) PLANE_ANGLE_UNIT ( ) SI_UNIT ( $, .RADIAN. ) );
#2478 = SURFACE_SIDE_STYLE ('',( #6824 ) ) ;
#2479 = FILL_AREA_STYLE ('',( #580 ) ) ;
#2480 = PRESENTATION_LAYER_ASSIGNMENT (  '', '', ( #206 ) ) ;
#2481 = CARTESIAN_POINT ( 'NONE',  ( 2.750000000000000888, -2.999999999999998668, -3.499999999999999112 ) ) ;
#2482 = MECHANICAL_DESIGN_GEOMETRIC_PRESENTATION_REPRESENTATION (  '', ( #7604 ), #7179 ) ;
#2483 = LINE ( 'NONE', #4597, #3778 ) ;
#2484 = ORIENTED_EDGE ( 'NONE', *, *, #2329, .F. ) ;
#2485 = CARTESIAN_POINT ( 'NONE',  ( -4.625000000000000888, -5.000000000000000000, 3.200000000000001066 ) ) ;
#2486 = EDGE_CURVE ( 'NONE', #649, #397, #5098, .T. ) ;
#2487 = DIRECTION ( 'NONE',  ( 0.000000000000000000, -1.147977654433357068E-15, -1.000000000000000000 ) ) ;
#2488 = CIRCLE ( 'NONE', #4190, 0.1000000000000002554 ) ;
#2489 =( GEOMETRIC_REPRESENTATION_CONTEXT ( 3 ) GLOBAL_UNCERTAINTY_ASSIGNED_CONTEXT ( ( #7198 ) ) GLOBAL_UNIT_ASSIGNED_CONTEXT ( ( #5673, #1819, #5023 ) ) REPRESENTATION_CONTEXT ( 'NONE', 'WORKASPACE' ) );
#2490 = AXIS2_PLACEMENT_3D ( 'NONE', #7997, #8031, #7350 ) ;
#2491 = ORIENTED_EDGE ( 'NONE', *, *, #2754, .T. ) ;
#2492 = ORIENTED_EDGE ( 'NONE', *, *, #3021, .F. ) ;
#2493 = PRESENTATION_STYLE_ASSIGNMENT (( #7793 ) ) ;
#2494 = CARTESIAN_POINT ( 'NONE',  ( 2.750000000000000888, -2.999999999999998668, -3.499999999999999112 ) ) ;
#2495 = VECTOR ( 'NONE', #6655, 1000.000000000000000 ) ;
#2496 = LINE ( 'NONE', #1731, #7872 ) ;
#2497 = UNCERTAINTY_MEASURE_WITH_UNIT (LENGTH_MEASURE( 1.000000000000000082E-05 ), #3474, 'distance_accuracy_value', 'NONE');
#2498 = FILL_AREA_STYLE ('',( #7515 ) ) ;
#2499 = DIRECTION ( 'NONE',  ( 1.000000000000000000, -0.000000000000000000, -0.000000000000000000 ) ) ;
#2500 = UNCERTAINTY_MEASURE_WITH_UNIT (LENGTH_MEASURE( 1.000000000000000082E-05 ), #5449, 'distance_accuracy_value', 'NONE');
#2501 = EDGE_CURVE ( 'NONE', #6064, #20, #6282, .T. ) ;
#2502 = PRESENTATION_LAYER_ASSIGNMENT (  '', '', ( #7459 ) ) ;
#2503 = VERTEX_POINT ( 'NONE', #3283 ) ;
#2504 = CIRCLE ( 'NONE', #4519, 1.199999999999999734 ) ;
#2505 = CARTESIAN_POINT ( 'NONE',  ( 4.625000000000000888, 2.400000000000001688, -2.350000000000000089 ) ) ;
#2506 = FACE_OUTER_BOUND ( 'NONE', #730, .T. ) ;
#2507 = LINE ( 'NONE', #2084, #1611 ) ;
#2508 = CARTESIAN_POINT ( 'NONE',  ( -2.500000000000000444, 3.949000000000001176, 3.252606517456513795E-16 ) ) ;
#2509 = LINE ( 'NONE', #4832, #838 ) ;
#2510 = FILL_AREA_STYLE_COLOUR ( '', #5156 ) ;
#2511 = ADVANCED_FACE ( 'NONE', ( #8169 ), #184, .F. ) ;
#2512 = DIRECTION ( 'NONE',  ( 0.000000000000000000, -0.000000000000000000, -1.000000000000000000 ) ) ;
#2513 = EDGE_CURVE ( 'NONE', #2445, #4672, #6387, .T. ) ;
#2514 = SURFACE_SIDE_STYLE ('',( #6189 ) ) ;
#2515 = ORIENTED_EDGE ( 'NONE', *, *, #6890, .F. ) ;
#2516 = VECTOR ( 'NONE', #3440, 1000.000000000000000 ) ;
#2517 = CARTESIAN_POINT ( 'NONE',  ( -5.000000000000001776, 4.750000000000000000, 2.189830409753168894 ) ) ;
#2518 = COLOUR_RGB ( '',1.000000000000000000, 1.000000000000000000, 0.7529411764705882248 ) ;
#2519 = COLOUR_RGB ( '',1.000000000000000000, 1.000000000000000000, 0.7529411764705882248 ) ;
#2520 = SURFACE_STYLE_USAGE ( .BOTH. , #6327 ) ;
#2521 = FILL_AREA_STYLE ('',( #4474 ) ) ;
#2522 = UNCERTAINTY_MEASURE_WITH_UNIT (LENGTH_MEASURE( 1.000000000000000082E-05 ), #514, 'distance_accuracy_value', 'NONE');
#2523 = VECTOR ( 'NONE', #4257, 1000.000000000000000 ) ;
#2524 = ORIENTED_EDGE ( 'NONE', *, *, #582, .F. ) ;
#2525 = MECHANICAL_DESIGN_GEOMETRIC_PRESENTATION_REPRESENTATION (  '', ( #134 ), #4396 ) ;
#2526 = FILL_AREA_STYLE_COLOUR ( '', #2028 ) ;
#2527 = CARTESIAN_POINT ( 'NONE',  ( 1.300000000000000266, 2.650000000000000799, 3.252606517456513795E-16 ) ) ;
#2528 = VERTEX_POINT ( 'NONE', #1434 ) ;
#2529 = DIRECTION ( 'NONE',  ( 0.000000000000000000, -1.000000000000000000, 1.398970545142588514E-16 ) ) ;
#2530 = DIRECTION ( 'NONE',  ( 0.000000000000000000, 1.000000000000000000, -1.505836350674313220E-16 ) ) ;
#2531 = LINE ( 'NONE', #7583, #6206 ) ;
#2532 = LINE ( 'NONE', #7701, #5224 ) ;
#2533 = COLOUR_RGB ( '',0.5019607843137254832, 1.000000000000000000, 0.5019607843137254832 ) ;
#2534 = PRESENTATION_LAYER_ASSIGNMENT (  '', '', ( #6662 ) ) ;
#2535 = DIRECTION ( 'NONE',  ( 0.000000000000000000, -1.000000000000000000, 1.594414959537506434E-16 ) ) ;
#2536 = AXIS2_PLACEMENT_3D ( 'NONE', #7538, #5640, #5548 ) ;
#2537 = PLANE ( 'NONE',  #6057 ) ;
#2538 = PLANE ( 'NONE',  #5364 ) ;
#2539 = EDGE_CURVE ( 'NONE', #3008, #5942, #5999, .T. ) ;
#2540 = DIRECTION ( 'NONE',  ( -1.000000000000000000, 0.000000000000000000, 0.000000000000000000 ) ) ;
#2541 = STYLED_ITEM ( 'NONE', ( #5698 ), #5063 ) ;
#2542 =( LENGTH_UNIT ( ) NAMED_UNIT ( * ) SI_UNIT ( .MILLI., .METRE. ) );
#2543 = VERTEX_POINT ( 'NONE', #5995 ) ;
#2544 = SURFACE_STYLE_USAGE ( .BOTH. , #608 ) ;
#2545 = CARTESIAN_POINT ( 'NONE',  ( 2.499999999999999556, 2.650000000000000799, 0.000000000000000000 ) ) ;
#2546 = ORIENTED_EDGE ( 'NONE', *, *, #4973, .T. ) ;
#2547 =( LENGTH_UNIT ( ) NAMED_UNIT ( * ) SI_UNIT ( .MILLI., .METRE. ) );
#2548 = AXIS2_PLACEMENT_3D ( 'NONE', #1532, #7289, #5983 ) ;
#2549 = ADVANCED_FACE ( 'NONE', ( #725 ), #4811, .T. ) ;
#2550 = ORIENTED_EDGE ( 'NONE', *, *, #7313, .F. ) ;
#2551 = EDGE_LOOP ( 'NONE', ( #942, #3863 ) ) ;
#2552 = ORIENTED_EDGE ( 'NONE', *, *, #6293, .T. ) ;
#2553 = DIRECTION ( 'NONE',  ( -0.2492435693639528660, 0.6847910787717351733, 0.6847910787717372827 ) ) ;
#2554 = DIRECTION ( 'NONE',  ( -0.000000000000000000, -0.000000000000000000, 1.000000000000000000 ) ) ;
#2555 = ORIENTED_EDGE ( 'NONE', *, *, #2937, .F. ) ;
#2556 = DIRECTION ( 'NONE',  ( 0.000000000000000000, 0.000000000000000000, -1.000000000000000000 ) ) ;
#2557 = CARTESIAN_POINT ( 'NONE',  ( 0.3749999999999998890, 8.736600034718932761, 2.350000000000000089 ) ) ;
#2558 =( NAMED_UNIT ( * ) SI_UNIT ( $, .STERADIAN. ) SOLID_ANGLE_UNIT ( ) );
#2559 = LINE ( 'NONE', #609, #3853 ) ;
#2560 = EDGE_LOOP ( 'NONE', ( #295, #3317, #6378, #1268, #2389, #5707 ) ) ;
#2561 = DIRECTION ( 'NONE',  ( -1.000000000000000000, 0.000000000000000000, 0.000000000000000000 ) ) ;
#2562 = CARTESIAN_POINT ( 'NONE',  ( -1.999999999999999556, -1.099999999999998979, -2.250000000000000000 ) ) ;
#2563 = VERTEX_POINT ( 'NONE', #7250 ) ;
#2564 = DIRECTION ( 'NONE',  ( 0.000000000000000000, -1.000000000000000000, 1.445602896647339410E-16 ) ) ;
#2565 = ORIENTED_EDGE ( 'NONE', *, *, #2616, .F. ) ;
#2566 = CARTESIAN_POINT ( 'NONE',  ( -2.500000000000000444, 2.650000000000000799, 0.000000000000000000 ) ) ;
#2567 = UNCERTAINTY_MEASURE_WITH_UNIT (LENGTH_MEASURE( 1.000000000000000082E-05 ), #3742, 'distance_accuracy_value', 'NONE');
#2568 = EDGE_CURVE ( 'NONE', #2889, #9, #3088, .T. ) ;
#2569 = DIRECTION ( 'NONE',  ( 0.000000000000000000, 0.000000000000000000, 1.000000000000000000 ) ) ;
#2570 =( NAMED_UNIT ( * ) SI_UNIT ( $, .STERADIAN. ) SOLID_ANGLE_UNIT ( ) );
#2571 = ORIENTED_EDGE ( 'NONE', *, *, #2018, .F. ) ;
#2572 = PLANE ( 'NONE',  #5614 ) ;
#2573 = PRESENTATION_STYLE_ASSIGNMENT (( #5738 ) ) ;
#2574 = VECTOR ( 'NONE', #2302, 1000.000000000000000 ) ;
#2575 = CARTESIAN_POINT ( 'NONE',  ( 4.999999999999998224, 5.000000000000000000, -2.208475283291302382 ) ) ;
#2576 = CARTESIAN_POINT ( 'NONE',  ( -4.400000000000001243, 5.000000000000001776, 0.000000000000000000 ) ) ;
#2577 = FILL_AREA_STYLE_COLOUR ( '', #1599 ) ;
#2578 = PRESENTATION_LAYER_ASSIGNMENT (  '', '', ( #310 ) ) ;
#2579 = LINE ( 'NONE', #4151, #3376 ) ;
#2580 = VERTEX_POINT ( 'NONE', #7881 ) ;
#2581 = AXIS2_PLACEMENT_3D ( 'NONE', #5948, #2115, #280 ) ;
#2582 = FILL_AREA_STYLE_COLOUR ( '', #4055 ) ;
#2583 = PRODUCT_RELATED_PRODUCT_CATEGORY ( 'part', '', ( #7706 ) ) ;
#2584 = SURFACE_SIDE_STYLE ('',( #5715 ) ) ;
#2585 = STYLED_ITEM ( 'NONE', ( #7128 ), #4480 ) ;
#2586 = FILL_AREA_STYLE ('',( #3815 ) ) ;
#2587 = ORIENTED_EDGE ( 'NONE', *, *, #1759, .T. ) ;
#2588 =( NAMED_UNIT ( * ) SI_UNIT ( $, .STERADIAN. ) SOLID_ANGLE_UNIT ( ) );
#2589 = ADVANCED_FACE ( 'NONE', ( #6489, #1417, #6277 ), #4060, .F. ) ;
#2590 = ORIENTED_EDGE ( 'NONE', *, *, #1447, .F. ) ;
#2591 =( NAMED_UNIT ( * ) PLANE_ANGLE_UNIT ( ) SI_UNIT ( $, .RADIAN. ) );
#2592 = VERTEX_POINT ( 'NONE', #7282 ) ;
#2593 = LINE ( 'NONE', #6732, #3400 ) ;
#2594 = PLANE ( 'NONE',  #4684 ) ;
#2595 = SURFACE_STYLE_USAGE ( .BOTH. , #6411 ) ;
#2596 = MECHANICAL_DESIGN_GEOMETRIC_PRESENTATION_REPRESENTATION (  '', ( #7862 ), #1901 ) ;
#2597 = CARTESIAN_POINT ( 'NONE',  ( -5.000000000000001776, -5.000000000000000000, 4.049999999999999822 ) ) ;
#2598 = VECTOR ( 'NONE', #4967, 1000.000000000000000 ) ;
#2599 = EDGE_CURVE ( 'NONE', #6078, #6552, #3693, .T. ) ;
#2600 =( NAMED_UNIT ( * ) PLANE_ANGLE_UNIT ( ) SI_UNIT ( $, .RADIAN. ) );
#2601 = ORIENTED_EDGE ( 'NONE', *, *, #8139, .T. ) ;
#2602 = COLOUR_RGB ( '',0.5019607843137254832, 1.000000000000000000, 0.5019607843137254832 ) ;
#2603 = AXIS2_PLACEMENT_3D ( 'NONE', #8141, #1178, #8174 ) ;
#2604 = VECTOR ( 'NONE', #2826, 1000.000000000000000 ) ;
#2605 = FILL_AREA_STYLE_COLOUR ( '', #2602 ) ;
#2606 = PRESENTATION_STYLE_ASSIGNMENT (( #2958 ) ) ;
#2607 =( NAMED_UNIT ( * ) SI_UNIT ( $, .STERADIAN. ) SOLID_ANGLE_UNIT ( ) );
#2608 = UNCERTAINTY_MEASURE_WITH_UNIT (LENGTH_MEASURE( 1.000000000000000082E-05 ), #5530, 'distance_accuracy_value', 'NONE');
#2609 = DIRECTION ( 'NONE',  ( -0.000000000000000000, 1.000000000000000000, -1.505836350674312974E-16 ) ) ;
#2610 = DIRECTION ( 'NONE',  ( 0.000000000000000000, 0.000000000000000000, 1.000000000000000000 ) ) ;
#2611 = ORIENTED_EDGE ( 'NONE', *, *, #5899, .T. ) ;
#2612 = SURFACE_STYLE_FILL_AREA ( #993 ) ;
#2613 = PLANE ( 'NONE',  #637 ) ;
#2614 = VECTOR ( 'NONE', #4666, 1000.000000000000114 ) ;
#2615 =( LENGTH_UNIT ( ) NAMED_UNIT ( * ) SI_UNIT ( .MILLI., .METRE. ) );
#2616 = EDGE_CURVE ( 'NONE', #4404, #2770, #4203, .T. ) ;
#2617 = ORIENTED_EDGE ( 'NONE', *, *, #4197, .T. ) ;
#2618 = MECHANICAL_DESIGN_GEOMETRIC_PRESENTATION_REPRESENTATION (  '', ( #456 ), #340 ) ;
#2619 =( NAMED_UNIT ( * ) SI_UNIT ( $, .STERADIAN. ) SOLID_ANGLE_UNIT ( ) );
#2620 = DIRECTION ( 'NONE',  ( 0.000000000000000000, 0.000000000000000000, -1.000000000000000000 ) ) ;
#2621 = ORIENTED_EDGE ( 'NONE', *, *, #1812, .T. ) ;
#2622 = FACE_OUTER_BOUND ( 'NONE', #4272, .T. ) ;
#2623 = CYLINDRICAL_SURFACE ( 'NONE', #1073, 1.525000000000001243 ) ;
#2624 = COLOUR_RGB ( '',0.5019607843137254832, 1.000000000000000000, 0.5019607843137254832 ) ;
#2625 = CARTESIAN_POINT ( 'NONE',  ( 3.000000000000000444, -1.099999999999998979, -2.250000000000000000 ) ) ;
#2626 = EDGE_CURVE ( 'NONE', #3270, #7750, #4399, .T. ) ;
#2627 = ORIENTED_EDGE ( 'NONE', *, *, #3659, .T. ) ;
#2628 = VECTOR ( 'NONE', #5538, 1000.000000000000000 ) ;
#2629 = SURFACE_SIDE_STYLE ('',( #3300 ) ) ;
#2630 = EDGE_LOOP ( 'NONE', ( #6199, #376, #7436, #8059, #6725, #1358, #3384, #3839, #7055, #3312, #6086, #4338, #5568, #3281, #1990, #7300 ) ) ;
#2631 = UNCERTAINTY_MEASURE_WITH_UNIT (LENGTH_MEASURE( 1.000000000000000082E-05 ), #7441, 'distance_accuracy_value', 'NONE');
#2632 = FILL_AREA_STYLE_COLOUR ( '', #1692 ) ;
#2633 = LINE ( 'NONE', #7070, #3621 ) ;
#2634 =( LENGTH_UNIT ( ) NAMED_UNIT ( * ) SI_UNIT ( .MILLI., .METRE. ) );
#2635 = ORIENTED_EDGE ( 'NONE', *, *, #4101, .F. ) ;
#2636 = SURFACE_STYLE_FILL_AREA ( #1245 ) ;
#2637 =( LENGTH_UNIT ( ) NAMED_UNIT ( * ) SI_UNIT ( .MILLI., .METRE. ) );
#2639 = LINE ( 'NONE', #3074, #154 ) ;
#2638 = PRESENTATION_LAYER_ASSIGNMENT (  '', '', ( #1884 ) ) ;
#2640 = ADVANCED_FACE ( 'NONE', ( #2814 ), #7670, .F. ) ;
#2641 = LINE ( 'NONE', #8167, #7125 ) ;
#2642 = MECHANICAL_DESIGN_GEOMETRIC_PRESENTATION_REPRESENTATION (  '', ( #3485 ), #3054 ) ;
#2643 = DIRECTION ( 'NONE',  ( 1.000000000000000000, -0.000000000000000000, -0.000000000000000000 ) ) ;
#2644 = CARTESIAN_POINT ( 'NONE',  ( 4.500000000000000888, 0.000000000000000000, 0.000000000000000000 ) ) ;
#2645 = MECHANICAL_DESIGN_GEOMETRIC_PRESENTATION_REPRESENTATION (  '', ( #2900 ), #4086 ) ;
#2646 = CARTESIAN_POINT ( 'NONE',  ( -1.999999999999999556, -4.599999999999996980, -3.499999999999999112 ) ) ;
#2647 =( LENGTH_UNIT ( ) NAMED_UNIT ( * ) SI_UNIT ( .MILLI., .METRE. ) );
#2648 = STYLED_ITEM ( 'NONE', ( #3407 ), #5893 ) ;
#2649 = VECTOR ( 'NONE', #6576, 1000.000000000000000 ) ;
#2650 = CARTESIAN_POINT ( 'NONE',  ( -5.400000000000002132, -1.000000000000000000, 3.049999999999999822 ) ) ;
#2651 = ORIENTED_EDGE ( 'NONE', *, *, #1354, .F. ) ;
#2652 = DIRECTION ( 'NONE',  ( -0.000000000000000000, -0.000000000000000000, 1.000000000000000000 ) ) ;
#2653 = VECTOR ( 'NONE', #2554, 1000.000000000000000 ) ;
#2654 = STYLED_ITEM ( 'NONE', ( #4287 ), #6945 ) ;
#2655 =( GEOMETRIC_REPRESENTATION_CONTEXT ( 3 ) GLOBAL_UNCERTAINTY_ASSIGNED_CONTEXT ( ( #4936 ) ) GLOBAL_UNIT_ASSIGNED_CONTEXT ( ( #2466, #3750, #1156 ) ) REPRESENTATION_CONTEXT ( 'NONE', 'WORKASPACE' ) );
#2656 =( LENGTH_UNIT ( ) NAMED_UNIT ( * ) SI_UNIT ( .MILLI., .METRE. ) );
#2657 = EDGE_CURVE ( 'NONE', #3874, #388, #4993, .T. ) ;
#2658 = VERTEX_POINT ( 'NONE', #4122 ) ;
#2659 = FILL_AREA_STYLE ('',( #4562 ) ) ;
#2660 = FILL_AREA_STYLE_COLOUR ( '', #1899 ) ;
#2661 =( LENGTH_UNIT ( ) NAMED_UNIT ( * ) SI_UNIT ( .MILLI., .METRE. ) );
#2662 = MECHANICAL_DESIGN_GEOMETRIC_PRESENTATION_REPRESENTATION (  '', ( #2047 ), #2226 ) ;
#2663 = VECTOR ( 'NONE', #4150, 1000.000000000000114 ) ;
#2664 = ORIENTED_EDGE ( 'NONE', *, *, #5680, .T. ) ;
#2665 = EDGE_CURVE ( 'NONE', #1592, #4310, #11, .T. ) ;
#2666 = PRESENTATION_LAYER_ASSIGNMENT (  '', '', ( #7203 ) ) ;
#2667 =( LENGTH_UNIT ( ) NAMED_UNIT ( * ) SI_UNIT ( .MILLI., .METRE. ) );
#2668 = CARTESIAN_POINT ( 'NONE',  ( -1.999999999999999556, -1.119999999999998552, -4.049999999999999822 ) ) ;
#2669 = PRESENTATION_STYLE_ASSIGNMENT (( #7571 ) ) ;
#2670 = CARTESIAN_POINT ( 'NONE',  ( 3.000000000000000444, -2.999999999999998668, -4.049999999999999822 ) ) ;
#2671 = EDGE_CURVE ( 'NONE', #3747, #4894, #5180, .T. ) ;
#2672 = FILL_AREA_STYLE ('',( #2182 ) ) ;
#2673 = DIRECTION ( 'NONE',  ( 7.760429719096859345E-17, -1.000000000000000000, 0.000000000000000000 ) ) ;
#2674 = ORIENTED_EDGE ( 'NONE', *, *, #2233, .F. ) ;
#2675 = ORIENTED_EDGE ( 'NONE', *, *, #1927, .T. ) ;
#2676 = FACE_BOUND ( 'NONE', #4209, .T. ) ;
#2677 = DIRECTION ( 'NONE',  ( -0.000000000000000000, 1.000000000000000000, -0.000000000000000000 ) ) ;
#2678 = UNCERTAINTY_MEASURE_WITH_UNIT (LENGTH_MEASURE( 1.000000000000000082E-05 ), #4553, 'distance_accuracy_value', 'NONE');
#2679 = ADVANCED_FACE ( 'NONE', ( #3582 ), #5131, .T. ) ;
#2680 = DIRECTION ( 'NONE',  ( 1.000000000000000000, -0.000000000000000000, 0.000000000000000000 ) ) ;
#2681 = DIRECTION ( 'NONE',  ( 1.000000000000000000, 7.760429719096859345E-17, 0.000000000000000000 ) ) ;
#2682 = ORIENTED_EDGE ( 'NONE', *, *, #5716, .F. ) ;
#2683 =( LENGTH_UNIT ( ) NAMED_UNIT ( * ) SI_UNIT ( .MILLI., .METRE. ) );
#2684 = SURFACE_STYLE_FILL_AREA ( #6799 ) ;
#2685 = AXIS2_PLACEMENT_3D ( 'NONE', #2177, #2840, #3464 ) ;
#2686 = CARTESIAN_POINT ( 'NONE',  ( 0.3749999999999998890, -4.650000000000000355, 3.200000000000001066 ) ) ;
#2687 = CARTESIAN_POINT ( 'NONE',  ( 0.5540446486006960214, 0.2999999999999991562, 3.609016994374945053 ) ) ;
#2688 = ORIENTED_EDGE ( 'NONE', *, *, #1549, .F. ) ;
#2689 = CARTESIAN_POINT ( 'NONE',  ( 2.000000000000000444, -1.500000000000002220, -3.499999999999999556 ) ) ;
#2690 = LINE ( 'NONE', #3458, #7460 ) ;
#2691 = FACE_OUTER_BOUND ( 'NONE', #5637, .T. ) ;
#2692 = DIRECTION ( 'NONE',  ( -0.000000000000000000, -1.000000000000000000, -0.000000000000000000 ) ) ;
#2693 = DIRECTION ( 'NONE',  ( -7.760429719096859345E-17, 1.000000000000000000, 0.000000000000000000 ) ) ;
#2694 = FILL_AREA_STYLE ('',( #7776 ) ) ;
#2695 = STYLED_ITEM ( 'NONE', ( #2606 ), #6474 ) ;
#2696 = AXIS2_PLACEMENT_3D ( 'NONE', #4273, #2788, #2945 ) ;
#2697 = ORIENTED_EDGE ( 'NONE', *, *, #6979, .T. ) ;
#2698 = CARTESIAN_POINT ( 'NONE',  ( 0.5000000000000004441, 0.4000000000000011324, 2.250000000000000000 ) ) ;
#2699 = EDGE_LOOP ( 'NONE', ( #883, #3821, #7860, #1453 ) ) ;
#2700 = SURFACE_STYLE_USAGE ( .BOTH. , #176 ) ;
#2701 = EDGE_CURVE ( 'NONE', #4738, #5880, #3689, .T. ) ;
#2702 = VECTOR ( 'NONE', #7230, 1000.000000000000000 ) ;
#2703 = VECTOR ( 'NONE', #2979, 1000.000000000000000 ) ;
#2704 = STYLED_ITEM ( 'NONE', ( #5594 ), #5137 ) ;
#2705 = CARTESIAN_POINT ( 'NONE',  ( 3.000000000000000444, -5.000000000000000000, -3.699999999999999734 ) ) ;
#2706 = EDGE_CURVE ( 'NONE', #5017, #5570, #1408, .T. ) ;
#2707 = ORIENTED_EDGE ( 'NONE', *, *, #283, .F. ) ;
#2708 = VECTOR ( 'NONE', #3633, 1000.000000000000000 ) ;
#2709 = FILL_AREA_STYLE ('',( #5884 ) ) ;
#2710 = FILL_AREA_STYLE ('',( #3288 ) ) ;
#2711 = STYLED_ITEM ( 'NONE', ( #4951 ), #997 ) ;
#2712 = CARTESIAN_POINT ( 'NONE',  ( 4.445955351399304867, 0.2999999999999991562, 4.049999999999999822 ) ) ;
#2713 =( NAMED_UNIT ( * ) SI_UNIT ( $, .STERADIAN. ) SOLID_ANGLE_UNIT ( ) );
#2714 = EDGE_LOOP ( 'NONE', ( #496, #3684, #428, #7145 ) ) ;
#2715 = FILL_AREA_STYLE ('',( #195 ) ) ;
#2716 = FACE_OUTER_BOUND ( 'NONE', #1241, .T. ) ;
#2717 = ADVANCED_FACE ( 'NONE', ( #8155, #6989 ), #3907, .T. ) ;
#2718 = ORIENTED_EDGE ( 'NONE', *, *, #6739, .F. ) ;
#2719 = SURFACE_STYLE_FILL_AREA ( #5457 ) ;
#2720 = CARTESIAN_POINT ( 'NONE',  ( -1.999999999999999556, -7.499999999999981348, -0.2499999999999996669 ) ) ;
#2721 = ORIENTED_EDGE ( 'NONE', *, *, #6218, .T. ) ;
#2722 =( LENGTH_UNIT ( ) NAMED_UNIT ( * ) SI_UNIT ( .MILLI., .METRE. ) );
#2723 = DIRECTION ( 'NONE',  ( 1.000000000000000000, -0.000000000000000000, -0.000000000000000000 ) ) ;
#2724 = EDGE_CURVE ( 'NONE', #5042, #1479, #3886, .T. ) ;
#2725 = VECTOR ( 'NONE', #4925, 1000.000000000000000 ) ;
#2726 = VECTOR ( 'NONE', #5636, 1000.000000000000000 ) ;
#2727 = ORIENTED_EDGE ( 'NONE', *, *, #692, .F. ) ;
#2728 = FILL_AREA_STYLE_COLOUR ( '', #5431 ) ;
#2729 = SURFACE_STYLE_FILL_AREA ( #841 ) ;
#2730 = FILL_AREA_STYLE ('',( #3982 ) ) ;
#2731 = ADVANCED_FACE ( 'NONE', ( #7280 ), #7765, .T. ) ;
#2732 = ORIENTED_EDGE ( 'NONE', *, *, #7654, .T. ) ;
#2733 = FILL_AREA_STYLE_COLOUR ( '', #1627 ) ;
#2734 = DIRECTION ( 'NONE',  ( -0.1736481776669273613, -0.9848077530122085754, 1.570192213671183109E-16 ) ) ;
#2735 = CIRCLE ( 'NONE', #1396, 1.900000000000000577 ) ;
#2736 = EDGE_CURVE ( 'NONE', #6191, #3647, #2189, .T. ) ;
#2737 =( NAMED_UNIT ( * ) SI_UNIT ( $, .STERADIAN. ) SOLID_ANGLE_UNIT ( ) );
#2738 = COLOUR_RGB ( '',1.000000000000000000, 1.000000000000000000, 0.7529411764705882248 ) ;
#2739 = DIRECTION ( 'NONE',  ( 0.000000000000000000, 0.000000000000000000, -1.000000000000000000 ) ) ;
#2740 = FILL_AREA_STYLE ('',( #5947 ) ) ;
#2741 = SURFACE_STYLE_USAGE ( .BOTH. , #247 ) ;
#2742 = FILL_AREA_STYLE_COLOUR ( '', #4236 ) ;
#2743 = COLOUR_RGB ( '',1.000000000000000000, 1.000000000000000000, 0.7529411764705882248 ) ;
#2744 = TOROIDAL_SURFACE ( 'NONE', #4145, 1.943301270189222274, 0.05000000000000006523 ) ;
#2745 = CARTESIAN_POINT ( 'NONE',  ( -2.999999999999999556, -4.599999999999996980, -3.499999999999999112 ) ) ;
#2746 = CARTESIAN_POINT ( 'NONE',  ( -0.9038433570372458314, 0.02360679774998143340, 3.161803398874988513 ) ) ;
#2747 = SURFACE_SIDE_STYLE ('',( #3126 ) ) ;
#2748 = ORIENTED_EDGE ( 'NONE', *, *, #6084, .T. ) ;
#2749 = STYLED_ITEM ( 'NONE', ( #7165 ), #2887 ) ;
#2750 = CYLINDRICAL_SURFACE ( 'NONE', #8226, 1.198999999999999622 ) ;
#2751 = CARTESIAN_POINT ( 'NONE',  ( -5.400000000000002132, -1.000000000000000000, 3.049999999999999822 ) ) ;
#2752 = ORIENTED_EDGE ( 'NONE', *, *, #4822, .F. ) ;
#2753 = SURFACE_SIDE_STYLE ('',( #5539 ) ) ;
#2754 = EDGE_CURVE ( 'NONE', #2322, #2445, #1984, .T. ) ;
#2755 = PRESENTATION_LAYER_ASSIGNMENT (  '', '', ( #4580 ) ) ;
#2756 = ORIENTED_EDGE ( 'NONE', *, *, #8011, .F. ) ;
#2757 = SURFACE_SIDE_STYLE ('',( #7327 ) ) ;
#2758 = ORIENTED_EDGE ( 'NONE', *, *, #1539, .F. ) ;
#2759 = COLOUR_RGB ( '',1.000000000000000000, 1.000000000000000000, 0.7529411764705882248 ) ;
#2760 = ORIENTED_EDGE ( 'NONE', *, *, #640, .F. ) ;
#2761 = ORIENTED_EDGE ( 'NONE', *, *, #6935, .T. ) ;
#2762 = CARTESIAN_POINT ( 'NONE',  ( 2.250000000000000888, -2.999999999999998668, -3.774999999999999911 ) ) ;
#2763 = PLANE ( 'NONE',  #2122 ) ;
#2764 = PLANE ( 'NONE',  #5625 ) ;
#2765 = ADVANCED_FACE ( 'NONE', ( #4803 ), #5779, .F. ) ;
#2766 = FILL_AREA_STYLE_COLOUR ( '', #2904 ) ;
#2767 = EDGE_CURVE ( 'NONE', #5119, #3153, #7661, .T. ) ;
#2768 = FILL_AREA_STYLE_COLOUR ( '', #4614 ) ;
#2769 = SURFACE_STYLE_FILL_AREA ( #2521 ) ;
#2770 = VERTEX_POINT ( 'NONE', #3285 ) ;
#2771 =( GEOMETRIC_REPRESENTATION_CONTEXT ( 3 ) GLOBAL_UNCERTAINTY_ASSIGNED_CONTEXT ( ( #1883 ) ) GLOBAL_UNIT_ASSIGNED_CONTEXT ( ( #2895, #6127, #2310 ) ) REPRESENTATION_CONTEXT ( 'NONE', 'WORKASPACE' ) );
#2772 = STYLED_ITEM ( 'NONE', ( #2808 ), #5390 ) ;
#2773 = CARTESIAN_POINT ( 'NONE',  ( 0.9249999999999996003, 2.400000000000001243, 0.000000000000000000 ) ) ;
#2774 = ADVANCED_FACE ( 'NONE', ( #4594 ), #76, .F. ) ;
#2775 = DIRECTION ( 'NONE',  ( 0.3095546484237469698, -0.8504944066314574780, -0.4252472033157365661 ) ) ;
#2776 = ORIENTED_EDGE ( 'NONE', *, *, #4445, .F. ) ;
#2777 = CARTESIAN_POINT ( 'NONE',  ( -2.999999999999999556, -4.400000000000000355, -2.899999999999999911 ) ) ;
#2778 = COLOUR_RGB ( '',0.5019607843137254832, 1.000000000000000000, 0.5019607843137254832 ) ;
#2779 = DIRECTION ( 'NONE',  ( 0.000000000000000000, 0.000000000000000000, -1.000000000000000000 ) ) ;
#2780 = EDGE_CURVE ( 'NONE', #1797, #2820, #418, .T. ) ;
#2781 = AXIS2_PLACEMENT_3D ( 'NONE', #7566, #1865, #1235 ) ;
#2782 = DIRECTION ( 'NONE',  ( -1.000000000000000000, -0.000000000000000000, -0.000000000000000000 ) ) ;
#2783 = DIRECTION ( 'NONE',  ( -7.760429719096859345E-17, 1.000000000000000000, 0.000000000000000000 ) ) ;
#2784 = EDGE_LOOP ( 'NONE', ( #2300, #3502, #5639 ) ) ;
#2785 = UNCERTAINTY_MEASURE_WITH_UNIT (LENGTH_MEASURE( 1.000000000000000082E-05 ), #6973, 'distance_accuracy_value', 'NONE');
#2786 = EDGE_CURVE ( 'NONE', #2658, #3811, #7046, .T. ) ;
#2787 = SURFACE_STYLE_FILL_AREA ( #2193 ) ;
#2788 = DIRECTION ( 'NONE',  ( -0.000000000000000000, 0.000000000000000000, -1.000000000000000000 ) ) ;
#2789 =( NAMED_UNIT ( * ) PLANE_ANGLE_UNIT ( ) SI_UNIT ( $, .RADIAN. ) );
#2790 = VECTOR ( 'NONE', #4093, 1000.000000000000000 ) ;
#2791 = SURFACE_SIDE_STYLE ('',( #2787 ) ) ;
#2792 = ORIENTED_EDGE ( 'NONE', *, *, #5222, .F. ) ;
#2793 = FILL_AREA_STYLE_COLOUR ( '', #2518 ) ;
#2794 =( NAMED_UNIT ( * ) PLANE_ANGLE_UNIT ( ) SI_UNIT ( $, .RADIAN. ) );
#2795 = DIRECTION ( 'NONE',  ( -0.000000000000000000, -0.000000000000000000, 1.000000000000000000 ) ) ;
#2796 = SURFACE_SIDE_STYLE ('',( #2283 ) ) ;
#2797 = DIRECTION ( 'NONE',  ( 0.000000000000000000, 0.000000000000000000, -1.000000000000000000 ) ) ;
#2798 = EDGE_LOOP ( 'NONE', ( #4300, #2255 ) ) ;
#2799 = AXIS2_PLACEMENT_3D ( 'NONE', #6944, #7598, #1292 ) ;
#2800 = FACE_OUTER_BOUND ( 'NONE', #3532, .T. ) ;
#2801 = DIRECTION ( 'NONE',  ( 1.000000000000000000, 0.000000000000000000, 0.000000000000000000 ) ) ;
#2802 = VERTEX_POINT ( 'NONE', #7191 ) ;
#2803 = PRESENTATION_LAYER_ASSIGNMENT (  '', '', ( #2250 ) ) ;
#2804 = ORIENTED_EDGE ( 'NONE', *, *, #1394, .T. ) ;
#2805 = COLOUR_RGB ( '',0.5019607843137254832, 1.000000000000000000, 0.5019607843137254832 ) ;
#2806 = DIRECTION ( 'NONE',  ( 0.000000000000000000, -0.000000000000000000, 1.000000000000000000 ) ) ;
#2807 = PRESENTATION_LAYER_ASSIGNMENT (  '', '', ( #8166 ) ) ;
#2808 = PRESENTATION_STYLE_ASSIGNMENT (( #7514 ) ) ;
#2809 = VECTOR ( 'NONE', #707, 1000.000000000000000 ) ;
#2810 = DIRECTION ( 'NONE',  ( -7.760429719096859345E-17, 1.000000000000000000, -0.000000000000000000 ) ) ;
#2811 = ORIENTED_EDGE ( 'NONE', *, *, #2447, .F. ) ;
#2812 =( NAMED_UNIT ( * ) PLANE_ANGLE_UNIT ( ) SI_UNIT ( $, .RADIAN. ) );
#2813 =( NAMED_UNIT ( * ) SI_UNIT ( $, .STERADIAN. ) SOLID_ANGLE_UNIT ( ) );
#2814 = FACE_OUTER_BOUND ( 'NONE', #6071, .T. ) ;
#2815 = PRESENTATION_STYLE_ASSIGNMENT (( #4337 ) ) ;
#2816 =( GEOMETRIC_REPRESENTATION_CONTEXT ( 3 ) GLOBAL_UNCERTAINTY_ASSIGNED_CONTEXT ( ( #2841 ) ) GLOBAL_UNIT_ASSIGNED_CONTEXT ( ( #4516, #4483, #5193 ) ) REPRESENTATION_CONTEXT ( 'NONE', 'WORKASPACE' ) );
#2817 = DIRECTION ( 'NONE',  ( -1.000000000000000000, 0.000000000000000000, 0.000000000000000000 ) ) ;
#2818 = EDGE_CURVE ( 'NONE', #2592, #1658, #3183, .T. ) ;
#2819 = ADVANCED_FACE ( 'NONE', ( #5274 ), #4737, .F. ) ;
#2820 = VERTEX_POINT ( 'NONE', #4080 ) ;
#2821 =( GEOMETRIC_REPRESENTATION_CONTEXT ( 3 ) GLOBAL_UNCERTAINTY_ASSIGNED_CONTEXT ( ( #6768 ) ) GLOBAL_UNIT_ASSIGNED_CONTEXT ( ( #6350, #5076, #3789 ) ) REPRESENTATION_CONTEXT ( 'NONE', 'WORKASPACE' ) );
#2822 = CARTESIAN_POINT ( 'NONE',  ( -1.999999999999999556, -2.999999999999998668, -3.499999999999999112 ) ) ;
#2823 = DIRECTION ( 'NONE',  ( 0.000000000000000000, 0.000000000000000000, -1.000000000000000000 ) ) ;
#2824 =( GEOMETRIC_REPRESENTATION_CONTEXT ( 3 ) GLOBAL_UNCERTAINTY_ASSIGNED_CONTEXT ( ( #4491 ) ) GLOBAL_UNIT_ASSIGNED_CONTEXT ( ( #2891, #7353, #6693 ) ) REPRESENTATION_CONTEXT ( 'NONE', 'WORKASPACE' ) );
#2825 = DIRECTION ( 'NONE',  ( 0.000000000000000000, 0.4472135954999645335, -0.8944271909999125247 ) ) ;
#2826 = DIRECTION ( 'NONE',  ( 1.000000000000000000, -0.000000000000000000, -0.000000000000000000 ) ) ;
#2827 = ORIENTED_EDGE ( 'NONE', *, *, #2056, .F. ) ;
#2828 = SURFACE_SIDE_STYLE ('',( #5512 ) ) ;
#2829 = DIRECTION ( 'NONE',  ( 1.000000000000000000, -0.000000000000000000, -0.000000000000000000 ) ) ;
#2830 = ORIENTED_EDGE ( 'NONE', *, *, #6115, .T. ) ;
#2831 = SURFACE_STYLE_USAGE ( .BOTH. , #6729 ) ;
#2832 = VECTOR ( 'NONE', #615, 1000.000000000000000 ) ;
#2833 = EDGE_CURVE ( 'NONE', #1115, #4397, #2690, .T. ) ;
#2834 = PRODUCT_CONTEXT ( 'NONE', #2173, 'mechanical' ) ;
#2835 = ORIENTED_EDGE ( 'NONE', *, *, #235, .F. ) ;
#2836 = AXIS2_PLACEMENT_3D ( 'NONE', #6852, #4328, #7484 ) ;
#2837 =( LENGTH_UNIT ( ) NAMED_UNIT ( * ) SI_UNIT ( .MILLI., .METRE. ) );
#2838 = DIRECTION ( 'NONE',  ( -0.9848077530122086864, -0.1736481776669271948, -0.000000000000000000 ) ) ;
#2839 = ORIENTED_EDGE ( 'NONE', *, *, #7986, .T. ) ;
#2840 = DIRECTION ( 'NONE',  ( 1.000000000000000000, -0.000000000000000000, -0.000000000000000000 ) ) ;
#2841 = UNCERTAINTY_MEASURE_WITH_UNIT (LENGTH_MEASURE( 1.000000000000000082E-05 ), #4516, 'distance_accuracy_value', 'NONE');
#2842 = PRESENTATION_STYLE_ASSIGNMENT (( #4638 ) ) ;
#2843 = FACE_OUTER_BOUND ( 'NONE', #7693, .T. ) ;
#2844 = PRESENTATION_STYLE_ASSIGNMENT (( #7066 ) ) ;
#2845 = CARTESIAN_POINT ( 'NONE',  ( -2.999999999999999556, -4.500000000000000888, -0.1500000000000028255 ) ) ;
#2846 = CARTESIAN_POINT ( 'NONE',  ( -1.999999999999999556, -2.999999999999998668, -4.049999999999999822 ) ) ;
#2847 = SURFACE_STYLE_FILL_AREA ( #4970 ) ;
#2848 = DIRECTION ( 'NONE',  ( 1.000000000000000000, 0.000000000000000000, 0.000000000000000000 ) ) ;
#2849 = SURFACE_STYLE_USAGE ( .BOTH. , #1752 ) ;
#2850 = CARTESIAN_POINT ( 'NONE',  ( -1.999999999999999556, -1.119999999999998552, -4.049999999999999822 ) ) ;
#2851 = ORIENTED_EDGE ( 'NONE', *, *, #2317, .F. ) ;
#2852 = DIRECTION ( 'NONE',  ( 0.000000000000000000, -0.000000000000000000, -1.000000000000000000 ) ) ;
#2853 = LINE ( 'NONE', #5868, #6229 ) ;
#2854 = CARTESIAN_POINT ( 'NONE',  ( 2.499999999999999556, 0.4010000000000013554, 1.198999999999999844 ) ) ;
#2855 = ADVANCED_FACE ( 'NONE', ( #7271 ), #5470, .F. ) ;
#2856 =( NAMED_UNIT ( * ) SI_UNIT ( $, .STERADIAN. ) SOLID_ANGLE_UNIT ( ) );
#2857 = CARTESIAN_POINT ( 'NONE',  ( 3.000000000000000444, -1.499999999999999334, -3.099999999999999645 ) ) ;
#2858 = ORIENTED_EDGE ( 'NONE', *, *, #1904, .T. ) ;
#2859 = DIRECTION ( 'NONE',  ( 0.000000000000000000, 0.000000000000000000, 1.000000000000000000 ) ) ;
#2860 = PRESENTATION_LAYER_ASSIGNMENT (  '', '', ( #7385 ) ) ;
#2861 = AXIS2_PLACEMENT_3D ( 'NONE', #6160, #465, #492 ) ;
#2862 = DIRECTION ( 'NONE',  ( -1.000000000000000000, 0.000000000000000000, 0.000000000000000000 ) ) ;
#2863 = COLOUR_RGB ( '',1.000000000000000000, 1.000000000000000000, 0.7529411764705882248 ) ;
#2864 = FACE_OUTER_BOUND ( 'NONE', #3236, .T. ) ;
#2865 = VERTEX_POINT ( 'NONE', #1437 ) ;
#2866 = AXIS2_PLACEMENT_3D ( 'NONE', #5357, #6737, #2908 ) ;
#2867 = UNCERTAINTY_MEASURE_WITH_UNIT (LENGTH_MEASURE( 1.000000000000000082E-05 ), #1577, 'distance_accuracy_value', 'NONE');
#2868 = ORIENTED_EDGE ( 'NONE', *, *, #5802, .F. ) ;
#2869 = PRESENTATION_STYLE_ASSIGNMENT (( #4290 ) ) ;
#2870 = DIRECTION ( 'NONE',  ( 0.000000000000000000, -9.227252531791525393E-17, -1.000000000000000000 ) ) ;
#2871 = ORIENTED_EDGE ( 'NONE', *, *, #3085, .T. ) ;
#2872 = ORIENTED_EDGE ( 'NONE', *, *, #2786, .F. ) ;
#2873 = SURFACE_SIDE_STYLE ('',( #5659 ) ) ;
#2874 = DIRECTION ( 'NONE',  ( 0.000000000000000000, -1.000000000000000000, 0.000000000000000000 ) ) ;
#2875 =( NAMED_UNIT ( * ) PLANE_ANGLE_UNIT ( ) SI_UNIT ( $, .RADIAN. ) );
#2876 = CARTESIAN_POINT ( 'NONE',  ( 0.5000000000000004441, -4.299999999999999822, -2.250000000000000444 ) ) ;
#2877 = DIRECTION ( 'NONE',  ( -0.000000000000000000, -1.000000000000000000, -0.000000000000000000 ) ) ;
#2878 = COLOUR_RGB ( '',0.5019607843137254832, 1.000000000000000000, 0.5019607843137254832 ) ;
#2879 = EDGE_CURVE ( 'NONE', #5816, #2865, #2488, .T. ) ;
#2880 = ORIENTED_EDGE ( 'NONE', *, *, #6890, .T. ) ;
#2881 = MECHANICAL_DESIGN_GEOMETRIC_PRESENTATION_REPRESENTATION (  '', ( #4336 ), #935 ) ;
#2882 = PRESENTATION_STYLE_ASSIGNMENT (( #3584 ) ) ;
#2883 =( NAMED_UNIT ( * ) PLANE_ANGLE_UNIT ( ) SI_UNIT ( $, .RADIAN. ) );
#2884 = DIRECTION ( 'NONE',  ( 1.000000000000000000, -0.000000000000000000, -0.000000000000000000 ) ) ;
#2885 = EDGE_CURVE ( 'NONE', #1013, #1718, #6368, .T. ) ;
#2886 = VERTEX_POINT ( 'NONE', #6585 ) ;
#2887 = ADVANCED_FACE ( 'NONE', ( #5562, #600 ), #4839, .F. ) ;
#2888 = CARTESIAN_POINT ( 'NONE',  ( -0.3749999999999998890, -5.000000000000000000, -2.350000000000000089 ) ) ;
#2889 = VERTEX_POINT ( 'NONE', #5482 ) ;
#2890 = LINE ( 'NONE', #561, #938 ) ;
#2891 =( LENGTH_UNIT ( ) NAMED_UNIT ( * ) SI_UNIT ( .MILLI., .METRE. ) );
#2892 = CARTESIAN_POINT ( 'NONE',  ( -4.400000000000000355, 2.650000000000000799, 0.000000000000000000 ) ) ;
#2893 = PLANE ( 'NONE',  #5069 ) ;
#2894 = FACE_OUTER_BOUND ( 'NONE', #583, .T. ) ;
#2895 =( LENGTH_UNIT ( ) NAMED_UNIT ( * ) SI_UNIT ( .MILLI., .METRE. ) );
#2896 = AXIS2_PLACEMENT_3D ( 'NONE', #2698, #3929, #7155 ) ;
#2897 = DIRECTION ( 'NONE',  ( -7.760429719096859345E-17, 1.000000000000000000, -0.000000000000000000 ) ) ;
#2898 = DIRECTION ( 'NONE',  ( 0.000000000000000000, 0.000000000000000000, -1.000000000000000000 ) ) ;
#2899 = ORIENTED_EDGE ( 'NONE', *, *, #7212, .F. ) ;
#2900 = STYLED_ITEM ( 'NONE', ( #2459 ), #7847 ) ;
#2901 = SURFACE_STYLE_FILL_AREA ( #4880 ) ;
#2902 = VECTOR ( 'NONE', #38, 1000.000000000000114 ) ;
#2903 = EDGE_CURVE ( 'NONE', #2139, #937, #435, .T. ) ;
#2904 = COLOUR_RGB ( '',1.000000000000000000, 1.000000000000000000, 0.7529411764705882248 ) ;
#2905 = AXIS2_PLACEMENT_3D ( 'NONE', #2644, #5725, #1369 ) ;
#2906 = LINE ( 'NONE', #1870, #6013 ) ;
#2907 =( LENGTH_UNIT ( ) NAMED_UNIT ( * ) SI_UNIT ( .MILLI., .METRE. ) );
#2908 = DIRECTION ( 'NONE',  ( 0.000000000000000000, -0.000000000000000000, 1.000000000000000000 ) ) ;
#2909 = CARTESIAN_POINT ( 'NONE',  ( 2.000000000000000444, -1.599999999999998979, -2.899999999999999023 ) ) ;
#2910 = EDGE_LOOP ( 'NONE', ( #3341, #7892, #2269, #4013 ) ) ;
#2911 =( GEOMETRIC_REPRESENTATION_CONTEXT ( 3 ) GLOBAL_UNCERTAINTY_ASSIGNED_CONTEXT ( ( #5734 ) ) GLOBAL_UNIT_ASSIGNED_CONTEXT ( ( #1916, #616, #6992 ) ) REPRESENTATION_CONTEXT ( 'NONE', 'WORKASPACE' ) );
#2912 = AXIS2_PLACEMENT_3D ( 'NONE', #5756, #6396, #1964 ) ;
#2913 = ORIENTED_EDGE ( 'NONE', *, *, #5632, .F. ) ;
#2914 = LINE ( 'NONE', #7984, #7787 ) ;
#2915 = EDGE_CURVE ( 'NONE', #5549, #5438, #8143, .T. ) ;
#2916 =( GEOMETRIC_REPRESENTATION_CONTEXT ( 3 ) GLOBAL_UNCERTAINTY_ASSIGNED_CONTEXT ( ( #1044 ) ) GLOBAL_UNIT_ASSIGNED_CONTEXT ( ( #6316, #3034, #7493 ) ) REPRESENTATION_CONTEXT ( 'NONE', 'WORKASPACE' ) );
#2917 = DIRECTION ( 'NONE',  ( -0.000000000000000000, -1.000000000000000000, -0.000000000000000000 ) ) ;
#2918 = AXIS2_PLACEMENT_3D ( 'NONE', #408, #6720, #2301 ) ;
#2919 = FILL_AREA_STYLE_COLOUR ( '', #8065 ) ;
#2920 = FACE_OUTER_BOUND ( 'NONE', #5257, .T. ) ;
#2921 = VECTOR ( 'NONE', #2652, 1000.000000000000000 ) ;
#2922 = ORIENTED_EDGE ( 'NONE', *, *, #44, .T. ) ;
#2923 = FILL_AREA_STYLE ('',( #3345 ) ) ;
#2924 = SURFACE_STYLE_USAGE ( .BOTH. , #5450 ) ;
#2925 = SURFACE_STYLE_FILL_AREA ( #7142 ) ;
#2926 = SURFACE_STYLE_FILL_AREA ( #3323 ) ;
#2928 = EDGE_CURVE ( 'NONE', #7814, #2282, #51, .T. ) ;
#2927 = UNCERTAINTY_MEASURE_WITH_UNIT (LENGTH_MEASURE( 1.000000000000000082E-05 ), #8239, 'distance_accuracy_value', 'NONE');
#2929 = CIRCLE ( 'NONE', #3625, 1.525000000000001243 ) ;
#2930 = SURFACE_STYLE_FILL_AREA ( #3060 ) ;
#2931 =( GEOMETRIC_REPRESENTATION_CONTEXT ( 3 ) GLOBAL_UNCERTAINTY_ASSIGNED_CONTEXT ( ( #6699 ) ) GLOBAL_UNIT_ASSIGNED_CONTEXT ( ( #3429, #2171, #7874 ) ) REPRESENTATION_CONTEXT ( 'NONE', 'WORKASPACE' ) );
#2932 = ADVANCED_FACE ( 'NONE', ( #3568, #411, #5370 ), #6728, .F. ) ;
#2933 =( NAMED_UNIT ( * ) SI_UNIT ( $, .STERADIAN. ) SOLID_ANGLE_UNIT ( ) );
#2934 =( NAMED_UNIT ( * ) PLANE_ANGLE_UNIT ( ) SI_UNIT ( $, .RADIAN. ) );
#2935 = FACE_OUTER_BOUND ( 'NONE', #4422, .T. ) ;
#2936 = COLOUR_RGB ( '',0.5019607843137254832, 1.000000000000000000, 0.5019607843137254832 ) ;
#2937 = EDGE_CURVE ( 'NONE', #2503, #2180, #6571, .T. ) ;
#2938 = DIRECTION ( 'NONE',  ( 1.000000000000000000, 0.000000000000000000, 0.000000000000000000 ) ) ;
#2939 = DIRECTION ( 'NONE',  ( -0.000000000000000000, -0.000000000000000000, 1.000000000000000000 ) ) ;
#2940 = LINE ( 'NONE', #2527, #1651 ) ;
#2941 = ORIENTED_EDGE ( 'NONE', *, *, #8199, .F. ) ;
#2942 = FACE_OUTER_BOUND ( 'NONE', #7658, .T. ) ;
#2943 = FACE_OUTER_BOUND ( 'NONE', #7303, .T. ) ;
#2944 = ORIENTED_EDGE ( 'NONE', *, *, #801, .T. ) ;
#2945 = DIRECTION ( 'NONE',  ( -1.000000000000000000, 0.000000000000000000, 0.000000000000000000 ) ) ;
#2946 = SURFACE_SIDE_STYLE ('',( #6792 ) ) ;
#2947 = CARTESIAN_POINT ( 'NONE',  ( 3.000000000000000444, -4.900000000000003020, 0.2499999999999999445 ) ) ;
#2948 = ORIENTED_EDGE ( 'NONE', *, *, #5651, .T. ) ;
#2949 = MECHANICAL_DESIGN_GEOMETRIC_PRESENTATION_REPRESENTATION (  '', ( #2250 ), #3217 ) ;
#2950 = VERTEX_POINT ( 'NONE', #1650 ) ;
#2951 = VECTOR ( 'NONE', #4459, 1000.000000000000000 ) ;
#2952 = ORIENTED_EDGE ( 'NONE', *, *, #594, .F. ) ;
#2953 = DIRECTION ( 'NONE',  ( 0.3420201433256693790, -0.9396926207859082059, 0.000000000000000000 ) ) ;
#2954 = AXIS2_PLACEMENT_3D ( 'NONE', #3688, #5573, #7506 ) ;
#2955 = ORIENTED_EDGE ( 'NONE', *, *, #7366, .T. ) ;
#2956 = FILL_AREA_STYLE_COLOUR ( '', #1075 ) ;
#2957 =( NAMED_UNIT ( * ) SI_UNIT ( $, .STERADIAN. ) SOLID_ANGLE_UNIT ( ) );
#2958 = SURFACE_STYLE_USAGE ( .BOTH. , #5511 ) ;
#2959 = VERTEX_POINT ( 'NONE', #1029 ) ;
#2960 = CARTESIAN_POINT ( 'NONE',  ( -5.000000000000001776, -1.120000000000001217, -4.049999999999999822 ) ) ;
#2961 = AXIS2_PLACEMENT_3D ( 'NONE', #715, #2823, #5396 ) ;
#2962 = ADVANCED_FACE ( 'NONE', ( #7752 ), #2304, .F. ) ;
#2963 = CARTESIAN_POINT ( 'NONE',  ( -2.999999999999999556, -4.500000000000000888, -0.1500000000000028255 ) ) ;
#2964 = CARTESIAN_POINT ( 'NONE',  ( -2.999999999999999556, -1.000000000000000000, -2.349999999999999645 ) ) ;
#2965 = CARTESIAN_POINT ( 'NONE',  ( -4.443301270189222940, 4.975000000000002309, 0.000000000000000000 ) ) ;
#2966 = EDGE_CURVE ( 'NONE', #6579, #2503, #1976, .T. ) ;
#2967 = VERTEX_POINT ( 'NONE', #7522 ) ;
#2968 = ORIENTED_EDGE ( 'NONE', *, *, #640, .T. ) ;
#2969 = AXIS2_PLACEMENT_3D ( 'NONE', #4167, #2838, #2898 ) ;
#2970 = ORIENTED_EDGE ( 'NONE', *, *, #5262, .F. ) ;
#2971 = FILL_AREA_STYLE ('',( #6795 ) ) ;
#2972 = CARTESIAN_POINT ( 'NONE',  ( 2.250000000000000888, -2.244443709649962315, -3.500000000000000000 ) ) ;
#2973 = AXIS2_PLACEMENT_3D ( 'NONE', #2097, #5898, #7105 ) ;
#2974 =( GEOMETRIC_REPRESENTATION_CONTEXT ( 3 ) GLOBAL_UNCERTAINTY_ASSIGNED_CONTEXT ( ( #4969 ) ) GLOBAL_UNIT_ASSIGNED_CONTEXT ( ( #4729, #2789, #1109 ) ) REPRESENTATION_CONTEXT ( 'NONE', 'WORKASPACE' ) );
#2975 = CARTESIAN_POINT ( 'NONE',  ( 3.957740127168935640, 3.949000000000004729, 0.2500000000000003331 ) ) ;
#2976 = UNCERTAINTY_MEASURE_WITH_UNIT (LENGTH_MEASURE( 1.000000000000000082E-05 ), #6816, 'distance_accuracy_value', 'NONE');
#2977 =( NAMED_UNIT ( * ) SI_UNIT ( $, .STERADIAN. ) SOLID_ANGLE_UNIT ( ) );
#2978 = ORIENTED_EDGE ( 'NONE', *, *, #1950, .T. ) ;
#2979 = DIRECTION ( 'NONE',  ( 1.000000000000000000, -0.000000000000000000, -0.000000000000000000 ) ) ;
#2980 =( LENGTH_UNIT ( ) NAMED_UNIT ( * ) SI_UNIT ( .MILLI., .METRE. ) );
#2981 = ORIENTED_EDGE ( 'NONE', *, *, #5232, .F. ) ;
#2982 = ORIENTED_EDGE ( 'NONE', *, *, #4731, .T. ) ;
#2983 = SURFACE_STYLE_USAGE ( .BOTH. , #6113 ) ;
#2984 = ORIENTED_EDGE ( 'NONE', *, *, #4176, .F. ) ;
#2985 = PRESENTATION_STYLE_ASSIGNMENT (( #289 ) ) ;
#2986 =( NAMED_UNIT ( * ) SI_UNIT ( $, .STERADIAN. ) SOLID_ANGLE_UNIT ( ) );
#2987 = SURFACE_SIDE_STYLE ('',( #6755 ) ) ;
#2988 = VECTOR ( 'NONE', #2859, 1000.000000000000000 ) ;
#2989 = EDGE_CURVE ( 'NONE', #2196, #5784, #7557, .T. ) ;
#2990 = ORIENTED_EDGE ( 'NONE', *, *, #5484, .F. ) ;
#2991 = UNCERTAINTY_MEASURE_WITH_UNIT (LENGTH_MEASURE( 1.000000000000000082E-05 ), #5914, 'distance_accuracy_value', 'NONE');
#2992 = PLANE ( 'NONE',  #2918 ) ;
#2993 = DIRECTION ( 'NONE',  ( 0.000000000000000000, 0.1718245749473356898, 0.9851275630313911513 ) ) ;
#2994 = VECTOR ( 'NONE', #5207, 1000.000000000000000 ) ;
#2995 = SURFACE_SIDE_STYLE ('',( #837 ) ) ;
#2996 = CARTESIAN_POINT ( 'NONE',  ( 0.5000000000000004441, -4.299999999999999822, 2.250000000000000444 ) ) ;
#2997 = VERTEX_POINT ( 'NONE', #1702 ) ;
#2998 = LINE ( 'NONE', #7674, #5194 ) ;
#2999 = DIRECTION ( 'NONE',  ( -0.000000000000000000, 0.000000000000000000, -1.000000000000000000 ) ) ;
#3000 = AXIS2_PLACEMENT_3D ( 'NONE', #3673, #5586, #4994 ) ;
#3001 = FACE_OUTER_BOUND ( 'NONE', #7470, .T. ) ;
#3002 = ADVANCED_FACE ( 'NONE', ( #6262 ), #7652, .T. ) ;
#3003 = DIRECTION ( 'NONE',  ( -7.760429719096859345E-17, 1.000000000000000000, 0.000000000000000000 ) ) ;
#3004 = DIRECTION ( 'NONE',  ( -1.000000000000000000, -0.000000000000000000, -0.000000000000000000 ) ) ;
#3005 = ORIENTED_EDGE ( 'NONE', *, *, #7338, .T. ) ;
#3006 =( GEOMETRIC_REPRESENTATION_CONTEXT ( 3 ) GLOBAL_UNCERTAINTY_ASSIGNED_CONTEXT ( ( #1757 ) ) GLOBAL_UNIT_ASSIGNED_CONTEXT ( ( #6700, #1550, #4164 ) ) REPRESENTATION_CONTEXT ( 'NONE', 'WORKASPACE' ) );
#3007 = CARTESIAN_POINT ( 'NONE',  ( 4.074999999999999289, 5.000000000000000888, 1.928818708657081344E-16 ) ) ;
#3008 = VERTEX_POINT ( 'NONE', #4381 ) ;
#3009 = PRESENTATION_STYLE_ASSIGNMENT (( #8090 ) ) ;
#3010 = MECHANICAL_DESIGN_GEOMETRIC_PRESENTATION_REPRESENTATION (  '', ( #1167 ), #8125 ) ;
#3011 = ORIENTED_EDGE ( 'NONE', *, *, #1037, .F. ) ;
#3012 = VECTOR ( 'NONE', #1521, 1000.000000000000000 ) ;
#3013 = CARTESIAN_POINT ( 'NONE',  ( -5.400000000000002132, -5.000000000000000000, 2.049999999999999822 ) ) ;
#3014 = DIRECTION ( 'NONE',  ( -1.000000000000000000, 0.000000000000000000, 0.000000000000000000 ) ) ;
#3015 = FILL_AREA_STYLE ('',( #7533 ) ) ;
#3016 = ORIENTED_EDGE ( 'NONE', *, *, #8025, .F. ) ;
#3017 = AXIS2_PLACEMENT_3D ( 'NONE', #6828, #1808, #1840 ) ;
#3018 = LINE ( 'NONE', #5374, #3719 ) ;
#3019 = VECTOR ( 'NONE', #4546, 1000.000000000000000 ) ;
#3020 = LINE ( 'NONE', #722, #42 ) ;
#3021 = EDGE_CURVE ( 'NONE', #7691, #3055, #5768, .T. ) ;
#3022 = TOROIDAL_SURFACE ( 'NONE', #6501, 1.350000000000000311, 0.5000000000000000000 ) ;
#3023 = AXIS2_PLACEMENT_3D ( 'NONE', #1584, #5421, #4804 ) ;
#3024 = CARTESIAN_POINT ( 'NONE',  ( 3.000000000000000444, 0.9200000000000028155, -3.499999999999999556 ) ) ;
#3025 = STYLED_ITEM ( 'NONE', ( #1710 ), #5269 ) ;
#3026 = UNCERTAINTY_MEASURE_WITH_UNIT (LENGTH_MEASURE( 1.000000000000000082E-05 ), #7480, 'distance_accuracy_value', 'NONE');
#3027 = CARTESIAN_POINT ( 'NONE',  ( -1.099999999999999867, 0.000000000000000000, 2.549999999999982947 ) ) ;
#3028 = CARTESIAN_POINT ( 'NONE',  ( 0.9249999999999998224, 2.650000000000000799, 0.000000000000000000 ) ) ;
#3029 = FILL_AREA_STYLE_COLOUR ( '', #5201 ) ;
#3030 = LINE ( 'NONE', #2964, #978 ) ;
#3031 = CARTESIAN_POINT ( 'NONE',  ( 0.5000000000000004441, 0.4000000000000011324, 2.250000000000000000 ) ) ;
#3032 = ORIENTED_EDGE ( 'NONE', *, *, #2186, .T. ) ;
#3033 = EDGE_CURVE ( 'NONE', #448, #2185, #5975, .T. ) ;
#3034 =( NAMED_UNIT ( * ) PLANE_ANGLE_UNIT ( ) SI_UNIT ( $, .RADIAN. ) );
#3035 =( GEOMETRIC_REPRESENTATION_CONTEXT ( 3 ) GLOBAL_UNCERTAINTY_ASSIGNED_CONTEXT ( ( #7906 ) ) GLOBAL_UNIT_ASSIGNED_CONTEXT ( ( #3204, #4468, #3259 ) ) REPRESENTATION_CONTEXT ( 'NONE', 'WORKASPACE' ) );
#3036 = CARTESIAN_POINT ( 'NONE',  ( -4.445955351399303979, -4.250311307314563969, 4.049999999999999822 ) ) ;
#3037 = CARTESIAN_POINT ( 'NONE',  ( 3.000000000000000444, -5.100000000000000533, -0.3500000000000000333 ) ) ;
#3038 = ORIENTED_EDGE ( 'NONE', *, *, #1021, .F. ) ;
#3039 = SURFACE_STYLE_USAGE ( .BOTH. , #3764 ) ;
#3040 = EDGE_CURVE ( 'NONE', #6021, #4674, #704, .T. ) ;
#3041 = CARTESIAN_POINT ( 'NONE',  ( 2.000000000000000444, -3.799999999999999822, -3.499999999999999112 ) ) ;
#3042 = PRESENTATION_STYLE_ASSIGNMENT (( #331 ) ) ;
#3043 = EDGE_LOOP ( 'NONE', ( #5501, #2674, #1668, #1462 ) ) ;
#3044 = CARTESIAN_POINT ( 'NONE',  ( 2.499999999999999556, 6.963351365237943291, 1.525000000000000577 ) ) ;
#3045 = VECTOR ( 'NONE', #6342, 1000.000000000000000 ) ;
#3046 = FILL_AREA_STYLE ('',( #1149 ) ) ;
#3047 = EDGE_LOOP ( 'NONE', ( #2121, #3477 ) ) ;
#3048 = VECTOR ( 'NONE', #371, 1000.000000000000000 ) ;
#3049 = ORIENTED_EDGE ( 'NONE', *, *, #4462, .T. ) ;
#3050 = DIRECTION ( 'NONE',  ( -0.000000000000000000, -0.000000000000000000, -1.000000000000000000 ) ) ;
#3051 = DIRECTION ( 'NONE',  ( 1.000000000000000000, -0.000000000000000000, -0.000000000000000000 ) ) ;
#3052 = AXIS2_PLACEMENT_3D ( 'NONE', #2402, #81, #1363 ) ;
#3053 = SURFACE_SIDE_STYLE ('',( #2847 ) ) ;
#3054 =( GEOMETRIC_REPRESENTATION_CONTEXT ( 3 ) GLOBAL_UNCERTAINTY_ASSIGNED_CONTEXT ( ( #6954 ) ) GLOBAL_UNIT_ASSIGNED_CONTEXT ( ( #4018, #7844, #2170 ) ) REPRESENTATION_CONTEXT ( 'NONE', 'WORKASPACE' ) );
#3055 = VERTEX_POINT ( 'NONE', #3648 ) ;
#3056 = DIRECTION ( 'NONE',  ( 0.000000000000000000, 0.000000000000000000, -1.000000000000000000 ) ) ;
#3057 = STYLED_ITEM ( 'NONE', ( #6143 ), #8007 ) ;
#3058 = FACE_OUTER_BOUND ( 'NONE', #3406, .T. ) ;
#3059 = PRESENTATION_LAYER_ASSIGNMENT (  '', '', ( #965 ) ) ;
#3060 = FILL_AREA_STYLE ('',( #2343 ) ) ;
#3061 = CARTESIAN_POINT ( 'NONE',  ( -5.000000000000001776, -5.000000000000000000, 4.049999999999999822 ) ) ;
#3062 = ORIENTED_EDGE ( 'NONE', *, *, #7467, .F. ) ;
#3063 =( NAMED_UNIT ( * ) SI_UNIT ( $, .STERADIAN. ) SOLID_ANGLE_UNIT ( ) );
#3064 = ORIENTED_EDGE ( 'NONE', *, *, #7505, .F. ) ;
#3065 =( NAMED_UNIT ( * ) PLANE_ANGLE_UNIT ( ) SI_UNIT ( $, .RADIAN. ) );
#3066 = AXIS2_PLACEMENT_3D ( 'NONE', #4377, #5067, #4352 ) ;
#3067 = CARTESIAN_POINT ( 'NONE',  ( -3.899999999999999911, -1.200000000000000400, 2.350000000000000089 ) ) ;
#3068 =( NAMED_UNIT ( * ) PLANE_ANGLE_UNIT ( ) SI_UNIT ( $, .RADIAN. ) );
#3069 = EDGE_CURVE ( 'NONE', #6052, #857, #3543, .T. ) ;
#3070 = PLANE ( 'NONE',  #5956 ) ;
#3071 = AXIS2_PLACEMENT_3D ( 'NONE', #6120, #2273, #6744 ) ;
#3072 = PRESENTATION_LAYER_ASSIGNMENT (  '', '', ( #5811 ) ) ;
#3073 = ORIENTED_EDGE ( 'NONE', *, *, #7923, .T. ) ;
#3074 = CARTESIAN_POINT ( 'NONE',  ( -5.000000000000001776, 0.6999999999999996225, 8.432683563776144913E-17 ) ) ;
#3075 = PLANE ( 'NONE',  #7603 ) ;
#3076 = EDGE_CURVE ( 'NONE', #6446, #4986, #1665, .T. ) ;
#3077 = VERTEX_POINT ( 'NONE', #497 ) ;
#3078 = AXIS2_PLACEMENT_3D ( 'NONE', #92, #2026, #5146 ) ;
#3079 = EDGE_CURVE ( 'NONE', #5654, #1856, #6650, .T. ) ;
#3080 = CARTESIAN_POINT ( 'NONE',  ( -2.999999999999999556, -5.000000000000000000, -0.3500000000000007550 ) ) ;
#3081 = SURFACE_STYLE_FILL_AREA ( #3887 ) ;
#3082 = PRESENTATION_STYLE_ASSIGNMENT (( #1863 ) ) ;
#3083 = CARTESIAN_POINT ( 'NONE',  ( -4.500000000000000000, 0.4000000000000011324, 2.250000000000000000 ) ) ;
#3084 = DIRECTION ( 'NONE',  ( -7.760429719096859345E-17, 1.000000000000000000, -0.000000000000000000 ) ) ;
#3085 = EDGE_CURVE ( 'NONE', #1145, #3313, #1949, .T. ) ;
#3086 = ORIENTED_EDGE ( 'NONE', *, *, #3983, .F. ) ;
#3087 = CIRCLE ( 'NONE', #1844, 1.850000000000000533 ) ;
#3088 = LINE ( 'NONE', #1496, #5187 ) ;
#3089 = CARTESIAN_POINT ( 'NONE',  ( 0.5000000000000004441, -4.299999999999999822, 2.250000000000000444 ) ) ;
#3090 = FILL_AREA_STYLE ('',( #4471 ) ) ;
#3091 = CYLINDRICAL_SURFACE ( 'NONE', #804, 1.198999999999999622 ) ;
#3092 = SURFACE_STYLE_USAGE ( .BOTH. , #1213 ) ;
#3093 = CARTESIAN_POINT ( 'NONE',  ( 2.499999999999999556, 0.4000000000000008549, -1.525000000000000799 ) ) ;
#3094 = ORIENTED_EDGE ( 'NONE', *, *, #3085, .F. ) ;
#3095 = PRESENTATION_STYLE_ASSIGNMENT (( #5826 ) ) ;
#3096 = SURFACE_STYLE_FILL_AREA ( #2113 ) ;
#3097 = LINE ( 'NONE', #5369, #5491 ) ;
#3098 = STYLED_ITEM ( 'NONE', ( #2199 ), #2640 ) ;
#3099 = FILL_AREA_STYLE ('',( #1750 ) ) ;
#3100 = ORIENTED_EDGE ( 'NONE', *, *, #6946, .F. ) ;
#3101 = LINE ( 'NONE', #2751, #2516 ) ;
#3102 = SURFACE_STYLE_USAGE ( .BOTH. , #6304 ) ;
#3103 = COLOUR_RGB ( '',0.5019607843137254832, 1.000000000000000000, 0.5019607843137254832 ) ;
#3104 = CARTESIAN_POINT ( 'NONE',  ( -1.999999999999999556, -2.999999999999998668, -4.049999999999999822 ) ) ;
#3105 = UNCERTAINTY_MEASURE_WITH_UNIT (LENGTH_MEASURE( 1.000000000000000082E-05 ), #225, 'distance_accuracy_value', 'NONE');
#3106 = ORIENTED_EDGE ( 'NONE', *, *, #2989, .F. ) ;
#3107 = CYLINDRICAL_SURFACE ( 'NONE', #104, 0.2500000000000002220 ) ;
#3109 = VECTOR ( 'NONE', #1294, 1000.000000000000227 ) ;
#3108 = STYLED_ITEM ( 'NONE', ( #2985 ), #6348 ) ;
#3110 = FACE_OUTER_BOUND ( 'NONE', #5402, .T. ) ;
#3111 = DIRECTION ( 'NONE',  ( 0.000000000000000000, 0.000000000000000000, -1.000000000000000000 ) ) ;
#3112 = DIRECTION ( 'NONE',  ( 0.000000000000000000, -0.9396926207859107594, -0.3420201433256621071 ) ) ;
#3113 = EDGE_LOOP ( 'NONE', ( #1026, #3359 ) ) ;
#3114 = SURFACE_SIDE_STYLE ('',( #6503 ) ) ;
#3115 = LINE ( 'NONE', #6593, #3012 ) ;
#3116 = EDGE_CURVE ( 'NONE', #6147, #7666, #4769, .T. ) ;
#3117 =( LENGTH_UNIT ( ) NAMED_UNIT ( * ) SI_UNIT ( .MILLI., .METRE. ) );
#3118 =( GEOMETRIC_REPRESENTATION_CONTEXT ( 3 ) GLOBAL_UNCERTAINTY_ASSIGNED_CONTEXT ( ( #1704 ) ) GLOBAL_UNIT_ASSIGNED_CONTEXT ( ( #1293, #3203, #7653 ) ) REPRESENTATION_CONTEXT ( 'NONE', 'WORKASPACE' ) );
#3119 = SURFACE_SIDE_STYLE ('',( #7312 ) ) ;
#3120 = COLOUR_RGB ( '',0.5019607843137254832, 1.000000000000000000, 0.5019607843137254832 ) ;
#3122 = EDGE_CURVE ( 'NONE', #2454, #5654, #6333, .T. ) ;
#3121 = CIRCLE ( 'NONE', #5525, 1.900000000000000577 ) ;
#3123 = DIRECTION ( 'NONE',  ( 0.000000000000000000, -1.000000000000000000, 1.594414959537506434E-16 ) ) ;
#3124 = VECTOR ( 'NONE', #449, 1000.000000000000000 ) ;
#3125 = CARTESIAN_POINT ( 'NONE',  ( -4.075000000000000178, 2.650000000000000799, 0.000000000000000000 ) ) ;
#3126 = SURFACE_STYLE_FILL_AREA ( #5926 ) ;
#3127 = UNCERTAINTY_MEASURE_WITH_UNIT (LENGTH_MEASURE( 1.000000000000000082E-05 ), #4643, 'distance_accuracy_value', 'NONE');
#3128 = VECTOR ( 'NONE', #2163, 1000.000000000000000 ) ;
#3129 = PRESENTATION_STYLE_ASSIGNMENT (( #2410 ) ) ;
#3130 = ADVANCED_FACE ( 'NONE', ( #3149 ), #177, .F. ) ;
#3131 = AXIS2_PLACEMENT_3D ( 'NONE', #1404, #6491, #1509 ) ;
#3132 = DIRECTION ( 'NONE',  ( 1.000000000000000000, -0.000000000000000000, -0.000000000000000000 ) ) ;
#3133 = VECTOR ( 'NONE', #2692, 1000.000000000000000 ) ;
#3134 = DIRECTION ( 'NONE',  ( -1.000000000000000000, 0.000000000000000000, 0.000000000000000000 ) ) ;
#3135 = DIRECTION ( 'NONE',  ( 0.000000000000000000, -1.505836350674313220E-16, -1.000000000000000000 ) ) ;
#3136 = ORIENTED_EDGE ( 'NONE', *, *, #977, .F. ) ;
#3137 = SURFACE_STYLE_FILL_AREA ( #987 ) ;
#3138 = SHAPE_DEFINITION_REPRESENTATION ( #3492, #653 ) ;
#3139 = DIRECTION ( 'NONE',  ( 1.000000000000000000, 0.000000000000000000, 0.000000000000000000 ) ) ;
#3140 = ORIENTED_EDGE ( 'NONE', *, *, #4176, .T. ) ;
#3141 = DIRECTION ( 'NONE',  ( -0.000000000000000000, -1.000000000000000000, -9.227252531791526626E-17 ) ) ;
#3142 = EDGE_CURVE ( 'NONE', #397, #6144, #1858, .T. ) ;
#3143 = DIRECTION ( 'NONE',  ( 0.000000000000000000, 1.000000000000000000, 0.000000000000000000 ) ) ;
#3144 = CARTESIAN_POINT ( 'NONE',  ( -2.176326980708464642, -8.500000000000000000, -0.2499999999999995282 ) ) ;
#3145 = MECHANICAL_DESIGN_GEOMETRIC_PRESENTATION_REPRESENTATION (  '', ( #2022 ), #7988 ) ;
#3146 = ORIENTED_EDGE ( 'NONE', *, *, #3352, .F. ) ;
#3147 = SURFACE_STYLE_USAGE ( .BOTH. , #4388 ) ;
#3148 = ORIENTED_EDGE ( 'NONE', *, *, #7321, .T. ) ;
#3149 = FACE_OUTER_BOUND ( 'NONE', #1428, .T. ) ;
#3150 = COLOUR_RGB ( '',1.000000000000000000, 1.000000000000000000, 0.7529411764705882248 ) ;
#3151 = ORIENTED_EDGE ( 'NONE', *, *, #1098, .T. ) ;
#3152 = CARTESIAN_POINT ( 'NONE',  ( -2.999999999999999556, -1.000000000000000000, -3.499999999999999556 ) ) ;
#3153 = VERTEX_POINT ( 'NONE', #6904 ) ;
#3154 = CARTESIAN_POINT ( 'NONE',  ( 3.000000000000000444, -1.000000000000000000, -3.499999999999999556 ) ) ;
#3155 = EDGE_CURVE ( 'NONE', #129, #7487, #4959, .T. ) ;
#3156 = CARTESIAN_POINT ( 'NONE',  ( -4.445955351399303979, 0.2999999999999991562, 4.049999999999999822 ) ) ;
#3157 = DIRECTION ( 'NONE',  ( -1.000000000000000000, 0.000000000000000000, 0.000000000000000000 ) ) ;
#3158 = ORIENTED_EDGE ( 'NONE', *, *, #535, .T. ) ;
#3159 = ORIENTED_EDGE ( 'NONE', *, *, #5619, .F. ) ;
#3160 = ORIENTED_EDGE ( 'NONE', *, *, #4379, .F. ) ;
#3161 = CARTESIAN_POINT ( 'NONE',  ( -0.3749999999999993894, 2.400000000000001243, 2.350000000000000089 ) ) ;
#3162 = DIRECTION ( 'NONE',  ( 0.000000000000000000, -0.000000000000000000, 1.000000000000000000 ) ) ;
#3163 = LINE ( 'NONE', #3173, #6249 ) ;
#3164 =( NAMED_UNIT ( * ) PLANE_ANGLE_UNIT ( ) SI_UNIT ( $, .RADIAN. ) );
#3165 =( GEOMETRIC_REPRESENTATION_CONTEXT ( 3 ) GLOBAL_UNCERTAINTY_ASSIGNED_CONTEXT ( ( #8021 ) ) GLOBAL_UNIT_ASSIGNED_CONTEXT ( ( #5890, #3972, #1441 ) ) REPRESENTATION_CONTEXT ( 'NONE', 'WORKASPACE' ) );
#3166 = MECHANICAL_DESIGN_GEOMETRIC_PRESENTATION_REPRESENTATION (  '', ( #909 ), #4627 ) ;
#3167 = CARTESIAN_POINT ( 'NONE',  ( 4.443301270189222052, 4.975000000000002309, 2.379857680316216674E-16 ) ) ;
#3168 =( NAMED_UNIT ( * ) SI_UNIT ( $, .STERADIAN. ) SOLID_ANGLE_UNIT ( ) );
#3169 = ORIENTED_EDGE ( 'NONE', *, *, #2374, .T. ) ;
#3170 = EDGE_CURVE ( 'NONE', #2111, #5398, #1084, .T. ) ;
#3171 = AXIS2_PLACEMENT_3D ( 'NONE', #16, #3717, #1186 ) ;
#3172 =( NAMED_UNIT ( * ) PLANE_ANGLE_UNIT ( ) SI_UNIT ( $, .RADIAN. ) );
#3173 = CARTESIAN_POINT ( 'NONE',  ( -1.999999999999999556, -2.999999999999998668, -3.499999999999999112 ) ) ;
#3174 = ADVANCED_FACE ( 'NONE', ( #7717 ), #3784, .F. ) ;
#3175 = CARTESIAN_POINT ( 'NONE',  ( 3.000000000000000444, -2.999999999999998668, -4.049999999999999822 ) ) ;
#3176 = DIRECTION ( 'NONE',  ( 0.000000000000000000, 0.000000000000000000, 1.000000000000000000 ) ) ;
#3177 = STYLED_ITEM ( 'NONE', ( #823 ), #7194 ) ;
#3178 = UNCERTAINTY_MEASURE_WITH_UNIT (LENGTH_MEASURE( 1.000000000000000082E-05 ), #5128, 'distance_accuracy_value', 'NONE');
#3179 = VERTEX_POINT ( 'NONE', #2444 ) ;
#3180 = DIRECTION ( 'NONE',  ( -7.760429719096859345E-17, 1.000000000000000000, -0.000000000000000000 ) ) ;
#3181 = EDGE_CURVE ( 'NONE', #4710, #4763, #2350, .T. ) ;
#3182 = DIRECTION ( 'NONE',  ( -1.000000000000000000, -7.760429719096859345E-17, 0.000000000000000000 ) ) ;
#3183 = LINE ( 'NONE', #7873, #5668 ) ;
#3184 = STYLED_ITEM ( 'NONE', ( #2427 ), #728 ) ;
#3185 = MECHANICAL_DESIGN_GEOMETRIC_PRESENTATION_REPRESENTATION (  '', ( #7190 ), #5326 ) ;
#3186 = LINE ( 'NONE', #4571, #1322 ) ;
#3187 = CARTESIAN_POINT ( 'NONE',  ( -2.249999999999999556, -2.999999999999998668, -3.499999999999999112 ) ) ;
#3188 = ORIENTED_EDGE ( 'NONE', *, *, #7606, .T. ) ;
#3189 = EDGE_LOOP ( 'NONE', ( #6168, #4877, #1082, #8191 ) ) ;
#3190 = SURFACE_SIDE_STYLE ('',( #3081 ) ) ;
#3191 = FILL_AREA_STYLE ('',( #731 ) ) ;
#3192 = DIRECTION ( 'NONE',  ( -0.3095546484237474694, -0.8504944066314573670, -0.4252472033157365106 ) ) ;
#3193 = EDGE_CURVE ( 'NONE', #4745, #1145, #7242, .T. ) ;
#3194 = AXIS2_PLACEMENT_3D ( 'NONE', #7818, #218, #4682 ) ;
#3195 = DIRECTION ( 'NONE',  ( -0.000000000000000000, -0.000000000000000000, -1.000000000000000000 ) ) ;
#3196 = VERTEX_POINT ( 'NONE', #1890 ) ;
#3197 = PRESENTATION_STYLE_ASSIGNMENT (( #6840 ) ) ;
#3198 = DIRECTION ( 'NONE',  ( 0.000000000000000000, 1.000000000000000000, -0.000000000000000000 ) ) ;
#3199 = LINE ( 'NONE', #4648, #4405 ) ;
#3200 = FACE_OUTER_BOUND ( 'NONE', #1165, .T. ) ;
#3201 = FILL_AREA_STYLE_COLOUR ( '', #505 ) ;
#3202 = EDGE_CURVE ( 'NONE', #2185, #4286, #7427, .T. ) ;
#3203 =( NAMED_UNIT ( * ) PLANE_ANGLE_UNIT ( ) SI_UNIT ( $, .RADIAN. ) );
#3204 =( LENGTH_UNIT ( ) NAMED_UNIT ( * ) SI_UNIT ( .MILLI., .METRE. ) );
#3205 = ORIENTED_EDGE ( 'NONE', *, *, #7839, .F. ) ;
#3206 =( LENGTH_UNIT ( ) NAMED_UNIT ( * ) SI_UNIT ( .MILLI., .METRE. ) );
#3207 = FACE_OUTER_BOUND ( 'NONE', #775, .T. ) ;
#3208 = COLOUR_RGB ( '',1.000000000000000000, 1.000000000000000000, 0.7529411764705882248 ) ;
#3209 = CARTESIAN_POINT ( 'NONE',  ( -2.500000000000000444, 2.651000000000001133, 1.445602896649105965E-19 ) ) ;
#3210 =( NAMED_UNIT ( * ) PLANE_ANGLE_UNIT ( ) SI_UNIT ( $, .RADIAN. ) );
#3211 = ORIENTED_EDGE ( 'NONE', *, *, #7891, .T. ) ;
#3212 = CARTESIAN_POINT ( 'NONE',  ( -5.000000000000001776, 4.815078231255385255, -2.449856359220362378 ) ) ;
#3213 = PRESENTATION_STYLE_ASSIGNMENT (( #1097 ) ) ;
#3214 = UNCERTAINTY_MEASURE_WITH_UNIT (LENGTH_MEASURE( 1.000000000000000082E-05 ), #5761, 'distance_accuracy_value', 'NONE');
#3215 = ADVANCED_FACE ( 'NONE', ( #8017 ), #63, .F. ) ;
#3216 = VERTEX_POINT ( 'NONE', #3227 ) ;
#3217 =( GEOMETRIC_REPRESENTATION_CONTEXT ( 3 ) GLOBAL_UNCERTAINTY_ASSIGNED_CONTEXT ( ( #1636 ) ) GLOBAL_UNIT_ASSIGNED_CONTEXT ( ( #1954, #5182, #777 ) ) REPRESENTATION_CONTEXT ( 'NONE', 'WORKASPACE' ) );
#3218 = CYLINDRICAL_SURFACE ( 'NONE', #1019, 0.1000000000000002554 ) ;
#3219 = DIRECTION ( 'NONE',  ( -7.760429719096859345E-17, 1.000000000000000000, -0.000000000000000000 ) ) ;
#3220 =( NAMED_UNIT ( * ) SI_UNIT ( $, .STERADIAN. ) SOLID_ANGLE_UNIT ( ) );
#3221 = ORIENTED_EDGE ( 'NONE', *, *, #1344, .T. ) ;
#3222 =( GEOMETRIC_REPRESENTATION_CONTEXT ( 3 ) GLOBAL_UNCERTAINTY_ASSIGNED_CONTEXT ( ( #4218 ) ) GLOBAL_UNIT_ASSIGNED_CONTEXT ( ( #1275, #5719, #1299 ) ) REPRESENTATION_CONTEXT ( 'NONE', 'WORKASPACE' ) );
#3223 = CIRCLE ( 'NONE', #1379, 1.198999999999999622 ) ;
#3224 = CIRCLE ( 'NONE', #697, 1.574999999999999956 ) ;
#3225 = AXIS2_PLACEMENT_3D ( 'NONE', #4124, #2810, #967 ) ;
#3226 = VECTOR ( 'NONE', #1568, 1000.000000000000000 ) ;
#3227 = CARTESIAN_POINT ( 'NONE',  ( -2.999999999999999556, -5.000000000000000000, -0.3500000000000007550 ) ) ;
#3228 =( NAMED_UNIT ( * ) PLANE_ANGLE_UNIT ( ) SI_UNIT ( $, .RADIAN. ) );
#3229 = AXIS2_PLACEMENT_3D ( 'NONE', #3727, #1776, #4431 ) ;
#3230 = DIRECTION ( 'NONE',  ( 0.1736481776669273613, 0.9848077530122085754, -1.482959312911674278E-16 ) ) ;
#3231 = SURFACE_STYLE_USAGE ( .BOTH. , #772 ) ;
#3232 = EDGE_CURVE ( 'NONE', #4262, #3253, #7092, .T. ) ;
#3233 = CARTESIAN_POINT ( 'NONE',  ( 2.499999999999999556, 2.650000000000000799, 0.000000000000000000 ) ) ;
#3234 = STYLED_ITEM ( 'NONE', ( #5302 ), #5176 ) ;
#3235 = CARTESIAN_POINT ( 'NONE',  ( 0.9249999999999996003, 2.400000000000001243, 0.000000000000000000 ) ) ;
#3236 = EDGE_LOOP ( 'NONE', ( #5497, #4965, #768, #1952, #1744, #7833 ) ) ;
#3237 = AXIS2_PLACEMENT_3D ( 'NONE', #834, #1459, #214 ) ;
#3238 = FILL_AREA_STYLE_COLOUR ( '', #3150 ) ;
#3239 = EDGE_LOOP ( 'NONE', ( #5739, #6403, #7017, #7277 ) ) ;
#3240 = PLANE ( 'NONE',  #1311 ) ;
#3241 = EDGE_CURVE ( 'NONE', #6140, #3216, #1561, .T. ) ;
#3242 = FACE_OUTER_BOUND ( 'NONE', #2003, .T. ) ;
#3243 = ORIENTED_EDGE ( 'NONE', *, *, #4334, .T. ) ;
#3244 = VECTOR ( 'NONE', #7565, 1000.000000000000114 ) ;
#3245 = PRESENTATION_LAYER_ASSIGNMENT (  '', '', ( #5426 ) ) ;
#3246 = SURFACE_STYLE_USAGE ( .BOTH. , #7071 ) ;
#3247 = ORIENTED_EDGE ( 'NONE', *, *, #2724, .F. ) ;
#3248 = DIRECTION ( 'NONE',  ( -1.000000000000000000, -0.000000000000000000, -0.000000000000000000 ) ) ;
#3249 =( NAMED_UNIT ( * ) SI_UNIT ( $, .STERADIAN. ) SOLID_ANGLE_UNIT ( ) );
#3250 = CARTESIAN_POINT ( 'NONE',  ( -0.4999999999999995559, 0.4000000000000011324, 2.250000000000000000 ) ) ;
#3251 = SURFACE_STYLE_USAGE ( .BOTH. , #2584 ) ;
#3252 = LINE ( 'NONE', #2845, #3048 ) ;
#3253 = VERTEX_POINT ( 'NONE', #6370 ) ;
#3254 = UNCERTAINTY_MEASURE_WITH_UNIT (LENGTH_MEASURE( 1.000000000000000082E-05 ), #2146, 'distance_accuracy_value', 'NONE');
#3255 =( NAMED_UNIT ( * ) SI_UNIT ( $, .STERADIAN. ) SOLID_ANGLE_UNIT ( ) );
#3256 =( NAMED_UNIT ( * ) PLANE_ANGLE_UNIT ( ) SI_UNIT ( $, .RADIAN. ) );
#3257 = ADVANCED_FACE ( 'NONE', ( #72, #8114 ), #1940, .F. ) ;
#3258 = FILL_AREA_STYLE_COLOUR ( '', #6003 ) ;
#3259 =( NAMED_UNIT ( * ) SI_UNIT ( $, .STERADIAN. ) SOLID_ANGLE_UNIT ( ) );
#3260 = ORIENTED_EDGE ( 'NONE', *, *, #7761, .T. ) ;
#3261 = CARTESIAN_POINT ( 'NONE',  ( -3.957730410732089421, 3.949000000000005617, 0.2500000000000003331 ) ) ;
#3262 = FILL_AREA_STYLE ('',( #4588 ) ) ;
#3263 = EDGE_LOOP ( 'NONE', ( #4830, #6847, #4974, #3574 ) ) ;
#3264 = ORIENTED_EDGE ( 'NONE', *, *, #6117, .F. ) ;
#3265 =( NAMED_UNIT ( * ) PLANE_ANGLE_UNIT ( ) SI_UNIT ( $, .RADIAN. ) );
#3266 = LINE ( 'NONE', #6864, #405 ) ;
#3267 = CARTESIAN_POINT ( 'NONE',  ( -1.173350083857840787, 3.949000000000001176, -0.2499999999999996669 ) ) ;
#3268 = CARTESIAN_POINT ( 'NONE',  ( 3.000000000000000444, 0.9200000000000028155, -3.499999999999999556 ) ) ;
#3269 = PRESENTATION_LAYER_ASSIGNMENT (  '', '', ( #2153 ) ) ;
#3270 = VERTEX_POINT ( 'NONE', #3274 ) ;
#3271 = PRESENTATION_LAYER_ASSIGNMENT (  '', '', ( #4575 ) ) ;
#3272 = SURFACE_STYLE_FILL_AREA ( #413 ) ;
#3273 = CIRCLE ( 'NONE', #7344, 1.850000000000000089 ) ;
#3274 = CARTESIAN_POINT ( 'NONE',  ( -2.999999999999999556, -5.100000000000000533, -0.2499999999999998890 ) ) ;
#3275 = CARTESIAN_POINT ( 'NONE',  ( 3.900000000000000799, -3.200000000000000178, 2.350000000000000533 ) ) ;
#3276 = AXIS2_PLACEMENT_3D ( 'NONE', #5306, #7236, #3327 ) ;
#3277 = CARTESIAN_POINT ( 'NONE',  ( 4.999999999999998224, 0.4499999999999990119, 4.049999999999999822 ) ) ;
#3278 = EDGE_LOOP ( 'NONE', ( #2515, #4325, #5924, #2125 ) ) ;
#3279 =( LENGTH_UNIT ( ) NAMED_UNIT ( * ) SI_UNIT ( .MILLI., .METRE. ) );
#3280 = UNCERTAINTY_MEASURE_WITH_UNIT (LENGTH_MEASURE( 1.000000000000000082E-05 ), #5959, 'distance_accuracy_value', 'NONE');
#3281 = ORIENTED_EDGE ( 'NONE', *, *, #7183, .T. ) ;
#3282 = CARTESIAN_POINT ( 'NONE',  ( -4.500000000000000000, -4.299999999999999822, 2.250000000000000444 ) ) ;
#3283 = CARTESIAN_POINT ( 'NONE',  ( -1.099999999999999867, -1.200000000000000400, 2.549999999999986500 ) ) ;
#3284 = VECTOR ( 'NONE', #2512, 1000.000000000000000 ) ;
#3285 = CARTESIAN_POINT ( 'NONE',  ( -0.9749999999999990896, 0.4000000000000010214, 1.445602896648143000E-19 ) ) ;
#3286 = FILL_AREA_STYLE_COLOUR ( '', #4028 ) ;
#3287 = LINE ( 'NONE', #57, #6882 ) ;
#3288 = FILL_AREA_STYLE_COLOUR ( '', #4671 ) ;
#3289 = ORIENTED_EDGE ( 'NONE', *, *, #2342, .F. ) ;
#3290 = AXIS2_PLACEMENT_3D ( 'NONE', #6174, #2999, #4815 ) ;
#3291 = SURFACE_STYLE_FILL_AREA ( #7866 ) ;
#3292 = CARTESIAN_POINT ( 'NONE',  ( 2.499999999999999556, 2.400000000000001243, 0.000000000000000000 ) ) ;
#3293 = DIRECTION ( 'NONE',  ( 0.000000000000000000, -1.000000000000000000, 1.106328747434187728E-16 ) ) ;
#3294 = ADVANCED_FACE ( 'NONE', ( #989 ), #7753, .F. ) ;
#3295 =( NAMED_UNIT ( * ) PLANE_ANGLE_UNIT ( ) SI_UNIT ( $, .RADIAN. ) );
#3296 = FILL_AREA_STYLE ('',( #142 ) ) ;
#3297 = ORIENTED_EDGE ( 'NONE', *, *, #5915, .F. ) ;
#3298 = FACE_OUTER_BOUND ( 'NONE', #7786, .T. ) ;
#3299 =( NAMED_UNIT ( * ) PLANE_ANGLE_UNIT ( ) SI_UNIT ( $, .RADIAN. ) );
#3300 = SURFACE_STYLE_FILL_AREA ( #1998 ) ;
#3301 = EDGE_CURVE ( 'NONE', #4935, #6579, #2041, .T. ) ;
#3302 = VECTOR ( 'NONE', #37, 1000.000000000000114 ) ;
#3303 = PRESENTATION_LAYER_ASSIGNMENT (  '', '', ( #2022 ) ) ;
#3304 =( NAMED_UNIT ( * ) PLANE_ANGLE_UNIT ( ) SI_UNIT ( $, .RADIAN. ) );
#3305 = FILL_AREA_STYLE ('',( #5834 ) ) ;
#3306 = ORIENTED_EDGE ( 'NONE', *, *, #6676, .F. ) ;
#3307 = VECTOR ( 'NONE', #3051, 1000.000000000000000 ) ;
#3308 = SURFACE_STYLE_FILL_AREA ( #2479 ) ;
#3309 =( NAMED_UNIT ( * ) PLANE_ANGLE_UNIT ( ) SI_UNIT ( $, .RADIAN. ) );
#3310 = PLANE ( 'NONE',  #2961 ) ;
#3311 = EDGE_CURVE ( 'NONE', #7810, #3723, #4858, .T. ) ;
#3312 = ORIENTED_EDGE ( 'NONE', *, *, #4929, .T. ) ;
#3313 = VERTEX_POINT ( 'NONE', #2650 ) ;
#3314 = CARTESIAN_POINT ( 'NONE',  ( 4.083010014961065970, -3.552075472056007932, 3.052815883639572458 ) ) ;
#3315 = DIRECTION ( 'NONE',  ( 1.000000000000000000, 0.000000000000000000, 0.000000000000000000 ) ) ;
#3316 = FACE_OUTER_BOUND ( 'NONE', #1587, .T. ) ;
#3317 = ORIENTED_EDGE ( 'NONE', *, *, #8045, .T. ) ;
#3318 = DIRECTION ( 'NONE',  ( -1.000000000000000000, 0.000000000000000000, 0.000000000000000000 ) ) ;
#3319 = DIRECTION ( 'NONE',  ( 7.760429719096859345E-17, -1.000000000000000000, -0.000000000000000000 ) ) ;
#3321 = COLOUR_RGB ( '',1.000000000000000000, 1.000000000000000000, 0.7529411764705882248 ) ;
#3320 = PRESENTATION_LAYER_ASSIGNMENT (  '', '', ( #8163 ) ) ;
#3322 =( GEOMETRIC_REPRESENTATION_CONTEXT ( 3 ) GLOBAL_UNCERTAINTY_ASSIGNED_CONTEXT ( ( #1886 ) ) GLOBAL_UNIT_ASSIGNED_CONTEXT ( ( #5045, #6940, #2558 ) ) REPRESENTATION_CONTEXT ( 'NONE', 'WORKASPACE' ) );
#3323 = FILL_AREA_STYLE ('',( #7744 ) ) ;
#3324 = SURFACE_STYLE_USAGE ( .BOTH. , #2043 ) ;
#3325 = LINE ( 'NONE', #1831, #667 ) ;
#3326 = PRESENTATION_LAYER_ASSIGNMENT (  '', '', ( #6362 ) ) ;
#3327 = DIRECTION ( 'NONE',  ( 0.000000000000000000, -1.421904488505578422E-16, -1.000000000000000000 ) ) ;
#3328 = CARTESIAN_POINT ( 'NONE',  ( 2.000000000000000444, -4.599999999999999645, -3.099999999999999645 ) ) ;
#3329 = EDGE_CURVE ( 'NONE', #4475, #4621, #1257, .T. ) ;
#3330 = AXIS2_PLACEMENT_3D ( 'NONE', #315, #1529, #6014 ) ;
#3331 = CARTESIAN_POINT ( 'NONE',  ( -2.999999999999999556, -8.500000000000000000, -0.2499999999999995282 ) ) ;
#3332 = FILL_AREA_STYLE ('',( #6542 ) ) ;
#3333 = UNCERTAINTY_MEASURE_WITH_UNIT (LENGTH_MEASURE( 1.000000000000000082E-05 ), #7306, 'distance_accuracy_value', 'NONE');
#3334 = AXIS2_PLACEMENT_3D ( 'NONE', #5665, #5094, #7052 ) ;
#3335 = AXIS2_PLACEMENT_3D ( 'NONE', #7481, #1807, #5613 ) ;
#3336 = ORIENTED_EDGE ( 'NONE', *, *, #988, .F. ) ;
#3337 = ADVANCED_FACE ( 'NONE', ( #2143 ), #174, .F. ) ;
#3338 = LINE ( 'NONE', #4251, #6936 ) ;
#3339 = EDGE_CURVE ( 'NONE', #7528, #3928, #5631, .T. ) ;
#3340 = DIRECTION ( 'NONE',  ( 0.000000000000000000, 0.5766831975986557168, -0.8169678632647613403 ) ) ;
#3341 = ORIENTED_EDGE ( 'NONE', *, *, #1918, .F. ) ;
#3342 = DIRECTION ( 'NONE',  ( -1.000000000000000000, 0.000000000000000000, 0.000000000000000000 ) ) ;
#3343 = MECHANICAL_DESIGN_GEOMETRIC_PRESENTATION_REPRESENTATION (  '', ( #3184 ), #6615 ) ;
#3344 = PRESENTATION_LAYER_ASSIGNMENT (  '', '', ( #4050 ) ) ;
#3345 = FILL_AREA_STYLE_COLOUR ( '', #3782 ) ;
#3346 = SURFACE_SIDE_STYLE ('',( #6950 ) ) ;
#3347 = ORIENTED_EDGE ( 'NONE', *, *, #1076, .T. ) ;
#3348 = VERTEX_POINT ( 'NONE', #5852 ) ;
#3349 = ADVANCED_FACE ( 'NONE', ( #2943 ), #2750, .T. ) ;
#3350 = SURFACE_SIDE_STYLE ('',( #5888 ) ) ;
#3351 = CARTESIAN_POINT ( 'NONE',  ( 0.6546435471732210409, 0.02360679774998154096, 3.161803398874988513 ) ) ;
#3352 = EDGE_CURVE ( 'NONE', #2950, #1182, #6740, .T. ) ;
#3353 = AXIS2_PLACEMENT_3D ( 'NONE', #6674, #952, #4081 ) ;
#3354 = CARTESIAN_POINT ( 'NONE',  ( 2.000000000000000444, -4.500000000000000888, -2.899999999999999023 ) ) ;
#3355 =( LENGTH_UNIT ( ) NAMED_UNIT ( * ) SI_UNIT ( .MILLI., .METRE. ) );
#3356 = ORIENTED_EDGE ( 'NONE', *, *, #7090, .T. ) ;
#3357 = EDGE_CURVE ( 'NONE', #6959, #1489, #7042, .T. ) ;
#3358 = DIRECTION ( 'NONE',  ( 0.000000000000000000, 1.000000000000000000, -1.445602896647339410E-16 ) ) ;
#3359 = ORIENTED_EDGE ( 'NONE', *, *, #606, .T. ) ;
#3360 = ORIENTED_EDGE ( 'NONE', *, *, #6349, .T. ) ;
#3361 = UNCERTAINTY_MEASURE_WITH_UNIT (LENGTH_MEASURE( 1.000000000000000082E-05 ), #5394, 'distance_accuracy_value', 'NONE');
#3362 = COLOUR_RGB ( '',1.000000000000000000, 1.000000000000000000, 0.7529411764705882248 ) ;
#3363 = CARTESIAN_POINT ( 'NONE',  ( -4.500000000000000000, -4.299999999999999822, 2.250000000000000444 ) ) ;
#3364 =( NAMED_UNIT ( * ) PLANE_ANGLE_UNIT ( ) SI_UNIT ( $, .RADIAN. ) );
#3365 = UNCERTAINTY_MEASURE_WITH_UNIT (LENGTH_MEASURE( 1.000000000000000082E-05 ), #2209, 'distance_accuracy_value', 'NONE');
#3366 = DIRECTION ( 'NONE',  ( 0.000000000000000000, 0.8944271909999125247, 0.4472135954999645335 ) ) ;
#3367 = VERTEX_POINT ( 'NONE', #7107 ) ;
#3368 = DIRECTION ( 'NONE',  ( -1.000000000000000000, -0.000000000000000000, -0.000000000000000000 ) ) ;
#3369 =( NAMED_UNIT ( * ) SI_UNIT ( $, .STERADIAN. ) SOLID_ANGLE_UNIT ( ) );
#3370 = PRESENTATION_STYLE_ASSIGNMENT (( #7692 ) ) ;
#3371 =( NAMED_UNIT ( * ) SI_UNIT ( $, .STERADIAN. ) SOLID_ANGLE_UNIT ( ) );
#3372 = COLOUR_RGB ( '',1.000000000000000000, 1.000000000000000000, 0.7529411764705882248 ) ;
#3373 = AXIS2_PLACEMENT_3D ( 'NONE', #2033, #696, #4615 ) ;
#3374 =( NAMED_UNIT ( * ) SI_UNIT ( $, .STERADIAN. ) SOLID_ANGLE_UNIT ( ) );
#3375 = PRESENTATION_LAYER_ASSIGNMENT (  '', '', ( #1782 ) ) ;
#3376 = VECTOR ( 'NONE', #7964, 1000.000000000000000 ) ;
#3377 = ADVANCED_FACE ( 'NONE', ( #3949 ), #2744, .T. ) ;
#3378 = ORIENTED_EDGE ( 'NONE', *, *, #2471, .T. ) ;
#3379 = DIRECTION ( 'NONE',  ( 0.000000000000000000, -1.000000000000000000, 0.000000000000000000 ) ) ;
#3380 = FILL_AREA_STYLE ('',( #5275 ) ) ;
#3381 = UNCERTAINTY_MEASURE_WITH_UNIT (LENGTH_MEASURE( 1.000000000000000082E-05 ), #3614, 'distance_accuracy_value', 'NONE');
#3382 = PRESENTATION_LAYER_ASSIGNMENT (  '', '', ( #7238 ) ) ;
#3383 = PRESENTATION_LAYER_ASSIGNMENT (  '', '', ( #6813 ) ) ;
#3384 = ORIENTED_EDGE ( 'NONE', *, *, #6924, .T. ) ;
#3385 = FILL_AREA_STYLE ('',( #3444 ) ) ;
#3386 = ORIENTED_EDGE ( 'NONE', *, *, #4291, .F. ) ;
#3387 = LINE ( 'NONE', #6702, #6794 ) ;
#3388 = EDGE_CURVE ( 'NONE', #2820, #4136, #1069, .T. ) ;
#3389 = ADVANCED_FACE ( 'NONE', ( #5037 ), #4653, .F. ) ;
#3390 = PRESENTATION_STYLE_ASSIGNMENT (( #880 ) ) ;
#3391 = FILL_AREA_STYLE_COLOUR ( '', #750 ) ;
#3392 = STYLED_ITEM ( 'NONE', ( #4837 ), #4755 ) ;
#3393 = CARTESIAN_POINT ( 'NONE',  ( 2.499999999999999556, 2.650000000000000799, 3.252606517456513795E-16 ) ) ;
#3394 = SURFACE_STYLE_FILL_AREA ( #2971 ) ;
#3395 = STYLED_ITEM ( 'NONE', ( #6207 ), #288 ) ;
#3396 = DIRECTION ( 'NONE',  ( -1.000000000000000000, 0.000000000000000000, 0.000000000000000000 ) ) ;
#3397 = CARTESIAN_POINT ( 'NONE',  ( -0.4999999999999995559, -4.299999999999999822, 2.250000000000000444 ) ) ;
#3398 = ORIENTED_EDGE ( 'NONE', *, *, #594, .T. ) ;
#3399 = PRESENTATION_STYLE_ASSIGNMENT (( #5881 ) ) ;
#3400 = VECTOR ( 'NONE', #7983, 1000.000000000000000 ) ;
#3401 = DIRECTION ( 'NONE',  ( -1.000000000000000000, -0.000000000000000000, -0.000000000000000000 ) ) ;
#3402 =( GEOMETRIC_REPRESENTATION_CONTEXT ( 3 ) GLOBAL_UNCERTAINTY_ASSIGNED_CONTEXT ( ( #2465 ) ) GLOBAL_UNIT_ASSIGNED_CONTEXT ( ( #6599, #885, #6044 ) ) REPRESENTATION_CONTEXT ( 'NONE', 'WORKASPACE' ) );
#3403 = AXIS2_PLACEMENT_3D ( 'NONE', #6688, #2870, #7926 ) ;
#3404 = CARTESIAN_POINT ( 'NONE',  ( 2.499999999999999556, 3.949000000000001176, 3.252606517456513795E-16 ) ) ;
#3405 = FILL_AREA_STYLE ('',( #2066 ) ) ;
#3406 = EDGE_LOOP ( 'NONE', ( #780, #7624, #515, #1035 ) ) ;
#3407 = PRESENTATION_STYLE_ASSIGNMENT (( #4091 ) ) ;
#3408 = PRESENTATION_STYLE_ASSIGNMENT (( #5093 ) ) ;
#3409 = LINE ( 'NONE', #5708, #1716 ) ;
#3410 = DIRECTION ( 'NONE',  ( 0.000000000000000000, -0.5766831975986557168, 0.8169678632647613403 ) ) ;
#3411 = ORIENTED_EDGE ( 'NONE', *, *, #7617, .T. ) ;
#3412 = CARTESIAN_POINT ( 'NONE',  ( 0.6669697220176635799, 3.449000000000001176, 0.2499999999999995282 ) ) ;
#3413 = VERTEX_POINT ( 'NONE', #6573 ) ;
#3414 = ORIENTED_EDGE ( 'NONE', *, *, #201, .T. ) ;
#3415 =( NAMED_UNIT ( * ) SI_UNIT ( $, .STERADIAN. ) SOLID_ANGLE_UNIT ( ) );
#3416 = COLOUR_RGB ( '',1.000000000000000000, 1.000000000000000000, 0.7529411764705882248 ) ;
#3417 = ORIENTED_EDGE ( 'NONE', *, *, #2501, .F. ) ;
#3418 = CARTESIAN_POINT ( 'NONE',  ( -2.823673019291534025, -8.500000000000000000, -0.2499999999999995282 ) ) ;
#3419 = SURFACE_STYLE_FILL_AREA ( #1516 ) ;
#3420 = CYLINDRICAL_SURFACE ( 'NONE', #574, 1.849999999999999867 ) ;
#3421 = ADVANCED_FACE ( 'NONE', ( #2439 ), #4552, .F. ) ;
#3422 = EDGE_CURVE ( 'NONE', #1102, #2322, #61, .T. ) ;
#3423 =( NAMED_UNIT ( * ) SI_UNIT ( $, .STERADIAN. ) SOLID_ANGLE_UNIT ( ) );
#3424 = FACE_OUTER_BOUND ( 'NONE', #1614, .T. ) ;
#3425 = FILL_AREA_STYLE_COLOUR ( '', #6887 ) ;
#3426 = VECTOR ( 'NONE', #2795, 1000.000000000000000 ) ;
#3427 = VECTOR ( 'NONE', #639, 1000.000000000000000 ) ;
#3428 = DIRECTION ( 'NONE',  ( -0.000000000000000000, 1.000000000000000000, 0.000000000000000000 ) ) ;
#3429 =( LENGTH_UNIT ( ) NAMED_UNIT ( * ) SI_UNIT ( .MILLI., .METRE. ) );
#3430 = LINE ( 'NONE', #7946, #973 ) ;
#3431 = ADVANCED_FACE ( 'NONE', ( #6225 ), #1670, .F. ) ;
#3432 = CARTESIAN_POINT ( 'NONE',  ( -0.3749999999999998890, 8.736600034718932761, 2.350000000000000089 ) ) ;
#3433 = CARTESIAN_POINT ( 'NONE',  ( -2.249999999999999556, -2.999999999999998668, -3.774999999999999911 ) ) ;
#3434 = COLOUR_RGB ( '',1.000000000000000000, 1.000000000000000000, 0.7529411764705882248 ) ;
#3435 = SURFACE_SIDE_STYLE ('',( #4111 ) ) ;
#3436 = ORIENTED_EDGE ( 'NONE', *, *, #6231, .F. ) ;
#3437 =( GEOMETRIC_REPRESENTATION_CONTEXT ( 3 ) GLOBAL_UNCERTAINTY_ASSIGNED_CONTEXT ( ( #7817 ) ) GLOBAL_UNIT_ASSIGNED_CONTEXT ( ( #6922, #4508, #4344 ) ) REPRESENTATION_CONTEXT ( 'NONE', 'WORKASPACE' ) );
#3438 = UNCERTAINTY_MEASURE_WITH_UNIT (LENGTH_MEASURE( 1.000000000000000082E-05 ), #3692, 'distance_accuracy_value', 'NONE');
#3439 = PRESENTATION_LAYER_ASSIGNMENT (  '', '', ( #364 ) ) ;
#3440 = DIRECTION ( 'NONE',  ( 0.000000000000000000, -1.000000000000000000, 0.000000000000000000 ) ) ;
#3441 = VERTEX_POINT ( 'NONE', #438 ) ;
#3442 = CARTESIAN_POINT ( 'NONE',  ( -5.146815143055379238, -1.000000000000000000, 3.049999999999999822 ) ) ;
#3443 = AXIS2_PLACEMENT_3D ( 'NONE', #2401, #533, #3123 ) ;
#3444 = FILL_AREA_STYLE_COLOUR ( '', #7526 ) ;
#3445 = PRESENTATION_STYLE_ASSIGNMENT (( #3620 ) ) ;
#3446 = ORIENTED_EDGE ( 'NONE', *, *, #5068, .F. ) ;
#3447 = ORIENTED_EDGE ( 'NONE', *, *, #1638, .T. ) ;
#3448 = PRESENTATION_LAYER_ASSIGNMENT (  '', '', ( #485 ) ) ;
#3449 = DIRECTION ( 'NONE',  ( -1.000000000000000000, -0.000000000000000000, -0.000000000000000000 ) ) ;
#3450 = FILL_AREA_STYLE ('',( #7180 ) ) ;
#3451 = SURFACE_SIDE_STYLE ('',( #1818 ) ) ;
#3452 = EDGE_CURVE ( 'NONE', #4674, #4262, #6527, .T. ) ;
#3453 = DIRECTION ( 'NONE',  ( 1.000000000000000000, -0.000000000000000000, -0.000000000000000000 ) ) ;
#3454 = SURFACE_STYLE_USAGE ( .BOTH. , #2828 ) ;
#3455 = PRESENTATION_STYLE_ASSIGNMENT (( #1603 ) ) ;
#3456 = VERTEX_POINT ( 'NONE', #8029 ) ;
#3457 = MECHANICAL_DESIGN_GEOMETRIC_PRESENTATION_REPRESENTATION (  '', ( #1487 ), #7446 ) ;
#3458 = CARTESIAN_POINT ( 'NONE',  ( 0.6669697220176635799, 3.049000000000001265, -0.2499999999999996669 ) ) ;
#3459 = FILL_AREA_STYLE ('',( #7951 ) ) ;
#3460 =( NAMED_UNIT ( * ) PLANE_ANGLE_UNIT ( ) SI_UNIT ( $, .RADIAN. ) );
#3461 = FILL_AREA_STYLE_COLOUR ( '', #2188 ) ;
#3462 = VERTEX_POINT ( 'NONE', #7423 ) ;
#3463 =( LENGTH_UNIT ( ) NAMED_UNIT ( * ) SI_UNIT ( .MILLI., .METRE. ) );
#3464 = DIRECTION ( 'NONE',  ( 0.000000000000000000, 0.000000000000000000, -1.000000000000000000 ) ) ;
#3465 = EDGE_CURVE ( 'NONE', #3723, #2543, #7999, .T. ) ;
#3466 = MECHANICAL_DESIGN_GEOMETRIC_PRESENTATION_REPRESENTATION (  '', ( #4600 ), #6883 ) ;
#3467 = CARTESIAN_POINT ( 'NONE',  ( -2.249999999999999556, -2.999999999999998668, -3.499999999999999112 ) ) ;
#3468 = ORIENTED_EDGE ( 'NONE', *, *, #7594, .T. ) ;
#3469 = VERTEX_POINT ( 'NONE', #4294 ) ;
#3470 = CIRCLE ( 'NONE', #2799, 1.350000000000000311 ) ;
#3471 = UNCERTAINTY_MEASURE_WITH_UNIT (LENGTH_MEASURE( 1.000000000000000082E-05 ), #4847, 'distance_accuracy_value', 'NONE');
#3472 = EDGE_CURVE ( 'NONE', #7397, #7260, #1745, .T. ) ;
#3473 = ADVANCED_FACE ( 'NONE', ( #1648 ), #3641, .F. ) ;
#3474 =( LENGTH_UNIT ( ) NAMED_UNIT ( * ) SI_UNIT ( .MILLI., .METRE. ) );
#3475 = FILL_AREA_STYLE_COLOUR ( '', #2743 ) ;
#3476 = DIRECTION ( 'NONE',  ( -0.000000000000000000, -0.000000000000000000, 1.000000000000000000 ) ) ;
#3477 = ORIENTED_EDGE ( 'NONE', *, *, #4168, .F. ) ;
#3478 = DIRECTION ( 'NONE',  ( 1.000000000000000000, -0.000000000000000000, -0.000000000000000000 ) ) ;
#3479 = CYLINDRICAL_SURFACE ( 'NONE', #797, 0.4000000000000001887 ) ;
#3480 = DIRECTION ( 'NONE',  ( -7.760429719096859345E-17, 1.000000000000000000, 0.000000000000000000 ) ) ;
#3481 =( NAMED_UNIT ( * ) SI_UNIT ( $, .STERADIAN. ) SOLID_ANGLE_UNIT ( ) );
#3482 = VERTEX_POINT ( 'NONE', #6192 ) ;
#3483 = STYLED_ITEM ( 'NONE', ( #6964 ), #7759 ) ;
#3484 = EDGE_LOOP ( 'NONE', ( #6047, #5345, #3579, #6146, #571, #5786 ) ) ;
#3485 = STYLED_ITEM ( 'NONE', ( #3575 ), #2819 ) ;
#3486 = SURFACE_STYLE_FILL_AREA ( #7337 ) ;
#3487 = SURFACE_SIDE_STYLE ('',( #3799 ) ) ;
#3488 = PRESENTATION_STYLE_ASSIGNMENT (( #5150 ) ) ;
#3489 =( LENGTH_UNIT ( ) NAMED_UNIT ( * ) SI_UNIT ( .MILLI., .METRE. ) );
#3490 = AXIS2_PLACEMENT_3D ( 'NONE', #6469, #7143, #7790 ) ;
#3491 =( NAMED_UNIT ( * ) SI_UNIT ( $, .STERADIAN. ) SOLID_ANGLE_UNIT ( ) );
#3492 = PRODUCT_DEFINITION_SHAPE ( 'NONE', 'NONE',  #4035 ) ;
#3493 =( GEOMETRIC_REPRESENTATION_CONTEXT ( 3 ) GLOBAL_UNCERTAINTY_ASSIGNED_CONTEXT ( ( #5473 ) ) GLOBAL_UNIT_ASSIGNED_CONTEXT ( ( #7940, #2883, #370 ) ) REPRESENTATION_CONTEXT ( 'NONE', 'WORKASPACE' ) );
#3494 = LINE ( 'NONE', #7451, #8157 ) ;
#3495 = FILL_AREA_STYLE_COLOUR ( '', #5296 ) ;
#3496 = VERTEX_POINT ( 'NONE', #2382 ) ;
#3497 = FILL_AREA_STYLE ('',( #1041 ) ) ;
#3498 = CARTESIAN_POINT ( 'NONE',  ( 4.443301270189222052, 4.975000000000002309, 2.379857680316216674E-16 ) ) ;
#3499 =( GEOMETRIC_REPRESENTATION_CONTEXT ( 3 ) GLOBAL_UNCERTAINTY_ASSIGNED_CONTEXT ( ( #1300 ) ) GLOBAL_UNIT_ASSIGNED_CONTEXT ( ( #4730, #3364, #1543 ) ) REPRESENTATION_CONTEXT ( 'NONE', 'WORKASPACE' ) );
#3500 = STYLED_ITEM ( 'NONE', ( #3915 ), #4024 ) ;
#3501 = EDGE_CURVE ( 'NONE', #3055, #2543, #7704, .T. ) ;
#3502 = ORIENTED_EDGE ( 'NONE', *, *, #7204, .T. ) ;
#3503 = COLOUR_RGB ( '',0.7921568627450980005, 0.8196078431372548767, 0.9333333333333333481 ) ;
#3504 = FACE_OUTER_BOUND ( 'NONE', #6961, .T. ) ;
#3505 = PRESENTATION_LAYER_ASSIGNMENT (  '', '', ( #2772 ) ) ;
#3506 = DIRECTION ( 'NONE',  ( -0.1736481776669273336, 0.9848077530122086864, -1.570192213671183109E-16 ) ) ;
#3507 = AXIS2_PLACEMENT_3D ( 'NONE', #7975, #5425, #7949 ) ;
#3508 = DIRECTION ( 'NONE',  ( -1.000000000000000000, -0.000000000000000000, -0.000000000000000000 ) ) ;
#3509 =( NAMED_UNIT ( * ) SI_UNIT ( $, .STERADIAN. ) SOLID_ANGLE_UNIT ( ) );
#3510 = ORIENTED_EDGE ( 'NONE', *, *, #1960, .F. ) ;
#3511 = DIRECTION ( 'NONE',  ( -1.000000000000000000, -0.000000000000000000, -0.000000000000000000 ) ) ;
#3512 = VECTOR ( 'NONE', #6932, 1000.000000000000000 ) ;
#3513 = EDGE_CURVE ( 'NONE', #3880, #7252, #7320, .T. ) ;
#3514 = VERTEX_POINT ( 'NONE', #5528 ) ;
#3515 = CARTESIAN_POINT ( 'NONE',  ( 3.000000000000000444, -3.799999999999999822, -3.499999999999999112 ) ) ;
#3516 = PRESENTATION_LAYER_ASSIGNMENT (  '', '', ( #2070 ) ) ;
#3517 = ADVANCED_FACE ( 'NONE', ( #1159 ), #7513, .F. ) ;
#3518 = SURFACE_STYLE_USAGE ( .BOTH. , #3536 ) ;
#3519 =( NAMED_UNIT ( * ) SI_UNIT ( $, .STERADIAN. ) SOLID_ANGLE_UNIT ( ) );
#3520 = ORIENTED_EDGE ( 'NONE', *, *, #5576, .T. ) ;
#3521 = SURFACE_SIDE_STYLE ('',( #3486 ) ) ;
#3522 = TOROIDAL_SURFACE ( 'NONE', #1388, 1.943301270189222274, 0.05000000000000006523 ) ;
#3523 = EDGE_CURVE ( 'NONE', #4894, #5064, #4341, .T. ) ;
#3524 = ORIENTED_EDGE ( 'NONE', *, *, #7606, .F. ) ;
#3525 = CARTESIAN_POINT ( 'NONE',  ( 2.499999999999999556, 2.649000000000000909, 1.445602896648143000E-19 ) ) ;
#3526 = SURFACE_STYLE_USAGE ( .BOTH. , #2243 ) ;
#3527 = COLOUR_RGB ( '',0.5019607843137254832, 1.000000000000000000, 0.5019607843137254832 ) ;
#3528 = FACE_OUTER_BOUND ( 'NONE', #4498, .T. ) ;
#3529 = SURFACE_STYLE_USAGE ( .BOTH. , #2198 ) ;
#3530 = FACE_OUTER_BOUND ( 'NONE', #6819, .T. ) ;
#3531 =( LENGTH_UNIT ( ) NAMED_UNIT ( * ) SI_UNIT ( .MILLI., .METRE. ) );
#3532 = EDGE_LOOP ( 'NONE', ( #5917, #5148, #6487, #1400 ) ) ;
#3533 =( BOUNDED_CURVE ( )  B_SPLINE_CURVE ( 3, ( #7694, #3885, #4398, #5867 ),
 .UNSPECIFIED., .F., .T. ) 
 B_SPLINE_CURVE_WITH_KNOTS ( ( 4, 4 ),
 ( 2.034443935795710701, 3.141592653589793116 ),
 .UNSPECIFIED. ) 
 CURVE ( )  GEOMETRIC_REPRESENTATION_ITEM ( )  RATIONAL_B_SPLINE_CURVE ( ( 1.000000000000000000, 0.9004338722346947321, 0.9004338722346947321, 1.000000000000000000 ) ) 
 REPRESENTATION_ITEM ( '' )  );
#3534 = DIRECTION ( 'NONE',  ( 1.000000000000000000, 0.000000000000000000, 0.000000000000000000 ) ) ;
#3535 = VECTOR ( 'NONE', #1676, 1000.000000000000000 ) ;
#3536 = SURFACE_SIDE_STYLE ('',( #5099 ) ) ;
#3537 =( NAMED_UNIT ( * ) PLANE_ANGLE_UNIT ( ) SI_UNIT ( $, .RADIAN. ) );
#3538 = ORIENTED_EDGE ( 'NONE', *, *, #5992, .F. ) ;
#3539 = CARTESIAN_POINT ( 'NONE',  ( -5.400000000000002132, -5.000000000000000000, 3.049999999999999822 ) ) ;
#3540 = AXIS2_PLACEMENT_3D ( 'NONE', #366, #308, #7955 ) ;
#3541 = ORIENTED_EDGE ( 'NONE', *, *, #6152, .T. ) ;
#3542 = FILL_AREA_STYLE ('',( #7288 ) ) ;
#3543 = LINE ( 'NONE', #1137, #5054 ) ;
#3544 = FACE_OUTER_BOUND ( 'NONE', #781, .T. ) ;
#3545 = CARTESIAN_POINT ( 'NONE',  ( -0.6546435471732193756, 0.02360679774998143340, 3.161803398874988513 ) ) ;
#3546 = ORIENTED_EDGE ( 'NONE', *, *, #625, .F. ) ;
#3547 = EDGE_CURVE ( 'NONE', #5887, #595, #1737, .T. ) ;
#3548 =( GEOMETRIC_REPRESENTATION_CONTEXT ( 3 ) GLOBAL_UNCERTAINTY_ASSIGNED_CONTEXT ( ( #1455 ) ) GLOBAL_UNIT_ASSIGNED_CONTEXT ( ( #2093, #7167, #2713 ) ) REPRESENTATION_CONTEXT ( 'NONE', 'WORKASPACE' ) );
#3549 = EDGE_CURVE ( 'NONE', #7011, #4044, #2639, .T. ) ;
#3550 = ADVANCED_FACE ( 'NONE', ( #8103 ), #8193, .F. ) ;
#3551 = VECTOR ( 'NONE', #6892, 1000.000000000000000 ) ;
#3552 = ORIENTED_EDGE ( 'NONE', *, *, #5651, .F. ) ;
#3553 = CARTESIAN_POINT ( 'NONE',  ( -4.500000000000000000, -4.299999999999999822, 2.250000000000000444 ) ) ;
#3554 = DIRECTION ( 'NONE',  ( 0.000000000000000000, -1.000000000000000000, 1.445602896647339410E-16 ) ) ;
#3555 = SURFACE_STYLE_USAGE ( .BOTH. , #409 ) ;
#3556 = ORIENTED_EDGE ( 'NONE', *, *, #3632, .T. ) ;
#3557 = STYLED_ITEM ( 'NONE', ( #6215 ), #1263 ) ;
#3558 = ORIENTED_EDGE ( 'NONE', *, *, #1382, .T. ) ;
#3559 = CARTESIAN_POINT ( 'NONE',  ( -3.826649916142160102, 3.949000000000001176, -0.2499999999999996669 ) ) ;
#3560 =( NAMED_UNIT ( * ) PLANE_ANGLE_UNIT ( ) SI_UNIT ( $, .RADIAN. ) );
#3561 = DIRECTION ( 'NONE',  ( 0.000000000000000000, 0.000000000000000000, 1.000000000000000000 ) ) ;
#3562 = FILL_AREA_STYLE ('',( #7494 ) ) ;
#3563 = CARTESIAN_POINT ( 'NONE',  ( -5.000000000000001776, 0.4499999999999992339, 3.799999999999999378 ) ) ;
#3564 = CARTESIAN_POINT ( 'NONE',  ( -4.445955351399303979, 0.2999999999999991562, 3.299999999999999822 ) ) ;
#3565 = VERTEX_POINT ( 'NONE', #3748 ) ;
#3566 = EDGE_CURVE ( 'NONE', #1592, #1336, #6919, .T. ) ;
#3567 = AXIS2_PLACEMENT_3D ( 'NONE', #2316, #6180, #4898 ) ;
#3568 = FACE_BOUND ( 'NONE', #112, .T. ) ;
#3569 = DIRECTION ( 'NONE',  ( -7.760429719096859345E-17, 1.000000000000000000, -0.000000000000000000 ) ) ;
#3570 = FILL_AREA_STYLE_COLOUR ( '', #2339 ) ;
#3571 = DIRECTION ( 'NONE',  ( 0.000000000000000000, 0.000000000000000000, -1.000000000000000000 ) ) ;
#3572 = SURFACE_STYLE_FILL_AREA ( #2213 ) ;
#3573 = EDGE_CURVE ( 'NONE', #8115, #2802, #559, .T. ) ;
#3574 = ORIENTED_EDGE ( 'NONE', *, *, #7057, .T. ) ;
#3575 = PRESENTATION_STYLE_ASSIGNMENT (( #4766 ) ) ;
#3576 = DIRECTION ( 'NONE',  ( -1.000000000000000000, 0.000000000000000000, 0.000000000000000000 ) ) ;
#3577 = VECTOR ( 'NONE', #4989, 1000.000000000000000 ) ;
#3578 = DIRECTION ( 'NONE',  ( -1.000000000000000000, 0.000000000000000000, 0.000000000000000000 ) ) ;
#3579 = ORIENTED_EDGE ( 'NONE', *, *, #3626, .T. ) ;
#3580 = ORIENTED_EDGE ( 'NONE', *, *, #8045, .F. ) ;
#3581 = COLOUR_RGB ( '',0.5019607843137254832, 1.000000000000000000, 0.5019607843137254832 ) ;
#3582 = FACE_OUTER_BOUND ( 'NONE', #1502, .T. ) ;
#3583 = SURFACE_STYLE_FILL_AREA ( #5799 ) ;
#3584 = SURFACE_STYLE_USAGE ( .BOTH. , #7406 ) ;
#3585 = UNCERTAINTY_MEASURE_WITH_UNIT (LENGTH_MEASURE( 1.000000000000000082E-05 ), #7650, 'distance_accuracy_value', 'NONE');
#3586 = SURFACE_SIDE_STYLE ('',( #7137 ) ) ;
#3587 = PRESENTATION_STYLE_ASSIGNMENT (( #4178 ) ) ;
#3588 = MECHANICAL_DESIGN_GEOMETRIC_PRESENTATION_REPRESENTATION (  '', ( #4354 ), #4787 ) ;
#3589 = CARTESIAN_POINT ( 'NONE',  ( -2.176326980708464642, -8.500000000000000000, 0.2500000000000004996 ) ) ;
#3590 =( GEOMETRIC_REPRESENTATION_CONTEXT ( 3 ) GLOBAL_UNCERTAINTY_ASSIGNED_CONTEXT ( ( #3987 ) ) GLOBAL_UNIT_ASSIGNED_CONTEXT ( ( #4870, #7302, #3509 ) ) REPRESENTATION_CONTEXT ( 'NONE', 'WORKASPACE' ) );
#3591 =( NAMED_UNIT ( * ) PLANE_ANGLE_UNIT ( ) SI_UNIT ( $, .RADIAN. ) );
#3592 = ORIENTED_EDGE ( 'NONE', *, *, #5468, .F. ) ;
#3593 = AXIS2_PLACEMENT_3D ( 'NONE', #901, #1517, #956 ) ;
#3594 = CIRCLE ( 'NONE', #2088, 0.1000000000000001582 ) ;
#3595 = FILL_AREA_STYLE ('',( #7364 ) ) ;
#3596 = EDGE_CURVE ( 'NONE', #2592, #6897, #5418, .T. ) ;
#3597 = AXIS2_PLACEMENT_3D ( 'NONE', #316, #343, #7887 ) ;
#3598 = SURFACE_SIDE_STYLE ('',( #2901 ) ) ;
#3599 = DIRECTION ( 'NONE',  ( -1.000000000000000000, 0.000000000000000000, 0.000000000000000000 ) ) ;
#3600 = CARTESIAN_POINT ( 'NONE',  ( -1.099999999999999867, 0.000000000000000000, 0.000000000000000000 ) ) ;
#3601 = ORIENTED_EDGE ( 'NONE', *, *, #1354, .T. ) ;
#3602 = SURFACE_STYLE_FILL_AREA ( #5385 ) ;
#3604 = VECTOR ( 'NONE', #7073, 1000.000000000000114 ) ;
#3603 = PRESENTATION_LAYER_ASSIGNMENT (  '', '', ( #7862 ) ) ;
#3605 = ORIENTED_EDGE ( 'NONE', *, *, #399, .T. ) ;
#3606 = EDGE_CURVE ( 'NONE', #718, #7937, #4245, .T. ) ;
#3607 = MANIFOLD_SOLID_BREP ( 'Chamfer7', #5256 ) ;
#3608 = AXIS2_PLACEMENT_3D ( 'NONE', #2508, #6881, #2448 ) ;
#3609 = DIRECTION ( 'NONE',  ( -1.000000000000000000, -0.000000000000000000, -0.000000000000000000 ) ) ;
#3610 =( GEOMETRIC_REPRESENTATION_CONTEXT ( 3 ) GLOBAL_UNCERTAINTY_ASSIGNED_CONTEXT ( ( #3795 ) ) GLOBAL_UNIT_ASSIGNED_CONTEXT ( ( #127, #2591, #7705 ) ) REPRESENTATION_CONTEXT ( 'NONE', 'WORKASPACE' ) );
#3611 = CARTESIAN_POINT ( 'NONE',  ( 2.000000000000000444, -1.599999999999998979, -2.250000000000000000 ) ) ;
#3612 = VERTEX_POINT ( 'NONE', #5692 ) ;
#3613 = LINE ( 'NONE', #1272, #30 ) ;
#3614 =( LENGTH_UNIT ( ) NAMED_UNIT ( * ) SI_UNIT ( .MILLI., .METRE. ) );
#3615 = VECTOR ( 'NONE', #5989, 1000.000000000000000 ) ;
#3616 = ORIENTED_EDGE ( 'NONE', *, *, #5158, .T. ) ;
#3617 = FILL_AREA_STYLE_COLOUR ( '', #7078 ) ;
#3618 = ORIENTED_EDGE ( 'NONE', *, *, #3547, .F. ) ;
#3619 = UNCERTAINTY_MEASURE_WITH_UNIT (LENGTH_MEASURE( 1.000000000000000082E-05 ), #5430, 'distance_accuracy_value', 'NONE');
#3620 = SURFACE_STYLE_USAGE ( .BOTH. , #446 ) ;
#3621 = VECTOR ( 'NONE', #7638, 1000.000000000000000 ) ;
#3622 = EDGE_CURVE ( 'NONE', #6102, #1276, #3824, .T. ) ;
#3623 = VECTOR ( 'NONE', #7109, 1000.000000000000000 ) ;
#3624 = VECTOR ( 'NONE', #6497, 1000.000000000000000 ) ;
#3625 = AXIS2_PLACEMENT_3D ( 'NONE', #2, #6256, #2470 ) ;
#3626 = EDGE_CURVE ( 'NONE', #388, #5980, #4333, .T. ) ;
#3627 = CARTESIAN_POINT ( 'NONE',  ( 2.000000000000000444, -1.500000000000002220, -3.499999999999999556 ) ) ;
#3628 = COLOUR_RGB ( '',1.000000000000000000, 1.000000000000000000, 0.7529411764705882248 ) ;
#3629 = CARTESIAN_POINT ( 'NONE',  ( 2.499999999999999556, 0.4000000000000006883, -1.199999999999999067 ) ) ;
#3630 =( NAMED_UNIT ( * ) SI_UNIT ( $, .STERADIAN. ) SOLID_ANGLE_UNIT ( ) );
#3631 = CYLINDRICAL_SURFACE ( 'NONE', #6557, 1.199999999999999512 ) ;
#3632 = EDGE_CURVE ( 'NONE', #2865, #1415, #2633, .T. ) ;
#3633 = DIRECTION ( 'NONE',  ( 1.000000000000000000, -0.000000000000000000, -0.000000000000000000 ) ) ;
#3634 = CARTESIAN_POINT ( 'NONE',  ( -1.999999999999999556, -1.099999999999998979, -2.250000000000000000 ) ) ;
#3635 = DIRECTION ( 'NONE',  ( 1.000000000000000000, 0.000000000000000000, 0.000000000000000000 ) ) ;
#3636 =( NAMED_UNIT ( * ) PLANE_ANGLE_UNIT ( ) SI_UNIT ( $, .RADIAN. ) );
#3637 = ORIENTED_EDGE ( 'NONE', *, *, #15, .F. ) ;
#3638 = VECTOR ( 'NONE', #2677, 1000.000000000000000 ) ;
#3639 = ADVANCED_FACE ( 'NONE', ( #4754 ), #3420, .T. ) ;
#3640 = ORIENTED_EDGE ( 'NONE', *, *, #2966, .F. ) ;
#3641 = PLANE ( 'NONE',  #2536 ) ;
#3642 = UNCERTAINTY_MEASURE_WITH_UNIT (LENGTH_MEASURE( 1.000000000000000082E-05 ), #3355, 'distance_accuracy_value', 'NONE');
#3643 = DIRECTION ( 'NONE',  ( 0.000000000000000000, -1.000000000000000000, 0.000000000000000000 ) ) ;
#3644 = FILL_AREA_STYLE_COLOUR ( '', #29 ) ;
#3645 =( GEOMETRIC_REPRESENTATION_CONTEXT ( 3 ) GLOBAL_UNCERTAINTY_ASSIGNED_CONTEXT ( ( #5681 ) ) GLOBAL_UNIT_ASSIGNED_CONTEXT ( ( #5358, #263, #2813 ) ) REPRESENTATION_CONTEXT ( 'NONE', 'WORKASPACE' ) );
#3646 = AXIS2_PLACEMENT_3D ( 'NONE', #3235, #6466, #1387 ) ;
#3647 = VERTEX_POINT ( 'NONE', #678 ) ;
#3648 = CARTESIAN_POINT ( 'NONE',  ( -5.000000000000001776, 5.000000000000000000, 2.189830409753168894 ) ) ;
#3649 = EDGE_LOOP ( 'NONE', ( #543, #2491, #2315, #1724, #2617, #460, #579, #796, #889 ) ) ;
#3650 = DIRECTION ( 'NONE',  ( 1.000000000000000000, -0.000000000000000000, -0.000000000000000000 ) ) ;
#3651 = AXIS2_PLACEMENT_3D ( 'NONE', #7416, #1662, #5518 ) ;
#3652 = DIRECTION ( 'NONE',  ( -0.000000000000000000, 1.000000000000000000, -1.147977654433357068E-15 ) ) ;
#3653 = CARTESIAN_POINT ( 'NONE',  ( 2.000000000000000444, -4.900000000000000355, -0.1500000000000000777 ) ) ;
#3654 = DIRECTION ( 'NONE',  ( -0.000000000000000000, 1.000000000000000000, -0.000000000000000000 ) ) ;
#3655 = ORIENTED_EDGE ( 'NONE', *, *, #7456, .F. ) ;
#3656 = SURFACE_STYLE_USAGE ( .BOTH. , #1144 ) ;
#3657 =( GEOMETRIC_REPRESENTATION_CONTEXT ( 3 ) GLOBAL_UNCERTAINTY_ASSIGNED_CONTEXT ( ( #970 ) ) GLOBAL_UNIT_ASSIGNED_CONTEXT ( ( #1510, #4010, #6025 ) ) REPRESENTATION_CONTEXT ( 'NONE', 'WORKASPACE' ) );
#3658 = AXIS2_PLACEMENT_3D ( 'NONE', #5226, #4569, #1419 ) ;
#3659 = EDGE_CURVE ( 'NONE', #1115, #5973, #2531, .T. ) ;
#3660 = CARTESIAN_POINT ( 'NONE',  ( 2.499999999999999556, 0.4000000000000008549, 3.252606517456513795E-16 ) ) ;
#3661 = ORIENTED_EDGE ( 'NONE', *, *, #3988, .T. ) ;
#3662 = LINE ( 'NONE', #3083, #4075 ) ;
#3663 = STYLED_ITEM ( 'NONE', ( #3818 ), #4789 ) ;
#3664 = MECHANICAL_DESIGN_GEOMETRIC_PRESENTATION_REPRESENTATION (  '', ( #7509 ), #2110 ) ;
#3665 =( LENGTH_UNIT ( ) NAMED_UNIT ( * ) SI_UNIT ( .MILLI., .METRE. ) );
#3666 = EDGE_LOOP ( 'NONE', ( #3211, #6178, #5185, #5504 ) ) ;
#3667 =( NAMED_UNIT ( * ) SI_UNIT ( $, .STERADIAN. ) SOLID_ANGLE_UNIT ( ) );
#3668 = CARTESIAN_POINT ( 'NONE',  ( 2.499999999999999556, 5.000000000000000888, 0.000000000000000000 ) ) ;
#3669 = SURFACE_SIDE_STYLE ('',( #544 ) ) ;
#3671 = EDGE_CURVE ( 'NONE', #7152, #7728, #1727, .T. ) ;
#3670 = DIRECTION ( 'NONE',  ( 1.000000000000000000, 0.000000000000000000, 0.000000000000000000 ) ) ;
#3672 = MECHANICAL_DESIGN_GEOMETRIC_PRESENTATION_REPRESENTATION (  '', ( #7146 ), #6275 ) ;
#3673 = CARTESIAN_POINT ( 'NONE',  ( 2.499999999999999556, 6.043112549695427660, -4.905093330490148259E-16 ) ) ;
#3674 =( NAMED_UNIT ( * ) SI_UNIT ( $, .STERADIAN. ) SOLID_ANGLE_UNIT ( ) );
#3675 = VECTOR ( 'NONE', #6845, 1000.000000000000000 ) ;
#3676 = ORIENTED_EDGE ( 'NONE', *, *, #5209, .T. ) ;
#3677 = DIRECTION ( 'NONE',  ( -1.000000000000000000, 0.000000000000000000, 0.000000000000000000 ) ) ;
#3678 = PRESENTATION_STYLE_ASSIGNMENT (( #1813 ) ) ;
#3679 = CARTESIAN_POINT ( 'NONE',  ( -2.500000000000000444, 3.449000000000001176, 3.252606517456513795E-16 ) ) ;
#3680 = VECTOR ( 'NONE', #3230, 1000.000000000000114 ) ;
#3681 = DIRECTION ( 'NONE',  ( 1.000000000000000000, -0.000000000000000000, -0.000000000000000000 ) ) ;
#3682 = FILL_AREA_STYLE_COLOUR ( '', #7783 ) ;
#3683 = ORIENTED_EDGE ( 'NONE', *, *, #941, .T. ) ;
#3684 = ORIENTED_EDGE ( 'NONE', *, *, #4646, .F. ) ;
#3685 = CARTESIAN_POINT ( 'NONE',  ( 0.4143438711914728678, 0.6838247314120953213, 3.491912365706051791 ) ) ;
#3686 = DIRECTION ( 'NONE',  ( -0.000000000000000000, 1.000000000000000000, 1.084202172485504434E-16 ) ) ;
#3687 = DIRECTION ( 'NONE',  ( 0.000000000000000000, -1.275531967630005492E-16, -1.000000000000000000 ) ) ;
#3688 = CARTESIAN_POINT ( 'NONE',  ( -2.500000000000000444, 4.950000000000001066, 0.000000000000000000 ) ) ;
#3689 = LINE ( 'NONE', #3314, #6478 ) ;
#3690 = VERTEX_POINT ( 'NONE', #2494 ) ;
#3691 = PRESENTATION_STYLE_ASSIGNMENT (( #1978 ) ) ;
#3692 =( LENGTH_UNIT ( ) NAMED_UNIT ( * ) SI_UNIT ( .MILLI., .METRE. ) );
#3693 = LINE ( 'NONE', #2241, #2702 ) ;
#3694 = VECTOR ( 'NONE', #4255, 1000.000000000000000 ) ;
#3695 =( NAMED_UNIT ( * ) PLANE_ANGLE_UNIT ( ) SI_UNIT ( $, .RADIAN. ) );
#3696 =( NAMED_UNIT ( * ) SI_UNIT ( $, .STERADIAN. ) SOLID_ANGLE_UNIT ( ) );
#3697 = DIRECTION ( 'NONE',  ( 0.000000000000000000, -0.9851275630313911513, 0.1718245749473356898 ) ) ;
#3698 = PRESENTATION_STYLE_ASSIGNMENT (( #1407 ) ) ;
#3699 = DIRECTION ( 'NONE',  ( -0.000000000000000000, -0.000000000000000000, 1.000000000000000000 ) ) ;
#3700 = EDGE_LOOP ( 'NONE', ( #1928, #2571, #2244, #4452 ) ) ;
#3701 = DIRECTION ( 'NONE',  ( 0.000000000000000000, 0.000000000000000000, 1.000000000000000000 ) ) ;
#3702 = COLOUR_RGB ( '',1.000000000000000000, 1.000000000000000000, 0.7529411764705882248 ) ;
#3703 = MECHANICAL_DESIGN_GEOMETRIC_PRESENTATION_REPRESENTATION (  '', ( #5251 ), #7022 ) ;
#3704 = VECTOR ( 'NONE', #6671, 1000.000000000000000 ) ;
#3705 = DIRECTION ( 'NONE',  ( 0.000000000000000000, 0.000000000000000000, -1.000000000000000000 ) ) ;
#3706 = CARTESIAN_POINT ( 'NONE',  ( -5.000000000000001776, -1.000000000000000000, 2.299999999999999378 ) ) ;
#3707 = CARTESIAN_POINT ( 'NONE',  ( 3.000000000000000444, -5.000000000000000000, -0.3500000000000007550 ) ) ;
#3708 = VERTEX_POINT ( 'NONE', #1281 ) ;
#3709 = ORIENTED_EDGE ( 'NONE', *, *, #4006, .T. ) ;
#3710 = VECTOR ( 'NONE', #8055, 1000.000000000000000 ) ;
#3711 = CIRCLE ( 'NONE', #7920, 0.2499999999999997780 ) ;
#3712 = FACE_OUTER_BOUND ( 'NONE', #7276, .T. ) ;
#3713 = PRESENTATION_LAYER_ASSIGNMENT (  '', '', ( #740 ) ) ;
#3714 = CARTESIAN_POINT ( 'NONE',  ( 2.000000000000000444, -1.119999999999998552, -4.049999999999999822 ) ) ;
#3715 = VERTEX_POINT ( 'NONE', #5118 ) ;
#3716 = CARTESIAN_POINT ( 'NONE',  ( -5.000000000000001776, 0.6999999999999992895, 3.149999999999999467 ) ) ;
#3717 = DIRECTION ( 'NONE',  ( -0.000000000000000000, -0.8191520442889931308, -0.5735764363510441610 ) ) ;
#3718 = ORIENTED_EDGE ( 'NONE', *, *, #7771, .T. ) ;
#3719 = VECTOR ( 'NONE', #1548, 1000.000000000000000 ) ;
#3720 = CIRCLE ( 'NONE', #3023, 1.574999999999999734 ) ;
#3721 = UNCERTAINTY_MEASURE_WITH_UNIT (LENGTH_MEASURE( 1.000000000000000082E-05 ), #96, 'distance_accuracy_value', 'NONE');
#3722 = PRESENTATION_STYLE_ASSIGNMENT (( #4407 ) ) ;
#3723 = VERTEX_POINT ( 'NONE', #2575 ) ;
#3724 = AXIS2_PLACEMENT_3D ( 'NONE', #2358, #6667, #324 ) ;
#3725 =( NAMED_UNIT ( * ) PLANE_ANGLE_UNIT ( ) SI_UNIT ( $, .RADIAN. ) );
#3726 = CARTESIAN_POINT ( 'NONE',  ( -1.999999999999999556, -5.000000000000000000, -2.350000000000000089 ) ) ;
#3727 = CARTESIAN_POINT ( 'NONE',  ( 2.499999999999999556, 2.651000000000001133, 3.252606517456513795E-16 ) ) ;
#3728 = DIRECTION ( 'NONE',  ( -1.000000000000000000, 0.000000000000000000, 0.000000000000000000 ) ) ;
#3729 = UNCERTAINTY_MEASURE_WITH_UNIT (LENGTH_MEASURE( 1.000000000000000082E-05 ), #552, 'distance_accuracy_value', 'NONE');
#3730 = CIRCLE ( 'NONE', #3078, 0.4000000000000000777 ) ;
#3731 = SURFACE_STYLE_FILL_AREA ( #8201 ) ;
#3732 = DIRECTION ( 'NONE',  ( 0.000000000000000000, 0.000000000000000000, -1.000000000000000000 ) ) ;
#3733 = CARTESIAN_POINT ( 'NONE',  ( 0.5000000000000004441, -4.299999999999999822, -2.250000000000000444 ) ) ;
#3734 = EDGE_CURVE ( 'NONE', #3874, #5865, #7216, .T. ) ;
#3735 =( NAMED_UNIT ( * ) PLANE_ANGLE_UNIT ( ) SI_UNIT ( $, .RADIAN. ) );
#3736 = VECTOR ( 'NONE', #1482, 1000.000000000000000 ) ;
#3737 = AXIS2_PLACEMENT_3D ( 'NONE', #7754, #4604, #27 ) ;
#3738 = CARTESIAN_POINT ( 'NONE',  ( -2.500000000000000444, 5.000000000000001776, 0.000000000000000000 ) ) ;
#3739 = PRESENTATION_STYLE_ASSIGNMENT (( #3246 ) ) ;
#3740 = EDGE_LOOP ( 'NONE', ( #5007, #6556, #1458, #6202 ) ) ;
#3741 = EDGE_CURVE ( 'NONE', #6853, #7924, #3533, .T. ) ;
#3742 =( LENGTH_UNIT ( ) NAMED_UNIT ( * ) SI_UNIT ( .MILLI., .METRE. ) );
#3743 = CARTESIAN_POINT ( 'NONE',  ( 4.074999999999999289, 2.650000000000000799, 1.928818708657081098E-16 ) ) ;
#3744 = ORIENTED_EDGE ( 'NONE', *, *, #1232, .T. ) ;
#3745 = UNCERTAINTY_MEASURE_WITH_UNIT (LENGTH_MEASURE( 1.000000000000000082E-05 ), #2615, 'distance_accuracy_value', 'NONE');
#3746 = ORIENTED_EDGE ( 'NONE', *, *, #6758, .F. ) ;
#3747 = VERTEX_POINT ( 'NONE', #117 ) ;
#3748 = CARTESIAN_POINT ( 'NONE',  ( 2.499999999999999556, 2.649000000000000909, -1.198999999999999622 ) ) ;
#3749 = DIRECTION ( 'NONE',  ( -1.000000000000000000, 0.000000000000000000, -0.000000000000000000 ) ) ;
#3750 =( NAMED_UNIT ( * ) PLANE_ANGLE_UNIT ( ) SI_UNIT ( $, .RADIAN. ) );
#3751 =( NAMED_UNIT ( * ) PLANE_ANGLE_UNIT ( ) SI_UNIT ( $, .RADIAN. ) );
#3752 = AXIS2_PLACEMENT_3D ( 'NONE', #5307, #4068, #6062 ) ;
#3753 = PRESENTATION_LAYER_ASSIGNMENT (  '', '', ( #3485 ) ) ;
#3754 = MECHANICAL_DESIGN_GEOMETRIC_PRESENTATION_REPRESENTATION (  '', ( #6480 ), #4792 ) ;
#3755 = ORIENTED_EDGE ( 'NONE', *, *, #4920, .T. ) ;
#3756 = EDGE_CURVE ( 'NONE', #3462, #2959, #861, .T. ) ;
#3757 =( GEOMETRIC_REPRESENTATION_CONTEXT ( 3 ) GLOBAL_UNCERTAINTY_ASSIGNED_CONTEXT ( ( #702 ) ) GLOBAL_UNIT_ASSIGNED_CONTEXT ( ( #2667, #5958, #7205 ) ) REPRESENTATION_CONTEXT ( 'NONE', 'WORKASPACE' ) );
#3758 = FILL_AREA_STYLE_COLOUR ( '', #6636 ) ;
#3759 = DIRECTION ( 'NONE',  ( 1.000000000000000000, -0.000000000000000000, -0.000000000000000000 ) ) ;
#3760 = ADVANCED_FACE ( 'NONE', ( #5828 ), #1368, .F. ) ;
#3761 = FILL_AREA_STYLE_COLOUR ( '', #2805 ) ;
#3762 = CARTESIAN_POINT ( 'NONE',  ( -0.5540446486006944671, 0.000000000000000000, 4.049999999999999822 ) ) ;
#3763 = ORIENTED_EDGE ( 'NONE', *, *, #4773, .F. ) ;
#3764 = SURFACE_SIDE_STYLE ('',( #31 ) ) ;
#3765 = EDGE_LOOP ( 'NONE', ( #8022, #4451, #3797, #3618 ) ) ;
#3766 = DIRECTION ( 'NONE',  ( -0.9848077530122086864, 0.1736481776669271948, 0.000000000000000000 ) ) ;
#3767 = STYLED_ITEM ( 'NONE', ( #3924 ), #3936 ) ;
#3768 = DIRECTION ( 'NONE',  ( -1.000000000000000000, 0.000000000000000000, 0.000000000000000000 ) ) ;
#3769 = EDGE_CURVE ( 'NONE', #3565, #2289, #3223, .T. ) ;
#3770 = DIRECTION ( 'NONE',  ( 1.000000000000000000, 0.000000000000000000, 0.000000000000000000 ) ) ;
#3771 = AXIS2_PLACEMENT_3D ( 'NONE', #3553, #7996, #6092 ) ;
#3772 = PRESENTATION_LAYER_ASSIGNMENT (  '', '', ( #6616 ) ) ;
#3773 = PRESENTATION_STYLE_ASSIGNMENT (( #6049 ) ) ;
#3774 = SURFACE_SIDE_STYLE ('',( #5517 ) ) ;
#3775 = CARTESIAN_POINT ( 'NONE',  ( 1.100000000000000533, -3.200000000000000178, 4.049999999999999822 ) ) ;
#3776 = CARTESIAN_POINT ( 'NONE',  ( -0.3749999999999998890, 2.400000000000001243, 2.350000000000000089 ) ) ;
#3777 = PLANE ( 'NONE',  #6322 ) ;
#3778 = VECTOR ( 'NONE', #759, 1000.000000000000000 ) ;
#3779 = EDGE_CURVE ( 'NONE', #5549, #4149, #6413, .T. ) ;
#3780 = ORIENTED_EDGE ( 'NONE', *, *, #201, .F. ) ;
#3781 = PRESENTATION_LAYER_ASSIGNMENT (  '', '', ( #7772 ) ) ;
#3782 = COLOUR_RGB ( '',0.5019607843137254832, 1.000000000000000000, 0.5019607843137254832 ) ;
#3783 = SURFACE_STYLE_FILL_AREA ( #1380 ) ;
#3784 = PLANE ( 'NONE',  #4031 ) ;
#3785 = CARTESIAN_POINT ( 'NONE',  ( 4.345356452826780291, 0.02360679774998143340, 3.161803398874988513 ) ) ;
#3786 = ORIENTED_EDGE ( 'NONE', *, *, #4632, .F. ) ;
#3787 =( NAMED_UNIT ( * ) SI_UNIT ( $, .STERADIAN. ) SOLID_ANGLE_UNIT ( ) );
#3788 = EDGE_CURVE ( 'NONE', #549, #2889, #4749, .T. ) ;
#3789 =( NAMED_UNIT ( * ) SI_UNIT ( $, .STERADIAN. ) SOLID_ANGLE_UNIT ( ) );
#3790 = EDGE_LOOP ( 'NONE', ( #3520, #484, #3971, #8158 ) ) ;
#3791 = DIRECTION ( 'NONE',  ( 0.000000000000000000, 0.000000000000000000, -1.000000000000000000 ) ) ;
#3792 = VECTOR ( 'NONE', #8120, 1000.000000000000000 ) ;
#3793 = CARTESIAN_POINT ( 'NONE',  ( 2.000000000000000444, -7.499999999999981348, 0.2500000000000003331 ) ) ;
#3794 = FACE_OUTER_BOUND ( 'NONE', #966, .T. ) ;
#3795 = UNCERTAINTY_MEASURE_WITH_UNIT (LENGTH_MEASURE( 1.000000000000000082E-05 ), #127, 'distance_accuracy_value', 'NONE');
#3796 = SURFACE_STYLE_USAGE ( .BOTH. , #4448 ) ;
#3797 = ORIENTED_EDGE ( 'NONE', *, *, #1654, .T. ) ;
#3798 = LINE ( 'NONE', #3869, #5591 ) ;
#3799 = SURFACE_STYLE_FILL_AREA ( #7309 ) ;
#3800 = ADVANCED_FACE ( 'NONE', ( #6024 ), #6477, .F. ) ;
#3801 = AXIS2_PLACEMENT_3D ( 'NONE', #4503, #4537, #5157 ) ;
#3802 = CARTESIAN_POINT ( 'NONE',  ( 2.499999999999999556, 4.950000000000001066, 0.000000000000000000 ) ) ;
#3803 = CARTESIAN_POINT ( 'NONE',  ( -2.999999999999999556, -5.000000000000000000, -3.699999999999999734 ) ) ;
#3804 = ORIENTED_EDGE ( 'NONE', *, *, #8039, .F. ) ;
#3805 = MECHANICAL_DESIGN_GEOMETRIC_PRESENTATION_REPRESENTATION (  '', ( #1782 ), #4249 ) ;
#3806 = PRESENTATION_STYLE_ASSIGNMENT (( #936 ) ) ;
#3807 = FILL_AREA_STYLE_COLOUR ( '', #7879 ) ;
#3808 = PRESENTATION_STYLE_ASSIGNMENT (( #5320 ) ) ;
#3809 = MECHANICAL_DESIGN_GEOMETRIC_PRESENTATION_REPRESENTATION (  '', ( #4691 ), #683 ) ;
#3810 = CARTESIAN_POINT ( 'NONE',  ( 3.000000000000000444, -1.699999999999999067, -2.899999999999999911 ) ) ;
#3811 = VERTEX_POINT ( 'NONE', #3267 ) ;
#3812 = ORIENTED_EDGE ( 'NONE', *, *, #5520, .F. ) ;
#3813 = VECTOR ( 'NONE', #1081, 1000.000000000000000 ) ;
#3814 =( GEOMETRIC_REPRESENTATION_CONTEXT ( 3 ) GLOBAL_UNCERTAINTY_ASSIGNED_CONTEXT ( ( #3381 ) ) GLOBAL_UNIT_ASSIGNED_CONTEXT ( ( #3614, #6722, #4157 ) ) REPRESENTATION_CONTEXT ( 'NONE', 'WORKASPACE' ) );
#3815 = FILL_AREA_STYLE_COLOUR ( '', #268 ) ;
#3816 = SURFACE_STYLE_USAGE ( .BOTH. , #7623 ) ;
#3817 = ORIENTED_EDGE ( 'NONE', *, *, #8205, .T. ) ;
#3818 = PRESENTATION_STYLE_ASSIGNMENT (( #6754 ) ) ;
#3819 = EDGE_CURVE ( 'NONE', #3612, #141, #1236, .T. ) ;
#3820 = SURFACE_SIDE_STYLE ('',( #3308 ) ) ;
#3821 = ORIENTED_EDGE ( 'NONE', *, *, #3033, .T. ) ;
#3822 =( GEOMETRIC_REPRESENTATION_CONTEXT ( 3 ) GLOBAL_UNCERTAINTY_ASSIGNED_CONTEXT ( ( #2308 ) ) GLOBAL_UNIT_ASSIGNED_CONTEXT ( ( #4718, #4085, #7257 ) ) REPRESENTATION_CONTEXT ( 'NONE', 'WORKASPACE' ) );
#3823 = SURFACE_SIDE_STYLE ('',( #2422 ) ) ;
#3824 = LINE ( 'NONE', #1251, #5929 ) ;
#3826 = PRESENTATION_LAYER_ASSIGNMENT (  '', '', ( #106 ) ) ;
#3825 = SURFACE_STYLE_FILL_AREA ( #7295 ) ;
#3827 = DIRECTION ( 'NONE',  ( 0.000000000000000000, 0.000000000000000000, -1.000000000000000000 ) ) ;
#3828 = CARTESIAN_POINT ( 'NONE',  ( -2.500000000000000444, 2.650000000000000799, 0.000000000000000000 ) ) ;
#3829 = VECTOR ( 'NONE', #5111, 1000.000000000000000 ) ;
#3830 = AXIS2_PLACEMENT_3D ( 'NONE', #7643, #3135, #2530 ) ;
#3831 = MECHANICAL_DESIGN_GEOMETRIC_PRESENTATION_REPRESENTATION (  '', ( #3557 ), #2974 ) ;
#3832 = DIRECTION ( 'NONE',  ( -7.760429719096859345E-17, 1.000000000000000000, -0.000000000000000000 ) ) ;
#3833 = FILL_AREA_STYLE_COLOUR ( '', #6083 ) ;
#3834 = SURFACE_STYLE_FILL_AREA ( #5519 ) ;
#3835 = CARTESIAN_POINT ( 'NONE',  ( -4.333030277982336642, 3.049000000000001265, 0.2500000000000003331 ) ) ;
#3836 = FILL_AREA_STYLE ('',( #2577 ) ) ;
#3837 = ORIENTED_EDGE ( 'NONE', *, *, #379, .F. ) ;
#3838 = VECTOR ( 'NONE', #3956, 1000.000000000000000 ) ;
#3839 = ORIENTED_EDGE ( 'NONE', *, *, #7421, .T. ) ;
#3840 = CARTESIAN_POINT ( 'NONE',  ( 2.000000000000000444, -1.599999999999998979, -2.250000000000000000 ) ) ;
#3841 = SURFACE_SIDE_STYLE ('',( #60 ) ) ;
#3842 = CARTESIAN_POINT ( 'NONE',  ( 4.999999999999998224, 5.000000000000000000, 2.189830409753168894 ) ) ;
#3843 = ADVANCED_FACE ( 'NONE', ( #645 ), #2118, .T. ) ;
#3844 = SURFACE_SIDE_STYLE ('',( #450 ) ) ;
#3845 = ORIENTED_EDGE ( 'NONE', *, *, #391, .F. ) ;
#3846 =( LENGTH_UNIT ( ) NAMED_UNIT ( * ) SI_UNIT ( .MILLI., .METRE. ) );
#3847 = UNCERTAINTY_MEASURE_WITH_UNIT (LENGTH_MEASURE( 1.000000000000000082E-05 ), #3876, 'distance_accuracy_value', 'NONE');
#3848 = ORIENTED_EDGE ( 'NONE', *, *, #4545, .F. ) ;
#3849 = CARTESIAN_POINT ( 'NONE',  ( 2.176326980708465531, -8.500000000000000000, 0.2500000000000004996 ) ) ;
#3850 = CARTESIAN_POINT ( 'NONE',  ( 3.900000000000003908, -1.200000000000000844, 2.549999999999994493 ) ) ;
#3851 = EDGE_CURVE ( 'NONE', #7842, #3690, #749, .T. ) ;
#3852 =( LENGTH_UNIT ( ) NAMED_UNIT ( * ) SI_UNIT ( .MILLI., .METRE. ) );
#3853 = VECTOR ( 'NONE', #699, 1000.000000000000114 ) ;
#3854 = ORIENTED_EDGE ( 'NONE', *, *, #59, .F. ) ;
#3855 =( NAMED_UNIT ( * ) SI_UNIT ( $, .STERADIAN. ) SOLID_ANGLE_UNIT ( ) );
#3856 = DIRECTION ( 'NONE',  ( 0.000000000000000000, -0.000000000000000000, 1.000000000000000000 ) ) ;
#3857 = ORIENTED_EDGE ( 'NONE', *, *, #1328, .F. ) ;
#3858 = CARTESIAN_POINT ( 'NONE',  ( 2.176326980708465531, -8.500000000000000000, -0.2499999999999995282 ) ) ;
#3859 = DIRECTION ( 'NONE',  ( 0.000000000000000000, 1.204669080539449837E-16, -1.000000000000000000 ) ) ;
#3860 = FACE_OUTER_BOUND ( 'NONE', #6063, .T. ) ;
#3861 = MECHANICAL_DESIGN_GEOMETRIC_PRESENTATION_REPRESENTATION (  '', ( #7698 ), #2264 ) ;
#3862 = MECHANICAL_DESIGN_GEOMETRIC_PRESENTATION_REPRESENTATION (  '', ( #364 ), #4751 ) ;
#3863 = ORIENTED_EDGE ( 'NONE', *, *, #6908, .F. ) ;
#3864 = UNCERTAINTY_MEASURE_WITH_UNIT (LENGTH_MEASURE( 1.000000000000000082E-05 ), #4645, 'distance_accuracy_value', 'NONE');
#3865 = ORIENTED_EDGE ( 'NONE', *, *, #2513, .T. ) ;
#3866 = MECHANICAL_DESIGN_GEOMETRIC_PRESENTATION_REPRESENTATION (  '', ( #4311 ), #6603 ) ;
#3867 = DIRECTION ( 'NONE',  ( -1.000000000000000000, 0.000000000000000000, 0.000000000000000000 ) ) ;
#3868 =( NAMED_UNIT ( * ) SI_UNIT ( $, .STERADIAN. ) SOLID_ANGLE_UNIT ( ) );
#3869 = CARTESIAN_POINT ( 'NONE',  ( -2.999999999999999556, -4.900000000000003020, 0.2499999999999999445 ) ) ;
#3870 = DIRECTION ( 'NONE',  ( -0.5063955574051595132, 0.000000000000000000, -0.8623013043248385356 ) ) ;
#3871 = MECHANICAL_DESIGN_GEOMETRIC_PRESENTATION_REPRESENTATION (  '', ( #485 ), #7819 ) ;
#3872 = SURFACE_STYLE_USAGE ( .BOTH. , #5774 ) ;
#3873 = VECTOR ( 'NONE', #402, 1000.000000000000000 ) ;
#3874 = VERTEX_POINT ( 'NONE', #3793 ) ;
#3875 = EDGE_CURVE ( 'NONE', #4738, #3647, #4020, .T. ) ;
#3876 =( LENGTH_UNIT ( ) NAMED_UNIT ( * ) SI_UNIT ( .MILLI., .METRE. ) );
#3877 = PRESENTATION_LAYER_ASSIGNMENT (  '', '', ( #1589 ) ) ;
#3878 = DIRECTION ( 'NONE',  ( 0.000000000000000000, -1.000000000000000000, 2.168404344971008868E-16 ) ) ;
#3879 =( NAMED_UNIT ( * ) PLANE_ANGLE_UNIT ( ) SI_UNIT ( $, .RADIAN. ) );
#3880 = VERTEX_POINT ( 'NONE', #3154 ) ;
#3881 = CYLINDRICAL_SURFACE ( 'NONE', #6607, 0.1000000000000001582 ) ;
#3882 = ADVANCED_FACE ( 'NONE', ( #2920 ), #2456, .F. ) ;
#3883 = VERTEX_POINT ( 'NONE', #636 ) ;
#3884 = ORIENTED_EDGE ( 'NONE', *, *, #1456, .F. ) ;
#3885 = CARTESIAN_POINT ( 'NONE',  ( -4.408714453178072645, 0.1976814730569579903, 3.248840736528478157 ) ) ;
#3886 = CIRCLE ( 'NONE', #840, 1.575000000000000178 ) ;
#3887 = FILL_AREA_STYLE ('',( #4430 ) ) ;
#3888 =( NAMED_UNIT ( * ) SI_UNIT ( $, .STERADIAN. ) SOLID_ANGLE_UNIT ( ) );
#3889 = CARTESIAN_POINT ( 'NONE',  ( -1.099999999999999867, -1.200000000000000400, 3.299999999999999822 ) ) ;
#3890 = CARTESIAN_POINT ( 'NONE',  ( -2.249999999999999556, 0.000000000000000000, 0.000000000000000000 ) ) ;
#3891 = EDGE_CURVE ( 'NONE', #937, #3647, #1721, .T. ) ;
#3892 = STYLED_ITEM ( 'NONE', ( #3213 ), #2079 ) ;
#3893 =( NAMED_UNIT ( * ) SI_UNIT ( $, .STERADIAN. ) SOLID_ANGLE_UNIT ( ) );
#3894 = ORIENTED_EDGE ( 'NONE', *, *, #5255, .F. ) ;
#3895 = LINE ( 'NONE', #2150, #528 ) ;
#3896 = FILL_AREA_STYLE ('',( #6488 ) ) ;
#3897 = UNCERTAINTY_MEASURE_WITH_UNIT (LENGTH_MEASURE( 1.000000000000000082E-05 ), #6318, 'distance_accuracy_value', 'NONE');
#3898 = FILL_AREA_STYLE_COLOUR ( '', #2337 ) ;
#3899 = LINE ( 'NONE', #2452, #7875 ) ;
#3900 = CARTESIAN_POINT ( 'NONE',  ( 3.900000000000000799, -3.200000000000000178, 2.350000000000000533 ) ) ;
#3901 = EDGE_CURVE ( 'NONE', #7343, #4710, #3613, .T. ) ;
#3902 =( NAMED_UNIT ( * ) PLANE_ANGLE_UNIT ( ) SI_UNIT ( $, .RADIAN. ) );
#3903 = FILL_AREA_STYLE_COLOUR ( '', #623 ) ;
#3904 = ORIENTED_EDGE ( 'NONE', *, *, #6026, .T. ) ;
#3905 = COLOUR_RGB ( '',1.000000000000000000, 1.000000000000000000, 0.7529411764705882248 ) ;
#3906 =( NAMED_UNIT ( * ) SI_UNIT ( $, .STERADIAN. ) SOLID_ANGLE_UNIT ( ) );
#3907 = PLANE ( 'NONE',  #3646 ) ;
#3908 = SURFACE_STYLE_FILL_AREA ( #4733 ) ;
#3909 = CARTESIAN_POINT ( 'NONE',  ( 2.499999999999999556, 3.449000000000001176, 3.252606517456513795E-16 ) ) ;
#3910 = ORIENTED_EDGE ( 'NONE', *, *, #7153, .F. ) ;
#3911 = DIRECTION ( 'NONE',  ( 0.000000000000000000, -1.000000000000000000, 0.000000000000000000 ) ) ;
#3912 = EDGE_LOOP ( 'NONE', ( #1264, #7144, #4089, #2305 ) ) ;
#3913 = FILL_AREA_STYLE_COLOUR ( '', #202 ) ;
#3914 = LINE ( 'NONE', #1053, #3710 ) ;
#3915 = PRESENTATION_STYLE_ASSIGNMENT (( #1175 ) ) ;
#3916 = ORIENTED_EDGE ( 'NONE', *, *, #7007, .F. ) ;
#3917 = AXIS2_PLACEMENT_3D ( 'NONE', #5533, #6171, #4330 ) ;
#3918 = VECTOR ( 'NONE', #7310, 1000.000000000000000 ) ;
#3919 = SURFACE_SIDE_STYLE ('',( #6306 ) ) ;
#3920 = SURFACE_SIDE_STYLE ('',( #8001 ) ) ;
#3921 = ORIENTED_EDGE ( 'NONE', *, *, #6142, .T. ) ;
#3922 =( GEOMETRIC_REPRESENTATION_CONTEXT ( 3 ) GLOBAL_UNCERTAINTY_ASSIGNED_CONTEXT ( ( #4746 ) ) GLOBAL_UNIT_ASSIGNED_CONTEXT ( ( #2403, #1187, #6271 ) ) REPRESENTATION_CONTEXT ( 'NONE', 'WORKASPACE' ) );
#3923 = SURFACE_SIDE_STYLE ('',( #7085 ) ) ;
#3924 = PRESENTATION_STYLE_ASSIGNMENT (( #4368 ) ) ;
#3925 = COLOUR_RGB ( '',0.5019607843137254832, 1.000000000000000000, 0.5019607843137254832 ) ;
#3926 = AXIS2_PLACEMENT_3D ( 'NONE', #4823, #1015, #1631 ) ;
#3927 = COLOUR_RGB ( '',1.000000000000000000, 1.000000000000000000, 0.7529411764705882248 ) ;
#3928 = VERTEX_POINT ( 'NONE', #5626 ) ;
#3929 = DIRECTION ( 'NONE',  ( 0.000000000000000000, -1.000000000000000000, 1.445602896647339410E-16 ) ) ;
#3930 = VECTOR ( 'NONE', #7877, 1000.000000000000000 ) ;
#3931 = STYLED_ITEM ( 'NONE', ( #3009 ), #6985 ) ;
#3932 = CARTESIAN_POINT ( 'NONE',  ( 4.333030277982335754, 3.049000000000001265, -0.2499999999999996669 ) ) ;
#3933 = AXIS2_PLACEMENT_3D ( 'NONE', #5583, #3248, #2556 ) ;
#3934 = VECTOR ( 'NONE', #5863, 1000.000000000000000 ) ;
#3935 = CARTESIAN_POINT ( 'NONE',  ( 2.750000000000000888, -2.999999999999998668, -3.774999999999999911 ) ) ;
#3936 = ADVANCED_FACE ( 'NONE', ( #4927 ), #844, .F. ) ;
#3937 = PLANE ( 'NONE',  #2168 ) ;
#3938 = EDGE_CURVE ( 'NONE', #7810, #3708, #3711, .T. ) ;
#3939 = CARTESIAN_POINT ( 'NONE',  ( 4.399999999999999467, 5.000000000000001776, 2.326828918379971365E-16 ) ) ;
#3940 = AXIS2_PLACEMENT_3D ( 'NONE', #2412, #2464, #6303 ) ;
#3941 = DIRECTION ( 'NONE',  ( -0.2492435693639528660, -0.6847910787717351733, -0.6847910787717372827 ) ) ;
#3942 = AXIS2_PLACEMENT_3D ( 'NONE', #5399, #6050, #1028 ) ;
#3943 = CARTESIAN_POINT ( 'NONE',  ( 0.5540446486006960214, 0.2999999999999991562, 3.609016994374945053 ) ) ;
#3944 = VECTOR ( 'NONE', #5824, 999.9999999999998863 ) ;
#3945 = DIRECTION ( 'NONE',  ( -0.000000000000000000, 1.106328747434187728E-16, 1.000000000000000000 ) ) ;
#3946 = ORIENTED_EDGE ( 'NONE', *, *, #791, .F. ) ;
#3947 = EDGE_CURVE ( 'NONE', #7235, #6190, #6018, .T. ) ;
#3948 = PRESENTATION_STYLE_ASSIGNMENT (( #1089 ) ) ;
#3949 = FACE_OUTER_BOUND ( 'NONE', #8095, .T. ) ;
#3950 = AXIS2_PLACEMENT_3D ( 'NONE', #1652, #6833, #6204 ) ;
#3951 =( NAMED_UNIT ( * ) SI_UNIT ( $, .STERADIAN. ) SOLID_ANGLE_UNIT ( ) );
#3952 = EDGE_LOOP ( 'NONE', ( #3718, #2970, #2524, #231 ) ) ;
#3953 = DIRECTION ( 'NONE',  ( -0.000000000000000000, -0.000000000000000000, -1.000000000000000000 ) ) ;
#3954 = SURFACE_STYLE_USAGE ( .BOTH. , #6482 ) ;
#3955 = EDGE_CURVE ( 'NONE', #7177, #5534, #7980, .T. ) ;
#3956 = DIRECTION ( 'NONE',  ( -0.000000000000000000, -0.000000000000000000, 1.000000000000000000 ) ) ;
#3957 = ORIENTED_EDGE ( 'NONE', *, *, #4495, .T. ) ;
#3958 = LINE ( 'NONE', #3354, #4271 ) ;
#3959 = VERTEX_POINT ( 'NONE', #3028 ) ;
#3960 =( NAMED_UNIT ( * ) SI_UNIT ( $, .STERADIAN. ) SOLID_ANGLE_UNIT ( ) );
#3961 = SURFACE_STYLE_USAGE ( .BOTH. , #742 ) ;
#3962 = CARTESIAN_POINT ( 'NONE',  ( 4.500000000000000888, 0.4000000000000005218, -2.250000000000000000 ) ) ;
#3963 =( NAMED_UNIT ( * ) PLANE_ANGLE_UNIT ( ) SI_UNIT ( $, .RADIAN. ) );
#3964 = ORIENTED_EDGE ( 'NONE', *, *, #4545, .T. ) ;
#3965 = DIRECTION ( 'NONE',  ( 0.000000000000000000, -0.000000000000000000, -1.000000000000000000 ) ) ;
#3966 = CARTESIAN_POINT ( 'NONE',  ( 4.999999999999998224, 4.815078231255386143, -2.449856359220362378 ) ) ;
#3967 =( LENGTH_UNIT ( ) NAMED_UNIT ( * ) SI_UNIT ( .MILLI., .METRE. ) );
#3968 = MECHANICAL_DESIGN_GEOMETRIC_PRESENTATION_REPRESENTATION (  '', ( #252 ), #5350 ) ;
#3969 = ORIENTED_EDGE ( 'NONE', *, *, #1853, .T. ) ;
#3970 = CARTESIAN_POINT ( 'NONE',  ( -2.999999999999999556, -5.000000000000000000, -3.099999999999996980 ) ) ;
#3971 = ORIENTED_EDGE ( 'NONE', *, *, #3241, .F. ) ;
#3972 =( NAMED_UNIT ( * ) PLANE_ANGLE_UNIT ( ) SI_UNIT ( $, .RADIAN. ) );
#3973 = VECTOR ( 'NONE', #3319, 1000.000000000000000 ) ;
#3974 = ADVANCED_FACE ( 'NONE', ( #1045 ), #2623, .T. ) ;
#3975 = SURFACE_STYLE_USAGE ( .BOTH. , #1397 ) ;
#3976 = DIRECTION ( 'NONE',  ( -0.000000000000000000, 0.000000000000000000, -1.000000000000000000 ) ) ;
#3977 = CARTESIAN_POINT ( 'NONE',  ( -4.500000000000000000, 0.000000000000000000, 0.000000000000000000 ) ) ;
#3978 = DIRECTION ( 'NONE',  ( 0.000000000000000000, 0.000000000000000000, -1.000000000000000000 ) ) ;
#3979 = AXIS2_PLACEMENT_3D ( 'NONE', #6177, #3003, #7380 ) ;
#3980 = VERTEX_POINT ( 'NONE', #8135 ) ;
#3981 = DIRECTION ( 'NONE',  ( 0.000000000000000000, -2.551063935260019366E-16, -1.000000000000000000 ) ) ;
#3982 = FILL_AREA_STYLE_COLOUR ( '', #5411 ) ;
#3983 = EDGE_CURVE ( 'NONE', #3456, #1013, #1825, .T. ) ;
#3984 =( GEOMETRIC_REPRESENTATION_CONTEXT ( 3 ) GLOBAL_UNCERTAINTY_ASSIGNED_CONTEXT ( ( #4061 ) ) GLOBAL_UNIT_ASSIGNED_CONTEXT ( ( #5678, #2477, #1897 ) ) REPRESENTATION_CONTEXT ( 'NONE', 'WORKASPACE' ) );
#3985 = DIRECTION ( 'NONE',  ( 0.000000000000000000, 1.000000000000000000, -1.445602896647339410E-16 ) ) ;
#3986 = SURFACE_STYLE_FILL_AREA ( #2373 ) ;
#3987 = UNCERTAINTY_MEASURE_WITH_UNIT (LENGTH_MEASURE( 1.000000000000000082E-05 ), #4870, 'distance_accuracy_value', 'NONE');
#3988 = EDGE_CURVE ( 'NONE', #5218, #254, #139, .T. ) ;
#3989 = VERTEX_POINT ( 'NONE', #568 ) ;
#3990 = PLANE ( 'NONE',  #7908 ) ;
#3991 = DIRECTION ( 'NONE',  ( 0.9396926207859092051, 0.000000000000000000, -0.3420201433256665480 ) ) ;
#3992 =( NAMED_UNIT ( * ) SI_UNIT ( $, .STERADIAN. ) SOLID_ANGLE_UNIT ( ) );
#3993 = ORIENTED_EDGE ( 'NONE', *, *, #431, .F. ) ;
#3994 = LINE ( 'NONE', #4484, #5183 ) ;
#3995 = DIRECTION ( 'NONE',  ( 1.000000000000000000, -0.000000000000000000, -0.000000000000000000 ) ) ;
#3996 = VERTEX_POINT ( 'NONE', #5642 ) ;
#3997 = PRESENTATION_LAYER_ASSIGNMENT (  '', '', ( #6727 ) ) ;
#3998 = CARTESIAN_POINT ( 'NONE',  ( 3.900000000000000799, -3.200000000000000178, 2.549999999999986500 ) ) ;
#3999 =( NAMED_UNIT ( * ) SI_UNIT ( $, .STERADIAN. ) SOLID_ANGLE_UNIT ( ) );
#4000 = FACE_OUTER_BOUND ( 'NONE', #1151, .T. ) ;
#4001 = ORIENTED_EDGE ( 'NONE', *, *, #6115, .F. ) ;
#4002 = CARTESIAN_POINT ( 'NONE',  ( 1.100000000000000533, -1.200000000000000400, 2.350000000000000089 ) ) ;
#4003 = DIRECTION ( 'NONE',  ( -0.000000000000000000, -1.000000000000000000, -0.000000000000000000 ) ) ;
#4004 = VECTOR ( 'NONE', #245, 1000.000000000000000 ) ;
#4005 = UNCERTAINTY_MEASURE_WITH_UNIT (LENGTH_MEASURE( 1.000000000000000082E-05 ), #8105, 'distance_accuracy_value', 'NONE');
#4006 = EDGE_CURVE ( 'NONE', #7750, #5754, #8089, .T. ) ;
#4007 =( GEOMETRIC_REPRESENTATION_CONTEXT ( 3 ) GLOBAL_UNCERTAINTY_ASSIGNED_CONTEXT ( ( #7651 ) ) GLOBAL_UNIT_ASSIGNED_CONTEXT ( ( #3117, #6244, #604 ) ) REPRESENTATION_CONTEXT ( 'NONE', 'WORKASPACE' ) );
#4008 = ORIENTED_EDGE ( 'NONE', *, *, #5769, .F. ) ;
#4009 = VECTOR ( 'NONE', #261, 1000.000000000000000 ) ;
#4010 =( NAMED_UNIT ( * ) PLANE_ANGLE_UNIT ( ) SI_UNIT ( $, .RADIAN. ) );
#4011 = ADVANCED_FACE ( 'NONE', ( #5908 ), #6195, .F. ) ;
#4012 = EDGE_CURVE ( 'NONE', #4149, #3874, #1617, .T. ) ;
#4013 = ORIENTED_EDGE ( 'NONE', *, *, #4208, .T. ) ;
#4014 = DIRECTION ( 'NONE',  ( 0.1736481776669271948, 0.9848077530122086864, -1.482959312911674525E-16 ) ) ;
#4015 =( LENGTH_UNIT ( ) NAMED_UNIT ( * ) SI_UNIT ( .MILLI., .METRE. ) );
#4016 = VERTEX_POINT ( 'NONE', #5040 ) ;
#4017 = PLANE ( 'NONE',  #3237 ) ;
#4018 =( LENGTH_UNIT ( ) NAMED_UNIT ( * ) SI_UNIT ( .MILLI., .METRE. ) );
#4019 =( NAMED_UNIT ( * ) PLANE_ANGLE_UNIT ( ) SI_UNIT ( $, .RADIAN. ) );
#4020 = LINE ( 'NONE', #1793, #6721 ) ;
#4021 = PRESENTATION_STYLE_ASSIGNMENT (( #999 ) ) ;
#4022 = ORIENTED_EDGE ( 'NONE', *, *, #3779, .T. ) ;
#4023 = VECTOR ( 'NONE', #290, 1000.000000000000000 ) ;
#4024 = ADVANCED_FACE ( 'NONE', ( #2216 ), #7588, .F. ) ;
#4025 = CARTESIAN_POINT ( 'NONE',  ( -4.075000000000000178, 5.000000000000000888, 0.000000000000000000 ) ) ;
#4026 = ORIENTED_EDGE ( 'NONE', *, *, #6817, .F. ) ;
#4027 =( NAMED_UNIT ( * ) PLANE_ANGLE_UNIT ( ) SI_UNIT ( $, .RADIAN. ) );
#4028 = COLOUR_RGB ( '',1.000000000000000000, 1.000000000000000000, 0.7529411764705882248 ) ;
#4029 = PRESENTATION_LAYER_ASSIGNMENT (  '', '', ( #618 ) ) ;
#4030 = VECTOR ( 'NONE', #1002, 1000.000000000000000 ) ;
#4031 = AXIS2_PLACEMENT_3D ( 'NONE', #3810, #1, #620 ) ;
#4032 = LINE ( 'NONE', #1060, #5608 ) ;
#4033 = VECTOR ( 'NONE', #3508, 1000.000000000000000 ) ;
#4034 = CARTESIAN_POINT ( 'NONE',  ( 3.900000000000000799, -3.200000000000000178, 4.049999999999999822 ) ) ;
#4035 = PRODUCT_DEFINITION ( 'UNKNOWN', '', #1064, #708 ) ;
#4036 = SURFACE_SIDE_STYLE ('',( #8148 ) ) ;
#4037 = EDGE_CURVE ( 'NONE', #448, #3514, #7392, .T. ) ;
#4038 = AXIS2_PLACEMENT_3D ( 'NONE', #7150, #2046, #821 ) ;
#4039 = DIRECTION ( 'NONE',  ( 1.000000000000000000, -0.000000000000000000, -0.000000000000000000 ) ) ;
#4040 = LINE ( 'NONE', #3634, #4142 ) ;
#4041 = STYLED_ITEM ( 'NONE', ( #3082 ), #7181 ) ;
#4042 = CARTESIAN_POINT ( 'NONE',  ( -5.000000000000001776, -5.000000000000000000, 0.000000000000000000 ) ) ;
#4043 = DIRECTION ( 'NONE',  ( 0.000000000000000000, 1.445602896647339410E-16, 1.000000000000000000 ) ) ;
#4044 = VERTEX_POINT ( 'NONE', #5695 ) ;
#4045 = CARTESIAN_POINT ( 'NONE',  ( 2.176326980708465531, -8.500000000000000000, -0.2499999999999995282 ) ) ;
#4046 = EDGE_CURVE ( 'NONE', #1718, #4044, #4220, .T. ) ;
#4047 = CARTESIAN_POINT ( 'NONE',  ( 2.250000000000000888, -2.244443709649962315, -3.500000000000000000 ) ) ;
#4048 = ORIENTED_EDGE ( 'NONE', *, *, #7358, .T. ) ;
#4049 = PRESENTATION_LAYER_ASSIGNMENT (  '', '', ( #2332 ) ) ;
#4050 = STYLED_ITEM ( 'NONE', ( #7379 ), #5313 ) ;
#4051 = CARTESIAN_POINT ( 'NONE',  ( -0.9102686701001526659, 3.896273684521146752, -0.2499999999999996669 ) ) ;
#4052 = CARTESIAN_POINT ( 'NONE',  ( 4.625000000000000888, -5.000000000000000000, -2.350000000000000089 ) ) ;
#4053 = VERTEX_POINT ( 'NONE', #3776 ) ;
#4054 = ORIENTED_EDGE ( 'NONE', *, *, #2179, .F. ) ;
#4055 = COLOUR_RGB ( '',0.5019607843137254832, 1.000000000000000000, 0.5019607843137254832 ) ;
#4056 = FACE_OUTER_BOUND ( 'NONE', #810, .T. ) ;
#4057 = CARTESIAN_POINT ( 'NONE',  ( -2.500000000000000888, 3.049000000000001265, 3.252606517456513795E-16 ) ) ;
#4058 = CARTESIAN_POINT ( 'NONE',  ( 2.000000000000000444, -1.599999999999998979, -2.250000000000000000 ) ) ;
#4059 = ORIENTED_EDGE ( 'NONE', *, *, #663, .T. ) ;
#4060 = PLANE ( 'NONE',  #412 ) ;
#4062 = EDGE_CURVE ( 'NONE', #1554, #4130, #1535, .T. ) ;
#4061 = UNCERTAINTY_MEASURE_WITH_UNIT (LENGTH_MEASURE( 1.000000000000000082E-05 ), #5678, 'distance_accuracy_value', 'NONE');
#4063 = ADVANCED_FACE ( 'NONE', ( #2716 ), #654, .T. ) ;
#4064 = AXIS2_PLACEMENT_3D ( 'NONE', #8222, #572, #593 ) ;
#4065 = EDGE_CURVE ( 'NONE', #6685, #238, #5107, .T. ) ;
#4066 = CARTESIAN_POINT ( 'NONE',  ( -4.625000000000000888, -5.000000000000000000, -2.350000000000000089 ) ) ;
#4067 = COLOUR_RGB ( '',1.000000000000000000, 1.000000000000000000, 0.7529411764705882248 ) ;
#4068 = DIRECTION ( 'NONE',  ( -0.000000000000000000, 1.000000000000000000, 0.000000000000000000 ) ) ;
#4069 = VERTEX_POINT ( 'NONE', #22 ) ;
#4070 = EDGE_CURVE ( 'NONE', #7260, #2276, #537, .T. ) ;
#4071 = DIRECTION ( 'NONE',  ( -7.760429719096859345E-17, 1.000000000000000000, -0.000000000000000000 ) ) ;
#4072 = ORIENTED_EDGE ( 'NONE', *, *, #379, .T. ) ;
#4073 = ADVANCED_FACE ( 'NONE', ( #8168, #4121 ), #2016, .F. ) ;
#4074 = VERTEX_POINT ( 'NONE', #5141 ) ;
#4075 = VECTOR ( 'NONE', #3759, 1000.000000000000000 ) ;
#4076 = PLANE ( 'NONE',  #2836 ) ;
#4077 = DIRECTION ( 'NONE',  ( 0.000000000000000000, 1.000000000000000000, 0.000000000000000000 ) ) ;
#4078 = ORIENTED_EDGE ( 'NONE', *, *, #5871, .T. ) ;
#4079 = ORIENTED_EDGE ( 'NONE', *, *, #3947, .F. ) ;
#4080 = CARTESIAN_POINT ( 'NONE',  ( 3.000000000000000444, -1.699999999999999734, -2.999999999999999556 ) ) ;
#4081 = DIRECTION ( 'NONE',  ( -1.000000000000000000, -7.760429719096859345E-17, 0.000000000000000000 ) ) ;
#4082 = LINE ( 'NONE', #354, #5770 ) ;
#4083 = STYLED_ITEM ( 'NONE', ( #6982 ), #2774 ) ;
#4084 = PLANE ( 'NONE',  #5729 ) ;
#4085 =( NAMED_UNIT ( * ) PLANE_ANGLE_UNIT ( ) SI_UNIT ( $, .RADIAN. ) );
#4086 =( GEOMETRIC_REPRESENTATION_CONTEXT ( 3 ) GLOBAL_UNCERTAINTY_ASSIGNED_CONTEXT ( ( #6187 ) ) GLOBAL_UNIT_ASSIGNED_CONTEXT ( ( #1262, #1896, #1205 ) ) REPRESENTATION_CONTEXT ( 'NONE', 'WORKASPACE' ) );
#4087 =( NAMED_UNIT ( * ) PLANE_ANGLE_UNIT ( ) SI_UNIT ( $, .RADIAN. ) );
#4088 = FACE_OUTER_BOUND ( 'NONE', #672, .T. ) ;
#4089 = ORIENTED_EDGE ( 'NONE', *, *, #2074, .F. ) ;
#4090 =( GEOMETRIC_REPRESENTATION_CONTEXT ( 3 ) GLOBAL_UNCERTAINTY_ASSIGNED_CONTEXT ( ( #1066 ) ) GLOBAL_UNIT_ASSIGNED_CONTEXT ( ( #1470, #6514, #1501 ) ) REPRESENTATION_CONTEXT ( 'NONE', 'WORKASPACE' ) );
#4091 = SURFACE_STYLE_USAGE ( .BOTH. , #6710 ) ;
#4092 = DIRECTION ( 'NONE',  ( -1.000000000000000000, -0.000000000000000000, -0.000000000000000000 ) ) ;
#4093 = DIRECTION ( 'NONE',  ( -0.000000000000000000, -0.000000000000000000, 1.000000000000000000 ) ) ;
#4094 = AXIS2_PLACEMENT_3D ( 'NONE', #6577, #6640, #209 ) ;
#4095 = MECHANICAL_DESIGN_GEOMETRIC_PRESENTATION_REPRESENTATION (  '', ( #1261 ), #972 ) ;
#4096 = VERTEX_POINT ( 'NONE', #4548 ) ;
#4097 = SURFACE_STYLE_FILL_AREA ( #7207 ) ;
#4098 = UNCERTAINTY_MEASURE_WITH_UNIT (LENGTH_MEASURE( 1.000000000000000082E-05 ), #2075, 'distance_accuracy_value', 'NONE');
#4099 = ORIENTED_EDGE ( 'NONE', *, *, #6283, .T. ) ;
#4100 = ORIENTED_EDGE ( 'NONE', *, *, #3339, .F. ) ;
#4101 = EDGE_CURVE ( 'NONE', #2865, #2950, #2998, .T. ) ;
#4102 = FACE_OUTER_BOUND ( 'NONE', #7381, .T. ) ;
#4103 = AXIS2_PLACEMENT_3D ( 'NONE', #2876, #8008, #1622 ) ;
#4104 = CARTESIAN_POINT ( 'NONE',  ( 2.499999999999999112, 3.049000000000001265, 3.252606517456513795E-16 ) ) ;
#4105 = CARTESIAN_POINT ( 'NONE',  ( -4.333030277982336642, 3.049000000000001265, 0.2499999999999995282 ) ) ;
#4106 = AXIS2_PLACEMENT_3D ( 'NONE', #2142, #2825, #3366 ) ;
#4107 = CARTESIAN_POINT ( 'NONE',  ( 2.499999999999999556, 6.963351365237943291, -6.235393227845725932E-16 ) ) ;
#4108 = CIRCLE ( 'NONE', #2053, 0.4000000000000001887 ) ;
#4109 = SURFACE_STYLE_USAGE ( .BOTH. , #5343 ) ;
#4110 = ORIENTED_EDGE ( 'NONE', *, *, #5104, .T. ) ;
#4111 = SURFACE_STYLE_FILL_AREA ( #4747 ) ;
#4112 = DIRECTION ( 'NONE',  ( 0.000000000000000000, 1.398970545142588514E-16, 1.000000000000000000 ) ) ;
#4113 = CARTESIAN_POINT ( 'NONE',  ( -0.6669697220176131758, 3.581148997423713620, 0.2500000000000003331 ) ) ;
#4114 = EDGE_CURVE ( 'NONE', #3456, #7826, #130, .T. ) ;
#4115 = APPLICATION_CONTEXT ( 'automotive_design' ) ;
#4116 = PRESENTATION_LAYER_ASSIGNMENT (  '', '', ( #5977 ) ) ;
#4117 = ADVANCED_FACE ( 'NONE', ( #1525 ), #2613, .F. ) ;
#4118 = SURFACE_STYLE_USAGE ( .BOTH. , #5406 ) ;
#4119 = ORIENTED_EDGE ( 'NONE', *, *, #5822, .F. ) ;
#4120 = UNCERTAINTY_MEASURE_WITH_UNIT (LENGTH_MEASURE( 1.000000000000000082E-05 ), #2547, 'distance_accuracy_value', 'NONE');
#4121 = FACE_OUTER_BOUND ( 'NONE', #4865, .T. ) ;
#4122 = CARTESIAN_POINT ( 'NONE',  ( -0.6669697220176644681, 3.449000000000001176, -0.2499999999999996669 ) ) ;
#4123 = VECTOR ( 'NONE', #5652, 1000.000000000000000 ) ;
#4124 = CARTESIAN_POINT ( 'NONE',  ( -2.500000000000000444, 2.650000000000000799, 0.000000000000000000 ) ) ;
#4125 = EDGE_LOOP ( 'NONE', ( #5053, #2463, #4301, #7004 ) ) ;
#4126 = CARTESIAN_POINT ( 'NONE',  ( 2.499999999999999556, 6.043112549695427660, 1.198999999999999178 ) ) ;
#4127 = DIRECTION ( 'NONE',  ( -0.000000000000000000, -1.000000000000000000, -0.000000000000000000 ) ) ;
#4128 = ORIENTED_EDGE ( 'NONE', *, *, #2103, .T. ) ;
#4129 = SURFACE_STYLE_FILL_AREA ( #2498 ) ;
#4130 = VERTEX_POINT ( 'NONE', #2646 ) ;
#4131 = VERTEX_POINT ( 'NONE', #7613 ) ;
#4132 = DIRECTION ( 'NONE',  ( -7.760429719096859345E-17, 1.000000000000000000, -0.000000000000000000 ) ) ;
#4133 = DIRECTION ( 'NONE',  ( 1.000000000000000000, -0.000000000000000000, -0.000000000000000000 ) ) ;
#4134 = VECTOR ( 'NONE', #2848, 1000.000000000000000 ) ;
#4135 = COLOUR_RGB ( '',0.5019607843137254832, 1.000000000000000000, 0.5019607843137254832 ) ;
#4136 = VERTEX_POINT ( 'NONE', #6453 ) ;
#4137 = FILL_AREA_STYLE ('',( #2252 ) ) ;
#4138 = PLANE ( 'NONE',  #393 ) ;
#4139 = LINE ( 'NONE', #4052, #4841 ) ;
#4140 = SURFACE_STYLE_FILL_AREA ( #8225 ) ;
#4141 = PLANE ( 'NONE',  #2969 ) ;
#4142 = VECTOR ( 'NONE', #8077, 1000.000000000000000 ) ;
#4143 = DIRECTION ( 'NONE',  ( 0.1736481776669271948, -0.9848077530122086864, 1.482959312911674525E-16 ) ) ;
#4144 = AXIS2_PLACEMENT_3D ( 'NONE', #3738, #3084, #6263 ) ;
#4145 = AXIS2_PLACEMENT_3D ( 'NONE', #793, #4071, #854 ) ;
#4146 = PRESENTATION_STYLE_ASSIGNMENT (( #4527 ) ) ;
#4147 = SURFACE_STYLE_FILL_AREA ( #3385 ) ;
#4148 = CARTESIAN_POINT ( 'NONE',  ( -0.5540446486006940230, 0.2999999999999991562, 3.609016994374945053 ) ) ;
#4149 = VERTEX_POINT ( 'NONE', #1284 ) ;
#4150 = DIRECTION ( 'NONE',  ( -0.2492435693639528660, 0.6847910787717351733, 0.6847910787717372827 ) ) ;
#4151 = CARTESIAN_POINT ( 'NONE',  ( 2.000000000000000444, -5.100000000000000533, -0.2499999999999998890 ) ) ;
#4152 = COLOUR_RGB ( '',0.5019607843137254832, 1.000000000000000000, 0.5019607843137254832 ) ;
#4153 = ADVANCED_FACE ( 'NONE', ( #1816 ), #7104, .F. ) ;
#4154 = CLOSED_SHELL ( 'NONE', ( #4609, #8044, #7635, #5944, #487, #4661, #2136, #3936, #5893, #182, #5469, #4480, #4024, #4011, #2589, #1926, #7148, #5859, #2932, #4755, #7806, #7034, #691, #5723, #876, #7936, #7232, #6434, #2259, #2717, #1395, #770, #6664, #7361, #2887, #2855, #3377, #7894, #1304, #1431, #3215, #5432, #6390, #5137, #7323, #5677, #237, #7715, #7847, #2461, #2679, #4395, #1562, #1468, #6574, #6068, #365, #7599, #4063, #5223, #1511, #2774, #6701, #7068, #4673, #8176, #7683, #7181, #2962, #4117, #5510, #288, #99, #3421, #959, #2040, #816, #7759, #1639, #1594, #3843, #4829 ) ) ;
#4155 = FILL_AREA_STYLE_COLOUR ( '', #7016 ) ;
#4156 = FILL_AREA_STYLE ('',( #3475 ) ) ;
#4157 =( NAMED_UNIT ( * ) SI_UNIT ( $, .STERADIAN. ) SOLID_ANGLE_UNIT ( ) );
#4158 = CARTESIAN_POINT ( 'NONE',  ( -4.625000000000000888, 2.400000000000001243, -2.350000000000000089 ) ) ;
#4159 = PRESENTATION_STYLE_ASSIGNMENT (( #5923 ) ) ;
#4160 = ORIENTED_EDGE ( 'NONE', *, *, #5899, .F. ) ;
#4161 =( GEOMETRIC_REPRESENTATION_CONTEXT ( 3 ) GLOBAL_UNCERTAINTY_ASSIGNED_CONTEXT ( ( #1709 ) ) GLOBAL_UNIT_ASSIGNED_CONTEXT ( ( #7030, #1925, #3255 ) ) REPRESENTATION_CONTEXT ( 'NONE', 'WORKASPACE' ) );
#4162 = CARTESIAN_POINT ( 'NONE',  ( -0.7223385137836978442, 3.711800628498767907, 0.2500000000000002776 ) ) ;
#4163 = UNCERTAINTY_MEASURE_WITH_UNIT (LENGTH_MEASURE( 1.000000000000000082E-05 ), #4932, 'distance_accuracy_value', 'NONE');
#4164 =( NAMED_UNIT ( * ) SI_UNIT ( $, .STERADIAN. ) SOLID_ANGLE_UNIT ( ) );
#4165 =( NAMED_UNIT ( * ) PLANE_ANGLE_UNIT ( ) SI_UNIT ( $, .RADIAN. ) );
#4166 = CARTESIAN_POINT ( 'NONE',  ( 0.000000000000000000, -5.000000000000000000, 0.000000000000000000 ) ) ;
#4167 = CARTESIAN_POINT ( 'NONE',  ( 2.000000000000000444, -7.499999999999981348, -2.899999999999999911 ) ) ;
#4168 = EDGE_CURVE ( 'NONE', #4383, #7978, #4517, .T. ) ;
#4169 = PRESENTATION_LAYER_ASSIGNMENT (  '', '', ( #4600 ) ) ;
#4170 = CARTESIAN_POINT ( 'NONE',  ( 2.000000000000000444, -4.900000000000003020, 0.2499999999999999445 ) ) ;
#4171 =( NAMED_UNIT ( * ) SI_UNIT ( $, .STERADIAN. ) SOLID_ANGLE_UNIT ( ) );
#4172 = FILL_AREA_STYLE_COLOUR ( '', #415 ) ;
#4173 = ORIENTED_EDGE ( 'NONE', *, *, #8205, .F. ) ;
#4174 = ORIENTED_EDGE ( 'NONE', *, *, #5021, .T. ) ;
#4175 = LINE ( 'NONE', #7740, #3973 ) ;
#4176 = EDGE_CURVE ( 'NONE', #1340, #1013, #6188, .T. ) ;
#4177 =( NAMED_UNIT ( * ) PLANE_ANGLE_UNIT ( ) SI_UNIT ( $, .RADIAN. ) );
#4178 = SURFACE_STYLE_USAGE ( .BOTH. , #5445 ) ;
#4179 = LINE ( 'NONE', #4314, #5072 ) ;
#4180 = CARTESIAN_POINT ( 'NONE',  ( 2.499999999999999556, 2.651000000000001133, 3.252606517456513795E-16 ) ) ;
#4181 = ORIENTED_EDGE ( 'NONE', *, *, #2780, .F. ) ;
#4182 = VECTOR ( 'NONE', #4782, 1000.000000000000000 ) ;
#4183 = SURFACE_SIDE_STYLE ('',( #1935 ) ) ;
#4184 = CARTESIAN_POINT ( 'NONE',  ( -4.278227311900349328, 3.711171726683383465, -0.2499999999999996669 ) ) ;
#4185 = CARTESIAN_POINT ( 'NONE',  ( -1.173350083857840787, 3.949000000000001176, 0.2500000000000003331 ) ) ;
#4186 = AXIS2_PLACEMENT_3D ( 'NONE', #2965, #2296, #6138 ) ;
#4187 = CIRCLE ( 'NONE', #4186, 0.04999999999999969746 ) ;
#4188 = EDGE_LOOP ( 'NONE', ( #1540, #2045, #2727, #5138, #1814, #3356, #7821, #853 ) ) ;
#4189 =( NAMED_UNIT ( * ) PLANE_ANGLE_UNIT ( ) SI_UNIT ( $, .RADIAN. ) );
#4190 = AXIS2_PLACEMENT_3D ( 'NONE', #6000, #2829, #7903 ) ;
#4191 = ADVANCED_FACE ( 'NONE', ( #5393 ), #5807, .T. ) ;
#4192 = VECTOR ( 'NONE', #3401, 1000.000000000000000 ) ;
#4193 = SURFACE_STYLE_USAGE ( .BOTH. , #395 ) ;
#4194 = COLOUR_RGB ( '',0.5019607843137254832, 1.000000000000000000, 0.5019607843137254832 ) ;
#4195 =( NAMED_UNIT ( * ) SI_UNIT ( $, .STERADIAN. ) SOLID_ANGLE_UNIT ( ) );
#4196 = VECTOR ( 'NONE', #3132, 1000.000000000000000 ) ;
#4197 = EDGE_CURVE ( 'NONE', #7252, #304, #1140, .T. ) ;
#4198 = ORIENTED_EDGE ( 'NONE', *, *, #2387, .F. ) ;
#4199 = FILL_AREA_STYLE_COLOUR ( '', #3905 ) ;
#4200 = VERTEX_POINT ( 'NONE', #848 ) ;
#4201 = VECTOR ( 'NONE', #3878, 1000.000000000000000 ) ;
#4202 = CARTESIAN_POINT ( 'NONE',  ( 0.5000000000000004441, 0.4000000000000011324, 2.250000000000000000 ) ) ;
#4203 = CIRCLE ( 'NONE', #8215, 1.525000000000001243 ) ;
#4204 = VECTOR ( 'NONE', #5563, 1000.000000000000000 ) ;
#4205 = PRESENTATION_LAYER_ASSIGNMENT (  '', '', ( #4041 ) ) ;
#4206 = AXIS2_PLACEMENT_3D ( 'NONE', #6354, #7551, #14 ) ;
#4207 = FACE_BOUND ( 'NONE', #1103, .T. ) ;
#4208 = EDGE_CURVE ( 'NONE', #7867, #2967, #6008, .T. ) ;
#4209 = EDGE_LOOP ( 'NONE', ( #8151, #5949, #5609, #5885 ) ) ;
#4210 =( NAMED_UNIT ( * ) PLANE_ANGLE_UNIT ( ) SI_UNIT ( $, .RADIAN. ) );
#4211 = CARTESIAN_POINT ( 'NONE',  ( 2.000000000000000444, -1.699999999999999067, -2.899999999999999911 ) ) ;
#4212 = VECTOR ( 'NONE', #1485, 1000.000000000000000 ) ;
#4213 = PRESENTATION_LAYER_ASSIGNMENT (  '', '', ( #493 ) ) ;
#4214 = DIRECTION ( 'NONE',  ( -7.760429719096859345E-17, 1.000000000000000000, 0.000000000000000000 ) ) ;
#4215 = LINE ( 'NONE', #7299, #6284 ) ;
#4216 = DIRECTION ( 'NONE',  ( -1.000000000000000000, 0.000000000000000000, 0.000000000000000000 ) ) ;
#4217 = ORIENTED_EDGE ( 'NONE', *, *, #6176, .T. ) ;
#4218 = UNCERTAINTY_MEASURE_WITH_UNIT (LENGTH_MEASURE( 1.000000000000000082E-05 ), #1275, 'distance_accuracy_value', 'NONE');
#4219 = PLANE ( 'NONE',  #659 ) ;
#4220 = CIRCLE ( 'NONE', #3933, 0.2500000000000002220 ) ;
#4221 = EDGE_CURVE ( 'NONE', #1106, #93, #2406, .T. ) ;
#4222 = EDGE_LOOP ( 'NONE', ( #6885, #3247, #3414, #6468 ) ) ;
#4223 = FILL_AREA_STYLE ('',( #8005 ) ) ;
#4224 = LINE ( 'NONE', #4309, #7202 ) ;
#4225 = MECHANICAL_DESIGN_GEOMETRIC_PRESENTATION_REPRESENTATION (  '', ( #2070 ), #4380 ) ;
#4226 = FILL_AREA_STYLE_COLOUR ( '', #7308 ) ;
#4227 = ORIENTED_EDGE ( 'NONE', *, *, #7568, .T. ) ;
#4228 = CARTESIAN_POINT ( 'NONE',  ( -2.999999999999999556, -4.500000000000000888, -2.899999999999999023 ) ) ;
#4229 = COLOUR_RGB ( '',0.5019607843137254832, 1.000000000000000000, 0.5019607843137254832 ) ;
#4230 = LINE ( 'NONE', #2162, #6723 ) ;
#4231 = SURFACE_STYLE_FILL_AREA ( #4306 ) ;
#4232 = EDGE_CURVE ( 'NONE', #4621, #4096, #5590, .T. ) ;
#4233 = ORIENTED_EDGE ( 'NONE', *, *, #3357, .F. ) ;
#4234 = DIRECTION ( 'NONE',  ( -0.000000000000000000, 1.000000000000000000, -1.106328747434187728E-16 ) ) ;
#4235 = EDGE_LOOP ( 'NONE', ( #3744, #1873, #6749, #2627, #2839, #2552 ) ) ;
#4236 = COLOUR_RGB ( '',0.5019607843137254832, 1.000000000000000000, 0.5019607843137254832 ) ;
#4237 = CIRCLE ( 'NONE', #4487, 1.525000000000001243 ) ;
#4238 = FACE_OUTER_BOUND ( 'NONE', #4957, .T. ) ;
#4239 = ADVANCED_FACE ( 'NONE', ( #3298 ), #7747, .F. ) ;
#4240 = LINE ( 'NONE', #2230, #3704 ) ;
#4241 = CARTESIAN_POINT ( 'NONE',  ( 3.000000000000000444, -5.000000000000000000, -3.699999999999999734 ) ) ;
#4242 = DIRECTION ( 'NONE',  ( -7.760429719096859345E-17, 1.000000000000000000, -0.000000000000000000 ) ) ;
#4243 = CARTESIAN_POINT ( 'NONE',  ( 1.100000000000000533, -1.200000000000000178, 4.049999999999999822 ) ) ;
#4244 = VECTOR ( 'NONE', #495, 1000.000000000000000 ) ;
#4245 = LINE ( 'NONE', #650, #7123 ) ;
#4246 =( GEOMETRIC_REPRESENTATION_CONTEXT ( 3 ) GLOBAL_UNCERTAINTY_ASSIGNED_CONTEXT ( ( #5838 ) ) GLOBAL_UNIT_ASSIGNED_CONTEXT ( ( #7220, #4677, #4583 ) ) REPRESENTATION_CONTEXT ( 'NONE', 'WORKASPACE' ) );
#4247 = CARTESIAN_POINT ( 'NONE',  ( -3.958191143786063737, 3.949000000000009614, -0.2499999999999996669 ) ) ;
#4248 = VECTOR ( 'NONE', #1445, 1000.000000000000000 ) ;
#4249 =( GEOMETRIC_REPRESENTATION_CONTEXT ( 3 ) GLOBAL_UNCERTAINTY_ASSIGNED_CONTEXT ( ( #2105 ) ) GLOBAL_UNIT_ASSIGNED_CONTEXT ( ( #2634, #4563, #7709 ) ) REPRESENTATION_CONTEXT ( 'NONE', 'WORKASPACE' ) );
#4250 = UNCERTAINTY_MEASURE_WITH_UNIT (LENGTH_MEASURE( 1.000000000000000082E-05 ), #500, 'distance_accuracy_value', 'NONE');
#4251 = CARTESIAN_POINT ( 'NONE',  ( 3.000000000000000444, -1.599999999999998979, -2.250000000000000000 ) ) ;
#4252 = EDGE_LOOP ( 'NONE', ( #5280, #2827, #5378, #1764 ) ) ;
#4253 = AXIS2_PLACEMENT_3D ( 'NONE', #341, #7854, #4797 ) ;
#4254 = COLOUR_RGB ( '',0.5019607843137254832, 1.000000000000000000, 0.5019607843137254832 ) ;
#4255 = DIRECTION ( 'NONE',  ( 0.000000000000000000, -1.000000000000000000, 1.398970545142588514E-16 ) ) ;
#4256 = ORIENTED_EDGE ( 'NONE', *, *, #6117, .T. ) ;
#4257 = DIRECTION ( 'NONE',  ( -0.000000000000000000, -0.000000000000000000, 1.000000000000000000 ) ) ;
#4258 = AXIS2_PLACEMENT_3D ( 'NONE', #1454, #2054, #829 ) ;
#4259 = STYLED_ITEM ( 'NONE', ( #7234 ), #3377 ) ;
#4260 = EDGE_LOOP ( 'NONE', ( #611, #3746, #904, #7511 ) ) ;
#4261 = FILL_AREA_STYLE ('',( #6135 ) ) ;
#4262 = VERTEX_POINT ( 'NONE', #3412 ) ;
#4263 = DIRECTION ( 'NONE',  ( -0.000000000000000000, -1.000000000000000000, 1.445602896647339410E-16 ) ) ;
#4264 = VECTOR ( 'NONE', #3732, 1000.000000000000000 ) ;
#4265 = VECTOR ( 'NONE', #133, 1000.000000000000000 ) ;
#4266 = VERTEX_POINT ( 'NONE', #4723 ) ;
#4267 = EDGE_CURVE ( 'NONE', #5984, #5311, #3958, .T. ) ;
#4268 = ORIENTED_EDGE ( 'NONE', *, *, #4660, .T. ) ;
#4269 =( GEOMETRIC_REPRESENTATION_CONTEXT ( 3 ) GLOBAL_UNCERTAINTY_ASSIGNED_CONTEXT ( ( #498 ) ) GLOBAL_UNIT_ASSIGNED_CONTEXT ( ( #3489, #3537, #5434 ) ) REPRESENTATION_CONTEXT ( 'NONE', 'WORKASPACE' ) );
#4270 = MECHANICAL_DESIGN_GEOMETRIC_PRESENTATION_REPRESENTATION (  '', ( #1544 ), #1956 ) ;
#4271 = VECTOR ( 'NONE', #3953, 1000.000000000000000 ) ;
#4272 = EDGE_LOOP ( 'NONE', ( #3151, #1929, #3169, #3904 ) ) ;
#4273 = CARTESIAN_POINT ( 'NONE',  ( 2.000000000000000444, -1.099999999999998979, -2.250000000000000000 ) ) ;
#4274 = UNCERTAINTY_MEASURE_WITH_UNIT (LENGTH_MEASURE( 1.000000000000000082E-05 ), #199, 'distance_accuracy_value', 'NONE');
#4275 =( LENGTH_UNIT ( ) NAMED_UNIT ( * ) SI_UNIT ( .MILLI., .METRE. ) );
#4276 = CARTESIAN_POINT ( 'NONE',  ( -0.5999999999999998668, 4.950000000000001066, 2.326828918379971858E-16 ) ) ;
#4277 = ORIENTED_EDGE ( 'NONE', *, *, #5600, .T. ) ;
#4278 = AXIS2_PLACEMENT_3D ( 'NONE', #5990, #1779, #2416 ) ;
#4279 = EDGE_LOOP ( 'NONE', ( #6874, #7878, #7496, #5046 ) ) ;
#4280 =( NAMED_UNIT ( * ) SI_UNIT ( $, .STERADIAN. ) SOLID_ANGLE_UNIT ( ) );
#4281 = CARTESIAN_POINT ( 'NONE',  ( -1.099999999999999867, -3.200000000000000178, 2.350000000000000533 ) ) ;
#4282 = ADVANCED_FACE ( 'NONE', ( #7535 ), #5228, .T. ) ;
#4283 = DIRECTION ( 'NONE',  ( 0.000000000000000000, 0.000000000000000000, -1.000000000000000000 ) ) ;
#4284 = DIRECTION ( 'NONE',  ( -7.760429719096859345E-17, 1.000000000000000000, -0.000000000000000000 ) ) ;
#4285 = CARTESIAN_POINT ( 'NONE',  ( 2.499999999999999556, 4.975000000000002309, 0.000000000000000000 ) ) ;
#4286 = VERTEX_POINT ( 'NONE', #5935 ) ;
#4287 = PRESENTATION_STYLE_ASSIGNMENT (( #3555 ) ) ;
#4288 = CARTESIAN_POINT ( 'NONE',  ( -1.999999999999999556, 0.9200000000000028155, -3.499999999999999556 ) ) ;
#4289 = FILL_AREA_STYLE_COLOUR ( '', #3434 ) ;
#4290 = SURFACE_STYLE_USAGE ( .BOTH. , #8127 ) ;
#4291 = EDGE_CURVE ( 'NONE', #842, #9, #7434, .T. ) ;
#4292 = EDGE_LOOP ( 'NONE', ( #2379, #7012, #8216, #3546 ) ) ;
#4293 = SURFACE_STYLE_FILL_AREA ( #5327 ) ;
#4294 = CARTESIAN_POINT ( 'NONE',  ( -2.999999999999999556, -7.499999999999979572, -0.2499999999999996669 ) ) ;
#4295 =( NAMED_UNIT ( * ) PLANE_ANGLE_UNIT ( ) SI_UNIT ( $, .RADIAN. ) );
#4296 =( NAMED_UNIT ( * ) SI_UNIT ( $, .STERADIAN. ) SOLID_ANGLE_UNIT ( ) );
#4297 = ORIENTED_EDGE ( 'NONE', *, *, #7617, .F. ) ;
#4298 = VECTOR ( 'NONE', #4694, 1000.000000000000000 ) ;
#4299 = DIRECTION ( 'NONE',  ( -7.760429719096859345E-17, 1.000000000000000000, 0.000000000000000000 ) ) ;
#4300 = ORIENTED_EDGE ( 'NONE', *, *, #4899, .T. ) ;
#4301 = ORIENTED_EDGE ( 'NONE', *, *, #7519, .T. ) ;
#4302 = LINE ( 'NONE', #135, #1507 ) ;
#4303 = VECTOR ( 'NONE', #7062, 1000.000000000000000 ) ;
#4304 = LINE ( 'NONE', #1190, #2598 ) ;
#4305 = MECHANICAL_DESIGN_GEOMETRIC_PRESENTATION_REPRESENTATION (  '', ( #7385 ), #7542 ) ;
#4306 = FILL_AREA_STYLE ('',( #1141 ) ) ;
#4307 =( GEOMETRIC_REPRESENTATION_CONTEXT ( 3 ) GLOBAL_UNCERTAINTY_ASSIGNED_CONTEXT ( ( #4873 ) ) GLOBAL_UNIT_ASSIGNED_CONTEXT ( ( #443, #5372, #3481 ) ) REPRESENTATION_CONTEXT ( 'NONE', 'WORKASPACE' ) );
#4308 = CARTESIAN_POINT ( 'NONE',  ( -1.999999999999999556, -1.000000000000000000, -2.349999999999999645 ) ) ;
#4309 = CARTESIAN_POINT ( 'NONE',  ( -1.099999999999999867, -3.200000000000000178, 2.350000000000000533 ) ) ;
#4310 = VERTEX_POINT ( 'NONE', #7341 ) ;
#4311 = STYLED_ITEM ( 'NONE', ( #1608 ), #4239 ) ;
#4312 = SURFACE_STYLE_FILL_AREA ( #4582 ) ;
#4313 = FILL_AREA_STYLE ('',( #8016 ) ) ;
#4314 = CARTESIAN_POINT ( 'NONE',  ( -1.099999999999999867, -3.200000000000000178, 2.549999999999993161 ) ) ;
#4315 = DIRECTION ( 'NONE',  ( 0.000000000000000000, 0.9863939238321436376, 0.1643989873053576800 ) ) ;
#4316 = VERTEX_POINT ( 'NONE', #884 ) ;
#4317 = MECHANICAL_DESIGN_GEOMETRIC_PRESENTATION_REPRESENTATION (  '', ( #4041 ), #2161 ) ;
#4318 = LINE ( 'NONE', #6320, #845 ) ;
#4319 = UNCERTAINTY_MEASURE_WITH_UNIT (LENGTH_MEASURE( 1.000000000000000082E-05 ), #6361, 'distance_accuracy_value', 'NONE');
#4320 = CIRCLE ( 'NONE', #276, 0.09999999999999982514 ) ;
#4321 = EDGE_CURVE ( 'NONE', #3469, #718, #386, .T. ) ;
#4322 = SURFACE_STYLE_USAGE ( .BOTH. , #6870 ) ;
#4323 =( GEOMETRIC_REPRESENTATION_CONTEXT ( 3 ) GLOBAL_UNCERTAINTY_ASSIGNED_CONTEXT ( ( #7024 ) ) GLOBAL_UNIT_ASSIGNED_CONTEXT ( ( #5168, #3068, #6104 ) ) REPRESENTATION_CONTEXT ( 'NONE', 'WORKASPACE' ) );
#4324 = DIRECTION ( 'NONE',  ( -1.000000000000000000, 0.000000000000000000, 0.000000000000000000 ) ) ;
#4325 = ORIENTED_EDGE ( 'NONE', *, *, #3472, .F. ) ;
#4326 = CARTESIAN_POINT ( 'NONE',  ( -5.000000000000001776, 0.5538643222674191069, 3.175488780999868421 ) ) ;
#4327 = PRESENTATION_STYLE_ASSIGNMENT (( #6808 ) ) ;
#4328 = DIRECTION ( 'NONE',  ( 0.000000000000000000, -1.548860246407863583E-16, -1.000000000000000000 ) ) ;
#4329 = ORIENTED_EDGE ( 'NONE', *, *, #6173, .F. ) ;
#4330 = DIRECTION ( 'NONE',  ( 0.000000000000000000, 0.000000000000000000, -1.000000000000000000 ) ) ;
#4331 = ORIENTED_EDGE ( 'NONE', *, *, #155, .T. ) ;
#4332 = CARTESIAN_POINT ( 'NONE',  ( 4.625000000000000888, -4.650000000000000355, 3.200000000000001066 ) ) ;
#4333 = LINE ( 'NONE', #5038, #1058 ) ;
#4334 = EDGE_CURVE ( 'NONE', #4069, #6685, #1763, .T. ) ;
#4335 = PRESENTATION_STYLE_ASSIGNMENT (( #1655 ) ) ;
#4336 = STYLED_ITEM ( 'NONE', ( #2842 ), #1996 ) ;
#4337 = SURFACE_STYLE_USAGE ( .BOTH. , #5537 ) ;
#4338 = ORIENTED_EDGE ( 'NONE', *, *, #4773, .T. ) ;
#4339 = CARTESIAN_POINT ( 'NONE',  ( 2.750000000000000888, 0.000000000000000000, 0.000000000000000000 ) ) ;
#4340 = PLANE ( 'NONE',  #1600 ) ;
#4341 = LINE ( 'NONE', #541, #7225 ) ;
#4342 = LINE ( 'NONE', #8200, #1637 ) ;
#4343 = EDGE_CURVE ( 'NONE', #1279, #5784, #5344, .T. ) ;
#4344 =( NAMED_UNIT ( * ) SI_UNIT ( $, .STERADIAN. ) SOLID_ANGLE_UNIT ( ) );
#4345 = DIRECTION ( 'NONE',  ( 0.000000000000000000, 1.000000000000000000, 0.000000000000000000 ) ) ;
#4346 = VECTOR ( 'NONE', #508, 1000.000000000000000 ) ;
#4347 = LINE ( 'NONE', #2077, #2649 ) ;
#4348 = PRESENTATION_STYLE_ASSIGNMENT (( #2333 ) ) ;
#4349 = VERTEX_POINT ( 'NONE', #5388 ) ;
#4350 = DIRECTION ( 'NONE',  ( -1.000000000000000000, 0.000000000000000000, -0.000000000000000000 ) ) ;
#4351 = LINE ( 'NONE', #19, #5624 ) ;
#4352 = DIRECTION ( 'NONE',  ( -1.000000000000000000, 0.000000000000000000, 0.000000000000000000 ) ) ;
#4353 = DIRECTION ( 'NONE',  ( 1.000000000000000000, -0.000000000000000000, -0.000000000000000000 ) ) ;
#4354 = STYLED_ITEM ( 'NONE', ( #2573 ), #7806 ) ;
#4355 = UNCERTAINTY_MEASURE_WITH_UNIT (LENGTH_MEASURE( 1.000000000000000082E-05 ), #891, 'distance_accuracy_value', 'NONE');
#4356 =( NAMED_UNIT ( * ) SI_UNIT ( $, .STERADIAN. ) SOLID_ANGLE_UNIT ( ) );
#4357 = AXIS2_PLACEMENT_3D ( 'NONE', #3167, #6279, #1841 ) ;
#4358 = DIRECTION ( 'NONE',  ( 1.000000000000000000, -0.000000000000000000, -0.000000000000000000 ) ) ;
#4359 = MECHANICAL_DESIGN_GEOMETRIC_PRESENTATION_REPRESENTATION (  '', ( #86 ), #7072 ) ;
#4360 = ORIENTED_EDGE ( 'NONE', *, *, #4495, .F. ) ;
#4361 = CARTESIAN_POINT ( 'NONE',  ( -2.999999999999999556, 0.9200000000000028155, -3.499999999999999556 ) ) ;
#4362 = STYLED_ITEM ( 'NONE', ( #7382 ), #5953 ) ;
#4363 =( NAMED_UNIT ( * ) PLANE_ANGLE_UNIT ( ) SI_UNIT ( $, .RADIAN. ) );
#4364 =( NAMED_UNIT ( * ) SI_UNIT ( $, .STERADIAN. ) SOLID_ANGLE_UNIT ( ) );
#4365 = ORIENTED_EDGE ( 'NONE', *, *, #5963, .T. ) ;
#4366 = CARTESIAN_POINT ( 'NONE',  ( 2.000000000000000444, -4.900000000000000355, -0.1500000000000000777 ) ) ;
#4367 = PRESENTATION_LAYER_ASSIGNMENT (  '', '', ( #374 ) ) ;
#4368 = SURFACE_STYLE_USAGE ( .BOTH. , #5004 ) ;
#4369 = STYLED_ITEM ( 'NONE', ( #4623 ), #4011 ) ;
#4370 = CARTESIAN_POINT ( 'NONE',  ( -1.099999999999999867, -3.200000000000000178, 4.049999999999999822 ) ) ;
#4371 = EDGE_CURVE ( 'NONE', #2563, #4672, #896, .T. ) ;
#4372 = CARTESIAN_POINT ( 'NONE',  ( 3.826649916142160102, 3.949000000000001176, -0.2499999999999996669 ) ) ;
#4373 = AXIS2_PLACEMENT_3D ( 'NONE', #6871, #2383, #1839 ) ;
#4374 = PRESENTATION_LAYER_ASSIGNMENT (  '', '', ( #7096 ) ) ;
#4375 = ORIENTED_EDGE ( 'NONE', *, *, #338, .T. ) ;
#4376 = CARTESIAN_POINT ( 'NONE',  ( 2.000000000000000444, 0.000000000000000000, 0.000000000000000000 ) ) ;
#4377 = CARTESIAN_POINT ( 'NONE',  ( -2.500000000000000444, 5.000000000000000888, 0.000000000000000000 ) ) ;
#4378 = FILL_AREA_STYLE ('',( #1586 ) ) ;
#4379 = EDGE_CURVE ( 'NONE', #1415, #1182, #1569, .T. ) ;
#4380 =( GEOMETRIC_REPRESENTATION_CONTEXT ( 3 ) GLOBAL_UNCERTAINTY_ASSIGNED_CONTEXT ( ( #1046 ) ) GLOBAL_UNIT_ASSIGNED_CONTEXT ( ( #3531, #5347, #2201 ) ) REPRESENTATION_CONTEXT ( 'NONE', 'WORKASPACE' ) );
#4381 = CARTESIAN_POINT ( 'NONE',  ( -2.999999999999999556, -1.599999999999998979, -2.899999999999999023 ) ) ;
#4382 = TOROIDAL_SURFACE ( 'NONE', #1618, 1.943301270189222274, 0.05000000000000006523 ) ;
#4383 = VERTEX_POINT ( 'NONE', #1580 ) ;
#4384 = DIRECTION ( 'NONE',  ( 0.000000000000000000, 3.469446951953611033E-15, 1.000000000000000000 ) ) ;
#4385 = CARTESIAN_POINT ( 'NONE',  ( 3.000000000000000444, -1.500000000000002220, -3.499999999999999556 ) ) ;
#4386 = VECTOR ( 'NONE', #2338, 1000.000000000000000 ) ;
#4387 = EDGE_CURVE ( 'NONE', #6446, #1048, #4964, .T. ) ;
#4388 = SURFACE_SIDE_STYLE ('',( #243 ) ) ;
#4389 = CARTESIAN_POINT ( 'NONE',  ( -2.999999999999999556, -7.499999999999979572, -2.899999999999999911 ) ) ;
#4390 = VECTOR ( 'NONE', #2939, 1000.000000000000000 ) ;
#4391 = ORIENTED_EDGE ( 'NONE', *, *, #4802, .F. ) ;
#4392 = CARTESIAN_POINT ( 'NONE',  ( 4.625000000000000888, 8.736600034718932761, -2.350000000000000089 ) ) ;
#4393 = CARTESIAN_POINT ( 'NONE',  ( -2.176326980708464642, -8.500000000000000000, -0.2499999999999995282 ) ) ;
#4394 = EDGE_LOOP ( 'NONE', ( #1941, #4962, #471, #2792 ) ) ;
#4395 = ADVANCED_FACE ( 'NONE', ( #2253 ), #1632, .F. ) ;
#4396 =( GEOMETRIC_REPRESENTATION_CONTEXT ( 3 ) GLOBAL_UNCERTAINTY_ASSIGNED_CONTEXT ( ( #282 ) ) GLOBAL_UNIT_ASSIGNED_CONTEXT ( ( #4015, #2794, #2166 ) ) REPRESENTATION_CONTEXT ( 'NONE', 'WORKASPACE' ) );
#4397 = VERTEX_POINT ( 'NONE', #5415 ) ;
#4398 = CARTESIAN_POINT ( 'NONE',  ( -4.445955351399303979, 0.2999999999999991562, 3.414395590801142966 ) ) ;
#4399 = LINE ( 'NONE', #4719, #2495 ) ;
#4400 = PLANE ( 'NONE',  #49 ) ;
#4401 = CARTESIAN_POINT ( 'NONE',  ( -1.999999999999999556, -5.000000000000000000, -3.699999999999999734 ) ) ;
#4402 = SURFACE_STYLE_USAGE ( .BOTH. , #6933 ) ;
#4403 = CARTESIAN_POINT ( 'NONE',  ( -3.511449271362114320E-15, -1.000000000000000000, 2.050000000000008704 ) ) ;
#4404 = VERTEX_POINT ( 'NONE', #7963 ) ;
#4405 = VECTOR ( 'NONE', #831, 999.9999999999998863 ) ;
#4406 = AXIS2_PLACEMENT_3D ( 'NONE', #5846, #1185, #5188 ) ;
#4407 = SURFACE_STYLE_USAGE ( .BOTH. , #8118 ) ;
#4408 = PRESENTATION_LAYER_ASSIGNMENT (  '', '', ( #1163 ) ) ;
#4409 = VECTOR ( 'NONE', #1381, 1000.000000000000000 ) ;
#4410 =( NAMED_UNIT ( * ) SI_UNIT ( $, .STERADIAN. ) SOLID_ANGLE_UNIT ( ) );
#4411 = PLANE ( 'NONE',  #5961 ) ;
#4412 = FILL_AREA_STYLE ('',( #6783 ) ) ;
#4413 = EDGE_CURVE ( 'NONE', #2180, #4659, #7726, .T. ) ;
#4414 = VERTEX_POINT ( 'NONE', #7261 ) ;
#4415 = TOROIDAL_SURFACE ( 'NONE', #3926, 1.350000000000000311, 0.5000000000000000000 ) ;
#4416 = VECTOR ( 'NONE', #5598, 1000.000000000000000 ) ;
#4417 =( NAMED_UNIT ( * ) PLANE_ANGLE_UNIT ( ) SI_UNIT ( $, .RADIAN. ) );
#4418 = UNCERTAINTY_MEASURE_WITH_UNIT (LENGTH_MEASURE( 1.000000000000000082E-05 ), #5683, 'distance_accuracy_value', 'NONE');
#4419 = EDGE_CURVE ( 'NONE', #5960, #6738, #3252, .T. ) ;
#4420 = ORIENTED_EDGE ( 'NONE', *, *, #5685, .T. ) ;
#4421 = LINE ( 'NONE', #2366, #638 ) ;
#4422 = EDGE_LOOP ( 'NONE', ( #5242, #8081, #3661, #7468, #5352, #3558, #5288, #2899 ) ) ;
#4423 = PRESENTATION_STYLE_ASSIGNMENT (( #4878 ) ) ;
#4424 = VECTOR ( 'NONE', #2222, 1000.000000000000000 ) ;
#4425 = FACE_OUTER_BOUND ( 'NONE', #2784, .T. ) ;
#4426 = ORIENTED_EDGE ( 'NONE', *, *, #2539, .F. ) ;
#4427 = LINE ( 'NONE', #2151, #4023 ) ;
#4428 =( GEOMETRIC_REPRESENTATION_CONTEXT ( 3 ) GLOBAL_UNCERTAINTY_ASSIGNED_CONTEXT ( ( #1738 ) ) GLOBAL_UNIT_ASSIGNED_CONTEXT ( ( #4586, #4019, #3992 ) ) REPRESENTATION_CONTEXT ( 'NONE', 'WORKASPACE' ) );
#4429 = CARTESIAN_POINT ( 'NONE',  ( 1.273942599233991224, -1.677903363676646276, 2.072096636323347507 ) ) ;
#4430 = FILL_AREA_STYLE_COLOUR ( '', #5991 ) ;
#4431 = DIRECTION ( 'NONE',  ( -1.000000000000000000, 0.000000000000000000, 0.000000000000000000 ) ) ;
#4432 = DIRECTION ( 'NONE',  ( 0.000000000000000000, 0.000000000000000000, 1.000000000000000000 ) ) ;
#4433 = COLOUR_RGB ( '',0.5019607843137254832, 1.000000000000000000, 0.5019607843137254832 ) ;
#4434 = FILL_AREA_STYLE ('',( #1258 ) ) ;
#4435 = EDGE_CURVE ( 'NONE', #4486, #842, #1094, .T. ) ;
#4436 = SURFACE_SIDE_STYLE ('',( #4140 ) ) ;
#4437 = SURFACE_STYLE_FILL_AREA ( #4156 ) ;
#4438 = DIRECTION ( 'NONE',  ( 1.000000000000000000, 0.000000000000000000, 0.000000000000000000 ) ) ;
#4439 = STYLED_ITEM ( 'NONE', ( #7880 ), #2220 ) ;
#4440 = ADVANCED_FACE ( 'NONE', ( #6242 ), #401, .F. ) ;
#4441 = DIRECTION ( 'NONE',  ( -7.760429719096859345E-17, 1.000000000000000000, 0.000000000000000000 ) ) ;
#4442 = CARTESIAN_POINT ( 'NONE',  ( 2.000000000000000444, -2.999999999999998668, -4.049999999999999822 ) ) ;
#4443 = VECTOR ( 'NONE', #2610, 1000.000000000000000 ) ;
#4444 = VERTEX_POINT ( 'NONE', #939 ) ;
#4445 = EDGE_CURVE ( 'NONE', #2289, #1489, #2240, .T. ) ;
#4446 = DIRECTION ( 'NONE',  ( -7.760429719096859345E-17, 1.000000000000000000, -0.000000000000000000 ) ) ;
#4447 = VECTOR ( 'NONE', #91, 1000.000000000000000 ) ;
#4448 = SURFACE_SIDE_STYLE ('',( #2769 ) ) ;
#4449 = EDGE_LOOP ( 'NONE', ( #6868, #6756, #404, #7621 ) ) ;
#4450 = VERTEX_POINT ( 'NONE', #2295 ) ;
#4451 = ORIENTED_EDGE ( 'NONE', *, *, #2937, .T. ) ;
#4452 = ORIENTED_EDGE ( 'NONE', *, *, #5362, .T. ) ;
#4453 = FILL_AREA_STYLE ('',( #5724 ) ) ;
#4454 =( LENGTH_UNIT ( ) NAMED_UNIT ( * ) SI_UNIT ( .MILLI., .METRE. ) );
#4455 = ORIENTED_EDGE ( 'NONE', *, *, #4413, .F. ) ;
#4456 = SURFACE_SIDE_STYLE ('',( #8082 ) ) ;
#4457 = DIRECTION ( 'NONE',  ( -7.760429719096859345E-17, 1.000000000000000000, 0.000000000000000000 ) ) ;
#4458 = PRESENTATION_LAYER_ASSIGNMENT (  '', '', ( #4895 ) ) ;
#4459 = DIRECTION ( 'NONE',  ( 1.000000000000000000, -0.000000000000000000, -0.000000000000000000 ) ) ;
#4460 = SURFACE_STYLE_USAGE ( .BOTH. , #6313 ) ;
#4461 = ORIENTED_EDGE ( 'NONE', *, *, #5769, .T. ) ;
#4462 = EDGE_CURVE ( 'NONE', #6237, #5951, #3030, .T. ) ;
#4463 = AXIS2_PLACEMENT_3D ( 'NONE', #8241, #5897, #5869 ) ;
#4464 = DIRECTION ( 'NONE',  ( 1.000000000000000000, 0.000000000000000000, -0.000000000000000000 ) ) ;
#4465 = FILL_AREA_STYLE_COLOUR ( '', #2778 ) ;
#4466 = CARTESIAN_POINT ( 'NONE',  ( 0.6499999999999993561, 2.651000000000001133, 5.518203095879116896E-16 ) ) ;
#4467 = ORIENTED_EDGE ( 'NONE', *, *, #3819, .T. ) ;
#4468 =( NAMED_UNIT ( * ) PLANE_ANGLE_UNIT ( ) SI_UNIT ( $, .RADIAN. ) );
#4469 = ORIENTED_EDGE ( 'NONE', *, *, #2267, .F. ) ;
#4470 =( GEOMETRIC_REPRESENTATION_CONTEXT ( 3 ) GLOBAL_UNCERTAINTY_ASSIGNED_CONTEXT ( ( #1660 ) ) GLOBAL_UNIT_ASSIGNED_CONTEXT ( ( #5249, #3299, #6567 ) ) REPRESENTATION_CONTEXT ( 'NONE', 'WORKASPACE' ) );
#4471 = FILL_AREA_STYLE_COLOUR ( '', #2318 ) ;
#4472 = DIRECTION ( 'NONE',  ( 0.000000000000000000, -1.000000000000000000, 0.000000000000000000 ) ) ;
#4473 = EDGE_CURVE ( 'NONE', #4397, #928, #6523, .T. ) ;
#4474 = FILL_AREA_STYLE_COLOUR ( '', #396 ) ;
#4475 = VERTEX_POINT ( 'NONE', #7369 ) ;
#4476 =( GEOMETRIC_REPRESENTATION_CONTEXT ( 3 ) GLOBAL_UNCERTAINTY_ASSIGNED_CONTEXT ( ( #3721 ) ) GLOBAL_UNIT_ASSIGNED_CONTEXT ( ( #96, #3172, #4492 ) ) REPRESENTATION_CONTEXT ( 'NONE', 'WORKASPACE' ) );
#4477 = AXIS2_PLACEMENT_3D ( 'NONE', #5771, #100, #5151 ) ;
#4478 = ORIENTED_EDGE ( 'NONE', *, *, #2486, .F. ) ;
#4479 = CARTESIAN_POINT ( 'NONE',  ( 2.499999999999999556, 2.650000000000000799, 1.525000000000002354 ) ) ;
#4480 = ADVANCED_FACE ( 'NONE', ( #3528 ), #7439, .F. ) ;
#4481 = LINE ( 'NONE', #4034, #6586 ) ;
#4482 = DIRECTION ( 'NONE',  ( -7.760429719096859345E-17, 1.000000000000000000, 0.000000000000000000 ) ) ;
#4483 =( NAMED_UNIT ( * ) PLANE_ANGLE_UNIT ( ) SI_UNIT ( $, .RADIAN. ) );
#4484 = CARTESIAN_POINT ( 'NONE',  ( -2.999999999999999556, -4.500000000000000888, -2.899999999999999023 ) ) ;
#4485 = EDGE_CURVE ( 'NONE', #7629, #4383, #757, .T. ) ;
#4486 = VERTEX_POINT ( 'NONE', #6761 ) ;
#4487 = AXIS2_PLACEMENT_3D ( 'NONE', #5174, #2673, #6430 ) ;
#4488 = FACE_OUTER_BOUND ( 'NONE', #3278, .T. ) ;
#4489 = SURFACE_SIDE_STYLE ('',( #1367 ) ) ;
#4490 = CARTESIAN_POINT ( 'NONE',  ( 0.3749999999999998890, 8.736600034718932761, 2.350000000000000089 ) ) ;
#4491 = UNCERTAINTY_MEASURE_WITH_UNIT (LENGTH_MEASURE( 1.000000000000000082E-05 ), #2891, 'distance_accuracy_value', 'NONE');
#4492 =( NAMED_UNIT ( * ) SI_UNIT ( $, .STERADIAN. ) SOLID_ANGLE_UNIT ( ) );
#4493 = VERTEX_POINT ( 'NONE', #3013 ) ;
#4494 = CARTESIAN_POINT ( 'NONE',  ( -0.8997548783981974552, -4.650000000000000355, 3.200000000000001066 ) ) ;
#4495 = EDGE_CURVE ( 'NONE', #2388, #3514, #4756, .T. ) ;
#4496 = ORIENTED_EDGE ( 'NONE', *, *, #2347, .T. ) ;
#4497 = DIRECTION ( 'NONE',  ( 1.000000000000000000, 0.000000000000000000, 1.712902083591268077E-15 ) ) ;
#4498 = EDGE_LOOP ( 'NONE', ( #4735, #1234, #3946, #1384, #1370, #1758, #4467, #2355, #795, #5055, #5694, #8130 ) ) ;
#4499 = LINE ( 'NONE', #1033, #719 ) ;
#4500 = PRESENTATION_STYLE_ASSIGNMENT (( #1869 ) ) ;
#4501 = CARTESIAN_POINT ( 'NONE',  ( -0.9038433570372458314, 0.2999999999999991562, 3.299999999999999822 ) ) ;
#4502 = FILL_AREA_STYLE_COLOUR ( '', #3925 ) ;
#4503 = CARTESIAN_POINT ( 'NONE',  ( 2.000000000000000444, -5.100000000000000533, -0.3500000000000000333 ) ) ;
#4504 = PLANE ( 'NONE',  #5522 ) ;
#4505 = LINE ( 'NONE', #5142, #2809 ) ;
#4506 = ORIENTED_EDGE ( 'NONE', *, *, #2486, .T. ) ;
#4507 = VECTOR ( 'NONE', #4655, 1000.000000000000000 ) ;
#4508 =( NAMED_UNIT ( * ) PLANE_ANGLE_UNIT ( ) SI_UNIT ( $, .RADIAN. ) );
#4509 = SURFACE_STYLE_FILL_AREA ( #3562 ) ;
#4510 = CARTESIAN_POINT ( 'NONE',  ( 3.000000000000000444, -1.099999999999998979, -2.250000000000000000 ) ) ;
#4511 = SURFACE_STYLE_FILL_AREA ( #1355 ) ;
#4512 = STYLED_ITEM ( 'NONE', ( #5657 ), #7635 ) ;
#4513 = DIRECTION ( 'NONE',  ( -1.000000000000000000, 0.000000000000000000, 0.000000000000000000 ) ) ;
#4514 = ORIENTED_EDGE ( 'NONE', *, *, #582, .T. ) ;
#4515 = AXIS2_PLACEMENT_3D ( 'NONE', #1215, #2375, #4315 ) ;
#4516 =( LENGTH_UNIT ( ) NAMED_UNIT ( * ) SI_UNIT ( .MILLI., .METRE. ) );
#4517 = CIRCLE ( 'NONE', #3276, 1.525000000000001243 ) ;
#4518 = ORIENTED_EDGE ( 'NONE', *, *, #391, .T. ) ;
#4519 = AXIS2_PLACEMENT_3D ( 'NONE', #4956, #427, #4931 ) ;
#4520 = CARTESIAN_POINT ( 'NONE',  ( 0.6669697220176160624, 3.580182900169994298, 0.2500000000000003331 ) ) ;
#4521 = CARTESIAN_POINT ( 'NONE',  ( 2.000000000000000444, -5.000000000000000000, -3.099999999999996536 ) ) ;
#4522 = UNCERTAINTY_MEASURE_WITH_UNIT (LENGTH_MEASURE( 1.000000000000000082E-05 ), #5462, 'distance_accuracy_value', 'NONE');
#4523 = ORIENTED_EDGE ( 'NONE', *, *, #3122, .F. ) ;
#4524 = PRESENTATION_STYLE_ASSIGNMENT (( #2384 ) ) ;
#4525 = STYLED_ITEM ( 'NONE', ( #1110 ), #6741 ) ;
#4526 = LINE ( 'NONE', #6082, #5500 ) ;
#4527 = SURFACE_STYLE_USAGE ( .BOTH. , #3841 ) ;
#4528 = CARTESIAN_POINT ( 'NONE',  ( 0.6669697220176634689, 3.949000000000001176, 0.2500000000000003331 ) ) ;
#4529 = ADVANCED_FACE ( 'NONE', ( #271 ), #6421, .T. ) ;
#4530 = ORIENTED_EDGE ( 'NONE', *, *, #4419, .F. ) ;
#4531 = VECTOR ( 'NONE', #4284, 1000.000000000000000 ) ;
#4532 = EDGE_CURVE ( 'NONE', #949, #7978, #1356, .T. ) ;
#4533 = DIRECTION ( 'NONE',  ( -0.000000000000000000, -0.000000000000000000, 1.000000000000000000 ) ) ;
#4534 = EDGE_LOOP ( 'NONE', ( #6356, #342, #179, #426, #3552, #6423, #5443, #1153, #7465, #6269, #1982, #7627, #4181, #64, #1180, #5559 ) ) ;
#4535 = SURFACE_STYLE_USAGE ( .BOTH. , #1436 ) ;
#4536 = AXIS2_PLACEMENT_3D ( 'NONE', #6006, #4791, #333 ) ;
#4537 = DIRECTION ( 'NONE',  ( 1.000000000000000000, -0.000000000000000000, -0.000000000000000000 ) ) ;
#4538 = SURFACE_STYLE_FILL_AREA ( #3459 ) ;
#4539 = FACE_OUTER_BOUND ( 'NONE', #2089, .T. ) ;
#4540 = AXIS2_PLACEMENT_3D ( 'NONE', #7763, #103, #694 ) ;
#4541 = LINE ( 'NONE', #417, #7510 ) ;
#4542 = CARTESIAN_POINT ( 'NONE',  ( -2.999999999999999556, -1.500000000000002220, -3.499999999999999556 ) ) ;
#4543 = SURFACE_STYLE_FILL_AREA ( #5718 ) ;
#4544 =( LENGTH_UNIT ( ) NAMED_UNIT ( * ) SI_UNIT ( .MILLI., .METRE. ) );
#4545 = EDGE_CURVE ( 'NONE', #890, #7857, #4040, .T. ) ;
#4546 = DIRECTION ( 'NONE',  ( -0.000000000000000000, -1.000000000000000000, -0.000000000000000000 ) ) ;
#4547 = CARTESIAN_POINT ( 'NONE',  ( -5.000000000000001776, -5.000000000000000000, -4.049999999999999822 ) ) ;
#4548 = CARTESIAN_POINT ( 'NONE',  ( -4.625000000000000888, -5.000000000000000000, -2.350000000000000089 ) ) ;
#4549 = DIRECTION ( 'NONE',  ( 0.3420201433256698231, 0.9396926207859079838, 0.000000000000000000 ) ) ;
#4550 = EDGE_LOOP ( 'NONE', ( #1077, #3100, #334, #3817 ) ) ;
#4551 = COLOUR_RGB ( '',1.000000000000000000, 1.000000000000000000, 0.7529411764705882248 ) ;
#4552 = CYLINDRICAL_SURFACE ( 'NONE', #6374, 0.5000000000000004441 ) ;
#4553 =( LENGTH_UNIT ( ) NAMED_UNIT ( * ) SI_UNIT ( .MILLI., .METRE. ) );
#4554 = ORIENTED_EDGE ( 'NONE', *, *, #7805, .F. ) ;
#4555 = LINE ( 'NONE', #7127, #3133 ) ;
#4556 =( NAMED_UNIT ( * ) SI_UNIT ( $, .STERADIAN. ) SOLID_ANGLE_UNIT ( ) );
#4557 = PLANE ( 'NONE',  #6811 ) ;
#4558 = DIRECTION ( 'NONE',  ( -7.760429719096859345E-17, 1.000000000000000000, -0.000000000000000000 ) ) ;
#4559 = VECTOR ( 'NONE', #7378, 1000.000000000000000 ) ;
#4560 = COLOUR_RGB ( '',1.000000000000000000, 1.000000000000000000, 0.7529411764705882248 ) ;
#4561 = ORIENTED_EDGE ( 'NONE', *, *, #3465, .F. ) ;
#4562 = FILL_AREA_STYLE_COLOUR ( '', #1443 ) ;
#4563 =( NAMED_UNIT ( * ) PLANE_ANGLE_UNIT ( ) SI_UNIT ( $, .RADIAN. ) );
#4564 = LINE ( 'NONE', #5844, #8018 ) ;
#4565 = EDGE_LOOP ( 'NONE', ( #5825, #6986 ) ) ;
#4566 = DIRECTION ( 'NONE',  ( -7.760429719096859345E-17, 1.000000000000000000, 0.000000000000000000 ) ) ;
#4567 = SURFACE_SIDE_STYLE ('',( #307 ) ) ;
#4568 = ADVANCED_FACE ( 'NONE', ( #4945 ), #8106, .F. ) ;
#4569 = DIRECTION ( 'NONE',  ( 0.000000000000000000, 1.594414959537506434E-16, 1.000000000000000000 ) ) ;
#4570 = ORIENTED_EDGE ( 'NONE', *, *, #3452, .F. ) ;
#4571 = CARTESIAN_POINT ( 'NONE',  ( 3.000000000000000444, -1.000000000000000000, -3.499999999999999556 ) ) ;
#4572 = COLOUR_RGB ( '',0.5019607843137254832, 1.000000000000000000, 0.5019607843137254832 ) ;
#4573 = CARTESIAN_POINT ( 'NONE',  ( -2.999999999999999556, -5.100000000000000533, -0.3500000000000000333 ) ) ;
#4574 = STYLED_ITEM ( 'NONE', ( #224 ), #6563 ) ;
#4575 = STYLED_ITEM ( 'NONE', ( #8098 ), #3639 ) ;
#4576 = DIRECTION ( 'NONE',  ( 0.000000000000000000, 1.000000000000000000, -0.000000000000000000 ) ) ;
#4577 = DIRECTION ( 'NONE',  ( 0.000000000000000000, -1.000000000000000000, 1.594414959537506434E-16 ) ) ;
#4578 = VERTEX_POINT ( 'NONE', #7504 ) ;
#4579 = EDGE_LOOP ( 'NONE', ( #4930, #4693, #2982, #5001, #6450, #1022, #2601, #1859, #3812, #1922, #6297, #4768 ) ) ;
#4580 = STYLED_ITEM ( 'NONE', ( #3455 ), #4395 ) ;
#4581 = DIRECTION ( 'NONE',  ( -0.000000000000000000, 0.000000000000000000, 1.000000000000000000 ) ) ;
#4582 = FILL_AREA_STYLE ('',( #3258 ) ) ;
#4583 =( NAMED_UNIT ( * ) SI_UNIT ( $, .STERADIAN. ) SOLID_ANGLE_UNIT ( ) );
#4584 = DIRECTION ( 'NONE',  ( 0.000000000000000000, -0.8944271909999125247, -0.4472135954999645335 ) ) ;
#4585 =( NAMED_UNIT ( * ) PLANE_ANGLE_UNIT ( ) SI_UNIT ( $, .RADIAN. ) );
#4586 =( LENGTH_UNIT ( ) NAMED_UNIT ( * ) SI_UNIT ( .MILLI., .METRE. ) );
#4587 = ORIENTED_EDGE ( 'NONE', *, *, #7043, .T. ) ;
#4588 = FILL_AREA_STYLE_COLOUR ( '', #5638 ) ;
#4589 = VECTOR ( 'NONE', #2361, 1000.000000000000000 ) ;
#4590 = DIRECTION ( 'NONE',  ( -1.000000000000000000, 0.000000000000000000, 0.000000000000000000 ) ) ;
#4591 = SURFACE_SIDE_STYLE ('',( #1007 ) ) ;
#4592 = ORIENTED_EDGE ( 'NONE', *, *, #1296, .F. ) ;
#4593 =( NAMED_UNIT ( * ) SI_UNIT ( $, .STERADIAN. ) SOLID_ANGLE_UNIT ( ) );
#4594 = FACE_OUTER_BOUND ( 'NONE', #4449, .T. ) ;
#4595 = DIRECTION ( 'NONE',  ( 1.000000000000000000, 7.760429719096859345E-17, 0.000000000000000000 ) ) ;
#4596 = DIRECTION ( 'NONE',  ( 0.000000000000000000, 1.000000000000000000, 0.000000000000000000 ) ) ;
#4597 = CARTESIAN_POINT ( 'NONE',  ( -2.749999999999999556, -2.999999999999998668, -3.499999999999999112 ) ) ;
#4598 = EDGE_CURVE ( 'NONE', #4316, #6351, #3325, .T. ) ;
#4599 = SURFACE_STYLE_FILL_AREA ( #2694 ) ;
#4600 = STYLED_ITEM ( 'NONE', ( #4423 ), #2040 ) ;
#4601 = DIRECTION ( 'NONE',  ( 0.000000000000000000, 0.000000000000000000, -1.000000000000000000 ) ) ;
#4602 = ORIENTED_EDGE ( 'NONE', *, *, #7153, .T. ) ;
#4603 = LINE ( 'NONE', #7147, #4507 ) ;
#4604 = DIRECTION ( 'NONE',  ( -7.760429719096859345E-17, 1.000000000000000000, -0.000000000000000000 ) ) ;
#4605 = CARTESIAN_POINT ( 'NONE',  ( 4.999999999999998224, -4.984057210339850386, 4.141405327384856783 ) ) ;
#4606 = LINE ( 'NONE', #2248, #7967 ) ;
#4607 = CARTESIAN_POINT ( 'NONE',  ( 3.000000000000000444, -1.000000000000000000, -3.499999999999999556 ) ) ;
#4608 = UNCERTAINTY_MEASURE_WITH_UNIT (LENGTH_MEASURE( 1.000000000000000082E-05 ), #3846, 'distance_accuracy_value', 'NONE');
#4609 = ADVANCED_FACE ( 'NONE', ( #1640 ), #1349, .T. ) ;
#4610 = EDGE_CURVE ( 'NONE', #1336, #3883, #6210, .T. ) ;
#4611 = DIRECTION ( 'NONE',  ( 1.000000000000000000, -0.000000000000000000, -0.000000000000000000 ) ) ;
#4612 = EDGE_LOOP ( 'NONE', ( #5601, #5845, #3804, #3436 ) ) ;
#4613 = DIRECTION ( 'NONE',  ( 0.000000000000000000, -0.4472135954999645335, 0.8944271909999125247 ) ) ;
#4614 = COLOUR_RGB ( '',0.5019607843137254832, 1.000000000000000000, 0.5019607843137254832 ) ;
#4615 = DIRECTION ( 'NONE',  ( 0.000000000000000000, 1.445602896647339410E-16, 1.000000000000000000 ) ) ;
#4616 = PLANE ( 'NONE',  #1136 ) ;
#4617 = COLOUR_RGB ( '',0.5019607843137254832, 1.000000000000000000, 0.5019607843137254832 ) ;
#4618 = LINE ( 'NONE', #3175, #1612 ) ;
#4619 = DIRECTION ( 'NONE',  ( 1.000000000000000000, -0.000000000000000000, -0.000000000000000000 ) ) ;
#4620 = FILL_AREA_STYLE_COLOUR ( '', #1416 ) ;
#4621 = VERTEX_POINT ( 'NONE', #2485 ) ;
#4622 = PLANE ( 'NONE',  #4625 ) ;
#4623 = PRESENTATION_STYLE_ASSIGNMENT (( #3102 ) ) ;
#4624 = COLOUR_RGB ( '',0.5019607843137254832, 1.000000000000000000, 0.5019607843137254832 ) ;
#4625 = AXIS2_PLACEMENT_3D ( 'NONE', #843, #3945, #3293 ) ;
#4626 = ORIENTED_EDGE ( 'NONE', *, *, #3193, .T. ) ;
#4627 =( GEOMETRIC_REPRESENTATION_CONTEXT ( 3 ) GLOBAL_UNCERTAINTY_ASSIGNED_CONTEXT ( ( #2500 ) ) GLOBAL_UNIT_ASSIGNED_CONTEXT ( ( #5449, #7950, #6750 ) ) REPRESENTATION_CONTEXT ( 'NONE', 'WORKASPACE' ) );
#4628 = VECTOR ( 'NONE', #6081, 1000.000000000000000 ) ;
#4629 = DIRECTION ( 'NONE',  ( 7.760429719096859345E-17, -1.000000000000000000, 0.000000000000000000 ) ) ;
#4630 = FILL_AREA_STYLE ('',( #5195 ) ) ;
#4631 = UNCERTAINTY_MEASURE_WITH_UNIT (LENGTH_MEASURE( 1.000000000000000082E-05 ), #5381, 'distance_accuracy_value', 'NONE');
#4632 = EDGE_CURVE ( 'NONE', #5951, #4981, #2130, .T. ) ;
#4633 = SURFACE_STYLE_FILL_AREA ( #1625 ) ;
#4634 = SURFACE_STYLE_FILL_AREA ( #7807 ) ;
#4635 = STYLED_ITEM ( 'NONE', ( #5392 ), #5944 ) ;
#4636 = ORIENTED_EDGE ( 'NONE', *, *, #4485, .T. ) ;
#4637 = SURFACE_STYLE_USAGE ( .BOTH. , #7133 ) ;
#4638 = SURFACE_STYLE_USAGE ( .BOTH. , #5903 ) ;
#4639 = STYLED_ITEM ( 'NONE', ( #8057 ), #7232 ) ;
#4640 = CARTESIAN_POINT ( 'NONE',  ( -2.500000000000000444, 5.000000000000001776, 0.000000000000000000 ) ) ;
#4641 = PRESENTATION_LAYER_ASSIGNMENT (  '', '', ( #7604 ) ) ;
#4642 = PRESENTATION_STYLE_ASSIGNMENT (( #5848 ) ) ;
#4643 =( LENGTH_UNIT ( ) NAMED_UNIT ( * ) SI_UNIT ( .MILLI., .METRE. ) );
#4644 = LINE ( 'NONE', #7524, #6033 ) ;
#4645 =( LENGTH_UNIT ( ) NAMED_UNIT ( * ) SI_UNIT ( .MILLI., .METRE. ) );
#4646 = EDGE_CURVE ( 'NONE', #1145, #4493, #5610, .T. ) ;
#4647 = VECTOR ( 'NONE', #5509, 1000.000000000000000 ) ;
#4648 = CARTESIAN_POINT ( 'NONE',  ( -5.000000000000001776, 0.5538643222674191069, 3.175488780999868421 ) ) ;
#4649 = PRESENTATION_STYLE_ASSIGNMENT (( #3529 ) ) ;
#4650 = MECHANICAL_DESIGN_GEOMETRIC_PRESENTATION_REPRESENTATION (  '', ( #4050 ), #1219 ) ;
#4651 = CARTESIAN_POINT ( 'NONE',  ( 2.000000000000000444, -1.500000000000002220, -3.499999999999999556 ) ) ;
#4652 = CARTESIAN_POINT ( 'NONE',  ( 4.445955351399304867, 0.000000000000000000, 4.049999999999999822 ) ) ;
#4653 = CYLINDRICAL_SURFACE ( 'NONE', #7386, 0.09999999999999982514 ) ;
#4654 = DIRECTION ( 'NONE',  ( -1.000000000000000000, 0.000000000000000000, 0.000000000000000000 ) ) ;
#4655 = DIRECTION ( 'NONE',  ( 0.000000000000000000, -0.9863939238321436376, -0.1643989873053577078 ) ) ;
#4656 = CARTESIAN_POINT ( 'NONE',  ( -5.000000000000001776, -1.120000000000001217, -4.049999999999999822 ) ) ;
#4657 = LINE ( 'NONE', #2014, #4248 ) ;
#4658 = SURFACE_STYLE_USAGE ( .BOTH. , #4567 ) ;
#4659 = VERTEX_POINT ( 'NONE', #3156 ) ;
#4660 = EDGE_CURVE ( 'NONE', #5336, #4578, #869, .T. ) ;
#4661 = ADVANCED_FACE ( 'NONE', ( #2331 ), #752, .F. ) ;
#4662 = PRESENTATION_STYLE_ASSIGNMENT (( #4637 ) ) ;
#4663 = MECHANICAL_DESIGN_GEOMETRIC_PRESENTATION_REPRESENTATION (  '', ( #287 ), #990 ) ;
#4664 = FILL_AREA_STYLE_COLOUR ( '', #5939 ) ;
#4665 = ORIENTED_EDGE ( 'NONE', *, *, #5600, .F. ) ;
#4666 = DIRECTION ( 'NONE',  ( -0.000000000000000000, -0.9655243037162412056, -0.2603129250215355239 ) ) ;
#4667 = ORIENTED_EDGE ( 'NONE', *, *, #172, .F. ) ;
#4668 = EDGE_CURVE ( 'NONE', #1856, #3482, #1545, .T. ) ;
#4669 = DIRECTION ( 'NONE',  ( 7.760429719096859345E-17, -1.000000000000000000, -0.000000000000000000 ) ) ;
#4670 = ORIENTED_EDGE ( 'NONE', *, *, #1605, .T. ) ;
#4671 = COLOUR_RGB ( '',0.5019607843137254832, 1.000000000000000000, 0.5019607843137254832 ) ;
#4672 = VERTEX_POINT ( 'NONE', #5656 ) ;
#4673 = ADVANCED_FACE ( 'NONE', ( #968 ), #7009, .F. ) ;
#4674 = VERTEX_POINT ( 'NONE', #2436 ) ;
#4675 = CARTESIAN_POINT ( 'NONE',  ( 0.000000000000000000, 0.2999999999999991562, 4.049999999999999822 ) ) ;
#4676 = CARTESIAN_POINT ( 'NONE',  ( -2.749999999999999556, -2.244443709649962315, -3.500000000000000000 ) ) ;
#4677 =( NAMED_UNIT ( * ) PLANE_ANGLE_UNIT ( ) SI_UNIT ( $, .RADIAN. ) );
#4678 =( NAMED_UNIT ( * ) PLANE_ANGLE_UNIT ( ) SI_UNIT ( $, .RADIAN. ) );
#4679 = FACE_OUTER_BOUND ( 'NONE', #751, .T. ) ;
#4680 = ORIENTED_EDGE ( 'NONE', *, *, #6735, .T. ) ;
#4681 =( NAMED_UNIT ( * ) PLANE_ANGLE_UNIT ( ) SI_UNIT ( $, .RADIAN. ) );
#4682 = DIRECTION ( 'NONE',  ( 0.000000000000000000, -0.000000000000000000, 1.000000000000000000 ) ) ;
#4683 = CARTESIAN_POINT ( 'NONE',  ( -1.999999999999999556, -4.400000000000000355, -2.899999999999999911 ) ) ;
#4684 = AXIS2_PLACEMENT_3D ( 'NONE', #5105, #2540, #3176 ) ;
#4685 = DIRECTION ( 'NONE',  ( -7.760429719096859345E-17, 1.000000000000000000, -0.000000000000000000 ) ) ;
#4686 = VERTEX_POINT ( 'NONE', #6355 ) ;
#4687 = PLANE ( 'NONE',  #6382 ) ;
#4688 = SURFACE_STYLE_FILL_AREA ( #3015 ) ;
#4689 = CARTESIAN_POINT ( 'NONE',  ( 2.000000000000000444, -1.599999999999998979, -2.899999999999999023 ) ) ;
#4690 = UNCERTAINTY_MEASURE_WITH_UNIT (LENGTH_MEASURE( 1.000000000000000082E-05 ), #6679, 'distance_accuracy_value', 'NONE');
#4691 = STYLED_ITEM ( 'NONE', ( #7329 ), #5723 ) ;
#4692 = PLANE ( 'NONE',  #8066 ) ;
#4693 = ORIENTED_EDGE ( 'NONE', *, *, #7389, .F. ) ;
#4694 = DIRECTION ( 'NONE',  ( -7.760429719096859345E-17, 1.000000000000000000, -0.000000000000000000 ) ) ;
#4695 = VERTEX_POINT ( 'NONE', #7196 ) ;
#4696 = STYLED_ITEM ( 'NONE', ( #3488 ), #6584 ) ;
#4697 = PRESENTATION_STYLE_ASSIGNMENT (( #1277 ) ) ;
#4698 = STYLED_ITEM ( 'NONE', ( #2035 ), #3389 ) ;
#4699 = LINE ( 'NONE', #7248, #1880 ) ;
#4700 = FILL_AREA_STYLE ('',( #236 ) ) ;
#4701 = EDGE_CURVE ( 'NONE', #5499, #6237, #5833, .T. ) ;
#4702 = AXIS2_PLACEMENT_3D ( 'NONE', #3037, #3681, #476 ) ;
#4703 = DIRECTION ( 'NONE',  ( 0.000000000000000000, -1.000000000000000000, 1.594414959537506434E-16 ) ) ;
#4704 = DIRECTION ( 'NONE',  ( 0.000000000000000000, -0.000000000000000000, -1.000000000000000000 ) ) ;
#4705 = ADVANCED_FACE ( 'NONE', ( #7901 ), #3218, .F. ) ;
#4706 = PRESENTATION_LAYER_ASSIGNMENT (  '', '', ( #3395 ) ) ;
#4707 = VERTEX_POINT ( 'NONE', #6626 ) ;
#4708 = PLANE ( 'NONE',  #5367 ) ;
#4709 = DIRECTION ( 'NONE',  ( 1.000000000000000000, -0.000000000000000000, -0.000000000000000000 ) ) ;
#4710 = VERTEX_POINT ( 'NONE', #5955 ) ;
#4711 = DIRECTION ( 'NONE',  ( -1.000000000000000000, 0.000000000000000000, 0.000000000000000000 ) ) ;
#4712 = ORIENTED_EDGE ( 'NONE', *, *, #3606, .T. ) ;
#4713 = ORIENTED_EDGE ( 'NONE', *, *, #4070, .F. ) ;
#4714 = FACE_OUTER_BOUND ( 'NONE', #8087, .T. ) ;
#4715 = MECHANICAL_DESIGN_GEOMETRIC_PRESENTATION_REPRESENTATION (  '', ( #5977 ), #4428 ) ;
#4716 = ADVANCED_FACE ( 'NONE', ( #2324 ), #4687, .F. ) ;
#4717 = DIRECTION ( 'NONE',  ( -1.000000000000000000, 0.000000000000000000, 0.000000000000000000 ) ) ;
#4718 =( LENGTH_UNIT ( ) NAMED_UNIT ( * ) SI_UNIT ( .MILLI., .METRE. ) );
#4719 = CARTESIAN_POINT ( 'NONE',  ( -2.999999999999999556, -5.100000000000000533, -0.2499999999999998890 ) ) ;
#4720 = FACE_OUTER_BOUND ( 'NONE', #8020, .T. ) ;
#4721 = DIRECTION ( 'NONE',  ( 7.760429719096859345E-17, -1.000000000000000000, 0.000000000000000000 ) ) ;
#4722 = CLOSED_SHELL ( 'NONE', ( #4440, #8052, #6563, #7279, #140 ) ) ;
#4723 = CARTESIAN_POINT ( 'NONE',  ( -1.999999999999999556, -7.499999999999981348, 0.2500000000000003331 ) ) ;
#4724 = CARTESIAN_POINT ( 'NONE',  ( -2.176326980708464642, -8.500000000000000000, -0.2499999999999995282 ) ) ;
#4725 = UNCERTAINTY_MEASURE_WITH_UNIT (LENGTH_MEASURE( 1.000000000000000082E-05 ), #5646, 'distance_accuracy_value', 'NONE');
#4726 = CARTESIAN_POINT ( 'NONE',  ( 3.000000000000000444, -1.699999999999999067, -2.899999999999999911 ) ) ;
#4727 = ORIENTED_EDGE ( 'NONE', *, *, #3301, .F. ) ;
#4728 = VECTOR ( 'NONE', #1951, 1000.000000000000000 ) ;
#4729 =( LENGTH_UNIT ( ) NAMED_UNIT ( * ) SI_UNIT ( .MILLI., .METRE. ) );
#4730 =( LENGTH_UNIT ( ) NAMED_UNIT ( * ) SI_UNIT ( .MILLI., .METRE. ) );
#4731 = EDGE_CURVE ( 'NONE', #93, #141, #7121, .T. ) ;
#4732 = VECTOR ( 'NONE', #5993, 1000.000000000000000 ) ;
#4733 = FILL_AREA_STYLE ('',( #2793 ) ) ;
#4734 = DIRECTION ( 'NONE',  ( -0.000000000000000000, 0.000000000000000000, 1.000000000000000000 ) ) ;
#4735 = ORIENTED_EDGE ( 'NONE', *, *, #1228, .F. ) ;
#4736 = DIRECTION ( 'NONE',  ( 1.000000000000000000, -0.000000000000000000, -0.000000000000000000 ) ) ;
#4737 = PLANE ( 'NONE',  #5615 ) ;
#4738 = VERTEX_POINT ( 'NONE', #3998 ) ;
#4739 = CARTESIAN_POINT ( 'NONE',  ( -4.445955351399303979, 0.000000000000000000, 4.049999999999999822 ) ) ;
#4740 = LINE ( 'NONE', #1031, #4647 ) ;
#4741 = ORIENTED_EDGE ( 'NONE', *, *, #1598, .T. ) ;
#4742 = COLOUR_RGB ( '',0.5019607843137254832, 1.000000000000000000, 0.5019607843137254832 ) ;
#4743 = DIRECTION ( 'NONE',  ( 0.000000000000000000, -0.000000000000000000, -1.000000000000000000 ) ) ;
#4744 =( NAMED_UNIT ( * ) PLANE_ANGLE_UNIT ( ) SI_UNIT ( $, .RADIAN. ) );
#4745 = VERTEX_POINT ( 'NONE', #43 ) ;
#4746 = UNCERTAINTY_MEASURE_WITH_UNIT (LENGTH_MEASURE( 1.000000000000000082E-05 ), #2403, 'distance_accuracy_value', 'NONE');
#4747 = FILL_AREA_STYLE ('',( #5408 ) ) ;
#4748 = COLOUR_RGB ( '',1.000000000000000000, 1.000000000000000000, 0.7529411764705882248 ) ;
#4749 = LINE ( 'NONE', #6513, #3019 ) ;
#4750 = LINE ( 'NONE', #5154, #7219 ) ;
#4751 =( GEOMETRIC_REPRESENTATION_CONTEXT ( 3 ) GLOBAL_UNCERTAINTY_ASSIGNED_CONTEXT ( ( #2678 ) ) GLOBAL_UNIT_ASSIGNED_CONTEXT ( ( #4553, #736, #3893 ) ) REPRESENTATION_CONTEXT ( 'NONE', 'WORKASPACE' ) );
#4752 = DIRECTION ( 'NONE',  ( 0.000000000000000000, 0.000000000000000000, 1.000000000000000000 ) ) ;
#4753 = PRESENTATION_LAYER_ASSIGNMENT (  '', '', ( #4311 ) ) ;
#4754 = FACE_OUTER_BOUND ( 'NONE', #7307, .T. ) ;
#4755 = ADVANCED_FACE ( 'NONE', ( #6519 ), #4504, .F. ) ;
#4756 = LINE ( 'NONE', #5603, #1842 ) ;
#4757 = MECHANICAL_DESIGN_GEOMETRIC_PRESENTATION_REPRESENTATION (  '', ( #3177 ), #7444 ) ;
#4758 = ORIENTED_EDGE ( 'NONE', *, *, #3788, .F. ) ;
#4759 = CARTESIAN_POINT ( 'NONE',  ( -5.000000000000001776, -5.000000000000000000, 4.049999999999999822 ) ) ;
#4760 = PRESENTATION_STYLE_ASSIGNMENT (( #5704 ) ) ;
#4761 = SURFACE_STYLE_FILL_AREA ( #1105 ) ;
#4762 = EDGE_CURVE ( 'NONE', #1340, #3715, #3115, .T. ) ;
#4763 = VERTEX_POINT ( 'NONE', #3433 ) ;
#4764 = UNCERTAINTY_MEASURE_WITH_UNIT (LENGTH_MEASURE( 1.000000000000000082E-05 ), #1514, 'distance_accuracy_value', 'NONE');
#4765 = STYLED_ITEM ( 'NONE', ( #6999 ), #5223 ) ;
#4766 = SURFACE_STYLE_USAGE ( .BOTH. , #2061 ) ;
#4767 = COLOUR_RGB ( '',0.5019607843137254832, 1.000000000000000000, 0.5019607843137254832 ) ;
#4768 = ORIENTED_EDGE ( 'NONE', *, *, #7445, .T. ) ;
#4769 = LINE ( 'NONE', #1756, #6844 ) ;
#4770 = CARTESIAN_POINT ( 'NONE',  ( 4.625000000000000888, -4.049999999999999822, 2.350000000000000089 ) ) ;
#4771 = CARTESIAN_POINT ( 'NONE',  ( -1.999999999999999556, -4.500000000000000888, -2.899999999999999023 ) ) ;
#4772 = ORIENTED_EDGE ( 'NONE', *, *, #3357, .T. ) ;
#4773 = EDGE_CURVE ( 'NONE', #1336, #3462, #855, .T. ) ;
#4774 = VECTOR ( 'NONE', #4798, 1000.000000000000000 ) ;
#4775 = PRESENTATION_STYLE_ASSIGNMENT (( #6444 ) ) ;
#4776 = PLANE ( 'NONE',  #6197 ) ;
#4777 = EDGE_LOOP ( 'NONE', ( #7534, #8243, #4506, #1533 ) ) ;
#4778 = EDGE_CURVE ( 'NONE', #2528, #6568, #4427, .T. ) ;
#4779 = ORIENTED_EDGE ( 'NONE', *, *, #7969, .F. ) ;
#4780 = TOROIDAL_SURFACE ( 'NONE', #1523, 1.349999999999999867, 0.5000000000000000000 ) ;
#4781 = DIRECTION ( 'NONE',  ( -1.000000000000000000, 0.000000000000000000, 0.000000000000000000 ) ) ;
#4782 = DIRECTION ( 'NONE',  ( 0.000000000000000000, -1.275531967630005492E-16, -1.000000000000000000 ) ) ;
#4783 = EDGE_LOOP ( 'NONE', ( #5855, #5488 ) ) ;
#4784 = ORIENTED_EDGE ( 'NONE', *, *, #2706, .T. ) ;
#4785 = SURFACE_SIDE_STYLE ('',( #4538 ) ) ;
#4786 = FACE_BOUND ( 'NONE', #356, .T. ) ;
#4787 =( GEOMETRIC_REPRESENTATION_CONTEXT ( 3 ) GLOBAL_UNCERTAINTY_ASSIGNED_CONTEXT ( ( #5078 ) ) GLOBAL_UNIT_ASSIGNED_CONTEXT ( ( #6261, #597, #4410 ) ) REPRESENTATION_CONTEXT ( 'NONE', 'WORKASPACE' ) );
#4788 = AXIS2_PLACEMENT_3D ( 'NONE', #2392, #4358, #3056 ) ;
#4789 = ADVANCED_FACE ( 'NONE', ( #2229 ), #7041, .F. ) ;
#4790 = FILL_AREA_STYLE ('',( #1574 ) ) ;
#4791 = DIRECTION ( 'NONE',  ( 0.000000000000000000, -0.000000000000000000, -1.000000000000000000 ) ) ;
#4792 =( GEOMETRIC_REPRESENTATION_CONTEXT ( 3 ) GLOBAL_UNCERTAINTY_ASSIGNED_CONTEXT ( ( #6561 ) ) GLOBAL_UNIT_ASSIGNED_CONTEXT ( ( #8126, #6865, #7473 ) ) REPRESENTATION_CONTEXT ( 'NONE', 'WORKASPACE' ) );
#4793 = DIRECTION ( 'NONE',  ( 0.000000000000000000, 3.469446951953617344E-15, 1.000000000000000000 ) ) ;
#4794 = ORIENTED_EDGE ( 'NONE', *, *, #5759, .F. ) ;
#4795 = AXIS2_PLACEMENT_3D ( 'NONE', #7745, #756, #3976 ) ;
#4796 = LINE ( 'NONE', #2275, #2574 ) ;
#4797 = DIRECTION ( 'NONE',  ( 0.000000000000000000, 0.000000000000000000, -1.000000000000000000 ) ) ;
#4798 = DIRECTION ( 'NONE',  ( -0.000000000000000000, 1.000000000000000000, 1.084202172485504434E-16 ) ) ;
#4799 = AXIS2_PLACEMENT_3D ( 'NONE', #2972, #1645, #467 ) ;
#4800 =( GEOMETRIC_REPRESENTATION_CONTEXT ( 3 ) GLOBAL_UNCERTAINTY_ASSIGNED_CONTEXT ( ( #5628 ) ) GLOBAL_UNIT_ASSIGNED_CONTEXT ( ( #6323, #4417, #8183 ) ) REPRESENTATION_CONTEXT ( 'NONE', 'WORKASPACE' ) );
#4801 = ORIENTED_EDGE ( 'NONE', *, *, #1626, .T. ) ;
#4802 = EDGE_CURVE ( 'NONE', #621, #2268, #8093, .T. ) ;
#4803 = FACE_OUTER_BOUND ( 'NONE', #3912, .T. ) ;
#4804 = DIRECTION ( 'NONE',  ( 1.000000000000000000, 0.000000000000000000, 0.000000000000000000 ) ) ;
#4805 = FILL_AREA_STYLE_COLOUR ( '', #1604 ) ;
#4806 =( NAMED_UNIT ( * ) PLANE_ANGLE_UNIT ( ) SI_UNIT ( $, .RADIAN. ) );
#4807 = MECHANICAL_DESIGN_GEOMETRIC_PRESENTATION_REPRESENTATION (  '', ( #5968 ), #7657 ) ;
#4808 = ORIENTED_EDGE ( 'NONE', *, *, #5802, .T. ) ;
#4809 = VECTOR ( 'NONE', #2775, 1000.000000000000227 ) ;
#4810 = CARTESIAN_POINT ( 'NONE',  ( -1.999999999999999556, -1.000000000000000000, -2.349999999999999645 ) ) ;
#4811 = CYLINDRICAL_SURFACE ( 'NONE', #1780, 0.4000000000000000777 ) ;
#4812 = CARTESIAN_POINT ( 'NONE',  ( -4.089178023377080251, 3.896707394078146702, -0.2499999999999997224 ) ) ;
#4813 = SURFACE_STYLE_FILL_AREA ( #588 ) ;
#4814 = EDGE_CURVE ( 'NONE', #3883, #2959, #6409, .T. ) ;
#4815 = DIRECTION ( 'NONE',  ( -1.000000000000000000, 0.000000000000000000, 0.000000000000000000 ) ) ;
#4816 = AXIS2_PLACEMENT_3D ( 'NONE', #4521, #3198, #1350 ) ;
#4817 = CARTESIAN_POINT ( 'NONE',  ( -0.6669697220176644681, 3.049000000000001265, 0.2500000000000003331 ) ) ;
#4818 = CARTESIAN_POINT ( 'NONE',  ( -1.173350083857840787, 3.949000000000001176, 0.2500000000000003331 ) ) ;
#4819 = ORIENTED_EDGE ( 'NONE', *, *, #5592, .T. ) ;
#4820 = DIRECTION ( 'NONE',  ( 1.000000000000000000, -0.000000000000000000, -0.000000000000000000 ) ) ;
#4821 = COLOUR_RGB ( '',0.5019607843137254832, 1.000000000000000000, 0.5019607843137254832 ) ;
#4822 = EDGE_CURVE ( 'NONE', #6090, #8115, #1621, .T. ) ;
#4823 = CARTESIAN_POINT ( 'NONE',  ( 2.499999999999999556, 3.449000000000001176, 3.252606517456513795E-16 ) ) ;
#4824 = CARTESIAN_POINT ( 'NONE',  ( -2.999999999999999556, -1.699999999999999734, -2.999999999999999556 ) ) ;
#4825 = DIRECTION ( 'NONE',  ( -1.000000000000000000, -0.000000000000000000, -0.000000000000000000 ) ) ;
#4826 = ORIENTED_EDGE ( 'NONE', *, *, #8150, .F. ) ;
#4827 = FACE_OUTER_BOUND ( 'NONE', #5211, .T. ) ;
#4828 = ORIENTED_EDGE ( 'NONE', *, *, #6510, .T. ) ;
#4829 = ADVANCED_FACE ( 'NONE', ( #744 ), #3107, .T. ) ;
#4830 = ORIENTED_EDGE ( 'NONE', *, *, #4778, .T. ) ;
#4831 = DIRECTION ( 'NONE',  ( -0.000000000000000000, -1.000000000000000000, -9.227252531791526626E-17 ) ) ;
#4832 = CARTESIAN_POINT ( 'NONE',  ( -0.5088152422089065041, -4.337323838347851179, 4.174266772756775268 ) ) ;
#4833 =( LENGTH_UNIT ( ) NAMED_UNIT ( * ) SI_UNIT ( .MILLI., .METRE. ) );
#4834 = CIRCLE ( 'NONE', #1217, 0.2500000000000002220 ) ;
#4835 = ORIENTED_EDGE ( 'NONE', *, *, #270, .T. ) ;
#4836 = PRESENTATION_LAYER_ASSIGNMENT (  '', '', ( #3098 ) ) ;
#4837 = PRESENTATION_STYLE_ASSIGNMENT (( #5271 ) ) ;
#4838 = PLANE ( 'NONE',  #3942 ) ;
#4839 = PLANE ( 'NONE',  #6055 ) ;
#4840 = DIRECTION ( 'NONE',  ( 0.000000000000000000, 0.000000000000000000, 1.000000000000000000 ) ) ;
#4841 = VECTOR ( 'NONE', #5328, 1000.000000000000000 ) ;
#4842 = VECTOR ( 'NONE', #6449, 999.9999999999998863 ) ;
#4843 = FACE_OUTER_BOUND ( 'NONE', #3263, .T. ) ;
#4844 = SURFACE_STYLE_USAGE ( .BOTH. , #473 ) ;
#4845 = LINE ( 'NONE', #7902, #2128 ) ;
#4846 = COLOUR_RGB ( '',0.5019607843137254832, 1.000000000000000000, 0.5019607843137254832 ) ;
#4847 =( LENGTH_UNIT ( ) NAMED_UNIT ( * ) SI_UNIT ( .MILLI., .METRE. ) );
#4848 = AXIS2_PLACEMENT_3D ( 'NONE', #877, #7195, #4717 ) ;
#4849 = PRESENTATION_LAYER_ASSIGNMENT (  '', '', ( #4259 ) ) ;
#4850 = SURFACE_STYLE_USAGE ( .BOTH. , #400 ) ;
#4851 = SURFACE_SIDE_STYLE ('',( #7632 ) ) ;
#4852 = DIRECTION ( 'NONE',  ( 1.000000000000000000, -0.000000000000000000, -0.000000000000000000 ) ) ;
#4853 = EDGE_CURVE ( 'NONE', #7574, #7857, #6716, .T. ) ;
#4854 = VECTOR ( 'NONE', #1309, 1000.000000000000000 ) ;
#4855 = PRESENTATION_LAYER_ASSIGNMENT (  '', '', ( #859 ) ) ;
#4856 = VERTEX_POINT ( 'NONE', #4818 ) ;
#4857 = EDGE_CURVE ( 'NONE', #3811, #7814, #1230, .T. ) ;
#4858 = LINE ( 'NONE', #1288, #7532 ) ;
#4859 = PRESENTATION_STYLE_ASSIGNMENT (( #6623 ) ) ;
#4860 = ORIENTED_EDGE ( 'NONE', *, *, #4291, .T. ) ;
#4861 = CARTESIAN_POINT ( 'NONE',  ( 0.5999999999999994227, 5.000000000000001776, 0.000000000000000000 ) ) ;
#4862 = DIRECTION ( 'NONE',  ( 0.000000000000000000, 0.000000000000000000, -1.000000000000000000 ) ) ;
#4863 = PLANE ( 'NONE',  #3071 ) ;
#4864 =( NAMED_UNIT ( * ) SI_UNIT ( $, .STERADIAN. ) SOLID_ANGLE_UNIT ( ) );
#4865 = EDGE_LOOP ( 'NONE', ( #1229, #4026 ) ) ;
#4866 = ORIENTED_EDGE ( 'NONE', *, *, #4168, .T. ) ;
#4867 = SURFACE_STYLE_FILL_AREA ( #7660 ) ;
#4868 = ORIENTED_EDGE ( 'NONE', *, *, #5930, .T. ) ;
#4869 = AXIS2_PLACEMENT_3D ( 'NONE', #5266, #5843, #2002 ) ;
#4870 =( LENGTH_UNIT ( ) NAMED_UNIT ( * ) SI_UNIT ( .MILLI., .METRE. ) );
#4871 = EDGE_LOOP ( 'NONE', ( #502, #349, #84, #1522 ) ) ;
#4872 = CARTESIAN_POINT ( 'NONE',  ( 2.000000000000000444, -1.099999999999998979, -2.250000000000000000 ) ) ;
#4873 = UNCERTAINTY_MEASURE_WITH_UNIT (LENGTH_MEASURE( 1.000000000000000082E-05 ), #443, 'distance_accuracy_value', 'NONE');
#4874 = ADVANCED_FACE ( 'NONE', ( #550 ), #4141, .T. ) ;
#4875 =( NAMED_UNIT ( * ) SI_UNIT ( $, .STERADIAN. ) SOLID_ANGLE_UNIT ( ) );
#4876 = CIRCLE ( 'NONE', #1112, 1.899999999999999911 ) ;
#4877 = ORIENTED_EDGE ( 'NONE', *, *, #5308, .T. ) ;
#4878 = SURFACE_STYLE_USAGE ( .BOTH. , #5490 ) ;
#4879 = MECHANICAL_DESIGN_GEOMETRIC_PRESENTATION_REPRESENTATION (  '', ( #4439 ), #3035 ) ;
#4880 = FILL_AREA_STYLE ('',( #6154 ) ) ;
#4881 = SURFACE_SIDE_STYLE ('',( #7228 ) ) ;
#4882 = EDGE_LOOP ( 'NONE', ( #5658, #5985, #5178, #6325 ) ) ;
#4883 = ORIENTED_EDGE ( 'NONE', *, *, #3596, .F. ) ;
#4884 = EDGE_CURVE ( 'NONE', #3980, #3690, #2914, .T. ) ;
#4885 =( LENGTH_UNIT ( ) NAMED_UNIT ( * ) SI_UNIT ( .MILLI., .METRE. ) );
#4886 = ORIENTED_EDGE ( 'NONE', *, *, #3472, .T. ) ;
#4887 = UNCERTAINTY_MEASURE_WITH_UNIT (LENGTH_MEASURE( 1.000000000000000082E-05 ), #2656, 'distance_accuracy_value', 'NONE');
#4888 = PLANE ( 'NONE',  #3940 ) ;
#4889 = LINE ( 'NONE', #1125, #6467 ) ;
#4890 = DIRECTION ( 'NONE',  ( -7.760429719096859345E-17, 1.000000000000000000, -0.000000000000000000 ) ) ;
#4891 = VECTOR ( 'NONE', #383, 1000.000000000000000 ) ;
#4892 = DIRECTION ( 'NONE',  ( 0.000000000000000000, -1.000000000000000000, 0.000000000000000000 ) ) ;
#4893 = VECTOR ( 'NONE', #4752, 1000.000000000000000 ) ;
#4894 = VERTEX_POINT ( 'NONE', #1034 ) ;
#4895 = STYLED_ITEM ( 'NONE', ( #1755 ), #3215 ) ;
#4896 = VECTOR ( 'NONE', #800, 1000.000000000000000 ) ;
#4897 = DIRECTION ( 'NONE',  ( 7.760429719096859345E-17, -1.000000000000000000, 0.000000000000000000 ) ) ;
#4898 = DIRECTION ( 'NONE',  ( 0.000000000000000000, -1.000000000000000000, 1.106328747434187728E-16 ) ) ;
#4899 = EDGE_CURVE ( 'NONE', #2580, #7103, #7115, .T. ) ;
#4900 = PRESENTATION_LAYER_ASSIGNMENT (  '', '', ( #2432 ) ) ;
#4901 = ORIENTED_EDGE ( 'NONE', *, *, #4532, .F. ) ;
#4902 = COLOUR_RGB ( '',1.000000000000000000, 1.000000000000000000, 0.7529411764705882248 ) ;
#4903 = ORIENTED_EDGE ( 'NONE', *, *, #3901, .F. ) ;
#4904 = FACE_OUTER_BOUND ( 'NONE', #1887, .T. ) ;
#4905 = SURFACE_STYLE_USAGE ( .BOTH. , #6791 ) ;
#4906 =( GEOMETRIC_REPRESENTATION_CONTEXT ( 3 ) GLOBAL_UNCERTAINTY_ASSIGNED_CONTEXT ( ( #5126 ) ) GLOBAL_UNIT_ASSIGNED_CONTEXT ( ( #1157, #5584, #7540 ) ) REPRESENTATION_CONTEXT ( 'NONE', 'WORKASPACE' ) );
#4907 = EDGE_CURVE ( 'NONE', #6738, #4074, #7982, .T. ) ;
#4908 = ORIENTED_EDGE ( 'NONE', *, *, #3202, .F. ) ;
#4909 = MECHANICAL_DESIGN_GEOMETRIC_PRESENTATION_REPRESENTATION (  '', ( #1690 ), #1641 ) ;
#4910 = DIRECTION ( 'NONE',  ( 0.000000000000000000, -1.000000000000000000, 0.000000000000000000 ) ) ;
#4911 = CIRCLE ( 'NONE', #1672, 0.1000000000000001582 ) ;
#4912 = AXIS2_PLACEMENT_3D ( 'NONE', #5422, #6252, #1132 ) ;
#4913 = FILL_AREA_STYLE ('',( #7450 ) ) ;
#4914 = VECTOR ( 'NONE', #1947, 1000.000000000000000 ) ;
#4915 = CARTESIAN_POINT ( 'NONE',  ( 2.000000000000000444, -2.999999999999998668, -3.499999999999999112 ) ) ;
#4916 = ORIENTED_EDGE ( 'NONE', *, *, #3875, .T. ) ;
#4917 = CARTESIAN_POINT ( 'NONE',  ( -1.999999999999999556, -1.500000000000002220, -3.499999999999999556 ) ) ;
#4918 = VECTOR ( 'NONE', #758, 1000.000000000000000 ) ;
#4919 = SURFACE_STYLE_FILL_AREA ( #102 ) ;
#4920 = EDGE_CURVE ( 'NONE', #2997, #1305, #6103, .T. ) ;
#4921 = SURFACE_SIDE_STYLE ('',( #7410 ) ) ;
#4922 = MECHANICAL_DESIGN_GEOMETRIC_PRESENTATION_REPRESENTATION (  '', ( #7203 ), #229 ) ;
#4923 = CARTESIAN_POINT ( 'NONE',  ( -4.333030277982336642, 3.949000000000001176, 0.2500000000000003331 ) ) ;
#4924 = CARTESIAN_POINT ( 'NONE',  ( -2.500000000000000444, 2.400000000000001243, 0.000000000000000000 ) ) ;
#4925 = DIRECTION ( 'NONE',  ( 0.000000000000000000, -1.000000000000000000, 0.000000000000000000 ) ) ;
#4926 = ORIENTED_EDGE ( 'NONE', *, *, #3769, .F. ) ;
#4927 = FACE_OUTER_BOUND ( 'NONE', #2004, .T. ) ;
#4928 = VECTOR ( 'NONE', #4831, 1000.000000000000000 ) ;
#4929 = EDGE_CURVE ( 'NONE', #5309, #1592, #4421, .T. ) ;
#4930 = ORIENTED_EDGE ( 'NONE', *, *, #1177, .F. ) ;
#4931 = DIRECTION ( 'NONE',  ( 1.000000000000000000, 0.000000000000000000, 0.000000000000000000 ) ) ;
#4932 =( LENGTH_UNIT ( ) NAMED_UNIT ( * ) SI_UNIT ( .MILLI., .METRE. ) );
#4933 = PLANE ( 'NONE',  #6752 ) ;
#4934 = DIRECTION ( 'NONE',  ( -7.760429719096859345E-17, 1.000000000000000000, -0.000000000000000000 ) ) ;
#4935 = VERTEX_POINT ( 'NONE', #526 ) ;
#4936 = UNCERTAINTY_MEASURE_WITH_UNIT (LENGTH_MEASURE( 1.000000000000000082E-05 ), #2466, 'distance_accuracy_value', 'NONE');
#4937 = LINE ( 'NONE', #3840, #2921 ) ;
#4938 = LINE ( 'NONE', #5861, #3624 ) ;
#4939 = CARTESIAN_POINT ( 'NONE',  ( 2.000000000000000444, -1.000000000000000000, -2.349999999999999645 ) ) ;
#4940 = LINE ( 'NONE', #5395, #4244 ) ;
#4942 = COLOUR_RGB ( '',1.000000000000000000, 1.000000000000000000, 0.7529411764705882248 ) ;
#4941 = PRESENTATION_LAYER_ASSIGNMENT (  '', '', ( #3483 ) ) ;
#4943 = FILL_AREA_STYLE_COLOUR ( '', #6122 ) ;
#4944 = PRESENTATION_LAYER_ASSIGNMENT (  '', '', ( #4083 ) ) ;
#4945 = FACE_OUTER_BOUND ( 'NONE', #78, .T. ) ;
#4946 = MECHANICAL_DESIGN_GEOMETRIC_PRESENTATION_REPRESENTATION (  '', ( #3057 ), #3222 ) ;
#4947 = CARTESIAN_POINT ( 'NONE',  ( 4.445955351399304867, 0.2999999999999991562, 3.299999999999999822 ) ) ;
#4948 = ORIENTED_EDGE ( 'NONE', *, *, #7100, .T. ) ;
#4949 = PRESENTATION_LAYER_ASSIGNMENT (  '', '', ( #4691 ) ) ;
#4950 = SURFACE_STYLE_USAGE ( .BOTH. , #2425 ) ;
#4951 = PRESENTATION_STYLE_ASSIGNMENT (( #2138 ) ) ;
#4952 = VECTOR ( 'NONE', #6145, 1000.000000000000000 ) ;
#4953 = DIRECTION ( 'NONE',  ( 1.000000000000000000, -0.000000000000000000, -0.000000000000000000 ) ) ;
#4954 = ORIENTED_EDGE ( 'NONE', *, *, #7882, .T. ) ;
#4955 = MECHANICAL_DESIGN_GEOMETRIC_PRESENTATION_REPRESENTATION (  '', ( #6767 ), #5203 ) ;
#4956 = CARTESIAN_POINT ( 'NONE',  ( 2.499999999999999556, 2.651000000000001133, 3.252606517456513795E-16 ) ) ;
#4957 = EDGE_LOOP ( 'NONE', ( #5495, #2721, #2748, #3894 ) ) ;
#4958 = CARTESIAN_POINT ( 'NONE',  ( -2.500000000000000444, 2.651000000000001133, 1.445602896649105965E-19 ) ) ;
#4959 = LINE ( 'NONE', #5616, #5741 ) ;
#4960 = FILL_AREA_STYLE_COLOUR ( '', #1491 ) ;
#4961 = EDGE_CURVE ( 'NONE', #2445, #3880, #5403, .T. ) ;
#4962 = ORIENTED_EDGE ( 'NONE', *, *, #4971, .T. ) ;
#4963 = PRESENTATION_LAYER_ASSIGNMENT (  '', '', ( #5682 ) ) ;
#4964 = CIRCLE ( 'NONE', #7176, 1.199999999999999512 ) ;
#4965 = ORIENTED_EDGE ( 'NONE', *, *, #6517, .T. ) ;
#4966 = DIRECTION ( 'NONE',  ( -1.000000000000000000, -0.000000000000000000, -0.000000000000000000 ) ) ;
#4967 = DIRECTION ( 'NONE',  ( -1.000000000000000000, 0.000000000000000000, -1.712902083591268077E-15 ) ) ;
#4968 = CARTESIAN_POINT ( 'NONE',  ( -4.625000000000000888, 2.400000000000001243, -2.350000000000000089 ) ) ;
#4969 = UNCERTAINTY_MEASURE_WITH_UNIT (LENGTH_MEASURE( 1.000000000000000082E-05 ), #4729, 'distance_accuracy_value', 'NONE');
#4971 = EDGE_CURVE ( 'NONE', #5119, #6951, #6201, .T. ) ;
#4970 = FILL_AREA_STYLE ('',( #5585 ) ) ;
#4972 = STYLED_ITEM ( 'NONE', ( #1739 ), #917 ) ;
#4973 = EDGE_CURVE ( 'NONE', #2180, #5700, #7590, .T. ) ;
#4974 = ORIENTED_EDGE ( 'NONE', *, *, #4267, .F. ) ;
#4975 = DIRECTION ( 'NONE',  ( 0.000000000000000000, -1.000000000000000000, 1.445602896647339410E-16 ) ) ;
#4976 = CARTESIAN_POINT ( 'NONE',  ( 3.826649916142160102, 3.949000000000001176, -0.2499999999999996669 ) ) ;
#4977 =( NAMED_UNIT ( * ) PLANE_ANGLE_UNIT ( ) SI_UNIT ( $, .RADIAN. ) );
#4978 = FILL_AREA_STYLE_COLOUR ( '', #2519 ) ;
#4979 = ORIENTED_EDGE ( 'NONE', *, *, #3741, .F. ) ;
#4980 = DIRECTION ( 'NONE',  ( -1.000000000000000000, -7.760429719096859345E-17, 0.000000000000000000 ) ) ;
#4981 = VERTEX_POINT ( 'NONE', #5513 ) ;
#4982 = LINE ( 'NONE', #137, #2270 ) ;
#4983 = DIRECTION ( 'NONE',  ( 7.760429719096859345E-17, -1.000000000000000000, 0.000000000000000000 ) ) ;
#4984 = SURFACE_SIDE_STYLE ('',( #808 ) ) ;
#4985 = CARTESIAN_POINT ( 'NONE',  ( -2.823673019291534025, -8.500000000000000000, 0.2500000000000004996 ) ) ;
#4986 = VERTEX_POINT ( 'NONE', #3629 ) ;
#4987 = PRESENTATION_STYLE_ASSIGNMENT (( #7328 ) ) ;
#4988 = FILL_AREA_STYLE_COLOUR ( '', #3527 ) ;
#4989 = DIRECTION ( 'NONE',  ( 0.000000000000000000, 1.000000000000000000, 0.000000000000000000 ) ) ;
#4990 = CARTESIAN_POINT ( 'NONE',  ( 2.000000000000000444, -4.500000000000000888, -0.1500000000000028255 ) ) ;
#4991 = ORIENTED_EDGE ( 'NONE', *, *, #59, .T. ) ;
#4992 = ORIENTED_EDGE ( 'NONE', *, *, #6038, .T. ) ;
#4993 = LINE ( 'NONE', #6037, #720 ) ;
#4994 = DIRECTION ( 'NONE',  ( 0.000000000000000000, 0.000000000000000000, -1.000000000000000000 ) ) ;
#4995 = VECTOR ( 'NONE', #2443, 1000.000000000000000 ) ;
#4996 = PRESENTATION_LAYER_ASSIGNMENT (  '', '', ( #4574 ) ) ;
#4997 =( GEOMETRIC_REPRESENTATION_CONTEXT ( 3 ) GLOBAL_UNCERTAINTY_ASSIGNED_CONTEXT ( ( #4319 ) ) GLOBAL_UNIT_ASSIGNED_CONTEXT ( ( #6361, #5139, #7018 ) ) REPRESENTATION_CONTEXT ( 'NONE', 'WORKASPACE' ) );
#4998 = CIRCLE ( 'NONE', #1480, 1.199999999999999512 ) ;
#4999 = CARTESIAN_POINT ( 'NONE',  ( -2.823673019291534025, -8.500000000000000000, -0.2499999999999995282 ) ) ;
#5000 = CARTESIAN_POINT ( 'NONE',  ( 3.900000000000000799, -1.200000000000000400, 2.350000000000000089 ) ) ;
#5001 = ORIENTED_EDGE ( 'NONE', *, *, #2329, .T. ) ;
#5002 = STYLED_ITEM ( 'NONE', ( #4859 ), #653 ) ;
#5003 = DIRECTION ( 'NONE',  ( 0.000000000000000000, 0.000000000000000000, -1.000000000000000000 ) ) ;
#5004 = SURFACE_SIDE_STYLE ('',( #6516 ) ) ;
#5005 = SURFACE_SIDE_STYLE ('',( #5186 ) ) ;
#5006 = FILL_AREA_STYLE_COLOUR ( '', #1063 ) ;
#5007 = ORIENTED_EDGE ( 'NONE', *, *, #4485, .F. ) ;
#5008 = SURFACE_STYLE_FILL_AREA ( #7129 ) ;
#5009 = LINE ( 'NONE', #5000, #6709 ) ;
#5010 = PRESENTATION_LAYER_ASSIGNMENT (  '', '', ( #3557 ) ) ;
#5011 = FILL_AREA_STYLE ('',( #4988 ) ) ;
#5012 = CARTESIAN_POINT ( 'NONE',  ( 2.823673019291535802, -8.500000000000000000, -0.2499999999999995282 ) ) ;
#5013 = EDGE_LOOP ( 'NONE', ( #7348, #6684, #5065, #2152 ) ) ;
#5014 = LINE ( 'NONE', #4939, #6507 ) ;
#5015 = DIRECTION ( 'NONE',  ( -0.000000000000000000, -1.000000000000000000, 1.445602896647339410E-16 ) ) ;
#5016 = CARTESIAN_POINT ( 'NONE',  ( -5.000000000000001776, 4.815078231255384367, -2.449856359220362378 ) ) ;
#5017 = VERTEX_POINT ( 'NONE', #3061 ) ;
#5018 = VECTOR ( 'NONE', #6733, 1000.000000000000000 ) ;
#5019 = CARTESIAN_POINT ( 'NONE',  ( 0.9108380141437975031, 3.896595837312158306, 0.2500000000000002776 ) ) ;
#5020 = ORIENTED_EDGE ( 'NONE', *, *, #2724, .T. ) ;
#5021 = EDGE_CURVE ( 'NONE', #2111, #8033, #1337, .T. ) ;
#5022 = VECTOR ( 'NONE', #297, 1000.000000000000000 ) ;
#5023 =( NAMED_UNIT ( * ) SI_UNIT ( $, .STERADIAN. ) SOLID_ANGLE_UNIT ( ) );
#5024 = FACE_OUTER_BOUND ( 'NONE', #1050, .T. ) ;
#5025 = AXIS2_PLACEMENT_3D ( 'NONE', #4366, #6289, #5003 ) ;
#5026 = SURFACE_SIDE_STYLE ('',( #1198 ) ) ;
#5027 = ORIENTED_EDGE ( 'NONE', *, *, #1498, .T. ) ;
#5028 = FILL_AREA_STYLE ('',( #6319 ) ) ;
#5029 = CARTESIAN_POINT ( 'NONE',  ( -0.4999999999999995559, -4.299999999999999822, -2.250000000000000444 ) ) ;
#5030 = DIRECTION ( 'NONE',  ( 0.000000000000000000, 1.000000000000000000, -1.505836350674313220E-16 ) ) ;
#5031 = VECTOR ( 'NONE', #2553, 1000.000000000000114 ) ;
#5032 = UNCERTAINTY_MEASURE_WITH_UNIT (LENGTH_MEASURE( 1.000000000000000082E-05 ), #8153, 'distance_accuracy_value', 'NONE');
#5033 = LINE ( 'NONE', #5733, #755 ) ;
#5034 = EDGE_CURVE ( 'NONE', #1593, #3077, #4224, .T. ) ;
#5035 = FILL_AREA_STYLE ('',( #3570 ) ) ;
#5036 = VECTOR ( 'NONE', #547, 1000.000000000000000 ) ;
#5037 = FACE_OUTER_BOUND ( 'NONE', #6786, .T. ) ;
#5038 = CARTESIAN_POINT ( 'NONE',  ( 2.000000000000000444, -8.500000000000000000, 0.2500000000000004996 ) ) ;
#5039 = LINE ( 'NONE', #5895, #373 ) ;
#5040 = CARTESIAN_POINT ( 'NONE',  ( 1.173350083857839454, 3.949000000000001176, -0.2499999999999996669 ) ) ;
#5041 = CARTESIAN_POINT ( 'NONE',  ( 2.000000000000000444, -1.699999999999999734, -2.999999999999999556 ) ) ;
#5042 = VERTEX_POINT ( 'NONE', #1119 ) ;
#5043 = PRESENTATION_LAYER_ASSIGNMENT (  '', '', ( #4354 ) ) ;
#5044 = STYLED_ITEM ( 'NONE', ( #2882 ), #2962 ) ;
#5045 =( LENGTH_UNIT ( ) NAMED_UNIT ( * ) SI_UNIT ( .MILLI., .METRE. ) );
#5046 = ORIENTED_EDGE ( 'NONE', *, *, #1090, .F. ) ;
#5047 = CARTESIAN_POINT ( 'NONE',  ( 4.625000000000000888, -5.000000000000000000, 3.200000000000001066 ) ) ;
#5048 = EDGE_CURVE ( 'NONE', #5064, #4414, #847, .T. ) ;
#5049 = MECHANICAL_DESIGN_GEOMETRIC_PRESENTATION_REPRESENTATION (  '', ( #2364 ), #2048 ) ;
#5050 = SURFACE_STYLE_USAGE ( .BOTH. , #596 ) ;
#5051 = DIRECTION ( 'NONE',  ( 1.000000000000000000, 0.000000000000000000, 0.000000000000000000 ) ) ;
#5052 = CARTESIAN_POINT ( 'NONE',  ( 0.000000000000000000, -1.000000000000000000, 0.000000000000000000 ) ) ;
#5053 = ORIENTED_EDGE ( 'NONE', *, *, #941, .F. ) ;
#5054 = VECTOR ( 'NONE', #2418, 1000.000000000000000 ) ;
#5055 = ORIENTED_EDGE ( 'NONE', *, *, #1037, .T. ) ;
#5056 = CARTESIAN_POINT ( 'NONE',  ( 0.6669697220176635799, 3.049000000000001265, -0.2499999999999996669 ) ) ;
#5057 = AXIS2_PLACEMENT_3D ( 'NONE', #1722, #3728, #1751 ) ;
#5058 = EDGE_CURVE ( 'NONE', #2345, #6853, #2312, .T. ) ;
#5059 = DIRECTION ( 'NONE',  ( 7.760429719096859345E-17, -1.000000000000000000, 0.000000000000000000 ) ) ;
#5060 = ORIENTED_EDGE ( 'NONE', *, *, #5520, .T. ) ;
#5061 = AXIS2_PLACEMENT_3D ( 'NONE', #6285, #2474, #6855 ) ;
#5062 =( GEOMETRIC_REPRESENTATION_CONTEXT ( 3 ) GLOBAL_UNCERTAINTY_ASSIGNED_CONTEXT ( ( #3178 ) ) GLOBAL_UNIT_ASSIGNED_CONTEXT ( ( #5128, #3902, #5839 ) ) REPRESENTATION_CONTEXT ( 'NONE', 'WORKASPACE' ) );
#5063 = ADVANCED_FACE ( 'NONE', ( #1049 ), #6130, .F. ) ;
#5064 = VERTEX_POINT ( 'NONE', #3707 ) ;
#5065 = ORIENTED_EDGE ( 'NONE', *, *, #2818, .F. ) ;
#5066 = CARTESIAN_POINT ( 'NONE',  ( 4.625000000000000888, 2.400000000000001688, 2.350000000000000089 ) ) ;
#5067 = DIRECTION ( 'NONE',  ( -7.760429719096859345E-17, 1.000000000000000000, -0.000000000000000000 ) ) ;
#5068 = EDGE_CURVE ( 'NONE', #1682, #7867, #5009, .T. ) ;
#5069 = AXIS2_PLACEMENT_3D ( 'NONE', #7273, #1573, #2797 ) ;
#5070 = CARTESIAN_POINT ( 'NONE',  ( 1.100000000000000533, -3.200000000000000178, 2.549999999999986500 ) ) ;
#5071 = EDGE_LOOP ( 'NONE', ( #2453, #7507, #380, #163 ) ) ;
#5072 = VECTOR ( 'NONE', #3635, 1000.000000000000000 ) ;
#5073 = CARTESIAN_POINT ( 'NONE',  ( 2.750000000000000888, -2.999999999999998668, -3.774999999999999911 ) ) ;
#5074 = EDGE_CURVE ( 'NONE', #4450, #642, #7884, .T. ) ;
#5075 = SURFACE_STYLE_FILL_AREA ( #2224 ) ;
#5076 =( NAMED_UNIT ( * ) PLANE_ANGLE_UNIT ( ) SI_UNIT ( $, .RADIAN. ) );
#5077 =( NAMED_UNIT ( * ) SI_UNIT ( $, .STERADIAN. ) SOLID_ANGLE_UNIT ( ) );
#5078 = UNCERTAINTY_MEASURE_WITH_UNIT (LENGTH_MEASURE( 1.000000000000000082E-05 ), #6261, 'distance_accuracy_value', 'NONE');
#5079 = FILL_AREA_STYLE_COLOUR ( '', #5605 ) ;
#5080 = FACE_OUTER_BOUND ( 'NONE', #1266, .T. ) ;
#5081 = ORIENTED_EDGE ( 'NONE', *, *, #1853, .F. ) ;
#5082 = FILL_AREA_STYLE_COLOUR ( '', #5934 ) ;
#5083 = FILL_AREA_STYLE_COLOUR ( '', #1570 ) ;
#5084 = PRESENTATION_STYLE_ASSIGNMENT (( #7785 ) ) ;
#5085 = VECTOR ( 'NONE', #7640, 1000.000000000000000 ) ;
#5086 = ORIENTED_EDGE ( 'NONE', *, *, #4646, .T. ) ;
#5087 = ORIENTED_EDGE ( 'NONE', *, *, #5747, .T. ) ;
#5088 = VECTOR ( 'NONE', #2897, 1000.000000000000000 ) ;
#5089 = DIRECTION ( 'NONE',  ( 7.760429719096859345E-17, -1.000000000000000000, -0.000000000000000000 ) ) ;
#5090 = COLOUR_RGB ( '',0.5019607843137254832, 1.000000000000000000, 0.5019607843137254832 ) ;
#5091 = COLOUR_RGB ( '',0.7921568627450980005, 0.8196078431372548767, 0.9333333333333333481 ) ;
#5092 = AXIS2_PLACEMENT_3D ( 'NONE', #1975, #2487, #6956 ) ;
#5093 = SURFACE_STYLE_USAGE ( .BOTH. , #4456 ) ;
#5094 = DIRECTION ( 'NONE',  ( -0.000000000000000000, 1.000000000000000000, -1.445602896647339410E-16 ) ) ;
#5095 =( GEOMETRIC_REPRESENTATION_CONTEXT ( 3 ) GLOBAL_UNCERTAINTY_ASSIGNED_CONTEXT ( ( #806 ) ) GLOBAL_UNIT_ASSIGNED_CONTEXT ( ( #910, #6657, #5335 ) ) REPRESENTATION_CONTEXT ( 'NONE', 'WORKASPACE' ) );
#5096 = CARTESIAN_POINT ( 'NONE',  ( -2.999999999999999556, -5.000000000000000000, -3.099999999999996536 ) ) ;
#5097 = ORIENTED_EDGE ( 'NONE', *, *, #6077, .F. ) ;
#5098 = CIRCLE ( 'NONE', #8058, 1.900000000000000133 ) ;
#5099 = SURFACE_STYLE_FILL_AREA ( #4790 ) ;
#5100 = AXIS2_PLACEMENT_3D ( 'NONE', #98, #126, #7682 ) ;
#5101 = PRESENTATION_LAYER_ASSIGNMENT (  '', '', ( #4698 ) ) ;
#5102 = ADVANCED_FACE ( 'NONE', ( #25 ), #8227, .T. ) ;
#5103 = DIRECTION ( 'NONE',  ( -1.000000000000000000, -0.000000000000000000, -0.000000000000000000 ) ) ;
#5104 = EDGE_CURVE ( 'NONE', #2997, #1803, #2906, .T. ) ;
#5105 = CARTESIAN_POINT ( 'NONE',  ( -4.625000000000000888, 8.736600034718932761, -2.350000000000000089 ) ) ;
#5106 = ORIENTED_EDGE ( 'NONE', *, *, #3155, .T. ) ;
#5107 = LINE ( 'NONE', #3835, #4918 ) ;
#5108 = PRESENTATION_LAYER_ASSIGNMENT (  '', '', ( #2541 ) ) ;
#5109 = MECHANICAL_DESIGN_GEOMETRIC_PRESENTATION_REPRESENTATION (  '', ( #3395 ), #8084 ) ;
#5110 = FACE_OUTER_BOUND ( 'NONE', #3043, .T. ) ;
#5111 = DIRECTION ( 'NONE',  ( -0.5063955574051595132, 0.000000000000000000, -0.8623013043248385356 ) ) ;
#5112 = DIRECTION ( 'NONE',  ( 1.000000000000000000, 0.000000000000000000, 0.000000000000000000 ) ) ;
#5113 = ORIENTED_EDGE ( 'NONE', *, *, #4006, .F. ) ;
#5114 = SURFACE_STYLE_USAGE ( .BOTH. , #674 ) ;
#5115 = COLOUR_RGB ( '',1.000000000000000000, 1.000000000000000000, 0.7529411764705882248 ) ;
#5116 = ORIENTED_EDGE ( 'NONE', *, *, #6517, .F. ) ;
#5117 =( GEOMETRIC_REPRESENTATION_CONTEXT ( 3 ) GLOBAL_UNCERTAINTY_ASSIGNED_CONTEXT ( ( #6427 ) ) GLOBAL_UNIT_ASSIGNED_CONTEXT ( ( #6432, #662, #4556 ) ) REPRESENTATION_CONTEXT ( 'NONE', 'WORKASPACE' ) );
#5118 = CARTESIAN_POINT ( 'NONE',  ( 4.999999999999998224, -5.000000000000000000, -4.049999999999999822 ) ) ;
#5119 = VERTEX_POINT ( 'NONE', #630 ) ;
#5120 =( LENGTH_UNIT ( ) NAMED_UNIT ( * ) SI_UNIT ( .MILLI., .METRE. ) );
#5121 = SURFACE_SIDE_STYLE ('',( #2290 ) ) ;
#5122 = FACE_OUTER_BOUND ( 'NONE', #7739, .T. ) ;
#5123 = LINE ( 'NONE', #7835, #964 ) ;
#5124 = CARTESIAN_POINT ( 'NONE',  ( 0.7222489542783375738, 3.711766105338782040, 0.2500000000000003331 ) ) ;
#5125 =( LENGTH_UNIT ( ) NAMED_UNIT ( * ) SI_UNIT ( .MILLI., .METRE. ) );
#5126 = UNCERTAINTY_MEASURE_WITH_UNIT (LENGTH_MEASURE( 1.000000000000000082E-05 ), #1157, 'distance_accuracy_value', 'NONE');
#5127 = CARTESIAN_POINT ( 'NONE',  ( 0.000000000000000000, -4.250311307314563969, 4.049999999999999822 ) ) ;
#5128 =( LENGTH_UNIT ( ) NAMED_UNIT ( * ) SI_UNIT ( .MILLI., .METRE. ) );
#5129 = CARTESIAN_POINT ( 'NONE',  ( -2.495154158168236158, -1.000000000000000000, -1.465305658706754333 ) ) ;
#5130 = CARTESIAN_POINT ( 'NONE',  ( -4.333030277982336642, 3.449000000000001176, 0.2499999999999995282 ) ) ;
#5131 = PLANE ( 'NONE',  #6648 ) ;
#5132 = ORIENTED_EDGE ( 'NONE', *, *, #2237, .T. ) ;
#5133 = EDGE_CURVE ( 'NONE', #74, #1658, #6401, .T. ) ;
#5134 = VECTOR ( 'NONE', #2027, 1000.000000000000000 ) ;
#5135 = DIRECTION ( 'NONE',  ( -7.760429719096859345E-17, 1.000000000000000000, -0.000000000000000000 ) ) ;
#5136 = ORIENTED_EDGE ( 'NONE', *, *, #1269, .F. ) ;
#5137 = ADVANCED_FACE ( 'NONE', ( #3001 ), #2538, .F. ) ;
#5138 = ORIENTED_EDGE ( 'NONE', *, *, #101, .F. ) ;
#5139 =( NAMED_UNIT ( * ) PLANE_ANGLE_UNIT ( ) SI_UNIT ( $, .RADIAN. ) );
#5140 = ORIENTED_EDGE ( 'NONE', *, *, #6602, .F. ) ;
#5141 = CARTESIAN_POINT ( 'NONE',  ( -1.999999999999999556, -4.500000000000000888, -2.899999999999999023 ) ) ;
#5142 = CARTESIAN_POINT ( 'NONE',  ( -1.999999999999999556, -3.799999999999999822, -3.499999999999999112 ) ) ;
#5143 = MECHANICAL_DESIGN_GEOMETRIC_PRESENTATION_REPRESENTATION (  '', ( #2153 ), #6148 ) ;
#5144 = PRESENTATION_LAYER_ASSIGNMENT (  '', '', ( #147 ) ) ;
#5145 = FILL_AREA_STYLE_COLOUR ( '', #7618 ) ;
#5146 = DIRECTION ( 'NONE',  ( 0.000000000000000000, 0.000000000000000000, -1.000000000000000000 ) ) ;
#5147 = SURFACE_STYLE_FILL_AREA ( #6416 ) ;
#5148 = ORIENTED_EDGE ( 'NONE', *, *, #2626, .F. ) ;
#5149 =( LENGTH_UNIT ( ) NAMED_UNIT ( * ) SI_UNIT ( .MILLI., .METRE. ) );
#5150 = SURFACE_STYLE_USAGE ( .BOTH. , #5837 ) ;
#5151 = DIRECTION ( 'NONE',  ( 0.000000000000000000, 0.000000000000000000, -1.000000000000000000 ) ) ;
#5152 = CARTESIAN_POINT ( 'NONE',  ( -2.999999999999999556, -4.900000000000003020, 0.2499999999999999445 ) ) ;
#5153 = ORIENTED_EDGE ( 'NONE', *, *, #7338, .F. ) ;
#5154 = CARTESIAN_POINT ( 'NONE',  ( 4.500000000000000888, -4.299999999999999822, 2.250000000000000444 ) ) ;
#5155 = PRESENTATION_LAYER_ASSIGNMENT (  '', '', ( #4639 ) ) ;
#5156 = COLOUR_RGB ( '',0.5019607843137254832, 1.000000000000000000, 0.5019607843137254832 ) ;
#5157 = DIRECTION ( 'NONE',  ( 0.000000000000000000, 0.000000000000000000, -1.000000000000000000 ) ) ;
#5158 = EDGE_CURVE ( 'NONE', #4707, #2196, #4618, .T. ) ;
#5159 = CARTESIAN_POINT ( 'NONE',  ( 0.3749999999999998890, -5.000000000000000000, -2.350000000000000089 ) ) ;
#5160 = ORIENTED_EDGE ( 'NONE', *, *, #705, .F. ) ;
#5161 =( GEOMETRIC_REPRESENTATION_CONTEXT ( 3 ) GLOBAL_UNCERTAINTY_ASSIGNED_CONTEXT ( ( #432 ) ) GLOBAL_UNIT_ASSIGNED_CONTEXT ( ( #7359, #4165, #2957 ) ) REPRESENTATION_CONTEXT ( 'NONE', 'WORKASPACE' ) );
#5162 =( NAMED_UNIT ( * ) SI_UNIT ( $, .STERADIAN. ) SOLID_ANGLE_UNIT ( ) );
#5163 = ORIENTED_EDGE ( 'NONE', *, *, #5459, .F. ) ;
#5164 = DIRECTION ( 'NONE',  ( -1.000000000000000000, 0.000000000000000000, -0.000000000000000000 ) ) ;
#5165 = FACE_OUTER_BOUND ( 'NONE', #5764, .T. ) ;
#5166 = CARTESIAN_POINT ( 'NONE',  ( 2.499999999999999556, 2.649000000000000909, 1.445602896648143000E-19 ) ) ;
#5167 =( LENGTH_UNIT ( ) NAMED_UNIT ( * ) SI_UNIT ( .MILLI., .METRE. ) );
#5168 =( LENGTH_UNIT ( ) NAMED_UNIT ( * ) SI_UNIT ( .MILLI., .METRE. ) );
#5169 =( NAMED_UNIT ( * ) PLANE_ANGLE_UNIT ( ) SI_UNIT ( $, .RADIAN. ) );
#5170 = EDGE_CURVE ( 'NONE', #6579, #1004, #947, .T. ) ;
#5171 = EDGE_LOOP ( 'NONE', ( #4518, #2688, #4908, #632 ) ) ;
#5172 = MECHANICAL_DESIGN_GEOMETRIC_PRESENTATION_REPRESENTATION (  '', ( #6133 ), #6456 ) ;
#5173 = CARTESIAN_POINT ( 'NONE',  ( -0.5540446486006944671, 0.2999999999999991562, 3.299999999999999822 ) ) ;
#5174 = CARTESIAN_POINT ( 'NONE',  ( 2.499999999999999556, 2.650000000000000799, 3.252606517456513795E-16 ) ) ;
#5175 = ORIENTED_EDGE ( 'NONE', *, *, #6908, .T. ) ;
#5176 = ADVANCED_FACE ( 'NONE', ( #2408 ), #6288, .F. ) ;
#5177 = EDGE_CURVE ( 'NONE', #2322, #3482, #2399, .T. ) ;
#5178 = ORIENTED_EDGE ( 'NONE', *, *, #1484, .F. ) ;
#5179 = SURFACE_SIDE_STYLE ('',( #4312 ) ) ;
#5180 = LINE ( 'NONE', #7258, #2988 ) ;
#5181 = CARTESIAN_POINT ( 'NONE',  ( 2.499999999999999556, 6.043112549695427660, -1.199000000000000066 ) ) ;
#5182 =( NAMED_UNIT ( * ) PLANE_ANGLE_UNIT ( ) SI_UNIT ( $, .RADIAN. ) );
#5183 = VECTOR ( 'NONE', #1286, 1000.000000000000000 ) ;
#5184 =( NAMED_UNIT ( * ) SI_UNIT ( $, .STERADIAN. ) SOLID_ANGLE_UNIT ( ) );
#5185 = ORIENTED_EDGE ( 'NONE', *, *, #6455, .F. ) ;
#5186 = SURFACE_STYLE_FILL_AREA ( #754 ) ;
#5187 = VECTOR ( 'NONE', #3410, 1000.000000000000000 ) ;
#5188 = DIRECTION ( 'NONE',  ( -1.000000000000000000, 0.000000000000000000, 0.000000000000000000 ) ) ;
#5189 = FACE_OUTER_BOUND ( 'NONE', #4882, .T. ) ;
#5190 = COLOUR_RGB ( '',1.000000000000000000, 1.000000000000000000, 0.7529411764705882248 ) ;
#5191 = AXIS2_PLACEMENT_3D ( 'NONE', #3498, #2132, #7917 ) ;
#5192 = ORIENTED_EDGE ( 'NONE', *, *, #8025, .T. ) ;
#5193 =( NAMED_UNIT ( * ) SI_UNIT ( $, .STERADIAN. ) SOLID_ANGLE_UNIT ( ) );
#5194 = VECTOR ( 'NONE', #6422, 1000.000000000000000 ) ;
#5195 = FILL_AREA_STYLE_COLOUR ( '', #1503 ) ;
#5196 = LINE ( 'NONE', #5181, #6600 ) ;
#5197 = FACE_OUTER_BOUND ( 'NONE', #3740, .T. ) ;
#5198 = PRESENTATION_LAYER_ASSIGNMENT (  '', '', ( #4362 ) ) ;
#5199 = CARTESIAN_POINT ( 'NONE',  ( -2.500000000000000444, 4.950000000000001066, 0.000000000000000000 ) ) ;
#5200 = ORIENTED_EDGE ( 'NONE', *, *, #7175, .F. ) ;
#5201 = COLOUR_RGB ( '',0.5019607843137254832, 1.000000000000000000, 0.5019607843137254832 ) ;
#5202 = PRESENTATION_LAYER_ASSIGNMENT (  '', '', ( #3931 ) ) ;
#5203 =( GEOMETRIC_REPRESENTATION_CONTEXT ( 3 ) GLOBAL_UNCERTAINTY_ASSIGNED_CONTEXT ( ( #2055 ) ) GLOBAL_UNIT_ASSIGNED_CONTEXT ( ( #7126, #3295, #4593 ) ) REPRESENTATION_CONTEXT ( 'NONE', 'WORKASPACE' ) );
#5204 =( NAMED_UNIT ( * ) PLANE_ANGLE_UNIT ( ) SI_UNIT ( $, .RADIAN. ) );
#5205 = UNCERTAINTY_MEASURE_WITH_UNIT (LENGTH_MEASURE( 1.000000000000000082E-05 ), #6100, 'distance_accuracy_value', 'NONE');
#5206 = ORIENTED_EDGE ( 'NONE', *, *, #1269, .T. ) ;
#5207 = DIRECTION ( 'NONE',  ( 1.000000000000000000, -0.000000000000000000, -0.000000000000000000 ) ) ;
#5208 = PRESENTATION_STYLE_ASSIGNMENT (( #2286 ) ) ;
#5209 = EDGE_CURVE ( 'NONE', #7857, #5398, #3899, .T. ) ;
#5210 = CARTESIAN_POINT ( 'NONE',  ( -1.999999999999999556, -5.100000000000000533, -0.3500000000000000333 ) ) ;
#5211 = EDGE_LOOP ( 'NONE', ( #7449, #1086, #7008, #7274, #7556, #1055, #7859, #2984, #6746, #4331 ) ) ;
#5212 = MECHANICAL_DESIGN_GEOMETRIC_PRESENTATION_REPRESENTATION (  '', ( #6616 ), #6771 ) ;
#5213 = DIRECTION ( 'NONE',  ( -0.000000000000000000, 0.000000000000000000, -1.000000000000000000 ) ) ;
#5214 = PRESENTATION_STYLE_ASSIGNMENT (( #1616 ) ) ;
#5215 = SURFACE_SIDE_STYLE ('',( #1244 ) ) ;
#5216 = PRESENTATION_LAYER_ASSIGNMENT (  '', '', ( #7509 ) ) ;
#5217 =( NAMED_UNIT ( * ) PLANE_ANGLE_UNIT ( ) SI_UNIT ( $, .RADIAN. ) );
#5218 = VERTEX_POINT ( 'NONE', #4466 ) ;
#5219 = VECTOR ( 'NONE', #253, 1000.000000000000000 ) ;
#5220 = CARTESIAN_POINT ( 'NONE',  ( 4.349999999999999645, 3.049000000000001265, 3.252606517456513795E-16 ) ) ;
#5221 =( NAMED_UNIT ( * ) PLANE_ANGLE_UNIT ( ) SI_UNIT ( $, .RADIAN. ) );
#5222 = EDGE_CURVE ( 'NONE', #3153, #2397, #628, .T. ) ;
#5223 = ADVANCED_FACE ( 'NONE', ( #7193 ), #717, .T. ) ;
#5224 = VECTOR ( 'NONE', #7134, 1000.000000000000114 ) ;
#5225 =( GEOMETRIC_REPRESENTATION_CONTEXT ( 3 ) GLOBAL_UNCERTAINTY_ASSIGNED_CONTEXT ( ( #8149 ) ) GLOBAL_UNIT_ASSIGNED_CONTEXT ( ( #5535, #8064, #470 ) ) REPRESENTATION_CONTEXT ( 'NONE', 'WORKASPACE' ) );
#5226 = CARTESIAN_POINT ( 'NONE',  ( -2.999999999999999556, -5.100000000000000533, -0.2500000000000000555 ) ) ;
#5227 = DIRECTION ( 'NONE',  ( 0.000000000000000000, 0.000000000000000000, -1.000000000000000000 ) ) ;
#5228 = PLANE ( 'NONE',  #478 ) ;
#5229 =( NAMED_UNIT ( * ) SI_UNIT ( $, .STERADIAN. ) SOLID_ANGLE_UNIT ( ) );
#5230 = UNCERTAINTY_MEASURE_WITH_UNIT (LENGTH_MEASURE( 1.000000000000000082E-05 ), #5643, 'distance_accuracy_value', 'NONE');
#5231 = COLOUR_RGB ( '',1.000000000000000000, 1.000000000000000000, 0.7529411764705882248 ) ;
#5232 = EDGE_CURVE ( 'NONE', #6685, #1663, #1911, .T. ) ;
#5233 =( NAMED_UNIT ( * ) PLANE_ANGLE_UNIT ( ) SI_UNIT ( $, .RADIAN. ) );
#5234 = FACE_BOUND ( 'NONE', #5448, .T. ) ;
#5235 = FILL_AREA_STYLE ('',( #5910 ) ) ;
#5236 = ORIENTED_EDGE ( 'NONE', *, *, #6067, .F. ) ;
#5237 = FILL_AREA_STYLE_COLOUR ( '', #6369 ) ;
#5238 = ORIENTED_EDGE ( 'NONE', *, *, #2031, .T. ) ;
#5239 =( LENGTH_UNIT ( ) NAMED_UNIT ( * ) SI_UNIT ( .MILLI., .METRE. ) );
#5240 = CARTESIAN_POINT ( 'NONE',  ( -4.393301270189223118, 4.975000000000002309, 0.000000000000000000 ) ) ;
#5241 =( GEOMETRIC_REPRESENTATION_CONTEXT ( 3 ) GLOBAL_UNCERTAINTY_ASSIGNED_CONTEXT ( ( #900 ) ) GLOBAL_UNIT_ASSIGNED_CONTEXT ( ( #7141, #4585, #5862 ) ) REPRESENTATION_CONTEXT ( 'NONE', 'WORKASPACE' ) );
#5242 = ORIENTED_EDGE ( 'NONE', *, *, #1135, .F. ) ;
#5243 = VECTOR ( 'NONE', #6236, 1000.000000000000000 ) ;
#5244 = ORIENTED_EDGE ( 'NONE', *, *, #1504, .F. ) ;
#5245 = CARTESIAN_POINT ( 'NONE',  ( -0.3749999999999993894, 2.400000000000001243, -2.350000000000000089 ) ) ;
#5246 = DIRECTION ( 'NONE',  ( -0.000000000000000000, 0.000000000000000000, 1.000000000000000000 ) ) ;
#5247 =( NAMED_UNIT ( * ) SI_UNIT ( $, .STERADIAN. ) SOLID_ANGLE_UNIT ( ) );
#5248 = LINE ( 'NONE', #6925, #3551 ) ;
#5249 =( LENGTH_UNIT ( ) NAMED_UNIT ( * ) SI_UNIT ( .MILLI., .METRE. ) );
#5250 = EDGE_LOOP ( 'NONE', ( #2104, #7213, #5905, #107 ) ) ;
#5251 = STYLED_ITEM ( 'NONE', ( #2815 ), #6522 ) ;
#5252 = AXIS2_PLACEMENT_3D ( 'NONE', #3331, #4576, #7779 ) ;
#5253 = FILL_AREA_STYLE ('',( #6540 ) ) ;
#5254 = PLANE ( 'NONE',  #2450 ) ;
#5255 = EDGE_CURVE ( 'NONE', #3647, #2592, #6604, .T. ) ;
#5256 = CLOSED_SHELL ( 'NONE', ( #3431, #3473, #3002, #2819, #2220, #1879, #2765, #4568, #6741, #7113, #6522, #1678, #2640, #728, #3389, #4716, #5102, #3174, #2091, #4874 ) ) ;
#5257 = EDGE_LOOP ( 'NONE', ( #4554, #1824, #1557, #5709 ) ) ;
#5258 = CIRCLE ( 'NONE', #3052, 1.199999999999999512 ) ;
#5259 = PRESENTATION_LAYER_ASSIGNMENT (  '', '', ( #272 ) ) ;
#5260 = SURFACE_SIDE_STYLE ('',( #3583 ) ) ;
#5261 = ADVANCED_FACE ( 'NONE', ( #7681 ), #5902, .T. ) ;
#5262 = EDGE_CURVE ( 'NONE', #652, #8185, #531, .T. ) ;
#5263 = DIRECTION ( 'NONE',  ( -0.000000000000000000, -1.000000000000000000, 1.445602896647339410E-16 ) ) ;
#5264 = ORIENTED_EDGE ( 'NONE', *, *, #1746, .F. ) ;
#5265 = DIRECTION ( 'NONE',  ( 0.000000000000000000, -1.000000000000000000, 1.398970545142588514E-16 ) ) ;
#5266 = CARTESIAN_POINT ( 'NONE',  ( -4.443301270189222940, 4.975000000000002309, 0.000000000000000000 ) ) ;
#5267 = PLANE ( 'NONE',  #3490 ) ;
#5268 = STYLED_ITEM ( 'NONE', ( #558 ), #1395 ) ;
#5269 = ADVANCED_FACE ( 'NONE', ( #3200 ), #3937, .F. ) ;
#5270 = CARTESIAN_POINT ( 'NONE',  ( 0.6669697220176635799, 3.049000000000001265, 0.2499999999999995282 ) ) ;
#5271 = SURFACE_STYLE_USAGE ( .BOTH. , #7849 ) ;
#5272 = UNCERTAINTY_MEASURE_WITH_UNIT (LENGTH_MEASURE( 1.000000000000000082E-05 ), #2542, 'distance_accuracy_value', 'NONE');
#5273 = ORIENTED_EDGE ( 'NONE', *, *, #6283, .F. ) ;
#5274 = FACE_OUTER_BOUND ( 'NONE', #3666, .T. ) ;
#5275 = FILL_AREA_STYLE_COLOUR ( '', #4067 ) ;
#5276 =( NAMED_UNIT ( * ) PLANE_ANGLE_UNIT ( ) SI_UNIT ( $, .RADIAN. ) );
#5277 = ORIENTED_EDGE ( 'NONE', *, *, #2242, .F. ) ;
#5278 = PRESENTATION_LAYER_ASSIGNMENT (  '', '', ( #4439 ) ) ;
#5279 = DIRECTION ( 'NONE',  ( 0.000000000000000000, 0.000000000000000000, 1.000000000000000000 ) ) ;
#5280 = ORIENTED_EDGE ( 'NONE', *, *, #2903, .F. ) ;
#5281 = VECTOR ( 'NONE', #5405, 1000.000000000000000 ) ;
#5282 = CARTESIAN_POINT ( 'NONE',  ( -3.899999999999999911, -1.200000000000000400, 2.350000000000000089 ) ) ;
#5283 = DIRECTION ( 'NONE',  ( 7.760429719096859345E-17, -1.000000000000000000, 0.000000000000000000 ) ) ;
#5284 = FILL_AREA_STYLE_COLOUR ( '', #7367 ) ;
#5285 = EDGE_CURVE ( 'NONE', #3196, #1004, #2509, .T. ) ;
#5286 = DIRECTION ( 'NONE',  ( 0.000000000000000000, -0.000000000000000000, 1.000000000000000000 ) ) ;
#5287 = DIRECTION ( 'NONE',  ( 0.000000000000000000, 0.000000000000000000, -1.000000000000000000 ) ) ;
#5288 = ORIENTED_EDGE ( 'NONE', *, *, #3452, .T. ) ;
#5289 = CARTESIAN_POINT ( 'NONE',  ( -2.999999999999999556, -1.599999999999998979, -2.250000000000000000 ) ) ;
#5290 = SURFACE_STYLE_FILL_AREA ( #6495 ) ;
#5291 =( NAMED_UNIT ( * ) PLANE_ANGLE_UNIT ( ) SI_UNIT ( $, .RADIAN. ) );
#5292 = CARTESIAN_POINT ( 'NONE',  ( -2.749999999999999556, -2.244443709649962315, -3.500000000000000000 ) ) ;
#5293 = DIRECTION ( 'NONE',  ( -7.760429719096859345E-17, 1.000000000000000000, -0.000000000000000000 ) ) ;
#5294 = DIRECTION ( 'NONE',  ( 1.000000000000000000, 0.000000000000000000, 0.000000000000000000 ) ) ;
#5295 = EDGE_LOOP ( 'NONE', ( #7178, #743, #7889, #7852 ) ) ;
#5296 = COLOUR_RGB ( '',0.5019607843137254832, 1.000000000000000000, 0.5019607843137254832 ) ;
#5297 = LINE ( 'NONE', #3152, #1526 ) ;
#5298 = MECHANICAL_DESIGN_GEOMETRIC_PRESENTATION_REPRESENTATION (  '', ( #1726 ), #7851 ) ;
#5299 = ADVANCED_FACE ( 'NONE', ( #1038 ), #3091, .T. ) ;
#5300 = ORIENTED_EDGE ( 'NONE', *, *, #4973, .F. ) ;
#5301 =( GEOMETRIC_REPRESENTATION_CONTEXT ( 3 ) GLOBAL_UNCERTAINTY_ASSIGNED_CONTEXT ( ( #4725 ) ) GLOBAL_UNIT_ASSIGNED_CONTEXT ( ( #5646, #684, #1864 ) ) REPRESENTATION_CONTEXT ( 'NONE', 'WORKASPACE' ) );
#5302 = PRESENTATION_STYLE_ASSIGNMENT (( #6947 ) ) ;
#5303 = FILL_AREA_STYLE ('',( #4664 ) ) ;
#5304 = ORIENTED_EDGE ( 'NONE', *, *, #3988, .F. ) ;
#5305 = AXIS2_PLACEMENT_3D ( 'NONE', #5349, #6054, #4711 ) ;
#5306 = CARTESIAN_POINT ( 'NONE',  ( 2.499999999999999556, 0.4000000000000010214, 3.252606517456513302E-16 ) ) ;
#5307 = CARTESIAN_POINT ( 'NONE',  ( -1.999999999999999556, -1.000000000000000000, -2.349999999999999645 ) ) ;
#5308 = EDGE_CURVE ( 'NONE', #6144, #6090, #5690, .T. ) ;
#5309 = VERTEX_POINT ( 'NONE', #3611 ) ;
#5310 = MECHANICAL_DESIGN_GEOMETRIC_PRESENTATION_REPRESENTATION (  '', ( #2432 ), #7702 ) ;
#5311 = VERTEX_POINT ( 'NONE', #1610 ) ;
#5312 = SURFACE_SIDE_STYLE ('',( #6040 ) ) ;
#5313 = ADVANCED_FACE ( 'NONE', ( #4720 ), #2992, .F. ) ;
#5314 = EDGE_LOOP ( 'NONE', ( #3676, #6505, #6597, #5435 ) ) ;
#5315 = DIRECTION ( 'NONE',  ( 1.000000000000000000, -0.000000000000000000, -0.000000000000000000 ) ) ;
#5316 = CARTESIAN_POINT ( 'NONE',  ( -0.5540446486006944671, -4.250311307314563969, 4.049999999999999822 ) ) ;
#5317 = CARTESIAN_POINT ( 'NONE',  ( -2.999999999999999556, -2.999999999999998668, -3.499999999999999112 ) ) ;
#5318 = FACE_OUTER_BOUND ( 'NONE', #5339, .T. ) ;
#5319 = PRESENTATION_STYLE_ASSIGNMENT (( #4535 ) ) ;
#5320 = SURFACE_STYLE_USAGE ( .BOTH. , #3451 ) ;
#5321 = EDGE_CURVE ( 'NONE', #3708, #7691, #1809, .T. ) ;
#5322 = CIRCLE ( 'NONE', #925, 0.05000000000000002359 ) ;
#5323 = PRESENTATION_STYLE_ASSIGNMENT (( #2544 ) ) ;
#5324 = CARTESIAN_POINT ( 'NONE',  ( 2.499999999999999556, 3.449000000000001176, 3.252606517456513795E-16 ) ) ;
#5325 = STYLED_ITEM ( 'NONE', ( #7798 ), #816 ) ;
#5326 =( GEOMETRIC_REPRESENTATION_CONTEXT ( 3 ) GLOBAL_UNCERTAINTY_ASSIGNED_CONTEXT ( ( #2522 ) ) GLOBAL_UNIT_ASSIGNED_CONTEXT ( ( #514, #3695, #3667 ) ) REPRESENTATION_CONTEXT ( 'NONE', 'WORKASPACE' ) );
#5327 = FILL_AREA_STYLE ('',( #6553 ) ) ;
#5328 = DIRECTION ( 'NONE',  ( 0.000000000000000000, 0.000000000000000000, 1.000000000000000000 ) ) ;
#5329 = UNCERTAINTY_MEASURE_WITH_UNIT (LENGTH_MEASURE( 1.000000000000000082E-05 ), #1934, 'distance_accuracy_value', 'NONE');
#5330 = DIRECTION ( 'NONE',  ( -0.000000000000000000, 1.000000000000000000, -1.445602896647339410E-16 ) ) ;
#5331 = ORIENTED_EDGE ( 'NONE', *, *, #5058, .T. ) ;
#5332 = EDGE_CURVE ( 'NONE', #5477, #7343, #4606, .T. ) ;
#5333 = LINE ( 'NONE', #7836, #3638 ) ;
#5334 = MECHANICAL_DESIGN_GEOMETRIC_PRESENTATION_REPRESENTATION (  '', ( #7934 ), #6631 ) ;
#5335 =( NAMED_UNIT ( * ) SI_UNIT ( $, .STERADIAN. ) SOLID_ANGLE_UNIT ( ) );
#5336 = VERTEX_POINT ( 'NONE', #6094 ) ;
#5337 = EDGE_CURVE ( 'NONE', #7103, #2580, #434, .T. ) ;
#5338 = ORIENTED_EDGE ( 'NONE', *, *, #7654, .F. ) ;
#5339 = EDGE_LOOP ( 'NONE', ( #7570, #4758, #6258, #3 ) ) ;
#5340 = PLANE ( 'NONE',  #3403 ) ;
#5341 = FILL_AREA_STYLE_COLOUR ( '', #3372 ) ;
#5342 = CARTESIAN_POINT ( 'NONE',  ( 0.5540446486006960214, -4.250311307314563969, 4.049999999999999822 ) ) ;
#5343 = SURFACE_SIDE_STYLE ('',( #3291 ) ) ;
#5344 = LINE ( 'NONE', #7991, #488 ) ;
#5345 = ORIENTED_EDGE ( 'NONE', *, *, #2657, .T. ) ;
#5346 = MANIFOLD_SOLID_BREP ( 'LPattern10', #4722 ) ;
#5347 =( NAMED_UNIT ( * ) PLANE_ANGLE_UNIT ( ) SI_UNIT ( $, .RADIAN. ) );
#5348 =( GEOMETRIC_REPRESENTATION_CONTEXT ( 3 ) GLOBAL_UNCERTAINTY_ASSIGNED_CONTEXT ( ( #6452 ) ) GLOBAL_UNIT_ASSIGNED_CONTEXT ( ( #4544, #1936, #1334 ) ) REPRESENTATION_CONTEXT ( 'NONE', 'WORKASPACE' ) );
#5349 = CARTESIAN_POINT ( 'NONE',  ( 2.499999999999999112, 3.049000000000001265, 3.252606517456513795E-16 ) ) ;
#5350 =( GEOMETRIC_REPRESENTATION_CONTEXT ( 3 ) GLOBAL_UNCERTAINTY_ASSIGNED_CONTEXT ( ( #3365 ) ) GLOBAL_UNIT_ASSIGNED_CONTEXT ( ( #2209, #4087, #7850 ) ) REPRESENTATION_CONTEXT ( 'NONE', 'WORKASPACE' ) );
#5351 = ADVANCED_FACE ( 'NONE', ( #3794, #5684 ), #4863, .F. ) ;
#5352 = ORIENTED_EDGE ( 'NONE', *, *, #8228, .F. ) ;
#5353 = AXIS2_PLACEMENT_3D ( 'NONE', #7689, #5135, #3182 ) ;
#5354 = CIRCLE ( 'NONE', #6801, 1.199999999999999512 ) ;
#5355 = FILL_AREA_STYLE ('',( #933 ) ) ;
#5356 =( GEOMETRIC_REPRESENTATION_CONTEXT ( 3 ) GLOBAL_UNCERTAINTY_ASSIGNED_CONTEXT ( ( #6968 ) ) GLOBAL_UNIT_ASSIGNED_CONTEXT ( ( #2907, #7340, #7285 ) ) REPRESENTATION_CONTEXT ( 'NONE', 'WORKASPACE' ) );
#5357 = CARTESIAN_POINT ( 'NONE',  ( -2.749999999999999556, -2.999999999999998668, -3.499999999999999112 ) ) ;
#5358 =( LENGTH_UNIT ( ) NAMED_UNIT ( * ) SI_UNIT ( .MILLI., .METRE. ) );
#5359 = ORIENTED_EDGE ( 'NONE', *, *, #431, .T. ) ;
#5360 = PRESENTATION_LAYER_ASSIGNMENT (  '', '', ( #6107 ) ) ;
#5361 = STYLED_ITEM ( 'NONE', ( #5703 ), #3843 ) ;
#5362 = EDGE_CURVE ( 'NONE', #6078, #2276, #617, .T. ) ;
#5363 = CARTESIAN_POINT ( 'NONE',  ( -4.625000000000000888, 2.400000000000001243, 2.350000000000000089 ) ) ;
#5364 = AXIS2_PLACEMENT_3D ( 'NONE', #7035, #7002, #6914 ) ;
#5365 = CARTESIAN_POINT ( 'NONE',  ( 0.9108219766229190828, 3.896707394078146702, -0.2499999999999997224 ) ) ;
#5366 = LINE ( 'NONE', #6762, #3675 ) ;
#5367 = AXIS2_PLACEMENT_3D ( 'NONE', #2081, #4077, #5286 ) ;
#5368 = EDGE_LOOP ( 'NONE', ( #2804, #2944, #1906, #6958 ) ) ;
#5369 = CARTESIAN_POINT ( 'NONE',  ( -2.176326980708464642, -8.500000000000000000, 0.2500000000000004996 ) ) ;
#5370 = FACE_OUTER_BOUND ( 'NONE', #6680, .T. ) ;
#5371 = DIRECTION ( 'NONE',  ( 0.000000000000000000, 1.000000000000000000, 0.000000000000000000 ) ) ;
#5372 =( NAMED_UNIT ( * ) PLANE_ANGLE_UNIT ( ) SI_UNIT ( $, .RADIAN. ) );
#5373 = UNCERTAINTY_MEASURE_WITH_UNIT (LENGTH_MEASURE( 1.000000000000000082E-05 ), #1040, 'distance_accuracy_value', 'NONE');
#5374 = CARTESIAN_POINT ( 'NONE',  ( -4.025000000000001243, 2.651000000000001133, 1.869031971596363788E-16 ) ) ;
#5375 = VERTEX_POINT ( 'NONE', #7374 ) ;
#5376 = EDGE_CURVE ( 'NONE', #5311, #3996, #6698, .T. ) ;
#5377 = FILL_AREA_STYLE ('',( #2203 ) ) ;
#5378 = ORIENTED_EDGE ( 'NONE', *, *, #7778, .F. ) ;
#5379 =( GEOMETRIC_REPRESENTATION_CONTEXT ( 3 ) GLOBAL_UNCERTAINTY_ASSIGNED_CONTEXT ( ( #4355 ) ) GLOBAL_UNIT_ASSIGNED_CONTEXT ( ( #891, #3309, #3960 ) ) REPRESENTATION_CONTEXT ( 'NONE', 'WORKASPACE' ) );
#5380 = VECTOR ( 'NONE', #6628, 1000.000000000000000 ) ;
#5381 =( LENGTH_UNIT ( ) NAMED_UNIT ( * ) SI_UNIT ( .MILLI., .METRE. ) );
#5382 = CARTESIAN_POINT ( 'NONE',  ( -2.999999999999999556, -1.099999999999998979, -2.250000000000000000 ) ) ;
#5383 = CARTESIAN_POINT ( 'NONE',  ( 2.000000000000000444, -1.099999999999998979, -2.250000000000000000 ) ) ;
#5384 = SURFACE_STYLE_FILL_AREA ( #3099 ) ;
#5385 = FILL_AREA_STYLE ('',( #7317 ) ) ;
#5386 = CLOSED_SHELL ( 'NONE', ( #1353, #1118, #3974, #52, #1221, #7797, #4789, #5547, #3257, #7, #5351, #4191, #2344, #6300, #5904, #2174, #228, #997, #8100, #1263, #1519 ) ) ;
#5387 = SURFACE_STYLE_FILL_AREA ( #726 ) ;
#5388 = CARTESIAN_POINT ( 'NONE',  ( -2.999999999999999556, -4.599999999999996980, -3.499999999999999112 ) ) ;
#5389 = SURFACE_SIDE_STYLE ('',( #3572 ) ) ;
#5390 = ADVANCED_FACE ( 'NONE', ( #4207, #2894 ), #4888, .F. ) ;
#5391 = ORIENTED_EDGE ( 'NONE', *, *, #5170, .F. ) ;
#5392 = PRESENTATION_STYLE_ASSIGNMENT (( #8046 ) ) ;
#5393 = FACE_OUTER_BOUND ( 'NONE', #739, .T. ) ;
#5394 =( LENGTH_UNIT ( ) NAMED_UNIT ( * ) SI_UNIT ( .MILLI., .METRE. ) );
#5395 = CARTESIAN_POINT ( 'NONE',  ( -1.999999999999999556, -2.999999999999998668, -4.049999999999999822 ) ) ;
#5396 = DIRECTION ( 'NONE',  ( -1.000000000000000000, 0.000000000000000000, -0.000000000000000000 ) ) ;
#5397 = LINE ( 'NONE', #4810, #4030 ) ;
#5398 = VERTEX_POINT ( 'NONE', #1000 ) ;
#5399 = CARTESIAN_POINT ( 'NONE',  ( -2.999999999999999556, 0.000000000000000000, 0.000000000000000000 ) ) ;
#5400 = CARTESIAN_POINT ( 'NONE',  ( 0.5540446486006960214, 0.2999999999999991562, 3.299999999999999822 ) ) ;
#5401 = ORIENTED_EDGE ( 'NONE', *, *, #2237, .F. ) ;
#5402 = EDGE_LOOP ( 'NONE', ( #3378, #2835, #1560, #4808 ) ) ;
#5403 = LINE ( 'NONE', #7411, #5913 ) ;
#5404 = UNCERTAINTY_MEASURE_WITH_UNIT (LENGTH_MEASURE( 1.000000000000000082E-05 ), #5149, 'distance_accuracy_value', 'NONE');
#5405 = DIRECTION ( 'NONE',  ( 0.000000000000000000, -1.445602896647339410E-16, -1.000000000000000000 ) ) ;
#5406 = SURFACE_SIDE_STYLE ('',( #1830 ) ) ;
#5407 = ORIENTED_EDGE ( 'NONE', *, *, #5177, .F. ) ;
#5408 = FILL_AREA_STYLE_COLOUR ( '', #1315 ) ;
#5409 = FACE_BOUND ( 'NONE', #2551, .T. ) ;
#5410 = MECHANICAL_DESIGN_GEOMETRIC_PRESENTATION_REPRESENTATION (  '', ( #4574 ), #6969 ) ;
#5411 = COLOUR_RGB ( '',0.5019607843137254832, 1.000000000000000000, 0.5019607843137254832 ) ;
#5412 = MECHANICAL_DESIGN_GEOMETRIC_PRESENTATION_REPRESENTATION (  '', ( #4259 ), #6012 ) ;
#5413 = ORIENTED_EDGE ( 'NONE', *, *, #5592, .F. ) ;
#5414 = CARTESIAN_POINT ( 'NONE',  ( 4.445955351399304867, -4.250311307314563969, 4.049999999999999822 ) ) ;
#5415 = CARTESIAN_POINT ( 'NONE',  ( 0.6669697220176635799, 3.049000000000001265, -0.2499999999999996669 ) ) ;
#5416 =( GEOMETRIC_REPRESENTATION_CONTEXT ( 3 ) GLOBAL_UNCERTAINTY_ASSIGNED_CONTEXT ( ( #7124 ) ) GLOBAL_UNIT_ASSIGNED_CONTEXT ( ( #1664, #2812, #294 ) ) REPRESENTATION_CONTEXT ( 'NONE', 'WORKASPACE' ) );
#5417 = CYLINDRICAL_SURFACE ( 'NONE', #7405, 1.850000000000000089 ) ;
#5418 = LINE ( 'NONE', #4429, #5031 ) ;
#5419 = SURFACE_STYLE_FILL_AREA ( #5589 ) ;
#5420 = LINE ( 'NONE', #5127, #6111 ) ;
#5421 = DIRECTION ( 'NONE',  ( 7.760429719096859345E-17, -1.000000000000000000, 0.000000000000000000 ) ) ;
#5422 = CARTESIAN_POINT ( 'NONE',  ( 2.000000000000000444, -4.400000000000000355, -2.899999999999999911 ) ) ;
#5423 = CARTESIAN_POINT ( 'NONE',  ( -2.999999999999999556, -1.500000000000002220, -3.499999999999999556 ) ) ;
#5424 = VECTOR ( 'NONE', #5283, 1000.000000000000000 ) ;
#5425 = DIRECTION ( 'NONE',  ( 7.760429719096859345E-17, -1.000000000000000000, -0.000000000000000000 ) ) ;
#5426 = STYLED_ITEM ( 'NONE', ( #4760 ), #940 ) ;
#5427 = SURFACE_STYLE_FILL_AREA ( #1882 ) ;
#5428 = CARTESIAN_POINT ( 'NONE',  ( -1.999999999999999556, -1.000000000000000000, -2.349999999999999645 ) ) ;
#5429 = ORIENTED_EDGE ( 'NONE', *, *, #7057, .F. ) ;
#5430 =( LENGTH_UNIT ( ) NAMED_UNIT ( * ) SI_UNIT ( .MILLI., .METRE. ) );
#5431 = COLOUR_RGB ( '',1.000000000000000000, 1.000000000000000000, 0.7529411764705882248 ) ;
#5432 = ADVANCED_FACE ( 'NONE', ( #4000 ), #6193, .T. ) ;
#5433 = DIRECTION ( 'NONE',  ( 0.000000000000000000, -2.551063935260019366E-16, -1.000000000000000000 ) ) ;
#5434 =( NAMED_UNIT ( * ) SI_UNIT ( $, .STERADIAN. ) SOLID_ANGLE_UNIT ( ) );
#5435 = ORIENTED_EDGE ( 'NONE', *, *, #4853, .T. ) ;
#5436 = EDGE_CURVE ( 'NONE', #254, #5218, #7474, .T. ) ;
#5437 = STYLED_ITEM ( 'NONE', ( #2423 ), #1961 ) ;
#5438 = VERTEX_POINT ( 'NONE', #5012 ) ;
#5439 = DIRECTION ( 'NONE',  ( 0.000000000000000000, -0.000000000000000000, -1.000000000000000000 ) ) ;
#5440 = DIRECTION ( 'NONE',  ( 0.000000000000000000, 0.000000000000000000, -1.000000000000000000 ) ) ;
#5441 = ORIENTED_EDGE ( 'NONE', *, *, #2736, .F. ) ;
#5442 = EDGE_CURVE ( 'NONE', #4444, #6895, #7095, .T. ) ;
#5443 = ORIENTED_EDGE ( 'NONE', *, *, #7891, .F. ) ;
#5444 = CARTESIAN_POINT ( 'NONE',  ( 3.000000000000000444, -5.000000000000000000, -3.099999999999996980 ) ) ;
#5445 = SURFACE_SIDE_STYLE ('',( #3394 ) ) ;
#5446 = CARTESIAN_POINT ( 'NONE',  ( 4.349999999999999645, 2.651000000000001133, 3.252606517456513795E-16 ) ) ;
#5447 = ORIENTED_EDGE ( 'NONE', *, *, #2069, .T. ) ;
#5448 = EDGE_LOOP ( 'NONE', ( #5697, #3605 ) ) ;
#5449 =( LENGTH_UNIT ( ) NAMED_UNIT ( * ) SI_UNIT ( .MILLI., .METRE. ) );
#5450 = SURFACE_SIDE_STYLE ('',( #377 ) ) ;
#5451 = PRESENTATION_STYLE_ASSIGNMENT (( #4658 ) ) ;
#5452 = AXIS2_PLACEMENT_3D ( 'NONE', #7033, #3111, #7000 ) ;
#5453 = UNCERTAINTY_MEASURE_WITH_UNIT (LENGTH_MEASURE( 1.000000000000000082E-05 ), #217, 'distance_accuracy_value', 'NONE');
#5454 = DIRECTION ( 'NONE',  ( -1.000000000000000000, 0.000000000000000000, 0.000000000000000000 ) ) ;
#5455 = MECHANICAL_DESIGN_GEOMETRIC_PRESENTATION_REPRESENTATION (  '', ( #5044 ), #4307 ) ;
#5456 = DIRECTION ( 'NONE',  ( -0.000000000000000000, -1.000000000000000000, -0.000000000000000000 ) ) ;
#5457 = FILL_AREA_STYLE ('',( #309 ) ) ;
#5458 = PLANE ( 'NONE',  #8142 ) ;
#5459 = EDGE_CURVE ( 'NONE', #3196, #2503, #5475, .T. ) ;
#5460 = VECTOR ( 'NONE', #4852, 1000.000000000000000 ) ;
#5461 = PRESENTATION_LAYER_ASSIGNMENT (  '', '', ( #2364 ) ) ;
#5462 =( LENGTH_UNIT ( ) NAMED_UNIT ( * ) SI_UNIT ( .MILLI., .METRE. ) );
#5463 = SURFACE_STYLE_USAGE ( .BOTH. , #4851 ) ;
#5464 = DIRECTION ( 'NONE',  ( 1.000000000000000000, -0.000000000000000000, -0.000000000000000000 ) ) ;
#5465 = AXIS2_PLACEMENT_3D ( 'NONE', #2557, #4432, #7074 ) ;
#5466 = STYLED_ITEM ( 'NONE', ( #3408 ), #4153 ) ;
#5467 = ORIENTED_EDGE ( 'NONE', *, *, #1240, .F. ) ;
#5468 = EDGE_CURVE ( 'NONE', #4578, #4493, #4304, .T. ) ;
#5469 = ADVANCED_FACE ( 'NONE', ( #7174 ), #7539, .T. ) ;
#5470 = CYLINDRICAL_SURFACE ( 'NONE', #2581, 1.900000000000000577 ) ;
#5471 = AXIS2_PLACEMENT_3D ( 'NONE', #5485, #3534, #1091 ) ;
#5472 = DIRECTION ( 'NONE',  ( 7.760429719096859345E-17, -1.000000000000000000, -0.000000000000000000 ) ) ;
#5473 = UNCERTAINTY_MEASURE_WITH_UNIT (LENGTH_MEASURE( 1.000000000000000082E-05 ), #7940, 'distance_accuracy_value', 'NONE');
#5474 = CARTESIAN_POINT ( 'NONE',  ( -2.500000000000000444, 2.400000000000001243, 0.000000000000000000 ) ) ;
#5475 = LINE ( 'NONE', #3027, #3577 ) ;
#5476 = PLANE ( 'NONE',  #4799 ) ;
#5477 = VERTEX_POINT ( 'NONE', #5641 ) ;
#5478 = FILL_AREA_STYLE ('',( #2766 ) ) ;
#5479 = ORIENTED_EDGE ( 'NONE', *, *, #6077, .T. ) ;
#5480 = LINE ( 'NONE', #5245, #2197 ) ;
#5481 = LINE ( 'NONE', #3627, #3694 ) ;
#5482 = CARTESIAN_POINT ( 'NONE',  ( -4.625000000000000888, -4.049999999999999822, 2.350000000000000977 ) ) ;
#5483 =( LENGTH_UNIT ( ) NAMED_UNIT ( * ) SI_UNIT ( .MILLI., .METRE. ) );
#5484 = EDGE_CURVE ( 'NONE', #397, #649, #8156, .T. ) ;
#5485 = CARTESIAN_POINT ( 'NONE',  ( 4.625000000000000888, 8.736600034718932761, -2.350000000000000089 ) ) ;
#5486 = CARTESIAN_POINT ( 'NONE',  ( 3.000000000000000444, -7.499999999999984901, -0.2499999999999996669 ) ) ;
#5487 = DIRECTION ( 'NONE',  ( -1.000000000000000000, 0.000000000000000000, 0.000000000000000000 ) ) ;
#5488 = ORIENTED_EDGE ( 'NONE', *, *, #6046, .T. ) ;
#5489 = PRESENTATION_STYLE_ASSIGNMENT (( #2082 ) ) ;
#5490 = SURFACE_SIDE_STYLE ('',( #4633 ) ) ;
#5491 = VECTOR ( 'NONE', #4014, 999.9999999999998863 ) ;
#5492 = EDGE_CURVE ( 'NONE', #3413, #4450, #6272, .T. ) ;
#5493 = CARTESIAN_POINT ( 'NONE',  ( -2.999999999999999556, -0.9999999999999991118, -2.350000000000000089 ) ) ;
#5494 =( NAMED_UNIT ( * ) PLANE_ANGLE_UNIT ( ) SI_UNIT ( $, .RADIAN. ) );
#5495 = ORIENTED_EDGE ( 'NONE', *, *, #3891, .F. ) ;
#5496 = FACE_OUTER_BOUND ( 'NONE', #2221, .T. ) ;
#5497 = ORIENTED_EDGE ( 'NONE', *, *, #8228, .T. ) ;
#5498 = SURFACE_STYLE_USAGE ( .BOTH. , #5312 ) ;
#5499 = VERTEX_POINT ( 'NONE', #3803 ) ;
#5500 = VECTOR ( 'NONE', #4820, 1000.000000000000000 ) ;
#5501 = ORIENTED_EDGE ( 'NONE', *, *, #6443, .T. ) ;
#5502 = PRESENTATION_LAYER_ASSIGNMENT (  '', '', ( #1414 ) ) ;
#5503 = CARTESIAN_POINT ( 'NONE',  ( -1.099999999999995648, -1.200000000000001066, 2.549999999999994049 ) ) ;
#5504 = ORIENTED_EDGE ( 'NONE', *, *, #3756, .T. ) ;
#5505 = CARTESIAN_POINT ( 'NONE',  ( 4.625000000000000888, 8.736600034718932761, 2.350000000000000089 ) ) ;
#5506 = LINE ( 'NONE', #6358, #256 ) ;
#5507 = PRESENTATION_STYLE_ASSIGNMENT (( #4460 ) ) ;
#5508 = PRESENTATION_LAYER_ASSIGNMENT (  '', '', ( #7492 ) ) ;
#5509 = DIRECTION ( 'NONE',  ( 1.000000000000000000, 0.000000000000000000, 0.000000000000000000 ) ) ;
#5510 = ADVANCED_FACE ( 'NONE', ( #1892 ), #4400, .F. ) ;
#5511 = SURFACE_SIDE_STYLE ('',( #7479 ) ) ;
#5512 = SURFACE_STYLE_FILL_AREA ( #7815 ) ;
#5513 = CARTESIAN_POINT ( 'NONE',  ( -2.999999999999999556, -1.000000000000000000, -3.499999999999999556 ) ) ;
#5514 = CARTESIAN_POINT ( 'NONE',  ( -2.999999999999999556, -4.500000000000000888, -2.899999999999999023 ) ) ;
#5515 = PRESENTATION_LAYER_ASSIGNMENT (  '', '', ( #8224 ) ) ;
#5516 = PRESENTATION_LAYER_ASSIGNMENT (  '', '', ( #2101 ) ) ;
#5517 = SURFACE_STYLE_FILL_AREA ( #6302 ) ;
#5518 = DIRECTION ( 'NONE',  ( -1.000000000000000000, 0.000000000000000000, 0.000000000000000000 ) ) ;
#5519 = FILL_AREA_STYLE ('',( #4289 ) ) ;
#5520 = EDGE_CURVE ( 'NONE', #5570, #3715, #6689, .T. ) ;
#5521 = SURFACE_STYLE_FILL_AREA ( #5035 ) ;
#5522 = AXIS2_PLACEMENT_3D ( 'NONE', #1495, #5294, #2124 ) ;
#5523 = ORIENTED_EDGE ( 'NONE', *, *, #5376, .F. ) ;
#5524 = UNCERTAINTY_MEASURE_WITH_UNIT (LENGTH_MEASURE( 1.000000000000000082E-05 ), #5793, 'distance_accuracy_value', 'NONE');
#5525 = AXIS2_PLACEMENT_3D ( 'NONE', #5882, #5806, #776 ) ;
#5526 = CIRCLE ( 'NONE', #1962, 0.05000000000000002359 ) ;
#5527 = ORIENTED_EDGE ( 'NONE', *, *, #2457, .T. ) ;
#5528 = CARTESIAN_POINT ( 'NONE',  ( 4.500000000000000888, -4.299999999999999822, -2.250000000000000444 ) ) ;
#5529 = DIRECTION ( 'NONE',  ( -1.000000000000000000, 0.000000000000000000, -0.000000000000000000 ) ) ;
#5530 =( LENGTH_UNIT ( ) NAMED_UNIT ( * ) SI_UNIT ( .MILLI., .METRE. ) );
#5531 = VERTEX_POINT ( 'NONE', #2576 ) ;
#5532 =( GEOMETRIC_REPRESENTATION_CONTEXT ( 3 ) GLOBAL_UNCERTAINTY_ASSIGNED_CONTEXT ( ( #7056 ) ) GLOBAL_UNIT_ASSIGNED_CONTEXT ( ( #7518, #8136, #4356 ) ) REPRESENTATION_CONTEXT ( 'NONE', 'WORKASPACE' ) );
#5533 = CARTESIAN_POINT ( 'NONE',  ( -5.000000000000001776, 4.750000000000000000, 2.189830409753168894 ) ) ;
#5534 = VERTEX_POINT ( 'NONE', #3726 ) ;
#5535 =( LENGTH_UNIT ( ) NAMED_UNIT ( * ) SI_UNIT ( .MILLI., .METRE. ) );
#5536 = CARTESIAN_POINT ( 'NONE',  ( -2.749999999999999556, -2.244443709649962315, -3.500000000000000000 ) ) ;
#5537 = SURFACE_SIDE_STYLE ('',( #4509 ) ) ;
#5538 = DIRECTION ( 'NONE',  ( 0.000000000000000000, -1.000000000000000000, 0.000000000000000000 ) ) ;
#5539 = SURFACE_STYLE_FILL_AREA ( #3380 ) ;
#5540 = ORIENTED_EDGE ( 'NONE', *, *, #3079, .T. ) ;
#5541 = CARTESIAN_POINT ( 'NONE',  ( -1.999999999999999556, -1.599999999999998979, -2.899999999999999023 ) ) ;
#5542 = DIRECTION ( 'NONE',  ( -0.000000000000000000, -1.000000000000000000, -9.227252531791526626E-17 ) ) ;
#5543 = CARTESIAN_POINT ( 'NONE',  ( 4.089731329899847445, 3.896273684521148084, -0.2499999999999996669 ) ) ;
#5544 = EDGE_LOOP ( 'NONE', ( #8165, #2149, #3094, #5086 ) ) ;
#5545 = CIRCLE ( 'NONE', #6906, 1.199999999999999734 ) ;
#5546 = EDGE_CURVE ( 'NONE', #6274, #4316, #1802, .T. ) ;
#5547 = ADVANCED_FACE ( 'NONE', ( #2192 ), #7695, .F. ) ;
#5548 = DIRECTION ( 'NONE',  ( 0.000000000000000000, -2.551063935260019366E-16, -1.000000000000000000 ) ) ;
#5549 = VERTEX_POINT ( 'NONE', #3858 ) ;
#5550 = SURFACE_STYLE_USAGE ( .BOTH. , #7559 ) ;
#5551 = SURFACE_SIDE_STYLE ('',( #2414 ) ) ;
#5552 = SURFACE_STYLE_USAGE ( .BOTH. , #2995 ) ;
#5553 = UNCERTAINTY_MEASURE_WITH_UNIT (LENGTH_MEASURE( 1.000000000000000082E-05 ), #5483, 'distance_accuracy_value', 'NONE');
#5554 = CARTESIAN_POINT ( 'NONE',  ( 0.6669697220176635799, 3.448999999999740940, -0.2499999999999996669 ) ) ;
#5555 = CARTESIAN_POINT ( 'NONE',  ( 2.499999999999999556, 6.043112549695427660, -1.199999999999999956 ) ) ;
#5556 = FILL_AREA_STYLE_COLOUR ( '', #7025 ) ;
#5557 = AXIS2_PLACEMENT_3D ( 'NONE', #1092, #4283, #2395 ) ;
#5558 = CIRCLE ( 'NONE', #1467, 0.09999999999999982514 ) ;
#5559 = ORIENTED_EDGE ( 'NONE', *, *, #506, .F. ) ;
#5560 = CARTESIAN_POINT ( 'NONE',  ( 2.000000000000000444, -5.000000000000000000, -3.699999999999999734 ) ) ;
#5561 =( GEOMETRIC_REPRESENTATION_CONTEXT ( 3 ) GLOBAL_UNCERTAINTY_ASSIGNED_CONTEXT ( ( #5524 ) ) GLOBAL_UNIT_ASSIGNED_CONTEXT ( ( #5793, #5233, #2619 ) ) REPRESENTATION_CONTEXT ( 'NONE', 'WORKASPACE' ) );
#5562 = FACE_BOUND ( 'NONE', #3113, .T. ) ;
#5563 = DIRECTION ( 'NONE',  ( -0.000000000000000000, -0.000000000000000000, 1.000000000000000000 ) ) ;
#5564 = CARTESIAN_POINT ( 'NONE',  ( 2.000000000000000444, -4.599999999999999645, -3.099999999999999645 ) ) ;
#5565 =( GEOMETRIC_REPRESENTATION_CONTEXT ( 3 ) GLOBAL_UNCERTAINTY_ASSIGNED_CONTEXT ( ( #6509 ) ) GLOBAL_UNIT_ASSIGNED_CONTEXT ( ( #1071, #1740, #6790 ) ) REPRESENTATION_CONTEXT ( 'NONE', 'WORKASPACE' ) );
#5566 = ORIENTED_EDGE ( 'NONE', *, *, #1811, .T. ) ;
#5567 = COLOUR_RGB ( '',1.000000000000000000, 1.000000000000000000, 0.7529411764705882248 ) ;
#5568 = ORIENTED_EDGE ( 'NONE', *, *, #6455, .T. ) ;
#5569 = CARTESIAN_POINT ( 'NONE',  ( -2.999999999999999556, -8.500000000000000000, 0.2500000000000004996 ) ) ;
#5570 = VERTEX_POINT ( 'NONE', #4547 ) ;
#5571 = LINE ( 'NONE', #4817, #8060 ) ;
#5572 = SURFACE_SIDE_STYLE ('',( #2032 ) ) ;
#5573 = DIRECTION ( 'NONE',  ( -7.760429719096859345E-17, 1.000000000000000000, -0.000000000000000000 ) ) ;
#5574 = STYLED_ITEM ( 'NONE', ( #1980 ), #7244 ) ;
#5575 = PRESENTATION_STYLE_ASSIGNMENT (( #5550 ) ) ;
#5576 = EDGE_CURVE ( 'NONE', #8003, #2360, #1695, .T. ) ;
#5577 = PRESENTATION_STYLE_ASSIGNMENT (( #7675 ) ) ;
#5578 = EDGE_LOOP ( 'NONE', ( #5401, #6849, #3447, #3857 ) ) ;
#5579 = VECTOR ( 'NONE', #5629, 1000.000000000000000 ) ;
#5580 = MECHANICAL_DESIGN_GEOMETRIC_PRESENTATION_REPRESENTATION (  '', ( #643 ), #6447 ) ;
#5581 = CARTESIAN_POINT ( 'NONE',  ( -5.146815143055379238, -1.000000000000000000, 3.049999999999999822 ) ) ;
#5582 = COLOUR_RGB ( '',0.5019607843137254832, 1.000000000000000000, 0.5019607843137254832 ) ;
#5583 = CARTESIAN_POINT ( 'NONE',  ( -5.000000000000001776, 0.4499999999999992339, 3.799999999999999378 ) ) ;
#5584 =( NAMED_UNIT ( * ) PLANE_ANGLE_UNIT ( ) SI_UNIT ( $, .RADIAN. ) );
#5585 = FILL_AREA_STYLE_COLOUR ( '', #7517 ) ;
#5586 = DIRECTION ( 'NONE',  ( 0.000000000000000000, -1.000000000000000000, 1.445602896647339410E-16 ) ) ;
#5587 = ORIENTED_EDGE ( 'NONE', *, *, #1918, .T. ) ;
#5588 = VECTOR ( 'NONE', #2266, 1000.000000000000000 ) ;
#5589 = FILL_AREA_STYLE ('',( #5556 ) ) ;
#5590 = LINE ( 'NONE', #4066, #6705 ) ;
#5591 = VECTOR ( 'NONE', #73, 1000.000000000000000 ) ;
#5592 = EDGE_CURVE ( 'NONE', #4981, #1795, #4351, .T. ) ;
#5593 = ORIENTED_EDGE ( 'NONE', *, *, #3465, .T. ) ;
#5594 = PRESENTATION_STYLE_ASSIGNMENT (( #6975 ) ) ;
#5595 = FILL_AREA_STYLE ('',( #6857 ) ) ;
#5596 = DIRECTION ( 'NONE',  ( -0.000000000000000000, 0.000000000000000000, 1.000000000000000000 ) ) ;
#5597 = ORIENTED_EDGE ( 'NONE', *, *, #7935, .T. ) ;
#5598 = DIRECTION ( 'NONE',  ( -0.000000000000000000, -1.000000000000000000, -9.227252531791526626E-17 ) ) ;
#5599 = ORIENTED_EDGE ( 'NONE', *, *, #1214, .F. ) ;
#5600 = EDGE_CURVE ( 'NONE', #4069, #1923, #6321, .T. ) ;
#5601 = ORIENTED_EDGE ( 'NONE', *, *, #5337, .F. ) ;
#5602 = DIRECTION ( 'NONE',  ( -1.000000000000000000, 0.000000000000000000, 0.000000000000000000 ) ) ;
#5603 = CARTESIAN_POINT ( 'NONE',  ( 4.500000000000000888, -4.299999999999999822, -2.250000000000000444 ) ) ;
#5604 = ORIENTED_EDGE ( 'NONE', *, *, #1228, .T. ) ;
#5605 = COLOUR_RGB ( '',0.5019607843137254832, 1.000000000000000000, 0.5019607843137254832 ) ;
#5606 = CIRCLE ( 'NONE', #3737, 1.899999999999999911 ) ;
#5607 = LINE ( 'NONE', #2762, #1924 ) ;
#5608 = VECTOR ( 'NONE', #1677, 1000.000000000000000 ) ;
#5609 = ORIENTED_EDGE ( 'NONE', *, *, #486, .T. ) ;
#5610 = LINE ( 'NONE', #1298, #7512 ) ;
#5611 = FILL_AREA_STYLE_COLOUR ( '', #4942 ) ;
#5612 = DIRECTION ( 'NONE',  ( 0.000000000000000000, 0.000000000000000000, -1.000000000000000000 ) ) ;
#5613 = DIRECTION ( 'NONE',  ( 0.000000000000000000, 2.602085213965208275E-15, 1.000000000000000000 ) ) ;
#5614 = AXIS2_PLACEMENT_3D ( 'NONE', #50, #509, #5164 ) ;
#5615 = AXIS2_PLACEMENT_3D ( 'NONE', #4651, #4112, #5265 ) ;
#5616 = CARTESIAN_POINT ( 'NONE',  ( -0.8997548783981974552, -5.000000000000000000, 3.200000000000001066 ) ) ;
#5617 = AXIS2_PLACEMENT_3D ( 'NONE', #3209, #5059, #8212 ) ;
#5618 = CARTESIAN_POINT ( 'NONE',  ( 0.3749999999999998890, 2.400000000000001243, -2.350000000000000089 ) ) ;
#5619 = EDGE_CURVE ( 'NONE', #6853, #2180, #1362, .T. ) ;
#5620 = PRESENTATION_LAYER_ASSIGNMENT (  '', '', ( #6208 ) ) ;
#5621 =( NAMED_UNIT ( * ) SI_UNIT ( $, .STERADIAN. ) SOLID_ANGLE_UNIT ( ) );
#5622 = FILL_AREA_STYLE_COLOUR ( '', #6170 ) ;
#5623 = FILL_AREA_STYLE ('',( #6859 ) ) ;
#5624 = VECTOR ( 'NONE', #7102, 1000.000000000000000 ) ;
#5625 = AXIS2_PLACEMENT_3D ( 'NONE', #7896, #240, #7863 ) ;
#5626 = CARTESIAN_POINT ( 'NONE',  ( -0.4999999999999995559, 0.4000000000000005218, -2.250000000000000000 ) ) ;
#5627 = ORIENTED_EDGE ( 'NONE', *, *, #2568, .T. ) ;
#5628 = UNCERTAINTY_MEASURE_WITH_UNIT (LENGTH_MEASURE( 1.000000000000000082E-05 ), #6323, 'distance_accuracy_value', 'NONE');
#5629 = DIRECTION ( 'NONE',  ( 0.000000000000000000, -1.000000000000000000, 2.168404344971008868E-16 ) ) ;
#5630 = CARTESIAN_POINT ( 'NONE',  ( -2.500000000000000444, 4.975000000000002309, 0.000000000000000000 ) ) ;
#5631 = LINE ( 'NONE', #3250, #5731 ) ;
#5632 = EDGE_CURVE ( 'NONE', #549, #4053, #7918, .T. ) ;
#5633 = CARTESIAN_POINT ( 'NONE',  ( -4.445955351399303979, 0.2999999999999991562, 3.609016994374945053 ) ) ;
#5634 = ORIENTED_EDGE ( 'NONE', *, *, #2885, .F. ) ;
#5635 = AXIS2_PLACEMENT_3D ( 'NONE', #6408, #1997, #5800 ) ;
#5636 = DIRECTION ( 'NONE',  ( 0.000000000000000000, 0.000000000000000000, 1.000000000000000000 ) ) ;
#5637 = EDGE_LOOP ( 'NONE', ( #2472, #1581, #5814, #5964, #7286, #1852, #1723, #518 ) ) ;
#5638 = COLOUR_RGB ( '',1.000000000000000000, 1.000000000000000000, 0.7529411764705882248 ) ;
#5639 = ORIENTED_EDGE ( 'NONE', *, *, #8036, .T. ) ;
#5640 = DIRECTION ( 'NONE',  ( 0.000000000000000000, -1.000000000000000000, 2.551063935260019366E-16 ) ) ;
#5641 = CARTESIAN_POINT ( 'NONE',  ( -2.749999999999999556, -2.999999999999998668, -3.499999999999999112 ) ) ;
#5642 = CARTESIAN_POINT ( 'NONE',  ( 2.000000000000000444, -4.399999999999999467, -3.000000000000000000 ) ) ;
#5643 =( LENGTH_UNIT ( ) NAMED_UNIT ( * ) SI_UNIT ( .MILLI., .METRE. ) );
#5644 = EDGE_CURVE ( 'NONE', #2967, #1658, #6045, .T. ) ;
#5645 =( GEOMETRIC_REPRESENTATION_CONTEXT ( 3 ) GLOBAL_UNCERTAINTY_ASSIGNED_CONTEXT ( ( #3729 ) ) GLOBAL_UNIT_ASSIGNED_CONTEXT ( ( #552, #6942, #3168 ) ) REPRESENTATION_CONTEXT ( 'NONE', 'WORKASPACE' ) );
#5646 =( LENGTH_UNIT ( ) NAMED_UNIT ( * ) SI_UNIT ( .MILLI., .METRE. ) );
#5647 = CARTESIAN_POINT ( 'NONE',  ( 3.699999999999999289, 2.651000000000001133, 4.722182676433336855E-16 ) ) ;
#5648 = EDGE_LOOP ( 'NONE', ( #477, #2707, #5783, #3580, #3541, #2145, #5688, #3049 ) ) ;
#5649 = CARTESIAN_POINT ( 'NONE',  ( 1.100000000000000533, -1.200000000000000400, 2.350000000000000089 ) ) ;
#5650 = CARTESIAN_POINT ( 'NONE',  ( -2.749999999999999556, -2.999999999999998668, -3.774999999999999911 ) ) ;
#5651 = EDGE_CURVE ( 'NONE', #642, #5064, #6931, .T. ) ;
#5652 = DIRECTION ( 'NONE',  ( 0.000000000000000000, -1.000000000000000000, 0.000000000000000000 ) ) ;
#5653 = ORIENTED_EDGE ( 'NONE', *, *, #6935, .F. ) ;
#5654 = VERTEX_POINT ( 'NONE', #5066 ) ;
#5655 =( NAMED_UNIT ( * ) PLANE_ANGLE_UNIT ( ) SI_UNIT ( $, .RADIAN. ) );
#5656 = CARTESIAN_POINT ( 'NONE',  ( 2.000000000000000444, -0.9999999999999991118, -2.350000000000000089 ) ) ;
#5657 = PRESENTATION_STYLE_ASSIGNMENT (( #5114 ) ) ;
#5658 = ORIENTED_EDGE ( 'NONE', *, *, #348, .F. ) ;
#5659 = SURFACE_STYLE_FILL_AREA ( #2923 ) ;
#5660 = FACE_OUTER_BOUND ( 'NONE', #4550, .T. ) ;
#5661 = MECHANICAL_DESIGN_GEOMETRIC_PRESENTATION_REPRESENTATION (  '', ( #4083 ), #958 ) ;
#5662 = SURFACE_SIDE_STYLE ('',( #7993 ) ) ;
#5663 = DIRECTION ( 'NONE',  ( -0.000000000000000000, 0.000000000000000000, -1.000000000000000000 ) ) ;
#5664 = SURFACE_SIDE_STYLE ('',( #4129 ) ) ;
#5665 = CARTESIAN_POINT ( 'NONE',  ( -2.500000000000000444, 0.4000000000000010214, 3.252606517456513302E-16 ) ) ;
#5666 = LINE ( 'NONE', #4202, #5775 ) ;
#5667 = ORIENTED_EDGE ( 'NONE', *, *, #7204, .F. ) ;
#5668 = VECTOR ( 'NONE', #898, 1000.000000000000000 ) ;
#5669 = DIRECTION ( 'NONE',  ( 0.000000000000000000, 1.000000000000000000, -9.227252531791525393E-17 ) ) ;
#5670 = DIRECTION ( 'NONE',  ( 0.000000000000000000, 0.000000000000000000, 1.000000000000000000 ) ) ;
#5671 = VECTOR ( 'NONE', #1283, 1000.000000000000114 ) ;
#5672 = PRESENTATION_LAYER_ASSIGNMENT (  '', '', ( #5251 ) ) ;
#5673 =( LENGTH_UNIT ( ) NAMED_UNIT ( * ) SI_UNIT ( .MILLI., .METRE. ) );
#5674 = AXIS2_PLACEMENT_3D ( 'NONE', #8160, #513, #4350 ) ;
#5675 = ORIENTED_EDGE ( 'NONE', *, *, #3573, .F. ) ;
#5676 = DIRECTION ( 'NONE',  ( -0.000000000000000000, -0.000000000000000000, 1.000000000000000000 ) ) ;
#5677 = ADVANCED_FACE ( 'NONE', ( #986 ), #1985, .F. ) ;
#5678 =( LENGTH_UNIT ( ) NAMED_UNIT ( * ) SI_UNIT ( .MILLI., .METRE. ) );
#5679 = ORIENTED_EDGE ( 'NONE', *, *, #8195, .T. ) ;
#5680 = EDGE_CURVE ( 'NONE', #9, #4621, #2853, .T. ) ;
#5681 = UNCERTAINTY_MEASURE_WITH_UNIT (LENGTH_MEASURE( 1.000000000000000082E-05 ), #5358, 'distance_accuracy_value', 'NONE');
#5682 = STYLED_ITEM ( 'NONE', ( #7893 ), #4829 ) ;
#5683 =( LENGTH_UNIT ( ) NAMED_UNIT ( * ) SI_UNIT ( .MILLI., .METRE. ) );
#5684 = FACE_BOUND ( 'NONE', #5749, .T. ) ;
#5685 = EDGE_CURVE ( 'NONE', #5311, #6568, #5039, .T. ) ;
#5686 =( NAMED_UNIT ( * ) SI_UNIT ( $, .STERADIAN. ) SOLID_ANGLE_UNIT ( ) );
#5687 = DIRECTION ( 'NONE',  ( -0.000000000000000000, -0.000000000000000000, -1.000000000000000000 ) ) ;
#5688 = ORIENTED_EDGE ( 'NONE', *, *, #6314, .T. ) ;
#5689 = LINE ( 'NONE', #948, #2100 ) ;
#5690 = CIRCLE ( 'NONE', #2490, 1.893301270189222230 ) ;
#5691 = PRESENTATION_LAYER_ASSIGNMENT (  '', '', ( #5268 ) ) ;
#5692 = CARTESIAN_POINT ( 'NONE',  ( 2.000000000000000444, 0.9200000000000028155, -3.499999999999999556 ) ) ;
#5693 = DIRECTION ( 'NONE',  ( 0.9396926207859082059, -0.3420201433256693790, 0.000000000000000000 ) ) ;
#5694 = ORIENTED_EDGE ( 'NONE', *, *, #1688, .T. ) ;
#5695 = CARTESIAN_POINT ( 'NONE',  ( -5.000000000000001776, 0.6999999999999992895, 3.799999999999999378 ) ) ;
#5696 = VECTOR ( 'NONE', #589, 1000.000000000000000 ) ;
#5697 = ORIENTED_EDGE ( 'NONE', *, *, #856, .T. ) ;
#5698 = PRESENTATION_STYLE_ASSIGNMENT (( #6884 ) ) ;
#5699 = FILL_AREA_STYLE ('',( #1921 ) ) ;
#5700 = VERTEX_POINT ( 'NONE', #6535 ) ;
#5701 = DIRECTION ( 'NONE',  ( -0.000000000000000000, -0.9655243037162412056, -0.2603129250215355239 ) ) ;
#5702 = PRESENTATION_STYLE_ASSIGNMENT (( #4402 ) ) ;
#5703 = PRESENTATION_STYLE_ASSIGNMENT (( #2433 ) ) ;
#5704 = SURFACE_STYLE_USAGE ( .BOTH. , #4436 ) ;
#5705 = CARTESIAN_POINT ( 'NONE',  ( -2.500000000000000444, 3.449000000000001176, 3.252606517456513795E-16 ) ) ;
#5706 = STYLED_ITEM ( 'NONE', ( #1325 ), #2259 ) ;
#5707 = ORIENTED_EDGE ( 'NONE', *, *, #6341, .F. ) ;
#5708 = CARTESIAN_POINT ( 'NONE',  ( 0.5540446486006960214, 0.2999999999999991562, 3.299999999999999822 ) ) ;
#5709 = ORIENTED_EDGE ( 'NONE', *, *, #663, .F. ) ;
#5710 = UNCERTAINTY_MEASURE_WITH_UNIT (LENGTH_MEASURE( 1.000000000000000082E-05 ), #6718, 'distance_accuracy_value', 'NONE');
#5711 = FILL_AREA_STYLE ('',( #4502 ) ) ;
#5712 = DIRECTION ( 'NONE',  ( 0.000000000000000000, 1.000000000000000000, 0.000000000000000000 ) ) ;
#5713 = LINE ( 'NONE', #4652, #1725 ) ;
#5714 = COLOUR_RGB ( '',1.000000000000000000, 1.000000000000000000, 0.7529411764705882248 ) ;
#5715 = SURFACE_STYLE_FILL_AREA ( #3305 ) ;
#5716 = EDGE_CURVE ( 'NONE', #291, #4096, #4555, .T. ) ;
#5717 = FACE_BOUND ( 'NONE', #8085, .T. ) ;
#5718 = FILL_AREA_STYLE ('',( #5006 ) ) ;
#5719 =( NAMED_UNIT ( * ) PLANE_ANGLE_UNIT ( ) SI_UNIT ( $, .RADIAN. ) );
#5720 = LINE ( 'NONE', #5289, #3426 ) ;
#5721 = SURFACE_SIDE_STYLE ('',( #6357 ) ) ;
#5722 = PRESENTATION_STYLE_ASSIGNMENT (( #4322 ) ) ;
#5723 = ADVANCED_FACE ( 'NONE', ( #5234, #3530 ), #4692, .F. ) ;
#5724 = FILL_AREA_STYLE_COLOUR ( '', #257 ) ;
#5725 = DIRECTION ( 'NONE',  ( -1.000000000000000000, 0.000000000000000000, -0.000000000000000000 ) ) ;
#5726 = CARTESIAN_POINT ( 'NONE',  ( 4.999999999999998224, 0.6999999999999992895, 4.050000000000000711 ) ) ;
#5727 =( NAMED_UNIT ( * ) PLANE_ANGLE_UNIT ( ) SI_UNIT ( $, .RADIAN. ) );
#5728 = ORIENTED_EDGE ( 'NONE', *, *, #1177, .T. ) ;
#5729 = AXIS2_PLACEMENT_3D ( 'NONE', #932, #6651, #1062 ) ;
#5730 = AXIS2_PLACEMENT_3D ( 'NONE', #6311, #660, #26 ) ;
#5731 = VECTOR ( 'NONE', #149, 1000.000000000000000 ) ;
#5732 = ORIENTED_EDGE ( 'NONE', *, *, #4379, .T. ) ;
#5733 = CARTESIAN_POINT ( 'NONE',  ( 3.000000000000000444, -7.499999999999984901, -2.899999999999999911 ) ) ;
#5734 = UNCERTAINTY_MEASURE_WITH_UNIT (LENGTH_MEASURE( 1.000000000000000082E-05 ), #1916, 'distance_accuracy_value', 'NONE');
#5735 = EDGE_CURVE ( 'NONE', #6858, #5499, #1450, .T. ) ;
#5736 = STYLED_ITEM ( 'NONE', ( #1375 ), #4440 ) ;
#5737 = FILL_AREA_STYLE ('',( #7648 ) ) ;
#5738 = SURFACE_STYLE_USAGE ( .BOTH. , #6347 ) ;
#5739 = ORIENTED_EDGE ( 'NONE', *, *, #5546, .T. ) ;
#5740 = EDGE_LOOP ( 'NONE', ( #4727, #3468, #6814, #3640 ) ) ;
#5741 = VECTOR ( 'NONE', #3139, 1000.000000000000000 ) ;
#5742 = LINE ( 'NONE', #2062, #7628 ) ;
#5743 = CARTESIAN_POINT ( 'NONE',  ( -4.445955351399303979, -1.200000000000000178, 4.049999999999999822 ) ) ;
#5744 = EDGE_LOOP ( 'NONE', ( #3957, #1691, #5264, #1056 ) ) ;
#5745 = AXIS2_PLACEMENT_3D ( 'NONE', #1227, #2499, #3978 ) ;
#5746 = FILL_AREA_STYLE ('',( #2632 ) ) ;
#5747 = EDGE_CURVE ( 'NONE', #1305, #6934, #2940, .T. ) ;
#5748 = SURFACE_STYLE_FILL_AREA ( #3497 ) ;
#5749 = EDGE_LOOP ( 'NONE', ( #6112, #3755 ) ) ;
#5750 = STYLED_ITEM ( 'NONE', ( #3722 ), #864 ) ;
#5751 =( GEOMETRIC_REPRESENTATION_CONTEXT ( 3 ) GLOBAL_UNCERTAINTY_ASSIGNED_CONTEXT ( ( #3026 ) ) GLOBAL_UNIT_ASSIGNED_CONTEXT ( ( #7480, #4295, #1775 ) ) REPRESENTATION_CONTEXT ( 'NONE', 'WORKASPACE' ) );
#5752 = DIRECTION ( 'NONE',  ( -7.760429719096859345E-17, 1.000000000000000000, -0.000000000000000000 ) ) ;
#5753 = B_SPLINE_CURVE_WITH_KNOTS ( 'NONE', 3,
 ( #5130, #7687, #5841, #803, #3261, #7037 ),
 .UNSPECIFIED., .F., .F.,
 ( 4, 2, 4 ),
 ( 0.002786667756068955757, 0.003179747064715983135, 0.003572826373363010514 ),
 .UNSPECIFIED. ) ;
#5754 = VERTEX_POINT ( 'NONE', #2720 ) ;
#5755 = VERTEX_POINT ( 'NONE', #7171 ) ;
#5756 = CARTESIAN_POINT ( 'NONE',  ( -2.500000000000000444, 2.651000000000001133, 0.000000000000000000 ) ) ;
#5757 = FACE_OUTER_BOUND ( 'NONE', #3239, .T. ) ;
#5758 = SURFACE_SIDE_STYLE ('',( #6486 ) ) ;
#5759 = EDGE_CURVE ( 'NONE', #3077, #5700, #4657, .T. ) ;
#5760 = AXIS2_PLACEMENT_3D ( 'NONE', #8035, #8002, #7454 ) ;
#5761 =( LENGTH_UNIT ( ) NAMED_UNIT ( * ) SI_UNIT ( .MILLI., .METRE. ) );
#5762 = DIRECTION ( 'NONE',  ( -1.000000000000000000, 0.000000000000000000, 0.000000000000000000 ) ) ;
#5763 = ORIENTED_EDGE ( 'NONE', *, *, #1638, .F. ) ;
#5764 = EDGE_LOOP ( 'NONE', ( #3140, #2341, #4680, #6948 ) ) ;
#5765 = FILL_AREA_STYLE_COLOUR ( '', #6921 ) ;
#5766 = DIRECTION ( 'NONE',  ( 0.000000000000000000, 0.5766831975986558279, -0.8169678632647612293 ) ) ;
#5767 = ADVANCED_FACE ( 'NONE', ( #7612 ), #5933, .F. ) ;
#5768 = CIRCLE ( 'NONE', #3917, 0.2500000000000000000 ) ;
#5769 = EDGE_CURVE ( 'NONE', #6624, #4738, #4481, .T. ) ;
#5770 = VECTOR ( 'NONE', #3506, 999.9999999999998863 ) ;
#5771 = CARTESIAN_POINT ( 'NONE',  ( -2.999999999999999556, -1.499999999999999334, -3.099999999999999645 ) ) ;
#5772 = DIRECTION ( 'NONE',  ( 1.000000000000000000, -0.000000000000000000, -0.000000000000000000 ) ) ;
#5773 = FILL_AREA_STYLE ('',( #2057 ) ) ;
#5774 = SURFACE_SIDE_STYLE ('',( #1800 ) ) ;
#5775 = VECTOR ( 'NONE', #7418, 1000.000000000000000 ) ;
#5776 = ORIENTED_EDGE ( 'NONE', *, *, #7553, .F. ) ;
#5777 = SURFACE_STYLE_USAGE ( .BOTH. , #2747 ) ;
#5778 = DIRECTION ( 'NONE',  ( -0.000000000000000000, -1.000000000000000000, -0.000000000000000000 ) ) ;
#5779 = CYLINDRICAL_SURFACE ( 'NONE', #3801, 0.1000000000000001582 ) ;
#5780 = FACE_OUTER_BOUND ( 'NONE', #7981, .T. ) ;
#5781 = CARTESIAN_POINT ( 'NONE',  ( 3.826649916142160102, 3.949000000000001176, 0.2500000000000003331 ) ) ;
#5782 = DIRECTION ( 'NONE',  ( 0.000000000000000000, -2.551063935260019366E-16, -1.000000000000000000 ) ) ;
#5783 = ORIENTED_EDGE ( 'NONE', *, *, #101, .T. ) ;
#5784 = VERTEX_POINT ( 'NONE', #1398 ) ;
#5785 = STYLED_ITEM ( 'NONE', ( #538 ), #2344 ) ;
#5786 = ORIENTED_EDGE ( 'NONE', *, *, #6484, .F. ) ;
#5787 = CIRCLE ( 'NONE', #1634, 1.893301270189221786 ) ;
#5788 = CARTESIAN_POINT ( 'NONE',  ( -4.585656128808527576, 0.6838247314120950993, 3.491912365706051791 ) ) ;
#5789 = DIRECTION ( 'NONE',  ( 0.000000000000000000, 0.000000000000000000, -1.000000000000000000 ) ) ;
#5790 = CARTESIAN_POINT ( 'NONE',  ( -1.999999999999999556, -5.000000000000000000, -3.699999999999999734 ) ) ;
#5791 = UNCERTAINTY_MEASURE_WITH_UNIT (LENGTH_MEASURE( 1.000000000000000082E-05 ), #4885, 'distance_accuracy_value', 'NONE');
#5792 = PRESENTATION_LAYER_ASSIGNMENT (  '', '', ( #4635 ) ) ;
#5793 =( LENGTH_UNIT ( ) NAMED_UNIT ( * ) SI_UNIT ( .MILLI., .METRE. ) );
#5794 = ORIENTED_EDGE ( 'NONE', *, *, #6549, .T. ) ;
#5795 = FACE_OUTER_BOUND ( 'NONE', #6437, .T. ) ;
#5796 = SURFACE_STYLE_USAGE ( .BOTH. , #712 ) ;
#5797 =( NAMED_UNIT ( * ) PLANE_ANGLE_UNIT ( ) SI_UNIT ( $, .RADIAN. ) );
#5798 = AXIS2_PLACEMENT_3D ( 'NONE', #6917, #3766, #8233 ) ;
#5799 = FILL_AREA_STYLE ('',( #181 ) ) ;
#5800 = DIRECTION ( 'NONE',  ( 0.000000000000000000, -1.000000000000000000, 0.000000000000000000 ) ) ;
#5801 = DIRECTION ( 'NONE',  ( -0.000000000000000000, 0.000000000000000000, 1.000000000000000000 ) ) ;
#5802 = EDGE_CURVE ( 'NONE', #3880, #6194, #3186, .T. ) ;
#5803 =( LENGTH_UNIT ( ) NAMED_UNIT ( * ) SI_UNIT ( .MILLI., .METRE. ) );
#5804 = ORIENTED_EDGE ( 'NONE', *, *, #6328, .T. ) ;
#5805 = CYLINDRICAL_SURFACE ( 'NONE', #4253, 1.199999999999999512 ) ;
#5806 = DIRECTION ( 'NONE',  ( -7.760429719096859345E-17, 1.000000000000000000, -0.000000000000000000 ) ) ;
#5807 = CYLINDRICAL_SURFACE ( 'NONE', #626, 1.199999999999999512 ) ;
#5808 = LINE ( 'NONE', #4228, #1917 ) ;
#5809 =( GEOMETRIC_REPRESENTATION_CONTEXT ( 3 ) GLOBAL_UNCERTAINTY_ASSIGNED_CONTEXT ( ( #6141 ) ) GLOBAL_UNIT_ASSIGNED_CONTEXT ( ( #3852, #4744, #3374 ) ) REPRESENTATION_CONTEXT ( 'NONE', 'WORKASPACE' ) );
#5810 = FILL_AREA_STYLE_COLOUR ( '', #6877 ) ;
#5811 = STYLED_ITEM ( 'NONE', ( #3808 ), #99 ) ;
#5812 = ORIENTED_EDGE ( 'NONE', *, *, #7101, .F. ) ;
#5813 = PLANE ( 'NONE',  #5092 ) ;
#5814 = ORIENTED_EDGE ( 'NONE', *, *, #5177, .T. ) ;
#5815 = FILL_AREA_STYLE_COLOUR ( '', #1129 ) ;
#5816 = VERTEX_POINT ( 'NONE', #5849 ) ;
#5817 = FILL_AREA_STYLE_COLOUR ( '', #2878 ) ;
#5818 = VECTOR ( 'NONE', #2877, 1000.000000000000000 ) ;
#5819 = EDGE_CURVE ( 'NONE', #3313, #2116, #3101, .T. ) ;
#5820 = ADVANCED_FACE ( 'NONE', ( #7391 ), #5805, .F. ) ;
#5821 = ORIENTED_EDGE ( 'NONE', *, *, #7805, .T. ) ;
#5822 = EDGE_CURVE ( 'NONE', #7924, #4935, #7489, .T. ) ;
#5823 = DIRECTION ( 'NONE',  ( -7.760429719096859345E-17, 1.000000000000000000, 0.000000000000000000 ) ) ;
#5824 = DIRECTION ( 'NONE',  ( 0.3095546484237470253, -0.8504944066314574780, -0.4252472033157366771 ) ) ;
#5825 = ORIENTED_EDGE ( 'NONE', *, *, #6663, .T. ) ;
#5826 = SURFACE_STYLE_USAGE ( .BOTH. , #681 ) ;
#5827 = CARTESIAN_POINT ( 'NONE',  ( 4.625000000000000888, -4.650000000000000355, 3.200000000000001066 ) ) ;
#5828 = FACE_OUTER_BOUND ( 'NONE', #6860, .T. ) ;
#5829 = LINE ( 'NONE', #1323, #6414 ) ;
#5830 = FACE_OUTER_BOUND ( 'NONE', #1465, .T. ) ;
#5831 = ORIENTED_EDGE ( 'NONE', *, *, #283, .T. ) ;
#5832 = CARTESIAN_POINT ( 'NONE',  ( -2.999999999999999556, -1.099999999999998979, -2.250000000000000000 ) ) ;
#5833 = LINE ( 'NONE', #6891, #3930 ) ;
#5834 = FILL_AREA_STYLE_COLOUR ( '', #1931 ) ;
#5835 = CARTESIAN_POINT ( 'NONE',  ( -5.400000000000002132, -1.000000000000000000, 0.000000000000000000 ) ) ;
#5836 = PRESENTATION_STYLE_ASSIGNMENT (( #7735 ) ) ;
#5837 = SURFACE_SIDE_STYLE ('',( #1701 ) ) ;
#5838 = UNCERTAINTY_MEASURE_WITH_UNIT (LENGTH_MEASURE( 1.000000000000000082E-05 ), #7220, 'distance_accuracy_value', 'NONE');
#5839 =( NAMED_UNIT ( * ) SI_UNIT ( $, .STERADIAN. ) SOLID_ANGLE_UNIT ( ) );
#5840 = PLANE ( 'NONE',  #6360 ) ;
#5841 = CARTESIAN_POINT ( 'NONE',  ( -4.277751045721663203, 3.711766105338782040, 0.2500000000000003331 ) ) ;
#5842 = DIRECTION ( 'NONE',  ( -1.000000000000000000, 0.000000000000000000, 0.000000000000000000 ) ) ;
#5843 = DIRECTION ( 'NONE',  ( 0.000000000000000000, -0.000000000000000000, -1.000000000000000000 ) ) ;
#5844 = CARTESIAN_POINT ( 'NONE',  ( -5.000000000000001776, -1.120000000000001217, -4.049999999999999822 ) ) ;
#5845 = ORIENTED_EDGE ( 'NONE', *, *, #6976, .T. ) ;
#5846 = CARTESIAN_POINT ( 'NONE',  ( 2.499999999999999556, 2.649000000000000909, 1.445602896648143000E-19 ) ) ;
#5847 = FILL_AREA_STYLE_COLOUR ( '', #2068 ) ;
#5848 = SURFACE_STYLE_USAGE ( .BOTH. , #3919 ) ;
#5849 = CARTESIAN_POINT ( 'NONE',  ( -2.999999999999999556, -4.500000000000000888, -2.899999999999999023 ) ) ;
#5850 = EDGE_LOOP ( 'NONE', ( #4360, #5965, #3845, #1003 ) ) ;
#5851 = AXIS2_PLACEMENT_3D ( 'NONE', #7048, #53, #4513 ) ;
#5852 = CARTESIAN_POINT ( 'NONE',  ( -0.4999999999999995559, -4.299999999999999822, -2.250000000000000444 ) ) ;
#5853 =( LENGTH_UNIT ( ) NAMED_UNIT ( * ) SI_UNIT ( .MILLI., .METRE. ) );
#5854 = PRESENTATION_STYLE_ASSIGNMENT (( #779 ) ) ;
#5855 = ORIENTED_EDGE ( 'NONE', *, *, #4857, .F. ) ;
#5856 = MECHANICAL_DESIGN_GEOMETRIC_PRESENTATION_REPRESENTATION (  '', ( #8012 ), #7291 ) ;
#5857 = CARTESIAN_POINT ( 'NONE',  ( 2.499999999999999556, 2.649000000000000909, 1.199999999999999512 ) ) ;
#5858 = CARTESIAN_POINT ( 'NONE',  ( 0.000000000000000000, -1.000000000000000000, 3.049999999999999822 ) ) ;
#5859 = ADVANCED_FACE ( 'NONE', ( #4827 ), #7259, .F. ) ;
#5860 = DIRECTION ( 'NONE',  ( 0.000000000000000000, -0.8169678632647613403, -0.5766831975986557168 ) ) ;
#5861 = CARTESIAN_POINT ( 'NONE',  ( -1.099999999999999867, -3.200000000000000178, 4.049999999999999822 ) ) ;
#5862 =( NAMED_UNIT ( * ) SI_UNIT ( $, .STERADIAN. ) SOLID_ANGLE_UNIT ( ) );
#5863 = DIRECTION ( 'NONE',  ( -7.760429719096859345E-17, 1.000000000000000000, -0.000000000000000000 ) ) ;
#5864 = FILL_AREA_STYLE ('',( #1413 ) ) ;
#5865 = VERTEX_POINT ( 'NONE', #4170 ) ;
#5866 = ORIENTED_EDGE ( 'NONE', *, *, #4598, .F. ) ;
#5867 = CARTESIAN_POINT ( 'NONE',  ( -4.445955351399303979, 0.2999999999999991562, 3.609016994374945053 ) ) ;
#5868 = CARTESIAN_POINT ( 'NONE',  ( -4.625000000000000888, -4.650000000000000355, 3.200000000000001066 ) ) ;
#5869 = DIRECTION ( 'NONE',  ( 0.000000000000000000, 0.000000000000000000, 1.000000000000000000 ) ) ;
#5870 = DIRECTION ( 'NONE',  ( 0.000000000000000000, 0.000000000000000000, -1.000000000000000000 ) ) ;
#5871 = EDGE_CURVE ( 'NONE', #2228, #2802, #943, .T. ) ;
#5872 = ORIENTED_EDGE ( 'NONE', *, *, #394, .T. ) ;
#5873 = AXIS2_PLACEMENT_3D ( 'NONE', #1403, #7645, #1942 ) ;
#5874 = FILL_AREA_STYLE ('',( #5145 ) ) ;
#5875 =( NAMED_UNIT ( * ) PLANE_ANGLE_UNIT ( ) SI_UNIT ( $, .RADIAN. ) );
#5876 = DIRECTION ( 'NONE',  ( 0.000000000000000000, 0.000000000000000000, -1.000000000000000000 ) ) ;
#5877 = COLOUR_RGB ( '',0.5019607843137254832, 1.000000000000000000, 0.5019607843137254832 ) ;
#5878 = SURFACE_STYLE_USAGE ( .BOTH. , #5260 ) ;
#5879 = EDGE_CURVE ( 'NONE', #7629, #949, #633, .T. ) ;
#5880 = VERTEX_POINT ( 'NONE', #5414 ) ;
#5881 = SURFACE_STYLE_USAGE ( .BOTH. , #1457 ) ;
#5882 = CARTESIAN_POINT ( 'NONE',  ( 2.499999999999999556, 4.950000000000001066, 0.000000000000000000 ) ) ;
#5883 = CARTESIAN_POINT ( 'NONE',  ( -0.6669697220176646901, 3.580118971312225451, -0.2499999999999996669 ) ) ;
#5884 = FILL_AREA_STYLE_COLOUR ( '', #4433 ) ;
#5885 = ORIENTED_EDGE ( 'NONE', *, *, #5170, .T. ) ;
#5886 = FACE_OUTER_BOUND ( 'NONE', #8027, .T. ) ;
#5887 = VERTEX_POINT ( 'NONE', #1556 ) ;
#5888 = SURFACE_STYLE_FILL_AREA ( #2064 ) ;
#5889 = DIRECTION ( 'NONE',  ( -1.000000000000000000, 0.000000000000000000, 0.000000000000000000 ) ) ;
#5890 =( LENGTH_UNIT ( ) NAMED_UNIT ( * ) SI_UNIT ( .MILLI., .METRE. ) );
#5891 = STYLED_ITEM ( 'NONE', ( #2669 ), #7838 ) ;
#5892 = UNCERTAINTY_MEASURE_WITH_UNIT (LENGTH_MEASURE( 1.000000000000000082E-05 ), #3463, 'distance_accuracy_value', 'NONE');
#5893 = ADVANCED_FACE ( 'NONE', ( #7781 ), #2405, .F. ) ;
#5894 = AXIS2_PLACEMENT_3D ( 'NONE', #5400, #6097, #2953 ) ;
#5895 = CARTESIAN_POINT ( 'NONE',  ( 2.000000000000000444, -4.500000000000000888, -2.899999999999999023 ) ) ;
#5896 = ORIENTED_EDGE ( 'NONE', *, *, #2165, .F. ) ;
#5897 = DIRECTION ( 'NONE',  ( 0.000000000000000000, 1.000000000000000000, -0.000000000000000000 ) ) ;
#5898 = DIRECTION ( 'NONE',  ( 1.000000000000000000, 0.000000000000000000, 0.000000000000000000 ) ) ;
#5899 = EDGE_CURVE ( 'NONE', #3153, #5119, #2306, .T. ) ;
#5900 = VECTOR ( 'NONE', #5371, 1000.000000000000000 ) ;
#5901 = MECHANICAL_DESIGN_GEOMETRIC_PRESENTATION_REPRESENTATION (  '', ( #4362 ), #7644 ) ;
#5902 = CYLINDRICAL_SURFACE ( 'NONE', #4477, 0.4000000000000001887 ) ;
#5903 = SURFACE_SIDE_STYLE ('',( #2019 ) ) ;
#5904 = ADVANCED_FACE ( 'NONE', ( #5496 ), #4415, .T. ) ;
#5905 = ORIENTED_EDGE ( 'NONE', *, *, #212, .F. ) ;
#5906 = VECTOR ( 'NONE', #4234, 1000.000000000000000 ) ;
#5908 = FACE_OUTER_BOUND ( 'NONE', #6703, .T. ) ;
#5907 = PRESENTATION_LAYER_ASSIGNMENT (  '', '', ( #3177 ) ) ;
#5909 =( NAMED_UNIT ( * ) PLANE_ANGLE_UNIT ( ) SI_UNIT ( $, .RADIAN. ) );
#5910 = FILL_AREA_STYLE_COLOUR ( '', #4551 ) ;
#5911 = PRESENTATION_LAYER_ASSIGNMENT (  '', '', ( #6767 ) ) ;
#5912 = LINE ( 'NONE', #4676, #242 ) ;
#5913 = VECTOR ( 'NONE', #7495, 1000.000000000000000 ) ;
#5914 =( LENGTH_UNIT ( ) NAMED_UNIT ( * ) SI_UNIT ( .MILLI., .METRE. ) );
#5915 = EDGE_CURVE ( 'NONE', #4053, #6903, #6395, .T. ) ;
#5916 = CARTESIAN_POINT ( 'NONE',  ( 2.499999999999999556, 3.949000000000001176, 3.252606517456513795E-16 ) ) ;
#5917 = ORIENTED_EDGE ( 'NONE', *, *, #2447, .T. ) ;
#5918 = PRESENTATION_LAYER_ASSIGNMENT (  '', '', ( #5325 ) ) ;
#5919 = PRESENTATION_LAYER_ASSIGNMENT (  '', '', ( #2060 ) ) ;
#5920 =( NAMED_UNIT ( * ) SI_UNIT ( $, .STERADIAN. ) SOLID_ANGLE_UNIT ( ) );
#5921 = VECTOR ( 'NONE', #4577, 1000.000000000000000 ) ;
#5922 = LINE ( 'NONE', #5940, #3615 ) ;
#5923 = SURFACE_STYLE_USAGE ( .BOTH. , #1492 ) ;
#5924 = ORIENTED_EDGE ( 'NONE', *, *, #8011, .T. ) ;
#5925 = DIRECTION ( 'NONE',  ( 0.000000000000000000, -1.000000000000000000, 2.168404344971008868E-16 ) ) ;
#5926 = FILL_AREA_STYLE ('',( #698 ) ) ;
#5927 = ORIENTED_EDGE ( 'NONE', *, *, #2374, .F. ) ;
#5928 = PRESENTATION_STYLE_ASSIGNMENT (( #188 ) ) ;
#5929 = VECTOR ( 'NONE', #1881, 1000.000000000000000 ) ;
#5930 = EDGE_CURVE ( 'NONE', #6459, #1106, #7586, .T. ) ;
#5931 = MECHANICAL_DESIGN_GEOMETRIC_PRESENTATION_REPRESENTATION (  '', ( #7459 ), #7885 ) ;
#5932 = EDGE_CURVE ( 'NONE', #6934, #1803, #2504, .T. ) ;
#5933 = PLANE ( 'NONE',  #8173 ) ;
#5934 = COLOUR_RGB ( '',0.5019607843137254832, 1.000000000000000000, 0.5019607843137254832 ) ;
#5935 = CARTESIAN_POINT ( 'NONE',  ( 0.5000000000000004441, 0.4000000000000011324, 2.250000000000000000 ) ) ;
#5936 = SURFACE_SIDE_STYLE ('',( #4599 ) ) ;
#5937 = CIRCLE ( 'NONE', #2391, 1.849999999999999645 ) ;
#5938 = EDGE_CURVE ( 'NONE', #6027, #1663, #8071, .T. ) ;
#5939 = COLOUR_RGB ( '',1.000000000000000000, 1.000000000000000000, 0.7529411764705882248 ) ;
#5940 = CARTESIAN_POINT ( 'NONE',  ( -4.500000000000000000, -4.299999999999999822, 2.250000000000000444 ) ) ;
#5941 = DIRECTION ( 'NONE',  ( -7.760429719096859345E-17, 1.000000000000000000, 0.000000000000000000 ) ) ;
#5942 = VERTEX_POINT ( 'NONE', #5541 ) ;
#5943 = SURFACE_STYLE_USAGE ( .BOTH. , #2791 ) ;
#5944 = ADVANCED_FACE ( 'NONE', ( #1524 ), #833, .T. ) ;
#5945 = PRESENTATION_STYLE_ASSIGNMENT (( #6457 ) ) ;
#5946 = ORIENTED_EDGE ( 'NONE', *, *, #7445, .F. ) ;
#5947 = FILL_AREA_STYLE_COLOUR ( '', #4617 ) ;
#5948 = CARTESIAN_POINT ( 'NONE',  ( -2.500000000000000444, 5.000000000000000888, 0.000000000000000000 ) ) ;
#5949 = ORIENTED_EDGE ( 'NONE', *, *, #2267, .T. ) ;
#5950 =( GEOMETRIC_REPRESENTATION_CONTEXT ( 3 ) GLOBAL_UNCERTAINTY_ASSIGNED_CONTEXT ( ( #3105 ) ) GLOBAL_UNIT_ASSIGNED_CONTEXT ( ( #225, #4027, #6009 ) ) REPRESENTATION_CONTEXT ( 'NONE', 'WORKASPACE' ) );
#5951 = VERTEX_POINT ( 'NONE', #5493 ) ;
#5952 = ORIENTED_EDGE ( 'NONE', *, *, #1688, .F. ) ;
#5953 = ADVANCED_FACE ( 'NONE', ( #7775 ), #1099, .F. ) ;
#5954 = DIRECTION ( 'NONE',  ( -1.000000000000000000, -7.760429719096859345E-17, 0.000000000000000000 ) ) ;
#5955 = CARTESIAN_POINT ( 'NONE',  ( -2.249999999999999556, -2.244443709649962315, -3.500000000000000000 ) ) ;
#5956 = AXIS2_PLACEMENT_3D ( 'NONE', #483, #1150, #1169 ) ;
#5957 = ORIENTED_EDGE ( 'NONE', *, *, #3566, .F. ) ;
#5958 =( NAMED_UNIT ( * ) PLANE_ANGLE_UNIT ( ) SI_UNIT ( $, .RADIAN. ) );
#5959 =( LENGTH_UNIT ( ) NAMED_UNIT ( * ) SI_UNIT ( .MILLI., .METRE. ) );
#5960 = VERTEX_POINT ( 'NONE', #2963 ) ;
#5961 = AXIS2_PLACEMENT_3D ( 'NONE', #601, #5051, #5227 ) ;
#5962 =( GEOMETRIC_REPRESENTATION_CONTEXT ( 3 ) GLOBAL_UNCERTAINTY_ASSIGNED_CONTEXT ( ( #7616 ) ) GLOBAL_UNIT_ASSIGNED_CONTEXT ( ( #3665, #8132, #7478 ) ) REPRESENTATION_CONTEXT ( 'NONE', 'WORKASPACE' ) );
#5963 = EDGE_CURVE ( 'NONE', #7937, #1333, #6995, .T. ) ;
#5964 = ORIENTED_EDGE ( 'NONE', *, *, #4668, .F. ) ;
#5965 = ORIENTED_EDGE ( 'NONE', *, *, #6349, .F. ) ;
#5966 = AXIS2_PLACEMENT_3D ( 'NONE', #4339, #7462, #5596 ) ;
#5967 = CARTESIAN_POINT ( 'NONE',  ( -0.6669697220176644681, 3.049000000000001265, -0.2499999999999996669 ) ) ;
#5968 = STYLED_ITEM ( 'NONE', ( #1220 ), #182 ) ;
#5969 =( NAMED_UNIT ( * ) PLANE_ANGLE_UNIT ( ) SI_UNIT ( $, .RADIAN. ) );
#5970 = DIRECTION ( 'NONE',  ( 1.000000000000000000, -0.000000000000000000, -0.000000000000000000 ) ) ;
#5971 = CARTESIAN_POINT ( 'NONE',  ( 2.499999999999999556, 5.000000000000000888, 0.000000000000000000 ) ) ;
#5972 = MANIFOLD_SOLID_BREP ( 'Boss-Extrude7', #701 ) ;
#5973 = VERTEX_POINT ( 'NONE', #1712 ) ;
#5974 = DIRECTION ( 'NONE',  ( -7.760429719096859345E-17, 1.000000000000000000, 0.000000000000000000 ) ) ;
#5975 = LINE ( 'NONE', #2996, #1708 ) ;
#5976 = SURFACE_STYLE_FILL_AREA ( #8032 ) ;
#5977 = STYLED_ITEM ( 'NONE', ( #5836 ), #1353 ) ;
#5978 =( LENGTH_UNIT ( ) NAMED_UNIT ( * ) SI_UNIT ( .MILLI., .METRE. ) );
#5979 = LINE ( 'NONE', #6155, #311 ) ;
#5980 = VERTEX_POINT ( 'NONE', #2400 ) ;
#5981 = DIRECTION ( 'NONE',  ( 0.000000000000000000, 0.000000000000000000, -1.000000000000000000 ) ) ;
#5982 = DIRECTION ( 'NONE',  ( -1.000000000000000000, 0.000000000000000000, 0.000000000000000000 ) ) ;
#5983 = DIRECTION ( 'NONE',  ( -0.000000000000000000, 0.000000000000000000, 1.000000000000000000 ) ) ;
#5984 = VERTEX_POINT ( 'NONE', #6760 ) ;
#5985 = ORIENTED_EDGE ( 'NONE', *, *, #5938, .F. ) ;
#5986 = CARTESIAN_POINT ( 'NONE',  ( -0.9038433570372458314, -0.2000000000000008438, 3.609016994374945053 ) ) ;
#5987 = ORIENTED_EDGE ( 'NONE', *, *, #7160, .F. ) ;
#5988 = ADVANCED_FACE ( 'NONE', ( #6386 ), #6863, .F. ) ;
#5989 = DIRECTION ( 'NONE',  ( 0.000000000000000000, 1.000000000000000000, -9.227252531791525393E-17 ) ) ;
#5990 = CARTESIAN_POINT ( 'NONE',  ( 2.499999999999999556, 0.4010000000000011888, 3.251160914559867278E-16 ) ) ;
#5991 = COLOUR_RGB ( '',1.000000000000000000, 1.000000000000000000, 0.7529411764705882248 ) ;
#5992 = EDGE_CURVE ( 'NONE', #4745, #4578, #5997, .T. ) ;
#5993 = DIRECTION ( 'NONE',  ( 1.000000000000000000, 0.000000000000000000, 0.000000000000000000 ) ) ;
#5994 = FACE_BOUND ( 'NONE', #2910, .T. ) ;
#5995 = CARTESIAN_POINT ( 'NONE',  ( -5.000000000000001776, 5.000000000000000000, -2.208475283291302382 ) ) ;
#5996 = EDGE_LOOP ( 'NONE', ( #2776, #4926, #7921, #4772 ) ) ;
#5997 = LINE ( 'NONE', #7712, #1602 ) ;
#5998 =( NAMED_UNIT ( * ) SI_UNIT ( $, .STERADIAN. ) SOLID_ANGLE_UNIT ( ) );
#5999 = LINE ( 'NONE', #7899, #2604 ) ;
#6000 = CARTESIAN_POINT ( 'NONE',  ( -2.999999999999999556, -4.400000000000000355, -2.899999999999999911 ) ) ;
#6001 = UNCERTAINTY_MEASURE_WITH_UNIT (LENGTH_MEASURE( 1.000000000000000082E-05 ), #6753, 'distance_accuracy_value', 'NONE');
#6002 = FILL_AREA_STYLE_COLOUR ( '', #4767 ) ;
#6003 = COLOUR_RGB ( '',1.000000000000000000, 1.000000000000000000, 0.7529411764705882248 ) ;
#6004 =( NAMED_UNIT ( * ) SI_UNIT ( $, .STERADIAN. ) SOLID_ANGLE_UNIT ( ) );
#6005 = FILL_AREA_STYLE ('',( #2037 ) ) ;
#6006 = CARTESIAN_POINT ( 'NONE',  ( 0.5566987298107773929, 4.975000000000002309, 0.000000000000000000 ) ) ;
#6007 = ORIENTED_EDGE ( 'NONE', *, *, #6231, .T. ) ;
#6008 = LINE ( 'NONE', #4002, #944 ) ;
#6009 =( NAMED_UNIT ( * ) SI_UNIT ( $, .STERADIAN. ) SOLID_ANGLE_UNIT ( ) );
#6010 = MECHANICAL_DESIGN_GEOMETRIC_PRESENTATION_REPRESENTATION (  '', ( #2695 ), #2421 ) ;
#6011 = FACE_OUTER_BOUND ( 'NONE', #8123, .T. ) ;
#6012 =( GEOMETRIC_REPRESENTATION_CONTEXT ( 3 ) GLOBAL_UNCERTAINTY_ASSIGNED_CONTEXT ( ( #7370 ) ) GLOBAL_UNIT_ASSIGNED_CONTEXT ( ( #888, #7214, #7240 ) ) REPRESENTATION_CONTEXT ( 'NONE', 'WORKASPACE' ) );
#6013 = VECTOR ( 'NONE', #4441, 1000.000000000000000 ) ;
#6014 = DIRECTION ( 'NONE',  ( -1.000000000000000000, 0.000000000000000000, 0.000000000000000000 ) ) ;
#6015 =( LENGTH_UNIT ( ) NAMED_UNIT ( * ) SI_UNIT ( .MILLI., .METRE. ) );
#6016 = PLANE ( 'NONE',  #3752 ) ;
#6017 = ORIENTED_EDGE ( 'NONE', *, *, #4668, .T. ) ;
#6018 = LINE ( 'NONE', #7531, #5818 ) ;
#6019 = MECHANICAL_DESIGN_GEOMETRIC_PRESENTATION_REPRESENTATION (  '', ( #4580 ), #6759 ) ;
#6020 = EDGE_LOOP ( 'NONE', ( #6565, #4712, #4365, #6639, #4227, #6250 ) ) ;
#6021 = VERTEX_POINT ( 'NONE', #5781 ) ;
#6022 = STYLED_ITEM ( 'NONE', ( #6984 ), #7148 ) ;
#6023 = CARTESIAN_POINT ( 'NONE',  ( 0.7217726880996496730, 3.711171726683383465, -0.2499999999999996669 ) ) ;
#6024 = FACE_OUTER_BOUND ( 'NONE', #6020, .T. ) ;
#6025 =( NAMED_UNIT ( * ) SI_UNIT ( $, .STERADIAN. ) SOLID_ANGLE_UNIT ( ) );
#6026 = EDGE_CURVE ( 'NONE', #7011, #7826, #1804, .T. ) ;
#6027 = VERTEX_POINT ( 'NONE', #1361 ) ;
#6028 = MECHANICAL_DESIGN_GEOMETRIC_PRESENTATION_REPRESENTATION (  '', ( #5325 ), #2489 ) ;
#6029 =( NAMED_UNIT ( * ) PLANE_ANGLE_UNIT ( ) SI_UNIT ( $, .RADIAN. ) );
#6030 = FACE_OUTER_BOUND ( 'NONE', #6186, .T. ) ;
#6031 = VECTOR ( 'NONE', #3050, 1000.000000000000000 ) ;
#6032 = DIRECTION ( 'NONE',  ( 0.000000000000000000, 0.000000000000000000, 1.000000000000000000 ) ) ;
#6033 = VECTOR ( 'NONE', #2446, 1000.000000000000000 ) ;
#6034 = FACE_OUTER_BOUND ( 'NONE', #6619, .T. ) ;
#6035 = ADVANCED_FACE ( 'NONE', ( #5795 ), #3240, .T. ) ;
#6036 = DIRECTION ( 'NONE',  ( -1.000000000000000000, -0.000000000000000000, -0.000000000000000000 ) ) ;
#6037 = CARTESIAN_POINT ( 'NONE',  ( 2.000000000000000444, -7.499999999999980460, 0.2500000000000002220 ) ) ;
#6038 = EDGE_CURVE ( 'NONE', #1506, #5951, #2890, .T. ) ;
#6039 = LINE ( 'NONE', #6547, #983 ) ;
#6040 = SURFACE_STYLE_FILL_AREA ( #4700 ) ;
#6041 = MECHANICAL_DESIGN_GEOMETRIC_PRESENTATION_REPRESENTATION (  '', ( #3892 ), #7724 ) ;
#6042 = CARTESIAN_POINT ( 'NONE',  ( 2.499999999999999556, 2.650000000000000799, 3.252606517456513795E-16 ) ) ;
#6043 = EDGE_LOOP ( 'NONE', ( #1968, #1172, #7114, #6715, #7440, #7820 ) ) ;
#6044 =( NAMED_UNIT ( * ) SI_UNIT ( $, .STERADIAN. ) SOLID_ANGLE_UNIT ( ) );
#6045 = LINE ( 'NONE', #3775, #2653 ) ;
#6046 = EDGE_CURVE ( 'NONE', #3811, #7814, #2294, .T. ) ;
#6047 = ORIENTED_EDGE ( 'NONE', *, *, #3734, .F. ) ;
#6048 =( NAMED_UNIT ( * ) SI_UNIT ( $, .STERADIAN. ) SOLID_ANGLE_UNIT ( ) );
#6049 = SURFACE_STYLE_USAGE ( .BOTH. , #6690 ) ;
#6050 = DIRECTION ( 'NONE',  ( 1.000000000000000000, 0.000000000000000000, -0.000000000000000000 ) ) ;
#6051 = SURFACE_STYLE_FILL_AREA ( #2710 ) ;
#6052 = VERTEX_POINT ( 'NONE', #3041 ) ;
#6053 = CARTESIAN_POINT ( 'NONE',  ( 2.000000000000000444, -5.000000000000000000, -3.699999999999999734 ) ) ;
#6054 = DIRECTION ( 'NONE',  ( -7.760429719096859345E-17, 1.000000000000000000, 0.000000000000000000 ) ) ;
#6055 = AXIS2_PLACEMENT_3D ( 'NONE', #2892, #7977, #1613 ) ;
#6056 = CARTESIAN_POINT ( 'NONE',  ( 2.000000000000000444, -5.100000000000000533, -0.2499999999999998890 ) ) ;
#6057 = AXIS2_PLACEMENT_3D ( 'NONE', #4494, #1319, #5766 ) ;
#6058 = CARTESIAN_POINT ( 'NONE',  ( -5.000000000000001776, -5.000000000000000000, 4.049999999999999822 ) ) ;
#6059 = EDGE_CURVE ( 'NONE', #2289, #3565, #7575, .T. ) ;
#6060 = MECHANICAL_DESIGN_GEOMETRIC_PRESENTATION_REPRESENTATION (  '', ( #6208 ), #7751 ) ;
#6061 = SURFACE_SIDE_STYLE ('',( #3602 ) ) ;
#6062 = DIRECTION ( 'NONE',  ( 0.000000000000000000, -0.000000000000000000, 1.000000000000000000 ) ) ;
#6063 = EDGE_LOOP ( 'NONE', ( #136, #6673, #7136, #996 ) ) ;
#6064 = VERTEX_POINT ( 'NONE', #79 ) ;
#6065 = MECHANICAL_DESIGN_GEOMETRIC_PRESENTATION_REPRESENTATION (  '', ( #4525 ), #850 ) ;
#6066 = PRESENTATION_LAYER_ASSIGNMENT (  '', '', ( #8075 ) ) ;
#6067 = EDGE_CURVE ( 'NONE', #5887, #1593, #6886, .T. ) ;
#6068 = ADVANCED_FACE ( 'NONE', ( #7287 ), #700, .F. ) ;
#6069 = PRESENTATION_LAYER_ASSIGNMENT (  '', '', ( #7609 ) ) ;
#6070 = PRESENTATION_LAYER_ASSIGNMENT (  '', '', ( #1544 ) ) ;
#6071 = EDGE_LOOP ( 'NONE', ( #1466, #6713, #5523, #4420 ) ) ;
#6072 = VECTOR ( 'NONE', #4704, 1000.000000000000000 ) ;
#6073 = FILL_AREA_STYLE ('',( #7301 ) ) ;
#6074 = CARTESIAN_POINT ( 'NONE',  ( 4.445955351399304867, 0.2999999999999991562, 3.609016994374945053 ) ) ;
#6075 = CYLINDRICAL_SURFACE ( 'NONE', #5745, 0.09999999999999982514 ) ;
#6076 = UNCERTAINTY_MEASURE_WITH_UNIT (LENGTH_MEASURE( 1.000000000000000082E-05 ), #2661, 'distance_accuracy_value', 'NONE');
#6077 = EDGE_CURVE ( 'NONE', #595, #3077, #6692, .T. ) ;
#6078 = VERTEX_POINT ( 'NONE', #6418 ) ;
#6079 = CARTESIAN_POINT ( 'NONE',  ( -5.000000000000001776, 0.6999999999999996225, 8.432683563776144913E-17 ) ) ;
#6080 = STYLED_ITEM ( 'NONE', ( #258 ), #1926 ) ;
#6081 = DIRECTION ( 'NONE',  ( -0.000000000000000000, -0.000000000000000000, -1.000000000000000000 ) ) ;
#6082 = CARTESIAN_POINT ( 'NONE',  ( 4.445955351399304867, 0.2999999999999991562, 3.609016994374945053 ) ) ;
#6083 = COLOUR_RGB ( '',0.5019607843137254832, 1.000000000000000000, 0.5019607843137254832 ) ;
#6084 = EDGE_CURVE ( 'NONE', #1619, #2592, #612, .T. ) ;
#6085 = CARTESIAN_POINT ( 'NONE',  ( 4.399999999999999467, 5.000000000000000888, 2.326828918379971365E-16 ) ) ;
#6086 = ORIENTED_EDGE ( 'NONE', *, *, #3566, .T. ) ;
#6087 = CIRCLE ( 'NONE', #24, 1.575000000000000178 ) ;
#6088 =( NAMED_UNIT ( * ) PLANE_ANGLE_UNIT ( ) SI_UNIT ( $, .RADIAN. ) );
#6089 = DIRECTION ( 'NONE',  ( 0.000000000000000000, -1.000000000000000000, 1.548860246407863583E-16 ) ) ;
#6090 = VERTEX_POINT ( 'NONE', #162 ) ;
#6091 = PRESENTATION_STYLE_ASSIGNMENT (( #4850 ) ) ;
#6092 = DIRECTION ( 'NONE',  ( 0.000000000000000000, -0.000000000000000000, 1.000000000000000000 ) ) ;
#6093 = UNCERTAINTY_MEASURE_WITH_UNIT (LENGTH_MEASURE( 1.000000000000000082E-05 ), #2647, 'distance_accuracy_value', 'NONE');
#6094 = CARTESIAN_POINT ( 'NONE',  ( -5.000000000000001776, -5.000000000000000000, 2.299999999999999378 ) ) ;
#6095 = DIRECTION ( 'NONE',  ( 1.000000000000000000, 0.000000000000000000, 0.000000000000000000 ) ) ;
#6096 = MECHANICAL_DESIGN_GEOMETRIC_PRESENTATION_REPRESENTATION (  '', ( #1518 ), #7485 ) ;
#6097 = DIRECTION ( 'NONE',  ( -0.9396926207859082059, -0.3420201433256693790, 0.000000000000000000 ) ) ;
#6098 = ORIENTED_EDGE ( 'NONE', *, *, #2626, .T. ) ;
#6099 = VECTOR ( 'NONE', #5981, 1000.000000000000000 ) ;
#6100 =( LENGTH_UNIT ( ) NAMED_UNIT ( * ) SI_UNIT ( .MILLI., .METRE. ) );
#6101 = PRESENTATION_STYLE_ASSIGNMENT (( #1181 ) ) ;
#6102 = VERTEX_POINT ( 'NONE', #1520 ) ;
#6103 = CIRCLE ( 'NONE', #6546, 1.199999999999999734 ) ;
#6104 =( NAMED_UNIT ( * ) SI_UNIT ( $, .STERADIAN. ) SOLID_ANGLE_UNIT ( ) );
#6105 = ORIENTED_EDGE ( 'NONE', *, *, #6339, .T. ) ;
#6106 = FILL_AREA_STYLE_COLOUR ( '', #2011 ) ;
#6107 = STYLED_ITEM ( 'NONE', ( #4500 ), #6574 ) ;
#6108 = COLOUR_RGB ( '',1.000000000000000000, 1.000000000000000000, 0.7529411764705882248 ) ;
#6109 = LINE ( 'NONE', #7945, #4424 ) ;
#6110 = AXIS2_PLACEMENT_3D ( 'NONE', #3802, #3832, #1912 ) ;
#6111 = VECTOR ( 'NONE', #3867, 1000.000000000000000 ) ;
#6112 = ORIENTED_EDGE ( 'NONE', *, *, #7839, .T. ) ;
#6113 = SURFACE_SIDE_STYLE ('',( #1225 ) ) ;
#6114 = DIRECTION ( 'NONE',  ( 7.760429719096859345E-17, -1.000000000000000000, -0.000000000000000000 ) ) ;
#6115 = EDGE_CURVE ( 'NONE', #6102, #1128, #3087, .T. ) ;
#6116 = LINE ( 'NONE', #6525, #7795 ) ;
#6117 = EDGE_CURVE ( 'NONE', #7457, #7177, #4603, .T. ) ;
#6118 = LINE ( 'NONE', #363, #2330 ) ;
#6119 =( NAMED_UNIT ( * ) PLANE_ANGLE_UNIT ( ) SI_UNIT ( $, .RADIAN. ) );
#6120 = CARTESIAN_POINT ( 'NONE',  ( 2.499999999999999556, 2.650000000000000799, 3.252606517456513795E-16 ) ) ;
#6121 = CARTESIAN_POINT ( 'NONE',  ( 2.499999999999999556, 0.4010000000000010223, -1.198999999999999400 ) ) ;
#6122 = COLOUR_RGB ( '',1.000000000000000000, 1.000000000000000000, 0.7529411764705882248 ) ;
#6123 = AXIS2_PLACEMENT_3D ( 'NONE', #125, #4581, #7756 ) ;
#6124 = CARTESIAN_POINT ( 'NONE',  ( 2.000000000000000444, -8.500000000000000000, -0.2499999999999995282 ) ) ;
#6125 = CARTESIAN_POINT ( 'NONE',  ( 2.000000000000000444, -1.699999999999999734, -2.999999999999999556 ) ) ;
#6126 = ORIENTED_EDGE ( 'NONE', *, *, #1875, .F. ) ;
#6127 =( NAMED_UNIT ( * ) PLANE_ANGLE_UNIT ( ) SI_UNIT ( $, .RADIAN. ) );
#6128 = SURFACE_STYLE_FILL_AREA ( #6776 ) ;
#6129 =( LENGTH_UNIT ( ) NAMED_UNIT ( * ) SI_UNIT ( .MILLI., .METRE. ) );
#6130 = PLANE ( 'NONE',  #5966 ) ;
#6131 = ORIENTED_EDGE ( 'NONE', *, *, #5262, .T. ) ;
#6132 = CARTESIAN_POINT ( 'NONE',  ( 3.900000000000000799, -3.200000000000000178, 2.549999999999993161 ) ) ;
#6133 = STYLED_ITEM ( 'NONE', ( #4327 ), #2091 ) ;
#6134 = ORIENTED_EDGE ( 'NONE', *, *, #657, .T. ) ;
#6135 = FILL_AREA_STYLE_COLOUR ( '', #7186 ) ;
#6136 = ORIENTED_EDGE ( 'NONE', *, *, #3352, .T. ) ;
#6137 = FILL_AREA_STYLE ('',( #480 ) ) ;
#6138 = DIRECTION ( 'NONE',  ( -1.000000000000000000, 0.000000000000000000, 0.000000000000000000 ) ) ;
#6139 = ORIENTED_EDGE ( 'NONE', *, *, #3311, .T. ) ;
#6140 = VERTEX_POINT ( 'NONE', #3970 ) ;
#6141 = UNCERTAINTY_MEASURE_WITH_UNIT (LENGTH_MEASURE( 1.000000000000000082E-05 ), #3852, 'distance_accuracy_value', 'NONE');
#6142 = EDGE_CURVE ( 'NONE', #1601, #4016, #8159, .T. ) ;
#6143 = PRESENTATION_STYLE_ASSIGNMENT (( #7580 ) ) ;
#6144 = VERTEX_POINT ( 'NONE', #813 ) ;
#6145 = DIRECTION ( 'NONE',  ( 0.000000000000000000, 0.000000000000000000, 1.000000000000000000 ) ) ;
#6146 = ORIENTED_EDGE ( 'NONE', *, *, #6676, .T. ) ;
#6147 = VERTEX_POINT ( 'NONE', #5270 ) ;
#6148 =( GEOMETRIC_REPRESENTATION_CONTEXT ( 3 ) GLOBAL_UNCERTAINTY_ASSIGNED_CONTEXT ( ( #7464 ) ) GLOBAL_UNIT_ASSIGNED_CONTEXT ( ( #6129, #4977, #6209 ) ) REPRESENTATION_CONTEXT ( 'NONE', 'WORKASPACE' ) );
#6149 = STYLED_ITEM ( 'NONE', ( #7922 ), #3257 ) ;
#6150 = SURFACE_SIDE_STYLE ('',( #346 ) ) ;
#6151 = ORIENTED_EDGE ( 'NONE', *, *, #7748, .T. ) ;
#6152 = EDGE_CURVE ( 'NONE', #6903, #291, #5480, .T. ) ;
#6153 = COLOUR_RGB ( '',1.000000000000000000, 1.000000000000000000, 0.7529411764705882248 ) ;
#6154 = FILL_AREA_STYLE_COLOUR ( '', #6704 ) ;
#6155 = CARTESIAN_POINT ( 'NONE',  ( 0.6499999999999993561, 3.949000000000001176, 5.518203095879116896E-16 ) ) ;
#6156 = PRESENTATION_LAYER_ASSIGNMENT (  '', '', ( #5574 ) ) ;
#6157 = EDGE_LOOP ( 'NONE', ( #3969, #4636, #4866, #4901 ) ) ;
#6158 = EDGE_CURVE ( 'NONE', #1682, #6624, #3895, .T. ) ;
#6159 = PRESENTATION_LAYER_ASSIGNMENT (  '', '', ( #1690 ) ) ;
#6160 = CARTESIAN_POINT ( 'NONE',  ( -2.495154158168236158, -1.000000000000000000, -1.465305658706754333 ) ) ;
#6161 = AXIS2_PLACEMENT_3D ( 'NONE', #4376, #1223, #5663 ) ;
#6162 = CARTESIAN_POINT ( 'NONE',  ( 2.499999999999999556, 6.043112549695427660, -4.905093330490148259E-16 ) ) ;
#6163 = PLANE ( 'NONE',  #7403 ) ;
#6164 = ORIENTED_EDGE ( 'NONE', *, *, #6578, .F. ) ;
#6165 = UNCERTAINTY_MEASURE_WITH_UNIT (LENGTH_MEASURE( 1.000000000000000082E-05 ), #1111, 'distance_accuracy_value', 'NONE');
#6166 = DIRECTION ( 'NONE',  ( 0.000000000000000000, -0.9655243037162412056, -0.2603129250215355794 ) ) ;
#6167 = ORIENTED_EDGE ( 'NONE', *, *, #7723, .F. ) ;
#6168 = ORIENTED_EDGE ( 'NONE', *, *, #7346, .F. ) ;
#6169 = VECTOR ( 'NONE', #4685, 1000.000000000000000 ) ;
#6170 = COLOUR_RGB ( '',1.000000000000000000, 1.000000000000000000, 0.7529411764705882248 ) ;
#6171 = DIRECTION ( 'NONE',  ( -1.000000000000000000, -0.000000000000000000, -0.000000000000000000 ) ) ;
#6172 = FILL_AREA_STYLE ('',( #521 ) ) ;
#6173 = EDGE_CURVE ( 'NONE', #3747, #642, #6179, .T. ) ;
#6174 = CARTESIAN_POINT ( 'NONE',  ( 2.000000000000000444, -1.699999999999999734, -2.999999999999999556 ) ) ;
#6175 = PRESENTATION_LAYER_ASSIGNMENT (  '', '', ( #7934 ) ) ;
#6176 = EDGE_CURVE ( 'NONE', #1479, #5042, #6087, .T. ) ;
#6177 = CARTESIAN_POINT ( 'NONE',  ( 2.499999999999999112, 3.049000000000001265, 3.252606517456513795E-16 ) ) ;
#6178 = ORIENTED_EDGE ( 'NONE', *, *, #5492, .F. ) ;
#6179 = LINE ( 'NONE', #7738, #7769 ) ;
#6180 = DIRECTION ( 'NONE',  ( -0.000000000000000000, 1.106328747434187728E-16, 1.000000000000000000 ) ) ;
#6181 = COLOUR_RGB ( '',1.000000000000000000, 1.000000000000000000, 0.7529411764705882248 ) ;
#6182 = VECTOR ( 'NONE', #6463, 1000.000000000000000 ) ;
#6183 = EDGE_CURVE ( 'NONE', #6090, #6144, #7477, .T. ) ;
#6184 = SURFACE_STYLE_USAGE ( .BOTH. , #5572 ) ;
#6185 = DIRECTION ( 'NONE',  ( 0.000000000000000000, 1.355252715606881036E-16, 1.000000000000000000 ) ) ;
#6186 = EDGE_LOOP ( 'NONE', ( #3655, #6809, #2955, #1043, #1376, #5116, #3260, #123 ) ) ;
#6187 = UNCERTAINTY_MEASURE_WITH_UNIT (LENGTH_MEASURE( 1.000000000000000082E-05 ), #1262, 'distance_accuracy_value', 'NONE');
#6188 = LINE ( 'NONE', #7800, #336 ) ;
#6189 = SURFACE_STYLE_FILL_AREA ( #6915 ) ;
#6190 = VERTEX_POINT ( 'NONE', #223 ) ;
#6191 = VERTEX_POINT ( 'NONE', #2712 ) ;
#6192 = CARTESIAN_POINT ( 'NONE',  ( 4.625000000000000888, -5.000000000000000000, -2.350000000000000089 ) ) ;
#6193 = PLANE ( 'NONE',  #6161 ) ;
#6194 = VERTEX_POINT ( 'NONE', #6504 ) ;
#6195 = CYLINDRICAL_SURFACE ( 'NONE', #3066, 1.574999999999999956 ) ;
#6196 = CARTESIAN_POINT ( 'NONE',  ( -4.333030277982336642, 3.049000000000001265, 0.2500000000000003331 ) ) ;
#6197 = AXIS2_PLACEMENT_3D ( 'NONE', #1558, #7262, #7237 ) ;
#6198 = DIRECTION ( 'NONE',  ( 0.000000000000000000, 0.000000000000000000, 1.000000000000000000 ) ) ;
#6199 = ORIENTED_EDGE ( 'NONE', *, *, #988, .T. ) ;
#6200 = MECHANICAL_DESIGN_GEOMETRIC_PRESENTATION_REPRESENTATION (  '', ( #1250 ), #5241 ) ;
#6201 = LINE ( 'NONE', #557, #4531 ) ;
#6202 = ORIENTED_EDGE ( 'NONE', *, *, #1661, .T. ) ;
#6203 = STYLED_ITEM ( 'NONE', ( #5854 ), #8100 ) ;
#6204 = DIRECTION ( 'NONE',  ( 0.000000000000000000, 1.275531967630005492E-16, 1.000000000000000000 ) ) ;
#6205 = LINE ( 'NONE', #6645, #1343 ) ;
#6206 = VECTOR ( 'NONE', #3219, 1000.000000000000000 ) ;
#6207 = PRESENTATION_STYLE_ASSIGNMENT (( #1972 ) ) ;
#6208 = STYLED_ITEM ( 'NONE', ( #6091 ), #5988 ) ;
#6209 =( NAMED_UNIT ( * ) SI_UNIT ( $, .STERADIAN. ) SOLID_ANGLE_UNIT ( ) );
#6210 = LINE ( 'NONE', #6295, #3427 ) ;
#6211 = MANIFOLD_SOLID_BREP ( 'Boss-Extrude8', #8179 ) ;
#6212 =( NAMED_UNIT ( * ) SI_UNIT ( $, .STERADIAN. ) SOLID_ANGLE_UNIT ( ) );
#6213 = PRESENTATION_LAYER_ASSIGNMENT (  '', '', ( #1792 ) ) ;
#6214 = PRESENTATION_LAYER_ASSIGNMENT (  '', '', ( #1261 ) ) ;
#6215 = PRESENTATION_STYLE_ASSIGNMENT (( #2849 ) ) ;
#6216 = CARTESIAN_POINT ( 'NONE',  ( -2.500000000000000444, 4.975000000000002309, 0.000000000000000000 ) ) ;
#6217 =( NAMED_UNIT ( * ) SI_UNIT ( $, .STERADIAN. ) SOLID_ANGLE_UNIT ( ) );
#6218 = EDGE_CURVE ( 'NONE', #937, #1619, #1027, .T. ) ;
#6219 = DIRECTION ( 'NONE',  ( -1.000000000000000000, -7.760429719096859345E-17, 0.000000000000000000 ) ) ;
#6220 = VECTOR ( 'NONE', #4263, 1000.000000000000000 ) ;
#6221 = MECHANICAL_DESIGN_GEOMETRIC_PRESENTATION_REPRESENTATION (  '', ( #5682 ), #1850 ) ;
#6222 = ORIENTED_EDGE ( 'NONE', *, *, #7519, .F. ) ;
#6223 =( GEOMETRIC_REPRESENTATION_CONTEXT ( 3 ) GLOBAL_UNCERTAINTY_ASSIGNED_CONTEXT ( ( #3254 ) ) GLOBAL_UNIT_ASSIGNED_CONTEXT ( ( #2146, #4678, #6583 ) ) REPRESENTATION_CONTEXT ( 'NONE', 'WORKASPACE' ) );
#6224 = LINE ( 'NONE', #2108, #1555 ) ;
#6225 = FACE_OUTER_BOUND ( 'NONE', #5071, .T. ) ;
#6226 = ORIENTED_EDGE ( 'NONE', *, *, #7778, .T. ) ;
#6227 = DIRECTION ( 'NONE',  ( 0.000000000000000000, -2.551063935260019366E-16, -1.000000000000000000 ) ) ;
#6228 =( NAMED_UNIT ( * ) PLANE_ANGLE_UNIT ( ) SI_UNIT ( $, .RADIAN. ) );
#6229 = VECTOR ( 'NONE', #3379, 1000.000000000000000 ) ;
#6231 = EDGE_CURVE ( 'NONE', #2580, #8092, #6591, .T. ) ;
#6230 = CARTESIAN_POINT ( 'NONE',  ( -4.500000000000000000, -4.299999999999999822, -2.250000000000000444 ) ) ;
#6232 = FACE_OUTER_BOUND ( 'NONE', #1477, .T. ) ;
#6233 = VERTEX_POINT ( 'NONE', #5220 ) ;
#6234 = AXIS2_PLACEMENT_3D ( 'NONE', #1891, #2420, #3701 ) ;
#6235 = EDGE_CURVE ( 'NONE', #842, #4475, #4302, .T. ) ;
#6236 = DIRECTION ( 'NONE',  ( 0.000000000000000000, 0.000000000000000000, 1.000000000000000000 ) ) ;
#6237 = VERTEX_POINT ( 'NONE', #903 ) ;
#6238 = DIRECTION ( 'NONE',  ( 0.000000000000000000, 1.000000000000000000, 0.000000000000000000 ) ) ;
#6239 = DIRECTION ( 'NONE',  ( -7.760429719096859345E-17, 1.000000000000000000, -0.000000000000000000 ) ) ;
#6240 = CARTESIAN_POINT ( 'NONE',  ( 2.499999999999999556, 2.649000000000000909, -1.199999999999999512 ) ) ;
#6241 =( LENGTH_UNIT ( ) NAMED_UNIT ( * ) SI_UNIT ( .MILLI., .METRE. ) );
#6242 = FACE_OUTER_BOUND ( 'NONE', #7637, .T. ) ;
#6243 = ORIENTED_EDGE ( 'NONE', *, *, #7394, .F. ) ;
#6244 =( NAMED_UNIT ( * ) PLANE_ANGLE_UNIT ( ) SI_UNIT ( $, .RADIAN. ) );
#6245 = DIRECTION ( 'NONE',  ( -0.000000000000000000, -0.000000000000000000, 1.000000000000000000 ) ) ;
#6246 = DIRECTION ( 'NONE',  ( 0.000000000000000000, -1.000000000000000000, 0.000000000000000000 ) ) ;
#6247 = CARTESIAN_POINT ( 'NONE',  ( 4.333030277982335754, 3.449000000000001176, -0.2499999999999996669 ) ) ;
#6248 = VERTEX_POINT ( 'NONE', #3943 ) ;
#6249 = VECTOR ( 'NONE', #5676, 1000.000000000000000 ) ;
#6250 = ORIENTED_EDGE ( 'NONE', *, *, #2272, .F. ) ;
#6251 = ORIENTED_EDGE ( 'NONE', *, *, #3573, .T. ) ;
#6252 = DIRECTION ( 'NONE',  ( 1.000000000000000000, -0.000000000000000000, -0.000000000000000000 ) ) ;
#6253 = SURFACE_STYLE_FILL_AREA ( #5 ) ;
#6254 =( LENGTH_UNIT ( ) NAMED_UNIT ( * ) SI_UNIT ( .MILLI., .METRE. ) );
#6255 =( NAMED_UNIT ( * ) PLANE_ANGLE_UNIT ( ) SI_UNIT ( $, .RADIAN. ) );
#6256 = DIRECTION ( 'NONE',  ( -0.000000000000000000, 1.000000000000000000, -1.445602896647339410E-16 ) ) ;
#6257 = AXIS2_PLACEMENT_3D ( 'NONE', #4370, #6246, #1391 ) ;
#6258 = ORIENTED_EDGE ( 'NONE', *, *, #5632, .T. ) ;
#6259 = SURFACE_SIDE_STYLE ('',( #2930 ) ) ;
#6260 =( GEOMETRIC_REPRESENTATION_CONTEXT ( 3 ) GLOBAL_UNCERTAINTY_ASSIGNED_CONTEXT ( ( #1810 ) ) GLOBAL_UNIT_ASSIGNED_CONTEXT ( ( #7398, #6119, #3415 ) ) REPRESENTATION_CONTEXT ( 'NONE', 'WORKASPACE' ) );
#6261 =( LENGTH_UNIT ( ) NAMED_UNIT ( * ) SI_UNIT ( .MILLI., .METRE. ) );
#6262 = FACE_OUTER_BOUND ( 'NONE', #7476, .T. ) ;
#6263 = DIRECTION ( 'NONE',  ( -1.000000000000000000, 0.000000000000000000, 0.000000000000000000 ) ) ;
#6264 = SURFACE_STYLE_FILL_AREA ( #2078 ) ;
#6265 = PRESENTATION_LAYER_ASSIGNMENT (  '', '', ( #5002 ) ) ;
#6266 = CARTESIAN_POINT ( 'NONE',  ( -3.900000000000000799, -1.200000000000000400, 2.549999999999986500 ) ) ;
#6267 = PRESENTATION_LAYER_ASSIGNMENT (  '', '', ( #1167 ) ) ;
#6268 = DIRECTION ( 'NONE',  ( 0.000000000000000000, -1.505836350674313220E-16, -1.000000000000000000 ) ) ;
#6269 = ORIENTED_EDGE ( 'NONE', *, *, #6612, .F. ) ;
#6270 = CARTESIAN_POINT ( 'NONE',  ( -2.500000000000000444, 3.949000000000001176, 3.252606517456513795E-16 ) ) ;
#6271 =( NAMED_UNIT ( * ) SI_UNIT ( $, .STERADIAN. ) SOLID_ANGLE_UNIT ( ) );
#6272 = LINE ( 'NONE', #6930, #4196 ) ;
#6273 = COLOUR_RGB ( '',1.000000000000000000, 1.000000000000000000, 0.7529411764705882248 ) ;
#6274 = VERTEX_POINT ( 'NONE', #2686 ) ;
#6275 =( GEOMETRIC_REPRESENTATION_CONTEXT ( 3 ) GLOBAL_UNCERTAINTY_ASSIGNED_CONTEXT ( ( #2608 ) ) GLOBAL_UNIT_ASSIGNED_CONTEXT ( ( #5530, #1134, #8091 ) ) REPRESENTATION_CONTEXT ( 'NONE', 'WORKASPACE' ) );
#6276 =( NAMED_UNIT ( * ) SI_UNIT ( $, .STERADIAN. ) SOLID_ANGLE_UNIT ( ) );
#6277 = FACE_BOUND ( 'NONE', #4188, .T. ) ;
#6278 = FILL_AREA_STYLE_COLOUR ( '', #953 ) ;
#6279 = DIRECTION ( 'NONE',  ( -1.224646799147353207E-16, -9.503785415499962024E-33, 1.000000000000000000 ) ) ;
#6280 = ORIENTED_EDGE ( 'NONE', *, *, #5644, .T. ) ;
#6281 = CARTESIAN_POINT ( 'NONE',  ( 3.000000000000000444, -4.399999999999999467, -3.000000000000000000 ) ) ;
#6282 = LINE ( 'NONE', #4047, #7383 ) ;
#6283 = EDGE_CURVE ( 'NONE', #3055, #7810, #2593, .T. ) ;
#6284 = VECTOR ( 'NONE', #3478, 1000.000000000000000 ) ;
#6285 = CARTESIAN_POINT ( 'NONE',  ( 2.250000000000000888, 0.000000000000000000, 0.000000000000000000 ) ) ;
#6286 =( GEOMETRIC_REPRESENTATION_CONTEXT ( 3 ) GLOBAL_UNCERTAINTY_ASSIGNED_CONTEXT ( ( #784 ) ) GLOBAL_UNIT_ASSIGNED_CONTEXT ( ( #7156, #5875, #2050 ) ) REPRESENTATION_CONTEXT ( 'NONE', 'WORKASPACE' ) );
#6287 =( NAMED_UNIT ( * ) SI_UNIT ( $, .STERADIAN. ) SOLID_ANGLE_UNIT ( ) );
#6288 = PLANE ( 'NONE',  #926 ) ;
#6289 = DIRECTION ( 'NONE',  ( -1.000000000000000000, 0.000000000000000000, 0.000000000000000000 ) ) ;
#6290 = ORIENTED_EDGE ( 'NONE', *, *, #5747, .F. ) ;
#6291 = COLOUR_RGB ( '',1.000000000000000000, 1.000000000000000000, 0.7529411764705882248 ) ;
#6292 = FACE_OUTER_BOUND ( 'NONE', #4235, .T. ) ;
#6293 = EDGE_CURVE ( 'NONE', #1601, #4016, #3387, .T. ) ;
#6294 = ORIENTED_EDGE ( 'NONE', *, *, #4802, .T. ) ;
#6295 = CARTESIAN_POINT ( 'NONE',  ( 2.000000000000000444, -1.099999999999999201, -3.099999999999996980 ) ) ;
#6296 = DIRECTION ( 'NONE',  ( -1.000000000000000000, -0.000000000000000000, -0.000000000000000000 ) ) ;
#6297 = ORIENTED_EDGE ( 'NONE', *, *, #1047, .T. ) ;
#6298 = LINE ( 'NONE', #6132, #1728 ) ;
#6299 = LINE ( 'NONE', #2076, #2020 ) ;
#6300 = ADVANCED_FACE ( 'NONE', ( #4714 ), #2284, .T. ) ;
#6301 = EDGE_LOOP ( 'NONE', ( #3637, #2651, #1832, #6294 ) ) ;
#6302 = FILL_AREA_STYLE ('',( #2526 ) ) ;
#6303 = DIRECTION ( 'NONE',  ( 0.000000000000000000, -1.445602896647339410E-16, -1.000000000000000000 ) ) ;
#6304 = SURFACE_SIDE_STYLE ('',( #7782 ) ) ;
#6306 = SURFACE_STYLE_FILL_AREA ( #1983 ) ;
#6305 =( GEOMETRIC_REPRESENTATION_CONTEXT ( 3 ) GLOBAL_UNCERTAINTY_ASSIGNED_CONTEXT ( ( #2976 ) ) GLOBAL_UNIT_ASSIGNED_CONTEXT ( ( #6816, #1101, #2986 ) ) REPRESENTATION_CONTEXT ( 'NONE', 'WORKASPACE' ) );
#6307 = LINE ( 'NONE', #5618, #658 ) ;
#6308 = PRESENTATION_STYLE_ASSIGNMENT (( #239 ) ) ;
#6309 =( GEOMETRIC_REPRESENTATION_CONTEXT ( 3 ) GLOBAL_UNCERTAINTY_ASSIGNED_CONTEXT ( ( #6165 ) ) GLOBAL_UNIT_ASSIGNED_CONTEXT ( ( #1111, #6255, #4280 ) ) REPRESENTATION_CONTEXT ( 'NONE', 'WORKASPACE' ) );
#6310 = FACE_OUTER_BOUND ( 'NONE', #7377, .T. ) ;
#6311 = CARTESIAN_POINT ( 'NONE',  ( 3.000000000000000444, 0.000000000000000000, 0.000000000000000000 ) ) ;
#6312 = AXIS2_PLACEMENT_3D ( 'NONE', #2234, #6032, #2801 ) ;
#6313 = SURFACE_SIDE_STYLE ('',( #5419 ) ) ;
#6314 = EDGE_CURVE ( 'NONE', #4096, #6237, #4499, .T. ) ;
#6315 = PRESENTATION_LAYER_ASSIGNMENT (  '', '', ( #152 ) ) ;
#6316 =( LENGTH_UNIT ( ) NAMED_UNIT ( * ) SI_UNIT ( .MILLI., .METRE. ) );
#6317 = VECTOR ( 'NONE', #3609, 1000.000000000000000 ) ;
#6318 =( LENGTH_UNIT ( ) NAMED_UNIT ( * ) SI_UNIT ( .MILLI., .METRE. ) );
#6319 = FILL_AREA_STYLE_COLOUR ( '', #132 ) ;
#6320 = CARTESIAN_POINT ( 'NONE',  ( 0.5000000000000004441, -4.299999999999999822, 2.250000000000000444 ) ) ;
#6321 = LINE ( 'NONE', #1339, #567 ) ;
#6322 = AXIS2_PLACEMENT_3D ( 'NONE', #3889, #89, #4549 ) ;
#6323 =( LENGTH_UNIT ( ) NAMED_UNIT ( * ) SI_UNIT ( .MILLI., .METRE. ) );
#6324 = MECHANICAL_DESIGN_GEOMETRIC_PRESENTATION_REPRESENTATION (  '', ( #5361 ), #4800 ) ;
#6325 = ORIENTED_EDGE ( 'NONE', *, *, #6880, .F. ) ;
#6326 = UNCERTAINTY_MEASURE_WITH_UNIT (LENGTH_MEASURE( 1.000000000000000082E-05 ), #5125, 'distance_accuracy_value', 'NONE');
#6327 = SURFACE_SIDE_STYLE ('',( #2636 ) ) ;
#6328 = EDGE_CURVE ( 'NONE', #238, #6027, #5571, .T. ) ;
#6329 = VERTEX_POINT ( 'NONE', #6056 ) ;
#6330 = PRESENTATION_LAYER_ASSIGNMENT (  '', '', ( #7711 ) ) ;
#6331 = MECHANICAL_DESIGN_GEOMETRIC_PRESENTATION_REPRESENTATION (  '', ( #1332 ), #382 ) ;
#6332 = ORIENTED_EDGE ( 'NONE', *, *, #2141, .T. ) ;
#6333 = LINE ( 'NONE', #1781, #677 ) ;
#6334 = VECTOR ( 'NONE', #5778, 1000.000000000000000 ) ;
#6335 = ORIENTED_EDGE ( 'NONE', *, *, #6067, .T. ) ;
#6336 = SURFACE_STYLE_USAGE ( .BOTH. , #5662 ) ;
#6337 = SURFACE_STYLE_USAGE ( .BOTH. , #3190 ) ;
#6338 = ORIENTED_EDGE ( 'NONE', *, *, #4610, .F. ) ;
#6339 = EDGE_CURVE ( 'NONE', #7574, #2111, #1908, .T. ) ;
#6340 = STYLED_ITEM ( 'NONE', ( #3445 ), #1594 ) ;
#6341 = EDGE_CURVE ( 'NONE', #4053, #4486, #2090, .T. ) ;
#6342 = DIRECTION ( 'NONE',  ( 0.000000000000000000, 0.000000000000000000, 1.000000000000000000 ) ) ;
#6343 = DIRECTION ( 'NONE',  ( 0.000000000000000000, -0.000000000000000000, -1.000000000000000000 ) ) ;
#6344 = ORIENTED_EDGE ( 'NONE', *, *, #1474, .F. ) ;
#6345 = UNCERTAINTY_MEASURE_WITH_UNIT (LENGTH_MEASURE( 1.000000000000000082E-05 ), #2837, 'distance_accuracy_value', 'NONE');
#6346 = DIRECTION ( 'NONE',  ( 1.000000000000000000, -0.000000000000000000, 0.000000000000000000 ) ) ;
#6347 = SURFACE_SIDE_STYLE ('',( #6253 ) ) ;
#6348 = ADVANCED_FACE ( 'NONE', ( #429 ), #332, .T. ) ;
#6349 = EDGE_CURVE ( 'NONE', #7231, #2388, #6987, .T. ) ;
#6350 =( LENGTH_UNIT ( ) NAMED_UNIT ( * ) SI_UNIT ( .MILLI., .METRE. ) );
#6351 = VERTEX_POINT ( 'NONE', #4770 ) ;
#6352 = CARTESIAN_POINT ( 'NONE',  ( -4.500000000000000000, 0.4000000000000005218, -2.250000000000000000 ) ) ;
#6353 = ORIENTED_EDGE ( 'NONE', *, *, #4632, .T. ) ;
#6354 = CARTESIAN_POINT ( 'NONE',  ( 2.499999999999999556, 5.000000000000000888, 0.000000000000000000 ) ) ;
#6355 = CARTESIAN_POINT ( 'NONE',  ( 3.000000000000000444, -1.599999999999998979, -2.250000000000000000 ) ) ;
#6356 = ORIENTED_EDGE ( 'NONE', *, *, #5442, .F. ) ;
#6357 = SURFACE_STYLE_FILL_AREA ( #534 ) ;
#6358 = CARTESIAN_POINT ( 'NONE',  ( 0.000000000000000000, 0.2999999999999991562, 4.049999999999999822 ) ) ;
#6359 = PRESENTATION_STYLE_ASSIGNMENT (( #6548 ) ) ;
#6360 = AXIS2_PLACEMENT_3D ( 'NONE', #5916, #7762, #128 ) ;
#6361 =( LENGTH_UNIT ( ) NAMED_UNIT ( * ) SI_UNIT ( .MILLI., .METRE. ) );
#6362 = STYLED_ITEM ( 'NONE', ( #6659 ), #8044 ) ;
#6363 = CARTESIAN_POINT ( 'NONE',  ( -3.899999999999999911, 0.000000000000000000, 0.000000000000000000 ) ) ;
#6364 = FILL_AREA_STYLE_COLOUR ( '', #2394 ) ;
#6365 = LINE ( 'NONE', #7942, #1497 ) ;
#6366 = ORIENTED_EDGE ( 'NONE', *, *, #4462, .F. ) ;
#6367 = STYLED_ITEM ( 'NONE', ( #3739 ), #5677 ) ;
#6368 = LINE ( 'NONE', #1547, #4192 ) ;
#6369 = COLOUR_RGB ( '',0.5019607843137254832, 1.000000000000000000, 0.5019607843137254832 ) ;
#6370 = CARTESIAN_POINT ( 'NONE',  ( 1.173350083857839454, 3.949000000000001176, 0.2500000000000003331 ) ) ;
#6371 =( NAMED_UNIT ( * ) SI_UNIT ( $, .STERADIAN. ) SOLID_ANGLE_UNIT ( ) );
#6372 = MECHANICAL_DESIGN_GEOMETRIC_PRESENTATION_REPRESENTATION (  '', ( #4696 ), #2369 ) ;
#6373 = FILL_AREA_STYLE ('',( #3898 ) ) ;
#6374 = AXIS2_PLACEMENT_3D ( 'NONE', #5986, #2817, #6637 ) ;
#6375 = ORIENTED_EDGE ( 'NONE', *, *, #4101, .T. ) ;
#6376 = DIRECTION ( 'NONE',  ( -7.760429719096859345E-17, 1.000000000000000000, 0.000000000000000000 ) ) ;
#6377 = DIRECTION ( 'NONE',  ( 0.000000000000000000, 0.000000000000000000, 1.000000000000000000 ) ) ;
#6378 = ORIENTED_EDGE ( 'NONE', *, *, #692, .T. ) ;
#6379 = EDGE_CURVE ( 'NONE', #1128, #2658, #6789, .T. ) ;
#6380 = CARTESIAN_POINT ( 'NONE',  ( -0.6066987298107782145, 4.975000000000002309, 2.318625340358848902E-16 ) ) ;
#6381 = LINE ( 'NONE', #4999, #3284 ) ;
#6382 = AXIS2_PLACEMENT_3D ( 'NONE', #4058, #6531, #2806 ) ;
#6383 = AXIS2_PLACEMENT_3D ( 'NONE', #5971, #6524, #3342 ) ;
#6384 = DIRECTION ( 'NONE',  ( -1.000000000000000000, 0.000000000000000000, 0.000000000000000000 ) ) ;
#6385 = EDGE_LOOP ( 'NONE', ( #3297, #2913, #2417, #902 ) ) ;
#6386 = FACE_OUTER_BOUND ( 'NONE', #2012, .T. ) ;
#6387 = LINE ( 'NONE', #924, #7870 ) ;
#6388 = B_SPLINE_CURVE_WITH_KNOTS ( 'NONE', 3,
 ( #4185, #281, #7904, #4162, #4113, #306 ),
 .UNSPECIFIED., .F., .F.,
 ( 4, 2, 4 ),
 ( 0.0006068275796603294974, 0.001000185506340196340, 0.001393543433020063291 ),
 .UNSPECIFIED. ) ;
#6389 = COLOUR_RGB ( '',0.5019607843137254832, 1.000000000000000000, 0.5019607843137254832 ) ;
#6390 = ADVANCED_FACE ( 'NONE', ( #4904 ), #4084, .F. ) ;
#6391 = MECHANICAL_DESIGN_GEOMETRIC_PRESENTATION_REPRESENTATION (  '', ( #5268 ), #6831 ) ;
#6392 = SURFACE_STYLE_USAGE ( .BOTH. , #3774 ) ;
#6393 = CARTESIAN_POINT ( 'NONE',  ( 3.000000000000000444, -5.000000000000000000, -3.099999999999996536 ) ) ;
#6394 = ORIENTED_EDGE ( 'NONE', *, *, #1893, .F. ) ;
#6395 = LINE ( 'NONE', #7914, #6099 ) ;
#6396 = DIRECTION ( 'NONE',  ( -7.760429719096859345E-17, 1.000000000000000000, 0.000000000000000000 ) ) ;
#6397 = FILL_AREA_STYLE ('',( #6364 ) ) ;
#6398 = LINE ( 'NONE', #6352, #4728 ) ;
#6399 = UNCERTAINTY_MEASURE_WITH_UNIT (LENGTH_MEASURE( 1.000000000000000082E-05 ), #8235, 'distance_accuracy_value', 'NONE');
#6400 = PRESENTATION_STYLE_ASSIGNMENT (( #6580 ) ) ;
#6401 = LINE ( 'NONE', #8041, #3302 ) ;
#6402 = CARTESIAN_POINT ( 'NONE',  ( 1.173350083857839454, 3.949000000000001176, 0.2500000000000003331 ) ) ;
#6403 = ORIENTED_EDGE ( 'NONE', *, *, #4598, .T. ) ;
#6404 = PRESENTATION_STYLE_ASSIGNMENT (( #2595 ) ) ;
#6405 = CARTESIAN_POINT ( 'NONE',  ( 2.250000000000000888, -2.999999999999998668, -3.499999999999999112 ) ) ;
#6406 =( NAMED_UNIT ( * ) SI_UNIT ( $, .STERADIAN. ) SOLID_ANGLE_UNIT ( ) );
#6407 = ORIENTED_EDGE ( 'NONE', *, *, #2568, .F. ) ;
#6408 = CARTESIAN_POINT ( 'NONE',  ( 0.5540446486006960214, 0.000000000000000000, 4.049999999999999822 ) ) ;
#6409 = CIRCLE ( 'NONE', #1386, 0.4000000000000001887 ) ;
#6410 = ORIENTED_EDGE ( 'NONE', *, *, #8187, .F. ) ;
#6411 = SURFACE_SIDE_STYLE ('',( #2320 ) ) ;
#6412 = CARTESIAN_POINT ( 'NONE',  ( 3.000000000000000444, -1.000000000000000000, -2.349999999999999645 ) ) ;
#6413 = LINE ( 'NONE', #2013, #4842 ) ;
#6414 = VECTOR ( 'NONE', #3870, 1000.000000000000000 ) ;
#6415 = LINE ( 'NONE', #3515, #3124 ) ;
#6416 = FILL_AREA_STYLE ('',( #5083 ) ) ;
#6417 = VECTOR ( 'NONE', #7579, 1000.000000000000000 ) ;
#6418 = CARTESIAN_POINT ( 'NONE',  ( -5.000000000000001776, -1.000000000000000000, 2.799999999999999378 ) ) ;
#6419 =( LENGTH_UNIT ( ) NAMED_UNIT ( * ) SI_UNIT ( .MILLI., .METRE. ) );
#6420 = CIRCLE ( 'NONE', #4278, 1.198999999999999622 ) ;
#6421 = CYLINDRICAL_SURFACE ( 'NONE', #6862, 1.525000000000001021 ) ;
#6422 = DIRECTION ( 'NONE',  ( 1.000000000000000000, -0.000000000000000000, -0.000000000000000000 ) ) ;
#6423 = ORIENTED_EDGE ( 'NONE', *, *, #5074, .F. ) ;
#6424 = AXIS2_PLACEMENT_3D ( 'NONE', #6270, #4566, #5602 ) ;
#6425 = MECHANICAL_DESIGN_GEOMETRIC_PRESENTATION_REPRESENTATION (  '', ( #4698 ), #2265 ) ;
#6426 = FACE_OUTER_BOUND ( 'NONE', #71, .T. ) ;
#6427 = UNCERTAINTY_MEASURE_WITH_UNIT (LENGTH_MEASURE( 1.000000000000000082E-05 ), #6432, 'distance_accuracy_value', 'NONE');
#6428 = CARTESIAN_POINT ( 'NONE',  ( -1.999999999999999556, -1.699999999999999734, -2.999999999999999556 ) ) ;
#6429 = VERTEX_POINT ( 'NONE', #5486 ) ;
#6430 = DIRECTION ( 'NONE',  ( 1.000000000000000000, 0.000000000000000000, 0.000000000000000000 ) ) ;
#6431 = AXIS2_PLACEMENT_3D ( 'NONE', #1016, #969, #5439 ) ;
#6432 =( LENGTH_UNIT ( ) NAMED_UNIT ( * ) SI_UNIT ( .MILLI., .METRE. ) );
#6433 = UNCERTAINTY_MEASURE_WITH_UNIT (LENGTH_MEASURE( 1.000000000000000082E-05 ), #5803, 'distance_accuracy_value', 'NONE');
#6434 = ADVANCED_FACE ( 'NONE', ( #7290 ), #7461, .F. ) ;
#6435 = SURFACE_SIDE_STYLE ('',( #4511 ) ) ;
#6436 = CIRCLE ( 'NONE', #8038, 0.09999999999999982514 ) ;
#6437 = EDGE_LOOP ( 'NONE', ( #3005, #2830, #5872, #2214, #3243, #1513 ) ) ;
#6438 = COLOUR_RGB ( '',1.000000000000000000, 1.000000000000000000, 0.7529411764705882248 ) ;
#6439 = CARTESIAN_POINT ( 'NONE',  ( 2.499999999999999556, 2.649000000000000909, 1.198999999999999622 ) ) ;
#6440 = ORIENTED_EDGE ( 'NONE', *, *, #1626, .F. ) ;
#6441 = MECHANICAL_DESIGN_GEOMETRIC_PRESENTATION_REPRESENTATION (  '', ( #1324 ), #6866 ) ;
#6442 = DIRECTION ( 'NONE',  ( -1.000000000000000000, 0.000000000000000000, 0.000000000000000000 ) ) ;
#6443 = EDGE_CURVE ( 'NONE', #3514, #3179, #7099, .T. ) ;
#6444 = SURFACE_STYLE_USAGE ( .BOTH. , #1460 ) ;
#6445 = SURFACE_STYLE_FILL_AREA ( #5864 ) ;
#6446 = VERTEX_POINT ( 'NONE', #6240 ) ;
#6447 =( GEOMETRIC_REPRESENTATION_CONTEXT ( 3 ) GLOBAL_UNCERTAINTY_ASSIGNED_CONTEXT ( ( #4250 ) ) GLOBAL_UNIT_ASSIGNED_CONTEXT ( ( #500, #4363, #5621 ) ) REPRESENTATION_CONTEXT ( 'NONE', 'WORKASPACE' ) );
#6448 = DIRECTION ( 'NONE',  ( 1.000000000000000000, 0.000000000000000000, 0.000000000000000000 ) ) ;
#6449 = DIRECTION ( 'NONE',  ( -0.1736481776669271948, 0.9848077530122086864, -1.570192213671183109E-16 ) ) ;
#6450 = ORIENTED_EDGE ( 'NONE', *, *, #5158, .F. ) ;
#6451 = FILL_AREA_STYLE ('',( #3833 ) ) ;
#6452 = UNCERTAINTY_MEASURE_WITH_UNIT (LENGTH_MEASURE( 1.000000000000000082E-05 ), #4544, 'distance_accuracy_value', 'NONE');
#6453 = CARTESIAN_POINT ( 'NONE',  ( 3.000000000000000444, -1.599999999999998979, -2.899999999999999023 ) ) ;
#6454 = DIRECTION ( 'NONE',  ( -1.000000000000000000, 0.000000000000000000, 0.000000000000000000 ) ) ;
#6455 = EDGE_CURVE ( 'NONE', #3462, #3413, #5481, .T. ) ;
#6456 =( GEOMETRIC_REPRESENTATION_CONTEXT ( 3 ) GLOBAL_UNCERTAINTY_ASSIGNED_CONTEXT ( ( #7796 ) ) GLOBAL_UNIT_ASSIGNED_CONTEXT ( ( #2980, #398, #2262 ) ) REPRESENTATION_CONTEXT ( 'NONE', 'WORKASPACE' ) );
#6457 = SURFACE_STYLE_USAGE ( .BOTH. , #1348 ) ;
#6458 = CARTESIAN_POINT ( 'NONE',  ( 3.000000000000000444, -5.100000000000000533, -0.2500000000000000555 ) ) ;
#6459 = VERTEX_POINT ( 'NONE', #2365 ) ;
#6460 = ORIENTED_EDGE ( 'NONE', *, *, #227, .T. ) ;
#6461 = PLANE ( 'NONE',  #5100 ) ;
#6462 = EDGE_CURVE ( 'NONE', #1506, #6459, #2297, .T. ) ;
#6463 = DIRECTION ( 'NONE',  ( -7.760429719096859345E-17, 1.000000000000000000, -0.000000000000000000 ) ) ;
#6464 = CARTESIAN_POINT ( 'NONE',  ( -0.6546435471732193756, 0.02360679774998143340, 3.161803398874988513 ) ) ;
#6465 = DIRECTION ( 'NONE',  ( 0.000000000000000000, 1.000000000000000000, -1.275531967630005492E-16 ) ) ;
#6466 = DIRECTION ( 'NONE',  ( 7.760429719096859345E-17, -1.000000000000000000, 0.000000000000000000 ) ) ;
#6467 = VECTOR ( 'NONE', #6089, 1000.000000000000000 ) ;
#6468 = ORIENTED_EDGE ( 'NONE', *, *, #399, .F. ) ;
#6469 = CARTESIAN_POINT ( 'NONE',  ( 2.499999999999999112, 3.049000000000001265, 3.252606517456513795E-16 ) ) ;
#6470 = CARTESIAN_POINT ( 'NONE',  ( -2.500000000000000888, 3.049000000000001265, 3.252606517456513795E-16 ) ) ;
#6471 = DIRECTION ( 'NONE',  ( -1.000000000000000000, 0.000000000000000000, -0.000000000000000000 ) ) ;
#6472 = DIRECTION ( 'NONE',  ( 0.000000000000000000, -1.000000000000000000, 1.398970545142588514E-16 ) ) ;
#6473 = VECTOR ( 'NONE', #7173, 1000.000000000000000 ) ;
#6474 = ADVANCED_FACE ( 'NONE', ( #5189 ), #1418, .T. ) ;
#6475 = EDGE_LOOP ( 'NONE', ( #3347, #3038, #511, #7197 ) ) ;
#6476 = PRESENTATION_LAYER_ASSIGNMENT (  '', '', ( #6149 ) ) ;
#6477 = PLANE ( 'NONE',  #1211 ) ;
#6478 = VECTOR ( 'NONE', #723, 1000.000000000000114 ) ;
#6479 = FACE_OUTER_BOUND ( 'NONE', #8015, .T. ) ;
#6480 = STYLED_ITEM ( 'NONE', ( #88 ), #7894 ) ;
#6481 =( NAMED_UNIT ( * ) PLANE_ANGLE_UNIT ( ) SI_UNIT ( $, .RADIAN. ) );
#6482 = SURFACE_SIDE_STYLE ('',( #4097 ) ) ;
#6483 = SURFACE_STYLE_FILL_AREA ( #6451 ) ;
#6484 = EDGE_CURVE ( 'NONE', #5865, #6895, #7965, .T. ) ;
#6485 = MECHANICAL_DESIGN_GEOMETRIC_PRESENTATION_REPRESENTATION (  '', ( #4635 ), #1528 ) ;
#6486 = SURFACE_STYLE_FILL_AREA ( #3836 ) ;
#6487 = ORIENTED_EDGE ( 'NONE', *, *, #2457, .F. ) ;
#6488 = FILL_AREA_STYLE_COLOUR ( '', #361 ) ;
#6489 = FACE_OUTER_BOUND ( 'NONE', #1124, .T. ) ;
#6490 =( GEOMETRIC_REPRESENTATION_CONTEXT ( 3 ) GLOBAL_UNCERTAINTY_ASSIGNED_CONTEXT ( ( #4887 ) ) GLOBAL_UNIT_ASSIGNED_CONTEXT ( ( #2656, #7729, #67 ) ) REPRESENTATION_CONTEXT ( 'NONE', 'WORKASPACE' ) );
#6491 = DIRECTION ( 'NONE',  ( -1.000000000000000000, 0.000000000000000000, 0.000000000000000000 ) ) ;
#6492 = PRESENTATION_LAYER_ASSIGNMENT (  '', '', ( #3767 ) ) ;
#6493 = DIRECTION ( 'NONE',  ( 1.000000000000000000, 0.000000000000000000, -0.000000000000000000 ) ) ;
#6494 = EDGE_CURVE ( 'NONE', #1321, #4856, #613, .T. ) ;
#6495 = FILL_AREA_STYLE ('',( #2768 ) ) ;
#6496 = ORIENTED_EDGE ( 'NONE', *, *, #4221, .T. ) ;
#6497 = DIRECTION ( 'NONE',  ( -0.000000000000000000, -0.000000000000000000, 1.000000000000000000 ) ) ;
#6498 = VECTOR ( 'NONE', #3859, 1000.000000000000000 ) ;
#6499 = LINE ( 'NONE', #7841, #4004 ) ;
#6500 = DIRECTION ( 'NONE',  ( 7.760429719096859345E-17, -1.000000000000000000, 0.000000000000000000 ) ) ;
#6501 = AXIS2_PLACEMENT_3D ( 'NONE', #5324, #3480, #329 ) ;
#6502 = SURFACE_STYLE_FILL_AREA ( #2740 ) ;
#6503 = SURFACE_STYLE_FILL_AREA ( #665 ) ;
#6504 = CARTESIAN_POINT ( 'NONE',  ( 2.000000000000000444, -1.000000000000000000, -3.499999999999999556 ) ) ;
#6505 = ORIENTED_EDGE ( 'NONE', *, *, #3170, .F. ) ;
#6506 = PLANE ( 'NONE',  #5452 ) ;
#6507 = VECTOR ( 'NONE', #1191, 1000.000000000000000 ) ;
#6508 = COLOUR_RGB ( '',1.000000000000000000, 1.000000000000000000, 0.7529411764705882248 ) ;
#6510 = EDGE_CURVE ( 'NONE', #817, #2440, #2496, .T. ) ;
#6509 = UNCERTAINTY_MEASURE_WITH_UNIT (LENGTH_MEASURE( 1.000000000000000082E-05 ), #1071, 'distance_accuracy_value', 'NONE');
#6511 = VERTEX_POINT ( 'NONE', #3036 ) ;
#6512 = PRESENTATION_LAYER_ASSIGNMENT (  '', '', ( #6080 ) ) ;
#6513 = CARTESIAN_POINT ( 'NONE',  ( -4.625000000000000888, 8.736600034718932761, 2.350000000000000089 ) ) ;
#6514 =( NAMED_UNIT ( * ) PLANE_ANGLE_UNIT ( ) SI_UNIT ( $, .RADIAN. ) );
#6515 = SURFACE_STYLE_USAGE ( .BOTH. , #4036 ) ;
#6516 = SURFACE_STYLE_FILL_AREA ( #1827 ) ;
#6517 = EDGE_CURVE ( 'NONE', #6233, #1115, #1316, .T. ) ;
#6518 = ORIENTED_EDGE ( 'NONE', *, *, #3523, .F. ) ;
#6519 = FACE_OUTER_BOUND ( 'NONE', #1707, .T. ) ;
#6520 = CARTESIAN_POINT ( 'NONE',  ( -4.722148461407567055, -1.000000000000000000, 2.773131607561133194 ) ) ;
#6521 = DIRECTION ( 'NONE',  ( -0.000000000000000000, -0.9396926207859107594, -0.3420201433256621071 ) ) ;
#6522 = ADVANCED_FACE ( 'NONE', ( #7577 ), #7671, .T. ) ;
#6523 = CIRCLE ( 'NONE', #7966, 1.849999999999999645 ) ;
#6524 = DIRECTION ( 'NONE',  ( -7.760429719096859345E-17, 1.000000000000000000, -0.000000000000000000 ) ) ;
#6525 = CARTESIAN_POINT ( 'NONE',  ( 0.3749999999999998890, -5.000000000000000000, 3.200000000000001066 ) ) ;
#6526 = CIRCLE ( 'NONE', #7976, 1.900000000000000577 ) ;
#6527 = CIRCLE ( 'NONE', #1846, 1.850000000000000311 ) ;
#6528 = CARTESIAN_POINT ( 'NONE',  ( 0.5999999999999989786, 4.950000000000001066, 0.000000000000000000 ) ) ;
#6529 = AXIS2_PLACEMENT_3D ( 'NONE', #278, #300, #4734 ) ;
#6530 = DIRECTION ( 'NONE',  ( 1.000000000000000000, -0.000000000000000000, -0.000000000000000000 ) ) ;
#6531 = DIRECTION ( 'NONE',  ( 0.000000000000000000, 1.000000000000000000, 0.000000000000000000 ) ) ;
#6532 = VECTOR ( 'NONE', #7719, 1000.000000000000000 ) ;
#6533 = SURFACE_STYLE_USAGE ( .BOTH. , #4591 ) ;
#6534 = VERTEX_POINT ( 'NONE', #6912 ) ;
#6535 = CARTESIAN_POINT ( 'NONE',  ( -3.899999999999999911, -3.200000000000000178, 2.549999999999986500 ) ) ;
#6536 = ORIENTED_EDGE ( 'NONE', *, *, #5034, .F. ) ;
#6537 = CARTESIAN_POINT ( 'NONE',  ( 0.3749999999999998890, 2.400000000000001243, -2.350000000000000089 ) ) ;
#6538 = AXIS2_PLACEMENT_3D ( 'NONE', #5650, #1820, #3112 ) ;
#6539 = ORIENTED_EDGE ( 'NONE', *, *, #5285, .T. ) ;
#6540 = FILL_AREA_STYLE_COLOUR ( '', #4254 ) ;
#6541 = ORIENTED_EDGE ( 'NONE', *, *, #3622, .T. ) ;
#6542 = FILL_AREA_STYLE_COLOUR ( '', #6108 ) ;
#6543 = VECTOR ( 'NONE', #4975, 1000.000000000000000 ) ;
#6544 = VERTEX_POINT ( 'NONE', #7545 ) ;
#6545 = EDGE_CURVE ( 'NONE', #7937, #1216, #6381, .T. ) ;
#6546 = AXIS2_PLACEMENT_3D ( 'NONE', #2396, #4897, #1093 ) ;
#6547 = CARTESIAN_POINT ( 'NONE',  ( -5.000000000000001776, -1.120000000000001217, -4.049999999999999822 ) ) ;
#6548 = SURFACE_STYLE_USAGE ( .BOTH. , #299 ) ;
#6549 = EDGE_CURVE ( 'NONE', #621, #5531, #7861, .T. ) ;
#6550 = CARTESIAN_POINT ( 'NONE',  ( -1.999999999999999556, -5.000000000000000000, -0.3500000000000007550 ) ) ;
#6551 = CARTESIAN_POINT ( 'NONE',  ( 4.999999999999998224, -5.000000000000000000, -4.049999999999999822 ) ) ;
#6552 = VERTEX_POINT ( 'NONE', #3706 ) ;
#6553 = FILL_AREA_STYLE_COLOUR ( '', #512 ) ;
#6554 = PLANE ( 'NONE',  #3194 ) ;
#6555 = DIRECTION ( 'NONE',  ( 1.000000000000000000, -0.000000000000000000, -0.000000000000000000 ) ) ;
#6556 = ORIENTED_EDGE ( 'NONE', *, *, #5879, .T. ) ;
#6557 = AXIS2_PLACEMENT_3D ( 'NONE', #3393, #5941, #180 ) ;
#6558 = SURFACE_SIDE_STYLE ('',( #1770 ) ) ;
#6559 = ORIENTED_EDGE ( 'NONE', *, *, #1717, .T. ) ;
#6560 = CARTESIAN_POINT ( 'NONE',  ( 2.000000000000000444, -1.499999999999999334, -3.099999999999999645 ) ) ;
#6561 = UNCERTAINTY_MEASURE_WITH_UNIT (LENGTH_MEASURE( 1.000000000000000082E-05 ), #8126, 'distance_accuracy_value', 'NONE');
#6562 = LINE ( 'NONE', #4385, #1285 ) ;
#6563 = ADVANCED_FACE ( 'NONE', ( #4102 ), #7572, .F. ) ;
#6564 = DIRECTION ( 'NONE',  ( -0.000000000000000000, 0.000000000000000000, 1.000000000000000000 ) ) ;
#6565 = ORIENTED_EDGE ( 'NONE', *, *, #2299, .F. ) ;
#6566 = DIRECTION ( 'NONE',  ( -1.000000000000000000, 0.000000000000000000, -0.000000000000000000 ) ) ;
#6567 =( NAMED_UNIT ( * ) SI_UNIT ( $, .STERADIAN. ) SOLID_ANGLE_UNIT ( ) );
#6568 = VERTEX_POINT ( 'NONE', #2476 ) ;
#6569 = VECTOR ( 'NONE', #7634, 1000.000000000000000 ) ;
#6570 = PRESENTATION_LAYER_ASSIGNMENT (  '', '', ( #5706 ) ) ;
#6571 = LINE ( 'NONE', #1590, #811 ) ;
#6572 = LINE ( 'NONE', #2335, #4891 ) ;
#6573 = CARTESIAN_POINT ( 'NONE',  ( 2.000000000000000444, -4.599999999999996980, -3.499999999999999112 ) ) ;
#6574 = ADVANCED_FACE ( 'NONE', ( #6479 ), #4411, .T. ) ;
#6575 = DIRECTION ( 'NONE',  ( 1.000000000000000000, -0.000000000000000000, -0.000000000000000000 ) ) ;
#6576 = DIRECTION ( 'NONE',  ( 1.000000000000000000, -0.000000000000000000, -0.000000000000000000 ) ) ;
#6577 = CARTESIAN_POINT ( 'NONE',  ( -1.099999999999999867, 0.000000000000000000, 2.549999999999982947 ) ) ;
#6578 = EDGE_CURVE ( 'NONE', #2268, #8128, #5787, .T. ) ;
#6579 = VERTEX_POINT ( 'NONE', #7362 ) ;
#6580 = SURFACE_STYLE_USAGE ( .BOTH. , #2194 ) ;
#6581 = DIRECTION ( 'NONE',  ( 1.000000000000000000, -0.000000000000000000, -0.000000000000000000 ) ) ;
#6582 = VECTOR ( 'NONE', #7086, 1000.000000000000000 ) ;
#6583 =( NAMED_UNIT ( * ) SI_UNIT ( $, .STERADIAN. ) SOLID_ANGLE_UNIT ( ) );
#6584 = MANIFOLD_SOLID_BREP ( 'Cut-Extrude14[1]', #4154 ) ;
#6585 = CARTESIAN_POINT ( 'NONE',  ( -1.999999999999999556, -4.900000000000003020, 0.2499999999999999445 ) ) ;
#6586 = VECTOR ( 'NONE', #119, 1000.000000000000000 ) ;
#6587 = DIRECTION ( 'NONE',  ( 0.000000000000000000, 0.000000000000000000, -1.000000000000000000 ) ) ;
#6588 = EDGE_LOOP ( 'NONE', ( #2611, #680 ) ) ;
#6589 = LINE ( 'NONE', #233, #7858 ) ;
#6590 = ORIENTED_EDGE ( 'NONE', *, *, #3241, .T. ) ;
#6591 = LINE ( 'NONE', #4025, #6169 ) ;
#6592 = FACE_OUTER_BOUND ( 'NONE', #1439, .T. ) ;
#6593 = CARTESIAN_POINT ( 'NONE',  ( 4.999999999999998224, -5.000000000000000000, 4.049999999999999822 ) ) ;
#6594 =( NAMED_UNIT ( * ) PLANE_ANGLE_UNIT ( ) SI_UNIT ( $, .RADIAN. ) );
#6595 = AXIS2_PLACEMENT_3D ( 'NONE', #3653, #4953, #8144 ) ;
#6596 = SURFACE_STYLE_USAGE ( .BOTH. , #3920 ) ;
#6597 = ORIENTED_EDGE ( 'NONE', *, *, #6339, .F. ) ;
#6598 = CARTESIAN_POINT ( 'NONE',  ( 0.8997548783981970111, -4.650000000000000355, 3.200000000000001066 ) ) ;
#6599 =( LENGTH_UNIT ( ) NAMED_UNIT ( * ) SI_UNIT ( .MILLI., .METRE. ) );
#6600 = VECTOR ( 'NONE', #1383, 1000.000000000000000 ) ;
#6601 = VECTOR ( 'NONE', #5456, 1000.000000000000000 ) ;
#6602 = EDGE_CURVE ( 'NONE', #3253, #6021, #6878, .T. ) ;
#6603 =( GEOMETRIC_REPRESENTATION_CONTEXT ( 3 ) GLOBAL_UNCERTAINTY_ASSIGNED_CONTEXT ( ( #3280 ) ) GLOBAL_UNIT_ASSIGNED_CONTEXT ( ( #5959, #6481, #7206 ) ) REPRESENTATION_CONTEXT ( 'NONE', 'WORKASPACE' ) );
#6604 = LINE ( 'NONE', #69, #4914 ) ;
#6605 =( NAMED_UNIT ( * ) SI_UNIT ( $, .STERADIAN. ) SOLID_ANGLE_UNIT ( ) );
#6606 = VERTEX_POINT ( 'NONE', #1995 ) ;
#6607 = AXIS2_PLACEMENT_3D ( 'NONE', #4573, #2723, #5870 ) ;
#6608 = FACE_OUTER_BOUND ( 'NONE', #6654, .T. ) ;
#6609 = ADVANCED_FACE ( 'NONE', ( #6592 ), #6461, .F. ) ;
#6610 = ORIENTED_EDGE ( 'NONE', *, *, #6777, .T. ) ;
#6611 = PRESENTATION_STYLE_ASSIGNMENT (( #3147 ) ) ;
#6612 = EDGE_CURVE ( 'NONE', #4686, #4310, #314, .T. ) ;
#6613 = ORIENTED_EDGE ( 'NONE', *, *, #1382, .F. ) ;
#6614 = CARTESIAN_POINT ( 'NONE',  ( 0.9249999999999996003, 5.000000000000000888, 0.000000000000000000 ) ) ;
#6615 =( GEOMETRIC_REPRESENTATION_CONTEXT ( 3 ) GLOBAL_UNCERTAINTY_ASSIGNED_CONTEXT ( ( #3619 ) ) GLOBAL_UNIT_ASSIGNED_CONTEXT ( ( #5430, #4189, #1620 ) ) REPRESENTATION_CONTEXT ( 'NONE', 'WORKASPACE' ) );
#6616 = STYLED_ITEM ( 'NONE', ( #5575 ), #5469 ) ;
#6617 = DIRECTION ( 'NONE',  ( -0.000000000000000000, 1.000000000000000000, -0.000000000000000000 ) ) ;
#6618 = UNCERTAINTY_MEASURE_WITH_UNIT (LENGTH_MEASURE( 1.000000000000000082E-05 ), #419, 'distance_accuracy_value', 'NONE');
#6619 = EDGE_LOOP ( 'NONE', ( #7971, #1473, #6559, #6251 ) ) ;
#6620 = DIRECTION ( 'NONE',  ( -1.000000000000000000, -7.760429719096859345E-17, 0.000000000000000000 ) ) ;
#6621 = CIRCLE ( 'NONE', #1346, 0.1000000000000001582 ) ;
#6622 = CIRCLE ( 'NONE', #1273, 0.4000000000000000777 ) ;
#6623 = SURFACE_STYLE_USAGE ( .BOTH. , #7952 ) ;
#6624 = VERTEX_POINT ( 'NONE', #3900 ) ;
#6625 = ADVANCED_FACE ( 'NONE', ( #4488 ), #4557, .T. ) ;
#6626 = CARTESIAN_POINT ( 'NONE',  ( 3.000000000000000444, -2.999999999999998668, -4.049999999999999822 ) ) ;
#6627 = ORIENTED_EDGE ( 'NONE', *, *, #3851, .F. ) ;
#6628 = DIRECTION ( 'NONE',  ( 1.000000000000000000, -0.000000000000000000, -0.000000000000000000 ) ) ;
#6629 = VECTOR ( 'NONE', #2609, 1000.000000000000000 ) ;
#6630 = EDGE_CURVE ( 'NONE', #20, #7842, #420, .T. ) ;
#6631 =( GEOMETRIC_REPRESENTATION_CONTEXT ( 3 ) GLOBAL_UNCERTAINTY_ASSIGNED_CONTEXT ( ( #1981 ) ) GLOBAL_UNIT_ASSIGNED_CONTEXT ( ( #766, #1991, #6371 ) ) REPRESENTATION_CONTEXT ( 'NONE', 'WORKASPACE' ) );
#6632 = LINE ( 'NONE', #357, #4033 ) ;
#6633 = PRESENTATION_STYLE_ASSIGNMENT (( #3092 ) ) ;
#6634 = DIRECTION ( 'NONE',  ( -7.760429719096859345E-17, 1.000000000000000000, 0.000000000000000000 ) ) ;
#6635 = EDGE_CURVE ( 'NONE', #1279, #1673, #2285, .T. ) ;
#6636 = COLOUR_RGB ( '',0.5019607843137254832, 1.000000000000000000, 0.5019607843137254832 ) ;
#6637 = DIRECTION ( 'NONE',  ( 0.000000000000000000, 0.000000000000000000, 1.000000000000000000 ) ) ;
#6638 = DIRECTION ( 'NONE',  ( -1.000000000000000000, 0.000000000000000000, 0.000000000000000000 ) ) ;
#6639 = ORIENTED_EDGE ( 'NONE', *, *, #116, .T. ) ;
#6640 = DIRECTION ( 'NONE',  ( 0.9396926207859093161, 0.000000000000000000, -0.3420201433256663259 ) ) ;
#6641 = SURFACE_STYLE_FILL_AREA ( #5235 ) ;
#6642 = CARTESIAN_POINT ( 'NONE',  ( -2.999999999999999556, -4.900000000000000355, -0.1500000000000000777 ) ) ;
#6643 = ORIENTED_EDGE ( 'NONE', *, *, #7811, .T. ) ;
#6644 = CARTESIAN_POINT ( 'NONE',  ( -0.6669697220176644681, 3.449000000000001176, -0.2499999999999996669 ) ) ;
#6645 = CARTESIAN_POINT ( 'NONE',  ( -1.999999999999999556, -1.000000000000000000, -3.499999999999999556 ) ) ;
#6646 = PRESENTATION_LAYER_ASSIGNMENT (  '', '', ( #82 ) ) ;
#6647 = APPLICATION_PROTOCOL_DEFINITION ( 'draft international standard', 'automotive_design', 1998, #2173 ) ;
#6648 = AXIS2_PLACEMENT_3D ( 'NONE', #105, #5213, #5842 ) ;
#6649 = ORIENTED_EDGE ( 'NONE', *, *, #4610, .T. ) ;
#6650 = LINE ( 'NONE', #8062, #4264 ) ;
#6651 = DIRECTION ( 'NONE',  ( 0.000000000000000000, 0.1643989873053576800, -0.9863939238321436376 ) ) ;
#6652 = DIRECTION ( 'NONE',  ( 1.000000000000000000, -0.000000000000000000, -0.000000000000000000 ) ) ;
#6653 = AXIS2_PLACEMENT_3D ( 'NONE', #3909, #7736, #4654 ) ;
#6654 = EDGE_LOOP ( 'NONE', ( #1147, #7631, #5627, #2664, #7615, #2682 ) ) ;
#6655 = DIRECTION ( 'NONE',  ( 1.000000000000000000, -0.000000000000000000, -0.000000000000000000 ) ) ;
#6656 = STYLED_ITEM ( 'NONE', ( #3806 ), #5859 ) ;
#6657 =( NAMED_UNIT ( * ) PLANE_ANGLE_UNIT ( ) SI_UNIT ( $, .RADIAN. ) );
#6658 = VECTOR ( 'NONE', #5982, 1000.000000000000000 ) ;
#6659 = PRESENTATION_STYLE_ASSIGNMENT (( #3796 ) ) ;
#6660 = FILL_AREA_STYLE_COLOUR ( '', #605 ) ;
#6661 = ORIENTED_EDGE ( 'NONE', *, *, #3076, .F. ) ;
#6662 = STYLED_ITEM ( 'NONE', ( #3773 ), #6838 ) ;
#6663 = EDGE_CURVE ( 'NONE', #7728, #7152, #7079, .T. ) ;
#6664 = ADVANCED_FACE ( 'NONE', ( #2691 ), #3310, .F. ) ;
#6665 = ORIENTED_EDGE ( 'NONE', *, *, #7969, .T. ) ;
#6666 = PRESENTATION_LAYER_ASSIGNMENT (  '', '', ( #2704 ) ) ;
#6667 = DIRECTION ( 'NONE',  ( 7.760429719096859345E-17, -1.000000000000000000, -0.000000000000000000 ) ) ;
#6668 =( LENGTH_UNIT ( ) NAMED_UNIT ( * ) SI_UNIT ( .MILLI., .METRE. ) );
#6669 = STYLED_ITEM ( 'NONE', ( #1444 ), #191 ) ;
#6670 = CARTESIAN_POINT ( 'NONE',  ( -2.999999999999999556, -1.699999999999999067, -2.899999999999999911 ) ) ;
#6671 = DIRECTION ( 'NONE',  ( 0.000000000000000000, -1.445602896647339410E-16, -1.000000000000000000 ) ) ;
#6672 = ORIENTED_EDGE ( 'NONE', *, *, #2928, .F. ) ;
#6673 = ORIENTED_EDGE ( 'NONE', *, *, #7935, .F. ) ;
#6674 = CARTESIAN_POINT ( 'NONE',  ( -2.500000000000000444, 3.949000000000001176, 3.252606517456513795E-16 ) ) ;
#6675 = VECTOR ( 'NONE', #5782, 1000.000000000000000 ) ;
#6676 = EDGE_CURVE ( 'NONE', #5980, #4444, #1889, .T. ) ;
#6677 =( GEOMETRIC_REPRESENTATION_CONTEXT ( 3 ) GLOBAL_UNCERTAINTY_ASSIGNED_CONTEXT ( ( #5553 ) ) GLOBAL_UNIT_ASSIGNED_CONTEXT ( ( #5483, #3560, #3674 ) ) REPRESENTATION_CONTEXT ( 'NONE', 'WORKASPACE' ) );
#6678 = DIRECTION ( 'NONE',  ( -7.760429719096859345E-17, 1.000000000000000000, -0.000000000000000000 ) ) ;
#6679 =( LENGTH_UNIT ( ) NAMED_UNIT ( * ) SI_UNIT ( .MILLI., .METRE. ) );
#6680 = EDGE_LOOP ( 'NONE', ( #6139, #5593, #7834, #4099 ) ) ;
#6681 = DIRECTION ( 'NONE',  ( -1.000000000000000000, 0.000000000000000000, 0.000000000000000000 ) ) ;
#6682 = CARTESIAN_POINT ( 'NONE',  ( -3.726057400766008776, -1.677903363676646276, 2.072096636323347507 ) ) ;
#6683 = DIRECTION ( 'NONE',  ( -7.760429719096859345E-17, 1.000000000000000000, -0.000000000000000000 ) ) ;
#6684 = ORIENTED_EDGE ( 'NONE', *, *, #5133, .T. ) ;
#6685 = VERTEX_POINT ( 'NONE', #4105 ) ;
#6686 = VECTOR ( 'NONE', #1352, 1000.000000000000000 ) ;
#6687 = CARTESIAN_POINT ( 'NONE',  ( -4.500000000000000000, -4.299999999999999822, -2.250000000000000444 ) ) ;
#6688 = CARTESIAN_POINT ( 'NONE',  ( 0.5000000000000004441, -4.299999999999999822, 2.250000000000000444 ) ) ;
#6689 = LINE ( 'NONE', #1252, #1411 ) ;
#6690 = SURFACE_SIDE_STYLE ('',( #5075 ) ) ;
#6691 = ORIENTED_EDGE ( 'NONE', *, *, #1394, .F. ) ;
#6692 = LINE ( 'NONE', #3067, #5579 ) ;
#6693 =( NAMED_UNIT ( * ) SI_UNIT ( $, .STERADIAN. ) SOLID_ANGLE_UNIT ( ) );
#6694 = PRESENTATION_STYLE_ASSIGNMENT (( #4109 ) ) ;
#6695 = PRESENTATION_STYLE_ASSIGNMENT (( #1788 ) ) ;
#6696 = CARTESIAN_POINT ( 'NONE',  ( 4.345356452826780291, 0.02360679774998143340, 3.161803398874988513 ) ) ;
#6697 = DIRECTION ( 'NONE',  ( 0.9396926207859092051, 0.000000000000000000, 0.3420201433256665480 ) ) ;
#6698 = CIRCLE ( 'NONE', #4912, 0.1000000000000002554 ) ;
#6699 = UNCERTAINTY_MEASURE_WITH_UNIT (LENGTH_MEASURE( 1.000000000000000082E-05 ), #3429, 'distance_accuracy_value', 'NONE');
#6700 =( LENGTH_UNIT ( ) NAMED_UNIT ( * ) SI_UNIT ( .MILLI., .METRE. ) );
#6701 = ADVANCED_FACE ( 'NONE', ( #1023 ), #7217, .F. ) ;
#6702 = CARTESIAN_POINT ( 'NONE',  ( 0.6669697220176634689, 3.949000000000001176, -0.2499999999999996669 ) ) ;
#6703 = EDGE_LOOP ( 'NONE', ( #7256, #1666, #6007, #1538 ) ) ;
#6704 = COLOUR_RGB ( '',0.5019607843137254832, 1.000000000000000000, 0.5019607843137254832 ) ;
#6705 = VECTOR ( 'NONE', #144, 1000.000000000000000 ) ;
#6706 = SURFACE_SIDE_STYLE ('',( #1131 ) ) ;
#6707 =( GEOMETRIC_REPRESENTATION_CONTEXT ( 3 ) GLOBAL_UNCERTAINTY_ASSIGNED_CONTEXT ( ( #1559 ) ) GLOBAL_UNIT_ASSIGNED_CONTEXT ( ( #2637, #3210, #3855 ) ) REPRESENTATION_CONTEXT ( 'NONE', 'WORKASPACE' ) );
#6708 = MECHANICAL_DESIGN_GEOMETRIC_PRESENTATION_REPRESENTATION (  '', ( #7699 ), #6260 ) ;
#6709 = VECTOR ( 'NONE', #3004, 1000.000000000000000 ) ;
#6710 = SURFACE_SIDE_STYLE ('',( #7294 ) ) ;
#6711 = CARTESIAN_POINT ( 'NONE',  ( -0.3749999999999998890, -4.049999999999999822, 2.350000000000000977 ) ) ;
#6712 = CARTESIAN_POINT ( 'NONE',  ( 2.823673019291535802, -8.500000000000000000, -0.2499999999999995282 ) ) ;
#6713 = ORIENTED_EDGE ( 'NONE', *, *, #548, .F. ) ;
#6714 = PRESENTATION_LAYER_ASSIGNMENT (  '', '', ( #1993 ) ) ;
#6715 = ORIENTED_EDGE ( 'NONE', *, *, #6379, .T. ) ;
#6716 = LINE ( 'NONE', #5382, #3918 ) ;
#6717 = VERTEX_POINT ( 'NONE', #862 ) ;
#6718 =( LENGTH_UNIT ( ) NAMED_UNIT ( * ) SI_UNIT ( .MILLI., .METRE. ) );
#6719 = UNCERTAINTY_MEASURE_WITH_UNIT (LENGTH_MEASURE( 1.000000000000000082E-05 ), #6668, 'distance_accuracy_value', 'NONE');
#6720 = DIRECTION ( 'NONE',  ( -1.000000000000000000, 0.000000000000000000, 0.000000000000000000 ) ) ;
#6721 = VECTOR ( 'NONE', #5712, 1000.000000000000000 ) ;
#6722 =( NAMED_UNIT ( * ) PLANE_ANGLE_UNIT ( ) SI_UNIT ( $, .RADIAN. ) );
#6723 = VECTOR ( 'NONE', #5315, 1000.000000000000000 ) ;
#6724 = PRESENTATION_STYLE_ASSIGNMENT (( #4950 ) ) ;
#6725 = ORIENTED_EDGE ( 'NONE', *, *, #4267, .T. ) ;
#6726 = CARTESIAN_POINT ( 'NONE',  ( -0.6669697220176644681, 3.049000000000001265, 0.2500000000000003331 ) ) ;
#6727 = STYLED_ITEM ( 'NONE', ( #7610 ), #1304 ) ;
#6728 = PLANE ( 'NONE',  #197 ) ;
#6729 = SURFACE_SIDE_STYLE ('',( #3419 ) ) ;
#6730 = LINE ( 'NONE', #5047, #1059 ) ;
#6731 = PLANE ( 'NONE',  #5471 ) ;
#6732 = CARTESIAN_POINT ( 'NONE',  ( 4.999999999999998224, 5.000000000000000000, 2.189830409753168894 ) ) ;
#6733 = DIRECTION ( 'NONE',  ( -1.000000000000000000, -0.000000000000000000, -0.000000000000000000 ) ) ;
#6734 = DIRECTION ( 'NONE',  ( 1.000000000000000000, -0.000000000000000000, -0.000000000000000000 ) ) ;
#6735 = EDGE_CURVE ( 'NONE', #1718, #5017, #602, .T. ) ;
#6736 = DIRECTION ( 'NONE',  ( 0.000000000000000000, 0.000000000000000000, 1.000000000000000000 ) ) ;
#6737 = DIRECTION ( 'NONE',  ( 0.000000000000000000, 1.000000000000000000, 0.000000000000000000 ) ) ;
#6738 = VERTEX_POINT ( 'NONE', #1566 ) ;
#6739 = EDGE_CURVE ( 'NONE', #6429, #5438, #4699, .T. ) ;
#6740 = LINE ( 'NONE', #6428, #4447 ) ;
#6741 = ADVANCED_FACE ( 'NONE', ( #5780 ), #2764, .F. ) ;
#6742 = ORIENTED_EDGE ( 'NONE', *, *, #7101, .T. ) ;
#6743 = SURFACE_SIDE_STYLE ('',( #1536 ) ) ;
#6744 = DIRECTION ( 'NONE',  ( 1.000000000000000000, 7.760429719096859345E-17, 0.000000000000000000 ) ) ;
#6745 = DIRECTION ( 'NONE',  ( 0.000000000000000000, -1.000000000000000000, 1.398970545142588514E-16 ) ) ;
#6746 = ORIENTED_EDGE ( 'NONE', *, *, #4762, .T. ) ;
#6747 = DIRECTION ( 'NONE',  ( 1.000000000000000000, 0.000000000000000000, 0.000000000000000000 ) ) ;
#6748 = VECTOR ( 'NONE', #5669, 1000.000000000000000 ) ;
#6749 = ORIENTED_EDGE ( 'NONE', *, *, #2833, .F. ) ;
#6750 =( NAMED_UNIT ( * ) SI_UNIT ( $, .STERADIAN. ) SOLID_ANGLE_UNIT ( ) );
#6751 = DIRECTION ( 'NONE',  ( 0.000000000000000000, 0.000000000000000000, 1.000000000000000000 ) ) ;
#6752 = AXIS2_PLACEMENT_3D ( 'NONE', #3600, #1072, #3571 ) ;
#6753 =( LENGTH_UNIT ( ) NAMED_UNIT ( * ) SI_UNIT ( .MILLI., .METRE. ) );
#6754 = SURFACE_STYLE_USAGE ( .BOTH. , #1657 ) ;
#6755 = SURFACE_STYLE_FILL_AREA ( #6818 ) ;
#6756 = ORIENTED_EDGE ( 'NONE', *, *, #2701, .T. ) ;
#6757 = CARTESIAN_POINT ( 'NONE',  ( 2.000000000000000444, -5.100000000000000533, -0.3500000000000000333 ) ) ;
#6758 = EDGE_CURVE ( 'NONE', #388, #5549, #812, .T. ) ;
#6759 =( GEOMETRIC_REPRESENTATION_CONTEXT ( 3 ) GLOBAL_UNCERTAINTY_ASSIGNED_CONTEXT ( ( #7268 ) ) GLOBAL_UNIT_ASSIGNED_CONTEXT ( ( #6015, #6088, #4171 ) ) REPRESENTATION_CONTEXT ( 'NONE', 'WORKASPACE' ) );
#6760 = CARTESIAN_POINT ( 'NONE',  ( 2.000000000000000444, -4.500000000000000888, -0.1500000000000028255 ) ) ;
#6761 = CARTESIAN_POINT ( 'NONE',  ( -0.3749999999999998890, -4.049999999999999822, 2.350000000000000089 ) ) ;
#6762 = CARTESIAN_POINT ( 'NONE',  ( -1.999999999999999556, -4.900000000000003020, 0.2499999999999999445 ) ) ;
#6763 = ORIENTED_EDGE ( 'NONE', *, *, #4445, .T. ) ;
#6764 = ORIENTED_EDGE ( 'NONE', *, *, #7467, .T. ) ;
#6765 = AXIS2_PLACEMENT_3D ( 'NONE', #2184, #2783, #7342 ) ;
#6766 = LINE ( 'NONE', #3144, #7264 ) ;
#6767 = STYLED_ITEM ( 'NONE', ( #4642 ), #3800 ) ;
#6768 = UNCERTAINTY_MEASURE_WITH_UNIT (LENGTH_MEASURE( 1.000000000000000082E-05 ), #6350, 'distance_accuracy_value', 'NONE');
#6769 = EDGE_CURVE ( 'NONE', #6534, #8109, #7846, .T. ) ;
#6770 = MECHANICAL_DESIGN_GEOMETRIC_PRESENTATION_REPRESENTATION (  '', ( #2332 ), #4476 ) ;
#6771 =( GEOMETRIC_REPRESENTATION_CONTEXT ( 3 ) GLOBAL_UNCERTAINTY_ASSIGNED_CONTEXT ( ( #7567 ) ) GLOBAL_UNIT_ASSIGNED_CONTEXT ( ( #542, #6228, #1806 ) ) REPRESENTATION_CONTEXT ( 'NONE', 'WORKASPACE' ) );
#6772 = ORIENTED_EDGE ( 'NONE', *, *, #1240, .T. ) ;
#6773 = LINE ( 'NONE', #2909, #5460 ) ;
#6774 = CARTESIAN_POINT ( 'NONE',  ( 1.300000000000000266, 2.651000000000001133, 3.252606517456513795E-16 ) ) ;
#6775 = FILL_AREA_STYLE ('',( #389 ) ) ;
#6776 = FILL_AREA_STYLE ('',( #8116 ) ) ;
#6777 = EDGE_CURVE ( 'NONE', #3647, #1682, #6974, .T. ) ;
#6778 = ORIENTED_EDGE ( 'NONE', *, *, #8036, .F. ) ;
#6779 = DIRECTION ( 'NONE',  ( 0.000000000000000000, -1.204669080539449837E-16, 1.000000000000000000 ) ) ;
#6780 = PRESENTATION_LAYER_ASSIGNMENT (  '', '', ( #6340 ) ) ;
#6781 = ADVANCED_FACE ( 'NONE', ( #5660 ), #3479, .T. ) ;
#6782 = SURFACE_SIDE_STYLE ('',( #124 ) ) ;
#6783 = FILL_AREA_STYLE_COLOUR ( '', #3208 ) ;
#6784 = CARTESIAN_POINT ( 'NONE',  ( -5.000000000000001776, -1.000000000000000000, 2.299999999999999378 ) ) ;
#6785 = PRESENTATION_STYLE_ASSIGNMENT (( #6337 ) ) ;
#6786 = EDGE_LOOP ( 'NONE', ( #8217, #4297, #7665, #4587 ) ) ;
#6787 = EDGE_CURVE ( 'NONE', #8033, #4349, #204, .T. ) ;
#6788 = ORIENTED_EDGE ( 'NONE', *, *, #3422, .F. ) ;
#6789 = LINE ( 'NONE', #2238, #5088 ) ;
#6790 =( NAMED_UNIT ( * ) SI_UNIT ( $, .STERADIAN. ) SOLID_ANGLE_UNIT ( ) );
#6791 = SURFACE_SIDE_STYLE ('',( #3986 ) ) ;
#6792 = SURFACE_STYLE_FILL_AREA ( #4913 ) ;
#6793 = ORIENTED_EDGE ( 'NONE', *, *, #506, .T. ) ;
#6794 = VECTOR ( 'NONE', #6036, 1000.000000000000000 ) ;
#6795 = FILL_AREA_STYLE_COLOUR ( '', #7676 ) ;
#6796 = CARTESIAN_POINT ( 'NONE',  ( -4.345356452826779403, 0.02360679774998143340, 3.161803398874988513 ) ) ;
#6797 = SURFACE_STYLE_FILL_AREA ( #7731 ) ;
#6798 =( GEOMETRIC_REPRESENTATION_CONTEXT ( 3 ) GLOBAL_UNCERTAINTY_ASSIGNED_CONTEXT ( ( #4608 ) ) GLOBAL_UNIT_ASSIGNED_CONTEXT ( ( #3846, #802, #7732 ) ) REPRESENTATION_CONTEXT ( 'NONE', 'WORKASPACE' ) );
#6799 = FILL_AREA_STYLE ('',( #3617 ) ) ;
#6800 = ORIENTED_EDGE ( 'NONE', *, *, #44, .F. ) ;
#6801 = AXIS2_PLACEMENT_3D ( 'NONE', #3660, #8108, #6185 ) ;
#6802 = COLOUR_RGB ( '',0.5019607843137254832, 1.000000000000000000, 0.5019607843137254832 ) ;
#6803 = DIRECTION ( 'NONE',  ( -0.000000000000000000, -0.000000000000000000, 1.000000000000000000 ) ) ;
#6804 = ORIENTED_EDGE ( 'NONE', *, *, #3339, .T. ) ;
#6805 = MECHANICAL_DESIGN_GEOMETRIC_PRESENTATION_REPRESENTATION (  '', ( #7492 ), #4090 ) ;
#6806 = DIRECTION ( 'NONE',  ( -1.000000000000000000, -7.760429719096859345E-17, 0.000000000000000000 ) ) ;
#6807 = ORIENTED_EDGE ( 'NONE', *, *, #4343, .F. ) ;
#6808 = SURFACE_STYLE_USAGE ( .BOTH. , #6150 ) ;
#6809 = ORIENTED_EDGE ( 'NONE', *, *, #4473, .F. ) ;
#6810 = VECTOR ( 'NONE', #4353, 1000.000000000000000 ) ;
#6811 = AXIS2_PLACEMENT_3D ( 'NONE', #5858, #2029, #6493 ) ;
#6812 = VECTOR ( 'NONE', #2917, 1000.000000000000000 ) ;
#6813 = STYLED_ITEM ( 'NONE', ( #5945 ), #3337 ) ;
#6814 = ORIENTED_EDGE ( 'NONE', *, *, #7175, .T. ) ;
#6815 = SURFACE_SIDE_STYLE ('',( #3834 ) ) ;
#6816 =( LENGTH_UNIT ( ) NAMED_UNIT ( * ) SI_UNIT ( .MILLI., .METRE. ) );
#6817 = EDGE_CURVE ( 'NONE', #1923, #1276, #3273, .T. ) ;
#6818 = FILL_AREA_STYLE ('',( #1855 ) ) ;
#6819 = EDGE_LOOP ( 'NONE', ( #7422, #2675 ) ) ;
#6820 =( BOUNDED_CURVE ( )  B_SPLINE_CURVE ( 3, ( #3351, #782, #2038, #2687 ),
 .UNSPECIFIED., .F., .F. ) 
 B_SPLINE_CURVE_WITH_KNOTS ( ( 4, 4 ),
 ( 5.176036589385502928, 6.283185307179586232 ),
 .UNSPECIFIED. ) 
 CURVE ( )  GEOMETRIC_REPRESENTATION_ITEM ( )  RATIONAL_B_SPLINE_CURVE ( ( 1.000000000000000000, 0.9004338722346943991, 0.9004338722346943991, 1.000000000000000000 ) ) 
 REPRESENTATION_ITEM ( '' )  );
#6821 = PRESENTATION_LAYER_ASSIGNMENT (  '', '', ( #3392 ) ) ;
#6822 = VECTOR ( 'NONE', #4709, 1000.000000000000000 ) ;
#6823 = PRESENTATION_LAYER_ASSIGNMENT (  '', '', ( #6669 ) ) ;
#6824 = SURFACE_STYLE_FILL_AREA ( #5711 ) ;
#6825 = CYLINDRICAL_SURFACE ( 'NONE', #6383, 1.574999999999999956 ) ;
#6826 = CARTESIAN_POINT ( 'NONE',  ( -5.000000000000001776, 5.000000000000000000, 4.049999999999999822 ) ) ;
#6827 = CARTESIAN_POINT ( 'NONE',  ( -5.000000000000001776, -1.000000000000000000, 2.799999999999999378 ) ) ;
#6828 = CARTESIAN_POINT ( 'NONE',  ( 0.000000000000000000, -4.250311307314563969, 4.049999999999999822 ) ) ;
#6829 = SURFACE_STYLE_USAGE ( .BOTH. , #981 ) ;
#6830 = SURFACE_STYLE_FILL_AREA ( #6373 ) ;
#6831 =( GEOMETRIC_REPRESENTATION_CONTEXT ( 3 ) GLOBAL_UNCERTAINTY_ASSIGNED_CONTEXT ( ( #6076 ) ) GLOBAL_UNIT_ASSIGNED_CONTEXT ( ( #2661, #7119, #807 ) ) REPRESENTATION_CONTEXT ( 'NONE', 'WORKASPACE' ) );
#6832 = CARTESIAN_POINT ( 'NONE',  ( 4.089458188545523676, 3.896358731758307048, 0.2500000000000003331 ) ) ;
#6833 = DIRECTION ( 'NONE',  ( 0.000000000000000000, 1.000000000000000000, -1.275531967630005492E-16 ) ) ;
#6834 = EDGE_LOOP ( 'NONE', ( #1948, #4110, #5175, #6290 ) ) ;
#6835 = PLANE ( 'NONE',  #3290 ) ;
#6836 = FACE_OUTER_BOUND ( 'NONE', #274, .T. ) ;
#6837 = ORIENTED_EDGE ( 'NONE', *, *, #5332, .T. ) ;
#6838 = MANIFOLD_SOLID_BREP ( 'Cut-Extrude14[2]', #930 ) ;
#6839 = DIRECTION ( 'NONE',  ( 0.000000000000000000, -1.000000000000000000, 0.000000000000000000 ) ) ;
#6840 = SURFACE_STYLE_USAGE ( .BOTH. , #2371 ) ;
#6841 = LINE ( 'NONE', #4947, #165 ) ;
#6842 = VERTEX_POINT ( 'NONE', #2888 ) ;
#6843 =( LENGTH_UNIT ( ) NAMED_UNIT ( * ) SI_UNIT ( .MILLI., .METRE. ) );
#6844 = VECTOR ( 'NONE', #7486, 1000.000000000000000 ) ;
#6845 = DIRECTION ( 'NONE',  ( -0.000000000000000000, 1.000000000000000000, -1.505836350674312974E-16 ) ) ;
#6846 = SURFACE_STYLE_USAGE ( .BOTH. , #2987 ) ;
#6847 = ORIENTED_EDGE ( 'NONE', *, *, #5685, .F. ) ;
#6848 = FACE_OUTER_BOUND ( 'NONE', #4279, .T. ) ;
#6849 = ORIENTED_EDGE ( 'NONE', *, *, #2056, .T. ) ;
#6850 = CARTESIAN_POINT ( 'NONE',  ( 2.499999999999999556, 5.000000000000001776, 0.000000000000000000 ) ) ;
#6851 =( NAMED_UNIT ( * ) SI_UNIT ( $, .STERADIAN. ) SOLID_ANGLE_UNIT ( ) );
#6852 = CARTESIAN_POINT ( 'NONE',  ( 3.000000000000000444, -1.000000000000000000, -3.499999999999999556 ) ) ;
#6853 = VERTEX_POINT ( 'NONE', #6796 ) ;
#6854 = MECHANICAL_DESIGN_GEOMETRIC_PRESENTATION_REPRESENTATION (  '', ( #792 ), #3437 ) ;
#6855 = DIRECTION ( 'NONE',  ( -0.000000000000000000, 0.000000000000000000, 1.000000000000000000 ) ) ;
#6856 = PRESENTATION_LAYER_ASSIGNMENT (  '', '', ( #425 ) ) ;
#6857 = FILL_AREA_STYLE_COLOUR ( '', #5582 ) ;
#6858 = VERTEX_POINT ( 'NONE', #1696 ) ;
#6859 = FILL_AREA_STYLE_COLOUR ( '', #5115 ) ;
#6860 = EDGE_LOOP ( 'NONE', ( #4779, #2761, #1074, #6098, #3709, #5821 ) ) ;
#6861 = UNCERTAINTY_MEASURE_WITH_UNIT (LENGTH_MEASURE( 1.000000000000000082E-05 ), #7387, 'distance_accuracy_value', 'NONE');
#6862 = AXIS2_PLACEMENT_3D ( 'NONE', #4958, #4983, #2938 ) ;
#6863 = PLANE ( 'NONE',  #2133 ) ;
#6864 = CARTESIAN_POINT ( 'NONE',  ( -1.099999999999999867, -1.200000000000000178, 4.049999999999999822 ) ) ;
#6865 =( NAMED_UNIT ( * ) PLANE_ANGLE_UNIT ( ) SI_UNIT ( $, .RADIAN. ) );
#6866 =( GEOMETRIC_REPRESENTATION_CONTEXT ( 3 ) GLOBAL_UNCERTAINTY_ASSIGNED_CONTEXT ( ( #3642 ) ) GLOBAL_UNIT_ASSIGNED_CONTEXT ( ( #3355, #5276, #1472 ) ) REPRESENTATION_CONTEXT ( 'NONE', 'WORKASPACE' ) );
#6867 = PRESENTATION_STYLE_ASSIGNMENT (( #7856 ) ) ;
#6868 = ORIENTED_EDGE ( 'NONE', *, *, #3875, .F. ) ;
#6869 =( GEOMETRIC_REPRESENTATION_CONTEXT ( 3 ) GLOBAL_UNCERTAINTY_ASSIGNED_CONTEXT ( ( #7443 ) ) GLOBAL_UNIT_ASSIGNED_CONTEXT ( ( #6943, #3735, #2393 ) ) REPRESENTATION_CONTEXT ( 'NONE', 'WORKASPACE' ) );
#6870 = SURFACE_SIDE_STYLE ('',( #7414 ) ) ;
#6871 = CARTESIAN_POINT ( 'NONE',  ( 2.499999999999999556, 2.651000000000001133, 3.252606517456513795E-16 ) ) ;
#6872 = FILL_AREA_STYLE ('',( #6278 ) ) ;
#6873 = DIRECTION ( 'NONE',  ( 1.000000000000000000, 0.000000000000000000, 0.000000000000000000 ) ) ;
#6874 = ORIENTED_EDGE ( 'NONE', *, *, #3671, .F. ) ;
#6875 = SURFACE_STYLE_USAGE ( .BOTH. , #3053 ) ;
#6876 = ORIENTED_EDGE ( 'NONE', *, *, #3116, .F. ) ;
#6877 = COLOUR_RGB ( '',1.000000000000000000, 1.000000000000000000, 0.7529411764705882248 ) ;
#6878 = LINE ( 'NONE', #4528, #6686 ) ;
#6879 = DIRECTION ( 'NONE',  ( 1.000000000000000000, 7.760429719096859345E-17, -0.000000000000000000 ) ) ;
#6880 = EDGE_CURVE ( 'NONE', #1321, #4856, #1493, .T. ) ;
#6881 = DIRECTION ( 'NONE',  ( -7.760429719096859345E-17, 1.000000000000000000, 0.000000000000000000 ) ) ;
#6882 = VECTOR ( 'NONE', #3192, 1000.000000000000114 ) ;
#6883 =( GEOMETRIC_REPRESENTATION_CONTEXT ( 3 ) GLOBAL_UNCERTAINTY_ASSIGNED_CONTEXT ( ( #3471 ) ) GLOBAL_UNIT_ASSIGNED_CONTEXT ( ( #4847, #1120, #1681 ) ) REPRESENTATION_CONTEXT ( 'NONE', 'WORKASPACE' ) );
#6884 = SURFACE_STYLE_USAGE ( .BOTH. , #1790 ) ;
#6885 = ORIENTED_EDGE ( 'NONE', *, *, #2103, .F. ) ;
#6886 = LINE ( 'NONE', #7503, #4201 ) ;
#6887 = COLOUR_RGB ( '',1.000000000000000000, 1.000000000000000000, 0.7529411764705882248 ) ;
#6888 = PLANE ( 'NONE',  #2291 ) ;
#6889 = CARTESIAN_POINT ( 'NONE',  ( -2.999999999999999556, -4.900000000000003020, 0.2499999999999999445 ) ) ;
#6890 = EDGE_CURVE ( 'NONE', #7260, #2116, #6572, .T. ) ;
#6891 = CARTESIAN_POINT ( 'NONE',  ( -2.999999999999999556, -5.000000000000000000, -3.699999999999999734 ) ) ;
#6892 = DIRECTION ( 'NONE',  ( 1.000000000000000000, -0.000000000000000000, -0.000000000000000000 ) ) ;
#6893 = EDGE_LOOP ( 'NONE', ( #5163, #6539, #5391, #8209 ) ) ;
#6894 = ORIENTED_EDGE ( 'NONE', *, *, #7986, .F. ) ;
#6895 = VERTEX_POINT ( 'NONE', #2947 ) ;
#6896 =( LENGTH_UNIT ( ) NAMED_UNIT ( * ) SI_UNIT ( .MILLI., .METRE. ) );
#6897 = VERTEX_POINT ( 'NONE', #7375 ) ;
#6898 = SURFACE_STYLE_FILL_AREA ( #7482 ) ;
#6899 = DIRECTION ( 'NONE',  ( 0.000000000000000000, 0.000000000000000000, -1.000000000000000000 ) ) ;
#6900 = SURFACE_STYLE_FILL_AREA ( #3191 ) ;
#6901 = SURFACE_STYLE_FILL_AREA ( #3595 ) ;
#6902 = AXIS2_PLACEMENT_3D ( 'NONE', #1042, #7388, #3014 ) ;
#6903 = VERTEX_POINT ( 'NONE', #7401 ) ;
#6904 = CARTESIAN_POINT ( 'NONE',  ( -4.400000000000000355, 2.650000000000000799, 0.000000000000000000 ) ) ;
#6905 = ORIENTED_EDGE ( 'NONE', *, *, #1867, .T. ) ;
#6906 = AXIS2_PLACEMENT_3D ( 'NONE', #6972, #35, #4438 ) ;
#6907 = PLANE ( 'NONE',  #4064 ) ;
#6908 = EDGE_CURVE ( 'NONE', #1803, #6934, #1789, .T. ) ;
#6909 = LINE ( 'NONE', #3363, #5022 ) ;
#6910 = AXIS2_PLACEMENT_3D ( 'NONE', #293, #6681, #6736 ) ;
#6911 = DIRECTION ( 'NONE',  ( 7.760429719096859345E-17, -1.000000000000000000, 0.000000000000000000 ) ) ;
#6912 = CARTESIAN_POINT ( 'NONE',  ( -2.999999999999999556, -2.999999999999998668, -4.049999999999999822 ) ) ;
#6913 = EDGE_LOOP ( 'NONE', ( #6536, #5236, #6967, #5479 ) ) ;
#6914 = DIRECTION ( 'NONE',  ( 0.000000000000000000, 1.000000000000000000, -1.548860246407863583E-16 ) ) ;
#6915 = FILL_AREA_STYLE ('',( #3682 ) ) ;
#6916 = MECHANICAL_DESIGN_GEOMETRIC_PRESENTATION_REPRESENTATION (  '', ( #3931 ), #7755 ) ;
#6917 = CARTESIAN_POINT ( 'NONE',  ( -2.176326980708464642, -8.500000000000000000, -0.2499999999999995282 ) ) ;
#6918 = PRESENTATION_LAYER_ASSIGNMENT (  '', '', ( #3500 ) ) ;
#6919 = LINE ( 'NONE', #8111, #2336 ) ;
#6920 = SURFACE_STYLE_FILL_AREA ( #3896 ) ;
#6921 = COLOUR_RGB ( '',0.7921568627450980005, 0.8196078431372548767, 0.9333333333333333481 ) ;
#6922 =( LENGTH_UNIT ( ) NAMED_UNIT ( * ) SI_UNIT ( .MILLI., .METRE. ) );
#6923 = CARTESIAN_POINT ( 'NONE',  ( -2.500000000000000444, 5.000000000000000888, 0.000000000000000000 ) ) ;
#6924 = EDGE_CURVE ( 'NONE', #3996, #1563, #4796, .T. ) ;
#6925 = CARTESIAN_POINT ( 'NONE',  ( -2.999999999999999556, -8.500000000000000000, -0.2499999999999995282 ) ) ;
#6926 = AXIS2_PLACEMENT_3D ( 'NONE', #8134, #5612, #3749 ) ;
#6927 = MECHANICAL_DESIGN_GEOMETRIC_PRESENTATION_REPRESENTATION (  '', ( #106 ), #809 ) ;
#6928 = FACE_OUTER_BOUND ( 'NONE', #6834, .T. ) ;
#6929 = PRESENTATION_STYLE_ASSIGNMENT (( #5498 ) ) ;
#6930 = CARTESIAN_POINT ( 'NONE',  ( 2.000000000000000444, -4.599999999999996980, -3.499999999999999112 ) ) ;
#6931 = LINE ( 'NONE', #6393, #4443 ) ;
#6932 = DIRECTION ( 'NONE',  ( 0.000000000000000000, -1.000000000000000000, 1.594414959537506434E-16 ) ) ;
#6933 = SURFACE_SIDE_STYLE ('',( #6898 ) ) ;
#6934 = VERTEX_POINT ( 'NONE', #6774 ) ;
#6935 = EDGE_CURVE ( 'NONE', #1216, #3469, #4082, .T. ) ;
#6936 = VECTOR ( 'NONE', #6803, 1000.000000000000000 ) ;
#6937 = SURFACE_STYLE_FILL_AREA ( #5874 ) ;
#6938 = SURFACE_STYLE_FILL_AREA ( #5377 ) ;
#6939 = MECHANICAL_DESIGN_GEOMETRIC_PRESENTATION_REPRESENTATION (  '', ( #6080 ), #8198 ) ;
#6940 =( NAMED_UNIT ( * ) PLANE_ANGLE_UNIT ( ) SI_UNIT ( $, .RADIAN. ) );
#6941 = EDGE_LOOP ( 'NONE', ( #7420, #4523, #7170, #5599 ) ) ;
#6942 =( NAMED_UNIT ( * ) PLANE_ANGLE_UNIT ( ) SI_UNIT ( $, .RADIAN. ) );
#6943 =( LENGTH_UNIT ( ) NAMED_UNIT ( * ) SI_UNIT ( .MILLI., .METRE. ) );
#6944 = CARTESIAN_POINT ( 'NONE',  ( 2.499999999999999556, 3.949000000000001176, 3.252606517456513795E-16 ) ) ;
#6945 = ADVANCED_FACE ( 'NONE', ( #7452 ), #5476, .F. ) ;
#6946 = EDGE_CURVE ( 'NONE', #6140, #8003, #3914, .T. ) ;
#6947 = SURFACE_STYLE_USAGE ( .BOTH. , #3844 ) ;
#6948 = ORIENTED_EDGE ( 'NONE', *, *, #68, .T. ) ;
#6949 = VECTOR ( 'NONE', #7027, 1000.000000000000000 ) ;
#6950 = SURFACE_STYLE_FILL_AREA ( #3262 ) ;
#6951 = VERTEX_POINT ( 'NONE', #4276 ) ;
#6952 =( NAMED_UNIT ( * ) PLANE_ANGLE_UNIT ( ) SI_UNIT ( $, .RADIAN. ) );
#6953 = DIRECTION ( 'NONE',  ( -1.000000000000000000, 0.000000000000000000, 0.000000000000000000 ) ) ;
#6954 = UNCERTAINTY_MEASURE_WITH_UNIT (LENGTH_MEASURE( 1.000000000000000082E-05 ), #4018, 'distance_accuracy_value', 'NONE');
#6955 = CARTESIAN_POINT ( 'NONE',  ( -4.722148461407567055, -5.000000000000000000, 2.773131607561133194 ) ) ;
#6956 = DIRECTION ( 'NONE',  ( 0.000000000000000000, 1.000000000000000000, -1.147977654433357068E-15 ) ) ;
#6957 = TOROIDAL_SURFACE ( 'NONE', #5353, 1.943301270189222274, 0.05000000000000006523 ) ;
#6958 = ORIENTED_EDGE ( 'NONE', *, *, #3155, .F. ) ;
#6959 = VERTEX_POINT ( 'NONE', #6121 ) ;
#6960 = CARTESIAN_POINT ( 'NONE',  ( -2.500000000000000444, 3.949000000000001176, 3.252606517456513795E-16 ) ) ;
#6961 = EDGE_LOOP ( 'NONE', ( #7498, #3921 ) ) ;
#6962 = SURFACE_STYLE_USAGE ( .BOTH. , #8086 ) ;
#6963 =( NAMED_UNIT ( * ) PLANE_ANGLE_UNIT ( ) SI_UNIT ( $, .RADIAN. ) );
#6964 = PRESENTATION_STYLE_ASSIGNMENT (( #6533 ) ) ;
#6965 = FILL_AREA_STYLE_COLOUR ( '', #2195 ) ;
#6966 = CARTESIAN_POINT ( 'NONE',  ( 1.042269589267911467, 3.949000000000005617, 0.2500000000000003331 ) ) ;
#6967 = ORIENTED_EDGE ( 'NONE', *, *, #3547, .T. ) ;
#6968 = UNCERTAINTY_MEASURE_WITH_UNIT (LENGTH_MEASURE( 1.000000000000000082E-05 ), #2907, 'distance_accuracy_value', 'NONE');
#6969 =( GEOMETRIC_REPRESENTATION_CONTEXT ( 3 ) GLOBAL_UNCERTAINTY_ASSIGNED_CONTEXT ( ( #2785 ) ) GLOBAL_UNIT_ASSIGNED_CONTEXT ( ( #6973, #1848, #6287 ) ) REPRESENTATION_CONTEXT ( 'NONE', 'WORKASPACE' ) );
#6970 = FACE_OUTER_BOUND ( 'NONE', #5295, .T. ) ;
#6971 = MECHANICAL_DESIGN_GEOMETRIC_PRESENTATION_REPRESENTATION (  '', ( #147 ), #1989 ) ;
#6972 = CARTESIAN_POINT ( 'NONE',  ( 2.499999999999999556, 2.650000000000000799, 3.252606517456513795E-16 ) ) ;
#6973 =( LENGTH_UNIT ( ) NAMED_UNIT ( * ) SI_UNIT ( .MILLI., .METRE. ) );
#6974 = LINE ( 'NONE', #7927, #4182 ) ;
#6975 = SURFACE_STYLE_USAGE ( .BOTH. , #3114 ) ;
#6976 = EDGE_CURVE ( 'NONE', #7103, #4131, #7209, .T. ) ;
#6977 = PRESENTATION_LAYER_ASSIGNMENT (  '', '', ( #3663 ) ) ;
#6978 = FILL_AREA_STYLE ('',( #1874 ) ) ;
#6979 = EDGE_CURVE ( 'NONE', #2592, #7867, #138, .T. ) ;
#6980 = ORIENTED_EDGE ( 'NONE', *, *, #5546, .F. ) ;
#6981 = DIRECTION ( 'NONE',  ( -1.000000000000000000, 0.000000000000000000, 0.000000000000000000 ) ) ;
#6982 = PRESENTATION_STYLE_ASSIGNMENT (( #2741 ) ) ;
#6983 = ORIENTED_EDGE ( 'NONE', *, *, #1126, .F. ) ;
#6984 = PRESENTATION_STYLE_ASSIGNMENT (( #8220 ) ) ;
#6985 = ADVANCED_FACE ( 'NONE', ( #8088 ), #6163, .F. ) ;
#6986 = ORIENTED_EDGE ( 'NONE', *, *, #3671, .T. ) ;
#6987 = LINE ( 'NONE', #2260, #5281 ) ;
#6988 = PRESENTATION_LAYER_ASSIGNMENT (  '', '', ( #7146 ) ) ;
#6989 = FACE_OUTER_BOUND ( 'NONE', #6385, .T. ) ;
#6990 =( NAMED_UNIT ( * ) SI_UNIT ( $, .STERADIAN. ) SOLID_ANGLE_UNIT ( ) );
#6991 =( NAMED_UNIT ( * ) PLANE_ANGLE_UNIT ( ) SI_UNIT ( $, .RADIAN. ) );
#6992 =( NAMED_UNIT ( * ) SI_UNIT ( $, .STERADIAN. ) SOLID_ANGLE_UNIT ( ) );
#6993 = CARTESIAN_POINT ( 'NONE',  ( 0.5000000000000004441, -4.299999999999999822, 2.250000000000000444 ) ) ;
#6994 = ORIENTED_EDGE ( 'NONE', *, *, #5644, .F. ) ;
#6995 = LINE ( 'NONE', #5569, #2708 ) ;
#6996 = CARTESIAN_POINT ( 'NONE',  ( 3.000000000000000444, -3.799999999999999822, -3.499999999999999112 ) ) ;
#6997 = VECTOR ( 'NONE', #2680, 1000.000000000000000 ) ;
#6998 = SURFACE_SIDE_STYLE ('',( #6830 ) ) ;
#6999 = PRESENTATION_STYLE_ASSIGNMENT (( #7684 ) ) ;
#7000 = DIRECTION ( 'NONE',  ( -1.000000000000000000, 0.000000000000000000, -0.000000000000000000 ) ) ;
#7001 = AXIS2_PLACEMENT_3D ( 'NONE', #5564, #1823, #3791 ) ;
#7002 = DIRECTION ( 'NONE',  ( 0.000000000000000000, -1.548860246407863583E-16, -1.000000000000000000 ) ) ;
#7003 = FILL_AREA_STYLE_COLOUR ( '', #4624 ) ;
#7004 = ORIENTED_EDGE ( 'NONE', *, *, #7933, .F. ) ;
#7005 = CIRCLE ( 'NONE', #5025, 0.4000000000000000777 ) ;
#7006 =( NAMED_UNIT ( * ) SI_UNIT ( $, .STERADIAN. ) SOLID_ANGLE_UNIT ( ) );
#7007 = EDGE_CURVE ( 'NONE', #4130, #8003, #7890, .T. ) ;
#7008 = ORIENTED_EDGE ( 'NONE', *, *, #3311, .F. ) ;
#7009 = PLANE ( 'NONE',  #3171 ) ;
#7010 = SURFACE_SIDE_STYLE ('',( #4867 ) ) ;
#7011 = VERTEX_POINT ( 'NONE', #590 ) ;
#7012 = ORIENTED_EDGE ( 'NONE', *, *, #2031, .F. ) ;
#7013 =( NAMED_UNIT ( * ) SI_UNIT ( $, .STERADIAN. ) SOLID_ANGLE_UNIT ( ) );
#7014 = LINE ( 'NONE', #5041, #6810 ) ;
#7015 = LINE ( 'NONE', #3564, #2523 ) ;
#7016 = COLOUR_RGB ( '',1.000000000000000000, 1.000000000000000000, 0.7529411764705882248 ) ;
#7017 = ORIENTED_EDGE ( 'NONE', *, *, #7243, .F. ) ;
#7018 =( NAMED_UNIT ( * ) SI_UNIT ( $, .STERADIAN. ) SOLID_ANGLE_UNIT ( ) );
#7019 =( NAMED_UNIT ( * ) PLANE_ANGLE_UNIT ( ) SI_UNIT ( $, .RADIAN. ) );
#7020 = EDGE_LOOP ( 'NONE', ( #6627, #2210, #7843 ) ) ;
#7021 = FILL_AREA_STYLE ('',( #1371 ) ) ;
#7023 = PRESENTATION_STYLE_ASSIGNMENT (( #3975 ) ) ;
#7022 =( GEOMETRIC_REPRESENTATION_CONTEXT ( 3 ) GLOBAL_UNCERTAINTY_ASSIGNED_CONTEXT ( ( #6618 ) ) GLOBAL_UNIT_ASSIGNED_CONTEXT ( ( #419, #3591, #4875 ) ) REPRESENTATION_CONTEXT ( 'NONE', 'WORKASPACE' ) );
#7024 = UNCERTAINTY_MEASURE_WITH_UNIT (LENGTH_MEASURE( 1.000000000000000082E-05 ), #5168, 'distance_accuracy_value', 'NONE');
#7025 = COLOUR_RGB ( '',1.000000000000000000, 1.000000000000000000, 0.7529411764705882248 ) ;
#7026 = MECHANICAL_DESIGN_GEOMETRIC_PRESENTATION_REPRESENTATION (  '', ( #2311 ), #3322 ) ;
#7027 = DIRECTION ( 'NONE',  ( -1.000000000000000000, 0.000000000000000000, -1.712902083591268077E-15 ) ) ;
#7028 = EDGE_CURVE ( 'NONE', #4672, #6194, #5014, .T. ) ;
#7029 = PRESENTATION_LAYER_ASSIGNMENT (  '', '', ( #2585 ) ) ;
#7030 =( LENGTH_UNIT ( ) NAMED_UNIT ( * ) SI_UNIT ( .MILLI., .METRE. ) );
#7031 = PRESENTATION_STYLE_ASSIGNMENT (( #6829 ) ) ;
#7032 = VECTOR ( 'NONE', #4966, 1000.000000000000000 ) ;
#7033 = CARTESIAN_POINT ( 'NONE',  ( 0.000000000000000000, 0.000000000000000000, 4.049999999999999822 ) ) ;
#7034 = ADVANCED_FACE ( 'NONE', ( #2622 ), #3075, .T. ) ;
#7035 = CARTESIAN_POINT ( 'NONE',  ( -1.999999999999999556, -1.000000000000000000, -3.499999999999999556 ) ) ;
#7036 = CARTESIAN_POINT ( 'NONE',  ( -4.333030277982336642, 3.448999999999740496, -0.2499999999999996669 ) ) ;
#7037 = CARTESIAN_POINT ( 'NONE',  ( -3.826649916142160102, 3.949000000000001176, 0.2500000000000003331 ) ) ;
#7038 = PRESENTATION_LAYER_ASSIGNMENT (  '', '', ( #1324 ) ) ;
#7039 = DIRECTION ( 'NONE',  ( -7.760429719096859345E-17, 1.000000000000000000, -0.000000000000000000 ) ) ;
#7040 = ORIENTED_EDGE ( 'NONE', *, *, #4065, .F. ) ;
#7041 = PLANE ( 'NONE',  #4103 ) ;
#7042 = CIRCLE ( 'NONE', #1014, 1.198999999999999622 ) ;
#7043 = EDGE_CURVE ( 'NONE', #1563, #2820, #7014, .T. ) ;
#7044 = EDGE_LOOP ( 'NONE', ( #6672, #1392, #2872, #929 ) ) ;
#7045 = PRESENTATION_LAYER_ASSIGNMENT (  '', '', ( #3184 ) ) ;
#7046 = B_SPLINE_CURVE_WITH_KNOTS ( 'NONE', 3,
 ( #6644, #5883, #835, #4051, #927, #1515 ),
 .UNSPECIFIED., .F., .F.,
 ( 4, 2, 4 ),
 ( 0.001764678251793509430, 0.002158165738172446429, 0.002551653224551383645 ),
 .UNSPECIFIED. ) ;
#7047 = ORIENTED_EDGE ( 'NONE', *, *, #5680, .F. ) ;
#7048 = CARTESIAN_POINT ( 'NONE',  ( -2.500000000000000444, 2.651000000000001133, 1.445602896649105965E-19 ) ) ;
#7049 =( NAMED_UNIT ( * ) PLANE_ANGLE_UNIT ( ) SI_UNIT ( $, .RADIAN. ) );
#7050 = EDGE_LOOP ( 'NONE', ( #2492, #8133, #2052, #5273 ) ) ;
#7051 = CARTESIAN_POINT ( 'NONE',  ( -1.999999999999999556, -1.500000000000002220, -3.499999999999999556 ) ) ;
#7052 = DIRECTION ( 'NONE',  ( 0.000000000000000000, -1.421904488505578422E-16, -1.000000000000000000 ) ) ;
#7053 = EDGE_CURVE ( 'NONE', #291, #549, #2009, .T. ) ;
#7054 = CARTESIAN_POINT ( 'NONE',  ( -2.249999999999999556, -2.999999999999998668, -3.774999999999999911 ) ) ;
#7055 = ORIENTED_EDGE ( 'NONE', *, *, #1960, .T. ) ;
#7056 = UNCERTAINTY_MEASURE_WITH_UNIT (LENGTH_MEASURE( 1.000000000000000082E-05 ), #7518, 'distance_accuracy_value', 'NONE');
#7057 = EDGE_CURVE ( 'NONE', #5984, #2528, #249, .T. ) ;
#7058 = FILL_AREA_STYLE_COLOUR ( '', #7292 ) ;
#7059 = DIRECTION ( 'NONE',  ( -0.000000000000000000, 1.000000000000000000, 0.000000000000000000 ) ) ;
#7060 = EDGE_LOOP ( 'NONE', ( #190, #4128, #7961, #3780 ) ) ;
#7061 = DIRECTION ( 'NONE',  ( 0.000000000000000000, 1.275531967630005492E-16, 1.000000000000000000 ) ) ;
#7062 = DIRECTION ( 'NONE',  ( -0.000000000000000000, -0.000000000000000000, -1.000000000000000000 ) ) ;
#7063 = ORIENTED_EDGE ( 'NONE', *, *, #5963, .F. ) ;
#7064 = ORIENTED_EDGE ( 'NONE', *, *, #6735, .F. ) ;
#7065 = LINE ( 'NONE', #4510, #6675 ) ;
#7066 = SURFACE_STYLE_USAGE ( .BOTH. , #2478 ) ;
#7067 = AXIS2_PLACEMENT_3D ( 'NONE', #1959, #4345, #3856 ) ;
#7068 = ADVANCED_FACE ( 'NONE', ( #951 ), #7516, .F. ) ;
#7069 = PRESENTATION_LAYER_ASSIGNMENT (  '', '', ( #5785 ) ) ;
#7070 = CARTESIAN_POINT ( 'NONE',  ( -2.999999999999999556, -1.699999999999999734, -2.999999999999999556 ) ) ;
#7071 = SURFACE_SIDE_STYLE ('',( #5427 ) ) ;
#7072 =( GEOMETRIC_REPRESENTATION_CONTEXT ( 3 ) GLOBAL_UNCERTAINTY_ASSIGNED_CONTEXT ( ( #1508 ) ) GLOBAL_UNIT_ASSIGNED_CONTEXT ( ( #3967, #189, #5184 ) ) REPRESENTATION_CONTEXT ( 'NONE', 'WORKASPACE' ) );
#7073 = DIRECTION ( 'NONE',  ( 0.5063955574051580699, 0.000000000000000000, -0.8623013043248393128 ) ) ;
#7074 = DIRECTION ( 'NONE',  ( 1.000000000000000000, 0.000000000000000000, -0.000000000000000000 ) ) ;
#7075 = LINE ( 'NONE', #1741, #3873 ) ;
#7076 = ORIENTED_EDGE ( 'NONE', *, *, #270, .F. ) ;
#7077 = AXIS2_PLACEMENT_3D ( 'NONE', #6042, #4721, #7960 ) ;
#7078 = COLOUR_RGB ( '',1.000000000000000000, 1.000000000000000000, 0.7529411764705882248 ) ;
#7079 = CIRCLE ( 'NONE', #4258, 1.525000000000001243 ) ;
#7080 = CARTESIAN_POINT ( 'NONE',  ( -4.350000000000000533, 2.651000000000001133, 5.518203095879116896E-16 ) ) ;
#7081 = MECHANICAL_DESIGN_GEOMETRIC_PRESENTATION_REPRESENTATION (  '', ( #6662 ), #3814 ) ;
#7082 = DIRECTION ( 'NONE',  ( -0.000000000000000000, 0.000000000000000000, -1.000000000000000000 ) ) ;
#7083 = AXIS2_PLACEMENT_3D ( 'NONE', #2517, #6953, #8208 ) ;
#7084 = VERTEX_POINT ( 'NONE', #5016 ) ;
#7085 = SURFACE_STYLE_FILL_AREA ( #121 ) ;
#7086 = DIRECTION ( 'NONE',  ( -0.000000000000000000, 1.000000000000000000, -0.000000000000000000 ) ) ;
#7087 = VERTEX_POINT ( 'NONE', #3104 ) ;
#7088 = DIRECTION ( 'NONE',  ( -1.000000000000000000, 0.000000000000000000, 0.000000000000000000 ) ) ;
#7089 = CARTESIAN_POINT ( 'NONE',  ( 4.999999999999998224, -5.000000000000000000, 4.049999999999999822 ) ) ;
#7090 = EDGE_CURVE ( 'NONE', #7177, #5499, #3494, .T. ) ;
#7091 = SURFACE_STYLE_USAGE ( .BOTH. , #7630 ) ;
#7092 = B_SPLINE_CURVE_WITH_KNOTS ( 'NONE', 3,
 ( #7677, #4520, #5124, #5019, #6966, #6402 ),
 .UNSPECIFIED., .F., .F.,
 ( 4, 2, 4 ),
 ( 0.002786667756068957492, 0.003179747064715985304, 0.003572826373363012682 ),
 .UNSPECIFIED. ) ;
#7093 =( LENGTH_UNIT ( ) NAMED_UNIT ( * ) SI_UNIT ( .MILLI., .METRE. ) );
#7094 = MECHANICAL_DESIGN_GEOMETRIC_PRESENTATION_REPRESENTATION (  '', ( #3392 ), #3822 ) ;
#7095 = LINE ( 'NONE', #1861, #4995 ) ;
#7096 = STYLED_ITEM ( 'NONE', ( #7607 ), #228 ) ;
#7097 = ORIENTED_EDGE ( 'NONE', *, *, #4961, .F. ) ;
#7098 =( NAMED_UNIT ( * ) PLANE_ANGLE_UNIT ( ) SI_UNIT ( $, .RADIAN. ) );
#7099 = LINE ( 'NONE', #1679, #4204 ) ;
#7100 = EDGE_CURVE ( 'NONE', #5960, #5816, #3994, .T. ) ;
#7101 = EDGE_CURVE ( 'NONE', #2770, #4404, #1204, .T. ) ;
#7102 = DIRECTION ( 'NONE',  ( -0.000000000000000000, 1.000000000000000000, -1.106328747434187728E-16 ) ) ;
#7103 = VERTEX_POINT ( 'NONE', #7589 ) ;
#7104 = PLANE ( 'NONE',  #4463 ) ;
#7105 = DIRECTION ( 'NONE',  ( 0.000000000000000000, 0.000000000000000000, -1.000000000000000000 ) ) ;
#7106 = ORIENTED_EDGE ( 'NONE', *, *, #4884, .F. ) ;
#7107 = CARTESIAN_POINT ( 'NONE',  ( -2.999999999999999556, -1.599999999999998979, -2.250000000000000000 ) ) ;
#7108 = ORIENTED_EDGE ( 'NONE', *, *, #183, .T. ) ;
#7109 = DIRECTION ( 'NONE',  ( -0.000000000000000000, -1.000000000000000000, -0.000000000000000000 ) ) ;
#7110 = ORIENTED_EDGE ( 'NONE', *, *, #6059, .F. ) ;
#7111 = VECTOR ( 'NONE', #7560, 1000.000000000000000 ) ;
#7112 = CARTESIAN_POINT ( 'NONE',  ( -4.333030277982336642, 3.049000000000001265, -0.2499999999999996669 ) ) ;
#7113 = ADVANCED_FACE ( 'NONE', ( #2086 ), #7614, .F. ) ;
#7114 = ORIENTED_EDGE ( 'NONE', *, *, #394, .F. ) ;
#7115 = CIRCLE ( 'NONE', #433, 1.574999999999999956 ) ;
#7116 = ORIENTED_EDGE ( 'NONE', *, *, #5074, .T. ) ;
#7117 = DIRECTION ( 'NONE',  ( 0.000000000000000000, 1.000000000000000000, -9.227252531791525393E-17 ) ) ;
#7118 = FACE_OUTER_BOUND ( 'NONE', #4783, .T. ) ;
#7119 =( NAMED_UNIT ( * ) PLANE_ANGLE_UNIT ( ) SI_UNIT ( $, .RADIAN. ) );
#7120 = ORIENTED_EDGE ( 'NONE', *, *, #3901, .T. ) ;
#7121 = LINE ( 'NONE', #4656, #5219 ) ;
#7122 = FACE_BOUND ( 'NONE', #1963, .T. ) ;
#7123 = VECTOR ( 'NONE', #586, 999.9999999999998863 ) ;
#7124 = UNCERTAINTY_MEASURE_WITH_UNIT (LENGTH_MEASURE( 1.000000000000000082E-05 ), #1664, 'distance_accuracy_value', 'NONE');
#7125 = VECTOR ( 'NONE', #1815, 1000.000000000000000 ) ;
#7126 =( LENGTH_UNIT ( ) NAMED_UNIT ( * ) SI_UNIT ( .MILLI., .METRE. ) );
#7127 = CARTESIAN_POINT ( 'NONE',  ( -4.625000000000000888, 8.736600034718932761, -2.350000000000000089 ) ) ;
#7128 = PRESENTATION_STYLE_ASSIGNMENT (( #6184 ) ) ;
#7129 = FILL_AREA_STYLE ('',( #7172 ) ) ;
#7130 = CARTESIAN_POINT ( 'NONE',  ( 0.6669697220176635799, 3.049000000000001265, 0.2499999999999995282 ) ) ;
#7131 =( GEOMETRIC_REPRESENTATION_CONTEXT ( 3 ) GLOBAL_UNCERTAINTY_ASSIGNED_CONTEXT ( ( #1194 ) ) GLOBAL_UNIT_ASSIGNED_CONTEXT ( ( #2135, #1694, #6605 ) ) REPRESENTATION_CONTEXT ( 'NONE', 'WORKASPACE' ) );
#7132 = LINE ( 'NONE', #798, #5424 ) ;
#7133 = SURFACE_SIDE_STYLE ('',( #166 ) ) ;
#7134 = DIRECTION ( 'NONE',  ( 0.2857183028194121288, 0.5496661281711154867, -0.7850045853212384017 ) ) ;
#7135 = MECHANICAL_DESIGN_GEOMETRIC_PRESENTATION_REPRESENTATION (  '', ( #1993 ), #7550 ) ;
#7136 = ORIENTED_EDGE ( 'NONE', *, *, #893, .F. ) ;
#7137 = SURFACE_STYLE_FILL_AREA ( #6172 ) ;
#7138 = CARTESIAN_POINT ( 'NONE',  ( -2.999999999999999556, -5.100000000000000533, -0.3500000000000000333 ) ) ;
#7139 = EDGE_LOOP ( 'NONE', ( #6222, #479, #3683, #6394 ) ) ;
#7140 = DIRECTION ( 'NONE',  ( -1.000000000000000000, -0.000000000000000000, -0.000000000000000000 ) ) ;
#7141 =( LENGTH_UNIT ( ) NAMED_UNIT ( * ) SI_UNIT ( .MILLI., .METRE. ) );
#7142 = FILL_AREA_STYLE ('',( #2742 ) ) ;
#7143 = DIRECTION ( 'NONE',  ( -7.760429719096859345E-17, 1.000000000000000000, 0.000000000000000000 ) ) ;
#7144 = ORIENTED_EDGE ( 'NONE', *, *, #7358, .F. ) ;
#7145 = ORIENTED_EDGE ( 'NONE', *, *, #5992, .T. ) ;
#7146 = STYLED_ITEM ( 'NONE', ( #7031 ), #1221 ) ;
#7147 = CARTESIAN_POINT ( 'NONE',  ( -1.999999999999999556, -3.799999999999999822, -3.499999999999999112 ) ) ;
#7148 = ADVANCED_FACE ( 'NONE', ( #5994, #5886 ), #682, .F. ) ;
#7149 =( LENGTH_UNIT ( ) NAMED_UNIT ( * ) SI_UNIT ( .MILLI., .METRE. ) );
#7150 = CARTESIAN_POINT ( 'NONE',  ( -2.999999999999999556, -1.699999999999999734, -2.999999999999999556 ) ) ;
#7151 = FACE_OUTER_BOUND ( 'NONE', #3189, .T. ) ;
#7152 = VERTEX_POINT ( 'NONE', #7561 ) ;
#7153 = EDGE_CURVE ( 'NONE', #1048, #6446, #4998, .T. ) ;
#7154 = PRESENTATION_LAYER_ASSIGNMENT (  '', '', ( #4336 ) ) ;
#7155 = DIRECTION ( 'NONE',  ( 0.000000000000000000, -1.445602896647339410E-16, -1.000000000000000000 ) ) ;
#7156 =( LENGTH_UNIT ( ) NAMED_UNIT ( * ) SI_UNIT ( .MILLI., .METRE. ) );
#7157 = EDGE_LOOP ( 'NONE', ( #5244, #7549, #1866, #6742 ) ) ;
#7158 = ORIENTED_EDGE ( 'NONE', *, *, #3329, .T. ) ;
#7159 = SURFACE_SIDE_STYLE ('',( #3783 ) ) ;
#7160 = EDGE_CURVE ( 'NONE', #7457, #6858, #4505, .T. ) ;
#7161 = CARTESIAN_POINT ( 'NONE',  ( 0.8997548783981970111, -4.049999999999999822, 2.350000000000000977 ) ) ;
#7162 = SURFACE_STYLE_USAGE ( .BOTH. , #2796 ) ;
#7163 =( NAMED_UNIT ( * ) PLANE_ANGLE_UNIT ( ) SI_UNIT ( $, .RADIAN. ) );
#7164 = DIRECTION ( 'NONE',  ( -0.000000000000000000, 1.000000000000000000, 0.000000000000000000 ) ) ;
#7165 = PRESENTATION_STYLE_ASSIGNMENT (( #7932 ) ) ;
#7166 = VECTOR ( 'NONE', #3476, 1000.000000000000000 ) ;
#7167 =( NAMED_UNIT ( * ) PLANE_ANGLE_UNIT ( ) SI_UNIT ( $, .RADIAN. ) );
#7168 =( LENGTH_UNIT ( ) NAMED_UNIT ( * ) SI_UNIT ( .MILLI., .METRE. ) );
#7169 = STYLED_ITEM ( 'NONE', ( #6867 ), #7361 ) ;
#7170 = ORIENTED_EDGE ( 'NONE', *, *, #1759, .F. ) ;
#7171 = CARTESIAN_POINT ( 'NONE',  ( -4.500000000000000000, 0.4000000000000005218, -2.250000000000000000 ) ) ;
#7172 = FILL_AREA_STYLE_COLOUR ( '', #3702 ) ;
#7173 = DIRECTION ( 'NONE',  ( 0.000000000000000000, 0.5766831975986557168, -0.8169678632647613403 ) ) ;
#7174 = FACE_OUTER_BOUND ( 'NONE', #4579, .T. ) ;
#7175 = EDGE_CURVE ( 'NONE', #2345, #2503, #3287, .T. ) ;
#7176 = AXIS2_PLACEMENT_3D ( 'NONE', #3525, #6634, #2862 ) ;
#7177 = VERTEX_POINT ( 'NONE', #5790 ) ;
#7178 = ORIENTED_EDGE ( 'NONE', *, *, #2069, .F. ) ;
#7179 =( GEOMETRIC_REPRESENTATION_CONTEXT ( 3 ) GLOBAL_UNCERTAINTY_ASSIGNED_CONTEXT ( ( #863 ) ) GLOBAL_UNIT_ASSIGNED_CONTEXT ( ( #5120, #1986, #1915 ) ) REPRESENTATION_CONTEXT ( 'NONE', 'WORKASPACE' ) );
#7180 = FILL_AREA_STYLE_COLOUR ( '', #820 ) ;
#7181 = ADVANCED_FACE ( 'NONE', ( #327 ), #3777, .F. ) ;
#7182 = CARTESIAN_POINT ( 'NONE',  ( -4.625000000000000888, -4.650000000000000355, 3.200000000000001066 ) ) ;
#7183 = EDGE_CURVE ( 'NONE', #3413, #3747, #4108, .T. ) ;
#7184 = CARTESIAN_POINT ( 'NONE',  ( 2.499999999999999556, 5.000000000000001776, 0.000000000000000000 ) ) ;
#7185 = ORIENTED_EDGE ( 'NONE', *, *, #68, .F. ) ;
#7186 = COLOUR_RGB ( '',1.000000000000000000, 1.000000000000000000, 0.7529411764705882248 ) ;
#7187 = SURFACE_STYLE_USAGE ( .BOTH. , #2114 ) ;
#7188 = AXIS2_PLACEMENT_3D ( 'NONE', #1868, #6911, #7569 ) ;
#7189 = COLOUR_RGB ( '',0.5019607843137254832, 1.000000000000000000, 0.5019607843137254832 ) ;
#7190 = STYLED_ITEM ( 'NONE', ( #2298 ), #5432 ) ;
#7191 = CARTESIAN_POINT ( 'NONE',  ( 4.400000000000000355, 4.950000000000001066, 2.326828918379972351E-16 ) ) ;
#7192 = SURFACE_SIDE_STYLE ('',( #2925 ) ) ;
#7193 = FACE_OUTER_BOUND ( 'NONE', #5013, .T. ) ;
#7194 = ADVANCED_FACE ( 'NONE', ( #7475 ), #6075, .F. ) ;
#7195 = DIRECTION ( 'NONE',  ( -7.760429719096859345E-17, 1.000000000000000000, -0.000000000000000000 ) ) ;
#7196 = CARTESIAN_POINT ( 'NONE',  ( -4.500000000000000000, -4.299999999999999822, -2.250000000000000444 ) ) ;
#7197 = ORIENTED_EDGE ( 'NONE', *, *, #3170, .T. ) ;
#7198 = UNCERTAINTY_MEASURE_WITH_UNIT (LENGTH_MEASURE( 1.000000000000000082E-05 ), #5673, 'distance_accuracy_value', 'NONE');
#7199 = SURFACE_STYLE_FILL_AREA ( #7021 ) ;
#7200 = TOROIDAL_SURFACE ( 'NONE', #173, 1.943301270189222274, 0.05000000000000006523 ) ;
#7201 = EDGE_CURVE ( 'NONE', #304, #4707, #1193, .T. ) ;
#7202 = VECTOR ( 'NONE', #2430, 1000.000000000000000 ) ;
#7203 = STYLED_ITEM ( 'NONE', ( #1854 ), #1639 ) ;
#7204 = EDGE_CURVE ( 'NONE', #3980, #6064, #6589, .T. ) ;
#7205 =( NAMED_UNIT ( * ) SI_UNIT ( $, .STERADIAN. ) SOLID_ANGLE_UNIT ( ) );
#7206 =( NAMED_UNIT ( * ) SI_UNIT ( $, .STERADIAN. ) SOLID_ANGLE_UNIT ( ) );
#7207 = FILL_AREA_STYLE ('',( #7801 ) ) ;
#7208 = ORIENTED_EDGE ( 'NONE', *, *, #4907, .T. ) ;
#7209 = LINE ( 'NONE', #1671, #8180 ) ;
#7210 = PRESENTATION_STYLE_ASSIGNMENT (( #1210 ) ) ;
#7211 = COLOUR_RGB ( '',1.000000000000000000, 1.000000000000000000, 0.7529411764705882248 ) ;
#7212 = EDGE_CURVE ( 'NONE', #6147, #4262, #1796, .T. ) ;
#7213 = ORIENTED_EDGE ( 'NONE', *, *, #499, .F. ) ;
#7214 =( NAMED_UNIT ( * ) PLANE_ANGLE_UNIT ( ) SI_UNIT ( $, .RADIAN. ) );
#7215 = ORIENTED_EDGE ( 'NONE', *, *, #4321, .T. ) ;
#7216 = LINE ( 'NONE', #7669, #6629 ) ;
#7217 = PLANE ( 'NONE',  #4094 ) ;
#7218 = VECTOR ( 'NONE', #1374, 1000.000000000000000 ) ;
#7219 = VECTOR ( 'NONE', #7117, 1000.000000000000000 ) ;
#7220 =( LENGTH_UNIT ( ) NAMED_UNIT ( * ) SI_UNIT ( .MILLI., .METRE. ) );
#7221 = PRESENTATION_STYLE_ASSIGNMENT (( #2520 ) ) ;
#7222 = UNCERTAINTY_MEASURE_WITH_UNIT (LENGTH_MEASURE( 1.000000000000000082E-05 ), #1965, 'distance_accuracy_value', 'NONE');
#7223 = CARTESIAN_POINT ( 'NONE',  ( 0.5999999999999996447, 2.650000000000000799, 0.000000000000000000 ) ) ;
#7224 = LINE ( 'NONE', #2822, #1736 ) ;
#7225 = VECTOR ( 'NONE', #2356, 1000.000000000000000 ) ;
#7226 = MECHANICAL_DESIGN_GEOMETRIC_PRESENTATION_REPRESENTATION (  '', ( #5785 ), #6798 ) ;
#7227 = DIRECTION ( 'NONE',  ( 0.000000000000000000, 0.000000000000000000, -1.000000000000000000 ) ) ;
#7228 = SURFACE_STYLE_FILL_AREA ( #4313 ) ;
#7229 =( GEOMETRIC_REPRESENTATION_CONTEXT ( 3 ) GLOBAL_UNCERTAINTY_ASSIGNED_CONTEXT ( ( #7673 ) ) GLOBAL_UNIT_ASSIGNED_CONTEXT ( ( #2683, #5217, #3371 ) ) REPRESENTATION_CONTEXT ( 'NONE', 'WORKASPACE' ) );
#7230 = DIRECTION ( 'NONE',  ( 0.000000000000000000, 0.000000000000000000, -1.000000000000000000 ) ) ;
#7231 = VERTEX_POINT ( 'NONE', #849 ) ;
#7232 = ADVANCED_FACE ( 'NONE', ( #4 ), #1446, .F. ) ;
#7233 = MECHANICAL_DESIGN_GEOMETRIC_PRESENTATION_REPRESENTATION (  '', ( #6656 ), #5356 ) ;
#7234 = PRESENTATION_STYLE_ASSIGNMENT (( #2102 ) ) ;
#7235 = VERTEX_POINT ( 'NONE', #6537 ) ;
#7236 = DIRECTION ( 'NONE',  ( -0.000000000000000000, 1.000000000000000000, -1.445602896647339410E-16 ) ) ;
#7237 = DIRECTION ( 'NONE',  ( 0.000000000000000000, 0.000000000000000000, 1.000000000000000000 ) ) ;
#7238 = STYLED_ITEM ( 'NONE', ( #2083 ), #6625 ) ;
#7239 = AXIS2_PLACEMENT_3D ( 'NONE', #5832, #2024, #3981 ) ;
#7240 =( NAMED_UNIT ( * ) SI_UNIT ( $, .STERADIAN. ) SOLID_ANGLE_UNIT ( ) );
#7241 = EDGE_LOOP ( 'NONE', ( #320, #4496, #693, #7600 ) ) ;
#7242 = LINE ( 'NONE', #4403, #6949 ) ;
#7243 = EDGE_CURVE ( 'NONE', #1623, #6351, #7466, .T. ) ;
#7244 = ADVANCED_FACE ( 'NONE', ( #2800 ), #3881, .F. ) ;
#7245 = ORIENTED_EDGE ( 'NONE', *, *, #8187, .T. ) ;
#7246 = DIRECTION ( 'NONE',  ( 1.000000000000000000, -0.000000000000000000, -0.000000000000000000 ) ) ;
#7247 = MECHANICAL_DESIGN_GEOMETRIC_PRESENTATION_REPRESENTATION (  '', ( #859 ), #3548 ) ;
#7248 = CARTESIAN_POINT ( 'NONE',  ( 2.823673019291535802, -8.500000000000000000, -0.2499999999999995282 ) ) ;
#7249 = AXIS2_PLACEMENT_3D ( 'NONE', #3890, #90, #5801 ) ;
#7250 = CARTESIAN_POINT ( 'NONE',  ( 2.000000000000000444, -5.000000000000000000, -2.350000000000000089 ) ) ;
#7251 = PRESENTATION_STYLE_ASSIGNMENT (( #6846 ) ) ;
#7252 = VERTEX_POINT ( 'NONE', #3268 ) ;
#7253 = FILL_AREA_STYLE ('',( #186 ) ) ;
#7254 = FILL_AREA_STYLE_COLOUR ( '', #3120 ) ;
#7255 = AXIS2_PLACEMENT_3D ( 'NONE', #1894, #6346, #5876 ) ;
#7256 = ORIENTED_EDGE ( 'NONE', *, *, #6976, .F. ) ;
#7257 =( NAMED_UNIT ( * ) SI_UNIT ( $, .STERADIAN. ) SOLID_ANGLE_UNIT ( ) );
#7258 = CARTESIAN_POINT ( 'NONE',  ( 2.000000000000000444, -5.000000000000000000, -3.099999999999996536 ) ) ;
#7259 = PLANE ( 'NONE',  #6910 ) ;
#7260 = VERTEX_POINT ( 'NONE', #7722 ) ;
#7261 = CARTESIAN_POINT ( 'NONE',  ( 3.000000000000000444, -5.100000000000000533, -0.2499999999999998890 ) ) ;
#7262 = DIRECTION ( 'NONE',  ( -1.000000000000000000, 0.000000000000000000, 0.000000000000000000 ) ) ;
#7263 = ORIENTED_EDGE ( 'NONE', *, *, #2471, .F. ) ;
#7264 = VECTOR ( 'NONE', #2449, 999.9999999999998863 ) ;
#7265 = DIRECTION ( 'NONE',  ( 1.000000000000000000, -0.000000000000000000, -0.000000000000000000 ) ) ;
#7266 = CARTESIAN_POINT ( 'NONE',  ( 1.173350083857839454, 3.949000000000001176, -0.2499999999999996669 ) ) ;
#7267 = DIRECTION ( 'NONE',  ( -0.000000000000000000, -1.000000000000000000, -0.000000000000000000 ) ) ;
#7268 = UNCERTAINTY_MEASURE_WITH_UNIT (LENGTH_MEASURE( 1.000000000000000082E-05 ), #6015, 'distance_accuracy_value', 'NONE');
#7269 = ORIENTED_EDGE ( 'NONE', *, *, #6173, .T. ) ;
#7270 = FILL_AREA_STYLE_COLOUR ( '', #2309 ) ;
#7271 = FACE_OUTER_BOUND ( 'NONE', #1784, .T. ) ;
#7272 = DIRECTION ( 'NONE',  ( -1.000000000000000000, -0.000000000000000000, -0.000000000000000000 ) ) ;
#7273 = CARTESIAN_POINT ( 'NONE',  ( 3.900000000000000799, 0.000000000000000000, 0.000000000000000000 ) ) ;
#7274 = ORIENTED_EDGE ( 'NONE', *, *, #3938, .T. ) ;
#7275 = PRESENTATION_STYLE_ASSIGNMENT (( #1399 ) ) ;
#7276 = EDGE_LOOP ( 'NONE', ( #7208, #1123, #279, #710 ) ) ;
#7277 = ORIENTED_EDGE ( 'NONE', *, *, #801, .F. ) ;
#7278 = SURFACE_STYLE_FILL_AREA ( #6005 ) ;
#7279 = ADVANCED_FACE ( 'NONE', ( #714 ), #789, .T. ) ;
#7280 = FACE_OUTER_BOUND ( 'NONE', #490, .T. ) ;
#7281 = CARTESIAN_POINT ( 'NONE',  ( -2.999999999999999556, -1.099999999999998979, -2.250000000000000000 ) ) ;
#7282 = CARTESIAN_POINT ( 'NONE',  ( 1.100000000000000533, -1.200000000000000400, 2.549999999999986500 ) ) ;
#7283 = MECHANICAL_DESIGN_GEOMETRIC_PRESENTATION_REPRESENTATION (  '', ( #310 ), #6707 ) ;
#7284 = MECHANICAL_DESIGN_GEOMETRIC_PRESENTATION_REPRESENTATION (  '', ( #2101 ), #735 ) ;
#7285 =( NAMED_UNIT ( * ) SI_UNIT ( $, .STERADIAN. ) SOLID_ANGLE_UNIT ( ) );
#7286 = ORIENTED_EDGE ( 'NONE', *, *, #1214, .T. ) ;
#7287 = FACE_OUTER_BOUND ( 'NONE', #536, .T. ) ;
#7288 = FILL_AREA_STYLE_COLOUR ( '', #2863 ) ;
#7289 = DIRECTION ( 'NONE',  ( -1.000000000000000000, 0.000000000000000000, -0.000000000000000000 ) ) ;
#7290 = FACE_OUTER_BOUND ( 'NONE', #5648, .T. ) ;
#7291 =( GEOMETRIC_REPRESENTATION_CONTEXT ( 3 ) GLOBAL_UNCERTAINTY_ASSIGNED_CONTEXT ( ( #8221 ) ) GLOBAL_UNIT_ASSIGNED_CONTEXT ( ( #6843, #5494, #6217 ) ) REPRESENTATION_CONTEXT ( 'NONE', 'WORKASPACE' ) );
#7292 = COLOUR_RGB ( '',0.5019607843137254832, 1.000000000000000000, 0.5019607843137254832 ) ;
#7293 = ORIENTED_EDGE ( 'NONE', *, *, #4387, .T. ) ;
#7294 = SURFACE_STYLE_FILL_AREA ( #2155 ) ;
#7295 = FILL_AREA_STYLE ('',( #3391 ) ) ;
#7296 = LINE ( 'NONE', #5152, #732 ) ;
#7297 = CARTESIAN_POINT ( 'NONE',  ( 1.041808856213935819, 3.949000000000009614, -0.2499999999999996669 ) ) ;
#7298 = DIRECTION ( 'NONE',  ( 0.000000000000000000, 0.000000000000000000, -1.000000000000000000 ) ) ;
#7299 = CARTESIAN_POINT ( 'NONE',  ( -0.3749999999999998890, -5.000000000000000000, -2.350000000000000089 ) ) ;
#7300 = ORIENTED_EDGE ( 'NONE', *, *, #2074, .T. ) ;
#7301 = FILL_AREA_STYLE_COLOUR ( '', #2533 ) ;
#7302 =( NAMED_UNIT ( * ) PLANE_ANGLE_UNIT ( ) SI_UNIT ( $, .RADIAN. ) );
#7303 = EDGE_LOOP ( 'NONE', ( #7110, #6763, #5206, #3289 ) ) ;
#7304 = PRESENTATION_STYLE_ASSIGNMENT (( #3656 ) ) ;
#7305 = UNCERTAINTY_MEASURE_WITH_UNIT (LENGTH_MEASURE( 1.000000000000000082E-05 ), #7979, 'distance_accuracy_value', 'NONE');
#7306 =( LENGTH_UNIT ( ) NAMED_UNIT ( * ) SI_UNIT ( .MILLI., .METRE. ) );
#7307 = EDGE_LOOP ( 'NONE', ( #4665, #200, #887, #6460, #7426, #4001, #6541, #7562 ) ) ;
#7308 = COLOUR_RGB ( '',0.5019607843137254832, 1.000000000000000000, 0.5019607843137254832 ) ;
#7309 = FILL_AREA_STYLE ('',( #3461 ) ) ;
#7310 = DIRECTION ( 'NONE',  ( 1.000000000000000000, -0.000000000000000000, -0.000000000000000000 ) ) ;
#7311 = EDGE_LOOP ( 'NONE', ( #7760, #94, #1306, #2049, #5946, #5952, #5413, #3786, #6366 ) ) ;
#7312 = SURFACE_STYLE_FILL_AREA ( #3090 ) ;
#7313 = EDGE_CURVE ( 'NONE', #2440, #5477, #2483, .T. ) ;
#7314 = CIRCLE ( 'NONE', #215, 0.4000000000000000777 ) ;
#7315 = AXIS2_PLACEMENT_3D ( 'NONE', #8138, #1160, #6472 ) ;
#7316 = VERTEX_POINT ( 'NONE', #4724 ) ;
#7317 = FILL_AREA_STYLE_COLOUR ( '', #6291 ) ;
#7318 = COLOUR_RGB ( '',1.000000000000000000, 1.000000000000000000, 0.7529411764705882248 ) ;
#7319 = SURFACE_STYLE_FILL_AREA ( #2709 ) ;
#7320 = LINE ( 'NONE', #3024, #974 ) ;
#7321 = EDGE_CURVE ( 'NONE', #5438, #5980, #1295, .T. ) ;
#7322 = LINE ( 'NONE', #627, #2235 ) ;
#7323 = ADVANCED_FACE ( 'NONE', ( #5080 ), #6016, .F. ) ;
#7324 = PRESENTATION_STYLE_ASSIGNMENT (( #2372 ) ) ;
#7325 =( NAMED_UNIT ( * ) PLANE_ANGLE_UNIT ( ) SI_UNIT ( $, .RADIAN. ) );
#7326 = DIRECTION ( 'NONE',  ( 7.760429719096859345E-17, -1.000000000000000000, 0.000000000000000000 ) ) ;
#7327 = SURFACE_STYLE_FILL_AREA ( #916 ) ;
#7328 = SURFACE_STYLE_USAGE ( .BOTH. , #2200 ) ;
#7329 = PRESENTATION_STYLE_ASSIGNMENT (( #6596 ) ) ;
#7330 = ORIENTED_EDGE ( 'NONE', *, *, #6494, .F. ) ;
#7331 = MECHANICAL_DESIGN_GEOMETRIC_PRESENTATION_REPRESENTATION (  '', ( #618 ), #2467 ) ;
#7332 = PRESENTATION_LAYER_ASSIGNMENT (  '', '', ( #8006 ) ) ;
#7333 =( NAMED_UNIT ( * ) SI_UNIT ( $, .STERADIAN. ) SOLID_ANGLE_UNIT ( ) );
#7334 = DIRECTION ( 'NONE',  ( -1.000000000000000000, 0.000000000000000000, 0.000000000000000000 ) ) ;
#7335 = PRESENTATION_LAYER_ASSIGNMENT (  '', '', ( #2094 ) ) ;
#7336 = ORIENTED_EDGE ( 'NONE', *, *, #6635, .F. ) ;
#7337 = FILL_AREA_STYLE ('',( #992 ) ) ;
#7338 = EDGE_CURVE ( 'NONE', #238, #6102, #2178, .T. ) ;
#7339 = PRESENTATION_LAYER_ASSIGNMENT (  '', '', ( #2648 ) ) ;
#7340 =( NAMED_UNIT ( * ) PLANE_ANGLE_UNIT ( ) SI_UNIT ( $, .RADIAN. ) );
#7341 = CARTESIAN_POINT ( 'NONE',  ( 3.000000000000000444, -1.099999999999998979, -2.250000000000000000 ) ) ;
#7342 = DIRECTION ( 'NONE',  ( -1.000000000000000000, 0.000000000000000000, 0.000000000000000000 ) ) ;
#7343 = VERTEX_POINT ( 'NONE', #3467 ) ;
#7344 = AXIS2_PLACEMENT_3D ( 'NONE', #7974, #7947, #3578 ) ;
#7345 =( GEOMETRIC_REPRESENTATION_CONTEXT ( 3 ) GLOBAL_UNCERTAINTY_ASSIGNED_CONTEXT ( ( #1955 ) ) GLOBAL_UNIT_ASSIGNED_CONTEXT ( ( #1862, #6963, #3696 ) ) REPRESENTATION_CONTEXT ( 'NONE', 'WORKASPACE' ) );
#7346 = EDGE_CURVE ( 'NONE', #6144, #2802, #1885, .T. ) ;
#7347 = VECTOR ( 'NONE', #5687, 1000.000000000000000 ) ;
#7348 = ORIENTED_EDGE ( 'NONE', *, *, #8195, .F. ) ;
#7349 = MECHANICAL_DESIGN_GEOMETRIC_PRESENTATION_REPRESENTATION (  '', ( #7609 ), #7871 ) ;
#7350 = DIRECTION ( 'NONE',  ( -1.000000000000000000, 0.000000000000000000, 0.000000000000000000 ) ) ;
#7351 = FILL_AREA_STYLE_COLOUR ( '', #915 ) ;
#7352 =( GEOMETRIC_REPRESENTATION_CONTEXT ( 3 ) GLOBAL_UNCERTAINTY_ASSIGNED_CONTEXT ( ( #3864 ) ) GLOBAL_UNIT_ASSIGNED_CONTEXT ( ( #4645, #5969, #2737 ) ) REPRESENTATION_CONTEXT ( 'NONE', 'WORKASPACE' ) );
#7353 =( NAMED_UNIT ( * ) PLANE_ANGLE_UNIT ( ) SI_UNIT ( $, .RADIAN. ) );
#7354 = ORIENTED_EDGE ( 'NONE', *, *, #6602, .T. ) ;
#7355 = ORIENTED_EDGE ( 'NONE', *, *, #6777, .F. ) ;
#7356 = CARTESIAN_POINT ( 'NONE',  ( -5.000000000000001776, 5.000000000000000000, 4.049999999999999822 ) ) ;
#7357 =( NAMED_UNIT ( * ) SI_UNIT ( $, .STERADIAN. ) SOLID_ANGLE_UNIT ( ) );
#7358 = EDGE_CURVE ( 'NONE', #6329, #4414, #2579, .T. ) ;
#7359 =( LENGTH_UNIT ( ) NAMED_UNIT ( * ) SI_UNIT ( .MILLI., .METRE. ) );
#7360 = PRESENTATION_LAYER_ASSIGNMENT (  '', '', ( #62 ) ) ;
#7361 = ADVANCED_FACE ( 'NONE', ( #4088 ), #4776, .F. ) ;
#7362 = CARTESIAN_POINT ( 'NONE',  ( -0.5540446486006944671, 0.2999999999999991562, 4.049999999999999822 ) ) ;
#7363 =( NAMED_UNIT ( * ) PLANE_ANGLE_UNIT ( ) SI_UNIT ( $, .RADIAN. ) );
#7364 = FILL_AREA_STYLE_COLOUR ( '', #7211 ) ;
#7365 = ORIENTED_EDGE ( 'NONE', *, *, #4971, .F. ) ;
#7366 = EDGE_CURVE ( 'NONE', #4397, #6606, #6365, .T. ) ;
#7367 = COLOUR_RGB ( '',0.7921568627450980005, 0.8196078431372548767, 0.9333333333333333481 ) ;
#7368 =( NAMED_UNIT ( * ) SI_UNIT ( $, .STERADIAN. ) SOLID_ANGLE_UNIT ( ) );
#7369 = CARTESIAN_POINT ( 'NONE',  ( -0.3749999999999998890, -5.000000000000000000, 3.200000000000001066 ) ) ;
#7370 = UNCERTAINTY_MEASURE_WITH_UNIT (LENGTH_MEASURE( 1.000000000000000082E-05 ), #888, 'distance_accuracy_value', 'NONE');
#7371 = ORIENTED_EDGE ( 'NONE', *, *, #7625, .T. ) ;
#7372 = SURFACE_STYLE_FILL_AREA ( #3450 ) ;
#7373 = CARTESIAN_POINT ( 'NONE',  ( -2.500000000000000444, 3.949000000000001176, 3.252606517456513795E-16 ) ) ;
#7374 = CARTESIAN_POINT ( 'NONE',  ( -4.500000000000000000, 0.4000000000000011324, 2.250000000000000000 ) ) ;
#7375 = CARTESIAN_POINT ( 'NONE',  ( 0.5540446486006960214, 0.2999999999999991562, 4.049999999999999822 ) ) ;
#7376 = ORIENTED_EDGE ( 'NONE', *, *, #4334, .F. ) ;
#7377 = EDGE_LOOP ( 'NONE', ( #7491, #7215, #1224, #7720, #4948, #17, #3556, #4991, #7390, #8034, #6105, #4174, #1974, #2621, #6590, #5527 ) ) ;
#7378 = DIRECTION ( 'NONE',  ( 1.000000000000000000, -0.000000000000000000, -0.000000000000000000 ) ) ;
#7379 = PRESENTATION_STYLE_ASSIGNMENT (( #1644 ) ) ;
#7380 = DIRECTION ( 'NONE',  ( -1.000000000000000000, 0.000000000000000000, 0.000000000000000000 ) ) ;
#7381 = EDGE_LOOP ( 'NONE', ( #790, #3993, #7822, #2922 ) ) ;
#7382 = PRESENTATION_STYLE_ASSIGNMENT (( #2983 ) ) ;
#7383 = VECTOR ( 'NONE', #5970, 1000.000000000000000 ) ;
#7384 = DIRECTION ( 'NONE',  ( -0.9848077530122086864, 0.1736481776669273891, 0.000000000000000000 ) ) ;
#7385 = STYLED_ITEM ( 'NONE', ( #2493 ), #6211 ) ;
#7386 = AXIS2_PLACEMENT_3D ( 'NONE', #4211, #4039, #4862 ) ;
#7387 =( LENGTH_UNIT ( ) NAMED_UNIT ( * ) SI_UNIT ( .MILLI., .METRE. ) );
#7388 = DIRECTION ( 'NONE',  ( -7.760429719096859345E-17, 1.000000000000000000, 0.000000000000000000 ) ) ;
#7389 = EDGE_CURVE ( 'NONE', #93, #7087, #8050, .T. ) ;
#7390 = ORIENTED_EDGE ( 'NONE', *, *, #212, .T. ) ;
#7391 = FACE_OUTER_BOUND ( 'NONE', #578, .T. ) ;
#7392 = LINE ( 'NONE', #7587, #2832 ) ;
#7393 =( GEOMETRIC_REPRESENTATION_CONTEXT ( 3 ) GLOBAL_UNCERTAINTY_ASSIGNED_CONTEXT ( ( #4690 ) ) GLOBAL_UNIT_ASSIGNED_CONTEXT ( ( #6679, #2934, #3519 ) ) REPRESENTATION_CONTEXT ( 'NONE', 'WORKASPACE' ) );
#7394 = EDGE_CURVE ( 'NONE', #4707, #1279, #1020, .T. ) ;
#7395 = ORIENTED_EDGE ( 'NONE', *, *, #3851, .T. ) ;
#7396 = SURFACE_STYLE_FILL_AREA ( #1733 ) ;
#7397 = VERTEX_POINT ( 'NONE', #3442 ) ;
#7398 =( LENGTH_UNIT ( ) NAMED_UNIT ( * ) SI_UNIT ( .MILLI., .METRE. ) );
#7399 =( NAMED_UNIT ( * ) SI_UNIT ( $, .STERADIAN. ) SOLID_ANGLE_UNIT ( ) );
#7400 = VECTOR ( 'NONE', #6245, 1000.000000000000000 ) ;
#7401 = CARTESIAN_POINT ( 'NONE',  ( -0.3749999999999998890, 2.400000000000001243, -2.350000000000000089 ) ) ;
#7402 = PRESENTATION_STYLE_ASSIGNMENT (( #7972 ) ) ;
#7403 = AXIS2_PLACEMENT_3D ( 'NONE', #6196, #494, #6873 ) ;
#7404 = ORIENTED_EDGE ( 'NONE', *, *, #7619, .F. ) ;
#7405 = AXIS2_PLACEMENT_3D ( 'NONE', #250, #1412, #3315 ) ;
#7406 = SURFACE_SIDE_STYLE ('',( #3272 ) ) ;
#7407 = ORIENTED_EDGE ( 'NONE', *, *, #7313, .T. ) ;
#7408 = VECTOR ( 'NONE', #2643, 1000.000000000000000 ) ;
#7409 = DIRECTION ( 'NONE',  ( 0.000000000000000000, 0.9655243037162412056, 0.2603129250215355794 ) ) ;
#7410 = SURFACE_STYLE_FILL_AREA ( #4223 ) ;
#7411 = CARTESIAN_POINT ( 'NONE',  ( 3.000000000000000444, -1.000000000000000000, -2.349999999999999645 ) ) ;
#7412 = DIRECTION ( 'NONE',  ( 1.000000000000000000, 0.000000000000000000, 0.000000000000000000 ) ) ;
#7413 = SURFACE_STYLE_FILL_AREA ( #1565 ) ;
#7414 = SURFACE_STYLE_FILL_AREA ( #1719 ) ;
#7415 = MECHANICAL_DESIGN_GEOMETRIC_PRESENTATION_REPRESENTATION (  '', ( #5706 ), #7831 ) ;
#7416 = CARTESIAN_POINT ( 'NONE',  ( -2.500000000000000444, 3.449000000000001176, 3.252606517456513795E-16 ) ) ;
#7417 = CARTESIAN_POINT ( 'NONE',  ( 2.499999999999999556, 6.963351365237943291, -1.525000000000001910 ) ) ;
#7418 = DIRECTION ( 'NONE',  ( 0.000000000000000000, -1.445602896647339410E-16, -1.000000000000000000 ) ) ;
#7419 = PRESENTATION_STYLE_ASSIGNMENT (( #3324 ) ) ;
#7420 = ORIENTED_EDGE ( 'NONE', *, *, #3079, .F. ) ;
#7421 = EDGE_CURVE ( 'NONE', #1563, #668, #5558, .T. ) ;
#7422 = ORIENTED_EDGE ( 'NONE', *, *, #7995, .T. ) ;
#7423 = CARTESIAN_POINT ( 'NONE',  ( 2.000000000000000444, -1.500000000000002220, -3.499999999999999556 ) ) ;
#7424 =( NAMED_UNIT ( * ) PLANE_ANGLE_UNIT ( ) SI_UNIT ( $, .RADIAN. ) );
#7425 = ORIENTED_EDGE ( 'NONE', *, *, #4762, .F. ) ;
#7426 = ORIENTED_EDGE ( 'NONE', *, *, #6379, .F. ) ;
#7427 = LINE ( 'NONE', #6993, #6748 ) ;
#7428 = LINE ( 'NONE', #2745, #2351 ) ;
#7429 = CARTESIAN_POINT ( 'NONE',  ( 4.277661486216302933, 3.711800628498767907, 0.2500000000000002776 ) ) ;
#7430 = EDGE_LOOP ( 'NONE', ( #302, #4570, #7780, #1088 ) ) ;
#7431 = AXIS2_PLACEMENT_3D ( 'NONE', #4166, #7876, #4743 ) ;
#7432 = PLANE ( 'NONE',  #48 ) ;
#7433 = PRESENTATION_LAYER_ASSIGNMENT (  '', '', ( #8164 ) ) ;
#7434 = LINE ( 'NONE', #6598, #6658 ) ;
#7435 = LINE ( 'NONE', #1247, #489 ) ;
#7436 = ORIENTED_EDGE ( 'NONE', *, *, #3734, .T. ) ;
#7437 = UNCERTAINTY_MEASURE_WITH_UNIT (LENGTH_MEASURE( 1.000000000000000082E-05 ), #7093, 'distance_accuracy_value', 'NONE');
#7438 =( NAMED_UNIT ( * ) PLANE_ANGLE_UNIT ( ) SI_UNIT ( $, .RADIAN. ) );
#7439 = PLANE ( 'NONE',  #1317 ) ;
#7440 = ORIENTED_EDGE ( 'NONE', *, *, #2786, .T. ) ;
#7441 =( LENGTH_UNIT ( ) NAMED_UNIT ( * ) SI_UNIT ( .MILLI., .METRE. ) );
#7442 = ORIENTED_EDGE ( 'NONE', *, *, #2665, .T. ) ;
#7443 = UNCERTAINTY_MEASURE_WITH_UNIT (LENGTH_MEASURE( 1.000000000000000082E-05 ), #6943, 'distance_accuracy_value', 'NONE');
#7444 =( GEOMETRIC_REPRESENTATION_CONTEXT ( 3 ) GLOBAL_UNCERTAINTY_ASSIGNED_CONTEXT ( ( #6093 ) ) GLOBAL_UNIT_ASSIGNED_CONTEXT ( ( #2647, #5169, #2072 ) ) REPRESENTATION_CONTEXT ( 'NONE', 'WORKASPACE' ) );
#7445 = EDGE_CURVE ( 'NONE', #3989, #6534, #7075, .T. ) ;
#7446 =( GEOMETRIC_REPRESENTATION_CONTEXT ( 3 ) GLOBAL_UNCERTAINTY_ASSIGNED_CONTEXT ( ( #5710 ) ) GLOBAL_UNIT_ASSIGNED_CONTEXT ( ( #6718, #4177, #6048 ) ) REPRESENTATION_CONTEXT ( 'NONE', 'WORKASPACE' ) );
#7447 =( NAMED_UNIT ( * ) SI_UNIT ( $, .STERADIAN. ) SOLID_ANGLE_UNIT ( ) );
#7448 = AXIS2_PLACEMENT_3D ( 'NONE', #6850, #7584, #4324 ) ;
#7449 = ORIENTED_EDGE ( 'NONE', *, *, #791, .T. ) ;
#7450 = FILL_AREA_STYLE_COLOUR ( '', #5190 ) ;
#7451 = CARTESIAN_POINT ( 'NONE',  ( -1.999999999999999556, -5.000000000000000000, -3.699999999999999734 ) ) ;
#7452 = FACE_OUTER_BOUND ( 'NONE', #114, .T. ) ;
#7453 = CARTESIAN_POINT ( 'NONE',  ( 4.333030277982388156, 3.581148997423713620, 0.2500000000000003331 ) ) ;
#7454 = DIRECTION ( 'NONE',  ( 0.000000000000000000, 0.000000000000000000, -1.000000000000000000 ) ) ;
#7455 = FACE_OUTER_BOUND ( 'NONE', #881, .T. ) ;
#7456 = EDGE_CURVE ( 'NONE', #928, #5218, #5979, .T. ) ;
#7457 = VERTEX_POINT ( 'NONE', #1017 ) ;
#7458 = CARTESIAN_POINT ( 'NONE',  ( 2.499999999999999556, 5.000000000000000888, 0.000000000000000000 ) ) ;
#7459 = STYLED_ITEM ( 'NONE', ( #3042 ), #1511 ) ;
#7460 = VECTOR ( 'NONE', #3368, 1000.000000000000000 ) ;
#7461 = PLANE ( 'NONE',  #5557 ) ;
#7462 = DIRECTION ( 'NONE',  ( -1.000000000000000000, 0.000000000000000000, -0.000000000000000000 ) ) ;
#7463 = DIRECTION ( 'NONE',  ( -7.760429719096859345E-17, 1.000000000000000000, -0.000000000000000000 ) ) ;
#7464 = UNCERTAINTY_MEASURE_WITH_UNIT (LENGTH_MEASURE( 1.000000000000000082E-05 ), #6129, 'distance_accuracy_value', 'NONE');
#7465 = ORIENTED_EDGE ( 'NONE', *, *, #7730, .F. ) ;
#7466 = LINE ( 'NONE', #5827, #6473 ) ;
#7467 = EDGE_CURVE ( 'NONE', #2543, #7084, #919, .T. ) ;
#7468 = ORIENTED_EDGE ( 'NONE', *, *, #7761, .F. ) ;
#7469 =( NAMED_UNIT ( * ) SI_UNIT ( $, .STERADIAN. ) SOLID_ANGLE_UNIT ( ) );
#7470 = EDGE_LOOP ( 'NONE', ( #3524, #6772, #3032, #5987 ) ) ;
#7471 =( NAMED_UNIT ( * ) PLANE_ANGLE_UNIT ( ) SI_UNIT ( $, .RADIAN. ) );
#7472 = CARTESIAN_POINT ( 'NONE',  ( -0.5540446486006944671, 0.2999999999999991562, 3.609016994374945053 ) ) ;
#7473 =( NAMED_UNIT ( * ) SI_UNIT ( $, .STERADIAN. ) SOLID_ANGLE_UNIT ( ) );
#7474 = CIRCLE ( 'NONE', #4373, 1.850000000000000311 ) ;
#7475 = FACE_OUTER_BOUND ( 'NONE', #7953, .T. ) ;
#7476 = EDGE_LOOP ( 'NONE', ( #2217, #1720, #3763, #6649 ) ) ;
#7477 = CIRCLE ( 'NONE', #4848, 1.893301270189222230 ) ;
#7478 =( NAMED_UNIT ( * ) SI_UNIT ( $, .STERADIAN. ) SOLID_ANGLE_UNIT ( ) );
#7479 = SURFACE_STYLE_FILL_AREA ( #475 ) ;
#7480 =( LENGTH_UNIT ( ) NAMED_UNIT ( * ) SI_UNIT ( .MILLI., .METRE. ) );
#7481 = CARTESIAN_POINT ( 'NONE',  ( 4.999999999999998224, 0.4499999999999992339, 3.799999999999999378 ) ) ;
#7482 = FILL_AREA_STYLE ('',( #3644 ) ) ;
#7483 = MECHANICAL_DESIGN_GEOMETRIC_PRESENTATION_REPRESENTATION (  '', ( #4512 ), #7905 ) ;
#7484 = DIRECTION ( 'NONE',  ( 0.000000000000000000, 1.000000000000000000, -1.548860246407863583E-16 ) ) ;
#7485 =( GEOMETRIC_REPRESENTATION_CONTEXT ( 3 ) GLOBAL_UNCERTAINTY_ASSIGNED_CONTEXT ( ( #2867 ) ) GLOBAL_UNIT_ASSIGNED_CONTEXT ( ( #1577, #6594, #3491 ) ) REPRESENTATION_CONTEXT ( 'NONE', 'WORKASPACE' ) );
#7486 = DIRECTION ( 'NONE',  ( 1.000000000000000000, 0.000000000000000000, 0.000000000000000000 ) ) ;
#7487 = VERTEX_POINT ( 'NONE', #995 ) ;
#7488 = STYLED_ITEM ( 'NONE', ( #2869 ), #7936 ) ;
#7489 = LINE ( 'NONE', #4148, #5588 ) ;
#7490 = CARTESIAN_POINT ( 'NONE',  ( 2.250000000000000888, -2.999999999999998668, -3.499999999999999112 ) ) ;
#7491 = ORIENTED_EDGE ( 'NONE', *, *, #923, .T. ) ;
#7492 = STYLED_ITEM ( 'NONE', ( #7419 ), #5767 ) ;
#7493 =( NAMED_UNIT ( * ) SI_UNIT ( $, .STERADIAN. ) SOLID_ANGLE_UNIT ( ) );
#7494 = FILL_AREA_STYLE_COLOUR ( '', #6181 ) ;
#7495 = DIRECTION ( 'NONE',  ( 0.000000000000000000, 0.000000000000000000, -1.000000000000000000 ) ) ;
#7496 = ORIENTED_EDGE ( 'NONE', *, *, #2616, .T. ) ;
#7497 = DIRECTION ( 'NONE',  ( 0.000000000000000000, -1.000000000000000000, 1.548860246407863583E-16 ) ) ;
#7498 = ORIENTED_EDGE ( 'NONE', *, *, #6293, .F. ) ;
#7499 = VECTOR ( 'NONE', #2357, 1000.000000000000000 ) ;
#7500 = AXIS2_PLACEMENT_3D ( 'NONE', #2249, #4214, #1108 ) ;
#7501 =( GEOMETRIC_REPRESENTATION_CONTEXT ( 3 ) GLOBAL_UNCERTAINTY_ASSIGNED_CONTEXT ( ( #4418 ) ) GLOBAL_UNIT_ASSIGNED_CONTEXT ( ( #5683, #5655, #8146 ) ) REPRESENTATION_CONTEXT ( 'NONE', 'WORKASPACE' ) );
#7502 = ORIENTED_EDGE ( 'NONE', *, *, #5938, .T. ) ;
#7503 = CARTESIAN_POINT ( 'NONE',  ( -1.099999999999999867, -1.200000000000000400, 2.350000000000000089 ) ) ;
#7504 = CARTESIAN_POINT ( 'NONE',  ( -5.146815143055379238, -5.000000000000000000, 2.050000000000000266 ) ) ;
#7505 = EDGE_CURVE ( 'NONE', #5942, #890, #1113, .T. ) ;
#7506 = DIRECTION ( 'NONE',  ( -1.000000000000000000, 0.000000000000000000, 0.000000000000000000 ) ) ;
#7507 = ORIENTED_EDGE ( 'NONE', *, *, #2665, .F. ) ;
#7508 = MECHANICAL_DESIGN_GEOMETRIC_PRESENTATION_REPRESENTATION (  '', ( #3663 ), #7393 ) ;
#7509 = STYLED_ITEM ( 'NONE', ( #4649 ), #237 ) ;
#7510 = VECTOR ( 'NONE', #3561, 1000.000000000000000 ) ;
#7511 = ORIENTED_EDGE ( 'NONE', *, *, #4012, .F. ) ;
#7512 = VECTOR ( 'NONE', #4472, 1000.000000000000000 ) ;
#7513 = PLANE ( 'NONE',  #5674 ) ;
#7514 = SURFACE_STYLE_USAGE ( .BOTH. , #1155 ) ;
#7515 = FILL_AREA_STYLE_COLOUR ( '', #3103 ) ;
#7516 = PLANE ( 'NONE',  #3017 ) ;
#7517 = COLOUR_RGB ( '',0.5019607843137254832, 1.000000000000000000, 0.5019607843137254832 ) ;
#7519 = EDGE_CURVE ( 'NONE', #8128, #2397, #4187, .T. ) ;
#7518 =( LENGTH_UNIT ( ) NAMED_UNIT ( * ) SI_UNIT ( .MILLI., .METRE. ) );
#7520 = VECTOR ( 'NONE', #1783, 1000.000000000000000 ) ;
#7521 = MECHANICAL_DESIGN_GEOMETRIC_PRESENTATION_REPRESENTATION (  '', ( #6340 ), #5225 ) ;
#7522 = CARTESIAN_POINT ( 'NONE',  ( 1.100000000000000533, -3.199999999999999734, 2.350000000000000089 ) ) ;
#7523 = PRESENTATION_STYLE_ASSIGNMENT (( #8047 ) ) ;
#7524 = CARTESIAN_POINT ( 'NONE',  ( 0.5999999999999994227, 5.000000000000000888, 0.000000000000000000 ) ) ;
#7525 = FACE_OUTER_BOUND ( 'NONE', #7602, .T. ) ;
#7526 = COLOUR_RGB ( '',1.000000000000000000, 1.000000000000000000, 0.7529411764705882248 ) ;
#7527 =( NAMED_UNIT ( * ) SI_UNIT ( $, .STERADIAN. ) SOLID_ANGLE_UNIT ( ) );
#7528 = VERTEX_POINT ( 'NONE', #8078 ) ;
#7529 = DIRECTION ( 'NONE',  ( 0.000000000000000000, 0.000000000000000000, -1.000000000000000000 ) ) ;
#7530 = COLOUR_RGB ( '',0.5019607843137254832, 1.000000000000000000, 0.5019607843137254832 ) ;
#7531 = CARTESIAN_POINT ( 'NONE',  ( 0.3749999999999998890, 8.736600034718932761, -2.350000000000000089 ) ) ;
#7532 = VECTOR ( 'NONE', #3195, 1000.000000000000000 ) ;
#7533 = FILL_AREA_STYLE_COLOUR ( '', #4572 ) ;
#7534 = ORIENTED_EDGE ( 'NONE', *, *, #6183, .F. ) ;
#7535 = FACE_OUTER_BOUND ( 'NONE', #1674, .T. ) ;
#7536 = FACE_OUTER_BOUND ( 'NONE', #8236, .T. ) ;
#7537 = ORIENTED_EDGE ( 'NONE', *, *, #5058, .F. ) ;
#7538 = CARTESIAN_POINT ( 'NONE',  ( 2.000000000000000444, -1.099999999999998979, -2.250000000000000000 ) ) ;
#7539 = PLANE ( 'NONE',  #6926 ) ;
#7540 =( NAMED_UNIT ( * ) SI_UNIT ( $, .STERADIAN. ) SOLID_ANGLE_UNIT ( ) );
#7541 = CARTESIAN_POINT ( 'NONE',  ( -4.333030277982336642, 3.449000000000001176, 0.2499999999999995282 ) ) ;
#7542 =( GEOMETRIC_REPRESENTATION_CONTEXT ( 3 ) GLOBAL_UNCERTAINTY_ASSIGNED_CONTEXT ( ( #453 ) ) GLOBAL_UNIT_ASSIGNED_CONTEXT ( ( #5978, #2123, #2092 ) ) REPRESENTATION_CONTEXT ( 'NONE', 'WORKASPACE' ) );
#7543 = CARTESIAN_POINT ( 'NONE',  ( -1.999999999999999556, -1.599999999999998979, -2.250000000000000000 ) ) ;
#7544 = MECHANICAL_DESIGN_GEOMETRIC_PRESENTATION_REPRESENTATION (  '', ( #425 ), #5962 ) ;
#7545 = CARTESIAN_POINT ( 'NONE',  ( -2.999999999999999556, -4.900000000000003020, 0.2499999999999999445 ) ) ;
#7546 = DIRECTION ( 'NONE',  ( 0.000000000000000000, -2.551063935260019366E-16, -1.000000000000000000 ) ) ;
#7547 = EDGE_LOOP ( 'NONE', ( #716, #2868, #7097, #3865 ) ) ;
#7548 = CARTESIAN_POINT ( 'NONE',  ( 2.000000000000000444, -2.999999999999998668, -4.049999999999999822 ) ) ;
#7549 = ORIENTED_EDGE ( 'NONE', *, *, #6663, .F. ) ;
#7550 =( GEOMETRIC_REPRESENTATION_CONTEXT ( 3 ) GLOBAL_UNCERTAINTY_ASSIGNED_CONTEXT ( ( #2567 ) ) GLOBAL_UNIT_ASSIGNED_CONTEXT ( ( #3742, #8186, #5686 ) ) REPRESENTATION_CONTEXT ( 'NONE', 'WORKASPACE' ) );
#7551 = DIRECTION ( 'NONE',  ( -7.760429719096859345E-17, 1.000000000000000000, -0.000000000000000000 ) ) ;
#7552 = UNCERTAINTY_MEASURE_WITH_UNIT (LENGTH_MEASURE( 1.000000000000000082E-05 ), #1208, 'distance_accuracy_value', 'NONE');
#7553 = EDGE_CURVE ( 'NONE', #4286, #4200, #5666, .T. ) ;
#7554 = CARTESIAN_POINT ( 'NONE',  ( -2.999999999999999556, -1.000000000000000000, -2.349999999999999645 ) ) ;
#7555 = CARTESIAN_POINT ( 'NONE',  ( 3.958520118258241904, 3.949000000000005617, -0.2499999999999997224 ) ) ;
#7556 = ORIENTED_EDGE ( 'NONE', *, *, #1098, .F. ) ;
#7557 = LINE ( 'NONE', #4915, #4589 ) ;
#7558 = MECHANICAL_DESIGN_GEOMETRIC_PRESENTATION_REPRESENTATION (  '', ( #6727 ), #5532 ) ;
#7559 = SURFACE_SIDE_STYLE ('',( #5384 ) ) ;
#7560 = DIRECTION ( 'NONE',  ( 0.000000000000000000, 0.000000000000000000, 1.000000000000000000 ) ) ;
#7561 = CARTESIAN_POINT ( 'NONE',  ( -4.025000000000001243, 2.651000000000001133, 1.869031971596363542E-16 ) ) ;
#7562 = ORIENTED_EDGE ( 'NONE', *, *, #1798, .T. ) ;
#7563 = PRESENTATION_STYLE_ASSIGNMENT (( #7162 ) ) ;
#7564 = VECTOR ( 'NONE', #6521, 1000.000000000000114 ) ;
#7565 = DIRECTION ( 'NONE',  ( -0.000000000000000000, -0.9396926207859107594, -0.3420201433256621071 ) ) ;
#7566 = CARTESIAN_POINT ( 'NONE',  ( -2.500000000000000444, 2.651000000000001133, 3.252606517456513795E-16 ) ) ;
#7567 = UNCERTAINTY_MEASURE_WITH_UNIT (LENGTH_MEASURE( 1.000000000000000082E-05 ), #542, 'distance_accuracy_value', 'NONE');
#7568 = EDGE_CURVE ( 'NONE', #4266, #2886, #5366, .T. ) ;
#7569 = DIRECTION ( 'NONE',  ( 1.000000000000000000, 0.000000000000000000, 0.000000000000000000 ) ) ;
#7570 = ORIENTED_EDGE ( 'NONE', *, *, #2219, .T. ) ;
#7571 = SURFACE_STYLE_USAGE ( .BOTH. , #1847 ) ;
#7572 = PLANE ( 'NONE',  #6538 ) ;
#7573 = DIRECTION ( 'NONE',  ( -1.712902083591268077E-15, 0.000000000000000000, 1.000000000000000000 ) ) ;
#7574 = VERTEX_POINT ( 'NONE', #8107 ) ;
#7575 = CIRCLE ( 'NONE', #4406, 1.198999999999999622 ) ;
#7576 = CARTESIAN_POINT ( 'NONE',  ( -2.999999999999999556, -1.099999999999999201, -3.099999999999996980 ) ) ;
#7577 = FACE_OUTER_BOUND ( 'NONE', #7944, .T. ) ;
#7578 = EDGE_CURVE ( 'NONE', #1138, #4069, #1973, .T. ) ;
#7579 = DIRECTION ( 'NONE',  ( -0.000000000000000000, -1.000000000000000000, -0.000000000000000000 ) ) ;
#7580 = SURFACE_STYLE_USAGE ( .BOTH. , #641 ) ;
#7581 = ORIENTED_EDGE ( 'NONE', *, *, #2288, .F. ) ;
#7582 = LINE ( 'NONE', #6551, #5900 ) ;
#7583 = CARTESIAN_POINT ( 'NONE',  ( 4.333030277982335754, 3.049000000000001265, -0.2499999999999996669 ) ) ;
#7584 = DIRECTION ( 'NONE',  ( -7.760429719096859345E-17, 1.000000000000000000, -0.000000000000000000 ) ) ;
#7585 = ORIENTED_EDGE ( 'NONE', *, *, #819, .F. ) ;
#7586 = LINE ( 'NONE', #4288, #5906 ) ;
#7587 = CARTESIAN_POINT ( 'NONE',  ( 0.5000000000000004441, -4.299999999999999822, -2.250000000000000444 ) ) ;
#7588 = CYLINDRICAL_SURFACE ( 'NONE', #8184, 1.574999999999999956 ) ;
#7589 = CARTESIAN_POINT ( 'NONE',  ( -0.9250000000000000444, 2.400000000000001243, 1.928818708657081837E-16 ) ) ;
#7590 = LINE ( 'NONE', #1164, #2628 ) ;
#7591 = FILL_AREA_STYLE ('',( #2582 ) ) ;
#7592 = ORIENTED_EDGE ( 'NONE', *, *, #6059, .T. ) ;
#7593 = CARTESIAN_POINT ( 'NONE',  ( -1.999999999999999556, -2.999999999999998668, -3.499999999999999112 ) ) ;
#7594 = EDGE_CURVE ( 'NONE', #4935, #2345, #1018, .T. ) ;
#7595 = LINE ( 'NONE', #1609, #6812 ) ;
#7596 = AXIS2_PLACEMENT_3D ( 'NONE', #6923, #3180, #3768 ) ;
#7597 = DIRECTION ( 'NONE',  ( 0.000000000000000000, -0.000000000000000000, 1.000000000000000000 ) ) ;
#7598 = DIRECTION ( 'NONE',  ( -7.760429719096859345E-17, 1.000000000000000000, 0.000000000000000000 ) ) ;
#7599 = ADVANCED_FACE ( 'NONE', ( #7455 ), #4933, .F. ) ;
#7600 = ORIENTED_EDGE ( 'NONE', *, *, #6026, .F. ) ;
#7601 = SURFACE_STYLE_USAGE ( .BOTH. , #2629 ) ;
#7602 = EDGE_LOOP ( 'NONE', ( #143, #4119, #4979, #7537 ) ) ;
#7603 = AXIS2_PLACEMENT_3D ( 'NONE', #4326, #2993, #3697 ) ;
#7604 = STYLED_ITEM ( 'NONE', ( #3095 ), #4117 ) ;
#7605 = FACE_BOUND ( 'NONE', #6913, .T. ) ;
#7606 = EDGE_CURVE ( 'NONE', #2169, #7457, #4889, .T. ) ;
#7607 = PRESENTATION_STYLE_ASSIGNMENT (( #1649 ) ) ;
#7608 = AXIS2_PLACEMENT_3D ( 'NONE', #7373, #5472, #1051 ) ;
#7609 = STYLED_ITEM ( 'NONE', ( #325 ), #5510 ) ;
#7610 = PRESENTATION_STYLE_ASSIGNMENT (( #6875 ) ) ;
#7611 = SURFACE_SIDE_STYLE ('',( #6483 ) ) ;
#7612 = FACE_OUTER_BOUND ( 'NONE', #7915, .T. ) ;
#7613 = CARTESIAN_POINT ( 'NONE',  ( -0.9250000000000007105, 2.650000000000000799, 1.928818708657081098E-16 ) ) ;
#7614 = PLANE ( 'NONE',  #3830 ) ;
#7615 = ORIENTED_EDGE ( 'NONE', *, *, #4232, .T. ) ;
#7617 = EDGE_CURVE ( 'NONE', #668, #4136, #6773, .T. ) ;
#7616 = UNCERTAINTY_MEASURE_WITH_UNIT (LENGTH_MEASURE( 1.000000000000000082E-05 ), #3665, 'distance_accuracy_value', 'NONE');
#7618 = COLOUR_RGB ( '',1.000000000000000000, 1.000000000000000000, 0.7529411764705882248 ) ;
#7619 = EDGE_CURVE ( 'NONE', #7084, #1366, #1683, .T. ) ;
#7620 = SURFACE_STYLE_USAGE ( .BOTH. , #1199 ) ;
#7621 = ORIENTED_EDGE ( 'NONE', *, *, #2736, .T. ) ;
#7622 = SURFACE_STYLE_USAGE ( .BOTH. , #6998 ) ;
#7623 = SURFACE_SIDE_STYLE ('',( #998 ) ) ;
#7624 = ORIENTED_EDGE ( 'NONE', *, *, #3142, .F. ) ;
#7625 = EDGE_CURVE ( 'NONE', #5700, #3196, #4179, .T. ) ;
#7626 = CARTESIAN_POINT ( 'NONE',  ( 2.000000000000000444, -1.699999999999999067, -2.899999999999999911 ) ) ;
#7627 = ORIENTED_EDGE ( 'NONE', *, *, #3388, .F. ) ;
#7628 = VECTOR ( 'NONE', #7164, 1000.000000000000000 ) ;
#7629 = VERTEX_POINT ( 'NONE', #4479 ) ;
#7630 = SURFACE_SIDE_STYLE ('',( #4919 ) ) ;
#7631 = ORIENTED_EDGE ( 'NONE', *, *, #3788, .T. ) ;
#7632 = SURFACE_STYLE_FILL_AREA ( #3542 ) ;
#7633 = ORIENTED_EDGE ( 'NONE', *, *, #5362, .F. ) ;
#7634 = DIRECTION ( 'NONE',  ( -0.000000000000000000, -0.000000000000000000, 1.000000000000000000 ) ) ;
#7635 = ADVANCED_FACE ( 'NONE', ( #2274 ), #4382, .T. ) ;
#7636 = MECHANICAL_DESIGN_GEOMETRIC_PRESENTATION_REPRESENTATION (  '', ( #565 ), #4246 ) ;
#7637 = EDGE_LOOP ( 'NONE', ( #2732, #1699, #2550, #5359 ) ) ;
#7638 = DIRECTION ( 'NONE',  ( -0.000000000000000000, 1.000000000000000000, -0.000000000000000000 ) ) ;
#7639 = EDGE_LOOP ( 'NONE', ( #7395, #7106, #2758, #3398 ) ) ;
#7640 = DIRECTION ( 'NONE',  ( 0.000000000000000000, 0.000000000000000000, 1.000000000000000000 ) ) ;
#7641 =( GEOMETRIC_REPRESENTATION_CONTEXT ( 3 ) GLOBAL_UNCERTAINTY_ASSIGNED_CONTEXT ( ( #5329 ) ) GLOBAL_UNIT_ASSIGNED_CONTEXT ( ( #1934, #2600, #2570 ) ) REPRESENTATION_CONTEXT ( 'NONE', 'WORKASPACE' ) );
#7642 = DIRECTION ( 'NONE',  ( 1.000000000000000000, 0.000000000000000000, 0.000000000000000000 ) ) ;
#7643 = CARTESIAN_POINT ( 'NONE',  ( 2.000000000000000444, -4.900000000000003020, 0.2499999999999999445 ) ) ;
#7644 =( GEOMETRIC_REPRESENTATION_CONTEXT ( 3 ) GLOBAL_UNCERTAINTY_ASSIGNED_CONTEXT ( ( #4522 ) ) GLOBAL_UNIT_ASSIGNED_CONTEXT ( ( #5462, #7438, #2323 ) ) REPRESENTATION_CONTEXT ( 'NONE', 'WORKASPACE' ) );
#7645 = DIRECTION ( 'NONE',  ( 0.000000000000000000, -0.000000000000000000, 1.000000000000000000 ) ) ;
#7646 = ORIENTED_EDGE ( 'NONE', *, *, #3021, .T. ) ;
#7647 = PRESENTATION_LAYER_ASSIGNMENT (  '', '', ( #1534 ) ) ;
#7648 = FILL_AREA_STYLE_COLOUR ( '', #669 ) ;
#7649 = PRESENTATION_LAYER_ASSIGNMENT (  '', '', ( #5361 ) ) ;
#7650 =( LENGTH_UNIT ( ) NAMED_UNIT ( * ) SI_UNIT ( .MILLI., .METRE. ) );
#7651 = UNCERTAINTY_MEASURE_WITH_UNIT (LENGTH_MEASURE( 1.000000000000000082E-05 ), #3117, 'distance_accuracy_value', 'NONE');
#7652 = CYLINDRICAL_SURFACE ( 'NONE', #4788, 0.4000000000000001887 ) ;
#7653 =( NAMED_UNIT ( * ) SI_UNIT ( $, .STERADIAN. ) SOLID_ANGLE_UNIT ( ) );
#7654 = EDGE_CURVE ( 'NONE', #4763, #7343, #1290, .T. ) ;
#7655 = CARTESIAN_POINT ( 'NONE',  ( -1.099999999999999867, -1.200000000000000178, 4.049999999999999822 ) ) ;
#7656 = FILL_AREA_STYLE ('',( #2660 ) ) ;
#7657 =( GEOMETRIC_REPRESENTATION_CONTEXT ( 3 ) GLOBAL_UNCERTAINTY_ASSIGNED_CONTEXT ( ( #4764 ) ) GLOBAL_UNIT_ASSIGNED_CONTEXT ( ( #1514, #1546, #5998 ) ) REPRESENTATION_CONTEXT ( 'NONE', 'WORKASPACE' ) );
#7658 = EDGE_LOOP ( 'NONE', ( #3062, #4561, #7585, #7404 ) ) ;
#7659 = FILL_AREA_STYLE_COLOUR ( '', #3416 ) ;
#7660 = FILL_AREA_STYLE ('',( #3238 ) ) ;
#7661 = CIRCLE ( 'NONE', #1937, 1.899999999999999689 ) ;
#7662 = CARTESIAN_POINT ( 'NONE',  ( -4.500000000000000000, -4.299999999999999822, -2.250000000000000444 ) ) ;
#7663 = FILL_AREA_STYLE ('',( #5817 ) ) ;
#7664 = B_SPLINE_CURVE_WITH_KNOTS ( 'NONE', 3,
 ( #7266, #7297, #5365, #6023, #2191, #5554 ),
 .UNSPECIFIED., .F., .F.,
 ( 4, 2, 4 ),
 ( 0.002741754766499613239, 0.003134983317741712322, 0.003528211868983811405 ),
 .UNSPECIFIED. ) ;
#7665 = ORIENTED_EDGE ( 'NONE', *, *, #7421, .F. ) ;
#7666 = VERTEX_POINT ( 'NONE', #1301 ) ;
#7667 = ORIENTED_EDGE ( 'NONE', *, *, #5034, .T. ) ;
#7668 = MECHANICAL_DESIGN_GEOMETRIC_PRESENTATION_REPRESENTATION (  '', ( #8094 ), #1280 ) ;
#7669 = CARTESIAN_POINT ( 'NONE',  ( 2.000000000000000444, -4.900000000000003020, 0.2499999999999999445 ) ) ;
#7670 = CYLINDRICAL_SURFACE ( 'NONE', #2685, 0.1000000000000002554 ) ;
#7671 = CYLINDRICAL_SURFACE ( 'NONE', #6595, 0.4000000000000000777 ) ;
#7672 = DIRECTION ( 'NONE',  ( 1.000000000000000000, 0.000000000000000000, 0.000000000000000000 ) ) ;
#7673 = UNCERTAINTY_MEASURE_WITH_UNIT (LENGTH_MEASURE( 1.000000000000000082E-05 ), #2683, 'distance_accuracy_value', 'NONE');
#7674 = CARTESIAN_POINT ( 'NONE',  ( -2.999999999999999556, -4.399999999999999467, -3.000000000000000000 ) ) ;
#7675 = SURFACE_STYLE_USAGE ( .BOTH. , #5121 ) ;
#7676 = COLOUR_RGB ( '',0.7921568627450980005, 0.8196078431372548767, 0.9333333333333333481 ) ;
#7677 = CARTESIAN_POINT ( 'NONE',  ( 0.6669697220176635799, 3.449000000000001176, 0.2499999999999995282 ) ) ;
#7678 = ORIENTED_EDGE ( 'NONE', *, *, #6484, .T. ) ;
#7679 = VECTOR ( 'NONE', #1958, 1000.000000000000000 ) ;
#7680 = PLANE ( 'NONE',  #7315 ) ;
#7681 = FACE_OUTER_BOUND ( 'NONE', #6475, .T. ) ;
#7682 = DIRECTION ( 'NONE',  ( 0.000000000000000000, 1.000000000000000000, -9.227252531791525393E-17 ) ) ;
#7683 = ADVANCED_FACE ( 'NONE', ( #6970 ), #111, .F. ) ;
#7684 = SURFACE_STYLE_USAGE ( .BOTH. , #6435 ) ;
#7685 = CARTESIAN_POINT ( 'NONE',  ( 2.499999999999999556, 6.043112549695427660, 1.199999999999999067 ) ) ;
#7686 = EDGE_LOOP ( 'NONE', ( #540, #5634, #3086, #737 ) ) ;
#7687 = CARTESIAN_POINT ( 'NONE',  ( -4.333030277982383716, 3.580182900169992966, 0.2500000000000003331 ) ) ;
#7688 = DIRECTION ( 'NONE',  ( -0.000000000000000000, 1.000000000000000000, 1.084202172485504434E-16 ) ) ;
#7689 = CARTESIAN_POINT ( 'NONE',  ( 2.499999999999999556, 4.975000000000002309, 0.000000000000000000 ) ) ;
#7690 = DIRECTION ( 'NONE',  ( -1.000000000000000000, -0.000000000000000000, -0.000000000000000000 ) ) ;
#7691 = VERTEX_POINT ( 'NONE', #18 ) ;
#7692 = SURFACE_STYLE_USAGE ( .BOTH. , #4984 ) ;
#7693 = EDGE_LOOP ( 'NONE', ( #957, #3910 ) ) ;
#7694 = CARTESIAN_POINT ( 'NONE',  ( -4.345356452826779403, 0.02360679774998143340, 3.161803398874988513 ) ) ;
#7695 = PLANE ( 'NONE',  #2905 ) ;
#7696 = ORIENTED_EDGE ( 'NONE', *, *, #7389, .T. ) ;
#7697 = SURFACE_SIDE_STYLE ('',( #6900 ) ) ;
#7698 = STYLED_ITEM ( 'NONE', ( #931 ), #6300 ) ;
#7699 = STYLED_ITEM ( 'NONE', ( #4348 ), #3421 ) ;
#7700 = EDGE_LOOP ( 'NONE', ( #3016, #5106, #3884, #5407, #6788, #5597, #5027, #1420 ) ) ;
#7701 = CARTESIAN_POINT ( 'NONE',  ( -4.083010014961065082, -3.552075472056007932, 3.052815883639572458 ) ) ;
#7702 =( GEOMETRIC_REPRESENTATION_CONTEXT ( 3 ) GLOBAL_UNCERTAINTY_ASSIGNED_CONTEXT ( ( #347 ) ) GLOBAL_UNIT_ASSIGNED_CONTEXT ( ( #2722, #170, #5247 ) ) REPRESENTATION_CONTEXT ( 'NONE', 'WORKASPACE' ) );
#7703 = DIRECTION ( 'NONE',  ( -1.224646799147353207E-16, -9.503785415499962024E-33, 1.000000000000000000 ) ) ;
#7704 = LINE ( 'NONE', #6826, #6031 ) ;
#7705 =( NAMED_UNIT ( * ) SI_UNIT ( $, .STERADIAN. ) SOLID_ANGLE_UNIT ( ) );
#7706 = PRODUCT ( '1729018', '1729018', '', ( #2834 ) ) ;
#7707 = PLANE ( 'NONE',  #4540 ) ;
#7708 = SURFACE_SIDE_STYLE ('',( #222 ) ) ;
#7709 =( NAMED_UNIT ( * ) SI_UNIT ( $, .STERADIAN. ) SOLID_ANGLE_UNIT ( ) );
#7710 = ORIENTED_EDGE ( 'NONE', *, *, #5436, .F. ) ;
#7711 = STYLED_ITEM ( 'NONE', ( #976 ), #876 ) ;
#7712 = CARTESIAN_POINT ( 'NONE',  ( -5.146815143055379238, -1.000000000000000000, 2.050000000000000266 ) ) ;
#7713 = UNCERTAINTY_MEASURE_WITH_UNIT (LENGTH_MEASURE( 1.000000000000000082E-05 ), #7973, 'distance_accuracy_value', 'NONE');
#7714 = DIRECTION ( 'NONE',  ( -1.000000000000000000, -7.760429719096859345E-17, 0.000000000000000000 ) ) ;
#7715 = ADVANCED_FACE ( 'NONE', ( #8043 ), #2572, .T. ) ;
#7716 = LINE ( 'NONE', #3031, #4559 ) ;
#7717 = FACE_OUTER_BOUND ( 'NONE', #4534, .T. ) ;
#7718 = DIRECTION ( 'NONE',  ( -1.000000000000000000, 0.000000000000000000, 0.000000000000000000 ) ) ;
#7719 = DIRECTION ( 'NONE',  ( 0.000000000000000000, -0.9863939238321436376, -0.1643989873053577078 ) ) ;
#7720 = ORIENTED_EDGE ( 'NONE', *, *, #1821, .T. ) ;
#7721 = SURFACE_STYLE_USAGE ( .BOTH. , #7697 ) ;
#7722 = CARTESIAN_POINT ( 'NONE',  ( -5.146815143055379238, -5.000000000000000000, 3.049999999999999822 ) ) ;
#7723 = EDGE_CURVE ( 'NONE', #4986, #3496, #5258, .T. ) ;
#7724 =( GEOMETRIC_REPRESENTATION_CONTEXT ( 3 ) GLOBAL_UNCERTAINTY_ASSIGNED_CONTEXT ( ( #532 ) ) GLOBAL_UNIT_ASSIGNED_CONTEXT ( ( #8010, #422, #3630 ) ) REPRESENTATION_CONTEXT ( 'NONE', 'WORKASPACE' ) );
#7725 = FILL_AREA_STYLE ('',( #2728 ) ) ;
#7726 = LINE ( 'NONE', #6682, #2663 ) ;
#7727 = LINE ( 'NONE', #1359, #387 ) ;
#7728 = VERTEX_POINT ( 'NONE', #1767 ) ;
#7729 =( NAMED_UNIT ( * ) PLANE_ANGLE_UNIT ( ) SI_UNIT ( $, .RADIAN. ) );
#7730 = EDGE_CURVE ( 'NONE', #4310, #3883, #7065, .T. ) ;
#7731 = FILL_AREA_STYLE ('',( #7058 ) ) ;
#7732 =( NAMED_UNIT ( * ) SI_UNIT ( $, .STERADIAN. ) SOLID_ANGLE_UNIT ( ) );
#7733 = LINE ( 'NONE', #1768, #8129 ) ;
#7734 = DIRECTION ( 'NONE',  ( -7.760429719096859345E-17, 1.000000000000000000, -0.000000000000000000 ) ) ;
#7735 = SURFACE_STYLE_USAGE ( .BOTH. , #5215 ) ;
#7736 = DIRECTION ( 'NONE',  ( 7.760429719096859345E-17, -1.000000000000000000, -0.000000000000000000 ) ) ;
#7737 = ORIENTED_EDGE ( 'NONE', *, *, #1654, .F. ) ;
#7738 = CARTESIAN_POINT ( 'NONE',  ( 2.000000000000000444, -5.000000000000000000, -3.099999999999996980 ) ) ;
#7739 = EDGE_LOOP ( 'NONE', ( #4461, #4916, #6610, #551 ) ) ;
#7740 = CARTESIAN_POINT ( 'NONE',  ( 4.349999999999999645, 3.949000000000001176, 3.252606517456513795E-16 ) ) ;
#7741 = FACE_OUTER_BOUND ( 'NONE', #950, .T. ) ;
#7742 = MECHANICAL_DESIGN_GEOMETRIC_PRESENTATION_REPRESENTATION (  '', ( #8163 ), #3165 ) ;
#7743 = MECHANICAL_DESIGN_GEOMETRIC_PRESENTATION_REPRESENTATION (  '', ( #4895 ), #5301 ) ;
#7744 = FILL_AREA_STYLE_COLOUR ( '', #5714 ) ;
#7745 = CARTESIAN_POINT ( 'NONE',  ( -1.999999999999999556, 0.000000000000000000, 0.000000000000000000 ) ) ;
#7746 = MECHANICAL_DESIGN_GEOMETRIC_PRESENTATION_REPRESENTATION (  '', ( #2094 ), #368 ) ;
#7747 = PLANE ( 'NONE',  #4038 ) ;
#7748 = EDGE_CURVE ( 'NONE', #2503, #5887, #3266, .T. ) ;
#7749 = SURFACE_STYLE_FILL_AREA ( #7663 ) ;
#7750 = VERTEX_POINT ( 'NONE', #703 ) ;
#7751 =( GEOMETRIC_REPRESENTATION_CONTEXT ( 3 ) GLOBAL_UNCERTAINTY_ASSIGNED_CONTEXT ( ( #5373 ) ) GLOBAL_UNIT_ASSIGNED_CONTEXT ( ( #1040, #7098, #5162 ) ) REPRESENTATION_CONTEXT ( 'NONE', 'WORKASPACE' ) );
#7752 = FACE_OUTER_BOUND ( 'NONE', #1390, .T. ) ;
#7753 = PLANE ( 'NONE',  #7239 ) ;
#7754 = CARTESIAN_POINT ( 'NONE',  ( 2.499999999999999556, 2.650000000000000799, 0.000000000000000000 ) ) ;
#7755 =( GEOMETRIC_REPRESENTATION_CONTEXT ( 3 ) GLOBAL_UNCERTAINTY_ASSIGNED_CONTEXT ( ( #8073 ) ) GLOBAL_UNIT_ASSIGNED_CONTEXT ( ( #6254, #1133, #4296 ) ) REPRESENTATION_CONTEXT ( 'NONE', 'WORKASPACE' ) );
#7756 = DIRECTION ( 'NONE',  ( 1.000000000000000000, 0.000000000000000000, 0.000000000000000000 ) ) ;
#7757 = STYLED_ITEM ( 'NONE', ( #8181 ), #4063 ) ;
#7758 = FILL_AREA_STYLE_COLOUR ( '', #4194 ) ;
#7759 = ADVANCED_FACE ( 'NONE', ( #7741 ), #4622, .F. ) ;
#7760 = ORIENTED_EDGE ( 'NONE', *, *, #4701, .F. ) ;
#7761 = EDGE_CURVE ( 'NONE', #6233, #254, #4175, .T. ) ;
#7762 = DIRECTION ( 'NONE',  ( -7.760429719096859345E-17, 1.000000000000000000, 0.000000000000000000 ) ) ;
#7763 = CARTESIAN_POINT ( 'NONE',  ( 2.499999999999999556, 2.649000000000000909, 3.252606517456513795E-16 ) ) ;
#7764 = PRESENTATION_LAYER_ASSIGNMENT (  '', '', ( #3025 ) ) ;
#7765 = PLANE ( 'NONE',  #3373 ) ;
#7766 = CARTESIAN_POINT ( 'NONE',  ( -2.999999999999999556, -1.699999999999999734, -2.999999999999999556 ) ) ;
#7767 = PRESENTATION_LAYER_ASSIGNMENT (  '', '', ( #5968 ) ) ;
#7768 = ORIENTED_EDGE ( 'NONE', *, *, #548, .T. ) ;
#7769 = VECTOR ( 'NONE', #6530, 1000.000000000000000 ) ;
#7770 = COLOUR_RGB ( '',1.000000000000000000, 1.000000000000000000, 0.7529411764705882248 ) ;
#7771 = EDGE_CURVE ( 'NONE', #3348, #8185, #4982, .T. ) ;
#7772 = STYLED_ITEM ( 'NONE', ( #353 ), #1468 ) ;
#7773 =( NAMED_UNIT ( * ) PLANE_ANGLE_UNIT ( ) SI_UNIT ( $, .RADIAN. ) );
#7774 = ORIENTED_EDGE ( 'NONE', *, *, #5576, .F. ) ;
#7775 = FACE_OUTER_BOUND ( 'NONE', #5250, .T. ) ;
#7776 = FILL_AREA_STYLE_COLOUR ( '', #6273 ) ;
#7777 = LINE ( 'NONE', #5129, #2902 ) ;
#7778 = EDGE_CURVE ( 'NONE', #1619, #6248, #6820, .T. ) ;
#7779 = DIRECTION ( 'NONE',  ( 0.000000000000000000, 0.000000000000000000, 1.000000000000000000 ) ) ;
#7780 = ORIENTED_EDGE ( 'NONE', *, *, #3040, .F. ) ;
#7781 = FACE_OUTER_BOUND ( 'NONE', #4612, .T. ) ;
#7782 = SURFACE_STYLE_FILL_AREA ( #6872 ) ;
#7783 = COLOUR_RGB ( '',1.000000000000000000, 1.000000000000000000, 0.7529411764705882248 ) ;
#7784 = CARTESIAN_POINT ( 'NONE',  ( -1.999999999999999556, 0.9200000000000028155, -3.499999999999999556 ) ) ;
#7785 = SURFACE_STYLE_USAGE ( .BOTH. , #7159 ) ;
#7786 = EDGE_LOOP ( 'NONE', ( #6136, #3160, #2251, #6375 ) ) ;
#7787 = VECTOR ( 'NONE', #6652, 1000.000000000000000 ) ;
#7788 = DIRECTION ( 'NONE',  ( -1.000000000000000000, 0.000000000000000000, 0.000000000000000000 ) ) ;
#7789 = VECTOR ( 'NONE', #1851, 1000.000000000000114 ) ;
#7790 = DIRECTION ( 'NONE',  ( -1.000000000000000000, -7.760429719096859345E-17, 0.000000000000000000 ) ) ;
#7791 = EDGE_LOOP ( 'NONE', ( #2752, #504, #832, #5675 ) ) ;
#7792 = PRESENTATION_LAYER_ASSIGNMENT (  '', '', ( #252 ) ) ;
#7793 = SURFACE_STYLE_USAGE ( .BOTH. , #3350 ) ;
#7794 = FILL_AREA_STYLE ('',( #4465 ) ) ;
#7795 = VECTOR ( 'NONE', #899, 1000.000000000000000 ) ;
#7796 = UNCERTAINTY_MEASURE_WITH_UNIT (LENGTH_MEASURE( 1.000000000000000082E-05 ), #2980, 'distance_accuracy_value', 'NONE');
#7797 = ADVANCED_FACE ( 'NONE', ( #2172 ), #814, .T. ) ;
#7798 = PRESENTATION_STYLE_ASSIGNMENT (( #1203 ) ) ;
#7799 = DIRECTION ( 'NONE',  ( 1.000000000000000000, -0.000000000000000000, -0.000000000000000000 ) ) ;
#7800 = CARTESIAN_POINT ( 'NONE',  ( 4.999999999999998224, -5.000000000000000000, 4.049999999999999822 ) ) ;
#7801 = FILL_AREA_STYLE_COLOUR ( '', #4902 ) ;
#7802 = PRESENTATION_LAYER_ASSIGNMENT (  '', '', ( #4696 ) ) ;
#7803 = AXIS2_PLACEMENT_3D ( 'NONE', #4726, #7265, #5279 ) ;
#7804 = DIRECTION ( 'NONE',  ( 0.000000000000000000, 1.356383034802549850E-16, 1.000000000000000000 ) ) ;
#7805 = EDGE_CURVE ( 'NONE', #5754, #7316, #6766, .T. ) ;
#7806 = ADVANCED_FACE ( 'NONE', ( #2676, #4786, #5165 ), #6506, .F. ) ;
#7807 = FILL_AREA_STYLE ('',( #2733 ) ) ;
#7808 = PRESENTATION_LAYER_ASSIGNMENT (  '', '', ( #2321 ) ) ;
#7809 = DIRECTION ( 'NONE',  ( 1.000000000000000000, -0.000000000000000000, -0.000000000000000000 ) ) ;
#7810 = VERTEX_POINT ( 'NONE', #3842 ) ;
#7811 = EDGE_CURVE ( 'NONE', #3253, #6021, #3470, .T. ) ;
#7812 = FACE_OUTER_BOUND ( 'NONE', #8231, .T. ) ;
#7813 = PLANE ( 'NONE',  #7249 ) ;
#7814 = VERTEX_POINT ( 'NONE', #2475 ) ;
#7815 = FILL_AREA_STYLE ('',( #1486 ) ) ;
#7816 = CARTESIAN_POINT ( 'NONE',  ( 3.900000000000000799, 0.000000000000000000, 2.549999999999986500 ) ) ;
#7817 = UNCERTAINTY_MEASURE_WITH_UNIT (LENGTH_MEASURE( 1.000000000000000082E-05 ), #6922, 'distance_accuracy_value', 'NONE');
#7818 = CARTESIAN_POINT ( 'NONE',  ( 3.000000000000000444, -1.000000000000000000, -2.349999999999999645 ) ) ;
#7819 =( GEOMETRIC_REPRESENTATION_CONTEXT ( 3 ) GLOBAL_UNCERTAINTY_ASSIGNED_CONTEXT ( ( #7222 ) ) GLOBAL_UNIT_ASSIGNED_CONTEXT ( ( #1965, #5727, #1254 ) ) REPRESENTATION_CONTEXT ( 'NONE', 'WORKASPACE' ) );
#7820 = ORIENTED_EDGE ( 'NONE', *, *, #4857, .T. ) ;
#7821 = ORIENTED_EDGE ( 'NONE', *, *, #4701, .T. ) ;
#7822 = ORIENTED_EDGE ( 'NONE', *, *, #6510, .F. ) ;
#7823 = MECHANICAL_DESIGN_GEOMETRIC_PRESENTATION_REPRESENTATION (  '', ( #4972 ), #5117 ) ;
#7824 = DIRECTION ( 'NONE',  ( -1.000000000000000000, 0.000000000000000000, 0.000000000000000000 ) ) ;
#7825 = SURFACE_STYLE_USAGE ( .BOTH. , #1327 ) ;
#7826 = VERTEX_POINT ( 'NONE', #8175 ) ;
#7827 = CARTESIAN_POINT ( 'NONE',  ( 2.499999999999999556, 2.650000000000000799, 3.252606517456513795E-16 ) ) ;
#7828 = COLOUR_RGB ( '',0.5019607843137254832, 1.000000000000000000, 0.5019607843137254832 ) ;
#7829 = SURFACE_STYLE_USAGE ( .BOTH. , #5936 ) ;
#7830 = ORIENTED_EDGE ( 'NONE', *, *, #6545, .F. ) ;
#7831 =( GEOMETRIC_REPRESENTATION_CONTEXT ( 3 ) GLOBAL_UNCERTAINTY_ASSIGNED_CONTEXT ( ( #6433 ) ) GLOBAL_UNIT_ASSIGNED_CONTEXT ( ( #5803, #1971, #5077 ) ) REPRESENTATION_CONTEXT ( 'NONE', 'WORKASPACE' ) );
#7832 = SURFACE_STYLE_USAGE ( .BOTH. , #1505 ) ;
#7833 = ORIENTED_EDGE ( 'NONE', *, *, #3116, .T. ) ;
#7834 = ORIENTED_EDGE ( 'NONE', *, *, #3501, .F. ) ;
#7835 = CARTESIAN_POINT ( 'NONE',  ( -2.749999999999999556, -2.999999999999998668, -3.774999999999999911 ) ) ;
#7836 = CARTESIAN_POINT ( 'NONE',  ( -2.999999999999999556, -1.099999999999998979, -2.250000000000000000 ) ) ;
#7837 =( NAMED_UNIT ( * ) PLANE_ANGLE_UNIT ( ) SI_UNIT ( $, .RADIAN. ) );
#7838 = ADVANCED_FACE ( 'NONE', ( #1777 ), #4780, .T. ) ;
#7839 = EDGE_CURVE ( 'NONE', #1305, #2997, #5545, .T. ) ;
#7840 = DIRECTION ( 'NONE',  ( -7.760429719096859345E-17, 1.000000000000000000, -0.000000000000000000 ) ) ;
#7841 = CARTESIAN_POINT ( 'NONE',  ( 2.000000000000000444, 0.9200000000000028155, -3.499999999999999556 ) ) ;
#7842 = VERTEX_POINT ( 'NONE', #5073 ) ;
#7843 = ORIENTED_EDGE ( 'NONE', *, *, #824, .F. ) ;
#7844 =( NAMED_UNIT ( * ) PLANE_ANGLE_UNIT ( ) SI_UNIT ( $, .RADIAN. ) );
#7845 = SURFACE_SIDE_STYLE ('',( #7319 ) ) ;
#7846 = LINE ( 'NONE', #5317, #7166 ) ;
#7847 = ADVANCED_FACE ( 'NONE', ( #5757 ), #2537, .T. ) ;
#7848 = DIRECTION ( 'NONE',  ( -7.760429719096859345E-17, 1.000000000000000000, 0.000000000000000000 ) ) ;
#7849 = SURFACE_SIDE_STYLE ('',( #2729 ) ) ;
#7850 =( NAMED_UNIT ( * ) SI_UNIT ( $, .STERADIAN. ) SOLID_ANGLE_UNIT ( ) );
#7851 =( GEOMETRIC_REPRESENTATION_CONTEXT ( 3 ) GLOBAL_UNCERTAINTY_ASSIGNED_CONTEXT ( ( #80 ) ) GLOBAL_UNIT_ASSIGNED_CONTEXT ( ( #1552, #2875, #7333 ) ) REPRESENTATION_CONTEXT ( 'NONE', 'WORKASPACE' ) );
#7852 = ORIENTED_EDGE ( 'NONE', *, *, #486, .F. ) ;
#7853 = PRESENTATION_LAYER_ASSIGNMENT (  '', '', ( #2311 ) ) ;
#7854 = DIRECTION ( 'NONE',  ( 0.000000000000000000, -1.000000000000000000, 1.445602896647339410E-16 ) ) ;
#7855 = DIRECTION ( 'NONE',  ( -0.000000000000000000, 0.000000000000000000, 1.000000000000000000 ) ) ;
#7856 = SURFACE_STYLE_USAGE ( .BOTH. , #5389 ) ;
#7857 = VERTEX_POINT ( 'NONE', #2562 ) ;
#7858 = VECTOR ( 'NONE', #171, 1000.000000000000000 ) ;
#7859 = ORIENTED_EDGE ( 'NONE', *, *, #3983, .T. ) ;
#7860 = ORIENTED_EDGE ( 'NONE', *, *, #3202, .T. ) ;
#7861 = CIRCLE ( 'NONE', #4144, 1.900000000000000577 ) ;
#7862 = STYLED_ITEM ( 'NONE', ( #4524 ), #7034 ) ;
#7863 = DIRECTION ( 'NONE',  ( 0.000000000000000000, 0.000000000000000000, 1.000000000000000000 ) ) ;
#7864 = UNCERTAINTY_MEASURE_WITH_UNIT (LENGTH_MEASURE( 1.000000000000000082E-05 ), #87, 'distance_accuracy_value', 'NONE');
#7865 = EDGE_CURVE ( 'NONE', #7087, #2169, #3163, .T. ) ;
#7866 = FILL_AREA_STYLE ('',( #3425 ) ) ;
#7867 = VERTEX_POINT ( 'NONE', #5649 ) ;
#7868 = FILL_AREA_STYLE_COLOUR ( '', #1732 ) ;
#7869 = STYLED_ITEM ( 'NONE', ( #2844 ), #691 ) ;
#7870 = VECTOR ( 'NONE', #7272, 1000.000000000000000 ) ;
#7871 =( GEOMETRIC_REPRESENTATION_CONTEXT ( 3 ) GLOBAL_UNCERTAINTY_ASSIGNED_CONTEXT ( ( #8170 ) ) GLOBAL_UNIT_ASSIGNED_CONTEXT ( ( #5167, #7049, #3220 ) ) REPRESENTATION_CONTEXT ( 'NONE', 'WORKASPACE' ) );
#7872 = VECTOR ( 'NONE', #525, 1000.000000000000114 ) ;
#7873 = CARTESIAN_POINT ( 'NONE',  ( 1.100000000000000533, -3.200000000000000178, 2.549999999999986500 ) ) ;
#7874 =( NAMED_UNIT ( * ) SI_UNIT ( $, .STERADIAN. ) SOLID_ANGLE_UNIT ( ) );
#7875 = VECTOR ( 'NONE', #7546, 1000.000000000000000 ) ;
#7876 = DIRECTION ( 'NONE',  ( 0.000000000000000000, -1.000000000000000000, 0.000000000000000000 ) ) ;
#7877 = DIRECTION ( 'NONE',  ( 0.000000000000000000, 0.000000000000000000, 1.000000000000000000 ) ) ;
#7878 = ORIENTED_EDGE ( 'NONE', *, *, #1504, .T. ) ;
#7879 = COLOUR_RGB ( '',1.000000000000000000, 1.000000000000000000, 0.7529411764705882248 ) ;
#7880 = PRESENTATION_STYLE_ASSIGNMENT (( #12 ) ) ;
#7881 = CARTESIAN_POINT ( 'NONE',  ( -4.075000000000000178, 2.400000000000001243, 0.000000000000000000 ) ) ;
#7882 = EDGE_CURVE ( 'NONE', #5375, #7528, #3662, .T. ) ;
#7883 = CIRCLE ( 'NONE', #8171, 1.893301270189221786 ) ;
#7884 = CIRCLE ( 'NONE', #8083, 0.4000000000000001887 ) ;
#7885 =( GEOMETRIC_REPRESENTATION_CONTEXT ( 3 ) GLOBAL_UNCERTAINTY_ASSIGNED_CONTEXT ( ( #7305 ) ) GLOBAL_UNIT_ASSIGNED_CONTEXT ( ( #7979, #6029, #7357 ) ) REPRESENTATION_CONTEXT ( 'NONE', 'WORKASPACE' ) );
#7886 = FILL_AREA_STYLE_COLOUR ( '', #6802 ) ;
#7887 = DIRECTION ( 'NONE',  ( -1.000000000000000000, 0.000000000000000000, 0.000000000000000000 ) ) ;
#7888 = CARTESIAN_POINT ( 'NONE',  ( 3.000000000000000444, -2.999999999999998668, -3.499999999999999112 ) ) ;
#7889 = ORIENTED_EDGE ( 'NONE', *, *, #3301, .T. ) ;
#7890 = CIRCLE ( 'NONE', #5057, 0.4000000000000001887 ) ;
#7891 = EDGE_CURVE ( 'NONE', #2959, #4450, #6562, .T. ) ;
#7892 = ORIENTED_EDGE ( 'NONE', *, *, #6158, .F. ) ;
#7893 = PRESENTATION_STYLE_ASSIGNMENT (( #4118 ) ) ;
#7894 = ADVANCED_FACE ( 'NONE', ( #3860 ), #1742, .F. ) ;
#7895 = ORIENTED_EDGE ( 'NONE', *, *, #535, .F. ) ;
#7896 = CARTESIAN_POINT ( 'NONE',  ( 2.000000000000000444, -8.500000000000000000, -0.2499999999999995282 ) ) ;
#7897 = PLANE ( 'NONE',  #4106 ) ;
#7898 = SURFACE_STYLE_FILL_AREA ( #7954 ) ;
#7899 = CARTESIAN_POINT ( 'NONE',  ( -2.999999999999999556, -1.599999999999998979, -2.899999999999999023 ) ) ;
#7900 = COLOUR_RGB ( '',1.000000000000000000, 1.000000000000000000, 0.7529411764705882248 ) ;
#7901 = FACE_OUTER_BOUND ( 'NONE', #7931, .T. ) ;
#7902 = CARTESIAN_POINT ( 'NONE',  ( 2.000000000000000444, -1.000000000000000000, -3.499999999999999556 ) ) ;
#7903 = DIRECTION ( 'NONE',  ( 0.000000000000000000, 0.000000000000000000, 1.000000000000000000 ) ) ;
#7904 = CARTESIAN_POINT ( 'NONE',  ( -0.9105418114544772124, 3.896358731758306160, 0.2500000000000003331 ) ) ;
#7905 =( GEOMETRIC_REPRESENTATION_CONTEXT ( 3 ) GLOBAL_UNCERTAINTY_ASSIGNED_CONTEXT ( ( #21 ) ) GLOBAL_UNIT_ASSIGNED_CONTEXT ( ( #6419, #3879, #2607 ) ) REPRESENTATION_CONTEXT ( 'NONE', 'WORKASPACE' ) );
#7906 = UNCERTAINTY_MEASURE_WITH_UNIT (LENGTH_MEASURE( 1.000000000000000082E-05 ), #3204, 'distance_accuracy_value', 'NONE');
#7907 = CYLINDRICAL_SURFACE ( 'NONE', #330, 1.900000000000000133 ) ;
#7908 = AXIS2_PLACEMENT_3D ( 'NONE', #7161, #5860, #3340 ) ;
#7909 = PRESENTATION_LAYER_ASSIGNMENT (  '', '', ( #6203 ) ) ;
#7910 = SURFACE_STYLE_USAGE ( .BOTH. , #3435 ) ;
#7911 = VERTEX_POINT ( 'NONE', #3743 ) ;
#7912 = PRESENTATION_LAYER_ASSIGNMENT (  '', '', ( #6656 ) ) ;
#7913 = CYLINDRICAL_SURFACE ( 'NONE', #7255, 0.5000000000000000000 ) ;
#7914 = CARTESIAN_POINT ( 'NONE',  ( -0.3749999999999998890, 2.400000000000001243, -2.350000000000000089 ) ) ;
#7915 = EDGE_LOOP ( 'NONE', ( #5896, #4100, #4198, #1878 ) ) ;
#7916 = DIRECTION ( 'NONE',  ( 0.000000000000000000, -0.5766831975986557168, 0.8169678632647613403 ) ) ;
#7917 = DIRECTION ( 'NONE',  ( 1.000000000000000000, 0.000000000000000000, 1.224646799147363807E-16 ) ) ;
#7918 = LINE ( 'NONE', #3161, #4854 ) ;
#7919 = PRESENTATION_LAYER_ASSIGNMENT (  '', '', ( #2654 ) ) ;
#7920 = AXIS2_PLACEMENT_3D ( 'NONE', #963, #337, #4793 ) ;
#7921 = ORIENTED_EDGE ( 'NONE', *, *, #2342, .T. ) ;
#7922 = PRESENTATION_STYLE_ASSIGNMENT (( #1313 ) ) ;
#7923 = EDGE_CURVE ( 'NONE', #3496, #4986, #5354, .T. ) ;
#7924 = VERTEX_POINT ( 'NONE', #5633 ) ;
#7925 =( GEOMETRIC_REPRESENTATION_CONTEXT ( 3 ) GLOBAL_UNCERTAINTY_ASSIGNED_CONTEXT ( ( #591 ) ) GLOBAL_UNIT_ASSIGNED_CONTEXT ( ( #6241, #2314, #7527 ) ) REPRESENTATION_CONTEXT ( 'NONE', 'WORKASPACE' ) );
#7926 = DIRECTION ( 'NONE',  ( 0.000000000000000000, 1.000000000000000000, -9.227252531791525393E-17 ) ) ;
#7927 = CARTESIAN_POINT ( 'NONE',  ( 3.900000000000000799, -1.200000000000000178, 4.049999999999999822 ) ) ;
#7928 = AXIS2_PLACEMENT_3D ( 'NONE', #4501, #4613, #4584 ) ;
#7929 = DIRECTION ( 'NONE',  ( 0.000000000000000000, 0.000000000000000000, 1.000000000000000000 ) ) ;
#7930 = VECTOR ( 'NONE', #7916, 1000.000000000000000 ) ;
#7931 = EDGE_LOOP ( 'NONE', ( #1170, #2635, #312, #6332 ) ) ;
#7932 = SURFACE_STYLE_USAGE ( .BOTH. , #2873 ) ;
#7933 = EDGE_CURVE ( 'NONE', #6951, #2397, #905, .T. ) ;
#7934 = STYLED_ITEM ( 'NONE', ( #8196 ), #1879 ) ;
#7935 = EDGE_CURVE ( 'NONE', #1102, #857, #7733, .T. ) ;
#7936 = ADVANCED_FACE ( 'NONE', ( #3058 ), #685, .T. ) ;
#7937 = VERTEX_POINT ( 'NONE', #4985 ) ;
#7938 = DIRECTION ( 'NONE',  ( -1.224646799147353207E-16, -9.503785415499962024E-33, 1.000000000000000000 ) ) ;
#7939 = DIRECTION ( 'NONE',  ( 0.000000000000000000, -0.000000000000000000, 1.000000000000000000 ) ) ;
#7940 =( LENGTH_UNIT ( ) NAMED_UNIT ( * ) SI_UNIT ( .MILLI., .METRE. ) );
#7941 = CARTESIAN_POINT ( 'NONE',  ( 2.000000000000000444, -1.000000000000000000, -2.349999999999999645 ) ) ;
#7942 = CARTESIAN_POINT ( 'NONE',  ( 0.6669697220176635799, 3.049000000000001265, -0.2499999999999996669 ) ) ;
#7943 = ORIENTED_EDGE ( 'NONE', *, *, #7923, .F. ) ;
#7944 = EDGE_LOOP ( 'NONE', ( #6793, #5429, #4054, #7678 ) ) ;
#7945 = CARTESIAN_POINT ( 'NONE',  ( 0.000000000000000000, -4.250311307314563969, 4.049999999999999822 ) ) ;
#7946 = CARTESIAN_POINT ( 'NONE',  ( -5.000000000000001776, 0.9420263882977530923, -3.494061512958939186 ) ) ;
#7947 = DIRECTION ( 'NONE',  ( -7.760429719096859345E-17, 1.000000000000000000, 0.000000000000000000 ) ) ;
#7948 = EDGE_LOOP ( 'NONE', ( #1406, #1698, #4713, #2880, #1857, #3592 ) ) ;
#7949 = DIRECTION ( 'NONE',  ( -1.000000000000000000, 0.000000000000000000, 0.000000000000000000 ) ) ;
#7950 =( NAMED_UNIT ( * ) PLANE_ANGLE_UNIT ( ) SI_UNIT ( $, .RADIAN. ) );
#7951 = FILL_AREA_STYLE_COLOUR ( '', #4748 ) ;
#7952 = SURFACE_SIDE_STYLE ('',( #6938 ) ) ;
#7953 = EDGE_LOOP ( 'NONE', ( #4670, #4426, #3854, #5732 ) ) ;
#7954 = FILL_AREA_STYLE ('',( #1008 ) ) ;
#7955 = DIRECTION ( 'NONE',  ( -1.000000000000000000, -7.760429719096859345E-17, 0.000000000000000000 ) ) ;
#7956 = DIRECTION ( 'NONE',  ( 1.000000000000000000, 0.000000000000000000, 1.224646799147355672E-16 ) ) ;
#7957 = DIRECTION ( 'NONE',  ( 0.000000000000000000, 0.000000000000000000, -1.000000000000000000 ) ) ;
#7958 = PRESENTATION_LAYER_ASSIGNMENT (  '', '', ( #3108 ) ) ;
#7959 = MECHANICAL_DESIGN_GEOMETRIC_PRESENTATION_REPRESENTATION (  '', ( #1163 ), #1578 ) ;
#7960 = DIRECTION ( 'NONE',  ( 1.000000000000000000, 0.000000000000000000, 0.000000000000000000 ) ) ;
#7961 = ORIENTED_EDGE ( 'NONE', *, *, #856, .F. ) ;
#7962 = PRESENTATION_STYLE_ASSIGNMENT (( #1829 ) ) ;
#7963 = CARTESIAN_POINT ( 'NONE',  ( -4.025000000000001243, 0.4000000000000010214, 1.869031971596363542E-16 ) ) ;
#7964 = DIRECTION ( 'NONE',  ( 1.000000000000000000, -0.000000000000000000, -0.000000000000000000 ) ) ;
#7965 = LINE ( 'NONE', #1142, #2703 ) ;
#7966 = AXIS2_PLACEMENT_3D ( 'NONE', #1766, #1168, #3599 ) ;
#7967 = VECTOR ( 'NONE', #1080, 1000.000000000000000 ) ;
#7968 = UNCERTAINTY_MEASURE_WITH_UNIT (LENGTH_MEASURE( 1.000000000000000082E-05 ), #6896, 'distance_accuracy_value', 'NONE');
#7969 = EDGE_CURVE ( 'NONE', #1216, #7316, #5248, .T. ) ;
#7970 = ADVANCED_FACE ( 'NONE', ( #4679 ), #3070, .F. ) ;
#7971 = ORIENTED_EDGE ( 'NONE', *, *, #5871, .F. ) ;
#7972 = SURFACE_STYLE_USAGE ( .BOTH. , #6743 ) ;
#7973 =( LENGTH_UNIT ( ) NAMED_UNIT ( * ) SI_UNIT ( .MILLI., .METRE. ) );
#7974 = CARTESIAN_POINT ( 'NONE',  ( -2.500000000000000444, 2.651000000000001133, 3.252606517456513795E-16 ) ) ;
#7975 = CARTESIAN_POINT ( 'NONE',  ( -2.500000000000000444, 3.449000000000001176, 3.252606517456513795E-16 ) ) ;
#7976 = AXIS2_PLACEMENT_3D ( 'NONE', #4640, #273, #352 ) ;
#7977 = DIRECTION ( 'NONE',  ( 7.760429719096859345E-17, -1.000000000000000000, 0.000000000000000000 ) ) ;
#7978 = VERTEX_POINT ( 'NONE', #3093 ) ;
#7979 =( LENGTH_UNIT ( ) NAMED_UNIT ( * ) SI_UNIT ( .MILLI., .METRE. ) );
#7980 = LINE ( 'NONE', #4401, #5696 ) ;
#7981 = EDGE_LOOP ( 'NONE', ( #2460, #58, #210, #3148 ) ) ;
#7982 = LINE ( 'NONE', #4771, #4628 ) ;
#7983 = DIRECTION ( 'NONE',  ( 1.000000000000000000, 0.000000000000000000, -0.000000000000000000 ) ) ;
#7984 = CARTESIAN_POINT ( 'NONE',  ( 2.250000000000000888, -2.999999999999998668, -3.499999999999999112 ) ) ;
#7985 = DIRECTION ( 'NONE',  ( 0.000000000000000000, -0.000000000000000000, -1.000000000000000000 ) ) ;
#7986 = EDGE_CURVE ( 'NONE', #5973, #1601, #747, .T. ) ;
#7987 = COLOUR_RGB ( '',0.5019607843137254832, 1.000000000000000000, 0.5019607843137254832 ) ;
#7988 =( GEOMETRIC_REPRESENTATION_CONTEXT ( 3 ) GLOBAL_UNCERTAINTY_ASSIGNED_CONTEXT ( ( #7552 ) ) GLOBAL_UNIT_ASSIGNED_CONTEXT ( ( #1208, #529, #6212 ) ) REPRESENTATION_CONTEXT ( 'NONE', 'WORKASPACE' ) );
#7989 = ORIENTED_EDGE ( 'NONE', *, *, #824, .T. ) ;
#7990 = CARTESIAN_POINT ( 'NONE',  ( -2.999999999999999556, -1.599999999999998979, -2.250000000000000000 ) ) ;
#7991 = CARTESIAN_POINT ( 'NONE',  ( 3.000000000000000444, -2.999999999999998668, -3.499999999999999112 ) ) ;
#7992 = LINE ( 'NONE', #1490, #6822 ) ;
#7993 = SURFACE_STYLE_FILL_AREA ( #4453 ) ;
#7994 = CIRCLE ( 'NONE', #2781, 1.850000000000000089 ) ;
#7995 = EDGE_CURVE ( 'NONE', #1435, #2228, #4876, .T. ) ;
#7996 = DIRECTION ( 'NONE',  ( 0.000000000000000000, 1.000000000000000000, 0.000000000000000000 ) ) ;
#7997 = CARTESIAN_POINT ( 'NONE',  ( 2.499999999999999556, 4.975000000000002309, 0.000000000000000000 ) ) ;
#7998 = CYLINDRICAL_SURFACE ( 'NONE', #3724, 1.850000000000000089 ) ;
#7999 = LINE ( 'NONE', #1052, #6317 ) ;
#8000 = DIRECTION ( 'NONE',  ( 1.000000000000000000, -0.000000000000000000, -0.000000000000000000 ) ) ;
#8001 = SURFACE_STYLE_FILL_AREA ( #3296 ) ;
#8002 = DIRECTION ( 'NONE',  ( 1.000000000000000000, 0.000000000000000000, 0.000000000000000000 ) ) ;
#8003 = VERTEX_POINT ( 'NONE', #8188 ) ;
#8004 = PRESENTATION_LAYER_ASSIGNMENT (  '', '', ( #5891 ) ) ;
#8005 = FILL_AREA_STYLE_COLOUR ( '', #867 ) ;
#8006 = STYLED_ITEM ( 'NONE', ( #7563 ), #2855 ) ;
#8007 = ADVANCED_FACE ( 'NONE', ( #6848 ), #1667, .T. ) ;
#8008 = DIRECTION ( 'NONE',  ( 0.000000000000000000, -9.227252531791526626E-17, 1.000000000000000000 ) ) ;
#8009 = ORIENTED_EDGE ( 'NONE', *, *, #6630, .T. ) ;
#8010 =( LENGTH_UNIT ( ) NAMED_UNIT ( * ) SI_UNIT ( .MILLI., .METRE. ) );
#8011 = EDGE_CURVE ( 'NONE', #7397, #3313, #7435, .T. ) ;
#8012 = STYLED_ITEM ( 'NONE', ( #7324 ), #4568 ) ;
#8013 = CLOSED_SHELL ( 'NONE', ( #3349, #3130, #5820, #2731, #5299, #321, #1032 ) ) ;
#8014 =( NAMED_UNIT ( * ) PLANE_ANGLE_UNIT ( ) SI_UNIT ( $, .RADIAN. ) );
#8015 = EDGE_LOOP ( 'NONE', ( #1630, #607, #6994, #2023 ) ) ;
#8016 = FILL_AREA_STYLE_COLOUR ( '', #2437 ) ;
#8017 = FACE_OUTER_BOUND ( 'NONE', #3649, .T. ) ;
#8018 = VECTOR ( 'NONE', #4619, 1000.000000000000000 ) ;
#8019 = CARTESIAN_POINT ( 'NONE',  ( -0.5540446486006944671, 0.2999999999999991562, 3.414395590801142077 ) ) ;
#8020 = EDGE_LOOP ( 'NONE', ( #175, #350, #5113, #2811, #7774, #3916, #587, #1499, #1999, #3848, #3064, #2462, #3146, #2941, #2413, #8113 ) ) ;
#8021 = UNCERTAINTY_MEASURE_WITH_UNIT (LENGTH_MEASURE( 1.000000000000000082E-05 ), #5890, 'distance_accuracy_value', 'NONE');
#8022 = ORIENTED_EDGE ( 'NONE', *, *, #7748, .F. ) ;
#8023 = PRESENTATION_LAYER_ASSIGNMENT (  '', '', ( #6022 ) ) ;
#8024 = MECHANICAL_DESIGN_GEOMETRIC_PRESENTATION_REPRESENTATION (  '', ( #7757 ), #799 ) ;
#8025 = EDGE_CURVE ( 'NONE', #129, #6190, #8026, .T. ) ;
#8026 = LINE ( 'NONE', #5159, #7347 ) ;
#8027 = EDGE_LOOP ( 'NONE', ( #5866, #8042, #2156, #4801 ) ) ;
#8028 = STYLED_ITEM ( 'NONE', ( #4335 ), #770 ) ;
#8029 = CARTESIAN_POINT ( 'NONE',  ( 4.999999999999998224, 0.6999999999999992895, 3.799999999999999378 ) ) ;
#8030 = MECHANICAL_DESIGN_GEOMETRIC_PRESENTATION_REPRESENTATION (  '', ( #2772 ), #5751 ) ;
#8031 = DIRECTION ( 'NONE',  ( -7.760429719096859345E-17, 1.000000000000000000, -0.000000000000000000 ) ) ;
#8032 = FILL_AREA_STYLE ('',( #7351 ) ) ;
#8033 = VERTEX_POINT ( 'NONE', #4542 ) ;
#8034 = ORIENTED_EDGE ( 'NONE', *, *, #977, .T. ) ;
#8035 = CARTESIAN_POINT ( 'NONE',  ( -5.000000000000001776, 4.750000000000000000, -2.208475283291302382 ) ) ;
#8036 = EDGE_CURVE ( 'NONE', #6064, #3441, #2559, .T. ) ;
#8037 = PLANE ( 'NONE',  #2603 ) ;
#8038 = AXIS2_PLACEMENT_3D ( 'NONE', #2280, #3650, #6751 ) ;
#8039 = EDGE_CURVE ( 'NONE', #8092, #4131, #2354, .T. ) ;
#8040 = DIRECTION ( 'NONE',  ( -7.760429719096859345E-17, 1.000000000000000000, 0.000000000000000000 ) ) ;
#8041 = CARTESIAN_POINT ( 'NONE',  ( 0.5088152422089077254, -4.337323838347851179, 4.174266772756775268 ) ) ;
#8042 = ORIENTED_EDGE ( 'NONE', *, *, #1904, .F. ) ;
#8043 = FACE_OUTER_BOUND ( 'NONE', #5368, .T. ) ;
#8044 = ADVANCED_FACE ( 'NONE', ( #7151 ), #6957, .T. ) ;
#8045 = EDGE_CURVE ( 'NONE', #6903, #6842, #2254, .T. ) ;
#8046 = SURFACE_STYLE_USAGE ( .BOTH. , #3598 ) ;
#8047 = SURFACE_STYLE_USAGE ( .BOTH. , #6815 ) ;
#8048 = CARTESIAN_POINT ( 'NONE',  ( -5.000000000000001776, 4.750000000000000000, -2.208475283291302382 ) ) ;
#8049 = UNCERTAINTY_MEASURE_WITH_UNIT (LENGTH_MEASURE( 1.000000000000000082E-05 ), #2247, 'distance_accuracy_value', 'NONE');
#8050 = LINE ( 'NONE', #2846, #510 ) ;
#8051 = ORIENTED_EDGE ( 'NONE', *, *, #3549, .F. ) ;
#8052 = ADVANCED_FACE ( 'NONE', ( #7536 ), #5813, .F. ) ;
#8053 = CARTESIAN_POINT ( 'NONE',  ( 2.499999999999999556, 3.449000000000001176, 3.252606517456513795E-16 ) ) ;
#8054 = DIRECTION ( 'NONE',  ( 0.000000000000000000, 0.000000000000000000, -1.000000000000000000 ) ) ;
#8055 = DIRECTION ( 'NONE',  ( 1.000000000000000000, -0.000000000000000000, -0.000000000000000000 ) ) ;
#8056 = ORIENTED_EDGE ( 'NONE', *, *, #3181, .F. ) ;
#8057 = PRESENTATION_STYLE_ASSIGNMENT (( #6515 ) ) ;
#8058 = AXIS2_PLACEMENT_3D ( 'NONE', #7184, #895, #7788 ) ;
#8059 = ORIENTED_EDGE ( 'NONE', *, *, #2179, .T. ) ;
#8060 = VECTOR ( 'NONE', #6678, 1000.000000000000000 ) ;
#8061 = PRESENTATION_STYLE_ASSIGNMENT (( #1326 ) ) ;
#8062 = CARTESIAN_POINT ( 'NONE',  ( 4.625000000000000888, 2.400000000000001243, -2.350000000000000089 ) ) ;
#8063 = MECHANICAL_DESIGN_GEOMETRIC_PRESENTATION_REPRESENTATION (  '', ( #7488 ), #3922 ) ;
#8064 =( NAMED_UNIT ( * ) PLANE_ANGLE_UNIT ( ) SI_UNIT ( $, .RADIAN. ) );
#8065 = COLOUR_RGB ( '',0.5019607843137254832, 1.000000000000000000, 0.5019607843137254832 ) ;
#8066 = AXIS2_PLACEMENT_3D ( 'NONE', #168, #4629, #4595 ) ;
#8067 = CARTESIAN_POINT ( 'NONE',  ( 0.5566987298107773929, 4.975000000000002309, 0.000000000000000000 ) ) ;
#8068 = DIRECTION ( 'NONE',  ( 0.000000000000000000, 0.000000000000000000, -1.000000000000000000 ) ) ;
#8069 = DIRECTION ( 'NONE',  ( 0.000000000000000000, 0.000000000000000000, 1.000000000000000000 ) ) ;
#8070 = ORIENTED_EDGE ( 'NONE', *, *, #4371, .F. ) ;
#8071 = CIRCLE ( 'NONE', #3651, 1.850000000000000089 ) ;
#8072 = PRESENTATION_STYLE_ASSIGNMENT (( #7910 ) ) ;
#8073 = UNCERTAINTY_MEASURE_WITH_UNIT (LENGTH_MEASURE( 1.000000000000000082E-05 ), #6254, 'distance_accuracy_value', 'NONE');
#8074 = MECHANICAL_DESIGN_GEOMETRIC_PRESENTATION_REPRESENTATION (  '', ( #1792 ), #3499 ) ;
#8075 = STYLED_ITEM ( 'NONE', ( #7210 ), #3882 ) ;
#8076 = FILL_AREA_STYLE ('',( #4199 ) ) ;
#8077 = DIRECTION ( 'NONE',  ( -0.000000000000000000, 1.000000000000000000, -0.000000000000000000 ) ) ;
#8078 = CARTESIAN_POINT ( 'NONE',  ( -0.4999999999999995559, 0.4000000000000011324, 2.250000000000000000 ) ) ;
#8079 = EDGE_CURVE ( 'NONE', #6190, #2563, #7727, .T. ) ;
#8080 = CARTESIAN_POINT ( 'NONE',  ( 4.278097485695423252, 3.711189580658139864, -0.2499999999999997224 ) ) ;
#8081 = ORIENTED_EDGE ( 'NONE', *, *, #7456, .T. ) ;
#8082 = SURFACE_STYLE_FILL_AREA ( #120 ) ;
#8083 = AXIS2_PLACEMENT_3D ( 'NONE', #1242, #603, #577 ) ;
#8084 =( GEOMETRIC_REPRESENTATION_CONTEXT ( 3 ) GLOBAL_UNCERTAINTY_ASSIGNED_CONTEXT ( ( #7437 ) ) GLOBAL_UNIT_ASSIGNED_CONTEXT ( ( #7093, #3963, #3906 ) ) REPRESENTATION_CONTEXT ( 'NONE', 'WORKASPACE' ) );
#8085 = EDGE_LOOP ( 'NONE', ( #2293, #7592 ) ) ;
#8086 = SURFACE_SIDE_STYLE ('',( #226 ) ) ;
#8087 = EDGE_LOOP ( 'NONE', ( #5140, #6643 ) ) ;
#8088 = FACE_OUTER_BOUND ( 'NONE', #724, .T. ) ;
#8089 = LINE ( 'NONE', #8219, #3512 ) ;
#8090 = SURFACE_STYLE_USAGE ( .BOTH. , #5551 ) ;
#8091 =( NAMED_UNIT ( * ) SI_UNIT ( $, .STERADIAN. ) SOLID_ANGLE_UNIT ( ) );
#8092 = VERTEX_POINT ( 'NONE', #3125 ) ;
#8093 = CIRCLE ( 'NONE', #1541, 0.05000000000000002359 ) ;
#8094 = STYLED_ITEM ( 'NONE', ( #4146 ), #959 ) ;
#8095 = EDGE_LOOP ( 'NONE', ( #6164, #4391, #5794, #3601 ) ) ;
#8096 = CARTESIAN_POINT ( 'NONE',  ( 0.6546435471732210409, 0.02360679774998154096, 3.161803398874988513 ) ) ;
#8097 = VECTOR ( 'NONE', #4840, 1000.000000000000000 ) ;
#8098 = PRESENTATION_STYLE_ASSIGNMENT (( #6336 ) ) ;
#8099 = CARTESIAN_POINT ( 'NONE',  ( 2.750000000000000888, -2.244443709649962315, -3.500000000000000000 ) ) ;
#8100 = ADVANCED_FACE ( 'NONE', ( #2864 ), #5267, .T. ) ;
#8101 = FACE_OUTER_BOUND ( 'NONE', #7430, .T. ) ;
#8102 = FILL_AREA_STYLE_COLOUR ( '', #2624 ) ;
#8103 = FACE_OUTER_BOUND ( 'NONE', #1715, .T. ) ;
#8104 = FACE_OUTER_BOUND ( 'NONE', #7639, .T. ) ;
#8105 =( LENGTH_UNIT ( ) NAMED_UNIT ( * ) SI_UNIT ( .MILLI., .METRE. ) );
#8106 = PLANE ( 'NONE',  #3443 ) ;
#8107 = CARTESIAN_POINT ( 'NONE',  ( -2.999999999999999556, -1.099999999999998979, -2.250000000000000000 ) ) ;
#8108 = DIRECTION ( 'NONE',  ( 0.000000000000000000, 1.000000000000000000, -1.445602896647339410E-16 ) ) ;
#8109 = VERTEX_POINT ( 'NONE', #2036 ) ;
#8110 = ORIENTED_EDGE ( 'NONE', *, *, #6549, .F. ) ;
#8111 = CARTESIAN_POINT ( 'NONE',  ( 2.000000000000000444, -1.099999999999998979, -2.250000000000000000 ) ) ;
#8112 = CARTESIAN_POINT ( 'NONE',  ( -3.826649916142160102, 3.949000000000001176, 0.2500000000000003331 ) ) ;
#8113 = ORIENTED_EDGE ( 'NONE', *, *, #815, .F. ) ;
#8114 = FACE_OUTER_BOUND ( 'NONE', #403, .T. ) ;
#8115 = VERTEX_POINT ( 'NONE', #6528 ) ;
#8116 = FILL_AREA_STYLE_COLOUR ( '', #70 ) ;
#8117 =( GEOMETRIC_REPRESENTATION_CONTEXT ( 3 ) GLOBAL_UNCERTAINTY_ASSIGNED_CONTEXT ( ( #4631 ) ) GLOBAL_UNIT_ASSIGNED_CONTEXT ( ( #5381, #960, #1009 ) ) REPRESENTATION_CONTEXT ( 'NONE', 'WORKASPACE' ) );
#8118 = SURFACE_SIDE_STYLE ('',( #554 ) ) ;
#8119 = PRESENTATION_LAYER_ASSIGNMENT (  '', '', ( #7699 ) ) ;
#8120 = DIRECTION ( 'NONE',  ( 1.000000000000000000, 0.000000000000000000, 0.000000000000000000 ) ) ;
#8121 = CARTESIAN_POINT ( 'NONE',  ( -4.445955351399303979, 0.02360679774998140912, 3.161803398874988513 ) ) ;
#8122 = VECTOR ( 'NONE', #2183, 1000.000000000000000 ) ;
#8123 = EDGE_LOOP ( 'NONE', ( #5200, #5331, #984, #2555 ) ) ;
#8124 = FILL_AREA_STYLE ('',( #8102 ) ) ;
#8125 =( GEOMETRIC_REPRESENTATION_CONTEXT ( 3 ) GLOBAL_UNCERTAINTY_ASSIGNED_CONTEXT ( ( #5032 ) ) GLOBAL_UNIT_ASSIGNED_CONTEXT ( ( #8153, #8210, #562 ) ) REPRESENTATION_CONTEXT ( 'NONE', 'WORKASPACE' ) );
#8126 =( LENGTH_UNIT ( ) NAMED_UNIT ( * ) SI_UNIT ( .MILLI., .METRE. ) );
#8127 = SURFACE_SIDE_STYLE ('',( #4688 ) ) ;
#8128 = VERTEX_POINT ( 'NONE', #5240 ) ;
#8129 = VECTOR ( 'NONE', #6296, 1000.000000000000000 ) ;
#8130 = ORIENTED_EDGE ( 'NONE', *, *, #1047, .F. ) ;
#8131 = MECHANICAL_DESIGN_GEOMETRIC_PRESENTATION_REPRESENTATION (  '', ( #7711 ), #2916 ) ;
#8132 =( NAMED_UNIT ( * ) PLANE_ANGLE_UNIT ( ) SI_UNIT ( $, .RADIAN. ) );
#8133 = ORIENTED_EDGE ( 'NONE', *, *, #5321, .F. ) ;
#8134 = CARTESIAN_POINT ( 'NONE',  ( 0.000000000000000000, 0.000000000000000000, -4.049999999999999822 ) ) ;
#8135 = CARTESIAN_POINT ( 'NONE',  ( 2.250000000000000888, -2.999999999999998668, -3.499999999999999112 ) ) ;
#8136 =( NAMED_UNIT ( * ) PLANE_ANGLE_UNIT ( ) SI_UNIT ( $, .RADIAN. ) );
#8137 = CARTESIAN_POINT ( 'NONE',  ( 4.333030277982335754, 3.448999999999818655, 0.2500000000000003331 ) ) ;
#8138 = CARTESIAN_POINT ( 'NONE',  ( -2.999999999999999556, -1.500000000000002220, -3.499999999999999556 ) ) ;
#8139 = EDGE_CURVE ( 'NONE', #304, #6717, #4564, .T. ) ;
#8140 = ORIENTED_EDGE ( 'NONE', *, *, #6084, .F. ) ;
#8141 = CARTESIAN_POINT ( 'NONE',  ( 3.000000000000000444, -2.999999999999998668, -3.499999999999999112 ) ) ;
#8142 = AXIS2_PLACEMENT_3D ( 'NONE', #5514, #6839, #7985 ) ;
#8143 = LINE ( 'NONE', #6124, #2073 ) ;
#8144 = DIRECTION ( 'NONE',  ( 0.000000000000000000, 0.000000000000000000, -1.000000000000000000 ) ) ;
#8145 = DIRECTION ( 'NONE',  ( 0.000000000000000000, 0.000000000000000000, -1.000000000000000000 ) ) ;
#8146 =( NAMED_UNIT ( * ) SI_UNIT ( $, .STERADIAN. ) SOLID_ANGLE_UNIT ( ) );
#8147 = ORIENTED_EDGE ( 'NONE', *, *, #5932, .T. ) ;
#8148 = SURFACE_STYLE_FILL_AREA ( #4630 ) ;
#8149 = UNCERTAINTY_MEASURE_WITH_UNIT (LENGTH_MEASURE( 1.000000000000000082E-05 ), #5535, 'distance_accuracy_value', 'NONE');
#8150 = EDGE_CURVE ( 'NONE', #6606, #5973, #178, .T. ) ;
#8151 = ORIENTED_EDGE ( 'NONE', *, *, #934, .T. ) ;
#8152 = DIRECTION ( 'NONE',  ( -7.760429719096859345E-17, 1.000000000000000000, 0.000000000000000000 ) ) ;
#8153 =( LENGTH_UNIT ( ) NAMED_UNIT ( * ) SI_UNIT ( .MILLI., .METRE. ) );
#8154 = CARTESIAN_POINT ( 'NONE',  ( 4.333030277982334866, 3.580118971312225007, -0.2499999999999996669 ) ) ;
#8155 = FACE_BOUND ( 'NONE', #2798, .T. ) ;
#8156 = CIRCLE ( 'NONE', #7448, 1.900000000000000133 ) ;
#8157 = VECTOR ( 'NONE', #8162, 1000.000000000000000 ) ;
#8158 = ORIENTED_EDGE ( 'NONE', *, *, #6946, .T. ) ;
#8159 = CIRCLE ( 'NONE', #733, 1.350000000000000311 ) ;
#8160 = CARTESIAN_POINT ( 'NONE',  ( -4.333030277982336642, 3.049000000000001265, -0.2499999999999996669 ) ) ;
#8161 = CARTESIAN_POINT ( 'NONE',  ( 2.499999999999999556, 6.963351365237943291, -6.235393227845725932E-16 ) ) ;
#8162 = DIRECTION ( 'NONE',  ( -1.000000000000000000, -0.000000000000000000, -0.000000000000000000 ) ) ;
#8163 = STYLED_ITEM ( 'NONE', ( #5451 ), #7797 ) ;
#8164 = STYLED_ITEM ( 'NONE', ( #3678 ), #3002 ) ;
#8165 = ORIENTED_EDGE ( 'NONE', *, *, #113, .T. ) ;
#8166 = STYLED_ITEM ( 'NONE', ( #7251 ), #7970 ) ;
#8167 = CARTESIAN_POINT ( 'NONE',  ( -3.899999999999999911, -1.200000000000000178, 4.049999999999999822 ) ) ;
#8168 = FACE_BOUND ( 'NONE', #4565, .T. ) ;
#8169 = FACE_OUTER_BOUND ( 'NONE', #3700, .T. ) ;
#8170 = UNCERTAINTY_MEASURE_WITH_UNIT (LENGTH_MEASURE( 1.000000000000000082E-05 ), #5167, 'distance_accuracy_value', 'NONE');
#8171 = AXIS2_PLACEMENT_3D ( 'NONE', #830, #7840, #3396 ) ;
#8172 = FACE_OUTER_BOUND ( 'NONE', #7060, .T. ) ;
#8173 = AXIS2_PLACEMENT_3D ( 'NONE', #2095, #2129, #6564 ) ;
#8174 = DIRECTION ( 'NONE',  ( 0.000000000000000000, -0.000000000000000000, -1.000000000000000000 ) ) ;
#8175 = CARTESIAN_POINT ( 'NONE',  ( 4.999999999999998224, 0.6999999999999992895, 3.149999999999999467 ) ) ;
#8176 = ADVANCED_FACE ( 'NONE', ( #3544 ), #160, .F. ) ;
#8177 = CARTESIAN_POINT ( 'NONE',  ( -4.400000000000001243, 5.000000000000000888, 0.000000000000000000 ) ) ;
#8178 = CARTESIAN_POINT ( 'NONE',  ( 0.8997548783981970111, -4.049999999999999822, 2.350000000000000977 ) ) ;
#8179 = CLOSED_SHELL ( 'NONE', ( #1961, #5176, #917, #6625, #3550, #2511, #5269, #6348 ) ) ;
#8180 = VECTOR ( 'NONE', #4890, 1000.000000000000000 ) ;
#8181 = PRESENTATION_STYLE_ASSIGNMENT (( #7721 ) ) ;
#8182 = LINE ( 'NONE', #8178, #447 ) ;
#8183 =( NAMED_UNIT ( * ) SI_UNIT ( $, .STERADIAN. ) SOLID_ANGLE_UNIT ( ) );
#8184 = AXIS2_PLACEMENT_3D ( 'NONE', #3668, #1226, #3134 ) ;
#8185 = VERTEX_POINT ( 'NONE', #108 ) ;
#8186 =( NAMED_UNIT ( * ) PLANE_ANGLE_UNIT ( ) SI_UNIT ( $, .RADIAN. ) );
#8187 = EDGE_CURVE ( 'NONE', #5477, #817, #1085, .T. ) ;
#8188 = CARTESIAN_POINT ( 'NONE',  ( -1.999999999999999556, -5.000000000000000000, -3.099999999999996980 ) ) ;
#8189 = LINE ( 'NONE', #6458, #5921 ) ;
#8190 = MECHANICAL_DESIGN_GEOMETRIC_PRESENTATION_REPRESENTATION (  '', ( #7096 ), #2824 ) ;
#8191 = ORIENTED_EDGE ( 'NONE', *, *, #338, .F. ) ;
#8192 = COLOUR_RGB ( '',1.000000000000000000, 1.000000000000000000, 0.7529411764705882248 ) ;
#8193 = PLANE ( 'NONE',  #2861 ) ;
#8194 =( LENGTH_UNIT ( ) NAMED_UNIT ( * ) SI_UNIT ( .MILLI., .METRE. ) );
#8195 = EDGE_CURVE ( 'NONE', #74, #6897, #5742, .T. ) ;
#8196 = PRESENTATION_STYLE_ASSIGNMENT (( #5796 ) ) ;
#8197 = PRESENTATION_STYLE_ASSIGNMENT (( #7622 ) ) ;
#8198 =( GEOMETRIC_REPRESENTATION_CONTEXT ( 3 ) GLOBAL_UNCERTAINTY_ASSIGNED_CONTEXT ( ( #2245 ) ) GLOBAL_UNIT_ASSIGNED_CONTEXT ( ( #5853, #3228, #151 ) ) REPRESENTATION_CONTEXT ( 'NONE', 'WORKASPACE' ) );
#8199 = EDGE_CURVE ( 'NONE', #4074, #2950, #1464, .T. ) ;
#8200 = CARTESIAN_POINT ( 'NONE',  ( -2.999999999999999556, -1.119999999999998552, -4.049999999999999822 ) ) ;
#8201 = FILL_AREA_STYLE ('',( #3758 ) ) ;
#8202 = VECTOR ( 'NONE', #4910, 1000.000000000000000 ) ;
#8203 =( NAMED_UNIT ( * ) PLANE_ANGLE_UNIT ( ) SI_UNIT ( $, .RADIAN. ) );
#8204 = FILL_AREA_STYLE ('',( #3761 ) ) ;
#8205 = EDGE_CURVE ( 'NONE', #4349, #4130, #7428, .T. ) ;
#8206 = FILL_AREA_STYLE_COLOUR ( '', #6389 ) ;
#8207 = CARTESIAN_POINT ( 'NONE',  ( -1.999999999999999556, -2.999999999999998668, -3.499999999999999112 ) ) ;
#8208 = DIRECTION ( 'NONE',  ( 0.000000000000000000, 0.000000000000000000, 1.000000000000000000 ) ) ;
#8209 = ORIENTED_EDGE ( 'NONE', *, *, #2966, .T. ) ;
#8210 =( NAMED_UNIT ( * ) PLANE_ANGLE_UNIT ( ) SI_UNIT ( $, .RADIAN. ) );
#8211 = CIRCLE ( 'NONE', #5305, 1.850000000000000089 ) ;
#8212 = DIRECTION ( 'NONE',  ( 1.000000000000000000, 0.000000000000000000, 0.000000000000000000 ) ) ;
#8213 = EDGE_LOOP ( 'NONE', ( #4741, #2590, #3510, #3411 ) ) ;
#8214 = ADVANCED_FACE ( 'NONE', ( #4056 ), #839, .F. ) ;
#8215 = AXIS2_PLACEMENT_3D ( 'NONE', #906, #5330, #1527 ) ;
#8216 = ORIENTED_EDGE ( 'NONE', *, *, #5133, .F. ) ;
#8217 = ORIENTED_EDGE ( 'NONE', *, *, #3388, .T. ) ;
#8218 =( NAMED_UNIT ( * ) PLANE_ANGLE_UNIT ( ) SI_UNIT ( $, .RADIAN. ) );
#8219 = CARTESIAN_POINT ( 'NONE',  ( -1.999999999999999556, -5.100000000000000533, -0.2500000000000000555 ) ) ;
#8220 = SURFACE_STYLE_USAGE ( .BOTH. , #1310 ) ;
#8221 = UNCERTAINTY_MEASURE_WITH_UNIT (LENGTH_MEASURE( 1.000000000000000082E-05 ), #6843, 'distance_accuracy_value', 'NONE');
#8222 = CARTESIAN_POINT ( 'NONE',  ( 2.000000000000000444, -4.500000000000000888, -2.899999999999999023 ) ) ;
#8223 = ORIENTED_EDGE ( 'NONE', *, *, #7160, .T. ) ;
#8224 = STYLED_ITEM ( 'NONE', ( #5084 ), #6664 ) ;
#8225 = FILL_AREA_STYLE ('',( #5765 ) ) ;
#8226 = AXIS2_PLACEMENT_3D ( 'NONE', #764, #1426, #4601 ) ;
#8227 = PLANE ( 'NONE',  #2376 ) ;
#8228 = EDGE_CURVE ( 'NONE', #7666, #6233, #8211, .T. ) ;
#8229 = ORIENTED_EDGE ( 'NONE', *, *, #2387, .T. ) ;
#8230 = CARTESIAN_POINT ( 'NONE',  ( 3.000000000000000444, -5.000000000000000000, -2.350000000000000089 ) ) ;
#8231 = EDGE_LOOP ( 'NONE', ( #1188, #5467, #1207, #5728 ) ) ;
#8232 = STYLED_ITEM ( 'NONE', ( #5208 ), #4874 ) ;
#8233 = DIRECTION ( 'NONE',  ( 0.000000000000000000, 0.000000000000000000, 1.000000000000000000 ) ) ;
#8234 = PRESENTATION_LAYER_ASSIGNMENT (  '', '', ( #1646 ) ) ;
#8235 =( LENGTH_UNIT ( ) NAMED_UNIT ( * ) SI_UNIT ( .MILLI., .METRE. ) );
#8236 = EDGE_LOOP ( 'NONE', ( #7120, #6800, #6410, #6837 ) ) ;
#8237 = VECTOR ( 'NONE', #6745, 1000.000000000000000 ) ;
#8238 = PRESENTATION_LAYER_ASSIGNMENT (  '', '', ( #4972 ) ) ;
#8239 =( LENGTH_UNIT ( ) NAMED_UNIT ( * ) SI_UNIT ( .MILLI., .METRE. ) );
#8240 = DIRECTION ( 'NONE',  ( 0.3420201433256693790, 0.9396926207859082059, 0.000000000000000000 ) ) ;
#8241 = CARTESIAN_POINT ( 'NONE',  ( -2.999999999999999556, -5.000000000000000000, -3.099999999999996536 ) ) ;
#8242 = CARTESIAN_POINT ( 'NONE',  ( 2.499999999999999556, 2.649000000000000909, 1.445602896648143000E-19 ) ) ;
#8243 = ORIENTED_EDGE ( 'NONE', *, *, #761, .F. ) ;
ENDSEC;
END-ISO-10303-21;
