ISO-10303-21;
HEADER;
FILE_DESCRIPTION(('SolidDesigner STEP Export'),'1');
FILE_NAME('mkds_1-7-3.5.stp','2000-06-13T14:43:55',(''),(''),
   'SolidDesigner STEP processor Version: 7.0(Mar 1999)for AP214(CD)
(Solid Model)',
   'CoCreate SolidDesigner: 07.50  21-Dec-99(C) CoCreate Software GmbH',
'');
FILE_SCHEMA(('AUTOMOTIVE_DESIGN_CC2 {1 2 10303 214 -1 1 5 1}'));
ENDSEC;
/* ISO 10303-21 file written by PSstep_Caselib, ProSTEP GmbH, Germany */
DATA;
#10=CARTESIAN_POINT('',(-3.1652975674933074E+01,2.8601376124790594E+01,
   2.4748737341528226E-01));
#20=DIRECTION('',(7.0710678118654746E-01,0.0000000000000000E+00,
   -7.0710678118654757E-01));
#30=DIRECTION('',(0.0000000000000000E+00,-1.0000000000000000E+00,
   0.0000000000000000E+00));
#40=AXIS2_PLACEMENT_3D('',#10,#20,#30);
#50=PLANE('',#40);
#60=CARTESIAN_POINT('',(-8.4502159542249785E+01,2.8001376124790593E+01,
   -5.2601696493901422E+01));
#70=DIRECTION('',(7.0710678118654757E-01,0.0000000000000000E+00,
   7.0710678118654746E-01));
#80=VECTOR('',#70,1.0000000000000000E+00);
#90=LINE('',#60,#80);
#100=CARTESIAN_POINT('',(-3.2611490150567121E+01,2.8001376124790593E+01,
   -7.1102710221876464E-01));
#110=VERTEX_POINT('',#100);
#120=CARTESIAN_POINT('',(-3.1905465551017315E+01,2.8001376124790593E+01,
   -5.0025026689564100E-03));
#130=VERTEX_POINT('',#120);
#140=EDGE_CURVE('',#110,#130,#90,.T.);
#150=ORIENTED_EDGE('',*,*,#140,.F.);
#160=CARTESIAN_POINT('',(-3.1905465551017315E+01,3.9321376124790604E+01,
   -5.0025026689564100E-03));
#170=DIRECTION('',(0.0000000000000000E+00,-1.0000000000000000E+00,
   0.0000000000000000E+00));
#180=VECTOR('',#170,1.0000000000000000E+00);
#190=LINE('',#160,#180);
#200=CARTESIAN_POINT('',(-3.1905465551017315E+01,2.8601376124790601E+01,
   -5.0025026689564100E-03));
#210=VERTEX_POINT('',#200);
#220=EDGE_CURVE('',#210,#130,#190,.T.);
#230=ORIENTED_EDGE('',*,*,#220,.T.);
#240=CARTESIAN_POINT('',(-8.4502159542249785E+01,2.8601376124790601E+01,
   -5.2601696493901422E+01));
#250=DIRECTION('',(-7.0710678118654757E-01,0.0000000000000000E+00,
   -7.0710678118654746E-01));
#260=VECTOR('',#250,1.0000000000000000E+00);
#270=LINE('',#240,#260);
#280=CARTESIAN_POINT('',(-3.2611490150567114E+01,2.8601376124790601E+01,
   -7.1102710221876286E-01));
#290=VERTEX_POINT('',#280);
#300=EDGE_CURVE('',#210,#290,#270,.T.);
#310=ORIENTED_EDGE('',*,*,#300,.F.);
#320=CARTESIAN_POINT('',(-3.2611490150567114E+01,2.7145319094080318E+01,
   -7.1102710221876286E-01));
#330=DIRECTION('',(0.0000000000000000E+00,1.0000000000000000E+00,
   0.0000000000000000E+00));
#340=VECTOR('',#330,1.0000000000000000E+00);
#350=LINE('',#320,#340);
#360=EDGE_CURVE('',#110,#290,#350,.T.);
#370=ORIENTED_EDGE('',*,*,#360,.T.);
#380=EDGE_LOOP('',(#370,#310,#230,#150));
#390=FACE_OUTER_BOUND('',#380,.T.);
#400=ADVANCED_FACE('',(#390),#50,.T.);
#410=COLOUR_RGB('',9.4901967048645020E-01,9.4901967048645020E-01,
   1.0000000000000000E+00);
#420=FILL_AREA_STYLE_COLOUR('',#410);
#430=FILL_AREA_STYLE('',(#420));
#440=SURFACE_STYLE_FILL_AREA(#430);
#450=SURFACE_SIDE_STYLE('',(#440));
#460=SURFACE_STYLE_USAGE(.BOTH.,#450);
#470=PRESENTATION_STYLE_ASSIGNMENT((#460));
#480=CARTESIAN_POINT('',(-3.1158000928102481E+01,2.7601376124790594E+01,
   -2.4748737341531779E-01));
#490=DIRECTION('',(-7.0710678118654746E-01,0.0000000000000000E+00,
   7.0710678118654757E-01));
#500=DIRECTION('',(0.0000000000000000E+00,1.0000000000000000E+00,
   0.0000000000000000E+00));
#510=AXIS2_PLACEMENT_3D('',#480,#490,#500);
#520=PLANE('',#510);
#530=CARTESIAN_POINT('',(-3.0910513554687164E+01,-2.2653715864353234E+01
   ,0.0000000000000000E+00));
#540=DIRECTION('',(0.0000000000000000E+00,1.0000000000000000E+00,
   0.0000000000000000E+00));
#550=VECTOR('',#540,1.0000000000000000E+00);
#560=LINE('',#530,#550);
#570=CARTESIAN_POINT('',(-3.0910513554687164E+01,2.8001376124790593E+01,
   -7.1054273576010019E-15));
#580=VERTEX_POINT('',#570);
#590=CARTESIAN_POINT('',(-3.0910513554687164E+01,2.8601376124790601E+01,
   -7.1054273576010019E-15));
#600=VERTEX_POINT('',#590);
#610=EDGE_CURVE('',#580,#600,#560,.T.);
#620=ORIENTED_EDGE('',*,*,#610,.T.);
#630=CARTESIAN_POINT('',(-8.4502159542249785E+01,2.8001376124790593E+01,
   -5.3591645987562615E+01));
#640=DIRECTION('',(-7.0710678118654757E-01,0.0000000000000000E+00,
   -7.0710678118654746E-01));
#650=VECTOR('',#640,1.0000000000000000E+00);
#660=LINE('',#630,#650);
#670=CARTESIAN_POINT('',(-3.1451982696657915E+01,2.8001376124790593E+01,
   -5.4146914197075358E-01));
#680=VERTEX_POINT('',#670);
#690=EDGE_CURVE('',#580,#680,#660,.T.);
#700=ORIENTED_EDGE('',*,*,#690,.F.);
#710=CARTESIAN_POINT('',(-3.1451982696657915E+01,3.9321376124790604E+01,
   -5.4146914197075358E-01));
#720=DIRECTION('',(0.0000000000000000E+00,-1.0000000000000000E+00,
   0.0000000000000000E+00));
#730=VECTOR('',#720,1.0000000000000000E+00);
#740=LINE('',#710,#730);
#750=CARTESIAN_POINT('',(-3.1451982696657915E+01,2.8601376124790601E+01,
   -5.4146914197075358E-01));
#760=VERTEX_POINT('',#750);
#770=EDGE_CURVE('',#760,#680,#740,.T.);
#780=ORIENTED_EDGE('',*,*,#770,.T.);
#790=CARTESIAN_POINT('',(-8.4502159542249785E+01,2.8601376124790601E+01,
   -5.3591645987562615E+01));
#800=DIRECTION('',(7.0710678118654757E-01,0.0000000000000000E+00,
   7.0710678118654746E-01));
#810=VECTOR('',#800,1.0000000000000000E+00);
#820=LINE('',#790,#810);
#830=EDGE_CURVE('',#760,#600,#820,.T.);
#840=ORIENTED_EDGE('',*,*,#830,.F.);
#850=EDGE_LOOP('',(#840,#780,#700,#620));
#860=FACE_OUTER_BOUND('',#850,.T.);
#870=ADVANCED_FACE('',(#860),#520,.T.);
#880=COLOUR_RGB('',9.4901967048645020E-01,9.4901967048645020E-01,
   1.0000000000000000E+00);
#890=FILL_AREA_STYLE_COLOUR('',#880);
#900=FILL_AREA_STYLE('',(#890));
#910=SURFACE_STYLE_FILL_AREA(#900);
#920=SURFACE_SIDE_STYLE('',(#910));
#930=SURFACE_STYLE_USAGE(.BOTH.,#920);
#940=PRESENTATION_STYLE_ASSIGNMENT((#930));
#950=CARTESIAN_POINT('',(-3.2074229385564998E+01,2.8601376124790601E+01,
   6.6874108404720545E-01));
#960=DIRECTION('',(0.0000000000000000E+00,1.0000000000000000E+00,
   0.0000000000000000E+00));
#970=DIRECTION('',(7.0710678118654746E-01,0.0000000000000000E+00,
   -7.0710678118654757E-01));
#980=AXIS2_PLACEMENT_3D('',#950,#960,#970);
#990=PLANE('',#980);
#1000=CARTESIAN_POINT('',(-3.1355488301517802E+01,2.8601376124790601E+01
   ,0.0000000000000000E+00));
#1010=DIRECTION('',(0.0000000000000000E+00,-1.0000000000000000E+00,
   0.0000000000000000E+00));
#1020=DIRECTION('',(1.0000000000000000E+00,0.0000000000000000E+00,
   0.0000000000000000E+00));
#1030=AXIS2_PLACEMENT_3D('',#1000,#1010,#1020);
#1040=CIRCLE('',#1030,5.5000000000000004E-01);
#1050=CARTESIAN_POINT('',(-3.0805488301517805E+01,2.8601376124790601E+01
   ,0.0000000000000000E+00));
#1060=VERTEX_POINT('',#1050);
#1070=EDGE_CURVE('',#760,#1060,#1040,.T.);
#1080=ORIENTED_EDGE('',*,*,#1070,.F.);
#1090=CARTESIAN_POINT('',(-8.4502159542249785E+01,2.8601376124790601E+01
   ,0.0000000000000000E+00));
#1100=DIRECTION('',(1.0000000000000000E+00,-0.0000000000000000E+00,
   0.0000000000000000E+00));
#1110=VECTOR('',#1100,1.0000000000000000E+00);
#1120=LINE('',#1090,#1110);
#1130=EDGE_CURVE('',#600,#1060,#1120,.T.);
#1140=ORIENTED_EDGE('',*,*,#1130,.T.);
#1150=ORIENTED_EDGE('',*,*,#830,.T.);
#1160=EDGE_LOOP('',(#1150,#1140,#1080));
#1170=FACE_OUTER_BOUND('',#1160,.T.);
#1180=ADVANCED_FACE('',(#1170),#990,.T.);
#1190=COLOUR_RGB('',9.4901967048645020E-01,9.4901967048645020E-01,
   1.0000000000000000E+00);
#1200=FILL_AREA_STYLE_COLOUR('',#1190);
#1210=FILL_AREA_STYLE('',(#1200));
#1220=SURFACE_STYLE_FILL_AREA(#1210);
#1230=SURFACE_SIDE_STYLE('',(#1220));
#1240=SURFACE_STYLE_USAGE(.BOTH.,#1230);
#1250=PRESENTATION_STYLE_ASSIGNMENT((#1240));
#1260=CARTESIAN_POINT('',(-3.1158000928102481E+01,2.8001376124790593E+01
   ,-2.4748737341531779E-01));
#1270=DIRECTION('',(0.0000000000000000E+00,1.0000000000000000E+00,
   0.0000000000000000E+00));
#1280=DIRECTION('',(7.0710678118654746E-01,0.0000000000000000E+00,
   -7.0710678118654757E-01));
#1290=AXIS2_PLACEMENT_3D('',#1260,#1270,#1280);
#1300=PLANE('',#1290);
#1310=CARTESIAN_POINT('',(-8.4502159542249785E+01,2.8001376124790593E+01
   ,-5.3591645987562615E+01));
#1320=DIRECTION('',(-7.0710678118654757E-01,0.0000000000000000E+00,
   -7.0710678118654746E-01));
#1330=VECTOR('',#1320,1.0000000000000000E+00);
#1340=LINE('',#1310,#1330);
#1350=CARTESIAN_POINT('',(-3.0199486452468442E+01,2.8001376124790593E+01
   ,7.1102710221871934E-01));
#1360=VERTEX_POINT('',#1350);
#1370=CARTESIAN_POINT('',(-3.0814019159546973E+01,2.8001376124790593E+01
   ,9.6494395139699485E-02));
#1380=VERTEX_POINT('',#1370);
#1390=EDGE_CURVE('',#1360,#1380,#1340,.T.);
#1400=ORIENTED_EDGE('',*,*,#1390,.T.);
#1410=CARTESIAN_POINT('',(-3.1405488301517792E+01,2.8001376124790593E+01
   ,0.0000000000000000E+00));
#1420=DIRECTION('',(0.0000000000000000E+00,1.0000000000000000E+00,
   0.0000000000000000E+00));
#1430=DIRECTION('',(-1.0000000000000000E+00,0.0000000000000000E+00,
   0.0000000000000000E+00));
#1440=AXIS2_PLACEMENT_3D('',#1410,#1420,#1430);
#1450=CIRCLE('',#1440,1.3999999999999999E+00);
#1460=CARTESIAN_POINT('',(-3.0694461199299042E+01,2.8001376124790593E+01
   ,1.2060018490493150E+00));
#1470=VERTEX_POINT('',#1460);
#1480=EDGE_CURVE('',#1470,#1360,#1450,.T.);
#1490=ORIENTED_EDGE('',*,*,#1480,.T.);
#1500=CARTESIAN_POINT('',(-8.4502159542249785E+01,2.8001376124790593E+01
   ,-5.2601696493901422E+01));
#1510=DIRECTION('',(7.0710678118654757E-01,0.0000000000000000E+00,
   7.0710678118654746E-01));
#1520=VECTOR('',#1510,1.0000000000000000E+00);
#1530=LINE('',#1500,#1520);
#1540=CARTESIAN_POINT('',(-3.1350485798849824E+01,2.8001376124790593E+01
   ,5.4997724949951987E-01));
#1550=VERTEX_POINT('',#1540);
#1560=EDGE_CURVE('',#1550,#1470,#1530,.T.);
#1570=ORIENTED_EDGE('',*,*,#1560,.T.);
#1580=CARTESIAN_POINT('',(-3.1355488301517802E+01,2.8001376124790593E+01
   ,0.0000000000000000E+00));
#1590=DIRECTION('',(0.0000000000000000E+00,-1.0000000000000000E+00,
   0.0000000000000000E+00));
#1600=DIRECTION('',(1.0000000000000000E+00,0.0000000000000000E+00,
   0.0000000000000000E+00));
#1610=AXIS2_PLACEMENT_3D('',#1580,#1590,#1600);
#1620=CIRCLE('',#1610,5.5000000000000004E-01);
#1630=EDGE_CURVE('',#1380,#1550,#1620,.T.);
#1640=ORIENTED_EDGE('',*,*,#1630,.T.);
#1650=EDGE_LOOP('',(#1640,#1570,#1490,#1400));
#1660=FACE_OUTER_BOUND('',#1650,.T.);
#1670=ADVANCED_FACE('',(#1660),#1300,.T.);
#1680=COLOUR_RGB('',9.4901967048645020E-01,9.4901967048645020E-01,
   1.0000000000000000E+00);
#1690=FILL_AREA_STYLE_COLOUR('',#1680);
#1700=FILL_AREA_STYLE('',(#1690));
#1710=SURFACE_STYLE_FILL_AREA(#1700);
#1720=SURFACE_SIDE_STYLE('',(#1710));
#1730=SURFACE_STYLE_USAGE(.BOTH.,#1720);
#1740=PRESENTATION_STYLE_ASSIGNMENT((#1730));
#1750=CARTESIAN_POINT('',(-3.1158000928102481E+01,2.7601376124790594E+01
   ,3.2525126265846822E+00));
#1760=DIRECTION('',(-7.0710678118654746E-01,0.0000000000000000E+00,
   7.0710678118654757E-01));
#1770=DIRECTION('',(0.0000000000000000E+00,1.0000000000000000E+00,
   0.0000000000000000E+00));
#1780=AXIS2_PLACEMENT_3D('',#1750,#1760,#1770);
#1790=PLANE('',#1780);
#1800=CARTESIAN_POINT('',(-8.4502159542249785E+01,2.8001376124790593E+01
   ,-5.0091645987562615E+01));
#1810=DIRECTION('',(-7.0710678118654757E-01,0.0000000000000000E+00,
   -7.0710678118654746E-01));
#1820=VECTOR('',#1810,1.0000000000000000E+00);
#1830=LINE('',#1800,#1820);
#1840=CARTESIAN_POINT('',(-3.1451982696657517E+01,2.8001376124790593E+01
   ,2.9585308580291754E+00));
#1850=VERTEX_POINT('',#1840);
#1860=CARTESIAN_POINT('',(-3.2116515403736514E+01,2.8001376124790593E+01
   ,2.2939981509506513E+00));
#1870=VERTEX_POINT('',#1860);
#1880=EDGE_CURVE('',#1850,#1870,#1830,.T.);
#1890=ORIENTED_EDGE('',*,*,#1880,.F.);
#1900=CARTESIAN_POINT('',(-3.2116515403736514E+01,2.7145319094080318E+01
   ,2.2939981509506513E+00));
#1910=DIRECTION('',(0.0000000000000000E+00,1.0000000000000000E+00,
   0.0000000000000000E+00));
#1920=VECTOR('',#1910,1.0000000000000000E+00);
#1930=LINE('',#1900,#1920);
#1940=CARTESIAN_POINT('',(-3.2116515403736514E+01,2.8601376124790601E+01
   ,2.2939981509506513E+00));
#1950=VERTEX_POINT('',#1940);
#1960=EDGE_CURVE('',#1870,#1950,#1930,.T.);
#1970=ORIENTED_EDGE('',*,*,#1960,.F.);
#1980=CARTESIAN_POINT('',(-8.4502159542249785E+01,2.8601376124790601E+01
   ,-5.0091645987562615E+01));
#1990=DIRECTION('',(7.0710678118654757E-01,0.0000000000000000E+00,
   7.0710678118654746E-01));
#2000=VECTOR('',#1990,1.0000000000000000E+00);
#2010=LINE('',#1980,#2000);
#2020=CARTESIAN_POINT('',(-3.1451982696656941E+01,2.8601376124790601E+01
   ,2.9585308580290732E+00));
#2030=VERTEX_POINT('',#2020);
#2040=EDGE_CURVE('',#1950,#2030,#2010,.T.);
#2050=ORIENTED_EDGE('',*,*,#2040,.F.);
#2060=CARTESIAN_POINT('',(-3.1451982696657915E+01,3.9321376124790604E+01
   ,2.9585308580292464E+00));
#2070=DIRECTION('',(0.0000000000000000E+00,-1.0000000000000000E+00,
   0.0000000000000000E+00));
#2080=VECTOR('',#2070,1.0000000000000000E+00);
#2090=LINE('',#2060,#2080);
#2100=EDGE_CURVE('',#2030,#1850,#2090,.T.);
#2110=ORIENTED_EDGE('',*,*,#2100,.F.);
#2120=EDGE_LOOP('',(#2110,#2050,#1970,#1890));
#2130=FACE_OUTER_BOUND('',#2120,.T.);
#2140=ADVANCED_FACE('',(#2130),#1790,.T.);
#2150=COLOUR_RGB('',9.4901967048645020E-01,9.4901967048645020E-01,
   1.0000000000000000E+00);
#2160=FILL_AREA_STYLE_COLOUR('',#2150);
#2170=FILL_AREA_STYLE('',(#2160));
#2180=SURFACE_STYLE_FILL_AREA(#2170);
#2190=SURFACE_SIDE_STYLE('',(#2180));
#2200=SURFACE_STYLE_USAGE(.BOTH.,#2190);
#2210=PRESENTATION_STYLE_ASSIGNMENT((#2200));
#2220=CARTESIAN_POINT('',(-3.4997595082704343E+01,2.2071376124790600E+01
   ,-1.0000000000000018E+00));
#2230=DIRECTION('',(0.0000000000000000E+00,-1.0000000000000000E+00,
   0.0000000000000000E+00));
#2240=DIRECTION('',(1.0000000000000000E+00,0.0000000000000000E+00,
   0.0000000000000000E+00));
#2250=AXIS2_PLACEMENT_3D('',#2220,#2230,#2240);
#2260=CYLINDRICAL_SURFACE('',#2250,5.0000000000000000E-01);
#2270=CARTESIAN_POINT('',(-3.4997595082704343E+01,2.5421376124790601E+01
   ,-1.0000000000000018E+00));
#2280=DIRECTION('',(0.0000000000000000E+00,-1.0000000000000000E+00,
   0.0000000000000000E+00));
#2290=DIRECTION('',(1.0000000000000000E+00,0.0000000000000000E+00,
   0.0000000000000000E+00));
#2300=AXIS2_PLACEMENT_3D('',#2270,#2280,#2290);
#2310=CIRCLE('',#2300,5.0000000000000000E-01);
#2320=CARTESIAN_POINT('',(-3.4955488301517804E+01,2.5421376124790601E+01
   ,-1.4982238643201571E+00));
#2330=VERTEX_POINT('',#2320);
#2340=CARTESIAN_POINT('',(-3.4644041692111067E+01,2.5421376124790601E+01
   ,-1.3535533905932722E+00));
#2350=VERTEX_POINT('',#2340);
#2360=EDGE_CURVE('',#2330,#2350,#2310,.T.);
#2370=ORIENTED_EDGE('',*,*,#2360,.F.);
#2380=CARTESIAN_POINT('',(-3.4644041692111067E+01,2.2071376124790600E+01
   ,-1.3535533905932722E+00));
#2390=DIRECTION('',(0.0000000000000000E+00,-1.0000000000000000E+00,
   0.0000000000000000E+00));
#2400=VECTOR('',#2390,1.0000000000000000E+00);
#2410=LINE('',#2380,#2400);
#2420=CARTESIAN_POINT('',(-3.4644041692111074E+01,2.1232822734197338E+01
   ,-1.3535533905932766E+00));
#2430=VERTEX_POINT('',#2420);
#2440=EDGE_CURVE('',#2350,#2430,#2410,.T.);
#2450=ORIENTED_EDGE('',*,*,#2440,.F.);
#2460=CARTESIAN_POINT('',(-3.4997595082704343E+01,2.0879269343604062E+01
   ,-1.0000000000000018E+00));
#2470=DIRECTION('',(7.0710678118654535E-01,-7.0710678118654968E-01,
   0.0000000000000000E+00));
#2480=DIRECTION('',(-7.0710678118654968E-01,-7.0710678118654535E-01,
   0.0000000000000000E+00));
#2490=AXIS2_PLACEMENT_3D('',#2460,#2470,#2480);
#2500=ELLIPSE('',#2490,7.0710678118654535E-01,5.0000000000000000E-01);
#2510=CARTESIAN_POINT('',(-3.4955488301517804E+01,2.0921376124790608E+01
   ,-1.4982238643201562E+00));
#2520=VERTEX_POINT('',#2510);
#2530=EDGE_CURVE('',#2520,#2430,#2500,.T.);
#2540=ORIENTED_EDGE('',*,*,#2530,.T.);
#2550=CARTESIAN_POINT('',(-3.4955488301517804E+01,2.2071376124790600E+01
   ,-1.4982238643201571E+00));
#2560=DIRECTION('',(0.0000000000000000E+00,-1.0000000000000000E+00,
   0.0000000000000000E+00));
#2570=VECTOR('',#2560,1.0000000000000000E+00);
#2580=LINE('',#2550,#2570);
#2590=EDGE_CURVE('',#2330,#2520,#2580,.T.);
#2600=ORIENTED_EDGE('',*,*,#2590,.T.);
#2610=EDGE_LOOP('',(#2600,#2540,#2450,#2370));
#2620=FACE_OUTER_BOUND('',#2610,.T.);
#2630=ADVANCED_FACE('',(#2620),#2260,.F.);
#2640=COLOUR_RGB('',5.0196081399917603E-01,1.0000000000000000E+00,
   5.0196081399917603E-01);
#2650=FILL_AREA_STYLE_COLOUR('',#2640);
#2660=FILL_AREA_STYLE('',(#2650));
#2670=SURFACE_STYLE_FILL_AREA(#2660);
#2680=SURFACE_SIDE_STYLE('',(#2670));
#2690=SURFACE_STYLE_USAGE(.BOTH.,#2680);
#2700=PRESENTATION_STYLE_ASSIGNMENT((#2690));
#2710=CARTESIAN_POINT('',(-3.4134907590252553E+01,2.5050785647341851E+01
   ,-7.9999999999999982E-01));
#2720=DIRECTION('',(9.6592582628906531E-01,2.5881904510253184E-01,
   0.0000000000000000E+00));
#2730=DIRECTION('',(2.5881904510253184E-01,-9.6592582628906531E-01,
   0.0000000000000000E+00));
#2740=AXIS2_PLACEMENT_3D('',#2710,#2720,#2730);
#2750=PLANE('',#2740);
#2760=CARTESIAN_POINT('',(-3.3805488301517798E+01,2.3821376124790600E+01
   ,7.9999999999999982E-01));
#2770=DIRECTION('',(-2.5881904510253184E-01,9.6592582628906531E-01,
   0.0000000000000000E+00));
#2780=VECTOR('',#2770,1.0000000000000000E+00);
#2790=LINE('',#2760,#2780);
#2800=CARTESIAN_POINT('',(-3.3805488301517791E+01,2.3821376124790600E+01
   ,7.9999999999999538E-01));
#2810=VERTEX_POINT('',#2800);
#2820=CARTESIAN_POINT('',(-3.4090488301517780E+01,2.4885010604947620E+01
   ,7.9999999999999982E-01));
#2830=VERTEX_POINT('',#2820);
#2840=EDGE_CURVE('',#2810,#2830,#2790,.T.);
#2850=ORIENTED_EDGE('',*,*,#2840,.T.);
#2860=CARTESIAN_POINT('',(-3.3805488301517798E+01,2.3821376124790600E+01
   ,0.0000000000000000E+00));
#2870=DIRECTION('',(0.0000000000000000E+00,0.0000000000000000E+00,
   -1.0000000000000000E+00));
#2880=VECTOR('',#2870,1.0000000000000000E+00);
#2890=LINE('',#2860,#2880);
#2900=CARTESIAN_POINT('',(-3.3805488301517798E+01,2.3821376124790600E+01
   ,-7.9999999999999982E-01));
#2910=VERTEX_POINT('',#2900);
#2920=EDGE_CURVE('',#2810,#2910,#2890,.T.);
#2930=ORIENTED_EDGE('',*,*,#2920,.F.);
#2940=CARTESIAN_POINT('',(-3.3805488301517798E+01,2.3821376124790600E+01
   ,-7.9999999999999982E-01));
#2950=DIRECTION('',(-2.5881904510253184E-01,9.6592582628906531E-01,
   0.0000000000000000E+00));
#2960=VECTOR('',#2950,1.0000000000000000E+00);
#2970=LINE('',#2940,#2960);
#2980=CARTESIAN_POINT('',(-3.4090488301517780E+01,2.4885010604947620E+01
   ,-7.9999999999999982E-01));
#2990=VERTEX_POINT('',#2980);
#3000=EDGE_CURVE('',#2910,#2990,#2970,.T.);
#3010=ORIENTED_EDGE('',*,*,#3000,.F.);
#3020=CARTESIAN_POINT('',(-2.7422569806281828E+01,0.0000000000000000E+00
   ,5.8679184952358687E+00));
#3030=DIRECTION('',(-2.5056280708574180E-01,9.3511312653102474E-01,
   -2.5056280708573864E-01));
#3040=VECTOR('',#3030,1.0000000000000000E+00);
#3050=LINE('',#3020,#3040);
#3060=CARTESIAN_POINT('',(-3.4134907590252553E+01,2.5050785647341851E+01
   ,-8.4441928873476346E-01));
#3070=VERTEX_POINT('',#3060);
#3080=EDGE_CURVE('',#2990,#3070,#3050,.T.);
#3090=ORIENTED_EDGE('',*,*,#3080,.F.);
#3100=CARTESIAN_POINT('',(-3.4134907590252553E+01,2.5050785647341851E+01
   ,0.0000000000000000E+00));
#3110=DIRECTION('',(0.0000000000000000E+00,0.0000000000000000E+00,
   1.0000000000000000E+00));
#3120=VECTOR('',#3110,1.0000000000000000E+00);
#3130=LINE('',#3100,#3120);
#3140=CARTESIAN_POINT('',(-3.4134907590252553E+01,2.5050785647341851E+01
   ,8.4441928873475458E-01));
#3150=VERTEX_POINT('',#3140);
#3160=EDGE_CURVE('',#3070,#3150,#3130,.T.);
#3170=ORIENTED_EDGE('',*,*,#3160,.F.);
#3180=CARTESIAN_POINT('',(-2.7422569806281842E+01,0.0000000000000000E+00
   ,-5.8679184952360472E+00));
#3190=DIRECTION('',(2.5056280708574147E-01,-9.3511312653102330E-01,
   -2.5056280708574469E-01));
#3200=VECTOR('',#3190,1.0000000000000000E+00);
#3210=LINE('',#3180,#3200);
#3220=EDGE_CURVE('',#3150,#2830,#3210,.T.);
#3230=ORIENTED_EDGE('',*,*,#3220,.F.);
#3240=EDGE_LOOP('',(#3230,#3170,#3090,#3010,#2930,#2850));
#3250=FACE_OUTER_BOUND('',#3240,.T.);
#3260=ADVANCED_FACE('',(#3250),#2750,.F.);
#3270=COLOUR_RGB('',5.0196081399917603E-01,1.0000000000000000E+00,
   5.0196081399917603E-01);
#3280=FILL_AREA_STYLE_COLOUR('',#3270);
#3290=FILL_AREA_STYLE('',(#3280));
#3300=SURFACE_STYLE_FILL_AREA(#3290);
#3310=SURFACE_SIDE_STYLE('',(#3300));
#3320=SURFACE_STYLE_USAGE(.BOTH.,#3310);
#3330=PRESENTATION_STYLE_ASSIGNMENT((#3320));
#3340=CARTESIAN_POINT('',(0.0000000000000000E+00,0.0000000000000000E+00,
   -2.0000000000000000E+00));
#3350=DIRECTION('',(0.0000000000000000E+00,0.0000000000000000E+00,
   1.0000000000000000E+00));
#3360=DIRECTION('',(1.0000000000000000E+00,0.0000000000000000E+00,
   0.0000000000000000E+00));
#3370=AXIS2_PLACEMENT_3D('',#3340,#3350,#3360);
#3380=PLANE('',#3370);
#3390=CARTESIAN_POINT('',(-8.4502159542249785E+01,2.0821376124790600E+01
   ,-2.0000000000000000E+00));
#3400=DIRECTION('',(1.0000000000000000E+00,0.0000000000000000E+00,
   0.0000000000000000E+00));
#3410=VECTOR('',#3400,1.0000000000000000E+00);
#3420=LINE('',#3390,#3410);
#3430=CARTESIAN_POINT('',(-3.4955488301517804E+01,2.0821376124790600E+01
   ,-2.0000000000000000E+00));
#3440=VERTEX_POINT('',#3430);
#3450=CARTESIAN_POINT('',(-2.7655488301517799E+01,2.0821376124790600E+01
   ,-2.0000000000000000E+00));
#3460=VERTEX_POINT('',#3450);
#3470=EDGE_CURVE('',#3440,#3460,#3420,.T.);
#3480=ORIENTED_EDGE('',*,*,#3470,.F.);
#3490=CARTESIAN_POINT('',(-2.7655488301517799E+01,2.0821376124790600E+01
   ,-2.0000000000000000E+00));
#3500=DIRECTION('',(0.0000000000000000E+00,1.0000000000000000E+00,
   0.0000000000000000E+00));
#3510=VECTOR('',#3500,1.0000000000000000E+00);
#3520=LINE('',#3490,#3510);
#3530=CARTESIAN_POINT('',(-2.7655488301517799E+01,2.3627661581016380E+01
   ,-2.0000000000000000E+00));
#3540=VERTEX_POINT('',#3530);
#3550=EDGE_CURVE('',#3460,#3540,#3520,.T.);
#3560=ORIENTED_EDGE('',*,*,#3550,.F.);
#3570=CARTESIAN_POINT('',(-2.7655488301517799E+01,2.3627661581016380E+01
   ,-2.0000000000000000E+00));
#3580=DIRECTION('',(-3.0901699437494878E-01,9.5105651629515309E-01,
   0.0000000000000000E+00));
#3590=VECTOR('',#3580,1.0000000000000000E+00);
#3600=LINE('',#3570,#3590);
#3610=CARTESIAN_POINT('',(-2.9393231307372915E+01,2.8975884621978071E+01
   ,-2.0000000000000000E+00));
#3620=VERTEX_POINT('',#3610);
#3630=EDGE_CURVE('',#3540,#3620,#3600,.T.);
#3640=ORIENTED_EDGE('',*,*,#3630,.F.);
#3650=CARTESIAN_POINT('',(-2.9868759565520477E+01,2.8821376124790600E+01
   ,-2.0000000000000000E+00));
#3660=DIRECTION('',(0.0000000000000000E+00,0.0000000000000000E+00,
   1.0000000000000000E+00));
#3670=DIRECTION('',(1.0000000000000000E+00,0.0000000000000000E+00,
   0.0000000000000000E+00));
#3680=AXIS2_PLACEMENT_3D('',#3650,#3660,#3670);
#3690=CIRCLE('',#3680,4.9999999999999767E-01);
#3700=CARTESIAN_POINT('',(-2.9868759565520477E+01,2.9321376124790600E+01
   ,-2.0000000000000000E+00));
#3710=VERTEX_POINT('',#3700);
#3720=EDGE_CURVE('',#3620,#3710,#3690,.T.);
#3730=ORIENTED_EDGE('',*,*,#3720,.F.);
#3740=CARTESIAN_POINT('',(-3.2921824807528317E+01,2.9321376124790600E+01
   ,-2.0000000000000000E+00));
#3750=DIRECTION('',(1.0000000000000000E+00,0.0000000000000000E+00,
   0.0000000000000000E+00));
#3760=VECTOR('',#3750,1.0000000000000000E+00);
#3770=LINE('',#3740,#3760);
#3780=CARTESIAN_POINT('',(-3.2921824807528317E+01,2.9321376124790600E+01
   ,-2.0000000000000000E+00));
#3790=VERTEX_POINT('',#3780);
#3800=EDGE_CURVE('',#3790,#3710,#3770,.T.);
#3810=ORIENTED_EDGE('',*,*,#3800,.T.);
#3820=CARTESIAN_POINT('',(-3.2921824807528317E+01,2.8821376124790600E+01
   ,-2.0000000000000000E+00));
#3830=DIRECTION('',(0.0000000000000000E+00,0.0000000000000000E+00,
   1.0000000000000000E+00));
#3840=DIRECTION('',(1.0000000000000000E+00,0.0000000000000000E+00,
   0.0000000000000000E+00));
#3850=AXIS2_PLACEMENT_3D('',#3820,#3830,#3840);
#3860=CIRCLE('',#3850,4.9999999999999745E-01);
#3870=CARTESIAN_POINT('',(-3.3404787720672857E+01,2.8950785647341856E+01
   ,-2.0000000000000000E+00));
#3880=VERTEX_POINT('',#3870);
#3890=EDGE_CURVE('',#3790,#3880,#3860,.T.);
#3900=ORIENTED_EDGE('',*,*,#3890,.F.);
#3910=CARTESIAN_POINT('',(-3.3404787720672857E+01,2.8950785647341856E+01
   ,-2.0000000000000000E+00));
#3920=DIRECTION('',(-2.5881904510252168E-01,-9.6592582628906809E-01,
   0.0000000000000000E+00));
#3930=VECTOR('',#3920,1.0000000000000000E+00);
#3940=LINE('',#3910,#3930);
#3950=CARTESIAN_POINT('',(-3.4216515555783623E+01,2.5921376124790601E+01
   ,-2.0000000000000000E+00));
#3960=VERTEX_POINT('',#3950);
#3970=EDGE_CURVE('',#3880,#3960,#3940,.T.);
#3980=ORIENTED_EDGE('',*,*,#3970,.F.);
#3990=CARTESIAN_POINT('',(-3.4216515555783623E+01,2.5921376124790601E+01
   ,-2.0000000000000000E+00));
#4000=DIRECTION('',(-1.0000000000000000E+00,0.0000000000000000E+00,
   0.0000000000000000E+00));
#4010=VECTOR('',#4000,1.0000000000000000E+00);
#4020=LINE('',#3990,#4010);
#4030=CARTESIAN_POINT('',(-3.4655488301517813E+01,2.5921376124790601E+01
   ,-2.0000000000000000E+00));
#4040=VERTEX_POINT('',#4030);
#4050=EDGE_CURVE('',#3960,#4040,#4020,.T.);
#4060=ORIENTED_EDGE('',*,*,#4050,.F.);
#4070=CARTESIAN_POINT('',(-3.4655488301517813E+01,2.5621376124790597E+01
   ,-2.0000000000000000E+00));
#4080=DIRECTION('',(0.0000000000000000E+00,0.0000000000000000E+00,
   1.0000000000000000E+00));
#4090=DIRECTION('',(1.0000000000000000E+00,0.0000000000000000E+00,
   0.0000000000000000E+00));
#4100=AXIS2_PLACEMENT_3D('',#4070,#4080,#4090);
#4110=CIRCLE('',#4100,3.0000000000000071E-01);
#4120=CARTESIAN_POINT('',(-3.4955488301517818E+01,2.5621376124790597E+01
   ,-2.0000000000000000E+00));
#4130=VERTEX_POINT('',#4120);
#4140=EDGE_CURVE('',#4040,#4130,#4110,.T.);
#4150=ORIENTED_EDGE('',*,*,#4140,.F.);
#4160=CARTESIAN_POINT('',(-3.4955488301517804E+01,0.0000000000000000E+00
   ,-2.0000000000000000E+00));
#4170=DIRECTION('',(0.0000000000000000E+00,-1.0000000000000000E+00,
   0.0000000000000000E+00));
#4180=VECTOR('',#4170,1.0000000000000000E+00);
#4190=LINE('',#4160,#4180);
#4200=EDGE_CURVE('',#4130,#3440,#4190,.T.);
#4210=ORIENTED_EDGE('',*,*,#4200,.F.);
#4220=EDGE_LOOP('',(#4210,#4150,#4060,#3980,#3900,#3810,#3730,#3640,
   #3560,#3480));
#4230=FACE_OUTER_BOUND('',#4220,.T.);
#4240=ADVANCED_FACE('',(#4230),#3380,.F.);
#4250=COLOUR_RGB('',5.0196081399917603E-01,1.0000000000000000E+00,
   5.0196081399917603E-01);
#4260=FILL_AREA_STYLE_COLOUR('',#4250);
#4270=FILL_AREA_STYLE('',(#4260));
#4280=SURFACE_STYLE_FILL_AREA(#4270);
#4290=SURFACE_SIDE_STYLE('',(#4280));
#4300=SURFACE_STYLE_USAGE(.BOTH.,#4290);
#4310=PRESENTATION_STYLE_ASSIGNMENT((#4300));
#4320=CARTESIAN_POINT('',(-3.4997595082704343E+01,2.2071376124790600E+01
   ,2.4999999999999987E+00));
#4330=DIRECTION('',(0.0000000000000000E+00,-1.0000000000000000E+00,
   0.0000000000000000E+00));
#4340=DIRECTION('',(1.0000000000000000E+00,0.0000000000000000E+00,
   0.0000000000000000E+00));
#4350=AXIS2_PLACEMENT_3D('',#4320,#4330,#4340);
#4360=CYLINDRICAL_SURFACE('',#4350,5.0000000000000000E-01);
#4370=CARTESIAN_POINT('',(-3.4644041692111067E+01,2.2071376124790600E+01
   ,2.1464466094067278E+00));
#4380=DIRECTION('',(0.0000000000000000E+00,-1.0000000000000000E+00,
   0.0000000000000000E+00));
#4390=VECTOR('',#4380,1.0000000000000000E+00);
#4400=LINE('',#4370,#4390);
#4410=CARTESIAN_POINT('',(-3.4644041692111067E+01,2.5421376124790601E+01
   ,2.1464466094067278E+00));
#4420=VERTEX_POINT('',#4410);
#4430=CARTESIAN_POINT('',(-3.4644041692111067E+01,2.1232822734197338E+01
   ,2.1464466094067278E+00));
#4440=VERTEX_POINT('',#4430);
#4450=EDGE_CURVE('',#4420,#4440,#4400,.T.);
#4460=ORIENTED_EDGE('',*,*,#4450,.F.);
#4470=CARTESIAN_POINT('',(-3.4997595082704343E+01,2.0879269343604062E+01
   ,2.4999999999999987E+00));
#4480=DIRECTION('',(7.0710678118654535E-01,-7.0710678118654968E-01,
   0.0000000000000000E+00));
#4490=DIRECTION('',(-7.0710678118654968E-01,-7.0710678118654535E-01,
   0.0000000000000000E+00));
#4500=AXIS2_PLACEMENT_3D('',#4470,#4480,#4490);
#4510=ELLIPSE('',#4500,7.0710678118654535E-01,5.0000000000000000E-01);
#4520=CARTESIAN_POINT('',(-3.4955488301517804E+01,2.0921376124790608E+01
   ,2.0017761356798429E+00));
#4530=VERTEX_POINT('',#4520);
#4540=EDGE_CURVE('',#4530,#4440,#4510,.T.);
#4550=ORIENTED_EDGE('',*,*,#4540,.T.);
#4560=CARTESIAN_POINT('',(-3.4955488301517804E+01,2.2071376124790600E+01
   ,2.0017761356798429E+00));
#4570=DIRECTION('',(0.0000000000000000E+00,-1.0000000000000000E+00,
   0.0000000000000000E+00));
#4580=VECTOR('',#4570,1.0000000000000000E+00);
#4590=LINE('',#4560,#4580);
#4600=CARTESIAN_POINT('',(-3.4955488301517804E+01,2.5421376124790601E+01
   ,2.0017761356798429E+00));
#4610=VERTEX_POINT('',#4600);
#4620=EDGE_CURVE('',#4610,#4530,#4590,.T.);
#4630=ORIENTED_EDGE('',*,*,#4620,.T.);
#4640=CARTESIAN_POINT('',(-3.4997595082704343E+01,2.5421376124790601E+01
   ,2.4999999999999987E+00));
#4650=DIRECTION('',(0.0000000000000000E+00,-1.0000000000000000E+00,
   0.0000000000000000E+00));
#4660=DIRECTION('',(1.0000000000000000E+00,0.0000000000000000E+00,
   0.0000000000000000E+00));
#4670=AXIS2_PLACEMENT_3D('',#4640,#4650,#4660);
#4680=CIRCLE('',#4670,5.0000000000000000E-01);
#4690=EDGE_CURVE('',#4610,#4420,#4680,.T.);
#4700=ORIENTED_EDGE('',*,*,#4690,.F.);
#4710=EDGE_LOOP('',(#4700,#4630,#4550,#4460));
#4720=FACE_OUTER_BOUND('',#4710,.T.);
#4730=ADVANCED_FACE('',(#4720),#4360,.F.);
#4740=COLOUR_RGB('',5.0196081399917603E-01,1.0000000000000000E+00,
   5.0196081399917603E-01);
#4750=FILL_AREA_STYLE_COLOUR('',#4740);
#4760=FILL_AREA_STYLE('',(#4750));
#4770=SURFACE_STYLE_FILL_AREA(#4760);
#4780=SURFACE_SIDE_STYLE('',(#4770));
#4790=SURFACE_STYLE_USAGE(.BOTH.,#4780);
#4800=PRESENTATION_STYLE_ASSIGNMENT((#4790));
#4810=CARTESIAN_POINT('',(-3.4644041692111067E+01,2.5421376124790601E+01
   ,-7.9999999999999982E-01));
#4820=DIRECTION('',(-0.0000000000000000E+00,1.0000000000000000E+00,
   0.0000000000000000E+00));
#4830=DIRECTION('',(1.0000000000000000E+00,0.0000000000000000E+00,
   0.0000000000000000E+00));
#4840=AXIS2_PLACEMENT_3D('',#4810,#4820,#4830);
#4850=PLANE('',#4840);
#4860=CARTESIAN_POINT('',(0.0000000000000000E+00,2.5421376124790594E+01,
   3.3290488301517350E+01));
#4870=DIRECTION('',(-7.0710678118655201E-01,0.0000000000000000E+00,
   -7.0710678118654302E-01));
#4880=VECTOR('',#4870,1.0000000000000000E+00);
#4890=LINE('',#4860,#4880);
#4900=CARTESIAN_POINT('',(-3.4617870503397079E+01,2.5421376124790594E+01
   ,-1.3273822018792831E+00));
#4910=VERTEX_POINT('',#4900);
#4920=EDGE_CURVE('',#4910,#2350,#4890,.T.);
#4930=ORIENTED_EDGE('',*,*,#4920,.F.);
#4940=ORIENTED_EDGE('',*,*,#2360,.T.);
#4950=CARTESIAN_POINT('',(-3.4955488301517804E+01,2.5421376124790601E+01
   ,0.0000000000000000E+00));
#4960=DIRECTION('',(0.0000000000000000E+00,0.0000000000000000E+00,
   1.0000000000000000E+00));
#4970=VECTOR('',#4960,1.0000000000000000E+00);
#4980=LINE('',#4950,#4970);
#4990=CARTESIAN_POINT('',(-3.4955488301517804E+01,2.5421376124790601E+01
   ,1.4982238643201584E+00));
#5000=VERTEX_POINT('',#4990);
#5010=EDGE_CURVE('',#2330,#5000,#4980,.T.);
#5020=ORIENTED_EDGE('',*,*,#5010,.F.);
#5030=CARTESIAN_POINT('',(-3.4997595082704343E+01,2.5421376124790601E+01
   ,9.9999999999999822E-01));
#5040=DIRECTION('',(0.0000000000000000E+00,-1.0000000000000000E+00,
   0.0000000000000000E+00));
#5050=DIRECTION('',(1.0000000000000000E+00,0.0000000000000000E+00,
   0.0000000000000000E+00));
#5060=AXIS2_PLACEMENT_3D('',#5030,#5040,#5050);
#5070=CIRCLE('',#5060,5.0000000000000400E-01);
#5080=CARTESIAN_POINT('',(-3.4644041692111067E+01,2.5421376124790601E+01
   ,1.3535533905932748E+00));
#5090=VERTEX_POINT('',#5080);
#5100=EDGE_CURVE('',#5090,#5000,#5070,.T.);
#5110=ORIENTED_EDGE('',*,*,#5100,.T.);
#5120=CARTESIAN_POINT('',(-3.3290488301517811E+01,2.5421376124790601E+01
   ,0.0000000000000000E+00));
#5130=DIRECTION('',(7.0710678118654302E-01,0.0000000000000000E+00,
   -7.0710678118655212E-01));
#5140=VECTOR('',#5130,1.0000000000000000E+00);
#5150=LINE('',#5120,#5140);
#5160=CARTESIAN_POINT('',(-3.4617870503397079E+01,2.5421376124790594E+01
   ,1.3273822018792867E+00));
#5170=VERTEX_POINT('',#5160);
#5180=EDGE_CURVE('',#5090,#5170,#5150,.T.);
#5190=ORIENTED_EDGE('',*,*,#5180,.F.);
#5200=CARTESIAN_POINT('',(-3.4617870503397079E+01,2.5421376124790601E+01
   ,0.0000000000000000E+00));
#5210=DIRECTION('',(0.0000000000000000E+00,0.0000000000000000E+00,
   1.0000000000000000E+00));
#5220=VECTOR('',#5210,1.0000000000000000E+00);
#5230=LINE('',#5200,#5220);
#5240=EDGE_CURVE('',#4910,#5170,#5230,.T.);
#5250=ORIENTED_EDGE('',*,*,#5240,.T.);
#5260=EDGE_LOOP('',(#5250,#5190,#5110,#5020,#4940,#4930));
#5270=FACE_OUTER_BOUND('',#5260,.T.);
#5280=ADVANCED_FACE('',(#5270),#4850,.F.);
#5290=COLOUR_RGB('',5.0196081399917603E-01,1.0000000000000000E+00,
   5.0196081399917603E-01);
#5300=FILL_AREA_STYLE_COLOUR('',#5290);
#5310=FILL_AREA_STYLE('',(#5300));
#5320=SURFACE_STYLE_FILL_AREA(#5310);
#5330=SURFACE_SIDE_STYLE('',(#5320));
#5340=SURFACE_STYLE_USAGE(.BOTH.,#5330);
#5350=PRESENTATION_STYLE_ASSIGNMENT((#5340));
#5360=CARTESIAN_POINT('',(-3.4644041692111067E+01,2.2071376124790600E+01
   ,-1.3535533905932713E+00));
#5370=DIRECTION('',(7.0710678118654302E-01,0.0000000000000000E+00,
   -7.0710678118655201E-01));
#5380=DIRECTION('',(-7.0710678118655201E-01,0.0000000000000000E+00,
   -7.0710678118654302E-01));
#5390=AXIS2_PLACEMENT_3D('',#5360,#5370,#5380);
#5400=PLANE('',#5390);
#5410=ORIENTED_EDGE('',*,*,#4920,.T.);
#5420=CARTESIAN_POINT('',(-3.4617870503397079E+01,2.4921376124790594E+01
   ,-1.3273822018792831E+00));
#5430=DIRECTION('',(7.0710678118654302E-01,0.0000000000000000E+00,
   -7.0710678118655201E-01));
#5440=DIRECTION('',(-7.0710678118655201E-01,0.0000000000000000E+00,
   -7.0710678118654302E-01));
#5450=AXIS2_PLACEMENT_3D('',#5420,#5430,#5440);
#5460=ELLIPSE('',#5450,7.0710678118652770E-01,4.9999999999998912E-01);
#5470=EDGE_CURVE('',#4910,#3070,#5460,.T.);
#5480=ORIENTED_EDGE('',*,*,#5470,.F.);
#5490=ORIENTED_EDGE('',*,*,#3080,.T.);
#5500=CARTESIAN_POINT('',(-3.4090488301517780E+01,0.0000000000000000E+00
   ,-7.9999999999999982E-01));
#5510=DIRECTION('',(0.0000000000000000E+00,1.0000000000000000E+00,
   0.0000000000000000E+00));
#5520=VECTOR('',#5510,1.0000000000000000E+00);
#5530=LINE('',#5500,#5520);
#5540=CARTESIAN_POINT('',(-3.4090488301517780E+01,2.1786376124790618E+01
   ,-7.9999999999999982E-01));
#5550=VERTEX_POINT('',#5540);
#5560=EDGE_CURVE('',#5550,#2990,#5530,.T.);
#5570=ORIENTED_EDGE('',*,*,#5560,.T.);
#5580=CARTESIAN_POINT('',(0.0000000000000000E+00,5.5876864426308202E+01,
   3.3290488301517350E+01));
#5590=DIRECTION('',(5.7735026918962939E-01,5.7735026918962584E-01,
   5.7735026918962207E-01));
#5600=VECTOR('',#5590,1.0000000000000000E+00);
#5610=LINE('',#5580,#5600);
#5620=EDGE_CURVE('',#2430,#5550,#5610,.T.);
#5630=ORIENTED_EDGE('',*,*,#5620,.T.);
#5640=ORIENTED_EDGE('',*,*,#2440,.T.);
#5650=EDGE_LOOP('',(#5640,#5630,#5570,#5490,#5480,#5410));
#5660=FACE_OUTER_BOUND('',#5650,.T.);
#5670=ADVANCED_FACE('',(#5660),#5400,.F.);
#5680=COLOUR_RGB('',5.0196081399917603E-01,1.0000000000000000E+00,
   5.0196081399917603E-01);
#5690=FILL_AREA_STYLE_COLOUR('',#5680);
#5700=FILL_AREA_STYLE('',(#5690));
#5710=SURFACE_STYLE_FILL_AREA(#5700);
#5720=SURFACE_SIDE_STYLE('',(#5710));
#5730=SURFACE_STYLE_USAGE(.BOTH.,#5720);
#5740=PRESENTATION_STYLE_ASSIGNMENT((#5730));
#5750=CARTESIAN_POINT('',(-3.2074229385564998E+01,2.8601376124790601E+01
   ,4.1687410840472054E+00));
#5760=DIRECTION('',(0.0000000000000000E+00,1.0000000000000000E+00,
   0.0000000000000000E+00));
#5770=DIRECTION('',(7.0710678118654746E-01,0.0000000000000000E+00,
   -7.0710678118654757E-01));
#5780=AXIS2_PLACEMENT_3D('',#5750,#5760,#5770);
#5790=PLANE('',#5780);
#5800=ORIENTED_EDGE('',*,*,#2040,.T.);
#5810=CARTESIAN_POINT('',(-3.1405488301517792E+01,2.8601376124790601E+01
   ,3.5000000000000018E+00));
#5820=DIRECTION('',(0.0000000000000000E+00,1.0000000000000000E+00,
   0.0000000000000000E+00));
#5830=DIRECTION('',(-1.0000000000000000E+00,0.0000000000000000E+00,
   0.0000000000000000E+00));
#5840=AXIS2_PLACEMENT_3D('',#5810,#5820,#5830);
#5850=CIRCLE('',#5840,1.3999999999999999E+00);
#5860=CARTESIAN_POINT('',(-3.0005488301517794E+01,2.8601376124790601E+01
   ,3.5000000000000018E+00));
#5870=VERTEX_POINT('',#5860);
#5880=EDGE_CURVE('',#5870,#1950,#5850,.T.);
#5890=ORIENTED_EDGE('',*,*,#5880,.T.);
#5900=CARTESIAN_POINT('',(-3.0199486452468442E+01,2.8601376124790601E+01
   ,4.2110271022187211E+00));
#5910=VERTEX_POINT('',#5900);
#5920=EDGE_CURVE('',#5910,#5870,#5850,.T.);
#5930=ORIENTED_EDGE('',*,*,#5920,.T.);
#5940=CARTESIAN_POINT('',(-8.4502159542249785E+01,2.8601376124790601E+01
   ,-5.0091645987562615E+01));
#5950=DIRECTION('',(7.0710678118654757E-01,0.0000000000000000E+00,
   7.0710678118654746E-01));
#5960=VECTOR('',#5950,1.0000000000000000E+00);
#5970=LINE('',#5940,#5960);
#5980=CARTESIAN_POINT('',(-3.0814019159547051E+01,2.8601376124790601E+01
   ,3.5964943951401160E+00));
#5990=VERTEX_POINT('',#5980);
#6000=EDGE_CURVE('',#5990,#5910,#5970,.T.);
#6010=ORIENTED_EDGE('',*,*,#6000,.T.);
#6020=CARTESIAN_POINT('',(-3.1355488301517802E+01,2.8601376124790601E+01
   ,3.5000000000000018E+00));
#6030=DIRECTION('',(0.0000000000000000E+00,-1.0000000000000000E+00,
   0.0000000000000000E+00));
#6040=DIRECTION('',(1.0000000000000000E+00,0.0000000000000000E+00,
   0.0000000000000000E+00));
#6050=AXIS2_PLACEMENT_3D('',#6020,#6030,#6040);
#6060=CIRCLE('',#6050,5.5000000000000004E-01);
#6070=CARTESIAN_POINT('',(-3.0805488301517805E+01,2.8601376124790601E+01
   ,3.5000000000000000E+00));
#6080=VERTEX_POINT('',#6070);
#6090=EDGE_CURVE('',#6080,#5990,#6060,.T.);
#6100=ORIENTED_EDGE('',*,*,#6090,.T.);
#6110=CARTESIAN_POINT('',(-3.1355488301517802E+01,2.8601376124790601E+01
   ,3.5000000000000000E+00));
#6120=DIRECTION('',(0.0000000000000000E+00,-1.0000000000000000E+00,
   0.0000000000000000E+00));
#6130=DIRECTION('',(1.0000000000000000E+00,0.0000000000000000E+00,
   0.0000000000000000E+00));
#6140=AXIS2_PLACEMENT_3D('',#6110,#6120,#6130);
#6150=CIRCLE('',#6140,5.5000000000000004E-01);
#6160=EDGE_CURVE('',#2030,#6080,#6150,.T.);
#6170=ORIENTED_EDGE('',*,*,#6160,.T.);
#6180=EDGE_LOOP('',(#6170,#6100,#6010,#5930,#5890,#5800));
#6190=FACE_OUTER_BOUND('',#6180,.T.);
#6200=ADVANCED_FACE('',(#6190),#5790,.T.);
#6210=COLOUR_RGB('',9.4901967048645020E-01,9.4901967048645020E-01,
   1.0000000000000000E+00);
#6220=FILL_AREA_STYLE_COLOUR('',#6210);
#6230=FILL_AREA_STYLE('',(#6220));
#6240=SURFACE_STYLE_FILL_AREA(#6230);
#6250=SURFACE_SIDE_STYLE('',(#6240));
#6260=SURFACE_STYLE_USAGE(.BOTH.,#6250);
#6270=PRESENTATION_STYLE_ASSIGNMENT((#6260));
#6280=CARTESIAN_POINT('',(-3.1158000928102481E+01,2.8001376124790593E+01
   ,3.2525126265846822E+00));
#6290=DIRECTION('',(0.0000000000000000E+00,1.0000000000000000E+00,
   0.0000000000000000E+00));
#6300=DIRECTION('',(7.0710678118654746E-01,0.0000000000000000E+00,
   -7.0710678118654757E-01));
#6310=AXIS2_PLACEMENT_3D('',#6280,#6290,#6300);
#6320=PLANE('',#6310);
#6330=CARTESIAN_POINT('',(-8.4502159542249785E+01,2.8001376124790593E+01
   ,-4.9101696493901422E+01));
#6340=DIRECTION('',(7.0710678118654757E-01,0.0000000000000000E+00,
   7.0710678118654746E-01));
#6350=VECTOR('',#6340,1.0000000000000000E+00);
#6360=LINE('',#6330,#6350);
#6370=CARTESIAN_POINT('',(-3.1905465551017315E+01,2.8001376124790593E+01
   ,3.4949974973310436E+00));
#6380=VERTEX_POINT('',#6370);
#6390=CARTESIAN_POINT('',(-3.1900463048348364E+01,2.8001376124790593E+01
   ,3.4999999999999929E+00));
#6400=VERTEX_POINT('',#6390);
#6410=EDGE_CURVE('',#6380,#6400,#6360,.T.);
#6420=ORIENTED_EDGE('',*,*,#6410,.T.);
#6430=CARTESIAN_POINT('',(-3.1355488301517802E+01,2.8001376124790593E+01
   ,3.5000000000000000E+00));
#6440=DIRECTION('',(0.0000000000000000E+00,-1.0000000000000000E+00,
   0.0000000000000000E+00));
#6450=DIRECTION('',(1.0000000000000000E+00,0.0000000000000000E+00,
   0.0000000000000000E+00));
#6460=AXIS2_PLACEMENT_3D('',#6430,#6440,#6450);
#6470=CIRCLE('',#6460,5.5000000000000004E-01);
#6480=EDGE_CURVE('',#6380,#1850,#6470,.T.);
#6490=ORIENTED_EDGE('',*,*,#6480,.F.);
#6500=CARTESIAN_POINT('',(-3.0910513554687164E+01,2.8001376124790593E+01
   ,3.4999999999999929E+00));
#6510=VERTEX_POINT('',#6500);
#6520=EDGE_CURVE('',#6510,#1850,#1830,.T.);
#6530=ORIENTED_EDGE('',*,*,#6520,.T.);
#6540=CARTESIAN_POINT('',(-8.4502159542249785E+01,2.8001376124790593E+01
   ,3.5000000000000000E+00));
#6550=DIRECTION('',(-1.0000000000000000E+00,0.0000000000000000E+00,
   0.0000000000000000E+00));
#6560=VECTOR('',#6550,1.0000000000000000E+00);
#6570=LINE('',#6540,#6560);
#6580=EDGE_CURVE('',#6510,#6400,#6570,.T.);
#6590=ORIENTED_EDGE('',*,*,#6580,.F.);
#6600=EDGE_LOOP('',(#6590,#6530,#6490,#6420));
#6610=FACE_OUTER_BOUND('',#6600,.T.);
#6620=ADVANCED_FACE('',(#6610),#6320,.T.);
#6630=COLOUR_RGB('',9.4901967048645020E-01,9.4901967048645020E-01,
   1.0000000000000000E+00);
#6640=FILL_AREA_STYLE_COLOUR('',#6630);
#6650=FILL_AREA_STYLE('',(#6640));
#6660=SURFACE_STYLE_FILL_AREA(#6650);
#6670=SURFACE_SIDE_STYLE('',(#6660));
#6680=SURFACE_STYLE_USAGE(.BOTH.,#6670);
#6690=PRESENTATION_STYLE_ASSIGNMENT((#6680));
#6700=CARTESIAN_POINT('',(-3.4090488301517780E+01,2.1786376124790618E+01
   ,-7.9999999999999982E-01));
#6710=DIRECTION('',(7.0710678118654535E-01,-7.0710678118654968E-01,
   0.0000000000000000E+00));
#6720=DIRECTION('',(-7.0710678118654968E-01,-7.0710678118654535E-01,
   0.0000000000000000E+00));
#6730=AXIS2_PLACEMENT_3D('',#6700,#6710,#6720);
#6740=PLANE('',#6730);
#6750=CARTESIAN_POINT('',(0.0000000000000000E+00,5.5876864426308202E+01,
   7.9999999999999982E-01));
#6760=DIRECTION('',(7.0710678118654968E-01,7.0710678118654535E-01,
   0.0000000000000000E+00));
#6770=VECTOR('',#6760,1.0000000000000000E+00);
#6780=LINE('',#6750,#6770);
#6790=CARTESIAN_POINT('',(-3.4090488301517780E+01,2.1786376124790618E+01
   ,7.9999999999999982E-01));
#6800=VERTEX_POINT('',#6790);
#6810=CARTESIAN_POINT('',(-3.3805488301517805E+01,2.2071376124790600E+01
   ,7.9999999999999538E-01));
#6820=VERTEX_POINT('',#6810);
#6830=EDGE_CURVE('',#6800,#6820,#6780,.T.);
#6840=ORIENTED_EDGE('',*,*,#6830,.T.);
#6850=CARTESIAN_POINT('',(-3.3290488301517804E+01,2.2586376124790586E+01
   ,0.0000000000000000E+00));
#6860=DIRECTION('',(-5.7735026918962440E-01,-5.7735026918962096E-01,
   5.7735026918963195E-01));
#6870=VECTOR('',#6860,1.0000000000000000E+00);
#6880=LINE('',#6850,#6870);
#6890=CARTESIAN_POINT('',(-3.4644041692111067E+01,2.1232822734197338E+01
   ,1.3535533905932753E+00));
#6900=VERTEX_POINT('',#6890);
#6910=EDGE_CURVE('',#6800,#6900,#6880,.T.);
#6920=ORIENTED_EDGE('',*,*,#6910,.F.);
#6930=CARTESIAN_POINT('',(-3.4997595082704343E+01,2.0879269343604062E+01
   ,9.9999999999999911E-01));
#6940=DIRECTION('',(7.0710678118654535E-01,-7.0710678118654968E-01,
   0.0000000000000000E+00));
#6950=DIRECTION('',(-7.0710678118654968E-01,-7.0710678118654535E-01,
   0.0000000000000000E+00));
#6960=AXIS2_PLACEMENT_3D('',#6930,#6940,#6950);
#6970=ELLIPSE('',#6960,7.0710678118655101E-01,5.0000000000000400E-01);
#6980=CARTESIAN_POINT('',(-3.4955488301517804E+01,2.0921376124790594E+01
   ,1.4982238643201584E+00));
#6990=VERTEX_POINT('',#6980);
#7000=EDGE_CURVE('',#6900,#6990,#6970,.T.);
#7010=ORIENTED_EDGE('',*,*,#7000,.F.);
#7020=CARTESIAN_POINT('',(-3.4955488301517804E+01,2.0921376124790608E+01
   ,0.0000000000000000E+00));
#7030=DIRECTION('',(0.0000000000000000E+00,0.0000000000000000E+00,
   -1.0000000000000000E+00));
#7040=VECTOR('',#7030,1.0000000000000000E+00);
#7050=LINE('',#7020,#7040);
#7060=EDGE_CURVE('',#6990,#2520,#7050,.T.);
#7070=ORIENTED_EDGE('',*,*,#7060,.F.);
#7080=ORIENTED_EDGE('',*,*,#2530,.F.);
#7090=ORIENTED_EDGE('',*,*,#5620,.F.);
#7100=CARTESIAN_POINT('',(0.0000000000000000E+00,5.5876864426308202E+01,
   -7.9999999999999982E-01));
#7110=DIRECTION('',(7.0710678118654968E-01,7.0710678118654535E-01,
   0.0000000000000000E+00));
#7120=VECTOR('',#7110,1.0000000000000000E+00);
#7130=LINE('',#7100,#7120);
#7140=CARTESIAN_POINT('',(-3.3805488301517805E+01,2.2071376124790600E+01
   ,-8.0000000000000604E-01));
#7150=VERTEX_POINT('',#7140);
#7160=EDGE_CURVE('',#5550,#7150,#7130,.T.);
#7170=ORIENTED_EDGE('',*,*,#7160,.F.);
#7180=CARTESIAN_POINT('',(-3.3805488301517805E+01,2.2071376124790600E+01
   ,0.0000000000000000E+00));
#7190=DIRECTION('',(0.0000000000000000E+00,0.0000000000000000E+00,
   1.0000000000000000E+00));
#7200=VECTOR('',#7190,1.0000000000000000E+00);
#7210=LINE('',#7180,#7200);
#7220=EDGE_CURVE('',#7150,#6820,#7210,.T.);
#7230=ORIENTED_EDGE('',*,*,#7220,.F.);
#7240=EDGE_LOOP('',(#7230,#7170,#7090,#7080,#7070,#7010,#6920,#6840));
#7250=FACE_OUTER_BOUND('',#7240,.T.);
#7260=ADVANCED_FACE('',(#7250),#6740,.F.);
#7270=COLOUR_RGB('',5.0196081399917603E-01,1.0000000000000000E+00,
   5.0196081399917603E-01);
#7280=FILL_AREA_STYLE_COLOUR('',#7270);
#7290=FILL_AREA_STYLE('',(#7280));
#7300=SURFACE_STYLE_FILL_AREA(#7290);
#7310=SURFACE_SIDE_STYLE('',(#7300));
#7320=SURFACE_STYLE_USAGE(.BOTH.,#7310);
#7330=PRESENTATION_STYLE_ASSIGNMENT((#7320));
#7340=CARTESIAN_POINT('',(-3.1652975674933074E+01,2.8601376124790594E+01
   ,3.7474873734152823E+00));
#7350=DIRECTION('',(7.0710678118654746E-01,0.0000000000000000E+00,
   -7.0710678118654757E-01));
#7360=DIRECTION('',(0.0000000000000000E+00,-1.0000000000000000E+00,
   0.0000000000000000E+00));
#7370=AXIS2_PLACEMENT_3D('',#7340,#7350,#7360);
#7380=PLANE('',#7370);
#7390=ORIENTED_EDGE('',*,*,#6410,.F.);
#7400=CARTESIAN_POINT('',(-3.1900463048348364E+01,
   -2.2653715864353234E+01,3.5000000000000000E+00));
#7410=DIRECTION('',(-0.0000000000000000E+00,1.0000000000000000E+00,
   0.0000000000000000E+00));
#7420=VECTOR('',#7410,1.0000000000000000E+00);
#7430=LINE('',#7400,#7420);
#7440=CARTESIAN_POINT('',(-3.1900463048348364E+01,2.8601376124790601E+01
   ,3.4999999999999929E+00));
#7450=VERTEX_POINT('',#7440);
#7460=EDGE_CURVE('',#6400,#7450,#7430,.T.);
#7470=ORIENTED_EDGE('',*,*,#7460,.F.);
#7480=CARTESIAN_POINT('',(-8.4502159542249785E+01,2.8601376124790601E+01
   ,-4.9101696493901422E+01));
#7490=DIRECTION('',(-7.0710678118654757E-01,0.0000000000000000E+00,
   -7.0710678118654746E-01));
#7500=VECTOR('',#7490,1.0000000000000000E+00);
#7510=LINE('',#7480,#7500);
#7520=CARTESIAN_POINT('',(-3.1905465551017315E+01,2.8601376124790601E+01
   ,3.4949974973310436E+00));
#7530=VERTEX_POINT('',#7520);
#7540=EDGE_CURVE('',#7450,#7530,#7510,.T.);
#7550=ORIENTED_EDGE('',*,*,#7540,.F.);
#7560=CARTESIAN_POINT('',(-3.1905465551017315E+01,3.9321376124790604E+01
   ,3.4949974973310436E+00));
#7570=DIRECTION('',(0.0000000000000000E+00,-1.0000000000000000E+00,
   0.0000000000000000E+00));
#7580=VECTOR('',#7570,1.0000000000000000E+00);
#7590=LINE('',#7560,#7580);
#7600=EDGE_CURVE('',#7530,#6380,#7590,.T.);
#7610=ORIENTED_EDGE('',*,*,#7600,.F.);
#7620=EDGE_LOOP('',(#7610,#7550,#7470,#7390));
#7630=FACE_OUTER_BOUND('',#7620,.T.);
#7640=ADVANCED_FACE('',(#7630),#7380,.T.);
#7650=COLOUR_RGB('',9.4901967048645020E-01,9.4901967048645020E-01,
   1.0000000000000000E+00);
#7660=FILL_AREA_STYLE_COLOUR('',#7650);
#7670=FILL_AREA_STYLE('',(#7660));
#7680=SURFACE_STYLE_FILL_AREA(#7670);
#7690=SURFACE_SIDE_STYLE('',(#7680));
#7700=SURFACE_STYLE_USAGE(.BOTH.,#7690);
#7710=PRESENTATION_STYLE_ASSIGNMENT((#7700));
#7720=CARTESIAN_POINT('',(0.0000000000000000E+00,0.0000000000000000E+00,
   -7.9999999999999982E-01));
#7730=DIRECTION('',(0.0000000000000000E+00,0.0000000000000000E+00,
   1.0000000000000000E+00));
#7740=DIRECTION('',(1.0000000000000000E+00,0.0000000000000000E+00,
   0.0000000000000000E+00));
#7750=AXIS2_PLACEMENT_3D('',#7720,#7730,#7740);
#7760=PLANE('',#7750);
#7770=ORIENTED_EDGE('',*,*,#7160,.T.);
#7780=ORIENTED_EDGE('',*,*,#5560,.F.);
#7790=ORIENTED_EDGE('',*,*,#3000,.T.);
#7800=CARTESIAN_POINT('',(-3.3805488301517798E+01,2.3821376124790600E+01
   ,-7.9999999999999982E-01));
#7810=DIRECTION('',(1.0000000000000000E+00,0.0000000000000000E+00,
   0.0000000000000000E+00));
#7820=VECTOR('',#7810,1.0000000000000000E+00);
#7830=LINE('',#7800,#7820);
#7840=CARTESIAN_POINT('',(-3.3520488301517801E+01,2.3821376124790600E+01
   ,-7.9999999999999982E-01));
#7850=VERTEX_POINT('',#7840);
#7860=EDGE_CURVE('',#2910,#7850,#7830,.T.);
#7870=ORIENTED_EDGE('',*,*,#7860,.F.);
#7880=CARTESIAN_POINT('',(-3.3520488301517801E+01,2.3821376124790600E+01
   ,-7.9999999999999982E-01));
#7890=DIRECTION('',(0.0000000000000000E+00,-1.0000000000000000E+00,
   0.0000000000000000E+00));
#7900=VECTOR('',#7890,1.0000000000000000E+00);
#7910=LINE('',#7880,#7900);
#7920=CARTESIAN_POINT('',(-3.3520488301517801E+01,2.2071376124790600E+01
   ,-7.9999999999999982E-01));
#7930=VERTEX_POINT('',#7920);
#7940=EDGE_CURVE('',#7850,#7930,#7910,.T.);
#7950=ORIENTED_EDGE('',*,*,#7940,.F.);
#7960=CARTESIAN_POINT('',(-3.3805488301517798E+01,2.2071376124790600E+01
   ,-7.9999999999999982E-01));
#7970=DIRECTION('',(1.0000000000000000E+00,0.0000000000000000E+00,
   0.0000000000000000E+00));
#7980=VECTOR('',#7970,1.0000000000000000E+00);
#7990=LINE('',#7960,#7980);
#8000=EDGE_CURVE('',#7150,#7930,#7990,.T.);
#8010=ORIENTED_EDGE('',*,*,#8000,.T.);
#8020=EDGE_LOOP('',(#8010,#7950,#7870,#7790,#7780,#7770));
#8030=FACE_OUTER_BOUND('',#8020,.T.);
#8040=ADVANCED_FACE('',(#8030),#7760,.T.);
#8050=COLOUR_RGB('',5.0196081399917603E-01,1.0000000000000000E+00,
   5.0196081399917603E-01);
#8060=FILL_AREA_STYLE_COLOUR('',#8050);
#8070=FILL_AREA_STYLE('',(#8060));
#8080=SURFACE_STYLE_FILL_AREA(#8070);
#8090=SURFACE_SIDE_STYLE('',(#8080));
#8100=SURFACE_STYLE_USAGE(.BOTH.,#8090);
#8110=PRESENTATION_STYLE_ASSIGNMENT((#8100));
#8120=CARTESIAN_POINT('',(-3.2074229385564998E+01,2.8601376124790601E+01
   ,6.6874108404720545E-01));
#8130=DIRECTION('',(0.0000000000000000E+00,1.0000000000000000E+00,
   0.0000000000000000E+00));
#8140=DIRECTION('',(7.0710678118654746E-01,0.0000000000000000E+00,
   -7.0710678118654757E-01));
#8150=AXIS2_PLACEMENT_3D('',#8120,#8130,#8140);
#8160=PLANE('',#8150);
#8170=CARTESIAN_POINT('',(-8.4502159542249785E+01,2.8601376124790601E+01
   ,-5.2601696493901422E+01));
#8180=DIRECTION('',(-7.0710678118654757E-01,0.0000000000000000E+00,
   -7.0710678118654746E-01));
#8190=VECTOR('',#8180,1.0000000000000000E+00);
#8200=LINE('',#8170,#8190);
#8210=CARTESIAN_POINT('',(-3.0694461199299035E+01,2.8601376124790601E+01
   ,1.2060018490493265E+00));
#8220=VERTEX_POINT('',#8210);
#8230=CARTESIAN_POINT('',(-3.1350485798850627E+01,2.8601376124790601E+01
   ,5.4997724949952698E-01));
#8240=VERTEX_POINT('',#8230);
#8250=EDGE_CURVE('',#8220,#8240,#8200,.T.);
#8260=ORIENTED_EDGE('',*,*,#8250,.T.);
#8270=CARTESIAN_POINT('',(-3.1405488301517792E+01,2.8601376124790601E+01
   ,0.0000000000000000E+00));
#8280=DIRECTION('',(0.0000000000000000E+00,1.0000000000000000E+00,
   0.0000000000000000E+00));
#8290=DIRECTION('',(-1.0000000000000000E+00,0.0000000000000000E+00,
   0.0000000000000000E+00));
#8300=AXIS2_PLACEMENT_3D('',#8270,#8280,#8290);
#8310=CIRCLE('',#8300,1.3999999999999999E+00);
#8320=CARTESIAN_POINT('',(-3.2805488301517791E+01,2.8601376124790601E+01
   ,0.0000000000000000E+00));
#8330=VERTEX_POINT('',#8320);
#8340=EDGE_CURVE('',#8330,#8220,#8310,.T.);
#8350=ORIENTED_EDGE('',*,*,#8340,.T.);
#8360=EDGE_CURVE('',#290,#8330,#8310,.T.);
#8370=ORIENTED_EDGE('',*,*,#8360,.T.);
#8380=ORIENTED_EDGE('',*,*,#300,.T.);
#8390=CARTESIAN_POINT('',(-3.1355488301517802E+01,2.8601376124790601E+01
   ,0.0000000000000000E+00));
#8400=DIRECTION('',(0.0000000000000000E+00,-1.0000000000000000E+00,
   0.0000000000000000E+00));
#8410=DIRECTION('',(1.0000000000000000E+00,0.0000000000000000E+00,
   0.0000000000000000E+00));
#8420=AXIS2_PLACEMENT_3D('',#8390,#8400,#8410);
#8430=CIRCLE('',#8420,5.5000000000000004E-01);
#8440=CARTESIAN_POINT('',(-3.1905488301517799E+01,2.8601376124790601E+01
   ,0.0000000000000000E+00));
#8450=VERTEX_POINT('',#8440);
#8460=EDGE_CURVE('',#8450,#210,#8430,.T.);
#8470=ORIENTED_EDGE('',*,*,#8460,.T.);
#8480=CARTESIAN_POINT('',(-3.1355488301517802E+01,2.8601376124790601E+01
   ,0.0000000000000000E+00));
#8490=DIRECTION('',(0.0000000000000000E+00,-1.0000000000000000E+00,
   0.0000000000000000E+00));
#8500=DIRECTION('',(1.0000000000000000E+00,0.0000000000000000E+00,
   0.0000000000000000E+00));
#8510=AXIS2_PLACEMENT_3D('',#8480,#8490,#8500);
#8520=CIRCLE('',#8510,5.5000000000000004E-01);
#8530=EDGE_CURVE('',#8240,#8450,#8520,.T.);
#8540=ORIENTED_EDGE('',*,*,#8530,.T.);
#8550=EDGE_LOOP('',(#8540,#8470,#8380,#8370,#8350,#8260));
#8560=FACE_OUTER_BOUND('',#8550,.T.);
#8570=ADVANCED_FACE('',(#8560),#8160,.T.);
#8580=COLOUR_RGB('',9.4901967048645020E-01,9.4901967048645020E-01,
   1.0000000000000000E+00);
#8590=FILL_AREA_STYLE_COLOUR('',#8580);
#8600=FILL_AREA_STYLE('',(#8590));
#8610=SURFACE_STYLE_FILL_AREA(#8600);
#8620=SURFACE_SIDE_STYLE('',(#8610));
#8630=SURFACE_STYLE_USAGE(.BOTH.,#8620);
#8640=PRESENTATION_STYLE_ASSIGNMENT((#8630));
#8650=CARTESIAN_POINT('',(-3.3520488301517801E+01,2.3821376124790600E+01
   ,0.0000000000000000E+00));
#8660=DIRECTION('',(-0.0000000000000000E+00,1.0000000000000000E+00,
   0.0000000000000000E+00));
#8670=DIRECTION('',(1.0000000000000000E+00,0.0000000000000000E+00,
   0.0000000000000000E+00));
#8680=AXIS2_PLACEMENT_3D('',#8650,#8660,#8670);
#8690=PLANE('',#8680);
#8700=CARTESIAN_POINT('',(-3.3805488301517798E+01,2.3821376124790600E+01
   ,7.9999999999999982E-01));
#8710=DIRECTION('',(1.0000000000000000E+00,0.0000000000000000E+00,
   0.0000000000000000E+00));
#8720=VECTOR('',#8710,1.0000000000000000E+00);
#8730=LINE('',#8700,#8720);
#8740=CARTESIAN_POINT('',(-3.3520488301517801E+01,2.3821376124790600E+01
   ,7.9999999999999982E-01));
#8750=VERTEX_POINT('',#8740);
#8760=EDGE_CURVE('',#2810,#8750,#8730,.T.);
#8770=ORIENTED_EDGE('',*,*,#8760,.F.);
#8780=CARTESIAN_POINT('',(-3.3520488301517801E+01,2.3821376124790600E+01
   ,0.0000000000000000E+00));
#8790=DIRECTION('',(0.0000000000000000E+00,0.0000000000000000E+00,
   -1.0000000000000000E+00));
#8800=VECTOR('',#8790,1.0000000000000000E+00);
#8810=LINE('',#8780,#8800);
#8820=EDGE_CURVE('',#8750,#7850,#8810,.T.);
#8830=ORIENTED_EDGE('',*,*,#8820,.F.);
#8840=ORIENTED_EDGE('',*,*,#7860,.T.);
#8850=ORIENTED_EDGE('',*,*,#2920,.T.);
#8860=EDGE_LOOP('',(#8850,#8840,#8830,#8770));
#8870=FACE_OUTER_BOUND('',#8860,.T.);
#8880=ADVANCED_FACE('',(#8870),#8690,.F.);
#8890=COLOUR_RGB('',5.0196081399917603E-01,1.0000000000000000E+00,
   5.0196081399917603E-01);
#8900=FILL_AREA_STYLE_COLOUR('',#8890);
#8910=FILL_AREA_STYLE('',(#8900));
#8920=SURFACE_STYLE_FILL_AREA(#8910);
#8930=SURFACE_SIDE_STYLE('',(#8920));
#8940=SURFACE_STYLE_USAGE(.BOTH.,#8930);
#8950=PRESENTATION_STYLE_ASSIGNMENT((#8940));
#8960=CARTESIAN_POINT('',(-3.4617870503397079E+01,2.4921376124790601E+01
   ,-7.9999999999999982E-01));
#8970=DIRECTION('',(0.0000000000000000E+00,0.0000000000000000E+00,
   1.0000000000000000E+00));
#8980=DIRECTION('',(1.0000000000000000E+00,0.0000000000000000E+00,
   0.0000000000000000E+00));
#8990=AXIS2_PLACEMENT_3D('',#8960,#8970,#8980);
#9000=CYLINDRICAL_SURFACE('',#8990,4.9999999999998912E-01);
#9010=ORIENTED_EDGE('',*,*,#5470,.T.);
#9020=ORIENTED_EDGE('',*,*,#5240,.F.);
#9030=CARTESIAN_POINT('',(-3.4617870503397079E+01,2.4921376124790601E+01
   ,1.3273822018792867E+00));
#9040=DIRECTION('',(7.0710678118655212E-01,0.0000000000000000E+00,
   7.0710678118654302E-01));
#9050=DIRECTION('',(7.0710678118654302E-01,0.0000000000000000E+00,
   -7.0710678118655212E-01));
#9060=AXIS2_PLACEMENT_3D('',#9030,#9040,#9050);
#9070=ELLIPSE('',#9060,7.0710678118653658E-01,4.9999999999998901E-01);
#9080=EDGE_CURVE('',#3150,#5170,#9070,.T.);
#9090=ORIENTED_EDGE('',*,*,#9080,.T.);
#9100=ORIENTED_EDGE('',*,*,#3160,.T.);
#9110=EDGE_LOOP('',(#9100,#9090,#9020,#9010));
#9120=FACE_OUTER_BOUND('',#9110,.T.);
#9130=ADVANCED_FACE('',(#9120),#9000,.F.);
#9140=COLOUR_RGB('',5.0196081399917603E-01,1.0000000000000000E+00,
   5.0196081399917603E-01);
#9150=FILL_AREA_STYLE_COLOUR('',#9140);
#9160=FILL_AREA_STYLE('',(#9150));
#9170=SURFACE_STYLE_FILL_AREA(#9160);
#9180=SURFACE_SIDE_STYLE('',(#9170));
#9190=SURFACE_STYLE_USAGE(.BOTH.,#9180);
#9200=PRESENTATION_STYLE_ASSIGNMENT((#9190));
#9210=ORIENTED_EDGE('',*,*,#8530,.F.);
#9220=CARTESIAN_POINT('',(-8.4502159542249785E+01,2.8601376124790601E+01
   ,0.0000000000000000E+00));
#9230=DIRECTION('',(1.0000000000000000E+00,-0.0000000000000000E+00,
   0.0000000000000000E+00));
#9240=VECTOR('',#9230,1.0000000000000000E+00);
#9250=LINE('',#9220,#9240);
#9260=CARTESIAN_POINT('',(-3.1900463048348357E+01,2.8601376124790601E+01
   ,0.0000000000000000E+00));
#9270=VERTEX_POINT('',#9260);
#9280=EDGE_CURVE('',#8450,#9270,#9250,.T.);
#9290=ORIENTED_EDGE('',*,*,#9280,.F.);
#9300=EDGE_CURVE('',#8240,#9270,#8200,.T.);
#9310=ORIENTED_EDGE('',*,*,#9300,.T.);
#9320=EDGE_LOOP('',(#9310,#9290,#9210));
#9330=FACE_OUTER_BOUND('',#9320,.T.);
#9340=ADVANCED_FACE('',(#9330),#8160,.T.);
#9350=COLOUR_RGB('',9.4901967048645020E-01,9.4901967048645020E-01,
   1.0000000000000000E+00);
#9360=FILL_AREA_STYLE_COLOUR('',#9350);
#9370=FILL_AREA_STYLE('',(#9360));
#9380=SURFACE_STYLE_FILL_AREA(#9370);
#9390=SURFACE_SIDE_STYLE('',(#9380));
#9400=SURFACE_STYLE_USAGE(.BOTH.,#9390);
#9410=PRESENTATION_STYLE_ASSIGNMENT((#9400));
#9420=CARTESIAN_POINT('',(-3.1105488301517802E+01,2.0321376124790600E+01
   ,7.4500000000000002E+00));
#9430=DIRECTION('',(1.0000000000000000E+00,-0.0000000000000000E+00,
   0.0000000000000000E+00));
#9440=DIRECTION('',(0.0000000000000000E+00,0.0000000000000000E+00,
   -1.0000000000000000E+00));
#9450=AXIS2_PLACEMENT_3D('',#9420,#9430,#9440);
#9460=PLANE('',#9450);
#9470=CARTESIAN_POINT('',(-3.1105488301517802E+01,2.0321376124790600E+01
   ,8.5000000000000018E+00));
#9480=DIRECTION('',(0.0000000000000000E+00,0.0000000000000000E+00,
   -1.0000000000000000E+00));
#9490=VECTOR('',#9480,1.0000000000000000E+00);
#9500=LINE('',#9470,#9490);
#9510=CARTESIAN_POINT('',(-3.1105488301517802E+01,2.0321376124790600E+01
   ,7.0000000000000018E+00));
#9520=VERTEX_POINT('',#9510);
#9530=CARTESIAN_POINT('',(-3.1105488301517802E+01,2.0321376124790600E+01
   ,6.5500000000000016E+00));
#9540=VERTEX_POINT('',#9530);
#9550=EDGE_CURVE('',#9520,#9540,#9500,.T.);
#9560=ORIENTED_EDGE('',*,*,#9550,.F.);
#9570=CARTESIAN_POINT('',(-3.1105488301517802E+01,
   -2.2653715864353234E+01,6.5500000000000016E+00));
#9580=DIRECTION('',(0.0000000000000000E+00,1.0000000000000000E+00,
   0.0000000000000000E+00));
#9590=VECTOR('',#9580,1.0000000000000000E+00);
#9600=LINE('',#9570,#9590);
#9610=CARTESIAN_POINT('',(-3.1105488301517802E+01,1.8321376124790607E+01
   ,6.5500000000000016E+00));
#9620=VERTEX_POINT('',#9610);
#9630=EDGE_CURVE('',#9620,#9540,#9600,.T.);
#9640=ORIENTED_EDGE('',*,*,#9630,.T.);
#9650=CARTESIAN_POINT('',(-3.1105488301517802E+01,
   -2.2653715864353234E+01,1.7529242808282063E+01));
#9660=DIRECTION('',(0.0000000000000000E+00,-9.6592582628906831E-01,
   2.5881904510252091E-01));
#9670=VECTOR('',#9660,1.0000000000000000E+00);
#9680=LINE('',#9650,#9670);
#9690=CARTESIAN_POINT('',(-3.1105488301517802E+01,1.7321376124790600E+01
   ,6.8179491924311248E+00));
#9700=VERTEX_POINT('',#9690);
#9710=EDGE_CURVE('',#9620,#9700,#9680,.T.);
#9720=ORIENTED_EDGE('',*,*,#9710,.F.);
#9730=CARTESIAN_POINT('',(-3.1105488301517802E+01,1.7321376124790600E+01
   ,8.5000000000000018E+00));
#9740=DIRECTION('',(0.0000000000000000E+00,0.0000000000000000E+00,
   -1.0000000000000000E+00));
#9750=VECTOR('',#9740,1.0000000000000000E+00);
#9760=LINE('',#9730,#9750);
#9770=CARTESIAN_POINT('',(-3.1105488301517802E+01,1.7321376124790600E+01
   ,7.1820508075688769E+00));
#9780=VERTEX_POINT('',#9770);
#9790=EDGE_CURVE('',#9780,#9700,#9760,.T.);
#9800=ORIENTED_EDGE('',*,*,#9790,.T.);
#9810=CARTESIAN_POINT('',(-3.1105488301517802E+01,
   -2.2653715864353234E+01,-3.5292428082820617E+00));
#9820=DIRECTION('',(0.0000000000000000E+00,9.6592582628906831E-01,
   2.5881904510252091E-01));
#9830=VECTOR('',#9820,1.0000000000000000E+00);
#9840=LINE('',#9810,#9830);
#9850=CARTESIAN_POINT('',(-3.1105488301517802E+01,1.8321376124790607E+01
   ,7.4500000000000002E+00));
#9860=VERTEX_POINT('',#9850);
#9870=EDGE_CURVE('',#9780,#9860,#9840,.T.);
#9880=ORIENTED_EDGE('',*,*,#9870,.F.);
#9890=CARTESIAN_POINT('',(-3.1105488301517802E+01,
   -2.2653715864353234E+01,7.4500000000000002E+00));
#9900=DIRECTION('',(0.0000000000000000E+00,-1.0000000000000000E+00,
   0.0000000000000000E+00));
#9910=VECTOR('',#9900,1.0000000000000000E+00);
#9920=LINE('',#9890,#9910);
#9930=CARTESIAN_POINT('',(-3.1105488301517802E+01,2.0321376124790600E+01
   ,7.4500000000000002E+00));
#9940=VERTEX_POINT('',#9930);
#9950=EDGE_CURVE('',#9940,#9860,#9920,.T.);
#9960=ORIENTED_EDGE('',*,*,#9950,.T.);
#9970=CARTESIAN_POINT('',(-3.1105488301517802E+01,2.0321376124790600E+01
   ,1.2000000000000000E+01));
#9980=DIRECTION('',(0.0000000000000000E+00,0.0000000000000000E+00,
   -1.0000000000000000E+00));
#9990=VECTOR('',#9980,1.0000000000000000E+00);
#10000=LINE('',#9970,#9990);
#10010=EDGE_CURVE('',#9940,#9520,#10000,.T.);
#10020=ORIENTED_EDGE('',*,*,#10010,.F.);
#10030=EDGE_LOOP('',(#10020,#9960,#9880,#9800,#9720,#9640,#9560));
#10040=FACE_OUTER_BOUND('',#10030,.T.);
#10050=ADVANCED_FACE('',(#10040),#9460,.T.);
#10060=COLOUR_RGB('',9.4901961088180542E-01,9.4901961088180542E-01,
   1.0000000000000000E+00);
#10070=FILL_AREA_STYLE_COLOUR('',#10060);
#10080=FILL_AREA_STYLE('',(#10070));
#10090=SURFACE_STYLE_FILL_AREA(#10080);
#10100=SURFACE_SIDE_STYLE('',(#10090));
#10110=SURFACE_STYLE_USAGE(.BOTH.,#10100);
#10120=PRESENTATION_STYLE_ASSIGNMENT((#10110));
#10130=CARTESIAN_POINT('',(-3.1355488301517802E+01,
   2.0821376124790600E+01,0.0000000000000000E+00));
#10140=DIRECTION('',(0.0000000000000000E+00,-1.0000000000000000E+00,
   0.0000000000000000E+00));
#10150=DIRECTION('',(1.0000000000000000E+00,0.0000000000000000E+00,
   0.0000000000000000E+00));
#10160=AXIS2_PLACEMENT_3D('',#10130,#10140,#10150);
#10170=CYLINDRICAL_SURFACE('',#10160,5.5000000000000004E-01);
#10180=CARTESIAN_POINT('',(-3.0805488301517801E+01,
   2.0821376124790600E+01,0.0000000000000000E+00));
#10190=DIRECTION('',(0.0000000000000000E+00,-1.0000000000000000E+00,
   0.0000000000000000E+00));
#10200=VECTOR('',#10190,1.0000000000000000E+00);
#10210=LINE('',#10180,#10200);
#10220=CARTESIAN_POINT('',(-3.0805488301517801E+01,
   2.0821376124790600E+01,0.0000000000000000E+00));
#10230=VERTEX_POINT('',#10220);
#10240=CARTESIAN_POINT('',(-3.0805488301517801E+01,
   2.0321376124790600E+01,0.0000000000000000E+00));
#10250=VERTEX_POINT('',#10240);
#10260=EDGE_CURVE('',#10230,#10250,#10210,.T.);
#10270=ORIENTED_EDGE('',*,*,#10260,.T.);
#10280=CARTESIAN_POINT('',(-3.1355488301517802E+01,
   2.0821376124790600E+01,0.0000000000000000E+00));
#10290=DIRECTION('',(0.0000000000000000E+00,-1.0000000000000000E+00,
   0.0000000000000000E+00));
#10300=DIRECTION('',(1.0000000000000000E+00,0.0000000000000000E+00,
   0.0000000000000000E+00));
#10310=AXIS2_PLACEMENT_3D('',#10280,#10290,#10300);
#10320=CIRCLE('',#10310,5.5000000000000004E-01);
#10330=CARTESIAN_POINT('',(-3.1905488301517803E+01,
   2.0821376124790600E+01,6.7355573953104437E-17));
#10340=VERTEX_POINT('',#10330);
#10350=EDGE_CURVE('',#10340,#10230,#10320,.T.);
#10360=ORIENTED_EDGE('',*,*,#10350,.T.);
#10370=CARTESIAN_POINT('',(-3.1905488301517803E+01,
   2.0821376124790600E+01,6.7355573953104437E-17));
#10380=DIRECTION('',(0.0000000000000000E+00,-1.0000000000000000E+00,
   0.0000000000000000E+00));
#10390=VECTOR('',#10380,1.0000000000000000E+00);
#10400=LINE('',#10370,#10390);
#10410=CARTESIAN_POINT('',(-3.1905488301517803E+01,
   2.0321376124790600E+01,6.7355573953104437E-17));
#10420=VERTEX_POINT('',#10410);
#10430=EDGE_CURVE('',#10340,#10420,#10400,.T.);
#10440=ORIENTED_EDGE('',*,*,#10430,.F.);
#10450=CARTESIAN_POINT('',(-3.1355488301517802E+01,
   2.0321376124790600E+01,0.0000000000000000E+00));
#10460=DIRECTION('',(0.0000000000000000E+00,-1.0000000000000000E+00,
   0.0000000000000000E+00));
#10470=DIRECTION('',(1.0000000000000000E+00,0.0000000000000000E+00,
   0.0000000000000000E+00));
#10480=AXIS2_PLACEMENT_3D('',#10450,#10460,#10470);
#10490=CIRCLE('',#10480,5.5000000000000004E-01);
#10500=EDGE_CURVE('',#10420,#10250,#10490,.T.);
#10510=ORIENTED_EDGE('',*,*,#10500,.F.);
#10520=EDGE_LOOP('',(#10510,#10440,#10360,#10270));
#10530=FACE_OUTER_BOUND('',#10520,.T.);
#10540=ADVANCED_FACE('',(#10530),#10170,.T.);
#10550=COLOUR_RGB('',9.4901961088180542E-01,9.4901961088180542E-01,
   1.0000000000000000E+00);
#10560=FILL_AREA_STYLE_COLOUR('',#10550);
#10570=FILL_AREA_STYLE('',(#10560));
#10580=SURFACE_STYLE_FILL_AREA(#10570);
#10590=SURFACE_SIDE_STYLE('',(#10580));
#10600=SURFACE_STYLE_USAGE(.BOTH.,#10590);
#10610=PRESENTATION_STYLE_ASSIGNMENT((#10600));
#10620=CARTESIAN_POINT('',(-2.9886031253416185E+01,
   2.0321376124790600E+01,2.2269224911855865E+00));
#10630=DIRECTION('',(0.0000000000000000E+00,-1.0000000000000000E+00,
   0.0000000000000000E+00));
#10640=DIRECTION('',(1.0000000000000000E+00,0.0000000000000000E+00,
   0.0000000000000000E+00));
#10650=AXIS2_PLACEMENT_3D('',#10620,#10630,#10640);
#10660=PLANE('',#10650);
#10670=CARTESIAN_POINT('',(-8.4502159542249785E+01,
   2.0321376124790600E+01,0.0000000000000000E+00));
#10680=DIRECTION('',(-1.0000000000000000E+00,-0.0000000000000000E+00,
   0.0000000000000000E+00));
#10690=VECTOR('',#10680,1.0000000000000000E+00);
#10700=LINE('',#10670,#10690);
#10710=CARTESIAN_POINT('',(-3.1605488301517802E+01,
   2.0321376124790600E+01,0.0000000000000000E+00));
#10720=VERTEX_POINT('',#10710);
#10730=EDGE_CURVE('',#10720,#10420,#10700,.T.);
#10740=ORIENTED_EDGE('',*,*,#10730,.T.);
#10750=CARTESIAN_POINT('',(-3.1605488301517802E+01,
   2.0321376124790600E+01,5.0000000000000000E+00));
#10760=DIRECTION('',(0.0000000000000000E+00,0.0000000000000000E+00,
   -1.0000000000000000E+00));
#10770=VECTOR('',#10760,1.0000000000000000E+00);
#10780=LINE('',#10750,#10770);
#10790=CARTESIAN_POINT('',(-3.1605488301517802E+01,
   2.0321376124790600E+01,-4.5000000000000018E-01));
#10800=VERTEX_POINT('',#10790);
#10810=EDGE_CURVE('',#10720,#10800,#10780,.T.);
#10820=ORIENTED_EDGE('',*,*,#10810,.F.);
#10830=CARTESIAN_POINT('',(-8.4502159542249785E+01,
   2.0321376124790600E+01,-4.5000000000000018E-01));
#10840=DIRECTION('',(1.0000000000000000E+00,0.0000000000000000E+00,
   0.0000000000000000E+00));
#10850=VECTOR('',#10840,1.0000000000000000E+00);
#10860=LINE('',#10830,#10850);
#10870=CARTESIAN_POINT('',(-3.1105488301517802E+01,
   2.0321376124790600E+01,-4.5000000000000018E-01));
#10880=VERTEX_POINT('',#10870);
#10890=EDGE_CURVE('',#10800,#10880,#10860,.T.);
#10900=ORIENTED_EDGE('',*,*,#10890,.F.);
#10910=CARTESIAN_POINT('',(-3.1105488301517802E+01,
   2.0321376124790600E+01,5.0000000000000000E+00));
#10920=DIRECTION('',(0.0000000000000000E+00,0.0000000000000000E+00,
   -1.0000000000000000E+00));
#10930=VECTOR('',#10920,1.0000000000000000E+00);
#10940=LINE('',#10910,#10930);
#10950=CARTESIAN_POINT('',(-3.1105488301517802E+01,
   2.0321376124790600E+01,0.0000000000000000E+00));
#10960=VERTEX_POINT('',#10950);
#10970=EDGE_CURVE('',#10960,#10880,#10940,.T.);
#10980=ORIENTED_EDGE('',*,*,#10970,.T.);
#10990=EDGE_CURVE('',#10250,#10960,#10700,.T.);
#11000=ORIENTED_EDGE('',*,*,#10990,.T.);
#11010=ORIENTED_EDGE('',*,*,#10500,.T.);
#11020=EDGE_LOOP('',(#11010,#11000,#10980,#10900,#10820,#10740));
#11030=FACE_OUTER_BOUND('',#11020,.T.);
#11040=ADVANCED_FACE('',(#11030),#10660,.T.);
#11050=COLOUR_RGB('',9.4901961088180542E-01,9.4901961088180542E-01,
   1.0000000000000000E+00);
#11060=FILL_AREA_STYLE_COLOUR('',#11050);
#11070=FILL_AREA_STYLE('',(#11060));
#11080=SURFACE_STYLE_FILL_AREA(#11070);
#11090=SURFACE_SIDE_STYLE('',(#11080));
#11100=SURFACE_STYLE_USAGE(.BOTH.,#11090);
#11110=PRESENTATION_STYLE_ASSIGNMENT((#11100));
#11120=CARTESIAN_POINT('',(-3.3520488301517801E+01,
   2.2071376124790600E+01,0.0000000000000000E+00));
#11130=DIRECTION('',(-0.0000000000000000E+00,-1.0000000000000000E+00,
   -0.0000000000000000E+00));
#11140=DIRECTION('',(-1.0000000000000000E+00,0.0000000000000000E+00,
   0.0000000000000000E+00));
#11150=AXIS2_PLACEMENT_3D('',#11120,#11130,#11140);
#11160=PLANE('',#11150);
#11170=CARTESIAN_POINT('',(-3.3805488301517798E+01,
   2.2071376124790600E+01,7.9999999999999982E-01));
#11180=DIRECTION('',(1.0000000000000000E+00,0.0000000000000000E+00,
   0.0000000000000000E+00));
#11190=VECTOR('',#11180,1.0000000000000000E+00);
#11200=LINE('',#11170,#11190);
#11210=CARTESIAN_POINT('',(-3.3520488301517801E+01,
   2.2071376124790600E+01,7.9999999999999982E-01));
#11220=VERTEX_POINT('',#11210);
#11230=EDGE_CURVE('',#6820,#11220,#11200,.T.);
#11240=ORIENTED_EDGE('',*,*,#11230,.T.);
#11250=ORIENTED_EDGE('',*,*,#7220,.T.);
#11260=ORIENTED_EDGE('',*,*,#8000,.F.);
#11270=CARTESIAN_POINT('',(-3.3520488301517801E+01,
   2.2071376124790600E+01,0.0000000000000000E+00));
#11280=DIRECTION('',(0.0000000000000000E+00,0.0000000000000000E+00,
   1.0000000000000000E+00));
#11290=VECTOR('',#11280,1.0000000000000000E+00);
#11300=LINE('',#11270,#11290);
#11310=EDGE_CURVE('',#7930,#11220,#11300,.T.);
#11320=ORIENTED_EDGE('',*,*,#11310,.F.);
#11330=EDGE_LOOP('',(#11320,#11260,#11250,#11240));
#11340=FACE_OUTER_BOUND('',#11330,.T.);
#11350=ADVANCED_FACE('',(#11340),#11160,.F.);
#11360=COLOUR_RGB('',5.0196081399917603E-01,1.0000000000000000E+00,
   5.0196081399917603E-01);
#11370=FILL_AREA_STYLE_COLOUR('',#11360);
#11380=FILL_AREA_STYLE('',(#11370));
#11390=SURFACE_STYLE_FILL_AREA(#11380);
#11400=SURFACE_SIDE_STYLE('',(#11390));
#11410=SURFACE_STYLE_USAGE(.BOTH.,#11400);
#11420=PRESENTATION_STYLE_ASSIGNMENT((#11410));
#11430=CARTESIAN_POINT('',(0.0000000000000000E+00,0.0000000000000000E+00
   ,7.9999999999999982E-01));
#11440=DIRECTION('',(0.0000000000000000E+00,0.0000000000000000E+00,
   1.0000000000000000E+00));
#11450=DIRECTION('',(1.0000000000000000E+00,0.0000000000000000E+00,
   0.0000000000000000E+00));
#11460=AXIS2_PLACEMENT_3D('',#11430,#11440,#11450);
#11470=PLANE('',#11460);
#11480=ORIENTED_EDGE('',*,*,#6830,.F.);
#11490=ORIENTED_EDGE('',*,*,#11230,.F.);
#11500=CARTESIAN_POINT('',(-3.3520488301517801E+01,
   2.3821376124790600E+01,7.9999999999999982E-01));
#11510=DIRECTION('',(0.0000000000000000E+00,-1.0000000000000000E+00,
   0.0000000000000000E+00));
#11520=VECTOR('',#11510,1.0000000000000000E+00);
#11530=LINE('',#11500,#11520);
#11540=EDGE_CURVE('',#8750,#11220,#11530,.T.);
#11550=ORIENTED_EDGE('',*,*,#11540,.T.);
#11560=ORIENTED_EDGE('',*,*,#8760,.T.);
#11570=ORIENTED_EDGE('',*,*,#2840,.F.);
#11580=CARTESIAN_POINT('',(-3.4090488301517780E+01,
   0.0000000000000000E+00,7.9999999999999982E-01));
#11590=DIRECTION('',(0.0000000000000000E+00,1.0000000000000000E+00,
   0.0000000000000000E+00));
#11600=VECTOR('',#11590,1.0000000000000000E+00);
#11610=LINE('',#11580,#11600);
#11620=EDGE_CURVE('',#6800,#2830,#11610,.T.);
#11630=ORIENTED_EDGE('',*,*,#11620,.T.);
#11640=EDGE_LOOP('',(#11630,#11570,#11560,#11550,#11490,#11480));
#11650=FACE_OUTER_BOUND('',#11640,.T.);
#11660=ADVANCED_FACE('',(#11650),#11470,.F.);
#11670=COLOUR_RGB('',5.0196081399917603E-01,1.0000000000000000E+00,
   5.0196081399917603E-01);
#11680=FILL_AREA_STYLE_COLOUR('',#11670);
#11690=FILL_AREA_STYLE('',(#11680));
#11700=SURFACE_STYLE_FILL_AREA(#11690);
#11710=SURFACE_SIDE_STYLE('',(#11700));
#11720=SURFACE_STYLE_USAGE(.BOTH.,#11710);
#11730=PRESENTATION_STYLE_ASSIGNMENT((#11720));
#11740=CARTESIAN_POINT('',(-3.1105488301517802E+01,
   2.0321376124790600E+01,-4.5000000000000018E-01));
#11750=DIRECTION('',(0.0000000000000000E+00,0.0000000000000000E+00,
   -1.0000000000000000E+00));
#11760=DIRECTION('',(-1.0000000000000000E+00,0.0000000000000000E+00,
   0.0000000000000000E+00));
#11770=AXIS2_PLACEMENT_3D('',#11740,#11750,#11760);
#11780=PLANE('',#11770);
#11790=CARTESIAN_POINT('',(-3.1605488301517802E+01,
   -2.2653715864353234E+01,-4.5000000000000018E-01));
#11800=DIRECTION('',(0.0000000000000000E+00,-1.0000000000000000E+00,
   0.0000000000000000E+00));
#11810=VECTOR('',#11800,1.0000000000000000E+00);
#11820=LINE('',#11790,#11810);
#11830=CARTESIAN_POINT('',(-3.1605488301517802E+01,
   1.8321376124790600E+01,-4.5000000000000018E-01));
#11840=VERTEX_POINT('',#11830);
#11850=EDGE_CURVE('',#10800,#11840,#11820,.T.);
#11860=ORIENTED_EDGE('',*,*,#11850,.F.);
#11870=CARTESIAN_POINT('',(-8.4502159542249785E+01,
   1.8321376124790600E+01,-4.5000000000000018E-01));
#11880=DIRECTION('',(1.0000000000000000E+00,0.0000000000000000E+00,
   0.0000000000000000E+00));
#11890=VECTOR('',#11880,1.0000000000000000E+00);
#11900=LINE('',#11870,#11890);
#11910=CARTESIAN_POINT('',(-3.1105488301517802E+01,
   1.8321376124790600E+01,-4.5000000000000018E-01));
#11920=VERTEX_POINT('',#11910);
#11930=EDGE_CURVE('',#11840,#11920,#11900,.T.);
#11940=ORIENTED_EDGE('',*,*,#11930,.F.);
#11950=CARTESIAN_POINT('',(-3.1105488301517802E+01,
   -2.2653715864353234E+01,-4.5000000000000018E-01));
#11960=DIRECTION('',(0.0000000000000000E+00,1.0000000000000000E+00,
   0.0000000000000000E+00));
#11970=VECTOR('',#11960,1.0000000000000000E+00);
#11980=LINE('',#11950,#11970);
#11990=EDGE_CURVE('',#11920,#10880,#11980,.T.);
#12000=ORIENTED_EDGE('',*,*,#11990,.F.);
#12010=ORIENTED_EDGE('',*,*,#10890,.T.);
#12020=EDGE_LOOP('',(#12010,#12000,#11940,#11860));
#12030=FACE_OUTER_BOUND('',#12020,.T.);
#12040=ADVANCED_FACE('',(#12030),#11780,.T.);
#12050=COLOUR_RGB('',9.4901961088180542E-01,9.4901961088180542E-01,
   1.0000000000000000E+00);
#12060=FILL_AREA_STYLE_COLOUR('',#12050);
#12070=FILL_AREA_STYLE('',(#12060));
#12080=SURFACE_STYLE_FILL_AREA(#12070);
#12090=SURFACE_SIDE_STYLE('',(#12080));
#12100=SURFACE_STYLE_USAGE(.BOTH.,#12090);
#12110=PRESENTATION_STYLE_ASSIGNMENT((#12100));
#12120=ORIENTED_EDGE('',*,*,#6520,.F.);
#12130=ORIENTED_EDGE('',*,*,#2100,.T.);
#12140=CARTESIAN_POINT('',(-3.0910513554687164E+01,
   2.8601376124790601E+01,3.4999999999999929E+00));
#12150=VERTEX_POINT('',#12140);
#12160=EDGE_CURVE('',#2030,#12150,#2010,.T.);
#12170=ORIENTED_EDGE('',*,*,#12160,.F.);
#12180=CARTESIAN_POINT('',(-3.0910513554687164E+01,
   -2.2653715864353234E+01,3.5000000000000000E+00));
#12190=DIRECTION('',(-0.0000000000000000E+00,-1.0000000000000000E+00,
   0.0000000000000000E+00));
#12200=VECTOR('',#12190,1.0000000000000000E+00);
#12210=LINE('',#12180,#12200);
#12220=EDGE_CURVE('',#12150,#6510,#12210,.T.);
#12230=ORIENTED_EDGE('',*,*,#12220,.F.);
#12240=EDGE_LOOP('',(#12230,#12170,#12130,#12120));
#12250=FACE_OUTER_BOUND('',#12240,.T.);
#12260=ADVANCED_FACE('',(#12250),#1790,.T.);
#12270=COLOUR_RGB('',9.4901967048645020E-01,9.4901967048645020E-01,
   1.0000000000000000E+00);
#12280=FILL_AREA_STYLE_COLOUR('',#12270);
#12290=FILL_AREA_STYLE('',(#12280));
#12300=SURFACE_STYLE_FILL_AREA(#12290);
#12310=SURFACE_SIDE_STYLE('',(#12300));
#12320=SURFACE_STYLE_USAGE(.BOTH.,#12310);
#12330=PRESENTATION_STYLE_ASSIGNMENT((#12320));
#12340=CARTESIAN_POINT('',(-3.1652975674933074E+01,
   2.8601376124790594E+01,2.4748737341528226E-01));
#12350=DIRECTION('',(7.0710678118654746E-01,0.0000000000000000E+00,
   -7.0710678118654757E-01));
#12360=DIRECTION('',(0.0000000000000000E+00,-1.0000000000000000E+00,
   0.0000000000000000E+00));
#12370=AXIS2_PLACEMENT_3D('',#12340,#12350,#12360);
#12380=PLANE('',#12370);
#12390=ORIENTED_EDGE('',*,*,#1560,.F.);
#12400=CARTESIAN_POINT('',(-3.0694461199299035E+01,
   2.7145319094080318E+01,1.2060018490493265E+00));
#12410=DIRECTION('',(0.0000000000000000E+00,1.0000000000000000E+00,
   0.0000000000000000E+00));
#12420=VECTOR('',#12410,1.0000000000000000E+00);
#12430=LINE('',#12400,#12420);
#12440=EDGE_CURVE('',#1470,#8220,#12430,.T.);
#12450=ORIENTED_EDGE('',*,*,#12440,.F.);
#12460=ORIENTED_EDGE('',*,*,#8250,.F.);
#12470=CARTESIAN_POINT('',(-3.1350485798848844E+01,
   3.9321376124790604E+01,5.4997724949951099E-01));
#12480=DIRECTION('',(0.0000000000000000E+00,-1.0000000000000000E+00,
   0.0000000000000000E+00));
#12490=VECTOR('',#12480,1.0000000000000000E+00);
#12500=LINE('',#12470,#12490);
#12510=EDGE_CURVE('',#8240,#1550,#12500,.T.);
#12520=ORIENTED_EDGE('',*,*,#12510,.F.);
#12530=EDGE_LOOP('',(#12520,#12460,#12450,#12390));
#12540=FACE_OUTER_BOUND('',#12530,.T.);
#12550=ADVANCED_FACE('',(#12540),#12380,.T.);
#12560=COLOUR_RGB('',9.4901967048645020E-01,9.4901967048645020E-01,
   1.0000000000000000E+00);
#12570=FILL_AREA_STYLE_COLOUR('',#12560);
#12580=FILL_AREA_STYLE('',(#12570));
#12590=SURFACE_STYLE_FILL_AREA(#12580);
#12600=SURFACE_SIDE_STYLE('',(#12590));
#12610=SURFACE_STYLE_USAGE(.BOTH.,#12600);
#12620=PRESENTATION_STYLE_ASSIGNMENT((#12610));
#12630=CARTESIAN_POINT('',(-3.3520488301517801E+01,
   2.2071376124790600E+01,0.0000000000000000E+00));
#12640=DIRECTION('',(1.0000000000000000E+00,0.0000000000000000E+00,
   0.0000000000000000E+00));
#12650=DIRECTION('',(0.0000000000000000E+00,-1.0000000000000000E+00,
   0.0000000000000000E+00));
#12660=AXIS2_PLACEMENT_3D('',#12630,#12640,#12650);
#12670=PLANE('',#12660);
#12680=ORIENTED_EDGE('',*,*,#7940,.T.);
#12690=ORIENTED_EDGE('',*,*,#8820,.T.);
#12700=ORIENTED_EDGE('',*,*,#11540,.F.);
#12710=ORIENTED_EDGE('',*,*,#11310,.T.);
#12720=EDGE_LOOP('',(#12710,#12700,#12690,#12680));
#12730=FACE_OUTER_BOUND('',#12720,.T.);
#12740=ADVANCED_FACE('',(#12730),#12670,.F.);
#12750=COLOUR_RGB('',5.0196081399917603E-01,1.0000000000000000E+00,
   5.0196081399917603E-01);
#12760=FILL_AREA_STYLE_COLOUR('',#12750);
#12770=FILL_AREA_STYLE('',(#12760));
#12780=SURFACE_STYLE_FILL_AREA(#12770);
#12790=SURFACE_SIDE_STYLE('',(#12780));
#12800=SURFACE_STYLE_USAGE(.BOTH.,#12790);
#12810=PRESENTATION_STYLE_ASSIGNMENT((#12800));
#12820=CARTESIAN_POINT('',(-3.1355488301517802E+01,
   1.7821376124790600E+01,-3.1602540378443855E-01));
#12830=DIRECTION('',(0.0000000000000000E+00,-2.5881904510252085E-01,
   -9.6592582628906820E-01));
#12840=DIRECTION('',(0.0000000000000000E+00,9.6592582628906842E-01,
   -2.5881904510252091E-01));
#12850=AXIS2_PLACEMENT_3D('',#12820,#12830,#12840);
#12860=PLANE('',#12850);
#12870=CARTESIAN_POINT('',(-3.1105488301517802E+01,
   -2.2653715864353234E+01,1.0529242808282060E+01));
#12880=DIRECTION('',(0.0000000000000000E+00,9.6592582628906831E-01,
   -2.5881904510252091E-01));
#12890=VECTOR('',#12880,1.0000000000000000E+00);
#12900=LINE('',#12870,#12890);
#12910=CARTESIAN_POINT('',(-3.1105488301517802E+01,
   1.7321376124790600E+01,-1.8205080756887781E-01));
#12920=VERTEX_POINT('',#12910);
#12930=EDGE_CURVE('',#12920,#11920,#12900,.T.);
#12940=ORIENTED_EDGE('',*,*,#12930,.F.);
#12950=ORIENTED_EDGE('',*,*,#11930,.T.);
#12960=CARTESIAN_POINT('',(-3.1605488301517795E+01,
   -2.2653715864353234E+01,1.0529242808282060E+01));
#12970=DIRECTION('',(0.0000000000000000E+00,9.6592582628906831E-01,
   -2.5881904510252091E-01));
#12980=VECTOR('',#12970,1.0000000000000000E+00);
#12990=LINE('',#12960,#12980);
#13000=CARTESIAN_POINT('',(-3.1605488301517802E+01,
   1.7321376124790600E+01,-1.8205080756887781E-01));
#13010=VERTEX_POINT('',#13000);
#13020=EDGE_CURVE('',#13010,#11840,#12990,.T.);
#13030=ORIENTED_EDGE('',*,*,#13020,.T.);
#13040=CARTESIAN_POINT('',(-8.4502159542249785E+01,
   1.7321376124790600E+01,-1.8205080756887781E-01));
#13050=DIRECTION('',(-1.0000000000000000E+00,0.0000000000000000E+00,
   0.0000000000000000E+00));
#13060=VECTOR('',#13050,1.0000000000000000E+00);
#13070=LINE('',#13040,#13060);
#13080=EDGE_CURVE('',#12920,#13010,#13070,.T.);
#13090=ORIENTED_EDGE('',*,*,#13080,.T.);
#13100=EDGE_LOOP('',(#13090,#13030,#12950,#12940));
#13110=FACE_OUTER_BOUND('',#13100,.T.);
#13120=ADVANCED_FACE('',(#13110),#12860,.T.);
#13130=COLOUR_RGB('',9.4901961088180542E-01,9.4901961088180542E-01,
   1.0000000000000000E+00);
#13140=FILL_AREA_STYLE_COLOUR('',#13130);
#13150=FILL_AREA_STYLE('',(#13140));
#13160=SURFACE_STYLE_FILL_AREA(#13150);
#13170=SURFACE_SIDE_STYLE('',(#13160));
#13180=SURFACE_STYLE_USAGE(.BOTH.,#13170);
#13190=PRESENTATION_STYLE_ASSIGNMENT((#13180));
#13200=CARTESIAN_POINT('',(-3.4090488301517794E+01,
   2.2071376124790600E+01,7.9999999999999538E-01));
#13210=DIRECTION('',(7.0710678118655212E-01,-0.0000000000000000E+00,
   7.0710678118654302E-01));
#13220=DIRECTION('',(7.0710678118654302E-01,0.0000000000000000E+00,
   -7.0710678118655212E-01));
#13230=AXIS2_PLACEMENT_3D('',#13200,#13210,#13220);
#13240=PLANE('',#13230);
#13250=ORIENTED_EDGE('',*,*,#3220,.T.);
#13260=ORIENTED_EDGE('',*,*,#9080,.F.);
#13270=ORIENTED_EDGE('',*,*,#5180,.T.);
#13280=CARTESIAN_POINT('',(-3.4644041692111067E+01,
   0.0000000000000000E+00,1.3535533905932704E+00));
#13290=DIRECTION('',(0.0000000000000000E+00,-1.0000000000000000E+00,
   0.0000000000000000E+00));
#13300=VECTOR('',#13290,1.0000000000000000E+00);
#13310=LINE('',#13280,#13300);
#13320=EDGE_CURVE('',#5090,#6900,#13310,.T.);
#13330=ORIENTED_EDGE('',*,*,#13320,.F.);
#13340=ORIENTED_EDGE('',*,*,#6910,.T.);
#13350=ORIENTED_EDGE('',*,*,#11620,.F.);
#13360=EDGE_LOOP('',(#13350,#13340,#13330,#13270,#13260,#13250));
#13370=FACE_OUTER_BOUND('',#13360,.T.);
#13380=ADVANCED_FACE('',(#13370),#13240,.F.);
#13390=COLOUR_RGB('',5.0196081399917603E-01,1.0000000000000000E+00,
   5.0196081399917603E-01);
#13400=FILL_AREA_STYLE_COLOUR('',#13390);
#13410=FILL_AREA_STYLE('',(#13400));
#13420=SURFACE_STYLE_FILL_AREA(#13410);
#13430=SURFACE_SIDE_STYLE('',(#13420));
#13440=SURFACE_STYLE_USAGE(.BOTH.,#13430);
#13450=PRESENTATION_STYLE_ASSIGNMENT((#13440));
#13460=CARTESIAN_POINT('',(-3.1158000928102481E+01,
   2.8001376124790593E+01,-2.4748737341531779E-01));
#13470=DIRECTION('',(0.0000000000000000E+00,1.0000000000000000E+00,
   0.0000000000000000E+00));
#13480=DIRECTION('',(7.0710678118654746E-01,0.0000000000000000E+00,
   -7.0710678118654757E-01));
#13490=AXIS2_PLACEMENT_3D('',#13460,#13470,#13480);
#13500=PLANE('',#13490);
#13510=CARTESIAN_POINT('',(-3.1900463048348357E+01,
   2.8001376124790593E+01,0.0000000000000000E+00));
#13520=VERTEX_POINT('',#13510);
#13530=EDGE_CURVE('',#130,#13520,#90,.T.);
#13540=ORIENTED_EDGE('',*,*,#13530,.T.);
#13550=CARTESIAN_POINT('',(-3.1355488301517802E+01,
   2.8001376124790593E+01,0.0000000000000000E+00));
#13560=DIRECTION('',(0.0000000000000000E+00,-1.0000000000000000E+00,
   0.0000000000000000E+00));
#13570=DIRECTION('',(1.0000000000000000E+00,0.0000000000000000E+00,
   0.0000000000000000E+00));
#13580=AXIS2_PLACEMENT_3D('',#13550,#13560,#13570);
#13590=CIRCLE('',#13580,5.5000000000000004E-01);
#13600=EDGE_CURVE('',#130,#680,#13590,.T.);
#13610=ORIENTED_EDGE('',*,*,#13600,.F.);
#13620=ORIENTED_EDGE('',*,*,#690,.T.);
#13630=CARTESIAN_POINT('',(-8.4502159542249785E+01,
   2.8001376124790593E+01,0.0000000000000000E+00));
#13640=DIRECTION('',(1.0000000000000000E+00,-0.0000000000000000E+00,
   0.0000000000000000E+00));
#13650=VECTOR('',#13640,1.0000000000000000E+00);
#13660=LINE('',#13630,#13650);
#13670=EDGE_CURVE('',#13520,#580,#13660,.T.);
#13680=ORIENTED_EDGE('',*,*,#13670,.T.);
#13690=EDGE_LOOP('',(#13680,#13620,#13610,#13540));
#13700=FACE_OUTER_BOUND('',#13690,.T.);
#13710=ADVANCED_FACE('',(#13700),#13500,.T.);
#13720=COLOUR_RGB('',9.4901967048645020E-01,9.4901967048645020E-01,
   1.0000000000000000E+00);
#13730=FILL_AREA_STYLE_COLOUR('',#13720);
#13740=FILL_AREA_STYLE('',(#13730));
#13750=SURFACE_STYLE_FILL_AREA(#13740);
#13760=SURFACE_SIDE_STYLE('',(#13750));
#13770=SURFACE_STYLE_USAGE(.BOTH.,#13760);
#13780=PRESENTATION_STYLE_ASSIGNMENT((#13770));
#13790=CARTESIAN_POINT('',(-3.1355488301517802E+01,
   2.8601376124790601E+01,3.5000000000000000E+00));
#13800=DIRECTION('',(0.0000000000000000E+00,-1.0000000000000000E+00,
   0.0000000000000000E+00));
#13810=DIRECTION('',(1.0000000000000000E+00,0.0000000000000000E+00,
   0.0000000000000000E+00));
#13820=AXIS2_PLACEMENT_3D('',#13790,#13800,#13810);
#13830=CIRCLE('',#13820,5.5000000000000004E-01);
#13840=CARTESIAN_POINT('',(-3.1905488301517799E+01,
   2.8601376124790601E+01,3.5000000000000000E+00));
#13850=VERTEX_POINT('',#13840);
#13860=EDGE_CURVE('',#13850,#7530,#13830,.T.);
#13870=ORIENTED_EDGE('',*,*,#13860,.F.);
#13880=ORIENTED_EDGE('',*,*,#7540,.T.);
#13890=CARTESIAN_POINT('',(-8.4502159542249785E+01,
   2.8601376124790601E+01,3.5000000000000000E+00));
#13900=DIRECTION('',(-1.0000000000000000E+00,0.0000000000000000E+00,
   0.0000000000000000E+00));
#13910=VECTOR('',#13900,1.0000000000000000E+00);
#13920=LINE('',#13890,#13910);
#13930=EDGE_CURVE('',#7450,#13850,#13920,.T.);
#13940=ORIENTED_EDGE('',*,*,#13930,.F.);
#13950=EDGE_LOOP('',(#13940,#13880,#13870));
#13960=FACE_OUTER_BOUND('',#13950,.T.);
#13970=ADVANCED_FACE('',(#13960),#5790,.T.);
#13980=COLOUR_RGB('',9.4901967048645020E-01,9.4901967048645020E-01,
   1.0000000000000000E+00);
#13990=FILL_AREA_STYLE_COLOUR('',#13980);
#14000=FILL_AREA_STYLE('',(#13990));
#14010=SURFACE_STYLE_FILL_AREA(#14000);
#14020=SURFACE_SIDE_STYLE('',(#14010));
#14030=SURFACE_STYLE_USAGE(.BOTH.,#14020);
#14040=PRESENTATION_STYLE_ASSIGNMENT((#14030));
#14050=CARTESIAN_POINT('',(-3.1355488301517802E+01,
   2.8601376124790601E+01,0.0000000000000000E+00));
#14060=DIRECTION('',(0.0000000000000000E+00,-1.0000000000000000E+00,
   0.0000000000000000E+00));
#14070=DIRECTION('',(1.0000000000000000E+00,0.0000000000000000E+00,
   0.0000000000000000E+00));
#14080=AXIS2_PLACEMENT_3D('',#14050,#14060,#14070);
#14090=CIRCLE('',#14080,5.5000000000000004E-01);
#14100=CARTESIAN_POINT('',(-3.0814019159547051E+01,
   2.8601376124790601E+01,9.6494395140114264E-02));
#14110=VERTEX_POINT('',#14100);
#14120=EDGE_CURVE('',#1060,#14110,#14090,.T.);
#14130=ORIENTED_EDGE('',*,*,#14120,.F.);
#14140=CARTESIAN_POINT('',(-8.4502159542249785E+01,
   2.8601376124790601E+01,-5.3591645987562615E+01));
#14150=DIRECTION('',(7.0710678118654757E-01,0.0000000000000000E+00,
   7.0710678118654746E-01));
#14160=VECTOR('',#14150,1.0000000000000000E+00);
#14170=LINE('',#14140,#14160);
#14180=EDGE_CURVE('',#600,#14110,#14170,.T.);
#14190=ORIENTED_EDGE('',*,*,#14180,.T.);
#14200=ORIENTED_EDGE('',*,*,#1130,.F.);
#14210=EDGE_LOOP('',(#14200,#14190,#14130));
#14220=FACE_OUTER_BOUND('',#14210,.T.);
#14230=ADVANCED_FACE('',(#14220),#8160,.T.);
#14240=COLOUR_RGB('',9.4901967048645020E-01,9.4901967048645020E-01,
   1.0000000000000000E+00);
#14250=FILL_AREA_STYLE_COLOUR('',#14240);
#14260=FILL_AREA_STYLE('',(#14250));
#14270=SURFACE_STYLE_FILL_AREA(#14260);
#14280=SURFACE_SIDE_STYLE('',(#14270));
#14290=SURFACE_STYLE_USAGE(.BOTH.,#14280);
#14300=PRESENTATION_STYLE_ASSIGNMENT((#14290));
#14310=ORIENTED_EDGE('',*,*,#1630,.F.);
#14320=EDGE_CURVE('',#13520,#1550,#1530,.T.);
#14330=ORIENTED_EDGE('',*,*,#14320,.T.);
#14340=ORIENTED_EDGE('',*,*,#13670,.F.);
#14350=EDGE_CURVE('',#1380,#580,#1340,.T.);
#14360=ORIENTED_EDGE('',*,*,#14350,.T.);
#14370=EDGE_LOOP('',(#14360,#14340,#14330,#14310));
#14380=FACE_OUTER_BOUND('',#14370,.T.);
#14390=ADVANCED_FACE('',(#14380),#1300,.T.);
#14400=COLOUR_RGB('',9.4901967048645020E-01,9.4901967048645020E-01,
   1.0000000000000000E+00);
#14410=FILL_AREA_STYLE_COLOUR('',#14400);
#14420=FILL_AREA_STYLE('',(#14410));
#14430=SURFACE_STYLE_FILL_AREA(#14420);
#14440=SURFACE_SIDE_STYLE('',(#14430));
#14450=SURFACE_STYLE_USAGE(.BOTH.,#14440);
#14460=PRESENTATION_STYLE_ASSIGNMENT((#14450));
#14470=CARTESIAN_POINT('',(-3.4644041692111067E+01,
   2.2071376124790600E+01,2.1464466094067292E+00));
#14480=DIRECTION('',(7.0710678118654302E-01,0.0000000000000000E+00,
   -7.0710678118655201E-01));
#14490=DIRECTION('',(-7.0710678118655201E-01,0.0000000000000000E+00,
   -7.0710678118654302E-01));
#14500=AXIS2_PLACEMENT_3D('',#14470,#14480,#14490);
#14510=PLANE('',#14500);
#14520=CARTESIAN_POINT('',(0.0000000000000000E+00,2.5421376124790594E+01
   ,3.6790488301517350E+01));
#14530=DIRECTION('',(-7.0710678118655201E-01,0.0000000000000000E+00,
   -7.0710678118654302E-01));
#14540=VECTOR('',#14530,1.0000000000000000E+00);
#14550=LINE('',#14520,#14540);
#14560=CARTESIAN_POINT('',(-3.4617870503397079E+01,
   2.5421376124790594E+01,2.1726177981207169E+00));
#14570=VERTEX_POINT('',#14560);
#14580=EDGE_CURVE('',#14570,#4420,#14550,.T.);
#14590=ORIENTED_EDGE('',*,*,#14580,.T.);
#14600=CARTESIAN_POINT('',(-3.4617870503397079E+01,
   2.4921376124790594E+01,2.1726177981207169E+00));
#14610=DIRECTION('',(7.0710678118654302E-01,0.0000000000000000E+00,
   -7.0710678118655201E-01));
#14620=DIRECTION('',(-7.0710678118655201E-01,0.0000000000000000E+00,
   -7.0710678118654302E-01));
#14630=AXIS2_PLACEMENT_3D('',#14600,#14610,#14620);
#14640=ELLIPSE('',#14630,7.0710678118652770E-01,4.9999999999998912E-01);
#14650=CARTESIAN_POINT('',(-3.4134907590252553E+01,
   2.5050785647341851E+01,2.6555807112652365E+00));
#14660=VERTEX_POINT('',#14650);
#14670=EDGE_CURVE('',#14570,#14660,#14640,.T.);
#14680=ORIENTED_EDGE('',*,*,#14670,.F.);
#14690=CARTESIAN_POINT('',(-2.7422569806281828E+01,
   0.0000000000000000E+00,9.3679184952358661E+00));
#14700=DIRECTION('',(-2.5056280708574180E-01,9.3511312653102474E-01,
   -2.5056280708573864E-01));
#14710=VECTOR('',#14700,1.0000000000000000E+00);
#14720=LINE('',#14690,#14710);
#14730=CARTESIAN_POINT('',(-3.4090488301517780E+01,
   2.4885010604947620E+01,2.7000000000000002E+00));
#14740=VERTEX_POINT('',#14730);
#14750=EDGE_CURVE('',#14740,#14660,#14720,.T.);
#14760=ORIENTED_EDGE('',*,*,#14750,.T.);
#14770=CARTESIAN_POINT('',(-3.4090488301517787E+01,
   0.0000000000000000E+00,2.7000000000000002E+00));
#14780=DIRECTION('',(0.0000000000000000E+00,1.0000000000000000E+00,
   0.0000000000000000E+00));
#14790=VECTOR('',#14780,1.0000000000000000E+00);
#14800=LINE('',#14770,#14790);
#14810=CARTESIAN_POINT('',(-3.4090488301517780E+01,
   2.1786376124790618E+01,2.7000000000000002E+00));
#14820=VERTEX_POINT('',#14810);
#14830=EDGE_CURVE('',#14820,#14740,#14800,.T.);
#14840=ORIENTED_EDGE('',*,*,#14830,.T.);
#14850=CARTESIAN_POINT('',(0.0000000000000000E+00,5.5876864426308202E+01
   ,3.6790488301517357E+01));
#14860=DIRECTION('',(5.7735026918962939E-01,5.7735026918962584E-01,
   5.7735026918962207E-01));
#14870=VECTOR('',#14860,1.0000000000000000E+00);
#14880=LINE('',#14850,#14870);
#14890=EDGE_CURVE('',#4440,#14820,#14880,.T.);
#14900=ORIENTED_EDGE('',*,*,#14890,.T.);
#14910=ORIENTED_EDGE('',*,*,#4450,.T.);
#14920=EDGE_LOOP('',(#14910,#14900,#14840,#14760,#14680,#14590));
#14930=FACE_OUTER_BOUND('',#14920,.T.);
#14940=ADVANCED_FACE('',(#14930),#14510,.F.);
#14950=COLOUR_RGB('',5.0196081399917603E-01,1.0000000000000000E+00,
   5.0196081399917603E-01);
#14960=FILL_AREA_STYLE_COLOUR('',#14950);
#14970=FILL_AREA_STYLE('',(#14960));
#14980=SURFACE_STYLE_FILL_AREA(#14970);
#14990=SURFACE_SIDE_STYLE('',(#14980));
#15000=SURFACE_STYLE_USAGE(.BOTH.,#14990);
#15010=PRESENTATION_STYLE_ASSIGNMENT((#15000));
#15020=CARTESIAN_POINT('',(-3.4134907590252553E+01,
   2.5050785647341851E+01,2.7000000000000020E+00));
#15030=DIRECTION('',(9.6592582628906531E-01,2.5881904510253184E-01,
   0.0000000000000000E+00));
#15040=DIRECTION('',(2.5881904510253184E-01,-9.6592582628906531E-01,
   0.0000000000000000E+00));
#15050=AXIS2_PLACEMENT_3D('',#15020,#15030,#15040);
#15060=PLANE('',#15050);
#15070=CARTESIAN_POINT('',(-3.3805488301517798E+01,
   2.3821376124790600E+01,4.3000000000000016E+00));
#15080=DIRECTION('',(-2.5881904510253184E-01,9.6592582628906531E-01,
   0.0000000000000000E+00));
#15090=VECTOR('',#15080,1.0000000000000000E+00);
#15100=LINE('',#15070,#15090);
#15110=CARTESIAN_POINT('',(-3.3805488301517791E+01,
   2.3821376124790600E+01,4.2999999999999972E+00));
#15120=VERTEX_POINT('',#15110);
#15130=CARTESIAN_POINT('',(-3.4090488301517780E+01,
   2.4885010604947620E+01,4.3000000000000016E+00));
#15140=VERTEX_POINT('',#15130);
#15150=EDGE_CURVE('',#15120,#15140,#15100,.T.);
#15160=ORIENTED_EDGE('',*,*,#15150,.T.);
#15170=CARTESIAN_POINT('',(-3.3805488301517798E+01,
   2.3821376124790600E+01,0.0000000000000000E+00));
#15180=DIRECTION('',(0.0000000000000000E+00,0.0000000000000000E+00,
   -1.0000000000000000E+00));
#15190=VECTOR('',#15180,1.0000000000000000E+00);
#15200=LINE('',#15170,#15190);
#15210=CARTESIAN_POINT('',(-3.3805488301517798E+01,
   2.3821376124790600E+01,2.7000000000000002E+00));
#15220=VERTEX_POINT('',#15210);
#15230=EDGE_CURVE('',#15120,#15220,#15200,.T.);
#15240=ORIENTED_EDGE('',*,*,#15230,.F.);
#15250=CARTESIAN_POINT('',(-3.3805488301517798E+01,
   2.3821376124790600E+01,2.7000000000000002E+00));
#15260=DIRECTION('',(-2.5881904510253184E-01,9.6592582628906531E-01,
   0.0000000000000000E+00));
#15270=VECTOR('',#15260,1.0000000000000000E+00);
#15280=LINE('',#15250,#15270);
#15290=EDGE_CURVE('',#15220,#14740,#15280,.T.);
#15300=ORIENTED_EDGE('',*,*,#15290,.F.);
#15310=ORIENTED_EDGE('',*,*,#14750,.F.);
#15320=CARTESIAN_POINT('',(-3.4134907590252553E+01,
   2.5050785647341851E+01,2.7000000000000002E+00));
#15330=DIRECTION('',(0.0000000000000000E+00,0.0000000000000000E+00,
   -1.0000000000000000E+00));
#15340=VECTOR('',#15330,1.0000000000000000E+00);
#15350=LINE('',#15320,#15340);
#15360=CARTESIAN_POINT('',(-3.4134907590252553E+01,
   2.5050785647341851E+01,4.3444192887347564E+00));
#15370=VERTEX_POINT('',#15360);
#15380=EDGE_CURVE('',#15370,#14660,#15350,.T.);
#15390=ORIENTED_EDGE('',*,*,#15380,.T.);
#15400=CARTESIAN_POINT('',(-2.7422569806281842E+01,
   0.0000000000000000E+00,-2.3679184952360455E+00));
#15410=DIRECTION('',(2.5056280708574147E-01,-9.3511312653102330E-01,
   -2.5056280708574469E-01));
#15420=VECTOR('',#15410,1.0000000000000000E+00);
#15430=LINE('',#15400,#15420);
#15440=EDGE_CURVE('',#15370,#15140,#15430,.T.);
#15450=ORIENTED_EDGE('',*,*,#15440,.F.);
#15460=EDGE_LOOP('',(#15450,#15390,#15310,#15300,#15240,#15160));
#15470=FACE_OUTER_BOUND('',#15460,.T.);
#15480=ADVANCED_FACE('',(#15470),#15060,.F.);
#15490=COLOUR_RGB('',5.0196081399917603E-01,1.0000000000000000E+00,
   5.0196081399917603E-01);
#15500=FILL_AREA_STYLE_COLOUR('',#15490);
#15510=FILL_AREA_STYLE('',(#15500));
#15520=SURFACE_STYLE_FILL_AREA(#15510);
#15530=SURFACE_SIDE_STYLE('',(#15520));
#15540=SURFACE_STYLE_USAGE(.BOTH.,#15530);
#15550=PRESENTATION_STYLE_ASSIGNMENT((#15540));
#15560=ORIENTED_EDGE('',*,*,#140,.T.);
#15570=CARTESIAN_POINT('',(-3.1405488301517792E+01,
   2.8001376124790593E+01,0.0000000000000000E+00));
#15580=DIRECTION('',(0.0000000000000000E+00,1.0000000000000000E+00,
   0.0000000000000000E+00));
#15590=DIRECTION('',(-1.0000000000000000E+00,0.0000000000000000E+00,
   0.0000000000000000E+00));
#15600=AXIS2_PLACEMENT_3D('',#15570,#15580,#15590);
#15610=CIRCLE('',#15600,1.3999999999999999E+00);
#15620=CARTESIAN_POINT('',(-3.2116515403736514E+01,
   2.8001376124790593E+01,-1.2060018490493487E+00));
#15630=VERTEX_POINT('',#15620);
#15640=EDGE_CURVE('',#15630,#110,#15610,.T.);
#15650=ORIENTED_EDGE('',*,*,#15640,.T.);
#15660=EDGE_CURVE('',#680,#15630,#660,.T.);
#15670=ORIENTED_EDGE('',*,*,#15660,.T.);
#15680=ORIENTED_EDGE('',*,*,#13600,.T.);
#15690=EDGE_LOOP('',(#15680,#15670,#15650,#15560));
#15700=FACE_OUTER_BOUND('',#15690,.T.);
#15710=ADVANCED_FACE('',(#15700),#13500,.T.);
#15720=COLOUR_RGB('',9.4901967048645020E-01,9.4901967048645020E-01,
   1.0000000000000000E+00);
#15730=FILL_AREA_STYLE_COLOUR('',#15720);
#15740=FILL_AREA_STYLE('',(#15730));
#15750=SURFACE_STYLE_FILL_AREA(#15740);
#15760=SURFACE_SIDE_STYLE('',(#15750));
#15770=SURFACE_STYLE_USAGE(.BOTH.,#15760);
#15780=PRESENTATION_STYLE_ASSIGNMENT((#15770));
#15790=ORIENTED_EDGE('',*,*,#15660,.F.);
#15800=CARTESIAN_POINT('',(-3.2116515403736514E+01,
   2.7145319094080318E+01,-1.2060018490493487E+00));
#15810=DIRECTION('',(0.0000000000000000E+00,1.0000000000000000E+00,
   0.0000000000000000E+00));
#15820=VECTOR('',#15810,1.0000000000000000E+00);
#15830=LINE('',#15800,#15820);
#15840=CARTESIAN_POINT('',(-3.2116515403736514E+01,
   2.8601376124790601E+01,-1.2060018490493487E+00));
#15850=VERTEX_POINT('',#15840);
#15860=EDGE_CURVE('',#15630,#15850,#15830,.T.);
#15870=ORIENTED_EDGE('',*,*,#15860,.F.);
#15880=EDGE_CURVE('',#15850,#760,#820,.T.);
#15890=ORIENTED_EDGE('',*,*,#15880,.F.);
#15900=ORIENTED_EDGE('',*,*,#770,.F.);
#15910=EDGE_LOOP('',(#15900,#15890,#15870,#15790));
#15920=FACE_OUTER_BOUND('',#15910,.T.);
#15930=ADVANCED_FACE('',(#15920),#520,.T.);
#15940=COLOUR_RGB('',9.4901967048645020E-01,9.4901967048645020E-01,
   1.0000000000000000E+00);
#15950=FILL_AREA_STYLE_COLOUR('',#15940);
#15960=FILL_AREA_STYLE('',(#15950));
#15970=SURFACE_STYLE_FILL_AREA(#15960);
#15980=SURFACE_SIDE_STYLE('',(#15970));
#15990=SURFACE_STYLE_USAGE(.BOTH.,#15980);
#16000=PRESENTATION_STYLE_ASSIGNMENT((#15990));
#16010=EDGE_CURVE('',#9270,#210,#270,.T.);
#16020=ORIENTED_EDGE('',*,*,#16010,.T.);
#16030=ORIENTED_EDGE('',*,*,#9280,.T.);
#16040=ORIENTED_EDGE('',*,*,#8460,.F.);
#16050=EDGE_LOOP('',(#16040,#16030,#16020));
#16060=FACE_OUTER_BOUND('',#16050,.T.);
#16070=ADVANCED_FACE('',(#16060),#990,.T.);
#16080=COLOUR_RGB('',9.4901967048645020E-01,9.4901967048645020E-01,
   1.0000000000000000E+00);
#16090=FILL_AREA_STYLE_COLOUR('',#16080);
#16100=FILL_AREA_STYLE('',(#16090));
#16110=SURFACE_STYLE_FILL_AREA(#16100);
#16120=SURFACE_SIDE_STYLE('',(#16110));
#16130=SURFACE_STYLE_USAGE(.BOTH.,#16120);
#16140=PRESENTATION_STYLE_ASSIGNMENT((#16130));
#16150=ORIENTED_EDGE('',*,*,#13530,.F.);
#16160=CARTESIAN_POINT('',(-3.1900463048348357E+01,
   -2.2653715864353234E+01,0.0000000000000000E+00));
#16170=DIRECTION('',(0.0000000000000000E+00,-1.0000000000000000E+00,
   0.0000000000000000E+00));
#16180=VECTOR('',#16170,1.0000000000000000E+00);
#16190=LINE('',#16160,#16180);
#16200=EDGE_CURVE('',#9270,#13520,#16190,.T.);
#16210=ORIENTED_EDGE('',*,*,#16200,.T.);
#16220=ORIENTED_EDGE('',*,*,#16010,.F.);
#16230=ORIENTED_EDGE('',*,*,#220,.F.);
#16240=EDGE_LOOP('',(#16230,#16220,#16210,#16150));
#16250=FACE_OUTER_BOUND('',#16240,.T.);
#16260=ADVANCED_FACE('',(#16250),#50,.T.);
#16270=COLOUR_RGB('',9.4901967048645020E-01,9.4901967048645020E-01,
   1.0000000000000000E+00);
#16280=FILL_AREA_STYLE_COLOUR('',#16270);
#16290=FILL_AREA_STYLE('',(#16280));
#16300=SURFACE_STYLE_FILL_AREA(#16290);
#16310=SURFACE_SIDE_STYLE('',(#16300));
#16320=SURFACE_STYLE_USAGE(.BOTH.,#16310);
#16330=PRESENTATION_STYLE_ASSIGNMENT((#16320));
#16340=ORIENTED_EDGE('',*,*,#16200,.F.);
#16350=ORIENTED_EDGE('',*,*,#14320,.F.);
#16360=ORIENTED_EDGE('',*,*,#12510,.T.);
#16370=ORIENTED_EDGE('',*,*,#9300,.F.);
#16380=EDGE_LOOP('',(#16370,#16360,#16350,#16340));
#16390=FACE_OUTER_BOUND('',#16380,.T.);
#16400=ADVANCED_FACE('',(#16390),#12380,.T.);
#16410=COLOUR_RGB('',9.4901967048645020E-01,9.4901967048645020E-01,
   1.0000000000000000E+00);
#16420=FILL_AREA_STYLE_COLOUR('',#16410);
#16430=FILL_AREA_STYLE('',(#16420));
#16440=SURFACE_STYLE_FILL_AREA(#16430);
#16450=SURFACE_SIDE_STYLE('',(#16440));
#16460=SURFACE_STYLE_USAGE(.BOTH.,#16450);
#16470=PRESENTATION_STYLE_ASSIGNMENT((#16460));
#16480=ORIENTED_EDGE('',*,*,#1070,.T.);
#16490=ORIENTED_EDGE('',*,*,#15880,.T.);
#16500=CARTESIAN_POINT('',(-3.1405488301517792E+01,
   2.8601376124790601E+01,0.0000000000000000E+00));
#16510=DIRECTION('',(0.0000000000000000E+00,1.0000000000000000E+00,
   0.0000000000000000E+00));
#16520=DIRECTION('',(-1.0000000000000000E+00,0.0000000000000000E+00,
   0.0000000000000000E+00));
#16530=AXIS2_PLACEMENT_3D('',#16500,#16510,#16520);
#16540=CIRCLE('',#16530,1.3999999999999999E+00);
#16550=CARTESIAN_POINT('',(-3.0005488301517794E+01,
   2.8601376124790601E+01,1.7145055188062944E-16));
#16560=VERTEX_POINT('',#16550);
#16570=EDGE_CURVE('',#16560,#15850,#16540,.T.);
#16580=ORIENTED_EDGE('',*,*,#16570,.T.);
#16590=CARTESIAN_POINT('',(-3.0199486452468442E+01,
   2.8601376124790601E+01,7.1102710221871934E-01));
#16600=VERTEX_POINT('',#16590);
#16610=EDGE_CURVE('',#16600,#16560,#16540,.T.);
#16620=ORIENTED_EDGE('',*,*,#16610,.T.);
#16630=EDGE_CURVE('',#14110,#16600,#14170,.T.);
#16640=ORIENTED_EDGE('',*,*,#16630,.T.);
#16650=ORIENTED_EDGE('',*,*,#14120,.T.);
#16660=EDGE_LOOP('',(#16650,#16640,#16620,#16580,#16490,#16480));
#16670=FACE_OUTER_BOUND('',#16660,.T.);
#16680=ADVANCED_FACE('',(#16670),#8160,.T.);
#16690=COLOUR_RGB('',9.4901967048645020E-01,9.4901967048645020E-01,
   1.0000000000000000E+00);
#16700=FILL_AREA_STYLE_COLOUR('',#16690);
#16710=FILL_AREA_STYLE('',(#16700));
#16720=SURFACE_STYLE_FILL_AREA(#16710);
#16730=SURFACE_SIDE_STYLE('',(#16720));
#16740=SURFACE_STYLE_USAGE(.BOTH.,#16730);
#16750=PRESENTATION_STYLE_ASSIGNMENT((#16740));
#16760=CARTESIAN_POINT('',(-3.1405488301517792E+01,
   2.7145319094080318E+01,0.0000000000000000E+00));
#16770=DIRECTION('',(0.0000000000000000E+00,1.0000000000000000E+00,
   0.0000000000000000E+00));
#16780=DIRECTION('',(-1.0000000000000000E+00,0.0000000000000000E+00,
   0.0000000000000000E+00));
#16790=AXIS2_PLACEMENT_3D('',#16760,#16770,#16780);
#16800=CYLINDRICAL_SURFACE('',#16790,1.3999999999999999E+00);
#16810=CARTESIAN_POINT('',(-3.2805488301517791E+01,
   2.7145319094080318E+01,0.0000000000000000E+00));
#16820=DIRECTION('',(0.0000000000000000E+00,1.0000000000000000E+00,
   0.0000000000000000E+00));
#16830=VECTOR('',#16820,1.0000000000000000E+00);
#16840=LINE('',#16810,#16830);
#16850=CARTESIAN_POINT('',(-3.2805488301517791E+01,
   2.7601376124790601E+01,0.0000000000000000E+00));
#16860=VERTEX_POINT('',#16850);
#16870=EDGE_CURVE('',#16860,#8330,#16840,.T.);
#16880=ORIENTED_EDGE('',*,*,#16870,.F.);
#16890=ORIENTED_EDGE('',*,*,#8340,.F.);
#16900=ORIENTED_EDGE('',*,*,#12440,.T.);
#16910=ORIENTED_EDGE('',*,*,#1480,.F.);
#16920=CARTESIAN_POINT('',(-3.0199486452468442E+01,
   2.7145319094080318E+01,7.1102710221871934E-01));
#16930=DIRECTION('',(0.0000000000000000E+00,1.0000000000000000E+00,
   0.0000000000000000E+00));
#16940=VECTOR('',#16930,1.0000000000000000E+00);
#16950=LINE('',#16920,#16940);
#16960=EDGE_CURVE('',#1360,#16600,#16950,.T.);
#16970=ORIENTED_EDGE('',*,*,#16960,.F.);
#16980=ORIENTED_EDGE('',*,*,#16610,.F.);
#16990=CARTESIAN_POINT('',(-3.0005488301517794E+01,
   2.7145319094080318E+01,1.7145055188062944E-16));
#17000=DIRECTION('',(0.0000000000000000E+00,1.0000000000000000E+00,
   0.0000000000000000E+00));
#17010=VECTOR('',#17000,1.0000000000000000E+00);
#17020=LINE('',#16990,#17010);
#17030=CARTESIAN_POINT('',(-3.0005488301517794E+01,
   2.7601376124790601E+01,1.7145055188062944E-16));
#17040=VERTEX_POINT('',#17030);
#17050=EDGE_CURVE('',#17040,#16560,#17020,.T.);
#17060=ORIENTED_EDGE('',*,*,#17050,.T.);
#17070=CARTESIAN_POINT('',(-3.1405488301517792E+01,
   2.7601376124790601E+01,0.0000000000000000E+00));
#17080=DIRECTION('',(0.0000000000000000E+00,1.0000000000000000E+00,
   0.0000000000000000E+00));
#17090=DIRECTION('',(-1.0000000000000000E+00,0.0000000000000000E+00,
   0.0000000000000000E+00));
#17100=AXIS2_PLACEMENT_3D('',#17070,#17080,#17090);
#17110=CIRCLE('',#17100,1.3999999999999999E+00);
#17120=EDGE_CURVE('',#16860,#17040,#17110,.T.);
#17130=ORIENTED_EDGE('',*,*,#17120,.T.);
#17140=EDGE_LOOP('',(#17130,#17060,#16980,#16970,#16910,#16900,#16890,
   #16880));
#17150=FACE_OUTER_BOUND('',#17140,.T.);
#17160=ADVANCED_FACE('',(#17150),#16800,.T.);
#17170=COLOUR_RGB('',9.4901967048645020E-01,9.4901967048645020E-01,
   1.0000000000000000E+00);
#17180=FILL_AREA_STYLE_COLOUR('',#17170);
#17190=FILL_AREA_STYLE('',(#17180));
#17200=SURFACE_STYLE_FILL_AREA(#17190);
#17210=SURFACE_SIDE_STYLE('',(#17200));
#17220=SURFACE_STYLE_USAGE(.BOTH.,#17210);
#17230=PRESENTATION_STYLE_ASSIGNMENT((#17220));
#17240=CARTESIAN_POINT('',(-3.1158000928102481E+01,
   2.7601376124790594E+01,-2.4748737341531779E-01));
#17250=DIRECTION('',(-7.0710678118654746E-01,0.0000000000000000E+00,
   7.0710678118654757E-01));
#17260=DIRECTION('',(0.0000000000000000E+00,1.0000000000000000E+00,
   0.0000000000000000E+00));
#17270=AXIS2_PLACEMENT_3D('',#17240,#17250,#17260);
#17280=PLANE('',#17270);
#17290=ORIENTED_EDGE('',*,*,#1390,.F.);
#17300=CARTESIAN_POINT('',(-3.0814019159547051E+01,
   3.9321376124790604E+01,9.6494395140114264E-02));
#17310=DIRECTION('',(0.0000000000000000E+00,-1.0000000000000000E+00,
   0.0000000000000000E+00));
#17320=VECTOR('',#17310,1.0000000000000000E+00);
#17330=LINE('',#17300,#17320);
#17340=EDGE_CURVE('',#14110,#1380,#17330,.T.);
#17350=ORIENTED_EDGE('',*,*,#17340,.T.);
#17360=ORIENTED_EDGE('',*,*,#16630,.F.);
#17370=ORIENTED_EDGE('',*,*,#16960,.T.);
#17380=EDGE_LOOP('',(#17370,#17360,#17350,#17290));
#17390=FACE_OUTER_BOUND('',#17380,.T.);
#17400=ADVANCED_FACE('',(#17390),#17280,.T.);
#17410=COLOUR_RGB('',9.4901967048645020E-01,9.4901967048645020E-01,
   1.0000000000000000E+00);
#17420=FILL_AREA_STYLE_COLOUR('',#17410);
#17430=FILL_AREA_STYLE('',(#17420));
#17440=SURFACE_STYLE_FILL_AREA(#17430);
#17450=SURFACE_SIDE_STYLE('',(#17440));
#17460=SURFACE_STYLE_USAGE(.BOTH.,#17450);
#17470=PRESENTATION_STYLE_ASSIGNMENT((#17460));
#17480=ORIENTED_EDGE('',*,*,#14350,.F.);
#17490=ORIENTED_EDGE('',*,*,#610,.F.);
#17500=ORIENTED_EDGE('',*,*,#14180,.F.);
#17510=ORIENTED_EDGE('',*,*,#17340,.F.);
#17520=EDGE_LOOP('',(#17510,#17500,#17490,#17480));
#17530=FACE_OUTER_BOUND('',#17520,.T.);
#17540=ADVANCED_FACE('',(#17530),#17280,.T.);
#17550=COLOUR_RGB('',9.4901967048645020E-01,9.4901967048645020E-01,
   1.0000000000000000E+00);
#17560=FILL_AREA_STYLE_COLOUR('',#17550);
#17570=FILL_AREA_STYLE('',(#17560));
#17580=SURFACE_STYLE_FILL_AREA(#17570);
#17590=SURFACE_SIDE_STYLE('',(#17580));
#17600=SURFACE_STYLE_USAGE(.BOTH.,#17590);
#17610=PRESENTATION_STYLE_ASSIGNMENT((#17600));
#17620=CARTESIAN_POINT('',(-3.2611490150567121E+01,
   2.8001376124790593E+01,2.7889728977812354E+00));
#17630=VERTEX_POINT('',#17620);
#17640=EDGE_CURVE('',#17630,#6380,#6360,.T.);
#17650=ORIENTED_EDGE('',*,*,#17640,.F.);
#17660=ORIENTED_EDGE('',*,*,#7600,.T.);
#17670=CARTESIAN_POINT('',(-3.2611490150567114E+01,
   2.8601376124790601E+01,2.7889728977812371E+00));
#17680=VERTEX_POINT('',#17670);
#17690=EDGE_CURVE('',#7530,#17680,#7510,.T.);
#17700=ORIENTED_EDGE('',*,*,#17690,.F.);
#17710=CARTESIAN_POINT('',(-3.2611490150567114E+01,
   2.7145319094080318E+01,2.7889728977812371E+00));
#17720=DIRECTION('',(0.0000000000000000E+00,1.0000000000000000E+00,
   0.0000000000000000E+00));
#17730=VECTOR('',#17720,1.0000000000000000E+00);
#17740=LINE('',#17710,#17730);
#17750=EDGE_CURVE('',#17630,#17680,#17740,.T.);
#17760=ORIENTED_EDGE('',*,*,#17750,.T.);
#17770=EDGE_LOOP('',(#17760,#17700,#17660,#17650));
#17780=FACE_OUTER_BOUND('',#17770,.T.);
#17790=ADVANCED_FACE('',(#17780),#7380,.T.);
#17800=COLOUR_RGB('',9.4901967048645020E-01,9.4901967048645020E-01,
   1.0000000000000000E+00);
#17810=FILL_AREA_STYLE_COLOUR('',#17800);
#17820=FILL_AREA_STYLE('',(#17810));
#17830=SURFACE_STYLE_FILL_AREA(#17820);
#17840=SURFACE_SIDE_STYLE('',(#17830));
#17850=SURFACE_STYLE_USAGE(.BOTH.,#17840);
#17860=PRESENTATION_STYLE_ASSIGNMENT((#17850));
#17870=CARTESIAN_POINT('',(-3.1158000928102481E+01,
   2.8001376124790593E+01,6.7525126265846840E+00));
#17880=DIRECTION('',(0.0000000000000000E+00,1.0000000000000000E+00,
   0.0000000000000000E+00));
#17890=DIRECTION('',(7.0710678118654746E-01,0.0000000000000000E+00,
   -7.0710678118654757E-01));
#17900=AXIS2_PLACEMENT_3D('',#17870,#17880,#17890);
#17910=PLANE('',#17900);
#17920=CARTESIAN_POINT('',(-8.4502159542249785E+01,
   2.8001376124790593E+01,-4.5601696493901422E+01));
#17930=DIRECTION('',(7.0710678118654757E-01,0.0000000000000000E+00,
   7.0710678118654746E-01));
#17940=VECTOR('',#17930,1.0000000000000000E+00);
#17950=LINE('',#17920,#17940);
#17960=CARTESIAN_POINT('',(-3.1905465551017315E+01,
   2.8001376124790593E+01,6.9949974973310454E+00));
#17970=VERTEX_POINT('',#17960);
#17980=CARTESIAN_POINT('',(-3.1900463048348364E+01,
   2.8001376124790593E+01,6.9999999999999929E+00));
#17990=VERTEX_POINT('',#17980);
#18000=EDGE_CURVE('',#17970,#17990,#17950,.T.);
#18010=ORIENTED_EDGE('',*,*,#18000,.T.);
#18020=CARTESIAN_POINT('',(-3.1355488301517802E+01,
   2.8001376124790593E+01,7.0000000000000018E+00));
#18030=DIRECTION('',(0.0000000000000000E+00,-1.0000000000000000E+00,
   0.0000000000000000E+00));
#18040=DIRECTION('',(1.0000000000000000E+00,0.0000000000000000E+00,
   0.0000000000000000E+00));
#18050=AXIS2_PLACEMENT_3D('',#18020,#18030,#18040);
#18060=CIRCLE('',#18050,5.5000000000000004E-01);
#18070=CARTESIAN_POINT('',(-3.1451982696657517E+01,
   2.8001376124790593E+01,6.4585308580291771E+00));
#18080=VERTEX_POINT('',#18070);
#18090=EDGE_CURVE('',#17970,#18080,#18060,.T.);
#18100=ORIENTED_EDGE('',*,*,#18090,.F.);
#18110=CARTESIAN_POINT('',(-8.4502159542249785E+01,
   2.8001376124790593E+01,-4.6591645987562615E+01));
#18120=DIRECTION('',(-7.0710678118654757E-01,0.0000000000000000E+00,
   -7.0710678118654746E-01));
#18130=VECTOR('',#18120,1.0000000000000000E+00);
#18140=LINE('',#18110,#18130);
#18150=CARTESIAN_POINT('',(-3.0910513554687164E+01,
   2.8001376124790593E+01,7.0000000000000000E+00));
#18160=VERTEX_POINT('',#18150);
#18170=EDGE_CURVE('',#18160,#18080,#18140,.T.);
#18180=ORIENTED_EDGE('',*,*,#18170,.T.);
#18190=CARTESIAN_POINT('',(-8.4502159542249785E+01,
   2.8001376124790593E+01,7.0000000000000018E+00));
#18200=DIRECTION('',(-1.0000000000000000E+00,0.0000000000000000E+00,
   0.0000000000000000E+00));
#18210=VECTOR('',#18200,1.0000000000000000E+00);
#18220=LINE('',#18190,#18210);
#18230=EDGE_CURVE('',#18160,#17990,#18220,.T.);
#18240=ORIENTED_EDGE('',*,*,#18230,.F.);
#18250=EDGE_LOOP('',(#18240,#18180,#18100,#18010));
#18260=FACE_OUTER_BOUND('',#18250,.T.);
#18270=ADVANCED_FACE('',(#18260),#17910,.T.);
#18280=COLOUR_RGB('',9.4901967048645020E-01,9.4901967048645020E-01,
   1.0000000000000000E+00);
#18290=FILL_AREA_STYLE_COLOUR('',#18280);
#18300=FILL_AREA_STYLE('',(#18290));
#18310=SURFACE_STYLE_FILL_AREA(#18300);
#18320=SURFACE_SIDE_STYLE('',(#18310));
#18330=SURFACE_STYLE_USAGE(.BOTH.,#18320);
#18340=PRESENTATION_STYLE_ASSIGNMENT((#18330));
#18350=CARTESIAN_POINT('',(-3.2074229385564998E+01,
   2.8601376124790601E+01,1.1168741084047205E+01));
#18360=DIRECTION('',(0.0000000000000000E+00,1.0000000000000000E+00,
   0.0000000000000000E+00));
#18370=DIRECTION('',(7.0710678118654746E-01,0.0000000000000000E+00,
   -7.0710678118654757E-01));
#18380=AXIS2_PLACEMENT_3D('',#18350,#18360,#18370);
#18390=PLANE('',#18380);
#18400=CARTESIAN_POINT('',(-3.1355488301517802E+01,
   2.8601376124790601E+01,1.0500000000000000E+01));
#18410=DIRECTION('',(0.0000000000000000E+00,-1.0000000000000000E+00,
   0.0000000000000000E+00));
#18420=DIRECTION('',(1.0000000000000000E+00,0.0000000000000000E+00,
   0.0000000000000000E+00));
#18430=AXIS2_PLACEMENT_3D('',#18400,#18410,#18420);
#18440=CIRCLE('',#18430,5.5000000000000004E-01);
#18450=CARTESIAN_POINT('',(-3.1451982696656941E+01,
   2.8601376124790601E+01,9.9585308580290732E+00));
#18460=VERTEX_POINT('',#18450);
#18470=CARTESIAN_POINT('',(-3.0805488301517805E+01,
   2.8601376124790601E+01,1.0500000000000000E+01));
#18480=VERTEX_POINT('',#18470);
#18490=EDGE_CURVE('',#18460,#18480,#18440,.T.);
#18500=ORIENTED_EDGE('',*,*,#18490,.F.);
#18510=CARTESIAN_POINT('',(-8.4502159542249785E+01,
   2.8601376124790601E+01,1.0500000000000000E+01));
#18520=DIRECTION('',(-1.0000000000000000E+00,0.0000000000000000E+00,
   0.0000000000000000E+00));
#18530=VECTOR('',#18520,1.0000000000000000E+00);
#18540=LINE('',#18510,#18530);
#18550=CARTESIAN_POINT('',(-3.0910513554687164E+01,
   2.8601376124790601E+01,1.0500000000000000E+01));
#18560=VERTEX_POINT('',#18550);
#18570=EDGE_CURVE('',#18480,#18560,#18540,.T.);
#18580=ORIENTED_EDGE('',*,*,#18570,.F.);
#18590=CARTESIAN_POINT('',(-8.4502159542249785E+01,
   2.8601376124790601E+01,-4.3091645987562615E+01));
#18600=DIRECTION('',(7.0710678118654757E-01,0.0000000000000000E+00,
   7.0710678118654746E-01));
#18610=VECTOR('',#18600,1.0000000000000000E+00);
#18620=LINE('',#18590,#18610);
#18630=EDGE_CURVE('',#18460,#18560,#18620,.T.);
#18640=ORIENTED_EDGE('',*,*,#18630,.T.);
#18650=EDGE_LOOP('',(#18640,#18580,#18500));
#18660=FACE_OUTER_BOUND('',#18650,.T.);
#18670=ADVANCED_FACE('',(#18660),#18390,.T.);
#18680=COLOUR_RGB('',9.4901967048645020E-01,9.4901967048645020E-01,
   1.0000000000000000E+00);
#18690=FILL_AREA_STYLE_COLOUR('',#18680);
#18700=FILL_AREA_STYLE('',(#18690));
#18710=SURFACE_STYLE_FILL_AREA(#18700);
#18720=SURFACE_SIDE_STYLE('',(#18710));
#18730=SURFACE_STYLE_USAGE(.BOTH.,#18720);
#18740=PRESENTATION_STYLE_ASSIGNMENT((#18730));
#18750=CARTESIAN_POINT('',(0.0000000000000000E+00,0.0000000000000000E+00
   ,4.3000000000000016E+00));
#18760=DIRECTION('',(0.0000000000000000E+00,0.0000000000000000E+00,
   1.0000000000000000E+00));
#18770=DIRECTION('',(1.0000000000000000E+00,0.0000000000000000E+00,
   0.0000000000000000E+00));
#18780=AXIS2_PLACEMENT_3D('',#18750,#18760,#18770);
#18790=PLANE('',#18780);
#18800=CARTESIAN_POINT('',(0.0000000000000000E+00,5.5876864426308202E+01
   ,4.3000000000000016E+00));
#18810=DIRECTION('',(7.0710678118654968E-01,7.0710678118654535E-01,
   0.0000000000000000E+00));
#18820=VECTOR('',#18810,1.0000000000000000E+00);
#18830=LINE('',#18800,#18820);
#18840=CARTESIAN_POINT('',(-3.4090488301517780E+01,
   2.1786376124790618E+01,4.3000000000000016E+00));
#18850=VERTEX_POINT('',#18840);
#18860=CARTESIAN_POINT('',(-3.3805488301517805E+01,
   2.2071376124790600E+01,4.2999999999999972E+00));
#18870=VERTEX_POINT('',#18860);
#18880=EDGE_CURVE('',#18850,#18870,#18830,.T.);
#18890=ORIENTED_EDGE('',*,*,#18880,.F.);
#18900=CARTESIAN_POINT('',(-3.3805488301517798E+01,
   2.2071376124790600E+01,4.3000000000000016E+00));
#18910=DIRECTION('',(1.0000000000000000E+00,0.0000000000000000E+00,
   0.0000000000000000E+00));
#18920=VECTOR('',#18910,1.0000000000000000E+00);
#18930=LINE('',#18900,#18920);
#18940=CARTESIAN_POINT('',(-3.3520488301517801E+01,
   2.2071376124790600E+01,4.3000000000000016E+00));
#18950=VERTEX_POINT('',#18940);
#18960=EDGE_CURVE('',#18870,#18950,#18930,.T.);
#18970=ORIENTED_EDGE('',*,*,#18960,.F.);
#18980=CARTESIAN_POINT('',(-3.3520488301517801E+01,
   2.3821376124790600E+01,4.3000000000000016E+00));
#18990=DIRECTION('',(0.0000000000000000E+00,-1.0000000000000000E+00,
   0.0000000000000000E+00));
#19000=VECTOR('',#18990,1.0000000000000000E+00);
#19010=LINE('',#18980,#19000);
#19020=CARTESIAN_POINT('',(-3.3520488301517801E+01,
   2.3821376124790600E+01,4.3000000000000016E+00));
#19030=VERTEX_POINT('',#19020);
#19040=EDGE_CURVE('',#19030,#18950,#19010,.T.);
#19050=ORIENTED_EDGE('',*,*,#19040,.T.);
#19060=CARTESIAN_POINT('',(-3.3805488301517798E+01,
   2.3821376124790600E+01,4.3000000000000016E+00));
#19070=DIRECTION('',(1.0000000000000000E+00,0.0000000000000000E+00,
   0.0000000000000000E+00));
#19080=VECTOR('',#19070,1.0000000000000000E+00);
#19090=LINE('',#19060,#19080);
#19100=EDGE_CURVE('',#15120,#19030,#19090,.T.);
#19110=ORIENTED_EDGE('',*,*,#19100,.T.);
#19120=ORIENTED_EDGE('',*,*,#15150,.F.);
#19130=CARTESIAN_POINT('',(-3.4090488301517780E+01,
   0.0000000000000000E+00,4.3000000000000016E+00));
#19140=DIRECTION('',(0.0000000000000000E+00,1.0000000000000000E+00,
   0.0000000000000000E+00));
#19150=VECTOR('',#19140,1.0000000000000000E+00);
#19160=LINE('',#19130,#19150);
#19170=EDGE_CURVE('',#18850,#15140,#19160,.T.);
#19180=ORIENTED_EDGE('',*,*,#19170,.T.);
#19190=EDGE_LOOP('',(#19180,#19120,#19110,#19050,#18970,#18890));
#19200=FACE_OUTER_BOUND('',#19190,.T.);
#19210=ADVANCED_FACE('',(#19200),#18790,.F.);
#19220=COLOUR_RGB('',5.0196081399917603E-01,1.0000000000000000E+00,
   5.0196081399917603E-01);
#19230=FILL_AREA_STYLE_COLOUR('',#19220);
#19240=FILL_AREA_STYLE('',(#19230));
#19250=SURFACE_STYLE_FILL_AREA(#19240);
#19260=SURFACE_SIDE_STYLE('',(#19250));
#19270=SURFACE_STYLE_USAGE(.BOTH.,#19260);
#19280=PRESENTATION_STYLE_ASSIGNMENT((#19270));
#19290=CARTESIAN_POINT('',(-3.1355488301517802E+01,
   1.7821376124790600E+01,3.1839745962155614E+00));
#19300=DIRECTION('',(0.0000000000000000E+00,2.5881904510252085E-01,
   9.6592582628906820E-01));
#19310=DIRECTION('',(0.0000000000000000E+00,9.6592582628906842E-01,
   -2.5881904510252091E-01));
#19320=AXIS2_PLACEMENT_3D('',#19290,#19300,#19310);
#19330=PLANE('',#19320);
#19340=CARTESIAN_POINT('',(-3.1105488301517802E+01,
   -2.2653715864353234E+01,1.4029242808282062E+01));
#19350=DIRECTION('',(0.0000000000000000E+00,-9.6592582628906831E-01,
   2.5881904510252091E-01));
#19360=VECTOR('',#19350,1.0000000000000000E+00);
#19370=LINE('',#19340,#19360);
#19380=CARTESIAN_POINT('',(-3.1105488301517802E+01,
   1.8321376124790607E+01,3.0499999999999998E+00));
#19390=VERTEX_POINT('',#19380);
#19400=CARTESIAN_POINT('',(-3.1105488301517802E+01,
   1.7321376124790600E+01,3.3179491924311231E+00));
#19410=VERTEX_POINT('',#19400);
#19420=EDGE_CURVE('',#19390,#19410,#19370,.T.);
#19430=ORIENTED_EDGE('',*,*,#19420,.T.);
#19440=CARTESIAN_POINT('',(-8.4502159542249785E+01,
   1.8321376124790607E+01,3.0499999999999998E+00));
#19450=DIRECTION('',(1.0000000000000000E+00,0.0000000000000000E+00,
   0.0000000000000000E+00));
#19460=VECTOR('',#19450,1.0000000000000000E+00);
#19470=LINE('',#19440,#19460);
#19480=CARTESIAN_POINT('',(-3.1605488301517802E+01,
   1.8321376124790607E+01,3.0499999999999998E+00));
#19490=VERTEX_POINT('',#19480);
#19500=EDGE_CURVE('',#19490,#19390,#19470,.T.);
#19510=ORIENTED_EDGE('',*,*,#19500,.T.);
#19520=CARTESIAN_POINT('',(-3.1605488301517795E+01,
   -2.2653715864353234E+01,1.4029242808282062E+01));
#19530=DIRECTION('',(0.0000000000000000E+00,9.6592582628906831E-01,
   -2.5881904510252091E-01));
#19540=VECTOR('',#19530,1.0000000000000000E+00);
#19550=LINE('',#19520,#19540);
#19560=CARTESIAN_POINT('',(-3.1605488301517795E+01,
   1.7321376124790607E+01,3.3179491924311204E+00));
#19570=VERTEX_POINT('',#19560);
#19580=EDGE_CURVE('',#19570,#19490,#19550,.T.);
#19590=ORIENTED_EDGE('',*,*,#19580,.T.);
#19600=CARTESIAN_POINT('',(-8.4502159542249785E+01,
   1.7321376124790600E+01,3.3179491924311231E+00));
#19610=DIRECTION('',(-1.0000000000000000E+00,0.0000000000000000E+00,
   0.0000000000000000E+00));
#19620=VECTOR('',#19610,1.0000000000000000E+00);
#19630=LINE('',#19600,#19620);
#19640=EDGE_CURVE('',#19410,#19570,#19630,.T.);
#19650=ORIENTED_EDGE('',*,*,#19640,.T.);
#19660=EDGE_LOOP('',(#19650,#19590,#19510,#19430));
#19670=FACE_OUTER_BOUND('',#19660,.T.);
#19680=ADVANCED_FACE('',(#19670),#19330,.F.);
#19690=COLOUR_RGB('',9.4901961088180542E-01,9.4901961088180542E-01,
   1.0000000000000000E+00);
#19700=FILL_AREA_STYLE_COLOUR('',#19690);
#19710=FILL_AREA_STYLE('',(#19700));
#19720=SURFACE_STYLE_FILL_AREA(#19710);
#19730=SURFACE_SIDE_STYLE('',(#19720));
#19740=SURFACE_STYLE_USAGE(.BOTH.,#19730);
#19750=PRESENTATION_STYLE_ASSIGNMENT((#19740));
#19760=CARTESIAN_POINT('',(-3.1105488301517802E+01,
   2.0321376124790600E+01,3.9500000000000002E+00));
#19770=DIRECTION('',(1.0000000000000000E+00,-0.0000000000000000E+00,
   0.0000000000000000E+00));
#19780=DIRECTION('',(0.0000000000000000E+00,0.0000000000000000E+00,
   -1.0000000000000000E+00));
#19790=AXIS2_PLACEMENT_3D('',#19760,#19770,#19780);
#19800=PLANE('',#19790);
#19810=CARTESIAN_POINT('',(-3.1105488301517802E+01,
   -2.2653715864353234E+01,-7.0292428082820599E+00));
#19820=DIRECTION('',(0.0000000000000000E+00,9.6592582628906831E-01,
   2.5881904510252091E-01));
#19830=VECTOR('',#19820,1.0000000000000000E+00);
#19840=LINE('',#19810,#19830);
#19850=CARTESIAN_POINT('',(-3.1105488301517802E+01,
   1.7321376124790600E+01,3.6820508075688787E+00));
#19860=VERTEX_POINT('',#19850);
#19870=CARTESIAN_POINT('',(-3.1105488301517802E+01,
   1.8321376124790607E+01,3.9500000000000020E+00));
#19880=VERTEX_POINT('',#19870);
#19890=EDGE_CURVE('',#19860,#19880,#19840,.T.);
#19900=ORIENTED_EDGE('',*,*,#19890,.F.);
#19910=CARTESIAN_POINT('',(-3.1105488301517802E+01,
   -2.2653715864353234E+01,3.9500000000000020E+00));
#19920=DIRECTION('',(0.0000000000000000E+00,-1.0000000000000000E+00,
   0.0000000000000000E+00));
#19930=VECTOR('',#19920,1.0000000000000000E+00);
#19940=LINE('',#19910,#19930);
#19950=CARTESIAN_POINT('',(-3.1105488301517802E+01,
   2.0321376124790600E+01,3.9500000000000020E+00));
#19960=VERTEX_POINT('',#19950);
#19970=EDGE_CURVE('',#19960,#19880,#19940,.T.);
#19980=ORIENTED_EDGE('',*,*,#19970,.T.);
#19990=CARTESIAN_POINT('',(-3.1105488301517802E+01,
   2.0321376124790600E+01,8.5000000000000018E+00));
#20000=DIRECTION('',(0.0000000000000000E+00,0.0000000000000000E+00,
   -1.0000000000000000E+00));
#20010=VECTOR('',#20000,1.0000000000000000E+00);
#20020=LINE('',#19990,#20010);
#20030=CARTESIAN_POINT('',(-3.1105488301517802E+01,
   2.0321376124790600E+01,3.5000000000000018E+00));
#20040=VERTEX_POINT('',#20030);
#20050=EDGE_CURVE('',#19960,#20040,#20020,.T.);
#20060=ORIENTED_EDGE('',*,*,#20050,.F.);
#20070=CARTESIAN_POINT('',(-3.1105488301517802E+01,
   2.0321376124790600E+01,5.0000000000000000E+00));
#20080=DIRECTION('',(0.0000000000000000E+00,0.0000000000000000E+00,
   -1.0000000000000000E+00));
#20090=VECTOR('',#20080,1.0000000000000000E+00);
#20100=LINE('',#20070,#20090);
#20110=CARTESIAN_POINT('',(-3.1105488301517802E+01,
   2.0321376124790600E+01,3.0499999999999998E+00));
#20120=VERTEX_POINT('',#20110);
#20130=EDGE_CURVE('',#20040,#20120,#20100,.T.);
#20140=ORIENTED_EDGE('',*,*,#20130,.F.);
#20150=CARTESIAN_POINT('',(-3.1105488301517802E+01,
   -2.2653715864353234E+01,3.0499999999999998E+00));
#20160=DIRECTION('',(0.0000000000000000E+00,1.0000000000000000E+00,
   0.0000000000000000E+00));
#20170=VECTOR('',#20160,1.0000000000000000E+00);
#20180=LINE('',#20150,#20170);
#20190=EDGE_CURVE('',#19390,#20120,#20180,.T.);
#20200=ORIENTED_EDGE('',*,*,#20190,.T.);
#20210=ORIENTED_EDGE('',*,*,#19420,.F.);
#20220=CARTESIAN_POINT('',(-3.1105488301517802E+01,
   1.7321376124790600E+01,5.0000000000000000E+00));
#20230=DIRECTION('',(0.0000000000000000E+00,0.0000000000000000E+00,
   -1.0000000000000000E+00));
#20240=VECTOR('',#20230,1.0000000000000000E+00);
#20250=LINE('',#20220,#20240);
#20260=EDGE_CURVE('',#19860,#19410,#20250,.T.);
#20270=ORIENTED_EDGE('',*,*,#20260,.T.);
#20280=EDGE_LOOP('',(#20270,#20210,#20200,#20140,#20060,#19980,#19900));
#20290=FACE_OUTER_BOUND('',#20280,.T.);
#20300=ADVANCED_FACE('',(#20290),#19800,.T.);
#20310=COLOUR_RGB('',9.4901961088180542E-01,9.4901961088180542E-01,
   1.0000000000000000E+00);
#20320=FILL_AREA_STYLE_COLOUR('',#20310);
#20330=FILL_AREA_STYLE('',(#20320));
#20340=SURFACE_STYLE_FILL_AREA(#20330);
#20350=SURFACE_SIDE_STYLE('',(#20340));
#20360=SURFACE_STYLE_USAGE(.BOTH.,#20350);
#20370=PRESENTATION_STYLE_ASSIGNMENT((#20360));
#20380=ORIENTED_EDGE('',*,*,#6160,.F.);
#20390=CARTESIAN_POINT('',(-8.4502159542249785E+01,
   2.8601376124790601E+01,3.5000000000000000E+00));
#20400=DIRECTION('',(-1.0000000000000000E+00,0.0000000000000000E+00,
   0.0000000000000000E+00));
#20410=VECTOR('',#20400,1.0000000000000000E+00);
#20420=LINE('',#20390,#20410);
#20430=EDGE_CURVE('',#6080,#12150,#20420,.T.);
#20440=ORIENTED_EDGE('',*,*,#20430,.F.);
#20450=ORIENTED_EDGE('',*,*,#12160,.T.);
#20460=EDGE_LOOP('',(#20450,#20440,#20380));
#20470=FACE_OUTER_BOUND('',#20460,.T.);
#20480=ADVANCED_FACE('',(#20470),#5790,.T.);
#20490=COLOUR_RGB('',9.4901967048645020E-01,9.4901967048645020E-01,
   1.0000000000000000E+00);
#20500=FILL_AREA_STYLE_COLOUR('',#20490);
#20510=FILL_AREA_STYLE('',(#20500));
#20520=SURFACE_STYLE_FILL_AREA(#20510);
#20530=SURFACE_SIDE_STYLE('',(#20520));
#20540=SURFACE_STYLE_USAGE(.BOTH.,#20530);
#20550=PRESENTATION_STYLE_ASSIGNMENT((#20540));
#20560=CARTESIAN_POINT('',(-2.9600332014422804E+01,
   2.3598321788203702E+01,2.3000000000000000E+01));
#20570=DIRECTION('',(1.0000000000000000E+00,0.0000000000000000E+00,
   0.0000000000000000E+00));
#20580=DIRECTION('',(0.0000000000000000E+00,-1.0000000000000000E+00,
   0.0000000000000000E+00));
#20590=AXIS2_PLACEMENT_3D('',#20560,#20570,#20580);
#20600=PLANE('',#20590);
#20610=CARTESIAN_POINT('',(-2.9600332014422804E+01,
   0.0000000000000000E+00,2.3000000000000000E+01));
#20620=DIRECTION('',(0.0000000000000000E+00,1.0000000000000000E+00,
   0.0000000000000000E+00));
#20630=VECTOR('',#20620,1.0000000000000000E+00);
#20640=LINE('',#20610,#20630);
#20650=CARTESIAN_POINT('',(-2.9600332014422804E+01,
   2.3598321788203702E+01,2.3000000000000000E+01));
#20660=VERTEX_POINT('',#20650);
#20670=CARTESIAN_POINT('',(-2.9600332014422662E+01,
   2.3838270739176519E+01,2.3000000000000000E+01));
#20680=VERTEX_POINT('',#20670);
#20690=EDGE_CURVE('',#20660,#20680,#20640,.T.);
#20700=ORIENTED_EDGE('',*,*,#20690,.T.);
#20710=CARTESIAN_POINT('',(-2.9600332014422804E+01,
   2.3598321788203702E+01,2.3000000000000000E+01));
#20720=DIRECTION('',(0.0000000000000000E+00,0.0000000000000000E+00,
   1.0000000000000000E+00));
#20730=VECTOR('',#20720,1.0000000000000000E+00);
#20740=LINE('',#20710,#20730);
#20750=CARTESIAN_POINT('',(-2.9600332014422804E+01,
   2.3598321788203702E+01,2.2899999999999999E+01));
#20760=VERTEX_POINT('',#20750);
#20770=EDGE_CURVE('',#20760,#20660,#20740,.T.);
#20780=ORIENTED_EDGE('',*,*,#20770,.T.);
#20790=CARTESIAN_POINT('',(-2.9600332014422804E+01,
   2.3598321788203702E+01,2.2899999999999999E+01));
#20800=DIRECTION('',(0.0000000000000000E+00,1.0000000000000000E+00,
   0.0000000000000000E+00));
#20810=VECTOR('',#20800,1.0000000000000000E+00);
#20820=LINE('',#20790,#20810);
#20830=CARTESIAN_POINT('',(-2.9600332014422662E+01,
   2.3838270739176519E+01,2.2899999999999999E+01));
#20840=VERTEX_POINT('',#20830);
#20850=EDGE_CURVE('',#20760,#20840,#20820,.T.);
#20860=ORIENTED_EDGE('',*,*,#20850,.F.);
#20870=CARTESIAN_POINT('',(-2.9600332014422662E+01,
   2.3838270739176519E+01,2.3000000000000000E+01));
#20880=DIRECTION('',(0.0000000000000000E+00,0.0000000000000000E+00,
   1.0000000000000000E+00));
#20890=VECTOR('',#20880,1.0000000000000000E+00);
#20900=LINE('',#20870,#20890);
#20910=EDGE_CURVE('',#20840,#20680,#20900,.T.);
#20920=ORIENTED_EDGE('',*,*,#20910,.F.);
#20930=EDGE_LOOP('',(#20920,#20860,#20780,#20700));
#20940=FACE_OUTER_BOUND('',#20930,.T.);
#20950=ADVANCED_FACE('',(#20940),#20600,.F.);
#20960=COLOUR_RGB('',5.0196081399917603E-01,1.0000000000000000E+00,
   5.0196081399917603E-01);
#20970=FILL_AREA_STYLE_COLOUR('',#20960);
#20980=FILL_AREA_STYLE('',(#20970));
#20990=SURFACE_STYLE_FILL_AREA(#20980);
#21000=SURFACE_SIDE_STYLE('',(#20990));
#21010=SURFACE_STYLE_USAGE(.BOTH.,#21000);
#21020=PRESENTATION_STYLE_ASSIGNMENT((#21010));
#21030=CARTESIAN_POINT('',(-3.1355488301517802E+01,
   2.0821376124790600E+01,3.5000000000000000E+00));
#21040=DIRECTION('',(0.0000000000000000E+00,-1.0000000000000000E+00,
   0.0000000000000000E+00));
#21050=DIRECTION('',(1.0000000000000000E+00,0.0000000000000000E+00,
   0.0000000000000000E+00));
#21060=AXIS2_PLACEMENT_3D('',#21030,#21040,#21050);
#21070=CYLINDRICAL_SURFACE('',#21060,5.5000000000000004E-01);
#21080=CARTESIAN_POINT('',(-3.0805488301517801E+01,
   2.0821376124790600E+01,3.5000000000000000E+00));
#21090=DIRECTION('',(0.0000000000000000E+00,-1.0000000000000000E+00,
   0.0000000000000000E+00));
#21100=VECTOR('',#21090,1.0000000000000000E+00);
#21110=LINE('',#21080,#21100);
#21120=CARTESIAN_POINT('',(-3.0805488301517801E+01,
   2.0821376124790600E+01,3.5000000000000000E+00));
#21130=VERTEX_POINT('',#21120);
#21140=CARTESIAN_POINT('',(-3.0805488301517801E+01,
   2.0321376124790600E+01,3.5000000000000000E+00));
#21150=VERTEX_POINT('',#21140);
#21160=EDGE_CURVE('',#21130,#21150,#21110,.T.);
#21170=ORIENTED_EDGE('',*,*,#21160,.F.);
#21180=CARTESIAN_POINT('',(-3.1355488301517802E+01,
   2.0321376124790600E+01,3.5000000000000018E+00));
#21190=DIRECTION('',(0.0000000000000000E+00,-1.0000000000000000E+00,
   0.0000000000000000E+00));
#21200=DIRECTION('',(1.0000000000000000E+00,0.0000000000000000E+00,
   0.0000000000000000E+00));
#21210=AXIS2_PLACEMENT_3D('',#21180,#21190,#21200);
#21220=CIRCLE('',#21210,5.5000000000000004E-01);
#21230=CARTESIAN_POINT('',(-3.1905488301517803E+01,
   2.0321376124790600E+01,3.5000000000000000E+00));
#21240=VERTEX_POINT('',#21230);
#21250=EDGE_CURVE('',#21150,#21240,#21220,.T.);
#21260=ORIENTED_EDGE('',*,*,#21250,.F.);
#21270=CARTESIAN_POINT('',(-3.1905488301517803E+01,
   2.0821376124790600E+01,3.5000000000000000E+00));
#21280=DIRECTION('',(0.0000000000000000E+00,-1.0000000000000000E+00,
   0.0000000000000000E+00));
#21290=VECTOR('',#21280,1.0000000000000000E+00);
#21300=LINE('',#21270,#21290);
#21310=CARTESIAN_POINT('',(-3.1905488301517803E+01,
   2.0821376124790600E+01,3.5000000000000000E+00));
#21320=VERTEX_POINT('',#21310);
#21330=EDGE_CURVE('',#21320,#21240,#21300,.T.);
#21340=ORIENTED_EDGE('',*,*,#21330,.T.);
#21350=CARTESIAN_POINT('',(-3.1355488301517802E+01,
   2.0821376124790600E+01,3.5000000000000018E+00));
#21360=DIRECTION('',(0.0000000000000000E+00,-1.0000000000000000E+00,
   0.0000000000000000E+00));
#21370=DIRECTION('',(1.0000000000000000E+00,0.0000000000000000E+00,
   0.0000000000000000E+00));
#21380=AXIS2_PLACEMENT_3D('',#21350,#21360,#21370);
#21390=CIRCLE('',#21380,5.5000000000000004E-01);
#21400=EDGE_CURVE('',#21130,#21320,#21390,.T.);
#21410=ORIENTED_EDGE('',*,*,#21400,.T.);
#21420=EDGE_LOOP('',(#21410,#21340,#21260,#21170));
#21430=FACE_OUTER_BOUND('',#21420,.T.);
#21440=ADVANCED_FACE('',(#21430),#21070,.T.);
#21450=COLOUR_RGB('',9.4901961088180542E-01,9.4901961088180542E-01,
   1.0000000000000000E+00);
#21460=FILL_AREA_STYLE_COLOUR('',#21450);
#21470=FILL_AREA_STYLE('',(#21460));
#21480=SURFACE_STYLE_FILL_AREA(#21470);
#21490=SURFACE_SIDE_STYLE('',(#21480));
#21500=SURFACE_STYLE_USAGE(.BOTH.,#21490);
#21510=PRESENTATION_STYLE_ASSIGNMENT((#21500));
#21520=CARTESIAN_POINT('',(-2.9886031253416185E+01,
   2.0321376124790600E+01,2.2269224911855865E+00));
#21530=DIRECTION('',(0.0000000000000000E+00,-1.0000000000000000E+00,
   0.0000000000000000E+00));
#21540=DIRECTION('',(1.0000000000000000E+00,0.0000000000000000E+00,
   0.0000000000000000E+00));
#21550=AXIS2_PLACEMENT_3D('',#21520,#21530,#21540);
#21560=PLANE('',#21550);
#21570=CARTESIAN_POINT('',(-8.4502159542249785E+01,
   2.0321376124790600E+01,3.5000000000000000E+00));
#21580=DIRECTION('',(1.0000000000000000E+00,0.0000000000000000E+00,
   0.0000000000000000E+00));
#21590=VECTOR('',#21580,1.0000000000000000E+00);
#21600=LINE('',#21570,#21590);
#21610=CARTESIAN_POINT('',(-3.1605488301517802E+01,
   2.0321376124790600E+01,3.5000000000000000E+00));
#21620=VERTEX_POINT('',#21610);
#21630=EDGE_CURVE('',#21240,#21620,#21600,.T.);
#21640=ORIENTED_EDGE('',*,*,#21630,.F.);
#21650=CARTESIAN_POINT('',(-3.1605488301517802E+01,
   2.0321376124790600E+01,5.0000000000000000E+00));
#21660=DIRECTION('',(0.0000000000000000E+00,0.0000000000000000E+00,
   -1.0000000000000000E+00));
#21670=VECTOR('',#21660,1.0000000000000000E+00);
#21680=LINE('',#21650,#21670);
#21690=CARTESIAN_POINT('',(-3.1605488301517802E+01,
   2.0321376124790600E+01,3.0499999999999998E+00));
#21700=VERTEX_POINT('',#21690);
#21710=EDGE_CURVE('',#21620,#21700,#21680,.T.);
#21720=ORIENTED_EDGE('',*,*,#21710,.F.);
#21730=CARTESIAN_POINT('',(-8.4502159542249785E+01,
   2.0321376124790600E+01,3.0499999999999998E+00));
#21740=DIRECTION('',(1.0000000000000000E+00,0.0000000000000000E+00,
   0.0000000000000000E+00));
#21750=VECTOR('',#21740,1.0000000000000000E+00);
#21760=LINE('',#21730,#21750);
#21770=EDGE_CURVE('',#21700,#20120,#21760,.T.);
#21780=ORIENTED_EDGE('',*,*,#21770,.F.);
#21790=ORIENTED_EDGE('',*,*,#20130,.T.);
#21800=EDGE_CURVE('',#20040,#21150,#21600,.T.);
#21810=ORIENTED_EDGE('',*,*,#21800,.F.);
#21820=CARTESIAN_POINT('',(-3.1355488301517802E+01,
   2.0321376124790600E+01,3.5000000000000000E+00));
#21830=DIRECTION('',(0.0000000000000000E+00,-1.0000000000000000E+00,
   0.0000000000000000E+00));
#21840=DIRECTION('',(1.0000000000000000E+00,0.0000000000000000E+00,
   0.0000000000000000E+00));
#21850=AXIS2_PLACEMENT_3D('',#21820,#21830,#21840);
#21860=CIRCLE('',#21850,5.5000000000000004E-01);
#21870=EDGE_CURVE('',#21240,#21150,#21860,.T.);
#21880=ORIENTED_EDGE('',*,*,#21870,.T.);
#21890=EDGE_LOOP('',(#21880,#21810,#21790,#21780,#21720,#21640));
#21900=FACE_OUTER_BOUND('',#21890,.T.);
#21910=ADVANCED_FACE('',(#21900),#21560,.T.);
#21920=COLOUR_RGB('',9.4901961088180542E-01,9.4901961088180542E-01,
   1.0000000000000000E+00);
#21930=FILL_AREA_STYLE_COLOUR('',#21920);
#21940=FILL_AREA_STYLE('',(#21930));
#21950=SURFACE_STYLE_FILL_AREA(#21940);
#21960=SURFACE_SIDE_STYLE('',(#21950));
#21970=SURFACE_STYLE_USAGE(.BOTH.,#21960);
#21980=PRESENTATION_STYLE_ASSIGNMENT((#21970));
#21990=CARTESIAN_POINT('',(-3.1105488301517802E+01,
   2.0321376124790600E+01,3.0499999999999998E+00));
#22000=DIRECTION('',(0.0000000000000000E+00,0.0000000000000000E+00,
   -1.0000000000000000E+00));
#22010=DIRECTION('',(-1.0000000000000000E+00,0.0000000000000000E+00,
   0.0000000000000000E+00));
#22020=AXIS2_PLACEMENT_3D('',#21990,#22000,#22010);
#22030=PLANE('',#22020);
#22040=CARTESIAN_POINT('',(-3.1605488301517802E+01,
   -2.2653715864353234E+01,3.0499999999999998E+00));
#22050=DIRECTION('',(0.0000000000000000E+00,-1.0000000000000000E+00,
   0.0000000000000000E+00));
#22060=VECTOR('',#22050,1.0000000000000000E+00);
#22070=LINE('',#22040,#22060);
#22080=EDGE_CURVE('',#21700,#19490,#22070,.T.);
#22090=ORIENTED_EDGE('',*,*,#22080,.F.);
#22100=ORIENTED_EDGE('',*,*,#19500,.F.);
#22110=ORIENTED_EDGE('',*,*,#20190,.F.);
#22120=ORIENTED_EDGE('',*,*,#21770,.T.);
#22130=EDGE_LOOP('',(#22120,#22110,#22100,#22090));
#22140=FACE_OUTER_BOUND('',#22130,.T.);
#22150=ADVANCED_FACE('',(#22140),#22030,.T.);
#22160=COLOUR_RGB('',9.4901961088180542E-01,9.4901961088180542E-01,
   1.0000000000000000E+00);
#22170=FILL_AREA_STYLE_COLOUR('',#22160);
#22180=FILL_AREA_STYLE('',(#22170));
#22190=SURFACE_STYLE_FILL_AREA(#22180);
#22200=SURFACE_SIDE_STYLE('',(#22190));
#22210=SURFACE_STYLE_USAGE(.BOTH.,#22200);
#22220=PRESENTATION_STYLE_ASSIGNMENT((#22210));
#22230=CARTESIAN_POINT('',(-3.1605488301517802E+01,
   2.0321376124790600E+01,3.0499999999999998E+00));
#22240=DIRECTION('',(-1.0000000000000000E+00,0.0000000000000000E+00,
   0.0000000000000000E+00));
#22250=DIRECTION('',(0.0000000000000000E+00,0.0000000000000000E+00,
   1.0000000000000000E+00));
#22260=AXIS2_PLACEMENT_3D('',#22230,#22240,#22250);
#22270=PLANE('',#22260);
#22280=CARTESIAN_POINT('',(-3.1605488301517802E+01,
   2.0321376124790600E+01,8.5000000000000018E+00));
#22290=DIRECTION('',(0.0000000000000000E+00,0.0000000000000000E+00,
   1.0000000000000000E+00));
#22300=VECTOR('',#22290,1.0000000000000000E+00);
#22310=LINE('',#22280,#22300);
#22320=CARTESIAN_POINT('',(-3.1605488301517802E+01,
   2.0321376124790600E+01,3.9500000000000020E+00));
#22330=VERTEX_POINT('',#22320);
#22340=EDGE_CURVE('',#21620,#22330,#22310,.T.);
#22350=ORIENTED_EDGE('',*,*,#22340,.F.);
#22360=CARTESIAN_POINT('',(-3.1605488301517802E+01,
   -2.2653715864353234E+01,3.9500000000000020E+00));
#22370=DIRECTION('',(0.0000000000000000E+00,1.0000000000000000E+00,
   0.0000000000000000E+00));
#22380=VECTOR('',#22370,1.0000000000000000E+00);
#22390=LINE('',#22360,#22380);
#22400=CARTESIAN_POINT('',(-3.1605488301517802E+01,
   1.8321376124790600E+01,3.9500000000000020E+00));
#22410=VERTEX_POINT('',#22400);
#22420=EDGE_CURVE('',#22410,#22330,#22390,.T.);
#22430=ORIENTED_EDGE('',*,*,#22420,.T.);
#22440=CARTESIAN_POINT('',(-3.1605488301517795E+01,
   -2.2653715864353234E+01,-7.0292428082820599E+00));
#22450=DIRECTION('',(0.0000000000000000E+00,-9.6592582628906831E-01,
   -2.5881904510252091E-01));
#22460=VECTOR('',#22450,1.0000000000000000E+00);
#22470=LINE('',#22440,#22460);
#22480=CARTESIAN_POINT('',(-3.1605488301517802E+01,
   1.7321376124790600E+01,3.6820508075688787E+00));
#22490=VERTEX_POINT('',#22480);
#22500=EDGE_CURVE('',#22410,#22490,#22470,.T.);
#22510=ORIENTED_EDGE('',*,*,#22500,.F.);
#22520=CARTESIAN_POINT('',(-3.1605488301517802E+01,
   1.7321376124790600E+01,5.0000000000000000E+00));
#22530=DIRECTION('',(0.0000000000000000E+00,0.0000000000000000E+00,
   -1.0000000000000000E+00));
#22540=VECTOR('',#22530,1.0000000000000000E+00);
#22550=LINE('',#22520,#22540);
#22560=EDGE_CURVE('',#22490,#19570,#22550,.T.);
#22570=ORIENTED_EDGE('',*,*,#22560,.F.);
#22580=ORIENTED_EDGE('',*,*,#19580,.F.);
#22590=ORIENTED_EDGE('',*,*,#22080,.T.);
#22600=ORIENTED_EDGE('',*,*,#21710,.T.);
#22610=EDGE_LOOP('',(#22600,#22590,#22580,#22570,#22510,#22430,#22350));
#22620=FACE_OUTER_BOUND('',#22610,.T.);
#22630=ADVANCED_FACE('',(#22620),#22270,.T.);
#22640=COLOUR_RGB('',9.4901961088180542E-01,9.4901961088180542E-01,
   1.0000000000000000E+00);
#22650=FILL_AREA_STYLE_COLOUR('',#22640);
#22660=FILL_AREA_STYLE('',(#22650));
#22670=SURFACE_STYLE_FILL_AREA(#22660);
#22680=SURFACE_SIDE_STYLE('',(#22670));
#22690=SURFACE_STYLE_USAGE(.BOTH.,#22680);
#22700=PRESENTATION_STYLE_ASSIGNMENT((#22690));
#22710=CARTESIAN_POINT('',(-3.1158000928102481E+01,
   2.7601376124790594E+01,6.7525126265846840E+00));
#22720=DIRECTION('',(-7.0710678118654746E-01,0.0000000000000000E+00,
   7.0710678118654757E-01));
#22730=DIRECTION('',(0.0000000000000000E+00,1.0000000000000000E+00,
   0.0000000000000000E+00));
#22740=AXIS2_PLACEMENT_3D('',#22710,#22720,#22730);
#22750=PLANE('',#22740);
#22760=CARTESIAN_POINT('',(-3.2116515403736514E+01,
   2.8001376124790593E+01,5.7939981509506531E+00));
#22770=VERTEX_POINT('',#22760);
#22780=EDGE_CURVE('',#18080,#22770,#18140,.T.);
#22790=ORIENTED_EDGE('',*,*,#22780,.F.);
#22800=CARTESIAN_POINT('',(-3.2116515403736514E+01,
   2.7145319094080318E+01,5.7939981509506531E+00));
#22810=DIRECTION('',(0.0000000000000000E+00,1.0000000000000000E+00,
   0.0000000000000000E+00));
#22820=VECTOR('',#22810,1.0000000000000000E+00);
#22830=LINE('',#22800,#22820);
#22840=CARTESIAN_POINT('',(-3.2116515403736514E+01,
   2.8601376124790601E+01,5.7939981509506531E+00));
#22850=VERTEX_POINT('',#22840);
#22860=EDGE_CURVE('',#22770,#22850,#22830,.T.);
#22870=ORIENTED_EDGE('',*,*,#22860,.F.);
#22880=CARTESIAN_POINT('',(-8.4502159542249785E+01,
   2.8601376124790601E+01,-4.6591645987562615E+01));
#22890=DIRECTION('',(7.0710678118654757E-01,0.0000000000000000E+00,
   7.0710678118654746E-01));
#22900=VECTOR('',#22890,1.0000000000000000E+00);
#22910=LINE('',#22880,#22900);
#22920=CARTESIAN_POINT('',(-3.1451982696656941E+01,
   2.8601376124790601E+01,6.4585308580290750E+00));
#22930=VERTEX_POINT('',#22920);
#22940=EDGE_CURVE('',#22850,#22930,#22910,.T.);
#22950=ORIENTED_EDGE('',*,*,#22940,.F.);
#22960=CARTESIAN_POINT('',(-3.1451982696657915E+01,
   3.9321376124790604E+01,6.4585308580292482E+00));
#22970=DIRECTION('',(0.0000000000000000E+00,-1.0000000000000000E+00,
   0.0000000000000000E+00));
#22980=VECTOR('',#22970,1.0000000000000000E+00);
#22990=LINE('',#22960,#22980);
#23000=EDGE_CURVE('',#22930,#18080,#22990,.T.);
#23010=ORIENTED_EDGE('',*,*,#23000,.F.);
#23020=EDGE_LOOP('',(#23010,#22950,#22870,#22790));
#23030=FACE_OUTER_BOUND('',#23020,.T.);
#23040=ADVANCED_FACE('',(#23030),#22750,.T.);
#23050=COLOUR_RGB('',9.4901967048645020E-01,9.4901967048645020E-01,
   1.0000000000000000E+00);
#23060=FILL_AREA_STYLE_COLOUR('',#23050);
#23070=FILL_AREA_STYLE('',(#23060));
#23080=SURFACE_STYLE_FILL_AREA(#23070);
#23090=SURFACE_SIDE_STYLE('',(#23080));
#23100=SURFACE_STYLE_USAGE(.BOTH.,#23090);
#23110=PRESENTATION_STYLE_ASSIGNMENT((#23100));
#23120=CARTESIAN_POINT('',(-3.4177964823400686E+01,
   2.4029245874728044E+01,2.7000000000000002E+00));
#23130=DIRECTION('',(0.0000000000000000E+00,0.0000000000000000E+00,
   1.0000000000000000E+00));
#23140=DIRECTION('',(1.0000000000000000E+00,0.0000000000000000E+00,
   0.0000000000000000E+00));
#23150=AXIS2_PLACEMENT_3D('',#23120,#23130,#23140);
#23160=PLANE('',#23150);
#23170=ORIENTED_EDGE('',*,*,#15290,.T.);
#23180=CARTESIAN_POINT('',(-3.3805488301517798E+01,
   2.3821376124790600E+01,2.7000000000000002E+00));
#23190=DIRECTION('',(1.0000000000000000E+00,0.0000000000000000E+00,
   0.0000000000000000E+00));
#23200=VECTOR('',#23190,1.0000000000000000E+00);
#23210=LINE('',#23180,#23200);
#23220=CARTESIAN_POINT('',(-3.3520488301517801E+01,
   2.3821376124790600E+01,2.7000000000000002E+00));
#23230=VERTEX_POINT('',#23220);
#23240=EDGE_CURVE('',#15220,#23230,#23210,.T.);
#23250=ORIENTED_EDGE('',*,*,#23240,.F.);
#23260=CARTESIAN_POINT('',(-3.3520488301517801E+01,
   2.3821376124790600E+01,2.7000000000000002E+00));
#23270=DIRECTION('',(0.0000000000000000E+00,-1.0000000000000000E+00,
   0.0000000000000000E+00));
#23280=VECTOR('',#23270,1.0000000000000000E+00);
#23290=LINE('',#23260,#23280);
#23300=CARTESIAN_POINT('',(-3.3520488301517801E+01,
   2.2071376124790600E+01,2.7000000000000002E+00));
#23310=VERTEX_POINT('',#23300);
#23320=EDGE_CURVE('',#23230,#23310,#23290,.T.);
#23330=ORIENTED_EDGE('',*,*,#23320,.F.);
#23340=CARTESIAN_POINT('',(-3.3805488301517798E+01,
   2.2071376124790600E+01,2.7000000000000002E+00));
#23350=DIRECTION('',(1.0000000000000000E+00,0.0000000000000000E+00,
   0.0000000000000000E+00));
#23360=VECTOR('',#23350,1.0000000000000000E+00);
#23370=LINE('',#23340,#23360);
#23380=CARTESIAN_POINT('',(-3.3805488301517798E+01,
   2.2071376124790600E+01,2.7000000000000002E+00));
#23390=VERTEX_POINT('',#23380);
#23400=EDGE_CURVE('',#23390,#23310,#23370,.T.);
#23410=ORIENTED_EDGE('',*,*,#23400,.T.);
#23420=CARTESIAN_POINT('',(0.0000000000000000E+00,5.5876864426308202E+01
   ,2.7000000000000002E+00));
#23430=DIRECTION('',(7.0710678118654968E-01,7.0710678118654535E-01,
   0.0000000000000000E+00));
#23440=VECTOR('',#23430,1.0000000000000000E+00);
#23450=LINE('',#23420,#23440);
#23460=EDGE_CURVE('',#14820,#23390,#23450,.T.);
#23470=ORIENTED_EDGE('',*,*,#23460,.T.);
#23480=ORIENTED_EDGE('',*,*,#14830,.F.);
#23490=EDGE_LOOP('',(#23480,#23470,#23410,#23330,#23250,#23170));
#23500=FACE_OUTER_BOUND('',#23490,.T.);
#23510=ADVANCED_FACE('',(#23500),#23160,.T.);
#23520=COLOUR_RGB('',5.0196081399917603E-01,1.0000000000000000E+00,
   5.0196081399917603E-01);
#23530=FILL_AREA_STYLE_COLOUR('',#23520);
#23540=FILL_AREA_STYLE('',(#23530));
#23550=SURFACE_STYLE_FILL_AREA(#23540);
#23560=SURFACE_SIDE_STYLE('',(#23550));
#23570=SURFACE_STYLE_USAGE(.BOTH.,#23560);
#23580=PRESENTATION_STYLE_ASSIGNMENT((#23570));
#23590=CARTESIAN_POINT('',(-3.3520488301517801E+01,
   2.2071376124790600E+01,3.5000000000000000E+00));
#23600=DIRECTION('',(-0.0000000000000000E+00,-1.0000000000000000E+00,
   -0.0000000000000000E+00));
#23610=DIRECTION('',(-1.0000000000000000E+00,0.0000000000000000E+00,
   0.0000000000000000E+00));
#23620=AXIS2_PLACEMENT_3D('',#23590,#23600,#23610);
#23630=PLANE('',#23620);
#23640=ORIENTED_EDGE('',*,*,#18960,.T.);
#23650=CARTESIAN_POINT('',(-3.3805488301517805E+01,
   2.2071376124790600E+01,3.5000000000000018E+00));
#23660=DIRECTION('',(0.0000000000000000E+00,0.0000000000000000E+00,
   1.0000000000000000E+00));
#23670=VECTOR('',#23660,1.0000000000000000E+00);
#23680=LINE('',#23650,#23670);
#23690=EDGE_CURVE('',#23390,#18870,#23680,.T.);
#23700=ORIENTED_EDGE('',*,*,#23690,.T.);
#23710=ORIENTED_EDGE('',*,*,#23400,.F.);
#23720=CARTESIAN_POINT('',(-3.3520488301517801E+01,
   2.2071376124790600E+01,3.5000000000000018E+00));
#23730=DIRECTION('',(0.0000000000000000E+00,0.0000000000000000E+00,
   1.0000000000000000E+00));
#23740=VECTOR('',#23730,1.0000000000000000E+00);
#23750=LINE('',#23720,#23740);
#23760=EDGE_CURVE('',#23310,#18950,#23750,.T.);
#23770=ORIENTED_EDGE('',*,*,#23760,.F.);
#23780=EDGE_LOOP('',(#23770,#23710,#23700,#23640));
#23790=FACE_OUTER_BOUND('',#23780,.T.);
#23800=ADVANCED_FACE('',(#23790),#23630,.F.);
#23810=COLOUR_RGB('',5.0196081399917603E-01,1.0000000000000000E+00,
   5.0196081399917603E-01);
#23820=FILL_AREA_STYLE_COLOUR('',#23810);
#23830=FILL_AREA_STYLE('',(#23820));
#23840=SURFACE_STYLE_FILL_AREA(#23830);
#23850=SURFACE_SIDE_STYLE('',(#23840));
#23860=SURFACE_STYLE_USAGE(.BOTH.,#23850);
#23870=PRESENTATION_STYLE_ASSIGNMENT((#23860));
#23880=CARTESIAN_POINT('',(-3.3520488301517801E+01,
   2.2071376124790600E+01,3.5000000000000000E+00));
#23890=DIRECTION('',(1.0000000000000000E+00,0.0000000000000000E+00,
   0.0000000000000000E+00));
#23900=DIRECTION('',(0.0000000000000000E+00,-1.0000000000000000E+00,
   0.0000000000000000E+00));
#23910=AXIS2_PLACEMENT_3D('',#23880,#23890,#23900);
#23920=PLANE('',#23910);
#23930=ORIENTED_EDGE('',*,*,#19040,.F.);
#23940=ORIENTED_EDGE('',*,*,#23760,.T.);
#23950=ORIENTED_EDGE('',*,*,#23320,.T.);
#23960=CARTESIAN_POINT('',(-3.3520488301517801E+01,
   2.3821376124790600E+01,3.5000000000000000E+00));
#23970=DIRECTION('',(0.0000000000000000E+00,0.0000000000000000E+00,
   -1.0000000000000000E+00));
#23980=VECTOR('',#23970,1.0000000000000000E+00);
#23990=LINE('',#23960,#23980);
#24000=EDGE_CURVE('',#19030,#23230,#23990,.T.);
#24010=ORIENTED_EDGE('',*,*,#24000,.T.);
#24020=EDGE_LOOP('',(#24010,#23950,#23940,#23930));
#24030=FACE_OUTER_BOUND('',#24020,.T.);
#24040=ADVANCED_FACE('',(#24030),#23920,.F.);
#24050=COLOUR_RGB('',5.0196081399917603E-01,1.0000000000000000E+00,
   5.0196081399917603E-01);
#24060=FILL_AREA_STYLE_COLOUR('',#24050);
#24070=FILL_AREA_STYLE('',(#24060));
#24080=SURFACE_STYLE_FILL_AREA(#24070);
#24090=SURFACE_SIDE_STYLE('',(#24080));
#24100=SURFACE_STYLE_USAGE(.BOTH.,#24090);
#24110=PRESENTATION_STYLE_ASSIGNMENT((#24100));
#24120=CARTESIAN_POINT('',(-3.3520488301517801E+01,
   2.3821376124790600E+01,3.5000000000000000E+00));
#24130=DIRECTION('',(-0.0000000000000000E+00,1.0000000000000000E+00,
   0.0000000000000000E+00));
#24140=DIRECTION('',(1.0000000000000000E+00,0.0000000000000000E+00,
   0.0000000000000000E+00));
#24150=AXIS2_PLACEMENT_3D('',#24120,#24130,#24140);
#24160=PLANE('',#24150);
#24170=ORIENTED_EDGE('',*,*,#19100,.F.);
#24180=ORIENTED_EDGE('',*,*,#24000,.F.);
#24190=ORIENTED_EDGE('',*,*,#23240,.T.);
#24200=ORIENTED_EDGE('',*,*,#15230,.T.);
#24210=EDGE_LOOP('',(#24200,#24190,#24180,#24170));
#24220=FACE_OUTER_BOUND('',#24210,.T.);
#24230=ADVANCED_FACE('',(#24220),#24160,.F.);
#24240=COLOUR_RGB('',5.0196081399917603E-01,1.0000000000000000E+00,
   5.0196081399917603E-01);
#24250=FILL_AREA_STYLE_COLOUR('',#24240);
#24260=FILL_AREA_STYLE('',(#24250));
#24270=SURFACE_STYLE_FILL_AREA(#24260);
#24280=SURFACE_SIDE_STYLE('',(#24270));
#24290=SURFACE_STYLE_USAGE(.BOTH.,#24280);
#24300=PRESENTATION_STYLE_ASSIGNMENT((#24290));
#24310=CARTESIAN_POINT('',(-3.4617870503397079E+01,
   2.4921376124790601E+01,2.7000000000000002E+00));
#24320=DIRECTION('',(0.0000000000000000E+00,0.0000000000000000E+00,
   1.0000000000000000E+00));
#24330=DIRECTION('',(1.0000000000000000E+00,0.0000000000000000E+00,
   0.0000000000000000E+00));
#24340=AXIS2_PLACEMENT_3D('',#24310,#24320,#24330);
#24350=CYLINDRICAL_SURFACE('',#24340,4.9999999999998912E-01);
#24360=CARTESIAN_POINT('',(-3.4617870503397079E+01,
   2.4921376124790601E+01,4.8273822018792885E+00));
#24370=DIRECTION('',(7.0710678118655212E-01,0.0000000000000000E+00,
   7.0710678118654302E-01));
#24380=DIRECTION('',(7.0710678118654302E-01,0.0000000000000000E+00,
   -7.0710678118655212E-01));
#24390=AXIS2_PLACEMENT_3D('',#24360,#24370,#24380);
#24400=ELLIPSE('',#24390,7.0710678118653658E-01,4.9999999999998901E-01);
#24410=CARTESIAN_POINT('',(-3.4617870503397079E+01,
   2.5421376124790594E+01,4.8273822018792885E+00));
#24420=VERTEX_POINT('',#24410);
#24430=EDGE_CURVE('',#15370,#24420,#24400,.T.);
#24440=ORIENTED_EDGE('',*,*,#24430,.T.);
#24450=ORIENTED_EDGE('',*,*,#15380,.F.);
#24460=ORIENTED_EDGE('',*,*,#14670,.T.);
#24470=CARTESIAN_POINT('',(-3.4617870503397079E+01,
   2.5421376124790594E+01,2.7000000000000002E+00));
#24480=DIRECTION('',(0.0000000000000000E+00,0.0000000000000000E+00,
   1.0000000000000000E+00));
#24490=VECTOR('',#24480,1.0000000000000000E+00);
#24500=LINE('',#24470,#24490);
#24510=EDGE_CURVE('',#14570,#24420,#24500,.T.);
#24520=ORIENTED_EDGE('',*,*,#24510,.F.);
#24530=EDGE_LOOP('',(#24520,#24460,#24450,#24440));
#24540=FACE_OUTER_BOUND('',#24530,.T.);
#24550=ADVANCED_FACE('',(#24540),#24350,.F.);
#24560=COLOUR_RGB('',5.0196081399917603E-01,1.0000000000000000E+00,
   5.0196081399917603E-01);
#24570=FILL_AREA_STYLE_COLOUR('',#24560);
#24580=FILL_AREA_STYLE('',(#24570));
#24590=SURFACE_STYLE_FILL_AREA(#24580);
#24600=SURFACE_SIDE_STYLE('',(#24590));
#24610=SURFACE_STYLE_USAGE(.BOTH.,#24600);
#24620=PRESENTATION_STYLE_ASSIGNMENT((#24610));
#24630=CARTESIAN_POINT('',(-2.9886031253416185E+01,
   2.0321376124790600E+01,9.2269224911855865E+00));
#24640=DIRECTION('',(0.0000000000000000E+00,-1.0000000000000000E+00,
   0.0000000000000000E+00));
#24650=DIRECTION('',(1.0000000000000000E+00,0.0000000000000000E+00,
   0.0000000000000000E+00));
#24660=AXIS2_PLACEMENT_3D('',#24630,#24640,#24650);
#24670=PLANE('',#24660);
#24680=ORIENTED_EDGE('',*,*,#10010,.T.);
#24690=CARTESIAN_POINT('',(-8.4502159542249785E+01,
   2.0321376124790600E+01,7.4500000000000002E+00));
#24700=DIRECTION('',(-1.0000000000000000E+00,0.0000000000000000E+00,
   0.0000000000000000E+00));
#24710=VECTOR('',#24700,1.0000000000000000E+00);
#24720=LINE('',#24690,#24710);
#24730=CARTESIAN_POINT('',(-3.1605488301517802E+01,
   2.0321376124790600E+01,7.4500000000000002E+00));
#24740=VERTEX_POINT('',#24730);
#24750=EDGE_CURVE('',#9940,#24740,#24720,.T.);
#24760=ORIENTED_EDGE('',*,*,#24750,.F.);
#24770=CARTESIAN_POINT('',(-3.1605488301517802E+01,
   2.0321376124790600E+01,1.2000000000000000E+01));
#24780=DIRECTION('',(0.0000000000000000E+00,0.0000000000000000E+00,
   1.0000000000000000E+00));
#24790=VECTOR('',#24780,1.0000000000000000E+00);
#24800=LINE('',#24770,#24790);
#24810=CARTESIAN_POINT('',(-3.1605488301517802E+01,
   2.0321376124790600E+01,7.0000000000000000E+00));
#24820=VERTEX_POINT('',#24810);
#24830=EDGE_CURVE('',#24820,#24740,#24800,.T.);
#24840=ORIENTED_EDGE('',*,*,#24830,.T.);
#24850=CARTESIAN_POINT('',(-8.4502159542249785E+01,
   2.0321376124790600E+01,7.0000000000000018E+00));
#24860=DIRECTION('',(1.0000000000000000E+00,0.0000000000000000E+00,
   0.0000000000000000E+00));
#24870=VECTOR('',#24860,1.0000000000000000E+00);
#24880=LINE('',#24850,#24870);
#24890=CARTESIAN_POINT('',(-3.1905488301517803E+01,
   2.0321376124790600E+01,7.0000000000000000E+00));
#24900=VERTEX_POINT('',#24890);
#24910=EDGE_CURVE('',#24900,#24820,#24880,.T.);
#24920=ORIENTED_EDGE('',*,*,#24910,.T.);
#24930=CARTESIAN_POINT('',(-3.1355488301517802E+01,
   2.0321376124790600E+01,7.0000000000000000E+00));
#24940=DIRECTION('',(0.0000000000000000E+00,-1.0000000000000000E+00,
   0.0000000000000000E+00));
#24950=DIRECTION('',(1.0000000000000000E+00,0.0000000000000000E+00,
   0.0000000000000000E+00));
#24960=AXIS2_PLACEMENT_3D('',#24930,#24940,#24950);
#24970=CIRCLE('',#24960,5.5000000000000004E-01);
#24980=CARTESIAN_POINT('',(-3.0805488301517801E+01,
   2.0321376124790600E+01,7.0000000000000000E+00));
#24990=VERTEX_POINT('',#24980);
#25000=EDGE_CURVE('',#24990,#24900,#24970,.T.);
#25010=ORIENTED_EDGE('',*,*,#25000,.T.);
#25020=EDGE_CURVE('',#9520,#24990,#24880,.T.);
#25030=ORIENTED_EDGE('',*,*,#25020,.T.);
#25040=EDGE_LOOP('',(#25030,#25010,#24920,#24840,#24760,#24680));
#25050=FACE_OUTER_BOUND('',#25040,.T.);
#25060=ADVANCED_FACE('',(#25050),#24670,.T.);
#25070=COLOUR_RGB('',9.4901961088180542E-01,9.4901961088180542E-01,
   1.0000000000000000E+00);
#25080=FILL_AREA_STYLE_COLOUR('',#25070);
#25090=FILL_AREA_STYLE('',(#25080));
#25100=SURFACE_STYLE_FILL_AREA(#25090);
#25110=SURFACE_SIDE_STYLE('',(#25100));
#25120=SURFACE_STYLE_USAGE(.BOTH.,#25110);
#25130=PRESENTATION_STYLE_ASSIGNMENT((#25120));
#25140=CARTESIAN_POINT('',(-3.4644041692111067E+01,
   2.5421376124790601E+01,2.7000000000000020E+00));
#25150=DIRECTION('',(-0.0000000000000000E+00,1.0000000000000000E+00,
   0.0000000000000000E+00));
#25160=DIRECTION('',(1.0000000000000000E+00,0.0000000000000000E+00,
   0.0000000000000000E+00));
#25170=AXIS2_PLACEMENT_3D('',#25140,#25150,#25160);
#25180=PLANE('',#25170);
#25190=ORIENTED_EDGE('',*,*,#14580,.F.);
#25200=ORIENTED_EDGE('',*,*,#4690,.T.);
#25210=CARTESIAN_POINT('',(-3.4955488301517804E+01,
   2.5421376124790601E+01,3.5000000000000018E+00));
#25220=DIRECTION('',(0.0000000000000000E+00,0.0000000000000000E+00,
   1.0000000000000000E+00));
#25230=VECTOR('',#25220,1.0000000000000000E+00);
#25240=LINE('',#25210,#25230);
#25250=CARTESIAN_POINT('',(-3.4955488301517804E+01,
   2.5421376124790601E+01,4.9982238643201597E+00));
#25260=VERTEX_POINT('',#25250);
#25270=EDGE_CURVE('',#4610,#25260,#25240,.T.);
#25280=ORIENTED_EDGE('',*,*,#25270,.F.);
#25290=CARTESIAN_POINT('',(-3.4997595082704343E+01,
   2.5421376124790601E+01,4.5000000000000000E+00));
#25300=DIRECTION('',(0.0000000000000000E+00,-1.0000000000000000E+00,
   0.0000000000000000E+00));
#25310=DIRECTION('',(1.0000000000000000E+00,0.0000000000000000E+00,
   0.0000000000000000E+00));
#25320=AXIS2_PLACEMENT_3D('',#25290,#25300,#25310);
#25330=CIRCLE('',#25320,5.0000000000000400E-01);
#25340=CARTESIAN_POINT('',(-3.4644041692111067E+01,
   2.5421376124790601E+01,4.8535533905932766E+00));
#25350=VERTEX_POINT('',#25340);
#25360=EDGE_CURVE('',#25350,#25260,#25330,.T.);
#25370=ORIENTED_EDGE('',*,*,#25360,.T.);
#25380=CARTESIAN_POINT('',(-3.3290488301517811E+01,
   2.5421376124790601E+01,3.5000000000000018E+00));
#25390=DIRECTION('',(7.0710678118654302E-01,0.0000000000000000E+00,
   -7.0710678118655212E-01));
#25400=VECTOR('',#25390,1.0000000000000000E+00);
#25410=LINE('',#25380,#25400);
#25420=EDGE_CURVE('',#25350,#24420,#25410,.T.);
#25430=ORIENTED_EDGE('',*,*,#25420,.F.);
#25440=ORIENTED_EDGE('',*,*,#24510,.T.);
#25450=EDGE_LOOP('',(#25440,#25430,#25370,#25280,#25200,#25190));
#25460=FACE_OUTER_BOUND('',#25450,.T.);
#25470=ADVANCED_FACE('',(#25460),#25180,.F.);
#25480=COLOUR_RGB('',5.0196081399917603E-01,1.0000000000000000E+00,
   5.0196081399917603E-01);
#25490=FILL_AREA_STYLE_COLOUR('',#25480);
#25500=FILL_AREA_STYLE('',(#25490));
#25510=SURFACE_STYLE_FILL_AREA(#25500);
#25520=SURFACE_SIDE_STYLE('',(#25510));
#25530=SURFACE_STYLE_USAGE(.BOTH.,#25520);
#25540=PRESENTATION_STYLE_ASSIGNMENT((#25530));
#25550=CARTESIAN_POINT('',(-3.4644041692111067E+01,
   2.1232822734197338E+01,2.7000000000000002E+00));
#25560=DIRECTION('',(7.0710678118654535E-01,-7.0710678118654968E-01,
   0.0000000000000000E+00));
#25570=DIRECTION('',(-7.0710678118654968E-01,-7.0710678118654535E-01,
   0.0000000000000000E+00));
#25580=AXIS2_PLACEMENT_3D('',#25550,#25560,#25570);
#25590=PLANE('',#25580);
#25600=ORIENTED_EDGE('',*,*,#23460,.F.);
#25610=ORIENTED_EDGE('',*,*,#23690,.F.);
#25620=ORIENTED_EDGE('',*,*,#18880,.T.);
#25630=CARTESIAN_POINT('',(-3.3290488301517804E+01,
   2.2586376124790586E+01,3.5000000000000018E+00));
#25640=DIRECTION('',(-5.7735026918962440E-01,-5.7735026918962096E-01,
   5.7735026918963195E-01));
#25650=VECTOR('',#25640,1.0000000000000000E+00);
#25660=LINE('',#25630,#25650);
#25670=CARTESIAN_POINT('',(-3.4644041692111067E+01,
   2.1232822734197338E+01,4.8535533905932766E+00));
#25680=VERTEX_POINT('',#25670);
#25690=EDGE_CURVE('',#18850,#25680,#25660,.T.);
#25700=ORIENTED_EDGE('',*,*,#25690,.F.);
#25710=CARTESIAN_POINT('',(-3.4997595082704343E+01,
   2.0879269343604062E+01,4.5000000000000009E+00));
#25720=DIRECTION('',(7.0710678118654535E-01,-7.0710678118654968E-01,
   0.0000000000000000E+00));
#25730=DIRECTION('',(-7.0710678118654968E-01,-7.0710678118654535E-01,
   0.0000000000000000E+00));
#25740=AXIS2_PLACEMENT_3D('',#25710,#25720,#25730);
#25750=ELLIPSE('',#25740,7.0710678118655101E-01,5.0000000000000400E-01);
#25760=CARTESIAN_POINT('',(-3.4955488301517804E+01,
   2.0921376124790594E+01,4.9982238643201597E+00));
#25770=VERTEX_POINT('',#25760);
#25780=EDGE_CURVE('',#25680,#25770,#25750,.T.);
#25790=ORIENTED_EDGE('',*,*,#25780,.F.);
#25800=CARTESIAN_POINT('',(-3.4955488301517804E+01,
   2.0921376124790608E+01,3.5000000000000018E+00));
#25810=DIRECTION('',(0.0000000000000000E+00,0.0000000000000000E+00,
   -1.0000000000000000E+00));
#25820=VECTOR('',#25810,1.0000000000000000E+00);
#25830=LINE('',#25800,#25820);
#25840=EDGE_CURVE('',#25770,#4530,#25830,.T.);
#25850=ORIENTED_EDGE('',*,*,#25840,.F.);
#25860=ORIENTED_EDGE('',*,*,#4540,.F.);
#25870=ORIENTED_EDGE('',*,*,#14890,.F.);
#25880=EDGE_LOOP('',(#25870,#25860,#25850,#25790,#25700,#25620,#25610,
   #25600));
#25890=FACE_OUTER_BOUND('',#25880,.T.);
#25900=ADVANCED_FACE('',(#25890),#25590,.F.);
#25910=COLOUR_RGB('',5.0196081399917603E-01,1.0000000000000000E+00,
   5.0196081399917603E-01);
#25920=FILL_AREA_STYLE_COLOUR('',#25910);
#25930=FILL_AREA_STYLE('',(#25920));
#25940=SURFACE_STYLE_FILL_AREA(#25930);
#25950=SURFACE_SIDE_STYLE('',(#25940));
#25960=SURFACE_STYLE_USAGE(.BOTH.,#25950);
#25970=PRESENTATION_STYLE_ASSIGNMENT((#25960));
#25980=CARTESIAN_POINT('',(-3.4997595082704343E+01,
   2.2071376124790600E+01,9.9999999999999822E-01));
#25990=DIRECTION('',(0.0000000000000000E+00,-1.0000000000000000E+00,
   0.0000000000000000E+00));
#26000=DIRECTION('',(1.0000000000000000E+00,0.0000000000000000E+00,
   0.0000000000000000E+00));
#26010=AXIS2_PLACEMENT_3D('',#25980,#25990,#26000);
#26020=CYLINDRICAL_SURFACE('',#26010,5.0000000000000400E-01);
#26030=ORIENTED_EDGE('',*,*,#5100,.F.);
#26040=CARTESIAN_POINT('',(-3.4955488301517804E+01,
   2.2071376124790600E+01,1.4982238643201584E+00));
#26050=DIRECTION('',(0.0000000000000000E+00,-1.0000000000000000E+00,
   0.0000000000000000E+00));
#26060=VECTOR('',#26050,1.0000000000000000E+00);
#26070=LINE('',#26040,#26060);
#26080=EDGE_CURVE('',#5000,#6990,#26070,.T.);
#26090=ORIENTED_EDGE('',*,*,#26080,.F.);
#26100=ORIENTED_EDGE('',*,*,#7000,.T.);
#26110=ORIENTED_EDGE('',*,*,#13320,.T.);
#26120=EDGE_LOOP('',(#26110,#26100,#26090,#26030));
#26130=FACE_OUTER_BOUND('',#26120,.T.);
#26140=ADVANCED_FACE('',(#26130),#26020,.F.);
#26150=COLOUR_RGB('',5.0196081399917603E-01,1.0000000000000000E+00,
   5.0196081399917603E-01);
#26160=FILL_AREA_STYLE_COLOUR('',#26150);
#26170=FILL_AREA_STYLE('',(#26160));
#26180=SURFACE_STYLE_FILL_AREA(#26170);
#26190=SURFACE_SIDE_STYLE('',(#26180));
#26200=SURFACE_STYLE_USAGE(.BOTH.,#26190);
#26210=PRESENTATION_STYLE_ASSIGNMENT((#26200));
#26220=CARTESIAN_POINT('',(-3.2074229385564998E+01,
   2.8601376124790601E+01,7.6687410840472072E+00));
#26230=DIRECTION('',(0.0000000000000000E+00,1.0000000000000000E+00,
   0.0000000000000000E+00));
#26240=DIRECTION('',(7.0710678118654746E-01,0.0000000000000000E+00,
   -7.0710678118654757E-01));
#26250=AXIS2_PLACEMENT_3D('',#26220,#26230,#26240);
#26260=PLANE('',#26250);
#26270=CARTESIAN_POINT('',(-3.1355488301517802E+01,
   2.8601376124790601E+01,7.0000000000000018E+00));
#26280=DIRECTION('',(0.0000000000000000E+00,-1.0000000000000000E+00,
   0.0000000000000000E+00));
#26290=DIRECTION('',(1.0000000000000000E+00,0.0000000000000000E+00,
   0.0000000000000000E+00));
#26300=AXIS2_PLACEMENT_3D('',#26270,#26280,#26290);
#26310=CIRCLE('',#26300,5.5000000000000004E-01);
#26320=CARTESIAN_POINT('',(-3.0805488301517805E+01,
   2.8601376124790601E+01,7.0000000000000018E+00));
#26330=VERTEX_POINT('',#26320);
#26340=EDGE_CURVE('',#22930,#26330,#26310,.T.);
#26350=ORIENTED_EDGE('',*,*,#26340,.F.);
#26360=CARTESIAN_POINT('',(-8.4502159542249785E+01,
   2.8601376124790601E+01,7.0000000000000018E+00));
#26370=DIRECTION('',(-1.0000000000000000E+00,0.0000000000000000E+00,
   0.0000000000000000E+00));
#26380=VECTOR('',#26370,1.0000000000000000E+00);
#26390=LINE('',#26360,#26380);
#26400=CARTESIAN_POINT('',(-3.0910513554687164E+01,
   2.8601376124790601E+01,7.0000000000000000E+00));
#26410=VERTEX_POINT('',#26400);
#26420=EDGE_CURVE('',#26330,#26410,#26390,.T.);
#26430=ORIENTED_EDGE('',*,*,#26420,.F.);
#26440=EDGE_CURVE('',#22930,#26410,#22910,.T.);
#26450=ORIENTED_EDGE('',*,*,#26440,.T.);
#26460=EDGE_LOOP('',(#26450,#26430,#26350));
#26470=FACE_OUTER_BOUND('',#26460,.T.);
#26480=ADVANCED_FACE('',(#26470),#26260,.T.);
#26490=COLOUR_RGB('',9.4901967048645020E-01,9.4901967048645020E-01,
   1.0000000000000000E+00);
#26500=FILL_AREA_STYLE_COLOUR('',#26490);
#26510=FILL_AREA_STYLE('',(#26500));
#26520=SURFACE_STYLE_FILL_AREA(#26510);
#26530=SURFACE_SIDE_STYLE('',(#26520));
#26540=SURFACE_STYLE_USAGE(.BOTH.,#26530);
#26550=PRESENTATION_STYLE_ASSIGNMENT((#26540));
#26560=CARTESIAN_POINT('',(-2.9886031253416185E+01,
   1.7321376124790600E+01,1.2726922491185586E+01));
#26570=DIRECTION('',(0.0000000000000000E+00,-1.0000000000000000E+00,
   0.0000000000000000E+00));
#26580=DIRECTION('',(1.0000000000000000E+00,0.0000000000000000E+00,
   0.0000000000000000E+00));
#26590=AXIS2_PLACEMENT_3D('',#26560,#26570,#26580);
#26600=PLANE('',#26590);
#26610=CARTESIAN_POINT('',(-3.1605488301517802E+01,
   1.7321376124790600E+01,1.5500000000000000E+01));
#26620=DIRECTION('',(0.0000000000000000E+00,0.0000000000000000E+00,
   -1.0000000000000000E+00));
#26630=VECTOR('',#26620,1.0000000000000000E+00);
#26640=LINE('',#26610,#26630);
#26650=CARTESIAN_POINT('',(-3.1605488301517802E+01,
   1.7321376124790600E+01,1.4182050807568878E+01));
#26660=VERTEX_POINT('',#26650);
#26670=CARTESIAN_POINT('',(-3.1605488301517795E+01,
   1.7321376124790607E+01,1.3817949192431120E+01));
#26680=VERTEX_POINT('',#26670);
#26690=EDGE_CURVE('',#26660,#26680,#26640,.T.);
#26700=ORIENTED_EDGE('',*,*,#26690,.T.);
#26710=CARTESIAN_POINT('',(-8.4502159542249785E+01,
   1.7321376124790600E+01,1.4182050807568878E+01));
#26720=DIRECTION('',(1.0000000000000000E+00,0.0000000000000000E+00,
   0.0000000000000000E+00));
#26730=VECTOR('',#26720,1.0000000000000000E+00);
#26740=LINE('',#26710,#26730);
#26750=CARTESIAN_POINT('',(-3.1105488301517802E+01,
   1.7321376124790600E+01,1.4182050807568878E+01));
#26760=VERTEX_POINT('',#26750);
#26770=EDGE_CURVE('',#26660,#26760,#26740,.T.);
#26780=ORIENTED_EDGE('',*,*,#26770,.F.);
#26790=CARTESIAN_POINT('',(-3.1105488301517802E+01,
   1.7321376124790600E+01,1.5500000000000000E+01));
#26800=DIRECTION('',(0.0000000000000000E+00,0.0000000000000000E+00,
   -1.0000000000000000E+00));
#26810=VECTOR('',#26800,1.0000000000000000E+00);
#26820=LINE('',#26790,#26810);
#26830=CARTESIAN_POINT('',(-3.1105488301517802E+01,
   1.7321376124790600E+01,1.3817949192431124E+01));
#26840=VERTEX_POINT('',#26830);
#26850=EDGE_CURVE('',#26760,#26840,#26820,.T.);
#26860=ORIENTED_EDGE('',*,*,#26850,.F.);
#26870=CARTESIAN_POINT('',(-8.4502159542249785E+01,
   1.7321376124790600E+01,1.3817949192431124E+01));
#26880=DIRECTION('',(-1.0000000000000000E+00,0.0000000000000000E+00,
   0.0000000000000000E+00));
#26890=VECTOR('',#26880,1.0000000000000000E+00);
#26900=LINE('',#26870,#26890);
#26910=EDGE_CURVE('',#26840,#26680,#26900,.T.);
#26920=ORIENTED_EDGE('',*,*,#26910,.F.);
#26930=EDGE_LOOP('',(#26920,#26860,#26780,#26700));
#26940=FACE_OUTER_BOUND('',#26930,.T.);
#26950=ADVANCED_FACE('',(#26940),#26600,.T.);
#26960=COLOUR_RGB('',9.4901961088180542E-01,9.4901961088180542E-01,
   1.0000000000000000E+00);
#26970=FILL_AREA_STYLE_COLOUR('',#26960);
#26980=FILL_AREA_STYLE('',(#26970));
#26990=SURFACE_STYLE_FILL_AREA(#26980);
#27000=SURFACE_SIDE_STYLE('',(#26990));
#27010=SURFACE_STYLE_USAGE(.BOTH.,#27000);
#27020=PRESENTATION_STYLE_ASSIGNMENT((#27010));
#27030=CARTESIAN_POINT('',(-3.4644041692111067E+01,
   2.2071376124790600E+01,5.6464466094067305E+00));
#27040=DIRECTION('',(7.0710678118654302E-01,0.0000000000000000E+00,
   -7.0710678118655201E-01));
#27050=DIRECTION('',(-7.0710678118655201E-01,0.0000000000000000E+00,
   -7.0710678118654302E-01));
#27060=AXIS2_PLACEMENT_3D('',#27030,#27040,#27050);
#27070=PLANE('',#27060);
#27080=CARTESIAN_POINT('',(0.0000000000000000E+00,2.5421376124790594E+01
   ,4.0290488301517350E+01));
#27090=DIRECTION('',(-7.0710678118655201E-01,0.0000000000000000E+00,
   -7.0710678118654302E-01));
#27100=VECTOR('',#27090,1.0000000000000000E+00);
#27110=LINE('',#27080,#27100);
#27120=CARTESIAN_POINT('',(-3.4617870503397079E+01,
   2.5421376124790594E+01,5.6726177981207186E+00));
#27130=VERTEX_POINT('',#27120);
#27140=CARTESIAN_POINT('',(-3.4644041692111067E+01,
   2.5421376124790601E+01,5.6464466094067296E+00));
#27150=VERTEX_POINT('',#27140);
#27160=EDGE_CURVE('',#27130,#27150,#27110,.T.);
#27170=ORIENTED_EDGE('',*,*,#27160,.T.);
#27180=CARTESIAN_POINT('',(-3.4617870503397079E+01,
   2.4921376124790594E+01,5.6726177981207186E+00));
#27190=DIRECTION('',(7.0710678118654302E-01,0.0000000000000000E+00,
   -7.0710678118655201E-01));
#27200=DIRECTION('',(-7.0710678118655201E-01,0.0000000000000000E+00,
   -7.0710678118654302E-01));
#27210=AXIS2_PLACEMENT_3D('',#27180,#27190,#27200);
#27220=ELLIPSE('',#27210,7.0710678118652770E-01,4.9999999999998912E-01);
#27230=CARTESIAN_POINT('',(-3.4134907590252553E+01,
   2.5050785647341851E+01,6.1555807112652383E+00));
#27240=VERTEX_POINT('',#27230);
#27250=EDGE_CURVE('',#27130,#27240,#27220,.T.);
#27260=ORIENTED_EDGE('',*,*,#27250,.F.);
#27270=CARTESIAN_POINT('',(-2.7422569806281828E+01,
   0.0000000000000000E+00,1.2867918495235868E+01));
#27280=DIRECTION('',(-2.5056280708574180E-01,9.3511312653102474E-01,
   -2.5056280708573864E-01));
#27290=VECTOR('',#27280,1.0000000000000000E+00);
#27300=LINE('',#27270,#27290);
#27310=CARTESIAN_POINT('',(-3.4090488301517780E+01,
   2.4885010604947620E+01,6.2000000000000020E+00));
#27320=VERTEX_POINT('',#27310);
#27330=EDGE_CURVE('',#27320,#27240,#27300,.T.);
#27340=ORIENTED_EDGE('',*,*,#27330,.T.);
#27350=CARTESIAN_POINT('',(-3.4090488301517787E+01,
   0.0000000000000000E+00,6.2000000000000020E+00));
#27360=DIRECTION('',(0.0000000000000000E+00,1.0000000000000000E+00,
   0.0000000000000000E+00));
#27370=VECTOR('',#27360,1.0000000000000000E+00);
#27380=LINE('',#27350,#27370);
#27390=CARTESIAN_POINT('',(-3.4090488301517780E+01,
   2.1786376124790618E+01,6.2000000000000020E+00));
#27400=VERTEX_POINT('',#27390);
#27410=EDGE_CURVE('',#27400,#27320,#27380,.T.);
#27420=ORIENTED_EDGE('',*,*,#27410,.T.);
#27430=CARTESIAN_POINT('',(0.0000000000000000E+00,5.5876864426308202E+01
   ,4.0290488301517357E+01));
#27440=DIRECTION('',(5.7735026918962939E-01,5.7735026918962584E-01,
   5.7735026918962207E-01));
#27450=VECTOR('',#27440,1.0000000000000000E+00);
#27460=LINE('',#27430,#27450);
#27470=CARTESIAN_POINT('',(-3.4644041692111067E+01,
   2.1232822734197338E+01,5.6464466094067296E+00));
#27480=VERTEX_POINT('',#27470);
#27490=EDGE_CURVE('',#27480,#27400,#27460,.T.);
#27500=ORIENTED_EDGE('',*,*,#27490,.T.);
#27510=CARTESIAN_POINT('',(-3.4644041692111067E+01,
   2.2071376124790600E+01,5.6464466094067296E+00));
#27520=DIRECTION('',(0.0000000000000000E+00,-1.0000000000000000E+00,
   0.0000000000000000E+00));
#27530=VECTOR('',#27520,1.0000000000000000E+00);
#27540=LINE('',#27510,#27530);
#27550=EDGE_CURVE('',#27150,#27480,#27540,.T.);
#27560=ORIENTED_EDGE('',*,*,#27550,.T.);
#27570=EDGE_LOOP('',(#27560,#27500,#27420,#27340,#27260,#27170));
#27580=FACE_OUTER_BOUND('',#27570,.T.);
#27590=ADVANCED_FACE('',(#27580),#27070,.F.);
#27600=COLOUR_RGB('',5.0196081399917603E-01,1.0000000000000000E+00,
   5.0196081399917603E-01);
#27610=FILL_AREA_STYLE_COLOUR('',#27600);
#27620=FILL_AREA_STYLE('',(#27610));
#27630=SURFACE_STYLE_FILL_AREA(#27620);
#27640=SURFACE_SIDE_STYLE('',(#27630));
#27650=SURFACE_STYLE_USAGE(.BOTH.,#27640);
#27660=PRESENTATION_STYLE_ASSIGNMENT((#27650));
#27670=CARTESIAN_POINT('',(-3.1405488301517799E+01,
   2.8561376124790595E+01,0.0000000000000000E+00));
#27680=DIRECTION('',(0.0000000000000000E+00,-1.0000000000000000E+00,
   0.0000000000000000E+00));
#27690=DIRECTION('',(-1.0000000000000000E+00,0.0000000000000000E+00,
   0.0000000000000000E+00));
#27700=AXIS2_PLACEMENT_3D('',#27670,#27680,#27690);
#27710=CYLINDRICAL_SURFACE('',#27700,1.4499999999999993E+00);
#27720=CARTESIAN_POINT('',(-3.2855488301517795E+01,
   2.8561376124790595E+01,0.0000000000000000E+00));
#27730=DIRECTION('',(0.0000000000000000E+00,-1.0000000000000000E+00,
   0.0000000000000000E+00));
#27740=VECTOR('',#27730,1.0000000000000000E+00);
#27750=LINE('',#27720,#27740);
#27760=CARTESIAN_POINT('',(-3.2855488301517795E+01,
   2.9321376124790600E+01,0.0000000000000000E+00));
#27770=VERTEX_POINT('',#27760);
#27780=CARTESIAN_POINT('',(-3.2855488301517795E+01,
   2.7601376124790601E+01,0.0000000000000000E+00));
#27790=VERTEX_POINT('',#27780);
#27800=EDGE_CURVE('',#27770,#27790,#27750,.T.);
#27810=ORIENTED_EDGE('',*,*,#27800,.F.);
#27820=CARTESIAN_POINT('',(-3.1405488301517799E+01,
   2.7601376124790601E+01,0.0000000000000000E+00));
#27830=DIRECTION('',(0.0000000000000000E+00,-1.0000000000000000E+00,
   0.0000000000000000E+00));
#27840=DIRECTION('',(-1.0000000000000000E+00,0.0000000000000000E+00,
   0.0000000000000000E+00));
#27850=AXIS2_PLACEMENT_3D('',#27820,#27830,#27840);
#27860=CIRCLE('',#27850,1.4499999999999993E+00);
#27870=CARTESIAN_POINT('',(-2.9955488301517800E+01,
   2.7601376124790601E+01,-1.7757378587636612E-16));
#27880=VERTEX_POINT('',#27870);
#27890=EDGE_CURVE('',#27880,#27790,#27860,.T.);
#27900=ORIENTED_EDGE('',*,*,#27890,.T.);
#27910=CARTESIAN_POINT('',(-2.9955488301517800E+01,
   2.8561376124790595E+01,-1.7757378587636612E-16));
#27920=DIRECTION('',(0.0000000000000000E+00,-1.0000000000000000E+00,
   0.0000000000000000E+00));
#27930=VECTOR('',#27920,1.0000000000000000E+00);
#27940=LINE('',#27910,#27930);
#27950=CARTESIAN_POINT('',(-2.9955488301517800E+01,
   2.9321376124790600E+01,-1.7757378587636612E-16));
#27960=VERTEX_POINT('',#27950);
#27970=EDGE_CURVE('',#27960,#27880,#27940,.T.);
#27980=ORIENTED_EDGE('',*,*,#27970,.T.);
#27990=CARTESIAN_POINT('',(-3.1405488301517799E+01,
   2.9321376124790600E+01,0.0000000000000000E+00));
#28000=DIRECTION('',(0.0000000000000000E+00,-1.0000000000000000E+00,
   0.0000000000000000E+00));
#28010=DIRECTION('',(-1.0000000000000000E+00,0.0000000000000000E+00,
   0.0000000000000000E+00));
#28020=AXIS2_PLACEMENT_3D('',#27990,#28000,#28010);
#28030=CIRCLE('',#28020,1.4499999999999993E+00);
#28040=EDGE_CURVE('',#27960,#27770,#28030,.T.);
#28050=ORIENTED_EDGE('',*,*,#28040,.F.);
#28060=EDGE_LOOP('',(#28050,#27980,#27900,#27810));
#28070=FACE_OUTER_BOUND('',#28060,.T.);
#28080=ADVANCED_FACE('',(#28070),#27710,.F.);
#28090=COLOUR_RGB('',5.0196081399917603E-01,1.0000000000000000E+00,
   5.0196081399917603E-01);
#28100=FILL_AREA_STYLE_COLOUR('',#28090);
#28110=FILL_AREA_STYLE('',(#28100));
#28120=SURFACE_STYLE_FILL_AREA(#28110);
#28130=SURFACE_SIDE_STYLE('',(#28120));
#28140=SURFACE_STYLE_USAGE(.BOTH.,#28130);
#28150=PRESENTATION_STYLE_ASSIGNMENT((#28140));
#28160=CARTESIAN_POINT('',(-3.0780488301517799E+01,
   2.7601376124790601E+01,0.0000000000000000E+00));
#28170=DIRECTION('',(-0.0000000000000000E+00,1.0000000000000000E+00,
   0.0000000000000000E+00));
#28180=DIRECTION('',(1.0000000000000000E+00,0.0000000000000000E+00,
   0.0000000000000000E+00));
#28190=AXIS2_PLACEMENT_3D('',#28160,#28170,#28180);
#28200=PLANE('',#28190);
#28210=ORIENTED_EDGE('',*,*,#27890,.F.);
#28220=EDGE_CURVE('',#27790,#27880,#27860,.T.);
#28230=ORIENTED_EDGE('',*,*,#28220,.F.);
#28240=EDGE_LOOP('',(#28230,#28210));
#28250=FACE_OUTER_BOUND('',#28240,.T.);
#28260=EDGE_CURVE('',#17040,#16860,#17110,.T.);
#28270=ORIENTED_EDGE('',*,*,#28260,.F.);
#28280=ORIENTED_EDGE('',*,*,#17120,.F.);
#28290=EDGE_LOOP('',(#28280,#28270));
#28300=FACE_BOUND('',#28290,.T.);
#28310=ADVANCED_FACE('',(#28250,#28300),#28200,.T.);
#28320=COLOUR_RGB('',5.0196081399917603E-01,1.0000000000000000E+00,
   5.0196081399917603E-01);
#28330=FILL_AREA_STYLE_COLOUR('',#28320);
#28340=FILL_AREA_STYLE('',(#28330));
#28350=SURFACE_STYLE_FILL_AREA(#28340);
#28360=SURFACE_SIDE_STYLE('',(#28350));
#28370=SURFACE_STYLE_USAGE(.BOTH.,#28360);
#28380=PRESENTATION_STYLE_ASSIGNMENT((#28370));
#28390=CARTESIAN_POINT('',(-3.1605488301517802E+01,
   2.0321376124790600E+01,6.5500000000000016E+00));
#28400=DIRECTION('',(-1.0000000000000000E+00,0.0000000000000000E+00,
   0.0000000000000000E+00));
#28410=DIRECTION('',(0.0000000000000000E+00,0.0000000000000000E+00,
   1.0000000000000000E+00));
#28420=AXIS2_PLACEMENT_3D('',#28390,#28400,#28410);
#28430=PLANE('',#28420);
#28440=ORIENTED_EDGE('',*,*,#24830,.F.);
#28450=CARTESIAN_POINT('',(-3.1605488301517802E+01,
   -2.2653715864353234E+01,7.4500000000000002E+00));
#28460=DIRECTION('',(0.0000000000000000E+00,1.0000000000000000E+00,
   0.0000000000000000E+00));
#28470=VECTOR('',#28460,1.0000000000000000E+00);
#28480=LINE('',#28450,#28470);
#28490=CARTESIAN_POINT('',(-3.1605488301517802E+01,
   1.8321376124790600E+01,7.4500000000000002E+00));
#28500=VERTEX_POINT('',#28490);
#28510=EDGE_CURVE('',#28500,#24740,#28480,.T.);
#28520=ORIENTED_EDGE('',*,*,#28510,.T.);
#28530=CARTESIAN_POINT('',(-3.1605488301517795E+01,
   -2.2653715864353234E+01,-3.5292428082820617E+00));
#28540=DIRECTION('',(0.0000000000000000E+00,-9.6592582628906831E-01,
   -2.5881904510252091E-01));
#28550=VECTOR('',#28540,1.0000000000000000E+00);
#28560=LINE('',#28530,#28550);
#28570=CARTESIAN_POINT('',(-3.1605488301517802E+01,
   1.7321376124790600E+01,7.1820508075688769E+00));
#28580=VERTEX_POINT('',#28570);
#28590=EDGE_CURVE('',#28500,#28580,#28560,.T.);
#28600=ORIENTED_EDGE('',*,*,#28590,.F.);
#28610=CARTESIAN_POINT('',(-3.1605488301517802E+01,
   1.7321376124790600E+01,8.5000000000000018E+00));
#28620=DIRECTION('',(0.0000000000000000E+00,0.0000000000000000E+00,
   -1.0000000000000000E+00));
#28630=VECTOR('',#28620,1.0000000000000000E+00);
#28640=LINE('',#28610,#28630);
#28650=CARTESIAN_POINT('',(-3.1605488301517795E+01,
   1.7321376124790607E+01,6.8179491924311222E+00));
#28660=VERTEX_POINT('',#28650);
#28670=EDGE_CURVE('',#28580,#28660,#28640,.T.);
#28680=ORIENTED_EDGE('',*,*,#28670,.F.);
#28690=CARTESIAN_POINT('',(-3.1605488301517795E+01,
   -2.2653715864353234E+01,1.7529242808282063E+01));
#28700=DIRECTION('',(0.0000000000000000E+00,9.6592582628906831E-01,
   -2.5881904510252091E-01));
#28710=VECTOR('',#28700,1.0000000000000000E+00);
#28720=LINE('',#28690,#28710);
#28730=CARTESIAN_POINT('',(-3.1605488301517802E+01,
   1.8321376124790607E+01,6.5500000000000016E+00));
#28740=VERTEX_POINT('',#28730);
#28750=EDGE_CURVE('',#28660,#28740,#28720,.T.);
#28760=ORIENTED_EDGE('',*,*,#28750,.F.);
#28770=CARTESIAN_POINT('',(-3.1605488301517802E+01,
   -2.2653715864353234E+01,6.5500000000000016E+00));
#28780=DIRECTION('',(0.0000000000000000E+00,-1.0000000000000000E+00,
   0.0000000000000000E+00));
#28790=VECTOR('',#28780,1.0000000000000000E+00);
#28800=LINE('',#28770,#28790);
#28810=CARTESIAN_POINT('',(-3.1605488301517802E+01,
   2.0321376124790600E+01,6.5500000000000016E+00));
#28820=VERTEX_POINT('',#28810);
#28830=EDGE_CURVE('',#28820,#28740,#28800,.T.);
#28840=ORIENTED_EDGE('',*,*,#28830,.T.);
#28850=CARTESIAN_POINT('',(-3.1605488301517802E+01,
   2.0321376124790600E+01,8.5000000000000018E+00));
#28860=DIRECTION('',(0.0000000000000000E+00,0.0000000000000000E+00,
   -1.0000000000000000E+00));
#28870=VECTOR('',#28860,1.0000000000000000E+00);
#28880=LINE('',#28850,#28870);
#28890=EDGE_CURVE('',#24820,#28820,#28880,.T.);
#28900=ORIENTED_EDGE('',*,*,#28890,.T.);
#28910=EDGE_LOOP('',(#28900,#28840,#28760,#28680,#28600,#28520,#28440));
#28920=FACE_OUTER_BOUND('',#28910,.T.);
#28930=ADVANCED_FACE('',(#28920),#28430,.T.);
#28940=COLOUR_RGB('',9.4901961088180542E-01,9.4901961088180542E-01,
   1.0000000000000000E+00);
#28950=FILL_AREA_STYLE_COLOUR('',#28940);
#28960=FILL_AREA_STYLE('',(#28950));
#28970=SURFACE_STYLE_FILL_AREA(#28960);
#28980=SURFACE_SIDE_STYLE('',(#28970));
#28990=SURFACE_STYLE_USAGE(.BOTH.,#28980);
#29000=PRESENTATION_STYLE_ASSIGNMENT((#28990));
#29010=CARTESIAN_POINT('',(-3.1652975674933074E+01,
   2.8601376124790594E+01,1.4247487373415282E+01));
#29020=DIRECTION('',(7.0710678118654746E-01,0.0000000000000000E+00,
   -7.0710678118654757E-01));
#29030=DIRECTION('',(0.0000000000000000E+00,-1.0000000000000000E+00,
   0.0000000000000000E+00));
#29040=AXIS2_PLACEMENT_3D('',#29010,#29020,#29030);
#29050=PLANE('',#29040);
#29060=CARTESIAN_POINT('',(-8.4502159542249785E+01,
   2.8001376124790593E+01,-3.8601696493901422E+01));
#29070=DIRECTION('',(7.0710678118654757E-01,0.0000000000000000E+00,
   7.0710678118654746E-01));
#29080=VECTOR('',#29070,1.0000000000000000E+00);
#29090=LINE('',#29060,#29080);
#29100=CARTESIAN_POINT('',(-3.2611490150567121E+01,
   2.8001376124790593E+01,1.3288972897781235E+01));
#29110=VERTEX_POINT('',#29100);
#29120=CARTESIAN_POINT('',(-3.1905465551017315E+01,
   2.8001376124790593E+01,1.3994997497331044E+01));
#29130=VERTEX_POINT('',#29120);
#29140=EDGE_CURVE('',#29110,#29130,#29090,.T.);
#29150=ORIENTED_EDGE('',*,*,#29140,.F.);
#29160=CARTESIAN_POINT('',(-3.1905465551017315E+01,
   3.9321376124790604E+01,1.3994997497331044E+01));
#29170=DIRECTION('',(0.0000000000000000E+00,-1.0000000000000000E+00,
   0.0000000000000000E+00));
#29180=VECTOR('',#29170,1.0000000000000000E+00);
#29190=LINE('',#29160,#29180);
#29200=CARTESIAN_POINT('',(-3.1905465551017315E+01,
   2.8601376124790601E+01,1.3994997497331044E+01));
#29210=VERTEX_POINT('',#29200);
#29220=EDGE_CURVE('',#29210,#29130,#29190,.T.);
#29230=ORIENTED_EDGE('',*,*,#29220,.T.);
#29240=CARTESIAN_POINT('',(-8.4502159542249785E+01,
   2.8601376124790601E+01,-3.8601696493901422E+01));
#29250=DIRECTION('',(-7.0710678118654757E-01,0.0000000000000000E+00,
   -7.0710678118654746E-01));
#29260=VECTOR('',#29250,1.0000000000000000E+00);
#29270=LINE('',#29240,#29260);
#29280=CARTESIAN_POINT('',(-3.2611490150567114E+01,
   2.8601376124790601E+01,1.3288972897781237E+01));
#29290=VERTEX_POINT('',#29280);
#29300=EDGE_CURVE('',#29210,#29290,#29270,.T.);
#29310=ORIENTED_EDGE('',*,*,#29300,.F.);
#29320=CARTESIAN_POINT('',(-3.2611490150567114E+01,
   2.7145319094080318E+01,1.3288972897781237E+01));
#29330=DIRECTION('',(0.0000000000000000E+00,1.0000000000000000E+00,
   0.0000000000000000E+00));
#29340=VECTOR('',#29330,1.0000000000000000E+00);
#29350=LINE('',#29320,#29340);
#29360=EDGE_CURVE('',#29110,#29290,#29350,.T.);
#29370=ORIENTED_EDGE('',*,*,#29360,.T.);
#29380=EDGE_LOOP('',(#29370,#29310,#29230,#29150));
#29390=FACE_OUTER_BOUND('',#29380,.T.);
#29400=ADVANCED_FACE('',(#29390),#29050,.T.);
#29410=COLOUR_RGB('',9.4901967048645020E-01,9.4901967048645020E-01,
   1.0000000000000000E+00);
#29420=FILL_AREA_STYLE_COLOUR('',#29410);
#29430=FILL_AREA_STYLE('',(#29420));
#29440=SURFACE_STYLE_FILL_AREA(#29430);
#29450=SURFACE_SIDE_STYLE('',(#29440));
#29460=SURFACE_STYLE_USAGE(.BOTH.,#29450);
#29470=PRESENTATION_STYLE_ASSIGNMENT((#29460));
#29480=CARTESIAN_POINT('',(-3.4997595082704343E+01,
   2.2071376124790600E+01,4.5000000000000000E+00));
#29490=DIRECTION('',(0.0000000000000000E+00,-1.0000000000000000E+00,
   0.0000000000000000E+00));
#29500=DIRECTION('',(1.0000000000000000E+00,0.0000000000000000E+00,
   0.0000000000000000E+00));
#29510=AXIS2_PLACEMENT_3D('',#29480,#29490,#29500);
#29520=CYLINDRICAL_SURFACE('',#29510,5.0000000000000400E-01);
#29530=ORIENTED_EDGE('',*,*,#25360,.F.);
#29540=CARTESIAN_POINT('',(-3.4955488301517804E+01,
   2.2071376124790600E+01,4.9982238643201597E+00));
#29550=DIRECTION('',(0.0000000000000000E+00,-1.0000000000000000E+00,
   0.0000000000000000E+00));
#29560=VECTOR('',#29550,1.0000000000000000E+00);
#29570=LINE('',#29540,#29560);
#29580=EDGE_CURVE('',#25260,#25770,#29570,.T.);
#29590=ORIENTED_EDGE('',*,*,#29580,.F.);
#29600=ORIENTED_EDGE('',*,*,#25780,.T.);
#29610=CARTESIAN_POINT('',(-3.4644041692111067E+01,
   0.0000000000000000E+00,4.8535533905932722E+00));
#29620=DIRECTION('',(0.0000000000000000E+00,-1.0000000000000000E+00,
   0.0000000000000000E+00));
#29630=VECTOR('',#29620,1.0000000000000000E+00);
#29640=LINE('',#29610,#29630);
#29650=EDGE_CURVE('',#25350,#25680,#29640,.T.);
#29660=ORIENTED_EDGE('',*,*,#29650,.T.);
#29670=EDGE_LOOP('',(#29660,#29600,#29590,#29530));
#29680=FACE_OUTER_BOUND('',#29670,.T.);
#29690=ADVANCED_FACE('',(#29680),#29520,.F.);
#29700=COLOUR_RGB('',5.0196081399917603E-01,1.0000000000000000E+00,
   5.0196081399917603E-01);
#29710=FILL_AREA_STYLE_COLOUR('',#29700);
#29720=FILL_AREA_STYLE('',(#29710));
#29730=SURFACE_STYLE_FILL_AREA(#29720);
#29740=SURFACE_SIDE_STYLE('',(#29730));
#29750=SURFACE_STYLE_USAGE(.BOTH.,#29740);
#29760=PRESENTATION_STYLE_ASSIGNMENT((#29750));
#29770=CARTESIAN_POINT('',(-3.1605488301517802E+01,
   2.0321376124790600E+01,7.4500000000000002E+00));
#29780=DIRECTION('',(0.0000000000000000E+00,0.0000000000000000E+00,
   1.0000000000000000E+00));
#29790=DIRECTION('',(1.0000000000000000E+00,0.0000000000000000E+00,
   0.0000000000000000E+00));
#29800=AXIS2_PLACEMENT_3D('',#29770,#29780,#29790);
#29810=PLANE('',#29800);
#29820=ORIENTED_EDGE('',*,*,#9950,.F.);
#29830=CARTESIAN_POINT('',(-8.4502159542249785E+01,
   1.8321376124790607E+01,7.4500000000000002E+00));
#29840=DIRECTION('',(-1.0000000000000000E+00,0.0000000000000000E+00,
   0.0000000000000000E+00));
#29850=VECTOR('',#29840,1.0000000000000000E+00);
#29860=LINE('',#29830,#29850);
#29870=EDGE_CURVE('',#9860,#28500,#29860,.T.);
#29880=ORIENTED_EDGE('',*,*,#29870,.F.);
#29890=ORIENTED_EDGE('',*,*,#28510,.F.);
#29900=ORIENTED_EDGE('',*,*,#24750,.T.);
#29910=EDGE_LOOP('',(#29900,#29890,#29880,#29820));
#29920=FACE_OUTER_BOUND('',#29910,.T.);
#29930=ADVANCED_FACE('',(#29920),#29810,.T.);
#29940=COLOUR_RGB('',9.4901961088180542E-01,9.4901961088180542E-01,
   1.0000000000000000E+00);
#29950=FILL_AREA_STYLE_COLOUR('',#29940);
#29960=FILL_AREA_STYLE('',(#29950));
#29970=SURFACE_STYLE_FILL_AREA(#29960);
#29980=SURFACE_SIDE_STYLE('',(#29970));
#29990=SURFACE_STYLE_USAGE(.BOTH.,#29980);
#30000=PRESENTATION_STYLE_ASSIGNMENT((#29990));
#30010=CARTESIAN_POINT('',(-3.4997595082704343E+01,
   2.2071376124790600E+01,6.0000000000000000E+00));
#30020=DIRECTION('',(0.0000000000000000E+00,-1.0000000000000000E+00,
   0.0000000000000000E+00));
#30030=DIRECTION('',(1.0000000000000000E+00,0.0000000000000000E+00,
   0.0000000000000000E+00));
#30040=AXIS2_PLACEMENT_3D('',#30010,#30020,#30030);
#30050=CYLINDRICAL_SURFACE('',#30040,5.0000000000000000E-01);
#30060=ORIENTED_EDGE('',*,*,#27550,.F.);
#30070=CARTESIAN_POINT('',(-3.4997595082704343E+01,
   2.0879269343604062E+01,6.0000000000000000E+00));
#30080=DIRECTION('',(7.0710678118654535E-01,-7.0710678118654968E-01,
   0.0000000000000000E+00));
#30090=DIRECTION('',(-7.0710678118654968E-01,-7.0710678118654535E-01,
   0.0000000000000000E+00));
#30100=AXIS2_PLACEMENT_3D('',#30070,#30080,#30090);
#30110=ELLIPSE('',#30100,7.0710678118654535E-01,5.0000000000000000E-01);
#30120=CARTESIAN_POINT('',(-3.4955488301517804E+01,
   2.0921376124790608E+01,5.5017761356798447E+00));
#30130=VERTEX_POINT('',#30120);
#30140=EDGE_CURVE('',#30130,#27480,#30110,.T.);
#30150=ORIENTED_EDGE('',*,*,#30140,.T.);
#30160=CARTESIAN_POINT('',(-3.4955488301517804E+01,
   2.2071376124790600E+01,5.5017761356798447E+00));
#30170=DIRECTION('',(0.0000000000000000E+00,-1.0000000000000000E+00,
   0.0000000000000000E+00));
#30180=VECTOR('',#30170,1.0000000000000000E+00);
#30190=LINE('',#30160,#30180);
#30200=CARTESIAN_POINT('',(-3.4955488301517804E+01,
   2.5421376124790601E+01,5.5017761356798447E+00));
#30210=VERTEX_POINT('',#30200);
#30220=EDGE_CURVE('',#30210,#30130,#30190,.T.);
#30230=ORIENTED_EDGE('',*,*,#30220,.T.);
#30240=CARTESIAN_POINT('',(-3.4997595082704343E+01,
   2.5421376124790601E+01,6.0000000000000000E+00));
#30250=DIRECTION('',(0.0000000000000000E+00,-1.0000000000000000E+00,
   0.0000000000000000E+00));
#30260=DIRECTION('',(1.0000000000000000E+00,0.0000000000000000E+00,
   0.0000000000000000E+00));
#30270=AXIS2_PLACEMENT_3D('',#30240,#30250,#30260);
#30280=CIRCLE('',#30270,5.0000000000000000E-01);
#30290=EDGE_CURVE('',#30210,#27150,#30280,.T.);
#30300=ORIENTED_EDGE('',*,*,#30290,.F.);
#30310=EDGE_LOOP('',(#30300,#30230,#30150,#30060));
#30320=FACE_OUTER_BOUND('',#30310,.T.);
#30330=ADVANCED_FACE('',(#30320),#30050,.F.);
#30340=COLOUR_RGB('',5.0196081399917603E-01,1.0000000000000000E+00,
   5.0196081399917603E-01);
#30350=FILL_AREA_STYLE_COLOUR('',#30340);
#30360=FILL_AREA_STYLE('',(#30350));
#30370=SURFACE_STYLE_FILL_AREA(#30360);
#30380=SURFACE_SIDE_STYLE('',(#30370));
#30390=SURFACE_STYLE_USAGE(.BOTH.,#30380);
#30400=PRESENTATION_STYLE_ASSIGNMENT((#30390));
#30410=ORIENTED_EDGE('',*,*,#17640,.T.);
#30420=CARTESIAN_POINT('',(-3.1405488301517792E+01,
   2.8001376124790593E+01,3.5000000000000000E+00));
#30430=DIRECTION('',(0.0000000000000000E+00,1.0000000000000000E+00,
   0.0000000000000000E+00));
#30440=DIRECTION('',(-1.0000000000000000E+00,0.0000000000000000E+00,
   0.0000000000000000E+00));
#30450=AXIS2_PLACEMENT_3D('',#30420,#30430,#30440);
#30460=CIRCLE('',#30450,1.3999999999999999E+00);
#30470=EDGE_CURVE('',#1870,#17630,#30460,.T.);
#30480=ORIENTED_EDGE('',*,*,#30470,.T.);
#30490=ORIENTED_EDGE('',*,*,#1880,.T.);
#30500=ORIENTED_EDGE('',*,*,#6480,.T.);
#30510=EDGE_LOOP('',(#30500,#30490,#30480,#30410));
#30520=FACE_OUTER_BOUND('',#30510,.T.);
#30530=ADVANCED_FACE('',(#30520),#6320,.T.);
#30540=COLOUR_RGB('',9.4901967048645020E-01,9.4901967048645020E-01,
   1.0000000000000000E+00);
#30550=FILL_AREA_STYLE_COLOUR('',#30540);
#30560=FILL_AREA_STYLE('',(#30550));
#30570=SURFACE_STYLE_FILL_AREA(#30560);
#30580=SURFACE_SIDE_STYLE('',(#30570));
#30590=SURFACE_STYLE_USAGE(.BOTH.,#30580);
#30600=PRESENTATION_STYLE_ASSIGNMENT((#30590));
#30610=CARTESIAN_POINT('',(-2.9886031253416185E+01,
   2.0321376124790600E+01,2.2269224911855865E+00));
#30620=DIRECTION('',(0.0000000000000000E+00,-1.0000000000000000E+00,
   0.0000000000000000E+00));
#30630=DIRECTION('',(1.0000000000000000E+00,0.0000000000000000E+00,
   0.0000000000000000E+00));
#30640=AXIS2_PLACEMENT_3D('',#30610,#30620,#30630);
#30650=PLANE('',#30640);
#30660=CARTESIAN_POINT('',(-3.1105488301517802E+01,
   2.0321376124790600E+01,5.0000000000000000E+00));
#30670=DIRECTION('',(0.0000000000000000E+00,0.0000000000000000E+00,
   -1.0000000000000000E+00));
#30680=VECTOR('',#30670,1.0000000000000000E+00);
#30690=LINE('',#30660,#30680);
#30700=CARTESIAN_POINT('',(-3.1105488301517802E+01,
   2.0321376124790600E+01,4.5000000000000018E-01));
#30710=VERTEX_POINT('',#30700);
#30720=EDGE_CURVE('',#30710,#10960,#30690,.T.);
#30730=ORIENTED_EDGE('',*,*,#30720,.T.);
#30740=CARTESIAN_POINT('',(-8.4502159542249785E+01,
   2.0321376124790600E+01,4.5000000000000018E-01));
#30750=DIRECTION('',(-1.0000000000000000E+00,0.0000000000000000E+00,
   0.0000000000000000E+00));
#30760=VECTOR('',#30750,1.0000000000000000E+00);
#30770=LINE('',#30740,#30760);
#30780=CARTESIAN_POINT('',(-3.1605488301517802E+01,
   2.0321376124790600E+01,4.5000000000000018E-01));
#30790=VERTEX_POINT('',#30780);
#30800=EDGE_CURVE('',#30710,#30790,#30770,.T.);
#30810=ORIENTED_EDGE('',*,*,#30800,.F.);
#30820=CARTESIAN_POINT('',(-3.1605488301517802E+01,
   2.0321376124790600E+01,5.0000000000000000E+00));
#30830=DIRECTION('',(0.0000000000000000E+00,0.0000000000000000E+00,
   1.0000000000000000E+00));
#30840=VECTOR('',#30830,1.0000000000000000E+00);
#30850=LINE('',#30820,#30840);
#30860=EDGE_CURVE('',#10720,#30790,#30850,.T.);
#30870=ORIENTED_EDGE('',*,*,#30860,.T.);
#30880=ORIENTED_EDGE('',*,*,#10730,.F.);
#30890=CARTESIAN_POINT('',(-3.1355488301517802E+01,
   2.0321376124790600E+01,0.0000000000000000E+00));
#30900=DIRECTION('',(0.0000000000000000E+00,-1.0000000000000000E+00,
   0.0000000000000000E+00));
#30910=DIRECTION('',(1.0000000000000000E+00,0.0000000000000000E+00,
   0.0000000000000000E+00));
#30920=AXIS2_PLACEMENT_3D('',#30890,#30900,#30910);
#30930=CIRCLE('',#30920,5.5000000000000004E-01);
#30940=EDGE_CURVE('',#10250,#10420,#30930,.T.);
#30950=ORIENTED_EDGE('',*,*,#30940,.T.);
#30960=ORIENTED_EDGE('',*,*,#10990,.F.);
#30970=EDGE_LOOP('',(#30960,#30950,#30880,#30870,#30810,#30730));
#30980=FACE_OUTER_BOUND('',#30970,.T.);
#30990=ADVANCED_FACE('',(#30980),#30650,.T.);
#31000=COLOUR_RGB('',9.4901961088180542E-01,9.4901961088180542E-01,
   1.0000000000000000E+00);
#31010=FILL_AREA_STYLE_COLOUR('',#31000);
#31020=FILL_AREA_STYLE('',(#31010));
#31030=SURFACE_STYLE_FILL_AREA(#31020);
#31040=SURFACE_SIDE_STYLE('',(#31030));
#31050=SURFACE_STYLE_USAGE(.BOTH.,#31040);
#31060=PRESENTATION_STYLE_ASSIGNMENT((#31050));
#31070=CARTESIAN_POINT('',(-3.1355488301517802E+01,
   1.7821376124790600E+01,3.1602540378443855E-01));
#31080=DIRECTION('',(0.0000000000000000E+00,-2.5881904510252085E-01,
   9.6592582628906820E-01));
#31090=DIRECTION('',(0.0000000000000000E+00,9.6592582628906842E-01,
   2.5881904510252091E-01));
#31100=AXIS2_PLACEMENT_3D('',#31070,#31080,#31090);
#31110=PLANE('',#31100);
#31120=CARTESIAN_POINT('',(-3.1605488301517795E+01,
   -2.2653715864353234E+01,-1.0529242808282062E+01));
#31130=DIRECTION('',(0.0000000000000000E+00,-9.6592582628906831E-01,
   -2.5881904510252091E-01));
#31140=VECTOR('',#31130,1.0000000000000000E+00);
#31150=LINE('',#31120,#31140);
#31160=CARTESIAN_POINT('',(-3.1605488301517802E+01,
   1.8321376124790600E+01,4.5000000000000018E-01));
#31170=VERTEX_POINT('',#31160);
#31180=CARTESIAN_POINT('',(-3.1605488301517802E+01,
   1.7321376124790600E+01,1.8205080756887693E-01));
#31190=VERTEX_POINT('',#31180);
#31200=EDGE_CURVE('',#31170,#31190,#31150,.T.);
#31210=ORIENTED_EDGE('',*,*,#31200,.T.);
#31220=CARTESIAN_POINT('',(-8.4502159542249785E+01,
   1.8321376124790607E+01,4.5000000000000018E-01));
#31230=DIRECTION('',(-1.0000000000000000E+00,0.0000000000000000E+00,
   0.0000000000000000E+00));
#31240=VECTOR('',#31230,1.0000000000000000E+00);
#31250=LINE('',#31220,#31240);
#31260=CARTESIAN_POINT('',(-3.1105488301517802E+01,
   1.8321376124790607E+01,4.5000000000000018E-01));
#31270=VERTEX_POINT('',#31260);
#31280=EDGE_CURVE('',#31270,#31170,#31250,.T.);
#31290=ORIENTED_EDGE('',*,*,#31280,.T.);
#31300=CARTESIAN_POINT('',(-3.1105488301517802E+01,
   -2.2653715864353234E+01,-1.0529242808282062E+01));
#31310=DIRECTION('',(0.0000000000000000E+00,9.6592582628906831E-01,
   2.5881904510252091E-01));
#31320=VECTOR('',#31310,1.0000000000000000E+00);
#31330=LINE('',#31300,#31320);
#31340=CARTESIAN_POINT('',(-3.1105488301517802E+01,
   1.7321376124790600E+01,1.8205080756887693E-01));
#31350=VERTEX_POINT('',#31340);
#31360=EDGE_CURVE('',#31350,#31270,#31330,.T.);
#31370=ORIENTED_EDGE('',*,*,#31360,.T.);
#31380=CARTESIAN_POINT('',(-8.4502159542249785E+01,
   1.7321376124790600E+01,1.8205080756887693E-01));
#31390=DIRECTION('',(1.0000000000000000E+00,0.0000000000000000E+00,
   0.0000000000000000E+00));
#31400=VECTOR('',#31390,1.0000000000000000E+00);
#31410=LINE('',#31380,#31400);
#31420=EDGE_CURVE('',#31190,#31350,#31410,.T.);
#31430=ORIENTED_EDGE('',*,*,#31420,.T.);
#31440=EDGE_LOOP('',(#31430,#31370,#31290,#31210));
#31450=FACE_OUTER_BOUND('',#31440,.T.);
#31460=ADVANCED_FACE('',(#31450),#31110,.T.);
#31470=COLOUR_RGB('',9.4901961088180542E-01,9.4901961088180542E-01,
   1.0000000000000000E+00);
#31480=FILL_AREA_STYLE_COLOUR('',#31470);
#31490=FILL_AREA_STYLE('',(#31480));
#31500=SURFACE_STYLE_FILL_AREA(#31490);
#31510=SURFACE_SIDE_STYLE('',(#31500));
#31520=SURFACE_STYLE_USAGE(.BOTH.,#31510);
#31530=PRESENTATION_STYLE_ASSIGNMENT((#31520));
#31540=CARTESIAN_POINT('',(-3.1605488301517802E+01,
   2.0321376124790600E+01,-4.5000000000000018E-01));
#31550=DIRECTION('',(-1.0000000000000000E+00,0.0000000000000000E+00,
   0.0000000000000000E+00));
#31560=DIRECTION('',(0.0000000000000000E+00,0.0000000000000000E+00,
   1.0000000000000000E+00));
#31570=AXIS2_PLACEMENT_3D('',#31540,#31550,#31560);
#31580=PLANE('',#31570);
#31590=ORIENTED_EDGE('',*,*,#13020,.F.);
#31600=ORIENTED_EDGE('',*,*,#11850,.T.);
#31610=ORIENTED_EDGE('',*,*,#10810,.T.);
#31620=ORIENTED_EDGE('',*,*,#30860,.F.);
#31630=CARTESIAN_POINT('',(-3.1605488301517802E+01,
   -2.2653715864353234E+01,4.5000000000000018E-01));
#31640=DIRECTION('',(0.0000000000000000E+00,1.0000000000000000E+00,
   0.0000000000000000E+00));
#31650=VECTOR('',#31640,1.0000000000000000E+00);
#31660=LINE('',#31630,#31650);
#31670=EDGE_CURVE('',#31170,#30790,#31660,.T.);
#31680=ORIENTED_EDGE('',*,*,#31670,.T.);
#31690=ORIENTED_EDGE('',*,*,#31200,.F.);
#31700=CARTESIAN_POINT('',(-3.1605488301517802E+01,
   1.7321376124790600E+01,5.0000000000000000E+00));
#31710=DIRECTION('',(0.0000000000000000E+00,0.0000000000000000E+00,
   1.0000000000000000E+00));
#31720=VECTOR('',#31710,1.0000000000000000E+00);
#31730=LINE('',#31700,#31720);
#31740=EDGE_CURVE('',#13010,#31190,#31730,.T.);
#31750=ORIENTED_EDGE('',*,*,#31740,.T.);
#31760=EDGE_LOOP('',(#31750,#31690,#31680,#31620,#31610,#31600,#31590));
#31770=FACE_OUTER_BOUND('',#31760,.T.);
#31780=ADVANCED_FACE('',(#31770),#31580,.T.);
#31790=COLOUR_RGB('',9.4901961088180542E-01,9.4901961088180542E-01,
   1.0000000000000000E+00);
#31800=FILL_AREA_STYLE_COLOUR('',#31790);
#31810=FILL_AREA_STYLE('',(#31800));
#31820=SURFACE_STYLE_FILL_AREA(#31810);
#31830=SURFACE_SIDE_STYLE('',(#31820));
#31840=SURFACE_STYLE_USAGE(.BOTH.,#31830);
#31850=PRESENTATION_STYLE_ASSIGNMENT((#31840));
#31860=CARTESIAN_POINT('',(-3.1105488301517802E+01,
   2.0321376124790600E+01,4.5000000000000018E-01));
#31870=DIRECTION('',(1.0000000000000000E+00,-0.0000000000000000E+00,
   0.0000000000000000E+00));
#31880=DIRECTION('',(0.0000000000000000E+00,0.0000000000000000E+00,
   -1.0000000000000000E+00));
#31890=AXIS2_PLACEMENT_3D('',#31860,#31870,#31880);
#31900=PLANE('',#31890);
#31910=ORIENTED_EDGE('',*,*,#10970,.F.);
#31920=ORIENTED_EDGE('',*,*,#11990,.T.);
#31930=ORIENTED_EDGE('',*,*,#12930,.T.);
#31940=CARTESIAN_POINT('',(-3.1105488301517802E+01,
   1.7321376124790600E+01,5.0000000000000000E+00));
#31950=DIRECTION('',(0.0000000000000000E+00,0.0000000000000000E+00,
   -1.0000000000000000E+00));
#31960=VECTOR('',#31950,1.0000000000000000E+00);
#31970=LINE('',#31940,#31960);
#31980=EDGE_CURVE('',#31350,#12920,#31970,.T.);
#31990=ORIENTED_EDGE('',*,*,#31980,.T.);
#32000=ORIENTED_EDGE('',*,*,#31360,.F.);
#32010=CARTESIAN_POINT('',(-3.1105488301517802E+01,
   -2.2653715864353234E+01,4.5000000000000018E-01));
#32020=DIRECTION('',(0.0000000000000000E+00,-1.0000000000000000E+00,
   0.0000000000000000E+00));
#32030=VECTOR('',#32020,1.0000000000000000E+00);
#32040=LINE('',#32010,#32030);
#32050=EDGE_CURVE('',#30710,#31270,#32040,.T.);
#32060=ORIENTED_EDGE('',*,*,#32050,.T.);
#32070=ORIENTED_EDGE('',*,*,#30720,.F.);
#32080=EDGE_LOOP('',(#32070,#32060,#32000,#31990,#31930,#31920,#31910));
#32090=FACE_OUTER_BOUND('',#32080,.T.);
#32100=ADVANCED_FACE('',(#32090),#31900,.T.);
#32110=COLOUR_RGB('',9.4901961088180542E-01,9.4901961088180542E-01,
   1.0000000000000000E+00);
#32120=FILL_AREA_STYLE_COLOUR('',#32110);
#32130=FILL_AREA_STYLE('',(#32120));
#32140=SURFACE_STYLE_FILL_AREA(#32130);
#32150=SURFACE_SIDE_STYLE('',(#32140));
#32160=SURFACE_STYLE_USAGE(.BOTH.,#32150);
#32170=PRESENTATION_STYLE_ASSIGNMENT((#32160));
#32180=CARTESIAN_POINT('',(-2.9886031253416185E+01,
   1.7321376124790600E+01,2.2269224911855865E+00));
#32190=DIRECTION('',(0.0000000000000000E+00,-1.0000000000000000E+00,
   0.0000000000000000E+00));
#32200=DIRECTION('',(1.0000000000000000E+00,0.0000000000000000E+00,
   0.0000000000000000E+00));
#32210=AXIS2_PLACEMENT_3D('',#32180,#32190,#32200);
#32220=PLANE('',#32210);
#32230=ORIENTED_EDGE('',*,*,#31980,.F.);
#32240=ORIENTED_EDGE('',*,*,#13080,.F.);
#32250=ORIENTED_EDGE('',*,*,#31740,.F.);
#32260=ORIENTED_EDGE('',*,*,#31420,.F.);
#32270=EDGE_LOOP('',(#32260,#32250,#32240,#32230));
#32280=FACE_OUTER_BOUND('',#32270,.T.);
#32290=ADVANCED_FACE('',(#32280),#32220,.T.);
#32300=COLOUR_RGB('',9.4901961088180542E-01,9.4901961088180542E-01,
   1.0000000000000000E+00);
#32310=FILL_AREA_STYLE_COLOUR('',#32300);
#32320=FILL_AREA_STYLE('',(#32310));
#32330=SURFACE_STYLE_FILL_AREA(#32320);
#32340=SURFACE_SIDE_STYLE('',(#32330));
#32350=SURFACE_STYLE_USAGE(.BOTH.,#32340);
#32360=PRESENTATION_STYLE_ASSIGNMENT((#32350));
#32370=CARTESIAN_POINT('',(-3.1605488301517802E+01,
   2.0321376124790600E+01,4.5000000000000018E-01));
#32380=DIRECTION('',(0.0000000000000000E+00,0.0000000000000000E+00,
   1.0000000000000000E+00));
#32390=DIRECTION('',(1.0000000000000000E+00,0.0000000000000000E+00,
   0.0000000000000000E+00));
#32400=AXIS2_PLACEMENT_3D('',#32370,#32380,#32390);
#32410=PLANE('',#32400);
#32420=ORIENTED_EDGE('',*,*,#32050,.F.);
#32430=ORIENTED_EDGE('',*,*,#31280,.F.);
#32440=ORIENTED_EDGE('',*,*,#31670,.F.);
#32450=ORIENTED_EDGE('',*,*,#30800,.T.);
#32460=EDGE_LOOP('',(#32450,#32440,#32430,#32420));
#32470=FACE_OUTER_BOUND('',#32460,.T.);
#32480=ADVANCED_FACE('',(#32470),#32410,.T.);
#32490=COLOUR_RGB('',9.4901961088180542E-01,9.4901961088180542E-01,
   1.0000000000000000E+00);
#32500=FILL_AREA_STYLE_COLOUR('',#32490);
#32510=FILL_AREA_STYLE('',(#32500));
#32520=SURFACE_STYLE_FILL_AREA(#32510);
#32530=SURFACE_SIDE_STYLE('',(#32520));
#32540=SURFACE_STYLE_USAGE(.BOTH.,#32530);
#32550=PRESENTATION_STYLE_ASSIGNMENT((#32540));
#32560=CARTESIAN_POINT('',(-3.1652975674933074E+01,
   2.8601376124790594E+01,7.2474873734152840E+00));
#32570=DIRECTION('',(7.0710678118654746E-01,0.0000000000000000E+00,
   -7.0710678118654757E-01));
#32580=DIRECTION('',(0.0000000000000000E+00,-1.0000000000000000E+00,
   0.0000000000000000E+00));
#32590=AXIS2_PLACEMENT_3D('',#32560,#32570,#32580);
#32600=PLANE('',#32590);
#32610=ORIENTED_EDGE('',*,*,#18000,.F.);
#32620=CARTESIAN_POINT('',(-3.1900463048348357E+01,
   -2.2653715864353234E+01,7.0000000000000018E+00));
#32630=DIRECTION('',(-0.0000000000000000E+00,1.0000000000000000E+00,
   0.0000000000000000E+00));
#32640=VECTOR('',#32630,1.0000000000000000E+00);
#32650=LINE('',#32620,#32640);
#32660=CARTESIAN_POINT('',(-3.1900463048348364E+01,
   2.8601376124790601E+01,6.9999999999999929E+00));
#32670=VERTEX_POINT('',#32660);
#32680=EDGE_CURVE('',#17990,#32670,#32650,.T.);
#32690=ORIENTED_EDGE('',*,*,#32680,.F.);
#32700=CARTESIAN_POINT('',(-8.4502159542249785E+01,
   2.8601376124790601E+01,-4.5601696493901422E+01));
#32710=DIRECTION('',(-7.0710678118654757E-01,0.0000000000000000E+00,
   -7.0710678118654746E-01));
#32720=VECTOR('',#32710,1.0000000000000000E+00);
#32730=LINE('',#32700,#32720);
#32740=CARTESIAN_POINT('',(-3.1905465551017315E+01,
   2.8601376124790601E+01,6.9949974973310454E+00));
#32750=VERTEX_POINT('',#32740);
#32760=EDGE_CURVE('',#32670,#32750,#32730,.T.);
#32770=ORIENTED_EDGE('',*,*,#32760,.F.);
#32780=CARTESIAN_POINT('',(-3.1905465551017315E+01,
   3.9321376124790604E+01,6.9949974973310454E+00));
#32790=DIRECTION('',(0.0000000000000000E+00,-1.0000000000000000E+00,
   0.0000000000000000E+00));
#32800=VECTOR('',#32790,1.0000000000000000E+00);
#32810=LINE('',#32780,#32800);
#32820=EDGE_CURVE('',#32750,#17970,#32810,.T.);
#32830=ORIENTED_EDGE('',*,*,#32820,.F.);
#32840=EDGE_LOOP('',(#32830,#32770,#32690,#32610));
#32850=FACE_OUTER_BOUND('',#32840,.T.);
#32860=ADVANCED_FACE('',(#32850),#32600,.T.);
#32870=COLOUR_RGB('',9.4901967048645020E-01,9.4901967048645020E-01,
   1.0000000000000000E+00);
#32880=FILL_AREA_STYLE_COLOUR('',#32870);
#32890=FILL_AREA_STYLE('',(#32880));
#32900=SURFACE_STYLE_FILL_AREA(#32890);
#32910=SURFACE_SIDE_STYLE('',(#32900));
#32920=SURFACE_STYLE_USAGE(.BOTH.,#32910);
#32930=PRESENTATION_STYLE_ASSIGNMENT((#32920));
#32940=CARTESIAN_POINT('',(-3.1355488301517802E+01,
   2.8601376124790601E+01,7.0000000000000018E+00));
#32950=DIRECTION('',(0.0000000000000000E+00,-1.0000000000000000E+00,
   0.0000000000000000E+00));
#32960=DIRECTION('',(1.0000000000000000E+00,0.0000000000000000E+00,
   0.0000000000000000E+00));
#32970=AXIS2_PLACEMENT_3D('',#32940,#32950,#32960);
#32980=CIRCLE('',#32970,5.5000000000000004E-01);
#32990=CARTESIAN_POINT('',(-3.1905488301517799E+01,
   2.8601376124790601E+01,7.0000000000000018E+00));
#33000=VERTEX_POINT('',#32990);
#33010=EDGE_CURVE('',#33000,#32750,#32980,.T.);
#33020=ORIENTED_EDGE('',*,*,#33010,.F.);
#33030=ORIENTED_EDGE('',*,*,#32760,.T.);
#33040=CARTESIAN_POINT('',(-8.4502159542249785E+01,
   2.8601376124790601E+01,7.0000000000000018E+00));
#33050=DIRECTION('',(-1.0000000000000000E+00,0.0000000000000000E+00,
   0.0000000000000000E+00));
#33060=VECTOR('',#33050,1.0000000000000000E+00);
#33070=LINE('',#33040,#33060);
#33080=EDGE_CURVE('',#32670,#33000,#33070,.T.);
#33090=ORIENTED_EDGE('',*,*,#33080,.F.);
#33100=EDGE_LOOP('',(#33090,#33030,#33020));
#33110=FACE_OUTER_BOUND('',#33100,.T.);
#33120=ADVANCED_FACE('',(#33110),#26260,.T.);
#33130=COLOUR_RGB('',9.4901967048645020E-01,9.4901967048645020E-01,
   1.0000000000000000E+00);
#33140=FILL_AREA_STYLE_COLOUR('',#33130);
#33150=FILL_AREA_STYLE('',(#33140));
#33160=SURFACE_STYLE_FILL_AREA(#33150);
#33170=SURFACE_SIDE_STYLE('',(#33160));
#33180=SURFACE_STYLE_USAGE(.BOTH.,#33170);
#33190=PRESENTATION_STYLE_ASSIGNMENT((#33180));
#33200=CARTESIAN_POINT('',(-3.1355488301517802E+01,
   1.7821376124790600E+01,6.6839745962155632E+00));
#33210=DIRECTION('',(0.0000000000000000E+00,2.5881904510252085E-01,
   9.6592582628906820E-01));
#33220=DIRECTION('',(0.0000000000000000E+00,9.6592582628906842E-01,
   -2.5881904510252091E-01));
#33230=AXIS2_PLACEMENT_3D('',#33200,#33210,#33220);
#33240=PLANE('',#33230);
#33250=ORIENTED_EDGE('',*,*,#9710,.T.);
#33260=CARTESIAN_POINT('',(-8.4502159542249785E+01,
   1.8321376124790607E+01,6.5500000000000016E+00));
#33270=DIRECTION('',(1.0000000000000000E+00,0.0000000000000000E+00,
   0.0000000000000000E+00));
#33280=VECTOR('',#33270,1.0000000000000000E+00);
#33290=LINE('',#33260,#33280);
#33300=EDGE_CURVE('',#28740,#9620,#33290,.T.);
#33310=ORIENTED_EDGE('',*,*,#33300,.T.);
#33320=ORIENTED_EDGE('',*,*,#28750,.T.);
#33330=CARTESIAN_POINT('',(-8.4502159542249785E+01,
   1.7321376124790600E+01,6.8179491924311248E+00));
#33340=DIRECTION('',(-1.0000000000000000E+00,0.0000000000000000E+00,
   0.0000000000000000E+00));
#33350=VECTOR('',#33340,1.0000000000000000E+00);
#33360=LINE('',#33330,#33350);
#33370=EDGE_CURVE('',#9700,#28660,#33360,.T.);
#33380=ORIENTED_EDGE('',*,*,#33370,.T.);
#33390=EDGE_LOOP('',(#33380,#33320,#33310,#33250));
#33400=FACE_OUTER_BOUND('',#33390,.T.);
#33410=ADVANCED_FACE('',(#33400),#33240,.F.);
#33420=COLOUR_RGB('',9.4901961088180542E-01,9.4901961088180542E-01,
   1.0000000000000000E+00);
#33430=FILL_AREA_STYLE_COLOUR('',#33420);
#33440=FILL_AREA_STYLE('',(#33430));
#33450=SURFACE_STYLE_FILL_AREA(#33440);
#33460=SURFACE_SIDE_STYLE('',(#33450));
#33470=SURFACE_STYLE_USAGE(.BOTH.,#33460);
#33480=PRESENTATION_STYLE_ASSIGNMENT((#33470));
#33490=CARTESIAN_POINT('',(-3.1158000928102481E+01,
   2.8001376124790593E+01,1.0252512626584682E+01));
#33500=DIRECTION('',(0.0000000000000000E+00,1.0000000000000000E+00,
   0.0000000000000000E+00));
#33510=DIRECTION('',(7.0710678118654746E-01,0.0000000000000000E+00,
   -7.0710678118654757E-01));
#33520=AXIS2_PLACEMENT_3D('',#33490,#33500,#33510);
#33530=PLANE('',#33520);
#33540=CARTESIAN_POINT('',(-8.4502159542249785E+01,
   2.8001376124790593E+01,-4.2101696493901422E+01));
#33550=DIRECTION('',(7.0710678118654757E-01,0.0000000000000000E+00,
   7.0710678118654746E-01));
#33560=VECTOR('',#33550,1.0000000000000000E+00);
#33570=LINE('',#33540,#33560);
#33580=CARTESIAN_POINT('',(-3.1905465551017315E+01,
   2.8001376124790593E+01,1.0494997497331044E+01));
#33590=VERTEX_POINT('',#33580);
#33600=CARTESIAN_POINT('',(-3.1900463048348364E+01,
   2.8001376124790593E+01,1.0499999999999993E+01));
#33610=VERTEX_POINT('',#33600);
#33620=EDGE_CURVE('',#33590,#33610,#33570,.T.);
#33630=ORIENTED_EDGE('',*,*,#33620,.T.);
#33640=CARTESIAN_POINT('',(-3.1355488301517802E+01,
   2.8001376124790593E+01,1.0500000000000000E+01));
#33650=DIRECTION('',(0.0000000000000000E+00,-1.0000000000000000E+00,
   0.0000000000000000E+00));
#33660=DIRECTION('',(1.0000000000000000E+00,0.0000000000000000E+00,
   0.0000000000000000E+00));
#33670=AXIS2_PLACEMENT_3D('',#33640,#33650,#33660);
#33680=CIRCLE('',#33670,5.5000000000000004E-01);
#33690=CARTESIAN_POINT('',(-3.1451982696657517E+01,
   2.8001376124790593E+01,9.9585308580291745E+00));
#33700=VERTEX_POINT('',#33690);
#33710=EDGE_CURVE('',#33590,#33700,#33680,.T.);
#33720=ORIENTED_EDGE('',*,*,#33710,.F.);
#33730=CARTESIAN_POINT('',(-8.4502159542249785E+01,
   2.8001376124790593E+01,-4.3091645987562615E+01));
#33740=DIRECTION('',(-7.0710678118654757E-01,0.0000000000000000E+00,
   -7.0710678118654746E-01));
#33750=VECTOR('',#33740,1.0000000000000000E+00);
#33760=LINE('',#33730,#33750);
#33770=CARTESIAN_POINT('',(-3.0910513554687164E+01,
   2.8001376124790593E+01,1.0500000000000000E+01));
#33780=VERTEX_POINT('',#33770);
#33790=EDGE_CURVE('',#33780,#33700,#33760,.T.);
#33800=ORIENTED_EDGE('',*,*,#33790,.T.);
#33810=CARTESIAN_POINT('',(-8.4502159542249785E+01,
   2.8001376124790593E+01,1.0500000000000000E+01));
#33820=DIRECTION('',(-1.0000000000000000E+00,0.0000000000000000E+00,
   0.0000000000000000E+00));
#33830=VECTOR('',#33820,1.0000000000000000E+00);
#33840=LINE('',#33810,#33830);
#33850=EDGE_CURVE('',#33780,#33610,#33840,.T.);
#33860=ORIENTED_EDGE('',*,*,#33850,.F.);
#33870=EDGE_LOOP('',(#33860,#33800,#33720,#33630));
#33880=FACE_OUTER_BOUND('',#33870,.T.);
#33890=ADVANCED_FACE('',(#33880),#33530,.T.);
#33900=COLOUR_RGB('',9.4901967048645020E-01,9.4901967048645020E-01,
   1.0000000000000000E+00);
#33910=FILL_AREA_STYLE_COLOUR('',#33900);
#33920=FILL_AREA_STYLE('',(#33910));
#33930=SURFACE_STYLE_FILL_AREA(#33920);
#33940=SURFACE_SIDE_STYLE('',(#33930));
#33950=SURFACE_STYLE_USAGE(.BOTH.,#33940);
#33960=PRESENTATION_STYLE_ASSIGNMENT((#33950));
#33970=ORIENTED_EDGE('',*,*,#18170,.F.);
#33980=ORIENTED_EDGE('',*,*,#23000,.T.);
#33990=ORIENTED_EDGE('',*,*,#26440,.F.);
#34000=CARTESIAN_POINT('',(-3.0910513554687157E+01,
   -2.2653715864353234E+01,7.0000000000000018E+00));
#34010=DIRECTION('',(-0.0000000000000000E+00,-1.0000000000000000E+00,
   0.0000000000000000E+00));
#34020=VECTOR('',#34010,1.0000000000000000E+00);
#34030=LINE('',#34000,#34020);
#34040=EDGE_CURVE('',#26410,#18160,#34030,.T.);
#34050=ORIENTED_EDGE('',*,*,#34040,.F.);
#34060=EDGE_LOOP('',(#34050,#33990,#33980,#33970));
#34070=FACE_OUTER_BOUND('',#34060,.T.);
#34080=ADVANCED_FACE('',(#34070),#22750,.T.);
#34090=COLOUR_RGB('',9.4901967048645020E-01,9.4901967048645020E-01,
   1.0000000000000000E+00);
#34100=FILL_AREA_STYLE_COLOUR('',#34090);
#34110=FILL_AREA_STYLE('',(#34100));
#34120=SURFACE_STYLE_FILL_AREA(#34110);
#34130=SURFACE_SIDE_STYLE('',(#34120));
#34140=SURFACE_STYLE_USAGE(.BOTH.,#34130);
#34150=PRESENTATION_STYLE_ASSIGNMENT((#34140));
#34160=CARTESIAN_POINT('',(-3.4997595082704343E+01,
   2.2071376124790600E+01,9.4999999999999982E+00));
#34170=DIRECTION('',(0.0000000000000000E+00,-1.0000000000000000E+00,
   0.0000000000000000E+00));
#34180=DIRECTION('',(1.0000000000000000E+00,0.0000000000000000E+00,
   0.0000000000000000E+00));
#34190=AXIS2_PLACEMENT_3D('',#34160,#34170,#34180);
#34200=CYLINDRICAL_SURFACE('',#34190,5.0000000000000000E-01);
#34210=CARTESIAN_POINT('',(-3.4644041692111067E+01,
   2.2071376124790600E+01,9.1464466094067269E+00));
#34220=DIRECTION('',(0.0000000000000000E+00,-1.0000000000000000E+00,
   0.0000000000000000E+00));
#34230=VECTOR('',#34220,1.0000000000000000E+00);
#34240=LINE('',#34210,#34230);
#34250=CARTESIAN_POINT('',(-3.4644041692111067E+01,
   2.5421376124790601E+01,9.1464466094067269E+00));
#34260=VERTEX_POINT('',#34250);
#34270=CARTESIAN_POINT('',(-3.4644041692111067E+01,
   2.1232822734197338E+01,9.1464466094067269E+00));
#34280=VERTEX_POINT('',#34270);
#34290=EDGE_CURVE('',#34260,#34280,#34240,.T.);
#34300=ORIENTED_EDGE('',*,*,#34290,.F.);
#34310=CARTESIAN_POINT('',(-3.4997595082704343E+01,
   2.0879269343604062E+01,9.4999999999999982E+00));
#34320=DIRECTION('',(7.0710678118654535E-01,-7.0710678118654968E-01,
   0.0000000000000000E+00));
#34330=DIRECTION('',(-7.0710678118654968E-01,-7.0710678118654535E-01,
   0.0000000000000000E+00));
#34340=AXIS2_PLACEMENT_3D('',#34310,#34320,#34330);
#34350=ELLIPSE('',#34340,7.0710678118654535E-01,5.0000000000000000E-01);
#34360=CARTESIAN_POINT('',(-3.4955488301517804E+01,
   2.0921376124790608E+01,9.0017761356798438E+00));
#34370=VERTEX_POINT('',#34360);
#34380=EDGE_CURVE('',#34370,#34280,#34350,.T.);
#34390=ORIENTED_EDGE('',*,*,#34380,.T.);
#34400=CARTESIAN_POINT('',(-3.4955488301517804E+01,
   2.2071376124790600E+01,9.0017761356798438E+00));
#34410=DIRECTION('',(0.0000000000000000E+00,-1.0000000000000000E+00,
   0.0000000000000000E+00));
#34420=VECTOR('',#34410,1.0000000000000000E+00);
#34430=LINE('',#34400,#34420);
#34440=CARTESIAN_POINT('',(-3.4955488301517804E+01,
   2.5421376124790601E+01,9.0017761356798438E+00));
#34450=VERTEX_POINT('',#34440);
#34460=EDGE_CURVE('',#34450,#34370,#34430,.T.);
#34470=ORIENTED_EDGE('',*,*,#34460,.T.);
#34480=CARTESIAN_POINT('',(-3.4997595082704343E+01,
   2.5421376124790601E+01,9.4999999999999982E+00));
#34490=DIRECTION('',(0.0000000000000000E+00,-1.0000000000000000E+00,
   0.0000000000000000E+00));
#34500=DIRECTION('',(1.0000000000000000E+00,0.0000000000000000E+00,
   0.0000000000000000E+00));
#34510=AXIS2_PLACEMENT_3D('',#34480,#34490,#34500);
#34520=CIRCLE('',#34510,5.0000000000000000E-01);
#34530=EDGE_CURVE('',#34450,#34260,#34520,.T.);
#34540=ORIENTED_EDGE('',*,*,#34530,.F.);
#34550=EDGE_LOOP('',(#34540,#34470,#34390,#34300));
#34560=FACE_OUTER_BOUND('',#34550,.T.);
#34570=ADVANCED_FACE('',(#34560),#34200,.F.);
#34580=COLOUR_RGB('',5.0196081399917603E-01,1.0000000000000000E+00,
   5.0196081399917603E-01);
#34590=FILL_AREA_STYLE_COLOUR('',#34580);
#34600=FILL_AREA_STYLE('',(#34590));
#34610=SURFACE_STYLE_FILL_AREA(#34600);
#34620=SURFACE_SIDE_STYLE('',(#34610));
#34630=SURFACE_STYLE_USAGE(.BOTH.,#34620);
#34640=PRESENTATION_STYLE_ASSIGNMENT((#34630));
#34650=CARTESIAN_POINT('',(-3.4644041692111067E+01,
   2.2071376124790600E+01,9.1464466094067287E+00));
#34660=DIRECTION('',(7.0710678118654302E-01,0.0000000000000000E+00,
   -7.0710678118655201E-01));
#34670=DIRECTION('',(-7.0710678118655201E-01,0.0000000000000000E+00,
   -7.0710678118654302E-01));
#34680=AXIS2_PLACEMENT_3D('',#34650,#34660,#34670);
#34690=PLANE('',#34680);
#34700=CARTESIAN_POINT('',(0.0000000000000000E+00,2.5421376124790594E+01
   ,4.3790488301517350E+01));
#34710=DIRECTION('',(-7.0710678118655201E-01,0.0000000000000000E+00,
   -7.0710678118654302E-01));
#34720=VECTOR('',#34710,1.0000000000000000E+00);
#34730=LINE('',#34700,#34720);
#34740=CARTESIAN_POINT('',(-3.4617870503397079E+01,
   2.5421376124790594E+01,9.1726177981207169E+00));
#34750=VERTEX_POINT('',#34740);
#34760=EDGE_CURVE('',#34750,#34260,#34730,.T.);
#34770=ORIENTED_EDGE('',*,*,#34760,.T.);
#34780=CARTESIAN_POINT('',(-3.4617870503397079E+01,
   2.4921376124790594E+01,9.1726177981207169E+00));
#34790=DIRECTION('',(7.0710678118654302E-01,0.0000000000000000E+00,
   -7.0710678118655201E-01));
#34800=DIRECTION('',(-7.0710678118655201E-01,0.0000000000000000E+00,
   -7.0710678118654302E-01));
#34810=AXIS2_PLACEMENT_3D('',#34780,#34790,#34800);
#34820=ELLIPSE('',#34810,7.0710678118652770E-01,4.9999999999998912E-01);
#34830=CARTESIAN_POINT('',(-3.4134907590252553E+01,
   2.5050785647341851E+01,9.6555807112652374E+00));
#34840=VERTEX_POINT('',#34830);
#34850=EDGE_CURVE('',#34750,#34840,#34820,.T.);
#34860=ORIENTED_EDGE('',*,*,#34850,.F.);
#34870=CARTESIAN_POINT('',(-2.7422569806281828E+01,
   0.0000000000000000E+00,1.6367918495235866E+01));
#34880=DIRECTION('',(-2.5056280708574180E-01,9.3511312653102474E-01,
   -2.5056280708573864E-01));
#34890=VECTOR('',#34880,1.0000000000000000E+00);
#34900=LINE('',#34870,#34890);
#34910=CARTESIAN_POINT('',(-3.4090488301517780E+01,
   2.4885010604947620E+01,9.6999999999999993E+00));
#34920=VERTEX_POINT('',#34910);
#34930=EDGE_CURVE('',#34920,#34840,#34900,.T.);
#34940=ORIENTED_EDGE('',*,*,#34930,.T.);
#34950=CARTESIAN_POINT('',(-3.4090488301517787E+01,
   0.0000000000000000E+00,9.6999999999999993E+00));
#34960=DIRECTION('',(0.0000000000000000E+00,1.0000000000000000E+00,
   0.0000000000000000E+00));
#34970=VECTOR('',#34960,1.0000000000000000E+00);
#34980=LINE('',#34950,#34970);
#34990=CARTESIAN_POINT('',(-3.4090488301517780E+01,
   2.1786376124790618E+01,9.6999999999999993E+00));
#35000=VERTEX_POINT('',#34990);
#35010=EDGE_CURVE('',#35000,#34920,#34980,.T.);
#35020=ORIENTED_EDGE('',*,*,#35010,.T.);
#35030=CARTESIAN_POINT('',(0.0000000000000000E+00,5.5876864426308202E+01
   ,4.3790488301517357E+01));
#35040=DIRECTION('',(5.7735026918962939E-01,5.7735026918962584E-01,
   5.7735026918962207E-01));
#35050=VECTOR('',#35040,1.0000000000000000E+00);
#35060=LINE('',#35030,#35050);
#35070=EDGE_CURVE('',#34280,#35000,#35060,.T.);
#35080=ORIENTED_EDGE('',*,*,#35070,.T.);
#35090=ORIENTED_EDGE('',*,*,#34290,.T.);
#35100=EDGE_LOOP('',(#35090,#35080,#35020,#34940,#34860,#34770));
#35110=FACE_OUTER_BOUND('',#35100,.T.);
#35120=ADVANCED_FACE('',(#35110),#34690,.F.);
#35130=COLOUR_RGB('',5.0196081399917603E-01,1.0000000000000000E+00,
   5.0196081399917603E-01);
#35140=FILL_AREA_STYLE_COLOUR('',#35130);
#35150=FILL_AREA_STYLE('',(#35140));
#35160=SURFACE_STYLE_FILL_AREA(#35150);
#35170=SURFACE_SIDE_STYLE('',(#35160));
#35180=SURFACE_STYLE_USAGE(.BOTH.,#35170);
#35190=PRESENTATION_STYLE_ASSIGNMENT((#35180));
#35200=CARTESIAN_POINT('',(-3.1158000928102481E+01,
   2.7601376124790594E+01,1.3752512626584682E+01));
#35210=DIRECTION('',(-7.0710678118654746E-01,0.0000000000000000E+00,
   7.0710678118654757E-01));
#35220=DIRECTION('',(0.0000000000000000E+00,1.0000000000000000E+00,
   0.0000000000000000E+00));
#35230=AXIS2_PLACEMENT_3D('',#35200,#35210,#35220);
#35240=PLANE('',#35230);
#35250=CARTESIAN_POINT('',(-8.4502159542249785E+01,
   2.8001376124790593E+01,-3.9591645987562615E+01));
#35260=DIRECTION('',(-7.0710678118654757E-01,0.0000000000000000E+00,
   -7.0710678118654746E-01));
#35270=VECTOR('',#35260,1.0000000000000000E+00);
#35280=LINE('',#35250,#35270);
#35290=CARTESIAN_POINT('',(-3.1451982696657517E+01,
   2.8001376124790593E+01,1.3458530858029174E+01));
#35300=VERTEX_POINT('',#35290);
#35310=CARTESIAN_POINT('',(-3.2116515403736514E+01,
   2.8001376124790593E+01,1.2793998150950651E+01));
#35320=VERTEX_POINT('',#35310);
#35330=EDGE_CURVE('',#35300,#35320,#35280,.T.);
#35340=ORIENTED_EDGE('',*,*,#35330,.F.);
#35350=CARTESIAN_POINT('',(-3.2116515403736514E+01,
   2.7145319094080318E+01,1.2793998150950651E+01));
#35360=DIRECTION('',(0.0000000000000000E+00,1.0000000000000000E+00,
   0.0000000000000000E+00));
#35370=VECTOR('',#35360,1.0000000000000000E+00);
#35380=LINE('',#35350,#35370);
#35390=CARTESIAN_POINT('',(-3.2116515403736514E+01,
   2.8601376124790601E+01,1.2793998150950651E+01));
#35400=VERTEX_POINT('',#35390);
#35410=EDGE_CURVE('',#35320,#35400,#35380,.T.);
#35420=ORIENTED_EDGE('',*,*,#35410,.F.);
#35430=CARTESIAN_POINT('',(-8.4502159542249785E+01,
   2.8601376124790601E+01,-3.9591645987562615E+01));
#35440=DIRECTION('',(7.0710678118654757E-01,0.0000000000000000E+00,
   7.0710678118654746E-01));
#35450=VECTOR('',#35440,1.0000000000000000E+00);
#35460=LINE('',#35430,#35450);
#35470=CARTESIAN_POINT('',(-3.1451982696656941E+01,
   2.8601376124790601E+01,1.3458530858029073E+01));
#35480=VERTEX_POINT('',#35470);
#35490=EDGE_CURVE('',#35400,#35480,#35460,.T.);
#35500=ORIENTED_EDGE('',*,*,#35490,.F.);
#35510=CARTESIAN_POINT('',(-3.1451982696657915E+01,
   3.9321376124790604E+01,1.3458530858029246E+01));
#35520=DIRECTION('',(0.0000000000000000E+00,-1.0000000000000000E+00,
   0.0000000000000000E+00));
#35530=VECTOR('',#35520,1.0000000000000000E+00);
#35540=LINE('',#35510,#35530);
#35550=EDGE_CURVE('',#35480,#35300,#35540,.T.);
#35560=ORIENTED_EDGE('',*,*,#35550,.F.);
#35570=EDGE_LOOP('',(#35560,#35500,#35420,#35340));
#35580=FACE_OUTER_BOUND('',#35570,.T.);
#35590=ADVANCED_FACE('',(#35580),#35240,.T.);
#35600=COLOUR_RGB('',9.4901967048645020E-01,9.4901967048645020E-01,
   1.0000000000000000E+00);
#35610=FILL_AREA_STYLE_COLOUR('',#35600);
#35620=FILL_AREA_STYLE('',(#35610));
#35630=SURFACE_STYLE_FILL_AREA(#35620);
#35640=SURFACE_SIDE_STYLE('',(#35630));
#35650=SURFACE_STYLE_USAGE(.BOTH.,#35640);
#35660=PRESENTATION_STYLE_ASSIGNMENT((#35650));
#35670=CARTESIAN_POINT('',(-3.1605488301517802E+01,
   2.0321376124790600E+01,3.9500000000000020E+00));
#35680=DIRECTION('',(0.0000000000000000E+00,0.0000000000000000E+00,
   1.0000000000000000E+00));
#35690=DIRECTION('',(1.0000000000000000E+00,0.0000000000000000E+00,
   0.0000000000000000E+00));
#35700=AXIS2_PLACEMENT_3D('',#35670,#35680,#35690);
#35710=PLANE('',#35700);
#35720=ORIENTED_EDGE('',*,*,#19970,.F.);
#35730=CARTESIAN_POINT('',(-8.4502159542249785E+01,
   1.8321376124790607E+01,3.9500000000000020E+00));
#35740=DIRECTION('',(-1.0000000000000000E+00,0.0000000000000000E+00,
   0.0000000000000000E+00));
#35750=VECTOR('',#35740,1.0000000000000000E+00);
#35760=LINE('',#35730,#35750);
#35770=EDGE_CURVE('',#19880,#22410,#35760,.T.);
#35780=ORIENTED_EDGE('',*,*,#35770,.F.);
#35790=ORIENTED_EDGE('',*,*,#22420,.F.);
#35800=CARTESIAN_POINT('',(-8.4502159542249785E+01,
   2.0321376124790600E+01,3.9500000000000020E+00));
#35810=DIRECTION('',(-1.0000000000000000E+00,0.0000000000000000E+00,
   0.0000000000000000E+00));
#35820=VECTOR('',#35810,1.0000000000000000E+00);
#35830=LINE('',#35800,#35820);
#35840=EDGE_CURVE('',#19960,#22330,#35830,.T.);
#35850=ORIENTED_EDGE('',*,*,#35840,.T.);
#35860=EDGE_LOOP('',(#35850,#35790,#35780,#35720));
#35870=FACE_OUTER_BOUND('',#35860,.T.);
#35880=ADVANCED_FACE('',(#35870),#35710,.T.);
#35890=COLOUR_RGB('',9.4901961088180542E-01,9.4901961088180542E-01,
   1.0000000000000000E+00);
#35900=FILL_AREA_STYLE_COLOUR('',#35890);
#35910=FILL_AREA_STYLE('',(#35900));
#35920=SURFACE_STYLE_FILL_AREA(#35910);
#35930=SURFACE_SIDE_STYLE('',(#35920));
#35940=SURFACE_STYLE_USAGE(.BOTH.,#35930);
#35950=PRESENTATION_STYLE_ASSIGNMENT((#35940));
#35960=CARTESIAN_POINT('',(-3.4177964823400686E+01,
   2.4029245874728044E+01,6.2000000000000020E+00));
#35970=DIRECTION('',(0.0000000000000000E+00,0.0000000000000000E+00,
   1.0000000000000000E+00));
#35980=DIRECTION('',(1.0000000000000000E+00,0.0000000000000000E+00,
   0.0000000000000000E+00));
#35990=AXIS2_PLACEMENT_3D('',#35960,#35970,#35980);
#36000=PLANE('',#35990);
#36010=CARTESIAN_POINT('',(-3.3805488301517798E+01,
   2.3821376124790600E+01,6.2000000000000020E+00));
#36020=DIRECTION('',(-2.5881904510253184E-01,9.6592582628906531E-01,
   0.0000000000000000E+00));
#36030=VECTOR('',#36020,1.0000000000000000E+00);
#36040=LINE('',#36010,#36030);
#36050=CARTESIAN_POINT('',(-3.3805488301517798E+01,
   2.3821376124790600E+01,6.2000000000000020E+00));
#36060=VERTEX_POINT('',#36050);
#36070=EDGE_CURVE('',#36060,#27320,#36040,.T.);
#36080=ORIENTED_EDGE('',*,*,#36070,.T.);
#36090=CARTESIAN_POINT('',(-3.3805488301517798E+01,
   2.3821376124790600E+01,6.2000000000000020E+00));
#36100=DIRECTION('',(1.0000000000000000E+00,0.0000000000000000E+00,
   0.0000000000000000E+00));
#36110=VECTOR('',#36100,1.0000000000000000E+00);
#36120=LINE('',#36090,#36110);
#36130=CARTESIAN_POINT('',(-3.3520488301517801E+01,
   2.3821376124790600E+01,6.2000000000000020E+00));
#36140=VERTEX_POINT('',#36130);
#36150=EDGE_CURVE('',#36060,#36140,#36120,.T.);
#36160=ORIENTED_EDGE('',*,*,#36150,.F.);
#36170=CARTESIAN_POINT('',(-3.3520488301517801E+01,
   2.3821376124790600E+01,6.2000000000000020E+00));
#36180=DIRECTION('',(0.0000000000000000E+00,-1.0000000000000000E+00,
   0.0000000000000000E+00));
#36190=VECTOR('',#36180,1.0000000000000000E+00);
#36200=LINE('',#36170,#36190);
#36210=CARTESIAN_POINT('',(-3.3520488301517801E+01,
   2.2071376124790600E+01,6.2000000000000020E+00));
#36220=VERTEX_POINT('',#36210);
#36230=EDGE_CURVE('',#36140,#36220,#36200,.T.);
#36240=ORIENTED_EDGE('',*,*,#36230,.F.);
#36250=CARTESIAN_POINT('',(-3.3805488301517798E+01,
   2.2071376124790600E+01,6.2000000000000020E+00));
#36260=DIRECTION('',(1.0000000000000000E+00,0.0000000000000000E+00,
   0.0000000000000000E+00));
#36270=VECTOR('',#36260,1.0000000000000000E+00);
#36280=LINE('',#36250,#36270);
#36290=CARTESIAN_POINT('',(-3.3805488301517798E+01,
   2.2071376124790600E+01,6.2000000000000020E+00));
#36300=VERTEX_POINT('',#36290);
#36310=EDGE_CURVE('',#36300,#36220,#36280,.T.);
#36320=ORIENTED_EDGE('',*,*,#36310,.T.);
#36330=CARTESIAN_POINT('',(0.0000000000000000E+00,5.5876864426308202E+01
   ,6.2000000000000020E+00));
#36340=DIRECTION('',(7.0710678118654968E-01,7.0710678118654535E-01,
   0.0000000000000000E+00));
#36350=VECTOR('',#36340,1.0000000000000000E+00);
#36360=LINE('',#36330,#36350);
#36370=EDGE_CURVE('',#27400,#36300,#36360,.T.);
#36380=ORIENTED_EDGE('',*,*,#36370,.T.);
#36390=ORIENTED_EDGE('',*,*,#27410,.F.);
#36400=EDGE_LOOP('',(#36390,#36380,#36320,#36240,#36160,#36080));
#36410=FACE_OUTER_BOUND('',#36400,.T.);
#36420=ADVANCED_FACE('',(#36410),#36000,.T.);
#36430=COLOUR_RGB('',5.0196081399917603E-01,1.0000000000000000E+00,
   5.0196081399917603E-01);
#36440=FILL_AREA_STYLE_COLOUR('',#36430);
#36450=FILL_AREA_STYLE('',(#36440));
#36460=SURFACE_STYLE_FILL_AREA(#36450);
#36470=SURFACE_SIDE_STYLE('',(#36460));
#36480=SURFACE_STYLE_USAGE(.BOTH.,#36470);
#36490=PRESENTATION_STYLE_ASSIGNMENT((#36480));
#36500=CARTESIAN_POINT('',(-3.1158000928102481E+01,
   2.7601376124790594E+01,1.0252512626584682E+01));
#36510=DIRECTION('',(-7.0710678118654746E-01,0.0000000000000000E+00,
   7.0710678118654757E-01));
#36520=DIRECTION('',(0.0000000000000000E+00,1.0000000000000000E+00,
   0.0000000000000000E+00));
#36530=AXIS2_PLACEMENT_3D('',#36500,#36510,#36520);
#36540=PLANE('',#36530);
#36550=CARTESIAN_POINT('',(-3.2116515403736514E+01,
   2.8001376124790593E+01,9.2939981509506513E+00));
#36560=VERTEX_POINT('',#36550);
#36570=EDGE_CURVE('',#33700,#36560,#33760,.T.);
#36580=ORIENTED_EDGE('',*,*,#36570,.F.);
#36590=CARTESIAN_POINT('',(-3.2116515403736514E+01,
   2.7145319094080318E+01,9.2939981509506513E+00));
#36600=DIRECTION('',(0.0000000000000000E+00,1.0000000000000000E+00,
   0.0000000000000000E+00));
#36610=VECTOR('',#36600,1.0000000000000000E+00);
#36620=LINE('',#36590,#36610);
#36630=CARTESIAN_POINT('',(-3.2116515403736514E+01,
   2.8601376124790601E+01,9.2939981509506513E+00));
#36640=VERTEX_POINT('',#36630);
#36650=EDGE_CURVE('',#36560,#36640,#36620,.T.);
#36660=ORIENTED_EDGE('',*,*,#36650,.F.);
#36670=EDGE_CURVE('',#36640,#18460,#18620,.T.);
#36680=ORIENTED_EDGE('',*,*,#36670,.F.);
#36690=CARTESIAN_POINT('',(-3.1451982696657915E+01,
   3.9321376124790604E+01,9.9585308580292455E+00));
#36700=DIRECTION('',(0.0000000000000000E+00,-1.0000000000000000E+00,
   0.0000000000000000E+00));
#36710=VECTOR('',#36700,1.0000000000000000E+00);
#36720=LINE('',#36690,#36710);
#36730=EDGE_CURVE('',#18460,#33700,#36720,.T.);
#36740=ORIENTED_EDGE('',*,*,#36730,.F.);
#36750=EDGE_LOOP('',(#36740,#36680,#36660,#36580));
#36760=FACE_OUTER_BOUND('',#36750,.T.);
#36770=ADVANCED_FACE('',(#36760),#36540,.T.);
#36780=COLOUR_RGB('',9.4901967048645020E-01,9.4901967048645020E-01,
   1.0000000000000000E+00);
#36790=FILL_AREA_STYLE_COLOUR('',#36780);
#36800=FILL_AREA_STYLE('',(#36790));
#36810=SURFACE_STYLE_FILL_AREA(#36800);
#36820=SURFACE_SIDE_STYLE('',(#36810));
#36830=SURFACE_STYLE_USAGE(.BOTH.,#36820);
#36840=PRESENTATION_STYLE_ASSIGNMENT((#36830));
#36850=CARTESIAN_POINT('',(-3.1355488301517802E+01,
   2.8601376124790601E+01,1.0500000000000000E+01));
#36860=DIRECTION('',(0.0000000000000000E+00,-1.0000000000000000E+00,
   0.0000000000000000E+00));
#36870=DIRECTION('',(1.0000000000000000E+00,0.0000000000000000E+00,
   0.0000000000000000E+00));
#36880=AXIS2_PLACEMENT_3D('',#36850,#36860,#36870);
#36890=CIRCLE('',#36880,5.5000000000000004E-01);
#36900=CARTESIAN_POINT('',(-3.1905488301517799E+01,
   2.8601376124790601E+01,1.0500000000000000E+01));
#36910=VERTEX_POINT('',#36900);
#36920=CARTESIAN_POINT('',(-3.1905465551017315E+01,
   2.8601376124790601E+01,1.0494997497331044E+01));
#36930=VERTEX_POINT('',#36920);
#36940=EDGE_CURVE('',#36910,#36930,#36890,.T.);
#36950=ORIENTED_EDGE('',*,*,#36940,.F.);
#36960=CARTESIAN_POINT('',(-8.4502159542249785E+01,
   2.8601376124790601E+01,-4.2101696493901422E+01));
#36970=DIRECTION('',(-7.0710678118654757E-01,0.0000000000000000E+00,
   -7.0710678118654746E-01));
#36980=VECTOR('',#36970,1.0000000000000000E+00);
#36990=LINE('',#36960,#36980);
#37000=CARTESIAN_POINT('',(-3.1900463048348364E+01,
   2.8601376124790601E+01,1.0499999999999993E+01));
#37010=VERTEX_POINT('',#37000);
#37020=EDGE_CURVE('',#37010,#36930,#36990,.T.);
#37030=ORIENTED_EDGE('',*,*,#37020,.T.);
#37040=CARTESIAN_POINT('',(-8.4502159542249785E+01,
   2.8601376124790601E+01,1.0500000000000000E+01));
#37050=DIRECTION('',(-1.0000000000000000E+00,0.0000000000000000E+00,
   0.0000000000000000E+00));
#37060=VECTOR('',#37050,1.0000000000000000E+00);
#37070=LINE('',#37040,#37060);
#37080=EDGE_CURVE('',#37010,#36910,#37070,.T.);
#37090=ORIENTED_EDGE('',*,*,#37080,.F.);
#37100=EDGE_LOOP('',(#37090,#37030,#36950));
#37110=FACE_OUTER_BOUND('',#37100,.T.);
#37120=ADVANCED_FACE('',(#37110),#18390,.T.);
#37130=COLOUR_RGB('',9.4901967048645020E-01,9.4901967048645020E-01,
   1.0000000000000000E+00);
#37140=FILL_AREA_STYLE_COLOUR('',#37130);
#37150=FILL_AREA_STYLE('',(#37140));
#37160=SURFACE_STYLE_FILL_AREA(#37150);
#37170=SURFACE_SIDE_STYLE('',(#37160));
#37180=SURFACE_STYLE_USAGE(.BOTH.,#37170);
#37190=PRESENTATION_STYLE_ASSIGNMENT((#37180));
#37200=CARTESIAN_POINT('',(-2.9886031253416185E+01,
   2.0321376124790600E+01,9.2269224911855865E+00));
#37210=DIRECTION('',(0.0000000000000000E+00,-1.0000000000000000E+00,
   0.0000000000000000E+00));
#37220=DIRECTION('',(1.0000000000000000E+00,0.0000000000000000E+00,
   0.0000000000000000E+00));
#37230=AXIS2_PLACEMENT_3D('',#37200,#37210,#37220);
#37240=PLANE('',#37230);
#37250=CARTESIAN_POINT('',(-8.4502159542249785E+01,
   2.0321376124790600E+01,1.0500000000000000E+01));
#37260=DIRECTION('',(1.0000000000000000E+00,0.0000000000000000E+00,
   0.0000000000000000E+00));
#37270=VECTOR('',#37260,1.0000000000000000E+00);
#37280=LINE('',#37250,#37270);
#37290=CARTESIAN_POINT('',(-3.1905488301517803E+01,
   2.0321376124790600E+01,1.0500000000000000E+01));
#37300=VERTEX_POINT('',#37290);
#37310=CARTESIAN_POINT('',(-3.1605488301517802E+01,
   2.0321376124790600E+01,1.0500000000000000E+01));
#37320=VERTEX_POINT('',#37310);
#37330=EDGE_CURVE('',#37300,#37320,#37280,.T.);
#37340=ORIENTED_EDGE('',*,*,#37330,.F.);
#37350=CARTESIAN_POINT('',(-3.1605488301517802E+01,
   2.0321376124790600E+01,1.2000000000000000E+01));
#37360=DIRECTION('',(0.0000000000000000E+00,0.0000000000000000E+00,
   -1.0000000000000000E+00));
#37370=VECTOR('',#37360,1.0000000000000000E+00);
#37380=LINE('',#37350,#37370);
#37390=CARTESIAN_POINT('',(-3.1605488301517802E+01,
   2.0321376124790600E+01,1.0050000000000001E+01));
#37400=VERTEX_POINT('',#37390);
#37410=EDGE_CURVE('',#37320,#37400,#37380,.T.);
#37420=ORIENTED_EDGE('',*,*,#37410,.F.);
#37430=CARTESIAN_POINT('',(-8.4502159542249785E+01,
   2.0321376124790600E+01,1.0050000000000001E+01));
#37440=DIRECTION('',(1.0000000000000000E+00,0.0000000000000000E+00,
   0.0000000000000000E+00));
#37450=VECTOR('',#37440,1.0000000000000000E+00);
#37460=LINE('',#37430,#37450);
#37470=CARTESIAN_POINT('',(-3.1105488301517802E+01,
   2.0321376124790600E+01,1.0050000000000001E+01));
#37480=VERTEX_POINT('',#37470);
#37490=EDGE_CURVE('',#37400,#37480,#37460,.T.);
#37500=ORIENTED_EDGE('',*,*,#37490,.F.);
#37510=CARTESIAN_POINT('',(-3.1105488301517802E+01,
   2.0321376124790600E+01,1.2000000000000000E+01));
#37520=DIRECTION('',(0.0000000000000000E+00,0.0000000000000000E+00,
   -1.0000000000000000E+00));
#37530=VECTOR('',#37520,1.0000000000000000E+00);
#37540=LINE('',#37510,#37530);
#37550=CARTESIAN_POINT('',(-3.1105488301517802E+01,
   2.0321376124790600E+01,1.0500000000000000E+01));
#37560=VERTEX_POINT('',#37550);
#37570=EDGE_CURVE('',#37560,#37480,#37540,.T.);
#37580=ORIENTED_EDGE('',*,*,#37570,.T.);
#37590=CARTESIAN_POINT('',(-3.0805488301517801E+01,
   2.0321376124790600E+01,1.0500000000000000E+01));
#37600=VERTEX_POINT('',#37590);
#37610=EDGE_CURVE('',#37560,#37600,#37280,.T.);
#37620=ORIENTED_EDGE('',*,*,#37610,.F.);
#37630=CARTESIAN_POINT('',(-3.1355488301517802E+01,
   2.0321376124790600E+01,1.0500000000000000E+01));
#37640=DIRECTION('',(0.0000000000000000E+00,-1.0000000000000000E+00,
   0.0000000000000000E+00));
#37650=DIRECTION('',(1.0000000000000000E+00,0.0000000000000000E+00,
   0.0000000000000000E+00));
#37660=AXIS2_PLACEMENT_3D('',#37630,#37640,#37650);
#37670=CIRCLE('',#37660,5.5000000000000004E-01);
#37680=EDGE_CURVE('',#37300,#37600,#37670,.T.);
#37690=ORIENTED_EDGE('',*,*,#37680,.T.);
#37700=EDGE_LOOP('',(#37690,#37620,#37580,#37500,#37420,#37340));
#37710=FACE_OUTER_BOUND('',#37700,.T.);
#37720=ADVANCED_FACE('',(#37710),#37240,.T.);
#37730=COLOUR_RGB('',9.4901961088180542E-01,9.4901961088180542E-01,
   1.0000000000000000E+00);
#37740=FILL_AREA_STYLE_COLOUR('',#37730);
#37750=FILL_AREA_STYLE('',(#37740));
#37760=SURFACE_STYLE_FILL_AREA(#37750);
#37770=SURFACE_SIDE_STYLE('',(#37760));
#37780=SURFACE_STYLE_USAGE(.BOTH.,#37770);
#37790=PRESENTATION_STYLE_ASSIGNMENT((#37780));
#37800=CARTESIAN_POINT('',(-3.4617870503397079E+01,
   2.4921376124790601E+01,6.2000000000000020E+00));
#37810=DIRECTION('',(0.0000000000000000E+00,0.0000000000000000E+00,
   1.0000000000000000E+00));
#37820=DIRECTION('',(1.0000000000000000E+00,0.0000000000000000E+00,
   0.0000000000000000E+00));
#37830=AXIS2_PLACEMENT_3D('',#37800,#37810,#37820);
#37840=CYLINDRICAL_SURFACE('',#37830,4.9999999999998912E-01);
#37850=CARTESIAN_POINT('',(-3.4617870503397079E+01,
   2.4921376124790601E+01,8.3273822018792867E+00));
#37860=DIRECTION('',(7.0710678118655212E-01,0.0000000000000000E+00,
   7.0710678118654302E-01));
#37870=DIRECTION('',(7.0710678118654302E-01,0.0000000000000000E+00,
   -7.0710678118655212E-01));
#37880=AXIS2_PLACEMENT_3D('',#37850,#37860,#37870);
#37890=ELLIPSE('',#37880,7.0710678118653658E-01,4.9999999999998901E-01);
#37900=CARTESIAN_POINT('',(-3.4134907590252553E+01,
   2.5050785647341851E+01,7.8444192887347546E+00));
#37910=VERTEX_POINT('',#37900);
#37920=CARTESIAN_POINT('',(-3.4617870503397079E+01,
   2.5421376124790594E+01,8.3273822018792867E+00));
#37930=VERTEX_POINT('',#37920);
#37940=EDGE_CURVE('',#37910,#37930,#37890,.T.);
#37950=ORIENTED_EDGE('',*,*,#37940,.T.);
#37960=CARTESIAN_POINT('',(-3.4134907590252553E+01,
   2.5050785647341851E+01,6.2000000000000020E+00));
#37970=DIRECTION('',(0.0000000000000000E+00,0.0000000000000000E+00,
   -1.0000000000000000E+00));
#37980=VECTOR('',#37970,1.0000000000000000E+00);
#37990=LINE('',#37960,#37980);
#38000=EDGE_CURVE('',#37910,#27240,#37990,.T.);
#38010=ORIENTED_EDGE('',*,*,#38000,.F.);
#38020=ORIENTED_EDGE('',*,*,#27250,.T.);
#38030=CARTESIAN_POINT('',(-3.4617870503397079E+01,
   2.5421376124790594E+01,6.2000000000000020E+00));
#38040=DIRECTION('',(0.0000000000000000E+00,0.0000000000000000E+00,
   1.0000000000000000E+00));
#38050=VECTOR('',#38040,1.0000000000000000E+00);
#38060=LINE('',#38030,#38050);
#38070=EDGE_CURVE('',#27130,#37930,#38060,.T.);
#38080=ORIENTED_EDGE('',*,*,#38070,.F.);
#38090=EDGE_LOOP('',(#38080,#38020,#38010,#37950));
#38100=FACE_OUTER_BOUND('',#38090,.T.);
#38110=ADVANCED_FACE('',(#38100),#37840,.F.);
#38120=COLOUR_RGB('',5.0196081399917603E-01,1.0000000000000000E+00,
   5.0196081399917603E-01);
#38130=FILL_AREA_STYLE_COLOUR('',#38120);
#38140=FILL_AREA_STYLE('',(#38130));
#38150=SURFACE_STYLE_FILL_AREA(#38140);
#38160=SURFACE_SIDE_STYLE('',(#38150));
#38170=SURFACE_STYLE_USAGE(.BOTH.,#38160);
#38180=PRESENTATION_STYLE_ASSIGNMENT((#38170));
#38190=CARTESIAN_POINT('',(-3.1355488301517802E+01,
   2.0821376124790600E+01,1.0500000000000000E+01));
#38200=DIRECTION('',(0.0000000000000000E+00,-1.0000000000000000E+00,
   0.0000000000000000E+00));
#38210=DIRECTION('',(1.0000000000000000E+00,0.0000000000000000E+00,
   0.0000000000000000E+00));
#38220=AXIS2_PLACEMENT_3D('',#38190,#38200,#38210);
#38230=CYLINDRICAL_SURFACE('',#38220,5.5000000000000004E-01);
#38240=CARTESIAN_POINT('',(-3.0805488301517801E+01,
   2.0821376124790600E+01,1.0500000000000000E+01));
#38250=DIRECTION('',(0.0000000000000000E+00,-1.0000000000000000E+00,
   0.0000000000000000E+00));
#38260=VECTOR('',#38250,1.0000000000000000E+00);
#38270=LINE('',#38240,#38260);
#38280=CARTESIAN_POINT('',(-3.0805488301517801E+01,
   2.0821376124790600E+01,1.0500000000000000E+01));
#38290=VERTEX_POINT('',#38280);
#38300=EDGE_CURVE('',#38290,#37600,#38270,.T.);
#38310=ORIENTED_EDGE('',*,*,#38300,.T.);
#38320=CARTESIAN_POINT('',(-3.1355488301517802E+01,
   2.0821376124790600E+01,1.0500000000000000E+01));
#38330=DIRECTION('',(0.0000000000000000E+00,-1.0000000000000000E+00,
   0.0000000000000000E+00));
#38340=DIRECTION('',(1.0000000000000000E+00,0.0000000000000000E+00,
   0.0000000000000000E+00));
#38350=AXIS2_PLACEMENT_3D('',#38320,#38330,#38340);
#38360=CIRCLE('',#38350,5.5000000000000004E-01);
#38370=CARTESIAN_POINT('',(-3.1905488301517803E+01,
   2.0821376124790600E+01,1.0500000000000000E+01));
#38380=VERTEX_POINT('',#38370);
#38390=EDGE_CURVE('',#38380,#38290,#38360,.T.);
#38400=ORIENTED_EDGE('',*,*,#38390,.T.);
#38410=CARTESIAN_POINT('',(-3.1905488301517803E+01,
   2.0821376124790600E+01,1.0500000000000000E+01));
#38420=DIRECTION('',(0.0000000000000000E+00,-1.0000000000000000E+00,
   0.0000000000000000E+00));
#38430=VECTOR('',#38420,1.0000000000000000E+00);
#38440=LINE('',#38410,#38430);
#38450=EDGE_CURVE('',#38380,#37300,#38440,.T.);
#38460=ORIENTED_EDGE('',*,*,#38450,.F.);
#38470=ORIENTED_EDGE('',*,*,#37680,.F.);
#38480=EDGE_LOOP('',(#38470,#38460,#38400,#38310));
#38490=FACE_OUTER_BOUND('',#38480,.T.);
#38500=ADVANCED_FACE('',(#38490),#38230,.T.);
#38510=COLOUR_RGB('',9.4901961088180542E-01,9.4901961088180542E-01,
   1.0000000000000000E+00);
#38520=FILL_AREA_STYLE_COLOUR('',#38510);
#38530=FILL_AREA_STYLE('',(#38520));
#38540=SURFACE_STYLE_FILL_AREA(#38530);
#38550=SURFACE_SIDE_STYLE('',(#38540));
#38560=SURFACE_STYLE_USAGE(.BOTH.,#38550);
#38570=PRESENTATION_STYLE_ASSIGNMENT((#38560));
#38580=CARTESIAN_POINT('',(-3.3805488301517798E+01,
   2.3821376124790600E+01,7.0000000000000018E+00));
#38590=DIRECTION('',(9.6592582628906531E-01,2.5881904510253184E-01,
   0.0000000000000000E+00));
#38600=DIRECTION('',(2.5881904510253184E-01,-9.6592582628906531E-01,
   0.0000000000000000E+00));
#38610=AXIS2_PLACEMENT_3D('',#38580,#38590,#38600);
#38620=PLANE('',#38610);
#38630=ORIENTED_EDGE('',*,*,#27330,.F.);
#38640=ORIENTED_EDGE('',*,*,#38000,.T.);
#38650=CARTESIAN_POINT('',(-2.7422569806281842E+01,
   0.0000000000000000E+00,1.1320815047639528E+00));
#38660=DIRECTION('',(2.5056280708574147E-01,-9.3511312653102330E-01,
   -2.5056280708574469E-01));
#38670=VECTOR('',#38660,1.0000000000000000E+00);
#38680=LINE('',#38650,#38670);
#38690=CARTESIAN_POINT('',(-3.4090488301517780E+01,
   2.4885010604947620E+01,7.7999999999999998E+00));
#38700=VERTEX_POINT('',#38690);
#38710=EDGE_CURVE('',#37910,#38700,#38680,.T.);
#38720=ORIENTED_EDGE('',*,*,#38710,.F.);
#38730=CARTESIAN_POINT('',(-3.3805488301517798E+01,
   2.3821376124790600E+01,7.7999999999999998E+00));
#38740=DIRECTION('',(-2.5881904510253184E-01,9.6592582628906531E-01,
   0.0000000000000000E+00));
#38750=VECTOR('',#38740,1.0000000000000000E+00);
#38760=LINE('',#38730,#38750);
#38770=CARTESIAN_POINT('',(-3.3805488301517791E+01,
   2.3821376124790600E+01,7.7999999999999954E+00));
#38780=VERTEX_POINT('',#38770);
#38790=EDGE_CURVE('',#38780,#38700,#38760,.T.);
#38800=ORIENTED_EDGE('',*,*,#38790,.T.);
#38810=CARTESIAN_POINT('',(-3.3805488301517798E+01,
   2.3821376124790600E+01,7.0000000000000000E+00));
#38820=DIRECTION('',(0.0000000000000000E+00,0.0000000000000000E+00,
   -1.0000000000000000E+00));
#38830=VECTOR('',#38820,1.0000000000000000E+00);
#38840=LINE('',#38810,#38830);
#38850=EDGE_CURVE('',#38780,#36060,#38840,.T.);
#38860=ORIENTED_EDGE('',*,*,#38850,.F.);
#38870=ORIENTED_EDGE('',*,*,#36070,.F.);
#38880=EDGE_LOOP('',(#38870,#38860,#38800,#38720,#38640,#38630));
#38890=FACE_OUTER_BOUND('',#38880,.T.);
#38900=ADVANCED_FACE('',(#38890),#38620,.F.);
#38910=COLOUR_RGB('',5.0196081399917603E-01,1.0000000000000000E+00,
   5.0196081399917603E-01);
#38920=FILL_AREA_STYLE_COLOUR('',#38910);
#38930=FILL_AREA_STYLE('',(#38920));
#38940=SURFACE_STYLE_FILL_AREA(#38930);
#38950=SURFACE_SIDE_STYLE('',(#38940));
#38960=SURFACE_STYLE_USAGE(.BOTH.,#38950);
#38970=PRESENTATION_STYLE_ASSIGNMENT((#38960));
#38980=CARTESIAN_POINT('',(-3.4997595082704343E+01,
   2.2071376124790600E+01,1.2999999999999998E+01));
#38990=DIRECTION('',(0.0000000000000000E+00,-1.0000000000000000E+00,
   0.0000000000000000E+00));
#39000=DIRECTION('',(1.0000000000000000E+00,0.0000000000000000E+00,
   0.0000000000000000E+00));
#39010=AXIS2_PLACEMENT_3D('',#38980,#38990,#39000);
#39020=CYLINDRICAL_SURFACE('',#39010,5.0000000000000000E-01);
#39030=CARTESIAN_POINT('',(-3.4644041692111067E+01,
   2.2071376124790600E+01,1.2646446609406727E+01));
#39040=DIRECTION('',(0.0000000000000000E+00,-1.0000000000000000E+00,
   0.0000000000000000E+00));
#39050=VECTOR('',#39040,1.0000000000000000E+00);
#39060=LINE('',#39030,#39050);
#39070=CARTESIAN_POINT('',(-3.4644041692111067E+01,
   2.5421376124790601E+01,1.2646446609406727E+01));
#39080=VERTEX_POINT('',#39070);
#39090=CARTESIAN_POINT('',(-3.4644041692111067E+01,
   2.1232822734197338E+01,1.2646446609406727E+01));
#39100=VERTEX_POINT('',#39090);
#39110=EDGE_CURVE('',#39080,#39100,#39060,.T.);
#39120=ORIENTED_EDGE('',*,*,#39110,.F.);
#39130=CARTESIAN_POINT('',(-3.4997595082704343E+01,
   2.0879269343604062E+01,1.2999999999999998E+01));
#39140=DIRECTION('',(7.0710678118654535E-01,-7.0710678118654968E-01,
   0.0000000000000000E+00));
#39150=DIRECTION('',(-7.0710678118654968E-01,-7.0710678118654535E-01,
   0.0000000000000000E+00));
#39160=AXIS2_PLACEMENT_3D('',#39130,#39140,#39150);
#39170=ELLIPSE('',#39160,7.0710678118654535E-01,5.0000000000000000E-01);
#39180=CARTESIAN_POINT('',(-3.4955488301517804E+01,
   2.0921376124790608E+01,1.2501776135679844E+01));
#39190=VERTEX_POINT('',#39180);
#39200=EDGE_CURVE('',#39190,#39100,#39170,.T.);
#39210=ORIENTED_EDGE('',*,*,#39200,.T.);
#39220=CARTESIAN_POINT('',(-3.4955488301517804E+01,
   2.2071376124790600E+01,1.2501776135679844E+01));
#39230=DIRECTION('',(0.0000000000000000E+00,-1.0000000000000000E+00,
   0.0000000000000000E+00));
#39240=VECTOR('',#39230,1.0000000000000000E+00);
#39250=LINE('',#39220,#39240);
#39260=CARTESIAN_POINT('',(-3.4955488301517804E+01,
   2.5421376124790601E+01,1.2501776135679844E+01));
#39270=VERTEX_POINT('',#39260);
#39280=EDGE_CURVE('',#39270,#39190,#39250,.T.);
#39290=ORIENTED_EDGE('',*,*,#39280,.T.);
#39300=CARTESIAN_POINT('',(-3.4997595082704343E+01,
   2.5421376124790601E+01,1.2999999999999998E+01));
#39310=DIRECTION('',(0.0000000000000000E+00,-1.0000000000000000E+00,
   0.0000000000000000E+00));
#39320=DIRECTION('',(1.0000000000000000E+00,0.0000000000000000E+00,
   0.0000000000000000E+00));
#39330=AXIS2_PLACEMENT_3D('',#39300,#39310,#39320);
#39340=CIRCLE('',#39330,5.0000000000000000E-01);
#39350=EDGE_CURVE('',#39270,#39080,#39340,.T.);
#39360=ORIENTED_EDGE('',*,*,#39350,.F.);
#39370=EDGE_LOOP('',(#39360,#39290,#39210,#39120));
#39380=FACE_OUTER_BOUND('',#39370,.T.);
#39390=ADVANCED_FACE('',(#39380),#39020,.F.);
#39400=COLOUR_RGB('',5.0196081399917603E-01,1.0000000000000000E+00,
   5.0196081399917603E-01);
#39410=FILL_AREA_STYLE_COLOUR('',#39400);
#39420=FILL_AREA_STYLE('',(#39410));
#39430=SURFACE_STYLE_FILL_AREA(#39420);
#39440=SURFACE_SIDE_STYLE('',(#39430));
#39450=SURFACE_STYLE_USAGE(.BOTH.,#39440);
#39460=PRESENTATION_STYLE_ASSIGNMENT((#39450));
#39470=CARTESIAN_POINT('',(-3.4955488301517804E+01,
   2.5421376124790601E+01,3.5000000000000018E+00));
#39480=DIRECTION('',(-1.0000000000000000E+00,0.0000000000000000E+00,
   0.0000000000000000E+00));
#39490=DIRECTION('',(0.0000000000000000E+00,1.0000000000000000E+00,
   0.0000000000000000E+00));
#39500=AXIS2_PLACEMENT_3D('',#39470,#39480,#39490);
#39510=PLANE('',#39500);
#39520=ORIENTED_EDGE('',*,*,#30220,.F.);
#39530=CARTESIAN_POINT('',(-3.4955488301517804E+01,
   2.0921376124790608E+01,7.0000000000000000E+00));
#39540=DIRECTION('',(0.0000000000000000E+00,0.0000000000000000E+00,
   -1.0000000000000000E+00));
#39550=VECTOR('',#39540,1.0000000000000000E+00);
#39560=LINE('',#39530,#39550);
#39570=CARTESIAN_POINT('',(-3.4955488301517804E+01,
   2.0921376124790594E+01,8.4982238643201580E+00));
#39580=VERTEX_POINT('',#39570);
#39590=EDGE_CURVE('',#39580,#30130,#39560,.T.);
#39600=ORIENTED_EDGE('',*,*,#39590,.T.);
#39610=CARTESIAN_POINT('',(-3.4955488301517804E+01,
   2.2071376124790600E+01,8.4982238643201580E+00));
#39620=DIRECTION('',(0.0000000000000000E+00,-1.0000000000000000E+00,
   0.0000000000000000E+00));
#39630=VECTOR('',#39620,1.0000000000000000E+00);
#39640=LINE('',#39610,#39630);
#39650=CARTESIAN_POINT('',(-3.4955488301517804E+01,
   2.5421376124790601E+01,8.4982238643201580E+00));
#39660=VERTEX_POINT('',#39650);
#39670=EDGE_CURVE('',#39660,#39580,#39640,.T.);
#39680=ORIENTED_EDGE('',*,*,#39670,.T.);
#39690=CARTESIAN_POINT('',(-3.4955488301517804E+01,
   2.5421376124790601E+01,3.5000000000000018E+00));
#39700=DIRECTION('',(0.0000000000000000E+00,0.0000000000000000E+00,
   1.0000000000000000E+00));
#39710=VECTOR('',#39700,1.0000000000000000E+00);
#39720=LINE('',#39690,#39710);
#39730=EDGE_CURVE('',#30210,#39660,#39720,.T.);
#39740=ORIENTED_EDGE('',*,*,#39730,.T.);
#39750=EDGE_LOOP('',(#39740,#39680,#39600,#39520));
#39760=FACE_BOUND('',#39750,.T.);
#39770=ORIENTED_EDGE('',*,*,#26080,.T.);
#39780=ORIENTED_EDGE('',*,*,#5010,.T.);
#39790=ORIENTED_EDGE('',*,*,#2590,.F.);
#39800=ORIENTED_EDGE('',*,*,#7060,.T.);
#39810=EDGE_LOOP('',(#39800,#39790,#39780,#39770));
#39820=FACE_BOUND('',#39810,.T.);
#39830=ORIENTED_EDGE('',*,*,#4620,.F.);
#39840=ORIENTED_EDGE('',*,*,#25840,.T.);
#39850=ORIENTED_EDGE('',*,*,#29580,.T.);
#39860=ORIENTED_EDGE('',*,*,#25270,.T.);
#39870=EDGE_LOOP('',(#39860,#39850,#39840,#39830));
#39880=FACE_BOUND('',#39870,.T.);
#39890=CARTESIAN_POINT('',(-3.4955488301517804E+01,
   2.2071376124790600E+01,1.6001776135679844E+01));
#39900=DIRECTION('',(0.0000000000000000E+00,-1.0000000000000000E+00,
   0.0000000000000000E+00));
#39910=VECTOR('',#39900,1.0000000000000000E+00);
#39920=LINE('',#39890,#39910);
#39930=CARTESIAN_POINT('',(-3.4955488301517804E+01,
   2.5421376124790601E+01,1.6001776135679844E+01));
#39940=VERTEX_POINT('',#39930);
#39950=CARTESIAN_POINT('',(-3.4955488301517804E+01,
   2.0921376124790608E+01,1.6001776135679844E+01));
#39960=VERTEX_POINT('',#39950);
#39970=EDGE_CURVE('',#39940,#39960,#39920,.T.);
#39980=ORIENTED_EDGE('',*,*,#39970,.F.);
#39990=CARTESIAN_POINT('',(-3.4955488301517804E+01,
   2.0921376124790608E+01,1.7500000000000000E+01));
#40000=DIRECTION('',(0.0000000000000000E+00,0.0000000000000000E+00,
   -1.0000000000000000E+00));
#40010=VECTOR('',#40000,1.0000000000000000E+00);
#40020=LINE('',#39990,#40010);
#40030=CARTESIAN_POINT('',(-3.4955488301517804E+01,
   2.0921376124790594E+01,1.8998223864320160E+01));
#40040=VERTEX_POINT('',#40030);
#40050=EDGE_CURVE('',#40040,#39960,#40020,.T.);
#40060=ORIENTED_EDGE('',*,*,#40050,.T.);
#40070=CARTESIAN_POINT('',(-3.4955488301517804E+01,
   2.2071376124790600E+01,1.8998223864320160E+01));
#40080=DIRECTION('',(0.0000000000000000E+00,-1.0000000000000000E+00,
   0.0000000000000000E+00));
#40090=VECTOR('',#40080,1.0000000000000000E+00);
#40100=LINE('',#40070,#40090);
#40110=CARTESIAN_POINT('',(-3.4955488301517804E+01,
   2.5421376124790601E+01,1.8998223864320160E+01));
#40120=VERTEX_POINT('',#40110);
#40130=EDGE_CURVE('',#40120,#40040,#40100,.T.);
#40140=ORIENTED_EDGE('',*,*,#40130,.T.);
#40150=CARTESIAN_POINT('',(-3.4955488301517804E+01,
   2.5421376124790601E+01,1.4000000000000000E+01));
#40160=DIRECTION('',(0.0000000000000000E+00,0.0000000000000000E+00,
   1.0000000000000000E+00));
#40170=VECTOR('',#40160,1.0000000000000000E+00);
#40180=LINE('',#40150,#40170);
#40190=EDGE_CURVE('',#39940,#40120,#40180,.T.);
#40200=ORIENTED_EDGE('',*,*,#40190,.T.);
#40210=EDGE_LOOP('',(#40200,#40140,#40060,#39980));
#40220=FACE_BOUND('',#40210,.T.);
#40230=ORIENTED_EDGE('',*,*,#34460,.F.);
#40240=CARTESIAN_POINT('',(-3.4955488301517804E+01,
   2.0921376124790608E+01,7.0000000000000000E+00));
#40250=DIRECTION('',(0.0000000000000000E+00,0.0000000000000000E+00,
   1.0000000000000000E+00));
#40260=VECTOR('',#40250,1.0000000000000000E+00);
#40270=LINE('',#40240,#40260);
#40280=CARTESIAN_POINT('',(-3.4955488301517804E+01,
   2.0921376124790594E+01,1.1998223864320158E+01));
#40290=VERTEX_POINT('',#40280);
#40300=EDGE_CURVE('',#34370,#40290,#40270,.T.);
#40310=ORIENTED_EDGE('',*,*,#40300,.F.);
#40320=CARTESIAN_POINT('',(-3.4955488301517804E+01,
   2.2071376124790600E+01,1.1998223864320158E+01));
#40330=DIRECTION('',(0.0000000000000000E+00,-1.0000000000000000E+00,
   0.0000000000000000E+00));
#40340=VECTOR('',#40330,1.0000000000000000E+00);
#40350=LINE('',#40320,#40340);
#40360=CARTESIAN_POINT('',(-3.4955488301517804E+01,
   2.5421376124790601E+01,1.1998223864320158E+01));
#40370=VERTEX_POINT('',#40360);
#40380=EDGE_CURVE('',#40370,#40290,#40350,.T.);
#40390=ORIENTED_EDGE('',*,*,#40380,.T.);
#40400=CARTESIAN_POINT('',(-3.4955488301517804E+01,
   2.5421376124790601E+01,1.0500000000000000E+01));
#40410=DIRECTION('',(0.0000000000000000E+00,0.0000000000000000E+00,
   1.0000000000000000E+00));
#40420=VECTOR('',#40410,1.0000000000000000E+00);
#40430=LINE('',#40400,#40420);
#40440=EDGE_CURVE('',#34450,#40370,#40430,.T.);
#40450=ORIENTED_EDGE('',*,*,#40440,.T.);
#40460=EDGE_LOOP('',(#40450,#40390,#40310,#40230));
#40470=FACE_BOUND('',#40460,.T.);
#40480=ORIENTED_EDGE('',*,*,#39280,.F.);
#40490=CARTESIAN_POINT('',(-3.4955488301517804E+01,
   2.0921376124790608E+01,1.4000000000000000E+01));
#40500=DIRECTION('',(0.0000000000000000E+00,0.0000000000000000E+00,
   -1.0000000000000000E+00));
#40510=VECTOR('',#40500,1.0000000000000000E+00);
#40520=LINE('',#40490,#40510);
#40530=CARTESIAN_POINT('',(-3.4955488301517804E+01,
   2.0921376124790594E+01,1.5498223864320158E+01));
#40540=VERTEX_POINT('',#40530);
#40550=EDGE_CURVE('',#40540,#39190,#40520,.T.);
#40560=ORIENTED_EDGE('',*,*,#40550,.T.);
#40570=CARTESIAN_POINT('',(-3.4955488301517804E+01,
   2.2071376124790600E+01,1.5498223864320158E+01));
#40580=DIRECTION('',(0.0000000000000000E+00,-1.0000000000000000E+00,
   0.0000000000000000E+00));
#40590=VECTOR('',#40580,1.0000000000000000E+00);
#40600=LINE('',#40570,#40590);
#40610=CARTESIAN_POINT('',(-3.4955488301517804E+01,
   2.5421376124790601E+01,1.5498223864320158E+01));
#40620=VERTEX_POINT('',#40610);
#40630=EDGE_CURVE('',#40620,#40540,#40600,.T.);
#40640=ORIENTED_EDGE('',*,*,#40630,.T.);
#40650=CARTESIAN_POINT('',(-3.4955488301517804E+01,
   2.5421376124790601E+01,1.4000000000000000E+01));
#40660=DIRECTION('',(0.0000000000000000E+00,0.0000000000000000E+00,
   1.0000000000000000E+00));
#40670=VECTOR('',#40660,1.0000000000000000E+00);
#40680=LINE('',#40650,#40670);
#40690=EDGE_CURVE('',#39270,#40620,#40680,.T.);
#40700=ORIENTED_EDGE('',*,*,#40690,.T.);
#40710=EDGE_LOOP('',(#40700,#40640,#40560,#40480));
#40720=FACE_BOUND('',#40710,.T.);
#40730=CARTESIAN_POINT('',(-3.4955488301517804E+01,
   2.2071376124790600E+01,1.9501776135679844E+01));
#40740=DIRECTION('',(0.0000000000000000E+00,-1.0000000000000000E+00,
   0.0000000000000000E+00));
#40750=VECTOR('',#40740,1.0000000000000000E+00);
#40760=LINE('',#40730,#40750);
#40770=CARTESIAN_POINT('',(-3.4955488301517804E+01,
   2.5421376124790601E+01,1.9501776135679844E+01));
#40780=VERTEX_POINT('',#40770);
#40790=CARTESIAN_POINT('',(-3.4955488301517804E+01,
   2.0921376124790608E+01,1.9501776135679844E+01));
#40800=VERTEX_POINT('',#40790);
#40810=EDGE_CURVE('',#40780,#40800,#40760,.T.);
#40820=ORIENTED_EDGE('',*,*,#40810,.F.);
#40830=CARTESIAN_POINT('',(-3.4955488301517804E+01,
   2.0921376124790608E+01,1.7500000000000000E+01));
#40840=DIRECTION('',(0.0000000000000000E+00,0.0000000000000000E+00,
   1.0000000000000000E+00));
#40850=VECTOR('',#40840,1.0000000000000000E+00);
#40860=LINE('',#40830,#40850);
#40870=CARTESIAN_POINT('',(-3.4955488301517804E+01,
   2.0921376124790594E+01,2.2498223864320160E+01));
#40880=VERTEX_POINT('',#40870);
#40890=EDGE_CURVE('',#40800,#40880,#40860,.T.);
#40900=ORIENTED_EDGE('',*,*,#40890,.F.);
#40910=CARTESIAN_POINT('',(-3.4955488301517804E+01,
   2.2071376124790600E+01,2.2498223864320160E+01));
#40920=DIRECTION('',(0.0000000000000000E+00,-1.0000000000000000E+00,
   0.0000000000000000E+00));
#40930=VECTOR('',#40920,1.0000000000000000E+00);
#40940=LINE('',#40910,#40930);
#40950=CARTESIAN_POINT('',(-3.4955488301517804E+01,
   2.5421376124790601E+01,2.2498223864320160E+01));
#40960=VERTEX_POINT('',#40950);
#40970=EDGE_CURVE('',#40960,#40880,#40940,.T.);
#40980=ORIENTED_EDGE('',*,*,#40970,.T.);
#40990=CARTESIAN_POINT('',(-3.4955488301517804E+01,
   2.5421376124790601E+01,1.7500000000000000E+01));
#41000=DIRECTION('',(0.0000000000000000E+00,0.0000000000000000E+00,
   1.0000000000000000E+00));
#41010=VECTOR('',#41000,1.0000000000000000E+00);
#41020=LINE('',#40990,#41010);
#41030=EDGE_CURVE('',#40780,#40960,#41020,.T.);
#41040=ORIENTED_EDGE('',*,*,#41030,.T.);
#41050=EDGE_LOOP('',(#41040,#40980,#40900,#40820));
#41060=FACE_BOUND('',#41050,.T.);
#41070=CARTESIAN_POINT('',(-3.4955488301517804E+01,
   0.0000000000000000E+00,2.3000000000000000E+01));
#41080=DIRECTION('',(0.0000000000000000E+00,-1.0000000000000000E+00,
   0.0000000000000000E+00));
#41090=VECTOR('',#41080,1.0000000000000000E+00);
#41100=LINE('',#41070,#41090);
#41110=CARTESIAN_POINT('',(-3.4955488301517818E+01,
   2.5621376124790597E+01,2.3000000000000000E+01));
#41120=VERTEX_POINT('',#41110);
#41130=CARTESIAN_POINT('',(-3.4955488301517804E+01,
   2.0821376124790600E+01,2.3000000000000000E+01));
#41140=VERTEX_POINT('',#41130);
#41150=EDGE_CURVE('',#41120,#41140,#41100,.T.);
#41160=ORIENTED_EDGE('',*,*,#41150,.F.);
#41170=CARTESIAN_POINT('',(-3.4955488301517804E+01,
   2.0821376124790600E+01,8.5000000000000018E+00));
#41180=DIRECTION('',(0.0000000000000000E+00,0.0000000000000000E+00,
   1.0000000000000000E+00));
#41190=VECTOR('',#41180,1.0000000000000000E+00);
#41200=LINE('',#41170,#41190);
#41210=EDGE_CURVE('',#3440,#41140,#41200,.T.);
#41220=ORIENTED_EDGE('',*,*,#41210,.T.);
#41230=ORIENTED_EDGE('',*,*,#4200,.T.);
#41240=CARTESIAN_POINT('',(-3.4955488301517818E+01,
   2.5621376124790597E+01,1.7500000000000000E+01));
#41250=DIRECTION('',(0.0000000000000000E+00,0.0000000000000000E+00,
   1.0000000000000000E+00));
#41260=VECTOR('',#41250,1.0000000000000000E+00);
#41270=LINE('',#41240,#41260);
#41280=EDGE_CURVE('',#4130,#41120,#41270,.T.);
#41290=ORIENTED_EDGE('',*,*,#41280,.F.);
#41300=EDGE_LOOP('',(#41290,#41230,#41220,#41160));
#41310=FACE_OUTER_BOUND('',#41300,.T.);
#41320=ADVANCED_FACE('',(#39760,#39820,#39880,#40220,#40470,#40720,
   #41060,#41310),#39510,.T.);
#41330=COLOUR_RGB('',5.0196081399917603E-01,1.0000000000000000E+00,
   5.0196081399917603E-01);
#41340=FILL_AREA_STYLE_COLOUR('',#41330);
#41350=FILL_AREA_STYLE('',(#41340));
#41360=SURFACE_STYLE_FILL_AREA(#41350);
#41370=SURFACE_SIDE_STYLE('',(#41360));
#41380=SURFACE_STYLE_USAGE(.BOTH.,#41370);
#41390=PRESENTATION_STYLE_ASSIGNMENT((#41380));
#41400=CARTESIAN_POINT('',(-3.1105488301517802E+01,
   2.0321376124790600E+01,6.5500000000000016E+00));
#41410=DIRECTION('',(0.0000000000000000E+00,0.0000000000000000E+00,
   -1.0000000000000000E+00));
#41420=DIRECTION('',(-1.0000000000000000E+00,0.0000000000000000E+00,
   0.0000000000000000E+00));
#41430=AXIS2_PLACEMENT_3D('',#41400,#41410,#41420);
#41440=PLANE('',#41430);
#41450=ORIENTED_EDGE('',*,*,#28830,.F.);
#41460=ORIENTED_EDGE('',*,*,#33300,.F.);
#41470=ORIENTED_EDGE('',*,*,#9630,.F.);
#41480=CARTESIAN_POINT('',(-8.4502159542249785E+01,
   2.0321376124790600E+01,6.5500000000000016E+00));
#41490=DIRECTION('',(1.0000000000000000E+00,0.0000000000000000E+00,
   0.0000000000000000E+00));
#41500=VECTOR('',#41490,1.0000000000000000E+00);
#41510=LINE('',#41480,#41500);
#41520=EDGE_CURVE('',#28820,#9540,#41510,.T.);
#41530=ORIENTED_EDGE('',*,*,#41520,.T.);
#41540=EDGE_LOOP('',(#41530,#41470,#41460,#41450));
#41550=FACE_OUTER_BOUND('',#41540,.T.);
#41560=ADVANCED_FACE('',(#41550),#41440,.T.);
#41570=COLOUR_RGB('',9.4901961088180542E-01,9.4901961088180542E-01,
   1.0000000000000000E+00);
#41580=FILL_AREA_STYLE_COLOUR('',#41570);
#41590=FILL_AREA_STYLE('',(#41580));
#41600=SURFACE_STYLE_FILL_AREA(#41590);
#41610=SURFACE_SIDE_STYLE('',(#41600));
#41620=SURFACE_STYLE_USAGE(.BOTH.,#41610);
#41630=PRESENTATION_STYLE_ASSIGNMENT((#41620));
#41640=CARTESIAN_POINT('',(-2.9886031253416185E+01,
   2.0321376124790600E+01,1.2726922491185586E+01));
#41650=DIRECTION('',(0.0000000000000000E+00,-1.0000000000000000E+00,
   0.0000000000000000E+00));
#41660=DIRECTION('',(1.0000000000000000E+00,0.0000000000000000E+00,
   0.0000000000000000E+00));
#41670=AXIS2_PLACEMENT_3D('',#41640,#41650,#41660);
#41680=PLANE('',#41670);
#41690=CARTESIAN_POINT('',(-3.1105488301517802E+01,
   2.0321376124790600E+01,1.5500000000000000E+01));
#41700=DIRECTION('',(0.0000000000000000E+00,0.0000000000000000E+00,
   -1.0000000000000000E+00));
#41710=VECTOR('',#41700,1.0000000000000000E+00);
#41720=LINE('',#41690,#41710);
#41730=CARTESIAN_POINT('',(-3.1105488301517802E+01,
   2.0321376124790600E+01,1.0949999999999999E+01));
#41740=VERTEX_POINT('',#41730);
#41750=EDGE_CURVE('',#41740,#37560,#41720,.T.);
#41760=ORIENTED_EDGE('',*,*,#41750,.T.);
#41770=CARTESIAN_POINT('',(-8.4502159542249785E+01,
   2.0321376124790600E+01,1.0949999999999999E+01));
#41780=DIRECTION('',(-1.0000000000000000E+00,0.0000000000000000E+00,
   0.0000000000000000E+00));
#41790=VECTOR('',#41780,1.0000000000000000E+00);
#41800=LINE('',#41770,#41790);
#41810=CARTESIAN_POINT('',(-3.1605488301517802E+01,
   2.0321376124790600E+01,1.0949999999999999E+01));
#41820=VERTEX_POINT('',#41810);
#41830=EDGE_CURVE('',#41740,#41820,#41800,.T.);
#41840=ORIENTED_EDGE('',*,*,#41830,.F.);
#41850=CARTESIAN_POINT('',(-3.1605488301517802E+01,
   2.0321376124790600E+01,1.5500000000000000E+01));
#41860=DIRECTION('',(0.0000000000000000E+00,0.0000000000000000E+00,
   1.0000000000000000E+00));
#41870=VECTOR('',#41860,1.0000000000000000E+00);
#41880=LINE('',#41850,#41870);
#41890=EDGE_CURVE('',#37320,#41820,#41880,.T.);
#41900=ORIENTED_EDGE('',*,*,#41890,.T.);
#41910=ORIENTED_EDGE('',*,*,#37330,.T.);
#41920=CARTESIAN_POINT('',(-3.1355488301517802E+01,
   2.0321376124790600E+01,1.0500000000000000E+01));
#41930=DIRECTION('',(0.0000000000000000E+00,-1.0000000000000000E+00,
   0.0000000000000000E+00));
#41940=DIRECTION('',(1.0000000000000000E+00,0.0000000000000000E+00,
   0.0000000000000000E+00));
#41950=AXIS2_PLACEMENT_3D('',#41920,#41930,#41940);
#41960=CIRCLE('',#41950,5.5000000000000004E-01);
#41970=EDGE_CURVE('',#37600,#37300,#41960,.T.);
#41980=ORIENTED_EDGE('',*,*,#41970,.T.);
#41990=ORIENTED_EDGE('',*,*,#37610,.T.);
#42000=EDGE_LOOP('',(#41990,#41980,#41910,#41900,#41840,#41760));
#42010=FACE_OUTER_BOUND('',#42000,.T.);
#42020=ADVANCED_FACE('',(#42010),#41680,.T.);
#42030=COLOUR_RGB('',9.4901961088180542E-01,9.4901961088180542E-01,
   1.0000000000000000E+00);
#42040=FILL_AREA_STYLE_COLOUR('',#42030);
#42050=FILL_AREA_STYLE('',(#42040));
#42060=SURFACE_STYLE_FILL_AREA(#42050);
#42070=SURFACE_SIDE_STYLE('',(#42060));
#42080=SURFACE_STYLE_USAGE(.BOTH.,#42070);
#42090=PRESENTATION_STYLE_ASSIGNMENT((#42080));
#42100=CARTESIAN_POINT('',(-3.2611490150567121E+01,
   2.8001376124790593E+01,6.2889728977812371E+00));
#42110=VERTEX_POINT('',#42100);
#42120=EDGE_CURVE('',#42110,#17970,#17950,.T.);
#42130=ORIENTED_EDGE('',*,*,#42120,.T.);
#42140=CARTESIAN_POINT('',(-3.1405488301517792E+01,
   2.8001376124790593E+01,7.0000000000000018E+00));
#42150=DIRECTION('',(0.0000000000000000E+00,1.0000000000000000E+00,
   0.0000000000000000E+00));
#42160=DIRECTION('',(-1.0000000000000000E+00,0.0000000000000000E+00,
   0.0000000000000000E+00));
#42170=AXIS2_PLACEMENT_3D('',#42140,#42150,#42160);
#42180=CIRCLE('',#42170,1.3999999999999999E+00);
#42190=EDGE_CURVE('',#22770,#42110,#42180,.T.);
#42200=ORIENTED_EDGE('',*,*,#42190,.T.);
#42210=ORIENTED_EDGE('',*,*,#22780,.T.);
#42220=ORIENTED_EDGE('',*,*,#18090,.T.);
#42230=EDGE_LOOP('',(#42220,#42210,#42200,#42130));
#42240=FACE_OUTER_BOUND('',#42230,.T.);
#42250=ADVANCED_FACE('',(#42240),#17910,.T.);
#42260=COLOUR_RGB('',9.4901967048645020E-01,9.4901967048645020E-01,
   1.0000000000000000E+00);
#42270=FILL_AREA_STYLE_COLOUR('',#42260);
#42280=FILL_AREA_STYLE('',(#42270));
#42290=SURFACE_STYLE_FILL_AREA(#42280);
#42300=SURFACE_SIDE_STYLE('',(#42290));
#42310=SURFACE_STYLE_USAGE(.BOTH.,#42300);
#42320=PRESENTATION_STYLE_ASSIGNMENT((#42310));
#42330=CARTESIAN_POINT('',(-3.0780488301517799E+01,
   2.7601376124790601E+01,7.0000000000000018E+00));
#42340=DIRECTION('',(-0.0000000000000000E+00,1.0000000000000000E+00,
   0.0000000000000000E+00));
#42350=DIRECTION('',(1.0000000000000000E+00,0.0000000000000000E+00,
   0.0000000000000000E+00));
#42360=AXIS2_PLACEMENT_3D('',#42330,#42340,#42350);
#42370=PLANE('',#42360);
#42380=CARTESIAN_POINT('',(-3.1405488301517799E+01,
   2.7601376124790601E+01,7.0000000000000018E+00));
#42390=DIRECTION('',(0.0000000000000000E+00,-1.0000000000000000E+00,
   0.0000000000000000E+00));
#42400=DIRECTION('',(-1.0000000000000000E+00,0.0000000000000000E+00,
   0.0000000000000000E+00));
#42410=AXIS2_PLACEMENT_3D('',#42380,#42390,#42400);
#42420=CIRCLE('',#42410,1.4499999999999993E+00);
#42430=CARTESIAN_POINT('',(-3.2855488301517795E+01,
   2.7601376124790601E+01,7.0000000000000000E+00));
#42440=VERTEX_POINT('',#42430);
#42450=CARTESIAN_POINT('',(-2.9955488301517800E+01,
   2.7601376124790601E+01,7.0000000000000000E+00));
#42460=VERTEX_POINT('',#42450);
#42470=EDGE_CURVE('',#42440,#42460,#42420,.T.);
#42480=ORIENTED_EDGE('',*,*,#42470,.F.);
#42490=EDGE_CURVE('',#42460,#42440,#42420,.T.);
#42500=ORIENTED_EDGE('',*,*,#42490,.F.);
#42510=EDGE_LOOP('',(#42500,#42480));
#42520=FACE_OUTER_BOUND('',#42510,.T.);
#42530=CARTESIAN_POINT('',(-3.1405488301517792E+01,
   2.7601376124790601E+01,7.0000000000000000E+00));
#42540=DIRECTION('',(0.0000000000000000E+00,1.0000000000000000E+00,
   0.0000000000000000E+00));
#42550=DIRECTION('',(-1.0000000000000000E+00,0.0000000000000000E+00,
   0.0000000000000000E+00));
#42560=AXIS2_PLACEMENT_3D('',#42530,#42540,#42550);
#42570=CIRCLE('',#42560,1.3999999999999999E+00);
#42580=CARTESIAN_POINT('',(-3.2805488301517791E+01,
   2.7601376124790601E+01,7.0000000000000000E+00));
#42590=VERTEX_POINT('',#42580);
#42600=CARTESIAN_POINT('',(-3.0005488301517794E+01,
   2.7601376124790601E+01,7.0000000000000000E+00));
#42610=VERTEX_POINT('',#42600);
#42620=EDGE_CURVE('',#42590,#42610,#42570,.T.);
#42630=ORIENTED_EDGE('',*,*,#42620,.F.);
#42640=EDGE_CURVE('',#42610,#42590,#42570,.T.);
#42650=ORIENTED_EDGE('',*,*,#42640,.F.);
#42660=EDGE_LOOP('',(#42650,#42630));
#42670=FACE_BOUND('',#42660,.T.);
#42680=ADVANCED_FACE('',(#42520,#42670),#42370,.T.);
#42690=COLOUR_RGB('',5.0196081399917603E-01,1.0000000000000000E+00,
   5.0196081399917603E-01);
#42700=FILL_AREA_STYLE_COLOUR('',#42690);
#42710=FILL_AREA_STYLE('',(#42700));
#42720=SURFACE_STYLE_FILL_AREA(#42710);
#42730=SURFACE_SIDE_STYLE('',(#42720));
#42740=SURFACE_STYLE_USAGE(.BOTH.,#42730);
#42750=PRESENTATION_STYLE_ASSIGNMENT((#42740));
#42760=CARTESIAN_POINT('',(-3.1605488301517802E+01,
   2.0321376124790600E+01,1.0949999999999999E+01));
#42770=DIRECTION('',(0.0000000000000000E+00,0.0000000000000000E+00,
   1.0000000000000000E+00));
#42780=DIRECTION('',(1.0000000000000000E+00,0.0000000000000000E+00,
   0.0000000000000000E+00));
#42790=AXIS2_PLACEMENT_3D('',#42760,#42770,#42780);
#42800=PLANE('',#42790);
#42810=CARTESIAN_POINT('',(-3.1105488301517802E+01,
   -2.2653715864353234E+01,1.0949999999999999E+01));
#42820=DIRECTION('',(0.0000000000000000E+00,-1.0000000000000000E+00,
   0.0000000000000000E+00));
#42830=VECTOR('',#42820,1.0000000000000000E+00);
#42840=LINE('',#42810,#42830);
#42850=CARTESIAN_POINT('',(-3.1105488301517802E+01,
   1.8321376124790607E+01,1.0949999999999999E+01));
#42860=VERTEX_POINT('',#42850);
#42870=EDGE_CURVE('',#41740,#42860,#42840,.T.);
#42880=ORIENTED_EDGE('',*,*,#42870,.F.);
#42890=CARTESIAN_POINT('',(-8.4502159542249785E+01,
   1.8321376124790607E+01,1.0949999999999999E+01));
#42900=DIRECTION('',(-1.0000000000000000E+00,0.0000000000000000E+00,
   0.0000000000000000E+00));
#42910=VECTOR('',#42900,1.0000000000000000E+00);
#42920=LINE('',#42890,#42910);
#42930=CARTESIAN_POINT('',(-3.1605488301517802E+01,
   1.8321376124790600E+01,1.0949999999999999E+01));
#42940=VERTEX_POINT('',#42930);
#42950=EDGE_CURVE('',#42860,#42940,#42920,.T.);
#42960=ORIENTED_EDGE('',*,*,#42950,.F.);
#42970=CARTESIAN_POINT('',(-3.1605488301517802E+01,
   -2.2653715864353234E+01,1.0949999999999999E+01));
#42980=DIRECTION('',(0.0000000000000000E+00,1.0000000000000000E+00,
   0.0000000000000000E+00));
#42990=VECTOR('',#42980,1.0000000000000000E+00);
#43000=LINE('',#42970,#42990);
#43010=EDGE_CURVE('',#42940,#41820,#43000,.T.);
#43020=ORIENTED_EDGE('',*,*,#43010,.F.);
#43030=ORIENTED_EDGE('',*,*,#41830,.T.);
#43040=EDGE_LOOP('',(#43030,#43020,#42960,#42880));
#43050=FACE_OUTER_BOUND('',#43040,.T.);
#43060=ADVANCED_FACE('',(#43050),#42800,.T.);
#43070=COLOUR_RGB('',9.4901961088180542E-01,9.4901961088180542E-01,
   1.0000000000000000E+00);
#43080=FILL_AREA_STYLE_COLOUR('',#43070);
#43090=FILL_AREA_STYLE('',(#43080));
#43100=SURFACE_STYLE_FILL_AREA(#43090);
#43110=SURFACE_SIDE_STYLE('',(#43100));
#43120=SURFACE_STYLE_USAGE(.BOTH.,#43110);
#43130=PRESENTATION_STYLE_ASSIGNMENT((#43120));
#43140=CARTESIAN_POINT('',(-3.1605488301517802E+01,
   2.0321376124790600E+01,1.3550000000000001E+01));
#43150=DIRECTION('',(-1.0000000000000000E+00,0.0000000000000000E+00,
   0.0000000000000000E+00));
#43160=DIRECTION('',(0.0000000000000000E+00,0.0000000000000000E+00,
   1.0000000000000000E+00));
#43170=AXIS2_PLACEMENT_3D('',#43140,#43150,#43160);
#43180=PLANE('',#43170);
#43190=CARTESIAN_POINT('',(-3.1605488301517795E+01,
   -2.2653715864353234E+01,2.4529242808282063E+01));
#43200=DIRECTION('',(0.0000000000000000E+00,9.6592582628906831E-01,
   -2.5881904510252091E-01));
#43210=VECTOR('',#43200,1.0000000000000000E+00);
#43220=LINE('',#43190,#43210);
#43230=CARTESIAN_POINT('',(-3.1605488301517802E+01,
   1.8321376124790607E+01,1.3550000000000001E+01));
#43240=VERTEX_POINT('',#43230);
#43250=EDGE_CURVE('',#26680,#43240,#43220,.T.);
#43260=ORIENTED_EDGE('',*,*,#43250,.F.);
#43270=CARTESIAN_POINT('',(-3.1605488301517802E+01,
   -2.2653715864353234E+01,1.3550000000000001E+01));
#43280=DIRECTION('',(0.0000000000000000E+00,-1.0000000000000000E+00,
   0.0000000000000000E+00));
#43290=VECTOR('',#43280,1.0000000000000000E+00);
#43300=LINE('',#43270,#43290);
#43310=CARTESIAN_POINT('',(-3.1605488301517802E+01,
   2.0321376124790600E+01,1.3550000000000001E+01));
#43320=VERTEX_POINT('',#43310);
#43330=EDGE_CURVE('',#43320,#43240,#43300,.T.);
#43340=ORIENTED_EDGE('',*,*,#43330,.T.);
#43350=CARTESIAN_POINT('',(-3.1605488301517802E+01,
   2.0321376124790600E+01,1.5500000000000000E+01));
#43360=DIRECTION('',(0.0000000000000000E+00,0.0000000000000000E+00,
   -1.0000000000000000E+00));
#43370=VECTOR('',#43360,1.0000000000000000E+00);
#43380=LINE('',#43350,#43370);
#43390=CARTESIAN_POINT('',(-3.1605488301517802E+01,
   2.0321376124790600E+01,1.4000000000000000E+01));
#43400=VERTEX_POINT('',#43390);
#43410=EDGE_CURVE('',#43400,#43320,#43380,.T.);
#43420=ORIENTED_EDGE('',*,*,#43410,.T.);
#43430=CARTESIAN_POINT('',(-3.1605488301517802E+01,
   2.0321376124790600E+01,1.9000000000000000E+01));
#43440=DIRECTION('',(0.0000000000000000E+00,0.0000000000000000E+00,
   1.0000000000000000E+00));
#43450=VECTOR('',#43440,1.0000000000000000E+00);
#43460=LINE('',#43430,#43450);
#43470=CARTESIAN_POINT('',(-3.1605488301517802E+01,
   2.0321376124790600E+01,1.4449999999999999E+01));
#43480=VERTEX_POINT('',#43470);
#43490=EDGE_CURVE('',#43400,#43480,#43460,.T.);
#43500=ORIENTED_EDGE('',*,*,#43490,.F.);
#43510=CARTESIAN_POINT('',(-3.1605488301517802E+01,
   -2.2653715864353234E+01,1.4449999999999999E+01));
#43520=DIRECTION('',(0.0000000000000000E+00,1.0000000000000000E+00,
   0.0000000000000000E+00));
#43530=VECTOR('',#43520,1.0000000000000000E+00);
#43540=LINE('',#43510,#43530);
#43550=CARTESIAN_POINT('',(-3.1605488301517802E+01,
   1.8321376124790600E+01,1.4449999999999999E+01));
#43560=VERTEX_POINT('',#43550);
#43570=EDGE_CURVE('',#43560,#43480,#43540,.T.);
#43580=ORIENTED_EDGE('',*,*,#43570,.T.);
#43590=CARTESIAN_POINT('',(-3.1605488301517795E+01,
   -2.2653715864353234E+01,3.4707571917179383E+00));
#43600=DIRECTION('',(0.0000000000000000E+00,-9.6592582628906831E-01,
   -2.5881904510252091E-01));
#43610=VECTOR('',#43600,1.0000000000000000E+00);
#43620=LINE('',#43590,#43610);
#43630=EDGE_CURVE('',#43560,#26660,#43620,.T.);
#43640=ORIENTED_EDGE('',*,*,#43630,.F.);
#43650=ORIENTED_EDGE('',*,*,#26690,.F.);
#43660=EDGE_LOOP('',(#43650,#43640,#43580,#43500,#43420,#43340,#43260));
#43670=FACE_OUTER_BOUND('',#43660,.T.);
#43680=ADVANCED_FACE('',(#43670),#43180,.T.);
#43690=COLOUR_RGB('',9.4901961088180542E-01,9.4901961088180542E-01,
   1.0000000000000000E+00);
#43700=FILL_AREA_STYLE_COLOUR('',#43690);
#43710=FILL_AREA_STYLE('',(#43700));
#43720=SURFACE_STYLE_FILL_AREA(#43710);
#43730=SURFACE_SIDE_STYLE('',(#43720));
#43740=SURFACE_STYLE_USAGE(.BOTH.,#43730);
#43750=PRESENTATION_STYLE_ASSIGNMENT((#43740));
#43760=CARTESIAN_POINT('',(-3.4090488301517794E+01,
   2.2071376124790600E+01,4.2999999999999972E+00));
#43770=DIRECTION('',(7.0710678118655212E-01,-0.0000000000000000E+00,
   7.0710678118654302E-01));
#43780=DIRECTION('',(7.0710678118654302E-01,0.0000000000000000E+00,
   -7.0710678118655212E-01));
#43790=AXIS2_PLACEMENT_3D('',#43760,#43770,#43780);
#43800=PLANE('',#43790);
#43810=ORIENTED_EDGE('',*,*,#15440,.T.);
#43820=ORIENTED_EDGE('',*,*,#24430,.F.);
#43830=ORIENTED_EDGE('',*,*,#25420,.T.);
#43840=ORIENTED_EDGE('',*,*,#29650,.F.);
#43850=ORIENTED_EDGE('',*,*,#25690,.T.);
#43860=ORIENTED_EDGE('',*,*,#19170,.F.);
#43870=EDGE_LOOP('',(#43860,#43850,#43840,#43830,#43820,#43810));
#43880=FACE_OUTER_BOUND('',#43870,.T.);
#43890=ADVANCED_FACE('',(#43880),#43800,.F.);
#43900=COLOUR_RGB('',5.0196081399917603E-01,1.0000000000000000E+00,
   5.0196081399917603E-01);
#43910=FILL_AREA_STYLE_COLOUR('',#43900);
#43920=FILL_AREA_STYLE('',(#43910));
#43930=SURFACE_STYLE_FILL_AREA(#43920);
#43940=SURFACE_SIDE_STYLE('',(#43930));
#43950=SURFACE_STYLE_USAGE(.BOTH.,#43940);
#43960=PRESENTATION_STYLE_ASSIGNMENT((#43950));
#43970=CARTESIAN_POINT('',(-2.9886031253416185E+01,
   2.0321376124790600E+01,1.6226922491185586E+01));
#43980=DIRECTION('',(0.0000000000000000E+00,-1.0000000000000000E+00,
   0.0000000000000000E+00));
#43990=DIRECTION('',(1.0000000000000000E+00,0.0000000000000000E+00,
   0.0000000000000000E+00));
#44000=AXIS2_PLACEMENT_3D('',#43970,#43980,#43990);
#44010=PLANE('',#44000);
#44020=CARTESIAN_POINT('',(-3.1105488301517802E+01,
   2.0321376124790600E+01,1.9000000000000000E+01));
#44030=DIRECTION('',(0.0000000000000000E+00,0.0000000000000000E+00,
   -1.0000000000000000E+00));
#44040=VECTOR('',#44030,1.0000000000000000E+00);
#44050=LINE('',#44020,#44040);
#44060=CARTESIAN_POINT('',(-3.1105488301517802E+01,
   2.0321376124790600E+01,1.4449999999999999E+01));
#44070=VERTEX_POINT('',#44060);
#44080=CARTESIAN_POINT('',(-3.1105488301517802E+01,
   2.0321376124790600E+01,1.4000000000000000E+01));
#44090=VERTEX_POINT('',#44080);
#44100=EDGE_CURVE('',#44070,#44090,#44050,.T.);
#44110=ORIENTED_EDGE('',*,*,#44100,.T.);
#44120=CARTESIAN_POINT('',(-8.4502159542249785E+01,
   2.0321376124790600E+01,1.4449999999999999E+01));
#44130=DIRECTION('',(-1.0000000000000000E+00,0.0000000000000000E+00,
   0.0000000000000000E+00));
#44140=VECTOR('',#44130,1.0000000000000000E+00);
#44150=LINE('',#44120,#44140);
#44160=EDGE_CURVE('',#44070,#43480,#44150,.T.);
#44170=ORIENTED_EDGE('',*,*,#44160,.F.);
#44180=ORIENTED_EDGE('',*,*,#43490,.T.);
#44190=CARTESIAN_POINT('',(-8.4502159542249785E+01,
   2.0321376124790600E+01,1.4000000000000000E+01));
#44200=DIRECTION('',(1.0000000000000000E+00,0.0000000000000000E+00,
   0.0000000000000000E+00));
#44210=VECTOR('',#44200,1.0000000000000000E+00);
#44220=LINE('',#44190,#44210);
#44230=CARTESIAN_POINT('',(-3.1905488301517803E+01,
   2.0321376124790600E+01,1.4000000000000000E+01));
#44240=VERTEX_POINT('',#44230);
#44250=EDGE_CURVE('',#44240,#43400,#44220,.T.);
#44260=ORIENTED_EDGE('',*,*,#44250,.T.);
#44270=CARTESIAN_POINT('',(-3.1355488301517802E+01,
   2.0321376124790600E+01,1.4000000000000000E+01));
#44280=DIRECTION('',(0.0000000000000000E+00,-1.0000000000000000E+00,
   0.0000000000000000E+00));
#44290=DIRECTION('',(1.0000000000000000E+00,0.0000000000000000E+00,
   0.0000000000000000E+00));
#44300=AXIS2_PLACEMENT_3D('',#44270,#44280,#44290);
#44310=CIRCLE('',#44300,5.5000000000000004E-01);
#44320=CARTESIAN_POINT('',(-3.0805488301517801E+01,
   2.0321376124790600E+01,1.4000000000000000E+01));
#44330=VERTEX_POINT('',#44320);
#44340=EDGE_CURVE('',#44330,#44240,#44310,.T.);
#44350=ORIENTED_EDGE('',*,*,#44340,.T.);
#44360=EDGE_CURVE('',#44090,#44330,#44220,.T.);
#44370=ORIENTED_EDGE('',*,*,#44360,.T.);
#44380=EDGE_LOOP('',(#44370,#44350,#44260,#44180,#44170,#44110));
#44390=FACE_OUTER_BOUND('',#44380,.T.);
#44400=ADVANCED_FACE('',(#44390),#44010,.T.);
#44410=COLOUR_RGB('',9.4901961088180542E-01,9.4901961088180542E-01,
   1.0000000000000000E+00);
#44420=FILL_AREA_STYLE_COLOUR('',#44410);
#44430=FILL_AREA_STYLE('',(#44420));
#44440=SURFACE_STYLE_FILL_AREA(#44430);
#44450=SURFACE_SIDE_STYLE('',(#44440));
#44460=SURFACE_STYLE_USAGE(.BOTH.,#44450);
#44470=PRESENTATION_STYLE_ASSIGNMENT((#44460));
#44480=CARTESIAN_POINT('',(-3.1405488301517799E+01,
   2.8561376124790595E+01,3.5000000000000018E+00));
#44490=DIRECTION('',(0.0000000000000000E+00,-1.0000000000000000E+00,
   0.0000000000000000E+00));
#44500=DIRECTION('',(-1.0000000000000000E+00,0.0000000000000000E+00,
   0.0000000000000000E+00));
#44510=AXIS2_PLACEMENT_3D('',#44480,#44490,#44500);
#44520=CYLINDRICAL_SURFACE('',#44510,1.4499999999999993E+00);
#44530=CARTESIAN_POINT('',(-3.2855488301517795E+01,
   2.8561376124790595E+01,3.5000000000000018E+00));
#44540=DIRECTION('',(0.0000000000000000E+00,-1.0000000000000000E+00,
   0.0000000000000000E+00));
#44550=VECTOR('',#44540,1.0000000000000000E+00);
#44560=LINE('',#44530,#44550);
#44570=CARTESIAN_POINT('',(-3.2855488301517795E+01,
   2.9321376124790600E+01,3.5000000000000018E+00));
#44580=VERTEX_POINT('',#44570);
#44590=CARTESIAN_POINT('',(-3.2855488301517795E+01,
   2.7601376124790601E+01,3.5000000000000018E+00));
#44600=VERTEX_POINT('',#44590);
#44610=EDGE_CURVE('',#44580,#44600,#44560,.T.);
#44620=ORIENTED_EDGE('',*,*,#44610,.F.);
#44630=CARTESIAN_POINT('',(-3.1405488301517799E+01,
   2.7601376124790601E+01,3.5000000000000018E+00));
#44640=DIRECTION('',(0.0000000000000000E+00,-1.0000000000000000E+00,
   0.0000000000000000E+00));
#44650=DIRECTION('',(-1.0000000000000000E+00,0.0000000000000000E+00,
   0.0000000000000000E+00));
#44660=AXIS2_PLACEMENT_3D('',#44630,#44640,#44650);
#44670=CIRCLE('',#44660,1.4499999999999993E+00);
#44680=CARTESIAN_POINT('',(-2.9955488301517800E+01,
   2.7601376124790601E+01,3.5000000000000018E+00));
#44690=VERTEX_POINT('',#44680);
#44700=EDGE_CURVE('',#44690,#44600,#44670,.T.);
#44710=ORIENTED_EDGE('',*,*,#44700,.T.);
#44720=CARTESIAN_POINT('',(-2.9955488301517800E+01,
   2.8561376124790595E+01,3.5000000000000018E+00));
#44730=DIRECTION('',(0.0000000000000000E+00,-1.0000000000000000E+00,
   0.0000000000000000E+00));
#44740=VECTOR('',#44730,1.0000000000000000E+00);
#44750=LINE('',#44720,#44740);
#44760=CARTESIAN_POINT('',(-2.9955488301517800E+01,
   2.9321376124790600E+01,3.5000000000000018E+00));
#44770=VERTEX_POINT('',#44760);
#44780=EDGE_CURVE('',#44770,#44690,#44750,.T.);
#44790=ORIENTED_EDGE('',*,*,#44780,.T.);
#44800=CARTESIAN_POINT('',(-3.1405488301517799E+01,
   2.9321376124790600E+01,3.5000000000000018E+00));
#44810=DIRECTION('',(0.0000000000000000E+00,-1.0000000000000000E+00,
   0.0000000000000000E+00));
#44820=DIRECTION('',(-1.0000000000000000E+00,0.0000000000000000E+00,
   0.0000000000000000E+00));
#44830=AXIS2_PLACEMENT_3D('',#44800,#44810,#44820);
#44840=CIRCLE('',#44830,1.4499999999999993E+00);
#44850=EDGE_CURVE('',#44770,#44580,#44840,.T.);
#44860=ORIENTED_EDGE('',*,*,#44850,.F.);
#44870=EDGE_LOOP('',(#44860,#44790,#44710,#44620));
#44880=FACE_OUTER_BOUND('',#44870,.T.);
#44890=ADVANCED_FACE('',(#44880),#44520,.F.);
#44900=COLOUR_RGB('',5.0196081399917603E-01,1.0000000000000000E+00,
   5.0196081399917603E-01);
#44910=FILL_AREA_STYLE_COLOUR('',#44900);
#44920=FILL_AREA_STYLE('',(#44910));
#44930=SURFACE_STYLE_FILL_AREA(#44920);
#44940=SURFACE_SIDE_STYLE('',(#44930));
#44950=SURFACE_STYLE_USAGE(.BOTH.,#44940);
#44960=PRESENTATION_STYLE_ASSIGNMENT((#44950));
#44970=CARTESIAN_POINT('',(-3.1652975674933074E+01,
   2.8601376124790594E+01,3.7474873734152840E+00));
#44980=DIRECTION('',(7.0710678118654746E-01,0.0000000000000000E+00,
   -7.0710678118654757E-01));
#44990=DIRECTION('',(0.0000000000000000E+00,-1.0000000000000000E+00,
   0.0000000000000000E+00));
#45000=AXIS2_PLACEMENT_3D('',#44970,#44980,#44990);
#45010=PLANE('',#45000);
#45020=ORIENTED_EDGE('',*,*,#7460,.T.);
#45030=CARTESIAN_POINT('',(-8.4502159542249785E+01,
   2.8001376124790593E+01,-4.9101696493901422E+01));
#45040=DIRECTION('',(7.0710678118654757E-01,0.0000000000000000E+00,
   7.0710678118654746E-01));
#45050=VECTOR('',#45040,1.0000000000000000E+00);
#45060=LINE('',#45030,#45050);
#45070=CARTESIAN_POINT('',(-3.1350485798849824E+01,
   2.8001376124790593E+01,4.0499772494995216E+00));
#45080=VERTEX_POINT('',#45070);
#45090=EDGE_CURVE('',#6400,#45080,#45060,.T.);
#45100=ORIENTED_EDGE('',*,*,#45090,.F.);
#45110=CARTESIAN_POINT('',(-3.1350485798848844E+01,
   3.9321376124790604E+01,4.0499772494995128E+00));
#45120=DIRECTION('',(0.0000000000000000E+00,-1.0000000000000000E+00,
   0.0000000000000000E+00));
#45130=VECTOR('',#45120,1.0000000000000000E+00);
#45140=LINE('',#45110,#45130);
#45150=CARTESIAN_POINT('',(-3.1350485798850627E+01,
   2.8601376124790601E+01,4.0499772494995288E+00));
#45160=VERTEX_POINT('',#45150);
#45170=EDGE_CURVE('',#45160,#45080,#45140,.T.);
#45180=ORIENTED_EDGE('',*,*,#45170,.T.);
#45190=CARTESIAN_POINT('',(-8.4502159542249785E+01,
   2.8601376124790601E+01,-4.9101696493901422E+01));
#45200=DIRECTION('',(-7.0710678118654757E-01,0.0000000000000000E+00,
   -7.0710678118654746E-01));
#45210=VECTOR('',#45200,1.0000000000000000E+00);
#45220=LINE('',#45190,#45210);
#45230=EDGE_CURVE('',#45160,#7450,#45220,.T.);
#45240=ORIENTED_EDGE('',*,*,#45230,.F.);
#45250=EDGE_LOOP('',(#45240,#45180,#45100,#45020));
#45260=FACE_OUTER_BOUND('',#45250,.T.);
#45270=ADVANCED_FACE('',(#45260),#45010,.T.);
#45280=COLOUR_RGB('',9.4901967048645020E-01,9.4901967048645020E-01,
   1.0000000000000000E+00);
#45290=FILL_AREA_STYLE_COLOUR('',#45280);
#45300=FILL_AREA_STYLE('',(#45290));
#45310=SURFACE_STYLE_FILL_AREA(#45300);
#45320=SURFACE_SIDE_STYLE('',(#45310));
#45330=SURFACE_STYLE_USAGE(.BOTH.,#45320);
#45340=PRESENTATION_STYLE_ASSIGNMENT((#45330));
#45350=CARTESIAN_POINT('',(-3.0694461199299042E+01,
   2.8001376124790593E+01,4.7060018490493167E+00));
#45360=VERTEX_POINT('',#45350);
#45370=EDGE_CURVE('',#45080,#45360,#45060,.T.);
#45380=ORIENTED_EDGE('',*,*,#45370,.F.);
#45390=CARTESIAN_POINT('',(-3.0694461199299035E+01,
   2.7145319094080318E+01,4.7060018490493283E+00));
#45400=DIRECTION('',(0.0000000000000000E+00,1.0000000000000000E+00,
   0.0000000000000000E+00));
#45410=VECTOR('',#45400,1.0000000000000000E+00);
#45420=LINE('',#45390,#45410);
#45430=CARTESIAN_POINT('',(-3.0694461199299035E+01,
   2.8601376124790601E+01,4.7060018490493283E+00));
#45440=VERTEX_POINT('',#45430);
#45450=EDGE_CURVE('',#45360,#45440,#45420,.T.);
#45460=ORIENTED_EDGE('',*,*,#45450,.F.);
#45470=EDGE_CURVE('',#45440,#45160,#45220,.T.);
#45480=ORIENTED_EDGE('',*,*,#45470,.F.);
#45490=ORIENTED_EDGE('',*,*,#45170,.F.);
#45500=EDGE_LOOP('',(#45490,#45480,#45460,#45380));
#45510=FACE_OUTER_BOUND('',#45500,.T.);
#45520=ADVANCED_FACE('',(#45510),#45010,.T.);
#45530=COLOUR_RGB('',9.4901967048645020E-01,9.4901967048645020E-01,
   1.0000000000000000E+00);
#45540=FILL_AREA_STYLE_COLOUR('',#45530);
#45550=FILL_AREA_STYLE('',(#45540));
#45560=SURFACE_STYLE_FILL_AREA(#45550);
#45570=SURFACE_SIDE_STYLE('',(#45560));
#45580=SURFACE_STYLE_USAGE(.BOTH.,#45570);
#45590=PRESENTATION_STYLE_ASSIGNMENT((#45580));
#45600=CARTESIAN_POINT('',(-3.0780488301517799E+01,
   2.7601376124790601E+01,3.5000000000000018E+00));
#45610=DIRECTION('',(-0.0000000000000000E+00,1.0000000000000000E+00,
   0.0000000000000000E+00));
#45620=DIRECTION('',(1.0000000000000000E+00,0.0000000000000000E+00,
   0.0000000000000000E+00));
#45630=AXIS2_PLACEMENT_3D('',#45600,#45610,#45620);
#45640=PLANE('',#45630);
#45650=EDGE_CURVE('',#44600,#44690,#44670,.T.);
#45660=ORIENTED_EDGE('',*,*,#45650,.F.);
#45670=ORIENTED_EDGE('',*,*,#44700,.F.);
#45680=EDGE_LOOP('',(#45670,#45660));
#45690=FACE_OUTER_BOUND('',#45680,.T.);
#45700=CARTESIAN_POINT('',(-3.1405488301517792E+01,
   2.7601376124790601E+01,3.5000000000000000E+00));
#45710=DIRECTION('',(0.0000000000000000E+00,1.0000000000000000E+00,
   0.0000000000000000E+00));
#45720=DIRECTION('',(-1.0000000000000000E+00,0.0000000000000000E+00,
   0.0000000000000000E+00));
#45730=AXIS2_PLACEMENT_3D('',#45700,#45710,#45720);
#45740=CIRCLE('',#45730,1.3999999999999999E+00);
#45750=CARTESIAN_POINT('',(-3.2805488301517791E+01,
   2.7601376124790601E+01,3.5000000000000018E+00));
#45760=VERTEX_POINT('',#45750);
#45770=CARTESIAN_POINT('',(-3.0005488301517794E+01,
   2.7601376124790601E+01,3.5000000000000018E+00));
#45780=VERTEX_POINT('',#45770);
#45790=EDGE_CURVE('',#45760,#45780,#45740,.T.);
#45800=ORIENTED_EDGE('',*,*,#45790,.F.);
#45810=EDGE_CURVE('',#45780,#45760,#45740,.T.);
#45820=ORIENTED_EDGE('',*,*,#45810,.F.);
#45830=EDGE_LOOP('',(#45820,#45800));
#45840=FACE_BOUND('',#45830,.T.);
#45850=ADVANCED_FACE('',(#45690,#45840),#45640,.T.);
#45860=COLOUR_RGB('',5.0196081399917603E-01,1.0000000000000000E+00,
   5.0196081399917603E-01);
#45870=FILL_AREA_STYLE_COLOUR('',#45860);
#45880=FILL_AREA_STYLE('',(#45870));
#45890=SURFACE_STYLE_FILL_AREA(#45880);
#45900=SURFACE_SIDE_STYLE('',(#45890));
#45910=SURFACE_STYLE_USAGE(.BOTH.,#45900);
#45920=PRESENTATION_STYLE_ASSIGNMENT((#45910));
#45930=CARTESIAN_POINT('',(-3.1405488301517792E+01,
   2.7145319094080318E+01,3.5000000000000018E+00));
#45940=DIRECTION('',(0.0000000000000000E+00,1.0000000000000000E+00,
   0.0000000000000000E+00));
#45950=DIRECTION('',(-1.0000000000000000E+00,0.0000000000000000E+00,
   0.0000000000000000E+00));
#45960=AXIS2_PLACEMENT_3D('',#45930,#45940,#45950);
#45970=CYLINDRICAL_SURFACE('',#45960,1.3999999999999999E+00);
#45980=CARTESIAN_POINT('',(-3.0005488301517794E+01,
   2.7145319094080318E+01,3.5000000000000018E+00));
#45990=DIRECTION('',(0.0000000000000000E+00,1.0000000000000000E+00,
   0.0000000000000000E+00));
#46000=VECTOR('',#45990,1.0000000000000000E+00);
#46010=LINE('',#45980,#46000);
#46020=EDGE_CURVE('',#45780,#5870,#46010,.T.);
#46030=ORIENTED_EDGE('',*,*,#46020,.F.);
#46040=ORIENTED_EDGE('',*,*,#5880,.F.);
#46050=ORIENTED_EDGE('',*,*,#1960,.T.);
#46060=ORIENTED_EDGE('',*,*,#30470,.F.);
#46070=ORIENTED_EDGE('',*,*,#17750,.F.);
#46080=CARTESIAN_POINT('',(-3.1405488301517792E+01,
   2.8601376124790601E+01,3.5000000000000000E+00));
#46090=DIRECTION('',(0.0000000000000000E+00,1.0000000000000000E+00,
   0.0000000000000000E+00));
#46100=DIRECTION('',(-1.0000000000000000E+00,0.0000000000000000E+00,
   0.0000000000000000E+00));
#46110=AXIS2_PLACEMENT_3D('',#46080,#46090,#46100);
#46120=CIRCLE('',#46110,1.3999999999999999E+00);
#46130=CARTESIAN_POINT('',(-3.2805488301517791E+01,
   2.8601376124790601E+01,3.5000000000000018E+00));
#46140=VERTEX_POINT('',#46130);
#46150=EDGE_CURVE('',#17680,#46140,#46120,.T.);
#46160=ORIENTED_EDGE('',*,*,#46150,.F.);
#46170=CARTESIAN_POINT('',(-3.2805488301517791E+01,
   2.7145319094080318E+01,3.5000000000000018E+00));
#46180=DIRECTION('',(0.0000000000000000E+00,1.0000000000000000E+00,
   0.0000000000000000E+00));
#46190=VECTOR('',#46180,1.0000000000000000E+00);
#46200=LINE('',#46170,#46190);
#46210=EDGE_CURVE('',#45760,#46140,#46200,.T.);
#46220=ORIENTED_EDGE('',*,*,#46210,.T.);
#46230=ORIENTED_EDGE('',*,*,#45810,.T.);
#46240=EDGE_LOOP('',(#46230,#46220,#46160,#46070,#46060,#46050,#46040,
   #46030));
#46250=FACE_OUTER_BOUND('',#46240,.T.);
#46260=ADVANCED_FACE('',(#46250),#45970,.T.);
#46270=COLOUR_RGB('',9.4901967048645020E-01,9.4901967048645020E-01,
   1.0000000000000000E+00);
#46280=FILL_AREA_STYLE_COLOUR('',#46270);
#46290=FILL_AREA_STYLE('',(#46280));
#46300=SURFACE_STYLE_FILL_AREA(#46290);
#46310=SURFACE_SIDE_STYLE('',(#46300));
#46320=SURFACE_STYLE_USAGE(.BOTH.,#46310);
#46330=PRESENTATION_STYLE_ASSIGNMENT((#46320));
#46340=CARTESIAN_POINT('',(-3.2074229385564998E+01,
   2.8601376124790601E+01,4.1687410840472072E+00));
#46350=DIRECTION('',(0.0000000000000000E+00,1.0000000000000000E+00,
   0.0000000000000000E+00));
#46360=DIRECTION('',(7.0710678118654746E-01,0.0000000000000000E+00,
   -7.0710678118654757E-01));
#46370=AXIS2_PLACEMENT_3D('',#46340,#46350,#46360);
#46380=PLANE('',#46370);
#46390=ORIENTED_EDGE('',*,*,#45470,.T.);
#46400=EDGE_CURVE('',#46140,#45440,#46120,.T.);
#46410=ORIENTED_EDGE('',*,*,#46400,.T.);
#46420=ORIENTED_EDGE('',*,*,#46150,.T.);
#46430=ORIENTED_EDGE('',*,*,#17690,.T.);
#46440=ORIENTED_EDGE('',*,*,#13860,.T.);
#46450=CARTESIAN_POINT('',(-3.1355488301517802E+01,
   2.8601376124790601E+01,3.5000000000000018E+00));
#46460=DIRECTION('',(0.0000000000000000E+00,-1.0000000000000000E+00,
   0.0000000000000000E+00));
#46470=DIRECTION('',(1.0000000000000000E+00,0.0000000000000000E+00,
   0.0000000000000000E+00));
#46480=AXIS2_PLACEMENT_3D('',#46450,#46460,#46470);
#46490=CIRCLE('',#46480,5.5000000000000004E-01);
#46500=EDGE_CURVE('',#45160,#13850,#46490,.T.);
#46510=ORIENTED_EDGE('',*,*,#46500,.T.);
#46520=EDGE_LOOP('',(#46510,#46440,#46430,#46420,#46410,#46390));
#46530=FACE_OUTER_BOUND('',#46520,.T.);
#46540=ADVANCED_FACE('',(#46530),#46380,.T.);
#46550=COLOUR_RGB('',9.4901967048645020E-01,9.4901967048645020E-01,
   1.0000000000000000E+00);
#46560=FILL_AREA_STYLE_COLOUR('',#46550);
#46570=FILL_AREA_STYLE('',(#46560));
#46580=SURFACE_STYLE_FILL_AREA(#46570);
#46590=SURFACE_SIDE_STYLE('',(#46580));
#46600=SURFACE_STYLE_USAGE(.BOTH.,#46590);
#46610=PRESENTATION_STYLE_ASSIGNMENT((#46600));
#46620=CARTESIAN_POINT('',(-3.1158000928102481E+01,
   2.8001376124790593E+01,3.2525126265846840E+00));
#46630=DIRECTION('',(0.0000000000000000E+00,1.0000000000000000E+00,
   0.0000000000000000E+00));
#46640=DIRECTION('',(7.0710678118654746E-01,0.0000000000000000E+00,
   -7.0710678118654757E-01));
#46650=AXIS2_PLACEMENT_3D('',#46620,#46630,#46640);
#46660=PLANE('',#46650);
#46670=CARTESIAN_POINT('',(-8.4502159542249785E+01,
   2.8001376124790593E+01,-5.0091645987562615E+01));
#46680=DIRECTION('',(-7.0710678118654757E-01,0.0000000000000000E+00,
   -7.0710678118654746E-01));
#46690=VECTOR('',#46680,1.0000000000000000E+00);
#46700=LINE('',#46670,#46690);
#46710=CARTESIAN_POINT('',(-3.0199486452468442E+01,
   2.8001376124790593E+01,4.2110271022187211E+00));
#46720=VERTEX_POINT('',#46710);
#46730=CARTESIAN_POINT('',(-3.0814019159546973E+01,
   2.8001376124790593E+01,3.5964943951397013E+00));
#46740=VERTEX_POINT('',#46730);
#46750=EDGE_CURVE('',#46720,#46740,#46700,.T.);
#46760=ORIENTED_EDGE('',*,*,#46750,.T.);
#46770=CARTESIAN_POINT('',(-3.1405488301517792E+01,
   2.8001376124790593E+01,3.5000000000000018E+00));
#46780=DIRECTION('',(0.0000000000000000E+00,1.0000000000000000E+00,
   0.0000000000000000E+00));
#46790=DIRECTION('',(-1.0000000000000000E+00,0.0000000000000000E+00,
   0.0000000000000000E+00));
#46800=AXIS2_PLACEMENT_3D('',#46770,#46780,#46790);
#46810=CIRCLE('',#46800,1.3999999999999999E+00);
#46820=EDGE_CURVE('',#45360,#46720,#46810,.T.);
#46830=ORIENTED_EDGE('',*,*,#46820,.T.);
#46840=ORIENTED_EDGE('',*,*,#45370,.T.);
#46850=CARTESIAN_POINT('',(-3.1355488301517802E+01,
   2.8001376124790593E+01,3.5000000000000018E+00));
#46860=DIRECTION('',(0.0000000000000000E+00,-1.0000000000000000E+00,
   0.0000000000000000E+00));
#46870=DIRECTION('',(1.0000000000000000E+00,0.0000000000000000E+00,
   0.0000000000000000E+00));
#46880=AXIS2_PLACEMENT_3D('',#46850,#46860,#46870);
#46890=CIRCLE('',#46880,5.5000000000000004E-01);
#46900=EDGE_CURVE('',#46740,#45080,#46890,.T.);
#46910=ORIENTED_EDGE('',*,*,#46900,.T.);
#46920=EDGE_LOOP('',(#46910,#46840,#46830,#46760));
#46930=FACE_OUTER_BOUND('',#46920,.T.);
#46940=ADVANCED_FACE('',(#46930),#46660,.T.);
#46950=COLOUR_RGB('',9.4901967048645020E-01,9.4901967048645020E-01,
   1.0000000000000000E+00);
#46960=FILL_AREA_STYLE_COLOUR('',#46950);
#46970=FILL_AREA_STYLE('',(#46960));
#46980=SURFACE_STYLE_FILL_AREA(#46970);
#46990=SURFACE_SIDE_STYLE('',(#46980));
#47000=SURFACE_STYLE_USAGE(.BOTH.,#46990);
#47010=PRESENTATION_STYLE_ASSIGNMENT((#47000));
#47020=ORIENTED_EDGE('',*,*,#46900,.F.);
#47030=ORIENTED_EDGE('',*,*,#45090,.T.);
#47040=ORIENTED_EDGE('',*,*,#6580,.T.);
#47050=EDGE_CURVE('',#46740,#6510,#46700,.T.);
#47060=ORIENTED_EDGE('',*,*,#47050,.T.);
#47070=EDGE_LOOP('',(#47060,#47040,#47030,#47020));
#47080=FACE_OUTER_BOUND('',#47070,.T.);
#47090=ADVANCED_FACE('',(#47080),#46660,.T.);
#47100=COLOUR_RGB('',9.4901967048645020E-01,9.4901967048645020E-01,
   1.0000000000000000E+00);
#47110=FILL_AREA_STYLE_COLOUR('',#47100);
#47120=FILL_AREA_STYLE('',(#47110));
#47130=SURFACE_STYLE_FILL_AREA(#47120);
#47140=SURFACE_SIDE_STYLE('',(#47130));
#47150=SURFACE_STYLE_USAGE(.BOTH.,#47140);
#47160=PRESENTATION_STYLE_ASSIGNMENT((#47150));
#47170=CARTESIAN_POINT('',(-3.1158000928102481E+01,
   2.7601376124790594E+01,3.2525126265846840E+00));
#47180=DIRECTION('',(-7.0710678118654746E-01,0.0000000000000000E+00,
   7.0710678118654757E-01));
#47190=DIRECTION('',(0.0000000000000000E+00,1.0000000000000000E+00,
   0.0000000000000000E+00));
#47200=AXIS2_PLACEMENT_3D('',#47170,#47180,#47190);
#47210=PLANE('',#47200);
#47220=ORIENTED_EDGE('',*,*,#46750,.F.);
#47230=CARTESIAN_POINT('',(-3.0814019159547051E+01,
   3.9321376124790604E+01,3.5964943951401160E+00));
#47240=DIRECTION('',(0.0000000000000000E+00,-1.0000000000000000E+00,
   0.0000000000000000E+00));
#47250=VECTOR('',#47240,1.0000000000000000E+00);
#47260=LINE('',#47230,#47250);
#47270=EDGE_CURVE('',#5990,#46740,#47260,.T.);
#47280=ORIENTED_EDGE('',*,*,#47270,.T.);
#47290=ORIENTED_EDGE('',*,*,#6000,.F.);
#47300=CARTESIAN_POINT('',(-3.0199486452468442E+01,
   2.7145319094080318E+01,4.2110271022187211E+00));
#47310=DIRECTION('',(0.0000000000000000E+00,1.0000000000000000E+00,
   0.0000000000000000E+00));
#47320=VECTOR('',#47310,1.0000000000000000E+00);
#47330=LINE('',#47300,#47320);
#47340=EDGE_CURVE('',#46720,#5910,#47330,.T.);
#47350=ORIENTED_EDGE('',*,*,#47340,.T.);
#47360=EDGE_LOOP('',(#47350,#47290,#47280,#47220));
#47370=FACE_OUTER_BOUND('',#47360,.T.);
#47380=ADVANCED_FACE('',(#47370),#47210,.T.);
#47390=COLOUR_RGB('',9.4901967048645020E-01,9.4901967048645020E-01,
   1.0000000000000000E+00);
#47400=FILL_AREA_STYLE_COLOUR('',#47390);
#47410=FILL_AREA_STYLE('',(#47400));
#47420=SURFACE_STYLE_FILL_AREA(#47410);
#47430=SURFACE_SIDE_STYLE('',(#47420));
#47440=SURFACE_STYLE_USAGE(.BOTH.,#47430);
#47450=PRESENTATION_STYLE_ASSIGNMENT((#47440));
#47460=ORIENTED_EDGE('',*,*,#47050,.F.);
#47470=ORIENTED_EDGE('',*,*,#12220,.T.);
#47480=EDGE_CURVE('',#12150,#5990,#5970,.T.);
#47490=ORIENTED_EDGE('',*,*,#47480,.F.);
#47500=ORIENTED_EDGE('',*,*,#47270,.F.);
#47510=EDGE_LOOP('',(#47500,#47490,#47470,#47460));
#47520=FACE_OUTER_BOUND('',#47510,.T.);
#47530=ADVANCED_FACE('',(#47520),#47210,.T.);
#47540=COLOUR_RGB('',9.4901967048645020E-01,9.4901967048645020E-01,
   1.0000000000000000E+00);
#47550=FILL_AREA_STYLE_COLOUR('',#47540);
#47560=FILL_AREA_STYLE('',(#47550));
#47570=SURFACE_STYLE_FILL_AREA(#47560);
#47580=SURFACE_SIDE_STYLE('',(#47570));
#47590=SURFACE_STYLE_USAGE(.BOTH.,#47580);
#47600=PRESENTATION_STYLE_ASSIGNMENT((#47590));
#47610=ORIENTED_EDGE('',*,*,#42120,.F.);
#47620=ORIENTED_EDGE('',*,*,#32820,.T.);
#47630=CARTESIAN_POINT('',(-3.2611490150567114E+01,
   2.8601376124790601E+01,6.2889728977812389E+00));
#47640=VERTEX_POINT('',#47630);
#47650=EDGE_CURVE('',#32750,#47640,#32730,.T.);
#47660=ORIENTED_EDGE('',*,*,#47650,.F.);
#47670=CARTESIAN_POINT('',(-3.2611490150567114E+01,
   2.7145319094080318E+01,6.2889728977812389E+00));
#47680=DIRECTION('',(0.0000000000000000E+00,1.0000000000000000E+00,
   0.0000000000000000E+00));
#47690=VECTOR('',#47680,1.0000000000000000E+00);
#47700=LINE('',#47670,#47690);
#47710=EDGE_CURVE('',#42110,#47640,#47700,.T.);
#47720=ORIENTED_EDGE('',*,*,#47710,.T.);
#47730=EDGE_LOOP('',(#47720,#47660,#47620,#47610));
#47740=FACE_OUTER_BOUND('',#47730,.T.);
#47750=ADVANCED_FACE('',(#47740),#32600,.T.);
#47760=COLOUR_RGB('',9.4901967048645020E-01,9.4901967048645020E-01,
   1.0000000000000000E+00);
#47770=FILL_AREA_STYLE_COLOUR('',#47760);
#47780=FILL_AREA_STYLE('',(#47770));
#47790=SURFACE_STYLE_FILL_AREA(#47780);
#47800=SURFACE_SIDE_STYLE('',(#47790));
#47810=SURFACE_STYLE_USAGE(.BOTH.,#47800);
#47820=PRESENTATION_STYLE_ASSIGNMENT((#47810));
#47830=ORIENTED_EDGE('',*,*,#46500,.F.);
#47840=ORIENTED_EDGE('',*,*,#13930,.T.);
#47850=ORIENTED_EDGE('',*,*,#45230,.T.);
#47860=EDGE_LOOP('',(#47850,#47840,#47830));
#47870=FACE_OUTER_BOUND('',#47860,.T.);
#47880=ADVANCED_FACE('',(#47870),#46380,.T.);
#47890=COLOUR_RGB('',9.4901967048645020E-01,9.4901967048645020E-01,
   1.0000000000000000E+00);
#47900=FILL_AREA_STYLE_COLOUR('',#47890);
#47910=FILL_AREA_STYLE('',(#47900));
#47920=SURFACE_STYLE_FILL_AREA(#47910);
#47930=SURFACE_SIDE_STYLE('',(#47920));
#47940=SURFACE_STYLE_USAGE(.BOTH.,#47930);
#47950=PRESENTATION_STYLE_ASSIGNMENT((#47940));
#47960=ORIENTED_EDGE('',*,*,#6090,.F.);
#47970=ORIENTED_EDGE('',*,*,#47480,.T.);
#47980=ORIENTED_EDGE('',*,*,#20430,.T.);
#47990=EDGE_LOOP('',(#47980,#47970,#47960));
#48000=FACE_OUTER_BOUND('',#47990,.T.);
#48010=ADVANCED_FACE('',(#48000),#46380,.T.);
#48020=COLOUR_RGB('',9.4901967048645020E-01,9.4901967048645020E-01,
   1.0000000000000000E+00);
#48030=FILL_AREA_STYLE_COLOUR('',#48020);
#48040=FILL_AREA_STYLE('',(#48030));
#48050=SURFACE_STYLE_FILL_AREA(#48040);
#48060=SURFACE_SIDE_STYLE('',(#48050));
#48070=SURFACE_STYLE_USAGE(.BOTH.,#48060);
#48080=PRESENTATION_STYLE_ASSIGNMENT((#48070));
#48090=CARTESIAN_POINT('',(-3.3520488301517801E+01,
   2.2071376124790600E+01,1.4000000000000000E+01));
#48100=DIRECTION('',(-0.0000000000000000E+00,-1.0000000000000000E+00,
   -0.0000000000000000E+00));
#48110=DIRECTION('',(-1.0000000000000000E+00,0.0000000000000000E+00,
   0.0000000000000000E+00));
#48120=AXIS2_PLACEMENT_3D('',#48090,#48100,#48110);
#48130=PLANE('',#48120);
#48140=CARTESIAN_POINT('',(-3.3805488301517798E+01,
   2.2071376124790600E+01,1.4800000000000001E+01));
#48150=DIRECTION('',(1.0000000000000000E+00,0.0000000000000000E+00,
   0.0000000000000000E+00));
#48160=VECTOR('',#48150,1.0000000000000000E+00);
#48170=LINE('',#48140,#48160);
#48180=CARTESIAN_POINT('',(-3.3805488301517805E+01,
   2.2071376124790600E+01,1.4799999999999995E+01));
#48190=VERTEX_POINT('',#48180);
#48200=CARTESIAN_POINT('',(-3.3520488301517801E+01,
   2.2071376124790600E+01,1.4800000000000001E+01));
#48210=VERTEX_POINT('',#48200);
#48220=EDGE_CURVE('',#48190,#48210,#48170,.T.);
#48230=ORIENTED_EDGE('',*,*,#48220,.T.);
#48240=CARTESIAN_POINT('',(-3.3805488301517805E+01,
   2.2071376124790600E+01,1.0500000000000000E+01));
#48250=DIRECTION('',(0.0000000000000000E+00,0.0000000000000000E+00,
   1.0000000000000000E+00));
#48260=VECTOR('',#48250,1.0000000000000000E+00);
#48270=LINE('',#48240,#48260);
#48280=CARTESIAN_POINT('',(-3.3805488301517798E+01,
   2.2071376124790600E+01,1.3199999999999999E+01));
#48290=VERTEX_POINT('',#48280);
#48300=EDGE_CURVE('',#48290,#48190,#48270,.T.);
#48310=ORIENTED_EDGE('',*,*,#48300,.T.);
#48320=CARTESIAN_POINT('',(-3.3805488301517798E+01,
   2.2071376124790600E+01,1.3199999999999999E+01));
#48330=DIRECTION('',(1.0000000000000000E+00,0.0000000000000000E+00,
   0.0000000000000000E+00));
#48340=VECTOR('',#48330,1.0000000000000000E+00);
#48350=LINE('',#48320,#48340);
#48360=CARTESIAN_POINT('',(-3.3520488301517801E+01,
   2.2071376124790600E+01,1.3199999999999999E+01));
#48370=VERTEX_POINT('',#48360);
#48380=EDGE_CURVE('',#48290,#48370,#48350,.T.);
#48390=ORIENTED_EDGE('',*,*,#48380,.F.);
#48400=CARTESIAN_POINT('',(-3.3520488301517801E+01,
   2.2071376124790600E+01,1.4000000000000000E+01));
#48410=DIRECTION('',(0.0000000000000000E+00,0.0000000000000000E+00,
   1.0000000000000000E+00));
#48420=VECTOR('',#48410,1.0000000000000000E+00);
#48430=LINE('',#48400,#48420);
#48440=EDGE_CURVE('',#48370,#48210,#48430,.T.);
#48450=ORIENTED_EDGE('',*,*,#48440,.F.);
#48460=EDGE_LOOP('',(#48450,#48390,#48310,#48230));
#48470=FACE_OUTER_BOUND('',#48460,.T.);
#48480=ADVANCED_FACE('',(#48470),#48130,.F.);
#48490=COLOUR_RGB('',5.0196081399917603E-01,1.0000000000000000E+00,
   5.0196081399917603E-01);
#48500=FILL_AREA_STYLE_COLOUR('',#48490);
#48510=FILL_AREA_STYLE('',(#48500));
#48520=SURFACE_STYLE_FILL_AREA(#48510);
#48530=SURFACE_SIDE_STYLE('',(#48520));
#48540=SURFACE_STYLE_USAGE(.BOTH.,#48530);
#48550=PRESENTATION_STYLE_ASSIGNMENT((#48540));
#48560=CARTESIAN_POINT('',(-2.9886031253416185E+01,
   2.0321376124790600E+01,5.7269224911855883E+00));
#48570=DIRECTION('',(0.0000000000000000E+00,-1.0000000000000000E+00,
   0.0000000000000000E+00));
#48580=DIRECTION('',(1.0000000000000000E+00,0.0000000000000000E+00,
   0.0000000000000000E+00));
#48590=AXIS2_PLACEMENT_3D('',#48560,#48570,#48580);
#48600=PLANE('',#48590);
#48610=ORIENTED_EDGE('',*,*,#24910,.F.);
#48620=ORIENTED_EDGE('',*,*,#28890,.F.);
#48630=ORIENTED_EDGE('',*,*,#41520,.F.);
#48640=ORIENTED_EDGE('',*,*,#9550,.T.);
#48650=ORIENTED_EDGE('',*,*,#25020,.F.);
#48660=CARTESIAN_POINT('',(-3.1355488301517802E+01,
   2.0321376124790600E+01,7.0000000000000018E+00));
#48670=DIRECTION('',(0.0000000000000000E+00,-1.0000000000000000E+00,
   0.0000000000000000E+00));
#48680=DIRECTION('',(1.0000000000000000E+00,0.0000000000000000E+00,
   0.0000000000000000E+00));
#48690=AXIS2_PLACEMENT_3D('',#48660,#48670,#48680);
#48700=CIRCLE('',#48690,5.5000000000000004E-01);
#48710=EDGE_CURVE('',#24900,#24990,#48700,.T.);
#48720=ORIENTED_EDGE('',*,*,#48710,.T.);
#48730=EDGE_LOOP('',(#48720,#48650,#48640,#48630,#48620,#48610));
#48740=FACE_OUTER_BOUND('',#48730,.T.);
#48750=ADVANCED_FACE('',(#48740),#48600,.T.);
#48760=COLOUR_RGB('',9.4901961088180542E-01,9.4901961088180542E-01,
   1.0000000000000000E+00);
#48770=FILL_AREA_STYLE_COLOUR('',#48760);
#48780=FILL_AREA_STYLE('',(#48770));
#48790=SURFACE_STYLE_FILL_AREA(#48780);
#48800=SURFACE_SIDE_STYLE('',(#48790));
#48810=SURFACE_STYLE_USAGE(.BOTH.,#48800);
#48820=PRESENTATION_STYLE_ASSIGNMENT((#48810));
#48830=CARTESIAN_POINT('',(-2.9886031253416185E+01,
   2.0321376124790600E+01,5.7269224911855883E+00));
#48840=DIRECTION('',(0.0000000000000000E+00,-1.0000000000000000E+00,
   0.0000000000000000E+00));
#48850=DIRECTION('',(1.0000000000000000E+00,0.0000000000000000E+00,
   0.0000000000000000E+00));
#48860=AXIS2_PLACEMENT_3D('',#48830,#48840,#48850);
#48870=PLANE('',#48860);
#48880=ORIENTED_EDGE('',*,*,#20050,.T.);
#48890=ORIENTED_EDGE('',*,*,#35840,.F.);
#48900=ORIENTED_EDGE('',*,*,#22340,.T.);
#48910=ORIENTED_EDGE('',*,*,#21630,.T.);
#48920=ORIENTED_EDGE('',*,*,#21250,.T.);
#48930=ORIENTED_EDGE('',*,*,#21800,.T.);
#48940=EDGE_LOOP('',(#48930,#48920,#48910,#48900,#48890,#48880));
#48950=FACE_OUTER_BOUND('',#48940,.T.);
#48960=ADVANCED_FACE('',(#48950),#48870,.T.);
#48970=COLOUR_RGB('',9.4901961088180542E-01,9.4901961088180542E-01,
   1.0000000000000000E+00);
#48980=FILL_AREA_STYLE_COLOUR('',#48970);
#48990=FILL_AREA_STYLE('',(#48980));
#49000=SURFACE_STYLE_FILL_AREA(#48990);
#49010=SURFACE_SIDE_STYLE('',(#49000));
#49020=SURFACE_STYLE_USAGE(.BOTH.,#49010);
#49030=PRESENTATION_STYLE_ASSIGNMENT((#49020));
#49040=CARTESIAN_POINT('',(-2.9886031253416185E+01,
   1.7321376124790600E+01,5.7269224911855883E+00));
#49050=DIRECTION('',(0.0000000000000000E+00,-1.0000000000000000E+00,
   0.0000000000000000E+00));
#49060=DIRECTION('',(1.0000000000000000E+00,0.0000000000000000E+00,
   0.0000000000000000E+00));
#49070=AXIS2_PLACEMENT_3D('',#49040,#49050,#49060);
#49080=PLANE('',#49070);
#49090=ORIENTED_EDGE('',*,*,#20260,.F.);
#49100=ORIENTED_EDGE('',*,*,#19640,.F.);
#49110=ORIENTED_EDGE('',*,*,#22560,.T.);
#49120=CARTESIAN_POINT('',(-8.4502159542249785E+01,
   1.7321376124790600E+01,3.6820508075688787E+00));
#49130=DIRECTION('',(1.0000000000000000E+00,0.0000000000000000E+00,
   0.0000000000000000E+00));
#49140=VECTOR('',#49130,1.0000000000000000E+00);
#49150=LINE('',#49120,#49140);
#49160=EDGE_CURVE('',#22490,#19860,#49150,.T.);
#49170=ORIENTED_EDGE('',*,*,#49160,.F.);
#49180=EDGE_LOOP('',(#49170,#49110,#49100,#49090));
#49190=FACE_OUTER_BOUND('',#49180,.T.);
#49200=ADVANCED_FACE('',(#49190),#49080,.T.);
#49210=COLOUR_RGB('',9.4901961088180542E-01,9.4901961088180542E-01,
   1.0000000000000000E+00);
#49220=FILL_AREA_STYLE_COLOUR('',#49210);
#49230=FILL_AREA_STYLE('',(#49220));
#49240=SURFACE_STYLE_FILL_AREA(#49230);
#49250=SURFACE_SIDE_STYLE('',(#49240));
#49260=SURFACE_STYLE_USAGE(.BOTH.,#49250);
#49270=PRESENTATION_STYLE_ASSIGNMENT((#49260));
#49280=CARTESIAN_POINT('',(-3.1355488301517802E+01,
   1.7821376124790600E+01,3.8160254037844403E+00));
#49290=DIRECTION('',(0.0000000000000000E+00,-2.5881904510252085E-01,
   9.6592582628906820E-01));
#49300=DIRECTION('',(0.0000000000000000E+00,9.6592582628906842E-01,
   2.5881904510252091E-01));
#49310=AXIS2_PLACEMENT_3D('',#49280,#49290,#49300);
#49320=PLANE('',#49310);
#49330=ORIENTED_EDGE('',*,*,#22500,.T.);
#49340=ORIENTED_EDGE('',*,*,#35770,.T.);
#49350=ORIENTED_EDGE('',*,*,#19890,.T.);
#49360=ORIENTED_EDGE('',*,*,#49160,.T.);
#49370=EDGE_LOOP('',(#49360,#49350,#49340,#49330));
#49380=FACE_OUTER_BOUND('',#49370,.T.);
#49390=ADVANCED_FACE('',(#49380),#49320,.T.);
#49400=COLOUR_RGB('',9.4901961088180542E-01,9.4901961088180542E-01,
   1.0000000000000000E+00);
#49410=FILL_AREA_STYLE_COLOUR('',#49400);
#49420=FILL_AREA_STYLE('',(#49410));
#49430=SURFACE_STYLE_FILL_AREA(#49420);
#49440=SURFACE_SIDE_STYLE('',(#49430));
#49450=SURFACE_STYLE_USAGE(.BOTH.,#49440);
#49460=PRESENTATION_STYLE_ASSIGNMENT((#49450));
#49470=CARTESIAN_POINT('',(-3.4177964823400686E+01,
   2.4029245874728044E+01,9.6999999999999993E+00));
#49480=DIRECTION('',(0.0000000000000000E+00,0.0000000000000000E+00,
   1.0000000000000000E+00));
#49490=DIRECTION('',(1.0000000000000000E+00,0.0000000000000000E+00,
   0.0000000000000000E+00));
#49500=AXIS2_PLACEMENT_3D('',#49470,#49480,#49490);
#49510=PLANE('',#49500);
#49520=CARTESIAN_POINT('',(-3.3805488301517798E+01,
   2.3821376124790600E+01,9.6999999999999993E+00));
#49530=DIRECTION('',(-2.5881904510253184E-01,9.6592582628906531E-01,
   0.0000000000000000E+00));
#49540=VECTOR('',#49530,1.0000000000000000E+00);
#49550=LINE('',#49520,#49540);
#49560=CARTESIAN_POINT('',(-3.3805488301517798E+01,
   2.3821376124790600E+01,9.6999999999999993E+00));
#49570=VERTEX_POINT('',#49560);
#49580=EDGE_CURVE('',#49570,#34920,#49550,.T.);
#49590=ORIENTED_EDGE('',*,*,#49580,.T.);
#49600=CARTESIAN_POINT('',(-3.3805488301517798E+01,
   2.3821376124790600E+01,9.6999999999999993E+00));
#49610=DIRECTION('',(1.0000000000000000E+00,0.0000000000000000E+00,
   0.0000000000000000E+00));
#49620=VECTOR('',#49610,1.0000000000000000E+00);
#49630=LINE('',#49600,#49620);
#49640=CARTESIAN_POINT('',(-3.3520488301517801E+01,
   2.3821376124790600E+01,9.6999999999999993E+00));
#49650=VERTEX_POINT('',#49640);
#49660=EDGE_CURVE('',#49570,#49650,#49630,.T.);
#49670=ORIENTED_EDGE('',*,*,#49660,.F.);
#49680=CARTESIAN_POINT('',(-3.3520488301517801E+01,
   2.3821376124790600E+01,9.6999999999999993E+00));
#49690=DIRECTION('',(0.0000000000000000E+00,-1.0000000000000000E+00,
   0.0000000000000000E+00));
#49700=VECTOR('',#49690,1.0000000000000000E+00);
#49710=LINE('',#49680,#49700);
#49720=CARTESIAN_POINT('',(-3.3520488301517801E+01,
   2.2071376124790600E+01,9.6999999999999993E+00));
#49730=VERTEX_POINT('',#49720);
#49740=EDGE_CURVE('',#49650,#49730,#49710,.T.);
#49750=ORIENTED_EDGE('',*,*,#49740,.F.);
#49760=CARTESIAN_POINT('',(-3.3805488301517798E+01,
   2.2071376124790600E+01,9.6999999999999993E+00));
#49770=DIRECTION('',(1.0000000000000000E+00,0.0000000000000000E+00,
   0.0000000000000000E+00));
#49780=VECTOR('',#49770,1.0000000000000000E+00);
#49790=LINE('',#49760,#49780);
#49800=CARTESIAN_POINT('',(-3.3805488301517798E+01,
   2.2071376124790600E+01,9.6999999999999993E+00));
#49810=VERTEX_POINT('',#49800);
#49820=EDGE_CURVE('',#49810,#49730,#49790,.T.);
#49830=ORIENTED_EDGE('',*,*,#49820,.T.);
#49840=CARTESIAN_POINT('',(0.0000000000000000E+00,5.5876864426308202E+01
   ,9.6999999999999993E+00));
#49850=DIRECTION('',(7.0710678118654968E-01,7.0710678118654535E-01,
   0.0000000000000000E+00));
#49860=VECTOR('',#49850,1.0000000000000000E+00);
#49870=LINE('',#49840,#49860);
#49880=EDGE_CURVE('',#35000,#49810,#49870,.T.);
#49890=ORIENTED_EDGE('',*,*,#49880,.T.);
#49900=ORIENTED_EDGE('',*,*,#35010,.F.);
#49910=EDGE_LOOP('',(#49900,#49890,#49830,#49750,#49670,#49590));
#49920=FACE_OUTER_BOUND('',#49910,.T.);
#49930=ADVANCED_FACE('',(#49920),#49510,.T.);
#49940=COLOUR_RGB('',5.0196081399917603E-01,1.0000000000000000E+00,
   5.0196081399917603E-01);
#49950=FILL_AREA_STYLE_COLOUR('',#49940);
#49960=FILL_AREA_STYLE('',(#49950));
#49970=SURFACE_STYLE_FILL_AREA(#49960);
#49980=SURFACE_SIDE_STYLE('',(#49970));
#49990=SURFACE_STYLE_USAGE(.BOTH.,#49980);
#50000=PRESENTATION_STYLE_ASSIGNMENT((#49990));
#50010=CARTESIAN_POINT('',(-3.1652975674933074E+01,
   2.8601376124790594E+01,1.0747487373415282E+01));
#50020=DIRECTION('',(7.0710678118654746E-01,0.0000000000000000E+00,
   -7.0710678118654757E-01));
#50030=DIRECTION('',(0.0000000000000000E+00,-1.0000000000000000E+00,
   0.0000000000000000E+00));
#50040=AXIS2_PLACEMENT_3D('',#50010,#50020,#50030);
#50050=PLANE('',#50040);
#50060=ORIENTED_EDGE('',*,*,#33620,.F.);
#50070=CARTESIAN_POINT('',(-3.1900463048348357E+01,
   -2.2653715864353234E+01,1.0500000000000000E+01));
#50080=DIRECTION('',(-0.0000000000000000E+00,1.0000000000000000E+00,
   0.0000000000000000E+00));
#50090=VECTOR('',#50080,1.0000000000000000E+00);
#50100=LINE('',#50070,#50090);
#50110=EDGE_CURVE('',#33610,#37010,#50100,.T.);
#50120=ORIENTED_EDGE('',*,*,#50110,.F.);
#50130=ORIENTED_EDGE('',*,*,#37020,.F.);
#50140=CARTESIAN_POINT('',(-3.1905465551017315E+01,
   3.9321376124790604E+01,1.0494997497331044E+01));
#50150=DIRECTION('',(0.0000000000000000E+00,-1.0000000000000000E+00,
   0.0000000000000000E+00));
#50160=VECTOR('',#50150,1.0000000000000000E+00);
#50170=LINE('',#50140,#50160);
#50180=EDGE_CURVE('',#36930,#33590,#50170,.T.);
#50190=ORIENTED_EDGE('',*,*,#50180,.F.);
#50200=EDGE_LOOP('',(#50190,#50130,#50120,#50060));
#50210=FACE_OUTER_BOUND('',#50200,.T.);
#50220=ADVANCED_FACE('',(#50210),#50050,.T.);
#50230=COLOUR_RGB('',9.4901967048645020E-01,9.4901967048645020E-01,
   1.0000000000000000E+00);
#50240=FILL_AREA_STYLE_COLOUR('',#50230);
#50250=FILL_AREA_STYLE('',(#50240));
#50260=SURFACE_STYLE_FILL_AREA(#50250);
#50270=SURFACE_SIDE_STYLE('',(#50260));
#50280=SURFACE_STYLE_USAGE(.BOTH.,#50270);
#50290=PRESENTATION_STYLE_ASSIGNMENT((#50280));
#50300=CARTESIAN_POINT('',(-3.4644041692111067E+01,
   2.2071376124790600E+01,1.2646446609406729E+01));
#50310=DIRECTION('',(7.0710678118654302E-01,0.0000000000000000E+00,
   -7.0710678118655201E-01));
#50320=DIRECTION('',(-7.0710678118655201E-01,0.0000000000000000E+00,
   -7.0710678118654302E-01));
#50330=AXIS2_PLACEMENT_3D('',#50300,#50310,#50320);
#50340=PLANE('',#50330);
#50350=CARTESIAN_POINT('',(0.0000000000000000E+00,2.5421376124790594E+01
   ,4.7290488301517350E+01));
#50360=DIRECTION('',(-7.0710678118655201E-01,0.0000000000000000E+00,
   -7.0710678118654302E-01));
#50370=VECTOR('',#50360,1.0000000000000000E+00);
#50380=LINE('',#50350,#50370);
#50390=CARTESIAN_POINT('',(-3.4617870503397079E+01,
   2.5421376124790594E+01,1.2672617798120717E+01));
#50400=VERTEX_POINT('',#50390);
#50410=EDGE_CURVE('',#50400,#39080,#50380,.T.);
#50420=ORIENTED_EDGE('',*,*,#50410,.T.);
#50430=CARTESIAN_POINT('',(-3.4617870503397079E+01,
   2.4921376124790594E+01,1.2672617798120717E+01));
#50440=DIRECTION('',(7.0710678118654302E-01,0.0000000000000000E+00,
   -7.0710678118655201E-01));
#50450=DIRECTION('',(-7.0710678118655201E-01,0.0000000000000000E+00,
   -7.0710678118654302E-01));
#50460=AXIS2_PLACEMENT_3D('',#50430,#50440,#50450);
#50470=ELLIPSE('',#50460,7.0710678118652770E-01,4.9999999999998912E-01);
#50480=CARTESIAN_POINT('',(-3.4134907590252553E+01,
   2.5050785647341851E+01,1.3155580711265237E+01));
#50490=VERTEX_POINT('',#50480);
#50500=EDGE_CURVE('',#50400,#50490,#50470,.T.);
#50510=ORIENTED_EDGE('',*,*,#50500,.F.);
#50520=CARTESIAN_POINT('',(-2.7422569806281828E+01,
   0.0000000000000000E+00,1.9867918495235866E+01));
#50530=DIRECTION('',(-2.5056280708574180E-01,9.3511312653102474E-01,
   -2.5056280708573864E-01));
#50540=VECTOR('',#50530,1.0000000000000000E+00);
#50550=LINE('',#50520,#50540);
#50560=CARTESIAN_POINT('',(-3.4090488301517780E+01,
   2.4885010604947620E+01,1.3199999999999999E+01));
#50570=VERTEX_POINT('',#50560);
#50580=EDGE_CURVE('',#50570,#50490,#50550,.T.);
#50590=ORIENTED_EDGE('',*,*,#50580,.T.);
#50600=CARTESIAN_POINT('',(-3.4090488301517787E+01,
   0.0000000000000000E+00,1.3199999999999999E+01));
#50610=DIRECTION('',(0.0000000000000000E+00,1.0000000000000000E+00,
   0.0000000000000000E+00));
#50620=VECTOR('',#50610,1.0000000000000000E+00);
#50630=LINE('',#50600,#50620);
#50640=CARTESIAN_POINT('',(-3.4090488301517780E+01,
   2.1786376124790618E+01,1.3199999999999999E+01));
#50650=VERTEX_POINT('',#50640);
#50660=EDGE_CURVE('',#50650,#50570,#50630,.T.);
#50670=ORIENTED_EDGE('',*,*,#50660,.T.);
#50680=CARTESIAN_POINT('',(0.0000000000000000E+00,5.5876864426308202E+01
   ,4.7290488301517357E+01));
#50690=DIRECTION('',(5.7735026918962939E-01,5.7735026918962584E-01,
   5.7735026918962207E-01));
#50700=VECTOR('',#50690,1.0000000000000000E+00);
#50710=LINE('',#50680,#50700);
#50720=EDGE_CURVE('',#39100,#50650,#50710,.T.);
#50730=ORIENTED_EDGE('',*,*,#50720,.T.);
#50740=ORIENTED_EDGE('',*,*,#39110,.T.);
#50750=EDGE_LOOP('',(#50740,#50730,#50670,#50590,#50510,#50420));
#50760=FACE_OUTER_BOUND('',#50750,.T.);
#50770=ADVANCED_FACE('',(#50760),#50340,.F.);
#50780=COLOUR_RGB('',5.0196081399917603E-01,1.0000000000000000E+00,
   5.0196081399917603E-01);
#50790=FILL_AREA_STYLE_COLOUR('',#50780);
#50800=FILL_AREA_STYLE('',(#50790));
#50810=SURFACE_STYLE_FILL_AREA(#50800);
#50820=SURFACE_SIDE_STYLE('',(#50810));
#50830=SURFACE_STYLE_USAGE(.BOTH.,#50820);
#50840=PRESENTATION_STYLE_ASSIGNMENT((#50830));
#50850=CARTESIAN_POINT('',(-3.3520488301517801E+01,
   2.2071376124790600E+01,1.0500000000000000E+01));
#50860=DIRECTION('',(1.0000000000000000E+00,0.0000000000000000E+00,
   0.0000000000000000E+00));
#50870=DIRECTION('',(0.0000000000000000E+00,-1.0000000000000000E+00,
   0.0000000000000000E+00));
#50880=AXIS2_PLACEMENT_3D('',#50850,#50860,#50870);
#50890=PLANE('',#50880);
#50900=CARTESIAN_POINT('',(-3.3520488301517801E+01,
   2.3821376124790600E+01,1.1300000000000001E+01));
#50910=DIRECTION('',(0.0000000000000000E+00,-1.0000000000000000E+00,
   0.0000000000000000E+00));
#50920=VECTOR('',#50910,1.0000000000000000E+00);
#50930=LINE('',#50900,#50920);
#50940=CARTESIAN_POINT('',(-3.3520488301517801E+01,
   2.3821376124790600E+01,1.1300000000000001E+01));
#50950=VERTEX_POINT('',#50940);
#50960=CARTESIAN_POINT('',(-3.3520488301517801E+01,
   2.2071376124790600E+01,1.1300000000000001E+01));
#50970=VERTEX_POINT('',#50960);
#50980=EDGE_CURVE('',#50950,#50970,#50930,.T.);
#50990=ORIENTED_EDGE('',*,*,#50980,.F.);
#51000=CARTESIAN_POINT('',(-3.3520488301517801E+01,
   2.2071376124790600E+01,1.0500000000000000E+01));
#51010=DIRECTION('',(0.0000000000000000E+00,0.0000000000000000E+00,
   1.0000000000000000E+00));
#51020=VECTOR('',#51010,1.0000000000000000E+00);
#51030=LINE('',#51000,#51020);
#51040=EDGE_CURVE('',#49730,#50970,#51030,.T.);
#51050=ORIENTED_EDGE('',*,*,#51040,.T.);
#51060=ORIENTED_EDGE('',*,*,#49740,.T.);
#51070=CARTESIAN_POINT('',(-3.3520488301517801E+01,
   2.3821376124790600E+01,1.0500000000000000E+01));
#51080=DIRECTION('',(0.0000000000000000E+00,0.0000000000000000E+00,
   -1.0000000000000000E+00));
#51090=VECTOR('',#51080,1.0000000000000000E+00);
#51100=LINE('',#51070,#51090);
#51110=EDGE_CURVE('',#50950,#49650,#51100,.T.);
#51120=ORIENTED_EDGE('',*,*,#51110,.T.);
#51130=EDGE_LOOP('',(#51120,#51060,#51050,#50990));
#51140=FACE_OUTER_BOUND('',#51130,.T.);
#51150=ADVANCED_FACE('',(#51140),#50890,.F.);
#51160=COLOUR_RGB('',5.0196081399917603E-01,1.0000000000000000E+00,
   5.0196081399917603E-01);
#51170=FILL_AREA_STYLE_COLOUR('',#51160);
#51180=FILL_AREA_STYLE('',(#51170));
#51190=SURFACE_STYLE_FILL_AREA(#51180);
#51200=SURFACE_SIDE_STYLE('',(#51190));
#51210=SURFACE_STYLE_USAGE(.BOTH.,#51200);
#51220=PRESENTATION_STYLE_ASSIGNMENT((#51210));
#51230=CARTESIAN_POINT('',(-3.1355488301517802E+01,
   2.0821376124790600E+01,7.0000000000000000E+00));
#51240=DIRECTION('',(0.0000000000000000E+00,-1.0000000000000000E+00,
   0.0000000000000000E+00));
#51250=DIRECTION('',(1.0000000000000000E+00,0.0000000000000000E+00,
   0.0000000000000000E+00));
#51260=AXIS2_PLACEMENT_3D('',#51230,#51240,#51250);
#51270=CYLINDRICAL_SURFACE('',#51260,5.5000000000000004E-01);
#51280=CARTESIAN_POINT('',(-3.0805488301517801E+01,
   2.0821376124790600E+01,7.0000000000000000E+00));
#51290=DIRECTION('',(0.0000000000000000E+00,-1.0000000000000000E+00,
   0.0000000000000000E+00));
#51300=VECTOR('',#51290,1.0000000000000000E+00);
#51310=LINE('',#51280,#51300);
#51320=CARTESIAN_POINT('',(-3.0805488301517801E+01,
   2.0821376124790600E+01,7.0000000000000000E+00));
#51330=VERTEX_POINT('',#51320);
#51340=EDGE_CURVE('',#51330,#24990,#51310,.T.);
#51350=ORIENTED_EDGE('',*,*,#51340,.T.);
#51360=CARTESIAN_POINT('',(-3.1355488301517802E+01,
   2.0821376124790600E+01,7.0000000000000018E+00));
#51370=DIRECTION('',(0.0000000000000000E+00,-1.0000000000000000E+00,
   0.0000000000000000E+00));
#51380=DIRECTION('',(1.0000000000000000E+00,0.0000000000000000E+00,
   0.0000000000000000E+00));
#51390=AXIS2_PLACEMENT_3D('',#51360,#51370,#51380);
#51400=CIRCLE('',#51390,5.5000000000000004E-01);
#51410=CARTESIAN_POINT('',(-3.1905488301517803E+01,
   2.0821376124790600E+01,7.0000000000000000E+00));
#51420=VERTEX_POINT('',#51410);
#51430=EDGE_CURVE('',#51420,#51330,#51400,.T.);
#51440=ORIENTED_EDGE('',*,*,#51430,.T.);
#51450=CARTESIAN_POINT('',(-3.1905488301517803E+01,
   2.0821376124790600E+01,7.0000000000000000E+00));
#51460=DIRECTION('',(0.0000000000000000E+00,-1.0000000000000000E+00,
   0.0000000000000000E+00));
#51470=VECTOR('',#51460,1.0000000000000000E+00);
#51480=LINE('',#51450,#51470);
#51490=EDGE_CURVE('',#51420,#24900,#51480,.T.);
#51500=ORIENTED_EDGE('',*,*,#51490,.F.);
#51510=ORIENTED_EDGE('',*,*,#48710,.F.);
#51520=EDGE_LOOP('',(#51510,#51500,#51440,#51350));
#51530=FACE_OUTER_BOUND('',#51520,.T.);
#51540=ADVANCED_FACE('',(#51530),#51270,.T.);
#51550=COLOUR_RGB('',9.4901961088180542E-01,9.4901961088180542E-01,
   1.0000000000000000E+00);
#51560=FILL_AREA_STYLE_COLOUR('',#51550);
#51570=FILL_AREA_STYLE('',(#51560));
#51580=SURFACE_STYLE_FILL_AREA(#51570);
#51590=SURFACE_SIDE_STYLE('',(#51580));
#51600=SURFACE_STYLE_USAGE(.BOTH.,#51590);
#51610=PRESENTATION_STYLE_ASSIGNMENT((#51600));
#51620=CARTESIAN_POINT('',(-3.3520488301517801E+01,
   2.3821376124790600E+01,1.0500000000000000E+01));
#51630=DIRECTION('',(-0.0000000000000000E+00,1.0000000000000000E+00,
   0.0000000000000000E+00));
#51640=DIRECTION('',(1.0000000000000000E+00,0.0000000000000000E+00,
   0.0000000000000000E+00));
#51650=AXIS2_PLACEMENT_3D('',#51620,#51630,#51640);
#51660=PLANE('',#51650);
#51670=CARTESIAN_POINT('',(-3.3805488301517798E+01,
   2.3821376124790600E+01,1.1300000000000001E+01));
#51680=DIRECTION('',(1.0000000000000000E+00,0.0000000000000000E+00,
   0.0000000000000000E+00));
#51690=VECTOR('',#51680,1.0000000000000000E+00);
#51700=LINE('',#51670,#51690);
#51710=CARTESIAN_POINT('',(-3.3805488301517791E+01,
   2.3821376124790600E+01,1.1299999999999995E+01));
#51720=VERTEX_POINT('',#51710);
#51730=EDGE_CURVE('',#51720,#50950,#51700,.T.);
#51740=ORIENTED_EDGE('',*,*,#51730,.F.);
#51750=ORIENTED_EDGE('',*,*,#51110,.F.);
#51760=ORIENTED_EDGE('',*,*,#49660,.T.);
#51770=CARTESIAN_POINT('',(-3.3805488301517798E+01,
   2.3821376124790600E+01,1.0500000000000000E+01));
#51780=DIRECTION('',(0.0000000000000000E+00,0.0000000000000000E+00,
   -1.0000000000000000E+00));
#51790=VECTOR('',#51780,1.0000000000000000E+00);
#51800=LINE('',#51770,#51790);
#51810=EDGE_CURVE('',#51720,#49570,#51800,.T.);
#51820=ORIENTED_EDGE('',*,*,#51810,.T.);
#51830=EDGE_LOOP('',(#51820,#51760,#51750,#51740));
#51840=FACE_OUTER_BOUND('',#51830,.T.);
#51850=ADVANCED_FACE('',(#51840),#51660,.F.);
#51860=COLOUR_RGB('',5.0196081399917603E-01,1.0000000000000000E+00,
   5.0196081399917603E-01);
#51870=FILL_AREA_STYLE_COLOUR('',#51860);
#51880=FILL_AREA_STYLE('',(#51870));
#51890=SURFACE_STYLE_FILL_AREA(#51880);
#51900=SURFACE_SIDE_STYLE('',(#51890));
#51910=SURFACE_STYLE_USAGE(.BOTH.,#51900);
#51920=PRESENTATION_STYLE_ASSIGNMENT((#51910));
#51930=CARTESIAN_POINT('',(-3.4617870503397079E+01,
   2.4921376124790601E+01,9.6999999999999993E+00));
#51940=DIRECTION('',(0.0000000000000000E+00,0.0000000000000000E+00,
   1.0000000000000000E+00));
#51950=DIRECTION('',(1.0000000000000000E+00,0.0000000000000000E+00,
   0.0000000000000000E+00));
#51960=AXIS2_PLACEMENT_3D('',#51930,#51940,#51950);
#51970=CYLINDRICAL_SURFACE('',#51960,4.9999999999998912E-01);
#51980=CARTESIAN_POINT('',(-3.4617870503397079E+01,
   2.4921376124790601E+01,1.1827382201879287E+01));
#51990=DIRECTION('',(7.0710678118655212E-01,0.0000000000000000E+00,
   7.0710678118654302E-01));
#52000=DIRECTION('',(7.0710678118654302E-01,0.0000000000000000E+00,
   -7.0710678118655212E-01));
#52010=AXIS2_PLACEMENT_3D('',#51980,#51990,#52000);
#52020=ELLIPSE('',#52010,7.0710678118653658E-01,4.9999999999998901E-01);
#52030=CARTESIAN_POINT('',(-3.4134907590252553E+01,
   2.5050785647341851E+01,1.1344419288734755E+01));
#52040=VERTEX_POINT('',#52030);
#52050=CARTESIAN_POINT('',(-3.4617870503397079E+01,
   2.5421376124790594E+01,1.1827382201879287E+01));
#52060=VERTEX_POINT('',#52050);
#52070=EDGE_CURVE('',#52040,#52060,#52020,.T.);
#52080=ORIENTED_EDGE('',*,*,#52070,.T.);
#52090=CARTESIAN_POINT('',(-3.4134907590252553E+01,
   2.5050785647341851E+01,9.6999999999999993E+00));
#52100=DIRECTION('',(0.0000000000000000E+00,0.0000000000000000E+00,
   -1.0000000000000000E+00));
#52110=VECTOR('',#52100,1.0000000000000000E+00);
#52120=LINE('',#52090,#52110);
#52130=EDGE_CURVE('',#52040,#34840,#52120,.T.);
#52140=ORIENTED_EDGE('',*,*,#52130,.F.);
#52150=ORIENTED_EDGE('',*,*,#34850,.T.);
#52160=CARTESIAN_POINT('',(-3.4617870503397079E+01,
   2.5421376124790594E+01,9.6999999999999993E+00));
#52170=DIRECTION('',(0.0000000000000000E+00,0.0000000000000000E+00,
   1.0000000000000000E+00));
#52180=VECTOR('',#52170,1.0000000000000000E+00);
#52190=LINE('',#52160,#52180);
#52200=EDGE_CURVE('',#34750,#52060,#52190,.T.);
#52210=ORIENTED_EDGE('',*,*,#52200,.F.);
#52220=EDGE_LOOP('',(#52210,#52150,#52140,#52080));
#52230=FACE_OUTER_BOUND('',#52220,.T.);
#52240=ADVANCED_FACE('',(#52230),#51970,.F.);
#52250=COLOUR_RGB('',5.0196081399917603E-01,1.0000000000000000E+00,
   5.0196081399917603E-01);
#52260=FILL_AREA_STYLE_COLOUR('',#52250);
#52270=FILL_AREA_STYLE('',(#52260));
#52280=SURFACE_STYLE_FILL_AREA(#52270);
#52290=SURFACE_SIDE_STYLE('',(#52280));
#52300=SURFACE_STYLE_USAGE(.BOTH.,#52290);
#52310=PRESENTATION_STYLE_ASSIGNMENT((#52300));
#52320=CARTESIAN_POINT('',(-3.4644041692111067E+01,
   2.5421376124790601E+01,9.6999999999999993E+00));
#52330=DIRECTION('',(-0.0000000000000000E+00,1.0000000000000000E+00,
   0.0000000000000000E+00));
#52340=DIRECTION('',(1.0000000000000000E+00,0.0000000000000000E+00,
   0.0000000000000000E+00));
#52350=AXIS2_PLACEMENT_3D('',#52320,#52330,#52340);
#52360=PLANE('',#52350);
#52370=CARTESIAN_POINT('',(-3.4997595082704343E+01,
   2.5421376124790601E+01,1.1499999999999998E+01));
#52380=DIRECTION('',(0.0000000000000000E+00,-1.0000000000000000E+00,
   0.0000000000000000E+00));
#52390=DIRECTION('',(1.0000000000000000E+00,0.0000000000000000E+00,
   0.0000000000000000E+00));
#52400=AXIS2_PLACEMENT_3D('',#52370,#52380,#52390);
#52410=CIRCLE('',#52400,5.0000000000000400E-01);
#52420=CARTESIAN_POINT('',(-3.4644041692111067E+01,
   2.5421376124790601E+01,1.1853553390593275E+01));
#52430=VERTEX_POINT('',#52420);
#52440=EDGE_CURVE('',#52430,#40370,#52410,.T.);
#52450=ORIENTED_EDGE('',*,*,#52440,.T.);
#52460=CARTESIAN_POINT('',(-3.3290488301517811E+01,
   2.5421376124790601E+01,1.0500000000000000E+01));
#52470=DIRECTION('',(7.0710678118654302E-01,0.0000000000000000E+00,
   -7.0710678118655212E-01));
#52480=VECTOR('',#52470,1.0000000000000000E+00);
#52490=LINE('',#52460,#52480);
#52500=EDGE_CURVE('',#52430,#52060,#52490,.T.);
#52510=ORIENTED_EDGE('',*,*,#52500,.F.);
#52520=ORIENTED_EDGE('',*,*,#52200,.T.);
#52530=ORIENTED_EDGE('',*,*,#34760,.F.);
#52540=ORIENTED_EDGE('',*,*,#34530,.T.);
#52550=ORIENTED_EDGE('',*,*,#40440,.F.);
#52560=EDGE_LOOP('',(#52550,#52540,#52530,#52520,#52510,#52450));
#52570=FACE_OUTER_BOUND('',#52560,.T.);
#52580=ADVANCED_FACE('',(#52570),#52360,.F.);
#52590=COLOUR_RGB('',5.0196081399917603E-01,1.0000000000000000E+00,
   5.0196081399917603E-01);
#52600=FILL_AREA_STYLE_COLOUR('',#52590);
#52610=FILL_AREA_STYLE('',(#52600));
#52620=SURFACE_STYLE_FILL_AREA(#52610);
#52630=SURFACE_SIDE_STYLE('',(#52620));
#52640=SURFACE_STYLE_USAGE(.BOTH.,#52630);
#52650=PRESENTATION_STYLE_ASSIGNMENT((#52640));
#52660=CARTESIAN_POINT('',(-3.1355488301517802E+01,
   1.7821376124790600E+01,1.3683974596215561E+01));
#52670=DIRECTION('',(0.0000000000000000E+00,2.5881904510252085E-01,
   9.6592582628906820E-01));
#52680=DIRECTION('',(0.0000000000000000E+00,9.6592582628906842E-01,
   -2.5881904510252091E-01));
#52690=AXIS2_PLACEMENT_3D('',#52660,#52670,#52680);
#52700=PLANE('',#52690);
#52710=CARTESIAN_POINT('',(-3.1105488301517802E+01,
   -2.2653715864353234E+01,2.4529242808282063E+01));
#52720=DIRECTION('',(0.0000000000000000E+00,-9.6592582628906831E-01,
   2.5881904510252091E-01));
#52730=VECTOR('',#52720,1.0000000000000000E+00);
#52740=LINE('',#52710,#52730);
#52750=CARTESIAN_POINT('',(-3.1105488301517802E+01,
   1.8321376124790607E+01,1.3550000000000001E+01));
#52760=VERTEX_POINT('',#52750);
#52770=EDGE_CURVE('',#52760,#26840,#52740,.T.);
#52780=ORIENTED_EDGE('',*,*,#52770,.T.);
#52790=CARTESIAN_POINT('',(-8.4502159542249785E+01,
   1.8321376124790607E+01,1.3550000000000001E+01));
#52800=DIRECTION('',(1.0000000000000000E+00,0.0000000000000000E+00,
   0.0000000000000000E+00));
#52810=VECTOR('',#52800,1.0000000000000000E+00);
#52820=LINE('',#52790,#52810);
#52830=EDGE_CURVE('',#43240,#52760,#52820,.T.);
#52840=ORIENTED_EDGE('',*,*,#52830,.T.);
#52850=ORIENTED_EDGE('',*,*,#43250,.T.);
#52860=ORIENTED_EDGE('',*,*,#26910,.T.);
#52870=EDGE_LOOP('',(#52860,#52850,#52840,#52780));
#52880=FACE_OUTER_BOUND('',#52870,.T.);
#52890=ADVANCED_FACE('',(#52880),#52700,.F.);
#52900=COLOUR_RGB('',9.4901961088180542E-01,9.4901961088180542E-01,
   1.0000000000000000E+00);
#52910=FILL_AREA_STYLE_COLOUR('',#52900);
#52920=FILL_AREA_STYLE('',(#52910));
#52930=SURFACE_STYLE_FILL_AREA(#52920);
#52940=SURFACE_SIDE_STYLE('',(#52930));
#52950=SURFACE_STYLE_USAGE(.BOTH.,#52940);
#52960=PRESENTATION_STYLE_ASSIGNMENT((#52950));
#52970=CARTESIAN_POINT('',(-2.9600332014422605E+01,
   2.2252097309953083E+01,2.3000000000000000E+01));
#52980=DIRECTION('',(1.0000000000000000E+00,0.0000000000000000E+00,
   0.0000000000000000E+00));
#52990=DIRECTION('',(0.0000000000000000E+00,-1.0000000000000000E+00,
   0.0000000000000000E+00));
#53000=AXIS2_PLACEMENT_3D('',#52970,#52980,#52990);
#53010=PLANE('',#53000);
#53020=CARTESIAN_POINT('',(-2.9600332014422605E+01,
   0.0000000000000000E+00,2.3000000000000000E+01));
#53030=DIRECTION('',(0.0000000000000000E+00,1.0000000000000000E+00,
   0.0000000000000000E+00));
#53040=VECTOR('',#53030,1.0000000000000000E+00);
#53050=LINE('',#53020,#53040);
#53060=CARTESIAN_POINT('',(-2.9600332014422605E+01,
   2.2252097309953026E+01,2.3000000000000000E+01));
#53070=VERTEX_POINT('',#53060);
#53080=CARTESIAN_POINT('',(-2.9600332014422658E+01,
   2.2492046260925942E+01,2.3000000000000000E+01));
#53090=VERTEX_POINT('',#53080);
#53100=EDGE_CURVE('',#53070,#53090,#53050,.T.);
#53110=ORIENTED_EDGE('',*,*,#53100,.T.);
#53120=CARTESIAN_POINT('',(-2.9600332014422605E+01,
   2.2252097309953026E+01,2.3000000000000000E+01));
#53130=DIRECTION('',(0.0000000000000000E+00,0.0000000000000000E+00,
   1.0000000000000000E+00));
#53140=VECTOR('',#53130,1.0000000000000000E+00);
#53150=LINE('',#53120,#53140);
#53160=CARTESIAN_POINT('',(-2.9600332014422605E+01,
   2.2252097309953026E+01,2.2899999999999999E+01));
#53170=VERTEX_POINT('',#53160);
#53180=EDGE_CURVE('',#53170,#53070,#53150,.T.);
#53190=ORIENTED_EDGE('',*,*,#53180,.T.);
#53200=CARTESIAN_POINT('',(-2.9600332014422605E+01,
   2.2252097309953083E+01,2.2899999999999999E+01));
#53210=DIRECTION('',(0.0000000000000000E+00,1.0000000000000000E+00,
   0.0000000000000000E+00));
#53220=VECTOR('',#53210,1.0000000000000000E+00);
#53230=LINE('',#53200,#53220);
#53240=CARTESIAN_POINT('',(-2.9600332014422658E+01,
   2.2492046260925942E+01,2.2899999999999999E+01));
#53250=VERTEX_POINT('',#53240);
#53260=EDGE_CURVE('',#53170,#53250,#53230,.T.);
#53270=ORIENTED_EDGE('',*,*,#53260,.F.);
#53280=CARTESIAN_POINT('',(-2.9600332014422658E+01,
   2.2492046260925942E+01,2.3000000000000000E+01));
#53290=DIRECTION('',(0.0000000000000000E+00,0.0000000000000000E+00,
   1.0000000000000000E+00));
#53300=VECTOR('',#53290,1.0000000000000000E+00);
#53310=LINE('',#53280,#53300);
#53320=EDGE_CURVE('',#53250,#53090,#53310,.T.);
#53330=ORIENTED_EDGE('',*,*,#53320,.F.);
#53340=EDGE_LOOP('',(#53330,#53270,#53190,#53110));
#53350=FACE_OUTER_BOUND('',#53340,.T.);
#53360=ADVANCED_FACE('',(#53350),#53010,.F.);
#53370=COLOUR_RGB('',5.0196081399917603E-01,1.0000000000000000E+00,
   5.0196081399917603E-01);
#53380=FILL_AREA_STYLE_COLOUR('',#53370);
#53390=FILL_AREA_STYLE('',(#53380));
#53400=SURFACE_STYLE_FILL_AREA(#53390);
#53410=SURFACE_SIDE_STYLE('',(#53400));
#53420=SURFACE_STYLE_USAGE(.BOTH.,#53410);
#53430=PRESENTATION_STYLE_ASSIGNMENT((#53420));
#53440=CARTESIAN_POINT('',(-3.2611490150567121E+01,
   2.8001376124790593E+01,9.7889728977812354E+00));
#53450=VERTEX_POINT('',#53440);
#53460=EDGE_CURVE('',#53450,#33590,#33570,.T.);
#53470=ORIENTED_EDGE('',*,*,#53460,.T.);
#53480=CARTESIAN_POINT('',(-3.1405488301517792E+01,
   2.8001376124790593E+01,1.0500000000000000E+01));
#53490=DIRECTION('',(0.0000000000000000E+00,1.0000000000000000E+00,
   0.0000000000000000E+00));
#53500=DIRECTION('',(-1.0000000000000000E+00,0.0000000000000000E+00,
   0.0000000000000000E+00));
#53510=AXIS2_PLACEMENT_3D('',#53480,#53490,#53500);
#53520=CIRCLE('',#53510,1.3999999999999999E+00);
#53530=EDGE_CURVE('',#36560,#53450,#53520,.T.);
#53540=ORIENTED_EDGE('',*,*,#53530,.T.);
#53550=ORIENTED_EDGE('',*,*,#36570,.T.);
#53560=ORIENTED_EDGE('',*,*,#33710,.T.);
#53570=EDGE_LOOP('',(#53560,#53550,#53540,#53470));
#53580=FACE_OUTER_BOUND('',#53570,.T.);
#53590=ADVANCED_FACE('',(#53580),#33530,.T.);
#53600=COLOUR_RGB('',9.4901967048645020E-01,9.4901967048645020E-01,
   1.0000000000000000E+00);
#53610=FILL_AREA_STYLE_COLOUR('',#53600);
#53620=FILL_AREA_STYLE('',(#53610));
#53630=SURFACE_STYLE_FILL_AREA(#53620);
#53640=SURFACE_SIDE_STYLE('',(#53630));
#53650=SURFACE_STYLE_USAGE(.BOTH.,#53640);
#53660=PRESENTATION_STYLE_ASSIGNMENT((#53650));
#53670=CARTESIAN_POINT('',(-3.4090488301517780E+01,
   2.1786376124790618E+01,6.2000000000000002E+00));
#53680=DIRECTION('',(7.0710678118654535E-01,-7.0710678118654968E-01,
   0.0000000000000000E+00));
#53690=DIRECTION('',(-7.0710678118654968E-01,-7.0710678118654535E-01,
   0.0000000000000000E+00));
#53700=AXIS2_PLACEMENT_3D('',#53670,#53680,#53690);
#53710=PLANE('',#53700);
#53720=CARTESIAN_POINT('',(-3.4997595082704343E+01,
   2.0879269343604062E+01,7.9999999999999991E+00));
#53730=DIRECTION('',(7.0710678118654535E-01,-7.0710678118654968E-01,
   0.0000000000000000E+00));
#53740=DIRECTION('',(-7.0710678118654968E-01,-7.0710678118654535E-01,
   0.0000000000000000E+00));
#53750=AXIS2_PLACEMENT_3D('',#53720,#53730,#53740);
#53760=ELLIPSE('',#53750,7.0710678118655101E-01,5.0000000000000400E-01);
#53770=CARTESIAN_POINT('',(-3.4644041692111067E+01,
   2.1232822734197338E+01,8.3535533905932748E+00));
#53780=VERTEX_POINT('',#53770);
#53790=EDGE_CURVE('',#53780,#39580,#53760,.T.);
#53800=ORIENTED_EDGE('',*,*,#53790,.F.);
#53810=ORIENTED_EDGE('',*,*,#39590,.F.);
#53820=ORIENTED_EDGE('',*,*,#30140,.F.);
#53830=ORIENTED_EDGE('',*,*,#27490,.F.);
#53840=ORIENTED_EDGE('',*,*,#36370,.F.);
#53850=CARTESIAN_POINT('',(-3.3805488301517805E+01,
   2.2071376124790600E+01,7.0000000000000000E+00));
#53860=DIRECTION('',(0.0000000000000000E+00,0.0000000000000000E+00,
   1.0000000000000000E+00));
#53870=VECTOR('',#53860,1.0000000000000000E+00);
#53880=LINE('',#53850,#53870);
#53890=CARTESIAN_POINT('',(-3.3805488301517805E+01,
   2.2071376124790600E+01,7.7999999999999954E+00));
#53900=VERTEX_POINT('',#53890);
#53910=EDGE_CURVE('',#36300,#53900,#53880,.T.);
#53920=ORIENTED_EDGE('',*,*,#53910,.F.);
#53930=CARTESIAN_POINT('',(0.0000000000000000E+00,5.5876864426308202E+01
   ,7.7999999999999998E+00));
#53940=DIRECTION('',(7.0710678118654968E-01,7.0710678118654535E-01,
   0.0000000000000000E+00));
#53950=VECTOR('',#53940,1.0000000000000000E+00);
#53960=LINE('',#53930,#53950);
#53970=CARTESIAN_POINT('',(-3.4090488301517780E+01,
   2.1786376124790618E+01,7.7999999999999998E+00));
#53980=VERTEX_POINT('',#53970);
#53990=EDGE_CURVE('',#53980,#53900,#53960,.T.);
#54000=ORIENTED_EDGE('',*,*,#53990,.T.);
#54010=CARTESIAN_POINT('',(-3.3290488301517804E+01,
   2.2586376124790586E+01,7.0000000000000000E+00));
#54020=DIRECTION('',(-5.7735026918962440E-01,-5.7735026918962096E-01,
   5.7735026918963195E-01));
#54030=VECTOR('',#54020,1.0000000000000000E+00);
#54040=LINE('',#54010,#54030);
#54050=EDGE_CURVE('',#53980,#53780,#54040,.T.);
#54060=ORIENTED_EDGE('',*,*,#54050,.F.);
#54070=EDGE_LOOP('',(#54060,#54000,#53920,#53840,#53830,#53820,#53810,
   #53800));
#54080=FACE_OUTER_BOUND('',#54070,.T.);
#54090=ADVANCED_FACE('',(#54080),#53710,.F.);
#54100=COLOUR_RGB('',5.0196081399917603E-01,1.0000000000000000E+00,
   5.0196081399917603E-01);
#54110=FILL_AREA_STYLE_COLOUR('',#54100);
#54120=FILL_AREA_STYLE('',(#54110));
#54130=SURFACE_STYLE_FILL_AREA(#54120);
#54140=SURFACE_SIDE_STYLE('',(#54130));
#54150=SURFACE_STYLE_USAGE(.BOTH.,#54140);
#54160=PRESENTATION_STYLE_ASSIGNMENT((#54150));
#54170=CARTESIAN_POINT('',(-3.4090488301517794E+01,
   2.2071376124790600E+01,7.7999999999999954E+00));
#54180=DIRECTION('',(7.0710678118655212E-01,-0.0000000000000000E+00,
   7.0710678118654302E-01));
#54190=DIRECTION('',(7.0710678118654302E-01,0.0000000000000000E+00,
   -7.0710678118655212E-01));
#54200=AXIS2_PLACEMENT_3D('',#54170,#54180,#54190);
#54210=PLANE('',#54200);
#54220=ORIENTED_EDGE('',*,*,#38710,.T.);
#54230=ORIENTED_EDGE('',*,*,#37940,.F.);
#54240=CARTESIAN_POINT('',(-3.3290488301517811E+01,
   2.5421376124790601E+01,7.0000000000000000E+00));
#54250=DIRECTION('',(7.0710678118654302E-01,0.0000000000000000E+00,
   -7.0710678118655212E-01));
#54260=VECTOR('',#54250,1.0000000000000000E+00);
#54270=LINE('',#54240,#54260);
#54280=CARTESIAN_POINT('',(-3.4644041692111067E+01,
   2.5421376124790601E+01,8.3535533905932748E+00));
#54290=VERTEX_POINT('',#54280);
#54300=EDGE_CURVE('',#54290,#37930,#54270,.T.);
#54310=ORIENTED_EDGE('',*,*,#54300,.T.);
#54320=CARTESIAN_POINT('',(-3.4644041692111067E+01,
   0.0000000000000000E+00,8.3535533905932695E+00));
#54330=DIRECTION('',(0.0000000000000000E+00,-1.0000000000000000E+00,
   0.0000000000000000E+00));
#54340=VECTOR('',#54330,1.0000000000000000E+00);
#54350=LINE('',#54320,#54340);
#54360=EDGE_CURVE('',#54290,#53780,#54350,.T.);
#54370=ORIENTED_EDGE('',*,*,#54360,.F.);
#54380=ORIENTED_EDGE('',*,*,#54050,.T.);
#54390=CARTESIAN_POINT('',(-3.4090488301517780E+01,
   0.0000000000000000E+00,7.7999999999999998E+00));
#54400=DIRECTION('',(0.0000000000000000E+00,1.0000000000000000E+00,
   0.0000000000000000E+00));
#54410=VECTOR('',#54400,1.0000000000000000E+00);
#54420=LINE('',#54390,#54410);
#54430=EDGE_CURVE('',#53980,#38700,#54420,.T.);
#54440=ORIENTED_EDGE('',*,*,#54430,.F.);
#54450=EDGE_LOOP('',(#54440,#54380,#54370,#54310,#54230,#54220));
#54460=FACE_OUTER_BOUND('',#54450,.T.);
#54470=ADVANCED_FACE('',(#54460),#54210,.F.);
#54480=COLOUR_RGB('',5.0196081399917603E-01,1.0000000000000000E+00,
   5.0196081399917603E-01);
#54490=FILL_AREA_STYLE_COLOUR('',#54480);
#54500=FILL_AREA_STYLE('',(#54490));
#54510=SURFACE_STYLE_FILL_AREA(#54500);
#54520=SURFACE_SIDE_STYLE('',(#54510));
#54530=SURFACE_STYLE_USAGE(.BOTH.,#54520);
#54540=PRESENTATION_STYLE_ASSIGNMENT((#54530));
#54550=CARTESIAN_POINT('',(-3.3520488301517801E+01,
   2.2071376124790600E+01,7.0000000000000000E+00));
#54560=DIRECTION('',(1.0000000000000000E+00,0.0000000000000000E+00,
   0.0000000000000000E+00));
#54570=DIRECTION('',(0.0000000000000000E+00,-1.0000000000000000E+00,
   0.0000000000000000E+00));
#54580=AXIS2_PLACEMENT_3D('',#54550,#54560,#54570);
#54590=PLANE('',#54580);
#54600=ORIENTED_EDGE('',*,*,#36230,.T.);
#54610=CARTESIAN_POINT('',(-3.3520488301517801E+01,
   2.3821376124790600E+01,7.0000000000000018E+00));
#54620=DIRECTION('',(0.0000000000000000E+00,0.0000000000000000E+00,
   -1.0000000000000000E+00));
#54630=VECTOR('',#54620,1.0000000000000000E+00);
#54640=LINE('',#54610,#54630);
#54650=CARTESIAN_POINT('',(-3.3520488301517801E+01,
   2.3821376124790600E+01,7.7999999999999998E+00));
#54660=VERTEX_POINT('',#54650);
#54670=EDGE_CURVE('',#54660,#36140,#54640,.T.);
#54680=ORIENTED_EDGE('',*,*,#54670,.T.);
#54690=CARTESIAN_POINT('',(-3.3520488301517801E+01,
   2.3821376124790600E+01,7.7999999999999998E+00));
#54700=DIRECTION('',(0.0000000000000000E+00,-1.0000000000000000E+00,
   0.0000000000000000E+00));
#54710=VECTOR('',#54700,1.0000000000000000E+00);
#54720=LINE('',#54690,#54710);
#54730=CARTESIAN_POINT('',(-3.3520488301517801E+01,
   2.2071376124790600E+01,7.7999999999999998E+00));
#54740=VERTEX_POINT('',#54730);
#54750=EDGE_CURVE('',#54660,#54740,#54720,.T.);
#54760=ORIENTED_EDGE('',*,*,#54750,.F.);
#54770=CARTESIAN_POINT('',(-3.3520488301517801E+01,
   2.2071376124790600E+01,7.0000000000000018E+00));
#54780=DIRECTION('',(0.0000000000000000E+00,0.0000000000000000E+00,
   1.0000000000000000E+00));
#54790=VECTOR('',#54780,1.0000000000000000E+00);
#54800=LINE('',#54770,#54790);
#54810=EDGE_CURVE('',#36220,#54740,#54800,.T.);
#54820=ORIENTED_EDGE('',*,*,#54810,.T.);
#54830=EDGE_LOOP('',(#54820,#54760,#54680,#54600));
#54840=FACE_OUTER_BOUND('',#54830,.T.);
#54850=ADVANCED_FACE('',(#54840),#54590,.F.);
#54860=COLOUR_RGB('',5.0196081399917603E-01,1.0000000000000000E+00,
   5.0196081399917603E-01);
#54870=FILL_AREA_STYLE_COLOUR('',#54860);
#54880=FILL_AREA_STYLE('',(#54870));
#54890=SURFACE_STYLE_FILL_AREA(#54880);
#54900=SURFACE_SIDE_STYLE('',(#54890));
#54910=SURFACE_STYLE_USAGE(.BOTH.,#54900);
#54920=PRESENTATION_STYLE_ASSIGNMENT((#54910));
#54930=CARTESIAN_POINT('',(-3.3520488301517801E+01,
   2.3821376124790600E+01,7.0000000000000000E+00));
#54940=DIRECTION('',(-0.0000000000000000E+00,1.0000000000000000E+00,
   0.0000000000000000E+00));
#54950=DIRECTION('',(1.0000000000000000E+00,0.0000000000000000E+00,
   0.0000000000000000E+00));
#54960=AXIS2_PLACEMENT_3D('',#54930,#54940,#54950);
#54970=PLANE('',#54960);
#54980=ORIENTED_EDGE('',*,*,#36150,.T.);
#54990=ORIENTED_EDGE('',*,*,#38850,.T.);
#55000=CARTESIAN_POINT('',(-3.3805488301517798E+01,
   2.3821376124790600E+01,7.7999999999999998E+00));
#55010=DIRECTION('',(1.0000000000000000E+00,0.0000000000000000E+00,
   0.0000000000000000E+00));
#55020=VECTOR('',#55010,1.0000000000000000E+00);
#55030=LINE('',#55000,#55020);
#55040=EDGE_CURVE('',#38780,#54660,#55030,.T.);
#55050=ORIENTED_EDGE('',*,*,#55040,.F.);
#55060=ORIENTED_EDGE('',*,*,#54670,.F.);
#55070=EDGE_LOOP('',(#55060,#55050,#54990,#54980));
#55080=FACE_OUTER_BOUND('',#55070,.T.);
#55090=ADVANCED_FACE('',(#55080),#54970,.F.);
#55100=COLOUR_RGB('',5.0196081399917603E-01,1.0000000000000000E+00,
   5.0196081399917603E-01);
#55110=FILL_AREA_STYLE_COLOUR('',#55100);
#55120=FILL_AREA_STYLE('',(#55110));
#55130=SURFACE_STYLE_FILL_AREA(#55120);
#55140=SURFACE_SIDE_STYLE('',(#55130));
#55150=SURFACE_STYLE_USAGE(.BOTH.,#55140);
#55160=PRESENTATION_STYLE_ASSIGNMENT((#55150));
#55170=CARTESIAN_POINT('',(0.0000000000000000E+00,0.0000000000000000E+00
   ,7.7999999999999998E+00));
#55180=DIRECTION('',(0.0000000000000000E+00,0.0000000000000000E+00,
   1.0000000000000000E+00));
#55190=DIRECTION('',(1.0000000000000000E+00,0.0000000000000000E+00,
   0.0000000000000000E+00));
#55200=AXIS2_PLACEMENT_3D('',#55170,#55180,#55190);
#55210=PLANE('',#55200);
#55220=ORIENTED_EDGE('',*,*,#53990,.F.);
#55230=CARTESIAN_POINT('',(-3.3805488301517798E+01,
   2.2071376124790600E+01,7.7999999999999998E+00));
#55240=DIRECTION('',(1.0000000000000000E+00,0.0000000000000000E+00,
   0.0000000000000000E+00));
#55250=VECTOR('',#55240,1.0000000000000000E+00);
#55260=LINE('',#55230,#55250);
#55270=EDGE_CURVE('',#53900,#54740,#55260,.T.);
#55280=ORIENTED_EDGE('',*,*,#55270,.F.);
#55290=ORIENTED_EDGE('',*,*,#54750,.T.);
#55300=ORIENTED_EDGE('',*,*,#55040,.T.);
#55310=ORIENTED_EDGE('',*,*,#38790,.F.);
#55320=ORIENTED_EDGE('',*,*,#54430,.T.);
#55330=EDGE_LOOP('',(#55320,#55310,#55300,#55290,#55280,#55220));
#55340=FACE_OUTER_BOUND('',#55330,.T.);
#55350=ADVANCED_FACE('',(#55340),#55210,.F.);
#55360=COLOUR_RGB('',5.0196081399917603E-01,1.0000000000000000E+00,
   5.0196081399917603E-01);
#55370=FILL_AREA_STYLE_COLOUR('',#55360);
#55380=FILL_AREA_STYLE('',(#55370));
#55390=SURFACE_STYLE_FILL_AREA(#55380);
#55400=SURFACE_SIDE_STYLE('',(#55390));
#55410=SURFACE_STYLE_USAGE(.BOTH.,#55400);
#55420=PRESENTATION_STYLE_ASSIGNMENT((#55410));
#55430=CARTESIAN_POINT('',(-3.3520488301517801E+01,
   2.2071376124790600E+01,7.0000000000000000E+00));
#55440=DIRECTION('',(-0.0000000000000000E+00,-1.0000000000000000E+00,
   -0.0000000000000000E+00));
#55450=DIRECTION('',(-1.0000000000000000E+00,0.0000000000000000E+00,
   0.0000000000000000E+00));
#55460=AXIS2_PLACEMENT_3D('',#55430,#55440,#55450);
#55470=PLANE('',#55460);
#55480=ORIENTED_EDGE('',*,*,#36310,.F.);
#55490=ORIENTED_EDGE('',*,*,#54810,.F.);
#55500=ORIENTED_EDGE('',*,*,#55270,.T.);
#55510=ORIENTED_EDGE('',*,*,#53910,.T.);
#55520=EDGE_LOOP('',(#55510,#55500,#55490,#55480));
#55530=FACE_OUTER_BOUND('',#55520,.T.);
#55540=ADVANCED_FACE('',(#55530),#55470,.F.);
#55550=COLOUR_RGB('',5.0196081399917603E-01,1.0000000000000000E+00,
   5.0196081399917603E-01);
#55560=FILL_AREA_STYLE_COLOUR('',#55550);
#55570=FILL_AREA_STYLE('',(#55560));
#55580=SURFACE_STYLE_FILL_AREA(#55570);
#55590=SURFACE_SIDE_STYLE('',(#55580));
#55600=SURFACE_STYLE_USAGE(.BOTH.,#55590);
#55610=PRESENTATION_STYLE_ASSIGNMENT((#55600));
#55620=CARTESIAN_POINT('',(-3.1355488301517802E+01,
   1.7821376124790600E+01,1.0183974596215561E+01));
#55630=DIRECTION('',(0.0000000000000000E+00,2.5881904510252085E-01,
   9.6592582628906820E-01));
#55640=DIRECTION('',(0.0000000000000000E+00,9.6592582628906842E-01,
   -2.5881904510252091E-01));
#55650=AXIS2_PLACEMENT_3D('',#55620,#55630,#55640);
#55660=PLANE('',#55650);
#55670=CARTESIAN_POINT('',(-3.1105488301517802E+01,
   -2.2653715864353234E+01,2.1029242808282063E+01));
#55680=DIRECTION('',(0.0000000000000000E+00,-9.6592582628906831E-01,
   2.5881904510252091E-01));
#55690=VECTOR('',#55680,1.0000000000000000E+00);
#55700=LINE('',#55670,#55690);
#55710=CARTESIAN_POINT('',(-3.1105488301517802E+01,
   1.8321376124790607E+01,1.0050000000000001E+01));
#55720=VERTEX_POINT('',#55710);
#55730=CARTESIAN_POINT('',(-3.1105488301517802E+01,
   1.7321376124790600E+01,1.0317949192431122E+01));
#55740=VERTEX_POINT('',#55730);
#55750=EDGE_CURVE('',#55720,#55740,#55700,.T.);
#55760=ORIENTED_EDGE('',*,*,#55750,.T.);
#55770=CARTESIAN_POINT('',(-8.4502159542249785E+01,
   1.8321376124790607E+01,1.0050000000000001E+01));
#55780=DIRECTION('',(1.0000000000000000E+00,0.0000000000000000E+00,
   0.0000000000000000E+00));
#55790=VECTOR('',#55780,1.0000000000000000E+00);
#55800=LINE('',#55770,#55790);
#55810=CARTESIAN_POINT('',(-3.1605488301517802E+01,
   1.8321376124790607E+01,1.0050000000000001E+01));
#55820=VERTEX_POINT('',#55810);
#55830=EDGE_CURVE('',#55820,#55720,#55800,.T.);
#55840=ORIENTED_EDGE('',*,*,#55830,.T.);
#55850=CARTESIAN_POINT('',(-3.1605488301517795E+01,
   -2.2653715864353234E+01,2.1029242808282063E+01));
#55860=DIRECTION('',(0.0000000000000000E+00,9.6592582628906831E-01,
   -2.5881904510252091E-01));
#55870=VECTOR('',#55860,1.0000000000000000E+00);
#55880=LINE('',#55850,#55870);
#55890=CARTESIAN_POINT('',(-3.1605488301517795E+01,
   1.7321376124790607E+01,1.0317949192431120E+01));
#55900=VERTEX_POINT('',#55890);
#55910=EDGE_CURVE('',#55900,#55820,#55880,.T.);
#55920=ORIENTED_EDGE('',*,*,#55910,.T.);
#55930=CARTESIAN_POINT('',(-8.4502159542249785E+01,
   1.7321376124790600E+01,1.0317949192431122E+01));
#55940=DIRECTION('',(-1.0000000000000000E+00,0.0000000000000000E+00,
   0.0000000000000000E+00));
#55950=VECTOR('',#55940,1.0000000000000000E+00);
#55960=LINE('',#55930,#55950);
#55970=EDGE_CURVE('',#55740,#55900,#55960,.T.);
#55980=ORIENTED_EDGE('',*,*,#55970,.T.);
#55990=EDGE_LOOP('',(#55980,#55920,#55840,#55760));
#56000=FACE_OUTER_BOUND('',#55990,.T.);
#56010=ADVANCED_FACE('',(#56000),#55660,.F.);
#56020=COLOUR_RGB('',9.4901961088180542E-01,9.4901961088180542E-01,
   1.0000000000000000E+00);
#56030=FILL_AREA_STYLE_COLOUR('',#56020);
#56040=FILL_AREA_STYLE('',(#56030));
#56050=SURFACE_STYLE_FILL_AREA(#56040);
#56060=SURFACE_SIDE_STYLE('',(#56050));
#56070=SURFACE_STYLE_USAGE(.BOTH.,#56060);
#56080=PRESENTATION_STYLE_ASSIGNMENT((#56070));
#56090=CARTESIAN_POINT('',(-3.1158000928102481E+01,
   2.8001376124790593E+01,1.3752512626584682E+01));
#56100=DIRECTION('',(0.0000000000000000E+00,1.0000000000000000E+00,
   0.0000000000000000E+00));
#56110=DIRECTION('',(7.0710678118654746E-01,0.0000000000000000E+00,
   -7.0710678118654757E-01));
#56120=AXIS2_PLACEMENT_3D('',#56090,#56100,#56110);
#56130=PLANE('',#56120);
#56140=CARTESIAN_POINT('',(-3.1900463048348364E+01,
   2.8001376124790593E+01,1.3999999999999986E+01));
#56150=VERTEX_POINT('',#56140);
#56160=EDGE_CURVE('',#29130,#56150,#29090,.T.);
#56170=ORIENTED_EDGE('',*,*,#56160,.T.);
#56180=CARTESIAN_POINT('',(-3.1355488301517802E+01,
   2.8001376124790593E+01,1.4000000000000000E+01));
#56190=DIRECTION('',(0.0000000000000000E+00,-1.0000000000000000E+00,
   0.0000000000000000E+00));
#56200=DIRECTION('',(1.0000000000000000E+00,0.0000000000000000E+00,
   0.0000000000000000E+00));
#56210=AXIS2_PLACEMENT_3D('',#56180,#56190,#56200);
#56220=CIRCLE('',#56210,5.5000000000000004E-01);
#56230=EDGE_CURVE('',#29130,#35300,#56220,.T.);
#56240=ORIENTED_EDGE('',*,*,#56230,.F.);
#56250=CARTESIAN_POINT('',(-3.0910513554687164E+01,
   2.8001376124790593E+01,1.4000000000000000E+01));
#56260=VERTEX_POINT('',#56250);
#56270=EDGE_CURVE('',#56260,#35300,#35280,.T.);
#56280=ORIENTED_EDGE('',*,*,#56270,.T.);
#56290=CARTESIAN_POINT('',(-8.4502159542249785E+01,
   2.8001376124790593E+01,1.4000000000000000E+01));
#56300=DIRECTION('',(-1.0000000000000000E+00,0.0000000000000000E+00,
   0.0000000000000000E+00));
#56310=VECTOR('',#56300,1.0000000000000000E+00);
#56320=LINE('',#56290,#56310);
#56330=EDGE_CURVE('',#56260,#56150,#56320,.T.);
#56340=ORIENTED_EDGE('',*,*,#56330,.F.);
#56350=EDGE_LOOP('',(#56340,#56280,#56240,#56170));
#56360=FACE_OUTER_BOUND('',#56350,.T.);
#56370=ADVANCED_FACE('',(#56360),#56130,.T.);
#56380=COLOUR_RGB('',9.4901967048645020E-01,9.4901967048645020E-01,
   1.0000000000000000E+00);
#56390=FILL_AREA_STYLE_COLOUR('',#56380);
#56400=FILL_AREA_STYLE('',(#56390));
#56410=SURFACE_STYLE_FILL_AREA(#56400);
#56420=SURFACE_SIDE_STYLE('',(#56410));
#56430=SURFACE_STYLE_USAGE(.BOTH.,#56420);
#56440=PRESENTATION_STYLE_ASSIGNMENT((#56430));
#56450=CARTESIAN_POINT('',(-3.4644041692111067E+01,
   2.5421376124790601E+01,6.2000000000000002E+00));
#56460=DIRECTION('',(-0.0000000000000000E+00,1.0000000000000000E+00,
   0.0000000000000000E+00));
#56470=DIRECTION('',(1.0000000000000000E+00,0.0000000000000000E+00,
   0.0000000000000000E+00));
#56480=AXIS2_PLACEMENT_3D('',#56450,#56460,#56470);
#56490=PLANE('',#56480);
#56500=ORIENTED_EDGE('',*,*,#27160,.F.);
#56510=ORIENTED_EDGE('',*,*,#30290,.T.);
#56520=ORIENTED_EDGE('',*,*,#39730,.F.);
#56530=CARTESIAN_POINT('',(-3.4997595082704343E+01,
   2.5421376124790601E+01,7.9999999999999982E+00));
#56540=DIRECTION('',(0.0000000000000000E+00,-1.0000000000000000E+00,
   0.0000000000000000E+00));
#56550=DIRECTION('',(1.0000000000000000E+00,0.0000000000000000E+00,
   0.0000000000000000E+00));
#56560=AXIS2_PLACEMENT_3D('',#56530,#56540,#56550);
#56570=CIRCLE('',#56560,5.0000000000000400E-01);
#56580=EDGE_CURVE('',#54290,#39660,#56570,.T.);
#56590=ORIENTED_EDGE('',*,*,#56580,.T.);
#56600=ORIENTED_EDGE('',*,*,#54300,.F.);
#56610=ORIENTED_EDGE('',*,*,#38070,.T.);
#56620=EDGE_LOOP('',(#56610,#56600,#56590,#56520,#56510,#56500));
#56630=FACE_OUTER_BOUND('',#56620,.T.);
#56640=ADVANCED_FACE('',(#56630),#56490,.F.);
#56650=COLOUR_RGB('',5.0196081399917603E-01,1.0000000000000000E+00,
   5.0196081399917603E-01);
#56660=FILL_AREA_STYLE_COLOUR('',#56650);
#56670=FILL_AREA_STYLE('',(#56660));
#56680=SURFACE_STYLE_FILL_AREA(#56670);
#56690=SURFACE_SIDE_STYLE('',(#56680));
#56700=SURFACE_STYLE_USAGE(.BOTH.,#56690);
#56710=PRESENTATION_STYLE_ASSIGNMENT((#56700));
#56720=CARTESIAN_POINT('',(-3.4997595082704343E+01,
   2.2071376124790600E+01,7.9999999999999982E+00));
#56730=DIRECTION('',(0.0000000000000000E+00,-1.0000000000000000E+00,
   0.0000000000000000E+00));
#56740=DIRECTION('',(1.0000000000000000E+00,0.0000000000000000E+00,
   0.0000000000000000E+00));
#56750=AXIS2_PLACEMENT_3D('',#56720,#56730,#56740);
#56760=CYLINDRICAL_SURFACE('',#56750,5.0000000000000400E-01);
#56770=ORIENTED_EDGE('',*,*,#56580,.F.);
#56780=ORIENTED_EDGE('',*,*,#39670,.F.);
#56790=ORIENTED_EDGE('',*,*,#53790,.T.);
#56800=ORIENTED_EDGE('',*,*,#54360,.T.);
#56810=EDGE_LOOP('',(#56800,#56790,#56780,#56770));
#56820=FACE_OUTER_BOUND('',#56810,.T.);
#56830=ADVANCED_FACE('',(#56820),#56760,.F.);
#56840=COLOUR_RGB('',5.0196081399917603E-01,1.0000000000000000E+00,
   5.0196081399917603E-01);
#56850=FILL_AREA_STYLE_COLOUR('',#56840);
#56860=FILL_AREA_STYLE('',(#56850));
#56870=SURFACE_STYLE_FILL_AREA(#56860);
#56880=SURFACE_SIDE_STYLE('',(#56870));
#56890=SURFACE_STYLE_USAGE(.BOTH.,#56880);
#56900=PRESENTATION_STYLE_ASSIGNMENT((#56890));
#56910=CARTESIAN_POINT('',(-3.1405488301517799E+01,
   2.8561376124790595E+01,7.0000000000000000E+00));
#56920=DIRECTION('',(0.0000000000000000E+00,-1.0000000000000000E+00,
   0.0000000000000000E+00));
#56930=DIRECTION('',(-1.0000000000000000E+00,0.0000000000000000E+00,
   0.0000000000000000E+00));
#56940=AXIS2_PLACEMENT_3D('',#56910,#56920,#56930);
#56950=CYLINDRICAL_SURFACE('',#56940,1.4499999999999993E+00);
#56960=CARTESIAN_POINT('',(-3.2855488301517795E+01,
   2.8561376124790595E+01,7.0000000000000000E+00));
#56970=DIRECTION('',(0.0000000000000000E+00,-1.0000000000000000E+00,
   0.0000000000000000E+00));
#56980=VECTOR('',#56970,1.0000000000000000E+00);
#56990=LINE('',#56960,#56980);
#57000=CARTESIAN_POINT('',(-3.2855488301517795E+01,
   2.9321376124790600E+01,7.0000000000000000E+00));
#57010=VERTEX_POINT('',#57000);
#57020=EDGE_CURVE('',#57010,#42440,#56990,.T.);
#57030=ORIENTED_EDGE('',*,*,#57020,.F.);
#57040=ORIENTED_EDGE('',*,*,#42490,.T.);
#57050=CARTESIAN_POINT('',(-2.9955488301517800E+01,
   2.8561376124790595E+01,7.0000000000000000E+00));
#57060=DIRECTION('',(0.0000000000000000E+00,-1.0000000000000000E+00,
   0.0000000000000000E+00));
#57070=VECTOR('',#57060,1.0000000000000000E+00);
#57080=LINE('',#57050,#57070);
#57090=CARTESIAN_POINT('',(-2.9955488301517800E+01,
   2.9321376124790600E+01,7.0000000000000000E+00));
#57100=VERTEX_POINT('',#57090);
#57110=EDGE_CURVE('',#57100,#42460,#57080,.T.);
#57120=ORIENTED_EDGE('',*,*,#57110,.T.);
#57130=CARTESIAN_POINT('',(-3.1405488301517799E+01,
   2.9321376124790600E+01,7.0000000000000018E+00));
#57140=DIRECTION('',(0.0000000000000000E+00,-1.0000000000000000E+00,
   0.0000000000000000E+00));
#57150=DIRECTION('',(-1.0000000000000000E+00,0.0000000000000000E+00,
   0.0000000000000000E+00));
#57160=AXIS2_PLACEMENT_3D('',#57130,#57140,#57150);
#57170=CIRCLE('',#57160,1.4499999999999993E+00);
#57180=EDGE_CURVE('',#57100,#57010,#57170,.T.);
#57190=ORIENTED_EDGE('',*,*,#57180,.F.);
#57200=EDGE_LOOP('',(#57190,#57120,#57040,#57030));
#57210=FACE_OUTER_BOUND('',#57200,.T.);
#57220=ADVANCED_FACE('',(#57210),#56950,.F.);
#57230=COLOUR_RGB('',5.0196081399917603E-01,1.0000000000000000E+00,
   5.0196081399917603E-01);
#57240=FILL_AREA_STYLE_COLOUR('',#57230);
#57250=FILL_AREA_STYLE('',(#57240));
#57260=SURFACE_STYLE_FILL_AREA(#57250);
#57270=SURFACE_SIDE_STYLE('',(#57260));
#57280=SURFACE_STYLE_USAGE(.BOTH.,#57270);
#57290=PRESENTATION_STYLE_ASSIGNMENT((#57280));
#57300=CARTESIAN_POINT('',(-3.1652975674933074E+01,
   2.8601376124790594E+01,7.2474873734152823E+00));
#57310=DIRECTION('',(7.0710678118654746E-01,0.0000000000000000E+00,
   -7.0710678118654757E-01));
#57320=DIRECTION('',(0.0000000000000000E+00,-1.0000000000000000E+00,
   0.0000000000000000E+00));
#57330=AXIS2_PLACEMENT_3D('',#57300,#57310,#57320);
#57340=PLANE('',#57330);
#57350=ORIENTED_EDGE('',*,*,#32680,.T.);
#57360=CARTESIAN_POINT('',(-8.4502159542249785E+01,
   2.8001376124790593E+01,-4.5601696493901422E+01));
#57370=DIRECTION('',(7.0710678118654757E-01,0.0000000000000000E+00,
   7.0710678118654746E-01));
#57380=VECTOR('',#57370,1.0000000000000000E+00);
#57390=LINE('',#57360,#57380);
#57400=CARTESIAN_POINT('',(-3.1350485798849824E+01,
   2.8001376124790593E+01,7.5499772494995199E+00));
#57410=VERTEX_POINT('',#57400);
#57420=EDGE_CURVE('',#17990,#57410,#57390,.T.);
#57430=ORIENTED_EDGE('',*,*,#57420,.F.);
#57440=CARTESIAN_POINT('',(-3.1350485798848844E+01,
   3.9321376124790604E+01,7.5499772494995110E+00));
#57450=DIRECTION('',(0.0000000000000000E+00,-1.0000000000000000E+00,
   0.0000000000000000E+00));
#57460=VECTOR('',#57450,1.0000000000000000E+00);
#57470=LINE('',#57440,#57460);
#57480=CARTESIAN_POINT('',(-3.1350485798850627E+01,
   2.8601376124790601E+01,7.5499772494995270E+00));
#57490=VERTEX_POINT('',#57480);
#57500=EDGE_CURVE('',#57490,#57410,#57470,.T.);
#57510=ORIENTED_EDGE('',*,*,#57500,.T.);
#57520=CARTESIAN_POINT('',(-8.4502159542249785E+01,
   2.8601376124790601E+01,-4.5601696493901422E+01));
#57530=DIRECTION('',(-7.0710678118654757E-01,0.0000000000000000E+00,
   -7.0710678118654746E-01));
#57540=VECTOR('',#57530,1.0000000000000000E+00);
#57550=LINE('',#57520,#57540);
#57560=EDGE_CURVE('',#57490,#32670,#57550,.T.);
#57570=ORIENTED_EDGE('',*,*,#57560,.F.);
#57580=EDGE_LOOP('',(#57570,#57510,#57430,#57350));
#57590=FACE_OUTER_BOUND('',#57580,.T.);
#57600=ADVANCED_FACE('',(#57590),#57340,.T.);
#57610=COLOUR_RGB('',9.4901967048645020E-01,9.4901967048645020E-01,
   1.0000000000000000E+00);
#57620=FILL_AREA_STYLE_COLOUR('',#57610);
#57630=FILL_AREA_STYLE('',(#57620));
#57640=SURFACE_STYLE_FILL_AREA(#57630);
#57650=SURFACE_SIDE_STYLE('',(#57640));
#57660=SURFACE_STYLE_USAGE(.BOTH.,#57650);
#57670=PRESENTATION_STYLE_ASSIGNMENT((#57660));
#57680=CARTESIAN_POINT('',(-3.0694461199299042E+01,
   2.8001376124790593E+01,8.2060018490493150E+00));
#57690=VERTEX_POINT('',#57680);
#57700=EDGE_CURVE('',#57410,#57690,#57390,.T.);
#57710=ORIENTED_EDGE('',*,*,#57700,.F.);
#57720=CARTESIAN_POINT('',(-3.0694461199299035E+01,
   2.7145319094080318E+01,8.2060018490493256E+00));
#57730=DIRECTION('',(0.0000000000000000E+00,1.0000000000000000E+00,
   0.0000000000000000E+00));
#57740=VECTOR('',#57730,1.0000000000000000E+00);
#57750=LINE('',#57720,#57740);
#57760=CARTESIAN_POINT('',(-3.0694461199299035E+01,
   2.8601376124790601E+01,8.2060018490493256E+00));
#57770=VERTEX_POINT('',#57760);
#57780=EDGE_CURVE('',#57690,#57770,#57750,.T.);
#57790=ORIENTED_EDGE('',*,*,#57780,.F.);
#57800=EDGE_CURVE('',#57770,#57490,#57550,.T.);
#57810=ORIENTED_EDGE('',*,*,#57800,.F.);
#57820=ORIENTED_EDGE('',*,*,#57500,.F.);
#57830=EDGE_LOOP('',(#57820,#57810,#57790,#57710));
#57840=FACE_OUTER_BOUND('',#57830,.T.);
#57850=ADVANCED_FACE('',(#57840),#57340,.T.);
#57860=COLOUR_RGB('',9.4901967048645020E-01,9.4901967048645020E-01,
   1.0000000000000000E+00);
#57870=FILL_AREA_STYLE_COLOUR('',#57860);
#57880=FILL_AREA_STYLE('',(#57870));
#57890=SURFACE_STYLE_FILL_AREA(#57880);
#57900=SURFACE_SIDE_STYLE('',(#57890));
#57910=SURFACE_STYLE_USAGE(.BOTH.,#57900);
#57920=PRESENTATION_STYLE_ASSIGNMENT((#57910));
#57930=CARTESIAN_POINT('',(-3.4997595082704343E+01,
   2.2071376124790600E+01,1.6500000000000000E+01));
#57940=DIRECTION('',(0.0000000000000000E+00,-1.0000000000000000E+00,
   0.0000000000000000E+00));
#57950=DIRECTION('',(1.0000000000000000E+00,0.0000000000000000E+00,
   0.0000000000000000E+00));
#57960=AXIS2_PLACEMENT_3D('',#57930,#57940,#57950);
#57970=CYLINDRICAL_SURFACE('',#57960,5.0000000000000000E-01);
#57980=CARTESIAN_POINT('',(-3.4644041692111067E+01,
   2.2071376124790600E+01,1.6146446609406727E+01));
#57990=DIRECTION('',(0.0000000000000000E+00,-1.0000000000000000E+00,
   0.0000000000000000E+00));
#58000=VECTOR('',#57990,1.0000000000000000E+00);
#58010=LINE('',#57980,#58000);
#58020=CARTESIAN_POINT('',(-3.4644041692111067E+01,
   2.5421376124790601E+01,1.6146446609406727E+01));
#58030=VERTEX_POINT('',#58020);
#58040=CARTESIAN_POINT('',(-3.4644041692111067E+01,
   2.1232822734197338E+01,1.6146446609406727E+01));
#58050=VERTEX_POINT('',#58040);
#58060=EDGE_CURVE('',#58030,#58050,#58010,.T.);
#58070=ORIENTED_EDGE('',*,*,#58060,.F.);
#58080=CARTESIAN_POINT('',(-3.4997595082704343E+01,
   2.0879269343604062E+01,1.6500000000000000E+01));
#58090=DIRECTION('',(7.0710678118654535E-01,-7.0710678118654968E-01,
   0.0000000000000000E+00));
#58100=DIRECTION('',(-7.0710678118654968E-01,-7.0710678118654535E-01,
   0.0000000000000000E+00));
#58110=AXIS2_PLACEMENT_3D('',#58080,#58090,#58100);
#58120=ELLIPSE('',#58110,7.0710678118654535E-01,5.0000000000000000E-01);
#58130=EDGE_CURVE('',#39960,#58050,#58120,.T.);
#58140=ORIENTED_EDGE('',*,*,#58130,.T.);
#58150=ORIENTED_EDGE('',*,*,#39970,.T.);
#58160=CARTESIAN_POINT('',(-3.4997595082704343E+01,
   2.5421376124790601E+01,1.6500000000000000E+01));
#58170=DIRECTION('',(0.0000000000000000E+00,-1.0000000000000000E+00,
   0.0000000000000000E+00));
#58180=DIRECTION('',(1.0000000000000000E+00,0.0000000000000000E+00,
   0.0000000000000000E+00));
#58190=AXIS2_PLACEMENT_3D('',#58160,#58170,#58180);
#58200=CIRCLE('',#58190,5.0000000000000000E-01);
#58210=EDGE_CURVE('',#39940,#58030,#58200,.T.);
#58220=ORIENTED_EDGE('',*,*,#58210,.F.);
#58230=EDGE_LOOP('',(#58220,#58150,#58140,#58070));
#58240=FACE_OUTER_BOUND('',#58230,.T.);
#58250=ADVANCED_FACE('',(#58240),#57970,.F.);
#58260=COLOUR_RGB('',5.0196081399917603E-01,1.0000000000000000E+00,
   5.0196081399917603E-01);
#58270=FILL_AREA_STYLE_COLOUR('',#58260);
#58280=FILL_AREA_STYLE('',(#58270));
#58290=SURFACE_STYLE_FILL_AREA(#58280);
#58300=SURFACE_SIDE_STYLE('',(#58290));
#58310=SURFACE_STYLE_USAGE(.BOTH.,#58300);
#58320=PRESENTATION_STYLE_ASSIGNMENT((#58310));
#58330=CARTESIAN_POINT('',(-3.1405488301517792E+01,
   2.7145319094080318E+01,7.0000000000000000E+00));
#58340=DIRECTION('',(0.0000000000000000E+00,1.0000000000000000E+00,
   0.0000000000000000E+00));
#58350=DIRECTION('',(-1.0000000000000000E+00,0.0000000000000000E+00,
   0.0000000000000000E+00));
#58360=AXIS2_PLACEMENT_3D('',#58330,#58340,#58350);
#58370=CYLINDRICAL_SURFACE('',#58360,1.3999999999999999E+00);
#58380=CARTESIAN_POINT('',(-3.0005488301517794E+01,
   2.7145319094080318E+01,7.0000000000000000E+00));
#58390=DIRECTION('',(0.0000000000000000E+00,1.0000000000000000E+00,
   0.0000000000000000E+00));
#58400=VECTOR('',#58390,1.0000000000000000E+00);
#58410=LINE('',#58380,#58400);
#58420=CARTESIAN_POINT('',(-3.0005488301517794E+01,
   2.8601376124790601E+01,7.0000000000000000E+00));
#58430=VERTEX_POINT('',#58420);
#58440=EDGE_CURVE('',#42610,#58430,#58410,.T.);
#58450=ORIENTED_EDGE('',*,*,#58440,.F.);
#58460=CARTESIAN_POINT('',(-3.1405488301517792E+01,
   2.8601376124790601E+01,7.0000000000000000E+00));
#58470=DIRECTION('',(0.0000000000000000E+00,1.0000000000000000E+00,
   0.0000000000000000E+00));
#58480=DIRECTION('',(-1.0000000000000000E+00,0.0000000000000000E+00,
   0.0000000000000000E+00));
#58490=AXIS2_PLACEMENT_3D('',#58460,#58470,#58480);
#58500=CIRCLE('',#58490,1.3999999999999999E+00);
#58510=EDGE_CURVE('',#58430,#22850,#58500,.T.);
#58520=ORIENTED_EDGE('',*,*,#58510,.F.);
#58530=ORIENTED_EDGE('',*,*,#22860,.T.);
#58540=ORIENTED_EDGE('',*,*,#42190,.F.);
#58550=ORIENTED_EDGE('',*,*,#47710,.F.);
#58560=CARTESIAN_POINT('',(-3.1405488301517792E+01,
   2.8601376124790601E+01,7.0000000000000000E+00));
#58570=DIRECTION('',(0.0000000000000000E+00,1.0000000000000000E+00,
   0.0000000000000000E+00));
#58580=DIRECTION('',(-1.0000000000000000E+00,0.0000000000000000E+00,
   0.0000000000000000E+00));
#58590=AXIS2_PLACEMENT_3D('',#58560,#58570,#58580);
#58600=CIRCLE('',#58590,1.3999999999999999E+00);
#58610=CARTESIAN_POINT('',(-3.2805488301517791E+01,
   2.8601376124790601E+01,7.0000000000000000E+00));
#58620=VERTEX_POINT('',#58610);
#58630=EDGE_CURVE('',#47640,#58620,#58600,.T.);
#58640=ORIENTED_EDGE('',*,*,#58630,.F.);
#58650=CARTESIAN_POINT('',(-3.2805488301517791E+01,
   2.7145319094080318E+01,7.0000000000000000E+00));
#58660=DIRECTION('',(0.0000000000000000E+00,1.0000000000000000E+00,
   0.0000000000000000E+00));
#58670=VECTOR('',#58660,1.0000000000000000E+00);
#58680=LINE('',#58650,#58670);
#58690=EDGE_CURVE('',#42590,#58620,#58680,.T.);
#58700=ORIENTED_EDGE('',*,*,#58690,.T.);
#58710=ORIENTED_EDGE('',*,*,#42640,.T.);
#58720=EDGE_LOOP('',(#58710,#58700,#58640,#58550,#58540,#58530,#58520,
   #58450));
#58730=FACE_OUTER_BOUND('',#58720,.T.);
#58740=ADVANCED_FACE('',(#58730),#58370,.T.);
#58750=COLOUR_RGB('',9.4901967048645020E-01,9.4901967048645020E-01,
   1.0000000000000000E+00);
#58760=FILL_AREA_STYLE_COLOUR('',#58750);
#58770=FILL_AREA_STYLE('',(#58760));
#58780=SURFACE_STYLE_FILL_AREA(#58770);
#58790=SURFACE_SIDE_STYLE('',(#58780));
#58800=SURFACE_STYLE_USAGE(.BOTH.,#58790);
#58810=PRESENTATION_STYLE_ASSIGNMENT((#58800));
#58820=CARTESIAN_POINT('',(-3.2074229385564998E+01,
   2.8601376124790601E+01,7.6687410840472054E+00));
#58830=DIRECTION('',(0.0000000000000000E+00,1.0000000000000000E+00,
   0.0000000000000000E+00));
#58840=DIRECTION('',(7.0710678118654746E-01,0.0000000000000000E+00,
   -7.0710678118654757E-01));
#58850=AXIS2_PLACEMENT_3D('',#58820,#58830,#58840);
#58860=PLANE('',#58850);
#58870=ORIENTED_EDGE('',*,*,#57800,.T.);
#58880=EDGE_CURVE('',#58620,#57770,#58600,.T.);
#58890=ORIENTED_EDGE('',*,*,#58880,.T.);
#58900=ORIENTED_EDGE('',*,*,#58630,.T.);
#58910=ORIENTED_EDGE('',*,*,#47650,.T.);
#58920=ORIENTED_EDGE('',*,*,#33010,.T.);
#58930=CARTESIAN_POINT('',(-3.1355488301517802E+01,
   2.8601376124790601E+01,7.0000000000000000E+00));
#58940=DIRECTION('',(0.0000000000000000E+00,-1.0000000000000000E+00,
   0.0000000000000000E+00));
#58950=DIRECTION('',(1.0000000000000000E+00,0.0000000000000000E+00,
   0.0000000000000000E+00));
#58960=AXIS2_PLACEMENT_3D('',#58930,#58940,#58950);
#58970=CIRCLE('',#58960,5.5000000000000004E-01);
#58980=EDGE_CURVE('',#57490,#33000,#58970,.T.);
#58990=ORIENTED_EDGE('',*,*,#58980,.T.);
#59000=EDGE_LOOP('',(#58990,#58920,#58910,#58900,#58890,#58870));
#59010=FACE_OUTER_BOUND('',#59000,.T.);
#59020=ADVANCED_FACE('',(#59010),#58860,.T.);
#59030=COLOUR_RGB('',9.4901967048645020E-01,9.4901967048645020E-01,
   1.0000000000000000E+00);
#59040=FILL_AREA_STYLE_COLOUR('',#59030);
#59050=FILL_AREA_STYLE('',(#59040));
#59060=SURFACE_STYLE_FILL_AREA(#59050);
#59070=SURFACE_SIDE_STYLE('',(#59060));
#59080=SURFACE_STYLE_USAGE(.BOTH.,#59070);
#59090=PRESENTATION_STYLE_ASSIGNMENT((#59080));
#59100=CARTESIAN_POINT('',(-3.1158000928102481E+01,
   2.8001376124790593E+01,6.7525126265846822E+00));
#59110=DIRECTION('',(0.0000000000000000E+00,1.0000000000000000E+00,
   0.0000000000000000E+00));
#59120=DIRECTION('',(7.0710678118654746E-01,0.0000000000000000E+00,
   -7.0710678118654757E-01));
#59130=AXIS2_PLACEMENT_3D('',#59100,#59110,#59120);
#59140=PLANE('',#59130);
#59150=CARTESIAN_POINT('',(-8.4502159542249785E+01,
   2.8001376124790593E+01,-4.6591645987562615E+01));
#59160=DIRECTION('',(-7.0710678118654757E-01,0.0000000000000000E+00,
   -7.0710678118654746E-01));
#59170=VECTOR('',#59160,1.0000000000000000E+00);
#59180=LINE('',#59150,#59170);
#59190=CARTESIAN_POINT('',(-3.0199486452468442E+01,
   2.8001376124790593E+01,7.7110271022187193E+00));
#59200=VERTEX_POINT('',#59190);
#59210=CARTESIAN_POINT('',(-3.0814019159546973E+01,
   2.8001376124790593E+01,7.0964943951396995E+00));
#59220=VERTEX_POINT('',#59210);
#59230=EDGE_CURVE('',#59200,#59220,#59180,.T.);
#59240=ORIENTED_EDGE('',*,*,#59230,.T.);
#59250=CARTESIAN_POINT('',(-3.1405488301517792E+01,
   2.8001376124790593E+01,7.0000000000000000E+00));
#59260=DIRECTION('',(0.0000000000000000E+00,1.0000000000000000E+00,
   0.0000000000000000E+00));
#59270=DIRECTION('',(-1.0000000000000000E+00,0.0000000000000000E+00,
   0.0000000000000000E+00));
#59280=AXIS2_PLACEMENT_3D('',#59250,#59260,#59270);
#59290=CIRCLE('',#59280,1.3999999999999999E+00);
#59300=EDGE_CURVE('',#57690,#59200,#59290,.T.);
#59310=ORIENTED_EDGE('',*,*,#59300,.T.);
#59320=ORIENTED_EDGE('',*,*,#57700,.T.);
#59330=CARTESIAN_POINT('',(-3.1355488301517802E+01,
   2.8001376124790593E+01,7.0000000000000000E+00));
#59340=DIRECTION('',(0.0000000000000000E+00,-1.0000000000000000E+00,
   0.0000000000000000E+00));
#59350=DIRECTION('',(1.0000000000000000E+00,0.0000000000000000E+00,
   0.0000000000000000E+00));
#59360=AXIS2_PLACEMENT_3D('',#59330,#59340,#59350);
#59370=CIRCLE('',#59360,5.5000000000000004E-01);
#59380=EDGE_CURVE('',#59220,#57410,#59370,.T.);
#59390=ORIENTED_EDGE('',*,*,#59380,.T.);
#59400=EDGE_LOOP('',(#59390,#59320,#59310,#59240));
#59410=FACE_OUTER_BOUND('',#59400,.T.);
#59420=ADVANCED_FACE('',(#59410),#59140,.T.);
#59430=COLOUR_RGB('',9.4901967048645020E-01,9.4901967048645020E-01,
   1.0000000000000000E+00);
#59440=FILL_AREA_STYLE_COLOUR('',#59430);
#59450=FILL_AREA_STYLE('',(#59440));
#59460=SURFACE_STYLE_FILL_AREA(#59450);
#59470=SURFACE_SIDE_STYLE('',(#59460));
#59480=SURFACE_STYLE_USAGE(.BOTH.,#59470);
#59490=PRESENTATION_STYLE_ASSIGNMENT((#59480));
#59500=ORIENTED_EDGE('',*,*,#59380,.F.);
#59510=ORIENTED_EDGE('',*,*,#57420,.T.);
#59520=ORIENTED_EDGE('',*,*,#18230,.T.);
#59530=EDGE_CURVE('',#59220,#18160,#59180,.T.);
#59540=ORIENTED_EDGE('',*,*,#59530,.T.);
#59550=EDGE_LOOP('',(#59540,#59520,#59510,#59500));
#59560=FACE_OUTER_BOUND('',#59550,.T.);
#59570=ADVANCED_FACE('',(#59560),#59140,.T.);
#59580=COLOUR_RGB('',9.4901967048645020E-01,9.4901967048645020E-01,
   1.0000000000000000E+00);
#59590=FILL_AREA_STYLE_COLOUR('',#59580);
#59600=FILL_AREA_STYLE('',(#59590));
#59610=SURFACE_STYLE_FILL_AREA(#59600);
#59620=SURFACE_SIDE_STYLE('',(#59610));
#59630=SURFACE_STYLE_USAGE(.BOTH.,#59620);
#59640=PRESENTATION_STYLE_ASSIGNMENT((#59630));
#59650=CARTESIAN_POINT('',(-3.1158000928102481E+01,
   2.7601376124790594E+01,6.7525126265846822E+00));
#59660=DIRECTION('',(-7.0710678118654746E-01,0.0000000000000000E+00,
   7.0710678118654757E-01));
#59670=DIRECTION('',(0.0000000000000000E+00,1.0000000000000000E+00,
   0.0000000000000000E+00));
#59680=AXIS2_PLACEMENT_3D('',#59650,#59660,#59670);
#59690=PLANE('',#59680);
#59700=ORIENTED_EDGE('',*,*,#59230,.F.);
#59710=CARTESIAN_POINT('',(-3.0814019159547051E+01,
   3.9321376124790604E+01,7.0964943951401143E+00));
#59720=DIRECTION('',(0.0000000000000000E+00,-1.0000000000000000E+00,
   0.0000000000000000E+00));
#59730=VECTOR('',#59720,1.0000000000000000E+00);
#59740=LINE('',#59710,#59730);
#59750=CARTESIAN_POINT('',(-3.0814019159547051E+01,
   2.8601376124790601E+01,7.0964943951401143E+00));
#59760=VERTEX_POINT('',#59750);
#59770=EDGE_CURVE('',#59760,#59220,#59740,.T.);
#59780=ORIENTED_EDGE('',*,*,#59770,.T.);
#59790=CARTESIAN_POINT('',(-8.4502159542249785E+01,
   2.8601376124790601E+01,-4.6591645987562615E+01));
#59800=DIRECTION('',(7.0710678118654757E-01,0.0000000000000000E+00,
   7.0710678118654746E-01));
#59810=VECTOR('',#59800,1.0000000000000000E+00);
#59820=LINE('',#59790,#59810);
#59830=CARTESIAN_POINT('',(-3.0199486452468442E+01,
   2.8601376124790601E+01,7.7110271022187193E+00));
#59840=VERTEX_POINT('',#59830);
#59850=EDGE_CURVE('',#59760,#59840,#59820,.T.);
#59860=ORIENTED_EDGE('',*,*,#59850,.F.);
#59870=CARTESIAN_POINT('',(-3.0199486452468442E+01,
   2.7145319094080318E+01,7.7110271022187193E+00));
#59880=DIRECTION('',(0.0000000000000000E+00,1.0000000000000000E+00,
   0.0000000000000000E+00));
#59890=VECTOR('',#59880,1.0000000000000000E+00);
#59900=LINE('',#59870,#59890);
#59910=EDGE_CURVE('',#59200,#59840,#59900,.T.);
#59920=ORIENTED_EDGE('',*,*,#59910,.T.);
#59930=EDGE_LOOP('',(#59920,#59860,#59780,#59700));
#59940=FACE_OUTER_BOUND('',#59930,.T.);
#59950=ADVANCED_FACE('',(#59940),#59690,.T.);
#59960=COLOUR_RGB('',9.4901967048645020E-01,9.4901967048645020E-01,
   1.0000000000000000E+00);
#59970=FILL_AREA_STYLE_COLOUR('',#59960);
#59980=FILL_AREA_STYLE('',(#59970));
#59990=SURFACE_STYLE_FILL_AREA(#59980);
#60000=SURFACE_SIDE_STYLE('',(#59990));
#60010=SURFACE_STYLE_USAGE(.BOTH.,#60000);
#60020=PRESENTATION_STYLE_ASSIGNMENT((#60010));
#60030=ORIENTED_EDGE('',*,*,#59530,.F.);
#60040=ORIENTED_EDGE('',*,*,#34040,.T.);
#60050=EDGE_CURVE('',#26410,#59760,#59820,.T.);
#60060=ORIENTED_EDGE('',*,*,#60050,.F.);
#60070=ORIENTED_EDGE('',*,*,#59770,.F.);
#60080=EDGE_LOOP('',(#60070,#60060,#60040,#60030));
#60090=FACE_OUTER_BOUND('',#60080,.T.);
#60100=ADVANCED_FACE('',(#60090),#59690,.T.);
#60110=COLOUR_RGB('',9.4901967048645020E-01,9.4901967048645020E-01,
   1.0000000000000000E+00);
#60120=FILL_AREA_STYLE_COLOUR('',#60110);
#60130=FILL_AREA_STYLE('',(#60120));
#60140=SURFACE_STYLE_FILL_AREA(#60130);
#60150=SURFACE_SIDE_STYLE('',(#60140));
#60160=SURFACE_STYLE_USAGE(.BOTH.,#60150);
#60170=PRESENTATION_STYLE_ASSIGNMENT((#60160));
#60180=ORIENTED_EDGE('',*,*,#26340,.T.);
#60190=ORIENTED_EDGE('',*,*,#22940,.T.);
#60200=ORIENTED_EDGE('',*,*,#58510,.T.);
#60210=EDGE_CURVE('',#59840,#58430,#58500,.T.);
#60220=ORIENTED_EDGE('',*,*,#60210,.T.);
#60230=ORIENTED_EDGE('',*,*,#59850,.T.);
#60240=CARTESIAN_POINT('',(-3.1355488301517802E+01,
   2.8601376124790601E+01,7.0000000000000000E+00));
#60250=DIRECTION('',(0.0000000000000000E+00,-1.0000000000000000E+00,
   0.0000000000000000E+00));
#60260=DIRECTION('',(1.0000000000000000E+00,0.0000000000000000E+00,
   0.0000000000000000E+00));
#60270=AXIS2_PLACEMENT_3D('',#60240,#60250,#60260);
#60280=CIRCLE('',#60270,5.5000000000000004E-01);
#60290=EDGE_CURVE('',#26330,#59760,#60280,.T.);
#60300=ORIENTED_EDGE('',*,*,#60290,.T.);
#60310=EDGE_LOOP('',(#60300,#60230,#60220,#60200,#60190,#60180));
#60320=FACE_OUTER_BOUND('',#60310,.T.);
#60330=ADVANCED_FACE('',(#60320),#58860,.T.);
#60340=COLOUR_RGB('',9.4901967048645020E-01,9.4901967048645020E-01,
   1.0000000000000000E+00);
#60350=FILL_AREA_STYLE_COLOUR('',#60340);
#60360=FILL_AREA_STYLE('',(#60350));
#60370=SURFACE_STYLE_FILL_AREA(#60360);
#60380=SURFACE_SIDE_STYLE('',(#60370));
#60390=SURFACE_STYLE_USAGE(.BOTH.,#60380);
#60400=PRESENTATION_STYLE_ASSIGNMENT((#60390));
#60410=ORIENTED_EDGE('',*,*,#58980,.F.);
#60420=ORIENTED_EDGE('',*,*,#33080,.T.);
#60430=ORIENTED_EDGE('',*,*,#57560,.T.);
#60440=EDGE_LOOP('',(#60430,#60420,#60410));
#60450=FACE_OUTER_BOUND('',#60440,.T.);
#60460=ADVANCED_FACE('',(#60450),#58860,.T.);
#60470=COLOUR_RGB('',9.4901967048645020E-01,9.4901967048645020E-01,
   1.0000000000000000E+00);
#60480=FILL_AREA_STYLE_COLOUR('',#60470);
#60490=FILL_AREA_STYLE('',(#60480));
#60500=SURFACE_STYLE_FILL_AREA(#60490);
#60510=SURFACE_SIDE_STYLE('',(#60500));
#60520=SURFACE_STYLE_USAGE(.BOTH.,#60510);
#60530=PRESENTATION_STYLE_ASSIGNMENT((#60520));
#60540=ORIENTED_EDGE('',*,*,#60290,.F.);
#60550=ORIENTED_EDGE('',*,*,#60050,.T.);
#60560=ORIENTED_EDGE('',*,*,#26420,.T.);
#60570=EDGE_LOOP('',(#60560,#60550,#60540));
#60580=FACE_OUTER_BOUND('',#60570,.T.);
#60590=ADVANCED_FACE('',(#60580),#58860,.T.);
#60600=COLOUR_RGB('',9.4901967048645020E-01,9.4901967048645020E-01,
   1.0000000000000000E+00);
#60610=FILL_AREA_STYLE_COLOUR('',#60600);
#60620=FILL_AREA_STYLE('',(#60610));
#60630=SURFACE_STYLE_FILL_AREA(#60620);
#60640=SURFACE_SIDE_STYLE('',(#60630));
#60650=SURFACE_STYLE_USAGE(.BOTH.,#60640);
#60660=PRESENTATION_STYLE_ASSIGNMENT((#60650));
#60670=ORIENTED_EDGE('',*,*,#53460,.F.);
#60680=ORIENTED_EDGE('',*,*,#50180,.T.);
#60690=CARTESIAN_POINT('',(-3.2611490150567114E+01,
   2.8601376124790601E+01,9.7889728977812371E+00));
#60700=VERTEX_POINT('',#60690);
#60710=EDGE_CURVE('',#36930,#60700,#36990,.T.);
#60720=ORIENTED_EDGE('',*,*,#60710,.F.);
#60730=CARTESIAN_POINT('',(-3.2611490150567114E+01,
   2.7145319094080318E+01,9.7889728977812371E+00));
#60740=DIRECTION('',(0.0000000000000000E+00,1.0000000000000000E+00,
   0.0000000000000000E+00));
#60750=VECTOR('',#60740,1.0000000000000000E+00);
#60760=LINE('',#60730,#60750);
#60770=EDGE_CURVE('',#53450,#60700,#60760,.T.);
#60780=ORIENTED_EDGE('',*,*,#60770,.T.);
#60790=EDGE_LOOP('',(#60780,#60720,#60680,#60670));
#60800=FACE_OUTER_BOUND('',#60790,.T.);
#60810=ADVANCED_FACE('',(#60800),#50050,.T.);
#60820=COLOUR_RGB('',9.4901967048645020E-01,9.4901967048645020E-01,
   1.0000000000000000E+00);
#60830=FILL_AREA_STYLE_COLOUR('',#60820);
#60840=FILL_AREA_STYLE('',(#60830));
#60850=SURFACE_STYLE_FILL_AREA(#60840);
#60860=SURFACE_SIDE_STYLE('',(#60850));
#60870=SURFACE_STYLE_USAGE(.BOTH.,#60860);
#60880=PRESENTATION_STYLE_ASSIGNMENT((#60870));
#60890=CARTESIAN_POINT('',(-3.1105488301517802E+01,
   2.0321376124790600E+01,1.0050000000000001E+01));
#60900=DIRECTION('',(0.0000000000000000E+00,0.0000000000000000E+00,
   -1.0000000000000000E+00));
#60910=DIRECTION('',(-1.0000000000000000E+00,0.0000000000000000E+00,
   0.0000000000000000E+00));
#60920=AXIS2_PLACEMENT_3D('',#60890,#60900,#60910);
#60930=PLANE('',#60920);
#60940=CARTESIAN_POINT('',(-3.1605488301517802E+01,
   -2.2653715864353234E+01,1.0050000000000001E+01));
#60950=DIRECTION('',(0.0000000000000000E+00,-1.0000000000000000E+00,
   0.0000000000000000E+00));
#60960=VECTOR('',#60950,1.0000000000000000E+00);
#60970=LINE('',#60940,#60960);
#60980=EDGE_CURVE('',#37400,#55820,#60970,.T.);
#60990=ORIENTED_EDGE('',*,*,#60980,.F.);
#61000=ORIENTED_EDGE('',*,*,#55830,.F.);
#61010=CARTESIAN_POINT('',(-3.1105488301517802E+01,
   -2.2653715864353234E+01,1.0050000000000001E+01));
#61020=DIRECTION('',(0.0000000000000000E+00,1.0000000000000000E+00,
   0.0000000000000000E+00));
#61030=VECTOR('',#61020,1.0000000000000000E+00);
#61040=LINE('',#61010,#61030);
#61050=EDGE_CURVE('',#55720,#37480,#61040,.T.);
#61060=ORIENTED_EDGE('',*,*,#61050,.F.);
#61070=ORIENTED_EDGE('',*,*,#37490,.T.);
#61080=EDGE_LOOP('',(#61070,#61060,#61000,#60990));
#61090=FACE_OUTER_BOUND('',#61080,.T.);
#61100=ADVANCED_FACE('',(#61090),#60930,.T.);
#61110=COLOUR_RGB('',9.4901961088180542E-01,9.4901961088180542E-01,
   1.0000000000000000E+00);
#61120=FILL_AREA_STYLE_COLOUR('',#61110);
#61130=FILL_AREA_STYLE('',(#61120));
#61140=SURFACE_STYLE_FILL_AREA(#61130);
#61150=SURFACE_SIDE_STYLE('',(#61140));
#61160=SURFACE_STYLE_USAGE(.BOTH.,#61150);
#61170=PRESENTATION_STYLE_ASSIGNMENT((#61160));
#61180=CARTESIAN_POINT('',(-3.1105488301517802E+01,
   2.0321376124790600E+01,1.0949999999999999E+01));
#61190=DIRECTION('',(1.0000000000000000E+00,-0.0000000000000000E+00,
   0.0000000000000000E+00));
#61200=DIRECTION('',(0.0000000000000000E+00,0.0000000000000000E+00,
   -1.0000000000000000E+00));
#61210=AXIS2_PLACEMENT_3D('',#61180,#61190,#61200);
#61220=PLANE('',#61210);
#61230=ORIENTED_EDGE('',*,*,#37570,.F.);
#61240=ORIENTED_EDGE('',*,*,#61050,.T.);
#61250=ORIENTED_EDGE('',*,*,#55750,.F.);
#61260=CARTESIAN_POINT('',(-3.1105488301517802E+01,
   1.7321376124790600E+01,1.2000000000000000E+01));
#61270=DIRECTION('',(0.0000000000000000E+00,0.0000000000000000E+00,
   -1.0000000000000000E+00));
#61280=VECTOR('',#61270,1.0000000000000000E+00);
#61290=LINE('',#61260,#61280);
#61300=CARTESIAN_POINT('',(-3.1105488301517802E+01,
   1.7321376124790600E+01,1.0682050807568878E+01));
#61310=VERTEX_POINT('',#61300);
#61320=EDGE_CURVE('',#61310,#55740,#61290,.T.);
#61330=ORIENTED_EDGE('',*,*,#61320,.T.);
#61340=CARTESIAN_POINT('',(-3.1105488301517802E+01,
   -2.2653715864353234E+01,-2.9242808282061716E-02));
#61350=DIRECTION('',(0.0000000000000000E+00,9.6592582628906831E-01,
   2.5881904510252091E-01));
#61360=VECTOR('',#61350,1.0000000000000000E+00);
#61370=LINE('',#61340,#61360);
#61380=EDGE_CURVE('',#61310,#42860,#61370,.T.);
#61390=ORIENTED_EDGE('',*,*,#61380,.F.);
#61400=ORIENTED_EDGE('',*,*,#42870,.T.);
#61410=ORIENTED_EDGE('',*,*,#41750,.F.);
#61420=EDGE_LOOP('',(#61410,#61400,#61390,#61330,#61250,#61240,#61230));
#61430=FACE_OUTER_BOUND('',#61420,.T.);
#61440=ADVANCED_FACE('',(#61430),#61220,.T.);
#61450=COLOUR_RGB('',9.4901961088180542E-01,9.4901961088180542E-01,
   1.0000000000000000E+00);
#61460=FILL_AREA_STYLE_COLOUR('',#61450);
#61470=FILL_AREA_STYLE('',(#61460));
#61480=SURFACE_STYLE_FILL_AREA(#61470);
#61490=SURFACE_SIDE_STYLE('',(#61480));
#61500=SURFACE_STYLE_USAGE(.BOTH.,#61490);
#61510=PRESENTATION_STYLE_ASSIGNMENT((#61500));
#61520=CARTESIAN_POINT('',(-2.9886031253416185E+01,
   1.7321376124790600E+01,9.2269224911855865E+00));
#61530=DIRECTION('',(0.0000000000000000E+00,-1.0000000000000000E+00,
   0.0000000000000000E+00));
#61540=DIRECTION('',(1.0000000000000000E+00,0.0000000000000000E+00,
   0.0000000000000000E+00));
#61550=AXIS2_PLACEMENT_3D('',#61520,#61530,#61540);
#61560=PLANE('',#61550);
#61570=ORIENTED_EDGE('',*,*,#9790,.F.);
#61580=ORIENTED_EDGE('',*,*,#33370,.F.);
#61590=ORIENTED_EDGE('',*,*,#28670,.T.);
#61600=CARTESIAN_POINT('',(-8.4502159542249785E+01,
   1.7321376124790600E+01,7.1820508075688769E+00));
#61610=DIRECTION('',(1.0000000000000000E+00,0.0000000000000000E+00,
   0.0000000000000000E+00));
#61620=VECTOR('',#61610,1.0000000000000000E+00);
#61630=LINE('',#61600,#61620);
#61640=EDGE_CURVE('',#28580,#9780,#61630,.T.);
#61650=ORIENTED_EDGE('',*,*,#61640,.F.);
#61660=EDGE_LOOP('',(#61650,#61590,#61580,#61570));
#61670=FACE_OUTER_BOUND('',#61660,.T.);
#61680=ADVANCED_FACE('',(#61670),#61560,.T.);
#61690=COLOUR_RGB('',9.4901961088180542E-01,9.4901961088180542E-01,
   1.0000000000000000E+00);
#61700=FILL_AREA_STYLE_COLOUR('',#61690);
#61710=FILL_AREA_STYLE('',(#61700));
#61720=SURFACE_STYLE_FILL_AREA(#61710);
#61730=SURFACE_SIDE_STYLE('',(#61720));
#61740=SURFACE_STYLE_USAGE(.BOTH.,#61730);
#61750=PRESENTATION_STYLE_ASSIGNMENT((#61740));
#61760=ORIENTED_EDGE('',*,*,#33790,.F.);
#61770=ORIENTED_EDGE('',*,*,#36730,.T.);
#61780=ORIENTED_EDGE('',*,*,#18630,.F.);
#61790=CARTESIAN_POINT('',(-3.0910513554687164E+01,
   -2.2653715864353234E+01,1.0500000000000000E+01));
#61800=DIRECTION('',(-0.0000000000000000E+00,-1.0000000000000000E+00,
   0.0000000000000000E+00));
#61810=VECTOR('',#61800,1.0000000000000000E+00);
#61820=LINE('',#61790,#61810);
#61830=EDGE_CURVE('',#18560,#33780,#61820,.T.);
#61840=ORIENTED_EDGE('',*,*,#61830,.F.);
#61850=EDGE_LOOP('',(#61840,#61780,#61770,#61760));
#61860=FACE_OUTER_BOUND('',#61850,.T.);
#61870=ADVANCED_FACE('',(#61860),#36540,.T.);
#61880=COLOUR_RGB('',9.4901967048645020E-01,9.4901967048645020E-01,
   1.0000000000000000E+00);
#61890=FILL_AREA_STYLE_COLOUR('',#61880);
#61900=FILL_AREA_STYLE('',(#61890));
#61910=SURFACE_STYLE_FILL_AREA(#61900);
#61920=SURFACE_SIDE_STYLE('',(#61910));
#61930=SURFACE_STYLE_USAGE(.BOTH.,#61920);
#61940=PRESENTATION_STYLE_ASSIGNMENT((#61930));
#61950=CARTESIAN_POINT('',(-3.1355488301517802E+01,
   1.7821376124790600E+01,7.3160254037844386E+00));
#61960=DIRECTION('',(0.0000000000000000E+00,-2.5881904510252085E-01,
   9.6592582628906820E-01));
#61970=DIRECTION('',(0.0000000000000000E+00,9.6592582628906842E-01,
   2.5881904510252091E-01));
#61980=AXIS2_PLACEMENT_3D('',#61950,#61960,#61970);
#61990=PLANE('',#61980);
#62000=ORIENTED_EDGE('',*,*,#28590,.T.);
#62010=ORIENTED_EDGE('',*,*,#29870,.T.);
#62020=ORIENTED_EDGE('',*,*,#9870,.T.);
#62030=ORIENTED_EDGE('',*,*,#61640,.T.);
#62040=EDGE_LOOP('',(#62030,#62020,#62010,#62000));
#62050=FACE_OUTER_BOUND('',#62040,.T.);
#62060=ADVANCED_FACE('',(#62050),#61990,.T.);
#62070=COLOUR_RGB('',9.4901961088180542E-01,9.4901961088180542E-01,
   1.0000000000000000E+00);
#62080=FILL_AREA_STYLE_COLOUR('',#62070);
#62090=FILL_AREA_STYLE('',(#62080));
#62100=SURFACE_STYLE_FILL_AREA(#62090);
#62110=SURFACE_SIDE_STYLE('',(#62100));
#62120=SURFACE_STYLE_USAGE(.BOTH.,#62110);
#62130=PRESENTATION_STYLE_ASSIGNMENT((#62120));
#62140=CARTESIAN_POINT('',(-3.1605488301517802E+01,
   2.0321376124790600E+01,1.4449999999999999E+01));
#62150=DIRECTION('',(0.0000000000000000E+00,0.0000000000000000E+00,
   1.0000000000000000E+00));
#62160=DIRECTION('',(1.0000000000000000E+00,0.0000000000000000E+00,
   0.0000000000000000E+00));
#62170=AXIS2_PLACEMENT_3D('',#62140,#62150,#62160);
#62180=PLANE('',#62170);
#62190=CARTESIAN_POINT('',(-3.1105488301517802E+01,
   -2.2653715864353234E+01,1.4449999999999999E+01));
#62200=DIRECTION('',(0.0000000000000000E+00,-1.0000000000000000E+00,
   0.0000000000000000E+00));
#62210=VECTOR('',#62200,1.0000000000000000E+00);
#62220=LINE('',#62190,#62210);
#62230=CARTESIAN_POINT('',(-3.1105488301517802E+01,
   1.8321376124790607E+01,1.4449999999999999E+01));
#62240=VERTEX_POINT('',#62230);
#62250=EDGE_CURVE('',#44070,#62240,#62220,.T.);
#62260=ORIENTED_EDGE('',*,*,#62250,.F.);
#62270=CARTESIAN_POINT('',(-8.4502159542249785E+01,
   1.8321376124790607E+01,1.4449999999999999E+01));
#62280=DIRECTION('',(-1.0000000000000000E+00,0.0000000000000000E+00,
   0.0000000000000000E+00));
#62290=VECTOR('',#62280,1.0000000000000000E+00);
#62300=LINE('',#62270,#62290);
#62310=EDGE_CURVE('',#62240,#43560,#62300,.T.);
#62320=ORIENTED_EDGE('',*,*,#62310,.F.);
#62330=ORIENTED_EDGE('',*,*,#43570,.F.);
#62340=ORIENTED_EDGE('',*,*,#44160,.T.);
#62350=EDGE_LOOP('',(#62340,#62330,#62320,#62260));
#62360=FACE_OUTER_BOUND('',#62350,.T.);
#62370=ADVANCED_FACE('',(#62360),#62180,.T.);
#62380=COLOUR_RGB('',9.4901961088180542E-01,9.4901961088180542E-01,
   1.0000000000000000E+00);
#62390=FILL_AREA_STYLE_COLOUR('',#62380);
#62400=FILL_AREA_STYLE('',(#62390));
#62410=SURFACE_STYLE_FILL_AREA(#62400);
#62420=SURFACE_SIDE_STYLE('',(#62410));
#62430=SURFACE_STYLE_USAGE(.BOTH.,#62420);
#62440=PRESENTATION_STYLE_ASSIGNMENT((#62430));
#62450=CARTESIAN_POINT('',(-3.0780488301517799E+01,
   2.7601376124790601E+01,1.0500000000000000E+01));
#62460=DIRECTION('',(-0.0000000000000000E+00,1.0000000000000000E+00,
   0.0000000000000000E+00));
#62470=DIRECTION('',(1.0000000000000000E+00,0.0000000000000000E+00,
   0.0000000000000000E+00));
#62480=AXIS2_PLACEMENT_3D('',#62450,#62460,#62470);
#62490=PLANE('',#62480);
#62500=CARTESIAN_POINT('',(-3.1405488301517792E+01,
   2.7601376124790601E+01,1.0500000000000000E+01));
#62510=DIRECTION('',(0.0000000000000000E+00,1.0000000000000000E+00,
   0.0000000000000000E+00));
#62520=DIRECTION('',(-1.0000000000000000E+00,0.0000000000000000E+00,
   0.0000000000000000E+00));
#62530=AXIS2_PLACEMENT_3D('',#62500,#62510,#62520);
#62540=CIRCLE('',#62530,1.3999999999999999E+00);
#62550=CARTESIAN_POINT('',(-3.2805488301517791E+01,
   2.7601376124790601E+01,1.0500000000000000E+01));
#62560=VERTEX_POINT('',#62550);
#62570=CARTESIAN_POINT('',(-3.0005488301517794E+01,
   2.7601376124790601E+01,1.0500000000000000E+01));
#62580=VERTEX_POINT('',#62570);
#62590=EDGE_CURVE('',#62560,#62580,#62540,.T.);
#62600=ORIENTED_EDGE('',*,*,#62590,.F.);
#62610=EDGE_CURVE('',#62580,#62560,#62540,.T.);
#62620=ORIENTED_EDGE('',*,*,#62610,.F.);
#62630=EDGE_LOOP('',(#62620,#62600));
#62640=FACE_BOUND('',#62630,.T.);
#62650=CARTESIAN_POINT('',(-3.1405488301517799E+01,
   2.7601376124790601E+01,1.0500000000000000E+01));
#62660=DIRECTION('',(0.0000000000000000E+00,-1.0000000000000000E+00,
   0.0000000000000000E+00));
#62670=DIRECTION('',(-1.0000000000000000E+00,0.0000000000000000E+00,
   0.0000000000000000E+00));
#62680=AXIS2_PLACEMENT_3D('',#62650,#62660,#62670);
#62690=CIRCLE('',#62680,1.4499999999999993E+00);
#62700=CARTESIAN_POINT('',(-3.2855488301517795E+01,
   2.7601376124790601E+01,1.0500000000000000E+01));
#62710=VERTEX_POINT('',#62700);
#62720=CARTESIAN_POINT('',(-2.9955488301517800E+01,
   2.7601376124790601E+01,1.0500000000000000E+01));
#62730=VERTEX_POINT('',#62720);
#62740=EDGE_CURVE('',#62710,#62730,#62690,.T.);
#62750=ORIENTED_EDGE('',*,*,#62740,.F.);
#62760=EDGE_CURVE('',#62730,#62710,#62690,.T.);
#62770=ORIENTED_EDGE('',*,*,#62760,.F.);
#62780=EDGE_LOOP('',(#62770,#62750));
#62790=FACE_OUTER_BOUND('',#62780,.T.);
#62800=ADVANCED_FACE('',(#62640,#62790),#62490,.T.);
#62810=COLOUR_RGB('',5.0196081399917603E-01,1.0000000000000000E+00,
   5.0196081399917603E-01);
#62820=FILL_AREA_STYLE_COLOUR('',#62810);
#62830=FILL_AREA_STYLE('',(#62820));
#62840=SURFACE_STYLE_FILL_AREA(#62830);
#62850=SURFACE_SIDE_STYLE('',(#62840));
#62860=SURFACE_STYLE_USAGE(.BOTH.,#62850);
#62870=PRESENTATION_STYLE_ASSIGNMENT((#62860));
#62880=CARTESIAN_POINT('',(-2.8366284114095805E+01,
   2.4110580312212679E+01,2.3000000000000000E+01));
#62890=DIRECTION('',(0.0000000000000000E+00,0.0000000000000000E+00,
   1.0000000000000000E+00));
#62900=DIRECTION('',(1.0000000000000000E+00,0.0000000000000000E+00,
   0.0000000000000000E+00));
#62910=AXIS2_PLACEMENT_3D('',#62880,#62890,#62900);
#62920=CYLINDRICAL_SURFACE('',#62910,2.1079581257799873E-01);
#62930=CARTESIAN_POINT('',(-2.8366284114095805E+01,
   2.4110580312212679E+01,2.3000000000000000E+01));
#62940=DIRECTION('',(0.0000000000000000E+00,0.0000000000000000E+00,
   1.0000000000000000E+00));
#62950=DIRECTION('',(1.0000000000000000E+00,0.0000000000000000E+00,
   0.0000000000000000E+00));
#62960=AXIS2_PLACEMENT_3D('',#62930,#62940,#62950);
#62970=CIRCLE('',#62960,2.1079581257799873E-01);
#62980=CARTESIAN_POINT('',(-2.8155488301517806E+01,
   2.4110580312212679E+01,2.3000000000000000E+01));
#62990=VERTEX_POINT('',#62980);
#63000=CARTESIAN_POINT('',(-2.8366284114095805E+01,
   2.4321376124790600E+01,2.3000000000000000E+01));
#63010=VERTEX_POINT('',#63000);
#63020=EDGE_CURVE('',#62990,#63010,#62970,.T.);
#63030=ORIENTED_EDGE('',*,*,#63020,.T.);
#63040=CARTESIAN_POINT('',(-2.8155488301517806E+01,
   2.4110580312212679E+01,2.3000000000000000E+01));
#63050=DIRECTION('',(0.0000000000000000E+00,0.0000000000000000E+00,
   1.0000000000000000E+00));
#63060=VECTOR('',#63050,1.0000000000000000E+00);
#63070=LINE('',#63040,#63060);
#63080=CARTESIAN_POINT('',(-2.8155488301517806E+01,
   2.4110580312212679E+01,2.2899999999999999E+01));
#63090=VERTEX_POINT('',#63080);
#63100=EDGE_CURVE('',#63090,#62990,#63070,.T.);
#63110=ORIENTED_EDGE('',*,*,#63100,.T.);
#63120=CARTESIAN_POINT('',(-2.8366284114095805E+01,
   2.4110580312212679E+01,2.2899999999999999E+01));
#63130=DIRECTION('',(0.0000000000000000E+00,0.0000000000000000E+00,
   1.0000000000000000E+00));
#63140=DIRECTION('',(1.0000000000000000E+00,0.0000000000000000E+00,
   0.0000000000000000E+00));
#63150=AXIS2_PLACEMENT_3D('',#63120,#63130,#63140);
#63160=CIRCLE('',#63150,2.1079581257799873E-01);
#63170=CARTESIAN_POINT('',(-2.8366284114095805E+01,
   2.4321376124790600E+01,2.2899999999999999E+01));
#63180=VERTEX_POINT('',#63170);
#63190=EDGE_CURVE('',#63090,#63180,#63160,.T.);
#63200=ORIENTED_EDGE('',*,*,#63190,.F.);
#63210=CARTESIAN_POINT('',(-2.8366284114095805E+01,
   2.4321376124790600E+01,2.3000000000000000E+01));
#63220=DIRECTION('',(0.0000000000000000E+00,0.0000000000000000E+00,
   -1.0000000000000000E+00));
#63230=VECTOR('',#63220,1.0000000000000000E+00);
#63240=LINE('',#63210,#63230);
#63250=EDGE_CURVE('',#63010,#63180,#63240,.T.);
#63260=ORIENTED_EDGE('',*,*,#63250,.T.);
#63270=EDGE_LOOP('',(#63260,#63200,#63110,#63030));
#63280=FACE_OUTER_BOUND('',#63270,.T.);
#63290=ADVANCED_FACE('',(#63280),#62920,.F.);
#63300=COLOUR_RGB('',5.0196081399917603E-01,1.0000000000000000E+00,
   5.0196081399917603E-01);
#63310=FILL_AREA_STYLE_COLOUR('',#63300);
#63320=FILL_AREA_STYLE('',(#63310));
#63330=SURFACE_STYLE_FILL_AREA(#63320);
#63340=SURFACE_SIDE_STYLE('',(#63330));
#63350=SURFACE_STYLE_USAGE(.BOTH.,#63340);
#63360=PRESENTATION_STYLE_ASSIGNMENT((#63350));
#63370=CARTESIAN_POINT('',(-2.9820957162801903E+01,
   2.3838270739176441E+01,2.3000000000000000E+01));
#63380=DIRECTION('',(-1.0000000000000000E+00,0.0000000000000000E+00,
   0.0000000000000000E+00));
#63390=DIRECTION('',(0.0000000000000000E+00,1.0000000000000000E+00,
   0.0000000000000000E+00));
#63400=AXIS2_PLACEMENT_3D('',#63370,#63380,#63390);
#63410=PLANE('',#63400);
#63420=CARTESIAN_POINT('',(-2.9820957162801903E+01,
   0.0000000000000000E+00,2.3000000000000000E+01));
#63430=DIRECTION('',(0.0000000000000000E+00,-1.0000000000000000E+00,
   0.0000000000000000E+00));
#63440=VECTOR('',#63430,1.0000000000000000E+00);
#63450=LINE('',#63420,#63440);
#63460=CARTESIAN_POINT('',(-2.9820957162801903E+01,
   2.3838270739176519E+01,2.3000000000000000E+01));
#63470=VERTEX_POINT('',#63460);
#63480=CARTESIAN_POINT('',(-2.9820957162802095E+01,
   2.3598321788203702E+01,2.3000000000000000E+01));
#63490=VERTEX_POINT('',#63480);
#63500=EDGE_CURVE('',#63470,#63490,#63450,.T.);
#63510=ORIENTED_EDGE('',*,*,#63500,.T.);
#63520=CARTESIAN_POINT('',(-2.9820957162801903E+01,
   2.3838270739176519E+01,2.3000000000000000E+01));
#63530=DIRECTION('',(0.0000000000000000E+00,0.0000000000000000E+00,
   1.0000000000000000E+00));
#63540=VECTOR('',#63530,1.0000000000000000E+00);
#63550=LINE('',#63520,#63540);
#63560=CARTESIAN_POINT('',(-2.9820957162801903E+01,
   2.3838270739176519E+01,2.2899999999999999E+01));
#63570=VERTEX_POINT('',#63560);
#63580=EDGE_CURVE('',#63570,#63470,#63550,.T.);
#63590=ORIENTED_EDGE('',*,*,#63580,.T.);
#63600=CARTESIAN_POINT('',(-2.9820957162801903E+01,
   2.3838270739176441E+01,2.2899999999999999E+01));
#63610=DIRECTION('',(0.0000000000000000E+00,-1.0000000000000000E+00,
   0.0000000000000000E+00));
#63620=VECTOR('',#63610,1.0000000000000000E+00);
#63630=LINE('',#63600,#63620);
#63640=CARTESIAN_POINT('',(-2.9820957162802095E+01,
   2.3598321788203702E+01,2.2899999999999999E+01));
#63650=VERTEX_POINT('',#63640);
#63660=EDGE_CURVE('',#63570,#63650,#63630,.T.);
#63670=ORIENTED_EDGE('',*,*,#63660,.F.);
#63680=CARTESIAN_POINT('',(-2.9820957162802095E+01,
   2.3598321788203702E+01,2.3000000000000000E+01));
#63690=DIRECTION('',(0.0000000000000000E+00,0.0000000000000000E+00,
   1.0000000000000000E+00));
#63700=VECTOR('',#63690,1.0000000000000000E+00);
#63710=LINE('',#63680,#63700);
#63720=EDGE_CURVE('',#63650,#63490,#63710,.T.);
#63730=ORIENTED_EDGE('',*,*,#63720,.F.);
#63740=EDGE_LOOP('',(#63730,#63670,#63590,#63510));
#63750=FACE_OUTER_BOUND('',#63740,.T.);
#63760=ADVANCED_FACE('',(#63750),#63410,.F.);
#63770=COLOUR_RGB('',5.0196081399917603E-01,1.0000000000000000E+00,
   5.0196081399917603E-01);
#63780=FILL_AREA_STYLE_COLOUR('',#63770);
#63790=FILL_AREA_STYLE('',(#63780));
#63800=SURFACE_STYLE_FILL_AREA(#63790);
#63810=SURFACE_SIDE_STYLE('',(#63800));
#63820=SURFACE_STYLE_USAGE(.BOTH.,#63810);
#63830=PRESENTATION_STYLE_ASSIGNMENT((#63820));
#63840=CARTESIAN_POINT('',(-3.4177964823400686E+01,
   2.4029245874728044E+01,1.3199999999999999E+01));
#63850=DIRECTION('',(0.0000000000000000E+00,0.0000000000000000E+00,
   1.0000000000000000E+00));
#63860=DIRECTION('',(1.0000000000000000E+00,0.0000000000000000E+00,
   0.0000000000000000E+00));
#63870=AXIS2_PLACEMENT_3D('',#63840,#63850,#63860);
#63880=PLANE('',#63870);
#63890=CARTESIAN_POINT('',(-3.3805488301517798E+01,
   2.3821376124790600E+01,1.3199999999999999E+01));
#63900=DIRECTION('',(-2.5881904510253184E-01,9.6592582628906531E-01,
   0.0000000000000000E+00));
#63910=VECTOR('',#63900,1.0000000000000000E+00);
#63920=LINE('',#63890,#63910);
#63930=CARTESIAN_POINT('',(-3.3805488301517798E+01,
   2.3821376124790600E+01,1.3199999999999999E+01));
#63940=VERTEX_POINT('',#63930);
#63950=EDGE_CURVE('',#63940,#50570,#63920,.T.);
#63960=ORIENTED_EDGE('',*,*,#63950,.T.);
#63970=CARTESIAN_POINT('',(-3.3805488301517798E+01,
   2.3821376124790600E+01,1.3199999999999999E+01));
#63980=DIRECTION('',(1.0000000000000000E+00,0.0000000000000000E+00,
   0.0000000000000000E+00));
#63990=VECTOR('',#63980,1.0000000000000000E+00);
#64000=LINE('',#63970,#63990);
#64010=CARTESIAN_POINT('',(-3.3520488301517801E+01,
   2.3821376124790600E+01,1.3199999999999999E+01));
#64020=VERTEX_POINT('',#64010);
#64030=EDGE_CURVE('',#63940,#64020,#64000,.T.);
#64040=ORIENTED_EDGE('',*,*,#64030,.F.);
#64050=CARTESIAN_POINT('',(-3.3520488301517801E+01,
   2.3821376124790600E+01,1.3199999999999999E+01));
#64060=DIRECTION('',(0.0000000000000000E+00,-1.0000000000000000E+00,
   0.0000000000000000E+00));
#64070=VECTOR('',#64060,1.0000000000000000E+00);
#64080=LINE('',#64050,#64070);
#64090=EDGE_CURVE('',#64020,#48370,#64080,.T.);
#64100=ORIENTED_EDGE('',*,*,#64090,.F.);
#64110=ORIENTED_EDGE('',*,*,#48380,.T.);
#64120=CARTESIAN_POINT('',(0.0000000000000000E+00,5.5876864426308202E+01
   ,1.3199999999999999E+01));
#64130=DIRECTION('',(7.0710678118654968E-01,7.0710678118654535E-01,
   0.0000000000000000E+00));
#64140=VECTOR('',#64130,1.0000000000000000E+00);
#64150=LINE('',#64120,#64140);
#64160=EDGE_CURVE('',#50650,#48290,#64150,.T.);
#64170=ORIENTED_EDGE('',*,*,#64160,.T.);
#64180=ORIENTED_EDGE('',*,*,#50660,.F.);
#64190=EDGE_LOOP('',(#64180,#64170,#64110,#64100,#64040,#63960));
#64200=FACE_OUTER_BOUND('',#64190,.T.);
#64210=ADVANCED_FACE('',(#64200),#63880,.T.);
#64220=COLOUR_RGB('',5.0196081399917603E-01,1.0000000000000000E+00,
   5.0196081399917603E-01);
#64230=FILL_AREA_STYLE_COLOUR('',#64220);
#64240=FILL_AREA_STYLE('',(#64230));
#64250=SURFACE_STYLE_FILL_AREA(#64240);
#64260=SURFACE_SIDE_STYLE('',(#64250));
#64270=SURFACE_STYLE_USAGE(.BOTH.,#64260);
#64280=PRESENTATION_STYLE_ASSIGNMENT((#64270));
#64290=ORIENTED_EDGE('',*,*,#56160,.F.);
#64300=CARTESIAN_POINT('',(-3.1900463048348357E+01,
   -2.2653715864353234E+01,1.4000000000000000E+01));
#64310=DIRECTION('',(-0.0000000000000000E+00,1.0000000000000000E+00,
   0.0000000000000000E+00));
#64320=VECTOR('',#64310,1.0000000000000000E+00);
#64330=LINE('',#64300,#64320);
#64340=CARTESIAN_POINT('',(-3.1900463048348364E+01,
   2.8601376124790601E+01,1.3999999999999986E+01));
#64350=VERTEX_POINT('',#64340);
#64360=EDGE_CURVE('',#56150,#64350,#64330,.T.);
#64370=ORIENTED_EDGE('',*,*,#64360,.F.);
#64380=EDGE_CURVE('',#64350,#29210,#29270,.T.);
#64390=ORIENTED_EDGE('',*,*,#64380,.F.);
#64400=ORIENTED_EDGE('',*,*,#29220,.F.);
#64410=EDGE_LOOP('',(#64400,#64390,#64370,#64290));
#64420=FACE_OUTER_BOUND('',#64410,.T.);
#64430=ADVANCED_FACE('',(#64420),#29050,.T.);
#64440=COLOUR_RGB('',9.4901967048645020E-01,9.4901967048645020E-01,
   1.0000000000000000E+00);
#64450=FILL_AREA_STYLE_COLOUR('',#64440);
#64460=FILL_AREA_STYLE('',(#64450));
#64470=SURFACE_STYLE_FILL_AREA(#64460);
#64480=SURFACE_SIDE_STYLE('',(#64470));
#64490=SURFACE_STYLE_USAGE(.BOTH.,#64480);
#64500=PRESENTATION_STYLE_ASSIGNMENT((#64490));
#64510=CARTESIAN_POINT('',(-3.2074229385564998E+01,
   2.8601376124790601E+01,1.4668741084047205E+01));
#64520=DIRECTION('',(0.0000000000000000E+00,1.0000000000000000E+00,
   0.0000000000000000E+00));
#64530=DIRECTION('',(7.0710678118654746E-01,0.0000000000000000E+00,
   -7.0710678118654757E-01));
#64540=AXIS2_PLACEMENT_3D('',#64510,#64520,#64530);
#64550=PLANE('',#64540);
#64560=CARTESIAN_POINT('',(-3.1355488301517802E+01,
   2.8601376124790601E+01,1.4000000000000000E+01));
#64570=DIRECTION('',(0.0000000000000000E+00,-1.0000000000000000E+00,
   0.0000000000000000E+00));
#64580=DIRECTION('',(1.0000000000000000E+00,0.0000000000000000E+00,
   0.0000000000000000E+00));
#64590=AXIS2_PLACEMENT_3D('',#64560,#64570,#64580);
#64600=CIRCLE('',#64590,5.5000000000000004E-01);
#64610=CARTESIAN_POINT('',(-3.1350485798850627E+01,
   2.8601376124790601E+01,1.4549977249499527E+01));
#64620=VERTEX_POINT('',#64610);
#64630=CARTESIAN_POINT('',(-3.1905488301517799E+01,
   2.8601376124790601E+01,1.4000000000000000E+01));
#64640=VERTEX_POINT('',#64630);
#64650=EDGE_CURVE('',#64620,#64640,#64600,.T.);
#64660=ORIENTED_EDGE('',*,*,#64650,.T.);
#64670=CARTESIAN_POINT('',(-8.4502159542249785E+01,
   2.8601376124790601E+01,-3.8601696493901422E+01));
#64680=DIRECTION('',(-7.0710678118654757E-01,0.0000000000000000E+00,
   -7.0710678118654746E-01));
#64690=VECTOR('',#64680,1.0000000000000000E+00);
#64700=LINE('',#64670,#64690);
#64710=CARTESIAN_POINT('',(-3.0694461199299035E+01,
   2.8601376124790601E+01,1.5206001849049326E+01));
#64720=VERTEX_POINT('',#64710);
#64730=EDGE_CURVE('',#64720,#64620,#64700,.T.);
#64740=ORIENTED_EDGE('',*,*,#64730,.T.);
#64750=CARTESIAN_POINT('',(-3.1405488301517792E+01,
   2.8601376124790601E+01,1.4000000000000000E+01));
#64760=DIRECTION('',(0.0000000000000000E+00,1.0000000000000000E+00,
   0.0000000000000000E+00));
#64770=DIRECTION('',(-1.0000000000000000E+00,0.0000000000000000E+00,
   0.0000000000000000E+00));
#64780=AXIS2_PLACEMENT_3D('',#64750,#64760,#64770);
#64790=CIRCLE('',#64780,1.3999999999999999E+00);
#64800=CARTESIAN_POINT('',(-3.2805488301517791E+01,
   2.8601376124790601E+01,1.4000000000000000E+01));
#64810=VERTEX_POINT('',#64800);
#64820=EDGE_CURVE('',#64810,#64720,#64790,.T.);
#64830=ORIENTED_EDGE('',*,*,#64820,.T.);
#64840=EDGE_CURVE('',#29290,#64810,#64790,.T.);
#64850=ORIENTED_EDGE('',*,*,#64840,.T.);
#64860=ORIENTED_EDGE('',*,*,#29300,.T.);
#64870=CARTESIAN_POINT('',(-3.1355488301517802E+01,
   2.8601376124790601E+01,1.4000000000000000E+01));
#64880=DIRECTION('',(0.0000000000000000E+00,-1.0000000000000000E+00,
   0.0000000000000000E+00));
#64890=DIRECTION('',(1.0000000000000000E+00,0.0000000000000000E+00,
   0.0000000000000000E+00));
#64900=AXIS2_PLACEMENT_3D('',#64870,#64880,#64890);
#64910=CIRCLE('',#64900,5.5000000000000004E-01);
#64920=EDGE_CURVE('',#64640,#29210,#64910,.T.);
#64930=ORIENTED_EDGE('',*,*,#64920,.T.);
#64940=EDGE_LOOP('',(#64930,#64860,#64850,#64830,#64740,#64660));
#64950=FACE_OUTER_BOUND('',#64940,.T.);
#64960=ADVANCED_FACE('',(#64950),#64550,.T.);
#64970=COLOUR_RGB('',9.4901967048645020E-01,9.4901967048645020E-01,
   1.0000000000000000E+00);
#64980=FILL_AREA_STYLE_COLOUR('',#64970);
#64990=FILL_AREA_STYLE('',(#64980));
#65000=SURFACE_STYLE_FILL_AREA(#64990);
#65010=SURFACE_SIDE_STYLE('',(#65000));
#65020=SURFACE_STYLE_USAGE(.BOTH.,#65010);
#65030=PRESENTATION_STYLE_ASSIGNMENT((#65020));
#65040=CARTESIAN_POINT('',(-3.2074229385564998E+01,
   2.8601376124790601E+01,1.8168741084047205E+01));
#65050=DIRECTION('',(0.0000000000000000E+00,1.0000000000000000E+00,
   0.0000000000000000E+00));
#65060=DIRECTION('',(7.0710678118654746E-01,0.0000000000000000E+00,
   -7.0710678118654757E-01));
#65070=AXIS2_PLACEMENT_3D('',#65040,#65050,#65060);
#65080=PLANE('',#65070);
#65090=CARTESIAN_POINT('',(-3.1355488301517802E+01,
   2.8601376124790601E+01,1.7500000000000000E+01));
#65100=DIRECTION('',(0.0000000000000000E+00,-1.0000000000000000E+00,
   0.0000000000000000E+00));
#65110=DIRECTION('',(1.0000000000000000E+00,0.0000000000000000E+00,
   0.0000000000000000E+00));
#65120=AXIS2_PLACEMENT_3D('',#65090,#65100,#65110);
#65130=CIRCLE('',#65120,5.5000000000000004E-01);
#65140=CARTESIAN_POINT('',(-3.1905488301517799E+01,
   2.8601376124790601E+01,1.7500000000000000E+01));
#65150=VERTEX_POINT('',#65140);
#65160=CARTESIAN_POINT('',(-3.1905465551017315E+01,
   2.8601376124790601E+01,1.7494997497331042E+01));
#65170=VERTEX_POINT('',#65160);
#65180=EDGE_CURVE('',#65150,#65170,#65130,.T.);
#65190=ORIENTED_EDGE('',*,*,#65180,.F.);
#65200=CARTESIAN_POINT('',(-8.4502159542249785E+01,
   2.8601376124790601E+01,-3.5101696493901422E+01));
#65210=DIRECTION('',(-7.0710678118654757E-01,0.0000000000000000E+00,
   -7.0710678118654746E-01));
#65220=VECTOR('',#65210,1.0000000000000000E+00);
#65230=LINE('',#65200,#65220);
#65240=CARTESIAN_POINT('',(-3.1900463048348364E+01,
   2.8601376124790601E+01,1.7499999999999993E+01));
#65250=VERTEX_POINT('',#65240);
#65260=EDGE_CURVE('',#65250,#65170,#65230,.T.);
#65270=ORIENTED_EDGE('',*,*,#65260,.T.);
#65280=CARTESIAN_POINT('',(-8.4502159542249785E+01,
   2.8601376124790601E+01,1.7500000000000000E+01));
#65290=DIRECTION('',(-1.0000000000000000E+00,0.0000000000000000E+00,
   0.0000000000000000E+00));
#65300=VECTOR('',#65290,1.0000000000000000E+00);
#65310=LINE('',#65280,#65300);
#65320=EDGE_CURVE('',#65250,#65150,#65310,.T.);
#65330=ORIENTED_EDGE('',*,*,#65320,.F.);
#65340=EDGE_LOOP('',(#65330,#65270,#65190));
#65350=FACE_OUTER_BOUND('',#65340,.T.);
#65360=ADVANCED_FACE('',(#65350),#65080,.T.);
#65370=COLOUR_RGB('',9.4901967048645020E-01,9.4901967048645020E-01,
   1.0000000000000000E+00);
#65380=FILL_AREA_STYLE_COLOUR('',#65370);
#65390=FILL_AREA_STYLE('',(#65380));
#65400=SURFACE_STYLE_FILL_AREA(#65390);
#65410=SURFACE_SIDE_STYLE('',(#65400));
#65420=SURFACE_STYLE_USAGE(.BOTH.,#65410);
#65430=PRESENTATION_STYLE_ASSIGNMENT((#65420));
#65440=CARTESIAN_POINT('',(-3.1355488301517802E+01,
   1.7821376124790600E+01,1.0816025403784439E+01));
#65450=DIRECTION('',(0.0000000000000000E+00,-2.5881904510252085E-01,
   9.6592582628906820E-01));
#65460=DIRECTION('',(0.0000000000000000E+00,9.6592582628906842E-01,
   2.5881904510252091E-01));
#65470=AXIS2_PLACEMENT_3D('',#65440,#65450,#65460);
#65480=PLANE('',#65470);
#65490=CARTESIAN_POINT('',(-3.1605488301517795E+01,
   -2.2653715864353234E+01,-2.9242808282061716E-02));
#65500=DIRECTION('',(0.0000000000000000E+00,-9.6592582628906831E-01,
   -2.5881904510252091E-01));
#65510=VECTOR('',#65500,1.0000000000000000E+00);
#65520=LINE('',#65490,#65510);
#65530=CARTESIAN_POINT('',(-3.1605488301517802E+01,
   1.7321376124790600E+01,1.0682050807568878E+01));
#65540=VERTEX_POINT('',#65530);
#65550=EDGE_CURVE('',#42940,#65540,#65520,.T.);
#65560=ORIENTED_EDGE('',*,*,#65550,.T.);
#65570=ORIENTED_EDGE('',*,*,#42950,.T.);
#65580=ORIENTED_EDGE('',*,*,#61380,.T.);
#65590=CARTESIAN_POINT('',(-8.4502159542249785E+01,
   1.7321376124790600E+01,1.0682050807568878E+01));
#65600=DIRECTION('',(1.0000000000000000E+00,0.0000000000000000E+00,
   0.0000000000000000E+00));
#65610=VECTOR('',#65600,1.0000000000000000E+00);
#65620=LINE('',#65590,#65610);
#65630=EDGE_CURVE('',#65540,#61310,#65620,.T.);
#65640=ORIENTED_EDGE('',*,*,#65630,.T.);
#65650=EDGE_LOOP('',(#65640,#65580,#65570,#65560));
#65660=FACE_OUTER_BOUND('',#65650,.T.);
#65670=ADVANCED_FACE('',(#65660),#65480,.T.);
#65680=COLOUR_RGB('',9.4901961088180542E-01,9.4901961088180542E-01,
   1.0000000000000000E+00);
#65690=FILL_AREA_STYLE_COLOUR('',#65680);
#65700=FILL_AREA_STYLE('',(#65690));
#65710=SURFACE_STYLE_FILL_AREA(#65700);
#65720=SURFACE_SIDE_STYLE('',(#65710));
#65730=SURFACE_STYLE_USAGE(.BOTH.,#65720);
#65740=PRESENTATION_STYLE_ASSIGNMENT((#65730));
#65750=CARTESIAN_POINT('',(-2.9886031253416185E+01,
   2.0321376124790600E+01,1.6226922491185586E+01));
#65760=DIRECTION('',(0.0000000000000000E+00,-1.0000000000000000E+00,
   0.0000000000000000E+00));
#65770=DIRECTION('',(1.0000000000000000E+00,0.0000000000000000E+00,
   0.0000000000000000E+00));
#65780=AXIS2_PLACEMENT_3D('',#65750,#65760,#65770);
#65790=PLANE('',#65780);
#65800=CARTESIAN_POINT('',(-8.4502159542249785E+01,
   2.0321376124790600E+01,1.7500000000000000E+01));
#65810=DIRECTION('',(1.0000000000000000E+00,0.0000000000000000E+00,
   0.0000000000000000E+00));
#65820=VECTOR('',#65810,1.0000000000000000E+00);
#65830=LINE('',#65800,#65820);
#65840=CARTESIAN_POINT('',(-3.1905488301517803E+01,
   2.0321376124790600E+01,1.7500000000000000E+01));
#65850=VERTEX_POINT('',#65840);
#65860=CARTESIAN_POINT('',(-3.1605488301517802E+01,
   2.0321376124790600E+01,1.7500000000000000E+01));
#65870=VERTEX_POINT('',#65860);
#65880=EDGE_CURVE('',#65850,#65870,#65830,.T.);
#65890=ORIENTED_EDGE('',*,*,#65880,.F.);
#65900=CARTESIAN_POINT('',(-3.1605488301517802E+01,
   2.0321376124790600E+01,1.9000000000000000E+01));
#65910=DIRECTION('',(0.0000000000000000E+00,0.0000000000000000E+00,
   -1.0000000000000000E+00));
#65920=VECTOR('',#65910,1.0000000000000000E+00);
#65930=LINE('',#65900,#65920);
#65940=CARTESIAN_POINT('',(-3.1605488301517802E+01,
   2.0321376124790600E+01,1.7050000000000001E+01));
#65950=VERTEX_POINT('',#65940);
#65960=EDGE_CURVE('',#65870,#65950,#65930,.T.);
#65970=ORIENTED_EDGE('',*,*,#65960,.F.);
#65980=CARTESIAN_POINT('',(-8.4502159542249785E+01,
   2.0321376124790600E+01,1.7050000000000001E+01));
#65990=DIRECTION('',(1.0000000000000000E+00,0.0000000000000000E+00,
   0.0000000000000000E+00));
#66000=VECTOR('',#65990,1.0000000000000000E+00);
#66010=LINE('',#65980,#66000);
#66020=CARTESIAN_POINT('',(-3.1105488301517802E+01,
   2.0321376124790600E+01,1.7050000000000001E+01));
#66030=VERTEX_POINT('',#66020);
#66040=EDGE_CURVE('',#65950,#66030,#66010,.T.);
#66050=ORIENTED_EDGE('',*,*,#66040,.F.);
#66060=CARTESIAN_POINT('',(-3.1105488301517802E+01,
   2.0321376124790600E+01,1.9000000000000000E+01));
#66070=DIRECTION('',(0.0000000000000000E+00,0.0000000000000000E+00,
   -1.0000000000000000E+00));
#66080=VECTOR('',#66070,1.0000000000000000E+00);
#66090=LINE('',#66060,#66080);
#66100=CARTESIAN_POINT('',(-3.1105488301517802E+01,
   2.0321376124790600E+01,1.7500000000000000E+01));
#66110=VERTEX_POINT('',#66100);
#66120=EDGE_CURVE('',#66110,#66030,#66090,.T.);
#66130=ORIENTED_EDGE('',*,*,#66120,.T.);
#66140=CARTESIAN_POINT('',(-3.0805488301517801E+01,
   2.0321376124790600E+01,1.7500000000000000E+01));
#66150=VERTEX_POINT('',#66140);
#66160=EDGE_CURVE('',#66110,#66150,#65830,.T.);
#66170=ORIENTED_EDGE('',*,*,#66160,.F.);
#66180=CARTESIAN_POINT('',(-3.1355488301517802E+01,
   2.0321376124790600E+01,1.7500000000000000E+01));
#66190=DIRECTION('',(0.0000000000000000E+00,-1.0000000000000000E+00,
   0.0000000000000000E+00));
#66200=DIRECTION('',(1.0000000000000000E+00,0.0000000000000000E+00,
   0.0000000000000000E+00));
#66210=AXIS2_PLACEMENT_3D('',#66180,#66190,#66200);
#66220=CIRCLE('',#66210,5.5000000000000004E-01);
#66230=EDGE_CURVE('',#65850,#66150,#66220,.T.);
#66240=ORIENTED_EDGE('',*,*,#66230,.T.);
#66250=EDGE_LOOP('',(#66240,#66170,#66130,#66050,#65970,#65890));
#66260=FACE_OUTER_BOUND('',#66250,.T.);
#66270=ADVANCED_FACE('',(#66260),#65790,.T.);
#66280=COLOUR_RGB('',9.4901961088180542E-01,9.4901961088180542E-01,
   1.0000000000000000E+00);
#66290=FILL_AREA_STYLE_COLOUR('',#66280);
#66300=FILL_AREA_STYLE('',(#66290));
#66310=SURFACE_STYLE_FILL_AREA(#66300);
#66320=SURFACE_SIDE_STYLE('',(#66310));
#66330=SURFACE_STYLE_USAGE(.BOTH.,#66320);
#66340=PRESENTATION_STYLE_ASSIGNMENT((#66330));
#66350=CARTESIAN_POINT('',(-3.4617870503397079E+01,
   2.4921376124790601E+01,1.3199999999999999E+01));
#66360=DIRECTION('',(0.0000000000000000E+00,0.0000000000000000E+00,
   1.0000000000000000E+00));
#66370=DIRECTION('',(1.0000000000000000E+00,0.0000000000000000E+00,
   0.0000000000000000E+00));
#66380=AXIS2_PLACEMENT_3D('',#66350,#66360,#66370);
#66390=CYLINDRICAL_SURFACE('',#66380,4.9999999999998912E-01);
#66400=CARTESIAN_POINT('',(-3.4617870503397079E+01,
   2.4921376124790601E+01,1.5327382201879287E+01));
#66410=DIRECTION('',(7.0710678118655212E-01,0.0000000000000000E+00,
   7.0710678118654302E-01));
#66420=DIRECTION('',(7.0710678118654302E-01,0.0000000000000000E+00,
   -7.0710678118655212E-01));
#66430=AXIS2_PLACEMENT_3D('',#66400,#66410,#66420);
#66440=ELLIPSE('',#66430,7.0710678118653658E-01,4.9999999999998901E-01);
#66450=CARTESIAN_POINT('',(-3.4134907590252553E+01,
   2.5050785647341851E+01,1.4844419288734755E+01));
#66460=VERTEX_POINT('',#66450);
#66470=CARTESIAN_POINT('',(-3.4617870503397079E+01,
   2.5421376124790594E+01,1.5327382201879287E+01));
#66480=VERTEX_POINT('',#66470);
#66490=EDGE_CURVE('',#66460,#66480,#66440,.T.);
#66500=ORIENTED_EDGE('',*,*,#66490,.T.);
#66510=CARTESIAN_POINT('',(-3.4134907590252553E+01,
   2.5050785647341851E+01,1.4000000000000000E+01));
#66520=DIRECTION('',(0.0000000000000000E+00,0.0000000000000000E+00,
   1.0000000000000000E+00));
#66530=VECTOR('',#66520,1.0000000000000000E+00);
#66540=LINE('',#66510,#66530);
#66550=EDGE_CURVE('',#50490,#66460,#66540,.T.);
#66560=ORIENTED_EDGE('',*,*,#66550,.T.);
#66570=ORIENTED_EDGE('',*,*,#50500,.T.);
#66580=CARTESIAN_POINT('',(-3.4617870503397079E+01,
   2.5421376124790594E+01,1.3199999999999999E+01));
#66590=DIRECTION('',(0.0000000000000000E+00,0.0000000000000000E+00,
   1.0000000000000000E+00));
#66600=VECTOR('',#66590,1.0000000000000000E+00);
#66610=LINE('',#66580,#66600);
#66620=EDGE_CURVE('',#50400,#66480,#66610,.T.);
#66630=ORIENTED_EDGE('',*,*,#66620,.F.);
#66640=EDGE_LOOP('',(#66630,#66570,#66560,#66500));
#66650=FACE_OUTER_BOUND('',#66640,.T.);
#66660=ADVANCED_FACE('',(#66650),#66390,.F.);
#66670=COLOUR_RGB('',5.0196081399917603E-01,1.0000000000000000E+00,
   5.0196081399917603E-01);
#66680=FILL_AREA_STYLE_COLOUR('',#66670);
#66690=FILL_AREA_STYLE('',(#66680));
#66700=SURFACE_STYLE_FILL_AREA(#66690);
#66710=SURFACE_SIDE_STYLE('',(#66700));
#66720=SURFACE_STYLE_USAGE(.BOTH.,#66710);
#66730=PRESENTATION_STYLE_ASSIGNMENT((#66720));
#66740=CARTESIAN_POINT('',(-3.1355488301517802E+01,
   2.0821376124790600E+01,1.7500000000000000E+01));
#66750=DIRECTION('',(0.0000000000000000E+00,-1.0000000000000000E+00,
   0.0000000000000000E+00));
#66760=DIRECTION('',(1.0000000000000000E+00,0.0000000000000000E+00,
   0.0000000000000000E+00));
#66770=AXIS2_PLACEMENT_3D('',#66740,#66750,#66760);
#66780=CYLINDRICAL_SURFACE('',#66770,5.5000000000000004E-01);
#66790=CARTESIAN_POINT('',(-3.0805488301517801E+01,
   2.0821376124790600E+01,1.7500000000000000E+01));
#66800=DIRECTION('',(0.0000000000000000E+00,-1.0000000000000000E+00,
   0.0000000000000000E+00));
#66810=VECTOR('',#66800,1.0000000000000000E+00);
#66820=LINE('',#66790,#66810);
#66830=CARTESIAN_POINT('',(-3.0805488301517801E+01,
   2.0821376124790600E+01,1.7500000000000000E+01));
#66840=VERTEX_POINT('',#66830);
#66850=EDGE_CURVE('',#66840,#66150,#66820,.T.);
#66860=ORIENTED_EDGE('',*,*,#66850,.T.);
#66870=CARTESIAN_POINT('',(-3.1355488301517802E+01,
   2.0821376124790600E+01,1.7500000000000000E+01));
#66880=DIRECTION('',(0.0000000000000000E+00,-1.0000000000000000E+00,
   0.0000000000000000E+00));
#66890=DIRECTION('',(1.0000000000000000E+00,0.0000000000000000E+00,
   0.0000000000000000E+00));
#66900=AXIS2_PLACEMENT_3D('',#66870,#66880,#66890);
#66910=CIRCLE('',#66900,5.5000000000000004E-01);
#66920=CARTESIAN_POINT('',(-3.1905488301517803E+01,
   2.0821376124790600E+01,1.7500000000000000E+01));
#66930=VERTEX_POINT('',#66920);
#66940=EDGE_CURVE('',#66930,#66840,#66910,.T.);
#66950=ORIENTED_EDGE('',*,*,#66940,.T.);
#66960=CARTESIAN_POINT('',(-3.1905488301517803E+01,
   2.0821376124790600E+01,1.7500000000000000E+01));
#66970=DIRECTION('',(0.0000000000000000E+00,-1.0000000000000000E+00,
   0.0000000000000000E+00));
#66980=VECTOR('',#66970,1.0000000000000000E+00);
#66990=LINE('',#66960,#66980);
#67000=EDGE_CURVE('',#66930,#65850,#66990,.T.);
#67010=ORIENTED_EDGE('',*,*,#67000,.F.);
#67020=ORIENTED_EDGE('',*,*,#66230,.F.);
#67030=EDGE_LOOP('',(#67020,#67010,#66950,#66860));
#67040=FACE_OUTER_BOUND('',#67030,.T.);
#67050=ADVANCED_FACE('',(#67040),#66780,.T.);
#67060=COLOUR_RGB('',9.4901961088180542E-01,9.4901961088180542E-01,
   1.0000000000000000E+00);
#67070=FILL_AREA_STYLE_COLOUR('',#67060);
#67080=FILL_AREA_STYLE('',(#67070));
#67090=SURFACE_STYLE_FILL_AREA(#67080);
#67100=SURFACE_SIDE_STYLE('',(#67090));
#67110=SURFACE_STYLE_USAGE(.BOTH.,#67100);
#67120=PRESENTATION_STYLE_ASSIGNMENT((#67110));
#67130=CARTESIAN_POINT('',(-3.3805488301517798E+01,
   2.3821376124790600E+01,1.4000000000000000E+01));
#67140=DIRECTION('',(9.6592582628906531E-01,2.5881904510253184E-01,
   0.0000000000000000E+00));
#67150=DIRECTION('',(2.5881904510253184E-01,-9.6592582628906531E-01,
   0.0000000000000000E+00));
#67160=AXIS2_PLACEMENT_3D('',#67130,#67140,#67150);
#67170=PLANE('',#67160);
#67180=ORIENTED_EDGE('',*,*,#50580,.F.);
#67190=ORIENTED_EDGE('',*,*,#66550,.F.);
#67200=CARTESIAN_POINT('',(-2.7422569806281842E+01,
   0.0000000000000000E+00,8.1320815047639528E+00));
#67210=DIRECTION('',(2.5056280708574147E-01,-9.3511312653102330E-01,
   -2.5056280708574469E-01));
#67220=VECTOR('',#67210,1.0000000000000000E+00);
#67230=LINE('',#67200,#67220);
#67240=CARTESIAN_POINT('',(-3.4090488301517780E+01,
   2.4885010604947620E+01,1.4800000000000001E+01));
#67250=VERTEX_POINT('',#67240);
#67260=EDGE_CURVE('',#66460,#67250,#67230,.T.);
#67270=ORIENTED_EDGE('',*,*,#67260,.F.);
#67280=CARTESIAN_POINT('',(-3.3805488301517798E+01,
   2.3821376124790600E+01,1.4800000000000001E+01));
#67290=DIRECTION('',(-2.5881904510253184E-01,9.6592582628906531E-01,
   0.0000000000000000E+00));
#67300=VECTOR('',#67290,1.0000000000000000E+00);
#67310=LINE('',#67280,#67300);
#67320=CARTESIAN_POINT('',(-3.3805488301517791E+01,
   2.3821376124790600E+01,1.4799999999999995E+01));
#67330=VERTEX_POINT('',#67320);
#67340=EDGE_CURVE('',#67330,#67250,#67310,.T.);
#67350=ORIENTED_EDGE('',*,*,#67340,.T.);
#67360=CARTESIAN_POINT('',(-3.3805488301517798E+01,
   2.3821376124790600E+01,1.4000000000000000E+01));
#67370=DIRECTION('',(0.0000000000000000E+00,0.0000000000000000E+00,
   -1.0000000000000000E+00));
#67380=VECTOR('',#67370,1.0000000000000000E+00);
#67390=LINE('',#67360,#67380);
#67400=EDGE_CURVE('',#67330,#63940,#67390,.T.);
#67410=ORIENTED_EDGE('',*,*,#67400,.F.);
#67420=ORIENTED_EDGE('',*,*,#63950,.F.);
#67430=EDGE_LOOP('',(#67420,#67410,#67350,#67270,#67190,#67180));
#67440=FACE_OUTER_BOUND('',#67430,.T.);
#67450=ADVANCED_FACE('',(#67440),#67170,.F.);
#67460=COLOUR_RGB('',5.0196081399917603E-01,1.0000000000000000E+00,
   5.0196081399917603E-01);
#67470=FILL_AREA_STYLE_COLOUR('',#67460);
#67480=FILL_AREA_STYLE('',(#67470));
#67490=SURFACE_STYLE_FILL_AREA(#67480);
#67500=SURFACE_SIDE_STYLE('',(#67490));
#67510=SURFACE_STYLE_USAGE(.BOTH.,#67500);
#67520=PRESENTATION_STYLE_ASSIGNMENT((#67510));
#67530=CARTESIAN_POINT('',(-2.9979054022235516E+01,
   2.2492046260925942E+01,2.3000000000000000E+01));
#67540=DIRECTION('',(0.0000000000000000E+00,0.0000000000000000E+00,
   1.0000000000000000E+00));
#67550=DIRECTION('',(1.0000000000000000E+00,0.0000000000000000E+00,
   0.0000000000000000E+00));
#67560=AXIS2_PLACEMENT_3D('',#67530,#67540,#67550);
#67570=CYLINDRICAL_SURFACE('',#67560,1.5809685943330010E-01);
#67580=CARTESIAN_POINT('',(-2.9979054022235516E+01,
   2.2492046260925942E+01,2.3000000000000000E+01));
#67590=DIRECTION('',(0.0000000000000000E+00,0.0000000000000000E+00,
   1.0000000000000000E+00));
#67600=DIRECTION('',(1.0000000000000000E+00,0.0000000000000000E+00,
   0.0000000000000000E+00));
#67610=AXIS2_PLACEMENT_3D('',#67580,#67590,#67600);
#67620=CIRCLE('',#67610,1.5809685943330010E-01);
#67630=CARTESIAN_POINT('',(-2.9820957162802216E+01,
   2.2492046260925942E+01,2.3000000000000000E+01));
#67640=VERTEX_POINT('',#67630);
#67650=CARTESIAN_POINT('',(-2.9910034453589660E+01,
   2.2634281685861549E+01,2.3000000000000000E+01));
#67660=VERTEX_POINT('',#67650);
#67670=EDGE_CURVE('',#67640,#67660,#67620,.T.);
#67680=ORIENTED_EDGE('',*,*,#67670,.F.);
#67690=CARTESIAN_POINT('',(-2.9910034453589617E+01,
   2.2634281685861641E+01,2.3000000000000000E+01));
#67700=DIRECTION('',(0.0000000000000000E+00,0.0000000000000000E+00,
   -1.0000000000000000E+00));
#67710=VECTOR('',#67700,1.0000000000000000E+00);
#67720=LINE('',#67690,#67710);
#67730=CARTESIAN_POINT('',(-2.9910034453589617E+01,
   2.2634281685861641E+01,2.2899999999999999E+01));
#67740=VERTEX_POINT('',#67730);
#67750=EDGE_CURVE('',#67660,#67740,#67720,.T.);
#67760=ORIENTED_EDGE('',*,*,#67750,.F.);
#67770=CARTESIAN_POINT('',(-2.9979054022235516E+01,
   2.2492046260925942E+01,2.2899999999999999E+01));
#67780=DIRECTION('',(0.0000000000000000E+00,0.0000000000000000E+00,
   1.0000000000000000E+00));
#67790=DIRECTION('',(1.0000000000000000E+00,0.0000000000000000E+00,
   0.0000000000000000E+00));
#67800=AXIS2_PLACEMENT_3D('',#67770,#67780,#67790);
#67810=CIRCLE('',#67800,1.5809685943330010E-01);
#67820=CARTESIAN_POINT('',(-2.9820957162802216E+01,
   2.2492046260925942E+01,2.2899999999999999E+01));
#67830=VERTEX_POINT('',#67820);
#67840=EDGE_CURVE('',#67830,#67740,#67810,.T.);
#67850=ORIENTED_EDGE('',*,*,#67840,.T.);
#67860=CARTESIAN_POINT('',(-2.9820957162802216E+01,
   2.2492046260925942E+01,2.3000000000000000E+01));
#67870=DIRECTION('',(0.0000000000000000E+00,0.0000000000000000E+00,
   1.0000000000000000E+00));
#67880=VECTOR('',#67870,1.0000000000000000E+00);
#67890=LINE('',#67860,#67880);
#67900=EDGE_CURVE('',#67830,#67640,#67890,.T.);
#67910=ORIENTED_EDGE('',*,*,#67900,.F.);
#67920=EDGE_LOOP('',(#67910,#67850,#67760,#67680));
#67930=FACE_OUTER_BOUND('',#67920,.T.);
#67940=ADVANCED_FACE('',(#67930),#67570,.T.);
#67950=COLOUR_RGB('',5.0196081399917603E-01,1.0000000000000000E+00,
   5.0196081399917603E-01);
#67960=FILL_AREA_STYLE_COLOUR('',#67950);
#67970=FILL_AREA_STYLE('',(#67960));
#67980=SURFACE_STYLE_FILL_AREA(#67970);
#67990=SURFACE_SIDE_STYLE('',(#67980));
#68000=SURFACE_STYLE_USAGE(.BOTH.,#67990);
#68010=PRESENTATION_STYLE_ASSIGNMENT((#68000));
#68020=ORIENTED_EDGE('',*,*,#29140,.T.);
#68030=CARTESIAN_POINT('',(-3.1405488301517792E+01,
   2.8001376124790593E+01,1.4000000000000000E+01));
#68040=DIRECTION('',(0.0000000000000000E+00,1.0000000000000000E+00,
   0.0000000000000000E+00));
#68050=DIRECTION('',(-1.0000000000000000E+00,0.0000000000000000E+00,
   0.0000000000000000E+00));
#68060=AXIS2_PLACEMENT_3D('',#68030,#68040,#68050);
#68070=CIRCLE('',#68060,1.3999999999999999E+00);
#68080=EDGE_CURVE('',#35320,#29110,#68070,.T.);
#68090=ORIENTED_EDGE('',*,*,#68080,.T.);
#68100=ORIENTED_EDGE('',*,*,#35330,.T.);
#68110=ORIENTED_EDGE('',*,*,#56230,.T.);
#68120=EDGE_LOOP('',(#68110,#68100,#68090,#68020));
#68130=FACE_OUTER_BOUND('',#68120,.T.);
#68140=ADVANCED_FACE('',(#68130),#56130,.T.);
#68150=COLOUR_RGB('',9.4901967048645020E-01,9.4901967048645020E-01,
   1.0000000000000000E+00);
#68160=FILL_AREA_STYLE_COLOUR('',#68150);
#68170=FILL_AREA_STYLE('',(#68160));
#68180=SURFACE_STYLE_FILL_AREA(#68170);
#68190=SURFACE_SIDE_STYLE('',(#68180));
#68200=SURFACE_STYLE_USAGE(.BOTH.,#68190);
#68210=PRESENTATION_STYLE_ASSIGNMENT((#68200));
#68220=CARTESIAN_POINT('',(-3.4090488301517780E+01,
   2.1786376124790618E+01,9.6999999999999993E+00));
#68230=DIRECTION('',(7.0710678118654535E-01,-7.0710678118654968E-01,
   0.0000000000000000E+00));
#68240=DIRECTION('',(-7.0710678118654968E-01,-7.0710678118654535E-01,
   0.0000000000000000E+00));
#68250=AXIS2_PLACEMENT_3D('',#68220,#68230,#68240);
#68260=PLANE('',#68250);
#68270=CARTESIAN_POINT('',(-3.4997595082704343E+01,
   2.0879269343604062E+01,1.1500000000000000E+01));
#68280=DIRECTION('',(7.0710678118654535E-01,-7.0710678118654968E-01,
   0.0000000000000000E+00));
#68290=DIRECTION('',(-7.0710678118654968E-01,-7.0710678118654535E-01,
   0.0000000000000000E+00));
#68300=AXIS2_PLACEMENT_3D('',#68270,#68280,#68290);
#68310=ELLIPSE('',#68300,7.0710678118655101E-01,5.0000000000000400E-01);
#68320=CARTESIAN_POINT('',(-3.4644041692111067E+01,
   2.1232822734197338E+01,1.1853553390593275E+01));
#68330=VERTEX_POINT('',#68320);
#68340=EDGE_CURVE('',#68330,#40290,#68310,.T.);
#68350=ORIENTED_EDGE('',*,*,#68340,.F.);
#68360=ORIENTED_EDGE('',*,*,#40300,.T.);
#68370=ORIENTED_EDGE('',*,*,#34380,.F.);
#68380=ORIENTED_EDGE('',*,*,#35070,.F.);
#68390=ORIENTED_EDGE('',*,*,#49880,.F.);
#68400=CARTESIAN_POINT('',(-3.3805488301517805E+01,
   2.2071376124790600E+01,7.0000000000000000E+00));
#68410=DIRECTION('',(0.0000000000000000E+00,0.0000000000000000E+00,
   1.0000000000000000E+00));
#68420=VECTOR('',#68410,1.0000000000000000E+00);
#68430=LINE('',#68400,#68420);
#68440=CARTESIAN_POINT('',(-3.3805488301517805E+01,
   2.2071376124790600E+01,1.1299999999999995E+01));
#68450=VERTEX_POINT('',#68440);
#68460=EDGE_CURVE('',#49810,#68450,#68430,.T.);
#68470=ORIENTED_EDGE('',*,*,#68460,.F.);
#68480=CARTESIAN_POINT('',(0.0000000000000000E+00,5.5876864426308202E+01
   ,1.1300000000000001E+01));
#68490=DIRECTION('',(7.0710678118654968E-01,7.0710678118654535E-01,
   0.0000000000000000E+00));
#68500=VECTOR('',#68490,1.0000000000000000E+00);
#68510=LINE('',#68480,#68500);
#68520=CARTESIAN_POINT('',(-3.4090488301517780E+01,
   2.1786376124790618E+01,1.1300000000000001E+01));
#68530=VERTEX_POINT('',#68520);
#68540=EDGE_CURVE('',#68530,#68450,#68510,.T.);
#68550=ORIENTED_EDGE('',*,*,#68540,.T.);
#68560=CARTESIAN_POINT('',(-3.3290488301517804E+01,
   2.2586376124790586E+01,1.0500000000000000E+01));
#68570=DIRECTION('',(-5.7735026918962440E-01,-5.7735026918962096E-01,
   5.7735026918963195E-01));
#68580=VECTOR('',#68570,1.0000000000000000E+00);
#68590=LINE('',#68560,#68580);
#68600=EDGE_CURVE('',#68530,#68330,#68590,.T.);
#68610=ORIENTED_EDGE('',*,*,#68600,.F.);
#68620=EDGE_LOOP('',(#68610,#68550,#68470,#68390,#68380,#68370,#68360,
   #68350));
#68630=FACE_OUTER_BOUND('',#68620,.T.);
#68640=ADVANCED_FACE('',(#68630),#68260,.F.);
#68650=COLOUR_RGB('',5.0196081399917603E-01,1.0000000000000000E+00,
   5.0196081399917603E-01);
#68660=FILL_AREA_STYLE_COLOUR('',#68650);
#68670=FILL_AREA_STYLE('',(#68660));
#68680=SURFACE_STYLE_FILL_AREA(#68670);
#68690=SURFACE_SIDE_STYLE('',(#68680));
#68700=SURFACE_STYLE_USAGE(.BOTH.,#68690);
#68710=PRESENTATION_STYLE_ASSIGNMENT((#68700));
#68720=CARTESIAN_POINT('',(-3.4090488301517794E+01,
   2.2071376124790600E+01,1.1299999999999995E+01));
#68730=DIRECTION('',(7.0710678118655212E-01,-0.0000000000000000E+00,
   7.0710678118654302E-01));
#68740=DIRECTION('',(7.0710678118654302E-01,0.0000000000000000E+00,
   -7.0710678118655212E-01));
#68750=AXIS2_PLACEMENT_3D('',#68720,#68730,#68740);
#68760=PLANE('',#68750);
#68770=CARTESIAN_POINT('',(-2.7422569806281842E+01,
   0.0000000000000000E+00,4.6320815047639528E+00));
#68780=DIRECTION('',(2.5056280708574147E-01,-9.3511312653102330E-01,
   -2.5056280708574469E-01));
#68790=VECTOR('',#68780,1.0000000000000000E+00);
#68800=LINE('',#68770,#68790);
#68810=CARTESIAN_POINT('',(-3.4090488301517780E+01,
   2.4885010604947620E+01,1.1300000000000001E+01));
#68820=VERTEX_POINT('',#68810);
#68830=EDGE_CURVE('',#52040,#68820,#68800,.T.);
#68840=ORIENTED_EDGE('',*,*,#68830,.T.);
#68850=ORIENTED_EDGE('',*,*,#52070,.F.);
#68860=ORIENTED_EDGE('',*,*,#52500,.T.);
#68870=CARTESIAN_POINT('',(-3.4644041692111067E+01,
   0.0000000000000000E+00,1.1853553390593270E+01));
#68880=DIRECTION('',(0.0000000000000000E+00,-1.0000000000000000E+00,
   0.0000000000000000E+00));
#68890=VECTOR('',#68880,1.0000000000000000E+00);
#68900=LINE('',#68870,#68890);
#68910=EDGE_CURVE('',#52430,#68330,#68900,.T.);
#68920=ORIENTED_EDGE('',*,*,#68910,.F.);
#68930=ORIENTED_EDGE('',*,*,#68600,.T.);
#68940=CARTESIAN_POINT('',(-3.4090488301517780E+01,
   0.0000000000000000E+00,1.1300000000000001E+01));
#68950=DIRECTION('',(0.0000000000000000E+00,1.0000000000000000E+00,
   0.0000000000000000E+00));
#68960=VECTOR('',#68950,1.0000000000000000E+00);
#68970=LINE('',#68940,#68960);
#68980=EDGE_CURVE('',#68530,#68820,#68970,.T.);
#68990=ORIENTED_EDGE('',*,*,#68980,.F.);
#69000=EDGE_LOOP('',(#68990,#68930,#68920,#68860,#68850,#68840));
#69010=FACE_OUTER_BOUND('',#69000,.T.);
#69020=ADVANCED_FACE('',(#69010),#68760,.F.);
#69030=COLOUR_RGB('',5.0196081399917603E-01,1.0000000000000000E+00,
   5.0196081399917603E-01);
#69040=FILL_AREA_STYLE_COLOUR('',#69030);
#69050=FILL_AREA_STYLE('',(#69040));
#69060=SURFACE_STYLE_FILL_AREA(#69050);
#69070=SURFACE_SIDE_STYLE('',(#69060));
#69080=SURFACE_STYLE_USAGE(.BOTH.,#69070);
#69090=PRESENTATION_STYLE_ASSIGNMENT((#69080));
#69100=ORIENTED_EDGE('',*,*,#64920,.F.);
#69110=ORIENTED_EDGE('',*,*,#64380,.T.);
#69120=CARTESIAN_POINT('',(-8.4502159542249785E+01,
   2.8601376124790601E+01,1.4000000000000000E+01));
#69130=DIRECTION('',(-1.0000000000000000E+00,0.0000000000000000E+00,
   0.0000000000000000E+00));
#69140=VECTOR('',#69130,1.0000000000000000E+00);
#69150=LINE('',#69120,#69140);
#69160=EDGE_CURVE('',#64350,#64640,#69150,.T.);
#69170=ORIENTED_EDGE('',*,*,#69160,.F.);
#69180=EDGE_LOOP('',(#69170,#69110,#69100));
#69190=FACE_OUTER_BOUND('',#69180,.T.);
#69200=ADVANCED_FACE('',(#69190),#64550,.T.);
#69210=COLOUR_RGB('',9.4901967048645020E-01,9.4901967048645020E-01,
   1.0000000000000000E+00);
#69220=FILL_AREA_STYLE_COLOUR('',#69210);
#69230=FILL_AREA_STYLE('',(#69220));
#69240=SURFACE_STYLE_FILL_AREA(#69230);
#69250=SURFACE_SIDE_STYLE('',(#69240));
#69260=SURFACE_STYLE_USAGE(.BOTH.,#69250);
#69270=PRESENTATION_STYLE_ASSIGNMENT((#69260));
#69280=CARTESIAN_POINT('',(-2.9886031253416185E+01,
   2.0321376124790600E+01,1.2726922491185586E+01));
#69290=DIRECTION('',(0.0000000000000000E+00,-1.0000000000000000E+00,
   0.0000000000000000E+00));
#69300=DIRECTION('',(1.0000000000000000E+00,0.0000000000000000E+00,
   0.0000000000000000E+00));
#69310=AXIS2_PLACEMENT_3D('',#69280,#69290,#69300);
#69320=PLANE('',#69310);
#69330=ORIENTED_EDGE('',*,*,#44250,.F.);
#69340=ORIENTED_EDGE('',*,*,#43410,.F.);
#69350=CARTESIAN_POINT('',(-8.4502159542249785E+01,
   2.0321376124790600E+01,1.3550000000000001E+01));
#69360=DIRECTION('',(1.0000000000000000E+00,0.0000000000000000E+00,
   0.0000000000000000E+00));
#69370=VECTOR('',#69360,1.0000000000000000E+00);
#69380=LINE('',#69350,#69370);
#69390=CARTESIAN_POINT('',(-3.1105488301517802E+01,
   2.0321376124790600E+01,1.3550000000000001E+01));
#69400=VERTEX_POINT('',#69390);
#69410=EDGE_CURVE('',#43320,#69400,#69380,.T.);
#69420=ORIENTED_EDGE('',*,*,#69410,.F.);
#69430=CARTESIAN_POINT('',(-3.1105488301517802E+01,
   2.0321376124790600E+01,1.5500000000000000E+01));
#69440=DIRECTION('',(0.0000000000000000E+00,0.0000000000000000E+00,
   -1.0000000000000000E+00));
#69450=VECTOR('',#69440,1.0000000000000000E+00);
#69460=LINE('',#69430,#69450);
#69470=EDGE_CURVE('',#44090,#69400,#69460,.T.);
#69480=ORIENTED_EDGE('',*,*,#69470,.T.);
#69490=ORIENTED_EDGE('',*,*,#44360,.F.);
#69500=CARTESIAN_POINT('',(-3.1355488301517802E+01,
   2.0321376124790600E+01,1.4000000000000000E+01));
#69510=DIRECTION('',(0.0000000000000000E+00,-1.0000000000000000E+00,
   0.0000000000000000E+00));
#69520=DIRECTION('',(1.0000000000000000E+00,0.0000000000000000E+00,
   0.0000000000000000E+00));
#69530=AXIS2_PLACEMENT_3D('',#69500,#69510,#69520);
#69540=CIRCLE('',#69530,5.5000000000000004E-01);
#69550=EDGE_CURVE('',#44240,#44330,#69540,.T.);
#69560=ORIENTED_EDGE('',*,*,#69550,.T.);
#69570=EDGE_LOOP('',(#69560,#69490,#69480,#69420,#69340,#69330));
#69580=FACE_OUTER_BOUND('',#69570,.T.);
#69590=ADVANCED_FACE('',(#69580),#69320,.T.);
#69600=COLOUR_RGB('',9.4901961088180542E-01,9.4901961088180542E-01,
   1.0000000000000000E+00);
#69610=FILL_AREA_STYLE_COLOUR('',#69600);
#69620=FILL_AREA_STYLE('',(#69610));
#69630=SURFACE_STYLE_FILL_AREA(#69620);
#69640=SURFACE_SIDE_STYLE('',(#69630));
#69650=SURFACE_STYLE_USAGE(.BOTH.,#69640);
#69660=PRESENTATION_STYLE_ASSIGNMENT((#69650));
#69670=CARTESIAN_POINT('',(0.0000000000000000E+00,0.0000000000000000E+00
   ,1.1300000000000001E+01));
#69680=DIRECTION('',(0.0000000000000000E+00,0.0000000000000000E+00,
   1.0000000000000000E+00));
#69690=DIRECTION('',(1.0000000000000000E+00,0.0000000000000000E+00,
   0.0000000000000000E+00));
#69700=AXIS2_PLACEMENT_3D('',#69670,#69680,#69690);
#69710=PLANE('',#69700);
#69720=ORIENTED_EDGE('',*,*,#68540,.F.);
#69730=CARTESIAN_POINT('',(-3.3805488301517798E+01,
   2.2071376124790600E+01,1.1300000000000001E+01));
#69740=DIRECTION('',(1.0000000000000000E+00,0.0000000000000000E+00,
   0.0000000000000000E+00));
#69750=VECTOR('',#69740,1.0000000000000000E+00);
#69760=LINE('',#69730,#69750);
#69770=EDGE_CURVE('',#68450,#50970,#69760,.T.);
#69780=ORIENTED_EDGE('',*,*,#69770,.F.);
#69790=ORIENTED_EDGE('',*,*,#50980,.T.);
#69800=ORIENTED_EDGE('',*,*,#51730,.T.);
#69810=CARTESIAN_POINT('',(-3.3805488301517798E+01,
   2.3821376124790600E+01,1.1300000000000001E+01));
#69820=DIRECTION('',(-2.5881904510253184E-01,9.6592582628906531E-01,
   0.0000000000000000E+00));
#69830=VECTOR('',#69820,1.0000000000000000E+00);
#69840=LINE('',#69810,#69830);
#69850=EDGE_CURVE('',#51720,#68820,#69840,.T.);
#69860=ORIENTED_EDGE('',*,*,#69850,.F.);
#69870=ORIENTED_EDGE('',*,*,#68980,.T.);
#69880=EDGE_LOOP('',(#69870,#69860,#69800,#69790,#69780,#69720));
#69890=FACE_OUTER_BOUND('',#69880,.T.);
#69900=ADVANCED_FACE('',(#69890),#69710,.F.);
#69910=COLOUR_RGB('',5.0196081399917603E-01,1.0000000000000000E+00,
   5.0196081399917603E-01);
#69920=FILL_AREA_STYLE_COLOUR('',#69910);
#69930=FILL_AREA_STYLE('',(#69920));
#69940=SURFACE_STYLE_FILL_AREA(#69930);
#69950=SURFACE_SIDE_STYLE('',(#69940));
#69960=SURFACE_STYLE_USAGE(.BOTH.,#69950);
#69970=PRESENTATION_STYLE_ASSIGNMENT((#69960));
#69980=CARTESIAN_POINT('',(-3.3520488301517801E+01,
   2.2071376124790600E+01,1.0500000000000000E+01));
#69990=DIRECTION('',(-0.0000000000000000E+00,-1.0000000000000000E+00,
   -0.0000000000000000E+00));
#70000=DIRECTION('',(-1.0000000000000000E+00,0.0000000000000000E+00,
   0.0000000000000000E+00));
#70010=AXIS2_PLACEMENT_3D('',#69980,#69990,#70000);
#70020=PLANE('',#70010);
#70030=ORIENTED_EDGE('',*,*,#49820,.F.);
#70040=ORIENTED_EDGE('',*,*,#51040,.F.);
#70050=ORIENTED_EDGE('',*,*,#69770,.T.);
#70060=ORIENTED_EDGE('',*,*,#68460,.T.);
#70070=EDGE_LOOP('',(#70060,#70050,#70040,#70030));
#70080=FACE_OUTER_BOUND('',#70070,.T.);
#70090=ADVANCED_FACE('',(#70080),#70020,.F.);
#70100=COLOUR_RGB('',5.0196081399917603E-01,1.0000000000000000E+00,
   5.0196081399917603E-01);
#70110=FILL_AREA_STYLE_COLOUR('',#70100);
#70120=FILL_AREA_STYLE('',(#70110));
#70130=SURFACE_STYLE_FILL_AREA(#70120);
#70140=SURFACE_SIDE_STYLE('',(#70130));
#70150=SURFACE_STYLE_USAGE(.BOTH.,#70140);
#70160=PRESENTATION_STYLE_ASSIGNMENT((#70150));
#70170=CARTESIAN_POINT('',(-3.4134907590252553E+01,
   2.5050785647341851E+01,9.6999999999999993E+00));
#70180=DIRECTION('',(9.6592582628906531E-01,2.5881904510253184E-01,
   0.0000000000000000E+00));
#70190=DIRECTION('',(2.5881904510253184E-01,-9.6592582628906531E-01,
   0.0000000000000000E+00));
#70200=AXIS2_PLACEMENT_3D('',#70170,#70180,#70190);
#70210=PLANE('',#70200);
#70220=ORIENTED_EDGE('',*,*,#69850,.T.);
#70230=ORIENTED_EDGE('',*,*,#51810,.F.);
#70240=ORIENTED_EDGE('',*,*,#49580,.F.);
#70250=ORIENTED_EDGE('',*,*,#34930,.F.);
#70260=ORIENTED_EDGE('',*,*,#52130,.T.);
#70270=ORIENTED_EDGE('',*,*,#68830,.F.);
#70280=EDGE_LOOP('',(#70270,#70260,#70250,#70240,#70230,#70220));
#70290=FACE_OUTER_BOUND('',#70280,.T.);
#70300=ADVANCED_FACE('',(#70290),#70210,.F.);
#70310=COLOUR_RGB('',5.0196081399917603E-01,1.0000000000000000E+00,
   5.0196081399917603E-01);
#70320=FILL_AREA_STYLE_COLOUR('',#70310);
#70330=FILL_AREA_STYLE('',(#70320));
#70340=SURFACE_STYLE_FILL_AREA(#70330);
#70350=SURFACE_SIDE_STYLE('',(#70340));
#70360=SURFACE_STYLE_USAGE(.BOTH.,#70350);
#70370=PRESENTATION_STYLE_ASSIGNMENT((#70360));
#70380=CARTESIAN_POINT('',(-3.1158000928102481E+01,
   2.8001376124790593E+01,1.7252512626584682E+01));
#70390=DIRECTION('',(0.0000000000000000E+00,1.0000000000000000E+00,
   0.0000000000000000E+00));
#70400=DIRECTION('',(7.0710678118654746E-01,0.0000000000000000E+00,
   -7.0710678118654757E-01));
#70410=AXIS2_PLACEMENT_3D('',#70380,#70390,#70400);
#70420=PLANE('',#70410);
#70430=CARTESIAN_POINT('',(-8.4502159542249785E+01,
   2.8001376124790593E+01,-3.5101696493901422E+01));
#70440=DIRECTION('',(7.0710678118654757E-01,0.0000000000000000E+00,
   7.0710678118654746E-01));
#70450=VECTOR('',#70440,1.0000000000000000E+00);
#70460=LINE('',#70430,#70450);
#70470=CARTESIAN_POINT('',(-3.1905465551017315E+01,
   2.8001376124790593E+01,1.7494997497331042E+01));
#70480=VERTEX_POINT('',#70470);
#70490=CARTESIAN_POINT('',(-3.1900463048348364E+01,
   2.8001376124790593E+01,1.7499999999999993E+01));
#70500=VERTEX_POINT('',#70490);
#70510=EDGE_CURVE('',#70480,#70500,#70460,.T.);
#70520=ORIENTED_EDGE('',*,*,#70510,.T.);
#70530=CARTESIAN_POINT('',(-3.1355488301517802E+01,
   2.8001376124790593E+01,1.7500000000000000E+01));
#70540=DIRECTION('',(0.0000000000000000E+00,-1.0000000000000000E+00,
   0.0000000000000000E+00));
#70550=DIRECTION('',(1.0000000000000000E+00,0.0000000000000000E+00,
   0.0000000000000000E+00));
#70560=AXIS2_PLACEMENT_3D('',#70530,#70540,#70550);
#70570=CIRCLE('',#70560,5.5000000000000004E-01);
#70580=CARTESIAN_POINT('',(-3.1451982696657517E+01,
   2.8001376124790593E+01,1.6958530858029174E+01));
#70590=VERTEX_POINT('',#70580);
#70600=EDGE_CURVE('',#70480,#70590,#70570,.T.);
#70610=ORIENTED_EDGE('',*,*,#70600,.F.);
#70620=CARTESIAN_POINT('',(-8.4502159542249785E+01,
   2.8001376124790593E+01,-3.6091645987562615E+01));
#70630=DIRECTION('',(-7.0710678118654757E-01,0.0000000000000000E+00,
   -7.0710678118654746E-01));
#70640=VECTOR('',#70630,1.0000000000000000E+00);
#70650=LINE('',#70620,#70640);
#70660=CARTESIAN_POINT('',(-3.0910513554687164E+01,
   2.8001376124790593E+01,1.7499999999999993E+01));
#70670=VERTEX_POINT('',#70660);
#70680=EDGE_CURVE('',#70670,#70590,#70650,.T.);
#70690=ORIENTED_EDGE('',*,*,#70680,.T.);
#70700=CARTESIAN_POINT('',(-8.4502159542249785E+01,
   2.8001376124790593E+01,1.7500000000000000E+01));
#70710=DIRECTION('',(-1.0000000000000000E+00,0.0000000000000000E+00,
   0.0000000000000000E+00));
#70720=VECTOR('',#70710,1.0000000000000000E+00);
#70730=LINE('',#70700,#70720);
#70740=EDGE_CURVE('',#70670,#70500,#70730,.T.);
#70750=ORIENTED_EDGE('',*,*,#70740,.F.);
#70760=EDGE_LOOP('',(#70750,#70690,#70610,#70520));
#70770=FACE_OUTER_BOUND('',#70760,.T.);
#70780=ADVANCED_FACE('',(#70770),#70420,.T.);
#70790=COLOUR_RGB('',9.4901967048645020E-01,9.4901967048645020E-01,
   1.0000000000000000E+00);
#70800=FILL_AREA_STYLE_COLOUR('',#70790);
#70810=FILL_AREA_STYLE('',(#70800));
#70820=SURFACE_STYLE_FILL_AREA(#70810);
#70830=SURFACE_SIDE_STYLE('',(#70820));
#70840=SURFACE_STYLE_USAGE(.BOTH.,#70830);
#70850=PRESENTATION_STYLE_ASSIGNMENT((#70840));
#70860=CARTESIAN_POINT('',(-3.1355488301517802E+01,
   2.0821376124790600E+01,1.4000000000000000E+01));
#70870=DIRECTION('',(0.0000000000000000E+00,-1.0000000000000000E+00,
   0.0000000000000000E+00));
#70880=DIRECTION('',(1.0000000000000000E+00,0.0000000000000000E+00,
   0.0000000000000000E+00));
#70890=AXIS2_PLACEMENT_3D('',#70860,#70870,#70880);
#70900=CYLINDRICAL_SURFACE('',#70890,5.5000000000000004E-01);
#70910=CARTESIAN_POINT('',(-3.0805488301517801E+01,
   2.0821376124790600E+01,1.4000000000000000E+01));
#70920=DIRECTION('',(0.0000000000000000E+00,-1.0000000000000000E+00,
   0.0000000000000000E+00));
#70930=VECTOR('',#70920,1.0000000000000000E+00);
#70940=LINE('',#70910,#70930);
#70950=CARTESIAN_POINT('',(-3.0805488301517801E+01,
   2.0821376124790600E+01,1.4000000000000000E+01));
#70960=VERTEX_POINT('',#70950);
#70970=EDGE_CURVE('',#70960,#44330,#70940,.T.);
#70980=ORIENTED_EDGE('',*,*,#70970,.T.);
#70990=CARTESIAN_POINT('',(-3.1355488301517802E+01,
   2.0821376124790600E+01,1.4000000000000000E+01));
#71000=DIRECTION('',(0.0000000000000000E+00,-1.0000000000000000E+00,
   0.0000000000000000E+00));
#71010=DIRECTION('',(1.0000000000000000E+00,0.0000000000000000E+00,
   0.0000000000000000E+00));
#71020=AXIS2_PLACEMENT_3D('',#70990,#71000,#71010);
#71030=CIRCLE('',#71020,5.5000000000000004E-01);
#71040=CARTESIAN_POINT('',(-3.1905488301517803E+01,
   2.0821376124790600E+01,1.4000000000000000E+01));
#71050=VERTEX_POINT('',#71040);
#71060=EDGE_CURVE('',#71050,#70960,#71030,.T.);
#71070=ORIENTED_EDGE('',*,*,#71060,.T.);
#71080=CARTESIAN_POINT('',(-3.1905488301517803E+01,
   2.0821376124790600E+01,1.4000000000000000E+01));
#71090=DIRECTION('',(0.0000000000000000E+00,-1.0000000000000000E+00,
   0.0000000000000000E+00));
#71100=VECTOR('',#71090,1.0000000000000000E+00);
#71110=LINE('',#71080,#71100);
#71120=EDGE_CURVE('',#71050,#44240,#71110,.T.);
#71130=ORIENTED_EDGE('',*,*,#71120,.F.);
#71140=ORIENTED_EDGE('',*,*,#69550,.F.);
#71150=EDGE_LOOP('',(#71140,#71130,#71070,#70980));
#71160=FACE_OUTER_BOUND('',#71150,.T.);
#71170=ADVANCED_FACE('',(#71160),#70900,.T.);
#71180=COLOUR_RGB('',9.4901961088180542E-01,9.4901961088180542E-01,
   1.0000000000000000E+00);
#71190=FILL_AREA_STYLE_COLOUR('',#71180);
#71200=FILL_AREA_STYLE('',(#71190));
#71210=SURFACE_STYLE_FILL_AREA(#71200);
#71220=SURFACE_SIDE_STYLE('',(#71210));
#71230=SURFACE_STYLE_USAGE(.BOTH.,#71220);
#71240=PRESENTATION_STYLE_ASSIGNMENT((#71230));
#71250=CARTESIAN_POINT('',(-3.4997595082704343E+01,
   2.2071376124790600E+01,1.1499999999999998E+01));
#71260=DIRECTION('',(0.0000000000000000E+00,-1.0000000000000000E+00,
   0.0000000000000000E+00));
#71270=DIRECTION('',(1.0000000000000000E+00,0.0000000000000000E+00,
   0.0000000000000000E+00));
#71280=AXIS2_PLACEMENT_3D('',#71250,#71260,#71270);
#71290=CYLINDRICAL_SURFACE('',#71280,5.0000000000000400E-01);
#71300=ORIENTED_EDGE('',*,*,#52440,.F.);
#71310=ORIENTED_EDGE('',*,*,#40380,.F.);
#71320=ORIENTED_EDGE('',*,*,#68340,.T.);
#71330=ORIENTED_EDGE('',*,*,#68910,.T.);
#71340=EDGE_LOOP('',(#71330,#71320,#71310,#71300));
#71350=FACE_OUTER_BOUND('',#71340,.T.);
#71360=ADVANCED_FACE('',(#71350),#71290,.F.);
#71370=COLOUR_RGB('',5.0196081399917603E-01,1.0000000000000000E+00,
   5.0196081399917603E-01);
#71380=FILL_AREA_STYLE_COLOUR('',#71370);
#71390=FILL_AREA_STYLE('',(#71380));
#71400=SURFACE_STYLE_FILL_AREA(#71390);
#71410=SURFACE_SIDE_STYLE('',(#71400));
#71420=SURFACE_STYLE_USAGE(.BOTH.,#71410);
#71430=PRESENTATION_STYLE_ASSIGNMENT((#71420));
#71440=CARTESIAN_POINT('',(-3.1405488301517799E+01,
   2.8561376124790595E+01,1.0500000000000000E+01));
#71450=DIRECTION('',(0.0000000000000000E+00,-1.0000000000000000E+00,
   0.0000000000000000E+00));
#71460=DIRECTION('',(-1.0000000000000000E+00,0.0000000000000000E+00,
   0.0000000000000000E+00));
#71470=AXIS2_PLACEMENT_3D('',#71440,#71450,#71460);
#71480=CYLINDRICAL_SURFACE('',#71470,1.4499999999999993E+00);
#71490=CARTESIAN_POINT('',(-3.2855488301517795E+01,
   2.8561376124790595E+01,1.0500000000000000E+01));
#71500=DIRECTION('',(0.0000000000000000E+00,-1.0000000000000000E+00,
   0.0000000000000000E+00));
#71510=VECTOR('',#71500,1.0000000000000000E+00);
#71520=LINE('',#71490,#71510);
#71530=CARTESIAN_POINT('',(-3.2855488301517795E+01,
   2.9321376124790600E+01,1.0500000000000000E+01));
#71540=VERTEX_POINT('',#71530);
#71550=EDGE_CURVE('',#71540,#62710,#71520,.T.);
#71560=ORIENTED_EDGE('',*,*,#71550,.F.);
#71570=ORIENTED_EDGE('',*,*,#62760,.T.);
#71580=CARTESIAN_POINT('',(-2.9955488301517800E+01,
   2.8561376124790595E+01,1.0500000000000000E+01));
#71590=DIRECTION('',(0.0000000000000000E+00,-1.0000000000000000E+00,
   0.0000000000000000E+00));
#71600=VECTOR('',#71590,1.0000000000000000E+00);
#71610=LINE('',#71580,#71600);
#71620=CARTESIAN_POINT('',(-2.9955488301517800E+01,
   2.9321376124790600E+01,1.0500000000000000E+01));
#71630=VERTEX_POINT('',#71620);
#71640=EDGE_CURVE('',#71630,#62730,#71610,.T.);
#71650=ORIENTED_EDGE('',*,*,#71640,.T.);
#71660=CARTESIAN_POINT('',(-3.1405488301517799E+01,
   2.9321376124790600E+01,1.0500000000000000E+01));
#71670=DIRECTION('',(0.0000000000000000E+00,-1.0000000000000000E+00,
   0.0000000000000000E+00));
#71680=DIRECTION('',(-1.0000000000000000E+00,0.0000000000000000E+00,
   0.0000000000000000E+00));
#71690=AXIS2_PLACEMENT_3D('',#71660,#71670,#71680);
#71700=CIRCLE('',#71690,1.4499999999999993E+00);
#71710=EDGE_CURVE('',#71630,#71540,#71700,.T.);
#71720=ORIENTED_EDGE('',*,*,#71710,.F.);
#71730=EDGE_LOOP('',(#71720,#71650,#71570,#71560));
#71740=FACE_OUTER_BOUND('',#71730,.T.);
#71750=ADVANCED_FACE('',(#71740),#71480,.F.);
#71760=COLOUR_RGB('',5.0196081399917603E-01,1.0000000000000000E+00,
   5.0196081399917603E-01);
#71770=FILL_AREA_STYLE_COLOUR('',#71760);
#71780=FILL_AREA_STYLE('',(#71770));
#71790=SURFACE_STYLE_FILL_AREA(#71780);
#71800=SURFACE_SIDE_STYLE('',(#71790));
#71810=SURFACE_STYLE_USAGE(.BOTH.,#71800);
#71820=PRESENTATION_STYLE_ASSIGNMENT((#71810));
#71830=CARTESIAN_POINT('',(-3.1652975674933074E+01,
   2.8601376124790594E+01,1.0747487373415282E+01));
#71840=DIRECTION('',(7.0710678118654746E-01,0.0000000000000000E+00,
   -7.0710678118654757E-01));
#71850=DIRECTION('',(0.0000000000000000E+00,-1.0000000000000000E+00,
   0.0000000000000000E+00));
#71860=AXIS2_PLACEMENT_3D('',#71830,#71840,#71850);
#71870=PLANE('',#71860);
#71880=ORIENTED_EDGE('',*,*,#50110,.T.);
#71890=CARTESIAN_POINT('',(-8.4502159542249785E+01,
   2.8001376124790593E+01,-4.2101696493901422E+01));
#71900=DIRECTION('',(7.0710678118654757E-01,0.0000000000000000E+00,
   7.0710678118654746E-01));
#71910=VECTOR('',#71900,1.0000000000000000E+00);
#71920=LINE('',#71890,#71910);
#71930=CARTESIAN_POINT('',(-3.1350485798849824E+01,
   2.8001376124790593E+01,1.1049977249499520E+01));
#71940=VERTEX_POINT('',#71930);
#71950=EDGE_CURVE('',#33610,#71940,#71920,.T.);
#71960=ORIENTED_EDGE('',*,*,#71950,.F.);
#71970=CARTESIAN_POINT('',(-3.1350485798848844E+01,
   3.9321376124790604E+01,1.1049977249499511E+01));
#71980=DIRECTION('',(0.0000000000000000E+00,-1.0000000000000000E+00,
   0.0000000000000000E+00));
#71990=VECTOR('',#71980,1.0000000000000000E+00);
#72000=LINE('',#71970,#71990);
#72010=CARTESIAN_POINT('',(-3.1350485798850627E+01,
   2.8601376124790601E+01,1.1049977249499527E+01));
#72020=VERTEX_POINT('',#72010);
#72030=EDGE_CURVE('',#72020,#71940,#72000,.T.);
#72040=ORIENTED_EDGE('',*,*,#72030,.T.);
#72050=CARTESIAN_POINT('',(-8.4502159542249785E+01,
   2.8601376124790601E+01,-4.2101696493901422E+01));
#72060=DIRECTION('',(-7.0710678118654757E-01,0.0000000000000000E+00,
   -7.0710678118654746E-01));
#72070=VECTOR('',#72060,1.0000000000000000E+00);
#72080=LINE('',#72050,#72070);
#72090=EDGE_CURVE('',#72020,#37010,#72080,.T.);
#72100=ORIENTED_EDGE('',*,*,#72090,.F.);
#72110=EDGE_LOOP('',(#72100,#72040,#71960,#71880));
#72120=FACE_OUTER_BOUND('',#72110,.T.);
#72130=ADVANCED_FACE('',(#72120),#71870,.T.);
#72140=COLOUR_RGB('',9.4901967048645020E-01,9.4901967048645020E-01,
   1.0000000000000000E+00);
#72150=FILL_AREA_STYLE_COLOUR('',#72140);
#72160=FILL_AREA_STYLE('',(#72150));
#72170=SURFACE_STYLE_FILL_AREA(#72160);
#72180=SURFACE_SIDE_STYLE('',(#72170));
#72190=SURFACE_STYLE_USAGE(.BOTH.,#72180);
#72200=PRESENTATION_STYLE_ASSIGNMENT((#72190));
#72210=CARTESIAN_POINT('',(-3.0694461199299042E+01,
   2.8001376124790593E+01,1.1706001849049315E+01));
#72220=VERTEX_POINT('',#72210);
#72230=EDGE_CURVE('',#71940,#72220,#71920,.T.);
#72240=ORIENTED_EDGE('',*,*,#72230,.F.);
#72250=CARTESIAN_POINT('',(-3.0694461199299035E+01,
   2.7145319094080318E+01,1.1706001849049326E+01));
#72260=DIRECTION('',(0.0000000000000000E+00,1.0000000000000000E+00,
   0.0000000000000000E+00));
#72270=VECTOR('',#72260,1.0000000000000000E+00);
#72280=LINE('',#72250,#72270);
#72290=CARTESIAN_POINT('',(-3.0694461199299035E+01,
   2.8601376124790601E+01,1.1706001849049326E+01));
#72300=VERTEX_POINT('',#72290);
#72310=EDGE_CURVE('',#72220,#72300,#72280,.T.);
#72320=ORIENTED_EDGE('',*,*,#72310,.F.);
#72330=EDGE_CURVE('',#72300,#72020,#72080,.T.);
#72340=ORIENTED_EDGE('',*,*,#72330,.F.);
#72350=ORIENTED_EDGE('',*,*,#72030,.F.);
#72360=EDGE_LOOP('',(#72350,#72340,#72320,#72240));
#72370=FACE_OUTER_BOUND('',#72360,.T.);
#72380=ADVANCED_FACE('',(#72370),#71870,.T.);
#72390=COLOUR_RGB('',9.4901967048645020E-01,9.4901967048645020E-01,
   1.0000000000000000E+00);
#72400=FILL_AREA_STYLE_COLOUR('',#72390);
#72410=FILL_AREA_STYLE('',(#72400));
#72420=SURFACE_STYLE_FILL_AREA(#72410);
#72430=SURFACE_SIDE_STYLE('',(#72420));
#72440=SURFACE_STYLE_USAGE(.BOTH.,#72430);
#72450=PRESENTATION_STYLE_ASSIGNMENT((#72440));
#72460=CARTESIAN_POINT('',(-3.4644041692111067E+01,
   2.1232822734197338E+01,1.3199999999999999E+01));
#72470=DIRECTION('',(7.0710678118654535E-01,-7.0710678118654968E-01,
   0.0000000000000000E+00));
#72480=DIRECTION('',(-7.0710678118654968E-01,-7.0710678118654535E-01,
   0.0000000000000000E+00));
#72490=AXIS2_PLACEMENT_3D('',#72460,#72470,#72480);
#72500=PLANE('',#72490);
#72510=ORIENTED_EDGE('',*,*,#64160,.F.);
#72520=ORIENTED_EDGE('',*,*,#48300,.F.);
#72530=CARTESIAN_POINT('',(0.0000000000000000E+00,5.5876864426308202E+01
   ,1.4800000000000001E+01));
#72540=DIRECTION('',(7.0710678118654968E-01,7.0710678118654535E-01,
   0.0000000000000000E+00));
#72550=VECTOR('',#72540,1.0000000000000000E+00);
#72560=LINE('',#72530,#72550);
#72570=CARTESIAN_POINT('',(-3.4090488301517780E+01,
   2.1786376124790618E+01,1.4800000000000001E+01));
#72580=VERTEX_POINT('',#72570);
#72590=EDGE_CURVE('',#72580,#48190,#72560,.T.);
#72600=ORIENTED_EDGE('',*,*,#72590,.T.);
#72610=CARTESIAN_POINT('',(-3.3290488301517804E+01,
   2.2586376124790586E+01,1.4000000000000000E+01));
#72620=DIRECTION('',(-5.7735026918962440E-01,-5.7735026918962096E-01,
   5.7735026918963195E-01));
#72630=VECTOR('',#72620,1.0000000000000000E+00);
#72640=LINE('',#72610,#72630);
#72650=CARTESIAN_POINT('',(-3.4644041692111067E+01,
   2.1232822734197338E+01,1.5353553390593275E+01));
#72660=VERTEX_POINT('',#72650);
#72670=EDGE_CURVE('',#72580,#72660,#72640,.T.);
#72680=ORIENTED_EDGE('',*,*,#72670,.F.);
#72690=CARTESIAN_POINT('',(-3.4997595082704343E+01,
   2.0879269343604062E+01,1.5000000000000000E+01));
#72700=DIRECTION('',(7.0710678118654535E-01,-7.0710678118654968E-01,
   0.0000000000000000E+00));
#72710=DIRECTION('',(-7.0710678118654968E-01,-7.0710678118654535E-01,
   0.0000000000000000E+00));
#72720=AXIS2_PLACEMENT_3D('',#72690,#72700,#72710);
#72730=ELLIPSE('',#72720,7.0710678118655101E-01,5.0000000000000400E-01);
#72740=EDGE_CURVE('',#72660,#40540,#72730,.T.);
#72750=ORIENTED_EDGE('',*,*,#72740,.F.);
#72760=ORIENTED_EDGE('',*,*,#40550,.F.);
#72770=ORIENTED_EDGE('',*,*,#39200,.F.);
#72780=ORIENTED_EDGE('',*,*,#50720,.F.);
#72790=EDGE_LOOP('',(#72780,#72770,#72760,#72750,#72680,#72600,#72520,
   #72510));
#72800=FACE_OUTER_BOUND('',#72790,.T.);
#72810=ADVANCED_FACE('',(#72800),#72500,.F.);
#72820=COLOUR_RGB('',5.0196081399917603E-01,1.0000000000000000E+00,
   5.0196081399917603E-01);
#72830=FILL_AREA_STYLE_COLOUR('',#72820);
#72840=FILL_AREA_STYLE('',(#72830));
#72850=SURFACE_STYLE_FILL_AREA(#72840);
#72860=SURFACE_SIDE_STYLE('',(#72850));
#72870=SURFACE_STYLE_USAGE(.BOTH.,#72860);
#72880=PRESENTATION_STYLE_ASSIGNMENT((#72870));
#72890=CARTESIAN_POINT('',(-3.1405488301517792E+01,
   2.7145319094080318E+01,1.0500000000000000E+01));
#72900=DIRECTION('',(0.0000000000000000E+00,1.0000000000000000E+00,
   0.0000000000000000E+00));
#72910=DIRECTION('',(-1.0000000000000000E+00,0.0000000000000000E+00,
   0.0000000000000000E+00));
#72920=AXIS2_PLACEMENT_3D('',#72890,#72900,#72910);
#72930=CYLINDRICAL_SURFACE('',#72920,1.3999999999999999E+00);
#72940=CARTESIAN_POINT('',(-3.0005488301517794E+01,
   2.7145319094080318E+01,1.0500000000000000E+01));
#72950=DIRECTION('',(0.0000000000000000E+00,1.0000000000000000E+00,
   0.0000000000000000E+00));
#72960=VECTOR('',#72950,1.0000000000000000E+00);
#72970=LINE('',#72940,#72960);
#72980=CARTESIAN_POINT('',(-3.0005488301517794E+01,
   2.8601376124790601E+01,1.0500000000000000E+01));
#72990=VERTEX_POINT('',#72980);
#73000=EDGE_CURVE('',#62580,#72990,#72970,.T.);
#73010=ORIENTED_EDGE('',*,*,#73000,.F.);
#73020=CARTESIAN_POINT('',(-3.1405488301517792E+01,
   2.8601376124790601E+01,1.0500000000000000E+01));
#73030=DIRECTION('',(0.0000000000000000E+00,1.0000000000000000E+00,
   0.0000000000000000E+00));
#73040=DIRECTION('',(-1.0000000000000000E+00,0.0000000000000000E+00,
   0.0000000000000000E+00));
#73050=AXIS2_PLACEMENT_3D('',#73020,#73030,#73040);
#73060=CIRCLE('',#73050,1.3999999999999999E+00);
#73070=EDGE_CURVE('',#72990,#36640,#73060,.T.);
#73080=ORIENTED_EDGE('',*,*,#73070,.F.);
#73090=ORIENTED_EDGE('',*,*,#36650,.T.);
#73100=ORIENTED_EDGE('',*,*,#53530,.F.);
#73110=ORIENTED_EDGE('',*,*,#60770,.F.);
#73120=CARTESIAN_POINT('',(-3.1405488301517792E+01,
   2.8601376124790601E+01,1.0500000000000000E+01));
#73130=DIRECTION('',(0.0000000000000000E+00,1.0000000000000000E+00,
   0.0000000000000000E+00));
#73140=DIRECTION('',(-1.0000000000000000E+00,0.0000000000000000E+00,
   0.0000000000000000E+00));
#73150=AXIS2_PLACEMENT_3D('',#73120,#73130,#73140);
#73160=CIRCLE('',#73150,1.3999999999999999E+00);
#73170=CARTESIAN_POINT('',(-3.2805488301517791E+01,
   2.8601376124790601E+01,1.0500000000000000E+01));
#73180=VERTEX_POINT('',#73170);
#73190=EDGE_CURVE('',#60700,#73180,#73160,.T.);
#73200=ORIENTED_EDGE('',*,*,#73190,.F.);
#73210=CARTESIAN_POINT('',(-3.2805488301517791E+01,
   2.7145319094080318E+01,1.0500000000000000E+01));
#73220=DIRECTION('',(0.0000000000000000E+00,1.0000000000000000E+00,
   0.0000000000000000E+00));
#73230=VECTOR('',#73220,1.0000000000000000E+00);
#73240=LINE('',#73210,#73230);
#73250=EDGE_CURVE('',#62560,#73180,#73240,.T.);
#73260=ORIENTED_EDGE('',*,*,#73250,.T.);
#73270=ORIENTED_EDGE('',*,*,#62610,.T.);
#73280=EDGE_LOOP('',(#73270,#73260,#73200,#73110,#73100,#73090,#73080,
   #73010));
#73290=FACE_OUTER_BOUND('',#73280,.T.);
#73300=ADVANCED_FACE('',(#73290),#72930,.T.);
#73310=COLOUR_RGB('',9.4901967048645020E-01,9.4901967048645020E-01,
   1.0000000000000000E+00);
#73320=FILL_AREA_STYLE_COLOUR('',#73310);
#73330=FILL_AREA_STYLE('',(#73320));
#73340=SURFACE_STYLE_FILL_AREA(#73330);
#73350=SURFACE_SIDE_STYLE('',(#73340));
#73360=SURFACE_STYLE_USAGE(.BOTH.,#73350);
#73370=PRESENTATION_STYLE_ASSIGNMENT((#73360));
#73380=CARTESIAN_POINT('',(-3.2074229385564998E+01,
   2.8601376124790601E+01,1.1168741084047205E+01));
#73390=DIRECTION('',(0.0000000000000000E+00,1.0000000000000000E+00,
   0.0000000000000000E+00));
#73400=DIRECTION('',(7.0710678118654746E-01,0.0000000000000000E+00,
   -7.0710678118654757E-01));
#73410=AXIS2_PLACEMENT_3D('',#73380,#73390,#73400);
#73420=PLANE('',#73410);
#73430=ORIENTED_EDGE('',*,*,#72330,.T.);
#73440=EDGE_CURVE('',#73180,#72300,#73160,.T.);
#73450=ORIENTED_EDGE('',*,*,#73440,.T.);
#73460=ORIENTED_EDGE('',*,*,#73190,.T.);
#73470=ORIENTED_EDGE('',*,*,#60710,.T.);
#73480=ORIENTED_EDGE('',*,*,#36940,.T.);
#73490=CARTESIAN_POINT('',(-3.1355488301517802E+01,
   2.8601376124790601E+01,1.0500000000000000E+01));
#73500=DIRECTION('',(0.0000000000000000E+00,-1.0000000000000000E+00,
   0.0000000000000000E+00));
#73510=DIRECTION('',(1.0000000000000000E+00,0.0000000000000000E+00,
   0.0000000000000000E+00));
#73520=AXIS2_PLACEMENT_3D('',#73490,#73500,#73510);
#73530=CIRCLE('',#73520,5.5000000000000004E-01);
#73540=EDGE_CURVE('',#72020,#36910,#73530,.T.);
#73550=ORIENTED_EDGE('',*,*,#73540,.T.);
#73560=EDGE_LOOP('',(#73550,#73480,#73470,#73460,#73450,#73430));
#73570=FACE_OUTER_BOUND('',#73560,.T.);
#73580=ADVANCED_FACE('',(#73570),#73420,.T.);
#73590=COLOUR_RGB('',9.4901967048645020E-01,9.4901967048645020E-01,
   1.0000000000000000E+00);
#73600=FILL_AREA_STYLE_COLOUR('',#73590);
#73610=FILL_AREA_STYLE('',(#73600));
#73620=SURFACE_STYLE_FILL_AREA(#73610);
#73630=SURFACE_SIDE_STYLE('',(#73620));
#73640=SURFACE_STYLE_USAGE(.BOTH.,#73630);
#73650=PRESENTATION_STYLE_ASSIGNMENT((#73640));
#73660=CARTESIAN_POINT('',(-3.1158000928102481E+01,
   2.8001376124790593E+01,1.0252512626584682E+01));
#73670=DIRECTION('',(0.0000000000000000E+00,1.0000000000000000E+00,
   0.0000000000000000E+00));
#73680=DIRECTION('',(7.0710678118654746E-01,0.0000000000000000E+00,
   -7.0710678118654757E-01));
#73690=AXIS2_PLACEMENT_3D('',#73660,#73670,#73680);
#73700=PLANE('',#73690);
#73710=CARTESIAN_POINT('',(-8.4502159542249785E+01,
   2.8001376124790593E+01,-4.3091645987562615E+01));
#73720=DIRECTION('',(-7.0710678118654757E-01,0.0000000000000000E+00,
   -7.0710678118654746E-01));
#73730=VECTOR('',#73720,1.0000000000000000E+00);
#73740=LINE('',#73710,#73730);
#73750=CARTESIAN_POINT('',(-3.0199486452468442E+01,
   2.8001376124790593E+01,1.1211027102218718E+01));
#73760=VERTEX_POINT('',#73750);
#73770=CARTESIAN_POINT('',(-3.0814019159546973E+01,
   2.8001376124790593E+01,1.0596494395139700E+01));
#73780=VERTEX_POINT('',#73770);
#73790=EDGE_CURVE('',#73760,#73780,#73740,.T.);
#73800=ORIENTED_EDGE('',*,*,#73790,.T.);
#73810=CARTESIAN_POINT('',(-3.1405488301517792E+01,
   2.8001376124790593E+01,1.0500000000000000E+01));
#73820=DIRECTION('',(0.0000000000000000E+00,1.0000000000000000E+00,
   0.0000000000000000E+00));
#73830=DIRECTION('',(-1.0000000000000000E+00,0.0000000000000000E+00,
   0.0000000000000000E+00));
#73840=AXIS2_PLACEMENT_3D('',#73810,#73820,#73830);
#73850=CIRCLE('',#73840,1.3999999999999999E+00);
#73860=EDGE_CURVE('',#72220,#73760,#73850,.T.);
#73870=ORIENTED_EDGE('',*,*,#73860,.T.);
#73880=ORIENTED_EDGE('',*,*,#72230,.T.);
#73890=CARTESIAN_POINT('',(-3.1355488301517802E+01,
   2.8001376124790593E+01,1.0500000000000000E+01));
#73900=DIRECTION('',(0.0000000000000000E+00,-1.0000000000000000E+00,
   0.0000000000000000E+00));
#73910=DIRECTION('',(1.0000000000000000E+00,0.0000000000000000E+00,
   0.0000000000000000E+00));
#73920=AXIS2_PLACEMENT_3D('',#73890,#73900,#73910);
#73930=CIRCLE('',#73920,5.5000000000000004E-01);
#73940=EDGE_CURVE('',#73780,#71940,#73930,.T.);
#73950=ORIENTED_EDGE('',*,*,#73940,.T.);
#73960=EDGE_LOOP('',(#73950,#73880,#73870,#73800));
#73970=FACE_OUTER_BOUND('',#73960,.T.);
#73980=ADVANCED_FACE('',(#73970),#73700,.T.);
#73990=COLOUR_RGB('',9.4901967048645020E-01,9.4901967048645020E-01,
   1.0000000000000000E+00);
#74000=FILL_AREA_STYLE_COLOUR('',#73990);
#74010=FILL_AREA_STYLE('',(#74000));
#74020=SURFACE_STYLE_FILL_AREA(#74010);
#74030=SURFACE_SIDE_STYLE('',(#74020));
#74040=SURFACE_STYLE_USAGE(.BOTH.,#74030);
#74050=PRESENTATION_STYLE_ASSIGNMENT((#74040));
#74060=ORIENTED_EDGE('',*,*,#73940,.F.);
#74070=ORIENTED_EDGE('',*,*,#71950,.T.);
#74080=ORIENTED_EDGE('',*,*,#33850,.T.);
#74090=EDGE_CURVE('',#73780,#33780,#73740,.T.);
#74100=ORIENTED_EDGE('',*,*,#74090,.T.);
#74110=EDGE_LOOP('',(#74100,#74080,#74070,#74060));
#74120=FACE_OUTER_BOUND('',#74110,.T.);
#74130=ADVANCED_FACE('',(#74120),#73700,.T.);
#74140=COLOUR_RGB('',9.4901967048645020E-01,9.4901967048645020E-01,
   1.0000000000000000E+00);
#74150=FILL_AREA_STYLE_COLOUR('',#74140);
#74160=FILL_AREA_STYLE('',(#74150));
#74170=SURFACE_STYLE_FILL_AREA(#74160);
#74180=SURFACE_SIDE_STYLE('',(#74170));
#74190=SURFACE_STYLE_USAGE(.BOTH.,#74180);
#74200=PRESENTATION_STYLE_ASSIGNMENT((#74190));
#74210=CARTESIAN_POINT('',(-3.1158000928102481E+01,
   2.7601376124790594E+01,1.0252512626584682E+01));
#74220=DIRECTION('',(-7.0710678118654746E-01,0.0000000000000000E+00,
   7.0710678118654757E-01));
#74230=DIRECTION('',(0.0000000000000000E+00,1.0000000000000000E+00,
   0.0000000000000000E+00));
#74240=AXIS2_PLACEMENT_3D('',#74210,#74220,#74230);
#74250=PLANE('',#74240);
#74260=ORIENTED_EDGE('',*,*,#73790,.F.);
#74270=CARTESIAN_POINT('',(-3.0814019159547051E+01,
   3.9321376124790604E+01,1.0596494395140114E+01));
#74280=DIRECTION('',(0.0000000000000000E+00,-1.0000000000000000E+00,
   0.0000000000000000E+00));
#74290=VECTOR('',#74280,1.0000000000000000E+00);
#74300=LINE('',#74270,#74290);
#74310=CARTESIAN_POINT('',(-3.0814019159547051E+01,
   2.8601376124790601E+01,1.0596494395140114E+01));
#74320=VERTEX_POINT('',#74310);
#74330=EDGE_CURVE('',#74320,#73780,#74300,.T.);
#74340=ORIENTED_EDGE('',*,*,#74330,.T.);
#74350=CARTESIAN_POINT('',(-8.4502159542249785E+01,
   2.8601376124790601E+01,-4.3091645987562615E+01));
#74360=DIRECTION('',(7.0710678118654757E-01,0.0000000000000000E+00,
   7.0710678118654746E-01));
#74370=VECTOR('',#74360,1.0000000000000000E+00);
#74380=LINE('',#74350,#74370);
#74390=CARTESIAN_POINT('',(-3.0199486452468442E+01,
   2.8601376124790601E+01,1.1211027102218718E+01));
#74400=VERTEX_POINT('',#74390);
#74410=EDGE_CURVE('',#74320,#74400,#74380,.T.);
#74420=ORIENTED_EDGE('',*,*,#74410,.F.);
#74430=CARTESIAN_POINT('',(-3.0199486452468442E+01,
   2.7145319094080318E+01,1.1211027102218718E+01));
#74440=DIRECTION('',(0.0000000000000000E+00,1.0000000000000000E+00,
   0.0000000000000000E+00));
#74450=VECTOR('',#74440,1.0000000000000000E+00);
#74460=LINE('',#74430,#74450);
#74470=EDGE_CURVE('',#73760,#74400,#74460,.T.);
#74480=ORIENTED_EDGE('',*,*,#74470,.T.);
#74490=EDGE_LOOP('',(#74480,#74420,#74340,#74260));
#74500=FACE_OUTER_BOUND('',#74490,.T.);
#74510=ADVANCED_FACE('',(#74500),#74250,.T.);
#74520=COLOUR_RGB('',9.4901967048645020E-01,9.4901967048645020E-01,
   1.0000000000000000E+00);
#74530=FILL_AREA_STYLE_COLOUR('',#74520);
#74540=FILL_AREA_STYLE('',(#74530));
#74550=SURFACE_STYLE_FILL_AREA(#74540);
#74560=SURFACE_SIDE_STYLE('',(#74550));
#74570=SURFACE_STYLE_USAGE(.BOTH.,#74560);
#74580=PRESENTATION_STYLE_ASSIGNMENT((#74570));
#74590=ORIENTED_EDGE('',*,*,#74090,.F.);
#74600=ORIENTED_EDGE('',*,*,#61830,.T.);
#74610=EDGE_CURVE('',#18560,#74320,#74380,.T.);
#74620=ORIENTED_EDGE('',*,*,#74610,.F.);
#74630=ORIENTED_EDGE('',*,*,#74330,.F.);
#74640=EDGE_LOOP('',(#74630,#74620,#74600,#74590));
#74650=FACE_OUTER_BOUND('',#74640,.T.);
#74660=ADVANCED_FACE('',(#74650),#74250,.T.);
#74670=COLOUR_RGB('',9.4901967048645020E-01,9.4901967048645020E-01,
   1.0000000000000000E+00);
#74680=FILL_AREA_STYLE_COLOUR('',#74670);
#74690=FILL_AREA_STYLE('',(#74680));
#74700=SURFACE_STYLE_FILL_AREA(#74690);
#74710=SURFACE_SIDE_STYLE('',(#74700));
#74720=SURFACE_STYLE_USAGE(.BOTH.,#74710);
#74730=PRESENTATION_STYLE_ASSIGNMENT((#74720));
#74740=ORIENTED_EDGE('',*,*,#18490,.T.);
#74750=ORIENTED_EDGE('',*,*,#36670,.T.);
#74760=ORIENTED_EDGE('',*,*,#73070,.T.);
#74770=EDGE_CURVE('',#74400,#72990,#73060,.T.);
#74780=ORIENTED_EDGE('',*,*,#74770,.T.);
#74790=ORIENTED_EDGE('',*,*,#74410,.T.);
#74800=CARTESIAN_POINT('',(-3.1355488301517802E+01,
   2.8601376124790601E+01,1.0500000000000000E+01));
#74810=DIRECTION('',(0.0000000000000000E+00,-1.0000000000000000E+00,
   0.0000000000000000E+00));
#74820=DIRECTION('',(1.0000000000000000E+00,0.0000000000000000E+00,
   0.0000000000000000E+00));
#74830=AXIS2_PLACEMENT_3D('',#74800,#74810,#74820);
#74840=CIRCLE('',#74830,5.5000000000000004E-01);
#74850=EDGE_CURVE('',#18480,#74320,#74840,.T.);
#74860=ORIENTED_EDGE('',*,*,#74850,.T.);
#74870=EDGE_LOOP('',(#74860,#74790,#74780,#74760,#74750,#74740));
#74880=FACE_OUTER_BOUND('',#74870,.T.);
#74890=ADVANCED_FACE('',(#74880),#73420,.T.);
#74900=COLOUR_RGB('',9.4901967048645020E-01,9.4901967048645020E-01,
   1.0000000000000000E+00);
#74910=FILL_AREA_STYLE_COLOUR('',#74900);
#74920=FILL_AREA_STYLE('',(#74910));
#74930=SURFACE_STYLE_FILL_AREA(#74920);
#74940=SURFACE_SIDE_STYLE('',(#74930));
#74950=SURFACE_STYLE_USAGE(.BOTH.,#74940);
#74960=PRESENTATION_STYLE_ASSIGNMENT((#74950));
#74970=ORIENTED_EDGE('',*,*,#73540,.F.);
#74980=ORIENTED_EDGE('',*,*,#37080,.T.);
#74990=ORIENTED_EDGE('',*,*,#72090,.T.);
#75000=EDGE_LOOP('',(#74990,#74980,#74970));
#75010=FACE_OUTER_BOUND('',#75000,.T.);
#75020=ADVANCED_FACE('',(#75010),#73420,.T.);
#75030=COLOUR_RGB('',9.4901967048645020E-01,9.4901967048645020E-01,
   1.0000000000000000E+00);
#75040=FILL_AREA_STYLE_COLOUR('',#75030);
#75050=FILL_AREA_STYLE('',(#75040));
#75060=SURFACE_STYLE_FILL_AREA(#75050);
#75070=SURFACE_SIDE_STYLE('',(#75060));
#75080=SURFACE_STYLE_USAGE(.BOTH.,#75070);
#75090=PRESENTATION_STYLE_ASSIGNMENT((#75080));
#75100=ORIENTED_EDGE('',*,*,#74850,.F.);
#75110=ORIENTED_EDGE('',*,*,#74610,.T.);
#75120=ORIENTED_EDGE('',*,*,#18570,.T.);
#75130=EDGE_LOOP('',(#75120,#75110,#75100));
#75140=FACE_OUTER_BOUND('',#75130,.T.);
#75150=ADVANCED_FACE('',(#75140),#73420,.T.);
#75160=COLOUR_RGB('',9.4901967048645020E-01,9.4901967048645020E-01,
   1.0000000000000000E+00);
#75170=FILL_AREA_STYLE_COLOUR('',#75160);
#75180=FILL_AREA_STYLE('',(#75170));
#75190=SURFACE_STYLE_FILL_AREA(#75180);
#75200=SURFACE_SIDE_STYLE('',(#75190));
#75210=SURFACE_STYLE_USAGE(.BOTH.,#75200);
#75220=PRESENTATION_STYLE_ASSIGNMENT((#75210));
#75230=CARTESIAN_POINT('',(-3.1652975674933074E+01,
   2.8601376124790594E+01,1.7747487373415282E+01));
#75240=DIRECTION('',(7.0710678118654746E-01,0.0000000000000000E+00,
   -7.0710678118654757E-01));
#75250=DIRECTION('',(0.0000000000000000E+00,-1.0000000000000000E+00,
   0.0000000000000000E+00));
#75260=AXIS2_PLACEMENT_3D('',#75230,#75240,#75250);
#75270=PLANE('',#75260);
#75280=CARTESIAN_POINT('',(-3.2611490150567121E+01,
   2.8001376124790593E+01,1.6788972897781235E+01));
#75290=VERTEX_POINT('',#75280);
#75300=EDGE_CURVE('',#75290,#70480,#70460,.T.);
#75310=ORIENTED_EDGE('',*,*,#75300,.F.);
#75320=CARTESIAN_POINT('',(-3.1905465551017315E+01,
   3.9321376124790604E+01,1.7494997497331042E+01));
#75330=DIRECTION('',(0.0000000000000000E+00,-1.0000000000000000E+00,
   0.0000000000000000E+00));
#75340=VECTOR('',#75330,1.0000000000000000E+00);
#75350=LINE('',#75320,#75340);
#75360=EDGE_CURVE('',#65170,#70480,#75350,.T.);
#75370=ORIENTED_EDGE('',*,*,#75360,.T.);
#75380=CARTESIAN_POINT('',(-3.2611490150567114E+01,
   2.8601376124790601E+01,1.6788972897781235E+01));
#75390=VERTEX_POINT('',#75380);
#75400=EDGE_CURVE('',#65170,#75390,#65230,.T.);
#75410=ORIENTED_EDGE('',*,*,#75400,.F.);
#75420=CARTESIAN_POINT('',(-3.2611490150567114E+01,
   2.7145319094080318E+01,1.6788972897781235E+01));
#75430=DIRECTION('',(0.0000000000000000E+00,1.0000000000000000E+00,
   0.0000000000000000E+00));
#75440=VECTOR('',#75430,1.0000000000000000E+00);
#75450=LINE('',#75420,#75440);
#75460=EDGE_CURVE('',#75290,#75390,#75450,.T.);
#75470=ORIENTED_EDGE('',*,*,#75460,.T.);
#75480=EDGE_LOOP('',(#75470,#75410,#75370,#75310));
#75490=FACE_OUTER_BOUND('',#75480,.T.);
#75500=ADVANCED_FACE('',(#75490),#75270,.T.);
#75510=COLOUR_RGB('',9.4901967048645020E-01,9.4901967048645020E-01,
   1.0000000000000000E+00);
#75520=FILL_AREA_STYLE_COLOUR('',#75510);
#75530=FILL_AREA_STYLE('',(#75520));
#75540=SURFACE_STYLE_FILL_AREA(#75530);
#75550=SURFACE_SIDE_STYLE('',(#75540));
#75560=SURFACE_STYLE_USAGE(.BOTH.,#75550);
#75570=PRESENTATION_STYLE_ASSIGNMENT((#75560));
#75580=CARTESIAN_POINT('',(-3.1105488301517802E+01,
   2.0321376124790600E+01,1.3550000000000001E+01));
#75590=DIRECTION('',(0.0000000000000000E+00,0.0000000000000000E+00,
   -1.0000000000000000E+00));
#75600=DIRECTION('',(-1.0000000000000000E+00,0.0000000000000000E+00,
   0.0000000000000000E+00));
#75610=AXIS2_PLACEMENT_3D('',#75580,#75590,#75600);
#75620=PLANE('',#75610);
#75630=ORIENTED_EDGE('',*,*,#43330,.F.);
#75640=ORIENTED_EDGE('',*,*,#52830,.F.);
#75650=CARTESIAN_POINT('',(-3.1105488301517802E+01,
   -2.2653715864353234E+01,1.3550000000000001E+01));
#75660=DIRECTION('',(0.0000000000000000E+00,1.0000000000000000E+00,
   0.0000000000000000E+00));
#75670=VECTOR('',#75660,1.0000000000000000E+00);
#75680=LINE('',#75650,#75670);
#75690=EDGE_CURVE('',#52760,#69400,#75680,.T.);
#75700=ORIENTED_EDGE('',*,*,#75690,.F.);
#75710=ORIENTED_EDGE('',*,*,#69410,.T.);
#75720=EDGE_LOOP('',(#75710,#75700,#75640,#75630));
#75730=FACE_OUTER_BOUND('',#75720,.T.);
#75740=ADVANCED_FACE('',(#75730),#75620,.T.);
#75750=COLOUR_RGB('',9.4901961088180542E-01,9.4901961088180542E-01,
   1.0000000000000000E+00);
#75760=FILL_AREA_STYLE_COLOUR('',#75750);
#75770=FILL_AREA_STYLE('',(#75760));
#75780=SURFACE_STYLE_FILL_AREA(#75770);
#75790=SURFACE_SIDE_STYLE('',(#75780));
#75800=SURFACE_STYLE_USAGE(.BOTH.,#75790);
#75810=PRESENTATION_STYLE_ASSIGNMENT((#75800));
#75820=CARTESIAN_POINT('',(-3.1158000928102481E+01,
   2.8001376124790593E+01,2.0752512626584682E+01));
#75830=DIRECTION('',(0.0000000000000000E+00,1.0000000000000000E+00,
   0.0000000000000000E+00));
#75840=DIRECTION('',(7.0710678118654746E-01,0.0000000000000000E+00,
   -7.0710678118654757E-01));
#75850=AXIS2_PLACEMENT_3D('',#75820,#75830,#75840);
#75860=PLANE('',#75850);
#75870=CARTESIAN_POINT('',(-3.1355488301517802E+01,
   2.8001376124790593E+01,2.1000000000000000E+01));
#75880=DIRECTION('',(0.0000000000000000E+00,-1.0000000000000000E+00,
   0.0000000000000000E+00));
#75890=DIRECTION('',(1.0000000000000000E+00,0.0000000000000000E+00,
   0.0000000000000000E+00));
#75900=AXIS2_PLACEMENT_3D('',#75870,#75880,#75890);
#75910=CIRCLE('',#75900,5.5000000000000004E-01);
#75920=CARTESIAN_POINT('',(-3.0814019159546973E+01,
   2.8001376124790593E+01,2.1096494395139700E+01));
#75930=VERTEX_POINT('',#75920);
#75940=CARTESIAN_POINT('',(-3.1350485798848844E+01,
   2.8001376124790593E+01,2.1549977249499509E+01));
#75950=VERTEX_POINT('',#75940);
#75960=EDGE_CURVE('',#75930,#75950,#75910,.T.);
#75970=ORIENTED_EDGE('',*,*,#75960,.T.);
#75980=CARTESIAN_POINT('',(-8.4502159542249785E+01,
   2.8001376124790593E+01,-3.2591645987562615E+01));
#75990=DIRECTION('',(-7.0710678118654757E-01,0.0000000000000000E+00,
   -7.0710678118654746E-01));
#76000=VECTOR('',#75990,1.0000000000000000E+00);
#76010=LINE('',#75980,#76000);
#76020=CARTESIAN_POINT('',(-3.0199486452468442E+01,
   2.8001376124790593E+01,2.1711027102218718E+01));
#76030=VERTEX_POINT('',#76020);
#76040=EDGE_CURVE('',#76030,#75930,#76010,.T.);
#76050=ORIENTED_EDGE('',*,*,#76040,.T.);
#76060=CARTESIAN_POINT('',(-3.1405488301517792E+01,
   2.8001376124790593E+01,2.1000000000000000E+01));
#76070=DIRECTION('',(0.0000000000000000E+00,1.0000000000000000E+00,
   0.0000000000000000E+00));
#76080=DIRECTION('',(-1.0000000000000000E+00,0.0000000000000000E+00,
   0.0000000000000000E+00));
#76090=AXIS2_PLACEMENT_3D('',#76060,#76070,#76080);
#76100=CIRCLE('',#76090,1.3999999999999999E+00);
#76110=CARTESIAN_POINT('',(-3.0694461199299042E+01,
   2.8001376124790593E+01,2.2206001849049315E+01));
#76120=VERTEX_POINT('',#76110);
#76130=EDGE_CURVE('',#76120,#76030,#76100,.T.);
#76140=ORIENTED_EDGE('',*,*,#76130,.T.);
#76150=CARTESIAN_POINT('',(-8.4502159542249785E+01,
   2.8001376124790593E+01,-3.1601696493901422E+01));
#76160=DIRECTION('',(7.0710678118654757E-01,0.0000000000000000E+00,
   7.0710678118654746E-01));
#76170=VECTOR('',#76160,1.0000000000000000E+00);
#76180=LINE('',#76150,#76170);
#76190=EDGE_CURVE('',#75950,#76120,#76180,.T.);
#76200=ORIENTED_EDGE('',*,*,#76190,.T.);
#76210=EDGE_LOOP('',(#76200,#76140,#76050,#75970));
#76220=FACE_OUTER_BOUND('',#76210,.T.);
#76230=ADVANCED_FACE('',(#76220),#75860,.T.);
#76240=COLOUR_RGB('',9.4901967048645020E-01,9.4901967048645020E-01,
   1.0000000000000000E+00);
#76250=FILL_AREA_STYLE_COLOUR('',#76240);
#76260=FILL_AREA_STYLE('',(#76250));
#76270=SURFACE_STYLE_FILL_AREA(#76260);
#76280=SURFACE_SIDE_STYLE('',(#76270));
#76290=SURFACE_STYLE_USAGE(.BOTH.,#76280);
#76300=PRESENTATION_STYLE_ASSIGNMENT((#76290));
#76310=CARTESIAN_POINT('',(-3.1355488301517802E+01,
   2.8601376124790601E+01,1.4000000000000000E+01));
#76320=DIRECTION('',(0.0000000000000000E+00,-1.0000000000000000E+00,
   0.0000000000000000E+00));
#76330=DIRECTION('',(1.0000000000000000E+00,0.0000000000000000E+00,
   0.0000000000000000E+00));
#76340=AXIS2_PLACEMENT_3D('',#76310,#76320,#76330);
#76350=CIRCLE('',#76340,5.5000000000000004E-01);
#76360=CARTESIAN_POINT('',(-3.0805488301517805E+01,
   2.8601376124790601E+01,1.4000000000000000E+01));
#76370=VERTEX_POINT('',#76360);
#76380=EDGE_CURVE('',#35480,#76370,#76350,.T.);
#76390=ORIENTED_EDGE('',*,*,#76380,.F.);
#76400=CARTESIAN_POINT('',(-8.4502159542249785E+01,
   2.8601376124790601E+01,1.4000000000000000E+01));
#76410=DIRECTION('',(-1.0000000000000000E+00,0.0000000000000000E+00,
   0.0000000000000000E+00));
#76420=VECTOR('',#76410,1.0000000000000000E+00);
#76430=LINE('',#76400,#76420);
#76440=CARTESIAN_POINT('',(-3.0910513554687164E+01,
   2.8601376124790601E+01,1.4000000000000000E+01));
#76450=VERTEX_POINT('',#76440);
#76460=EDGE_CURVE('',#76370,#76450,#76430,.T.);
#76470=ORIENTED_EDGE('',*,*,#76460,.F.);
#76480=EDGE_CURVE('',#35480,#76450,#35460,.T.);
#76490=ORIENTED_EDGE('',*,*,#76480,.T.);
#76500=EDGE_LOOP('',(#76490,#76470,#76390));
#76510=FACE_OUTER_BOUND('',#76500,.T.);
#76520=ADVANCED_FACE('',(#76510),#64550,.T.);
#76530=COLOUR_RGB('',9.4901967048645020E-01,9.4901967048645020E-01,
   1.0000000000000000E+00);
#76540=FILL_AREA_STYLE_COLOUR('',#76530);
#76550=FILL_AREA_STYLE('',(#76540));
#76560=SURFACE_STYLE_FILL_AREA(#76550);
#76570=SURFACE_SIDE_STYLE('',(#76560));
#76580=SURFACE_STYLE_USAGE(.BOTH.,#76570);
#76590=PRESENTATION_STYLE_ASSIGNMENT((#76580));
#76600=ORIENTED_EDGE('',*,*,#56270,.F.);
#76610=ORIENTED_EDGE('',*,*,#35550,.T.);
#76620=ORIENTED_EDGE('',*,*,#76480,.F.);
#76630=CARTESIAN_POINT('',(-3.0910513554687164E+01,
   -2.2653715864353234E+01,1.4000000000000000E+01));
#76640=DIRECTION('',(-0.0000000000000000E+00,-1.0000000000000000E+00,
   0.0000000000000000E+00));
#76650=VECTOR('',#76640,1.0000000000000000E+00);
#76660=LINE('',#76630,#76650);
#76670=EDGE_CURVE('',#76450,#56260,#76660,.T.);
#76680=ORIENTED_EDGE('',*,*,#76670,.F.);
#76690=EDGE_LOOP('',(#76680,#76620,#76610,#76600));
#76700=FACE_OUTER_BOUND('',#76690,.T.);
#76710=ADVANCED_FACE('',(#76700),#35240,.T.);
#76720=COLOUR_RGB('',9.4901967048645020E-01,9.4901967048645020E-01,
   1.0000000000000000E+00);
#76730=FILL_AREA_STYLE_COLOUR('',#76720);
#76740=FILL_AREA_STYLE('',(#76730));
#76750=SURFACE_STYLE_FILL_AREA(#76740);
#76760=SURFACE_SIDE_STYLE('',(#76750));
#76770=SURFACE_STYLE_USAGE(.BOTH.,#76760);
#76780=PRESENTATION_STYLE_ASSIGNMENT((#76770));
#76790=CARTESIAN_POINT('',(-2.9886031253416185E+01,
   1.7321376124790600E+01,1.2726922491185586E+01));
#76800=DIRECTION('',(0.0000000000000000E+00,-1.0000000000000000E+00,
   0.0000000000000000E+00));
#76810=DIRECTION('',(1.0000000000000000E+00,0.0000000000000000E+00,
   0.0000000000000000E+00));
#76820=AXIS2_PLACEMENT_3D('',#76790,#76800,#76810);
#76830=PLANE('',#76820);
#76840=ORIENTED_EDGE('',*,*,#61320,.F.);
#76850=ORIENTED_EDGE('',*,*,#55970,.F.);
#76860=CARTESIAN_POINT('',(-3.1605488301517802E+01,
   1.7321376124790600E+01,1.2000000000000000E+01));
#76870=DIRECTION('',(0.0000000000000000E+00,0.0000000000000000E+00,
   -1.0000000000000000E+00));
#76880=VECTOR('',#76870,1.0000000000000000E+00);
#76890=LINE('',#76860,#76880);
#76900=EDGE_CURVE('',#65540,#55900,#76890,.T.);
#76910=ORIENTED_EDGE('',*,*,#76900,.T.);
#76920=ORIENTED_EDGE('',*,*,#65630,.F.);
#76930=EDGE_LOOP('',(#76920,#76910,#76850,#76840));
#76940=FACE_OUTER_BOUND('',#76930,.T.);
#76950=ADVANCED_FACE('',(#76940),#76830,.T.);
#76960=COLOUR_RGB('',9.4901961088180542E-01,9.4901961088180542E-01,
   1.0000000000000000E+00);
#76970=FILL_AREA_STYLE_COLOUR('',#76960);
#76980=FILL_AREA_STYLE('',(#76970));
#76990=SURFACE_STYLE_FILL_AREA(#76980);
#77000=SURFACE_SIDE_STYLE('',(#76990));
#77010=SURFACE_STYLE_USAGE(.BOTH.,#77000);
#77020=PRESENTATION_STYLE_ASSIGNMENT((#77010));
#77030=CARTESIAN_POINT('',(-3.3404787720672857E+01,
   2.8950785647341856E+01,1.4000000000000000E+01));
#77040=DIRECTION('',(-9.6592582628906809E-01,2.5881904510252168E-01,
   0.0000000000000000E+00));
#77050=DIRECTION('',(2.5881904510252168E-01,9.6592582628906809E-01,
   0.0000000000000000E+00));
#77060=AXIS2_PLACEMENT_3D('',#77030,#77040,#77050);
#77070=PLANE('',#77060);
#77080=CARTESIAN_POINT('',(-3.3404787720672857E+01,
   2.8950785647341856E+01,2.3000000000000000E+01));
#77090=DIRECTION('',(-2.5881904510252168E-01,-9.6592582628906809E-01,
   0.0000000000000000E+00));
#77100=VECTOR('',#77090,1.0000000000000000E+00);
#77110=LINE('',#77080,#77100);
#77120=CARTESIAN_POINT('',(-3.3404787720672857E+01,
   2.8950785647341856E+01,2.3000000000000000E+01));
#77130=VERTEX_POINT('',#77120);
#77140=CARTESIAN_POINT('',(-3.4216515555783623E+01,
   2.5921376124790601E+01,2.3000000000000000E+01));
#77150=VERTEX_POINT('',#77140);
#77160=EDGE_CURVE('',#77130,#77150,#77110,.T.);
#77170=ORIENTED_EDGE('',*,*,#77160,.F.);
#77180=CARTESIAN_POINT('',(-3.4216515555783623E+01,
   2.5921376124790601E+01,1.7500000000000000E+01));
#77190=DIRECTION('',(0.0000000000000000E+00,0.0000000000000000E+00,
   -1.0000000000000000E+00));
#77200=VECTOR('',#77190,1.0000000000000000E+00);
#77210=LINE('',#77180,#77200);
#77220=EDGE_CURVE('',#77150,#3960,#77210,.T.);
#77230=ORIENTED_EDGE('',*,*,#77220,.F.);
#77240=ORIENTED_EDGE('',*,*,#3970,.T.);
#77250=CARTESIAN_POINT('',(-3.3404787720672857E+01,
   2.8950785647341856E+01,1.0500000000000000E+01));
#77260=DIRECTION('',(0.0000000000000000E+00,0.0000000000000000E+00,
   -1.0000000000000000E+00));
#77270=VECTOR('',#77260,1.0000000000000000E+00);
#77280=LINE('',#77250,#77270);
#77290=EDGE_CURVE('',#77130,#3880,#77280,.T.);
#77300=ORIENTED_EDGE('',*,*,#77290,.T.);
#77310=EDGE_LOOP('',(#77300,#77240,#77230,#77170));
#77320=FACE_OUTER_BOUND('',#77310,.T.);
#77330=ADVANCED_FACE('',(#77320),#77070,.T.);
#77340=COLOUR_RGB('',5.0196081399917603E-01,1.0000000000000000E+00,
   5.0196081399917603E-01);
#77350=FILL_AREA_STYLE_COLOUR('',#77340);
#77360=FILL_AREA_STYLE('',(#77350));
#77370=SURFACE_STYLE_FILL_AREA(#77360);
#77380=SURFACE_SIDE_STYLE('',(#77370));
#77390=SURFACE_STYLE_USAGE(.BOTH.,#77380);
#77400=PRESENTATION_STYLE_ASSIGNMENT((#77390));
#77410=CARTESIAN_POINT('',(-2.9442235154989220E+01,
   2.2492046260925942E+01,2.3000000000000000E+01));
#77420=DIRECTION('',(0.0000000000000000E+00,0.0000000000000000E+00,
   1.0000000000000000E+00));
#77430=DIRECTION('',(1.0000000000000000E+00,0.0000000000000000E+00,
   0.0000000000000000E+00));
#77440=AXIS2_PLACEMENT_3D('',#77410,#77420,#77430);
#77450=CYLINDRICAL_SURFACE('',#77440,1.5809685943344035E-01);
#77460=CARTESIAN_POINT('',(-2.9442235154989220E+01,
   2.2492046260925942E+01,2.3000000000000000E+01));
#77470=DIRECTION('',(0.0000000000000000E+00,0.0000000000000000E+00,
   1.0000000000000000E+00));
#77480=DIRECTION('',(1.0000000000000000E+00,0.0000000000000000E+00,
   0.0000000000000000E+00));
#77490=AXIS2_PLACEMENT_3D('',#77460,#77470,#77480);
#77500=CIRCLE('',#77490,1.5809685943344035E-01);
#77510=CARTESIAN_POINT('',(-2.9511254723635204E+01,
   2.2634281685861641E+01,2.3000000000000000E+01));
#77520=VERTEX_POINT('',#77510);
#77530=EDGE_CURVE('',#77520,#53090,#77500,.T.);
#77540=ORIENTED_EDGE('',*,*,#77530,.F.);
#77550=ORIENTED_EDGE('',*,*,#53320,.T.);
#77560=CARTESIAN_POINT('',(-2.9442235154989220E+01,
   2.2492046260925942E+01,2.2899999999999999E+01));
#77570=DIRECTION('',(0.0000000000000000E+00,0.0000000000000000E+00,
   1.0000000000000000E+00));
#77580=DIRECTION('',(1.0000000000000000E+00,0.0000000000000000E+00,
   0.0000000000000000E+00));
#77590=AXIS2_PLACEMENT_3D('',#77560,#77570,#77580);
#77600=CIRCLE('',#77590,1.5809685943344035E-01);
#77610=CARTESIAN_POINT('',(-2.9511254723635204E+01,
   2.2634281685861641E+01,2.2899999999999999E+01));
#77620=VERTEX_POINT('',#77610);
#77630=EDGE_CURVE('',#77620,#53250,#77600,.T.);
#77640=ORIENTED_EDGE('',*,*,#77630,.T.);
#77650=CARTESIAN_POINT('',(-2.9511254723635204E+01,
   2.2634281685861641E+01,2.3000000000000000E+01));
#77660=DIRECTION('',(0.0000000000000000E+00,0.0000000000000000E+00,
   -1.0000000000000000E+00));
#77670=VECTOR('',#77660,1.0000000000000000E+00);
#77680=LINE('',#77650,#77670);
#77690=EDGE_CURVE('',#77520,#77620,#77680,.T.);
#77700=ORIENTED_EDGE('',*,*,#77690,.T.);
#77710=EDGE_LOOP('',(#77700,#77640,#77550,#77540));
#77720=FACE_OUTER_BOUND('',#77710,.T.);
#77730=ADVANCED_FACE('',(#77720),#77450,.T.);
#77740=COLOUR_RGB('',5.0196081399917603E-01,1.0000000000000000E+00,
   5.0196081399917603E-01);
#77750=FILL_AREA_STYLE_COLOUR('',#77740);
#77760=FILL_AREA_STYLE('',(#77750));
#77770=SURFACE_STYLE_FILL_AREA(#77760);
#77780=SURFACE_SIDE_STYLE('',(#77770));
#77790=SURFACE_STYLE_USAGE(.BOTH.,#77780);
#77800=PRESENTATION_STYLE_ASSIGNMENT((#77790));
#77810=CARTESIAN_POINT('',(-3.0944692488939808E+01,
   2.1532171937368521E+01,2.3000000000000000E+01));
#77820=DIRECTION('',(0.0000000000000000E+00,0.0000000000000000E+00,
   1.0000000000000000E+00));
#77830=DIRECTION('',(1.0000000000000000E+00,0.0000000000000000E+00,
   0.0000000000000000E+00));
#77840=AXIS2_PLACEMENT_3D('',#77810,#77820,#77830);
#77850=CYLINDRICAL_SURFACE('',#77840,2.1079581257799873E-01);
#77860=CARTESIAN_POINT('',(-3.0944692488939808E+01,
   2.1532171937368521E+01,2.3000000000000000E+01));
#77870=DIRECTION('',(0.0000000000000000E+00,0.0000000000000000E+00,
   1.0000000000000000E+00));
#77880=DIRECTION('',(1.0000000000000000E+00,0.0000000000000000E+00,
   0.0000000000000000E+00));
#77890=AXIS2_PLACEMENT_3D('',#77860,#77870,#77880);
#77900=CIRCLE('',#77890,2.1079581257799873E-01);
#77910=CARTESIAN_POINT('',(-3.1155488301517806E+01,
   2.1532171937368521E+01,2.3000000000000000E+01));
#77920=VERTEX_POINT('',#77910);
#77930=CARTESIAN_POINT('',(-3.0944692488939808E+01,
   2.1321376124790600E+01,2.3000000000000000E+01));
#77940=VERTEX_POINT('',#77930);
#77950=EDGE_CURVE('',#77920,#77940,#77900,.T.);
#77960=ORIENTED_EDGE('',*,*,#77950,.T.);
#77970=CARTESIAN_POINT('',(-3.1155488301517806E+01,
   2.1532171937368521E+01,2.3000000000000000E+01));
#77980=DIRECTION('',(0.0000000000000000E+00,0.0000000000000000E+00,
   1.0000000000000000E+00));
#77990=VECTOR('',#77980,1.0000000000000000E+00);
#78000=LINE('',#77970,#77990);
#78010=CARTESIAN_POINT('',(-3.1155488301517806E+01,
   2.1532171937368521E+01,2.2899999999999999E+01));
#78020=VERTEX_POINT('',#78010);
#78030=EDGE_CURVE('',#78020,#77920,#78000,.T.);
#78040=ORIENTED_EDGE('',*,*,#78030,.T.);
#78050=CARTESIAN_POINT('',(-3.0944692488939808E+01,
   2.1532171937368521E+01,2.2899999999999999E+01));
#78060=DIRECTION('',(0.0000000000000000E+00,0.0000000000000000E+00,
   1.0000000000000000E+00));
#78070=DIRECTION('',(1.0000000000000000E+00,0.0000000000000000E+00,
   0.0000000000000000E+00));
#78080=AXIS2_PLACEMENT_3D('',#78050,#78060,#78070);
#78090=CIRCLE('',#78080,2.1079581257799873E-01);
#78100=CARTESIAN_POINT('',(-3.0944692488939808E+01,
   2.1321376124790600E+01,2.2899999999999999E+01));
#78110=VERTEX_POINT('',#78100);
#78120=EDGE_CURVE('',#78020,#78110,#78090,.T.);
#78130=ORIENTED_EDGE('',*,*,#78120,.F.);
#78140=CARTESIAN_POINT('',(-3.0944692488939808E+01,
   2.1321376124790600E+01,2.3000000000000000E+01));
#78150=DIRECTION('',(0.0000000000000000E+00,0.0000000000000000E+00,
   -1.0000000000000000E+00));
#78160=VECTOR('',#78150,1.0000000000000000E+00);
#78170=LINE('',#78140,#78160);
#78180=EDGE_CURVE('',#77940,#78110,#78170,.T.);
#78190=ORIENTED_EDGE('',*,*,#78180,.T.);
#78200=EDGE_LOOP('',(#78190,#78130,#78040,#77960));
#78210=FACE_OUTER_BOUND('',#78200,.T.);
#78220=ADVANCED_FACE('',(#78210),#77850,.F.);
#78230=COLOUR_RGB('',5.0196081399917603E-01,1.0000000000000000E+00,
   5.0196081399917603E-01);
#78240=FILL_AREA_STYLE_COLOUR('',#78230);
#78250=FILL_AREA_STYLE('',(#78240));
#78260=SURFACE_STYLE_FILL_AREA(#78250);
#78270=SURFACE_SIDE_STYLE('',(#78260));
#78280=SURFACE_STYLE_USAGE(.BOTH.,#78270);
#78290=PRESENTATION_STYLE_ASSIGNMENT((#78280));
#78300=CARTESIAN_POINT('',(-3.1605488301517802E+01,
   2.0321376124790600E+01,1.0050000000000001E+01));
#78310=DIRECTION('',(-1.0000000000000000E+00,0.0000000000000000E+00,
   0.0000000000000000E+00));
#78320=DIRECTION('',(0.0000000000000000E+00,0.0000000000000000E+00,
   1.0000000000000000E+00));
#78330=AXIS2_PLACEMENT_3D('',#78300,#78310,#78320);
#78340=PLANE('',#78330);
#78350=ORIENTED_EDGE('',*,*,#55910,.F.);
#78360=ORIENTED_EDGE('',*,*,#60980,.T.);
#78370=ORIENTED_EDGE('',*,*,#37410,.T.);
#78380=ORIENTED_EDGE('',*,*,#41890,.F.);
#78390=ORIENTED_EDGE('',*,*,#43010,.T.);
#78400=ORIENTED_EDGE('',*,*,#65550,.F.);
#78410=ORIENTED_EDGE('',*,*,#76900,.F.);
#78420=EDGE_LOOP('',(#78410,#78400,#78390,#78380,#78370,#78360,#78350));
#78430=FACE_OUTER_BOUND('',#78420,.T.);
#78440=ADVANCED_FACE('',(#78430),#78340,.T.);
#78450=COLOUR_RGB('',9.4901961088180542E-01,9.4901961088180542E-01,
   1.0000000000000000E+00);
#78460=FILL_AREA_STYLE_COLOUR('',#78450);
#78470=FILL_AREA_STYLE('',(#78460));
#78480=SURFACE_STYLE_FILL_AREA(#78470);
#78490=SURFACE_SIDE_STYLE('',(#78480));
#78500=SURFACE_STYLE_USAGE(.BOTH.,#78490);
#78510=PRESENTATION_STYLE_ASSIGNMENT((#78500));
#78520=CARTESIAN_POINT('',(-3.4177964823400686E+01,
   2.4029245874728044E+01,1.6699999999999999E+01));
#78530=DIRECTION('',(0.0000000000000000E+00,0.0000000000000000E+00,
   1.0000000000000000E+00));
#78540=DIRECTION('',(1.0000000000000000E+00,0.0000000000000000E+00,
   0.0000000000000000E+00));
#78550=AXIS2_PLACEMENT_3D('',#78520,#78530,#78540);
#78560=PLANE('',#78550);
#78570=CARTESIAN_POINT('',(-3.3805488301517798E+01,
   2.3821376124790600E+01,1.6699999999999999E+01));
#78580=DIRECTION('',(-2.5881904510253184E-01,9.6592582628906531E-01,
   0.0000000000000000E+00));
#78590=VECTOR('',#78580,1.0000000000000000E+00);
#78600=LINE('',#78570,#78590);
#78610=CARTESIAN_POINT('',(-3.3805488301517798E+01,
   2.3821376124790600E+01,1.6699999999999999E+01));
#78620=VERTEX_POINT('',#78610);
#78630=CARTESIAN_POINT('',(-3.4090488301517780E+01,
   2.4885010604947620E+01,1.6699999999999999E+01));
#78640=VERTEX_POINT('',#78630);
#78650=EDGE_CURVE('',#78620,#78640,#78600,.T.);
#78660=ORIENTED_EDGE('',*,*,#78650,.T.);
#78670=CARTESIAN_POINT('',(-3.3805488301517798E+01,
   2.3821376124790600E+01,1.6699999999999999E+01));
#78680=DIRECTION('',(1.0000000000000000E+00,0.0000000000000000E+00,
   0.0000000000000000E+00));
#78690=VECTOR('',#78680,1.0000000000000000E+00);
#78700=LINE('',#78670,#78690);
#78710=CARTESIAN_POINT('',(-3.3520488301517801E+01,
   2.3821376124790600E+01,1.6699999999999999E+01));
#78720=VERTEX_POINT('',#78710);
#78730=EDGE_CURVE('',#78620,#78720,#78700,.T.);
#78740=ORIENTED_EDGE('',*,*,#78730,.F.);
#78750=CARTESIAN_POINT('',(-3.3520488301517801E+01,
   2.3821376124790600E+01,1.6699999999999999E+01));
#78760=DIRECTION('',(0.0000000000000000E+00,-1.0000000000000000E+00,
   0.0000000000000000E+00));
#78770=VECTOR('',#78760,1.0000000000000000E+00);
#78780=LINE('',#78750,#78770);
#78790=CARTESIAN_POINT('',(-3.3520488301517801E+01,
   2.2071376124790600E+01,1.6699999999999999E+01));
#78800=VERTEX_POINT('',#78790);
#78810=EDGE_CURVE('',#78720,#78800,#78780,.T.);
#78820=ORIENTED_EDGE('',*,*,#78810,.F.);
#78830=CARTESIAN_POINT('',(-3.3805488301517798E+01,
   2.2071376124790600E+01,1.6699999999999999E+01));
#78840=DIRECTION('',(1.0000000000000000E+00,0.0000000000000000E+00,
   0.0000000000000000E+00));
#78850=VECTOR('',#78840,1.0000000000000000E+00);
#78860=LINE('',#78830,#78850);
#78870=CARTESIAN_POINT('',(-3.3805488301517798E+01,
   2.2071376124790600E+01,1.6699999999999999E+01));
#78880=VERTEX_POINT('',#78870);
#78890=EDGE_CURVE('',#78880,#78800,#78860,.T.);
#78900=ORIENTED_EDGE('',*,*,#78890,.T.);
#78910=CARTESIAN_POINT('',(0.0000000000000000E+00,5.5876864426308202E+01
   ,1.6699999999999999E+01));
#78920=DIRECTION('',(7.0710678118654968E-01,7.0710678118654535E-01,
   0.0000000000000000E+00));
#78930=VECTOR('',#78920,1.0000000000000000E+00);
#78940=LINE('',#78910,#78930);
#78950=CARTESIAN_POINT('',(-3.4090488301517780E+01,
   2.1786376124790618E+01,1.6699999999999999E+01));
#78960=VERTEX_POINT('',#78950);
#78970=EDGE_CURVE('',#78960,#78880,#78940,.T.);
#78980=ORIENTED_EDGE('',*,*,#78970,.T.);
#78990=CARTESIAN_POINT('',(-3.4090488301517787E+01,
   0.0000000000000000E+00,1.6699999999999999E+01));
#79000=DIRECTION('',(0.0000000000000000E+00,1.0000000000000000E+00,
   0.0000000000000000E+00));
#79010=VECTOR('',#79000,1.0000000000000000E+00);
#79020=LINE('',#78990,#79010);
#79030=EDGE_CURVE('',#78960,#78640,#79020,.T.);
#79040=ORIENTED_EDGE('',*,*,#79030,.F.);
#79050=EDGE_LOOP('',(#79040,#78980,#78900,#78820,#78740,#78660));
#79060=FACE_OUTER_BOUND('',#79050,.T.);
#79070=ADVANCED_FACE('',(#79060),#78560,.T.);
#79080=COLOUR_RGB('',5.0196081399917603E-01,1.0000000000000000E+00,
   5.0196081399917603E-01);
#79090=FILL_AREA_STYLE_COLOUR('',#79080);
#79100=FILL_AREA_STYLE('',(#79090));
#79110=SURFACE_STYLE_FILL_AREA(#79100);
#79120=SURFACE_SIDE_STYLE('',(#79110));
#79130=SURFACE_STYLE_USAGE(.BOTH.,#79120);
#79140=PRESENTATION_STYLE_ASSIGNMENT((#79130));
#79150=ORIENTED_EDGE('',*,*,#70510,.F.);
#79160=CARTESIAN_POINT('',(-3.1900463048348364E+01,
   -2.2653715864353234E+01,1.7500000000000000E+01));
#79170=DIRECTION('',(-0.0000000000000000E+00,1.0000000000000000E+00,
   0.0000000000000000E+00));
#79180=VECTOR('',#79170,1.0000000000000000E+00);
#79190=LINE('',#79160,#79180);
#79200=EDGE_CURVE('',#70500,#65250,#79190,.T.);
#79210=ORIENTED_EDGE('',*,*,#79200,.F.);
#79220=ORIENTED_EDGE('',*,*,#65260,.F.);
#79230=ORIENTED_EDGE('',*,*,#75360,.F.);
#79240=EDGE_LOOP('',(#79230,#79220,#79210,#79150));
#79250=FACE_OUTER_BOUND('',#79240,.T.);
#79260=ADVANCED_FACE('',(#79250),#75270,.T.);
#79270=COLOUR_RGB('',9.4901967048645020E-01,9.4901967048645020E-01,
   1.0000000000000000E+00);
#79280=FILL_AREA_STYLE_COLOUR('',#79270);
#79290=FILL_AREA_STYLE('',(#79280));
#79300=SURFACE_STYLE_FILL_AREA(#79290);
#79310=SURFACE_SIDE_STYLE('',(#79300));
#79320=SURFACE_STYLE_USAGE(.BOTH.,#79310);
#79330=PRESENTATION_STYLE_ASSIGNMENT((#79320));
#79340=CARTESIAN_POINT('',(0.0000000000000000E+00,0.0000000000000000E+00
   ,2.3000000000000000E+01));
#79350=DIRECTION('',(0.0000000000000000E+00,0.0000000000000000E+00,
   1.0000000000000000E+00));
#79360=DIRECTION('',(1.0000000000000000E+00,0.0000000000000000E+00,
   0.0000000000000000E+00));
#79370=AXIS2_PLACEMENT_3D('',#79340,#79350,#79360);
#79380=PLANE('',#79370);
#79390=CARTESIAN_POINT('',(-2.9710644588612411E+01,
   2.3045184024564779E+01,2.3000000000000000E+01));
#79400=DIRECTION('',(0.0000000000000000E+00,0.0000000000000000E+00,
   1.0000000000000000E+00));
#79410=DIRECTION('',(1.0000000000000000E+00,0.0000000000000000E+00,
   0.0000000000000000E+00));
#79420=AXIS2_PLACEMENT_3D('',#79390,#79400,#79410);
#79430=CIRCLE('',#79420,2.2836213029279406E-01);
#79440=CARTESIAN_POINT('',(-2.9482282458319617E+01,
   2.3045184024564779E+01,2.3000000000000000E+01));
#79450=VERTEX_POINT('',#79440);
#79460=CARTESIAN_POINT('',(-2.9939006718905205E+01,
   2.3045184024564779E+01,2.3000000000000000E+01));
#79470=VERTEX_POINT('',#79460);
#79480=EDGE_CURVE('',#79450,#79470,#79430,.T.);
#79490=ORIENTED_EDGE('',*,*,#79480,.T.);
#79500=EDGE_CURVE('',#79470,#79450,#79430,.T.);
#79510=ORIENTED_EDGE('',*,*,#79500,.T.);
#79520=EDGE_LOOP('',(#79510,#79490));
#79530=FACE_OUTER_BOUND('',#79520,.T.);
#79540=ADVANCED_FACE('',(#79530),#79380,.T.);
#79550=COLOUR_RGB('',5.0196081399917603E-01,1.0000000000000000E+00,
   5.0196081399917603E-01);
#79560=FILL_AREA_STYLE_COLOUR('',#79550);
#79570=FILL_AREA_STYLE('',(#79560));
#79580=SURFACE_STYLE_FILL_AREA(#79570);
#79590=SURFACE_SIDE_STYLE('',(#79580));
#79600=SURFACE_STYLE_USAGE(.BOTH.,#79590);
#79610=PRESENTATION_STYLE_ASSIGNMENT((#79600));
#79620=CARTESIAN_POINT('',(-3.3520488301517801E+01,
   2.2071376124790600E+01,1.7500000000000000E+01));
#79630=DIRECTION('',(1.0000000000000000E+00,0.0000000000000000E+00,
   0.0000000000000000E+00));
#79640=DIRECTION('',(0.0000000000000000E+00,-1.0000000000000000E+00,
   0.0000000000000000E+00));
#79650=AXIS2_PLACEMENT_3D('',#79620,#79630,#79640);
#79660=PLANE('',#79650);
#79670=CARTESIAN_POINT('',(-3.3520488301517801E+01,
   2.3821376124790600E+01,1.8300000000000001E+01));
#79680=DIRECTION('',(0.0000000000000000E+00,-1.0000000000000000E+00,
   0.0000000000000000E+00));
#79690=VECTOR('',#79680,1.0000000000000000E+00);
#79700=LINE('',#79670,#79690);
#79710=CARTESIAN_POINT('',(-3.3520488301517801E+01,
   2.3821376124790600E+01,1.8300000000000001E+01));
#79720=VERTEX_POINT('',#79710);
#79730=CARTESIAN_POINT('',(-3.3520488301517801E+01,
   2.2071376124790600E+01,1.8300000000000001E+01));
#79740=VERTEX_POINT('',#79730);
#79750=EDGE_CURVE('',#79720,#79740,#79700,.T.);
#79760=ORIENTED_EDGE('',*,*,#79750,.F.);
#79770=CARTESIAN_POINT('',(-3.3520488301517801E+01,
   2.2071376124790600E+01,1.7500000000000000E+01));
#79780=DIRECTION('',(0.0000000000000000E+00,0.0000000000000000E+00,
   1.0000000000000000E+00));
#79790=VECTOR('',#79780,1.0000000000000000E+00);
#79800=LINE('',#79770,#79790);
#79810=EDGE_CURVE('',#78800,#79740,#79800,.T.);
#79820=ORIENTED_EDGE('',*,*,#79810,.T.);
#79830=ORIENTED_EDGE('',*,*,#78810,.T.);
#79840=CARTESIAN_POINT('',(-3.3520488301517801E+01,
   2.3821376124790600E+01,1.7500000000000000E+01));
#79850=DIRECTION('',(0.0000000000000000E+00,0.0000000000000000E+00,
   -1.0000000000000000E+00));
#79860=VECTOR('',#79850,1.0000000000000000E+00);
#79870=LINE('',#79840,#79860);
#79880=EDGE_CURVE('',#79720,#78720,#79870,.T.);
#79890=ORIENTED_EDGE('',*,*,#79880,.T.);
#79900=EDGE_LOOP('',(#79890,#79830,#79820,#79760));
#79910=FACE_OUTER_BOUND('',#79900,.T.);
#79920=ADVANCED_FACE('',(#79910),#79660,.F.);
#79930=COLOUR_RGB('',5.0196081399917603E-01,1.0000000000000000E+00,
   5.0196081399917603E-01);
#79940=FILL_AREA_STYLE_COLOUR('',#79930);
#79950=FILL_AREA_STYLE('',(#79940));
#79960=SURFACE_STYLE_FILL_AREA(#79950);
#79970=SURFACE_SIDE_STYLE('',(#79960));
#79980=SURFACE_STYLE_USAGE(.BOTH.,#79970);
#79990=PRESENTATION_STYLE_ASSIGNMENT((#79980));
#80000=CARTESIAN_POINT('',(-3.1355488301517802E+01,
   2.8601376124790601E+01,1.7500000000000000E+01));
#80010=DIRECTION('',(0.0000000000000000E+00,-1.0000000000000000E+00,
   0.0000000000000000E+00));
#80020=DIRECTION('',(1.0000000000000000E+00,0.0000000000000000E+00,
   0.0000000000000000E+00));
#80030=AXIS2_PLACEMENT_3D('',#80000,#80010,#80020);
#80040=CIRCLE('',#80030,5.5000000000000004E-01);
#80050=CARTESIAN_POINT('',(-3.1451982696656941E+01,
   2.8601376124790601E+01,1.6958530858029071E+01));
#80060=VERTEX_POINT('',#80050);
#80070=CARTESIAN_POINT('',(-3.0805488301517805E+01,
   2.8601376124790601E+01,1.7500000000000000E+01));
#80080=VERTEX_POINT('',#80070);
#80090=EDGE_CURVE('',#80060,#80080,#80040,.T.);
#80100=ORIENTED_EDGE('',*,*,#80090,.F.);
#80110=CARTESIAN_POINT('',(-8.4502159542249785E+01,
   2.8601376124790601E+01,1.7500000000000000E+01));
#80120=DIRECTION('',(-1.0000000000000000E+00,0.0000000000000000E+00,
   0.0000000000000000E+00));
#80130=VECTOR('',#80120,1.0000000000000000E+00);
#80140=LINE('',#80110,#80130);
#80150=CARTESIAN_POINT('',(-3.0910513554687164E+01,
   2.8601376124790601E+01,1.7499999999999993E+01));
#80160=VERTEX_POINT('',#80150);
#80170=EDGE_CURVE('',#80080,#80160,#80140,.T.);
#80180=ORIENTED_EDGE('',*,*,#80170,.F.);
#80190=CARTESIAN_POINT('',(-8.4502159542249785E+01,
   2.8601376124790601E+01,-3.6091645987562615E+01));
#80200=DIRECTION('',(7.0710678118654757E-01,0.0000000000000000E+00,
   7.0710678118654746E-01));
#80210=VECTOR('',#80200,1.0000000000000000E+00);
#80220=LINE('',#80190,#80210);
#80230=EDGE_CURVE('',#80060,#80160,#80220,.T.);
#80240=ORIENTED_EDGE('',*,*,#80230,.T.);
#80250=EDGE_LOOP('',(#80240,#80180,#80100));
#80260=FACE_OUTER_BOUND('',#80250,.T.);
#80270=ADVANCED_FACE('',(#80260),#65080,.T.);
#80280=COLOUR_RGB('',9.4901967048645020E-01,9.4901967048645020E-01,
   1.0000000000000000E+00);
#80290=FILL_AREA_STYLE_COLOUR('',#80280);
#80300=FILL_AREA_STYLE('',(#80290));
#80310=SURFACE_STYLE_FILL_AREA(#80300);
#80320=SURFACE_SIDE_STYLE('',(#80310));
#80330=SURFACE_STYLE_USAGE(.BOTH.,#80320);
#80340=PRESENTATION_STYLE_ASSIGNMENT((#80330));
#80350=CARTESIAN_POINT('',(-2.9442235154989220E+01,
   2.3838270739176519E+01,2.3000000000000000E+01));
#80360=DIRECTION('',(0.0000000000000000E+00,0.0000000000000000E+00,
   1.0000000000000000E+00));
#80370=DIRECTION('',(1.0000000000000000E+00,0.0000000000000000E+00,
   0.0000000000000000E+00));
#80380=AXIS2_PLACEMENT_3D('',#80350,#80360,#80370);
#80390=CYLINDRICAL_SURFACE('',#80380,1.5809685943344043E-01);
#80400=CARTESIAN_POINT('',(-2.9442235154989220E+01,
   2.3838270739176519E+01,2.3000000000000000E+01));
#80410=DIRECTION('',(0.0000000000000000E+00,0.0000000000000000E+00,
   1.0000000000000000E+00));
#80420=DIRECTION('',(1.0000000000000000E+00,0.0000000000000000E+00,
   0.0000000000000000E+00));
#80430=AXIS2_PLACEMENT_3D('',#80400,#80410,#80420);
#80440=CIRCLE('',#80430,1.5809685943344043E-01);
#80450=CARTESIAN_POINT('',(-2.9442235154989220E+01,
   2.3996367598609961E+01,2.3000000000000000E+01));
#80460=VERTEX_POINT('',#80450);
#80470=EDGE_CURVE('',#80460,#20680,#80440,.T.);
#80480=ORIENTED_EDGE('',*,*,#80470,.F.);
#80490=ORIENTED_EDGE('',*,*,#20910,.T.);
#80500=CARTESIAN_POINT('',(-2.9442235154989220E+01,
   2.3838270739176519E+01,2.2899999999999999E+01));
#80510=DIRECTION('',(0.0000000000000000E+00,0.0000000000000000E+00,
   1.0000000000000000E+00));
#80520=DIRECTION('',(1.0000000000000000E+00,0.0000000000000000E+00,
   0.0000000000000000E+00));
#80530=AXIS2_PLACEMENT_3D('',#80500,#80510,#80520);
#80540=CIRCLE('',#80530,1.5809685943344043E-01);
#80550=CARTESIAN_POINT('',(-2.9442235154989220E+01,
   2.3996367598609961E+01,2.2899999999999999E+01));
#80560=VERTEX_POINT('',#80550);
#80570=EDGE_CURVE('',#80560,#20840,#80540,.T.);
#80580=ORIENTED_EDGE('',*,*,#80570,.T.);
#80590=CARTESIAN_POINT('',(-2.9442235154989220E+01,
   2.3996367598609961E+01,2.3000000000000000E+01));
#80600=DIRECTION('',(0.0000000000000000E+00,0.0000000000000000E+00,
   -1.0000000000000000E+00));
#80610=VECTOR('',#80600,1.0000000000000000E+00);
#80620=LINE('',#80590,#80610);
#80630=EDGE_CURVE('',#80460,#80560,#80620,.T.);
#80640=ORIENTED_EDGE('',*,*,#80630,.T.);
#80650=EDGE_LOOP('',(#80640,#80580,#80490,#80480));
#80660=FACE_OUTER_BOUND('',#80650,.T.);
#80670=ADVANCED_FACE('',(#80660),#80390,.T.);
#80680=COLOUR_RGB('',5.0196081399917603E-01,1.0000000000000000E+00,
   5.0196081399917603E-01);
#80690=FILL_AREA_STYLE_COLOUR('',#80680);
#80700=FILL_AREA_STYLE('',(#80690));
#80710=SURFACE_STYLE_FILL_AREA(#80700);
#80720=SURFACE_SIDE_STYLE('',(#80710));
#80730=SURFACE_STYLE_USAGE(.BOTH.,#80720);
#80740=PRESENTATION_STYLE_ASSIGNMENT((#80730));
#80750=CARTESIAN_POINT('',(-3.4617870503397079E+01,
   2.4921376124790601E+01,1.6699999999999999E+01));
#80760=DIRECTION('',(0.0000000000000000E+00,0.0000000000000000E+00,
   1.0000000000000000E+00));
#80770=DIRECTION('',(1.0000000000000000E+00,0.0000000000000000E+00,
   0.0000000000000000E+00));
#80780=AXIS2_PLACEMENT_3D('',#80750,#80760,#80770);
#80790=CYLINDRICAL_SURFACE('',#80780,4.9999999999998912E-01);
#80800=CARTESIAN_POINT('',(-3.4617870503397079E+01,
   2.4921376124790601E+01,1.8827382201879288E+01));
#80810=DIRECTION('',(7.0710678118655212E-01,0.0000000000000000E+00,
   7.0710678118654302E-01));
#80820=DIRECTION('',(7.0710678118654302E-01,0.0000000000000000E+00,
   -7.0710678118655212E-01));
#80830=AXIS2_PLACEMENT_3D('',#80800,#80810,#80820);
#80840=ELLIPSE('',#80830,7.0710678118653658E-01,4.9999999999998901E-01);
#80850=CARTESIAN_POINT('',(-3.4134907590252553E+01,
   2.5050785647341851E+01,1.8344419288734755E+01));
#80860=VERTEX_POINT('',#80850);
#80870=CARTESIAN_POINT('',(-3.4617870503397079E+01,
   2.5421376124790594E+01,1.8827382201879288E+01));
#80880=VERTEX_POINT('',#80870);
#80890=EDGE_CURVE('',#80860,#80880,#80840,.T.);
#80900=ORIENTED_EDGE('',*,*,#80890,.T.);
#80910=CARTESIAN_POINT('',(-3.4134907590252553E+01,
   2.5050785647341851E+01,1.6699999999999999E+01));
#80920=DIRECTION('',(0.0000000000000000E+00,0.0000000000000000E+00,
   -1.0000000000000000E+00));
#80930=VECTOR('',#80920,1.0000000000000000E+00);
#80940=LINE('',#80910,#80930);
#80950=CARTESIAN_POINT('',(-3.4134907590252553E+01,
   2.5050785647341851E+01,1.6655580711265237E+01));
#80960=VERTEX_POINT('',#80950);
#80970=EDGE_CURVE('',#80860,#80960,#80940,.T.);
#80980=ORIENTED_EDGE('',*,*,#80970,.F.);
#80990=CARTESIAN_POINT('',(-3.4617870503397079E+01,
   2.4921376124790594E+01,1.6172617798120719E+01));
#81000=DIRECTION('',(7.0710678118654302E-01,0.0000000000000000E+00,
   -7.0710678118655201E-01));
#81010=DIRECTION('',(-7.0710678118655201E-01,0.0000000000000000E+00,
   -7.0710678118654302E-01));
#81020=AXIS2_PLACEMENT_3D('',#80990,#81000,#81010);
#81030=ELLIPSE('',#81020,7.0710678118652770E-01,4.9999999999998912E-01);
#81040=CARTESIAN_POINT('',(-3.4617870503397079E+01,
   2.5421376124790594E+01,1.6172617798120719E+01));
#81050=VERTEX_POINT('',#81040);
#81060=EDGE_CURVE('',#81050,#80960,#81030,.T.);
#81070=ORIENTED_EDGE('',*,*,#81060,.T.);
#81080=CARTESIAN_POINT('',(-3.4617870503397079E+01,
   2.5421376124790594E+01,1.6699999999999999E+01));
#81090=DIRECTION('',(0.0000000000000000E+00,0.0000000000000000E+00,
   1.0000000000000000E+00));
#81100=VECTOR('',#81090,1.0000000000000000E+00);
#81110=LINE('',#81080,#81100);
#81120=EDGE_CURVE('',#81050,#80880,#81110,.T.);
#81130=ORIENTED_EDGE('',*,*,#81120,.F.);
#81140=EDGE_LOOP('',(#81130,#81070,#80980,#80900));
#81150=FACE_OUTER_BOUND('',#81140,.T.);
#81160=ADVANCED_FACE('',(#81150),#80790,.F.);
#81170=COLOUR_RGB('',5.0196081399917603E-01,1.0000000000000000E+00,
   5.0196081399917603E-01);
#81180=FILL_AREA_STYLE_COLOUR('',#81170);
#81190=FILL_AREA_STYLE('',(#81180));
#81200=SURFACE_STYLE_FILL_AREA(#81190);
#81210=SURFACE_SIDE_STYLE('',(#81200));
#81220=SURFACE_STYLE_USAGE(.BOTH.,#81210);
#81230=PRESENTATION_STYLE_ASSIGNMENT((#81220));
#81240=CARTESIAN_POINT('',(-2.9442235154989220E+01,
   2.3996367598609961E+01,2.3000000000000000E+01));
#81250=DIRECTION('',(-0.0000000000000000E+00,-1.0000000000000000E+00,
   -0.0000000000000000E+00));
#81260=DIRECTION('',(-1.0000000000000000E+00,0.0000000000000000E+00,
   0.0000000000000000E+00));
#81270=AXIS2_PLACEMENT_3D('',#81240,#81250,#81260);
#81280=PLANE('',#81270);
#81290=CARTESIAN_POINT('',(0.0000000000000000E+00,2.3996367598609961E+01
   ,2.3000000000000000E+01));
#81300=DIRECTION('',(1.0000000000000000E+00,0.0000000000000000E+00,
   0.0000000000000000E+00));
#81310=VECTOR('',#81300,1.0000000000000000E+00);
#81320=LINE('',#81290,#81310);
#81330=CARTESIAN_POINT('',(-2.9429583505175202E+01,
   2.3996367598609961E+01,2.3000000000000000E+01));
#81340=VERTEX_POINT('',#81330);
#81350=EDGE_CURVE('',#80460,#81340,#81320,.T.);
#81360=ORIENTED_EDGE('',*,*,#81350,.T.);
#81370=ORIENTED_EDGE('',*,*,#80630,.F.);
#81380=CARTESIAN_POINT('',(-2.9429583505175202E+01,
   2.3996367598609961E+01,2.2899999999999999E+01));
#81390=DIRECTION('',(-1.0000000000000000E+00,0.0000000000000000E+00,
   0.0000000000000000E+00));
#81400=VECTOR('',#81390,1.0000000000000000E+00);
#81410=LINE('',#81380,#81400);
#81420=CARTESIAN_POINT('',(-2.9429583505175202E+01,
   2.3996367598609961E+01,2.2899999999999999E+01));
#81430=VERTEX_POINT('',#81420);
#81440=EDGE_CURVE('',#81430,#80560,#81410,.T.);
#81450=ORIENTED_EDGE('',*,*,#81440,.T.);
#81460=CARTESIAN_POINT('',(-2.9429583505175202E+01,
   2.3996367598609961E+01,2.3000000000000000E+01));
#81470=DIRECTION('',(0.0000000000000000E+00,0.0000000000000000E+00,
   -1.0000000000000000E+00));
#81480=VECTOR('',#81470,1.0000000000000000E+00);
#81490=LINE('',#81460,#81480);
#81500=EDGE_CURVE('',#81340,#81430,#81490,.T.);
#81510=ORIENTED_EDGE('',*,*,#81500,.T.);
#81520=EDGE_LOOP('',(#81510,#81450,#81370,#81360));
#81530=FACE_OUTER_BOUND('',#81520,.T.);
#81540=ADVANCED_FACE('',(#81530),#81280,.F.);
#81550=COLOUR_RGB('',5.0196081399917603E-01,1.0000000000000000E+00,
   5.0196081399917603E-01);
#81560=FILL_AREA_STYLE_COLOUR('',#81550);
#81570=FILL_AREA_STYLE('',(#81560));
#81580=SURFACE_STYLE_FILL_AREA(#81570);
#81590=SURFACE_SIDE_STYLE('',(#81580));
#81600=SURFACE_STYLE_USAGE(.BOTH.,#81590);
#81610=PRESENTATION_STYLE_ASSIGNMENT((#81600));
#81620=CARTESIAN_POINT('',(-2.9429583505175202E+01,
   2.2094000450519584E+01,2.3000000000000000E+01));
#81630=DIRECTION('',(-0.0000000000000000E+00,1.0000000000000000E+00,
   0.0000000000000000E+00));
#81640=DIRECTION('',(1.0000000000000000E+00,0.0000000000000000E+00,
   0.0000000000000000E+00));
#81650=AXIS2_PLACEMENT_3D('',#81620,#81630,#81640);
#81660=PLANE('',#81650);
#81670=CARTESIAN_POINT('',(0.0000000000000000E+00,2.2094000450519584E+01
   ,2.3000000000000000E+01));
#81680=DIRECTION('',(-1.0000000000000000E+00,0.0000000000000000E+00,
   0.0000000000000000E+00));
#81690=VECTOR('',#81680,1.0000000000000000E+00);
#81700=LINE('',#81670,#81690);
#81710=CARTESIAN_POINT('',(-2.9429583505175202E+01,
   2.2094000450519584E+01,2.3000000000000000E+01));
#81720=VERTEX_POINT('',#81710);
#81730=CARTESIAN_POINT('',(-2.9442235154989220E+01,
   2.2094000450519641E+01,2.3000000000000000E+01));
#81740=VERTEX_POINT('',#81730);
#81750=EDGE_CURVE('',#81720,#81740,#81700,.T.);
#81760=ORIENTED_EDGE('',*,*,#81750,.T.);
#81770=CARTESIAN_POINT('',(-2.9429583505175202E+01,
   2.2094000450519584E+01,2.3000000000000000E+01));
#81780=DIRECTION('',(0.0000000000000000E+00,0.0000000000000000E+00,
   -1.0000000000000000E+00));
#81790=VECTOR('',#81780,1.0000000000000000E+00);
#81800=LINE('',#81770,#81790);
#81810=CARTESIAN_POINT('',(-2.9429583505175202E+01,
   2.2094000450519584E+01,2.2899999999999999E+01));
#81820=VERTEX_POINT('',#81810);
#81830=EDGE_CURVE('',#81720,#81820,#81800,.T.);
#81840=ORIENTED_EDGE('',*,*,#81830,.F.);
#81850=CARTESIAN_POINT('',(-2.9429583505175202E+01,
   2.2094000450519584E+01,2.2899999999999999E+01));
#81860=DIRECTION('',(-1.0000000000000000E+00,0.0000000000000000E+00,
   0.0000000000000000E+00));
#81870=VECTOR('',#81860,1.0000000000000000E+00);
#81880=LINE('',#81850,#81870);
#81890=CARTESIAN_POINT('',(-2.9442235154989220E+01,
   2.2094000450519584E+01,2.2899999999999999E+01));
#81900=VERTEX_POINT('',#81890);
#81910=EDGE_CURVE('',#81820,#81900,#81880,.T.);
#81920=ORIENTED_EDGE('',*,*,#81910,.F.);
#81930=CARTESIAN_POINT('',(-2.9442235154989220E+01,
   2.2094000450519584E+01,2.3000000000000000E+01));
#81940=DIRECTION('',(0.0000000000000000E+00,0.0000000000000000E+00,
   -1.0000000000000000E+00));
#81950=VECTOR('',#81940,1.0000000000000000E+00);
#81960=LINE('',#81930,#81950);
#81970=EDGE_CURVE('',#81740,#81900,#81960,.T.);
#81980=ORIENTED_EDGE('',*,*,#81970,.T.);
#81990=EDGE_LOOP('',(#81980,#81920,#81840,#81760));
#82000=FACE_OUTER_BOUND('',#81990,.T.);
#82010=ADVANCED_FACE('',(#82000),#81660,.F.);
#82020=COLOUR_RGB('',5.0196081399917603E-01,1.0000000000000000E+00,
   5.0196081399917603E-01);
#82030=FILL_AREA_STYLE_COLOUR('',#82020);
#82040=FILL_AREA_STYLE('',(#82030));
#82050=SURFACE_STYLE_FILL_AREA(#82040);
#82060=SURFACE_SIDE_STYLE('',(#82050));
#82070=SURFACE_STYLE_USAGE(.BOTH.,#82060);
#82080=PRESENTATION_STYLE_ASSIGNMENT((#82070));
#82090=CARTESIAN_POINT('',(-3.0944692488939808E+01,
   2.4110580312212679E+01,2.3000000000000000E+01));
#82100=DIRECTION('',(0.0000000000000000E+00,0.0000000000000000E+00,
   1.0000000000000000E+00));
#82110=DIRECTION('',(1.0000000000000000E+00,0.0000000000000000E+00,
   0.0000000000000000E+00));
#82120=AXIS2_PLACEMENT_3D('',#82090,#82100,#82110);
#82130=CYLINDRICAL_SURFACE('',#82120,2.1079581257792057E-01);
#82140=CARTESIAN_POINT('',(-3.0944692488939808E+01,
   2.4110580312212679E+01,2.3000000000000000E+01));
#82150=DIRECTION('',(0.0000000000000000E+00,0.0000000000000000E+00,
   1.0000000000000000E+00));
#82160=DIRECTION('',(1.0000000000000000E+00,0.0000000000000000E+00,
   0.0000000000000000E+00));
#82170=AXIS2_PLACEMENT_3D('',#82140,#82150,#82160);
#82180=CIRCLE('',#82170,2.1079581257792057E-01);
#82190=CARTESIAN_POINT('',(-3.0944692488939808E+01,
   2.4321376124790600E+01,2.3000000000000000E+01));
#82200=VERTEX_POINT('',#82190);
#82210=CARTESIAN_POINT('',(-3.1155488301517728E+01,
   2.4110580312212679E+01,2.3000000000000000E+01));
#82220=VERTEX_POINT('',#82210);
#82230=EDGE_CURVE('',#82200,#82220,#82180,.T.);
#82240=ORIENTED_EDGE('',*,*,#82230,.T.);
#82250=CARTESIAN_POINT('',(-3.0944692488939808E+01,
   2.4321376124790600E+01,2.3000000000000000E+01));
#82260=DIRECTION('',(0.0000000000000000E+00,0.0000000000000000E+00,
   -1.0000000000000000E+00));
#82270=VECTOR('',#82260,1.0000000000000000E+00);
#82280=LINE('',#82250,#82270);
#82290=CARTESIAN_POINT('',(-3.0944692488939808E+01,
   2.4321376124790600E+01,2.2899999999999999E+01));
#82300=VERTEX_POINT('',#82290);
#82310=EDGE_CURVE('',#82200,#82300,#82280,.T.);
#82320=ORIENTED_EDGE('',*,*,#82310,.F.);
#82330=CARTESIAN_POINT('',(-3.0944692488939808E+01,
   2.4110580312212679E+01,2.2899999999999999E+01));
#82340=DIRECTION('',(0.0000000000000000E+00,0.0000000000000000E+00,
   1.0000000000000000E+00));
#82350=DIRECTION('',(1.0000000000000000E+00,0.0000000000000000E+00,
   0.0000000000000000E+00));
#82360=AXIS2_PLACEMENT_3D('',#82330,#82340,#82350);
#82370=CIRCLE('',#82360,2.1079581257792057E-01);
#82380=CARTESIAN_POINT('',(-3.1155488301517728E+01,
   2.4110580312212679E+01,2.2899999999999999E+01));
#82390=VERTEX_POINT('',#82380);
#82400=EDGE_CURVE('',#82300,#82390,#82370,.T.);
#82410=ORIENTED_EDGE('',*,*,#82400,.F.);
#82420=CARTESIAN_POINT('',(-3.1155488301517728E+01,
   2.4110580312212679E+01,2.3000000000000000E+01));
#82430=DIRECTION('',(0.0000000000000000E+00,0.0000000000000000E+00,
   1.0000000000000000E+00));
#82440=VECTOR('',#82430,1.0000000000000000E+00);
#82450=LINE('',#82420,#82440);
#82460=EDGE_CURVE('',#82390,#82220,#82450,.T.);
#82470=ORIENTED_EDGE('',*,*,#82460,.F.);
#82480=EDGE_LOOP('',(#82470,#82410,#82320,#82240));
#82490=FACE_OUTER_BOUND('',#82480,.T.);
#82500=ADVANCED_FACE('',(#82490),#82130,.F.);
#82510=COLOUR_RGB('',5.0196081399917603E-01,1.0000000000000000E+00,
   5.0196081399917603E-01);
#82520=FILL_AREA_STYLE_COLOUR('',#82510);
#82530=FILL_AREA_STYLE('',(#82520));
#82540=SURFACE_STYLE_FILL_AREA(#82530);
#82550=SURFACE_SIDE_STYLE('',(#82540));
#82560=SURFACE_STYLE_USAGE(.BOTH.,#82550);
#82570=PRESENTATION_STYLE_ASSIGNMENT((#82560));
#82580=ORIENTED_EDGE('',*,*,#75300,.T.);
#82590=CARTESIAN_POINT('',(-3.1405488301517792E+01,
   2.8001376124790593E+01,1.7500000000000000E+01));
#82600=DIRECTION('',(0.0000000000000000E+00,1.0000000000000000E+00,
   0.0000000000000000E+00));
#82610=DIRECTION('',(-1.0000000000000000E+00,0.0000000000000000E+00,
   0.0000000000000000E+00));
#82620=AXIS2_PLACEMENT_3D('',#82590,#82600,#82610);
#82630=CIRCLE('',#82620,1.3999999999999999E+00);
#82640=CARTESIAN_POINT('',(-3.2116515403736514E+01,
   2.8001376124790593E+01,1.6293998150950650E+01));
#82650=VERTEX_POINT('',#82640);
#82660=EDGE_CURVE('',#82650,#75290,#82630,.T.);
#82670=ORIENTED_EDGE('',*,*,#82660,.T.);
#82680=EDGE_CURVE('',#70590,#82650,#70650,.T.);
#82690=ORIENTED_EDGE('',*,*,#82680,.T.);
#82700=ORIENTED_EDGE('',*,*,#70600,.T.);
#82710=EDGE_LOOP('',(#82700,#82690,#82670,#82580));
#82720=FACE_OUTER_BOUND('',#82710,.T.);
#82730=ADVANCED_FACE('',(#82720),#70420,.T.);
#82740=COLOUR_RGB('',9.4901967048645020E-01,9.4901967048645020E-01,
   1.0000000000000000E+00);
#82750=FILL_AREA_STYLE_COLOUR('',#82740);
#82760=FILL_AREA_STYLE('',(#82750));
#82770=SURFACE_STYLE_FILL_AREA(#82760);
#82780=SURFACE_SIDE_STYLE('',(#82770));
#82790=SURFACE_STYLE_USAGE(.BOTH.,#82780);
#82800=PRESENTATION_STYLE_ASSIGNMENT((#82790));
#82810=CARTESIAN_POINT('',(-3.2116515403736514E+01,
   2.8601376124790601E+01,1.6293998150950650E+01));
#82820=VERTEX_POINT('',#82810);
#82830=EDGE_CURVE('',#82820,#80060,#80220,.T.);
#82840=ORIENTED_EDGE('',*,*,#82830,.T.);
#82850=CARTESIAN_POINT('',(-3.1405488301517792E+01,
   2.8601376124790601E+01,1.7500000000000000E+01));
#82860=DIRECTION('',(0.0000000000000000E+00,1.0000000000000000E+00,
   0.0000000000000000E+00));
#82870=DIRECTION('',(-1.0000000000000000E+00,0.0000000000000000E+00,
   0.0000000000000000E+00));
#82880=AXIS2_PLACEMENT_3D('',#82850,#82860,#82870);
#82890=CIRCLE('',#82880,1.3999999999999999E+00);
#82900=CARTESIAN_POINT('',(-3.0005488301517794E+01,
   2.8601376124790601E+01,1.7500000000000000E+01));
#82910=VERTEX_POINT('',#82900);
#82920=EDGE_CURVE('',#82910,#82820,#82890,.T.);
#82930=ORIENTED_EDGE('',*,*,#82920,.T.);
#82940=CARTESIAN_POINT('',(-3.0199486452468442E+01,
   2.8601376124790601E+01,1.8211027102218718E+01));
#82950=VERTEX_POINT('',#82940);
#82960=EDGE_CURVE('',#82950,#82910,#82890,.T.);
#82970=ORIENTED_EDGE('',*,*,#82960,.T.);
#82980=CARTESIAN_POINT('',(-8.4502159542249785E+01,
   2.8601376124790601E+01,-3.6091645987562615E+01));
#82990=DIRECTION('',(7.0710678118654757E-01,0.0000000000000000E+00,
   7.0710678118654746E-01));
#83000=VECTOR('',#82990,1.0000000000000000E+00);
#83010=LINE('',#82980,#83000);
#83020=CARTESIAN_POINT('',(-3.0814019159547051E+01,
   2.8601376124790601E+01,1.7596494395140112E+01));
#83030=VERTEX_POINT('',#83020);
#83040=EDGE_CURVE('',#83030,#82950,#83010,.T.);
#83050=ORIENTED_EDGE('',*,*,#83040,.T.);
#83060=CARTESIAN_POINT('',(-3.1355488301517802E+01,
   2.8601376124790601E+01,1.7500000000000000E+01));
#83070=DIRECTION('',(0.0000000000000000E+00,-1.0000000000000000E+00,
   0.0000000000000000E+00));
#83080=DIRECTION('',(1.0000000000000000E+00,0.0000000000000000E+00,
   0.0000000000000000E+00));
#83090=AXIS2_PLACEMENT_3D('',#83060,#83070,#83080);
#83100=CIRCLE('',#83090,5.5000000000000004E-01);
#83110=EDGE_CURVE('',#80080,#83030,#83100,.T.);
#83120=ORIENTED_EDGE('',*,*,#83110,.T.);
#83130=ORIENTED_EDGE('',*,*,#80090,.T.);
#83140=EDGE_LOOP('',(#83130,#83120,#83050,#82970,#82930,#82840));
#83150=FACE_OUTER_BOUND('',#83140,.T.);
#83160=ADVANCED_FACE('',(#83150),#65080,.T.);
#83170=COLOUR_RGB('',9.4901967048645020E-01,9.4901967048645020E-01,
   1.0000000000000000E+00);
#83180=FILL_AREA_STYLE_COLOUR('',#83170);
#83190=FILL_AREA_STYLE('',(#83180));
#83200=SURFACE_STYLE_FILL_AREA(#83190);
#83210=SURFACE_SIDE_STYLE('',(#83200));
#83220=SURFACE_STYLE_USAGE(.BOTH.,#83210);
#83230=PRESENTATION_STYLE_ASSIGNMENT((#83220));
#83240=CARTESIAN_POINT('',(-3.4090488301517794E+01,
   2.2071376124790600E+01,1.4799999999999995E+01));
#83250=DIRECTION('',(7.0710678118655212E-01,-0.0000000000000000E+00,
   7.0710678118654302E-01));
#83260=DIRECTION('',(7.0710678118654302E-01,0.0000000000000000E+00,
   -7.0710678118655212E-01));
#83270=AXIS2_PLACEMENT_3D('',#83240,#83250,#83260);
#83280=PLANE('',#83270);
#83290=ORIENTED_EDGE('',*,*,#67260,.T.);
#83300=ORIENTED_EDGE('',*,*,#66490,.F.);
#83310=CARTESIAN_POINT('',(-3.3290488301517811E+01,
   2.5421376124790601E+01,1.4000000000000000E+01));
#83320=DIRECTION('',(7.0710678118654302E-01,0.0000000000000000E+00,
   -7.0710678118655212E-01));
#83330=VECTOR('',#83320,1.0000000000000000E+00);
#83340=LINE('',#83310,#83330);
#83350=CARTESIAN_POINT('',(-3.4644041692111067E+01,
   2.5421376124790601E+01,1.5353553390593275E+01));
#83360=VERTEX_POINT('',#83350);
#83370=EDGE_CURVE('',#83360,#66480,#83340,.T.);
#83380=ORIENTED_EDGE('',*,*,#83370,.T.);
#83390=CARTESIAN_POINT('',(-3.4644041692111067E+01,
   0.0000000000000000E+00,1.5353553390593270E+01));
#83400=DIRECTION('',(0.0000000000000000E+00,-1.0000000000000000E+00,
   0.0000000000000000E+00));
#83410=VECTOR('',#83400,1.0000000000000000E+00);
#83420=LINE('',#83390,#83410);
#83430=EDGE_CURVE('',#83360,#72660,#83420,.T.);
#83440=ORIENTED_EDGE('',*,*,#83430,.F.);
#83450=ORIENTED_EDGE('',*,*,#72670,.T.);
#83460=CARTESIAN_POINT('',(-3.4090488301517780E+01,
   0.0000000000000000E+00,1.4800000000000001E+01));
#83470=DIRECTION('',(0.0000000000000000E+00,1.0000000000000000E+00,
   0.0000000000000000E+00));
#83480=VECTOR('',#83470,1.0000000000000000E+00);
#83490=LINE('',#83460,#83480);
#83500=EDGE_CURVE('',#72580,#67250,#83490,.T.);
#83510=ORIENTED_EDGE('',*,*,#83500,.F.);
#83520=EDGE_LOOP('',(#83510,#83450,#83440,#83380,#83300,#83290));
#83530=FACE_OUTER_BOUND('',#83520,.T.);
#83540=ADVANCED_FACE('',(#83530),#83280,.F.);
#83550=COLOUR_RGB('',5.0196081399917603E-01,1.0000000000000000E+00,
   5.0196081399917603E-01);
#83560=FILL_AREA_STYLE_COLOUR('',#83550);
#83570=FILL_AREA_STYLE('',(#83560));
#83580=SURFACE_STYLE_FILL_AREA(#83570);
#83590=SURFACE_SIDE_STYLE('',(#83580));
#83600=SURFACE_STYLE_USAGE(.BOTH.,#83590);
#83610=PRESENTATION_STYLE_ASSIGNMENT((#83600));
#83620=CARTESIAN_POINT('',(-3.3520488301517801E+01,
   2.2071376124790600E+01,1.4000000000000000E+01));
#83630=DIRECTION('',(1.0000000000000000E+00,0.0000000000000000E+00,
   0.0000000000000000E+00));
#83640=DIRECTION('',(0.0000000000000000E+00,-1.0000000000000000E+00,
   0.0000000000000000E+00));
#83650=AXIS2_PLACEMENT_3D('',#83620,#83630,#83640);
#83660=PLANE('',#83650);
#83670=ORIENTED_EDGE('',*,*,#64090,.T.);
#83680=CARTESIAN_POINT('',(-3.3520488301517801E+01,
   2.3821376124790600E+01,1.4000000000000000E+01));
#83690=DIRECTION('',(0.0000000000000000E+00,0.0000000000000000E+00,
   -1.0000000000000000E+00));
#83700=VECTOR('',#83690,1.0000000000000000E+00);
#83710=LINE('',#83680,#83700);
#83720=CARTESIAN_POINT('',(-3.3520488301517801E+01,
   2.3821376124790600E+01,1.4800000000000001E+01));
#83730=VERTEX_POINT('',#83720);
#83740=EDGE_CURVE('',#83730,#64020,#83710,.T.);
#83750=ORIENTED_EDGE('',*,*,#83740,.T.);
#83760=CARTESIAN_POINT('',(-3.3520488301517801E+01,
   2.3821376124790600E+01,1.4800000000000001E+01));
#83770=DIRECTION('',(0.0000000000000000E+00,-1.0000000000000000E+00,
   0.0000000000000000E+00));
#83780=VECTOR('',#83770,1.0000000000000000E+00);
#83790=LINE('',#83760,#83780);
#83800=EDGE_CURVE('',#83730,#48210,#83790,.T.);
#83810=ORIENTED_EDGE('',*,*,#83800,.F.);
#83820=ORIENTED_EDGE('',*,*,#48440,.T.);
#83830=EDGE_LOOP('',(#83820,#83810,#83750,#83670));
#83840=FACE_OUTER_BOUND('',#83830,.T.);
#83850=ADVANCED_FACE('',(#83840),#83660,.F.);
#83860=COLOUR_RGB('',5.0196081399917603E-01,1.0000000000000000E+00,
   5.0196081399917603E-01);
#83870=FILL_AREA_STYLE_COLOUR('',#83860);
#83880=FILL_AREA_STYLE('',(#83870));
#83890=SURFACE_STYLE_FILL_AREA(#83880);
#83900=SURFACE_SIDE_STYLE('',(#83890));
#83910=SURFACE_STYLE_USAGE(.BOTH.,#83900);
#83920=PRESENTATION_STYLE_ASSIGNMENT((#83910));
#83930=CARTESIAN_POINT('',(-3.3520488301517801E+01,
   2.3821376124790600E+01,1.4000000000000000E+01));
#83940=DIRECTION('',(-0.0000000000000000E+00,1.0000000000000000E+00,
   0.0000000000000000E+00));
#83950=DIRECTION('',(1.0000000000000000E+00,0.0000000000000000E+00,
   0.0000000000000000E+00));
#83960=AXIS2_PLACEMENT_3D('',#83930,#83940,#83950);
#83970=PLANE('',#83960);
#83980=ORIENTED_EDGE('',*,*,#64030,.T.);
#83990=ORIENTED_EDGE('',*,*,#67400,.T.);
#84000=CARTESIAN_POINT('',(-3.3805488301517798E+01,
   2.3821376124790600E+01,1.4800000000000001E+01));
#84010=DIRECTION('',(1.0000000000000000E+00,0.0000000000000000E+00,
   0.0000000000000000E+00));
#84020=VECTOR('',#84010,1.0000000000000000E+00);
#84030=LINE('',#84000,#84020);
#84040=EDGE_CURVE('',#67330,#83730,#84030,.T.);
#84050=ORIENTED_EDGE('',*,*,#84040,.F.);
#84060=ORIENTED_EDGE('',*,*,#83740,.F.);
#84070=EDGE_LOOP('',(#84060,#84050,#83990,#83980));
#84080=FACE_OUTER_BOUND('',#84070,.T.);
#84090=ADVANCED_FACE('',(#84080),#83970,.F.);
#84100=COLOUR_RGB('',5.0196081399917603E-01,1.0000000000000000E+00,
   5.0196081399917603E-01);
#84110=FILL_AREA_STYLE_COLOUR('',#84100);
#84120=FILL_AREA_STYLE('',(#84110));
#84130=SURFACE_STYLE_FILL_AREA(#84120);
#84140=SURFACE_SIDE_STYLE('',(#84130));
#84150=SURFACE_STYLE_USAGE(.BOTH.,#84140);
#84160=PRESENTATION_STYLE_ASSIGNMENT((#84150));
#84170=CARTESIAN_POINT('',(0.0000000000000000E+00,0.0000000000000000E+00
   ,1.4800000000000001E+01));
#84180=DIRECTION('',(0.0000000000000000E+00,0.0000000000000000E+00,
   1.0000000000000000E+00));
#84190=DIRECTION('',(1.0000000000000000E+00,0.0000000000000000E+00,
   0.0000000000000000E+00));
#84200=AXIS2_PLACEMENT_3D('',#84170,#84180,#84190);
#84210=PLANE('',#84200);
#84220=ORIENTED_EDGE('',*,*,#72590,.F.);
#84230=ORIENTED_EDGE('',*,*,#48220,.F.);
#84240=ORIENTED_EDGE('',*,*,#83800,.T.);
#84250=ORIENTED_EDGE('',*,*,#84040,.T.);
#84260=ORIENTED_EDGE('',*,*,#67340,.F.);
#84270=ORIENTED_EDGE('',*,*,#83500,.T.);
#84280=EDGE_LOOP('',(#84270,#84260,#84250,#84240,#84230,#84220));
#84290=FACE_OUTER_BOUND('',#84280,.T.);
#84300=ADVANCED_FACE('',(#84290),#84210,.F.);
#84310=COLOUR_RGB('',5.0196081399917603E-01,1.0000000000000000E+00,
   5.0196081399917603E-01);
#84320=FILL_AREA_STYLE_COLOUR('',#84310);
#84330=FILL_AREA_STYLE('',(#84320));
#84340=SURFACE_STYLE_FILL_AREA(#84330);
#84350=SURFACE_SIDE_STYLE('',(#84340));
#84360=SURFACE_STYLE_USAGE(.BOTH.,#84350);
#84370=PRESENTATION_STYLE_ASSIGNMENT((#84360));
#84380=CARTESIAN_POINT('',(-3.1158000928102481E+01,
   2.7601376124790594E+01,1.7252512626584682E+01));
#84390=DIRECTION('',(-7.0710678118654746E-01,0.0000000000000000E+00,
   7.0710678118654757E-01));
#84400=DIRECTION('',(0.0000000000000000E+00,1.0000000000000000E+00,
   0.0000000000000000E+00));
#84410=AXIS2_PLACEMENT_3D('',#84380,#84390,#84400);
#84420=PLANE('',#84410);
#84430=ORIENTED_EDGE('',*,*,#82680,.F.);
#84440=CARTESIAN_POINT('',(-3.2116515403736514E+01,
   2.7145319094080318E+01,1.6293998150950650E+01));
#84450=DIRECTION('',(0.0000000000000000E+00,1.0000000000000000E+00,
   0.0000000000000000E+00));
#84460=VECTOR('',#84450,1.0000000000000000E+00);
#84470=LINE('',#84440,#84460);
#84480=EDGE_CURVE('',#82650,#82820,#84470,.T.);
#84490=ORIENTED_EDGE('',*,*,#84480,.F.);
#84500=ORIENTED_EDGE('',*,*,#82830,.F.);
#84510=CARTESIAN_POINT('',(-3.1451982696657915E+01,
   3.9321376124790604E+01,1.6958530858029246E+01));
#84520=DIRECTION('',(0.0000000000000000E+00,-1.0000000000000000E+00,
   0.0000000000000000E+00));
#84530=VECTOR('',#84520,1.0000000000000000E+00);
#84540=LINE('',#84510,#84530);
#84550=EDGE_CURVE('',#80060,#70590,#84540,.T.);
#84560=ORIENTED_EDGE('',*,*,#84550,.F.);
#84570=EDGE_LOOP('',(#84560,#84500,#84490,#84430));
#84580=FACE_OUTER_BOUND('',#84570,.T.);
#84590=ADVANCED_FACE('',(#84580),#84420,.T.);
#84600=COLOUR_RGB('',9.4901967048645020E-01,9.4901967048645020E-01,
   1.0000000000000000E+00);
#84610=FILL_AREA_STYLE_COLOUR('',#84600);
#84620=FILL_AREA_STYLE('',(#84610));
#84630=SURFACE_STYLE_FILL_AREA(#84620);
#84640=SURFACE_SIDE_STYLE('',(#84630));
#84650=SURFACE_STYLE_USAGE(.BOTH.,#84640);
#84660=PRESENTATION_STYLE_ASSIGNMENT((#84650));
#84670=CARTESIAN_POINT('',(-3.1355488301517802E+01,
   1.7821376124790600E+01,1.7183974596215563E+01));
#84680=DIRECTION('',(0.0000000000000000E+00,2.5881904510252085E-01,
   9.6592582628906820E-01));
#84690=DIRECTION('',(0.0000000000000000E+00,9.6592582628906842E-01,
   -2.5881904510252091E-01));
#84700=AXIS2_PLACEMENT_3D('',#84670,#84680,#84690);
#84710=PLANE('',#84700);
#84720=CARTESIAN_POINT('',(-3.1105488301517802E+01,
   -2.2653715864353234E+01,2.8029242808282063E+01));
#84730=DIRECTION('',(0.0000000000000000E+00,-9.6592582628906831E-01,
   2.5881904510252091E-01));
#84740=VECTOR('',#84730,1.0000000000000000E+00);
#84750=LINE('',#84720,#84740);
#84760=CARTESIAN_POINT('',(-3.1105488301517802E+01,
   1.8321376124790607E+01,1.7050000000000001E+01));
#84770=VERTEX_POINT('',#84760);
#84780=CARTESIAN_POINT('',(-3.1105488301517802E+01,
   1.7321376124790600E+01,1.7317949192431122E+01));
#84790=VERTEX_POINT('',#84780);
#84800=EDGE_CURVE('',#84770,#84790,#84750,.T.);
#84810=ORIENTED_EDGE('',*,*,#84800,.T.);
#84820=CARTESIAN_POINT('',(-8.4502159542249785E+01,
   1.8321376124790607E+01,1.7050000000000001E+01));
#84830=DIRECTION('',(1.0000000000000000E+00,0.0000000000000000E+00,
   0.0000000000000000E+00));
#84840=VECTOR('',#84830,1.0000000000000000E+00);
#84850=LINE('',#84820,#84840);
#84860=CARTESIAN_POINT('',(-3.1605488301517802E+01,
   1.8321376124790607E+01,1.7050000000000001E+01));
#84870=VERTEX_POINT('',#84860);
#84880=EDGE_CURVE('',#84870,#84770,#84850,.T.);
#84890=ORIENTED_EDGE('',*,*,#84880,.T.);
#84900=CARTESIAN_POINT('',(-3.1605488301517795E+01,
   -2.2653715864353234E+01,2.8029242808282063E+01));
#84910=DIRECTION('',(0.0000000000000000E+00,9.6592582628906831E-01,
   -2.5881904510252091E-01));
#84920=VECTOR('',#84910,1.0000000000000000E+00);
#84930=LINE('',#84900,#84920);
#84940=CARTESIAN_POINT('',(-3.1605488301517795E+01,
   1.7321376124790607E+01,1.7317949192431122E+01));
#84950=VERTEX_POINT('',#84940);
#84960=EDGE_CURVE('',#84950,#84870,#84930,.T.);
#84970=ORIENTED_EDGE('',*,*,#84960,.T.);
#84980=CARTESIAN_POINT('',(-8.4502159542249785E+01,
   1.7321376124790600E+01,1.7317949192431122E+01));
#84990=DIRECTION('',(-1.0000000000000000E+00,0.0000000000000000E+00,
   0.0000000000000000E+00));
#85000=VECTOR('',#84990,1.0000000000000000E+00);
#85010=LINE('',#84980,#85000);
#85020=EDGE_CURVE('',#84790,#84950,#85010,.T.);
#85030=ORIENTED_EDGE('',*,*,#85020,.T.);
#85040=EDGE_LOOP('',(#85030,#84970,#84890,#84810));
#85050=FACE_OUTER_BOUND('',#85040,.T.);
#85060=ADVANCED_FACE('',(#85050),#84710,.F.);
#85070=COLOUR_RGB('',9.4901961088180542E-01,9.4901961088180542E-01,
   1.0000000000000000E+00);
#85080=FILL_AREA_STYLE_COLOUR('',#85070);
#85090=FILL_AREA_STYLE('',(#85080));
#85100=SURFACE_STYLE_FILL_AREA(#85090);
#85110=SURFACE_SIDE_STYLE('',(#85100));
#85120=SURFACE_STYLE_USAGE(.BOTH.,#85110);
#85130=PRESENTATION_STYLE_ASSIGNMENT((#85120));
#85140=CARTESIAN_POINT('',(-3.0655673471076625E+01,
   2.3996367598609975E+01,2.3000000000000000E+01));
#85150=DIRECTION('',(-2.8878751958534577E-14,-1.0000000000000000E+00,
   -0.0000000000000000E+00));
#85160=DIRECTION('',(-1.0000000000000000E+00,2.8878751958534577E-14,
   0.0000000000000000E+00));
#85170=AXIS2_PLACEMENT_3D('',#85140,#85150,#85160);
#85180=PLANE('',#85170);
#85190=CARTESIAN_POINT('',(0.0000000000000000E+00,2.3996367598609094E+01
   ,2.3000000000000000E+01));
#85200=DIRECTION('',(1.0000000000000000E+00,-2.8878751958534577E-14,
   0.0000000000000000E+00));
#85210=VECTOR('',#85200,1.0000000000000000E+00);
#85220=LINE('',#85190,#85210);
#85230=CARTESIAN_POINT('',(-3.0655673471076625E+01,
   2.3996367598609975E+01,2.3000000000000000E+01));
#85240=VERTEX_POINT('',#85230);
#85250=CARTESIAN_POINT('',(-2.9979054022235516E+01,
   2.3996367598610131E+01,2.3000000000000000E+01));
#85260=VERTEX_POINT('',#85250);
#85270=EDGE_CURVE('',#85240,#85260,#85220,.T.);
#85280=ORIENTED_EDGE('',*,*,#85270,.T.);
#85290=CARTESIAN_POINT('',(-3.0655673471076625E+01,
   2.3996367598609975E+01,2.3000000000000000E+01));
#85300=DIRECTION('',(0.0000000000000000E+00,0.0000000000000000E+00,
   -1.0000000000000000E+00));
#85310=VECTOR('',#85300,1.0000000000000000E+00);
#85320=LINE('',#85290,#85310);
#85330=CARTESIAN_POINT('',(-3.0655673471076625E+01,
   2.3996367598609975E+01,2.2899999999999999E+01));
#85340=VERTEX_POINT('',#85330);
#85350=EDGE_CURVE('',#85240,#85340,#85320,.T.);
#85360=ORIENTED_EDGE('',*,*,#85350,.F.);
#85370=CARTESIAN_POINT('',(-3.0655673471076625E+01,
   2.3996367598609975E+01,2.2899999999999999E+01));
#85380=DIRECTION('',(1.0000000000000000E+00,-2.8878751958534577E-14,
   0.0000000000000000E+00));
#85390=VECTOR('',#85380,1.0000000000000000E+00);
#85400=LINE('',#85370,#85390);
#85410=CARTESIAN_POINT('',(-2.9979054022235516E+01,
   2.3996367598609961E+01,2.2899999999999999E+01));
#85420=VERTEX_POINT('',#85410);
#85430=EDGE_CURVE('',#85340,#85420,#85400,.T.);
#85440=ORIENTED_EDGE('',*,*,#85430,.F.);
#85450=CARTESIAN_POINT('',(-2.9979054022235516E+01,
   2.3996367598609961E+01,2.3000000000000000E+01));
#85460=DIRECTION('',(0.0000000000000000E+00,0.0000000000000000E+00,
   -1.0000000000000000E+00));
#85470=VECTOR('',#85460,1.0000000000000000E+00);
#85480=LINE('',#85450,#85470);
#85490=EDGE_CURVE('',#85260,#85420,#85480,.T.);
#85500=ORIENTED_EDGE('',*,*,#85490,.T.);
#85510=EDGE_LOOP('',(#85500,#85440,#85360,#85280));
#85520=FACE_OUTER_BOUND('',#85510,.T.);
#85530=ADVANCED_FACE('',(#85520),#85180,.F.);
#85540=COLOUR_RGB('',5.0196081399917603E-01,1.0000000000000000E+00,
   5.0196081399917603E-01);
#85550=FILL_AREA_STYLE_COLOUR('',#85540);
#85560=FILL_AREA_STYLE('',(#85550));
#85570=SURFACE_STYLE_FILL_AREA(#85560);
#85580=SURFACE_SIDE_STYLE('',(#85570));
#85590=SURFACE_STYLE_USAGE(.BOTH.,#85580);
#85600=PRESENTATION_STYLE_ASSIGNMENT((#85590));
#85610=CARTESIAN_POINT('',(-3.4644041692111067E+01,
   2.5421376124790601E+01,1.3199999999999999E+01));
#85620=DIRECTION('',(-0.0000000000000000E+00,1.0000000000000000E+00,
   0.0000000000000000E+00));
#85630=DIRECTION('',(1.0000000000000000E+00,0.0000000000000000E+00,
   0.0000000000000000E+00));
#85640=AXIS2_PLACEMENT_3D('',#85610,#85620,#85630);
#85650=PLANE('',#85640);
#85660=ORIENTED_EDGE('',*,*,#50410,.F.);
#85670=ORIENTED_EDGE('',*,*,#39350,.T.);
#85680=ORIENTED_EDGE('',*,*,#40690,.F.);
#85690=CARTESIAN_POINT('',(-3.4997595082704343E+01,
   2.5421376124790601E+01,1.4999999999999998E+01));
#85700=DIRECTION('',(0.0000000000000000E+00,-1.0000000000000000E+00,
   0.0000000000000000E+00));
#85710=DIRECTION('',(1.0000000000000000E+00,0.0000000000000000E+00,
   0.0000000000000000E+00));
#85720=AXIS2_PLACEMENT_3D('',#85690,#85700,#85710);
#85730=CIRCLE('',#85720,5.0000000000000400E-01);
#85740=EDGE_CURVE('',#83360,#40620,#85730,.T.);
#85750=ORIENTED_EDGE('',*,*,#85740,.T.);
#85760=ORIENTED_EDGE('',*,*,#83370,.F.);
#85770=ORIENTED_EDGE('',*,*,#66620,.T.);
#85780=EDGE_LOOP('',(#85770,#85760,#85750,#85680,#85670,#85660));
#85790=FACE_OUTER_BOUND('',#85780,.T.);
#85800=ADVANCED_FACE('',(#85790),#85650,.F.);
#85810=COLOUR_RGB('',5.0196081399917603E-01,1.0000000000000000E+00,
   5.0196081399917603E-01);
#85820=FILL_AREA_STYLE_COLOUR('',#85810);
#85830=FILL_AREA_STYLE('',(#85820));
#85840=SURFACE_STYLE_FILL_AREA(#85830);
#85850=SURFACE_SIDE_STYLE('',(#85840));
#85860=SURFACE_STYLE_USAGE(.BOTH.,#85850);
#85870=PRESENTATION_STYLE_ASSIGNMENT((#85860));
#85880=CARTESIAN_POINT('',(-3.4997595082704343E+01,
   2.2071376124790600E+01,1.4999999999999998E+01));
#85890=DIRECTION('',(0.0000000000000000E+00,-1.0000000000000000E+00,
   0.0000000000000000E+00));
#85900=DIRECTION('',(1.0000000000000000E+00,0.0000000000000000E+00,
   0.0000000000000000E+00));
#85910=AXIS2_PLACEMENT_3D('',#85880,#85890,#85900);
#85920=CYLINDRICAL_SURFACE('',#85910,5.0000000000000400E-01);
#85930=ORIENTED_EDGE('',*,*,#85740,.F.);
#85940=ORIENTED_EDGE('',*,*,#40630,.F.);
#85950=ORIENTED_EDGE('',*,*,#72740,.T.);
#85960=ORIENTED_EDGE('',*,*,#83430,.T.);
#85970=EDGE_LOOP('',(#85960,#85950,#85940,#85930));
#85980=FACE_OUTER_BOUND('',#85970,.T.);
#85990=ADVANCED_FACE('',(#85980),#85920,.F.);
#86000=COLOUR_RGB('',5.0196081399917603E-01,1.0000000000000000E+00,
   5.0196081399917603E-01);
#86010=FILL_AREA_STYLE_COLOUR('',#86000);
#86020=FILL_AREA_STYLE('',(#86010));
#86030=SURFACE_STYLE_FILL_AREA(#86020);
#86040=SURFACE_SIDE_STYLE('',(#86030));
#86050=SURFACE_STYLE_USAGE(.BOTH.,#86040);
#86060=PRESENTATION_STYLE_ASSIGNMENT((#86050));
#86070=CARTESIAN_POINT('',(-3.1405488301517799E+01,
   2.8561376124790595E+01,1.4000000000000000E+01));
#86080=DIRECTION('',(0.0000000000000000E+00,-1.0000000000000000E+00,
   0.0000000000000000E+00));
#86090=DIRECTION('',(-1.0000000000000000E+00,0.0000000000000000E+00,
   0.0000000000000000E+00));
#86100=AXIS2_PLACEMENT_3D('',#86070,#86080,#86090);
#86110=CYLINDRICAL_SURFACE('',#86100,1.4499999999999993E+00);
#86120=CARTESIAN_POINT('',(-3.2855488301517795E+01,
   2.8561376124790595E+01,1.4000000000000000E+01));
#86130=DIRECTION('',(0.0000000000000000E+00,-1.0000000000000000E+00,
   0.0000000000000000E+00));
#86140=VECTOR('',#86130,1.0000000000000000E+00);
#86150=LINE('',#86120,#86140);
#86160=CARTESIAN_POINT('',(-3.2855488301517795E+01,
   2.9321376124790600E+01,1.4000000000000000E+01));
#86170=VERTEX_POINT('',#86160);
#86180=CARTESIAN_POINT('',(-3.2855488301517795E+01,
   2.7601376124790601E+01,1.4000000000000000E+01));
#86190=VERTEX_POINT('',#86180);
#86200=EDGE_CURVE('',#86170,#86190,#86150,.T.);
#86210=ORIENTED_EDGE('',*,*,#86200,.F.);
#86220=CARTESIAN_POINT('',(-3.1405488301517799E+01,
   2.7601376124790601E+01,1.4000000000000000E+01));
#86230=DIRECTION('',(0.0000000000000000E+00,-1.0000000000000000E+00,
   0.0000000000000000E+00));
#86240=DIRECTION('',(-1.0000000000000000E+00,0.0000000000000000E+00,
   0.0000000000000000E+00));
#86250=AXIS2_PLACEMENT_3D('',#86220,#86230,#86240);
#86260=CIRCLE('',#86250,1.4499999999999993E+00);
#86270=CARTESIAN_POINT('',(-2.9955488301517800E+01,
   2.7601376124790601E+01,1.4000000000000000E+01));
#86280=VERTEX_POINT('',#86270);
#86290=EDGE_CURVE('',#86280,#86190,#86260,.T.);
#86300=ORIENTED_EDGE('',*,*,#86290,.T.);
#86310=CARTESIAN_POINT('',(-2.9955488301517800E+01,
   2.8561376124790595E+01,1.4000000000000000E+01));
#86320=DIRECTION('',(0.0000000000000000E+00,-1.0000000000000000E+00,
   0.0000000000000000E+00));
#86330=VECTOR('',#86320,1.0000000000000000E+00);
#86340=LINE('',#86310,#86330);
#86350=CARTESIAN_POINT('',(-2.9955488301517800E+01,
   2.9321376124790600E+01,1.4000000000000000E+01));
#86360=VERTEX_POINT('',#86350);
#86370=EDGE_CURVE('',#86360,#86280,#86340,.T.);
#86380=ORIENTED_EDGE('',*,*,#86370,.T.);
#86390=CARTESIAN_POINT('',(-3.1405488301517799E+01,
   2.9321376124790600E+01,1.4000000000000000E+01));
#86400=DIRECTION('',(0.0000000000000000E+00,-1.0000000000000000E+00,
   0.0000000000000000E+00));
#86410=DIRECTION('',(-1.0000000000000000E+00,0.0000000000000000E+00,
   0.0000000000000000E+00));
#86420=AXIS2_PLACEMENT_3D('',#86390,#86400,#86410);
#86430=CIRCLE('',#86420,1.4499999999999993E+00);
#86440=EDGE_CURVE('',#86360,#86170,#86430,.T.);
#86450=ORIENTED_EDGE('',*,*,#86440,.F.);
#86460=EDGE_LOOP('',(#86450,#86380,#86300,#86210));
#86470=FACE_OUTER_BOUND('',#86460,.T.);
#86480=ADVANCED_FACE('',(#86470),#86110,.F.);
#86490=COLOUR_RGB('',5.0196081399917603E-01,1.0000000000000000E+00,
   5.0196081399917603E-01);
#86500=FILL_AREA_STYLE_COLOUR('',#86490);
#86510=FILL_AREA_STYLE('',(#86500));
#86520=SURFACE_STYLE_FILL_AREA(#86510);
#86530=SURFACE_SIDE_STYLE('',(#86520));
#86540=SURFACE_STYLE_USAGE(.BOTH.,#86530);
#86550=PRESENTATION_STYLE_ASSIGNMENT((#86540));
#86560=CARTESIAN_POINT('',(-3.1652975674933074E+01,
   2.8601376124790594E+01,1.4247487373415282E+01));
#86570=DIRECTION('',(7.0710678118654746E-01,0.0000000000000000E+00,
   -7.0710678118654757E-01));
#86580=DIRECTION('',(0.0000000000000000E+00,-1.0000000000000000E+00,
   0.0000000000000000E+00));
#86590=AXIS2_PLACEMENT_3D('',#86560,#86570,#86580);
#86600=PLANE('',#86590);
#86610=ORIENTED_EDGE('',*,*,#64360,.T.);
#86620=CARTESIAN_POINT('',(-8.4502159542249785E+01,
   2.8001376124790593E+01,-3.8601696493901422E+01));
#86630=DIRECTION('',(7.0710678118654757E-01,0.0000000000000000E+00,
   7.0710678118654746E-01));
#86640=VECTOR('',#86630,1.0000000000000000E+00);
#86650=LINE('',#86620,#86640);
#86660=CARTESIAN_POINT('',(-3.1350485798849824E+01,
   2.8001376124790593E+01,1.4549977249499520E+01));
#86670=VERTEX_POINT('',#86660);
#86680=EDGE_CURVE('',#56150,#86670,#86650,.T.);
#86690=ORIENTED_EDGE('',*,*,#86680,.F.);
#86700=CARTESIAN_POINT('',(-3.1350485798848844E+01,
   3.9321376124790604E+01,1.4549977249499511E+01));
#86710=DIRECTION('',(0.0000000000000000E+00,-1.0000000000000000E+00,
   0.0000000000000000E+00));
#86720=VECTOR('',#86710,1.0000000000000000E+00);
#86730=LINE('',#86700,#86720);
#86740=EDGE_CURVE('',#64620,#86670,#86730,.T.);
#86750=ORIENTED_EDGE('',*,*,#86740,.T.);
#86760=EDGE_CURVE('',#64620,#64350,#64700,.T.);
#86770=ORIENTED_EDGE('',*,*,#86760,.F.);
#86780=EDGE_LOOP('',(#86770,#86750,#86690,#86610));
#86790=FACE_OUTER_BOUND('',#86780,.T.);
#86800=ADVANCED_FACE('',(#86790),#86600,.T.);
#86810=COLOUR_RGB('',9.4901967048645020E-01,9.4901967048645020E-01,
   1.0000000000000000E+00);
#86820=FILL_AREA_STYLE_COLOUR('',#86810);
#86830=FILL_AREA_STYLE('',(#86820));
#86840=SURFACE_STYLE_FILL_AREA(#86830);
#86850=SURFACE_SIDE_STYLE('',(#86840));
#86860=SURFACE_STYLE_USAGE(.BOTH.,#86850);
#86870=PRESENTATION_STYLE_ASSIGNMENT((#86860));
#86880=CARTESIAN_POINT('',(-3.0694461199299042E+01,
   2.8001376124790593E+01,1.5206001849049315E+01));
#86890=VERTEX_POINT('',#86880);
#86900=EDGE_CURVE('',#86670,#86890,#86650,.T.);
#86910=ORIENTED_EDGE('',*,*,#86900,.F.);
#86920=CARTESIAN_POINT('',(-3.0694461199299035E+01,
   2.7145319094080318E+01,1.5206001849049326E+01));
#86930=DIRECTION('',(0.0000000000000000E+00,1.0000000000000000E+00,
   0.0000000000000000E+00));
#86940=VECTOR('',#86930,1.0000000000000000E+00);
#86950=LINE('',#86920,#86940);
#86960=EDGE_CURVE('',#86890,#64720,#86950,.T.);
#86970=ORIENTED_EDGE('',*,*,#86960,.F.);
#86980=ORIENTED_EDGE('',*,*,#64730,.F.);
#86990=ORIENTED_EDGE('',*,*,#86740,.F.);
#87000=EDGE_LOOP('',(#86990,#86980,#86970,#86910));
#87010=FACE_OUTER_BOUND('',#87000,.T.);
#87020=ADVANCED_FACE('',(#87010),#86600,.T.);
#87030=COLOUR_RGB('',9.4901967048645020E-01,9.4901967048645020E-01,
   1.0000000000000000E+00);
#87040=FILL_AREA_STYLE_COLOUR('',#87030);
#87050=FILL_AREA_STYLE('',(#87040));
#87060=SURFACE_STYLE_FILL_AREA(#87050);
#87070=SURFACE_SIDE_STYLE('',(#87060));
#87080=SURFACE_STYLE_USAGE(.BOTH.,#87070);
#87090=PRESENTATION_STYLE_ASSIGNMENT((#87080));
#87100=CARTESIAN_POINT('',(-3.0780488301517799E+01,
   2.7601376124790601E+01,1.4000000000000000E+01));
#87110=DIRECTION('',(-0.0000000000000000E+00,1.0000000000000000E+00,
   0.0000000000000000E+00));
#87120=DIRECTION('',(1.0000000000000000E+00,0.0000000000000000E+00,
   0.0000000000000000E+00));
#87130=AXIS2_PLACEMENT_3D('',#87100,#87110,#87120);
#87140=PLANE('',#87130);
#87150=CARTESIAN_POINT('',(-3.1405488301517792E+01,
   2.7601376124790601E+01,1.4000000000000000E+01));
#87160=DIRECTION('',(0.0000000000000000E+00,1.0000000000000000E+00,
   0.0000000000000000E+00));
#87170=DIRECTION('',(-1.0000000000000000E+00,0.0000000000000000E+00,
   0.0000000000000000E+00));
#87180=AXIS2_PLACEMENT_3D('',#87150,#87160,#87170);
#87190=CIRCLE('',#87180,1.3999999999999999E+00);
#87200=CARTESIAN_POINT('',(-3.2805488301517791E+01,
   2.7601376124790601E+01,1.4000000000000000E+01));
#87210=VERTEX_POINT('',#87200);
#87220=CARTESIAN_POINT('',(-3.0005488301517794E+01,
   2.7601376124790601E+01,1.4000000000000000E+01));
#87230=VERTEX_POINT('',#87220);
#87240=EDGE_CURVE('',#87210,#87230,#87190,.T.);
#87250=ORIENTED_EDGE('',*,*,#87240,.F.);
#87260=EDGE_CURVE('',#87230,#87210,#87190,.T.);
#87270=ORIENTED_EDGE('',*,*,#87260,.F.);
#87280=EDGE_LOOP('',(#87270,#87250));
#87290=FACE_BOUND('',#87280,.T.);
#87300=EDGE_CURVE('',#86190,#86280,#86260,.T.);
#87310=ORIENTED_EDGE('',*,*,#87300,.F.);
#87320=ORIENTED_EDGE('',*,*,#86290,.F.);
#87330=EDGE_LOOP('',(#87320,#87310));
#87340=FACE_OUTER_BOUND('',#87330,.T.);
#87350=ADVANCED_FACE('',(#87290,#87340),#87140,.T.);
#87360=COLOUR_RGB('',5.0196081399917603E-01,1.0000000000000000E+00,
   5.0196081399917603E-01);
#87370=FILL_AREA_STYLE_COLOUR('',#87360);
#87380=FILL_AREA_STYLE('',(#87370));
#87390=SURFACE_STYLE_FILL_AREA(#87380);
#87400=SURFACE_SIDE_STYLE('',(#87390));
#87410=SURFACE_STYLE_USAGE(.BOTH.,#87400);
#87420=PRESENTATION_STYLE_ASSIGNMENT((#87410));
#87430=CARTESIAN_POINT('',(-3.1405488301517792E+01,
   2.7145319094080318E+01,1.4000000000000000E+01));
#87440=DIRECTION('',(0.0000000000000000E+00,1.0000000000000000E+00,
   0.0000000000000000E+00));
#87450=DIRECTION('',(-1.0000000000000000E+00,0.0000000000000000E+00,
   0.0000000000000000E+00));
#87460=AXIS2_PLACEMENT_3D('',#87430,#87440,#87450);
#87470=CYLINDRICAL_SURFACE('',#87460,1.3999999999999999E+00);
#87480=CARTESIAN_POINT('',(-3.0005488301517794E+01,
   2.7145319094080318E+01,1.4000000000000000E+01));
#87490=DIRECTION('',(0.0000000000000000E+00,1.0000000000000000E+00,
   0.0000000000000000E+00));
#87500=VECTOR('',#87490,1.0000000000000000E+00);
#87510=LINE('',#87480,#87500);
#87520=CARTESIAN_POINT('',(-3.0005488301517794E+01,
   2.8601376124790601E+01,1.4000000000000000E+01));
#87530=VERTEX_POINT('',#87520);
#87540=EDGE_CURVE('',#87230,#87530,#87510,.T.);
#87550=ORIENTED_EDGE('',*,*,#87540,.F.);
#87560=CARTESIAN_POINT('',(-3.1405488301517792E+01,
   2.8601376124790601E+01,1.4000000000000000E+01));
#87570=DIRECTION('',(0.0000000000000000E+00,1.0000000000000000E+00,
   0.0000000000000000E+00));
#87580=DIRECTION('',(-1.0000000000000000E+00,0.0000000000000000E+00,
   0.0000000000000000E+00));
#87590=AXIS2_PLACEMENT_3D('',#87560,#87570,#87580);
#87600=CIRCLE('',#87590,1.3999999999999999E+00);
#87610=EDGE_CURVE('',#87530,#35400,#87600,.T.);
#87620=ORIENTED_EDGE('',*,*,#87610,.F.);
#87630=ORIENTED_EDGE('',*,*,#35410,.T.);
#87640=ORIENTED_EDGE('',*,*,#68080,.F.);
#87650=ORIENTED_EDGE('',*,*,#29360,.F.);
#87660=ORIENTED_EDGE('',*,*,#64840,.F.);
#87670=CARTESIAN_POINT('',(-3.2805488301517791E+01,
   2.7145319094080318E+01,1.4000000000000000E+01));
#87680=DIRECTION('',(0.0000000000000000E+00,1.0000000000000000E+00,
   0.0000000000000000E+00));
#87690=VECTOR('',#87680,1.0000000000000000E+00);
#87700=LINE('',#87670,#87690);
#87710=EDGE_CURVE('',#87210,#64810,#87700,.T.);
#87720=ORIENTED_EDGE('',*,*,#87710,.T.);
#87730=ORIENTED_EDGE('',*,*,#87260,.T.);
#87740=EDGE_LOOP('',(#87730,#87720,#87660,#87650,#87640,#87630,#87620,
   #87550));
#87750=FACE_OUTER_BOUND('',#87740,.T.);
#87760=ADVANCED_FACE('',(#87750),#87470,.T.);
#87770=COLOUR_RGB('',9.4901967048645020E-01,9.4901967048645020E-01,
   1.0000000000000000E+00);
#87780=FILL_AREA_STYLE_COLOUR('',#87770);
#87790=FILL_AREA_STYLE('',(#87780));
#87800=SURFACE_STYLE_FILL_AREA(#87790);
#87810=SURFACE_SIDE_STYLE('',(#87800));
#87820=SURFACE_STYLE_USAGE(.BOTH.,#87810);
#87830=PRESENTATION_STYLE_ASSIGNMENT((#87820));
#87840=CARTESIAN_POINT('',(-3.4644041692111067E+01,
   2.2071376124790600E+01,1.6146446609406730E+01));
#87850=DIRECTION('',(7.0710678118654302E-01,0.0000000000000000E+00,
   -7.0710678118655201E-01));
#87860=DIRECTION('',(-7.0710678118655201E-01,0.0000000000000000E+00,
   -7.0710678118654302E-01));
#87870=AXIS2_PLACEMENT_3D('',#87840,#87850,#87860);
#87880=PLANE('',#87870);
#87890=CARTESIAN_POINT('',(0.0000000000000000E+00,2.5421376124790594E+01
   ,5.0790488301517350E+01));
#87900=DIRECTION('',(-7.0710678118655201E-01,0.0000000000000000E+00,
   -7.0710678118654302E-01));
#87910=VECTOR('',#87900,1.0000000000000000E+00);
#87920=LINE('',#87890,#87910);
#87930=EDGE_CURVE('',#81050,#58030,#87920,.T.);
#87940=ORIENTED_EDGE('',*,*,#87930,.T.);
#87950=ORIENTED_EDGE('',*,*,#81060,.F.);
#87960=CARTESIAN_POINT('',(-2.7422569806281828E+01,
   0.0000000000000000E+00,2.3367918495235866E+01));
#87970=DIRECTION('',(-2.5056280708574180E-01,9.3511312653102474E-01,
   -2.5056280708573864E-01));
#87980=VECTOR('',#87970,1.0000000000000000E+00);
#87990=LINE('',#87960,#87980);
#88000=EDGE_CURVE('',#78640,#80960,#87990,.T.);
#88010=ORIENTED_EDGE('',*,*,#88000,.T.);
#88020=ORIENTED_EDGE('',*,*,#79030,.T.);
#88030=CARTESIAN_POINT('',(0.0000000000000000E+00,5.5876864426308202E+01
   ,5.0790488301517357E+01));
#88040=DIRECTION('',(5.7735026918962939E-01,5.7735026918962584E-01,
   5.7735026918962207E-01));
#88050=VECTOR('',#88040,1.0000000000000000E+00);
#88060=LINE('',#88030,#88050);
#88070=EDGE_CURVE('',#58050,#78960,#88060,.T.);
#88080=ORIENTED_EDGE('',*,*,#88070,.T.);
#88090=ORIENTED_EDGE('',*,*,#58060,.T.);
#88100=EDGE_LOOP('',(#88090,#88080,#88020,#88010,#87950,#87940));
#88110=FACE_OUTER_BOUND('',#88100,.T.);
#88120=ADVANCED_FACE('',(#88110),#87880,.F.);
#88130=COLOUR_RGB('',5.0196081399917603E-01,1.0000000000000000E+00,
   5.0196081399917603E-01);
#88140=FILL_AREA_STYLE_COLOUR('',#88130);
#88150=FILL_AREA_STYLE('',(#88140));
#88160=SURFACE_STYLE_FILL_AREA(#88150);
#88170=SURFACE_SIDE_STYLE('',(#88160));
#88180=SURFACE_STYLE_USAGE(.BOTH.,#88170);
#88190=PRESENTATION_STYLE_ASSIGNMENT((#88180));
#88200=CARTESIAN_POINT('',(-3.1158000928102481E+01,
   2.8001376124790593E+01,1.3752512626584682E+01));
#88210=DIRECTION('',(0.0000000000000000E+00,1.0000000000000000E+00,
   0.0000000000000000E+00));
#88220=DIRECTION('',(7.0710678118654746E-01,0.0000000000000000E+00,
   -7.0710678118654757E-01));
#88230=AXIS2_PLACEMENT_3D('',#88200,#88210,#88220);
#88240=PLANE('',#88230);
#88250=CARTESIAN_POINT('',(-8.4502159542249785E+01,
   2.8001376124790593E+01,-3.9591645987562615E+01));
#88260=DIRECTION('',(-7.0710678118654757E-01,0.0000000000000000E+00,
   -7.0710678118654746E-01));
#88270=VECTOR('',#88260,1.0000000000000000E+00);
#88280=LINE('',#88250,#88270);
#88290=CARTESIAN_POINT('',(-3.0199486452468442E+01,
   2.8001376124790593E+01,1.4711027102218718E+01));
#88300=VERTEX_POINT('',#88290);
#88310=CARTESIAN_POINT('',(-3.0814019159546973E+01,
   2.8001376124790593E+01,1.4096494395139700E+01));
#88320=VERTEX_POINT('',#88310);
#88330=EDGE_CURVE('',#88300,#88320,#88280,.T.);
#88340=ORIENTED_EDGE('',*,*,#88330,.T.);
#88350=CARTESIAN_POINT('',(-3.1405488301517792E+01,
   2.8001376124790593E+01,1.4000000000000000E+01));
#88360=DIRECTION('',(0.0000000000000000E+00,1.0000000000000000E+00,
   0.0000000000000000E+00));
#88370=DIRECTION('',(-1.0000000000000000E+00,0.0000000000000000E+00,
   0.0000000000000000E+00));
#88380=AXIS2_PLACEMENT_3D('',#88350,#88360,#88370);
#88390=CIRCLE('',#88380,1.3999999999999999E+00);
#88400=EDGE_CURVE('',#86890,#88300,#88390,.T.);
#88410=ORIENTED_EDGE('',*,*,#88400,.T.);
#88420=ORIENTED_EDGE('',*,*,#86900,.T.);
#88430=CARTESIAN_POINT('',(-3.1355488301517802E+01,
   2.8001376124790593E+01,1.4000000000000000E+01));
#88440=DIRECTION('',(0.0000000000000000E+00,-1.0000000000000000E+00,
   0.0000000000000000E+00));
#88450=DIRECTION('',(1.0000000000000000E+00,0.0000000000000000E+00,
   0.0000000000000000E+00));
#88460=AXIS2_PLACEMENT_3D('',#88430,#88440,#88450);
#88470=CIRCLE('',#88460,5.5000000000000004E-01);
#88480=EDGE_CURVE('',#88320,#86670,#88470,.T.);
#88490=ORIENTED_EDGE('',*,*,#88480,.T.);
#88500=EDGE_LOOP('',(#88490,#88420,#88410,#88340));
#88510=FACE_OUTER_BOUND('',#88500,.T.);
#88520=ADVANCED_FACE('',(#88510),#88240,.T.);
#88530=COLOUR_RGB('',9.4901967048645020E-01,9.4901967048645020E-01,
   1.0000000000000000E+00);
#88540=FILL_AREA_STYLE_COLOUR('',#88530);
#88550=FILL_AREA_STYLE('',(#88540));
#88560=SURFACE_STYLE_FILL_AREA(#88550);
#88570=SURFACE_SIDE_STYLE('',(#88560));
#88580=SURFACE_STYLE_USAGE(.BOTH.,#88570);
#88590=PRESENTATION_STYLE_ASSIGNMENT((#88580));
#88600=ORIENTED_EDGE('',*,*,#88480,.F.);
#88610=ORIENTED_EDGE('',*,*,#86680,.T.);
#88620=ORIENTED_EDGE('',*,*,#56330,.T.);
#88630=EDGE_CURVE('',#88320,#56260,#88280,.T.);
#88640=ORIENTED_EDGE('',*,*,#88630,.T.);
#88650=EDGE_LOOP('',(#88640,#88620,#88610,#88600));
#88660=FACE_OUTER_BOUND('',#88650,.T.);
#88670=ADVANCED_FACE('',(#88660),#88240,.T.);
#88680=COLOUR_RGB('',9.4901967048645020E-01,9.4901967048645020E-01,
   1.0000000000000000E+00);
#88690=FILL_AREA_STYLE_COLOUR('',#88680);
#88700=FILL_AREA_STYLE('',(#88690));
#88710=SURFACE_STYLE_FILL_AREA(#88700);
#88720=SURFACE_SIDE_STYLE('',(#88710));
#88730=SURFACE_STYLE_USAGE(.BOTH.,#88720);
#88740=PRESENTATION_STYLE_ASSIGNMENT((#88730));
#88750=CARTESIAN_POINT('',(-3.1158000928102481E+01,
   2.7601376124790594E+01,1.3752512626584682E+01));
#88760=DIRECTION('',(-7.0710678118654746E-01,0.0000000000000000E+00,
   7.0710678118654757E-01));
#88770=DIRECTION('',(0.0000000000000000E+00,1.0000000000000000E+00,
   0.0000000000000000E+00));
#88780=AXIS2_PLACEMENT_3D('',#88750,#88760,#88770);
#88790=PLANE('',#88780);
#88800=ORIENTED_EDGE('',*,*,#88330,.F.);
#88810=CARTESIAN_POINT('',(-3.0814019159547051E+01,
   3.9321376124790604E+01,1.4096494395140114E+01));
#88820=DIRECTION('',(0.0000000000000000E+00,-1.0000000000000000E+00,
   0.0000000000000000E+00));
#88830=VECTOR('',#88820,1.0000000000000000E+00);
#88840=LINE('',#88810,#88830);
#88850=CARTESIAN_POINT('',(-3.0814019159547051E+01,
   2.8601376124790601E+01,1.4096494395140114E+01));
#88860=VERTEX_POINT('',#88850);
#88870=EDGE_CURVE('',#88860,#88320,#88840,.T.);
#88880=ORIENTED_EDGE('',*,*,#88870,.T.);
#88890=CARTESIAN_POINT('',(-8.4502159542249785E+01,
   2.8601376124790601E+01,-3.9591645987562615E+01));
#88900=DIRECTION('',(7.0710678118654757E-01,0.0000000000000000E+00,
   7.0710678118654746E-01));
#88910=VECTOR('',#88900,1.0000000000000000E+00);
#88920=LINE('',#88890,#88910);
#88930=CARTESIAN_POINT('',(-3.0199486452468442E+01,
   2.8601376124790601E+01,1.4711027102218718E+01));
#88940=VERTEX_POINT('',#88930);
#88950=EDGE_CURVE('',#88860,#88940,#88920,.T.);
#88960=ORIENTED_EDGE('',*,*,#88950,.F.);
#88970=CARTESIAN_POINT('',(-3.0199486452468442E+01,
   2.7145319094080318E+01,1.4711027102218718E+01));
#88980=DIRECTION('',(0.0000000000000000E+00,1.0000000000000000E+00,
   0.0000000000000000E+00));
#88990=VECTOR('',#88980,1.0000000000000000E+00);
#89000=LINE('',#88970,#88990);
#89010=EDGE_CURVE('',#88300,#88940,#89000,.T.);
#89020=ORIENTED_EDGE('',*,*,#89010,.T.);
#89030=EDGE_LOOP('',(#89020,#88960,#88880,#88800));
#89040=FACE_OUTER_BOUND('',#89030,.T.);
#89050=ADVANCED_FACE('',(#89040),#88790,.T.);
#89060=COLOUR_RGB('',9.4901967048645020E-01,9.4901967048645020E-01,
   1.0000000000000000E+00);
#89070=FILL_AREA_STYLE_COLOUR('',#89060);
#89080=FILL_AREA_STYLE('',(#89070));
#89090=SURFACE_STYLE_FILL_AREA(#89080);
#89100=SURFACE_SIDE_STYLE('',(#89090));
#89110=SURFACE_STYLE_USAGE(.BOTH.,#89100);
#89120=PRESENTATION_STYLE_ASSIGNMENT((#89110));
#89130=ORIENTED_EDGE('',*,*,#88630,.F.);
#89140=ORIENTED_EDGE('',*,*,#76670,.T.);
#89150=EDGE_CURVE('',#76450,#88860,#88920,.T.);
#89160=ORIENTED_EDGE('',*,*,#89150,.F.);
#89170=ORIENTED_EDGE('',*,*,#88870,.F.);
#89180=EDGE_LOOP('',(#89170,#89160,#89140,#89130));
#89190=FACE_OUTER_BOUND('',#89180,.T.);
#89200=ADVANCED_FACE('',(#89190),#88790,.T.);
#89210=COLOUR_RGB('',9.4901967048645020E-01,9.4901967048645020E-01,
   1.0000000000000000E+00);
#89220=FILL_AREA_STYLE_COLOUR('',#89210);
#89230=FILL_AREA_STYLE('',(#89220));
#89240=SURFACE_STYLE_FILL_AREA(#89230);
#89250=SURFACE_SIDE_STYLE('',(#89240));
#89260=SURFACE_STYLE_USAGE(.BOTH.,#89250);
#89270=PRESENTATION_STYLE_ASSIGNMENT((#89260));
#89280=CARTESIAN_POINT('',(-3.2074229385564998E+01,
   2.8601376124790601E+01,1.4668741084047205E+01));
#89290=DIRECTION('',(0.0000000000000000E+00,1.0000000000000000E+00,
   0.0000000000000000E+00));
#89300=DIRECTION('',(7.0710678118654746E-01,0.0000000000000000E+00,
   -7.0710678118654757E-01));
#89310=AXIS2_PLACEMENT_3D('',#89280,#89290,#89300);
#89320=PLANE('',#89310);
#89330=ORIENTED_EDGE('',*,*,#76380,.T.);
#89340=ORIENTED_EDGE('',*,*,#35490,.T.);
#89350=ORIENTED_EDGE('',*,*,#87610,.T.);
#89360=EDGE_CURVE('',#88940,#87530,#87600,.T.);
#89370=ORIENTED_EDGE('',*,*,#89360,.T.);
#89380=ORIENTED_EDGE('',*,*,#88950,.T.);
#89390=CARTESIAN_POINT('',(-3.1355488301517802E+01,
   2.8601376124790601E+01,1.4000000000000000E+01));
#89400=DIRECTION('',(0.0000000000000000E+00,-1.0000000000000000E+00,
   0.0000000000000000E+00));
#89410=DIRECTION('',(1.0000000000000000E+00,0.0000000000000000E+00,
   0.0000000000000000E+00));
#89420=AXIS2_PLACEMENT_3D('',#89390,#89400,#89410);
#89430=CIRCLE('',#89420,5.5000000000000004E-01);
#89440=EDGE_CURVE('',#76370,#88860,#89430,.T.);
#89450=ORIENTED_EDGE('',*,*,#89440,.T.);
#89460=EDGE_LOOP('',(#89450,#89380,#89370,#89350,#89340,#89330));
#89470=FACE_OUTER_BOUND('',#89460,.T.);
#89480=ADVANCED_FACE('',(#89470),#89320,.T.);
#89490=COLOUR_RGB('',9.4901967048645020E-01,9.4901967048645020E-01,
   1.0000000000000000E+00);
#89500=FILL_AREA_STYLE_COLOUR('',#89490);
#89510=FILL_AREA_STYLE('',(#89500));
#89520=SURFACE_STYLE_FILL_AREA(#89510);
#89530=SURFACE_SIDE_STYLE('',(#89520));
#89540=SURFACE_STYLE_USAGE(.BOTH.,#89530);
#89550=PRESENTATION_STYLE_ASSIGNMENT((#89540));
#89560=ORIENTED_EDGE('',*,*,#64650,.F.);
#89570=ORIENTED_EDGE('',*,*,#69160,.T.);
#89580=ORIENTED_EDGE('',*,*,#86760,.T.);
#89590=EDGE_LOOP('',(#89580,#89570,#89560));
#89600=FACE_OUTER_BOUND('',#89590,.T.);
#89610=ADVANCED_FACE('',(#89600),#89320,.T.);
#89620=COLOUR_RGB('',9.4901967048645020E-01,9.4901967048645020E-01,
   1.0000000000000000E+00);
#89630=FILL_AREA_STYLE_COLOUR('',#89620);
#89640=FILL_AREA_STYLE('',(#89630));
#89650=SURFACE_STYLE_FILL_AREA(#89640);
#89660=SURFACE_SIDE_STYLE('',(#89650));
#89670=SURFACE_STYLE_USAGE(.BOTH.,#89660);
#89680=PRESENTATION_STYLE_ASSIGNMENT((#89670));
#89690=ORIENTED_EDGE('',*,*,#89440,.F.);
#89700=ORIENTED_EDGE('',*,*,#89150,.T.);
#89710=ORIENTED_EDGE('',*,*,#76460,.T.);
#89720=EDGE_LOOP('',(#89710,#89700,#89690));
#89730=FACE_OUTER_BOUND('',#89720,.T.);
#89740=ADVANCED_FACE('',(#89730),#89320,.T.);
#89750=COLOUR_RGB('',9.4901967048645020E-01,9.4901967048645020E-01,
   1.0000000000000000E+00);
#89760=FILL_AREA_STYLE_COLOUR('',#89750);
#89770=FILL_AREA_STYLE('',(#89760));
#89780=SURFACE_STYLE_FILL_AREA(#89770);
#89790=SURFACE_SIDE_STYLE('',(#89780));
#89800=SURFACE_STYLE_USAGE(.BOTH.,#89790);
#89810=PRESENTATION_STYLE_ASSIGNMENT((#89800));
#89820=CARTESIAN_POINT('',(-3.0813770330510124E+01,
   2.1804481510412483E+01,2.3000000000000000E+01));
#89830=DIRECTION('',(1.0000000000000000E+00,0.0000000000000000E+00,
   0.0000000000000000E+00));
#89840=DIRECTION('',(0.0000000000000000E+00,-1.0000000000000000E+00,
   0.0000000000000000E+00));
#89850=AXIS2_PLACEMENT_3D('',#89820,#89830,#89840);
#89860=PLANE('',#89850);
#89870=CARTESIAN_POINT('',(-3.0813770330510124E+01,
   0.0000000000000000E+00,2.3000000000000000E+01));
#89880=DIRECTION('',(0.0000000000000000E+00,1.0000000000000000E+00,
   0.0000000000000000E+00));
#89890=VECTOR('',#89880,1.0000000000000000E+00);
#89900=LINE('',#89870,#89890);
#89910=CARTESIAN_POINT('',(-3.0813770330510124E+01,
   2.1804481510412483E+01,2.3000000000000000E+01));
#89920=VERTEX_POINT('',#89910);
#89930=CARTESIAN_POINT('',(-3.0813770330510067E+01,
   2.3838270739176540E+01,2.3000000000000000E+01));
#89940=VERTEX_POINT('',#89930);
#89950=EDGE_CURVE('',#89920,#89940,#89900,.T.);
#89960=ORIENTED_EDGE('',*,*,#89950,.T.);
#89970=CARTESIAN_POINT('',(-3.0813770330510124E+01,
   2.1804481510412483E+01,2.3000000000000000E+01));
#89980=DIRECTION('',(0.0000000000000000E+00,0.0000000000000000E+00,
   1.0000000000000000E+00));
#89990=VECTOR('',#89980,1.0000000000000000E+00);
#90000=LINE('',#89970,#89990);
#90010=CARTESIAN_POINT('',(-3.0813770330510124E+01,
   2.1804481510412483E+01,2.2899999999999999E+01));
#90020=VERTEX_POINT('',#90010);
#90030=EDGE_CURVE('',#90020,#89920,#90000,.T.);
#90040=ORIENTED_EDGE('',*,*,#90030,.T.);
#90050=CARTESIAN_POINT('',(-3.0813770330510124E+01,
   2.3838270739176540E+01,2.2899999999999999E+01));
#90060=DIRECTION('',(0.0000000000000000E+00,-1.0000000000000000E+00,
   0.0000000000000000E+00));
#90070=VECTOR('',#90060,1.0000000000000000E+00);
#90080=LINE('',#90050,#90070);
#90090=CARTESIAN_POINT('',(-3.0813770330510067E+01,
   2.3838270739176540E+01,2.2899999999999999E+01));
#90100=VERTEX_POINT('',#90090);
#90110=EDGE_CURVE('',#90100,#90020,#90080,.T.);
#90120=ORIENTED_EDGE('',*,*,#90110,.T.);
#90130=CARTESIAN_POINT('',(-3.0813770330510067E+01,
   2.3838270739176540E+01,2.3000000000000000E+01));
#90140=DIRECTION('',(0.0000000000000000E+00,0.0000000000000000E+00,
   1.0000000000000000E+00));
#90150=VECTOR('',#90140,1.0000000000000000E+00);
#90160=LINE('',#90130,#90150);
#90170=EDGE_CURVE('',#90100,#89940,#90160,.T.);
#90180=ORIENTED_EDGE('',*,*,#90170,.F.);
#90190=EDGE_LOOP('',(#90180,#90120,#90040,#89960));
#90200=FACE_OUTER_BOUND('',#90190,.T.);
#90210=ADVANCED_FACE('',(#90200),#89860,.F.);
#90220=COLOUR_RGB('',5.0196081399917603E-01,1.0000000000000000E+00,
   5.0196081399917603E-01);
#90230=FILL_AREA_STYLE_COLOUR('',#90220);
#90240=FILL_AREA_STYLE('',(#90230));
#90250=SURFACE_STYLE_FILL_AREA(#90240);
#90260=SURFACE_SIDE_STYLE('',(#90250));
#90270=SURFACE_STYLE_USAGE(.BOTH.,#90260);
#90280=PRESENTATION_STYLE_ASSIGNMENT((#90270));
#90290=CARTESIAN_POINT('',(-3.1105488301517802E+01,
   2.0321376124790600E+01,1.7050000000000001E+01));
#90300=DIRECTION('',(0.0000000000000000E+00,0.0000000000000000E+00,
   -1.0000000000000000E+00));
#90310=DIRECTION('',(-1.0000000000000000E+00,0.0000000000000000E+00,
   0.0000000000000000E+00));
#90320=AXIS2_PLACEMENT_3D('',#90290,#90300,#90310);
#90330=PLANE('',#90320);
#90340=CARTESIAN_POINT('',(-3.1605488301517802E+01,
   -2.2653715864353234E+01,1.7050000000000001E+01));
#90350=DIRECTION('',(0.0000000000000000E+00,-1.0000000000000000E+00,
   0.0000000000000000E+00));
#90360=VECTOR('',#90350,1.0000000000000000E+00);
#90370=LINE('',#90340,#90360);
#90380=EDGE_CURVE('',#65950,#84870,#90370,.T.);
#90390=ORIENTED_EDGE('',*,*,#90380,.F.);
#90400=ORIENTED_EDGE('',*,*,#84880,.F.);
#90410=CARTESIAN_POINT('',(-3.1105488301517802E+01,
   -2.2653715864353234E+01,1.7050000000000001E+01));
#90420=DIRECTION('',(0.0000000000000000E+00,1.0000000000000000E+00,
   0.0000000000000000E+00));
#90430=VECTOR('',#90420,1.0000000000000000E+00);
#90440=LINE('',#90410,#90430);
#90450=EDGE_CURVE('',#84770,#66030,#90440,.T.);
#90460=ORIENTED_EDGE('',*,*,#90450,.F.);
#90470=ORIENTED_EDGE('',*,*,#66040,.T.);
#90480=EDGE_LOOP('',(#90470,#90460,#90400,#90390));
#90490=FACE_OUTER_BOUND('',#90480,.T.);
#90500=ADVANCED_FACE('',(#90490),#90330,.T.);
#90510=COLOUR_RGB('',9.4901961088180542E-01,9.4901961088180542E-01,
   1.0000000000000000E+00);
#90520=FILL_AREA_STYLE_COLOUR('',#90510);
#90530=FILL_AREA_STYLE('',(#90520));
#90540=SURFACE_STYLE_FILL_AREA(#90530);
#90550=SURFACE_SIDE_STYLE('',(#90540));
#90560=SURFACE_STYLE_USAGE(.BOTH.,#90550);
#90570=PRESENTATION_STYLE_ASSIGNMENT((#90560));
#90580=CARTESIAN_POINT('',(-3.1105488301517802E+01,
   2.0321376124790600E+01,1.4449999999999999E+01));
#90590=DIRECTION('',(1.0000000000000000E+00,-0.0000000000000000E+00,
   0.0000000000000000E+00));
#90600=DIRECTION('',(0.0000000000000000E+00,0.0000000000000000E+00,
   -1.0000000000000000E+00));
#90610=AXIS2_PLACEMENT_3D('',#90580,#90590,#90600);
#90620=PLANE('',#90610);
#90630=ORIENTED_EDGE('',*,*,#69470,.F.);
#90640=ORIENTED_EDGE('',*,*,#75690,.T.);
#90650=ORIENTED_EDGE('',*,*,#52770,.F.);
#90660=ORIENTED_EDGE('',*,*,#26850,.T.);
#90670=CARTESIAN_POINT('',(-3.1105488301517802E+01,
   -2.2653715864353234E+01,3.4707571917179383E+00));
#90680=DIRECTION('',(0.0000000000000000E+00,9.6592582628906831E-01,
   2.5881904510252091E-01));
#90690=VECTOR('',#90680,1.0000000000000000E+00);
#90700=LINE('',#90670,#90690);
#90710=EDGE_CURVE('',#26760,#62240,#90700,.T.);
#90720=ORIENTED_EDGE('',*,*,#90710,.F.);
#90730=ORIENTED_EDGE('',*,*,#62250,.T.);
#90740=ORIENTED_EDGE('',*,*,#44100,.F.);
#90750=EDGE_LOOP('',(#90740,#90730,#90720,#90660,#90650,#90640,#90630));
#90760=FACE_OUTER_BOUND('',#90750,.T.);
#90770=ADVANCED_FACE('',(#90760),#90620,.T.);
#90780=COLOUR_RGB('',9.4901961088180542E-01,9.4901961088180542E-01,
   1.0000000000000000E+00);
#90790=FILL_AREA_STYLE_COLOUR('',#90780);
#90800=FILL_AREA_STYLE('',(#90790));
#90810=SURFACE_STYLE_FILL_AREA(#90800);
#90820=SURFACE_SIDE_STYLE('',(#90810));
#90830=SURFACE_STYLE_USAGE(.BOTH.,#90820);
#90840=PRESENTATION_STYLE_ASSIGNMENT((#90830));
#90850=CARTESIAN_POINT('',(-3.1355488301517802E+01,
   1.7821376124790600E+01,1.4316025403784439E+01));
#90860=DIRECTION('',(0.0000000000000000E+00,-2.5881904510252085E-01,
   9.6592582628906820E-01));
#90870=DIRECTION('',(0.0000000000000000E+00,9.6592582628906842E-01,
   2.5881904510252091E-01));
#90880=AXIS2_PLACEMENT_3D('',#90850,#90860,#90870);
#90890=PLANE('',#90880);
#90900=ORIENTED_EDGE('',*,*,#43630,.T.);
#90910=ORIENTED_EDGE('',*,*,#62310,.T.);
#90920=ORIENTED_EDGE('',*,*,#90710,.T.);
#90930=ORIENTED_EDGE('',*,*,#26770,.T.);
#90940=EDGE_LOOP('',(#90930,#90920,#90910,#90900));
#90950=FACE_OUTER_BOUND('',#90940,.T.);
#90960=ADVANCED_FACE('',(#90950),#90890,.T.);
#90970=COLOUR_RGB('',9.4901961088180542E-01,9.4901961088180542E-01,
   1.0000000000000000E+00);
#90980=FILL_AREA_STYLE_COLOUR('',#90970);
#90990=FILL_AREA_STYLE('',(#90980));
#91000=SURFACE_STYLE_FILL_AREA(#90990);
#91010=SURFACE_SIDE_STYLE('',(#91000));
#91020=SURFACE_STYLE_USAGE(.BOTH.,#91010);
#91030=PRESENTATION_STYLE_ASSIGNMENT((#91020));
#91040=ORIENTED_EDGE('',*,*,#70680,.F.);
#91050=ORIENTED_EDGE('',*,*,#84550,.T.);
#91060=ORIENTED_EDGE('',*,*,#80230,.F.);
#91070=CARTESIAN_POINT('',(-3.0910513554687164E+01,
   -2.2653715864353234E+01,1.7500000000000000E+01));
#91080=DIRECTION('',(-0.0000000000000000E+00,-1.0000000000000000E+00,
   0.0000000000000000E+00));
#91090=VECTOR('',#91080,1.0000000000000000E+00);
#91100=LINE('',#91070,#91090);
#91110=EDGE_CURVE('',#80160,#70670,#91100,.T.);
#91120=ORIENTED_EDGE('',*,*,#91110,.F.);
#91130=EDGE_LOOP('',(#91120,#91060,#91050,#91040));
#91140=FACE_OUTER_BOUND('',#91130,.T.);
#91150=ADVANCED_FACE('',(#91140),#84420,.T.);
#91160=COLOUR_RGB('',9.4901967048645020E-01,9.4901967048645020E-01,
   1.0000000000000000E+00);
#91170=FILL_AREA_STYLE_COLOUR('',#91160);
#91180=FILL_AREA_STYLE('',(#91170));
#91190=SURFACE_STYLE_FILL_AREA(#91180);
#91200=SURFACE_SIDE_STYLE('',(#91190));
#91210=SURFACE_STYLE_USAGE(.BOTH.,#91200);
#91220=PRESENTATION_STYLE_ASSIGNMENT((#91210));
#91230=CARTESIAN_POINT('',(-2.9979054022235516E+01,
   2.3838270739176519E+01,2.3000000000000000E+01));
#91240=DIRECTION('',(0.0000000000000000E+00,0.0000000000000000E+00,
   1.0000000000000000E+00));
#91250=DIRECTION('',(1.0000000000000000E+00,0.0000000000000000E+00,
   0.0000000000000000E+00));
#91260=AXIS2_PLACEMENT_3D('',#91230,#91240,#91250);
#91270=CYLINDRICAL_SURFACE('',#91260,1.5809685943361274E-01);
#91280=CARTESIAN_POINT('',(-2.9979054022235516E+01,
   2.3838270739176519E+01,2.3000000000000000E+01));
#91290=DIRECTION('',(0.0000000000000000E+00,0.0000000000000000E+00,
   1.0000000000000000E+00));
#91300=DIRECTION('',(1.0000000000000000E+00,0.0000000000000000E+00,
   0.0000000000000000E+00));
#91310=AXIS2_PLACEMENT_3D('',#91280,#91290,#91300);
#91320=CIRCLE('',#91310,1.5809685943361274E-01);
#91330=EDGE_CURVE('',#63470,#85260,#91320,.T.);
#91340=ORIENTED_EDGE('',*,*,#91330,.F.);
#91350=ORIENTED_EDGE('',*,*,#85490,.F.);
#91360=CARTESIAN_POINT('',(-2.9979054022235516E+01,
   2.3838270739176519E+01,2.2899999999999999E+01));
#91370=DIRECTION('',(0.0000000000000000E+00,0.0000000000000000E+00,
   1.0000000000000000E+00));
#91380=DIRECTION('',(1.0000000000000000E+00,0.0000000000000000E+00,
   0.0000000000000000E+00));
#91390=AXIS2_PLACEMENT_3D('',#91360,#91370,#91380);
#91400=CIRCLE('',#91390,1.5809685943361274E-01);
#91410=EDGE_CURVE('',#63570,#85420,#91400,.T.);
#91420=ORIENTED_EDGE('',*,*,#91410,.T.);
#91430=ORIENTED_EDGE('',*,*,#63580,.F.);
#91440=EDGE_LOOP('',(#91430,#91420,#91350,#91340));
#91450=FACE_OUTER_BOUND('',#91440,.T.);
#91460=ADVANCED_FACE('',(#91450),#91270,.T.);
#91470=COLOUR_RGB('',5.0196081399917603E-01,1.0000000000000000E+00,
   5.0196081399917603E-01);
#91480=FILL_AREA_STYLE_COLOUR('',#91470);
#91490=FILL_AREA_STYLE('',(#91480));
#91500=SURFACE_STYLE_FILL_AREA(#91490);
#91510=SURFACE_SIDE_STYLE('',(#91500));
#91520=SURFACE_STYLE_USAGE(.BOTH.,#91510);
#91530=PRESENTATION_STYLE_ASSIGNMENT((#91520));
#91540=CARTESIAN_POINT('',(-2.9820957162802216E+01,
   2.2492046260925942E+01,2.3000000000000000E+01));
#91550=DIRECTION('',(-1.0000000000000000E+00,0.0000000000000000E+00,
   0.0000000000000000E+00));
#91560=DIRECTION('',(0.0000000000000000E+00,1.0000000000000000E+00,
   0.0000000000000000E+00));
#91570=AXIS2_PLACEMENT_3D('',#91540,#91550,#91560);
#91580=PLANE('',#91570);
#91590=CARTESIAN_POINT('',(-2.9820957162802216E+01,
   0.0000000000000000E+00,2.3000000000000000E+01));
#91600=DIRECTION('',(0.0000000000000000E+00,-1.0000000000000000E+00,
   0.0000000000000000E+00));
#91610=VECTOR('',#91600,1.0000000000000000E+00);
#91620=LINE('',#91590,#91610);
#91630=CARTESIAN_POINT('',(-2.9820957162802078E+01,
   2.1804481510412483E+01,2.3000000000000000E+01));
#91640=VERTEX_POINT('',#91630);
#91650=EDGE_CURVE('',#67640,#91640,#91620,.T.);
#91660=ORIENTED_EDGE('',*,*,#91650,.T.);
#91670=ORIENTED_EDGE('',*,*,#67900,.T.);
#91680=CARTESIAN_POINT('',(-2.9820957162802216E+01,
   2.2492046260925942E+01,2.2899999999999999E+01));
#91690=DIRECTION('',(0.0000000000000000E+00,-1.0000000000000000E+00,
   0.0000000000000000E+00));
#91700=VECTOR('',#91690,1.0000000000000000E+00);
#91710=LINE('',#91680,#91700);
#91720=CARTESIAN_POINT('',(-2.9820957162802078E+01,
   2.1804481510412483E+01,2.2899999999999999E+01));
#91730=VERTEX_POINT('',#91720);
#91740=EDGE_CURVE('',#67830,#91730,#91710,.T.);
#91750=ORIENTED_EDGE('',*,*,#91740,.F.);
#91760=CARTESIAN_POINT('',(-2.9820957162802078E+01,
   2.1804481510412483E+01,2.3000000000000000E+01));
#91770=DIRECTION('',(0.0000000000000000E+00,0.0000000000000000E+00,
   1.0000000000000000E+00));
#91780=VECTOR('',#91770,1.0000000000000000E+00);
#91790=LINE('',#91760,#91780);
#91800=EDGE_CURVE('',#91730,#91640,#91790,.T.);
#91810=ORIENTED_EDGE('',*,*,#91800,.F.);
#91820=EDGE_LOOP('',(#91810,#91750,#91670,#91660));
#91830=FACE_OUTER_BOUND('',#91820,.T.);
#91840=ADVANCED_FACE('',(#91830),#91580,.F.);
#91850=COLOUR_RGB('',5.0196081399917603E-01,1.0000000000000000E+00,
   5.0196081399917603E-01);
#91860=FILL_AREA_STYLE_COLOUR('',#91850);
#91870=FILL_AREA_STYLE('',(#91860));
#91880=SURFACE_STYLE_FILL_AREA(#91870);
#91890=SURFACE_SIDE_STYLE('',(#91880));
#91900=SURFACE_STYLE_USAGE(.BOTH.,#91890);
#91910=PRESENTATION_STYLE_ASSIGNMENT((#91900));
#91920=CARTESIAN_POINT('',(-2.9710644588612411E+01,
   2.3045184024564779E+01,2.3000000000000000E+01));
#91930=DIRECTION('',(0.0000000000000000E+00,0.0000000000000000E+00,
   1.0000000000000000E+00));
#91940=DIRECTION('',(1.0000000000000000E+00,0.0000000000000000E+00,
   0.0000000000000000E+00));
#91950=AXIS2_PLACEMENT_3D('',#91920,#91930,#91940);
#91960=CYLINDRICAL_SURFACE('',#91950,4.5672426058551835E-01);
#91970=CARTESIAN_POINT('',(-2.9710644588612411E+01,
   2.3045184024564779E+01,2.3000000000000000E+01));
#91980=DIRECTION('',(0.0000000000000000E+00,0.0000000000000000E+00,
   1.0000000000000000E+00));
#91990=DIRECTION('',(1.0000000000000000E+00,0.0000000000000000E+00,
   0.0000000000000000E+00));
#92000=AXIS2_PLACEMENT_3D('',#91970,#91980,#91990);
#92010=CIRCLE('',#92000,4.5672426058551835E-01);
#92020=CARTESIAN_POINT('',(-3.0167368849197928E+01,
   2.3045184024564779E+01,2.3000000000000000E+01));
#92030=VERTEX_POINT('',#92020);
#92040=EDGE_CURVE('',#92030,#67660,#92010,.T.);
#92050=ORIENTED_EDGE('',*,*,#92040,.T.);
#92060=CARTESIAN_POINT('',(-3.0167368849197928E+01,
   2.3045184024564779E+01,2.3000000000000000E+01));
#92070=DIRECTION('',(0.0000000000000000E+00,0.0000000000000000E+00,
   1.0000000000000000E+00));
#92080=VECTOR('',#92070,1.0000000000000000E+00);
#92090=LINE('',#92060,#92080);
#92100=CARTESIAN_POINT('',(-3.0167368849197928E+01,
   2.3045184024564779E+01,2.2899999999999999E+01));
#92110=VERTEX_POINT('',#92100);
#92120=EDGE_CURVE('',#92110,#92030,#92090,.T.);
#92130=ORIENTED_EDGE('',*,*,#92120,.T.);
#92140=CARTESIAN_POINT('',(-2.9710644588612411E+01,
   2.3045184024564779E+01,2.2899999999999999E+01));
#92150=DIRECTION('',(0.0000000000000000E+00,0.0000000000000000E+00,
   1.0000000000000000E+00));
#92160=DIRECTION('',(1.0000000000000000E+00,0.0000000000000000E+00,
   0.0000000000000000E+00));
#92170=AXIS2_PLACEMENT_3D('',#92140,#92150,#92160);
#92180=CIRCLE('',#92170,4.5672426058551835E-01);
#92190=EDGE_CURVE('',#92110,#67740,#92180,.T.);
#92200=ORIENTED_EDGE('',*,*,#92190,.F.);
#92210=ORIENTED_EDGE('',*,*,#67750,.T.);
#92220=EDGE_LOOP('',(#92210,#92200,#92130,#92050));
#92230=FACE_OUTER_BOUND('',#92220,.T.);
#92240=ADVANCED_FACE('',(#92230),#91960,.F.);
#92250=COLOUR_RGB('',5.0196081399917603E-01,1.0000000000000000E+00,
   5.0196081399917603E-01);
#92260=FILL_AREA_STYLE_COLOUR('',#92250);
#92270=FILL_AREA_STYLE('',(#92260));
#92280=SURFACE_STYLE_FILL_AREA(#92270);
#92290=SURFACE_SIDE_STYLE('',(#92280));
#92300=SURFACE_STYLE_USAGE(.BOTH.,#92290);
#92310=PRESENTATION_STYLE_ASSIGNMENT((#92300));
#92320=CARTESIAN_POINT('',(-2.9979054022235516E+01,
   2.1646384650979041E+01,2.3000000000000000E+01));
#92330=DIRECTION('',(-0.0000000000000000E+00,1.0000000000000000E+00,
   0.0000000000000000E+00));
#92340=DIRECTION('',(1.0000000000000000E+00,0.0000000000000000E+00,
   0.0000000000000000E+00));
#92350=AXIS2_PLACEMENT_3D('',#92320,#92330,#92340);
#92360=PLANE('',#92350);
#92370=CARTESIAN_POINT('',(0.0000000000000000E+00,2.1646384650979041E+01
   ,2.3000000000000000E+01));
#92380=DIRECTION('',(-1.0000000000000000E+00,0.0000000000000000E+00,
   0.0000000000000000E+00));
#92390=VECTOR('',#92380,1.0000000000000000E+00);
#92400=LINE('',#92370,#92390);
#92410=CARTESIAN_POINT('',(-2.9979054022235516E+01,
   2.1646384650979041E+01,2.3000000000000000E+01));
#92420=VERTEX_POINT('',#92410);
#92430=CARTESIAN_POINT('',(-3.0655673471076625E+01,
   2.1646384650978984E+01,2.3000000000000000E+01));
#92440=VERTEX_POINT('',#92430);
#92450=EDGE_CURVE('',#92420,#92440,#92400,.T.);
#92460=ORIENTED_EDGE('',*,*,#92450,.T.);
#92470=CARTESIAN_POINT('',(-2.9979054022235516E+01,
   2.1646384650979041E+01,2.3000000000000000E+01));
#92480=DIRECTION('',(0.0000000000000000E+00,0.0000000000000000E+00,
   -1.0000000000000000E+00));
#92490=VECTOR('',#92480,1.0000000000000000E+00);
#92500=LINE('',#92470,#92490);
#92510=CARTESIAN_POINT('',(-2.9979054022235516E+01,
   2.1646384650979041E+01,2.2899999999999999E+01));
#92520=VERTEX_POINT('',#92510);
#92530=EDGE_CURVE('',#92420,#92520,#92500,.T.);
#92540=ORIENTED_EDGE('',*,*,#92530,.F.);
#92550=CARTESIAN_POINT('',(-2.9979054022235516E+01,
   2.1646384650979041E+01,2.2899999999999999E+01));
#92560=DIRECTION('',(-1.0000000000000000E+00,0.0000000000000000E+00,
   0.0000000000000000E+00));
#92570=VECTOR('',#92560,1.0000000000000000E+00);
#92580=LINE('',#92550,#92570);
#92590=CARTESIAN_POINT('',(-3.0655673471076625E+01,
   2.1646384650979041E+01,2.2899999999999999E+01));
#92600=VERTEX_POINT('',#92590);
#92610=EDGE_CURVE('',#92520,#92600,#92580,.T.);
#92620=ORIENTED_EDGE('',*,*,#92610,.F.);
#92630=CARTESIAN_POINT('',(-3.0655673471076625E+01,
   2.1646384650979041E+01,2.3000000000000000E+01));
#92640=DIRECTION('',(0.0000000000000000E+00,0.0000000000000000E+00,
   -1.0000000000000000E+00));
#92650=VECTOR('',#92640,1.0000000000000000E+00);
#92660=LINE('',#92630,#92650);
#92670=EDGE_CURVE('',#92440,#92600,#92660,.T.);
#92680=ORIENTED_EDGE('',*,*,#92670,.T.);
#92690=EDGE_LOOP('',(#92680,#92620,#92540,#92460));
#92700=FACE_OUTER_BOUND('',#92690,.T.);
#92710=ADVANCED_FACE('',(#92700),#92360,.F.);
#92720=COLOUR_RGB('',5.0196081399917603E-01,1.0000000000000000E+00,
   5.0196081399917603E-01);
#92730=FILL_AREA_STYLE_COLOUR('',#92720);
#92740=FILL_AREA_STYLE('',(#92730));
#92750=SURFACE_STYLE_FILL_AREA(#92740);
#92760=SURFACE_SIDE_STYLE('',(#92750));
#92770=SURFACE_STYLE_USAGE(.BOTH.,#92760);
#92780=PRESENTATION_STYLE_ASSIGNMENT((#92770));
#92790=CARTESIAN_POINT('',(-3.1405488301517799E+01,
   2.9321376124790600E+01,1.4000000000000000E+01));
#92800=DIRECTION('',(-0.0000000000000000E+00,1.0000000000000000E+00,
   0.0000000000000000E+00));
#92810=DIRECTION('',(1.0000000000000000E+00,0.0000000000000000E+00,
   0.0000000000000000E+00));
#92820=AXIS2_PLACEMENT_3D('',#92790,#92800,#92810);
#92830=PLANE('',#92820);
#92840=EDGE_CURVE('',#86170,#86360,#86430,.T.);
#92850=ORIENTED_EDGE('',*,*,#92840,.T.);
#92860=ORIENTED_EDGE('',*,*,#86440,.T.);
#92870=EDGE_LOOP('',(#92860,#92850));
#92880=FACE_BOUND('',#92870,.T.);
#92890=EDGE_CURVE('',#57010,#57100,#57170,.T.);
#92900=ORIENTED_EDGE('',*,*,#92890,.T.);
#92910=ORIENTED_EDGE('',*,*,#57180,.T.);
#92920=EDGE_LOOP('',(#92910,#92900));
#92930=FACE_BOUND('',#92920,.T.);
#92940=EDGE_CURVE('',#27770,#27960,#28030,.T.);
#92950=ORIENTED_EDGE('',*,*,#92940,.T.);
#92960=ORIENTED_EDGE('',*,*,#28040,.T.);
#92970=EDGE_LOOP('',(#92960,#92950));
#92980=FACE_BOUND('',#92970,.T.);
#92990=EDGE_CURVE('',#44580,#44770,#44840,.T.);
#93000=ORIENTED_EDGE('',*,*,#92990,.T.);
#93010=ORIENTED_EDGE('',*,*,#44850,.T.);
#93020=EDGE_LOOP('',(#93010,#93000));
#93030=FACE_BOUND('',#93020,.T.);
#93040=EDGE_CURVE('',#71540,#71630,#71700,.T.);
#93050=ORIENTED_EDGE('',*,*,#93040,.T.);
#93060=ORIENTED_EDGE('',*,*,#71710,.T.);
#93070=EDGE_LOOP('',(#93060,#93050));
#93080=FACE_BOUND('',#93070,.T.);
#93090=ORIENTED_EDGE('',*,*,#3800,.F.);
#93100=CARTESIAN_POINT('',(-2.9868759565520477E+01,
   2.9321376124790600E+01,1.7500000000000000E+01));
#93110=DIRECTION('',(0.0000000000000000E+00,0.0000000000000000E+00,
   -1.0000000000000000E+00));
#93120=VECTOR('',#93110,1.0000000000000000E+00);
#93130=LINE('',#93100,#93120);
#93140=CARTESIAN_POINT('',(-2.9868759565520477E+01,
   2.9321376124790600E+01,2.3000000000000000E+01));
#93150=VERTEX_POINT('',#93140);
#93160=EDGE_CURVE('',#93150,#3710,#93130,.T.);
#93170=ORIENTED_EDGE('',*,*,#93160,.T.);
#93180=CARTESIAN_POINT('',(-3.2921824807528317E+01,
   2.9321376124790600E+01,2.3000000000000000E+01));
#93190=DIRECTION('',(1.0000000000000000E+00,0.0000000000000000E+00,
   0.0000000000000000E+00));
#93200=VECTOR('',#93190,1.0000000000000000E+00);
#93210=LINE('',#93180,#93200);
#93220=CARTESIAN_POINT('',(-3.2921824807528317E+01,
   2.9321376124790600E+01,2.3000000000000000E+01));
#93230=VERTEX_POINT('',#93220);
#93240=EDGE_CURVE('',#93230,#93150,#93210,.T.);
#93250=ORIENTED_EDGE('',*,*,#93240,.T.);
#93260=CARTESIAN_POINT('',(-3.2921824807528317E+01,
   2.9321376124790600E+01,1.7500000000000000E+01));
#93270=DIRECTION('',(0.0000000000000000E+00,0.0000000000000000E+00,
   1.0000000000000000E+00));
#93280=VECTOR('',#93270,1.0000000000000000E+00);
#93290=LINE('',#93260,#93280);
#93300=EDGE_CURVE('',#3790,#93230,#93290,.T.);
#93310=ORIENTED_EDGE('',*,*,#93300,.T.);
#93320=EDGE_LOOP('',(#93310,#93250,#93170,#93090));
#93330=FACE_OUTER_BOUND('',#93320,.T.);
#93340=CARTESIAN_POINT('',(-3.1405488301517799E+01,
   2.9321376124790600E+01,2.1000000000000000E+01));
#93350=DIRECTION('',(0.0000000000000000E+00,-1.0000000000000000E+00,
   0.0000000000000000E+00));
#93360=DIRECTION('',(-1.0000000000000000E+00,0.0000000000000000E+00,
   0.0000000000000000E+00));
#93370=AXIS2_PLACEMENT_3D('',#93340,#93350,#93360);
#93380=CIRCLE('',#93370,1.4499999999999993E+00);
#93390=CARTESIAN_POINT('',(-3.2855488301517795E+01,
   2.9321376124790600E+01,2.1000000000000000E+01));
#93400=VERTEX_POINT('',#93390);
#93410=CARTESIAN_POINT('',(-2.9955488301517800E+01,
   2.9321376124790600E+01,2.1000000000000000E+01));
#93420=VERTEX_POINT('',#93410);
#93430=EDGE_CURVE('',#93400,#93420,#93380,.T.);
#93440=ORIENTED_EDGE('',*,*,#93430,.T.);
#93450=EDGE_CURVE('',#93420,#93400,#93380,.T.);
#93460=ORIENTED_EDGE('',*,*,#93450,.T.);
#93470=EDGE_LOOP('',(#93460,#93440));
#93480=FACE_BOUND('',#93470,.T.);
#93490=CARTESIAN_POINT('',(-3.1405488301517799E+01,
   2.9321376124790600E+01,1.7500000000000000E+01));
#93500=DIRECTION('',(0.0000000000000000E+00,-1.0000000000000000E+00,
   0.0000000000000000E+00));
#93510=DIRECTION('',(-1.0000000000000000E+00,0.0000000000000000E+00,
   0.0000000000000000E+00));
#93520=AXIS2_PLACEMENT_3D('',#93490,#93500,#93510);
#93530=CIRCLE('',#93520,1.4499999999999993E+00);
#93540=CARTESIAN_POINT('',(-3.2855488301517795E+01,
   2.9321376124790600E+01,1.7500000000000000E+01));
#93550=VERTEX_POINT('',#93540);
#93560=CARTESIAN_POINT('',(-2.9955488301517800E+01,
   2.9321376124790600E+01,1.7500000000000000E+01));
#93570=VERTEX_POINT('',#93560);
#93580=EDGE_CURVE('',#93550,#93570,#93530,.T.);
#93590=ORIENTED_EDGE('',*,*,#93580,.T.);
#93600=EDGE_CURVE('',#93570,#93550,#93530,.T.);
#93610=ORIENTED_EDGE('',*,*,#93600,.T.);
#93620=EDGE_LOOP('',(#93610,#93590));
#93630=FACE_BOUND('',#93620,.T.);
#93640=ADVANCED_FACE('',(#92880,#92930,#92980,#93030,#93080,#93330,
   #93480,#93630),#92830,.T.);
#93650=COLOUR_RGB('',5.0196081399917603E-01,1.0000000000000000E+00,
   5.0196081399917603E-01);
#93660=FILL_AREA_STYLE_COLOUR('',#93650);
#93670=FILL_AREA_STYLE('',(#93660));
#93680=SURFACE_STYLE_FILL_AREA(#93670);
#93690=SURFACE_SIDE_STYLE('',(#93680));
#93700=SURFACE_STYLE_USAGE(.BOTH.,#93690);
#93710=PRESENTATION_STYLE_ASSIGNMENT((#93700));
#93720=CARTESIAN_POINT('',(-2.9710644588612411E+01,
   2.3045184024564779E+01,2.3000000000000000E+01));
#93730=DIRECTION('',(0.0000000000000000E+00,0.0000000000000000E+00,
   1.0000000000000000E+00));
#93740=DIRECTION('',(1.0000000000000000E+00,0.0000000000000000E+00,
   0.0000000000000000E+00));
#93750=AXIS2_PLACEMENT_3D('',#93720,#93730,#93740);
#93760=CYLINDRICAL_SURFACE('',#93750,2.2836213029279406E-01);
#93770=CARTESIAN_POINT('',(-2.9482282458319617E+01,
   2.3045184024564779E+01,2.3000000000000000E+01));
#93780=DIRECTION('',(0.0000000000000000E+00,0.0000000000000000E+00,
   1.0000000000000000E+00));
#93790=VECTOR('',#93780,1.0000000000000000E+00);
#93800=LINE('',#93770,#93790);
#93810=CARTESIAN_POINT('',(-2.9482282458319617E+01,
   2.3045184024564779E+01,2.2899999999999999E+01));
#93820=VERTEX_POINT('',#93810);
#93830=EDGE_CURVE('',#93820,#79450,#93800,.T.);
#93840=ORIENTED_EDGE('',*,*,#93830,.T.);
#93850=CARTESIAN_POINT('',(-2.9710644588612411E+01,
   2.3045184024564779E+01,2.2899999999999999E+01));
#93860=DIRECTION('',(0.0000000000000000E+00,0.0000000000000000E+00,
   1.0000000000000000E+00));
#93870=DIRECTION('',(1.0000000000000000E+00,0.0000000000000000E+00,
   0.0000000000000000E+00));
#93880=AXIS2_PLACEMENT_3D('',#93850,#93860,#93870);
#93890=CIRCLE('',#93880,2.2836213029279406E-01);
#93900=CARTESIAN_POINT('',(-2.9939006718905205E+01,
   2.3045184024564779E+01,2.2899999999999999E+01));
#93910=VERTEX_POINT('',#93900);
#93920=EDGE_CURVE('',#93910,#93820,#93890,.T.);
#93930=ORIENTED_EDGE('',*,*,#93920,.T.);
#93940=CARTESIAN_POINT('',(-2.9939006718905205E+01,
   2.3045184024564779E+01,2.3000000000000000E+01));
#93950=DIRECTION('',(0.0000000000000000E+00,0.0000000000000000E+00,
   1.0000000000000000E+00));
#93960=VECTOR('',#93950,1.0000000000000000E+00);
#93970=LINE('',#93940,#93960);
#93980=EDGE_CURVE('',#93910,#79470,#93970,.T.);
#93990=ORIENTED_EDGE('',*,*,#93980,.F.);
#94000=ORIENTED_EDGE('',*,*,#79500,.F.);
#94010=EDGE_LOOP('',(#94000,#93990,#93930,#93840));
#94020=FACE_OUTER_BOUND('',#94010,.T.);
#94030=ADVANCED_FACE('',(#94020),#93760,.T.);
#94040=COLOUR_RGB('',5.0196081399917603E-01,1.0000000000000000E+00,
   5.0196081399917603E-01);
#94050=FILL_AREA_STYLE_COLOUR('',#94040);
#94060=FILL_AREA_STYLE('',(#94050));
#94070=SURFACE_STYLE_FILL_AREA(#94060);
#94080=SURFACE_SIDE_STYLE('',(#94070));
#94090=SURFACE_STYLE_USAGE(.BOTH.,#94080);
#94100=PRESENTATION_STYLE_ASSIGNMENT((#94090));
#94110=CARTESIAN_POINT('',(-3.1652975674933074E+01,
   2.8601376124790594E+01,2.1247487373415282E+01));
#94120=DIRECTION('',(7.0710678118654746E-01,0.0000000000000000E+00,
   -7.0710678118654757E-01));
#94130=DIRECTION('',(0.0000000000000000E+00,-1.0000000000000000E+00,
   0.0000000000000000E+00));
#94140=AXIS2_PLACEMENT_3D('',#94110,#94120,#94130);
#94150=PLANE('',#94140);
#94160=ORIENTED_EDGE('',*,*,#76190,.F.);
#94170=CARTESIAN_POINT('',(-3.0694461199299035E+01,
   2.7145319094080318E+01,2.2206001849049326E+01));
#94180=DIRECTION('',(0.0000000000000000E+00,1.0000000000000000E+00,
   0.0000000000000000E+00));
#94190=VECTOR('',#94180,1.0000000000000000E+00);
#94200=LINE('',#94170,#94190);
#94210=CARTESIAN_POINT('',(-3.0694461199299035E+01,
   2.8601376124790601E+01,2.2206001849049326E+01));
#94220=VERTEX_POINT('',#94210);
#94230=EDGE_CURVE('',#76120,#94220,#94200,.T.);
#94240=ORIENTED_EDGE('',*,*,#94230,.F.);
#94250=CARTESIAN_POINT('',(-8.4502159542249785E+01,
   2.8601376124790601E+01,-3.1601696493901422E+01));
#94260=DIRECTION('',(-7.0710678118654757E-01,0.0000000000000000E+00,
   -7.0710678118654746E-01));
#94270=VECTOR('',#94260,1.0000000000000000E+00);
#94280=LINE('',#94250,#94270);
#94290=CARTESIAN_POINT('',(-3.1350485798850627E+01,
   2.8601376124790601E+01,2.1549977249499527E+01));
#94300=VERTEX_POINT('',#94290);
#94310=EDGE_CURVE('',#94220,#94300,#94280,.T.);
#94320=ORIENTED_EDGE('',*,*,#94310,.F.);
#94330=CARTESIAN_POINT('',(-3.1350485798848844E+01,
   3.9321376124790604E+01,2.1549977249499509E+01));
#94340=DIRECTION('',(0.0000000000000000E+00,-1.0000000000000000E+00,
   0.0000000000000000E+00));
#94350=VECTOR('',#94340,1.0000000000000000E+00);
#94360=LINE('',#94330,#94350);
#94370=EDGE_CURVE('',#94300,#75950,#94360,.T.);
#94380=ORIENTED_EDGE('',*,*,#94370,.F.);
#94390=EDGE_LOOP('',(#94380,#94320,#94240,#94160));
#94400=FACE_OUTER_BOUND('',#94390,.T.);
#94410=ADVANCED_FACE('',(#94400),#94150,.T.);
#94420=COLOUR_RGB('',9.4901967048645020E-01,9.4901967048645020E-01,
   1.0000000000000000E+00);
#94430=FILL_AREA_STYLE_COLOUR('',#94420);
#94440=FILL_AREA_STYLE('',(#94430));
#94450=SURFACE_STYLE_FILL_AREA(#94440);
#94460=SURFACE_SIDE_STYLE('',(#94450));
#94470=SURFACE_STYLE_USAGE(.BOTH.,#94460);
#94480=PRESENTATION_STYLE_ASSIGNMENT((#94470));
#94490=CARTESIAN_POINT('',(-3.1155488301517806E+01,
   2.4110580312212679E+01,2.3000000000000000E+01));
#94500=DIRECTION('',(-1.0000000000000000E+00,0.0000000000000000E+00,
   0.0000000000000000E+00));
#94510=DIRECTION('',(0.0000000000000000E+00,1.0000000000000000E+00,
   0.0000000000000000E+00));
#94520=AXIS2_PLACEMENT_3D('',#94490,#94500,#94510);
#94530=PLANE('',#94520);
#94540=CARTESIAN_POINT('',(-3.1155488301517806E+01,
   0.0000000000000000E+00,2.3000000000000000E+01));
#94550=DIRECTION('',(0.0000000000000000E+00,-1.0000000000000000E+00,
   0.0000000000000000E+00));
#94560=VECTOR('',#94550,1.0000000000000000E+00);
#94570=LINE('',#94540,#94560);
#94580=EDGE_CURVE('',#82220,#77920,#94570,.T.);
#94590=ORIENTED_EDGE('',*,*,#94580,.T.);
#94600=ORIENTED_EDGE('',*,*,#82460,.T.);
#94610=CARTESIAN_POINT('',(-3.1155488301517806E+01,
   2.4110580312212679E+01,2.2899999999999999E+01));
#94620=DIRECTION('',(0.0000000000000000E+00,-1.0000000000000000E+00,
   0.0000000000000000E+00));
#94630=VECTOR('',#94620,1.0000000000000000E+00);
#94640=LINE('',#94610,#94630);
#94650=EDGE_CURVE('',#82390,#78020,#94640,.T.);
#94660=ORIENTED_EDGE('',*,*,#94650,.F.);
#94670=ORIENTED_EDGE('',*,*,#78030,.F.);
#94680=EDGE_LOOP('',(#94670,#94660,#94600,#94590));
#94690=FACE_OUTER_BOUND('',#94680,.T.);
#94700=ADVANCED_FACE('',(#94690),#94530,.F.);
#94710=COLOUR_RGB('',5.0196081399917603E-01,1.0000000000000000E+00,
   5.0196081399917603E-01);
#94720=FILL_AREA_STYLE_COLOUR('',#94710);
#94730=FILL_AREA_STYLE('',(#94720));
#94740=SURFACE_STYLE_FILL_AREA(#94730);
#94750=SURFACE_SIDE_STYLE('',(#94740));
#94760=SURFACE_STYLE_USAGE(.BOTH.,#94750);
#94770=PRESENTATION_STYLE_ASSIGNMENT((#94760));
#94780=CARTESIAN_POINT('',(-3.1405488301517799E+01,
   2.8561376124790595E+01,1.7500000000000000E+01));
#94790=DIRECTION('',(0.0000000000000000E+00,-1.0000000000000000E+00,
   0.0000000000000000E+00));
#94800=DIRECTION('',(-1.0000000000000000E+00,0.0000000000000000E+00,
   0.0000000000000000E+00));
#94810=AXIS2_PLACEMENT_3D('',#94780,#94790,#94800);
#94820=CYLINDRICAL_SURFACE('',#94810,1.4499999999999993E+00);
#94830=CARTESIAN_POINT('',(-3.2855488301517795E+01,
   2.8561376124790595E+01,1.7500000000000000E+01));
#94840=DIRECTION('',(0.0000000000000000E+00,-1.0000000000000000E+00,
   0.0000000000000000E+00));
#94850=VECTOR('',#94840,1.0000000000000000E+00);
#94860=LINE('',#94830,#94850);
#94870=CARTESIAN_POINT('',(-3.2855488301517795E+01,
   2.7601376124790601E+01,1.7500000000000000E+01));
#94880=VERTEX_POINT('',#94870);
#94890=EDGE_CURVE('',#93550,#94880,#94860,.T.);
#94900=ORIENTED_EDGE('',*,*,#94890,.F.);
#94910=CARTESIAN_POINT('',(-3.1405488301517799E+01,
   2.7601376124790601E+01,1.7500000000000000E+01));
#94920=DIRECTION('',(0.0000000000000000E+00,-1.0000000000000000E+00,
   0.0000000000000000E+00));
#94930=DIRECTION('',(-1.0000000000000000E+00,0.0000000000000000E+00,
   0.0000000000000000E+00));
#94940=AXIS2_PLACEMENT_3D('',#94910,#94920,#94930);
#94950=CIRCLE('',#94940,1.4499999999999993E+00);
#94960=CARTESIAN_POINT('',(-2.9955488301517800E+01,
   2.7601376124790601E+01,1.7500000000000000E+01));
#94970=VERTEX_POINT('',#94960);
#94980=EDGE_CURVE('',#94970,#94880,#94950,.T.);
#94990=ORIENTED_EDGE('',*,*,#94980,.T.);
#95000=CARTESIAN_POINT('',(-2.9955488301517800E+01,
   2.8561376124790595E+01,1.7500000000000000E+01));
#95010=DIRECTION('',(0.0000000000000000E+00,-1.0000000000000000E+00,
   0.0000000000000000E+00));
#95020=VECTOR('',#95010,1.0000000000000000E+00);
#95030=LINE('',#95000,#95020);
#95040=EDGE_CURVE('',#93570,#94970,#95030,.T.);
#95050=ORIENTED_EDGE('',*,*,#95040,.T.);
#95060=ORIENTED_EDGE('',*,*,#93600,.F.);
#95070=EDGE_LOOP('',(#95060,#95050,#94990,#94900));
#95080=FACE_OUTER_BOUND('',#95070,.T.);
#95090=ADVANCED_FACE('',(#95080),#94820,.F.);
#95100=COLOUR_RGB('',5.0196081399917603E-01,1.0000000000000000E+00,
   5.0196081399917603E-01);
#95110=FILL_AREA_STYLE_COLOUR('',#95100);
#95120=FILL_AREA_STYLE('',(#95110));
#95130=SURFACE_STYLE_FILL_AREA(#95120);
#95140=SURFACE_SIDE_STYLE('',(#95130));
#95150=SURFACE_STYLE_USAGE(.BOTH.,#95140);
#95160=PRESENTATION_STYLE_ASSIGNMENT((#95150));
#95170=CARTESIAN_POINT('',(-3.1652975674933074E+01,
   2.8601376124790594E+01,1.7747487373415282E+01));
#95180=DIRECTION('',(7.0710678118654746E-01,0.0000000000000000E+00,
   -7.0710678118654757E-01));
#95190=DIRECTION('',(0.0000000000000000E+00,-1.0000000000000000E+00,
   0.0000000000000000E+00));
#95200=AXIS2_PLACEMENT_3D('',#95170,#95180,#95190);
#95210=PLANE('',#95200);
#95220=ORIENTED_EDGE('',*,*,#79200,.T.);
#95230=CARTESIAN_POINT('',(-8.4502159542249785E+01,
   2.8001376124790593E+01,-3.5101696493901422E+01));
#95240=DIRECTION('',(7.0710678118654757E-01,0.0000000000000000E+00,
   7.0710678118654746E-01));
#95250=VECTOR('',#95240,1.0000000000000000E+00);
#95260=LINE('',#95230,#95250);
#95270=CARTESIAN_POINT('',(-3.1350485798849824E+01,
   2.8001376124790593E+01,1.8049977249499520E+01));
#95280=VERTEX_POINT('',#95270);
#95290=EDGE_CURVE('',#70500,#95280,#95260,.T.);
#95300=ORIENTED_EDGE('',*,*,#95290,.F.);
#95310=CARTESIAN_POINT('',(-3.1350485798848844E+01,
   3.9321376124790604E+01,1.8049977249499513E+01));
#95320=DIRECTION('',(0.0000000000000000E+00,-1.0000000000000000E+00,
   0.0000000000000000E+00));
#95330=VECTOR('',#95320,1.0000000000000000E+00);
#95340=LINE('',#95310,#95330);
#95350=CARTESIAN_POINT('',(-3.1350485798850627E+01,
   2.8601376124790601E+01,1.8049977249499527E+01));
#95360=VERTEX_POINT('',#95350);
#95370=EDGE_CURVE('',#95360,#95280,#95340,.T.);
#95380=ORIENTED_EDGE('',*,*,#95370,.T.);
#95390=CARTESIAN_POINT('',(-8.4502159542249785E+01,
   2.8601376124790601E+01,-3.5101696493901422E+01));
#95400=DIRECTION('',(-7.0710678118654757E-01,0.0000000000000000E+00,
   -7.0710678118654746E-01));
#95410=VECTOR('',#95400,1.0000000000000000E+00);
#95420=LINE('',#95390,#95410);
#95430=EDGE_CURVE('',#95360,#65250,#95420,.T.);
#95440=ORIENTED_EDGE('',*,*,#95430,.F.);
#95450=EDGE_LOOP('',(#95440,#95380,#95300,#95220));
#95460=FACE_OUTER_BOUND('',#95450,.T.);
#95470=ADVANCED_FACE('',(#95460),#95210,.T.);
#95480=COLOUR_RGB('',9.4901967048645020E-01,9.4901967048645020E-01,
   1.0000000000000000E+00);
#95490=FILL_AREA_STYLE_COLOUR('',#95480);
#95500=FILL_AREA_STYLE('',(#95490));
#95510=SURFACE_STYLE_FILL_AREA(#95500);
#95520=SURFACE_SIDE_STYLE('',(#95510));
#95530=SURFACE_STYLE_USAGE(.BOTH.,#95520);
#95540=PRESENTATION_STYLE_ASSIGNMENT((#95530));
#95550=CARTESIAN_POINT('',(-3.0694461199299042E+01,
   2.8001376124790593E+01,1.8706001849049315E+01));
#95560=VERTEX_POINT('',#95550);
#95570=EDGE_CURVE('',#95280,#95560,#95260,.T.);
#95580=ORIENTED_EDGE('',*,*,#95570,.F.);
#95590=CARTESIAN_POINT('',(-3.0694461199299035E+01,
   2.7145319094080318E+01,1.8706001849049326E+01));
#95600=DIRECTION('',(0.0000000000000000E+00,1.0000000000000000E+00,
   0.0000000000000000E+00));
#95610=VECTOR('',#95600,1.0000000000000000E+00);
#95620=LINE('',#95590,#95610);
#95630=CARTESIAN_POINT('',(-3.0694461199299035E+01,
   2.8601376124790601E+01,1.8706001849049326E+01));
#95640=VERTEX_POINT('',#95630);
#95650=EDGE_CURVE('',#95560,#95640,#95620,.T.);
#95660=ORIENTED_EDGE('',*,*,#95650,.F.);
#95670=EDGE_CURVE('',#95640,#95360,#95420,.T.);
#95680=ORIENTED_EDGE('',*,*,#95670,.F.);
#95690=ORIENTED_EDGE('',*,*,#95370,.F.);
#95700=EDGE_LOOP('',(#95690,#95680,#95660,#95580));
#95710=FACE_OUTER_BOUND('',#95700,.T.);
#95720=ADVANCED_FACE('',(#95710),#95210,.T.);
#95730=COLOUR_RGB('',9.4901967048645020E-01,9.4901967048645020E-01,
   1.0000000000000000E+00);
#95740=FILL_AREA_STYLE_COLOUR('',#95730);
#95750=FILL_AREA_STYLE('',(#95740));
#95760=SURFACE_STYLE_FILL_AREA(#95750);
#95770=SURFACE_SIDE_STYLE('',(#95760));
#95780=SURFACE_STYLE_USAGE(.BOTH.,#95770);
#95790=PRESENTATION_STYLE_ASSIGNMENT((#95780));
#95800=CARTESIAN_POINT('',(-3.0780488301517799E+01,
   2.7601376124790601E+01,1.7500000000000000E+01));
#95810=DIRECTION('',(-0.0000000000000000E+00,1.0000000000000000E+00,
   0.0000000000000000E+00));
#95820=DIRECTION('',(1.0000000000000000E+00,0.0000000000000000E+00,
   0.0000000000000000E+00));
#95830=AXIS2_PLACEMENT_3D('',#95800,#95810,#95820);
#95840=PLANE('',#95830);
#95850=CARTESIAN_POINT('',(-3.1405488301517792E+01,
   2.7601376124790601E+01,1.7500000000000000E+01));
#95860=DIRECTION('',(0.0000000000000000E+00,1.0000000000000000E+00,
   0.0000000000000000E+00));
#95870=DIRECTION('',(-1.0000000000000000E+00,0.0000000000000000E+00,
   0.0000000000000000E+00));
#95880=AXIS2_PLACEMENT_3D('',#95850,#95860,#95870);
#95890=CIRCLE('',#95880,1.3999999999999999E+00);
#95900=CARTESIAN_POINT('',(-3.2805488301517791E+01,
   2.7601376124790601E+01,1.7500000000000000E+01));
#95910=VERTEX_POINT('',#95900);
#95920=CARTESIAN_POINT('',(-3.0005488301517794E+01,
   2.7601376124790601E+01,1.7500000000000000E+01));
#95930=VERTEX_POINT('',#95920);
#95940=EDGE_CURVE('',#95910,#95930,#95890,.T.);
#95950=ORIENTED_EDGE('',*,*,#95940,.F.);
#95960=EDGE_CURVE('',#95930,#95910,#95890,.T.);
#95970=ORIENTED_EDGE('',*,*,#95960,.F.);
#95980=EDGE_LOOP('',(#95970,#95950));
#95990=FACE_BOUND('',#95980,.T.);
#96000=EDGE_CURVE('',#94880,#94970,#94950,.T.);
#96010=ORIENTED_EDGE('',*,*,#96000,.F.);
#96020=ORIENTED_EDGE('',*,*,#94980,.F.);
#96030=EDGE_LOOP('',(#96020,#96010));
#96040=FACE_OUTER_BOUND('',#96030,.T.);
#96050=ADVANCED_FACE('',(#95990,#96040),#95840,.T.);
#96060=COLOUR_RGB('',5.0196081399917603E-01,1.0000000000000000E+00,
   5.0196081399917603E-01);
#96070=FILL_AREA_STYLE_COLOUR('',#96060);
#96080=FILL_AREA_STYLE('',(#96070));
#96090=SURFACE_STYLE_FILL_AREA(#96080);
#96100=SURFACE_SIDE_STYLE('',(#96090));
#96110=SURFACE_STYLE_USAGE(.BOTH.,#96100);
#96120=PRESENTATION_STYLE_ASSIGNMENT((#96110));
#96130=CARTESIAN_POINT('',(-3.1405488301517792E+01,
   2.7145319094080318E+01,1.7500000000000000E+01));
#96140=DIRECTION('',(0.0000000000000000E+00,1.0000000000000000E+00,
   0.0000000000000000E+00));
#96150=DIRECTION('',(-1.0000000000000000E+00,0.0000000000000000E+00,
   0.0000000000000000E+00));
#96160=AXIS2_PLACEMENT_3D('',#96130,#96140,#96150);
#96170=CYLINDRICAL_SURFACE('',#96160,1.3999999999999999E+00);
#96180=CARTESIAN_POINT('',(-3.0005488301517794E+01,
   2.7145319094080318E+01,1.7500000000000000E+01));
#96190=DIRECTION('',(0.0000000000000000E+00,1.0000000000000000E+00,
   0.0000000000000000E+00));
#96200=VECTOR('',#96190,1.0000000000000000E+00);
#96210=LINE('',#96180,#96200);
#96220=EDGE_CURVE('',#95930,#82910,#96210,.T.);
#96230=ORIENTED_EDGE('',*,*,#96220,.F.);
#96240=ORIENTED_EDGE('',*,*,#82920,.F.);
#96250=ORIENTED_EDGE('',*,*,#84480,.T.);
#96260=ORIENTED_EDGE('',*,*,#82660,.F.);
#96270=ORIENTED_EDGE('',*,*,#75460,.F.);
#96280=CARTESIAN_POINT('',(-3.1405488301517792E+01,
   2.8601376124790601E+01,1.7500000000000000E+01));
#96290=DIRECTION('',(0.0000000000000000E+00,1.0000000000000000E+00,
   0.0000000000000000E+00));
#96300=DIRECTION('',(-1.0000000000000000E+00,0.0000000000000000E+00,
   0.0000000000000000E+00));
#96310=AXIS2_PLACEMENT_3D('',#96280,#96290,#96300);
#96320=CIRCLE('',#96310,1.3999999999999999E+00);
#96330=CARTESIAN_POINT('',(-3.2805488301517791E+01,
   2.8601376124790601E+01,1.7500000000000000E+01));
#96340=VERTEX_POINT('',#96330);
#96350=EDGE_CURVE('',#75390,#96340,#96320,.T.);
#96360=ORIENTED_EDGE('',*,*,#96350,.F.);
#96370=CARTESIAN_POINT('',(-3.2805488301517791E+01,
   2.7145319094080318E+01,1.7500000000000000E+01));
#96380=DIRECTION('',(0.0000000000000000E+00,1.0000000000000000E+00,
   0.0000000000000000E+00));
#96390=VECTOR('',#96380,1.0000000000000000E+00);
#96400=LINE('',#96370,#96390);
#96410=EDGE_CURVE('',#95910,#96340,#96400,.T.);
#96420=ORIENTED_EDGE('',*,*,#96410,.T.);
#96430=ORIENTED_EDGE('',*,*,#95960,.T.);
#96440=EDGE_LOOP('',(#96430,#96420,#96360,#96270,#96260,#96250,#96240,
   #96230));
#96450=FACE_OUTER_BOUND('',#96440,.T.);
#96460=ADVANCED_FACE('',(#96450),#96170,.T.);
#96470=COLOUR_RGB('',9.4901967048645020E-01,9.4901967048645020E-01,
   1.0000000000000000E+00);
#96480=FILL_AREA_STYLE_COLOUR('',#96470);
#96490=FILL_AREA_STYLE('',(#96480));
#96500=SURFACE_STYLE_FILL_AREA(#96490);
#96510=SURFACE_SIDE_STYLE('',(#96500));
#96520=SURFACE_STYLE_USAGE(.BOTH.,#96510);
#96530=PRESENTATION_STYLE_ASSIGNMENT((#96520));
#96540=CARTESIAN_POINT('',(-3.2074229385564998E+01,
   2.8601376124790601E+01,1.8168741084047205E+01));
#96550=DIRECTION('',(0.0000000000000000E+00,1.0000000000000000E+00,
   0.0000000000000000E+00));
#96560=DIRECTION('',(7.0710678118654746E-01,0.0000000000000000E+00,
   -7.0710678118654757E-01));
#96570=AXIS2_PLACEMENT_3D('',#96540,#96550,#96560);
#96580=PLANE('',#96570);
#96590=ORIENTED_EDGE('',*,*,#95670,.T.);
#96600=EDGE_CURVE('',#96340,#95640,#96320,.T.);
#96610=ORIENTED_EDGE('',*,*,#96600,.T.);
#96620=ORIENTED_EDGE('',*,*,#96350,.T.);
#96630=ORIENTED_EDGE('',*,*,#75400,.T.);
#96640=ORIENTED_EDGE('',*,*,#65180,.T.);
#96650=CARTESIAN_POINT('',(-3.1355488301517802E+01,
   2.8601376124790601E+01,1.7500000000000000E+01));
#96660=DIRECTION('',(0.0000000000000000E+00,-1.0000000000000000E+00,
   0.0000000000000000E+00));
#96670=DIRECTION('',(1.0000000000000000E+00,0.0000000000000000E+00,
   0.0000000000000000E+00));
#96680=AXIS2_PLACEMENT_3D('',#96650,#96660,#96670);
#96690=CIRCLE('',#96680,5.5000000000000004E-01);
#96700=EDGE_CURVE('',#95360,#65150,#96690,.T.);
#96710=ORIENTED_EDGE('',*,*,#96700,.T.);
#96720=EDGE_LOOP('',(#96710,#96640,#96630,#96620,#96610,#96590));
#96730=FACE_OUTER_BOUND('',#96720,.T.);
#96740=ADVANCED_FACE('',(#96730),#96580,.T.);
#96750=COLOUR_RGB('',9.4901967048645020E-01,9.4901967048645020E-01,
   1.0000000000000000E+00);
#96760=FILL_AREA_STYLE_COLOUR('',#96750);
#96770=FILL_AREA_STYLE('',(#96760));
#96780=SURFACE_STYLE_FILL_AREA(#96770);
#96790=SURFACE_SIDE_STYLE('',(#96780));
#96800=SURFACE_STYLE_USAGE(.BOTH.,#96790);
#96810=PRESENTATION_STYLE_ASSIGNMENT((#96800));
#96820=CARTESIAN_POINT('',(-3.1158000928102481E+01,
   2.8001376124790593E+01,1.7252512626584682E+01));
#96830=DIRECTION('',(0.0000000000000000E+00,1.0000000000000000E+00,
   0.0000000000000000E+00));
#96840=DIRECTION('',(7.0710678118654746E-01,0.0000000000000000E+00,
   -7.0710678118654757E-01));
#96850=AXIS2_PLACEMENT_3D('',#96820,#96830,#96840);
#96860=PLANE('',#96850);
#96870=CARTESIAN_POINT('',(-8.4502159542249785E+01,
   2.8001376124790593E+01,-3.6091645987562615E+01));
#96880=DIRECTION('',(-7.0710678118654757E-01,0.0000000000000000E+00,
   -7.0710678118654746E-01));
#96890=VECTOR('',#96880,1.0000000000000000E+00);
#96900=LINE('',#96870,#96890);
#96910=CARTESIAN_POINT('',(-3.0199486452468442E+01,
   2.8001376124790593E+01,1.8211027102218718E+01));
#96920=VERTEX_POINT('',#96910);
#96930=CARTESIAN_POINT('',(-3.0814019159546973E+01,
   2.8001376124790593E+01,1.7596494395139700E+01));
#96940=VERTEX_POINT('',#96930);
#96950=EDGE_CURVE('',#96920,#96940,#96900,.T.);
#96960=ORIENTED_EDGE('',*,*,#96950,.T.);
#96970=CARTESIAN_POINT('',(-3.1405488301517792E+01,
   2.8001376124790593E+01,1.7500000000000000E+01));
#96980=DIRECTION('',(0.0000000000000000E+00,1.0000000000000000E+00,
   0.0000000000000000E+00));
#96990=DIRECTION('',(-1.0000000000000000E+00,0.0000000000000000E+00,
   0.0000000000000000E+00));
#97000=AXIS2_PLACEMENT_3D('',#96970,#96980,#96990);
#97010=CIRCLE('',#97000,1.3999999999999999E+00);
#97020=EDGE_CURVE('',#95560,#96920,#97010,.T.);
#97030=ORIENTED_EDGE('',*,*,#97020,.T.);
#97040=ORIENTED_EDGE('',*,*,#95570,.T.);
#97050=CARTESIAN_POINT('',(-3.1355488301517802E+01,
   2.8001376124790593E+01,1.7500000000000000E+01));
#97060=DIRECTION('',(0.0000000000000000E+00,-1.0000000000000000E+00,
   0.0000000000000000E+00));
#97070=DIRECTION('',(1.0000000000000000E+00,0.0000000000000000E+00,
   0.0000000000000000E+00));
#97080=AXIS2_PLACEMENT_3D('',#97050,#97060,#97070);
#97090=CIRCLE('',#97080,5.5000000000000004E-01);
#97100=EDGE_CURVE('',#96940,#95280,#97090,.T.);
#97110=ORIENTED_EDGE('',*,*,#97100,.T.);
#97120=EDGE_LOOP('',(#97110,#97040,#97030,#96960));
#97130=FACE_OUTER_BOUND('',#97120,.T.);
#97140=ADVANCED_FACE('',(#97130),#96860,.T.);
#97150=COLOUR_RGB('',9.4901967048645020E-01,9.4901967048645020E-01,
   1.0000000000000000E+00);
#97160=FILL_AREA_STYLE_COLOUR('',#97150);
#97170=FILL_AREA_STYLE('',(#97160));
#97180=SURFACE_STYLE_FILL_AREA(#97170);
#97190=SURFACE_SIDE_STYLE('',(#97180));
#97200=SURFACE_STYLE_USAGE(.BOTH.,#97190);
#97210=PRESENTATION_STYLE_ASSIGNMENT((#97200));
#97220=ORIENTED_EDGE('',*,*,#97100,.F.);
#97230=ORIENTED_EDGE('',*,*,#95290,.T.);
#97240=ORIENTED_EDGE('',*,*,#70740,.T.);
#97250=EDGE_CURVE('',#96940,#70670,#96900,.T.);
#97260=ORIENTED_EDGE('',*,*,#97250,.T.);
#97270=EDGE_LOOP('',(#97260,#97240,#97230,#97220));
#97280=FACE_OUTER_BOUND('',#97270,.T.);
#97290=ADVANCED_FACE('',(#97280),#96860,.T.);
#97300=COLOUR_RGB('',9.4901967048645020E-01,9.4901967048645020E-01,
   1.0000000000000000E+00);
#97310=FILL_AREA_STYLE_COLOUR('',#97300);
#97320=FILL_AREA_STYLE('',(#97310));
#97330=SURFACE_STYLE_FILL_AREA(#97320);
#97340=SURFACE_SIDE_STYLE('',(#97330));
#97350=SURFACE_STYLE_USAGE(.BOTH.,#97340);
#97360=PRESENTATION_STYLE_ASSIGNMENT((#97350));
#97370=CARTESIAN_POINT('',(-3.1158000928102481E+01,
   2.7601376124790594E+01,1.7252512626584682E+01));
#97380=DIRECTION('',(-7.0710678118654746E-01,0.0000000000000000E+00,
   7.0710678118654757E-01));
#97390=DIRECTION('',(0.0000000000000000E+00,1.0000000000000000E+00,
   0.0000000000000000E+00));
#97400=AXIS2_PLACEMENT_3D('',#97370,#97380,#97390);
#97410=PLANE('',#97400);
#97420=ORIENTED_EDGE('',*,*,#96950,.F.);
#97430=CARTESIAN_POINT('',(-3.0814019159547051E+01,
   3.9321376124790604E+01,1.7596494395140112E+01));
#97440=DIRECTION('',(0.0000000000000000E+00,-1.0000000000000000E+00,
   0.0000000000000000E+00));
#97450=VECTOR('',#97440,1.0000000000000000E+00);
#97460=LINE('',#97430,#97450);
#97470=EDGE_CURVE('',#83030,#96940,#97460,.T.);
#97480=ORIENTED_EDGE('',*,*,#97470,.T.);
#97490=ORIENTED_EDGE('',*,*,#83040,.F.);
#97500=CARTESIAN_POINT('',(-3.0199486452468442E+01,
   2.7145319094080318E+01,1.8211027102218718E+01));
#97510=DIRECTION('',(0.0000000000000000E+00,1.0000000000000000E+00,
   0.0000000000000000E+00));
#97520=VECTOR('',#97510,1.0000000000000000E+00);
#97530=LINE('',#97500,#97520);
#97540=EDGE_CURVE('',#96920,#82950,#97530,.T.);
#97550=ORIENTED_EDGE('',*,*,#97540,.T.);
#97560=EDGE_LOOP('',(#97550,#97490,#97480,#97420));
#97570=FACE_OUTER_BOUND('',#97560,.T.);
#97580=ADVANCED_FACE('',(#97570),#97410,.T.);
#97590=COLOUR_RGB('',9.4901967048645020E-01,9.4901967048645020E-01,
   1.0000000000000000E+00);
#97600=FILL_AREA_STYLE_COLOUR('',#97590);
#97610=FILL_AREA_STYLE('',(#97600));
#97620=SURFACE_STYLE_FILL_AREA(#97610);
#97630=SURFACE_SIDE_STYLE('',(#97620));
#97640=SURFACE_STYLE_USAGE(.BOTH.,#97630);
#97650=PRESENTATION_STYLE_ASSIGNMENT((#97640));
#97660=ORIENTED_EDGE('',*,*,#97250,.F.);
#97670=ORIENTED_EDGE('',*,*,#91110,.T.);
#97680=EDGE_CURVE('',#80160,#83030,#83010,.T.);
#97690=ORIENTED_EDGE('',*,*,#97680,.F.);
#97700=ORIENTED_EDGE('',*,*,#97470,.F.);
#97710=EDGE_LOOP('',(#97700,#97690,#97670,#97660));
#97720=FACE_OUTER_BOUND('',#97710,.T.);
#97730=ADVANCED_FACE('',(#97720),#97410,.T.);
#97740=COLOUR_RGB('',9.4901967048645020E-01,9.4901967048645020E-01,
   1.0000000000000000E+00);
#97750=FILL_AREA_STYLE_COLOUR('',#97740);
#97760=FILL_AREA_STYLE('',(#97750));
#97770=SURFACE_STYLE_FILL_AREA(#97760);
#97780=SURFACE_SIDE_STYLE('',(#97770));
#97790=SURFACE_STYLE_USAGE(.BOTH.,#97780);
#97800=PRESENTATION_STYLE_ASSIGNMENT((#97790));
#97810=CARTESIAN_POINT('',(-2.9979054022235516E+01,
   2.3598321788203702E+01,2.3000000000000000E+01));
#97820=DIRECTION('',(0.0000000000000000E+00,0.0000000000000000E+00,
   1.0000000000000000E+00));
#97830=DIRECTION('',(1.0000000000000000E+00,0.0000000000000000E+00,
   0.0000000000000000E+00));
#97840=AXIS2_PLACEMENT_3D('',#97810,#97820,#97830);
#97850=CYLINDRICAL_SURFACE('',#97840,1.5809685943342069E-01);
#97860=CARTESIAN_POINT('',(-2.9979054022235516E+01,
   2.3598321788203702E+01,2.3000000000000000E+01));
#97870=DIRECTION('',(0.0000000000000000E+00,0.0000000000000000E+00,
   1.0000000000000000E+00));
#97880=DIRECTION('',(1.0000000000000000E+00,0.0000000000000000E+00,
   0.0000000000000000E+00));
#97890=AXIS2_PLACEMENT_3D('',#97860,#97870,#97880);
#97900=CIRCLE('',#97890,1.5809685943342069E-01);
#97910=CARTESIAN_POINT('',(-2.9910034453589617E+01,
   2.3456086363267982E+01,2.3000000000000000E+01));
#97920=VERTEX_POINT('',#97910);
#97930=EDGE_CURVE('',#97920,#63490,#97900,.T.);
#97940=ORIENTED_EDGE('',*,*,#97930,.F.);
#97950=ORIENTED_EDGE('',*,*,#63720,.T.);
#97960=CARTESIAN_POINT('',(-2.9979054022235516E+01,
   2.3598321788203702E+01,2.2899999999999999E+01));
#97970=DIRECTION('',(0.0000000000000000E+00,0.0000000000000000E+00,
   1.0000000000000000E+00));
#97980=DIRECTION('',(1.0000000000000000E+00,0.0000000000000000E+00,
   0.0000000000000000E+00));
#97990=AXIS2_PLACEMENT_3D('',#97960,#97970,#97980);
#98000=CIRCLE('',#97990,1.5809685943342069E-01);
#98010=CARTESIAN_POINT('',(-2.9910034453589617E+01,
   2.3456086363267982E+01,2.2899999999999999E+01));
#98020=VERTEX_POINT('',#98010);
#98030=EDGE_CURVE('',#98020,#63650,#98000,.T.);
#98040=ORIENTED_EDGE('',*,*,#98030,.T.);
#98050=CARTESIAN_POINT('',(-2.9910034453589617E+01,
   2.3456086363267982E+01,2.3000000000000000E+01));
#98060=DIRECTION('',(0.0000000000000000E+00,0.0000000000000000E+00,
   -1.0000000000000000E+00));
#98070=VECTOR('',#98060,1.0000000000000000E+00);
#98080=LINE('',#98050,#98070);
#98090=EDGE_CURVE('',#97920,#98020,#98080,.T.);
#98100=ORIENTED_EDGE('',*,*,#98090,.T.);
#98110=EDGE_LOOP('',(#98100,#98040,#97950,#97940));
#98120=FACE_OUTER_BOUND('',#98110,.T.);
#98130=ADVANCED_FACE('',(#98120),#97850,.T.);
#98140=COLOUR_RGB('',5.0196081399917603E-01,1.0000000000000000E+00,
   5.0196081399917603E-01);
#98150=FILL_AREA_STYLE_COLOUR('',#98140);
#98160=FILL_AREA_STYLE('',(#98150));
#98170=SURFACE_STYLE_FILL_AREA(#98160);
#98180=SURFACE_SIDE_STYLE('',(#98170));
#98190=SURFACE_STYLE_USAGE(.BOTH.,#98180);
#98200=PRESENTATION_STYLE_ASSIGNMENT((#98190));
#98210=ORIENTED_EDGE('',*,*,#96700,.F.);
#98220=ORIENTED_EDGE('',*,*,#65320,.T.);
#98230=ORIENTED_EDGE('',*,*,#95430,.T.);
#98240=EDGE_LOOP('',(#98230,#98220,#98210));
#98250=FACE_OUTER_BOUND('',#98240,.T.);
#98260=ADVANCED_FACE('',(#98250),#96580,.T.);
#98270=COLOUR_RGB('',9.4901967048645020E-01,9.4901967048645020E-01,
   1.0000000000000000E+00);
#98280=FILL_AREA_STYLE_COLOUR('',#98270);
#98290=FILL_AREA_STYLE('',(#98280));
#98300=SURFACE_STYLE_FILL_AREA(#98290);
#98310=SURFACE_SIDE_STYLE('',(#98300));
#98320=SURFACE_STYLE_USAGE(.BOTH.,#98310);
#98330=PRESENTATION_STYLE_ASSIGNMENT((#98320));
#98340=ORIENTED_EDGE('',*,*,#83110,.F.);
#98350=ORIENTED_EDGE('',*,*,#97680,.T.);
#98360=ORIENTED_EDGE('',*,*,#80170,.T.);
#98370=EDGE_LOOP('',(#98360,#98350,#98340));
#98380=FACE_OUTER_BOUND('',#98370,.T.);
#98390=ADVANCED_FACE('',(#98380),#96580,.T.);
#98400=COLOUR_RGB('',9.4901967048645020E-01,9.4901967048645020E-01,
   1.0000000000000000E+00);
#98410=FILL_AREA_STYLE_COLOUR('',#98400);
#98420=FILL_AREA_STYLE('',(#98410));
#98430=SURFACE_STYLE_FILL_AREA(#98420);
#98440=SURFACE_SIDE_STYLE('',(#98430));
#98450=SURFACE_STYLE_USAGE(.BOTH.,#98440);
#98460=PRESENTATION_STYLE_ASSIGNMENT((#98450));
#98470=CARTESIAN_POINT('',(-3.4177964823400686E+01,
   2.4029245874728044E+01,2.0199999999999999E+01));
#98480=DIRECTION('',(0.0000000000000000E+00,0.0000000000000000E+00,
   1.0000000000000000E+00));
#98490=DIRECTION('',(1.0000000000000000E+00,0.0000000000000000E+00,
   0.0000000000000000E+00));
#98500=AXIS2_PLACEMENT_3D('',#98470,#98480,#98490);
#98510=PLANE('',#98500);
#98520=CARTESIAN_POINT('',(-3.3805488301517798E+01,
   2.3821376124790600E+01,2.0199999999999999E+01));
#98530=DIRECTION('',(-2.5881904510253184E-01,9.6592582628906531E-01,
   0.0000000000000000E+00));
#98540=VECTOR('',#98530,1.0000000000000000E+00);
#98550=LINE('',#98520,#98540);
#98560=CARTESIAN_POINT('',(-3.3805488301517798E+01,
   2.3821376124790600E+01,2.0199999999999999E+01));
#98570=VERTEX_POINT('',#98560);
#98580=CARTESIAN_POINT('',(-3.4090488301517780E+01,
   2.4885010604947620E+01,2.0199999999999999E+01));
#98590=VERTEX_POINT('',#98580);
#98600=EDGE_CURVE('',#98570,#98590,#98550,.T.);
#98610=ORIENTED_EDGE('',*,*,#98600,.T.);
#98620=CARTESIAN_POINT('',(-3.3805488301517798E+01,
   2.3821376124790600E+01,2.0199999999999999E+01));
#98630=DIRECTION('',(1.0000000000000000E+00,0.0000000000000000E+00,
   0.0000000000000000E+00));
#98640=VECTOR('',#98630,1.0000000000000000E+00);
#98650=LINE('',#98620,#98640);
#98660=CARTESIAN_POINT('',(-3.3520488301517801E+01,
   2.3821376124790600E+01,2.0199999999999999E+01));
#98670=VERTEX_POINT('',#98660);
#98680=EDGE_CURVE('',#98570,#98670,#98650,.T.);
#98690=ORIENTED_EDGE('',*,*,#98680,.F.);
#98700=CARTESIAN_POINT('',(-3.3520488301517801E+01,
   2.3821376124790600E+01,2.0199999999999999E+01));
#98710=DIRECTION('',(0.0000000000000000E+00,-1.0000000000000000E+00,
   0.0000000000000000E+00));
#98720=VECTOR('',#98710,1.0000000000000000E+00);
#98730=LINE('',#98700,#98720);
#98740=CARTESIAN_POINT('',(-3.3520488301517801E+01,
   2.2071376124790600E+01,2.0199999999999999E+01));
#98750=VERTEX_POINT('',#98740);
#98760=EDGE_CURVE('',#98670,#98750,#98730,.T.);
#98770=ORIENTED_EDGE('',*,*,#98760,.F.);
#98780=CARTESIAN_POINT('',(-3.3805488301517798E+01,
   2.2071376124790600E+01,2.0199999999999999E+01));
#98790=DIRECTION('',(1.0000000000000000E+00,0.0000000000000000E+00,
   0.0000000000000000E+00));
#98800=VECTOR('',#98790,1.0000000000000000E+00);
#98810=LINE('',#98780,#98800);
#98820=CARTESIAN_POINT('',(-3.3805488301517798E+01,
   2.2071376124790600E+01,2.0199999999999999E+01));
#98830=VERTEX_POINT('',#98820);
#98840=EDGE_CURVE('',#98830,#98750,#98810,.T.);
#98850=ORIENTED_EDGE('',*,*,#98840,.T.);
#98860=CARTESIAN_POINT('',(0.0000000000000000E+00,5.5876864426308202E+01
   ,2.0199999999999999E+01));
#98870=DIRECTION('',(7.0710678118654968E-01,7.0710678118654535E-01,
   0.0000000000000000E+00));
#98880=VECTOR('',#98870,1.0000000000000000E+00);
#98890=LINE('',#98860,#98880);
#98900=CARTESIAN_POINT('',(-3.4090488301517780E+01,
   2.1786376124790618E+01,2.0199999999999999E+01));
#98910=VERTEX_POINT('',#98900);
#98920=EDGE_CURVE('',#98910,#98830,#98890,.T.);
#98930=ORIENTED_EDGE('',*,*,#98920,.T.);
#98940=CARTESIAN_POINT('',(-3.4090488301517787E+01,
   0.0000000000000000E+00,2.0199999999999999E+01));
#98950=DIRECTION('',(0.0000000000000000E+00,1.0000000000000000E+00,
   0.0000000000000000E+00));
#98960=VECTOR('',#98950,1.0000000000000000E+00);
#98970=LINE('',#98940,#98960);
#98980=EDGE_CURVE('',#98910,#98590,#98970,.T.);
#98990=ORIENTED_EDGE('',*,*,#98980,.F.);
#99000=EDGE_LOOP('',(#98990,#98930,#98850,#98770,#98690,#98610));
#99010=FACE_OUTER_BOUND('',#99000,.T.);
#99020=ADVANCED_FACE('',(#99010),#98510,.T.);
#99030=COLOUR_RGB('',5.0196081399917603E-01,1.0000000000000000E+00,
   5.0196081399917603E-01);
#99040=FILL_AREA_STYLE_COLOUR('',#99030);
#99050=FILL_AREA_STYLE('',(#99040));
#99060=SURFACE_STYLE_FILL_AREA(#99050);
#99070=SURFACE_SIDE_STYLE('',(#99060));
#99080=SURFACE_STYLE_USAGE(.BOTH.,#99070);
#99090=PRESENTATION_STYLE_ASSIGNMENT((#99080));
#99100=CARTESIAN_POINT('',(-3.1652975674933074E+01,
   2.8601376124790594E+01,2.1247487373415282E+01));
#99110=DIRECTION('',(7.0710678118654746E-01,0.0000000000000000E+00,
   -7.0710678118654757E-01));
#99120=DIRECTION('',(0.0000000000000000E+00,-1.0000000000000000E+00,
   0.0000000000000000E+00));
#99130=AXIS2_PLACEMENT_3D('',#99100,#99110,#99120);
#99140=PLANE('',#99130);
#99150=CARTESIAN_POINT('',(-8.4502159542249785E+01,
   2.8001376124790593E+01,-3.1601696493901422E+01));
#99160=DIRECTION('',(7.0710678118654757E-01,0.0000000000000000E+00,
   7.0710678118654746E-01));
#99170=VECTOR('',#99160,1.0000000000000000E+00);
#99180=LINE('',#99150,#99170);
#99190=CARTESIAN_POINT('',(-3.1905465551017315E+01,
   2.8001376124790593E+01,2.0994997497331042E+01));
#99200=VERTEX_POINT('',#99190);
#99210=CARTESIAN_POINT('',(-3.1900463048348364E+01,
   2.8001376124790593E+01,2.1000000000000000E+01));
#99220=VERTEX_POINT('',#99210);
#99230=EDGE_CURVE('',#99200,#99220,#99180,.T.);
#99240=ORIENTED_EDGE('',*,*,#99230,.F.);
#99250=CARTESIAN_POINT('',(-3.1900463048348364E+01,
   -2.2653715864353234E+01,2.1000000000000000E+01));
#99260=DIRECTION('',(0.0000000000000000E+00,-1.0000000000000000E+00,
   0.0000000000000000E+00));
#99270=VECTOR('',#99260,1.0000000000000000E+00);
#99280=LINE('',#99250,#99270);
#99290=CARTESIAN_POINT('',(-3.1900463048348364E+01,
   2.8601376124790601E+01,2.1000000000000000E+01));
#99300=VERTEX_POINT('',#99290);
#99310=EDGE_CURVE('',#99300,#99220,#99280,.T.);
#99320=ORIENTED_EDGE('',*,*,#99310,.T.);
#99330=CARTESIAN_POINT('',(-8.4502159542249785E+01,
   2.8601376124790601E+01,-3.1601696493901422E+01));
#99340=DIRECTION('',(-7.0710678118654757E-01,0.0000000000000000E+00,
   -7.0710678118654746E-01));
#99350=VECTOR('',#99340,1.0000000000000000E+00);
#99360=LINE('',#99330,#99350);
#99370=CARTESIAN_POINT('',(-3.1905465551017315E+01,
   2.8601376124790601E+01,2.0994997497331042E+01));
#99380=VERTEX_POINT('',#99370);
#99390=EDGE_CURVE('',#99300,#99380,#99360,.T.);
#99400=ORIENTED_EDGE('',*,*,#99390,.F.);
#99410=CARTESIAN_POINT('',(-3.1905465551017315E+01,
   3.9321376124790604E+01,2.0994997497331042E+01));
#99420=DIRECTION('',(0.0000000000000000E+00,-1.0000000000000000E+00,
   0.0000000000000000E+00));
#99430=VECTOR('',#99420,1.0000000000000000E+00);
#99440=LINE('',#99410,#99430);
#99450=EDGE_CURVE('',#99380,#99200,#99440,.T.);
#99460=ORIENTED_EDGE('',*,*,#99450,.F.);
#99470=EDGE_LOOP('',(#99460,#99400,#99320,#99240));
#99480=FACE_OUTER_BOUND('',#99470,.T.);
#99490=ADVANCED_FACE('',(#99480),#99140,.T.);
#99500=COLOUR_RGB('',9.4901967048645020E-01,9.4901967048645020E-01,
   1.0000000000000000E+00);
#99510=FILL_AREA_STYLE_COLOUR('',#99500);
#99520=FILL_AREA_STYLE('',(#99510));
#99530=SURFACE_STYLE_FILL_AREA(#99520);
#99540=SURFACE_SIDE_STYLE('',(#99530));
#99550=SURFACE_STYLE_USAGE(.BOTH.,#99540);
#99560=PRESENTATION_STYLE_ASSIGNMENT((#99550));
#99570=CARTESIAN_POINT('',(-3.3520488301517801E+01,
   2.2071376124790600E+01,2.1000000000000000E+01));
#99580=DIRECTION('',(1.0000000000000000E+00,0.0000000000000000E+00,
   0.0000000000000000E+00));
#99590=DIRECTION('',(0.0000000000000000E+00,-1.0000000000000000E+00,
   0.0000000000000000E+00));
#99600=AXIS2_PLACEMENT_3D('',#99570,#99580,#99590);
#99610=PLANE('',#99600);
#99620=ORIENTED_EDGE('',*,*,#98760,.T.);
#99630=CARTESIAN_POINT('',(-3.3520488301517801E+01,
   2.3821376124790600E+01,2.1000000000000000E+01));
#99640=DIRECTION('',(0.0000000000000000E+00,0.0000000000000000E+00,
   -1.0000000000000000E+00));
#99650=VECTOR('',#99640,1.0000000000000000E+00);
#99660=LINE('',#99630,#99650);
#99670=CARTESIAN_POINT('',(-3.3520488301517801E+01,
   2.3821376124790600E+01,2.1800000000000001E+01));
#99680=VERTEX_POINT('',#99670);
#99690=EDGE_CURVE('',#99680,#98670,#99660,.T.);
#99700=ORIENTED_EDGE('',*,*,#99690,.T.);
#99710=CARTESIAN_POINT('',(-3.3520488301517801E+01,
   2.3821376124790600E+01,2.1800000000000001E+01));
#99720=DIRECTION('',(0.0000000000000000E+00,-1.0000000000000000E+00,
   0.0000000000000000E+00));
#99730=VECTOR('',#99720,1.0000000000000000E+00);
#99740=LINE('',#99710,#99730);
#99750=CARTESIAN_POINT('',(-3.3520488301517801E+01,
   2.2071376124790600E+01,2.1800000000000001E+01));
#99760=VERTEX_POINT('',#99750);
#99770=EDGE_CURVE('',#99680,#99760,#99740,.T.);
#99780=ORIENTED_EDGE('',*,*,#99770,.F.);
#99790=CARTESIAN_POINT('',(-3.3520488301517801E+01,
   2.2071376124790600E+01,2.1000000000000000E+01));
#99800=DIRECTION('',(0.0000000000000000E+00,0.0000000000000000E+00,
   1.0000000000000000E+00));
#99810=VECTOR('',#99800,1.0000000000000000E+00);
#99820=LINE('',#99790,#99810);
#99830=EDGE_CURVE('',#98750,#99760,#99820,.T.);
#99840=ORIENTED_EDGE('',*,*,#99830,.T.);
#99850=EDGE_LOOP('',(#99840,#99780,#99700,#99620));
#99860=FACE_OUTER_BOUND('',#99850,.T.);
#99870=ADVANCED_FACE('',(#99860),#99610,.F.);
#99880=COLOUR_RGB('',5.0196081399917603E-01,1.0000000000000000E+00,
   5.0196081399917603E-01);
#99890=FILL_AREA_STYLE_COLOUR('',#99880);
#99900=FILL_AREA_STYLE('',(#99890));
#99910=SURFACE_STYLE_FILL_AREA(#99900);
#99920=SURFACE_SIDE_STYLE('',(#99910));
#99930=SURFACE_STYLE_USAGE(.BOTH.,#99920);
#99940=PRESENTATION_STYLE_ASSIGNMENT((#99930));
#99950=CARTESIAN_POINT('',(-3.2074229385564998E+01,
   2.8601376124790601E+01,2.1668741084047205E+01));
#99960=DIRECTION('',(0.0000000000000000E+00,1.0000000000000000E+00,
   0.0000000000000000E+00));
#99970=DIRECTION('',(7.0710678118654746E-01,0.0000000000000000E+00,
   -7.0710678118654757E-01));
#99980=AXIS2_PLACEMENT_3D('',#99950,#99960,#99970);
#99990=PLANE('',#99980);
#100000=CARTESIAN_POINT('',(-3.1355488301517802E+01,
   2.8601376124790601E+01,2.1000000000000000E+01));
#100010=DIRECTION('',(0.0000000000000000E+00,-1.0000000000000000E+00,
   0.0000000000000000E+00));
#100020=DIRECTION('',(1.0000000000000000E+00,0.0000000000000000E+00,
   0.0000000000000000E+00));
#100030=AXIS2_PLACEMENT_3D('',#100000,#100010,#100020);
#100040=CIRCLE('',#100030,5.5000000000000004E-01);
#100050=CARTESIAN_POINT('',(-3.1905488301517799E+01,
   2.8601376124790601E+01,2.1000000000000000E+01));
#100060=VERTEX_POINT('',#100050);
#100070=EDGE_CURVE('',#100060,#99380,#100040,.T.);
#100080=ORIENTED_EDGE('',*,*,#100070,.F.);
#100090=ORIENTED_EDGE('',*,*,#99390,.T.);
#100100=CARTESIAN_POINT('',(-8.4502159542249785E+01,
   2.8601376124790601E+01,2.1000000000000000E+01));
#100110=DIRECTION('',(1.0000000000000000E+00,-0.0000000000000000E+00,
   0.0000000000000000E+00));
#100120=VECTOR('',#100110,1.0000000000000000E+00);
#100130=LINE('',#100100,#100120);
#100140=EDGE_CURVE('',#100060,#99300,#100130,.T.);
#100150=ORIENTED_EDGE('',*,*,#100140,.T.);
#100160=EDGE_LOOP('',(#100150,#100090,#100080));
#100170=FACE_OUTER_BOUND('',#100160,.T.);
#100180=ADVANCED_FACE('',(#100170),#99990,.T.);
#100190=COLOUR_RGB('',9.4901967048645020E-01,9.4901967048645020E-01,
   1.0000000000000000E+00);
#100200=FILL_AREA_STYLE_COLOUR('',#100190);
#100210=FILL_AREA_STYLE('',(#100200));
#100220=SURFACE_STYLE_FILL_AREA(#100210);
#100230=SURFACE_SIDE_STYLE('',(#100220));
#100240=SURFACE_STYLE_USAGE(.BOTH.,#100230);
#100250=PRESENTATION_STYLE_ASSIGNMENT((#100240));
#100260=CARTESIAN_POINT('',(-3.3520488301517801E+01,
   2.3821376124790600E+01,2.1000000000000000E+01));
#100270=DIRECTION('',(-0.0000000000000000E+00,1.0000000000000000E+00,
   0.0000000000000000E+00));
#100280=DIRECTION('',(1.0000000000000000E+00,0.0000000000000000E+00,
   0.0000000000000000E+00));
#100290=AXIS2_PLACEMENT_3D('',#100260,#100270,#100280);
#100300=PLANE('',#100290);
#100310=ORIENTED_EDGE('',*,*,#98680,.T.);
#100320=CARTESIAN_POINT('',(-3.3805488301517798E+01,
   2.3821376124790600E+01,1.7500000000000000E+01));
#100330=DIRECTION('',(0.0000000000000000E+00,0.0000000000000000E+00,
   -1.0000000000000000E+00));
#100340=VECTOR('',#100330,1.0000000000000000E+00);
#100350=LINE('',#100320,#100340);
#100360=CARTESIAN_POINT('',(-3.3805488301517798E+01,
   2.3821376124790600E+01,2.1800000000000001E+01));
#100370=VERTEX_POINT('',#100360);
#100380=EDGE_CURVE('',#100370,#98570,#100350,.T.);
#100390=ORIENTED_EDGE('',*,*,#100380,.T.);
#100400=CARTESIAN_POINT('',(-3.3805488301517798E+01,
   2.3821376124790600E+01,2.1800000000000001E+01));
#100410=DIRECTION('',(1.0000000000000000E+00,0.0000000000000000E+00,
   0.0000000000000000E+00));
#100420=VECTOR('',#100410,1.0000000000000000E+00);
#100430=LINE('',#100400,#100420);
#100440=EDGE_CURVE('',#100370,#99680,#100430,.T.);
#100450=ORIENTED_EDGE('',*,*,#100440,.F.);
#100460=ORIENTED_EDGE('',*,*,#99690,.F.);
#100470=EDGE_LOOP('',(#100460,#100450,#100390,#100310));
#100480=FACE_OUTER_BOUND('',#100470,.T.);
#100490=ADVANCED_FACE('',(#100480),#100300,.F.);
#100500=COLOUR_RGB('',5.0196081399917603E-01,1.0000000000000000E+00,
   5.0196081399917603E-01);
#100510=FILL_AREA_STYLE_COLOUR('',#100500);
#100520=FILL_AREA_STYLE('',(#100510));
#100530=SURFACE_STYLE_FILL_AREA(#100520);
#100540=SURFACE_SIDE_STYLE('',(#100530));
#100550=SURFACE_STYLE_USAGE(.BOTH.,#100540);
#100560=PRESENTATION_STYLE_ASSIGNMENT((#100550));
#100570=CARTESIAN_POINT('',(0.0000000000000000E+00,
   0.0000000000000000E+00,2.1800000000000001E+01));
#100580=DIRECTION('',(0.0000000000000000E+00,0.0000000000000000E+00,
   1.0000000000000000E+00));
#100590=DIRECTION('',(1.0000000000000000E+00,0.0000000000000000E+00,
   0.0000000000000000E+00));
#100600=AXIS2_PLACEMENT_3D('',#100570,#100580,#100590);
#100610=PLANE('',#100600);
#100620=CARTESIAN_POINT('',(-3.3805488301517798E+01,
   2.3821376124790600E+01,2.1800000000000001E+01));
#100630=DIRECTION('',(-2.5881904510253184E-01,9.6592582628906531E-01,
   0.0000000000000000E+00));
#100640=VECTOR('',#100630,1.0000000000000000E+00);
#100650=LINE('',#100620,#100640);
#100660=CARTESIAN_POINT('',(-3.4090488301517780E+01,
   2.4885010604947620E+01,2.1800000000000001E+01));
#100670=VERTEX_POINT('',#100660);
#100680=EDGE_CURVE('',#100370,#100670,#100650,.T.);
#100690=ORIENTED_EDGE('',*,*,#100680,.F.);
#100700=CARTESIAN_POINT('',(-3.4090488301517780E+01,
   0.0000000000000000E+00,2.1800000000000001E+01));
#100710=DIRECTION('',(0.0000000000000000E+00,1.0000000000000000E+00,
   0.0000000000000000E+00));
#100720=VECTOR('',#100710,1.0000000000000000E+00);
#100730=LINE('',#100700,#100720);
#100740=CARTESIAN_POINT('',(-3.4090488301517780E+01,
   2.1786376124790618E+01,2.1800000000000001E+01));
#100750=VERTEX_POINT('',#100740);
#100760=EDGE_CURVE('',#100750,#100670,#100730,.T.);
#100770=ORIENTED_EDGE('',*,*,#100760,.T.);
#100780=CARTESIAN_POINT('',(0.0000000000000000E+00,
   5.5876864426308202E+01,2.1800000000000001E+01));
#100790=DIRECTION('',(7.0710678118654968E-01,7.0710678118654535E-01,
   0.0000000000000000E+00));
#100800=VECTOR('',#100790,1.0000000000000000E+00);
#100810=LINE('',#100780,#100800);
#100820=CARTESIAN_POINT('',(-3.3805488301517798E+01,
   2.2071376124790600E+01,2.1800000000000001E+01));
#100830=VERTEX_POINT('',#100820);
#100840=EDGE_CURVE('',#100750,#100830,#100810,.T.);
#100850=ORIENTED_EDGE('',*,*,#100840,.F.);
#100860=CARTESIAN_POINT('',(-3.3805488301517798E+01,
   2.2071376124790600E+01,2.1800000000000001E+01));
#100870=DIRECTION('',(1.0000000000000000E+00,0.0000000000000000E+00,
   0.0000000000000000E+00));
#100880=VECTOR('',#100870,1.0000000000000000E+00);
#100890=LINE('',#100860,#100880);
#100900=EDGE_CURVE('',#100830,#99760,#100890,.T.);
#100910=ORIENTED_EDGE('',*,*,#100900,.F.);
#100920=ORIENTED_EDGE('',*,*,#99770,.T.);
#100930=ORIENTED_EDGE('',*,*,#100440,.T.);
#100940=EDGE_LOOP('',(#100930,#100920,#100910,#100850,#100770,#100690));
#100950=FACE_OUTER_BOUND('',#100940,.T.);
#100960=ADVANCED_FACE('',(#100950),#100610,.F.);
#100970=COLOUR_RGB('',5.0196081399917603E-01,1.0000000000000000E+00,
   5.0196081399917603E-01);
#100980=FILL_AREA_STYLE_COLOUR('',#100970);
#100990=FILL_AREA_STYLE('',(#100980));
#101000=SURFACE_STYLE_FILL_AREA(#100990);
#101010=SURFACE_SIDE_STYLE('',(#101000));
#101020=SURFACE_STYLE_USAGE(.BOTH.,#101010);
#101030=PRESENTATION_STYLE_ASSIGNMENT((#101020));
#101040=CARTESIAN_POINT('',(-3.4997595082704343E+01,
   2.2071376124790600E+01,2.2000000000000000E+01));
#101050=DIRECTION('',(0.0000000000000000E+00,-1.0000000000000000E+00,
   0.0000000000000000E+00));
#101060=DIRECTION('',(1.0000000000000000E+00,0.0000000000000000E+00,
   0.0000000000000000E+00));
#101070=AXIS2_PLACEMENT_3D('',#101040,#101050,#101060);
#101080=CYLINDRICAL_SURFACE('',#101070,5.0000000000000400E-01);
#101090=CARTESIAN_POINT('',(-3.4997595082704343E+01,
   2.5421376124790601E+01,2.2000000000000000E+01));
#101100=DIRECTION('',(0.0000000000000000E+00,-1.0000000000000000E+00,
   0.0000000000000000E+00));
#101110=DIRECTION('',(1.0000000000000000E+00,0.0000000000000000E+00,
   0.0000000000000000E+00));
#101120=AXIS2_PLACEMENT_3D('',#101090,#101100,#101110);
#101130=CIRCLE('',#101120,5.0000000000000400E-01);
#101140=CARTESIAN_POINT('',(-3.4644041692111067E+01,
   2.5421376124790601E+01,2.2353553390593277E+01));
#101150=VERTEX_POINT('',#101140);
#101160=EDGE_CURVE('',#101150,#40960,#101130,.T.);
#101170=ORIENTED_EDGE('',*,*,#101160,.F.);
#101180=ORIENTED_EDGE('',*,*,#40970,.F.);
#101190=CARTESIAN_POINT('',(-3.4997595082704343E+01,
   2.0879269343604062E+01,2.2000000000000000E+01));
#101200=DIRECTION('',(7.0710678118654535E-01,-7.0710678118654968E-01,
   0.0000000000000000E+00));
#101210=DIRECTION('',(-7.0710678118654968E-01,-7.0710678118654535E-01,
   0.0000000000000000E+00));
#101220=AXIS2_PLACEMENT_3D('',#101190,#101200,#101210);
#101230=ELLIPSE('',#101220,7.0710678118655101E-01,5.0000000000000400E-01
   );
#101240=CARTESIAN_POINT('',(-3.4644041692111067E+01,
   2.1232822734197338E+01,2.2353553390593277E+01));
#101250=VERTEX_POINT('',#101240);
#101260=EDGE_CURVE('',#101250,#40880,#101230,.T.);
#101270=ORIENTED_EDGE('',*,*,#101260,.T.);
#101280=CARTESIAN_POINT('',(-3.4644041692111067E+01,
   2.2071376124790600E+01,2.2353553390593277E+01));
#101290=DIRECTION('',(0.0000000000000000E+00,-1.0000000000000000E+00,
   0.0000000000000000E+00));
#101300=VECTOR('',#101290,1.0000000000000000E+00);
#101310=LINE('',#101280,#101300);
#101320=EDGE_CURVE('',#101150,#101250,#101310,.T.);
#101330=ORIENTED_EDGE('',*,*,#101320,.T.);
#101340=EDGE_LOOP('',(#101330,#101270,#101180,#101170));
#101350=FACE_OUTER_BOUND('',#101340,.T.);
#101360=ADVANCED_FACE('',(#101350),#101080,.F.);
#101370=COLOUR_RGB('',5.0196081399917603E-01,1.0000000000000000E+00,
   5.0196081399917603E-01);
#101380=FILL_AREA_STYLE_COLOUR('',#101370);
#101390=FILL_AREA_STYLE('',(#101380));
#101400=SURFACE_STYLE_FILL_AREA(#101390);
#101410=SURFACE_SIDE_STYLE('',(#101400));
#101420=SURFACE_STYLE_USAGE(.BOTH.,#101410);
#101430=PRESENTATION_STYLE_ASSIGNMENT((#101420));
#101440=CARTESIAN_POINT('',(-3.2921824807528317E+01,
   2.8821376124790600E+01,1.7500000000000000E+01));
#101450=DIRECTION('',(0.0000000000000000E+00,0.0000000000000000E+00,
   1.0000000000000000E+00));
#101460=DIRECTION('',(1.0000000000000000E+00,0.0000000000000000E+00,
   0.0000000000000000E+00));
#101470=AXIS2_PLACEMENT_3D('',#101440,#101450,#101460);
#101480=CYLINDRICAL_SURFACE('',#101470,5.0000000000000000E-01);
#101490=ORIENTED_EDGE('',*,*,#3890,.T.);
#101500=ORIENTED_EDGE('',*,*,#93300,.F.);
#101510=CARTESIAN_POINT('',(-3.2921824807528317E+01,
   2.8821376124790600E+01,2.3000000000000000E+01));
#101520=DIRECTION('',(0.0000000000000000E+00,0.0000000000000000E+00,
   1.0000000000000000E+00));
#101530=DIRECTION('',(1.0000000000000000E+00,0.0000000000000000E+00,
   0.0000000000000000E+00));
#101540=AXIS2_PLACEMENT_3D('',#101510,#101520,#101530);
#101550=CIRCLE('',#101540,4.9999999999999745E-01);
#101560=EDGE_CURVE('',#93230,#77130,#101550,.T.);
#101570=ORIENTED_EDGE('',*,*,#101560,.F.);
#101580=ORIENTED_EDGE('',*,*,#77290,.F.);
#101590=EDGE_LOOP('',(#101580,#101570,#101500,#101490));
#101600=FACE_OUTER_BOUND('',#101590,.T.);
#101610=ADVANCED_FACE('',(#101600),#101480,.T.);
#101620=COLOUR_RGB('',5.0196081399917603E-01,1.0000000000000000E+00,
   5.0196081399917603E-01);
#101630=FILL_AREA_STYLE_COLOUR('',#101620);
#101640=FILL_AREA_STYLE('',(#101630));
#101650=SURFACE_STYLE_FILL_AREA(#101640);
#101660=SURFACE_SIDE_STYLE('',(#101650));
#101670=SURFACE_STYLE_USAGE(.BOTH.,#101660);
#101680=PRESENTATION_STYLE_ASSIGNMENT((#101670));
#101690=CARTESIAN_POINT('',(-3.4644041692111067E+01,
   2.5421376124790601E+01,2.0199999999999999E+01));
#101700=DIRECTION('',(-0.0000000000000000E+00,1.0000000000000000E+00,
   0.0000000000000000E+00));
#101710=DIRECTION('',(1.0000000000000000E+00,0.0000000000000000E+00,
   0.0000000000000000E+00));
#101720=AXIS2_PLACEMENT_3D('',#101690,#101700,#101710);
#101730=PLANE('',#101720);
#101740=ORIENTED_EDGE('',*,*,#101160,.T.);
#101750=CARTESIAN_POINT('',(-2.9790488301517854E+01,
   2.5421376124790601E+01,1.7500000000000000E+01));
#101760=DIRECTION('',(7.0710678118654302E-01,0.0000000000000000E+00,
   -7.0710678118655212E-01));
#101770=VECTOR('',#101760,1.0000000000000000E+00);
#101780=LINE('',#101750,#101770);
#101790=CARTESIAN_POINT('',(-3.4617870503397079E+01,
   2.5421376124790594E+01,2.2327382201879288E+01));
#101800=VERTEX_POINT('',#101790);
#101810=EDGE_CURVE('',#101150,#101800,#101780,.T.);
#101820=ORIENTED_EDGE('',*,*,#101810,.F.);
#101830=CARTESIAN_POINT('',(-3.4617870503397079E+01,
   2.5421376124790594E+01,2.0199999999999999E+01));
#101840=DIRECTION('',(0.0000000000000000E+00,0.0000000000000000E+00,
   1.0000000000000000E+00));
#101850=VECTOR('',#101840,1.0000000000000000E+00);
#101860=LINE('',#101830,#101850);
#101870=CARTESIAN_POINT('',(-3.4617870503397079E+01,
   2.5421376124790594E+01,1.9672617798120719E+01));
#101880=VERTEX_POINT('',#101870);
#101890=EDGE_CURVE('',#101880,#101800,#101860,.T.);
#101900=ORIENTED_EDGE('',*,*,#101890,.T.);
#101910=CARTESIAN_POINT('',(0.0000000000000000E+00,
   2.5421376124790594E+01,5.4290488301517350E+01));
#101920=DIRECTION('',(-7.0710678118655201E-01,0.0000000000000000E+00,
   -7.0710678118654302E-01));
#101930=VECTOR('',#101920,1.0000000000000000E+00);
#101940=LINE('',#101910,#101930);
#101950=CARTESIAN_POINT('',(-3.4644041692111067E+01,
   2.5421376124790601E+01,1.9646446609406727E+01));
#101960=VERTEX_POINT('',#101950);
#101970=EDGE_CURVE('',#101880,#101960,#101940,.T.);
#101980=ORIENTED_EDGE('',*,*,#101970,.F.);
#101990=CARTESIAN_POINT('',(-3.4997595082704343E+01,
   2.5421376124790601E+01,2.0000000000000000E+01));
#102000=DIRECTION('',(0.0000000000000000E+00,-1.0000000000000000E+00,
   0.0000000000000000E+00));
#102010=DIRECTION('',(1.0000000000000000E+00,0.0000000000000000E+00,
   0.0000000000000000E+00));
#102020=AXIS2_PLACEMENT_3D('',#101990,#102000,#102010);
#102030=CIRCLE('',#102020,5.0000000000000000E-01);
#102040=EDGE_CURVE('',#40780,#101960,#102030,.T.);
#102050=ORIENTED_EDGE('',*,*,#102040,.T.);
#102060=ORIENTED_EDGE('',*,*,#41030,.F.);
#102070=EDGE_LOOP('',(#102060,#102050,#101980,#101900,#101820,#101740));
#102080=FACE_OUTER_BOUND('',#102070,.T.);
#102090=ADVANCED_FACE('',(#102080),#101730,.F.);
#102100=COLOUR_RGB('',5.0196081399917603E-01,1.0000000000000000E+00,
   5.0196081399917603E-01);
#102110=FILL_AREA_STYLE_COLOUR('',#102100);
#102120=FILL_AREA_STYLE('',(#102110));
#102130=SURFACE_STYLE_FILL_AREA(#102120);
#102140=SURFACE_SIDE_STYLE('',(#102130));
#102150=SURFACE_STYLE_USAGE(.BOTH.,#102140);
#102160=PRESENTATION_STYLE_ASSIGNMENT((#102150));
#102170=CARTESIAN_POINT('',(-2.9442235154989220E+01,
   2.3598321788203702E+01,2.3000000000000000E+01));
#102180=DIRECTION('',(0.0000000000000000E+00,0.0000000000000000E+00,
   1.0000000000000000E+00));
#102190=DIRECTION('',(1.0000000000000000E+00,0.0000000000000000E+00,
   0.0000000000000000E+00));
#102200=AXIS2_PLACEMENT_3D('',#102170,#102180,#102190);
#102210=CYLINDRICAL_SURFACE('',#102200,1.5809685943358431E-01);
#102220=CARTESIAN_POINT('',(-2.9442235154989220E+01,
   2.3598321788203702E+01,2.3000000000000000E+01));
#102230=DIRECTION('',(0.0000000000000000E+00,0.0000000000000000E+00,
   1.0000000000000000E+00));
#102240=DIRECTION('',(1.0000000000000000E+00,0.0000000000000000E+00,
   0.0000000000000000E+00));
#102250=AXIS2_PLACEMENT_3D('',#102220,#102230,#102240);
#102260=CIRCLE('',#102250,1.5809685943358431E-01);
#102270=CARTESIAN_POINT('',(-2.9511254723635261E+01,
   2.3456086363267868E+01,2.3000000000000000E+01));
#102280=VERTEX_POINT('',#102270);
#102290=EDGE_CURVE('',#20660,#102280,#102260,.T.);
#102300=ORIENTED_EDGE('',*,*,#102290,.F.);
#102310=CARTESIAN_POINT('',(-2.9511254723635204E+01,
   2.3456086363267982E+01,2.3000000000000000E+01));
#102320=DIRECTION('',(0.0000000000000000E+00,0.0000000000000000E+00,
   -1.0000000000000000E+00));
#102330=VECTOR('',#102320,1.0000000000000000E+00);
#102340=LINE('',#102310,#102330);
#102350=CARTESIAN_POINT('',(-2.9511254723635204E+01,
   2.3456086363267982E+01,2.2899999999999999E+01));
#102360=VERTEX_POINT('',#102350);
#102370=EDGE_CURVE('',#102280,#102360,#102340,.T.);
#102380=ORIENTED_EDGE('',*,*,#102370,.F.);
#102390=CARTESIAN_POINT('',(-2.9442235154989220E+01,
   2.3598321788203702E+01,2.2899999999999999E+01));
#102400=DIRECTION('',(0.0000000000000000E+00,0.0000000000000000E+00,
   1.0000000000000000E+00));
#102410=DIRECTION('',(1.0000000000000000E+00,0.0000000000000000E+00,
   0.0000000000000000E+00));
#102420=AXIS2_PLACEMENT_3D('',#102390,#102400,#102410);
#102430=CIRCLE('',#102420,1.5809685943358431E-01);
#102440=EDGE_CURVE('',#20760,#102360,#102430,.T.);
#102450=ORIENTED_EDGE('',*,*,#102440,.T.);
#102460=ORIENTED_EDGE('',*,*,#20770,.F.);
#102470=EDGE_LOOP('',(#102460,#102450,#102380,#102300));
#102480=FACE_OUTER_BOUND('',#102470,.T.);
#102490=ADVANCED_FACE('',(#102480),#102210,.T.);
#102500=COLOUR_RGB('',5.0196081399917603E-01,1.0000000000000000E+00,
   5.0196081399917603E-01);
#102510=FILL_AREA_STYLE_COLOUR('',#102500);
#102520=FILL_AREA_STYLE('',(#102510));
#102530=SURFACE_STYLE_FILL_AREA(#102520);
#102540=SURFACE_SIDE_STYLE('',(#102530));
#102550=SURFACE_STYLE_USAGE(.BOTH.,#102540);
#102560=PRESENTATION_STYLE_ASSIGNMENT((#102550));
#102570=CARTESIAN_POINT('',(-3.4644041692111067E+01,
   2.1232822734197338E+01,2.0199999999999999E+01));
#102580=DIRECTION('',(7.0710678118654535E-01,-7.0710678118654968E-01,
   0.0000000000000000E+00));
#102590=DIRECTION('',(-7.0710678118654968E-01,-7.0710678118654535E-01,
   0.0000000000000000E+00));
#102600=AXIS2_PLACEMENT_3D('',#102570,#102580,#102590);
#102610=PLANE('',#102600);
#102620=CARTESIAN_POINT('',(-3.4997595082704343E+01,
   2.0879269343604062E+01,2.0000000000000000E+01));
#102630=DIRECTION('',(7.0710678118654535E-01,-7.0710678118654968E-01,
   0.0000000000000000E+00));
#102640=DIRECTION('',(-7.0710678118654968E-01,-7.0710678118654535E-01,
   0.0000000000000000E+00));
#102650=AXIS2_PLACEMENT_3D('',#102620,#102630,#102640);
#102660=ELLIPSE('',#102650,7.0710678118654535E-01,5.0000000000000000E-01
   );
#102670=CARTESIAN_POINT('',(-3.4644041692111067E+01,
   2.1232822734197338E+01,1.9646446609406727E+01));
#102680=VERTEX_POINT('',#102670);
#102690=EDGE_CURVE('',#40800,#102680,#102660,.T.);
#102700=ORIENTED_EDGE('',*,*,#102690,.F.);
#102710=CARTESIAN_POINT('',(0.0000000000000000E+00,
   5.5876864426308202E+01,5.4290488301517357E+01));
#102720=DIRECTION('',(5.7735026918962939E-01,5.7735026918962584E-01,
   5.7735026918962207E-01));
#102730=VECTOR('',#102720,1.0000000000000000E+00);
#102740=LINE('',#102710,#102730);
#102750=EDGE_CURVE('',#102680,#98910,#102740,.T.);
#102760=ORIENTED_EDGE('',*,*,#102750,.F.);
#102770=ORIENTED_EDGE('',*,*,#98920,.F.);
#102780=CARTESIAN_POINT('',(-3.3805488301517805E+01,
   2.2071376124790600E+01,1.7500000000000000E+01));
#102790=DIRECTION('',(0.0000000000000000E+00,0.0000000000000000E+00,
   1.0000000000000000E+00));
#102800=VECTOR('',#102790,1.0000000000000000E+00);
#102810=LINE('',#102780,#102800);
#102820=EDGE_CURVE('',#98830,#100830,#102810,.T.);
#102830=ORIENTED_EDGE('',*,*,#102820,.F.);
#102840=ORIENTED_EDGE('',*,*,#100840,.T.);
#102850=CARTESIAN_POINT('',(-2.9790488301517854E+01,
   2.6086376124790515E+01,1.7500000000000000E+01));
#102860=DIRECTION('',(-5.7735026918962440E-01,-5.7735026918962096E-01,
   5.7735026918963195E-01));
#102870=VECTOR('',#102860,1.0000000000000000E+00);
#102880=LINE('',#102850,#102870);
#102890=EDGE_CURVE('',#100750,#101250,#102880,.T.);
#102900=ORIENTED_EDGE('',*,*,#102890,.F.);
#102910=ORIENTED_EDGE('',*,*,#101260,.F.);
#102920=ORIENTED_EDGE('',*,*,#40890,.T.);
#102930=EDGE_LOOP('',(#102920,#102910,#102900,#102840,#102830,#102770,
   #102760,#102700));
#102940=FACE_OUTER_BOUND('',#102930,.T.);
#102950=ADVANCED_FACE('',(#102940),#102610,.F.);
#102960=COLOUR_RGB('',5.0196081399917603E-01,1.0000000000000000E+00,
   5.0196081399917603E-01);
#102970=FILL_AREA_STYLE_COLOUR('',#102960);
#102980=FILL_AREA_STYLE('',(#102970));
#102990=SURFACE_STYLE_FILL_AREA(#102980);
#103000=SURFACE_SIDE_STYLE('',(#102990));
#103010=SURFACE_STYLE_USAGE(.BOTH.,#103000);
#103020=PRESENTATION_STYLE_ASSIGNMENT((#103010));
#103030=CARTESIAN_POINT('',(-3.3520488301517801E+01,
   2.2071376124790600E+01,2.1000000000000000E+01));
#103040=DIRECTION('',(-0.0000000000000000E+00,-1.0000000000000000E+00,
   -0.0000000000000000E+00));
#103050=DIRECTION('',(-1.0000000000000000E+00,0.0000000000000000E+00,
   0.0000000000000000E+00));
#103060=AXIS2_PLACEMENT_3D('',#103030,#103040,#103050);
#103070=PLANE('',#103060);
#103080=ORIENTED_EDGE('',*,*,#98840,.F.);
#103090=ORIENTED_EDGE('',*,*,#99830,.F.);
#103100=ORIENTED_EDGE('',*,*,#100900,.T.);
#103110=ORIENTED_EDGE('',*,*,#102820,.T.);
#103120=EDGE_LOOP('',(#103110,#103100,#103090,#103080));
#103130=FACE_OUTER_BOUND('',#103120,.T.);
#103140=ADVANCED_FACE('',(#103130),#103070,.F.);
#103150=COLOUR_RGB('',5.0196081399917603E-01,1.0000000000000000E+00,
   5.0196081399917603E-01);
#103160=FILL_AREA_STYLE_COLOUR('',#103150);
#103170=FILL_AREA_STYLE('',(#103160));
#103180=SURFACE_STYLE_FILL_AREA(#103170);
#103190=SURFACE_SIDE_STYLE('',(#103180));
#103200=SURFACE_STYLE_USAGE(.BOTH.,#103190);
#103210=PRESENTATION_STYLE_ASSIGNMENT((#103200));
#103220=CARTESIAN_POINT('',(-3.3805488301517798E+01,
   2.3821376124790600E+01,2.1000000000000000E+01));
#103230=DIRECTION('',(9.6592582628906531E-01,2.5881904510253184E-01,
   0.0000000000000000E+00));
#103240=DIRECTION('',(2.5881904510253184E-01,-9.6592582628906531E-01,
   0.0000000000000000E+00));
#103250=AXIS2_PLACEMENT_3D('',#103220,#103230,#103240);
#103260=PLANE('',#103250);
#103270=ORIENTED_EDGE('',*,*,#98600,.F.);
#103280=CARTESIAN_POINT('',(-2.7422569806281828E+01,
   0.0000000000000000E+00,2.6867918495235866E+01));
#103290=DIRECTION('',(-2.5056280708574180E-01,9.3511312653102474E-01,
   -2.5056280708573864E-01));
#103300=VECTOR('',#103290,1.0000000000000000E+00);
#103310=LINE('',#103280,#103300);
#103320=CARTESIAN_POINT('',(-3.4134907590252553E+01,
   2.5050785647341851E+01,2.0155580711265237E+01));
#103330=VERTEX_POINT('',#103320);
#103340=EDGE_CURVE('',#98590,#103330,#103310,.T.);
#103350=ORIENTED_EDGE('',*,*,#103340,.F.);
#103360=CARTESIAN_POINT('',(-3.4134907590252553E+01,
   2.5050785647341851E+01,2.0199999999999999E+01));
#103370=DIRECTION('',(0.0000000000000000E+00,0.0000000000000000E+00,
   -1.0000000000000000E+00));
#103380=VECTOR('',#103370,1.0000000000000000E+00);
#103390=LINE('',#103360,#103380);
#103400=CARTESIAN_POINT('',(-3.4134907590252553E+01,
   2.5050785647341851E+01,2.1844419288734755E+01));
#103410=VERTEX_POINT('',#103400);
#103420=EDGE_CURVE('',#103410,#103330,#103390,.T.);
#103430=ORIENTED_EDGE('',*,*,#103420,.T.);
#103440=CARTESIAN_POINT('',(-2.7422569806281842E+01,
   0.0000000000000000E+00,1.5132081504763953E+01));
#103450=DIRECTION('',(2.5056280708574147E-01,-9.3511312653102330E-01,
   -2.5056280708574469E-01));
#103460=VECTOR('',#103450,1.0000000000000000E+00);
#103470=LINE('',#103440,#103460);
#103480=EDGE_CURVE('',#103410,#100670,#103470,.T.);
#103490=ORIENTED_EDGE('',*,*,#103480,.F.);
#103500=ORIENTED_EDGE('',*,*,#100680,.T.);
#103510=ORIENTED_EDGE('',*,*,#100380,.F.);
#103520=EDGE_LOOP('',(#103510,#103500,#103490,#103430,#103350,#103270));
#103530=FACE_OUTER_BOUND('',#103520,.T.);
#103540=ADVANCED_FACE('',(#103530),#103260,.F.);
#103550=COLOUR_RGB('',5.0196081399917603E-01,1.0000000000000000E+00,
   5.0196081399917603E-01);
#103560=FILL_AREA_STYLE_COLOUR('',#103550);
#103570=FILL_AREA_STYLE('',(#103560));
#103580=SURFACE_STYLE_FILL_AREA(#103570);
#103590=SURFACE_SIDE_STYLE('',(#103580));
#103600=SURFACE_STYLE_USAGE(.BOTH.,#103590);
#103610=PRESENTATION_STYLE_ASSIGNMENT((#103600));
#103620=CARTESIAN_POINT('',(-3.4617870503397079E+01,
   2.4921376124790601E+01,2.0199999999999999E+01));
#103630=DIRECTION('',(0.0000000000000000E+00,0.0000000000000000E+00,
   1.0000000000000000E+00));
#103640=DIRECTION('',(1.0000000000000000E+00,0.0000000000000000E+00,
   0.0000000000000000E+00));
#103650=AXIS2_PLACEMENT_3D('',#103620,#103630,#103640);
#103660=CYLINDRICAL_SURFACE('',#103650,4.9999999999998912E-01);
#103670=CARTESIAN_POINT('',(-3.4617870503397079E+01,
   2.4921376124790601E+01,2.2327382201879288E+01));
#103680=DIRECTION('',(7.0710678118655212E-01,0.0000000000000000E+00,
   7.0710678118654302E-01));
#103690=DIRECTION('',(7.0710678118654302E-01,0.0000000000000000E+00,
   -7.0710678118655212E-01));
#103700=AXIS2_PLACEMENT_3D('',#103670,#103680,#103690);
#103710=ELLIPSE('',#103700,7.0710678118653658E-01,4.9999999999998901E-01
   );
#103720=EDGE_CURVE('',#103410,#101800,#103710,.T.);
#103730=ORIENTED_EDGE('',*,*,#103720,.T.);
#103740=ORIENTED_EDGE('',*,*,#103420,.F.);
#103750=CARTESIAN_POINT('',(-3.4617870503397079E+01,
   2.4921376124790594E+01,1.9672617798120719E+01));
#103760=DIRECTION('',(7.0710678118654302E-01,0.0000000000000000E+00,
   -7.0710678118655201E-01));
#103770=DIRECTION('',(-7.0710678118655201E-01,0.0000000000000000E+00,
   -7.0710678118654302E-01));
#103780=AXIS2_PLACEMENT_3D('',#103750,#103760,#103770);
#103790=ELLIPSE('',#103780,7.0710678118652770E-01,4.9999999999998912E-01
   );
#103800=EDGE_CURVE('',#101880,#103330,#103790,.T.);
#103810=ORIENTED_EDGE('',*,*,#103800,.T.);
#103820=ORIENTED_EDGE('',*,*,#101890,.F.);
#103830=EDGE_LOOP('',(#103820,#103810,#103740,#103730));
#103840=FACE_OUTER_BOUND('',#103830,.T.);
#103850=ADVANCED_FACE('',(#103840),#103660,.F.);
#103860=COLOUR_RGB('',5.0196081399917603E-01,1.0000000000000000E+00,
   5.0196081399917603E-01);
#103870=FILL_AREA_STYLE_COLOUR('',#103860);
#103880=FILL_AREA_STYLE('',(#103870));
#103890=SURFACE_STYLE_FILL_AREA(#103880);
#103900=SURFACE_SIDE_STYLE('',(#103890));
#103910=SURFACE_STYLE_USAGE(.BOTH.,#103900);
#103920=PRESENTATION_STYLE_ASSIGNMENT((#103910));
#103930=CARTESIAN_POINT('',(-3.4655488301517813E+01,
   2.5621376124790597E+01,2.3000000000000000E+01));
#103940=DIRECTION('',(0.0000000000000000E+00,0.0000000000000000E+00,
   1.0000000000000000E+00));
#103950=DIRECTION('',(1.0000000000000000E+00,0.0000000000000000E+00,
   0.0000000000000000E+00));
#103960=AXIS2_PLACEMENT_3D('',#103930,#103940,#103950);
#103970=CIRCLE('',#103960,3.0000000000000071E-01);
#103980=CARTESIAN_POINT('',(-3.4655488301517813E+01,
   2.5921376124790601E+01,2.3000000000000000E+01));
#103990=VERTEX_POINT('',#103980);
#104000=EDGE_CURVE('',#103990,#41120,#103970,.T.);
#104010=ORIENTED_EDGE('',*,*,#104000,.T.);
#104020=CARTESIAN_POINT('',(-3.4216515555783623E+01,
   2.5921376124790601E+01,2.3000000000000000E+01));
#104030=DIRECTION('',(-1.0000000000000000E+00,0.0000000000000000E+00,
   0.0000000000000000E+00));
#104040=VECTOR('',#104030,1.0000000000000000E+00);
#104050=LINE('',#104020,#104040);
#104060=EDGE_CURVE('',#77150,#103990,#104050,.T.);
#104070=ORIENTED_EDGE('',*,*,#104060,.T.);
#104080=ORIENTED_EDGE('',*,*,#77160,.T.);
#104090=ORIENTED_EDGE('',*,*,#101560,.T.);
#104100=ORIENTED_EDGE('',*,*,#93240,.F.);
#104110=CARTESIAN_POINT('',(-2.9868759565520477E+01,
   2.8821376124790600E+01,2.3000000000000000E+01));
#104120=DIRECTION('',(0.0000000000000000E+00,0.0000000000000000E+00,
   1.0000000000000000E+00));
#104130=DIRECTION('',(1.0000000000000000E+00,0.0000000000000000E+00,
   0.0000000000000000E+00));
#104140=AXIS2_PLACEMENT_3D('',#104110,#104120,#104130);
#104150=CIRCLE('',#104140,4.9999999999999767E-01);
#104160=CARTESIAN_POINT('',(-2.9393231307372915E+01,
   2.8975884621978071E+01,2.3000000000000000E+01));
#104170=VERTEX_POINT('',#104160);
#104180=EDGE_CURVE('',#104170,#93150,#104150,.T.);
#104190=ORIENTED_EDGE('',*,*,#104180,.T.);
#104200=CARTESIAN_POINT('',(-2.7655488301517799E+01,
   2.3627661581016380E+01,2.3000000000000000E+01));
#104210=DIRECTION('',(-3.0901699437494878E-01,9.5105651629515309E-01,
   0.0000000000000000E+00));
#104220=VECTOR('',#104210,1.0000000000000000E+00);
#104230=LINE('',#104200,#104220);
#104240=CARTESIAN_POINT('',(-2.7655488301517799E+01,
   2.3627661581016380E+01,2.3000000000000000E+01));
#104250=VERTEX_POINT('',#104240);
#104260=EDGE_CURVE('',#104250,#104170,#104230,.T.);
#104270=ORIENTED_EDGE('',*,*,#104260,.T.);
#104280=CARTESIAN_POINT('',(-2.7655488301517799E+01,
   2.0821376124790600E+01,2.3000000000000000E+01));
#104290=DIRECTION('',(0.0000000000000000E+00,1.0000000000000000E+00,
   0.0000000000000000E+00));
#104300=VECTOR('',#104290,1.0000000000000000E+00);
#104310=LINE('',#104280,#104300);
#104320=CARTESIAN_POINT('',(-2.7655488301517799E+01,
   2.0821376124790600E+01,2.3000000000000000E+01));
#104330=VERTEX_POINT('',#104320);
#104340=EDGE_CURVE('',#104330,#104250,#104310,.T.);
#104350=ORIENTED_EDGE('',*,*,#104340,.T.);
#104360=CARTESIAN_POINT('',(-8.4502159542249785E+01,
   2.0821376124790600E+01,2.3000000000000000E+01));
#104370=DIRECTION('',(1.0000000000000000E+00,0.0000000000000000E+00,
   0.0000000000000000E+00));
#104380=VECTOR('',#104370,1.0000000000000000E+00);
#104390=LINE('',#104360,#104380);
#104400=EDGE_CURVE('',#41140,#104330,#104390,.T.);
#104410=ORIENTED_EDGE('',*,*,#104400,.T.);
#104420=ORIENTED_EDGE('',*,*,#41150,.T.);
#104430=EDGE_LOOP('',(#104420,#104410,#104350,#104270,#104190,#104100,
   #104090,#104080,#104070,#104010));
#104440=FACE_OUTER_BOUND('',#104430,.T.);
#104450=ORIENTED_EDGE('',*,*,#94580,.F.);
#104460=ORIENTED_EDGE('',*,*,#77950,.F.);
#104470=CARTESIAN_POINT('',(0.0000000000000000E+00,
   2.1321376124790600E+01,2.3000000000000000E+01));
#104480=DIRECTION('',(1.0000000000000000E+00,0.0000000000000000E+00,
   0.0000000000000000E+00));
#104490=VECTOR('',#104480,1.0000000000000000E+00);
#104500=LINE('',#104470,#104490);
#104510=CARTESIAN_POINT('',(-2.8366284114095805E+01,
   2.1321376124790600E+01,2.3000000000000000E+01));
#104520=VERTEX_POINT('',#104510);
#104530=EDGE_CURVE('',#77940,#104520,#104500,.T.);
#104540=ORIENTED_EDGE('',*,*,#104530,.F.);
#104550=CARTESIAN_POINT('',(-2.8366284114095805E+01,
   2.1532171937368521E+01,2.3000000000000000E+01));
#104560=DIRECTION('',(0.0000000000000000E+00,0.0000000000000000E+00,
   1.0000000000000000E+00));
#104570=DIRECTION('',(1.0000000000000000E+00,0.0000000000000000E+00,
   0.0000000000000000E+00));
#104580=AXIS2_PLACEMENT_3D('',#104550,#104560,#104570);
#104590=CIRCLE('',#104580,2.1079581257792057E-01);
#104600=CARTESIAN_POINT('',(-2.8155488301517885E+01,
   2.1532171937368521E+01,2.3000000000000000E+01));
#104610=VERTEX_POINT('',#104600);
#104620=EDGE_CURVE('',#104520,#104610,#104590,.T.);
#104630=ORIENTED_EDGE('',*,*,#104620,.F.);
#104640=CARTESIAN_POINT('',(-2.8155488301517806E+01,
   0.0000000000000000E+00,2.3000000000000000E+01));
#104650=DIRECTION('',(0.0000000000000000E+00,1.0000000000000000E+00,
   0.0000000000000000E+00));
#104660=VECTOR('',#104650,1.0000000000000000E+00);
#104670=LINE('',#104640,#104660);
#104680=EDGE_CURVE('',#104610,#62990,#104670,.T.);
#104690=ORIENTED_EDGE('',*,*,#104680,.F.);
#104700=ORIENTED_EDGE('',*,*,#63020,.F.);
#104710=CARTESIAN_POINT('',(0.0000000000000000E+00,
   2.4321376124790600E+01,2.3000000000000000E+01));
#104720=DIRECTION('',(-1.0000000000000000E+00,0.0000000000000000E+00,
   0.0000000000000000E+00));
#104730=VECTOR('',#104720,1.0000000000000000E+00);
#104740=LINE('',#104710,#104730);
#104750=EDGE_CURVE('',#63010,#82200,#104740,.T.);
#104760=ORIENTED_EDGE('',*,*,#104750,.F.);
#104770=ORIENTED_EDGE('',*,*,#82230,.F.);
#104780=EDGE_LOOP('',(#104770,#104760,#104700,#104690,#104630,#104540,
   #104460,#104450));
#104790=FACE_BOUND('',#104780,.T.);
#104800=ADVANCED_FACE('',(#104440,#104790),#79380,.T.);
#104810=COLOUR_RGB('',5.0196081399917603E-01,1.0000000000000000E+00,
   5.0196081399917603E-01);
#104820=FILL_AREA_STYLE_COLOUR('',#104810);
#104830=FILL_AREA_STYLE('',(#104820));
#104840=SURFACE_STYLE_FILL_AREA(#104830);
#104850=SURFACE_SIDE_STYLE('',(#104840));
#104860=SURFACE_STYLE_USAGE(.BOTH.,#104850);
#104870=PRESENTATION_STYLE_ASSIGNMENT((#104860));
#104880=CARTESIAN_POINT('',(-3.4090488301517794E+01,
   2.2071376124790600E+01,2.1799999999999997E+01));
#104890=DIRECTION('',(7.0710678118655212E-01,-0.0000000000000000E+00,
   7.0710678118654302E-01));
#104900=DIRECTION('',(7.0710678118654302E-01,0.0000000000000000E+00,
   -7.0710678118655212E-01));
#104910=AXIS2_PLACEMENT_3D('',#104880,#104890,#104900);
#104920=PLANE('',#104910);
#104930=ORIENTED_EDGE('',*,*,#103480,.T.);
#104940=ORIENTED_EDGE('',*,*,#103720,.F.);
#104950=ORIENTED_EDGE('',*,*,#101810,.T.);
#104960=ORIENTED_EDGE('',*,*,#101320,.F.);
#104970=ORIENTED_EDGE('',*,*,#102890,.T.);
#104980=ORIENTED_EDGE('',*,*,#100760,.F.);
#104990=EDGE_LOOP('',(#104980,#104970,#104960,#104950,#104940,#104930));
#105000=FACE_OUTER_BOUND('',#104990,.T.);
#105010=ADVANCED_FACE('',(#105000),#104920,.F.);
#105020=COLOUR_RGB('',5.0196081399917603E-01,1.0000000000000000E+00,
   5.0196081399917603E-01);
#105030=FILL_AREA_STYLE_COLOUR('',#105020);
#105040=FILL_AREA_STYLE('',(#105030));
#105050=SURFACE_STYLE_FILL_AREA(#105040);
#105060=SURFACE_SIDE_STYLE('',(#105050));
#105070=SURFACE_STYLE_USAGE(.BOTH.,#105060);
#105080=PRESENTATION_STYLE_ASSIGNMENT((#105070));
#105090=CARTESIAN_POINT('',(-3.1405488301517799E+01,
   2.8561376124790595E+01,2.1000000000000000E+01));
#105100=DIRECTION('',(0.0000000000000000E+00,-1.0000000000000000E+00,
   0.0000000000000000E+00));
#105110=DIRECTION('',(-1.0000000000000000E+00,0.0000000000000000E+00,
   0.0000000000000000E+00));
#105120=AXIS2_PLACEMENT_3D('',#105090,#105100,#105110);
#105130=CYLINDRICAL_SURFACE('',#105120,1.4499999999999993E+00);
#105140=CARTESIAN_POINT('',(-3.2855488301517795E+01,
   2.8561376124790595E+01,2.1000000000000000E+01));
#105150=DIRECTION('',(0.0000000000000000E+00,-1.0000000000000000E+00,
   0.0000000000000000E+00));
#105160=VECTOR('',#105150,1.0000000000000000E+00);
#105170=LINE('',#105140,#105160);
#105180=CARTESIAN_POINT('',(-3.2855488301517795E+01,
   2.7601376124790601E+01,2.1000000000000000E+01));
#105190=VERTEX_POINT('',#105180);
#105200=EDGE_CURVE('',#93400,#105190,#105170,.T.);
#105210=ORIENTED_EDGE('',*,*,#105200,.F.);
#105220=CARTESIAN_POINT('',(-3.1405488301517799E+01,
   2.7601376124790601E+01,2.1000000000000000E+01));
#105230=DIRECTION('',(0.0000000000000000E+00,-1.0000000000000000E+00,
   0.0000000000000000E+00));
#105240=DIRECTION('',(-1.0000000000000000E+00,0.0000000000000000E+00,
   0.0000000000000000E+00));
#105250=AXIS2_PLACEMENT_3D('',#105220,#105230,#105240);
#105260=CIRCLE('',#105250,1.4499999999999993E+00);
#105270=CARTESIAN_POINT('',(-2.9955488301517800E+01,
   2.7601376124790601E+01,2.1000000000000000E+01));
#105280=VERTEX_POINT('',#105270);
#105290=EDGE_CURVE('',#105280,#105190,#105260,.T.);
#105300=ORIENTED_EDGE('',*,*,#105290,.T.);
#105310=CARTESIAN_POINT('',(-2.9955488301517800E+01,
   2.8561376124790595E+01,2.1000000000000000E+01));
#105320=DIRECTION('',(0.0000000000000000E+00,-1.0000000000000000E+00,
   0.0000000000000000E+00));
#105330=VECTOR('',#105320,1.0000000000000000E+00);
#105340=LINE('',#105310,#105330);
#105350=EDGE_CURVE('',#93420,#105280,#105340,.T.);
#105360=ORIENTED_EDGE('',*,*,#105350,.T.);
#105370=ORIENTED_EDGE('',*,*,#93450,.F.);
#105380=EDGE_LOOP('',(#105370,#105360,#105300,#105210));
#105390=FACE_OUTER_BOUND('',#105380,.T.);
#105400=ADVANCED_FACE('',(#105390),#105130,.F.);
#105410=COLOUR_RGB('',5.0196081399917603E-01,1.0000000000000000E+00,
   5.0196081399917603E-01);
#105420=FILL_AREA_STYLE_COLOUR('',#105410);
#105430=FILL_AREA_STYLE('',(#105420));
#105440=SURFACE_STYLE_FILL_AREA(#105430);
#105450=SURFACE_SIDE_STYLE('',(#105440));
#105460=SURFACE_STYLE_USAGE(.BOTH.,#105450);
#105470=PRESENTATION_STYLE_ASSIGNMENT((#105460));
#105480=CARTESIAN_POINT('',(-3.2611490150567121E+01,
   2.8001376124790593E+01,2.0288972897781235E+01));
#105490=VERTEX_POINT('',#105480);
#105500=EDGE_CURVE('',#105490,#99200,#99180,.T.);
#105510=ORIENTED_EDGE('',*,*,#105500,.F.);
#105520=ORIENTED_EDGE('',*,*,#99450,.T.);
#105530=CARTESIAN_POINT('',(-3.2611490150567114E+01,
   2.8601376124790601E+01,2.0288972897781235E+01));
#105540=VERTEX_POINT('',#105530);
#105550=EDGE_CURVE('',#99380,#105540,#99360,.T.);
#105560=ORIENTED_EDGE('',*,*,#105550,.F.);
#105570=CARTESIAN_POINT('',(-3.2611490150567114E+01,
   2.7145319094080318E+01,2.0288972897781235E+01));
#105580=DIRECTION('',(0.0000000000000000E+00,1.0000000000000000E+00,
   0.0000000000000000E+00));
#105590=VECTOR('',#105580,1.0000000000000000E+00);
#105600=LINE('',#105570,#105590);
#105610=EDGE_CURVE('',#105490,#105540,#105600,.T.);
#105620=ORIENTED_EDGE('',*,*,#105610,.T.);
#105630=EDGE_LOOP('',(#105620,#105560,#105520,#105510));
#105640=FACE_OUTER_BOUND('',#105630,.T.);
#105650=ADVANCED_FACE('',(#105640),#99140,.T.);
#105660=COLOUR_RGB('',9.4901967048645020E-01,9.4901967048645020E-01,
   1.0000000000000000E+00);
#105670=FILL_AREA_STYLE_COLOUR('',#105660);
#105680=FILL_AREA_STYLE('',(#105670));
#105690=SURFACE_STYLE_FILL_AREA(#105680);
#105700=SURFACE_SIDE_STYLE('',(#105690));
#105710=SURFACE_STYLE_USAGE(.BOTH.,#105700);
#105720=PRESENTATION_STYLE_ASSIGNMENT((#105710));
#105730=CARTESIAN_POINT('',(-2.8366284114095805E+01,
   2.4321376124790600E+01,2.3000000000000000E+01));
#105740=DIRECTION('',(-0.0000000000000000E+00,1.0000000000000000E+00,
   0.0000000000000000E+00));
#105750=DIRECTION('',(1.0000000000000000E+00,0.0000000000000000E+00,
   0.0000000000000000E+00));
#105760=AXIS2_PLACEMENT_3D('',#105730,#105740,#105750);
#105770=PLANE('',#105760);
#105780=ORIENTED_EDGE('',*,*,#104750,.T.);
#105790=ORIENTED_EDGE('',*,*,#63250,.F.);
#105800=CARTESIAN_POINT('',(-3.0944692488939808E+01,
   2.4321376124790600E+01,2.2899999999999999E+01));
#105810=DIRECTION('',(1.0000000000000000E+00,0.0000000000000000E+00,
   0.0000000000000000E+00));
#105820=VECTOR('',#105810,1.0000000000000000E+00);
#105830=LINE('',#105800,#105820);
#105840=EDGE_CURVE('',#82300,#63180,#105830,.T.);
#105850=ORIENTED_EDGE('',*,*,#105840,.T.);
#105860=ORIENTED_EDGE('',*,*,#82310,.T.);
#105870=EDGE_LOOP('',(#105860,#105850,#105790,#105780));
#105880=FACE_OUTER_BOUND('',#105870,.T.);
#105890=ADVANCED_FACE('',(#105880),#105770,.F.);
#105900=COLOUR_RGB('',5.0196081399917603E-01,1.0000000000000000E+00,
   5.0196081399917603E-01);
#105910=FILL_AREA_STYLE_COLOUR('',#105900);
#105920=FILL_AREA_STYLE('',(#105910));
#105930=SURFACE_STYLE_FILL_AREA(#105920);
#105940=SURFACE_SIDE_STYLE('',(#105930));
#105950=SURFACE_STYLE_USAGE(.BOTH.,#105940);
#105960=PRESENTATION_STYLE_ASSIGNMENT((#105950));
#105970=CARTESIAN_POINT('',(-3.1965924803594248E+01,
   2.2278513770897955E+01,2.2899999999999999E+01));
#105980=DIRECTION('',(0.0000000000000000E+00,0.0000000000000000E+00,
   1.0000000000000000E+00));
#105990=DIRECTION('',(1.0000000000000000E+00,0.0000000000000000E+00,
   0.0000000000000000E+00));
#106000=AXIS2_PLACEMENT_3D('',#105970,#105980,#105990);
#106010=PLANE('',#106000);
#106020=CARTESIAN_POINT('',(-2.8366284114095805E+01,
   2.1321376124790600E+01,2.2899999999999999E+01));
#106030=DIRECTION('',(-1.0000000000000000E+00,0.0000000000000000E+00,
   0.0000000000000000E+00));
#106040=VECTOR('',#106030,1.0000000000000000E+00);
#106050=LINE('',#106020,#106040);
#106060=CARTESIAN_POINT('',(-2.8366284114095805E+01,
   2.1321376124790600E+01,2.2899999999999999E+01));
#106070=VERTEX_POINT('',#106060);
#106080=EDGE_CURVE('',#106070,#78110,#106050,.T.);
#106090=ORIENTED_EDGE('',*,*,#106080,.F.);
#106100=ORIENTED_EDGE('',*,*,#78120,.T.);
#106110=ORIENTED_EDGE('',*,*,#94650,.T.);
#106120=ORIENTED_EDGE('',*,*,#82400,.T.);
#106130=ORIENTED_EDGE('',*,*,#105840,.F.);
#106140=ORIENTED_EDGE('',*,*,#63190,.T.);
#106150=CARTESIAN_POINT('',(-2.8155488301517806E+01,
   2.4110580312212679E+01,2.2899999999999999E+01));
#106160=DIRECTION('',(0.0000000000000000E+00,-1.0000000000000000E+00,
   0.0000000000000000E+00));
#106170=VECTOR('',#106160,1.0000000000000000E+00);
#106180=LINE('',#106150,#106170);
#106190=CARTESIAN_POINT('',(-2.8155488301517885E+01,
   2.1532171937368521E+01,2.2899999999999999E+01));
#106200=VERTEX_POINT('',#106190);
#106210=EDGE_CURVE('',#63090,#106200,#106180,.T.);
#106220=ORIENTED_EDGE('',*,*,#106210,.F.);
#106230=CARTESIAN_POINT('',(-2.8366284114095805E+01,
   2.1532171937368521E+01,2.2899999999999999E+01));
#106240=DIRECTION('',(0.0000000000000000E+00,0.0000000000000000E+00,
   1.0000000000000000E+00));
#106250=DIRECTION('',(1.0000000000000000E+00,0.0000000000000000E+00,
   0.0000000000000000E+00));
#106260=AXIS2_PLACEMENT_3D('',#106230,#106240,#106250);
#106270=CIRCLE('',#106260,2.1079581257792057E-01);
#106280=EDGE_CURVE('',#106070,#106200,#106270,.T.);
#106290=ORIENTED_EDGE('',*,*,#106280,.T.);
#106300=EDGE_LOOP('',(#106290,#106220,#106140,#106130,#106120,#106110,
   #106100,#106090));
#106310=FACE_OUTER_BOUND('',#106300,.T.);
#106320=CARTESIAN_POINT('',(-2.9710644588612411E+01,
   2.3045184024564779E+01,2.2899999999999999E+01));
#106330=DIRECTION('',(0.0000000000000000E+00,0.0000000000000000E+00,
   1.0000000000000000E+00));
#106340=DIRECTION('',(1.0000000000000000E+00,0.0000000000000000E+00,
   0.0000000000000000E+00));
#106350=AXIS2_PLACEMENT_3D('',#106320,#106330,#106340);
#106360=CIRCLE('',#106350,4.5672426058546239E-01);
#106370=CARTESIAN_POINT('',(-2.9253920328026947E+01,
   2.3045184024564779E+01,2.2899999999999999E+01));
#106380=VERTEX_POINT('',#106370);
#106390=EDGE_CURVE('',#77620,#106380,#106360,.T.);
#106400=ORIENTED_EDGE('',*,*,#106390,.T.);
#106410=ORIENTED_EDGE('',*,*,#77630,.F.);
#106420=ORIENTED_EDGE('',*,*,#53260,.T.);
#106430=CARTESIAN_POINT('',(-2.9442235154989220E+01,
   2.2252097309953026E+01,2.2899999999999999E+01));
#106440=DIRECTION('',(0.0000000000000000E+00,0.0000000000000000E+00,
   1.0000000000000000E+00));
#106450=DIRECTION('',(1.0000000000000000E+00,0.0000000000000000E+00,
   0.0000000000000000E+00));
#106460=AXIS2_PLACEMENT_3D('',#106430,#106440,#106450);
#106470=CIRCLE('',#106460,1.5809685943338536E-01);
#106480=EDGE_CURVE('',#53170,#81900,#106470,.T.);
#106490=ORIENTED_EDGE('',*,*,#106480,.F.);
#106500=ORIENTED_EDGE('',*,*,#81910,.T.);
#106510=CARTESIAN_POINT('',(-2.9429583505175202E+01,
   2.3045184024564779E+01,2.2899999999999999E+01));
#106520=DIRECTION('',(0.0000000000000000E+00,0.0000000000000000E+00,
   1.0000000000000000E+00));
#106530=DIRECTION('',(1.0000000000000000E+00,0.0000000000000000E+00,
   0.0000000000000000E+00));
#106540=AXIS2_PLACEMENT_3D('',#106510,#106520,#106530);
#106550=CIRCLE('',#106540,9.5118357404519926E-01);
#106560=CARTESIAN_POINT('',(-2.8478399931130003E+01,
   2.3045184024564779E+01,2.2899999999999999E+01));
#106570=VERTEX_POINT('',#106560);
#106580=EDGE_CURVE('',#81820,#106570,#106550,.T.);
#106590=ORIENTED_EDGE('',*,*,#106580,.F.);
#106600=EDGE_CURVE('',#106570,#81430,#106550,.T.);
#106610=ORIENTED_EDGE('',*,*,#106600,.F.);
#106620=ORIENTED_EDGE('',*,*,#81440,.F.);
#106630=ORIENTED_EDGE('',*,*,#80570,.F.);
#106640=ORIENTED_EDGE('',*,*,#20850,.T.);
#106650=ORIENTED_EDGE('',*,*,#102440,.F.);
#106660=EDGE_CURVE('',#106380,#102360,#106360,.T.);
#106670=ORIENTED_EDGE('',*,*,#106660,.T.);
#106680=EDGE_LOOP('',(#106670,#106650,#106640,#106630,#106620,#106610,
   #106590,#106500,#106490,#106420,#106410,#106400));
#106690=FACE_BOUND('',#106680,.T.);
#106700=ORIENTED_EDGE('',*,*,#91410,.F.);
#106710=ORIENTED_EDGE('',*,*,#85430,.T.);
#106720=CARTESIAN_POINT('',(-3.0655673471076625E+01,
   2.3838270739176540E+01,2.2899999999999999E+01));
#106730=DIRECTION('',(0.0000000000000000E+00,0.0000000000000000E+00,
   1.0000000000000000E+00));
#106740=DIRECTION('',(1.0000000000000000E+00,0.0000000000000000E+00,
   0.0000000000000000E+00));
#106750=AXIS2_PLACEMENT_3D('',#106720,#106730,#106740);
#106760=CIRCLE('',#106750,1.5809685943344043E-01);
#106770=EDGE_CURVE('',#85340,#90100,#106760,.T.);
#106780=ORIENTED_EDGE('',*,*,#106770,.F.);
#106790=ORIENTED_EDGE('',*,*,#90110,.F.);
#106800=CARTESIAN_POINT('',(-3.0655673471076625E+01,
   2.1804481510412483E+01,2.2899999999999999E+01));
#106810=DIRECTION('',(0.0000000000000000E+00,0.0000000000000000E+00,
   1.0000000000000000E+00));
#106820=DIRECTION('',(1.0000000000000000E+00,0.0000000000000000E+00,
   0.0000000000000000E+00));
#106830=AXIS2_PLACEMENT_3D('',#106800,#106810,#106820);
#106840=CIRCLE('',#106830,1.5809685943349905E-01);
#106850=EDGE_CURVE('',#90020,#92600,#106840,.T.);
#106860=ORIENTED_EDGE('',*,*,#106850,.F.);
#106870=ORIENTED_EDGE('',*,*,#92610,.T.);
#106880=CARTESIAN_POINT('',(-2.9979054022235516E+01,
   2.1804481510412483E+01,2.2899999999999999E+01));
#106890=DIRECTION('',(0.0000000000000000E+00,0.0000000000000000E+00,
   1.0000000000000000E+00));
#106900=DIRECTION('',(1.0000000000000000E+00,0.0000000000000000E+00,
   0.0000000000000000E+00));
#106910=AXIS2_PLACEMENT_3D('',#106880,#106890,#106900);
#106920=CIRCLE('',#106910,1.5809685943343865E-01);
#106930=EDGE_CURVE('',#92520,#91730,#106920,.T.);
#106940=ORIENTED_EDGE('',*,*,#106930,.F.);
#106950=ORIENTED_EDGE('',*,*,#91740,.T.);
#106960=ORIENTED_EDGE('',*,*,#67840,.F.);
#106970=ORIENTED_EDGE('',*,*,#92190,.T.);
#106980=EDGE_CURVE('',#98020,#92110,#92180,.T.);
#106990=ORIENTED_EDGE('',*,*,#106980,.T.);
#107000=ORIENTED_EDGE('',*,*,#98030,.F.);
#107010=ORIENTED_EDGE('',*,*,#63660,.T.);
#107020=EDGE_LOOP('',(#107010,#107000,#106990,#106970,#106960,#106950,
   #106940,#106870,#106860,#106790,#106780,#106710,#106700));
#107030=FACE_BOUND('',#107020,.T.);
#107040=EDGE_CURVE('',#93820,#93910,#93890,.T.);
#107050=ORIENTED_EDGE('',*,*,#107040,.F.);
#107060=ORIENTED_EDGE('',*,*,#93920,.F.);
#107070=EDGE_LOOP('',(#107060,#107050));
#107080=FACE_BOUND('',#107070,.T.);
#107090=ADVANCED_FACE('',(#106310,#106690,#107030,#107080),#106010,.T.);
#107100=COLOUR_RGB('',5.0196081399917603E-01,1.0000000000000000E+00,
   5.0196081399917603E-01);
#107110=FILL_AREA_STYLE_COLOUR('',#107100);
#107120=FILL_AREA_STYLE('',(#107110));
#107130=SURFACE_STYLE_FILL_AREA(#107120);
#107140=SURFACE_SIDE_STYLE('',(#107130));
#107150=SURFACE_STYLE_USAGE(.BOTH.,#107140);
#107160=PRESENTATION_STYLE_ASSIGNMENT((#107150));
#107170=CARTESIAN_POINT('',(-3.4216515555783623E+01,
   2.5921376124790601E+01,1.7500000000000000E+01));
#107180=DIRECTION('',(-0.0000000000000000E+00,1.0000000000000000E+00,
   0.0000000000000000E+00));
#107190=DIRECTION('',(1.0000000000000000E+00,0.0000000000000000E+00,
   0.0000000000000000E+00));
#107200=AXIS2_PLACEMENT_3D('',#107170,#107180,#107190);
#107210=PLANE('',#107200);
#107220=ORIENTED_EDGE('',*,*,#104060,.F.);
#107230=CARTESIAN_POINT('',(-3.4655488301517813E+01,
   2.5921376124790601E+01,1.7500000000000000E+01));
#107240=DIRECTION('',(0.0000000000000000E+00,0.0000000000000000E+00,
   1.0000000000000000E+00));
#107250=VECTOR('',#107240,1.0000000000000000E+00);
#107260=LINE('',#107230,#107250);
#107270=EDGE_CURVE('',#4040,#103990,#107260,.T.);
#107280=ORIENTED_EDGE('',*,*,#107270,.T.);
#107290=ORIENTED_EDGE('',*,*,#4050,.T.);
#107300=ORIENTED_EDGE('',*,*,#77220,.T.);
#107310=EDGE_LOOP('',(#107300,#107290,#107280,#107220));
#107320=FACE_OUTER_BOUND('',#107310,.T.);
#107330=ADVANCED_FACE('',(#107320),#107210,.T.);
#107340=COLOUR_RGB('',5.0196081399917603E-01,1.0000000000000000E+00,
   5.0196081399917603E-01);
#107350=FILL_AREA_STYLE_COLOUR('',#107340);
#107360=FILL_AREA_STYLE('',(#107350));
#107370=SURFACE_STYLE_FILL_AREA(#107360);
#107380=SURFACE_SIDE_STYLE('',(#107370));
#107390=SURFACE_STYLE_USAGE(.BOTH.,#107380);
#107400=PRESENTATION_STYLE_ASSIGNMENT((#107390));
#107410=CARTESIAN_POINT('',(-2.8366284114095805E+01,
   2.1532171937368521E+01,2.3000000000000000E+01));
#107420=DIRECTION('',(0.0000000000000000E+00,0.0000000000000000E+00,
   1.0000000000000000E+00));
#107430=DIRECTION('',(1.0000000000000000E+00,0.0000000000000000E+00,
   0.0000000000000000E+00));
#107440=AXIS2_PLACEMENT_3D('',#107410,#107420,#107430);
#107450=CYLINDRICAL_SURFACE('',#107440,2.1079581257792057E-01);
#107460=ORIENTED_EDGE('',*,*,#104620,.T.);
#107470=CARTESIAN_POINT('',(-2.8366284114095805E+01,
   2.1321376124790600E+01,2.3000000000000000E+01));
#107480=DIRECTION('',(0.0000000000000000E+00,0.0000000000000000E+00,
   -1.0000000000000000E+00));
#107490=VECTOR('',#107480,1.0000000000000000E+00);
#107500=LINE('',#107470,#107490);
#107510=EDGE_CURVE('',#104520,#106070,#107500,.T.);
#107520=ORIENTED_EDGE('',*,*,#107510,.F.);
#107530=ORIENTED_EDGE('',*,*,#106280,.F.);
#107540=CARTESIAN_POINT('',(-2.8155488301517885E+01,
   2.1532171937368521E+01,2.3000000000000000E+01));
#107550=DIRECTION('',(0.0000000000000000E+00,0.0000000000000000E+00,
   1.0000000000000000E+00));
#107560=VECTOR('',#107550,1.0000000000000000E+00);
#107570=LINE('',#107540,#107560);
#107580=EDGE_CURVE('',#106200,#104610,#107570,.T.);
#107590=ORIENTED_EDGE('',*,*,#107580,.F.);
#107600=EDGE_LOOP('',(#107590,#107530,#107520,#107460));
#107610=FACE_OUTER_BOUND('',#107600,.T.);
#107620=ADVANCED_FACE('',(#107610),#107450,.F.);
#107630=COLOUR_RGB('',5.0196081399917603E-01,1.0000000000000000E+00,
   5.0196081399917603E-01);
#107640=FILL_AREA_STYLE_COLOUR('',#107630);
#107650=FILL_AREA_STYLE('',(#107640));
#107660=SURFACE_STYLE_FILL_AREA(#107650);
#107670=SURFACE_SIDE_STYLE('',(#107660));
#107680=SURFACE_STYLE_USAGE(.BOTH.,#107670);
#107690=PRESENTATION_STYLE_ASSIGNMENT((#107680));
#107700=CARTESIAN_POINT('',(-2.8155488301517806E+01,
   2.1532171937368521E+01,2.3000000000000000E+01));
#107710=DIRECTION('',(1.0000000000000000E+00,0.0000000000000000E+00,
   0.0000000000000000E+00));
#107720=DIRECTION('',(0.0000000000000000E+00,-1.0000000000000000E+00,
   0.0000000000000000E+00));
#107730=AXIS2_PLACEMENT_3D('',#107700,#107710,#107720);
#107740=PLANE('',#107730);
#107750=ORIENTED_EDGE('',*,*,#104680,.T.);
#107760=ORIENTED_EDGE('',*,*,#107580,.T.);
#107770=ORIENTED_EDGE('',*,*,#106210,.T.);
#107780=ORIENTED_EDGE('',*,*,#63100,.F.);
#107790=EDGE_LOOP('',(#107780,#107770,#107760,#107750));
#107800=FACE_OUTER_BOUND('',#107790,.T.);
#107810=ADVANCED_FACE('',(#107800),#107740,.F.);
#107820=COLOUR_RGB('',5.0196081399917603E-01,1.0000000000000000E+00,
   5.0196081399917603E-01);
#107830=FILL_AREA_STYLE_COLOUR('',#107820);
#107840=FILL_AREA_STYLE('',(#107830));
#107850=SURFACE_STYLE_FILL_AREA(#107840);
#107860=SURFACE_SIDE_STYLE('',(#107850));
#107870=SURFACE_STYLE_USAGE(.BOTH.,#107860);
#107880=PRESENTATION_STYLE_ASSIGNMENT((#107870));
#107890=CARTESIAN_POINT('',(-3.4655488301517813E+01,
   2.5621376124790597E+01,1.7500000000000000E+01));
#107900=DIRECTION('',(0.0000000000000000E+00,0.0000000000000000E+00,
   1.0000000000000000E+00));
#107910=DIRECTION('',(1.0000000000000000E+00,0.0000000000000000E+00,
   0.0000000000000000E+00));
#107920=AXIS2_PLACEMENT_3D('',#107890,#107900,#107910);
#107930=CYLINDRICAL_SURFACE('',#107920,3.0000000000000071E-01);
#107940=ORIENTED_EDGE('',*,*,#4140,.T.);
#107950=ORIENTED_EDGE('',*,*,#107270,.F.);
#107960=ORIENTED_EDGE('',*,*,#104000,.F.);
#107970=ORIENTED_EDGE('',*,*,#41280,.T.);
#107980=EDGE_LOOP('',(#107970,#107960,#107950,#107940));
#107990=FACE_OUTER_BOUND('',#107980,.T.);
#108000=ADVANCED_FACE('',(#107990),#107930,.T.);
#108010=COLOUR_RGB('',5.0196081399917603E-01,1.0000000000000000E+00,
   5.0196081399917603E-01);
#108020=FILL_AREA_STYLE_COLOUR('',#108010);
#108030=FILL_AREA_STYLE('',(#108020));
#108040=SURFACE_STYLE_FILL_AREA(#108030);
#108050=SURFACE_SIDE_STYLE('',(#108040));
#108060=SURFACE_STYLE_USAGE(.BOTH.,#108050);
#108070=PRESENTATION_STYLE_ASSIGNMENT((#108060));
#108080=CARTESIAN_POINT('',(-3.0944692488939808E+01,
   2.1321376124790600E+01,2.3000000000000000E+01));
#108090=DIRECTION('',(-0.0000000000000000E+00,-1.0000000000000000E+00,
   -0.0000000000000000E+00));
#108100=DIRECTION('',(-1.0000000000000000E+00,0.0000000000000000E+00,
   0.0000000000000000E+00));
#108110=AXIS2_PLACEMENT_3D('',#108080,#108090,#108100);
#108120=PLANE('',#108110);
#108130=ORIENTED_EDGE('',*,*,#104530,.T.);
#108140=ORIENTED_EDGE('',*,*,#78180,.F.);
#108150=ORIENTED_EDGE('',*,*,#106080,.T.);
#108160=ORIENTED_EDGE('',*,*,#107510,.T.);
#108170=EDGE_LOOP('',(#108160,#108150,#108140,#108130));
#108180=FACE_OUTER_BOUND('',#108170,.T.);
#108190=ADVANCED_FACE('',(#108180),#108120,.F.);
#108200=COLOUR_RGB('',5.0196081399917603E-01,1.0000000000000000E+00,
   5.0196081399917603E-01);
#108210=FILL_AREA_STYLE_COLOUR('',#108200);
#108220=FILL_AREA_STYLE('',(#108210));
#108230=SURFACE_STYLE_FILL_AREA(#108220);
#108240=SURFACE_SIDE_STYLE('',(#108230));
#108250=SURFACE_STYLE_USAGE(.BOTH.,#108240);
#108260=PRESENTATION_STYLE_ASSIGNMENT((#108250));
#108270=CARTESIAN_POINT('',(-2.9710644588612411E+01,
   2.3045184024564779E+01,2.3000000000000000E+01));
#108280=DIRECTION('',(0.0000000000000000E+00,0.0000000000000000E+00,
   1.0000000000000000E+00));
#108290=DIRECTION('',(1.0000000000000000E+00,0.0000000000000000E+00,
   0.0000000000000000E+00));
#108300=AXIS2_PLACEMENT_3D('',#108270,#108280,#108290);
#108310=CYLINDRICAL_SURFACE('',#108300,4.5672426058546239E-01);
#108320=CARTESIAN_POINT('',(-2.9710644588612411E+01,
   2.3045184024564779E+01,2.3000000000000000E+01));
#108330=DIRECTION('',(0.0000000000000000E+00,0.0000000000000000E+00,
   1.0000000000000000E+00));
#108340=DIRECTION('',(1.0000000000000000E+00,0.0000000000000000E+00,
   0.0000000000000000E+00));
#108350=AXIS2_PLACEMENT_3D('',#108320,#108330,#108340);
#108360=CIRCLE('',#108350,4.5672426058546239E-01);
#108370=CARTESIAN_POINT('',(-2.9253920328026947E+01,
   2.3045184024564779E+01,2.3000000000000000E+01));
#108380=VERTEX_POINT('',#108370);
#108390=EDGE_CURVE('',#108380,#102280,#108360,.T.);
#108400=ORIENTED_EDGE('',*,*,#108390,.T.);
#108410=CARTESIAN_POINT('',(-2.9253920328026947E+01,
   2.3045184024564779E+01,2.3000000000000000E+01));
#108420=DIRECTION('',(0.0000000000000000E+00,0.0000000000000000E+00,
   1.0000000000000000E+00));
#108430=VECTOR('',#108420,1.0000000000000000E+00);
#108440=LINE('',#108410,#108430);
#108450=EDGE_CURVE('',#106380,#108380,#108440,.T.);
#108460=ORIENTED_EDGE('',*,*,#108450,.T.);
#108470=ORIENTED_EDGE('',*,*,#106660,.F.);
#108480=ORIENTED_EDGE('',*,*,#102370,.T.);
#108490=EDGE_LOOP('',(#108480,#108470,#108460,#108400));
#108500=FACE_OUTER_BOUND('',#108490,.T.);
#108510=ADVANCED_FACE('',(#108500),#108310,.F.);
#108520=COLOUR_RGB('',5.0196081399917603E-01,1.0000000000000000E+00,
   5.0196081399917603E-01);
#108530=FILL_AREA_STYLE_COLOUR('',#108520);
#108540=FILL_AREA_STYLE('',(#108530));
#108550=SURFACE_STYLE_FILL_AREA(#108540);
#108560=SURFACE_SIDE_STYLE('',(#108550));
#108570=SURFACE_STYLE_USAGE(.BOTH.,#108560);
#108580=PRESENTATION_STYLE_ASSIGNMENT((#108570));
#108590=CARTESIAN_POINT('',(-3.4997595082704343E+01,
   2.2071376124790600E+01,2.0000000000000000E+01));
#108600=DIRECTION('',(0.0000000000000000E+00,-1.0000000000000000E+00,
   0.0000000000000000E+00));
#108610=DIRECTION('',(1.0000000000000000E+00,0.0000000000000000E+00,
   0.0000000000000000E+00));
#108620=AXIS2_PLACEMENT_3D('',#108590,#108600,#108610);
#108630=CYLINDRICAL_SURFACE('',#108620,5.0000000000000000E-01);
#108640=CARTESIAN_POINT('',(-3.4644041692111067E+01,
   2.2071376124790600E+01,1.9646446609406727E+01));
#108650=DIRECTION('',(0.0000000000000000E+00,-1.0000000000000000E+00,
   0.0000000000000000E+00));
#108660=VECTOR('',#108650,1.0000000000000000E+00);
#108670=LINE('',#108640,#108660);
#108680=EDGE_CURVE('',#101960,#102680,#108670,.T.);
#108690=ORIENTED_EDGE('',*,*,#108680,.F.);
#108700=ORIENTED_EDGE('',*,*,#102690,.T.);
#108710=ORIENTED_EDGE('',*,*,#40810,.T.);
#108720=ORIENTED_EDGE('',*,*,#102040,.F.);
#108730=EDGE_LOOP('',(#108720,#108710,#108700,#108690));
#108740=FACE_OUTER_BOUND('',#108730,.T.);
#108750=ADVANCED_FACE('',(#108740),#108630,.F.);
#108760=COLOUR_RGB('',5.0196081399917603E-01,1.0000000000000000E+00,
   5.0196081399917603E-01);
#108770=FILL_AREA_STYLE_COLOUR('',#108760);
#108780=FILL_AREA_STYLE('',(#108770));
#108790=SURFACE_STYLE_FILL_AREA(#108780);
#108800=SURFACE_SIDE_STYLE('',(#108790));
#108810=SURFACE_STYLE_USAGE(.BOTH.,#108800);
#108820=PRESENTATION_STYLE_ASSIGNMENT((#108810));
#108830=CARTESIAN_POINT('',(-3.4644041692111067E+01,
   2.2071376124790600E+01,1.9646446609406730E+01));
#108840=DIRECTION('',(7.0710678118654302E-01,0.0000000000000000E+00,
   -7.0710678118655201E-01));
#108850=DIRECTION('',(-7.0710678118655201E-01,0.0000000000000000E+00,
   -7.0710678118654302E-01));
#108860=AXIS2_PLACEMENT_3D('',#108830,#108840,#108850);
#108870=PLANE('',#108860);
#108880=ORIENTED_EDGE('',*,*,#101970,.T.);
#108890=ORIENTED_EDGE('',*,*,#103800,.F.);
#108900=ORIENTED_EDGE('',*,*,#103340,.T.);
#108910=ORIENTED_EDGE('',*,*,#98980,.T.);
#108920=ORIENTED_EDGE('',*,*,#102750,.T.);
#108930=ORIENTED_EDGE('',*,*,#108680,.T.);
#108940=EDGE_LOOP('',(#108930,#108920,#108910,#108900,#108890,#108880));
#108950=FACE_OUTER_BOUND('',#108940,.T.);
#108960=ADVANCED_FACE('',(#108950),#108870,.F.);
#108970=COLOUR_RGB('',5.0196081399917603E-01,1.0000000000000000E+00,
   5.0196081399917603E-01);
#108980=FILL_AREA_STYLE_COLOUR('',#108970);
#108990=FILL_AREA_STYLE('',(#108980));
#109000=SURFACE_STYLE_FILL_AREA(#108990);
#109010=SURFACE_SIDE_STYLE('',(#109000));
#109020=SURFACE_STYLE_USAGE(.BOTH.,#109010);
#109030=PRESENTATION_STYLE_ASSIGNMENT((#109020));
#109040=CARTESIAN_POINT('',(-2.7655488301517799E+01,
   2.0821376124790600E+01,1.7500000000000000E+01));
#109050=DIRECTION('',(-0.0000000000000000E+00,-1.0000000000000000E+00,
   -0.0000000000000000E+00));
#109060=DIRECTION('',(-1.0000000000000000E+00,0.0000000000000000E+00,
   0.0000000000000000E+00));
#109070=AXIS2_PLACEMENT_3D('',#109040,#109050,#109060);
#109080=PLANE('',#109070);
#109090=CARTESIAN_POINT('',(-3.1355488301517802E+01,
   2.0821376124790600E+01,2.1000000000000000E+01));
#109100=DIRECTION('',(0.0000000000000000E+00,-1.0000000000000000E+00,
   0.0000000000000000E+00));
#109110=DIRECTION('',(1.0000000000000000E+00,0.0000000000000000E+00,
   0.0000000000000000E+00));
#109120=AXIS2_PLACEMENT_3D('',#109090,#109100,#109110);
#109130=CIRCLE('',#109120,5.5000000000000004E-01);
#109140=CARTESIAN_POINT('',(-3.0805488301517801E+01,
   2.0821376124790600E+01,2.1000000000000000E+01));
#109150=VERTEX_POINT('',#109140);
#109160=CARTESIAN_POINT('',(-3.1905488301517803E+01,
   2.0821376124790600E+01,2.1000000000000000E+01));
#109170=VERTEX_POINT('',#109160);
#109180=EDGE_CURVE('',#109150,#109170,#109130,.T.);
#109190=ORIENTED_EDGE('',*,*,#109180,.F.);
#109200=EDGE_CURVE('',#109170,#109150,#109130,.T.);
#109210=ORIENTED_EDGE('',*,*,#109200,.F.);
#109220=EDGE_LOOP('',(#109210,#109190));
#109230=FACE_BOUND('',#109220,.T.);
#109240=ORIENTED_EDGE('',*,*,#66940,.F.);
#109250=EDGE_CURVE('',#66840,#66930,#66910,.T.);
#109260=ORIENTED_EDGE('',*,*,#109250,.F.);
#109270=EDGE_LOOP('',(#109260,#109240));
#109280=FACE_BOUND('',#109270,.T.);
#109290=EDGE_CURVE('',#10230,#10340,#10320,.T.);
#109300=ORIENTED_EDGE('',*,*,#109290,.F.);
#109310=ORIENTED_EDGE('',*,*,#10350,.F.);
#109320=EDGE_LOOP('',(#109310,#109300));
#109330=FACE_BOUND('',#109320,.T.);
#109340=ORIENTED_EDGE('',*,*,#38390,.F.);
#109350=EDGE_CURVE('',#38290,#38380,#38360,.T.);
#109360=ORIENTED_EDGE('',*,*,#109350,.F.);
#109370=EDGE_LOOP('',(#109360,#109340));
#109380=FACE_BOUND('',#109370,.T.);
#109390=EDGE_CURVE('',#21320,#21130,#21390,.T.);
#109400=ORIENTED_EDGE('',*,*,#109390,.F.);
#109410=ORIENTED_EDGE('',*,*,#21400,.F.);
#109420=EDGE_LOOP('',(#109410,#109400));
#109430=FACE_BOUND('',#109420,.T.);
#109440=ORIENTED_EDGE('',*,*,#51430,.F.);
#109450=EDGE_CURVE('',#51330,#51420,#51400,.T.);
#109460=ORIENTED_EDGE('',*,*,#109450,.F.);
#109470=EDGE_LOOP('',(#109460,#109440));
#109480=FACE_BOUND('',#109470,.T.);
#109490=ORIENTED_EDGE('',*,*,#71060,.F.);
#109500=EDGE_CURVE('',#70960,#71050,#71030,.T.);
#109510=ORIENTED_EDGE('',*,*,#109500,.F.);
#109520=EDGE_LOOP('',(#109510,#109490));
#109530=FACE_BOUND('',#109520,.T.);
#109540=ORIENTED_EDGE('',*,*,#104400,.F.);
#109550=CARTESIAN_POINT('',(-2.7655488301517799E+01,
   2.0821376124790600E+01,2.2500000000000000E+01));
#109560=DIRECTION('',(0.0000000000000000E+00,0.0000000000000000E+00,
   -1.0000000000000000E+00));
#109570=VECTOR('',#109560,1.0000000000000000E+00);
#109580=LINE('',#109550,#109570);
#109590=EDGE_CURVE('',#104330,#3460,#109580,.T.);
#109600=ORIENTED_EDGE('',*,*,#109590,.F.);
#109610=ORIENTED_EDGE('',*,*,#3470,.T.);
#109620=ORIENTED_EDGE('',*,*,#41210,.F.);
#109630=EDGE_LOOP('',(#109620,#109610,#109600,#109540));
#109640=FACE_OUTER_BOUND('',#109630,.T.);
#109650=ADVANCED_FACE('',(#109230,#109280,#109330,#109380,#109430,
   #109480,#109530,#109640),#109080,.T.);
#109660=COLOUR_RGB('',5.0196081399917603E-01,1.0000000000000000E+00,
   5.0196081399917603E-01);
#109670=FILL_AREA_STYLE_COLOUR('',#109660);
#109680=FILL_AREA_STYLE('',(#109670));
#109690=SURFACE_STYLE_FILL_AREA(#109680);
#109700=SURFACE_SIDE_STYLE('',(#109690));
#109710=SURFACE_STYLE_USAGE(.BOTH.,#109700);
#109720=PRESENTATION_STYLE_ASSIGNMENT((#109710));
#109730=CARTESIAN_POINT('',(-3.1158000928102481E+01,
   2.8001376124790593E+01,2.0752512626584682E+01));
#109740=DIRECTION('',(0.0000000000000000E+00,1.0000000000000000E+00,
   0.0000000000000000E+00));
#109750=DIRECTION('',(7.0710678118654746E-01,0.0000000000000000E+00,
   -7.0710678118654757E-01));
#109760=AXIS2_PLACEMENT_3D('',#109730,#109740,#109750);
#109770=PLANE('',#109760);
#109780=ORIENTED_EDGE('',*,*,#105500,.T.);
#109790=CARTESIAN_POINT('',(-3.1405488301517792E+01,
   2.8001376124790593E+01,2.1000000000000000E+01));
#109800=DIRECTION('',(0.0000000000000000E+00,1.0000000000000000E+00,
   0.0000000000000000E+00));
#109810=DIRECTION('',(-1.0000000000000000E+00,0.0000000000000000E+00,
   0.0000000000000000E+00));
#109820=AXIS2_PLACEMENT_3D('',#109790,#109800,#109810);
#109830=CIRCLE('',#109820,1.3999999999999999E+00);
#109840=CARTESIAN_POINT('',(-3.2116515403736514E+01,
   2.8001376124790593E+01,1.9793998150950650E+01));
#109850=VERTEX_POINT('',#109840);
#109860=EDGE_CURVE('',#109850,#105490,#109830,.T.);
#109870=ORIENTED_EDGE('',*,*,#109860,.T.);
#109880=CARTESIAN_POINT('',(-8.4502159542249785E+01,
   2.8001376124790593E+01,-3.2591645987562615E+01));
#109890=DIRECTION('',(-7.0710678118654757E-01,0.0000000000000000E+00,
   -7.0710678118654746E-01));
#109900=VECTOR('',#109890,1.0000000000000000E+00);
#109910=LINE('',#109880,#109900);
#109920=CARTESIAN_POINT('',(-3.1451982696657517E+01,
   2.8001376124790593E+01,2.0458530858029174E+01));
#109930=VERTEX_POINT('',#109920);
#109940=EDGE_CURVE('',#109930,#109850,#109910,.T.);
#109950=ORIENTED_EDGE('',*,*,#109940,.T.);
#109960=CARTESIAN_POINT('',(-3.1355488301517802E+01,
   2.8001376124790593E+01,2.1000000000000000E+01));
#109970=DIRECTION('',(0.0000000000000000E+00,-1.0000000000000000E+00,
   0.0000000000000000E+00));
#109980=DIRECTION('',(1.0000000000000000E+00,0.0000000000000000E+00,
   0.0000000000000000E+00));
#109990=AXIS2_PLACEMENT_3D('',#109960,#109970,#109980);
#110000=CIRCLE('',#109990,5.5000000000000004E-01);
#110010=EDGE_CURVE('',#99200,#109930,#110000,.T.);
#110020=ORIENTED_EDGE('',*,*,#110010,.T.);
#110030=EDGE_LOOP('',(#110020,#109950,#109870,#109780));
#110040=FACE_OUTER_BOUND('',#110030,.T.);
#110050=ADVANCED_FACE('',(#110040),#109770,.T.);
#110060=COLOUR_RGB('',9.4901967048645020E-01,9.4901967048645020E-01,
   1.0000000000000000E+00);
#110070=FILL_AREA_STYLE_COLOUR('',#110060);
#110080=FILL_AREA_STYLE('',(#110070));
#110090=SURFACE_STYLE_FILL_AREA(#110080);
#110100=SURFACE_SIDE_STYLE('',(#110090));
#110110=SURFACE_STYLE_USAGE(.BOTH.,#110100);
#110120=PRESENTATION_STYLE_ASSIGNMENT((#110110));
#110130=CARTESIAN_POINT('',(-8.4502159542249785E+01,
   2.8601376124790601E+01,-3.2591645987562615E+01));
#110140=DIRECTION('',(7.0710678118654757E-01,0.0000000000000000E+00,
   7.0710678118654746E-01));
#110150=VECTOR('',#110140,1.0000000000000000E+00);
#110160=LINE('',#110130,#110150);
#110170=CARTESIAN_POINT('',(-3.2116515403736514E+01,
   2.8601376124790601E+01,1.9793998150950650E+01));
#110180=VERTEX_POINT('',#110170);
#110190=CARTESIAN_POINT('',(-3.1451982696656941E+01,
   2.8601376124790601E+01,2.0458530858029071E+01));
#110200=VERTEX_POINT('',#110190);
#110210=EDGE_CURVE('',#110180,#110200,#110160,.T.);
#110220=ORIENTED_EDGE('',*,*,#110210,.T.);
#110230=CARTESIAN_POINT('',(-3.1405488301517792E+01,
   2.8601376124790601E+01,2.1000000000000000E+01));
#110240=DIRECTION('',(0.0000000000000000E+00,1.0000000000000000E+00,
   0.0000000000000000E+00));
#110250=DIRECTION('',(-1.0000000000000000E+00,0.0000000000000000E+00,
   0.0000000000000000E+00));
#110260=AXIS2_PLACEMENT_3D('',#110230,#110240,#110250);
#110270=CIRCLE('',#110260,1.3999999999999999E+00);
#110280=CARTESIAN_POINT('',(-3.0005488301517794E+01,
   2.8601376124790601E+01,2.1000000000000000E+01));
#110290=VERTEX_POINT('',#110280);
#110300=EDGE_CURVE('',#110290,#110180,#110270,.T.);
#110310=ORIENTED_EDGE('',*,*,#110300,.T.);
#110320=CARTESIAN_POINT('',(-3.0199486452468442E+01,
   2.8601376124790601E+01,2.1711027102218718E+01));
#110330=VERTEX_POINT('',#110320);
#110340=EDGE_CURVE('',#110330,#110290,#110270,.T.);
#110350=ORIENTED_EDGE('',*,*,#110340,.T.);
#110360=CARTESIAN_POINT('',(-8.4502159542249785E+01,
   2.8601376124790601E+01,-3.2591645987562615E+01));
#110370=DIRECTION('',(7.0710678118654757E-01,0.0000000000000000E+00,
   7.0710678118654746E-01));
#110380=VECTOR('',#110370,1.0000000000000000E+00);
#110390=LINE('',#110360,#110380);
#110400=CARTESIAN_POINT('',(-3.0814019159547051E+01,
   2.8601376124790601E+01,2.1096494395140116E+01));
#110410=VERTEX_POINT('',#110400);
#110420=EDGE_CURVE('',#110410,#110330,#110390,.T.);
#110430=ORIENTED_EDGE('',*,*,#110420,.T.);
#110440=CARTESIAN_POINT('',(-3.1355488301517802E+01,
   2.8601376124790601E+01,2.1000000000000000E+01));
#110450=DIRECTION('',(0.0000000000000000E+00,-1.0000000000000000E+00,
   0.0000000000000000E+00));
#110460=DIRECTION('',(1.0000000000000000E+00,0.0000000000000000E+00,
   0.0000000000000000E+00));
#110470=AXIS2_PLACEMENT_3D('',#110440,#110450,#110460);
#110480=CIRCLE('',#110470,5.5000000000000004E-01);
#110490=CARTESIAN_POINT('',(-3.0805488301517805E+01,
   2.8601376124790601E+01,2.1000000000000000E+01));
#110500=VERTEX_POINT('',#110490);
#110510=EDGE_CURVE('',#110500,#110410,#110480,.T.);
#110520=ORIENTED_EDGE('',*,*,#110510,.T.);
#110530=CARTESIAN_POINT('',(-3.1355488301517802E+01,
   2.8601376124790601E+01,2.1000000000000000E+01));
#110540=DIRECTION('',(0.0000000000000000E+00,-1.0000000000000000E+00,
   0.0000000000000000E+00));
#110550=DIRECTION('',(1.0000000000000000E+00,0.0000000000000000E+00,
   0.0000000000000000E+00));
#110560=AXIS2_PLACEMENT_3D('',#110530,#110540,#110550);
#110570=CIRCLE('',#110560,5.5000000000000004E-01);
#110580=EDGE_CURVE('',#110200,#110500,#110570,.T.);
#110590=ORIENTED_EDGE('',*,*,#110580,.T.);
#110600=EDGE_LOOP('',(#110590,#110520,#110430,#110350,#110310,#110220));
#110610=FACE_OUTER_BOUND('',#110600,.T.);
#110620=ADVANCED_FACE('',(#110610),#99990,.T.);
#110630=COLOUR_RGB('',9.4901967048645020E-01,9.4901967048645020E-01,
   1.0000000000000000E+00);
#110640=FILL_AREA_STYLE_COLOUR('',#110630);
#110650=FILL_AREA_STYLE('',(#110640));
#110660=SURFACE_STYLE_FILL_AREA(#110650);
#110670=SURFACE_SIDE_STYLE('',(#110660));
#110680=SURFACE_STYLE_USAGE(.BOTH.,#110670);
#110690=PRESENTATION_STYLE_ASSIGNMENT((#110680));
#110700=CARTESIAN_POINT('',(-3.1355488301517802E+01,
   2.0821376124790600E+01,2.1000000000000000E+01));
#110710=DIRECTION('',(0.0000000000000000E+00,-1.0000000000000000E+00,
   0.0000000000000000E+00));
#110720=DIRECTION('',(1.0000000000000000E+00,0.0000000000000000E+00,
   0.0000000000000000E+00));
#110730=AXIS2_PLACEMENT_3D('',#110700,#110710,#110720);
#110740=CYLINDRICAL_SURFACE('',#110730,5.5000000000000004E-01);
#110750=CARTESIAN_POINT('',(-3.0805488301517801E+01,
   2.0821376124790600E+01,2.1000000000000000E+01));
#110760=DIRECTION('',(0.0000000000000000E+00,-1.0000000000000000E+00,
   0.0000000000000000E+00));
#110770=VECTOR('',#110760,1.0000000000000000E+00);
#110780=LINE('',#110750,#110770);
#110790=CARTESIAN_POINT('',(-3.0805488301517801E+01,
   2.0321376124790600E+01,2.1000000000000000E+01));
#110800=VERTEX_POINT('',#110790);
#110810=EDGE_CURVE('',#109150,#110800,#110780,.T.);
#110820=ORIENTED_EDGE('',*,*,#110810,.T.);
#110830=ORIENTED_EDGE('',*,*,#109200,.T.);
#110840=CARTESIAN_POINT('',(-3.1905488301517803E+01,
   2.0821376124790600E+01,2.1000000000000000E+01));
#110850=DIRECTION('',(0.0000000000000000E+00,-1.0000000000000000E+00,
   0.0000000000000000E+00));
#110860=VECTOR('',#110850,1.0000000000000000E+00);
#110870=LINE('',#110840,#110860);
#110880=CARTESIAN_POINT('',(-3.1905488301517803E+01,
   2.0321376124790600E+01,2.1000000000000000E+01));
#110890=VERTEX_POINT('',#110880);
#110900=EDGE_CURVE('',#109170,#110890,#110870,.T.);
#110910=ORIENTED_EDGE('',*,*,#110900,.F.);
#110920=CARTESIAN_POINT('',(-3.1355488301517802E+01,
   2.0321376124790600E+01,2.1000000000000000E+01));
#110930=DIRECTION('',(0.0000000000000000E+00,-1.0000000000000000E+00,
   0.0000000000000000E+00));
#110940=DIRECTION('',(1.0000000000000000E+00,0.0000000000000000E+00,
   0.0000000000000000E+00));
#110950=AXIS2_PLACEMENT_3D('',#110920,#110930,#110940);
#110960=CIRCLE('',#110950,5.5000000000000004E-01);
#110970=EDGE_CURVE('',#110890,#110800,#110960,.T.);
#110980=ORIENTED_EDGE('',*,*,#110970,.F.);
#110990=EDGE_LOOP('',(#110980,#110910,#110830,#110820));
#111000=FACE_OUTER_BOUND('',#110990,.T.);
#111010=ADVANCED_FACE('',(#111000),#110740,.T.);
#111020=COLOUR_RGB('',9.4901961088180542E-01,9.4901961088180542E-01,
   1.0000000000000000E+00);
#111030=FILL_AREA_STYLE_COLOUR('',#111020);
#111040=FILL_AREA_STYLE('',(#111030));
#111050=SURFACE_STYLE_FILL_AREA(#111040);
#111060=SURFACE_SIDE_STYLE('',(#111050));
#111070=SURFACE_STYLE_USAGE(.BOTH.,#111060);
#111080=PRESENTATION_STYLE_ASSIGNMENT((#111070));
#111090=CARTESIAN_POINT('',(-2.9886031253416185E+01,
   2.0321376124790600E+01,1.9726922491185586E+01));
#111100=DIRECTION('',(0.0000000000000000E+00,-1.0000000000000000E+00,
   0.0000000000000000E+00));
#111110=DIRECTION('',(1.0000000000000000E+00,0.0000000000000000E+00,
   0.0000000000000000E+00));
#111120=AXIS2_PLACEMENT_3D('',#111090,#111100,#111110);
#111130=PLANE('',#111120);
#111140=CARTESIAN_POINT('',(-3.1605488301517802E+01,
   2.0321376124790600E+01,2.2500000000000000E+01));
#111150=DIRECTION('',(0.0000000000000000E+00,0.0000000000000000E+00,
   -1.0000000000000000E+00));
#111160=VECTOR('',#111150,1.0000000000000000E+00);
#111170=LINE('',#111140,#111160);
#111180=CARTESIAN_POINT('',(-3.1605488301517802E+01,
   2.0321376124790600E+01,2.1449999999999999E+01));
#111190=VERTEX_POINT('',#111180);
#111200=CARTESIAN_POINT('',(-3.1605488301517802E+01,
   2.0321376124790600E+01,2.1000000000000000E+01));
#111210=VERTEX_POINT('',#111200);
#111220=EDGE_CURVE('',#111190,#111210,#111170,.T.);
#111230=ORIENTED_EDGE('',*,*,#111220,.F.);
#111240=CARTESIAN_POINT('',(-8.4502159542249785E+01,
   2.0321376124790600E+01,2.1000000000000000E+01));
#111250=DIRECTION('',(-1.0000000000000000E+00,-0.0000000000000000E+00,
   0.0000000000000000E+00));
#111260=VECTOR('',#111250,1.0000000000000000E+00);
#111270=LINE('',#111240,#111260);
#111280=EDGE_CURVE('',#111210,#110890,#111270,.T.);
#111290=ORIENTED_EDGE('',*,*,#111280,.F.);
#111300=CARTESIAN_POINT('',(-3.1355488301517802E+01,
   2.0321376124790600E+01,2.1000000000000000E+01));
#111310=DIRECTION('',(0.0000000000000000E+00,-1.0000000000000000E+00,
   0.0000000000000000E+00));
#111320=DIRECTION('',(1.0000000000000000E+00,0.0000000000000000E+00,
   0.0000000000000000E+00));
#111330=AXIS2_PLACEMENT_3D('',#111300,#111310,#111320);
#111340=CIRCLE('',#111330,5.5000000000000004E-01);
#111350=EDGE_CURVE('',#110800,#110890,#111340,.T.);
#111360=ORIENTED_EDGE('',*,*,#111350,.T.);
#111370=CARTESIAN_POINT('',(-3.1105488301517802E+01,
   2.0321376124790600E+01,2.1000000000000000E+01));
#111380=VERTEX_POINT('',#111370);
#111390=EDGE_CURVE('',#110800,#111380,#111270,.T.);
#111400=ORIENTED_EDGE('',*,*,#111390,.F.);
#111410=CARTESIAN_POINT('',(-3.1105488301517802E+01,
   2.0321376124790600E+01,2.2500000000000000E+01));
#111420=DIRECTION('',(0.0000000000000000E+00,0.0000000000000000E+00,
   -1.0000000000000000E+00));
#111430=VECTOR('',#111420,1.0000000000000000E+00);
#111440=LINE('',#111410,#111430);
#111450=CARTESIAN_POINT('',(-3.1105488301517802E+01,
   2.0321376124790600E+01,2.1449999999999999E+01));
#111460=VERTEX_POINT('',#111450);
#111470=EDGE_CURVE('',#111460,#111380,#111440,.T.);
#111480=ORIENTED_EDGE('',*,*,#111470,.T.);
#111490=CARTESIAN_POINT('',(-8.4502159542249785E+01,
   2.0321376124790600E+01,2.1449999999999999E+01));
#111500=DIRECTION('',(-1.0000000000000000E+00,0.0000000000000000E+00,
   0.0000000000000000E+00));
#111510=VECTOR('',#111500,1.0000000000000000E+00);
#111520=LINE('',#111490,#111510);
#111530=EDGE_CURVE('',#111460,#111190,#111520,.T.);
#111540=ORIENTED_EDGE('',*,*,#111530,.F.);
#111550=EDGE_LOOP('',(#111540,#111480,#111400,#111360,#111290,#111230));
#111560=FACE_OUTER_BOUND('',#111550,.T.);
#111570=ADVANCED_FACE('',(#111560),#111130,.T.);
#111580=COLOUR_RGB('',9.4901961088180542E-01,9.4901961088180542E-01,
   1.0000000000000000E+00);
#111590=FILL_AREA_STYLE_COLOUR('',#111580);
#111600=FILL_AREA_STYLE('',(#111590));
#111610=SURFACE_STYLE_FILL_AREA(#111600);
#111620=SURFACE_SIDE_STYLE('',(#111610));
#111630=SURFACE_STYLE_USAGE(.BOTH.,#111620);
#111640=PRESENTATION_STYLE_ASSIGNMENT((#111630));
#111650=CARTESIAN_POINT('',(-3.1405488301517792E+01,
   2.7145319094080318E+01,2.1000000000000000E+01));
#111660=DIRECTION('',(0.0000000000000000E+00,1.0000000000000000E+00,
   0.0000000000000000E+00));
#111670=DIRECTION('',(-1.0000000000000000E+00,0.0000000000000000E+00,
   0.0000000000000000E+00));
#111680=AXIS2_PLACEMENT_3D('',#111650,#111660,#111670);
#111690=CYLINDRICAL_SURFACE('',#111680,1.3999999999999999E+00);
#111700=CARTESIAN_POINT('',(-3.0005488301517794E+01,
   2.7145319094080318E+01,2.1000000000000000E+01));
#111710=DIRECTION('',(0.0000000000000000E+00,1.0000000000000000E+00,
   0.0000000000000000E+00));
#111720=VECTOR('',#111710,1.0000000000000000E+00);
#111730=LINE('',#111700,#111720);
#111740=CARTESIAN_POINT('',(-3.0005488301517794E+01,
   2.7601376124790601E+01,2.1000000000000000E+01));
#111750=VERTEX_POINT('',#111740);
#111760=EDGE_CURVE('',#111750,#110290,#111730,.T.);
#111770=ORIENTED_EDGE('',*,*,#111760,.F.);
#111780=ORIENTED_EDGE('',*,*,#110300,.F.);
#111790=CARTESIAN_POINT('',(-3.2116515403736514E+01,
   2.7145319094080318E+01,1.9793998150950650E+01));
#111800=DIRECTION('',(0.0000000000000000E+00,1.0000000000000000E+00,
   0.0000000000000000E+00));
#111810=VECTOR('',#111800,1.0000000000000000E+00);
#111820=LINE('',#111790,#111810);
#111830=EDGE_CURVE('',#109850,#110180,#111820,.T.);
#111840=ORIENTED_EDGE('',*,*,#111830,.T.);
#111850=ORIENTED_EDGE('',*,*,#109860,.F.);
#111860=ORIENTED_EDGE('',*,*,#105610,.F.);
#111870=CARTESIAN_POINT('',(-3.1405488301517792E+01,
   2.8601376124790601E+01,2.1000000000000000E+01));
#111880=DIRECTION('',(0.0000000000000000E+00,1.0000000000000000E+00,
   0.0000000000000000E+00));
#111890=DIRECTION('',(-1.0000000000000000E+00,0.0000000000000000E+00,
   0.0000000000000000E+00));
#111900=AXIS2_PLACEMENT_3D('',#111870,#111880,#111890);
#111910=CIRCLE('',#111900,1.3999999999999999E+00);
#111920=CARTESIAN_POINT('',(-3.2805488301517791E+01,
   2.8601376124790601E+01,2.1000000000000000E+01));
#111930=VERTEX_POINT('',#111920);
#111940=EDGE_CURVE('',#105540,#111930,#111910,.T.);
#111950=ORIENTED_EDGE('',*,*,#111940,.F.);
#111960=CARTESIAN_POINT('',(-3.2805488301517791E+01,
   2.7145319094080318E+01,2.1000000000000000E+01));
#111970=DIRECTION('',(0.0000000000000000E+00,1.0000000000000000E+00,
   0.0000000000000000E+00));
#111980=VECTOR('',#111970,1.0000000000000000E+00);
#111990=LINE('',#111960,#111980);
#112000=CARTESIAN_POINT('',(-3.2805488301517791E+01,
   2.7601376124790601E+01,2.1000000000000000E+01));
#112010=VERTEX_POINT('',#112000);
#112020=EDGE_CURVE('',#112010,#111930,#111990,.T.);
#112030=ORIENTED_EDGE('',*,*,#112020,.T.);
#112040=CARTESIAN_POINT('',(-3.1405488301517792E+01,
   2.7601376124790601E+01,2.1000000000000000E+01));
#112050=DIRECTION('',(0.0000000000000000E+00,1.0000000000000000E+00,
   0.0000000000000000E+00));
#112060=DIRECTION('',(-1.0000000000000000E+00,0.0000000000000000E+00,
   0.0000000000000000E+00));
#112070=AXIS2_PLACEMENT_3D('',#112040,#112050,#112060);
#112080=CIRCLE('',#112070,1.3999999999999999E+00);
#112090=EDGE_CURVE('',#111750,#112010,#112080,.T.);
#112100=ORIENTED_EDGE('',*,*,#112090,.T.);
#112110=EDGE_LOOP('',(#112100,#112030,#111950,#111860,#111850,#111840,
   #111780,#111770));
#112120=FACE_OUTER_BOUND('',#112110,.T.);
#112130=ADVANCED_FACE('',(#112120),#111690,.T.);
#112140=COLOUR_RGB('',9.4901967048645020E-01,9.4901967048645020E-01,
   1.0000000000000000E+00);
#112150=FILL_AREA_STYLE_COLOUR('',#112140);
#112160=FILL_AREA_STYLE('',(#112150));
#112170=SURFACE_STYLE_FILL_AREA(#112160);
#112180=SURFACE_SIDE_STYLE('',(#112170));
#112190=SURFACE_STYLE_USAGE(.BOTH.,#112180);
#112200=PRESENTATION_STYLE_ASSIGNMENT((#112190));
#112210=CARTESIAN_POINT('',(-3.1605488301517802E+01,
   2.0321376124790600E+01,2.1449999999999999E+01));
#112220=DIRECTION('',(0.0000000000000000E+00,0.0000000000000000E+00,
   1.0000000000000000E+00));
#112230=DIRECTION('',(1.0000000000000000E+00,0.0000000000000000E+00,
   0.0000000000000000E+00));
#112240=AXIS2_PLACEMENT_3D('',#112210,#112220,#112230);
#112250=PLANE('',#112240);
#112260=CARTESIAN_POINT('',(-3.1105488301517802E+01,
   -2.2653715864353234E+01,2.1449999999999999E+01));
#112270=DIRECTION('',(0.0000000000000000E+00,-1.0000000000000000E+00,
   0.0000000000000000E+00));
#112280=VECTOR('',#112270,1.0000000000000000E+00);
#112290=LINE('',#112260,#112280);
#112300=CARTESIAN_POINT('',(-3.1105488301517802E+01,
   1.8321376124790600E+01,2.1449999999999999E+01));
#112310=VERTEX_POINT('',#112300);
#112320=EDGE_CURVE('',#111460,#112310,#112290,.T.);
#112330=ORIENTED_EDGE('',*,*,#112320,.F.);
#112340=CARTESIAN_POINT('',(-8.4502159542249785E+01,
   1.8321376124790600E+01,2.1449999999999999E+01));
#112350=DIRECTION('',(-1.0000000000000000E+00,0.0000000000000000E+00,
   0.0000000000000000E+00));
#112360=VECTOR('',#112350,1.0000000000000000E+00);
#112370=LINE('',#112340,#112360);
#112380=CARTESIAN_POINT('',(-3.1605488301517802E+01,
   1.8321376124790607E+01,2.1449999999999999E+01));
#112390=VERTEX_POINT('',#112380);
#112400=EDGE_CURVE('',#112310,#112390,#112370,.T.);
#112410=ORIENTED_EDGE('',*,*,#112400,.F.);
#112420=CARTESIAN_POINT('',(-3.1605488301517802E+01,
   -2.2653715864353234E+01,2.1449999999999999E+01));
#112430=DIRECTION('',(0.0000000000000000E+00,-1.0000000000000000E+00,
   0.0000000000000000E+00));
#112440=VECTOR('',#112430,1.0000000000000000E+00);
#112450=LINE('',#112420,#112440);
#112460=EDGE_CURVE('',#111190,#112390,#112450,.T.);
#112470=ORIENTED_EDGE('',*,*,#112460,.T.);
#112480=ORIENTED_EDGE('',*,*,#111530,.T.);
#112490=EDGE_LOOP('',(#112480,#112470,#112410,#112330));
#112500=FACE_OUTER_BOUND('',#112490,.T.);
#112510=ADVANCED_FACE('',(#112500),#112250,.T.);
#112520=COLOUR_RGB('',9.4901961088180542E-01,9.4901961088180542E-01,
   1.0000000000000000E+00);
#112530=FILL_AREA_STYLE_COLOUR('',#112520);
#112540=FILL_AREA_STYLE('',(#112530));
#112550=SURFACE_STYLE_FILL_AREA(#112540);
#112560=SURFACE_SIDE_STYLE('',(#112550));
#112570=SURFACE_STYLE_USAGE(.BOTH.,#112560);
#112580=PRESENTATION_STYLE_ASSIGNMENT((#112570));
#112590=CARTESIAN_POINT('',(-3.1158000928102481E+01,
   2.7601376124790594E+01,2.0752512626584682E+01));
#112600=DIRECTION('',(-7.0710678118654746E-01,0.0000000000000000E+00,
   7.0710678118654757E-01));
#112610=DIRECTION('',(0.0000000000000000E+00,1.0000000000000000E+00,
   0.0000000000000000E+00));
#112620=AXIS2_PLACEMENT_3D('',#112590,#112600,#112610);
#112630=PLANE('',#112620);
#112640=ORIENTED_EDGE('',*,*,#109940,.F.);
#112650=ORIENTED_EDGE('',*,*,#111830,.F.);
#112660=ORIENTED_EDGE('',*,*,#110210,.F.);
#112670=CARTESIAN_POINT('',(-3.1451982696657915E+01,
   3.9321376124790604E+01,2.0458530858029246E+01));
#112680=DIRECTION('',(0.0000000000000000E+00,-1.0000000000000000E+00,
   0.0000000000000000E+00));
#112690=VECTOR('',#112680,1.0000000000000000E+00);
#112700=LINE('',#112670,#112690);
#112710=EDGE_CURVE('',#110200,#109930,#112700,.T.);
#112720=ORIENTED_EDGE('',*,*,#112710,.F.);
#112730=EDGE_LOOP('',(#112720,#112660,#112650,#112640));
#112740=FACE_OUTER_BOUND('',#112730,.T.);
#112750=ADVANCED_FACE('',(#112740),#112630,.T.);
#112760=COLOUR_RGB('',9.4901967048645020E-01,9.4901967048645020E-01,
   1.0000000000000000E+00);
#112770=FILL_AREA_STYLE_COLOUR('',#112760);
#112780=FILL_AREA_STYLE('',(#112770));
#112790=SURFACE_STYLE_FILL_AREA(#112780);
#112800=SURFACE_SIDE_STYLE('',(#112790));
#112810=SURFACE_STYLE_USAGE(.BOTH.,#112800);
#112820=PRESENTATION_STYLE_ASSIGNMENT((#112810));
#112830=CARTESIAN_POINT('',(-3.1105488301517802E+01,
   2.0321376124790600E+01,2.1449999999999999E+01));
#112840=DIRECTION('',(1.0000000000000000E+00,-0.0000000000000000E+00,
   0.0000000000000000E+00));
#112850=DIRECTION('',(0.0000000000000000E+00,0.0000000000000000E+00,
   -1.0000000000000000E+00));
#112860=AXIS2_PLACEMENT_3D('',#112830,#112840,#112850);
#112870=PLANE('',#112860);
#112880=CARTESIAN_POINT('',(-3.1105488301517802E+01,
   -2.2653715864353234E+01,1.0470757191717940E+01));
#112890=DIRECTION('',(0.0000000000000000E+00,9.6592582628906831E-01,
   2.5881904510252091E-01));
#112900=VECTOR('',#112890,1.0000000000000000E+00);
#112910=LINE('',#112880,#112900);
#112920=CARTESIAN_POINT('',(-3.1105488301517802E+01,
   1.7321376124790600E+01,2.1182050807568878E+01));
#112930=VERTEX_POINT('',#112920);
#112940=EDGE_CURVE('',#112930,#112310,#112910,.T.);
#112950=ORIENTED_EDGE('',*,*,#112940,.F.);
#112960=ORIENTED_EDGE('',*,*,#112320,.T.);
#112970=ORIENTED_EDGE('',*,*,#111470,.F.);
#112980=CARTESIAN_POINT('',(-3.1105488301517802E+01,
   2.0321376124790600E+01,2.2500000000000000E+01));
#112990=DIRECTION('',(0.0000000000000000E+00,0.0000000000000000E+00,
   -1.0000000000000000E+00));
#113000=VECTOR('',#112990,1.0000000000000000E+00);
#113010=LINE('',#112980,#113000);
#113020=CARTESIAN_POINT('',(-3.1105488301517802E+01,
   2.0321376124790600E+01,2.0550000000000001E+01));
#113030=VERTEX_POINT('',#113020);
#113040=EDGE_CURVE('',#111380,#113030,#113010,.T.);
#113050=ORIENTED_EDGE('',*,*,#113040,.F.);
#113060=CARTESIAN_POINT('',(-3.1105488301517802E+01,
   -2.2653715864353234E+01,2.0550000000000001E+01));
#113070=DIRECTION('',(0.0000000000000000E+00,1.0000000000000000E+00,
   0.0000000000000000E+00));
#113080=VECTOR('',#113070,1.0000000000000000E+00);
#113090=LINE('',#113060,#113080);
#113100=CARTESIAN_POINT('',(-3.1105488301517802E+01,
   1.8321376124790607E+01,2.0550000000000001E+01));
#113110=VERTEX_POINT('',#113100);
#113120=EDGE_CURVE('',#113110,#113030,#113090,.T.);
#113130=ORIENTED_EDGE('',*,*,#113120,.T.);
#113140=CARTESIAN_POINT('',(-3.1105488301517802E+01,
   -2.2653715864353234E+01,3.1529242808282063E+01));
#113150=DIRECTION('',(0.0000000000000000E+00,-9.6592582628906831E-01,
   2.5881904510252091E-01));
#113160=VECTOR('',#113150,1.0000000000000000E+00);
#113170=LINE('',#113140,#113160);
#113180=CARTESIAN_POINT('',(-3.1105488301517802E+01,
   1.7321376124790600E+01,2.0817949192431122E+01));
#113190=VERTEX_POINT('',#113180);
#113200=EDGE_CURVE('',#113110,#113190,#113170,.T.);
#113210=ORIENTED_EDGE('',*,*,#113200,.F.);
#113220=CARTESIAN_POINT('',(-3.1105488301517802E+01,
   1.7321376124790600E+01,2.2500000000000000E+01));
#113230=DIRECTION('',(0.0000000000000000E+00,0.0000000000000000E+00,
   -1.0000000000000000E+00));
#113240=VECTOR('',#113230,1.0000000000000000E+00);
#113250=LINE('',#113220,#113240);
#113260=EDGE_CURVE('',#112930,#113190,#113250,.T.);
#113270=ORIENTED_EDGE('',*,*,#113260,.T.);
#113280=EDGE_LOOP('',(#113270,#113210,#113130,#113050,#112970,#112960,
   #112950));
#113290=FACE_OUTER_BOUND('',#113280,.T.);
#113300=ADVANCED_FACE('',(#113290),#112870,.T.);
#113310=COLOUR_RGB('',9.4901961088180542E-01,9.4901961088180542E-01,
   1.0000000000000000E+00);
#113320=FILL_AREA_STYLE_COLOUR('',#113310);
#113330=FILL_AREA_STYLE('',(#113320));
#113340=SURFACE_STYLE_FILL_AREA(#113330);
#113350=SURFACE_SIDE_STYLE('',(#113340));
#113360=SURFACE_STYLE_USAGE(.BOTH.,#113350);
#113370=PRESENTATION_STYLE_ASSIGNMENT((#113360));
#113380=CARTESIAN_POINT('',(-2.9886031253416185E+01,
   2.0321376124790600E+01,1.9726922491185586E+01));
#113390=DIRECTION('',(0.0000000000000000E+00,-1.0000000000000000E+00,
   0.0000000000000000E+00));
#113400=DIRECTION('',(1.0000000000000000E+00,0.0000000000000000E+00,
   0.0000000000000000E+00));
#113410=AXIS2_PLACEMENT_3D('',#113380,#113390,#113400);
#113420=PLANE('',#113410);
#113430=ORIENTED_EDGE('',*,*,#111280,.T.);
#113440=CARTESIAN_POINT('',(-3.1605488301517802E+01,
   2.0321376124790600E+01,2.2500000000000000E+01));
#113450=DIRECTION('',(0.0000000000000000E+00,0.0000000000000000E+00,
   -1.0000000000000000E+00));
#113460=VECTOR('',#113450,1.0000000000000000E+00);
#113470=LINE('',#113440,#113460);
#113480=CARTESIAN_POINT('',(-3.1605488301517802E+01,
   2.0321376124790600E+01,2.0550000000000001E+01));
#113490=VERTEX_POINT('',#113480);
#113500=EDGE_CURVE('',#111210,#113490,#113470,.T.);
#113510=ORIENTED_EDGE('',*,*,#113500,.F.);
#113520=CARTESIAN_POINT('',(-8.4502159542249785E+01,
   2.0321376124790600E+01,2.0550000000000001E+01));
#113530=DIRECTION('',(1.0000000000000000E+00,0.0000000000000000E+00,
   0.0000000000000000E+00));
#113540=VECTOR('',#113530,1.0000000000000000E+00);
#113550=LINE('',#113520,#113540);
#113560=EDGE_CURVE('',#113490,#113030,#113550,.T.);
#113570=ORIENTED_EDGE('',*,*,#113560,.F.);
#113580=ORIENTED_EDGE('',*,*,#113040,.T.);
#113590=ORIENTED_EDGE('',*,*,#111390,.T.);
#113600=ORIENTED_EDGE('',*,*,#110970,.T.);
#113610=EDGE_LOOP('',(#113600,#113590,#113580,#113570,#113510,#113430));
#113620=FACE_OUTER_BOUND('',#113610,.T.);
#113630=ADVANCED_FACE('',(#113620),#113420,.T.);
#113640=COLOUR_RGB('',9.4901961088180542E-01,9.4901961088180542E-01,
   1.0000000000000000E+00);
#113650=FILL_AREA_STYLE_COLOUR('',#113640);
#113660=FILL_AREA_STYLE('',(#113650));
#113670=SURFACE_STYLE_FILL_AREA(#113660);
#113680=SURFACE_SIDE_STYLE('',(#113670));
#113690=SURFACE_STYLE_USAGE(.BOTH.,#113680);
#113700=PRESENTATION_STYLE_ASSIGNMENT((#113690));
#113710=CARTESIAN_POINT('',(-3.1105488301517802E+01,
   2.0321376124790600E+01,2.0550000000000001E+01));
#113720=DIRECTION('',(0.0000000000000000E+00,0.0000000000000000E+00,
   -1.0000000000000000E+00));
#113730=DIRECTION('',(-1.0000000000000000E+00,0.0000000000000000E+00,
   0.0000000000000000E+00));
#113740=AXIS2_PLACEMENT_3D('',#113710,#113720,#113730);
#113750=PLANE('',#113740);
#113760=CARTESIAN_POINT('',(-3.1605488301517802E+01,
   -2.2653715864353234E+01,2.0550000000000001E+01));
#113770=DIRECTION('',(0.0000000000000000E+00,-1.0000000000000000E+00,
   0.0000000000000000E+00));
#113780=VECTOR('',#113770,1.0000000000000000E+00);
#113790=LINE('',#113760,#113780);
#113800=CARTESIAN_POINT('',(-3.1605488301517802E+01,
   1.8321376124790607E+01,2.0550000000000001E+01));
#113810=VERTEX_POINT('',#113800);
#113820=EDGE_CURVE('',#113490,#113810,#113790,.T.);
#113830=ORIENTED_EDGE('',*,*,#113820,.F.);
#113840=CARTESIAN_POINT('',(-8.4502159542249785E+01,
   1.8321376124790607E+01,2.0550000000000001E+01));
#113850=DIRECTION('',(1.0000000000000000E+00,0.0000000000000000E+00,
   0.0000000000000000E+00));
#113860=VECTOR('',#113850,1.0000000000000000E+00);
#113870=LINE('',#113840,#113860);
#113880=EDGE_CURVE('',#113810,#113110,#113870,.T.);
#113890=ORIENTED_EDGE('',*,*,#113880,.F.);
#113900=ORIENTED_EDGE('',*,*,#113120,.F.);
#113910=ORIENTED_EDGE('',*,*,#113560,.T.);
#113920=EDGE_LOOP('',(#113910,#113900,#113890,#113830));
#113930=FACE_OUTER_BOUND('',#113920,.T.);
#113940=ADVANCED_FACE('',(#113930),#113750,.T.);
#113950=COLOUR_RGB('',9.4901961088180542E-01,9.4901961088180542E-01,
   1.0000000000000000E+00);
#113960=FILL_AREA_STYLE_COLOUR('',#113950);
#113970=FILL_AREA_STYLE('',(#113960));
#113980=SURFACE_STYLE_FILL_AREA(#113970);
#113990=SURFACE_SIDE_STYLE('',(#113980));
#114000=SURFACE_STYLE_USAGE(.BOTH.,#113990);
#114010=PRESENTATION_STYLE_ASSIGNMENT((#114000));
#114020=CARTESIAN_POINT('',(-3.1605488301517802E+01,
   2.0321376124790600E+01,2.0550000000000001E+01));
#114030=DIRECTION('',(-1.0000000000000000E+00,0.0000000000000000E+00,
   0.0000000000000000E+00));
#114040=DIRECTION('',(0.0000000000000000E+00,0.0000000000000000E+00,
   1.0000000000000000E+00));
#114050=AXIS2_PLACEMENT_3D('',#114020,#114030,#114040);
#114060=PLANE('',#114050);
#114070=ORIENTED_EDGE('',*,*,#111220,.T.);
#114080=ORIENTED_EDGE('',*,*,#112460,.F.);
#114090=CARTESIAN_POINT('',(-3.1605488301517795E+01,
   -2.2653715864353234E+01,1.0470757191717940E+01));
#114100=DIRECTION('',(0.0000000000000000E+00,9.6592582628906831E-01,
   2.5881904510252091E-01));
#114110=VECTOR('',#114100,1.0000000000000000E+00);
#114120=LINE('',#114090,#114110);
#114130=CARTESIAN_POINT('',(-3.1605488301517802E+01,
   1.7321376124790600E+01,2.1182050807568878E+01));
#114140=VERTEX_POINT('',#114130);
#114150=EDGE_CURVE('',#114140,#112390,#114120,.T.);
#114160=ORIENTED_EDGE('',*,*,#114150,.T.);
#114170=CARTESIAN_POINT('',(-3.1605488301517802E+01,
   1.7321376124790600E+01,2.2500000000000000E+01));
#114180=DIRECTION('',(0.0000000000000000E+00,0.0000000000000000E+00,
   -1.0000000000000000E+00));
#114190=VECTOR('',#114180,1.0000000000000000E+00);
#114200=LINE('',#114170,#114190);
#114210=CARTESIAN_POINT('',(-3.1605488301517795E+01,
   1.7321376124790607E+01,2.0817949192431122E+01));
#114220=VERTEX_POINT('',#114210);
#114230=EDGE_CURVE('',#114140,#114220,#114200,.T.);
#114240=ORIENTED_EDGE('',*,*,#114230,.F.);
#114250=CARTESIAN_POINT('',(-3.1605488301517795E+01,
   -2.2653715864353234E+01,3.1529242808282063E+01));
#114260=DIRECTION('',(0.0000000000000000E+00,9.6592582628906831E-01,
   -2.5881904510252091E-01));
#114270=VECTOR('',#114260,1.0000000000000000E+00);
#114280=LINE('',#114250,#114270);
#114290=EDGE_CURVE('',#114220,#113810,#114280,.T.);
#114300=ORIENTED_EDGE('',*,*,#114290,.F.);
#114310=ORIENTED_EDGE('',*,*,#113820,.T.);
#114320=ORIENTED_EDGE('',*,*,#113500,.T.);
#114330=EDGE_LOOP('',(#114320,#114310,#114300,#114240,#114160,#114080,
   #114070));
#114340=FACE_OUTER_BOUND('',#114330,.T.);
#114350=ADVANCED_FACE('',(#114340),#114060,.T.);
#114360=COLOUR_RGB('',9.4901961088180542E-01,9.4901961088180542E-01,
   1.0000000000000000E+00);
#114370=FILL_AREA_STYLE_COLOUR('',#114360);
#114380=FILL_AREA_STYLE('',(#114370));
#114390=SURFACE_STYLE_FILL_AREA(#114380);
#114400=SURFACE_SIDE_STYLE('',(#114390));
#114410=SURFACE_STYLE_USAGE(.BOTH.,#114400);
#114420=PRESENTATION_STYLE_ASSIGNMENT((#114410));
#114430=CARTESIAN_POINT('',(-3.1355488301517802E+01,
   1.7821376124790600E+01,2.1316025403784437E+01));
#114440=DIRECTION('',(0.0000000000000000E+00,2.5881904510252085E-01,
   -9.6592582628906820E-01));
#114450=DIRECTION('',(0.0000000000000000E+00,9.6592582628906842E-01,
   2.5881904510252091E-01));
#114460=AXIS2_PLACEMENT_3D('',#114430,#114440,#114450);
#114470=PLANE('',#114460);
#114480=ORIENTED_EDGE('',*,*,#114150,.F.);
#114490=ORIENTED_EDGE('',*,*,#112400,.T.);
#114500=ORIENTED_EDGE('',*,*,#112940,.T.);
#114510=CARTESIAN_POINT('',(-8.4502159542249785E+01,
   1.7321376124790600E+01,2.1182050807568878E+01));
#114520=DIRECTION('',(1.0000000000000000E+00,0.0000000000000000E+00,
   0.0000000000000000E+00));
#114530=VECTOR('',#114520,1.0000000000000000E+00);
#114540=LINE('',#114510,#114530);
#114550=EDGE_CURVE('',#114140,#112930,#114540,.T.);
#114560=ORIENTED_EDGE('',*,*,#114550,.T.);
#114570=EDGE_LOOP('',(#114560,#114500,#114490,#114480));
#114580=FACE_OUTER_BOUND('',#114570,.T.);
#114590=ADVANCED_FACE('',(#114580),#114470,.F.);
#114600=COLOUR_RGB('',9.4901961088180542E-01,9.4901961088180542E-01,
   1.0000000000000000E+00);
#114610=FILL_AREA_STYLE_COLOUR('',#114600);
#114620=FILL_AREA_STYLE('',(#114610));
#114630=SURFACE_STYLE_FILL_AREA(#114620);
#114640=SURFACE_SIDE_STYLE('',(#114630));
#114650=SURFACE_STYLE_USAGE(.BOTH.,#114640);
#114660=PRESENTATION_STYLE_ASSIGNMENT((#114650));
#114670=CARTESIAN_POINT('',(-2.9886031253416185E+01,
   1.7321376124790600E+01,1.9726922491185586E+01));
#114680=DIRECTION('',(0.0000000000000000E+00,-1.0000000000000000E+00,
   0.0000000000000000E+00));
#114690=DIRECTION('',(1.0000000000000000E+00,0.0000000000000000E+00,
   0.0000000000000000E+00));
#114700=AXIS2_PLACEMENT_3D('',#114670,#114680,#114690);
#114710=PLANE('',#114700);
#114720=ORIENTED_EDGE('',*,*,#114230,.T.);
#114730=ORIENTED_EDGE('',*,*,#114550,.F.);
#114740=ORIENTED_EDGE('',*,*,#113260,.F.);
#114750=CARTESIAN_POINT('',(-8.4502159542249785E+01,
   1.7321376124790600E+01,2.0817949192431122E+01));
#114760=DIRECTION('',(-1.0000000000000000E+00,0.0000000000000000E+00,
   0.0000000000000000E+00));
#114770=VECTOR('',#114760,1.0000000000000000E+00);
#114780=LINE('',#114750,#114770);
#114790=EDGE_CURVE('',#113190,#114220,#114780,.T.);
#114800=ORIENTED_EDGE('',*,*,#114790,.F.);
#114810=EDGE_LOOP('',(#114800,#114740,#114730,#114720));
#114820=FACE_OUTER_BOUND('',#114810,.T.);
#114830=ADVANCED_FACE('',(#114820),#114710,.T.);
#114840=COLOUR_RGB('',9.4901961088180542E-01,9.4901961088180542E-01,
   1.0000000000000000E+00);
#114850=FILL_AREA_STYLE_COLOUR('',#114840);
#114860=FILL_AREA_STYLE('',(#114850));
#114870=SURFACE_STYLE_FILL_AREA(#114860);
#114880=SURFACE_SIDE_STYLE('',(#114870));
#114890=SURFACE_STYLE_USAGE(.BOTH.,#114880);
#114900=PRESENTATION_STYLE_ASSIGNMENT((#114890));
#114910=CARTESIAN_POINT('',(-3.1355488301517802E+01,
   1.7821376124790600E+01,2.0683974596215563E+01));
#114920=DIRECTION('',(0.0000000000000000E+00,2.5881904510252085E-01,
   9.6592582628906820E-01));
#114930=DIRECTION('',(0.0000000000000000E+00,9.6592582628906842E-01,
   -2.5881904510252091E-01));
#114940=AXIS2_PLACEMENT_3D('',#114910,#114920,#114930);
#114950=PLANE('',#114940);
#114960=ORIENTED_EDGE('',*,*,#113200,.T.);
#114970=ORIENTED_EDGE('',*,*,#113880,.T.);
#114980=ORIENTED_EDGE('',*,*,#114290,.T.);
#114990=ORIENTED_EDGE('',*,*,#114790,.T.);
#115000=EDGE_LOOP('',(#114990,#114980,#114970,#114960));
#115010=FACE_OUTER_BOUND('',#115000,.T.);
#115020=ADVANCED_FACE('',(#115010),#114950,.F.);
#115030=COLOUR_RGB('',9.4901961088180542E-01,9.4901961088180542E-01,
   1.0000000000000000E+00);
#115040=FILL_AREA_STYLE_COLOUR('',#115030);
#115050=FILL_AREA_STYLE('',(#115040));
#115060=SURFACE_STYLE_FILL_AREA(#115050);
#115070=SURFACE_SIDE_STYLE('',(#115060));
#115080=SURFACE_STYLE_USAGE(.BOTH.,#115070);
#115090=PRESENTATION_STYLE_ASSIGNMENT((#115080));
#115100=ORIENTED_EDGE('',*,*,#102290,.T.);
#115110=ORIENTED_EDGE('',*,*,#20690,.F.);
#115120=ORIENTED_EDGE('',*,*,#80470,.T.);
#115130=ORIENTED_EDGE('',*,*,#81350,.F.);
#115140=CARTESIAN_POINT('',(-2.9429583505175202E+01,
   2.3045184024564779E+01,2.3000000000000000E+01));
#115150=DIRECTION('',(0.0000000000000000E+00,0.0000000000000000E+00,
   1.0000000000000000E+00));
#115160=DIRECTION('',(1.0000000000000000E+00,0.0000000000000000E+00,
   0.0000000000000000E+00));
#115170=AXIS2_PLACEMENT_3D('',#115140,#115150,#115160);
#115180=CIRCLE('',#115170,9.5118357404519926E-01);
#115190=CARTESIAN_POINT('',(-2.8478399931130003E+01,
   2.3045184024564779E+01,2.3000000000000000E+01));
#115200=VERTEX_POINT('',#115190);
#115210=EDGE_CURVE('',#115200,#81340,#115180,.T.);
#115220=ORIENTED_EDGE('',*,*,#115210,.T.);
#115230=EDGE_CURVE('',#81720,#115200,#115180,.T.);
#115240=ORIENTED_EDGE('',*,*,#115230,.T.);
#115250=ORIENTED_EDGE('',*,*,#81750,.F.);
#115260=CARTESIAN_POINT('',(-2.9442235154989220E+01,
   2.2252097309953026E+01,2.3000000000000000E+01));
#115270=DIRECTION('',(0.0000000000000000E+00,0.0000000000000000E+00,
   1.0000000000000000E+00));
#115280=DIRECTION('',(1.0000000000000000E+00,0.0000000000000000E+00,
   0.0000000000000000E+00));
#115290=AXIS2_PLACEMENT_3D('',#115260,#115270,#115280);
#115300=CIRCLE('',#115290,1.5809685943338536E-01);
#115310=EDGE_CURVE('',#53070,#81740,#115300,.T.);
#115320=ORIENTED_EDGE('',*,*,#115310,.T.);
#115330=ORIENTED_EDGE('',*,*,#53100,.F.);
#115340=ORIENTED_EDGE('',*,*,#77530,.T.);
#115350=EDGE_CURVE('',#77520,#108380,#108360,.T.);
#115360=ORIENTED_EDGE('',*,*,#115350,.F.);
#115370=ORIENTED_EDGE('',*,*,#108390,.F.);
#115380=EDGE_LOOP('',(#115370,#115360,#115340,#115330,#115320,#115250,
   #115240,#115220,#115130,#115120,#115110,#115100));
#115390=FACE_OUTER_BOUND('',#115380,.T.);
#115400=ADVANCED_FACE('',(#115390),#79380,.T.);
#115410=COLOUR_RGB('',5.0196081399917603E-01,1.0000000000000000E+00,
   5.0196081399917603E-01);
#115420=FILL_AREA_STYLE_COLOUR('',#115410);
#115430=FILL_AREA_STYLE('',(#115420));
#115440=SURFACE_STYLE_FILL_AREA(#115430);
#115450=SURFACE_SIDE_STYLE('',(#115440));
#115460=SURFACE_STYLE_USAGE(.BOTH.,#115450);
#115470=PRESENTATION_STYLE_ASSIGNMENT((#115460));
#115480=CARTESIAN_POINT('',(-3.2074229385564998E+01,
   2.8601376124790601E+01,2.1668741084047205E+01));
#115490=DIRECTION('',(0.0000000000000000E+00,1.0000000000000000E+00,
   0.0000000000000000E+00));
#115500=DIRECTION('',(7.0710678118654746E-01,0.0000000000000000E+00,
   -7.0710678118654757E-01));
#115510=AXIS2_PLACEMENT_3D('',#115480,#115490,#115500);
#115520=PLANE('',#115510);
#115530=CARTESIAN_POINT('',(-3.1355488301517802E+01,
   2.8601376124790601E+01,2.1000000000000000E+01));
#115540=DIRECTION('',(0.0000000000000000E+00,-1.0000000000000000E+00,
   0.0000000000000000E+00));
#115550=DIRECTION('',(1.0000000000000000E+00,0.0000000000000000E+00,
   0.0000000000000000E+00));
#115560=AXIS2_PLACEMENT_3D('',#115530,#115540,#115550);
#115570=CIRCLE('',#115560,5.5000000000000004E-01);
#115580=EDGE_CURVE('',#94300,#100060,#115570,.T.);
#115590=ORIENTED_EDGE('',*,*,#115580,.F.);
#115600=ORIENTED_EDGE('',*,*,#100140,.F.);
#115610=EDGE_CURVE('',#94300,#99300,#94280,.T.);
#115620=ORIENTED_EDGE('',*,*,#115610,.T.);
#115630=EDGE_LOOP('',(#115620,#115600,#115590));
#115640=FACE_OUTER_BOUND('',#115630,.T.);
#115650=ADVANCED_FACE('',(#115640),#115520,.T.);
#115660=COLOUR_RGB('',9.4901967048645020E-01,9.4901967048645020E-01,
   1.0000000000000000E+00);
#115670=FILL_AREA_STYLE_COLOUR('',#115660);
#115680=FILL_AREA_STYLE('',(#115670));
#115690=SURFACE_STYLE_FILL_AREA(#115680);
#115700=SURFACE_SIDE_STYLE('',(#115690));
#115710=SURFACE_STYLE_USAGE(.BOTH.,#115700);
#115720=PRESENTATION_STYLE_ASSIGNMENT((#115710));
#115730=CARTESIAN_POINT('',(-3.0655673471076625E+01,
   2.1804481510412483E+01,2.3000000000000000E+01));
#115740=DIRECTION('',(0.0000000000000000E+00,0.0000000000000000E+00,
   1.0000000000000000E+00));
#115750=DIRECTION('',(1.0000000000000000E+00,0.0000000000000000E+00,
   0.0000000000000000E+00));
#115760=AXIS2_PLACEMENT_3D('',#115730,#115740,#115750);
#115770=CYLINDRICAL_SURFACE('',#115760,1.5809685943349905E-01);
#115780=CARTESIAN_POINT('',(-3.0655673471076625E+01,
   2.1804481510412483E+01,2.3000000000000000E+01));
#115790=DIRECTION('',(0.0000000000000000E+00,0.0000000000000000E+00,
   1.0000000000000000E+00));
#115800=DIRECTION('',(1.0000000000000000E+00,0.0000000000000000E+00,
   0.0000000000000000E+00));
#115810=AXIS2_PLACEMENT_3D('',#115780,#115790,#115800);
#115820=CIRCLE('',#115810,1.5809685943349905E-01);
#115830=EDGE_CURVE('',#89920,#92440,#115820,.T.);
#115840=ORIENTED_EDGE('',*,*,#115830,.F.);
#115850=ORIENTED_EDGE('',*,*,#92670,.F.);
#115860=ORIENTED_EDGE('',*,*,#106850,.T.);
#115870=ORIENTED_EDGE('',*,*,#90030,.F.);
#115880=EDGE_LOOP('',(#115870,#115860,#115850,#115840));
#115890=FACE_OUTER_BOUND('',#115880,.T.);
#115900=ADVANCED_FACE('',(#115890),#115770,.T.);
#115910=COLOUR_RGB('',5.0196081399917603E-01,1.0000000000000000E+00,
   5.0196081399917603E-01);
#115920=FILL_AREA_STYLE_COLOUR('',#115910);
#115930=FILL_AREA_STYLE('',(#115920));
#115940=SURFACE_STYLE_FILL_AREA(#115930);
#115950=SURFACE_SIDE_STYLE('',(#115940));
#115960=SURFACE_STYLE_USAGE(.BOTH.,#115950);
#115970=PRESENTATION_STYLE_ASSIGNMENT((#115960));
#115980=CARTESIAN_POINT('',(-2.9979054022235516E+01,
   2.1804481510412483E+01,2.3000000000000000E+01));
#115990=DIRECTION('',(0.0000000000000000E+00,0.0000000000000000E+00,
   1.0000000000000000E+00));
#116000=DIRECTION('',(1.0000000000000000E+00,0.0000000000000000E+00,
   0.0000000000000000E+00));
#116010=AXIS2_PLACEMENT_3D('',#115980,#115990,#116000);
#116020=CYLINDRICAL_SURFACE('',#116010,1.5809685943343865E-01);
#116030=CARTESIAN_POINT('',(-2.9979054022235516E+01,
   2.1804481510412483E+01,2.3000000000000000E+01));
#116040=DIRECTION('',(0.0000000000000000E+00,0.0000000000000000E+00,
   1.0000000000000000E+00));
#116050=DIRECTION('',(1.0000000000000000E+00,0.0000000000000000E+00,
   0.0000000000000000E+00));
#116060=AXIS2_PLACEMENT_3D('',#116030,#116040,#116050);
#116070=CIRCLE('',#116060,1.5809685943343865E-01);
#116080=EDGE_CURVE('',#92420,#91640,#116070,.T.);
#116090=ORIENTED_EDGE('',*,*,#116080,.F.);
#116100=ORIENTED_EDGE('',*,*,#91800,.T.);
#116110=ORIENTED_EDGE('',*,*,#106930,.T.);
#116120=ORIENTED_EDGE('',*,*,#92530,.T.);
#116130=EDGE_LOOP('',(#116120,#116110,#116100,#116090));
#116140=FACE_OUTER_BOUND('',#116130,.T.);
#116150=ADVANCED_FACE('',(#116140),#116020,.T.);
#116160=COLOUR_RGB('',5.0196081399917603E-01,1.0000000000000000E+00,
   5.0196081399917603E-01);
#116170=FILL_AREA_STYLE_COLOUR('',#116160);
#116180=FILL_AREA_STYLE('',(#116170));
#116190=SURFACE_STYLE_FILL_AREA(#116180);
#116200=SURFACE_SIDE_STYLE('',(#116190));
#116210=SURFACE_STYLE_USAGE(.BOTH.,#116200);
#116220=PRESENTATION_STYLE_ASSIGNMENT((#116210));
#116230=CARTESIAN_POINT('',(-2.7655488301517799E+01,
   2.3627661581016380E+01,1.7500000000000000E+01));
#116240=DIRECTION('',(9.5105651629515309E-01,3.0901699437494878E-01,
   0.0000000000000000E+00));
#116250=DIRECTION('',(3.0901699437494878E-01,-9.5105651629515309E-01,
   0.0000000000000000E+00));
#116260=AXIS2_PLACEMENT_3D('',#116230,#116240,#116250);
#116270=PLANE('',#116260);
#116280=ORIENTED_EDGE('',*,*,#3630,.T.);
#116290=CARTESIAN_POINT('',(-2.7655488301517799E+01,
   2.3627661581016380E+01,1.7500000000000000E+01));
#116300=DIRECTION('',(0.0000000000000000E+00,0.0000000000000000E+00,
   1.0000000000000000E+00));
#116310=VECTOR('',#116300,1.0000000000000000E+00);
#116320=LINE('',#116290,#116310);
#116330=EDGE_CURVE('',#3540,#104250,#116320,.T.);
#116340=ORIENTED_EDGE('',*,*,#116330,.F.);
#116350=ORIENTED_EDGE('',*,*,#104260,.F.);
#116360=CARTESIAN_POINT('',(-2.9393231307372915E+01,
   2.8975884621978071E+01,1.0500000000000000E+01));
#116370=DIRECTION('',(0.0000000000000000E+00,0.0000000000000000E+00,
   1.0000000000000000E+00));
#116380=VECTOR('',#116370,1.0000000000000000E+00);
#116390=LINE('',#116360,#116380);
#116400=EDGE_CURVE('',#3620,#104170,#116390,.T.);
#116410=ORIENTED_EDGE('',*,*,#116400,.T.);
#116420=EDGE_LOOP('',(#116410,#116350,#116340,#116280));
#116430=FACE_OUTER_BOUND('',#116420,.T.);
#116440=ADVANCED_FACE('',(#116430),#116270,.T.);
#116450=COLOUR_RGB('',5.0196081399917603E-01,1.0000000000000000E+00,
   5.0196081399917603E-01);
#116460=FILL_AREA_STYLE_COLOUR('',#116450);
#116470=FILL_AREA_STYLE('',(#116460));
#116480=SURFACE_STYLE_FILL_AREA(#116470);
#116490=SURFACE_SIDE_STYLE('',(#116480));
#116500=SURFACE_STYLE_USAGE(.BOTH.,#116490);
#116510=PRESENTATION_STYLE_ASSIGNMENT((#116500));
#116520=CARTESIAN_POINT('',(-2.9868759565520477E+01,
   2.8821376124790600E+01,1.7500000000000000E+01));
#116530=DIRECTION('',(0.0000000000000000E+00,0.0000000000000000E+00,
   1.0000000000000000E+00));
#116540=DIRECTION('',(1.0000000000000000E+00,0.0000000000000000E+00,
   0.0000000000000000E+00));
#116550=AXIS2_PLACEMENT_3D('',#116520,#116530,#116540);
#116560=CYLINDRICAL_SURFACE('',#116550,4.9999999999999767E-01);
#116570=ORIENTED_EDGE('',*,*,#3720,.T.);
#116580=ORIENTED_EDGE('',*,*,#116400,.F.);
#116590=ORIENTED_EDGE('',*,*,#104180,.F.);
#116600=ORIENTED_EDGE('',*,*,#93160,.F.);
#116610=EDGE_LOOP('',(#116600,#116590,#116580,#116570));
#116620=FACE_OUTER_BOUND('',#116610,.T.);
#116630=ADVANCED_FACE('',(#116620),#116560,.T.);
#116640=COLOUR_RGB('',5.0196081399917603E-01,1.0000000000000000E+00,
   5.0196081399917603E-01);
#116650=FILL_AREA_STYLE_COLOUR('',#116640);
#116660=FILL_AREA_STYLE('',(#116650));
#116670=SURFACE_STYLE_FILL_AREA(#116660);
#116680=SURFACE_SIDE_STYLE('',(#116670));
#116690=SURFACE_STYLE_USAGE(.BOTH.,#116680);
#116700=PRESENTATION_STYLE_ASSIGNMENT((#116690));
#116710=CARTESIAN_POINT('',(-2.7655488301517799E+01,
   2.0821376124790600E+01,1.7500000000000000E+01));
#116720=DIRECTION('',(1.0000000000000000E+00,0.0000000000000000E+00,
   0.0000000000000000E+00));
#116730=DIRECTION('',(0.0000000000000000E+00,-1.0000000000000000E+00,
   0.0000000000000000E+00));
#116740=AXIS2_PLACEMENT_3D('',#116710,#116720,#116730);
#116750=PLANE('',#116740);
#116760=ORIENTED_EDGE('',*,*,#104340,.F.);
#116770=ORIENTED_EDGE('',*,*,#116330,.T.);
#116780=ORIENTED_EDGE('',*,*,#3550,.T.);
#116790=ORIENTED_EDGE('',*,*,#109590,.T.);
#116800=EDGE_LOOP('',(#116790,#116780,#116770,#116760));
#116810=FACE_OUTER_BOUND('',#116800,.T.);
#116820=ADVANCED_FACE('',(#116810),#116750,.T.);
#116830=COLOUR_RGB('',5.0196081399917603E-01,1.0000000000000000E+00,
   5.0196081399917603E-01);
#116840=FILL_AREA_STYLE_COLOUR('',#116830);
#116850=FILL_AREA_STYLE('',(#116840));
#116860=SURFACE_STYLE_FILL_AREA(#116850);
#116870=SURFACE_SIDE_STYLE('',(#116860));
#116880=SURFACE_STYLE_USAGE(.BOTH.,#116870);
#116890=PRESENTATION_STYLE_ASSIGNMENT((#116880));
#116900=CARTESIAN_POINT('',(-3.0655673471076625E+01,
   2.3838270739176540E+01,2.3000000000000000E+01));
#116910=DIRECTION('',(0.0000000000000000E+00,0.0000000000000000E+00,
   1.0000000000000000E+00));
#116920=DIRECTION('',(1.0000000000000000E+00,0.0000000000000000E+00,
   0.0000000000000000E+00));
#116930=AXIS2_PLACEMENT_3D('',#116900,#116910,#116920);
#116940=CYLINDRICAL_SURFACE('',#116930,1.5809685943344043E-01);
#116950=CARTESIAN_POINT('',(-3.0655673471076625E+01,
   2.3838270739176540E+01,2.3000000000000000E+01));
#116960=DIRECTION('',(0.0000000000000000E+00,0.0000000000000000E+00,
   1.0000000000000000E+00));
#116970=DIRECTION('',(1.0000000000000000E+00,0.0000000000000000E+00,
   0.0000000000000000E+00));
#116980=AXIS2_PLACEMENT_3D('',#116950,#116960,#116970);
#116990=CIRCLE('',#116980,1.5809685943344043E-01);
#117000=EDGE_CURVE('',#85240,#89940,#116990,.T.);
#117010=ORIENTED_EDGE('',*,*,#117000,.F.);
#117020=ORIENTED_EDGE('',*,*,#90170,.T.);
#117030=ORIENTED_EDGE('',*,*,#106770,.T.);
#117040=ORIENTED_EDGE('',*,*,#85350,.T.);
#117050=EDGE_LOOP('',(#117040,#117030,#117020,#117010));
#117060=FACE_OUTER_BOUND('',#117050,.T.);
#117070=ADVANCED_FACE('',(#117060),#116940,.T.);
#117080=COLOUR_RGB('',5.0196081399917603E-01,1.0000000000000000E+00,
   5.0196081399917603E-01);
#117090=FILL_AREA_STYLE_COLOUR('',#117080);
#117100=FILL_AREA_STYLE('',(#117090));
#117110=SURFACE_STYLE_FILL_AREA(#117100);
#117120=SURFACE_SIDE_STYLE('',(#117110));
#117130=SURFACE_STYLE_USAGE(.BOTH.,#117120);
#117140=PRESENTATION_STYLE_ASSIGNMENT((#117130));
#117150=CARTESIAN_POINT('',(-2.9886031253416185E+01,
   1.7321376124790600E+01,1.9726922491185586E+01));
#117160=DIRECTION('',(0.0000000000000000E+00,-1.0000000000000000E+00,
   0.0000000000000000E+00));
#117170=DIRECTION('',(1.0000000000000000E+00,0.0000000000000000E+00,
   0.0000000000000000E+00));
#117180=AXIS2_PLACEMENT_3D('',#117150,#117160,#117170);
#117190=PLANE('',#117180);
#117200=CARTESIAN_POINT('',(-3.1105488301517802E+01,
   1.7321376124790600E+01,1.9000000000000000E+01));
#117210=DIRECTION('',(0.0000000000000000E+00,0.0000000000000000E+00,
   -1.0000000000000000E+00));
#117220=VECTOR('',#117210,1.0000000000000000E+00);
#117230=LINE('',#117200,#117220);
#117240=CARTESIAN_POINT('',(-3.1105488301517802E+01,
   1.7321376124790600E+01,1.7682050807568878E+01));
#117250=VERTEX_POINT('',#117240);
#117260=EDGE_CURVE('',#117250,#84790,#117230,.T.);
#117270=ORIENTED_EDGE('',*,*,#117260,.F.);
#117280=ORIENTED_EDGE('',*,*,#85020,.F.);
#117290=CARTESIAN_POINT('',(-3.1605488301517802E+01,
   1.7321376124790600E+01,1.9000000000000000E+01));
#117300=DIRECTION('',(0.0000000000000000E+00,0.0000000000000000E+00,
   -1.0000000000000000E+00));
#117310=VECTOR('',#117300,1.0000000000000000E+00);
#117320=LINE('',#117290,#117310);
#117330=CARTESIAN_POINT('',(-3.1605488301517802E+01,
   1.7321376124790600E+01,1.7682050807568878E+01));
#117340=VERTEX_POINT('',#117330);
#117350=EDGE_CURVE('',#117340,#84950,#117320,.T.);
#117360=ORIENTED_EDGE('',*,*,#117350,.T.);
#117370=CARTESIAN_POINT('',(-8.4502159542249785E+01,
   1.7321376124790600E+01,1.7682050807568878E+01));
#117380=DIRECTION('',(1.0000000000000000E+00,0.0000000000000000E+00,
   0.0000000000000000E+00));
#117390=VECTOR('',#117380,1.0000000000000000E+00);
#117400=LINE('',#117370,#117390);
#117410=EDGE_CURVE('',#117340,#117250,#117400,.T.);
#117420=ORIENTED_EDGE('',*,*,#117410,.F.);
#117430=EDGE_LOOP('',(#117420,#117360,#117280,#117270));
#117440=FACE_OUTER_BOUND('',#117430,.T.);
#117450=ADVANCED_FACE('',(#117440),#117190,.T.);
#117460=COLOUR_RGB('',9.4901961088180542E-01,9.4901961088180542E-01,
   1.0000000000000000E+00);
#117470=FILL_AREA_STYLE_COLOUR('',#117460);
#117480=FILL_AREA_STYLE('',(#117470));
#117490=SURFACE_STYLE_FILL_AREA(#117480);
#117500=SURFACE_SIDE_STYLE('',(#117490));
#117510=SURFACE_STYLE_USAGE(.BOTH.,#117500);
#117520=PRESENTATION_STYLE_ASSIGNMENT((#117510));
#117530=CARTESIAN_POINT('',(-3.1355488301517802E+01,
   1.7821376124790600E+01,1.7816025403784437E+01));
#117540=DIRECTION('',(0.0000000000000000E+00,-2.5881904510252085E-01,
   9.6592582628906820E-01));
#117550=DIRECTION('',(0.0000000000000000E+00,9.6592582628906842E-01,
   2.5881904510252091E-01));
#117560=AXIS2_PLACEMENT_3D('',#117530,#117540,#117550);
#117570=PLANE('',#117560);
#117580=CARTESIAN_POINT('',(-3.1605488301517795E+01,
   -2.2653715864353234E+01,6.9707571917179383E+00));
#117590=DIRECTION('',(0.0000000000000000E+00,-9.6592582628906831E-01,
   -2.5881904510252091E-01));
#117600=VECTOR('',#117590,1.0000000000000000E+00);
#117610=LINE('',#117580,#117600);
#117620=CARTESIAN_POINT('',(-3.1605488301517802E+01,
   1.8321376124790600E+01,1.7949999999999999E+01));
#117630=VERTEX_POINT('',#117620);
#117640=EDGE_CURVE('',#117630,#117340,#117610,.T.);
#117650=ORIENTED_EDGE('',*,*,#117640,.T.);
#117660=CARTESIAN_POINT('',(-8.4502159542249785E+01,
   1.8321376124790607E+01,1.7949999999999999E+01));
#117670=DIRECTION('',(-1.0000000000000000E+00,0.0000000000000000E+00,
   0.0000000000000000E+00));
#117680=VECTOR('',#117670,1.0000000000000000E+00);
#117690=LINE('',#117660,#117680);
#117700=CARTESIAN_POINT('',(-3.1105488301517802E+01,
   1.8321376124790607E+01,1.7949999999999999E+01));
#117710=VERTEX_POINT('',#117700);
#117720=EDGE_CURVE('',#117710,#117630,#117690,.T.);
#117730=ORIENTED_EDGE('',*,*,#117720,.T.);
#117740=CARTESIAN_POINT('',(-3.1105488301517802E+01,
   -2.2653715864353234E+01,6.9707571917179383E+00));
#117750=DIRECTION('',(0.0000000000000000E+00,9.6592582628906831E-01,
   2.5881904510252091E-01));
#117760=VECTOR('',#117750,1.0000000000000000E+00);
#117770=LINE('',#117740,#117760);
#117780=EDGE_CURVE('',#117250,#117710,#117770,.T.);
#117790=ORIENTED_EDGE('',*,*,#117780,.T.);
#117800=ORIENTED_EDGE('',*,*,#117410,.T.);
#117810=EDGE_LOOP('',(#117800,#117790,#117730,#117650));
#117820=FACE_OUTER_BOUND('',#117810,.T.);
#117830=ADVANCED_FACE('',(#117820),#117570,.T.);
#117840=COLOUR_RGB('',9.4901961088180542E-01,9.4901961088180542E-01,
   1.0000000000000000E+00);
#117850=FILL_AREA_STYLE_COLOUR('',#117840);
#117860=FILL_AREA_STYLE('',(#117850));
#117870=SURFACE_STYLE_FILL_AREA(#117860);
#117880=SURFACE_SIDE_STYLE('',(#117870));
#117890=SURFACE_STYLE_USAGE(.BOTH.,#117880);
#117900=PRESENTATION_STYLE_ASSIGNMENT((#117890));
#117910=CARTESIAN_POINT('',(-3.1605488301517802E+01,
   2.0321376124790600E+01,1.7050000000000001E+01));
#117920=DIRECTION('',(-1.0000000000000000E+00,0.0000000000000000E+00,
   0.0000000000000000E+00));
#117930=DIRECTION('',(0.0000000000000000E+00,0.0000000000000000E+00,
   1.0000000000000000E+00));
#117940=AXIS2_PLACEMENT_3D('',#117910,#117920,#117930);
#117950=PLANE('',#117940);
#117960=ORIENTED_EDGE('',*,*,#84960,.F.);
#117970=ORIENTED_EDGE('',*,*,#90380,.T.);
#117980=ORIENTED_EDGE('',*,*,#65960,.T.);
#117990=CARTESIAN_POINT('',(-3.1605488301517802E+01,
   2.0321376124790600E+01,2.2500000000000000E+01));
#118000=DIRECTION('',(0.0000000000000000E+00,0.0000000000000000E+00,
   1.0000000000000000E+00));
#118010=VECTOR('',#118000,1.0000000000000000E+00);
#118020=LINE('',#117990,#118010);
#118030=CARTESIAN_POINT('',(-3.1605488301517802E+01,
   2.0321376124790600E+01,1.7949999999999999E+01));
#118040=VERTEX_POINT('',#118030);
#118050=EDGE_CURVE('',#65870,#118040,#118020,.T.);
#118060=ORIENTED_EDGE('',*,*,#118050,.F.);
#118070=CARTESIAN_POINT('',(-3.1605488301517802E+01,
   -2.2653715864353234E+01,1.7949999999999999E+01));
#118080=DIRECTION('',(0.0000000000000000E+00,1.0000000000000000E+00,
   0.0000000000000000E+00));
#118090=VECTOR('',#118080,1.0000000000000000E+00);
#118100=LINE('',#118070,#118090);
#118110=EDGE_CURVE('',#117630,#118040,#118100,.T.);
#118120=ORIENTED_EDGE('',*,*,#118110,.T.);
#118130=ORIENTED_EDGE('',*,*,#117640,.F.);
#118140=ORIENTED_EDGE('',*,*,#117350,.F.);
#118150=EDGE_LOOP('',(#118140,#118130,#118120,#118060,#117980,#117970,
   #117960));
#118160=FACE_OUTER_BOUND('',#118150,.T.);
#118170=ADVANCED_FACE('',(#118160),#117950,.T.);
#118180=COLOUR_RGB('',9.4901961088180542E-01,9.4901961088180542E-01,
   1.0000000000000000E+00);
#118190=FILL_AREA_STYLE_COLOUR('',#118180);
#118200=FILL_AREA_STYLE('',(#118190));
#118210=SURFACE_STYLE_FILL_AREA(#118200);
#118220=SURFACE_SIDE_STYLE('',(#118210));
#118230=SURFACE_STYLE_USAGE(.BOTH.,#118220);
#118240=PRESENTATION_STYLE_ASSIGNMENT((#118230));
#118250=CARTESIAN_POINT('',(-3.1105488301517802E+01,
   2.0321376124790600E+01,1.7949999999999999E+01));
#118260=DIRECTION('',(1.0000000000000000E+00,-0.0000000000000000E+00,
   0.0000000000000000E+00));
#118270=DIRECTION('',(0.0000000000000000E+00,0.0000000000000000E+00,
   -1.0000000000000000E+00));
#118280=AXIS2_PLACEMENT_3D('',#118250,#118260,#118270);
#118290=PLANE('',#118280);
#118300=ORIENTED_EDGE('',*,*,#66120,.F.);
#118310=ORIENTED_EDGE('',*,*,#90450,.T.);
#118320=ORIENTED_EDGE('',*,*,#84800,.F.);
#118330=ORIENTED_EDGE('',*,*,#117260,.T.);
#118340=ORIENTED_EDGE('',*,*,#117780,.F.);
#118350=CARTESIAN_POINT('',(-3.1105488301517802E+01,
   -2.2653715864353234E+01,1.7949999999999999E+01));
#118360=DIRECTION('',(0.0000000000000000E+00,-1.0000000000000000E+00,
   0.0000000000000000E+00));
#118370=VECTOR('',#118360,1.0000000000000000E+00);
#118380=LINE('',#118350,#118370);
#118390=CARTESIAN_POINT('',(-3.1105488301517802E+01,
   2.0321376124790600E+01,1.7949999999999999E+01));
#118400=VERTEX_POINT('',#118390);
#118410=EDGE_CURVE('',#118400,#117710,#118380,.T.);
#118420=ORIENTED_EDGE('',*,*,#118410,.T.);
#118430=CARTESIAN_POINT('',(-3.1105488301517802E+01,
   2.0321376124790600E+01,2.2500000000000000E+01));
#118440=DIRECTION('',(0.0000000000000000E+00,0.0000000000000000E+00,
   -1.0000000000000000E+00));
#118450=VECTOR('',#118440,1.0000000000000000E+00);
#118460=LINE('',#118430,#118450);
#118470=EDGE_CURVE('',#118400,#66110,#118460,.T.);
#118480=ORIENTED_EDGE('',*,*,#118470,.F.);
#118490=EDGE_LOOP('',(#118480,#118420,#118340,#118330,#118320,#118310,
   #118300));
#118500=FACE_OUTER_BOUND('',#118490,.T.);
#118510=ADVANCED_FACE('',(#118500),#118290,.T.);
#118520=COLOUR_RGB('',9.4901961088180542E-01,9.4901961088180542E-01,
   1.0000000000000000E+00);
#118530=FILL_AREA_STYLE_COLOUR('',#118520);
#118540=FILL_AREA_STYLE('',(#118530));
#118550=SURFACE_STYLE_FILL_AREA(#118540);
#118560=SURFACE_SIDE_STYLE('',(#118550));
#118570=SURFACE_STYLE_USAGE(.BOTH.,#118560);
#118580=PRESENTATION_STYLE_ASSIGNMENT((#118570));
#118590=CARTESIAN_POINT('',(-2.9886031253416185E+01,
   2.0321376124790600E+01,1.9726922491185586E+01));
#118600=DIRECTION('',(0.0000000000000000E+00,-1.0000000000000000E+00,
   0.0000000000000000E+00));
#118610=DIRECTION('',(1.0000000000000000E+00,0.0000000000000000E+00,
   0.0000000000000000E+00));
#118620=AXIS2_PLACEMENT_3D('',#118590,#118600,#118610);
#118630=PLANE('',#118620);
#118640=ORIENTED_EDGE('',*,*,#118470,.T.);
#118650=CARTESIAN_POINT('',(-8.4502159542249785E+01,
   2.0321376124790600E+01,1.7949999999999999E+01));
#118660=DIRECTION('',(-1.0000000000000000E+00,0.0000000000000000E+00,
   0.0000000000000000E+00));
#118670=VECTOR('',#118660,1.0000000000000000E+00);
#118680=LINE('',#118650,#118670);
#118690=EDGE_CURVE('',#118400,#118040,#118680,.T.);
#118700=ORIENTED_EDGE('',*,*,#118690,.F.);
#118710=ORIENTED_EDGE('',*,*,#118050,.T.);
#118720=ORIENTED_EDGE('',*,*,#65880,.T.);
#118730=CARTESIAN_POINT('',(-3.1355488301517802E+01,
   2.0321376124790600E+01,1.7500000000000000E+01));
#118740=DIRECTION('',(0.0000000000000000E+00,-1.0000000000000000E+00,
   0.0000000000000000E+00));
#118750=DIRECTION('',(1.0000000000000000E+00,0.0000000000000000E+00,
   0.0000000000000000E+00));
#118760=AXIS2_PLACEMENT_3D('',#118730,#118740,#118750);
#118770=CIRCLE('',#118760,5.5000000000000004E-01);
#118780=EDGE_CURVE('',#66150,#65850,#118770,.T.);
#118790=ORIENTED_EDGE('',*,*,#118780,.T.);
#118800=ORIENTED_EDGE('',*,*,#66160,.T.);
#118810=EDGE_LOOP('',(#118800,#118790,#118720,#118710,#118700,#118640));
#118820=FACE_OUTER_BOUND('',#118810,.T.);
#118830=ADVANCED_FACE('',(#118820),#118630,.T.);
#118840=COLOUR_RGB('',9.4901961088180542E-01,9.4901961088180542E-01,
   1.0000000000000000E+00);
#118850=FILL_AREA_STYLE_COLOUR('',#118840);
#118860=FILL_AREA_STYLE('',(#118850));
#118870=SURFACE_STYLE_FILL_AREA(#118860);
#118880=SURFACE_SIDE_STYLE('',(#118870));
#118890=SURFACE_STYLE_USAGE(.BOTH.,#118880);
#118900=PRESENTATION_STYLE_ASSIGNMENT((#118890));
#118910=CARTESIAN_POINT('',(-3.1605488301517802E+01,
   2.0321376124790600E+01,1.7949999999999999E+01));
#118920=DIRECTION('',(0.0000000000000000E+00,0.0000000000000000E+00,
   1.0000000000000000E+00));
#118930=DIRECTION('',(1.0000000000000000E+00,0.0000000000000000E+00,
   0.0000000000000000E+00));
#118940=AXIS2_PLACEMENT_3D('',#118910,#118920,#118930);
#118950=PLANE('',#118940);
#118960=ORIENTED_EDGE('',*,*,#118410,.F.);
#118970=ORIENTED_EDGE('',*,*,#117720,.F.);
#118980=ORIENTED_EDGE('',*,*,#118110,.F.);
#118990=ORIENTED_EDGE('',*,*,#118690,.T.);
#119000=EDGE_LOOP('',(#118990,#118980,#118970,#118960));
#119010=FACE_OUTER_BOUND('',#119000,.T.);
#119020=ADVANCED_FACE('',(#119010),#118950,.T.);
#119030=COLOUR_RGB('',9.4901961088180542E-01,9.4901961088180542E-01,
   1.0000000000000000E+00);
#119040=FILL_AREA_STYLE_COLOUR('',#119030);
#119050=FILL_AREA_STYLE('',(#119040));
#119060=SURFACE_STYLE_FILL_AREA(#119050);
#119070=SURFACE_SIDE_STYLE('',(#119060));
#119080=SURFACE_STYLE_USAGE(.BOTH.,#119070);
#119090=PRESENTATION_STYLE_ASSIGNMENT((#119080));
#119100=CARTESIAN_POINT('',(-3.4090488301517780E+01,
   2.1786376124790618E+01,1.6699999999999999E+01));
#119110=DIRECTION('',(7.0710678118654535E-01,-7.0710678118654968E-01,
   0.0000000000000000E+00));
#119120=DIRECTION('',(-7.0710678118654968E-01,-7.0710678118654535E-01,
   0.0000000000000000E+00));
#119130=AXIS2_PLACEMENT_3D('',#119100,#119110,#119120);
#119140=PLANE('',#119130);
#119150=CARTESIAN_POINT('',(-3.4997595082704343E+01,
   2.0879269343604062E+01,1.8500000000000000E+01));
#119160=DIRECTION('',(7.0710678118654535E-01,-7.0710678118654968E-01,
   0.0000000000000000E+00));
#119170=DIRECTION('',(-7.0710678118654968E-01,-7.0710678118654535E-01,
   0.0000000000000000E+00));
#119180=AXIS2_PLACEMENT_3D('',#119150,#119160,#119170);
#119190=ELLIPSE('',#119180,7.0710678118655101E-01,5.0000000000000400E-01
   );
#119200=CARTESIAN_POINT('',(-3.4644041692111067E+01,
   2.1232822734197338E+01,1.8853553390593277E+01));
#119210=VERTEX_POINT('',#119200);
#119220=EDGE_CURVE('',#119210,#40040,#119190,.T.);
#119230=ORIENTED_EDGE('',*,*,#119220,.F.);
#119240=ORIENTED_EDGE('',*,*,#40050,.F.);
#119250=ORIENTED_EDGE('',*,*,#58130,.F.);
#119260=ORIENTED_EDGE('',*,*,#88070,.F.);
#119270=ORIENTED_EDGE('',*,*,#78970,.F.);
#119280=CARTESIAN_POINT('',(-3.3805488301517805E+01,
   2.2071376124790600E+01,1.7500000000000000E+01));
#119290=DIRECTION('',(0.0000000000000000E+00,0.0000000000000000E+00,
   1.0000000000000000E+00));
#119300=VECTOR('',#119290,1.0000000000000000E+00);
#119310=LINE('',#119280,#119300);
#119320=CARTESIAN_POINT('',(-3.3805488301517805E+01,
   2.2071376124790600E+01,1.8299999999999997E+01));
#119330=VERTEX_POINT('',#119320);
#119340=EDGE_CURVE('',#78880,#119330,#119310,.T.);
#119350=ORIENTED_EDGE('',*,*,#119340,.F.);
#119360=CARTESIAN_POINT('',(0.0000000000000000E+00,
   5.5876864426308202E+01,1.8300000000000001E+01));
#119370=DIRECTION('',(7.0710678118654968E-01,7.0710678118654535E-01,
   0.0000000000000000E+00));
#119380=VECTOR('',#119370,1.0000000000000000E+00);
#119390=LINE('',#119360,#119380);
#119400=CARTESIAN_POINT('',(-3.4090488301517780E+01,
   2.1786376124790618E+01,1.8300000000000001E+01));
#119410=VERTEX_POINT('',#119400);
#119420=EDGE_CURVE('',#119410,#119330,#119390,.T.);
#119430=ORIENTED_EDGE('',*,*,#119420,.T.);
#119440=CARTESIAN_POINT('',(-3.3290488301517804E+01,
   2.2586376124790586E+01,1.7500000000000000E+01));
#119450=DIRECTION('',(-5.7735026918962440E-01,-5.7735026918962096E-01,
   5.7735026918963195E-01));
#119460=VECTOR('',#119450,1.0000000000000000E+00);
#119470=LINE('',#119440,#119460);
#119480=EDGE_CURVE('',#119410,#119210,#119470,.T.);
#119490=ORIENTED_EDGE('',*,*,#119480,.F.);
#119500=EDGE_LOOP('',(#119490,#119430,#119350,#119270,#119260,#119250,
   #119240,#119230));
#119510=FACE_OUTER_BOUND('',#119500,.T.);
#119520=ADVANCED_FACE('',(#119510),#119140,.F.);
#119530=COLOUR_RGB('',5.0196081399917603E-01,1.0000000000000000E+00,
   5.0196081399917603E-01);
#119540=FILL_AREA_STYLE_COLOUR('',#119530);
#119550=FILL_AREA_STYLE('',(#119540));
#119560=SURFACE_STYLE_FILL_AREA(#119550);
#119570=SURFACE_SIDE_STYLE('',(#119560));
#119580=SURFACE_STYLE_USAGE(.BOTH.,#119570);
#119590=PRESENTATION_STYLE_ASSIGNMENT((#119580));
#119600=CARTESIAN_POINT('',(-3.4090488301517794E+01,
   2.2071376124790600E+01,1.8299999999999997E+01));
#119610=DIRECTION('',(7.0710678118655212E-01,-0.0000000000000000E+00,
   7.0710678118654302E-01));
#119620=DIRECTION('',(7.0710678118654302E-01,0.0000000000000000E+00,
   -7.0710678118655212E-01));
#119630=AXIS2_PLACEMENT_3D('',#119600,#119610,#119620);
#119640=PLANE('',#119630);
#119650=CARTESIAN_POINT('',(-2.7422569806281842E+01,
   0.0000000000000000E+00,1.1632081504763953E+01));
#119660=DIRECTION('',(2.5056280708574147E-01,-9.3511312653102330E-01,
   -2.5056280708574469E-01));
#119670=VECTOR('',#119660,1.0000000000000000E+00);
#119680=LINE('',#119650,#119670);
#119690=CARTESIAN_POINT('',(-3.4090488301517780E+01,
   2.4885010604947620E+01,1.8300000000000001E+01));
#119700=VERTEX_POINT('',#119690);
#119710=EDGE_CURVE('',#80860,#119700,#119680,.T.);
#119720=ORIENTED_EDGE('',*,*,#119710,.T.);
#119730=ORIENTED_EDGE('',*,*,#80890,.F.);
#119740=CARTESIAN_POINT('',(-3.3290488301517811E+01,
   2.5421376124790601E+01,1.7500000000000000E+01));
#119750=DIRECTION('',(7.0710678118654302E-01,0.0000000000000000E+00,
   -7.0710678118655212E-01));
#119760=VECTOR('',#119750,1.0000000000000000E+00);
#119770=LINE('',#119740,#119760);
#119780=CARTESIAN_POINT('',(-3.4644041692111067E+01,
   2.5421376124790601E+01,1.8853553390593277E+01));
#119790=VERTEX_POINT('',#119780);
#119800=EDGE_CURVE('',#119790,#80880,#119770,.T.);
#119810=ORIENTED_EDGE('',*,*,#119800,.T.);
#119820=CARTESIAN_POINT('',(-3.4644041692111067E+01,
   0.0000000000000000E+00,1.8853553390593270E+01));
#119830=DIRECTION('',(0.0000000000000000E+00,-1.0000000000000000E+00,
   0.0000000000000000E+00));
#119840=VECTOR('',#119830,1.0000000000000000E+00);
#119850=LINE('',#119820,#119840);
#119860=EDGE_CURVE('',#119790,#119210,#119850,.T.);
#119870=ORIENTED_EDGE('',*,*,#119860,.F.);
#119880=ORIENTED_EDGE('',*,*,#119480,.T.);
#119890=CARTESIAN_POINT('',(-3.4090488301517780E+01,
   0.0000000000000000E+00,1.8300000000000001E+01));
#119900=DIRECTION('',(0.0000000000000000E+00,1.0000000000000000E+00,
   0.0000000000000000E+00));
#119910=VECTOR('',#119900,1.0000000000000000E+00);
#119920=LINE('',#119890,#119910);
#119930=EDGE_CURVE('',#119410,#119700,#119920,.T.);
#119940=ORIENTED_EDGE('',*,*,#119930,.F.);
#119950=EDGE_LOOP('',(#119940,#119880,#119870,#119810,#119730,#119720));
#119960=FACE_OUTER_BOUND('',#119950,.T.);
#119970=ADVANCED_FACE('',(#119960),#119640,.F.);
#119980=COLOUR_RGB('',5.0196081399917603E-01,1.0000000000000000E+00,
   5.0196081399917603E-01);
#119990=FILL_AREA_STYLE_COLOUR('',#119980);
#120000=FILL_AREA_STYLE('',(#119990));
#120010=SURFACE_STYLE_FILL_AREA(#120000);
#120020=SURFACE_SIDE_STYLE('',(#120010));
#120030=SURFACE_STYLE_USAGE(.BOTH.,#120020);
#120040=PRESENTATION_STYLE_ASSIGNMENT((#120030));
#120050=CARTESIAN_POINT('',(-2.9442235154989220E+01,
   2.2252097309953026E+01,2.3000000000000000E+01));
#120060=DIRECTION('',(0.0000000000000000E+00,0.0000000000000000E+00,
   1.0000000000000000E+00));
#120070=DIRECTION('',(1.0000000000000000E+00,0.0000000000000000E+00,
   0.0000000000000000E+00));
#120080=AXIS2_PLACEMENT_3D('',#120050,#120060,#120070);
#120090=CYLINDRICAL_SURFACE('',#120080,1.5809685943338536E-01);
#120100=ORIENTED_EDGE('',*,*,#115310,.F.);
#120110=ORIENTED_EDGE('',*,*,#81970,.F.);
#120120=ORIENTED_EDGE('',*,*,#106480,.T.);
#120130=ORIENTED_EDGE('',*,*,#53180,.F.);
#120140=EDGE_LOOP('',(#120130,#120120,#120110,#120100));
#120150=FACE_OUTER_BOUND('',#120140,.T.);
#120160=ADVANCED_FACE('',(#120150),#120090,.T.);
#120170=COLOUR_RGB('',5.0196081399917603E-01,1.0000000000000000E+00,
   5.0196081399917603E-01);
#120180=FILL_AREA_STYLE_COLOUR('',#120170);
#120190=FILL_AREA_STYLE('',(#120180));
#120200=SURFACE_STYLE_FILL_AREA(#120190);
#120210=SURFACE_SIDE_STYLE('',(#120200));
#120220=SURFACE_STYLE_USAGE(.BOTH.,#120210);
#120230=PRESENTATION_STYLE_ASSIGNMENT((#120220));
#120240=CARTESIAN_POINT('',(-3.3520488301517801E+01,
   2.3821376124790600E+01,1.7500000000000000E+01));
#120250=DIRECTION('',(-0.0000000000000000E+00,1.0000000000000000E+00,
   0.0000000000000000E+00));
#120260=DIRECTION('',(1.0000000000000000E+00,0.0000000000000000E+00,
   0.0000000000000000E+00));
#120270=AXIS2_PLACEMENT_3D('',#120240,#120250,#120260);
#120280=PLANE('',#120270);
#120290=ORIENTED_EDGE('',*,*,#78730,.T.);
#120300=CARTESIAN_POINT('',(-3.3805488301517798E+01,
   2.3821376124790600E+01,1.7500000000000000E+01));
#120310=DIRECTION('',(0.0000000000000000E+00,0.0000000000000000E+00,
   -1.0000000000000000E+00));
#120320=VECTOR('',#120310,1.0000000000000000E+00);
#120330=LINE('',#120300,#120320);
#120340=CARTESIAN_POINT('',(-3.3805488301517791E+01,
   2.3821376124790600E+01,1.8299999999999997E+01));
#120350=VERTEX_POINT('',#120340);
#120360=EDGE_CURVE('',#120350,#78620,#120330,.T.);
#120370=ORIENTED_EDGE('',*,*,#120360,.T.);
#120380=CARTESIAN_POINT('',(-3.3805488301517798E+01,
   2.3821376124790600E+01,1.8300000000000001E+01));
#120390=DIRECTION('',(1.0000000000000000E+00,0.0000000000000000E+00,
   0.0000000000000000E+00));
#120400=VECTOR('',#120390,1.0000000000000000E+00);
#120410=LINE('',#120380,#120400);
#120420=EDGE_CURVE('',#120350,#79720,#120410,.T.);
#120430=ORIENTED_EDGE('',*,*,#120420,.F.);
#120440=ORIENTED_EDGE('',*,*,#79880,.F.);
#120450=EDGE_LOOP('',(#120440,#120430,#120370,#120290));
#120460=FACE_OUTER_BOUND('',#120450,.T.);
#120470=ADVANCED_FACE('',(#120460),#120280,.F.);
#120480=COLOUR_RGB('',5.0196081399917603E-01,1.0000000000000000E+00,
   5.0196081399917603E-01);
#120490=FILL_AREA_STYLE_COLOUR('',#120480);
#120500=FILL_AREA_STYLE('',(#120490));
#120510=SURFACE_STYLE_FILL_AREA(#120500);
#120520=SURFACE_SIDE_STYLE('',(#120510));
#120530=SURFACE_STYLE_USAGE(.BOTH.,#120520);
#120540=PRESENTATION_STYLE_ASSIGNMENT((#120530));
#120550=CARTESIAN_POINT('',(0.0000000000000000E+00,
   0.0000000000000000E+00,1.8300000000000001E+01));
#120560=DIRECTION('',(0.0000000000000000E+00,0.0000000000000000E+00,
   1.0000000000000000E+00));
#120570=DIRECTION('',(1.0000000000000000E+00,0.0000000000000000E+00,
   0.0000000000000000E+00));
#120580=AXIS2_PLACEMENT_3D('',#120550,#120560,#120570);
#120590=PLANE('',#120580);
#120600=ORIENTED_EDGE('',*,*,#119420,.F.);
#120610=CARTESIAN_POINT('',(-3.3805488301517798E+01,
   2.2071376124790600E+01,1.8300000000000001E+01));
#120620=DIRECTION('',(1.0000000000000000E+00,0.0000000000000000E+00,
   0.0000000000000000E+00));
#120630=VECTOR('',#120620,1.0000000000000000E+00);
#120640=LINE('',#120610,#120630);
#120650=EDGE_CURVE('',#119330,#79740,#120640,.T.);
#120660=ORIENTED_EDGE('',*,*,#120650,.F.);
#120670=ORIENTED_EDGE('',*,*,#79750,.T.);
#120680=ORIENTED_EDGE('',*,*,#120420,.T.);
#120690=CARTESIAN_POINT('',(-3.3805488301517798E+01,
   2.3821376124790600E+01,1.8300000000000001E+01));
#120700=DIRECTION('',(-2.5881904510253184E-01,9.6592582628906531E-01,
   0.0000000000000000E+00));
#120710=VECTOR('',#120700,1.0000000000000000E+00);
#120720=LINE('',#120690,#120710);
#120730=EDGE_CURVE('',#120350,#119700,#120720,.T.);
#120740=ORIENTED_EDGE('',*,*,#120730,.F.);
#120750=ORIENTED_EDGE('',*,*,#119930,.T.);
#120760=EDGE_LOOP('',(#120750,#120740,#120680,#120670,#120660,#120600));
#120770=FACE_OUTER_BOUND('',#120760,.T.);
#120780=ADVANCED_FACE('',(#120770),#120590,.F.);
#120790=COLOUR_RGB('',5.0196081399917603E-01,1.0000000000000000E+00,
   5.0196081399917603E-01);
#120800=FILL_AREA_STYLE_COLOUR('',#120790);
#120810=FILL_AREA_STYLE('',(#120800));
#120820=SURFACE_STYLE_FILL_AREA(#120810);
#120830=SURFACE_SIDE_STYLE('',(#120820));
#120840=SURFACE_STYLE_USAGE(.BOTH.,#120830);
#120850=PRESENTATION_STYLE_ASSIGNMENT((#120840));
#120860=CARTESIAN_POINT('',(-3.3520488301517801E+01,
   2.2071376124790600E+01,1.7500000000000000E+01));
#120870=DIRECTION('',(-0.0000000000000000E+00,-1.0000000000000000E+00,
   -0.0000000000000000E+00));
#120880=DIRECTION('',(-1.0000000000000000E+00,0.0000000000000000E+00,
   0.0000000000000000E+00));
#120890=AXIS2_PLACEMENT_3D('',#120860,#120870,#120880);
#120900=PLANE('',#120890);
#120910=ORIENTED_EDGE('',*,*,#78890,.F.);
#120920=ORIENTED_EDGE('',*,*,#79810,.F.);
#120930=ORIENTED_EDGE('',*,*,#120650,.T.);
#120940=ORIENTED_EDGE('',*,*,#119340,.T.);
#120950=EDGE_LOOP('',(#120940,#120930,#120920,#120910));
#120960=FACE_OUTER_BOUND('',#120950,.T.);
#120970=ADVANCED_FACE('',(#120960),#120900,.F.);
#120980=COLOUR_RGB('',5.0196081399917603E-01,1.0000000000000000E+00,
   5.0196081399917603E-01);
#120990=FILL_AREA_STYLE_COLOUR('',#120980);
#121000=FILL_AREA_STYLE('',(#120990));
#121010=SURFACE_STYLE_FILL_AREA(#121000);
#121020=SURFACE_SIDE_STYLE('',(#121010));
#121030=SURFACE_STYLE_USAGE(.BOTH.,#121020);
#121040=PRESENTATION_STYLE_ASSIGNMENT((#121030));
#121050=CARTESIAN_POINT('',(-3.4134907590252553E+01,
   2.5050785647341851E+01,1.6699999999999999E+01));
#121060=DIRECTION('',(9.6592582628906531E-01,2.5881904510253184E-01,
   0.0000000000000000E+00));
#121070=DIRECTION('',(2.5881904510253184E-01,-9.6592582628906531E-01,
   0.0000000000000000E+00));
#121080=AXIS2_PLACEMENT_3D('',#121050,#121060,#121070);
#121090=PLANE('',#121080);
#121100=ORIENTED_EDGE('',*,*,#120730,.T.);
#121110=ORIENTED_EDGE('',*,*,#120360,.F.);
#121120=ORIENTED_EDGE('',*,*,#78650,.F.);
#121130=ORIENTED_EDGE('',*,*,#88000,.F.);
#121140=ORIENTED_EDGE('',*,*,#80970,.T.);
#121150=ORIENTED_EDGE('',*,*,#119710,.F.);
#121160=EDGE_LOOP('',(#121150,#121140,#121130,#121120,#121110,#121100));
#121170=FACE_OUTER_BOUND('',#121160,.T.);
#121180=ADVANCED_FACE('',(#121170),#121090,.F.);
#121190=COLOUR_RGB('',5.0196081399917603E-01,1.0000000000000000E+00,
   5.0196081399917603E-01);
#121200=FILL_AREA_STYLE_COLOUR('',#121190);
#121210=FILL_AREA_STYLE('',(#121200));
#121220=SURFACE_STYLE_FILL_AREA(#121210);
#121230=SURFACE_SIDE_STYLE('',(#121220));
#121240=SURFACE_STYLE_USAGE(.BOTH.,#121230);
#121250=PRESENTATION_STYLE_ASSIGNMENT((#121240));
#121260=CARTESIAN_POINT('',(-2.9429583505175202E+01,
   2.3045184024564779E+01,2.3000000000000000E+01));
#121270=DIRECTION('',(0.0000000000000000E+00,0.0000000000000000E+00,
   1.0000000000000000E+00));
#121280=DIRECTION('',(1.0000000000000000E+00,0.0000000000000000E+00,
   0.0000000000000000E+00));
#121290=AXIS2_PLACEMENT_3D('',#121260,#121270,#121280);
#121300=CYLINDRICAL_SURFACE('',#121290,9.5118357404519926E-01);
#121310=ORIENTED_EDGE('',*,*,#115230,.F.);
#121320=CARTESIAN_POINT('',(-2.8478399931130003E+01,
   2.3045184024564779E+01,2.3000000000000000E+01));
#121330=DIRECTION('',(0.0000000000000000E+00,0.0000000000000000E+00,
   1.0000000000000000E+00));
#121340=VECTOR('',#121330,1.0000000000000000E+00);
#121350=LINE('',#121320,#121340);
#121360=EDGE_CURVE('',#106570,#115200,#121350,.T.);
#121370=ORIENTED_EDGE('',*,*,#121360,.T.);
#121380=ORIENTED_EDGE('',*,*,#106580,.T.);
#121390=ORIENTED_EDGE('',*,*,#81830,.T.);
#121400=EDGE_LOOP('',(#121390,#121380,#121370,#121310));
#121410=FACE_OUTER_BOUND('',#121400,.T.);
#121420=ADVANCED_FACE('',(#121410),#121300,.T.);
#121430=COLOUR_RGB('',5.0196081399917603E-01,1.0000000000000000E+00,
   5.0196081399917603E-01);
#121440=FILL_AREA_STYLE_COLOUR('',#121430);
#121450=FILL_AREA_STYLE('',(#121440));
#121460=SURFACE_STYLE_FILL_AREA(#121450);
#121470=SURFACE_SIDE_STYLE('',(#121460));
#121480=SURFACE_STYLE_USAGE(.BOTH.,#121470);
#121490=PRESENTATION_STYLE_ASSIGNMENT((#121480));
#121500=CARTESIAN_POINT('',(-3.4644041692111067E+01,
   2.5421376124790601E+01,1.6699999999999999E+01));
#121510=DIRECTION('',(-0.0000000000000000E+00,1.0000000000000000E+00,
   0.0000000000000000E+00));
#121520=DIRECTION('',(1.0000000000000000E+00,0.0000000000000000E+00,
   0.0000000000000000E+00));
#121530=AXIS2_PLACEMENT_3D('',#121500,#121510,#121520);
#121540=PLANE('',#121530);
#121550=ORIENTED_EDGE('',*,*,#87930,.F.);
#121560=ORIENTED_EDGE('',*,*,#58210,.T.);
#121570=ORIENTED_EDGE('',*,*,#40190,.F.);
#121580=CARTESIAN_POINT('',(-3.4997595082704343E+01,
   2.5421376124790601E+01,1.8500000000000000E+01));
#121590=DIRECTION('',(0.0000000000000000E+00,-1.0000000000000000E+00,
   0.0000000000000000E+00));
#121600=DIRECTION('',(1.0000000000000000E+00,0.0000000000000000E+00,
   0.0000000000000000E+00));
#121610=AXIS2_PLACEMENT_3D('',#121580,#121590,#121600);
#121620=CIRCLE('',#121610,5.0000000000000400E-01);
#121630=EDGE_CURVE('',#119790,#40120,#121620,.T.);
#121640=ORIENTED_EDGE('',*,*,#121630,.T.);
#121650=ORIENTED_EDGE('',*,*,#119800,.F.);
#121660=ORIENTED_EDGE('',*,*,#81120,.T.);
#121670=EDGE_LOOP('',(#121660,#121650,#121640,#121570,#121560,#121550));
#121680=FACE_OUTER_BOUND('',#121670,.T.);
#121690=ADVANCED_FACE('',(#121680),#121540,.F.);
#121700=COLOUR_RGB('',5.0196081399917603E-01,1.0000000000000000E+00,
   5.0196081399917603E-01);
#121710=FILL_AREA_STYLE_COLOUR('',#121700);
#121720=FILL_AREA_STYLE('',(#121710));
#121730=SURFACE_STYLE_FILL_AREA(#121720);
#121740=SURFACE_SIDE_STYLE('',(#121730));
#121750=SURFACE_STYLE_USAGE(.BOTH.,#121740);
#121760=PRESENTATION_STYLE_ASSIGNMENT((#121750));
#121770=CARTESIAN_POINT('',(-3.4997595082704343E+01,
   2.2071376124790600E+01,1.8500000000000000E+01));
#121780=DIRECTION('',(0.0000000000000000E+00,-1.0000000000000000E+00,
   0.0000000000000000E+00));
#121790=DIRECTION('',(1.0000000000000000E+00,0.0000000000000000E+00,
   0.0000000000000000E+00));
#121800=AXIS2_PLACEMENT_3D('',#121770,#121780,#121790);
#121810=CYLINDRICAL_SURFACE('',#121800,5.0000000000000400E-01);
#121820=ORIENTED_EDGE('',*,*,#121630,.F.);
#121830=ORIENTED_EDGE('',*,*,#40130,.F.);
#121840=ORIENTED_EDGE('',*,*,#119220,.T.);
#121850=ORIENTED_EDGE('',*,*,#119860,.T.);
#121860=EDGE_LOOP('',(#121850,#121840,#121830,#121820));
#121870=FACE_OUTER_BOUND('',#121860,.T.);
#121880=ADVANCED_FACE('',(#121870),#121810,.F.);
#121890=COLOUR_RGB('',5.0196081399917603E-01,1.0000000000000000E+00,
   5.0196081399917603E-01);
#121900=FILL_AREA_STYLE_COLOUR('',#121890);
#121910=FILL_AREA_STYLE('',(#121900));
#121920=SURFACE_STYLE_FILL_AREA(#121910);
#121930=SURFACE_SIDE_STYLE('',(#121920));
#121940=SURFACE_STYLE_USAGE(.BOTH.,#121930);
#121950=PRESENTATION_STYLE_ASSIGNMENT((#121940));
#121960=ORIENTED_EDGE('',*,*,#117000,.T.);
#121970=ORIENTED_EDGE('',*,*,#85270,.F.);
#121980=ORIENTED_EDGE('',*,*,#91330,.T.);
#121990=ORIENTED_EDGE('',*,*,#63500,.F.);
#122000=ORIENTED_EDGE('',*,*,#97930,.T.);
#122010=EDGE_CURVE('',#97920,#92030,#92010,.T.);
#122020=ORIENTED_EDGE('',*,*,#122010,.F.);
#122030=ORIENTED_EDGE('',*,*,#92040,.F.);
#122040=ORIENTED_EDGE('',*,*,#67670,.T.);
#122050=ORIENTED_EDGE('',*,*,#91650,.F.);
#122060=ORIENTED_EDGE('',*,*,#116080,.T.);
#122070=ORIENTED_EDGE('',*,*,#92450,.F.);
#122080=ORIENTED_EDGE('',*,*,#115830,.T.);
#122090=ORIENTED_EDGE('',*,*,#89950,.F.);
#122100=EDGE_LOOP('',(#122090,#122080,#122070,#122060,#122050,#122040,
   #122030,#122020,#122000,#121990,#121980,#121970,#121960));
#122110=FACE_OUTER_BOUND('',#122100,.T.);
#122120=ADVANCED_FACE('',(#122110),#79380,.T.);
#122130=COLOUR_RGB('',5.0196081399917603E-01,1.0000000000000000E+00,
   5.0196081399917603E-01);
#122140=FILL_AREA_STYLE_COLOUR('',#122130);
#122150=FILL_AREA_STYLE('',(#122140));
#122160=SURFACE_STYLE_FILL_AREA(#122150);
#122170=SURFACE_SIDE_STYLE('',(#122160));
#122180=SURFACE_STYLE_USAGE(.BOTH.,#122170);
#122190=PRESENTATION_STYLE_ASSIGNMENT((#122180));
#122200=ORIENTED_EDGE('',*,*,#115580,.T.);
#122210=ORIENTED_EDGE('',*,*,#94310,.T.);
#122220=EDGE_CURVE('',#111930,#94220,#111910,.T.);
#122230=ORIENTED_EDGE('',*,*,#122220,.T.);
#122240=ORIENTED_EDGE('',*,*,#111940,.T.);
#122250=ORIENTED_EDGE('',*,*,#105550,.T.);
#122260=ORIENTED_EDGE('',*,*,#100070,.T.);
#122270=EDGE_LOOP('',(#122260,#122250,#122240,#122230,#122210,#122200));
#122280=FACE_OUTER_BOUND('',#122270,.T.);
#122290=ADVANCED_FACE('',(#122280),#99990,.T.);
#122300=COLOUR_RGB('',9.4901967048645020E-01,9.4901967048645020E-01,
   1.0000000000000000E+00);
#122310=FILL_AREA_STYLE_COLOUR('',#122300);
#122320=FILL_AREA_STYLE('',(#122310));
#122330=SURFACE_STYLE_FILL_AREA(#122320);
#122340=SURFACE_SIDE_STYLE('',(#122330));
#122350=SURFACE_STYLE_USAGE(.BOTH.,#122340);
#122360=PRESENTATION_STYLE_ASSIGNMENT((#122350));
#122370=ORIENTED_EDGE('',*,*,#99310,.F.);
#122380=EDGE_CURVE('',#99220,#75950,#76180,.T.);
#122390=ORIENTED_EDGE('',*,*,#122380,.F.);
#122400=ORIENTED_EDGE('',*,*,#94370,.T.);
#122410=ORIENTED_EDGE('',*,*,#115610,.F.);
#122420=EDGE_LOOP('',(#122410,#122400,#122390,#122370));
#122430=FACE_OUTER_BOUND('',#122420,.T.);
#122440=ADVANCED_FACE('',(#122430),#94150,.T.);
#122450=COLOUR_RGB('',9.4901967048645020E-01,9.4901967048645020E-01,
   1.0000000000000000E+00);
#122460=FILL_AREA_STYLE_COLOUR('',#122450);
#122470=FILL_AREA_STYLE('',(#122460));
#122480=SURFACE_STYLE_FILL_AREA(#122470);
#122490=SURFACE_SIDE_STYLE('',(#122480));
#122500=SURFACE_STYLE_USAGE(.BOTH.,#122490);
#122510=PRESENTATION_STYLE_ASSIGNMENT((#122500));
#122520=ORIENTED_EDGE('',*,*,#122380,.T.);
#122530=CARTESIAN_POINT('',(-8.4502159542249785E+01,
   2.8001376124790593E+01,2.1000000000000000E+01));
#122540=DIRECTION('',(1.0000000000000000E+00,-0.0000000000000000E+00,
   0.0000000000000000E+00));
#122550=VECTOR('',#122540,1.0000000000000000E+00);
#122560=LINE('',#122530,#122550);
#122570=CARTESIAN_POINT('',(-3.0910513554687164E+01,
   2.8001376124790593E+01,2.1000000000000000E+01));
#122580=VERTEX_POINT('',#122570);
#122590=EDGE_CURVE('',#99220,#122580,#122560,.T.);
#122600=ORIENTED_EDGE('',*,*,#122590,.F.);
#122610=EDGE_CURVE('',#75930,#122580,#76010,.T.);
#122620=ORIENTED_EDGE('',*,*,#122610,.T.);
#122630=ORIENTED_EDGE('',*,*,#75960,.F.);
#122640=EDGE_LOOP('',(#122630,#122620,#122600,#122520));
#122650=FACE_OUTER_BOUND('',#122640,.T.);
#122660=ADVANCED_FACE('',(#122650),#75860,.T.);
#122670=COLOUR_RGB('',9.4901967048645020E-01,9.4901967048645020E-01,
   1.0000000000000000E+00);
#122680=FILL_AREA_STYLE_COLOUR('',#122670);
#122690=FILL_AREA_STYLE('',(#122680));
#122700=SURFACE_STYLE_FILL_AREA(#122690);
#122710=SURFACE_SIDE_STYLE('',(#122700));
#122720=SURFACE_STYLE_USAGE(.BOTH.,#122710);
#122730=PRESENTATION_STYLE_ASSIGNMENT((#122720));
#122740=ORIENTED_EDGE('',*,*,#99230,.T.);
#122750=ORIENTED_EDGE('',*,*,#110010,.F.);
#122760=EDGE_CURVE('',#122580,#109930,#109910,.T.);
#122770=ORIENTED_EDGE('',*,*,#122760,.T.);
#122780=ORIENTED_EDGE('',*,*,#122590,.T.);
#122790=EDGE_LOOP('',(#122780,#122770,#122750,#122740));
#122800=FACE_OUTER_BOUND('',#122790,.T.);
#122810=ADVANCED_FACE('',(#122800),#109770,.T.);
#122820=COLOUR_RGB('',9.4901967048645020E-01,9.4901967048645020E-01,
   1.0000000000000000E+00);
#122830=FILL_AREA_STYLE_COLOUR('',#122820);
#122840=FILL_AREA_STYLE('',(#122830));
#122850=SURFACE_STYLE_FILL_AREA(#122840);
#122860=SURFACE_SIDE_STYLE('',(#122850));
#122870=SURFACE_STYLE_USAGE(.BOTH.,#122860);
#122880=PRESENTATION_STYLE_ASSIGNMENT((#122870));
#122890=ORIENTED_EDGE('',*,*,#110580,.F.);
#122900=CARTESIAN_POINT('',(-8.4502159542249785E+01,
   2.8601376124790601E+01,2.1000000000000000E+01));
#122910=DIRECTION('',(1.0000000000000000E+00,-0.0000000000000000E+00,
   0.0000000000000000E+00));
#122920=VECTOR('',#122910,1.0000000000000000E+00);
#122930=LINE('',#122900,#122920);
#122940=CARTESIAN_POINT('',(-3.0910513554687164E+01,
   2.8601376124790601E+01,2.1000000000000000E+01));
#122950=VERTEX_POINT('',#122940);
#122960=EDGE_CURVE('',#122950,#110500,#122930,.T.);
#122970=ORIENTED_EDGE('',*,*,#122960,.T.);
#122980=EDGE_CURVE('',#110200,#122950,#110160,.T.);
#122990=ORIENTED_EDGE('',*,*,#122980,.T.);
#123000=EDGE_LOOP('',(#122990,#122970,#122890));
#123010=FACE_OUTER_BOUND('',#123000,.T.);
#123020=ADVANCED_FACE('',(#123010),#99990,.T.);
#123030=COLOUR_RGB('',9.4901967048645020E-01,9.4901967048645020E-01,
   1.0000000000000000E+00);
#123040=FILL_AREA_STYLE_COLOUR('',#123030);
#123050=FILL_AREA_STYLE('',(#123040));
#123060=SURFACE_STYLE_FILL_AREA(#123050);
#123070=SURFACE_SIDE_STYLE('',(#123060));
#123080=SURFACE_STYLE_USAGE(.BOTH.,#123070);
#123090=PRESENTATION_STYLE_ASSIGNMENT((#123080));
#123100=EDGE_CURVE('',#122950,#110410,#110390,.T.);
#123110=ORIENTED_EDGE('',*,*,#123100,.T.);
#123120=ORIENTED_EDGE('',*,*,#122960,.F.);
#123130=ORIENTED_EDGE('',*,*,#110510,.F.);
#123140=EDGE_LOOP('',(#123130,#123120,#123110));
#123150=FACE_OUTER_BOUND('',#123140,.T.);
#123160=ADVANCED_FACE('',(#123150),#115520,.T.);
#123170=COLOUR_RGB('',9.4901967048645020E-01,9.4901967048645020E-01,
   1.0000000000000000E+00);
#123180=FILL_AREA_STYLE_COLOUR('',#123170);
#123190=FILL_AREA_STYLE('',(#123180));
#123200=SURFACE_STYLE_FILL_AREA(#123190);
#123210=SURFACE_SIDE_STYLE('',(#123200));
#123220=SURFACE_STYLE_USAGE(.BOTH.,#123210);
#123230=PRESENTATION_STYLE_ASSIGNMENT((#123220));
#123240=CARTESIAN_POINT('',(-3.1158000928102481E+01,
   2.7601376124790594E+01,2.0752512626584682E+01));
#123250=DIRECTION('',(-7.0710678118654746E-01,0.0000000000000000E+00,
   7.0710678118654757E-01));
#123260=DIRECTION('',(0.0000000000000000E+00,1.0000000000000000E+00,
   0.0000000000000000E+00));
#123270=AXIS2_PLACEMENT_3D('',#123240,#123250,#123260);
#123280=PLANE('',#123270);
#123290=ORIENTED_EDGE('',*,*,#122610,.F.);
#123300=CARTESIAN_POINT('',(-3.0910513554687164E+01,
   -2.2653715864353234E+01,2.1000000000000000E+01));
#123310=DIRECTION('',(0.0000000000000000E+00,1.0000000000000000E+00,
   -0.0000000000000000E+00));
#123320=VECTOR('',#123310,1.0000000000000000E+00);
#123330=LINE('',#123300,#123320);
#123340=EDGE_CURVE('',#122580,#122950,#123330,.T.);
#123350=ORIENTED_EDGE('',*,*,#123340,.F.);
#123360=ORIENTED_EDGE('',*,*,#123100,.F.);
#123370=CARTESIAN_POINT('',(-3.0814019159547051E+01,
   3.9321376124790604E+01,2.1096494395140116E+01));
#123380=DIRECTION('',(0.0000000000000000E+00,-1.0000000000000000E+00,
   0.0000000000000000E+00));
#123390=VECTOR('',#123380,1.0000000000000000E+00);
#123400=LINE('',#123370,#123390);
#123410=EDGE_CURVE('',#110410,#75930,#123400,.T.);
#123420=ORIENTED_EDGE('',*,*,#123410,.F.);
#123430=EDGE_LOOP('',(#123420,#123360,#123350,#123290));
#123440=FACE_OUTER_BOUND('',#123430,.T.);
#123450=ADVANCED_FACE('',(#123440),#123280,.T.);
#123460=COLOUR_RGB('',9.4901967048645020E-01,9.4901967048645020E-01,
   1.0000000000000000E+00);
#123470=FILL_AREA_STYLE_COLOUR('',#123460);
#123480=FILL_AREA_STYLE('',(#123470));
#123490=SURFACE_STYLE_FILL_AREA(#123480);
#123500=SURFACE_SIDE_STYLE('',(#123490));
#123510=SURFACE_STYLE_USAGE(.BOTH.,#123500);
#123520=PRESENTATION_STYLE_ASSIGNMENT((#123510));
#123530=CARTESIAN_POINT('',(-3.0199486452468442E+01,
   2.7145319094080318E+01,2.1711027102218718E+01));
#123540=DIRECTION('',(0.0000000000000000E+00,1.0000000000000000E+00,
   0.0000000000000000E+00));
#123550=VECTOR('',#123540,1.0000000000000000E+00);
#123560=LINE('',#123530,#123550);
#123570=EDGE_CURVE('',#76030,#110330,#123560,.T.);
#123580=ORIENTED_EDGE('',*,*,#123570,.T.);
#123590=ORIENTED_EDGE('',*,*,#76040,.F.);
#123600=ORIENTED_EDGE('',*,*,#123410,.T.);
#123610=ORIENTED_EDGE('',*,*,#110420,.F.);
#123620=EDGE_LOOP('',(#123610,#123600,#123590,#123580));
#123630=FACE_OUTER_BOUND('',#123620,.T.);
#123640=ADVANCED_FACE('',(#123630),#123280,.T.);
#123650=COLOUR_RGB('',9.4901967048645020E-01,9.4901967048645020E-01,
   1.0000000000000000E+00);
#123660=FILL_AREA_STYLE_COLOUR('',#123650);
#123670=FILL_AREA_STYLE('',(#123660));
#123680=SURFACE_STYLE_FILL_AREA(#123670);
#123690=SURFACE_SIDE_STYLE('',(#123680));
#123700=SURFACE_STYLE_USAGE(.BOTH.,#123690);
#123710=PRESENTATION_STYLE_ASSIGNMENT((#123700));
#123720=CARTESIAN_POINT('',(-3.0780488301517799E+01,
   2.7601376124790601E+01,2.1000000000000000E+01));
#123730=DIRECTION('',(-0.0000000000000000E+00,1.0000000000000000E+00,
   0.0000000000000000E+00));
#123740=DIRECTION('',(1.0000000000000000E+00,0.0000000000000000E+00,
   0.0000000000000000E+00));
#123750=AXIS2_PLACEMENT_3D('',#123720,#123730,#123740);
#123760=PLANE('',#123750);
#123770=EDGE_CURVE('',#105190,#105280,#105260,.T.);
#123780=ORIENTED_EDGE('',*,*,#123770,.F.);
#123790=ORIENTED_EDGE('',*,*,#105290,.F.);
#123800=EDGE_LOOP('',(#123790,#123780));
#123810=FACE_OUTER_BOUND('',#123800,.T.);
#123820=EDGE_CURVE('',#112010,#111750,#112080,.T.);
#123830=ORIENTED_EDGE('',*,*,#123820,.F.);
#123840=ORIENTED_EDGE('',*,*,#112090,.F.);
#123850=EDGE_LOOP('',(#123840,#123830));
#123860=FACE_BOUND('',#123850,.T.);
#123870=ADVANCED_FACE('',(#123810,#123860),#123760,.T.);
#123880=COLOUR_RGB('',5.0196081399917603E-01,1.0000000000000000E+00,
   5.0196081399917603E-01);
#123890=FILL_AREA_STYLE_COLOUR('',#123880);
#123900=FILL_AREA_STYLE('',(#123890));
#123910=SURFACE_STYLE_FILL_AREA(#123900);
#123920=SURFACE_SIDE_STYLE('',(#123910));
#123930=SURFACE_STYLE_USAGE(.BOTH.,#123920);
#123940=PRESENTATION_STYLE_ASSIGNMENT((#123930));
#123950=ORIENTED_EDGE('',*,*,#122760,.F.);
#123960=ORIENTED_EDGE('',*,*,#112710,.T.);
#123970=ORIENTED_EDGE('',*,*,#122980,.F.);
#123980=ORIENTED_EDGE('',*,*,#123340,.T.);
#123990=EDGE_LOOP('',(#123980,#123970,#123960,#123950));
#124000=FACE_OUTER_BOUND('',#123990,.T.);
#124010=ADVANCED_FACE('',(#124000),#112630,.T.);
#124020=COLOUR_RGB('',9.4901967048645020E-01,9.4901967048645020E-01,
   1.0000000000000000E+00);
#124030=FILL_AREA_STYLE_COLOUR('',#124020);
#124040=FILL_AREA_STYLE('',(#124030));
#124050=SURFACE_STYLE_FILL_AREA(#124040);
#124060=SURFACE_SIDE_STYLE('',(#124050));
#124070=SURFACE_STYLE_USAGE(.BOTH.,#124060);
#124080=PRESENTATION_STYLE_ASSIGNMENT((#124070));
#124090=ORIENTED_EDGE('',*,*,#27800,.T.);
#124100=ORIENTED_EDGE('',*,*,#92940,.F.);
#124110=ORIENTED_EDGE('',*,*,#27970,.F.);
#124120=ORIENTED_EDGE('',*,*,#28220,.T.);
#124130=EDGE_LOOP('',(#124120,#124110,#124100,#124090));
#124140=FACE_OUTER_BOUND('',#124130,.T.);
#124150=ADVANCED_FACE('',(#124140),#27710,.F.);
#124160=COLOUR_RGB('',5.0196081399917603E-01,1.0000000000000000E+00,
   5.0196081399917603E-01);
#124170=FILL_AREA_STYLE_COLOUR('',#124160);
#124180=FILL_AREA_STYLE('',(#124170));
#124190=SURFACE_STYLE_FILL_AREA(#124180);
#124200=SURFACE_SIDE_STYLE('',(#124190));
#124210=SURFACE_STYLE_USAGE(.BOTH.,#124200);
#124220=PRESENTATION_STYLE_ASSIGNMENT((#124210));
#124230=ORIENTED_EDGE('',*,*,#86960,.T.);
#124240=ORIENTED_EDGE('',*,*,#88400,.F.);
#124250=ORIENTED_EDGE('',*,*,#89010,.F.);
#124260=ORIENTED_EDGE('',*,*,#89360,.F.);
#124270=ORIENTED_EDGE('',*,*,#87540,.T.);
#124280=ORIENTED_EDGE('',*,*,#87240,.T.);
#124290=ORIENTED_EDGE('',*,*,#87710,.F.);
#124300=ORIENTED_EDGE('',*,*,#64820,.F.);
#124310=EDGE_LOOP('',(#124300,#124290,#124280,#124270,#124260,#124250,
   #124240,#124230));
#124320=FACE_OUTER_BOUND('',#124310,.T.);
#124330=ADVANCED_FACE('',(#124320),#87470,.T.);
#124340=COLOUR_RGB('',9.4901967048645020E-01,9.4901967048645020E-01,
   1.0000000000000000E+00);
#124350=FILL_AREA_STYLE_COLOUR('',#124340);
#124360=FILL_AREA_STYLE('',(#124350));
#124370=SURFACE_STYLE_FILL_AREA(#124360);
#124380=SURFACE_SIDE_STYLE('',(#124370));
#124390=SURFACE_STYLE_USAGE(.BOTH.,#124380);
#124400=PRESENTATION_STYLE_ASSIGNMENT((#124390));
#124410=ORIENTED_EDGE('',*,*,#115350,.T.);
#124420=ORIENTED_EDGE('',*,*,#77690,.F.);
#124430=ORIENTED_EDGE('',*,*,#106390,.F.);
#124440=ORIENTED_EDGE('',*,*,#108450,.F.);
#124450=EDGE_LOOP('',(#124440,#124430,#124420,#124410));
#124460=FACE_OUTER_BOUND('',#124450,.T.);
#124470=ADVANCED_FACE('',(#124460),#108310,.F.);
#124480=COLOUR_RGB('',5.0196081399917603E-01,1.0000000000000000E+00,
   5.0196081399917603E-01);
#124490=FILL_AREA_STYLE_COLOUR('',#124480);
#124500=FILL_AREA_STYLE('',(#124490));
#124510=SURFACE_STYLE_FILL_AREA(#124500);
#124520=SURFACE_SIDE_STYLE('',(#124510));
#124530=SURFACE_STYLE_USAGE(.BOTH.,#124520);
#124540=PRESENTATION_STYLE_ASSIGNMENT((#124530));
#124550=ORIENTED_EDGE('',*,*,#38300,.F.);
#124560=ORIENTED_EDGE('',*,*,#41970,.F.);
#124570=ORIENTED_EDGE('',*,*,#38450,.T.);
#124580=ORIENTED_EDGE('',*,*,#109350,.T.);
#124590=EDGE_LOOP('',(#124580,#124570,#124560,#124550));
#124600=FACE_OUTER_BOUND('',#124590,.T.);
#124610=ADVANCED_FACE('',(#124600),#38230,.T.);
#124620=COLOUR_RGB('',9.4901961088180542E-01,9.4901961088180542E-01,
   1.0000000000000000E+00);
#124630=FILL_AREA_STYLE_COLOUR('',#124620);
#124640=FILL_AREA_STYLE('',(#124630));
#124650=SURFACE_STYLE_FILL_AREA(#124640);
#124660=SURFACE_SIDE_STYLE('',(#124650));
#124670=SURFACE_STYLE_USAGE(.BOTH.,#124660);
#124680=PRESENTATION_STYLE_ASSIGNMENT((#124670));
#124690=ORIENTED_EDGE('',*,*,#87300,.T.);
#124700=ORIENTED_EDGE('',*,*,#86200,.T.);
#124710=ORIENTED_EDGE('',*,*,#92840,.F.);
#124720=ORIENTED_EDGE('',*,*,#86370,.F.);
#124730=EDGE_LOOP('',(#124720,#124710,#124700,#124690));
#124740=FACE_OUTER_BOUND('',#124730,.T.);
#124750=ADVANCED_FACE('',(#124740),#86110,.F.);
#124760=COLOUR_RGB('',5.0196081399917603E-01,1.0000000000000000E+00,
   5.0196081399917603E-01);
#124770=FILL_AREA_STYLE_COLOUR('',#124760);
#124780=FILL_AREA_STYLE('',(#124770));
#124790=SURFACE_STYLE_FILL_AREA(#124780);
#124800=SURFACE_SIDE_STYLE('',(#124790));
#124810=SURFACE_STYLE_USAGE(.BOTH.,#124800);
#124820=PRESENTATION_STYLE_ASSIGNMENT((#124810));
#124830=ORIENTED_EDGE('',*,*,#95650,.T.);
#124840=ORIENTED_EDGE('',*,*,#97020,.F.);
#124850=ORIENTED_EDGE('',*,*,#97540,.F.);
#124860=ORIENTED_EDGE('',*,*,#82960,.F.);
#124870=ORIENTED_EDGE('',*,*,#96220,.T.);
#124880=ORIENTED_EDGE('',*,*,#95940,.T.);
#124890=ORIENTED_EDGE('',*,*,#96410,.F.);
#124900=ORIENTED_EDGE('',*,*,#96600,.F.);
#124910=EDGE_LOOP('',(#124900,#124890,#124880,#124870,#124860,#124850,
   #124840,#124830));
#124920=FACE_OUTER_BOUND('',#124910,.T.);
#124930=ADVANCED_FACE('',(#124920),#96170,.T.);
#124940=COLOUR_RGB('',9.4901967048645020E-01,9.4901967048645020E-01,
   1.0000000000000000E+00);
#124950=FILL_AREA_STYLE_COLOUR('',#124940);
#124960=FILL_AREA_STYLE('',(#124950));
#124970=SURFACE_STYLE_FILL_AREA(#124960);
#124980=SURFACE_SIDE_STYLE('',(#124970));
#124990=SURFACE_STYLE_USAGE(.BOTH.,#124980);
#125000=PRESENTATION_STYLE_ASSIGNMENT((#124990));
#125010=ORIENTED_EDGE('',*,*,#79480,.F.);
#125020=ORIENTED_EDGE('',*,*,#93980,.T.);
#125030=ORIENTED_EDGE('',*,*,#107040,.T.);
#125040=ORIENTED_EDGE('',*,*,#93830,.F.);
#125050=EDGE_LOOP('',(#125040,#125030,#125020,#125010));
#125060=FACE_OUTER_BOUND('',#125050,.T.);
#125070=ADVANCED_FACE('',(#125060),#93760,.T.);
#125080=COLOUR_RGB('',5.0196081399917603E-01,1.0000000000000000E+00,
   5.0196081399917603E-01);
#125090=FILL_AREA_STYLE_COLOUR('',#125080);
#125100=FILL_AREA_STYLE('',(#125090));
#125110=SURFACE_STYLE_FILL_AREA(#125100);
#125120=SURFACE_SIDE_STYLE('',(#125110));
#125130=SURFACE_STYLE_USAGE(.BOTH.,#125120);
#125140=PRESENTATION_STYLE_ASSIGNMENT((#125130));
#125150=ORIENTED_EDGE('',*,*,#94230,.T.);
#125160=ORIENTED_EDGE('',*,*,#76130,.F.);
#125170=ORIENTED_EDGE('',*,*,#123570,.F.);
#125180=ORIENTED_EDGE('',*,*,#110340,.F.);
#125190=ORIENTED_EDGE('',*,*,#111760,.T.);
#125200=ORIENTED_EDGE('',*,*,#123820,.T.);
#125210=ORIENTED_EDGE('',*,*,#112020,.F.);
#125220=ORIENTED_EDGE('',*,*,#122220,.F.);
#125230=EDGE_LOOP('',(#125220,#125210,#125200,#125190,#125180,#125170,
   #125160,#125150));
#125240=FACE_OUTER_BOUND('',#125230,.T.);
#125250=ADVANCED_FACE('',(#125240),#111690,.T.);
#125260=COLOUR_RGB('',9.4901967048645020E-01,9.4901967048645020E-01,
   1.0000000000000000E+00);
#125270=FILL_AREA_STYLE_COLOUR('',#125260);
#125280=FILL_AREA_STYLE('',(#125270));
#125290=SURFACE_STYLE_FILL_AREA(#125280);
#125300=SURFACE_SIDE_STYLE('',(#125290));
#125310=SURFACE_STYLE_USAGE(.BOTH.,#125300);
#125320=PRESENTATION_STYLE_ASSIGNMENT((#125310));
#125330=ORIENTED_EDGE('',*,*,#45450,.T.);
#125340=ORIENTED_EDGE('',*,*,#46820,.F.);
#125350=ORIENTED_EDGE('',*,*,#47340,.F.);
#125360=ORIENTED_EDGE('',*,*,#5920,.F.);
#125370=ORIENTED_EDGE('',*,*,#46020,.T.);
#125380=ORIENTED_EDGE('',*,*,#45790,.T.);
#125390=ORIENTED_EDGE('',*,*,#46210,.F.);
#125400=ORIENTED_EDGE('',*,*,#46400,.F.);
#125410=EDGE_LOOP('',(#125400,#125390,#125380,#125370,#125360,#125350,
   #125340,#125330));
#125420=FACE_OUTER_BOUND('',#125410,.T.);
#125430=ADVANCED_FACE('',(#125420),#45970,.T.);
#125440=COLOUR_RGB('',9.4901967048645020E-01,9.4901967048645020E-01,
   1.0000000000000000E+00);
#125450=FILL_AREA_STYLE_COLOUR('',#125440);
#125460=FILL_AREA_STYLE('',(#125450));
#125470=SURFACE_STYLE_FILL_AREA(#125460);
#125480=SURFACE_SIDE_STYLE('',(#125470));
#125490=SURFACE_STYLE_USAGE(.BOTH.,#125480);
#125500=PRESENTATION_STYLE_ASSIGNMENT((#125490));
#125510=ORIENTED_EDGE('',*,*,#15860,.T.);
#125520=ORIENTED_EDGE('',*,*,#15640,.F.);
#125530=ORIENTED_EDGE('',*,*,#360,.F.);
#125540=ORIENTED_EDGE('',*,*,#8360,.F.);
#125550=ORIENTED_EDGE('',*,*,#16870,.T.);
#125560=ORIENTED_EDGE('',*,*,#28260,.T.);
#125570=ORIENTED_EDGE('',*,*,#17050,.F.);
#125580=ORIENTED_EDGE('',*,*,#16570,.F.);
#125590=EDGE_LOOP('',(#125580,#125570,#125560,#125550,#125540,#125530,
   #125520,#125510));
#125600=FACE_OUTER_BOUND('',#125590,.T.);
#125610=ADVANCED_FACE('',(#125600),#16800,.T.);
#125620=COLOUR_RGB('',9.4901967048645020E-01,9.4901967048645020E-01,
   1.0000000000000000E+00);
#125630=FILL_AREA_STYLE_COLOUR('',#125620);
#125640=FILL_AREA_STYLE('',(#125630));
#125650=SURFACE_STYLE_FILL_AREA(#125640);
#125660=SURFACE_SIDE_STYLE('',(#125650));
#125670=SURFACE_STYLE_USAGE(.BOTH.,#125660);
#125680=PRESENTATION_STYLE_ASSIGNMENT((#125670));
#125690=ORIENTED_EDGE('',*,*,#93580,.F.);
#125700=ORIENTED_EDGE('',*,*,#95040,.F.);
#125710=ORIENTED_EDGE('',*,*,#96000,.T.);
#125720=ORIENTED_EDGE('',*,*,#94890,.T.);
#125730=EDGE_LOOP('',(#125720,#125710,#125700,#125690));
#125740=FACE_OUTER_BOUND('',#125730,.T.);
#125750=ADVANCED_FACE('',(#125740),#94820,.F.);
#125760=COLOUR_RGB('',5.0196081399917603E-01,1.0000000000000000E+00,
   5.0196081399917603E-01);
#125770=FILL_AREA_STYLE_COLOUR('',#125760);
#125780=FILL_AREA_STYLE('',(#125770));
#125790=SURFACE_STYLE_FILL_AREA(#125780);
#125800=SURFACE_SIDE_STYLE('',(#125790));
#125810=SURFACE_STYLE_USAGE(.BOTH.,#125800);
#125820=PRESENTATION_STYLE_ASSIGNMENT((#125810));
#125830=ORIENTED_EDGE('',*,*,#92990,.F.);
#125840=ORIENTED_EDGE('',*,*,#44780,.F.);
#125850=ORIENTED_EDGE('',*,*,#45650,.T.);
#125860=ORIENTED_EDGE('',*,*,#44610,.T.);
#125870=EDGE_LOOP('',(#125860,#125850,#125840,#125830));
#125880=FACE_OUTER_BOUND('',#125870,.T.);
#125890=ADVANCED_FACE('',(#125880),#44520,.F.);
#125900=COLOUR_RGB('',5.0196081399917603E-01,1.0000000000000000E+00,
   5.0196081399917603E-01);
#125910=FILL_AREA_STYLE_COLOUR('',#125900);
#125920=FILL_AREA_STYLE('',(#125910));
#125930=SURFACE_STYLE_FILL_AREA(#125920);
#125940=SURFACE_SIDE_STYLE('',(#125930));
#125950=SURFACE_STYLE_USAGE(.BOTH.,#125940);
#125960=PRESENTATION_STYLE_ASSIGNMENT((#125950));
#125970=ORIENTED_EDGE('',*,*,#122010,.T.);
#125980=ORIENTED_EDGE('',*,*,#98090,.F.);
#125990=ORIENTED_EDGE('',*,*,#106980,.F.);
#126000=ORIENTED_EDGE('',*,*,#92120,.F.);
#126010=EDGE_LOOP('',(#126000,#125990,#125980,#125970));
#126020=FACE_OUTER_BOUND('',#126010,.T.);
#126030=ADVANCED_FACE('',(#126020),#91960,.F.);
#126040=COLOUR_RGB('',5.0196081399917603E-01,1.0000000000000000E+00,
   5.0196081399917603E-01);
#126050=FILL_AREA_STYLE_COLOUR('',#126040);
#126060=FILL_AREA_STYLE('',(#126050));
#126070=SURFACE_STYLE_FILL_AREA(#126060);
#126080=SURFACE_SIDE_STYLE('',(#126070));
#126090=SURFACE_STYLE_USAGE(.BOTH.,#126080);
#126100=PRESENTATION_STYLE_ASSIGNMENT((#126090));
#126110=ORIENTED_EDGE('',*,*,#57780,.T.);
#126120=ORIENTED_EDGE('',*,*,#59300,.F.);
#126130=ORIENTED_EDGE('',*,*,#59910,.F.);
#126140=ORIENTED_EDGE('',*,*,#60210,.F.);
#126150=ORIENTED_EDGE('',*,*,#58440,.T.);
#126160=ORIENTED_EDGE('',*,*,#42620,.T.);
#126170=ORIENTED_EDGE('',*,*,#58690,.F.);
#126180=ORIENTED_EDGE('',*,*,#58880,.F.);
#126190=EDGE_LOOP('',(#126180,#126170,#126160,#126150,#126140,#126130,
   #126120,#126110));
#126200=FACE_OUTER_BOUND('',#126190,.T.);
#126210=ADVANCED_FACE('',(#126200),#58370,.T.);
#126220=COLOUR_RGB('',9.4901967048645020E-01,9.4901967048645020E-01,
   1.0000000000000000E+00);
#126230=FILL_AREA_STYLE_COLOUR('',#126220);
#126240=FILL_AREA_STYLE('',(#126230));
#126250=SURFACE_STYLE_FILL_AREA(#126240);
#126260=SURFACE_SIDE_STYLE('',(#126250));
#126270=SURFACE_STYLE_USAGE(.BOTH.,#126260);
#126280=PRESENTATION_STYLE_ASSIGNMENT((#126270));
#126290=ORIENTED_EDGE('',*,*,#42470,.T.);
#126300=ORIENTED_EDGE('',*,*,#57020,.T.);
#126310=ORIENTED_EDGE('',*,*,#92890,.F.);
#126320=ORIENTED_EDGE('',*,*,#57110,.F.);
#126330=EDGE_LOOP('',(#126320,#126310,#126300,#126290));
#126340=FACE_OUTER_BOUND('',#126330,.T.);
#126350=ADVANCED_FACE('',(#126340),#56950,.F.);
#126360=COLOUR_RGB('',5.0196081399917603E-01,1.0000000000000000E+00,
   5.0196081399917603E-01);
#126370=FILL_AREA_STYLE_COLOUR('',#126360);
#126380=FILL_AREA_STYLE('',(#126370));
#126390=SURFACE_STYLE_FILL_AREA(#126380);
#126400=SURFACE_SIDE_STYLE('',(#126390));
#126410=SURFACE_STYLE_USAGE(.BOTH.,#126400);
#126420=PRESENTATION_STYLE_ASSIGNMENT((#126410));
#126430=ORIENTED_EDGE('',*,*,#109290,.T.);
#126440=ORIENTED_EDGE('',*,*,#10260,.F.);
#126450=ORIENTED_EDGE('',*,*,#30940,.F.);
#126460=ORIENTED_EDGE('',*,*,#10430,.T.);
#126470=EDGE_LOOP('',(#126460,#126450,#126440,#126430));
#126480=FACE_OUTER_BOUND('',#126470,.T.);
#126490=ADVANCED_FACE('',(#126480),#10170,.T.);
#126500=COLOUR_RGB('',9.4901961088180542E-01,9.4901961088180542E-01,
   1.0000000000000000E+00);
#126510=FILL_AREA_STYLE_COLOUR('',#126500);
#126520=FILL_AREA_STYLE('',(#126510));
#126530=SURFACE_STYLE_FILL_AREA(#126520);
#126540=SURFACE_SIDE_STYLE('',(#126530));
#126550=SURFACE_STYLE_USAGE(.BOTH.,#126540);
#126560=PRESENTATION_STYLE_ASSIGNMENT((#126550));
#126570=ORIENTED_EDGE('',*,*,#72310,.T.);
#126580=ORIENTED_EDGE('',*,*,#73860,.F.);
#126590=ORIENTED_EDGE('',*,*,#74470,.F.);
#126600=ORIENTED_EDGE('',*,*,#74770,.F.);
#126610=ORIENTED_EDGE('',*,*,#73000,.T.);
#126620=ORIENTED_EDGE('',*,*,#62590,.T.);
#126630=ORIENTED_EDGE('',*,*,#73250,.F.);
#126640=ORIENTED_EDGE('',*,*,#73440,.F.);
#126650=EDGE_LOOP('',(#126640,#126630,#126620,#126610,#126600,#126590,
   #126580,#126570));
#126660=FACE_OUTER_BOUND('',#126650,.T.);
#126670=ADVANCED_FACE('',(#126660),#72930,.T.);
#126680=COLOUR_RGB('',9.4901967048645020E-01,9.4901967048645020E-01,
   1.0000000000000000E+00);
#126690=FILL_AREA_STYLE_COLOUR('',#126680);
#126700=FILL_AREA_STYLE('',(#126690));
#126710=SURFACE_STYLE_FILL_AREA(#126700);
#126720=SURFACE_SIDE_STYLE('',(#126710));
#126730=SURFACE_STYLE_USAGE(.BOTH.,#126720);
#126740=PRESENTATION_STYLE_ASSIGNMENT((#126730));
#126750=ORIENTED_EDGE('',*,*,#93430,.F.);
#126760=ORIENTED_EDGE('',*,*,#105350,.F.);
#126770=ORIENTED_EDGE('',*,*,#123770,.T.);
#126780=ORIENTED_EDGE('',*,*,#105200,.T.);
#126790=EDGE_LOOP('',(#126780,#126770,#126760,#126750));
#126800=FACE_OUTER_BOUND('',#126790,.T.);
#126810=ADVANCED_FACE('',(#126800),#105130,.F.);
#126820=COLOUR_RGB('',5.0196081399917603E-01,1.0000000000000000E+00,
   5.0196081399917603E-01);
#126830=FILL_AREA_STYLE_COLOUR('',#126820);
#126840=FILL_AREA_STYLE('',(#126830));
#126850=SURFACE_STYLE_FILL_AREA(#126840);
#126860=SURFACE_SIDE_STYLE('',(#126850));
#126870=SURFACE_STYLE_USAGE(.BOTH.,#126860);
#126880=PRESENTATION_STYLE_ASSIGNMENT((#126870));
#126890=ORIENTED_EDGE('',*,*,#21160,.T.);
#126900=ORIENTED_EDGE('',*,*,#109390,.T.);
#126910=ORIENTED_EDGE('',*,*,#21330,.F.);
#126920=ORIENTED_EDGE('',*,*,#21870,.F.);
#126930=EDGE_LOOP('',(#126920,#126910,#126900,#126890));
#126940=FACE_OUTER_BOUND('',#126930,.T.);
#126950=ADVANCED_FACE('',(#126940),#21070,.T.);
#126960=COLOUR_RGB('',9.4901961088180542E-01,9.4901961088180542E-01,
   1.0000000000000000E+00);
#126970=FILL_AREA_STYLE_COLOUR('',#126960);
#126980=FILL_AREA_STYLE('',(#126970));
#126990=SURFACE_STYLE_FILL_AREA(#126980);
#127000=SURFACE_SIDE_STYLE('',(#126990));
#127010=SURFACE_STYLE_USAGE(.BOTH.,#127000);
#127020=PRESENTATION_STYLE_ASSIGNMENT((#127010));
#127030=ORIENTED_EDGE('',*,*,#93040,.F.);
#127040=ORIENTED_EDGE('',*,*,#71640,.F.);
#127050=ORIENTED_EDGE('',*,*,#62740,.T.);
#127060=ORIENTED_EDGE('',*,*,#71550,.T.);
#127070=EDGE_LOOP('',(#127060,#127050,#127040,#127030));
#127080=FACE_OUTER_BOUND('',#127070,.T.);
#127090=ADVANCED_FACE('',(#127080),#71480,.F.);
#127100=COLOUR_RGB('',5.0196081399917603E-01,1.0000000000000000E+00,
   5.0196081399917603E-01);
#127110=FILL_AREA_STYLE_COLOUR('',#127100);
#127120=FILL_AREA_STYLE('',(#127110));
#127130=SURFACE_STYLE_FILL_AREA(#127120);
#127140=SURFACE_SIDE_STYLE('',(#127130));
#127150=SURFACE_STYLE_USAGE(.BOTH.,#127140);
#127160=PRESENTATION_STYLE_ASSIGNMENT((#127150));
#127170=ORIENTED_EDGE('',*,*,#51340,.F.);
#127180=ORIENTED_EDGE('',*,*,#25000,.F.);
#127190=ORIENTED_EDGE('',*,*,#51490,.T.);
#127200=ORIENTED_EDGE('',*,*,#109450,.T.);
#127210=EDGE_LOOP('',(#127200,#127190,#127180,#127170));
#127220=FACE_OUTER_BOUND('',#127210,.T.);
#127230=ADVANCED_FACE('',(#127220),#51270,.T.);
#127240=COLOUR_RGB('',9.4901961088180542E-01,9.4901961088180542E-01,
   1.0000000000000000E+00);
#127250=FILL_AREA_STYLE_COLOUR('',#127240);
#127260=FILL_AREA_STYLE('',(#127250));
#127270=SURFACE_STYLE_FILL_AREA(#127260);
#127280=SURFACE_SIDE_STYLE('',(#127270));
#127290=SURFACE_STYLE_USAGE(.BOTH.,#127280);
#127300=PRESENTATION_STYLE_ASSIGNMENT((#127290));
#127310=ORIENTED_EDGE('',*,*,#66850,.F.);
#127320=ORIENTED_EDGE('',*,*,#118780,.F.);
#127330=ORIENTED_EDGE('',*,*,#67000,.T.);
#127340=ORIENTED_EDGE('',*,*,#109250,.T.);
#127350=EDGE_LOOP('',(#127340,#127330,#127320,#127310));
#127360=FACE_OUTER_BOUND('',#127350,.T.);
#127370=ADVANCED_FACE('',(#127360),#66780,.T.);
#127380=COLOUR_RGB('',9.4901961088180542E-01,9.4901961088180542E-01,
   1.0000000000000000E+00);
#127390=FILL_AREA_STYLE_COLOUR('',#127380);
#127400=FILL_AREA_STYLE('',(#127390));
#127410=SURFACE_STYLE_FILL_AREA(#127400);
#127420=SURFACE_SIDE_STYLE('',(#127410));
#127430=SURFACE_STYLE_USAGE(.BOTH.,#127420);
#127440=PRESENTATION_STYLE_ASSIGNMENT((#127430));
#127450=ORIENTED_EDGE('',*,*,#109180,.T.);
#127460=ORIENTED_EDGE('',*,*,#110810,.F.);
#127470=ORIENTED_EDGE('',*,*,#111350,.F.);
#127480=ORIENTED_EDGE('',*,*,#110900,.T.);
#127490=EDGE_LOOP('',(#127480,#127470,#127460,#127450));
#127500=FACE_OUTER_BOUND('',#127490,.T.);
#127510=ADVANCED_FACE('',(#127500),#110740,.T.);
#127520=COLOUR_RGB('',9.4901961088180542E-01,9.4901961088180542E-01,
   1.0000000000000000E+00);
#127530=FILL_AREA_STYLE_COLOUR('',#127520);
#127540=FILL_AREA_STYLE('',(#127530));
#127550=SURFACE_STYLE_FILL_AREA(#127540);
#127560=SURFACE_SIDE_STYLE('',(#127550));
#127570=SURFACE_STYLE_USAGE(.BOTH.,#127560);
#127580=PRESENTATION_STYLE_ASSIGNMENT((#127570));
#127590=ORIENTED_EDGE('',*,*,#115210,.F.);
#127600=ORIENTED_EDGE('',*,*,#81500,.F.);
#127610=ORIENTED_EDGE('',*,*,#106600,.T.);
#127620=ORIENTED_EDGE('',*,*,#121360,.F.);
#127630=EDGE_LOOP('',(#127620,#127610,#127600,#127590));
#127640=FACE_OUTER_BOUND('',#127630,.T.);
#127650=ADVANCED_FACE('',(#127640),#121300,.T.);
#127660=COLOUR_RGB('',5.0196081399917603E-01,1.0000000000000000E+00,
   5.0196081399917603E-01);
#127670=FILL_AREA_STYLE_COLOUR('',#127660);
#127680=FILL_AREA_STYLE('',(#127670));
#127690=SURFACE_STYLE_FILL_AREA(#127680);
#127700=SURFACE_SIDE_STYLE('',(#127690));
#127710=SURFACE_STYLE_USAGE(.BOTH.,#127700);
#127720=PRESENTATION_STYLE_ASSIGNMENT((#127710));
#127730=ORIENTED_EDGE('',*,*,#70970,.F.);
#127740=ORIENTED_EDGE('',*,*,#44340,.F.);
#127750=ORIENTED_EDGE('',*,*,#71120,.T.);
#127760=ORIENTED_EDGE('',*,*,#109500,.T.);
#127770=EDGE_LOOP('',(#127760,#127750,#127740,#127730));
#127780=FACE_OUTER_BOUND('',#127770,.T.);
#127790=ADVANCED_FACE('',(#127780),#70900,.T.);
#127800=COLOUR_RGB('',9.4901961088180542E-01,9.4901961088180542E-01,
   1.0000000000000000E+00);
#127810=FILL_AREA_STYLE_COLOUR('',#127800);
#127820=FILL_AREA_STYLE('',(#127810));
#127830=SURFACE_STYLE_FILL_AREA(#127820);
#127840=SURFACE_SIDE_STYLE('',(#127830));
#127850=SURFACE_STYLE_USAGE(.BOTH.,#127840);
#127860=PRESENTATION_STYLE_ASSIGNMENT((#127850));
#127870=CLOSED_SHELL('',(#400,#870,#1180,#1670,#2140,#2630,#3260,#4240,
   #4730,#5280,#5670,#6200,#6620,#7260,#7640,#8040,#8570,#8880,#9130,
   #9340,#10050,#10540,#11040,#11350,#11660,#12040,#12260,#12550,#12740,
   #13120,#13380,#13710,#13970,#14230,#14390,#14940,#15480,#15710,#15930
   ,#16070,#16260,#16400,#16680,#17160,#17400,#17540,#17790,#18270,
   #18670,#19210,#19680,#20300,#20480,#20950,#21440,#21910,#22150,#22630
   ,#23040,#23510,#23800,#24040,#24230,#24550,#25060,#25470,#25900,
   #26140,#26480,#26950,#27590,#28080,#28310,#28930,#29400,#29690,#29930
   ,#30330,#30530,#30990,#31460,#31780,#32100,#32290,#32480,#32860,
   #33120,#33410,#33890,#34080,#34570,#35120,#35590,#35880,#36420,#36770
   ,#37120,#37720,#38110,#38500,#38900,#39390,#41320,#41560,#42020,
   #42250,#42680,#43060,#43680,#43890,#44400,#44890,#45270,#45520,#45850
   ,#46260,#46540,#46940,#47090,#47380,#47530,#47750,#47880,#48010,
   #48480,#48750,#48960,#49200,#49390,#49930,#50220,#50770,#51150,#51540
   ,#51850,#52240,#52580,#52890,#53360,#53590,#54090,#54470,#54850,
   #55090,#55350,#55540,#56010,#56370,#56640,#56830,#57220,#57600,#57850
   ,#58250,#58740,#59020,#59420,#59570,#59950,#60100,#60330,#60460,
   #60590,#60810,#61100,#61440,#61680,#61870,#62060,#62370,#62800,#63290
   ,#63760,#64210,#64430,#64960,#65360,#65670,#66270,#66660,#67050,
   #67450,#67940,#68140,#68640,#69020,#69200,#69590,#69900,#70090,#70300
   ,#70780,#71170,#71360,#71750,#72130,#72380,#72810,#73300,#73580,
   #73980,#74130,#74510,#74660,#74890,#75020,#75150,#75500,#75740,#76230
   ,#76520,#76710,#76950,#77330,#77730,#78220,#78440,#79070,#79260,
   #79540,#79920,#80270,#80670,#81160,#81540,#82010,#82500,#82730,#83160
   ,#83540,#83850,#84090,#84300,#84590,#85060,#85530,#85800,#85990,
   #86480,#86800,#87020,#87350,#87760,#88120,#88520,#88670,#89050,#89200
   ,#89480,#89610,#89740,#90210,#90500,#90770,#90960,#91150,#91460,
   #91840,#92240,#92710,#93640,#94030,#94410,#94700,#95090,#95470,#95720
   ,#96050,#96460,#96740,#97140,#97290,#97580,#97730,#98130,#98260,
   #98390,#99020,#99490,#99870,#100180,#100490,#100960,#101360,#101610,
   #102090,#102490,#102950,#103140,#103540,#103850,#104800,#105010,
   #105400,#105650,#105890,#107090,#107330,#107620,#107810,#108000,
   #108190,#108510,#108750,#108960,#109650,#110050,#110620,#111010,
   #111570,#112130,#112510,#112750,#113300,#113630,#113940,#114350,
   #114590,#114830,#115020,#115400,#115650,#115900,#116150,#116440,
   #116630,#116820,#117070,#117450,#117830,#118170,#118510,#118830,
   #119020,#119520,#119970,#120160,#120470,#120780,#120970,#121180,
   #121420,#121690,#121880,#122120,#122290,#122440,#122660,#122810,
   #123020,#123160,#123450,#123640,#123870,#124010,#124150,#124330,
   #124470,#124610,#124750,#124930,#125070,#125250,#125430,#125610,
   #125750,#125890,#126030,#126210,#126350,#126490,#126670,#126810,
   #126950,#127090,#127230,#127370,#127510,#127650,#127790));
#127880=MANIFOLD_SOLID_BREP('',#127870);
#127890=CARTESIAN_POINT('',(0.0000000000000000E+00,
   0.0000000000000000E+00,0.0000000000000000E+00));
#127900=DIRECTION('',(0.0000000000000000E+00,0.0000000000000000E+00,
   1.0000000000000000E+00));
#127910=DIRECTION('',(1.0000000000000000E+00,0.0000000000000000E+00,
   0.0000000000000000E+00));
#127920=AXIS2_PLACEMENT_3D('',#127890,#127900,#127910);
#127930=APPLICATION_CONTEXT(' ');
#127940=APPLICATION_PROTOCOL_DEFINITION(' ','automotive_design',1998,
   #127930);
#127950=MECHANICAL_CONTEXT('',#127930,'mechanical');
#127960=PRODUCT_DEFINITION_CONTEXT('',#127930,'design');
#127970=PRODUCT('mkds_1-7-3.5','mkds_1-7-3.5','',(#127950));
#127980=PRODUCT_TYPE('part',' ',(#127970));
#127990=PRODUCT_DEFINITION_FORMATION_WITH_SPECIFIED_SOURCE('','',#127970
   ,.BOUGHT.);
#128000=PRODUCT_DEFINITION('',' ',#127990,#127960);
#128010=PRODUCT_DEFINITION_SHAPE('','',#128000);
#128020=DIMENSIONAL_EXPONENTS(1.0000000000000000E+00,
   0.0000000000000000E+00,0.0000000000000000E+00,0.0000000000000000E+00,
   0.0000000000000000E+00,0.0000000000000000E+00,0.0000000000000000E+00)
   ;
#128030=DIMENSIONAL_EXPONENTS(0.0000000000000000E+00,
   0.0000000000000000E+00,0.0000000000000000E+00,0.0000000000000000E+00,
   0.0000000000000000E+00,0.0000000000000000E+00,0.0000000000000000E+00)
   ;
#128040=DIMENSIONAL_EXPONENTS(0.0000000000000000E+00,
   0.0000000000000000E+00,0.0000000000000000E+00,0.0000000000000000E+00,
   0.0000000000000000E+00,0.0000000000000000E+00,0.0000000000000000E+00)
   ;
#128050=(LENGTH_UNIT() NAMED_UNIT(*) SI_UNIT(.MILLI.,.METRE.));
#128060=(NAMED_UNIT(*) PLANE_ANGLE_UNIT() SI_UNIT($,.RADIAN.));
#128070=(NAMED_UNIT(*) SI_UNIT($,.STERADIAN.) SOLID_ANGLE_UNIT());
#128080=(GEOMETRIC_REPRESENTATION_CONTEXT(3) 
   GLOBAL_UNCERTAINTY_ASSIGNED_CONTEXT((#128090)) 
   GLOBAL_UNIT_ASSIGNED_CONTEXT((#128050,#128060,#128070)) 
   REPRESENTATION_CONTEXT('',''));
#128090=UNCERTAINTY_MEASURE_WITH_UNIT(LENGTH_MEASURE(
   9.9999999999999995E-07),#128050,'distance_accuracy_value',
   'maximum gap value');
#128100=ADVANCED_BREP_SHAPE_REPRESENTATION('',(#127920,#127880),#128080)
   ;
#128110=SHAPE_DEFINITION_REPRESENTATION(#128010,#128100);
#128120=COLOUR_RGB('',6.0000002384185791E-01,6.0000002384185791E-01,
   6.0000002384185791E-01);
#128130=FILL_AREA_STYLE_COLOUR('',#128120);
#128140=FILL_AREA_STYLE('',(#128130));
#128150=SURFACE_STYLE_FILL_AREA(#128140);
#128160=SURFACE_SIDE_STYLE('',(#128150));
#128170=SURFACE_STYLE_USAGE(.BOTH.,#128160);
#128180=PRESENTATION_STYLE_ASSIGNMENT((#128170));
#128190=STYLED_ITEM('',(#128180),#127880);
#128200=OVER_RIDING_STYLED_ITEM('',(#470),#400,#128190);
#128210=OVER_RIDING_STYLED_ITEM('',(#940),#870,#128190);
#128220=OVER_RIDING_STYLED_ITEM('',(#1250),#1180,#128190);
#128230=OVER_RIDING_STYLED_ITEM('',(#1740),#1670,#128190);
#128240=OVER_RIDING_STYLED_ITEM('',(#2210),#2140,#128190);
#128250=OVER_RIDING_STYLED_ITEM('',(#2700),#2630,#128190);
#128260=OVER_RIDING_STYLED_ITEM('',(#3330),#3260,#128190);
#128270=OVER_RIDING_STYLED_ITEM('',(#4310),#4240,#128190);
#128280=OVER_RIDING_STYLED_ITEM('',(#4800),#4730,#128190);
#128290=OVER_RIDING_STYLED_ITEM('',(#5350),#5280,#128190);
#128300=OVER_RIDING_STYLED_ITEM('',(#5740),#5670,#128190);
#128310=OVER_RIDING_STYLED_ITEM('',(#6270),#6200,#128190);
#128320=OVER_RIDING_STYLED_ITEM('',(#6690),#6620,#128190);
#128330=OVER_RIDING_STYLED_ITEM('',(#7330),#7260,#128190);
#128340=OVER_RIDING_STYLED_ITEM('',(#7710),#7640,#128190);
#128350=OVER_RIDING_STYLED_ITEM('',(#8110),#8040,#128190);
#128360=OVER_RIDING_STYLED_ITEM('',(#8640),#8570,#128190);
#128370=OVER_RIDING_STYLED_ITEM('',(#8950),#8880,#128190);
#128380=OVER_RIDING_STYLED_ITEM('',(#9200),#9130,#128190);
#128390=OVER_RIDING_STYLED_ITEM('',(#9410),#9340,#128190);
#128400=OVER_RIDING_STYLED_ITEM('',(#10120),#10050,#128190);
#128410=OVER_RIDING_STYLED_ITEM('',(#10610),#10540,#128190);
#128420=OVER_RIDING_STYLED_ITEM('',(#11110),#11040,#128190);
#128430=OVER_RIDING_STYLED_ITEM('',(#11420),#11350,#128190);
#128440=OVER_RIDING_STYLED_ITEM('',(#11730),#11660,#128190);
#128450=OVER_RIDING_STYLED_ITEM('',(#12110),#12040,#128190);
#128460=OVER_RIDING_STYLED_ITEM('',(#12330),#12260,#128190);
#128470=OVER_RIDING_STYLED_ITEM('',(#12620),#12550,#128190);
#128480=OVER_RIDING_STYLED_ITEM('',(#12810),#12740,#128190);
#128490=OVER_RIDING_STYLED_ITEM('',(#13190),#13120,#128190);
#128500=OVER_RIDING_STYLED_ITEM('',(#13450),#13380,#128190);
#128510=OVER_RIDING_STYLED_ITEM('',(#13780),#13710,#128190);
#128520=OVER_RIDING_STYLED_ITEM('',(#14040),#13970,#128190);
#128530=OVER_RIDING_STYLED_ITEM('',(#14300),#14230,#128190);
#128540=OVER_RIDING_STYLED_ITEM('',(#14460),#14390,#128190);
#128550=OVER_RIDING_STYLED_ITEM('',(#15010),#14940,#128190);
#128560=OVER_RIDING_STYLED_ITEM('',(#15550),#15480,#128190);
#128570=OVER_RIDING_STYLED_ITEM('',(#15780),#15710,#128190);
#128580=OVER_RIDING_STYLED_ITEM('',(#16000),#15930,#128190);
#128590=OVER_RIDING_STYLED_ITEM('',(#16140),#16070,#128190);
#128600=OVER_RIDING_STYLED_ITEM('',(#16330),#16260,#128190);
#128610=OVER_RIDING_STYLED_ITEM('',(#16470),#16400,#128190);
#128620=OVER_RIDING_STYLED_ITEM('',(#16750),#16680,#128190);
#128630=OVER_RIDING_STYLED_ITEM('',(#17230),#17160,#128190);
#128640=OVER_RIDING_STYLED_ITEM('',(#17470),#17400,#128190);
#128650=OVER_RIDING_STYLED_ITEM('',(#17610),#17540,#128190);
#128660=OVER_RIDING_STYLED_ITEM('',(#17860),#17790,#128190);
#128670=OVER_RIDING_STYLED_ITEM('',(#18340),#18270,#128190);
#128680=OVER_RIDING_STYLED_ITEM('',(#18740),#18670,#128190);
#128690=OVER_RIDING_STYLED_ITEM('',(#19280),#19210,#128190);
#128700=OVER_RIDING_STYLED_ITEM('',(#19750),#19680,#128190);
#128710=OVER_RIDING_STYLED_ITEM('',(#20370),#20300,#128190);
#128720=OVER_RIDING_STYLED_ITEM('',(#20550),#20480,#128190);
#128730=OVER_RIDING_STYLED_ITEM('',(#21020),#20950,#128190);
#128740=OVER_RIDING_STYLED_ITEM('',(#21510),#21440,#128190);
#128750=OVER_RIDING_STYLED_ITEM('',(#21980),#21910,#128190);
#128760=OVER_RIDING_STYLED_ITEM('',(#22220),#22150,#128190);
#128770=OVER_RIDING_STYLED_ITEM('',(#22700),#22630,#128190);
#128780=OVER_RIDING_STYLED_ITEM('',(#23110),#23040,#128190);
#128790=OVER_RIDING_STYLED_ITEM('',(#23580),#23510,#128190);
#128800=OVER_RIDING_STYLED_ITEM('',(#23870),#23800,#128190);
#128810=OVER_RIDING_STYLED_ITEM('',(#24110),#24040,#128190);
#128820=OVER_RIDING_STYLED_ITEM('',(#24300),#24230,#128190);
#128830=OVER_RIDING_STYLED_ITEM('',(#24620),#24550,#128190);
#128840=OVER_RIDING_STYLED_ITEM('',(#25130),#25060,#128190);
#128850=OVER_RIDING_STYLED_ITEM('',(#25540),#25470,#128190);
#128860=OVER_RIDING_STYLED_ITEM('',(#25970),#25900,#128190);
#128870=OVER_RIDING_STYLED_ITEM('',(#26210),#26140,#128190);
#128880=OVER_RIDING_STYLED_ITEM('',(#26550),#26480,#128190);
#128890=OVER_RIDING_STYLED_ITEM('',(#27020),#26950,#128190);
#128900=OVER_RIDING_STYLED_ITEM('',(#27660),#27590,#128190);
#128910=OVER_RIDING_STYLED_ITEM('',(#28150),#28080,#128190);
#128920=OVER_RIDING_STYLED_ITEM('',(#28380),#28310,#128190);
#128930=OVER_RIDING_STYLED_ITEM('',(#29000),#28930,#128190);
#128940=OVER_RIDING_STYLED_ITEM('',(#29470),#29400,#128190);
#128950=OVER_RIDING_STYLED_ITEM('',(#29760),#29690,#128190);
#128960=OVER_RIDING_STYLED_ITEM('',(#30000),#29930,#128190);
#128970=OVER_RIDING_STYLED_ITEM('',(#30400),#30330,#128190);
#128980=OVER_RIDING_STYLED_ITEM('',(#30600),#30530,#128190);
#128990=OVER_RIDING_STYLED_ITEM('',(#31060),#30990,#128190);
#129000=OVER_RIDING_STYLED_ITEM('',(#31530),#31460,#128190);
#129010=OVER_RIDING_STYLED_ITEM('',(#31850),#31780,#128190);
#129020=OVER_RIDING_STYLED_ITEM('',(#32170),#32100,#128190);
#129030=OVER_RIDING_STYLED_ITEM('',(#32360),#32290,#128190);
#129040=OVER_RIDING_STYLED_ITEM('',(#32550),#32480,#128190);
#129050=OVER_RIDING_STYLED_ITEM('',(#32930),#32860,#128190);
#129060=OVER_RIDING_STYLED_ITEM('',(#33190),#33120,#128190);
#129070=OVER_RIDING_STYLED_ITEM('',(#33480),#33410,#128190);
#129080=OVER_RIDING_STYLED_ITEM('',(#33960),#33890,#128190);
#129090=OVER_RIDING_STYLED_ITEM('',(#34150),#34080,#128190);
#129100=OVER_RIDING_STYLED_ITEM('',(#34640),#34570,#128190);
#129110=OVER_RIDING_STYLED_ITEM('',(#35190),#35120,#128190);
#129120=OVER_RIDING_STYLED_ITEM('',(#35660),#35590,#128190);
#129130=OVER_RIDING_STYLED_ITEM('',(#35950),#35880,#128190);
#129140=OVER_RIDING_STYLED_ITEM('',(#36490),#36420,#128190);
#129150=OVER_RIDING_STYLED_ITEM('',(#36840),#36770,#128190);
#129160=OVER_RIDING_STYLED_ITEM('',(#37190),#37120,#128190);
#129170=OVER_RIDING_STYLED_ITEM('',(#37790),#37720,#128190);
#129180=OVER_RIDING_STYLED_ITEM('',(#38180),#38110,#128190);
#129190=OVER_RIDING_STYLED_ITEM('',(#38570),#38500,#128190);
#129200=OVER_RIDING_STYLED_ITEM('',(#38970),#38900,#128190);
#129210=OVER_RIDING_STYLED_ITEM('',(#39460),#39390,#128190);
#129220=OVER_RIDING_STYLED_ITEM('',(#41390),#41320,#128190);
#129230=OVER_RIDING_STYLED_ITEM('',(#41630),#41560,#128190);
#129240=OVER_RIDING_STYLED_ITEM('',(#42090),#42020,#128190);
#129250=OVER_RIDING_STYLED_ITEM('',(#42320),#42250,#128190);
#129260=OVER_RIDING_STYLED_ITEM('',(#42750),#42680,#128190);
#129270=OVER_RIDING_STYLED_ITEM('',(#43130),#43060,#128190);
#129280=OVER_RIDING_STYLED_ITEM('',(#43750),#43680,#128190);
#129290=OVER_RIDING_STYLED_ITEM('',(#43960),#43890,#128190);
#129300=OVER_RIDING_STYLED_ITEM('',(#44470),#44400,#128190);
#129310=OVER_RIDING_STYLED_ITEM('',(#44960),#44890,#128190);
#129320=OVER_RIDING_STYLED_ITEM('',(#45340),#45270,#128190);
#129330=OVER_RIDING_STYLED_ITEM('',(#45590),#45520,#128190);
#129340=OVER_RIDING_STYLED_ITEM('',(#45920),#45850,#128190);
#129350=OVER_RIDING_STYLED_ITEM('',(#46330),#46260,#128190);
#129360=OVER_RIDING_STYLED_ITEM('',(#46610),#46540,#128190);
#129370=OVER_RIDING_STYLED_ITEM('',(#47010),#46940,#128190);
#129380=OVER_RIDING_STYLED_ITEM('',(#47160),#47090,#128190);
#129390=OVER_RIDING_STYLED_ITEM('',(#47450),#47380,#128190);
#129400=OVER_RIDING_STYLED_ITEM('',(#47600),#47530,#128190);
#129410=OVER_RIDING_STYLED_ITEM('',(#47820),#47750,#128190);
#129420=OVER_RIDING_STYLED_ITEM('',(#47950),#47880,#128190);
#129430=OVER_RIDING_STYLED_ITEM('',(#48080),#48010,#128190);
#129440=OVER_RIDING_STYLED_ITEM('',(#48550),#48480,#128190);
#129450=OVER_RIDING_STYLED_ITEM('',(#48820),#48750,#128190);
#129460=OVER_RIDING_STYLED_ITEM('',(#49030),#48960,#128190);
#129470=OVER_RIDING_STYLED_ITEM('',(#49270),#49200,#128190);
#129480=OVER_RIDING_STYLED_ITEM('',(#49460),#49390,#128190);
#129490=OVER_RIDING_STYLED_ITEM('',(#50000),#49930,#128190);
#129500=OVER_RIDING_STYLED_ITEM('',(#50290),#50220,#128190);
#129510=OVER_RIDING_STYLED_ITEM('',(#50840),#50770,#128190);
#129520=OVER_RIDING_STYLED_ITEM('',(#51220),#51150,#128190);
#129530=OVER_RIDING_STYLED_ITEM('',(#51610),#51540,#128190);
#129540=OVER_RIDING_STYLED_ITEM('',(#51920),#51850,#128190);
#129550=OVER_RIDING_STYLED_ITEM('',(#52310),#52240,#128190);
#129560=OVER_RIDING_STYLED_ITEM('',(#52650),#52580,#128190);
#129570=OVER_RIDING_STYLED_ITEM('',(#52960),#52890,#128190);
#129580=OVER_RIDING_STYLED_ITEM('',(#53430),#53360,#128190);
#129590=OVER_RIDING_STYLED_ITEM('',(#53660),#53590,#128190);
#129600=OVER_RIDING_STYLED_ITEM('',(#54160),#54090,#128190);
#129610=OVER_RIDING_STYLED_ITEM('',(#54540),#54470,#128190);
#129620=OVER_RIDING_STYLED_ITEM('',(#54920),#54850,#128190);
#129630=OVER_RIDING_STYLED_ITEM('',(#55160),#55090,#128190);
#129640=OVER_RIDING_STYLED_ITEM('',(#55420),#55350,#128190);
#129650=OVER_RIDING_STYLED_ITEM('',(#55610),#55540,#128190);
#129660=OVER_RIDING_STYLED_ITEM('',(#56080),#56010,#128190);
#129670=OVER_RIDING_STYLED_ITEM('',(#56440),#56370,#128190);
#129680=OVER_RIDING_STYLED_ITEM('',(#56710),#56640,#128190);
#129690=OVER_RIDING_STYLED_ITEM('',(#56900),#56830,#128190);
#129700=OVER_RIDING_STYLED_ITEM('',(#57290),#57220,#128190);
#129710=OVER_RIDING_STYLED_ITEM('',(#57670),#57600,#128190);
#129720=OVER_RIDING_STYLED_ITEM('',(#57920),#57850,#128190);
#129730=OVER_RIDING_STYLED_ITEM('',(#58320),#58250,#128190);
#129740=OVER_RIDING_STYLED_ITEM('',(#58810),#58740,#128190);
#129750=OVER_RIDING_STYLED_ITEM('',(#59090),#59020,#128190);
#129760=OVER_RIDING_STYLED_ITEM('',(#59490),#59420,#128190);
#129770=OVER_RIDING_STYLED_ITEM('',(#59640),#59570,#128190);
#129780=OVER_RIDING_STYLED_ITEM('',(#60020),#59950,#128190);
#129790=OVER_RIDING_STYLED_ITEM('',(#60170),#60100,#128190);
#129800=OVER_RIDING_STYLED_ITEM('',(#60400),#60330,#128190);
#129810=OVER_RIDING_STYLED_ITEM('',(#60530),#60460,#128190);
#129820=OVER_RIDING_STYLED_ITEM('',(#60660),#60590,#128190);
#129830=OVER_RIDING_STYLED_ITEM('',(#60880),#60810,#128190);
#129840=OVER_RIDING_STYLED_ITEM('',(#61170),#61100,#128190);
#129850=OVER_RIDING_STYLED_ITEM('',(#61510),#61440,#128190);
#129860=OVER_RIDING_STYLED_ITEM('',(#61750),#61680,#128190);
#129870=OVER_RIDING_STYLED_ITEM('',(#61940),#61870,#128190);
#129880=OVER_RIDING_STYLED_ITEM('',(#62130),#62060,#128190);
#129890=OVER_RIDING_STYLED_ITEM('',(#62440),#62370,#128190);
#129900=OVER_RIDING_STYLED_ITEM('',(#62870),#62800,#128190);
#129910=OVER_RIDING_STYLED_ITEM('',(#63360),#63290,#128190);
#129920=OVER_RIDING_STYLED_ITEM('',(#63830),#63760,#128190);
#129930=OVER_RIDING_STYLED_ITEM('',(#64280),#64210,#128190);
#129940=OVER_RIDING_STYLED_ITEM('',(#64500),#64430,#128190);
#129950=OVER_RIDING_STYLED_ITEM('',(#65030),#64960,#128190);
#129960=OVER_RIDING_STYLED_ITEM('',(#65430),#65360,#128190);
#129970=OVER_RIDING_STYLED_ITEM('',(#65740),#65670,#128190);
#129980=OVER_RIDING_STYLED_ITEM('',(#66340),#66270,#128190);
#129990=OVER_RIDING_STYLED_ITEM('',(#66730),#66660,#128190);
#130000=OVER_RIDING_STYLED_ITEM('',(#67120),#67050,#128190);
#130010=OVER_RIDING_STYLED_ITEM('',(#67520),#67450,#128190);
#130020=OVER_RIDING_STYLED_ITEM('',(#68010),#67940,#128190);
#130030=OVER_RIDING_STYLED_ITEM('',(#68210),#68140,#128190);
#130040=OVER_RIDING_STYLED_ITEM('',(#68710),#68640,#128190);
#130050=OVER_RIDING_STYLED_ITEM('',(#69090),#69020,#128190);
#130060=OVER_RIDING_STYLED_ITEM('',(#69270),#69200,#128190);
#130070=OVER_RIDING_STYLED_ITEM('',(#69660),#69590,#128190);
#130080=OVER_RIDING_STYLED_ITEM('',(#69970),#69900,#128190);
#130090=OVER_RIDING_STYLED_ITEM('',(#70160),#70090,#128190);
#130100=OVER_RIDING_STYLED_ITEM('',(#70370),#70300,#128190);
#130110=OVER_RIDING_STYLED_ITEM('',(#70850),#70780,#128190);
#130120=OVER_RIDING_STYLED_ITEM('',(#71240),#71170,#128190);
#130130=OVER_RIDING_STYLED_ITEM('',(#71430),#71360,#128190);
#130140=OVER_RIDING_STYLED_ITEM('',(#71820),#71750,#128190);
#130150=OVER_RIDING_STYLED_ITEM('',(#72200),#72130,#128190);
#130160=OVER_RIDING_STYLED_ITEM('',(#72450),#72380,#128190);
#130170=OVER_RIDING_STYLED_ITEM('',(#72880),#72810,#128190);
#130180=OVER_RIDING_STYLED_ITEM('',(#73370),#73300,#128190);
#130190=OVER_RIDING_STYLED_ITEM('',(#73650),#73580,#128190);
#130200=OVER_RIDING_STYLED_ITEM('',(#74050),#73980,#128190);
#130210=OVER_RIDING_STYLED_ITEM('',(#74200),#74130,#128190);
#130220=OVER_RIDING_STYLED_ITEM('',(#74580),#74510,#128190);
#130230=OVER_RIDING_STYLED_ITEM('',(#74730),#74660,#128190);
#130240=OVER_RIDING_STYLED_ITEM('',(#74960),#74890,#128190);
#130250=OVER_RIDING_STYLED_ITEM('',(#75090),#75020,#128190);
#130260=OVER_RIDING_STYLED_ITEM('',(#75220),#75150,#128190);
#130270=OVER_RIDING_STYLED_ITEM('',(#75570),#75500,#128190);
#130280=OVER_RIDING_STYLED_ITEM('',(#75810),#75740,#128190);
#130290=OVER_RIDING_STYLED_ITEM('',(#76300),#76230,#128190);
#130300=OVER_RIDING_STYLED_ITEM('',(#76590),#76520,#128190);
#130310=OVER_RIDING_STYLED_ITEM('',(#76780),#76710,#128190);
#130320=OVER_RIDING_STYLED_ITEM('',(#77020),#76950,#128190);
#130330=OVER_RIDING_STYLED_ITEM('',(#77400),#77330,#128190);
#130340=OVER_RIDING_STYLED_ITEM('',(#77800),#77730,#128190);
#130350=OVER_RIDING_STYLED_ITEM('',(#78290),#78220,#128190);
#130360=OVER_RIDING_STYLED_ITEM('',(#78510),#78440,#128190);
#130370=OVER_RIDING_STYLED_ITEM('',(#79140),#79070,#128190);
#130380=OVER_RIDING_STYLED_ITEM('',(#79330),#79260,#128190);
#130390=OVER_RIDING_STYLED_ITEM('',(#79610),#79540,#128190);
#130400=OVER_RIDING_STYLED_ITEM('',(#79990),#79920,#128190);
#130410=OVER_RIDING_STYLED_ITEM('',(#80340),#80270,#128190);
#130420=OVER_RIDING_STYLED_ITEM('',(#80740),#80670,#128190);
#130430=OVER_RIDING_STYLED_ITEM('',(#81230),#81160,#128190);
#130440=OVER_RIDING_STYLED_ITEM('',(#81610),#81540,#128190);
#130450=OVER_RIDING_STYLED_ITEM('',(#82080),#82010,#128190);
#130460=OVER_RIDING_STYLED_ITEM('',(#82570),#82500,#128190);
#130470=OVER_RIDING_STYLED_ITEM('',(#82800),#82730,#128190);
#130480=OVER_RIDING_STYLED_ITEM('',(#83230),#83160,#128190);
#130490=OVER_RIDING_STYLED_ITEM('',(#83610),#83540,#128190);
#130500=OVER_RIDING_STYLED_ITEM('',(#83920),#83850,#128190);
#130510=OVER_RIDING_STYLED_ITEM('',(#84160),#84090,#128190);
#130520=OVER_RIDING_STYLED_ITEM('',(#84370),#84300,#128190);
#130530=OVER_RIDING_STYLED_ITEM('',(#84660),#84590,#128190);
#130540=OVER_RIDING_STYLED_ITEM('',(#85130),#85060,#128190);
#130550=OVER_RIDING_STYLED_ITEM('',(#85600),#85530,#128190);
#130560=OVER_RIDING_STYLED_ITEM('',(#85870),#85800,#128190);
#130570=OVER_RIDING_STYLED_ITEM('',(#86060),#85990,#128190);
#130580=OVER_RIDING_STYLED_ITEM('',(#86550),#86480,#128190);
#130590=OVER_RIDING_STYLED_ITEM('',(#86870),#86800,#128190);
#130600=OVER_RIDING_STYLED_ITEM('',(#87090),#87020,#128190);
#130610=OVER_RIDING_STYLED_ITEM('',(#87420),#87350,#128190);
#130620=OVER_RIDING_STYLED_ITEM('',(#87830),#87760,#128190);
#130630=OVER_RIDING_STYLED_ITEM('',(#88190),#88120,#128190);
#130640=OVER_RIDING_STYLED_ITEM('',(#88590),#88520,#128190);
#130650=OVER_RIDING_STYLED_ITEM('',(#88740),#88670,#128190);
#130660=OVER_RIDING_STYLED_ITEM('',(#89120),#89050,#128190);
#130670=OVER_RIDING_STYLED_ITEM('',(#89270),#89200,#128190);
#130680=OVER_RIDING_STYLED_ITEM('',(#89550),#89480,#128190);
#130690=OVER_RIDING_STYLED_ITEM('',(#89680),#89610,#128190);
#130700=OVER_RIDING_STYLED_ITEM('',(#89810),#89740,#128190);
#130710=OVER_RIDING_STYLED_ITEM('',(#90280),#90210,#128190);
#130720=OVER_RIDING_STYLED_ITEM('',(#90570),#90500,#128190);
#130730=OVER_RIDING_STYLED_ITEM('',(#90840),#90770,#128190);
#130740=OVER_RIDING_STYLED_ITEM('',(#91030),#90960,#128190);
#130750=OVER_RIDING_STYLED_ITEM('',(#91220),#91150,#128190);
#130760=OVER_RIDING_STYLED_ITEM('',(#91530),#91460,#128190);
#130770=OVER_RIDING_STYLED_ITEM('',(#91910),#91840,#128190);
#130780=OVER_RIDING_STYLED_ITEM('',(#92310),#92240,#128190);
#130790=OVER_RIDING_STYLED_ITEM('',(#92780),#92710,#128190);
#130800=OVER_RIDING_STYLED_ITEM('',(#93710),#93640,#128190);
#130810=OVER_RIDING_STYLED_ITEM('',(#94100),#94030,#128190);
#130820=OVER_RIDING_STYLED_ITEM('',(#94480),#94410,#128190);
#130830=OVER_RIDING_STYLED_ITEM('',(#94770),#94700,#128190);
#130840=OVER_RIDING_STYLED_ITEM('',(#95160),#95090,#128190);
#130850=OVER_RIDING_STYLED_ITEM('',(#95540),#95470,#128190);
#130860=OVER_RIDING_STYLED_ITEM('',(#95790),#95720,#128190);
#130870=OVER_RIDING_STYLED_ITEM('',(#96120),#96050,#128190);
#130880=OVER_RIDING_STYLED_ITEM('',(#96530),#96460,#128190);
#130890=OVER_RIDING_STYLED_ITEM('',(#96810),#96740,#128190);
#130900=OVER_RIDING_STYLED_ITEM('',(#97210),#97140,#128190);
#130910=OVER_RIDING_STYLED_ITEM('',(#97360),#97290,#128190);
#130920=OVER_RIDING_STYLED_ITEM('',(#97650),#97580,#128190);
#130930=OVER_RIDING_STYLED_ITEM('',(#97800),#97730,#128190);
#130940=OVER_RIDING_STYLED_ITEM('',(#98200),#98130,#128190);
#130950=OVER_RIDING_STYLED_ITEM('',(#98330),#98260,#128190);
#130960=OVER_RIDING_STYLED_ITEM('',(#98460),#98390,#128190);
#130970=OVER_RIDING_STYLED_ITEM('',(#99090),#99020,#128190);
#130980=OVER_RIDING_STYLED_ITEM('',(#99560),#99490,#128190);
#130990=OVER_RIDING_STYLED_ITEM('',(#99940),#99870,#128190);
#131000=OVER_RIDING_STYLED_ITEM('',(#100250),#100180,#128190);
#131010=OVER_RIDING_STYLED_ITEM('',(#100560),#100490,#128190);
#131020=OVER_RIDING_STYLED_ITEM('',(#101030),#100960,#128190);
#131030=OVER_RIDING_STYLED_ITEM('',(#101430),#101360,#128190);
#131040=OVER_RIDING_STYLED_ITEM('',(#101680),#101610,#128190);
#131050=OVER_RIDING_STYLED_ITEM('',(#102160),#102090,#128190);
#131060=OVER_RIDING_STYLED_ITEM('',(#102560),#102490,#128190);
#131070=OVER_RIDING_STYLED_ITEM('',(#103020),#102950,#128190);
#131080=OVER_RIDING_STYLED_ITEM('',(#103210),#103140,#128190);
#131090=OVER_RIDING_STYLED_ITEM('',(#103610),#103540,#128190);
#131100=OVER_RIDING_STYLED_ITEM('',(#103920),#103850,#128190);
#131110=OVER_RIDING_STYLED_ITEM('',(#104870),#104800,#128190);
#131120=OVER_RIDING_STYLED_ITEM('',(#105080),#105010,#128190);
#131130=OVER_RIDING_STYLED_ITEM('',(#105470),#105400,#128190);
#131140=OVER_RIDING_STYLED_ITEM('',(#105720),#105650,#128190);
#131150=OVER_RIDING_STYLED_ITEM('',(#105960),#105890,#128190);
#131160=OVER_RIDING_STYLED_ITEM('',(#107160),#107090,#128190);
#131170=OVER_RIDING_STYLED_ITEM('',(#107400),#107330,#128190);
#131180=OVER_RIDING_STYLED_ITEM('',(#107690),#107620,#128190);
#131190=OVER_RIDING_STYLED_ITEM('',(#107880),#107810,#128190);
#131200=OVER_RIDING_STYLED_ITEM('',(#108070),#108000,#128190);
#131210=OVER_RIDING_STYLED_ITEM('',(#108260),#108190,#128190);
#131220=OVER_RIDING_STYLED_ITEM('',(#108580),#108510,#128190);
#131230=OVER_RIDING_STYLED_ITEM('',(#108820),#108750,#128190);
#131240=OVER_RIDING_STYLED_ITEM('',(#109030),#108960,#128190);
#131250=OVER_RIDING_STYLED_ITEM('',(#109720),#109650,#128190);
#131260=OVER_RIDING_STYLED_ITEM('',(#110120),#110050,#128190);
#131270=OVER_RIDING_STYLED_ITEM('',(#110690),#110620,#128190);
#131280=OVER_RIDING_STYLED_ITEM('',(#111080),#111010,#128190);
#131290=OVER_RIDING_STYLED_ITEM('',(#111640),#111570,#128190);
#131300=OVER_RIDING_STYLED_ITEM('',(#112200),#112130,#128190);
#131310=OVER_RIDING_STYLED_ITEM('',(#112580),#112510,#128190);
#131320=OVER_RIDING_STYLED_ITEM('',(#112820),#112750,#128190);
#131330=OVER_RIDING_STYLED_ITEM('',(#113370),#113300,#128190);
#131340=OVER_RIDING_STYLED_ITEM('',(#113700),#113630,#128190);
#131350=OVER_RIDING_STYLED_ITEM('',(#114010),#113940,#128190);
#131360=OVER_RIDING_STYLED_ITEM('',(#114420),#114350,#128190);
#131370=OVER_RIDING_STYLED_ITEM('',(#114660),#114590,#128190);
#131380=OVER_RIDING_STYLED_ITEM('',(#114900),#114830,#128190);
#131390=OVER_RIDING_STYLED_ITEM('',(#115090),#115020,#128190);
#131400=OVER_RIDING_STYLED_ITEM('',(#115470),#115400,#128190);
#131410=OVER_RIDING_STYLED_ITEM('',(#115720),#115650,#128190);
#131420=OVER_RIDING_STYLED_ITEM('',(#115970),#115900,#128190);
#131430=OVER_RIDING_STYLED_ITEM('',(#116220),#116150,#128190);
#131440=OVER_RIDING_STYLED_ITEM('',(#116510),#116440,#128190);
#131450=OVER_RIDING_STYLED_ITEM('',(#116700),#116630,#128190);
#131460=OVER_RIDING_STYLED_ITEM('',(#116890),#116820,#128190);
#131470=OVER_RIDING_STYLED_ITEM('',(#117140),#117070,#128190);
#131480=OVER_RIDING_STYLED_ITEM('',(#117520),#117450,#128190);
#131490=OVER_RIDING_STYLED_ITEM('',(#117900),#117830,#128190);
#131500=OVER_RIDING_STYLED_ITEM('',(#118240),#118170,#128190);
#131510=OVER_RIDING_STYLED_ITEM('',(#118580),#118510,#128190);
#131520=OVER_RIDING_STYLED_ITEM('',(#118900),#118830,#128190);
#131530=OVER_RIDING_STYLED_ITEM('',(#119090),#119020,#128190);
#131540=OVER_RIDING_STYLED_ITEM('',(#119590),#119520,#128190);
#131550=OVER_RIDING_STYLED_ITEM('',(#120040),#119970,#128190);
#131560=OVER_RIDING_STYLED_ITEM('',(#120230),#120160,#128190);
#131570=OVER_RIDING_STYLED_ITEM('',(#120540),#120470,#128190);
#131580=OVER_RIDING_STYLED_ITEM('',(#120850),#120780,#128190);
#131590=OVER_RIDING_STYLED_ITEM('',(#121040),#120970,#128190);
#131600=OVER_RIDING_STYLED_ITEM('',(#121250),#121180,#128190);
#131610=OVER_RIDING_STYLED_ITEM('',(#121490),#121420,#128190);
#131620=OVER_RIDING_STYLED_ITEM('',(#121760),#121690,#128190);
#131630=OVER_RIDING_STYLED_ITEM('',(#121950),#121880,#128190);
#131640=OVER_RIDING_STYLED_ITEM('',(#122190),#122120,#128190);
#131650=OVER_RIDING_STYLED_ITEM('',(#122360),#122290,#128190);
#131660=OVER_RIDING_STYLED_ITEM('',(#122510),#122440,#128190);
#131670=OVER_RIDING_STYLED_ITEM('',(#122730),#122660,#128190);
#131680=OVER_RIDING_STYLED_ITEM('',(#122880),#122810,#128190);
#131690=OVER_RIDING_STYLED_ITEM('',(#123090),#123020,#128190);
#131700=OVER_RIDING_STYLED_ITEM('',(#123230),#123160,#128190);
#131710=OVER_RIDING_STYLED_ITEM('',(#123520),#123450,#128190);
#131720=OVER_RIDING_STYLED_ITEM('',(#123710),#123640,#128190);
#131730=OVER_RIDING_STYLED_ITEM('',(#123940),#123870,#128190);
#131740=OVER_RIDING_STYLED_ITEM('',(#124080),#124010,#128190);
#131750=OVER_RIDING_STYLED_ITEM('',(#124220),#124150,#128190);
#131760=OVER_RIDING_STYLED_ITEM('',(#124400),#124330,#128190);
#131770=OVER_RIDING_STYLED_ITEM('',(#124540),#124470,#128190);
#131780=OVER_RIDING_STYLED_ITEM('',(#124680),#124610,#128190);
#131790=OVER_RIDING_STYLED_ITEM('',(#124820),#124750,#128190);
#131800=OVER_RIDING_STYLED_ITEM('',(#125000),#124930,#128190);
#131810=OVER_RIDING_STYLED_ITEM('',(#125140),#125070,#128190);
#131820=OVER_RIDING_STYLED_ITEM('',(#125320),#125250,#128190);
#131830=OVER_RIDING_STYLED_ITEM('',(#125500),#125430,#128190);
#131840=OVER_RIDING_STYLED_ITEM('',(#125680),#125610,#128190);
#131850=OVER_RIDING_STYLED_ITEM('',(#125820),#125750,#128190);
#131860=OVER_RIDING_STYLED_ITEM('',(#125960),#125890,#128190);
#131870=OVER_RIDING_STYLED_ITEM('',(#126100),#126030,#128190);
#131880=OVER_RIDING_STYLED_ITEM('',(#126280),#126210,#128190);
#131890=OVER_RIDING_STYLED_ITEM('',(#126420),#126350,#128190);
#131900=OVER_RIDING_STYLED_ITEM('',(#126560),#126490,#128190);
#131910=OVER_RIDING_STYLED_ITEM('',(#126740),#126670,#128190);
#131920=OVER_RIDING_STYLED_ITEM('',(#126880),#126810,#128190);
#131930=OVER_RIDING_STYLED_ITEM('',(#127020),#126950,#128190);
#131940=OVER_RIDING_STYLED_ITEM('',(#127160),#127090,#128190);
#131950=OVER_RIDING_STYLED_ITEM('',(#127300),#127230,#128190);
#131960=OVER_RIDING_STYLED_ITEM('',(#127440),#127370,#128190);
#131970=OVER_RIDING_STYLED_ITEM('',(#127580),#127510,#128190);
#131980=OVER_RIDING_STYLED_ITEM('',(#127720),#127650,#128190);
#131990=OVER_RIDING_STYLED_ITEM('',(#127860),#127790,#128190);
#132000=MECHANICAL_DESIGN_GEOMETRIC_PRESENTATION_REPRESENTATION('',(
   #128190,#128200,#128210,#128220,#128230,#128240,#128250,#128260,
   #128270,#128280,#128290,#128300,#128310,#128320,#128330,#128340,
   #128350,#128360,#128370,#128380,#128390,#128400,#128410,#128420,
   #128430,#128440,#128450,#128460,#128470,#128480,#128490,#128500,
   #128510,#128520,#128530,#128540,#128550,#128560,#128570,#128580,
   #128590,#128600,#128610,#128620,#128630,#128640,#128650,#128660,
   #128670,#128680,#128690,#128700,#128710,#128720,#128730,#128740,
   #128750,#128760,#128770,#128780,#128790,#128800,#128810,#128820,
   #128830,#128840,#128850,#128860,#128870,#128880,#128890,#128900,
   #128910,#128920,#128930,#128940,#128950,#128960,#128970,#128980,
   #128990,#129000,#129010,#129020,#129030,#129040,#129050,#129060,
   #129070,#129080,#129090,#129100,#129110,#129120,#129130,#129140,
   #129150,#129160,#129170,#129180,#129190,#129200,#129210,#129220,
   #129230,#129240,#129250,#129260,#129270,#129280,#129290,#129300,
   #129310,#129320,#129330,#129340,#129350,#129360,#129370,#129380,
   #129390,#129400,#129410,#129420,#129430,#129440,#129450,#129460,
   #129470,#129480,#129490,#129500,#129510,#129520,#129530,#129540,
   #129550,#129560,#129570,#129580,#129590,#129600,#129610,#129620,
   #129630,#129640,#129650,#129660,#129670,#129680,#129690,#129700,
   #129710,#129720,#129730,#129740,#129750,#129760,#129770,#129780,
   #129790,#129800,#129810,#129820,#129830,#129840,#129850,#129860,
   #129870,#129880,#129890,#129900,#129910,#129920,#129930,#129940,
   #129950,#129960,#129970,#129980,#129990,#130000,#130010,#130020,
   #130030,#130040,#130050,#130060,#130070,#130080,#130090,#130100,
   #130110,#130120,#130130,#130140,#130150,#130160,#130170,#130180,
   #130190,#130200,#130210,#130220,#130230,#130240,#130250,#130260,
   #130270,#130280,#130290,#130300,#130310,#130320,#130330,#130340,
   #130350,#130360,#130370,#130380,#130390,#130400,#130410,#130420,
   #130430,#130440,#130450,#130460,#130470,#130480,#130490,#130500,
   #130510,#130520,#130530,#130540,#130550,#130560,#130570,#130580,
   #130590,#130600,#130610,#130620,#130630,#130640,#130650,#130660,
   #130670,#130680,#130690,#130700,#130710,#130720,#130730,#130740,
   #130750,#130760,#130770,#130780,#130790,#130800,#130810,#130820,
   #130830,#130840,#130850,#130860,#130870,#130880,#130890,#130900,
   #130910,#130920,#130930,#130940,#130950,#130960,#130970,#130980,
   #130990,#131000,#131010,#131020,#131030,#131040,#131050,#131060,
   #131070,#131080,#131090,#131100,#131110,#131120,#131130,#131140,
   #131150,#131160,#131170,#131180,#131190,#131200,#131210,#131220,
   #131230,#131240,#131250,#131260,#131270,#131280,#131290,#131300,
   #131310,#131320,#131330,#131340,#131350,#131360,#131370,#131380,
   #131390,#131400,#131410,#131420,#131430,#131440,#131450,#131460,
   #131470,#131480,#131490,#131500,#131510,#131520,#131530,#131540,
   #131550,#131560,#131570,#131580,#131590,#131600,#131610,#131620,
   #131630,#131640,#131650,#131660,#131670,#131680,#131690,#131700,
   #131710,#131720,#131730,#131740,#131750,#131760,#131770,#131780,
   #131790,#131800,#131810,#131820,#131830,#131840,#131850,#131860,
   #131870,#131880,#131890,#131900,#131910,#131920,#131930,#131940,
   #131950,#131960,#131970,#131980,#131990),#128080);
#132010=CARTESIAN_POINT('',(-3.4955488301517804E+01,
   -2.0821376124790600E+01,-1.9999999999999953E+00));
#132020=DIRECTION('',(-1.2246063538223773E-16,0.0000000000000000E+00,
   -1.0000000000000000E+00));
#132030=DIRECTION('',(-1.0000000000000000E+00,0.0000000000000000E+00,
   1.2246063538223773E-16));
#132040=AXIS2_PLACEMENT_3D('',#132010,#132020,#132030);
#132050=ITEM_DEFINED_TRANSFORMATION('mkds_1-7-3.5','',#132040,#127920);
#132060=APPLICATION_CONTEXT(' ');
#132070=APPLICATION_PROTOCOL_DEFINITION(' ','automotive_design',1998,
   #132060);
#132080=MECHANICAL_CONTEXT('',#132060,'mechanical');
#132090=PRODUCT_DEFINITION_CONTEXT('',#132060,'design');
#132100=PRODUCT('mkds_1-7-3.5','mkds_1-7-3.5','',(#132080));
#132110=PRODUCT_TYPE('part',' ',(#132100));
#132120=PRODUCT_DEFINITION_FORMATION_WITH_SPECIFIED_SOURCE('','',#132100
   ,.BOUGHT.);
#132130=PRODUCT_DEFINITION('',' ',#132120,#132090);
#132140=PRODUCT_DEFINITION_SHAPE('','',#132130);
#132150=DIMENSIONAL_EXPONENTS(1.0000000000000000E+00,
   0.0000000000000000E+00,0.0000000000000000E+00,0.0000000000000000E+00,
   0.0000000000000000E+00,0.0000000000000000E+00,0.0000000000000000E+00)
   ;
#132160=DIMENSIONAL_EXPONENTS(0.0000000000000000E+00,
   0.0000000000000000E+00,0.0000000000000000E+00,0.0000000000000000E+00,
   0.0000000000000000E+00,0.0000000000000000E+00,0.0000000000000000E+00)
   ;
#132170=DIMENSIONAL_EXPONENTS(0.0000000000000000E+00,
   0.0000000000000000E+00,0.0000000000000000E+00,0.0000000000000000E+00,
   0.0000000000000000E+00,0.0000000000000000E+00,0.0000000000000000E+00)
   ;
#132180=(LENGTH_UNIT() NAMED_UNIT(*) SI_UNIT(.MILLI.,.METRE.));
#132190=(NAMED_UNIT(*) PLANE_ANGLE_UNIT() SI_UNIT($,.RADIAN.));
#132200=(NAMED_UNIT(*) SI_UNIT($,.STERADIAN.) SOLID_ANGLE_UNIT());
#132210=(GEOMETRIC_REPRESENTATION_CONTEXT(3) 
   GLOBAL_UNCERTAINTY_ASSIGNED_CONTEXT((#132220)) 
   GLOBAL_UNIT_ASSIGNED_CONTEXT((#132180,#132190,#132200)) 
   REPRESENTATION_CONTEXT('',''));
#132220=UNCERTAINTY_MEASURE_WITH_UNIT(LENGTH_MEASURE(
   9.9999999999999995E-07),#132180,'distance_accuracy_value',
   'maximum gap value');
#132230=SHAPE_REPRESENTATION('',(#127920,#132040),#132210);
#132240=SHAPE_DEFINITION_REPRESENTATION(#132140,#132230);
#132250=(REPRESENTATION_RELATIONSHIP('','',#132230,#128100) 
   REPRESENTATION_RELATIONSHIP_WITH_TRANSFORMATION(#132050) 
   SHAPE_REPRESENTATION_RELATIONSHIP());
#132260=NEXT_ASSEMBLY_USAGE_OCCURRENCE('1','','mkds_1-7-3.5',#132130,
   #128000,'');
#132270=PRODUCT_DEFINITION_SHAPE('','',#132260);
#132280=CONTEXT_DEPENDENT_SHAPE_REPRESENTATION(#132250,#132270);
ENDSEC;
END-ISO-10303-21;
                
                  
               
                   
                    
     
                
